,,,,value,value,value,value,value,value,value,value
,,,,count,mean,std,min,25%,50%,75%,max
date,id_station,id_parameter,unit,,,,,,,,
2016-01-31,ACO,CO,15,0.0,,,,,,,
2016-01-31,ACO,NO,1,0.0,,,,,,,
2016-01-31,ACO,NO2,1,0.0,,,,,,,
2016-01-31,ACO,NOX,1,0.0,,,,,,,
2016-01-31,ACO,O3,1,0.0,,,,,,,
2016-01-31,ACO,PM10,2,656.0,50.582317073170735,30.42476780514556,1.0,30.75,45.0,63.0,220.0
2016-01-31,ACO,SO2,1,0.0,,,,,,,
2016-01-31,AJM,CO,15,692.0,0.6287572254335263,0.32279023044543564,0.2,0.4,0.5,0.8,2.1
2016-01-31,AJM,NO,1,691.0,6.70767004341534,11.414772360485115,0.0,1.0,2.0,7.0,88.0
2016-01-31,AJM,NO2,1,691.0,20.114327062228654,15.40233222327267,2.0,10.0,16.0,26.0,106.0
2016-01-31,AJM,NOX,1,691.0,26.842257597684515,23.874059844244982,2.0,11.0,20.0,34.0,145.0
2016-01-31,AJM,O3,1,692.0,38.80346820809248,21.238473392975088,2.0,26.0,36.0,48.0,118.0
2016-01-31,AJM,PM10,2,626.0,36.953674121405754,28.10715657051121,2.0,15.0,30.0,51.0,140.0
2016-01-31,AJM,PM2.5,2,626.0,20.763578274760384,19.450080085579692,1.0,6.0,15.0,29.0,112.0
2016-01-31,AJM,PMCO,2,626.0,16.202875399361023,11.114475953406433,1.0,8.0,15.0,23.0,79.0
2016-01-31,AJM,SO2,1,692.0,3.546242774566474,5.586514700561152,0.0,1.0,1.0,4.0,38.0
2016-01-31,AJU,O3,1,695.0,32.21582733812949,20.9554772265265,2.0,17.0,29.0,43.0,117.0
2016-01-31,AJU,PM2.5,2,685.0,14.594160583941607,12.90140165570304,1.0,5.0,12.0,21.0,103.0
2016-01-31,ATI,CO,15,0.0,,,,,,,
2016-01-31,ATI,NO,1,0.0,,,,,,,
2016-01-31,ATI,NO2,1,0.0,,,,,,,
2016-01-31,ATI,NOX,1,0.0,,,,,,,
2016-01-31,ATI,O3,1,0.0,,,,,,,
2016-01-31,ATI,PM10,2,706.0,48.96883852691218,37.68656314616176,1.0,23.0,39.0,68.75,215.0
2016-01-31,ATI,SO2,1,0.0,,,,,,,
2016-01-31,BJU,CO,15,535.0,1.0330841121495329,0.7141224037366699,0.1,0.5,0.8,1.3,5.1
2016-01-31,BJU,O3,1,531.0,22.048964218455744,24.90800912831963,1.0,2.0,12.0,34.0,123.0
2016-01-31,BJU,PM10,2,682.0,50.989736070381234,31.692467921961676,4.0,27.0,44.0,66.75,194.0
2016-01-31,BJU,PM2.5,2,682.0,28.954545454545453,24.554760370273268,1.0,12.0,23.0,39.0,170.0
2016-01-31,BJU,PMCO,2,682.0,22.067448680351905,12.175834698413471,2.0,13.0,20.0,28.0,88.0
2016-01-31,BJU,SO2,1,134.0,7.246268656716418,11.729685089045782,0.0,1.0,2.0,7.0,59.0
2016-01-31,CAM,CO,15,695.0,1.1697841726618707,0.8271557004428309,0.2,0.6,0.9,1.5,6.3
2016-01-31,CAM,NO,1,693.0,45.09090909090909,59.9937770463568,1.0,6.0,19.0,60.0,459.0
2016-01-31,CAM,NO2,1,693.0,39.63203463203463,20.451873892379187,6.0,26.0,36.0,50.0,126.0
2016-01-31,CAM,NOX,1,693.0,84.69408369408369,71.57474311675858,9.0,34.0,63.0,113.0,533.0
2016-01-31,CAM,O3,1,692.0,19.082369942196532,23.396856348549015,0.0,1.0,8.5,30.0,120.0
2016-01-31,CAM,PM10,2,520.0,68.35192307692307,39.79350839471381,10.0,41.0,59.0,85.0,242.0
2016-01-31,CAM,PM2.5,2,520.0,35.10192307692308,27.188615366421367,1.0,19.0,29.0,44.0,186.0
2016-01-31,CAM,PMCO,2,520.0,33.23269230769231,18.492035687676847,7.0,20.0,29.0,42.0,198.0
2016-01-31,CAM,SO2,1,695.0,7.175539568345323,12.04115087397504,0.0,1.0,3.0,7.0,101.0
2016-01-31,CCA,CO,15,631.0,0.8315372424722661,0.51003020277017,0.2,0.5,0.7,1.0,3.4
2016-01-31,CCA,NO,1,631.0,22.49920760697306,32.19547808147796,0.0,3.0,8.0,29.0,190.0
2016-01-31,CCA,NO2,1,631.0,31.10459587955626,16.84142175651664,3.0,20.0,28.0,39.0,101.0
2016-01-31,CCA,NOX,1,631.0,53.61965134706814,41.61563954190087,5.0,24.0,43.0,67.0,234.0
2016-01-31,CCA,O3,1,631.0,24.49920760697306,25.59996743561306,1.0,3.0,16.0,37.5,117.0
2016-01-31,CCA,PM2.5,2,636.0,19.416666666666668,17.442033731260118,1.0,8.0,15.0,26.25,121.0
2016-01-31,CCA,SO2,1,583.0,3.840480274442539,4.970041635468182,1.0,2.0,2.0,4.0,38.0
2016-01-31,CHO,CO,15,690.0,0.768115942028986,0.533817957811652,0.1,0.4,0.6,0.9,3.6
2016-01-31,CHO,NO,1,0.0,,,,,,,
2016-01-31,CHO,NO2,1,0.0,,,,,,,
2016-01-31,CHO,NOX,1,0.0,,,,,,,
2016-01-31,CHO,O3,1,687.0,26.95633187772926,21.79491909777638,2.0,7.0,23.0,40.0,103.0
2016-01-31,CHO,PM10,2,693.0,57.297258297258296,45.0140113830783,1.0,24.0,47.0,78.0,220.0
2016-01-31,CHO,SO2,1,690.0,2.801449275362319,2.1556953796842895,0.0,1.0,2.0,3.0,17.0
2016-01-31,COY,NO,1,689.0,31.921625544267055,42.14826694724341,0.0,4.0,13.0,42.0,207.0
2016-01-31,COY,NO2,1,689.0,34.716981132075475,18.090687703093668,6.0,22.0,32.0,44.0,119.0
2016-01-31,COY,NOX,1,689.0,66.60377358490567,51.75224450514928,6.0,28.0,52.0,85.0,268.0
2016-01-31,COY,O3,1,693.0,23.053391053391053,25.555929385935805,1.0,2.0,12.0,38.0,118.0
2016-01-31,COY,PM2.5,2,705.0,29.163120567375888,23.682806897007676,1.0,13.0,24.0,38.0,162.0
2016-01-31,CUA,CO,15,695.0,0.6066187050359702,0.39149744655395025,0.1,0.3,0.5,0.7,2.9
2016-01-31,CUA,NO,1,678.0,11.644542772861357,17.68338540444873,1.0,3.0,6.0,11.0,124.0
2016-01-31,CUA,NO2,1,678.0,22.94395280235988,15.435952881779684,2.0,11.25,19.0,30.0,91.0
2016-01-31,CUA,NOX,1,678.0,34.6047197640118,28.896393770922135,3.0,15.0,25.0,42.0,189.0
2016-01-31,CUA,O3,1,695.0,33.09928057553957,21.069876527593195,2.0,20.0,29.0,43.5,133.0
2016-01-31,CUA,PM10,2,699.0,33.7310443490701,27.873677293649717,1.0,15.0,27.0,45.0,168.0
2016-01-31,CUA,SO2,1,0.0,,,,,,,
2016-01-31,CUT,NO,1,678.0,39.07669616519174,54.04664558749758,0.0,3.0,15.5,54.5,306.0
2016-01-31,CUT,NO2,1,678.0,29.06047197640118,17.470148443292512,3.0,18.0,27.0,37.0,120.0
2016-01-31,CUT,NOX,1,678.0,68.15486725663717,62.40363606866928,4.0,23.0,49.0,87.0,361.0
2016-01-31,CUT,O3,1,691.0,17.03762662807525,16.547998771587128,1.0,3.0,11.0,28.0,82.0
2016-01-31,CUT,PM10,2,702.0,73.97150997150997,52.37630534122728,1.0,37.0,59.0,100.0,290.0
2016-01-31,CUT,SO2,1,691.0,5.562952243125904,11.189281334334012,0.0,1.0,2.0,5.0,98.0
2016-01-31,FAC,CO,15,694.0,0.992219020172911,0.7808290842066848,0.1,0.4,0.8,1.3,5.8
2016-01-31,FAC,NO,1,694.0,36.18155619596542,49.85382853121494,0.0,5.0,15.0,43.0,296.0
2016-01-31,FAC,NO2,1,694.0,34.321325648414984,23.47985364614628,3.0,19.0,29.0,43.0,150.0
2016-01-31,FAC,NOX,1,694.0,70.48991354466858,64.35482257111661,3.0,25.0,48.0,94.0,429.0
2016-01-31,FAC,O3,1,689.0,23.526850507982584,22.615393799871324,1.0,6.0,17.0,35.0,122.0
2016-01-31,FAC,PM10,2,706.0,46.124645892351275,37.27020430997195,1.0,20.0,36.0,63.0,264.0
2016-01-31,FAC,SO2,1,694.0,5.909221902017291,9.806738633511817,0.0,1.0,3.0,6.0,78.0
2016-01-31,GAM,O3,1,594.0,21.282828282828284,24.563799467181084,0.0,2.0,10.5,35.0,124.0
2016-01-31,GAM,PM2.5,2,0.0,,,,,,,
2016-01-31,HGM,CO,15,694.0,1.0288184438040342,0.6337360659874233,0.2,0.6,0.9,1.2,4.4
2016-01-31,HGM,NO,1,693.0,33.893217893217894,45.901787876259625,0.0,7.0,15.0,41.0,319.0
2016-01-31,HGM,NO2,1,693.0,40.32034632034632,18.51818677674429,8.0,28.0,37.0,49.0,134.0
2016-01-31,HGM,NOX,1,693.0,74.24531024531025,55.09891653176509,8.0,37.0,58.0,92.0,359.0
2016-01-31,HGM,O3,1,692.0,22.715317919075144,25.42031383501034,1.0,3.0,12.0,34.0,129.0
2016-01-31,HGM,PM10,2,709.0,47.19605077574048,31.363184833697506,5.0,24.0,41.0,60.0,196.0
2016-01-31,HGM,PM2.5,2,709.0,29.001410437235542,24.678755204828153,1.0,12.0,23.0,37.0,172.0
2016-01-31,HGM,PMCO,2,709.0,18.221438645980253,10.62537697121763,3.0,10.0,16.0,24.0,68.0
2016-01-31,HGM,SO2,1,694.0,6.678674351585014,10.072417753177318,1.0,2.0,3.0,6.0,66.0
2016-01-31,INN,CO,15,66.0,0.41060606060606064,0.14156138964995738,0.2,0.3,0.4,0.5,0.8
2016-01-31,INN,O3,1,595.0,42.30756302521009,14.697094009836917,2.0,33.0,40.0,49.0,115.0
2016-01-31,INN,PM10,2,603.0,17.8424543946932,17.03572722073707,1.0,5.0,12.0,26.0,109.0
2016-01-31,INN,PM2.5,2,603.0,10.519071310116086,11.074088360815335,1.0,3.0,6.0,15.0,74.0
2016-01-31,INN,PMCO,2,603.0,7.3349917081260365,7.15192649684057,1.0,2.0,5.0,11.0,43.0
2016-01-31,INN,SO2,1,465.0,1.6408602150537634,1.857547312198534,1.0,1.0,1.0,2.0,19.0
2016-01-31,IZT,CO,15,697.0,1.3817790530846472,0.9868376535989073,0.3,0.8,1.1,1.6,7.7
2016-01-31,IZT,NO,1,697.0,39.24390243902439,59.62399589006518,1.0,6.0,16.0,46.0,459.0
2016-01-31,IZT,NO2,1,697.0,37.30846484935437,18.301932881772128,6.0,26.0,33.0,46.0,110.0
2016-01-31,IZT,NOX,1,697.0,76.55810616929699,67.16185948008025,8.0,33.0,58.0,91.0,492.0
2016-01-31,IZT,O3,1,697.0,21.714490674318508,24.25481892053798,1.0,3.0,11.0,32.0,118.0
2016-01-31,IZT,PM10,2,711.0,43.30379746835443,30.802605975058295,3.0,22.0,37.0,55.0,342.0
2016-01-31,IZT,SO2,1,697.0,6.649928263988523,8.80117077638406,1.0,2.0,3.0,7.0,71.0
2016-01-31,LLA,CO,15,0.0,,,,,,,
2016-01-31,LLA,NO,1,0.0,,,,,,,
2016-01-31,LLA,NO2,1,0.0,,,,,,,
2016-01-31,LLA,NOX,1,0.0,,,,,,,
2016-01-31,LLA,O3,1,693.0,20.50793650793651,24.08436539695406,1.0,2.0,9.0,32.0,141.0
2016-01-31,LLA,SO2,1,693.0,7.696969696969697,14.829004329917506,1.0,2.0,3.0,5.0,117.0
2016-01-31,LPR,CO,15,0.0,,,,,,,
2016-01-31,LPR,NO,1,0.0,,,,,,,
2016-01-31,LPR,NO2,1,0.0,,,,,,,
2016-01-31,LPR,NOX,1,0.0,,,,,,,
2016-01-31,LPR,O3,1,0.0,,,,,,,
2016-01-31,LPR,SO2,1,0.0,,,,,,,
2016-01-31,MER,CO,15,673.0,1.1997028231797922,0.7786014061442184,0.2,0.7,1.0,1.5,5.7
2016-01-31,MER,NO,1,692.0,49.66184971098266,58.72584483977434,1.0,13.0,26.0,64.0,382.0
2016-01-31,MER,NO2,1,692.0,39.67052023121387,17.309512313067422,9.0,28.0,36.0,49.0,113.0
2016-01-31,MER,NOX,1,692.0,89.34393063583815,66.50787081707225,11.0,43.0,69.0,110.25,447.0
2016-01-31,MER,O3,1,692.0,17.579479768786126,21.416976259217115,0.0,2.0,8.0,26.25,101.0
2016-01-31,MER,PM10,2,453.0,65.31567328918322,40.51427855804501,6.0,34.0,57.0,83.0,240.0
2016-01-31,MER,PM2.5,2,453.0,30.973509933774835,27.86541938691864,1.0,11.0,25.0,42.0,186.0
2016-01-31,MER,PMCO,2,453.0,34.33995584988963,18.300928865584364,5.0,21.0,30.0,45.0,115.0
2016-01-31,MER,SO2,1,692.0,7.718208092485549,9.865231567989918,1.0,3.0,4.0,8.0,80.0
2016-01-31,MGH,CO,15,693.0,0.9380952380952378,0.6108298696404093,0.2,0.5,0.8,1.2,4.5
2016-01-31,MGH,NO,1,690.0,38.13768115942029,50.57535326085111,1.0,6.0,16.0,52.0,424.0
2016-01-31,MGH,NO2,1,690.0,37.21304347826087,21.682284362239482,6.0,24.0,33.0,47.0,145.0
2016-01-31,MGH,NOX,1,690.0,75.3231884057971,62.97829387378861,9.0,32.0,55.0,99.75,483.0
2016-01-31,MGH,O3,1,693.0,20.893217893217894,23.22278686245692,0.0,3.0,13.0,33.0,119.0
2016-01-31,MGH,PM10,2,708.0,41.43785310734463,30.18828855639628,3.0,20.0,34.0,54.0,177.0
2016-01-31,MGH,PM2.5,2,708.0,25.939265536723163,24.106505440476827,1.0,9.0,20.0,34.0,153.0
2016-01-31,MGH,PMCO,2,708.0,15.52683615819209,9.227172997059952,2.0,9.0,14.0,20.0,73.0
2016-01-31,MGH,SO2,1,693.0,5.681096681096681,8.60169716807533,1.0,2.0,3.0,5.0,71.0
2016-01-31,MON,CO,15,545.0,0.5822018348623851,0.4545063534916472,0.0,0.3,0.4,0.7,2.5
2016-01-31,MON,NO,1,539.0,17.666048237476808,34.50596329807031,0.0,1.0,3.0,15.0,223.0
2016-01-31,MON,NO2,1,539.0,17.94248608534323,10.112123926923935,3.0,10.0,16.0,23.0,55.0
2016-01-31,MON,NOX,1,539.0,35.59554730983302,39.89684256994778,4.0,12.0,20.0,42.0,255.0
2016-01-31,MON,O3,1,177.0,20.90960451977401,18.87828142341876,1.0,5.0,16.0,34.0,90.0
2016-01-31,MON,SO2,1,0.0,,,,,,,
2016-01-31,MPA,CO,15,266.0,0.44436090225563857,0.2850788792093483,0.1,0.3,0.4,0.6,1.5
2016-01-31,MPA,O3,1,266.0,49.69548872180451,21.924255077508242,2.0,35.0,45.5,62.0,119.0
2016-01-31,MPA,PM10,2,266.0,48.7593984962406,35.72666682823484,2.0,24.0,40.0,64.5,181.0
2016-01-31,MPA,PM2.5,2,266.0,26.657894736842106,21.99570013048885,1.0,10.0,21.0,35.0,120.0
2016-01-31,MPA,PMCO,2,266.0,22.112781954887218,16.24234118979963,1.0,11.0,18.0,29.0,98.0
2016-01-31,MPA,SO2,1,143.0,2.6363636363636362,3.2578085059136885,0.0,1.0,1.0,2.5,13.0
2016-01-31,NEZ,CO,15,629.0,0.8885532591414955,0.8582473470413607,0.0,0.4,0.7,1.1,10.0
2016-01-31,NEZ,NO,1,586.0,25.476109215017065,43.7075785157186,0.0,4.0,9.0,27.0,478.0
2016-01-31,NEZ,NO2,1,586.0,29.54778156996587,13.713126914420725,6.0,19.0,28.0,37.0,74.0
2016-01-31,NEZ,NOX,1,586.0,55.01365187713311,51.11852977944432,7.0,24.0,42.0,66.0,541.0
2016-01-31,NEZ,O3,1,695.0,22.165467625899282,22.941159266824222,0.0,3.0,15.0,33.0,113.0
2016-01-31,NEZ,PM2.5,2,706.0,25.175637393767705,21.481914575951382,1.0,10.0,20.0,32.0,152.0
2016-01-31,NEZ,SO2,1,695.0,3.8215827338129498,8.228883223450033,0.0,0.0,1.0,3.0,77.0
2016-01-31,PED,CO,15,673.0,0.6105497771173843,0.4331417214570367,0.1,0.3,0.5,0.9,2.7
2016-01-31,PED,NO,1,674.0,15.771513353115727,21.940985722321866,1.0,2.0,5.0,20.0,141.0
2016-01-31,PED,NO2,1,674.0,29.16320474777448,17.66915897873935,3.0,17.0,26.0,38.0,119.0
2016-01-31,PED,NOX,1,674.0,44.939169139465875,34.60506335793955,5.0,19.0,33.0,59.75,209.0
2016-01-31,PED,O3,1,674.0,26.679525222551927,24.699585135511406,1.0,7.0,20.0,37.0,120.0
2016-01-31,PED,PM10,2,0.0,,,,,,,
2016-01-31,PED,PM2.5,2,0.0,,,,,,,
2016-01-31,PED,PMCO,2,0.0,,,,,,,
2016-01-31,PED,SO2,1,587.0,3.385008517887564,5.1729455163984746,0.0,1.0,2.0,3.0,39.0
2016-01-31,SAG,CO,15,690.0,1.0508695652173916,0.7427291280864671,0.2,0.6,0.8,1.275,6.4
2016-01-31,SAG,NO,1,690.0,33.56811594202899,48.804745577965384,1.0,6.0,14.0,38.75,395.0
2016-01-31,SAG,NO2,1,690.0,30.678260869565218,14.23728898181065,8.0,21.0,28.0,38.0,111.0
2016-01-31,SAG,NOX,1,690.0,64.25072463768116,54.630353352845184,9.0,29.0,47.5,77.0,444.0
2016-01-31,SAG,O3,1,690.0,21.046376811594204,23.23079495967965,1.0,3.0,11.0,32.0,119.0
2016-01-31,SAG,PM10,2,703.0,58.896159317211946,35.14681093017511,3.0,35.0,53.0,75.0,238.0
2016-01-31,SAG,PM2.5,2,703.0,32.34566145092461,23.920720323180255,1.0,18.0,28.0,41.0,179.0
2016-01-31,SAG,PMCO,2,703.0,26.56756756756757,16.633237437870815,1.0,15.0,23.0,34.0,117.0
2016-01-31,SAG,SO2,1,690.0,7.223188405797101,11.816916669443824,0.0,2.0,4.0,7.0,94.0
2016-01-31,SFE,CO,15,0.0,,,,,,,
2016-01-31,SFE,NO,1,0.0,,,,,,,
2016-01-31,SFE,NO2,1,0.0,,,,,,,
2016-01-31,SFE,NOX,1,0.0,,,,,,,
2016-01-31,SFE,O3,1,0.0,,,,,,,
2016-01-31,SFE,PM10,2,0.0,,,,,,,
2016-01-31,SFE,PM2.5,2,0.0,,,,,,,
2016-01-31,SFE,PMCO,2,0.0,,,,,,,
2016-01-31,SFE,SO2,1,0.0,,,,,,,
2016-01-31,SJA,CO,15,0.0,,,,,,,
2016-01-31,SJA,NO,1,0.0,,,,,,,
2016-01-31,SJA,NO2,1,0.0,,,,,,,
2016-01-31,SJA,NOX,1,0.0,,,,,,,
2016-01-31,SJA,O3,1,0.0,,,,,,,
2016-01-31,SJA,PM2.5,2,0.0,,,,,,,
2016-01-31,SJA,SO2,1,0.0,,,,,,,
2016-01-31,TAH,CO,15,0.0,,,,,,,
2016-01-31,TAH,NO,1,0.0,,,,,,,
2016-01-31,TAH,NO2,1,0.0,,,,,,,
2016-01-31,TAH,NOX,1,0.0,,,,,,,
2016-01-31,TAH,O3,1,0.0,,,,,,,
2016-01-31,TAH,PM10,2,703.0,45.266002844950215,37.939584178997094,1.0,17.0,38.0,64.0,236.0
2016-01-31,TAH,SO2,1,0.0,,,,,,,
2016-01-31,TLA,CO,15,690.0,1.0672463768115943,0.7458834954921049,0.2,0.525,0.9,1.3,5.3
2016-01-31,TLA,NO,1,668.0,43.93712574850299,56.99461242958982,0.0,10.0,20.0,53.0,384.0
2016-01-31,TLA,NO2,1,668.0,40.458083832335326,21.864165171842878,7.0,26.0,36.0,50.0,134.0
2016-01-31,TLA,NOX,1,668.0,84.42964071856288,69.70384656930618,7.0,36.0,63.0,103.0,432.0
2016-01-31,TLA,O3,1,690.0,19.03768115942029,21.56500350864336,0.0,3.0,10.0,28.0,118.0
2016-01-31,TLA,PM10,2,648.0,67.94907407407408,46.58779283440592,7.0,35.0,55.0,90.0,291.0
2016-01-31,TLA,PM2.5,2,648.0,32.96296296296296,28.977343148342676,1.0,15.0,26.5,41.25,212.0
2016-01-31,TLA,PMCO,2,648.0,34.97222222222222,23.228237226203486,1.0,18.75,29.0,46.0,145.0
2016-01-31,TLA,SO2,1,689.0,8.989840348330913,13.751053283254121,1.0,2.0,4.0,9.0,91.0
2016-01-31,TLI,CO,15,0.0,,,,,,,
2016-01-31,TLI,NO,1,0.0,,,,,,,
2016-01-31,TLI,NO2,1,0.0,,,,,,,
2016-01-31,TLI,NOX,1,0.0,,,,,,,
2016-01-31,TLI,O3,1,0.0,,,,,,,
2016-01-31,TLI,PM10,2,706.0,62.01416430594901,46.48458691184055,1.0,28.0,51.0,85.0,279.0
2016-01-31,TLI,SO2,1,0.0,,,,,,,
2016-01-31,UAX,CO,15,694.0,0.6948126801152745,0.6224530507262882,0.0,0.3,0.5,0.9,4.0
2016-01-31,UAX,NO,1,689.0,22.862119013062408,40.19776513272907,0.0,2.0,6.0,24.0,283.0
2016-01-31,UAX,NO2,1,689.0,27.873730043541364,16.607035429202448,3.0,15.0,26.0,36.0,105.0
2016-01-31,UAX,NOX,1,689.0,50.74020319303338,48.97668667590072,3.0,18.0,34.0,64.0,322.0
2016-01-31,UAX,O3,1,694.0,26.2478386167147,25.43064505993494,0.0,4.0,19.0,39.0,116.0
2016-01-31,UAX,PM2.5,2,695.0,26.093525179856115,23.94057607494351,1.0,11.0,21.0,34.0,183.0
2016-01-31,UAX,SO2,1,694.0,3.324207492795389,5.213487519187972,0.0,1.0,1.0,3.0,38.0
2016-01-31,UIZ,CO,15,693.0,0.931168831168831,0.7504013889754148,0.1,0.5,0.7,1.2,5.7
2016-01-31,UIZ,NO,1,693.0,28.746031746031747,46.013526874963496,1.0,4.0,10.0,31.0,394.0
2016-01-31,UIZ,NO2,1,693.0,33.2005772005772,18.141269647029734,4.0,21.0,30.0,42.0,113.0
2016-01-31,UIZ,NOX,1,693.0,61.93650793650794,55.9672851172433,5.0,25.0,43.0,79.0,440.0
2016-01-31,UIZ,O3,1,693.0,23.01154401154401,23.45688172091999,2.0,3.0,15.0,35.0,110.0
2016-01-31,UIZ,PM10,2,617.0,55.476499189627226,34.09507117800933,2.0,27.0,50.0,77.0,203.0
2016-01-31,UIZ,PM2.5,2,617.0,25.786061588330632,19.39966528570788,1.0,10.0,21.0,38.0,93.0
2016-01-31,UIZ,PMCO,2,617.0,29.72771474878444,18.869263817367354,1.0,16.0,25.0,41.0,136.0
2016-01-31,UIZ,SO2,1,693.0,4.956709956709957,7.797166865297363,0.0,1.0,2.0,5.0,72.0
2016-01-31,VIF,CO,15,0.0,,,,,,,
2016-01-31,VIF,NO,1,0.0,,,,,,,
2016-01-31,VIF,NO2,1,0.0,,,,,,,
2016-01-31,VIF,NOX,1,0.0,,,,,,,
2016-01-31,VIF,O3,1,0.0,,,,,,,
2016-01-31,VIF,PM10,2,689.0,82.05950653120465,59.128709631304396,1.0,42.0,71.0,111.0,511.0
2016-01-31,VIF,SO2,1,0.0,,,,,,,
2016-01-31,XAL,CO,15,690.0,1.4231884057971034,0.9666342077500265,0.4,0.8,1.1,1.7,7.1
2016-01-31,XAL,NO,1,654.0,56.948012232415905,73.77385909301552,2.0,14.0,28.5,68.0,468.0
2016-01-31,XAL,NO2,1,654.0,38.457186544342505,16.607822158558097,10.0,27.0,35.0,47.0,116.0
2016-01-31,XAL,NOX,1,654.0,95.41896024464832,80.94016095408097,11.0,44.0,68.0,115.75,532.0
2016-01-31,XAL,O3,1,690.0,14.98840579710145,15.718861090152776,1.0,2.0,9.0,24.0,66.0
2016-01-31,XAL,PM10,2,701.0,86.20827389443652,55.62889269860983,2.0,47.0,70.0,111.0,340.0
2016-01-31,XAL,PM2.5,2,701.0,37.16833095577746,31.214056745255434,1.0,16.0,29.0,49.0,232.0
2016-01-31,XAL,PMCO,2,701.0,49.019971469329526,31.25493607643504,1.0,28.0,40.0,62.0,198.0
2016-01-31,XAL,SO2,1,690.0,7.328985507246377,9.629592775629886,1.0,2.0,4.0,8.0,73.0
2016-02-29,ACO,CO,15,0.0,,,,,,,
2016-02-29,ACO,NO,1,0.0,,,,,,,
2016-02-29,ACO,NO2,1,0.0,,,,,,,
2016-02-29,ACO,NOX,1,0.0,,,,,,,
2016-02-29,ACO,O3,1,0.0,,,,,,,
2016-02-29,ACO,PM10,2,661.0,61.379727685325264,27.733845648795025,11.0,43.0,57.0,73.0,227.0
2016-02-29,ACO,SO2,1,0.0,,,,,,,
2016-02-29,AJM,CO,15,650.0,0.6513846153846143,0.27857150975924144,0.1,0.42500000000000004,0.6,0.8,1.8
2016-02-29,AJM,NO,1,652.0,7.164110429447852,11.962142034961483,0.0,1.0,2.5,8.0,93.0
2016-02-29,AJM,NO2,1,652.0,25.572085889570552,12.893014336603208,5.0,15.75,24.0,34.0,69.0
2016-02-29,AJM,NOX,1,652.0,32.69631901840491,21.590230451426176,5.0,17.0,28.0,43.0,133.0
2016-02-29,AJM,O3,1,648.0,49.226851851851855,30.505621970971575,2.0,27.0,43.5,66.0,147.0
2016-02-29,AJM,PM10,2,663.0,51.59125188536953,24.046977853748977,6.0,33.5,49.0,69.0,150.0
2016-02-29,AJM,PM2.5,2,663.0,26.018099547511312,14.26178331949799,1.0,16.0,23.0,35.0,101.0
2016-02-29,AJM,PMCO,2,663.0,25.56108597285068,13.710167573424808,4.0,16.0,24.0,33.0,127.0
2016-02-29,AJM,SO2,1,652.0,9.895705521472392,11.530025451206452,1.0,2.0,6.0,13.0,77.0
2016-02-29,AJU,O3,1,648.0,40.098765432098766,34.02843794373752,1.0,10.0,31.0,64.0,152.0
2016-02-29,AJU,PM2.5,2,488.0,25.543032786885245,16.533401964398507,1.0,14.0,22.0,34.0,108.0
2016-02-29,ATI,CO,15,0.0,,,,,,,
2016-02-29,ATI,NO,1,0.0,,,,,,,
2016-02-29,ATI,NO2,1,0.0,,,,,,,
2016-02-29,ATI,NOX,1,0.0,,,,,,,
2016-02-29,ATI,O3,1,0.0,,,,,,,
2016-02-29,ATI,PM10,2,644.0,64.12888198757764,37.322984025124605,1.0,37.0,55.0,87.25,239.0
2016-02-29,ATI,SO2,1,0.0,,,,,,,
2016-02-29,BJU,CO,15,652.0,0.8673312883435593,0.503191284889264,0.3,0.5,0.7,1.0,3.4
2016-02-29,BJU,O3,1,652.0,35.06748466257669,33.7687771211262,1.0,6.0,23.0,58.0,138.0
2016-02-29,BJU,PM10,2,663.0,64.45098039215686,29.12936446980988,18.0,45.0,61.0,79.0,281.0
2016-02-29,BJU,PM2.5,2,663.0,34.79185520361991,21.759856467855236,7.0,22.0,31.0,42.0,250.0
2016-02-29,BJU,PMCO,2,663.0,29.689291101055808,15.515998661104163,6.0,18.0,27.0,38.0,113.0
2016-02-29,BJU,SO2,1,651.0,13.23195084485407,16.006920398686564,1.0,3.0,6.0,18.0,154.0
2016-02-29,CAM,CO,15,627.0,0.9907496012759168,0.6035125454138339,0.3,0.6,0.8,1.1,4.3
2016-02-29,CAM,NO,1,627.0,33.29505582137161,53.128820699640826,1.0,5.0,12.0,36.5,421.0
2016-02-29,CAM,NO2,1,627.0,42.12759170653907,14.817300174000945,8.0,33.0,42.0,50.0,90.0
2016-02-29,CAM,NOX,1,627.0,75.39074960127591,60.51653678291239,10.0,39.5,55.0,89.0,497.0
2016-02-29,CAM,O3,1,627.0,28.129186602870814,30.271733562049338,0.0,3.0,16.0,47.5,131.0
2016-02-29,CAM,PM10,2,417.0,69.9832134292566,30.003400548216888,15.0,48.0,65.0,86.0,180.0
2016-02-29,CAM,PM2.5,2,417.0,32.0,16.47244202156578,1.0,21.0,30.0,40.0,101.0
2016-02-29,CAM,PMCO,2,417.0,38.0,20.53994700764642,8.0,23.0,34.0,46.0,125.0
2016-02-29,CAM,SO2,1,627.0,17.06858054226475,22.50197190637329,0.0,3.5,8.0,22.0,228.0
2016-02-29,CCA,CO,15,559.0,0.7762075134168162,0.4182519518331809,0.2,0.5,0.7,0.9,2.7
2016-02-29,CCA,NO,1,480.0,19.839583333333334,34.24669948642191,1.0,3.0,5.0,20.0,223.0
2016-02-29,CCA,NO2,1,480.0,34.21458333333333,13.826610294170493,8.0,24.0,32.0,43.0,92.0
2016-02-29,CCA,NOX,1,480.0,54.0375,40.71427311755186,10.0,28.0,41.5,64.0,264.0
2016-02-29,CCA,O3,1,648.0,36.91203703703704,34.2462215136434,1.0,8.0,26.0,60.25,131.0
2016-02-29,CCA,PM2.5,2,662.0,24.895770392749245,12.46342959997344,1.0,17.0,23.0,31.0,118.0
2016-02-29,CCA,SO2,1,648.0,10.981481481481481,13.547316916570159,1.0,3.0,6.0,13.0,93.0
2016-02-29,CHO,CO,15,647.0,0.8353941267387959,0.537969284657407,0.2,0.5,0.7,0.9,4.0
2016-02-29,CHO,NO,1,0.0,,,,,,,
2016-02-29,CHO,NO2,1,0.0,,,,,,,
2016-02-29,CHO,NOX,1,0.0,,,,,,,
2016-02-29,CHO,O3,1,647.0,35.65224111282844,31.394394065115623,3.0,6.0,27.0,61.0,160.0
2016-02-29,CHO,PM10,2,656.0,90.5640243902439,48.82242806749283,3.0,56.0,80.0,113.25,376.0
2016-02-29,CHO,SO2,1,647.0,4.630602782071097,5.9995761027910355,0.0,2.0,3.0,4.0,54.0
2016-02-29,COY,NO,1,645.0,20.964341085271318,32.47383514005319,0.0,3.0,7.0,24.0,240.0
2016-02-29,COY,NO2,1,645.0,38.78294573643411,14.356681544624408,11.0,29.0,38.0,46.0,98.0
2016-02-29,COY,NOX,1,645.0,59.74263565891473,39.95244217691401,12.0,33.0,48.0,72.0,283.0
2016-02-29,COY,O3,1,643.0,34.67651632970451,33.17227559603001,1.0,7.0,23.0,59.0,131.0
2016-02-29,COY,PM2.5,2,658.0,36.97720364741642,20.813686006986586,5.0,25.0,33.0,45.0,232.0
2016-02-29,CUA,CO,15,646.0,0.5543343653250778,0.3651119904164676,0.0,0.3,0.5,0.6,3.2
2016-02-29,CUA,NO,1,649.0,15.19106317411402,30.82292887934649,0.0,3.0,5.0,11.0,243.0
2016-02-29,CUA,NO2,1,649.0,29.303543913713405,14.697841544365257,3.0,18.0,27.0,40.0,91.0
2016-02-29,CUA,NOX,1,649.0,44.48690292758089,39.8645495744011,4.0,22.0,32.0,52.0,286.0
2016-02-29,CUA,O3,1,649.0,43.791987673343606,30.188730378675928,3.0,20.0,39.0,59.0,147.0
2016-02-29,CUA,PM10,2,663.0,48.69683257918552,23.802436575509287,2.0,31.0,45.0,63.0,130.0
2016-02-29,CUA,SO2,1,0.0,,,,,,,
2016-02-29,CUT,NO,1,642.0,27.630841121495326,43.679543389095386,0.0,2.0,7.0,36.0,284.0
2016-02-29,CUT,NO2,1,642.0,24.799065420560748,11.862911660808933,4.0,15.0,26.0,33.0,65.0
2016-02-29,CUT,NOX,1,642.0,52.40498442367601,50.4710835184724,5.0,17.0,35.0,71.0,322.0
2016-02-29,CUT,O3,1,642.0,18.6588785046729,17.51871272280457,0.0,2.0,14.0,32.0,74.0
2016-02-29,CUT,PM10,2,651.0,81.93241167434716,47.20617668375566,3.0,48.0,69.0,107.0,262.0
2016-02-29,CUT,SO2,1,645.0,15.744186046511627,26.00020277924013,0.0,2.0,5.0,16.0,158.0
2016-02-29,FAC,CO,15,648.0,0.9223765432098772,0.7187116458401391,0.1,0.5,0.7,1.0,5.0
2016-02-29,FAC,NO,1,645.0,28.815503875968993,51.448778196281005,0.0,4.0,8.0,25.0,354.0
2016-02-29,FAC,NO2,1,645.0,34.375193798449615,16.13766489977259,5.0,22.0,32.0,42.0,117.0
2016-02-29,FAC,NOX,1,645.0,63.18449612403101,59.53219606189781,5.0,28.0,41.0,70.0,396.0
2016-02-29,FAC,O3,1,646.0,33.970588235294116,28.281213562781815,1.0,10.0,26.0,52.0,147.0
2016-02-29,FAC,PM10,2,566.0,64.73144876325088,37.593945572898804,1.0,36.0,59.0,87.75,233.0
2016-02-29,FAC,SO2,1,647.0,15.004636785162287,20.19291579826903,0.0,3.0,8.0,17.0,217.0
2016-02-29,GAM,O3,1,641.0,34.17784711388455,34.842003329068746,1.0,3.0,23.0,56.0,162.0
2016-02-29,GAM,PM2.5,2,0.0,,,,,,,
2016-02-29,HGM,CO,15,648.0,0.7024691358024683,0.531097911234787,0.1,0.4,0.5,0.9,3.5
2016-02-29,HGM,NO,1,648.0,23.570987654320987,37.04866957686347,0.0,2.0,7.0,26.25,301.0
2016-02-29,HGM,NO2,1,648.0,41.16512345679013,16.355466536014838,8.0,30.0,40.0,48.0,106.0
2016-02-29,HGM,NOX,1,648.0,64.75154320987654,46.60732406004786,10.0,34.0,51.0,75.0,356.0
2016-02-29,HGM,O3,1,645.0,34.606201550387595,34.90964324215758,0.0,5.0,21.0,57.0,154.0
2016-02-29,HGM,PM10,2,661.0,63.13464447806354,30.7470377149511,14.0,44.0,59.0,76.0,376.0
2016-02-29,HGM,PM2.5,2,661.0,37.37518910741301,25.615541953031496,4.0,23.0,33.0,45.0,346.0
2016-02-29,HGM,PMCO,2,661.0,25.77912254160363,12.180072640667237,4.0,17.0,24.0,32.0,73.0
2016-02-29,HGM,SO2,1,648.0,15.742283950617283,19.172041460298754,0.0,3.0,8.0,22.0,153.0
2016-02-29,INN,CO,15,645.0,0.27658914728681966,0.17744081387499133,0.0,0.2,0.2,0.4,1.2
2016-02-29,INN,O3,1,645.0,51.84186046511628,21.500753625656536,11.0,38.0,47.0,63.0,149.0
2016-02-29,INN,PM10,2,656.0,36.875,24.534311540128687,1.0,20.75,31.0,49.0,259.0
2016-02-29,INN,PM2.5,2,656.0,20.899390243902438,17.414802852925316,1.0,11.0,17.0,26.0,246.0
2016-02-29,INN,PMCO,2,656.0,16.01981707317073,11.426682472743302,1.0,8.0,13.0,22.0,87.0
2016-02-29,INN,SO2,1,645.0,4.493023255813953,7.651697595578287,0.0,1.0,2.0,5.0,71.0
2016-02-29,IZT,CO,15,422.0,1.1523696682464464,0.652626031606199,0.4,0.7,0.9,1.4,4.7
2016-02-29,IZT,NO,1,423.0,27.46808510638298,40.425383816990966,1.0,4.0,10.0,34.5,267.0
2016-02-29,IZT,NO2,1,423.0,40.59810874704492,15.105449135033508,7.0,31.0,39.0,48.0,97.0
2016-02-29,IZT,NOX,1,423.0,68.07328605200945,48.49944368988582,8.0,35.0,54.0,83.5,315.0
2016-02-29,IZT,O3,1,423.0,29.05437352245863,29.90037761530573,1.0,4.0,16.0,49.0,132.0
2016-02-29,IZT,PM10,2,388.0,55.05927835051546,34.93492054348607,11.0,38.0,49.0,64.25,476.0
2016-02-29,IZT,SO2,1,423.0,14.260047281323876,15.932127575979464,1.0,3.0,7.0,19.0,95.0
2016-02-29,LLA,CO,15,0.0,,,,,,,
2016-02-29,LLA,NO,1,0.0,,,,,,,
2016-02-29,LLA,NO2,1,0.0,,,,,,,
2016-02-29,LLA,NOX,1,0.0,,,,,,,
2016-02-29,LLA,O3,1,650.0,29.655384615384616,29.18103543750111,1.0,4.0,20.0,48.0,130.0
2016-02-29,LLA,SO2,1,650.0,18.266153846153845,30.969067409043017,1.0,3.0,6.0,18.0,269.0
2016-02-29,LPR,CO,15,0.0,,,,,,,
2016-02-29,LPR,NO,1,0.0,,,,,,,
2016-02-29,LPR,NO2,1,0.0,,,,,,,
2016-02-29,LPR,NOX,1,0.0,,,,,,,
2016-02-29,LPR,O3,1,0.0,,,,,,,
2016-02-29,LPR,SO2,1,0.0,,,,,,,
2016-02-29,MER,CO,15,523.0,1.0122370936902487,0.6352989500537738,0.3,0.6,0.8,1.2,5.9
2016-02-29,MER,NO,1,640.0,35.3484375,46.87116992698944,1.0,8.75,17.0,41.25,399.0
2016-02-29,MER,NO2,1,640.0,43.1859375,14.506319028770736,14.0,34.0,42.0,50.0,110.0
2016-02-29,MER,NOX,1,640.0,78.5515625,54.61371388244567,17.0,44.0,63.0,94.0,453.0
2016-02-29,MER,O3,1,640.0,25.7125,28.20290609783086,1.0,2.0,14.5,42.0,123.0
2016-02-29,MER,PM10,2,639.0,83.77934272300469,38.51315549621679,6.0,61.0,79.0,101.5,468.0
2016-02-29,MER,PM2.5,2,639.0,39.6697965571205,27.259329514311823,1.0,24.5,36.0,49.0,380.0
2016-02-29,MER,PMCO,2,639.0,44.076682316118934,20.102996648315365,2.0,30.0,41.0,54.0,146.0
2016-02-29,MER,SO2,1,640.0,16.109375,18.38538678361428,2.0,4.0,8.0,21.25,122.0
2016-02-29,MGH,CO,15,647.0,0.8131375579598148,0.5044052543491995,0.1,0.5,0.7,1.0,3.5
2016-02-29,MGH,NO,1,649.0,33.0462249614792,50.45069425997529,1.0,5.0,11.0,39.0,363.0
2016-02-29,MGH,NO2,1,649.0,40.02773497688752,16.814873485242597,7.0,28.0,38.0,50.0,123.0
2016-02-29,MGH,NOX,1,649.0,73.10785824345146,59.86807061790729,10.0,34.0,52.0,90.0,414.0
2016-02-29,MGH,O3,1,649.0,31.86748844375963,30.73544531603445,0.0,5.0,22.0,51.0,127.0
2016-02-29,MGH,PM10,2,658.0,52.056231003039514,22.612307886742162,13.0,36.0,49.0,64.0,160.0
2016-02-29,MGH,PM2.5,2,658.0,31.065349544072948,16.17362934232448,5.0,20.0,28.5,37.0,138.0
2016-02-29,MGH,PMCO,2,658.0,21.00607902735562,10.5956522834537,2.0,13.0,19.0,27.0,74.0
2016-02-29,MGH,SO2,1,649.0,13.682588597842836,16.10021725809797,1.0,3.0,7.0,18.0,146.0
2016-02-29,MON,CO,15,111.0,0.36306306306306296,0.23738267070393385,0.1,0.2,0.3,0.4,1.4
2016-02-29,MON,NO,1,111.0,10.90990990990991,23.81273515256817,0.0,1.0,2.0,8.0,134.0
2016-02-29,MON,NO2,1,111.0,18.144144144144143,8.434611428078352,5.0,11.0,18.0,24.0,40.0
2016-02-29,MON,NOX,1,111.0,28.963963963963963,29.001858225082422,5.0,12.5,19.0,31.0,159.0
2016-02-29,MON,O3,1,111.0,35.22522522522522,27.24524468422623,0.0,9.0,31.0,59.5,98.0
2016-02-29,MON,SO2,1,0.0,,,,,,,
2016-02-29,MPA,CO,15,638.0,0.4503134796238252,0.18326764235623183,0.2,0.3,0.4,0.6,1.0
2016-02-29,MPA,O3,1,640.0,52.55625,27.037097767919715,2.0,33.0,47.0,70.0,161.0
2016-02-29,MPA,PM10,2,643.0,62.715396578538105,32.23591284914808,5.0,39.0,58.0,82.0,223.0
2016-02-29,MPA,PM2.5,2,643.0,29.928460342146188,16.52877737711255,2.0,19.0,27.0,38.0,141.0
2016-02-29,MPA,PMCO,2,643.0,32.763608087091754,22.45487230843723,2.0,17.0,28.0,42.0,188.0
2016-02-29,MPA,SO2,1,640.0,6.21875,7.383670071486783,0.0,2.0,3.0,8.0,45.0
2016-02-29,NEZ,CO,15,246.0,0.610975609756097,0.5319980276688097,0.0,0.3,0.5,0.8,3.7
2016-02-29,NEZ,NO,1,246.0,13.975609756097562,25.56574986096067,1.0,2.0,4.0,15.5,202.0
2016-02-29,NEZ,NO2,1,246.0,34.24390243902439,13.60122531299783,12.0,23.0,35.0,44.0,106.0
2016-02-29,NEZ,NOX,1,246.0,48.21138211382114,33.76128734186425,14.0,26.0,43.0,58.75,255.0
2016-02-29,NEZ,O3,1,647.0,31.43740340030912,29.483721038063177,0.0,7.0,20.0,53.0,123.0
2016-02-29,NEZ,PM2.5,2,661.0,31.966717095310138,19.732271205653944,2.0,20.0,29.0,40.0,240.0
2016-02-29,NEZ,SO2,1,647.0,9.922720247295208,17.038480215931127,0.0,2.0,3.0,11.0,172.0
2016-02-29,PED,CO,15,651.0,0.5854070660522276,0.3368893155999136,0.1,0.4,0.5,0.7,2.5
2016-02-29,PED,NO,1,651.0,11.219662058371735,19.994521877664173,0.0,1.0,3.0,12.0,150.0
2016-02-29,PED,NO2,1,651.0,31.399385560675885,14.673899369247652,5.0,21.0,29.0,40.0,96.0
2016-02-29,PED,NOX,1,651.0,42.625192012288785,29.890841068306674,5.0,22.0,34.0,54.0,210.0
2016-02-29,PED,O3,1,650.0,40.16153846153846,32.73656438694526,0.0,15.0,31.0,61.0,141.0
2016-02-29,PED,PM10,2,0.0,,,,,,,
2016-02-29,PED,PM2.5,2,0.0,,,,,,,
2016-02-29,PED,PMCO,2,0.0,,,,,,,
2016-02-29,PED,SO2,1,651.0,10.130568356374807,12.935930978938426,1.0,3.0,6.0,12.0,89.0
2016-02-29,SAG,CO,15,467.0,0.9650963597430418,0.5998230616499746,0.3,0.6,0.8,1.1,3.5
2016-02-29,SAG,NO,1,640.0,26.509375,40.379923887123596,1.0,4.0,8.0,30.0,241.0
2016-02-29,SAG,NO2,1,640.0,30.553125,11.929775858515912,9.0,21.75,31.0,37.0,90.0
2016-02-29,SAG,NOX,1,640.0,57.0515625,46.263572613011625,11.0,26.0,41.0,73.25,276.0
2016-02-29,SAG,O3,1,640.0,29.45,27.650467569419384,0.0,5.0,22.0,48.25,122.0
2016-02-29,SAG,PM10,2,650.0,69.33384615384615,42.32809983960729,7.0,46.25,65.0,85.0,807.0
2016-02-29,SAG,PM2.5,2,650.0,33.26,32.255171465775746,1.0,19.0,30.0,42.0,698.0
2016-02-29,SAG,PMCO,2,650.0,36.067692307692305,20.789613885635493,2.0,22.0,33.0,44.0,198.0
2016-02-29,SAG,SO2,1,640.0,14.7140625,22.689117348810132,1.0,3.0,6.0,15.0,155.0
2016-02-29,SFE,CO,15,0.0,,,,,,,
2016-02-29,SFE,NO,1,0.0,,,,,,,
2016-02-29,SFE,NO2,1,0.0,,,,,,,
2016-02-29,SFE,NOX,1,0.0,,,,,,,
2016-02-29,SFE,O3,1,0.0,,,,,,,
2016-02-29,SFE,PM10,2,0.0,,,,,,,
2016-02-29,SFE,PM2.5,2,0.0,,,,,,,
2016-02-29,SFE,PMCO,2,0.0,,,,,,,
2016-02-29,SFE,SO2,1,0.0,,,,,,,
2016-02-29,SJA,CO,15,0.0,,,,,,,
2016-02-29,SJA,NO,1,0.0,,,,,,,
2016-02-29,SJA,NO2,1,0.0,,,,,,,
2016-02-29,SJA,NOX,1,0.0,,,,,,,
2016-02-29,SJA,O3,1,0.0,,,,,,,
2016-02-29,SJA,PM2.5,2,0.0,,,,,,,
2016-02-29,SJA,SO2,1,0.0,,,,,,,
2016-02-29,TAH,CO,15,0.0,,,,,,,
2016-02-29,TAH,NO,1,0.0,,,,,,,
2016-02-29,TAH,NO2,1,0.0,,,,,,,
2016-02-29,TAH,NOX,1,0.0,,,,,,,
2016-02-29,TAH,O3,1,0.0,,,,,,,
2016-02-29,TAH,PM10,2,643.0,67.04510108864697,35.9237183354869,1.0,42.0,62.0,84.0,218.0
2016-02-29,TAH,SO2,1,0.0,,,,,,,
2016-02-29,TLA,CO,15,650.0,0.8835384615384624,0.5298397314711273,0.2,0.5,0.7,1.0,3.6
2016-02-29,TLA,NO,1,649.0,36.81818181818182,51.33508512905796,1.0,9.0,16.0,38.0,342.0
2016-02-29,TLA,NO2,1,649.0,42.50693374422188,15.329922064086743,10.0,33.0,41.0,49.0,96.0
2016-02-29,TLA,NOX,1,649.0,79.29738058551618,59.50546719289019,15.0,43.0,58.0,89.0,404.0
2016-02-29,TLA,O3,1,652.0,25.780674846625768,26.783355576727367,1.0,5.0,15.0,42.25,133.0
2016-02-29,TLA,PM10,2,391.0,89.20204603580562,40.065684478442144,12.0,58.5,81.0,118.5,227.0
2016-02-29,TLA,PM2.5,2,391.0,39.12787723785166,19.110180273815082,3.0,26.0,35.0,49.0,123.0
2016-02-29,TLA,PMCO,2,391.0,50.051150895140665,26.84470902278879,9.0,30.0,46.0,67.0,148.0
2016-02-29,TLA,SO2,1,650.0,20.613846153846154,24.086454305772378,1.0,5.0,10.0,26.0,153.0
2016-02-29,TLI,CO,15,0.0,,,,,,,
2016-02-29,TLI,NO,1,0.0,,,,,,,
2016-02-29,TLI,NO2,1,0.0,,,,,,,
2016-02-29,TLI,NOX,1,0.0,,,,,,,
2016-02-29,TLI,O3,1,0.0,,,,,,,
2016-02-29,TLI,PM10,2,661.0,74.84568835098335,39.96404179615153,1.0,47.0,67.0,94.0,231.0
2016-02-29,TLI,SO2,1,0.0,,,,,,,
2016-02-29,UAX,CO,15,369.0,0.5864498644986443,0.504523691978528,0.0,0.2,0.5,0.7,3.6
2016-02-29,UAX,NO,1,583.0,15.761578044596913,26.96854026135856,0.0,2.0,4.0,18.0,218.0
2016-02-29,UAX,NO2,1,583.0,32.53173241852487,13.559285817228506,8.0,23.0,32.0,39.0,131.0
2016-02-29,UAX,NOX,1,583.0,48.27101200686106,34.89476521417055,9.0,25.0,39.0,58.0,262.0
2016-02-29,UAX,O3,1,652.0,37.93251533742331,35.283948707123116,0.0,7.0,26.0,64.0,140.0
2016-02-29,UAX,PM2.5,2,661.0,32.4947049924357,15.915364763547768,1.0,23.0,30.0,40.0,126.0
2016-02-29,UAX,SO2,1,652.0,9.292944785276074,12.689790975487146,1.0,2.0,4.0,11.0,105.0
2016-02-29,UIZ,CO,15,646.0,0.8904024767801866,0.555787722786367,0.2,0.5,0.7,1.0750000000000002,4.9
2016-02-29,UIZ,NO,1,647.0,23.24729520865533,35.16881958718194,1.0,4.0,9.0,28.5,301.0
2016-02-29,UIZ,NO2,1,647.0,36.83462132921175,13.814746489194818,9.0,27.0,37.0,45.0,84.0
2016-02-29,UIZ,NOX,1,647.0,60.095826893353944,42.74367511976458,12.0,30.5,51.0,76.0,354.0
2016-02-29,UIZ,O3,1,647.0,30.0741885625966,29.61294271230124,0.0,4.0,19.0,54.0,118.0
2016-02-29,UIZ,PM10,2,659.0,75.71927162367223,30.576503913396067,13.0,54.0,71.0,92.0,280.0
2016-02-29,UIZ,PM2.5,2,659.0,36.88619119878604,20.68883905169286,1.0,24.0,35.0,46.0,225.0
2016-02-29,UIZ,PMCO,2,659.0,38.819423368740516,19.108373989062947,7.0,26.0,35.0,48.0,154.0
2016-02-29,UIZ,SO2,1,647.0,11.378670788253478,14.968089155510233,1.0,2.0,5.0,13.0,122.0
2016-02-29,VIF,CO,15,0.0,,,,,,,
2016-02-29,VIF,NO,1,0.0,,,,,,,
2016-02-29,VIF,NO2,1,0.0,,,,,,,
2016-02-29,VIF,NOX,1,0.0,,,,,,,
2016-02-29,VIF,O3,1,0.0,,,,,,,
2016-02-29,VIF,PM10,2,608.0,90.20394736842105,48.64135484540458,1.0,55.0,82.0,120.0,309.0
2016-02-29,VIF,SO2,1,0.0,,,,,,,
2016-02-29,XAL,CO,15,647.0,1.3103554868624416,0.8919667438840329,0.2,0.7,1.0,1.6,8.3
2016-02-29,XAL,NO,1,647.0,47.46831530139104,68.6095776792467,1.0,9.0,18.0,57.0,688.0
2016-02-29,XAL,NO2,1,647.0,39.50695517774343,15.932409416559482,12.0,28.0,37.0,48.0,111.0
2016-02-29,XAL,NOX,1,647.0,87.01081916537868,77.25616714955909,14.0,38.0,59.0,107.5,755.0
2016-02-29,XAL,O3,1,645.0,20.037209302325582,18.77163790710446,1.0,2.0,17.0,33.0,83.0
2016-02-29,XAL,PM10,2,653.0,104.40428790199081,52.82122394811679,16.0,69.0,91.0,126.0,327.0
2016-02-29,XAL,PM2.5,2,653.0,43.19601837672282,29.16230521532984,2.0,24.0,37.0,56.0,246.0
2016-02-29,XAL,PMCO,2,653.0,61.18989280245023,33.90582530646341,1.0,39.0,55.0,75.0,257.0
2016-02-29,XAL,SO2,1,647.0,13.02627511591963,16.022456827561342,0.0,3.0,6.0,15.0,98.0
2016-03-31,ACO,CO,15,623.0,0.26741573033707766,0.18517628398602312,0.0,0.1,0.2,0.3,1.1
2016-03-31,ACO,NO,1,624.0,7.041666666666667,10.519790770724404,0.0,1.0,3.0,7.0,64.0
2016-03-31,ACO,NO2,1,624.0,15.39423076923077,8.871566139283102,2.0,8.0,14.0,21.0,52.0
2016-03-31,ACO,NOX,1,624.0,22.44551282051282,17.235231537671293,3.0,10.0,16.0,29.25,100.0
2016-03-31,ACO,O3,1,624.0,37.94070512820513,28.000825661116558,2.0,15.0,33.0,56.0,146.0
2016-03-31,ACO,PM10,2,661.0,44.09379727685325,23.991228970783006,1.0,27.0,42.0,58.0,261.0
2016-03-31,ACO,SO2,1,624.0,1.3669871794871795,1.3987841176754385,0.0,1.0,1.0,1.0,12.0
2016-03-31,AJM,CO,15,444.0,0.4941441441441467,0.21175806489221577,0.2,0.4,0.4,0.6,1.4
2016-03-31,AJM,NO,1,635.0,4.228346456692913,6.206220773027979,0.0,1.0,2.0,5.0,44.0
2016-03-31,AJM,NO2,1,635.0,15.518110236220473,10.949593551672104,1.0,7.0,13.0,22.0,62.0
2016-03-31,AJM,NOX,1,635.0,19.768503937007875,15.488011547693356,2.0,8.0,15.0,26.5,79.0
2016-03-31,AJM,O3,1,633.0,46.28120063191153,25.295154708377623,2.0,30.0,43.0,58.0,163.0
2016-03-31,AJM,PM10,2,558.0,30.526881720430108,16.556149864563015,2.0,18.0,29.0,41.0,96.0
2016-03-31,AJM,PM2.5,2,556.0,17.640287769784173,10.985006780657592,1.0,9.0,16.0,23.0,57.0
2016-03-31,AJM,PMCO,2,558.0,12.953405017921147,7.323113176081971,1.0,7.0,12.0,17.0,59.0
2016-03-31,AJM,SO2,1,635.0,2.505511811023622,3.2602013418939086,0.0,1.0,1.0,2.0,19.0
2016-03-31,AJU,O3,1,534.0,32.737827715355806,22.261506326846867,2.0,14.0,29.0,46.75,99.0
2016-03-31,AJU,PM2.5,2,246.0,13.796747967479675,7.865667427179709,1.0,8.0,13.0,19.0,44.0
2016-03-31,ATI,CO,15,382.0,0.585078534031414,0.4790217164595365,0.1,0.3,0.4,0.7,2.8
2016-03-31,ATI,NO,1,373.0,15.662198391420912,30.3195985534836,0.0,1.0,2.0,13.0,161.0
2016-03-31,ATI,NO2,1,373.0,23.533512064343164,15.911113237614881,2.0,12.0,21.0,31.0,76.0
2016-03-31,ATI,NOX,1,373.0,39.21983914209115,41.63486872229144,2.0,13.0,23.0,47.0,211.0
2016-03-31,ATI,O3,1,382.0,22.51047120418848,18.99367612090359,1.0,9.0,18.0,32.0,108.0
2016-03-31,ATI,PM10,2,700.0,41.455714285714286,24.479112206043684,1.0,23.0,38.0,56.0,133.0
2016-03-31,ATI,SO2,1,377.0,6.350132625994695,9.453101271676736,1.0,1.0,3.0,7.0,82.0
2016-03-31,BJU,CO,15,580.0,0.632931034482759,0.4033131724818496,0.0,0.3,0.6,0.9,2.3
2016-03-31,BJU,O3,1,686.0,32.839650145772595,30.303148676852665,0.0,9.0,26.0,48.0,183.0
2016-03-31,BJU,PM10,2,700.0,35.55714285714286,18.15624109053144,2.0,23.0,34.0,45.25,101.0
2016-03-31,BJU,PM2.5,2,697.0,19.47632711621234,12.106677375120523,1.0,11.0,17.0,26.0,63.0
2016-03-31,BJU,PMCO,2,700.0,16.161428571428573,8.776248882709323,1.0,10.0,15.0,21.0,71.0
2016-03-31,BJU,SO2,1,686.0,3.0597667638483963,4.876960517281967,0.0,1.0,1.0,3.0,39.0
2016-03-31,CAM,CO,15,683.0,0.7988286969253287,0.5500454032946225,0.1,0.4,0.6,1.0,3.5
2016-03-31,CAM,NO,1,683.0,25.698389458272327,45.91503482109419,0.0,3.0,7.0,25.0,316.0
2016-03-31,CAM,NO2,1,683.0,33.25475841874085,18.000801221787434,4.0,19.0,31.0,44.0,130.0
2016-03-31,CAM,NOX,1,683.0,58.94729136163983,57.445219378604826,4.0,24.0,40.0,70.5,393.0
2016-03-31,CAM,O3,1,683.0,28.91215226939971,29.272026048726236,0.0,5.5,20.0,44.0,160.0
2016-03-31,CAM,PM10,2,687.0,48.301310043668124,26.873438087935902,2.0,29.0,44.0,63.0,166.0
2016-03-31,CAM,PM2.5,2,687.0,22.336244541484717,14.463955779100084,1.0,11.0,20.0,32.0,81.0
2016-03-31,CAM,PMCO,2,687.0,25.96797671033479,15.515406407432424,1.0,16.0,23.0,32.0,109.0
2016-03-31,CAM,SO2,1,683.0,4.840409956076135,8.884366701076514,0.0,1.0,2.0,5.0,99.0
2016-03-31,CCA,CO,15,696.0,0.6829022988505761,0.34131893428461,0.2,0.4,0.6,0.8,2.6
2016-03-31,CCA,NO,1,0.0,,,,,,,
2016-03-31,CCA,NO2,1,0.0,,,,,,,
2016-03-31,CCA,NOX,1,0.0,,,,,,,
2016-03-31,CCA,O3,1,696.0,33.610632183908045,29.389849990727516,1.0,10.0,28.0,49.25,164.0
2016-03-31,CCA,PM2.5,2,699.0,16.13161659513591,9.46535617080428,1.0,9.0,15.0,22.0,72.0
2016-03-31,CCA,SO2,1,695.0,3.061870503597122,4.005460891991059,0.0,1.0,2.0,3.0,37.0
2016-03-31,CHO,CO,15,648.0,0.6246913580246914,0.4243823373697511,0.1,0.4,0.5,0.7,3.1
2016-03-31,CHO,NO,1,0.0,,,,,,,
2016-03-31,CHO,NO2,1,0.0,,,,,,,
2016-03-31,CHO,NOX,1,0.0,,,,,,,
2016-03-31,CHO,O3,1,600.0,31.763333333333332,24.62087802957346,3.0,9.0,29.0,47.0,98.0
2016-03-31,CHO,PM10,2,653.0,48.01684532924962,27.13725662985764,1.0,30.0,45.0,60.0,179.0
2016-03-31,CHO,SO2,1,471.0,1.5074309978768579,1.570827124247331,0.0,1.0,1.0,2.0,15.0
2016-03-31,COY,NO,1,683.0,13.676427525622255,21.69663847104093,0.0,1.0,4.0,17.0,164.0
2016-03-31,COY,NO2,1,683.0,26.612005856515374,14.71130699819951,3.0,13.5,26.0,36.0,83.0
2016-03-31,COY,NOX,1,683.0,40.27818448023426,31.406593461056634,2.0,16.0,32.0,55.0,207.0
2016-03-31,COY,O3,1,688.0,34.42732558139535,29.234392974287434,2.0,11.0,29.0,51.0,166.0
2016-03-31,COY,PM2.5,2,691.0,23.413892908827787,12.962355005440395,1.0,14.0,21.0,30.5,72.0
2016-03-31,CUA,CO,15,697.0,0.4466284074605459,0.25673283431389315,0.1,0.3,0.4,0.6,2.1
2016-03-31,CUA,NO,1,697.0,8.014347202295552,16.565173294470164,0.0,2.0,3.0,6.0,178.0
2016-03-31,CUA,NO2,1,697.0,18.585365853658537,12.4030244464453,1.0,8.0,16.0,25.0,67.0
2016-03-31,CUA,NOX,1,697.0,26.615494978479198,25.75031951186192,0.0,11.0,20.0,33.0,230.0
2016-03-31,CUA,O3,1,697.0,41.58536585365854,28.591936075099348,3.0,24.0,37.0,53.0,210.0
2016-03-31,CUA,PM10,2,702.0,27.67663817663818,16.431225139372202,1.0,15.0,26.0,37.0,93.0
2016-03-31,CUA,SO2,1,0.0,,,,,,,
2016-03-31,CUT,NO,1,561.0,21.764705882352942,38.651532523129646,0.0,1.0,4.0,23.0,253.0
2016-03-31,CUT,NO2,1,561.0,22.795008912655973,12.645681506302811,3.0,12.0,22.0,30.0,74.0
2016-03-31,CUT,NOX,1,561.0,44.51158645276292,46.29964853862393,3.0,14.0,27.0,57.0,289.0
2016-03-31,CUT,O3,1,561.0,18.449197860962567,16.934685566855997,1.0,2.0,15.0,30.0,88.0
2016-03-31,CUT,PM10,2,568.0,61.25704225352113,38.115680040603316,1.0,39.0,54.0,71.0,302.0
2016-03-31,CUT,SO2,1,561.0,6.406417112299465,12.697253421957841,0.0,1.0,2.0,5.0,113.0
2016-03-31,FAC,CO,15,356.0,0.92303370786517,0.7031340777226949,0.1,0.5,0.7,1.1,4.5
2016-03-31,FAC,NO,1,361.0,26.14404432132964,42.890639670863024,0.0,4.0,8.0,24.0,246.0
2016-03-31,FAC,NO2,1,361.0,31.01662049861496,16.593162939145238,2.0,19.0,29.0,40.0,101.0
2016-03-31,FAC,NOX,1,361.0,57.1578947368421,52.4670796256514,2.0,24.0,40.0,66.0,296.0
2016-03-31,FAC,O3,1,669.0,32.40956651718984,29.143198453999116,2.0,11.0,26.0,45.0,185.0
2016-03-31,FAC,PM10,2,0.0,,,,,,,
2016-03-31,FAC,SO2,1,361.0,4.662049861495845,5.623060179866109,1.0,2.0,3.0,5.0,73.0
2016-03-31,GAM,O3,1,694.0,33.62391930835735,31.732259316001315,1.0,6.0,27.0,50.75,163.0
2016-03-31,GAM,PM2.5,2,0.0,,,,,,,
2016-03-31,HGM,CO,15,693.0,0.673015873015872,0.36919964370962477,0.2,0.4,0.6,0.8,2.3
2016-03-31,HGM,NO,1,692.0,13.901734104046243,21.027833457392386,0.0,2.0,5.0,16.0,131.0
2016-03-31,HGM,NO2,1,692.0,29.420520231213874,15.472800869051113,2.0,17.0,28.0,39.0,87.0
2016-03-31,HGM,NOX,1,692.0,43.30057803468208,31.668815317764253,1.0,21.0,34.0,55.0,179.0
2016-03-31,HGM,O3,1,693.0,32.116883116883116,30.537277808209108,0.0,8.0,26.0,47.0,189.0
2016-03-31,HGM,PM10,2,697.0,34.061692969870876,17.576121275291598,2.0,22.0,32.0,44.0,92.0
2016-03-31,HGM,PM2.5,2,697.0,20.757532281205165,13.304783890066934,1.0,12.0,19.0,28.0,68.0
2016-03-31,HGM,PMCO,2,697.0,13.33142037302726,6.891653486536614,1.0,9.0,12.0,17.0,61.0
2016-03-31,HGM,SO2,1,693.0,3.0634920634920637,5.76430193563901,0.0,0.0,1.0,3.0,40.0
2016-03-31,INN,CO,15,161.0,0.22484472049689463,0.10549351632957184,0.0,0.1,0.2,0.3,0.5
2016-03-31,INN,O3,1,161.0,39.91925465838509,17.549919926911173,7.0,28.0,39.0,52.0,86.0
2016-03-31,INN,PM10,2,161.0,19.11801242236025,9.436219371381993,2.0,12.0,18.0,25.0,43.0
2016-03-31,INN,PM2.5,2,161.0,12.79503105590062,5.662506084348122,1.0,9.0,13.0,16.0,31.0
2016-03-31,INN,PMCO,2,159.0,6.484276729559748,5.172780935481453,1.0,3.0,5.0,9.0,24.0
2016-03-31,INN,SO2,1,157.0,1.414012738853503,1.2559835556823076,0.0,1.0,1.0,1.0,8.0
2016-03-31,IZT,CO,15,622.0,0.8800643086816722,0.4921162644720197,0.3,0.5,0.8,1.1,3.6
2016-03-31,IZT,NO,1,627.0,17.53269537480064,24.87097952625824,0.0,3.0,7.0,19.0,195.0
2016-03-31,IZT,NO2,1,627.0,28.248803827751196,14.074606470126637,4.0,16.0,28.0,37.0,70.0
2016-03-31,IZT,NOX,1,627.0,45.81818181818182,34.08271447643081,4.0,21.0,37.0,58.0,230.0
2016-03-31,IZT,O3,1,628.0,29.213375796178344,25.322273911517872,1.0,7.0,24.0,44.0,147.0
2016-03-31,IZT,PM10,2,364.0,34.612637362637365,14.857113930621608,5.0,24.0,34.0,43.25,87.0
2016-03-31,IZT,SO2,1,622.0,4.114147909967846,5.4410758826445615,1.0,2.0,2.0,4.0,36.0
2016-03-31,LLA,CO,15,0.0,,,,,,,
2016-03-31,LLA,NO,1,0.0,,,,,,,
2016-03-31,LLA,NO2,1,0.0,,,,,,,
2016-03-31,LLA,NOX,1,0.0,,,,,,,
2016-03-31,LLA,O3,1,391.0,34.21227621483376,30.620982460672995,1.0,9.0,28.0,52.0,142.0
2016-03-31,LLA,SO2,1,392.0,2.9872448979591835,2.990580362843227,1.0,1.0,2.0,3.0,28.0
2016-03-31,LPR,CO,15,0.0,,,,,,,
2016-03-31,LPR,NO,1,0.0,,,,,,,
2016-03-31,LPR,NO2,1,0.0,,,,,,,
2016-03-31,LPR,NOX,1,0.0,,,,,,,
2016-03-31,LPR,O3,1,0.0,,,,,,,
2016-03-31,LPR,SO2,1,0.0,,,,,,,
2016-03-31,MER,CO,15,636.0,0.8435534591194972,0.5181790788593684,0.1,0.5,0.7,1.0,3.4
2016-03-31,MER,NO,1,636.0,27.2625786163522,36.009166579493524,1.0,6.0,13.5,31.25,238.0
2016-03-31,MER,NO2,1,636.0,33.685534591194966,16.094362827768997,4.0,21.0,32.5,43.0,90.0
2016-03-31,MER,NOX,1,636.0,60.9748427672956,46.29357870276498,6.0,30.0,46.0,75.0,305.0
2016-03-31,MER,O3,1,632.0,25.604430379746834,25.857071105230485,0.0,4.0,19.0,39.0,144.0
2016-03-31,MER,PM10,2,625.0,51.0528,27.3973976866417,2.0,31.0,48.0,68.0,171.0
2016-03-31,MER,PM2.5,2,625.0,24.64,16.03111957636754,1.0,12.0,23.0,36.0,77.0
2016-03-31,MER,PMCO,2,625.0,26.4016,14.895587369315894,1.0,16.0,25.0,34.0,103.0
2016-03-31,MER,SO2,1,636.0,4.9748427672955975,5.915094462045741,0.0,2.0,3.0,5.0,40.0
2016-03-31,MGH,CO,15,612.0,0.5816993464052288,0.40949258585707266,0.1,0.3,0.5,0.7,2.8
2016-03-31,MGH,NO,1,689.0,22.566037735849058,34.11576660335537,1.0,4.0,8.0,25.0,249.0
2016-03-31,MGH,NO2,1,689.0,30.37010159651669,15.764556953779753,4.0,19.0,29.0,40.0,81.0
2016-03-31,MGH,NOX,1,689.0,52.94049346879535,44.90873432799216,6.0,24.0,37.0,68.0,316.0
2016-03-31,MGH,O3,1,689.0,30.284470246734397,29.881846880859044,0.0,8.0,22.0,45.0,190.0
2016-03-31,MGH,PM10,2,692.0,31.86127167630058,16.773052352245823,3.0,19.0,29.0,41.25,88.0
2016-03-31,MGH,PM2.5,2,692.0,19.45086705202312,12.233221444786164,1.0,10.0,17.0,27.0,66.0
2016-03-31,MGH,PMCO,2,692.0,12.427745664739884,6.809947104826227,1.0,8.0,12.0,16.0,53.0
2016-03-31,MGH,SO2,1,689.0,3.551523947750363,5.129489086124751,1.0,1.0,2.0,3.0,48.0
2016-03-31,MON,CO,15,681.0,0.3582966226138027,0.33258263918255726,0.0,0.2,0.3,0.4,2.5
2016-03-31,MON,NO,1,687.0,13.735080058224163,31.00794087541487,0.0,1.0,2.0,7.0,219.0
2016-03-31,MON,NO2,1,687.0,15.0,9.406591572646134,1.0,7.0,13.0,20.5,54.0
2016-03-31,MON,NOX,1,687.0,28.729257641921397,36.526352201297534,2.0,8.0,15.0,30.5,254.0
2016-03-31,MON,O3,1,688.0,31.09593023255814,23.738742635174575,0.0,11.0,30.0,46.0,131.0
2016-03-31,MON,SO2,1,0.0,,,,,,,
2016-03-31,MPA,CO,15,637.0,0.3037676609105193,0.12112521208589598,0.1,0.2,0.3,0.3,0.8
2016-03-31,MPA,O3,1,639.0,47.20500782472613,19.577918595000796,6.0,31.5,47.0,59.0,118.0
2016-03-31,MPA,PM10,2,551.0,28.107078039927405,18.083276171175115,3.0,15.0,25.0,35.0,149.0
2016-03-31,MPA,PM2.5,2,551.0,15.328493647912886,9.051322620552382,1.0,9.0,14.0,19.0,61.0
2016-03-31,MPA,PMCO,2,551.0,12.773139745916515,12.014585262636515,1.0,6.0,9.0,16.0,101.0
2016-03-31,MPA,SO2,1,631.0,1.6656101426307448,1.8397911113722185,1.0,1.0,1.0,2.0,20.0
2016-03-31,NEZ,CO,15,502.0,0.6611553784860548,0.5348018639585777,0.1,0.3,0.5,0.8,3.2
2016-03-31,NEZ,NO,1,675.0,14.885925925925926,25.34557056029997,1.0,2.0,4.0,14.0,152.0
2016-03-31,NEZ,NO2,1,675.0,26.031111111111112,14.0119886495435,2.0,15.0,24.0,35.0,87.0
2016-03-31,NEZ,NOX,1,675.0,40.91851851851852,34.83625363805491,3.0,18.0,29.0,50.0,196.0
2016-03-31,NEZ,O3,1,675.0,30.96,25.721572421487515,0.0,10.0,26.0,46.0,132.0
2016-03-31,NEZ,PM2.5,2,686.0,23.543731778425656,16.47330014254418,1.0,13.0,21.0,30.0,225.0
2016-03-31,NEZ,SO2,1,675.0,2.6992592592592595,3.9432076651940533,0.0,1.0,2.0,2.0,36.0
2016-03-31,PED,CO,15,580.0,0.378620689655172,0.2860453258035008,0.0,0.2,0.3,0.5,1.8
2016-03-31,PED,NO,1,580.0,6.244827586206896,11.070291545054369,0.0,1.0,2.0,6.0,114.0
2016-03-31,PED,NO2,1,580.0,22.85,12.830497858705465,1.0,13.75,21.0,30.0,77.0
2016-03-31,PED,NOX,1,580.0,29.086206896551722,20.50593619159004,1.0,15.0,24.0,37.25,145.0
2016-03-31,PED,O3,1,311.0,40.241157556270096,31.319833620416627,0.0,19.0,35.0,54.0,171.0
2016-03-31,PED,PM10,2,0.0,,,,,,,
2016-03-31,PED,PM2.5,2,0.0,,,,,,,
2016-03-31,PED,PMCO,2,0.0,,,,,,,
2016-03-31,PED,SO2,1,579.0,2.300518134715026,2.6463103008869893,0.0,1.0,2.0,3.0,34.0
2016-03-31,SAG,CO,15,469.0,0.6846481876332622,0.4944769034190287,0.1,0.4,0.5,0.8,3.6
2016-03-31,SAG,NO,1,650.0,18.287692307692307,31.762242742032438,1.0,3.0,6.0,16.75,295.0
2016-03-31,SAG,NO2,1,650.0,24.175384615384615,11.827861791836632,3.0,15.0,23.0,32.0,73.0
2016-03-31,SAG,NOX,1,650.0,42.5,38.32921417764936,5.0,19.0,30.0,50.75,323.0
2016-03-31,SAG,O3,1,693.0,30.2020202020202,26.724177671417017,1.0,8.0,23.0,46.0,145.0
2016-03-31,SAG,PM10,2,658.0,45.49088145896656,24.182727942246242,2.0,28.0,43.0,60.0,183.0
2016-03-31,SAG,PM2.5,2,658.0,22.241641337386017,13.477450530296299,1.0,13.0,21.0,30.0,87.0
2016-03-31,SAG,PMCO,2,658.0,23.25075987841945,14.525976554280133,1.0,13.0,20.0,30.0,121.0
2016-03-31,SAG,SO2,1,650.0,4.3076923076923075,6.166970714559922,1.0,2.0,3.0,4.0,65.0
2016-03-31,SFE,CO,15,0.0,,,,,,,
2016-03-31,SFE,NO,1,0.0,,,,,,,
2016-03-31,SFE,NO2,1,0.0,,,,,,,
2016-03-31,SFE,NOX,1,0.0,,,,,,,
2016-03-31,SFE,O3,1,0.0,,,,,,,
2016-03-31,SFE,PM10,2,0.0,,,,,,,
2016-03-31,SFE,PM2.5,2,0.0,,,,,,,
2016-03-31,SFE,PMCO,2,0.0,,,,,,,
2016-03-31,SFE,SO2,1,0.0,,,,,,,
2016-03-31,SJA,CO,15,0.0,,,,,,,
2016-03-31,SJA,NO,1,0.0,,,,,,,
2016-03-31,SJA,NO2,1,0.0,,,,,,,
2016-03-31,SJA,NOX,1,0.0,,,,,,,
2016-03-31,SJA,O3,1,0.0,,,,,,,
2016-03-31,SJA,PM2.5,2,0.0,,,,,,,
2016-03-31,SJA,SO2,1,0.0,,,,,,,
2016-03-31,TAH,CO,15,378.0,0.3375661375661367,0.2654587183687642,0.0,0.1,0.3,0.4,2.0
2016-03-31,TAH,NO,1,0.0,,,,,,,
2016-03-31,TAH,NO2,1,0.0,,,,,,,
2016-03-31,TAH,NOX,1,0.0,,,,,,,
2016-03-31,TAH,O3,1,380.0,34.76578947368421,22.89750912604246,1.0,16.0,32.0,50.0,95.0
2016-03-31,TAH,PM10,2,641.0,35.436817472698905,21.34807116241868,1.0,19.0,33.0,47.0,142.0
2016-03-31,TAH,SO2,1,378.0,1.7936507936507937,2.677098453993301,0.0,1.0,1.0,1.0,23.0
2016-03-31,TLA,CO,15,669.0,0.8125560538116594,0.4774786090264326,0.2,0.5,0.7,1.0,3.0
2016-03-31,TLA,NO,1,654.0,26.218654434250766,39.837067327497834,0.0,5.0,9.0,25.0,220.0
2016-03-31,TLA,NO2,1,654.0,33.71559633027523,17.36779424842978,5.0,20.0,32.0,45.0,107.0
2016-03-31,TLA,NOX,1,654.0,59.944954128440365,51.10638123246286,5.0,26.0,43.0,72.75,298.0
2016-03-31,TLA,O3,1,678.0,27.182890855457227,26.341281369477862,0.0,7.0,20.0,39.75,144.0
2016-03-31,TLA,PM10,2,679.0,53.415316642120764,28.43994035739762,2.0,33.0,49.0,70.0,198.0
2016-03-31,TLA,PM2.5,2,679.0,24.008836524300442,15.333266655981781,1.0,12.0,21.0,33.5,86.0
2016-03-31,TLA,PMCO,2,679.0,29.39764359351988,16.44085835191439,1.0,18.0,27.0,37.0,164.0
2016-03-31,TLA,SO2,1,688.0,6.803779069767442,11.327499365886553,0.0,2.0,3.0,7.0,132.0
2016-03-31,TLI,CO,15,336.0,0.4494047619047614,0.4292300672181786,0.0,0.2,0.3,0.6,2.2
2016-03-31,TLI,NO,1,359.0,20.551532033426184,34.558783078542845,1.0,3.0,6.0,19.5,234.0
2016-03-31,TLI,NO2,1,359.0,25.96100278551532,14.63326871145188,4.0,15.0,23.0,35.0,84.0
2016-03-31,TLI,NOX,1,359.0,46.56267409470752,44.85850939849587,6.0,19.0,30.0,55.0,276.0
2016-03-31,TLI,O3,1,359.0,27.434540389972145,27.190627066638164,0.0,6.0,19.0,41.0,133.0
2016-03-31,TLI,PM10,2,706.0,49.51274787535411,30.61053416391445,1.0,29.0,46.0,66.0,168.0
2016-03-31,TLI,SO2,1,359.0,8.07799442896936,14.182156559618598,0.0,1.0,3.0,9.0,138.0
2016-03-31,UAX,CO,15,471.0,0.37048832271762144,0.2630418932970726,0.0,0.2,0.3,0.5,1.6
2016-03-31,UAX,NO,1,692.0,8.578034682080926,15.412738643247256,0.0,1.0,2.0,8.0,148.0
2016-03-31,UAX,NO2,1,692.0,21.251445086705203,11.903631896299347,3.0,11.0,21.0,30.0,63.0
2016-03-31,UAX,NOX,1,692.0,29.80057803468208,23.44987201446152,3.0,12.0,23.0,40.0,174.0
2016-03-31,UAX,O3,1,692.0,35.66184971098266,27.664437270301487,0.0,12.0,32.5,52.0,128.0
2016-03-31,UAX,PM2.5,2,699.0,17.683834048640914,9.99907784607399,1.0,10.0,17.0,24.0,60.0
2016-03-31,UAX,SO2,1,692.0,2.328034682080925,3.6726659061803253,0.0,1.0,1.0,2.0,30.0
2016-03-31,UIZ,CO,15,680.0,0.6910294117647056,0.45002909317141204,0.1,0.4,0.6,0.8,3.1
2016-03-31,UIZ,NO,1,680.0,14.064705882352941,24.13166977070185,0.0,2.0,4.0,12.0,158.0
2016-03-31,UIZ,NO2,1,680.0,25.794117647058822,14.257115964555629,2.0,14.0,25.0,33.0,99.0
2016-03-31,UIZ,NOX,1,680.0,39.8235294117647,33.97614218673297,3.0,17.0,30.0,49.0,236.0
2016-03-31,UIZ,O3,1,683.0,28.43484626647145,24.496928129248907,0.0,7.0,24.0,43.0,124.0
2016-03-31,UIZ,PM10,2,678.0,44.402654867256636,22.046046722763553,2.0,31.0,42.0,58.0,129.0
2016-03-31,UIZ,PM2.5,2,678.0,22.20501474926254,13.379502331693809,1.0,13.0,20.0,29.0,65.0
2016-03-31,UIZ,PMCO,2,678.0,22.1976401179941,12.490203914744107,1.0,14.0,21.0,27.0,92.0
2016-03-31,UIZ,SO2,1,680.0,2.2661764705882352,4.133775898547964,0.0,0.0,1.0,2.0,32.0
2016-03-31,VIF,CO,15,355.0,0.6002816901408461,0.35697240643723027,0.2,0.3,0.5,0.7,2.7
2016-03-31,VIF,NO,1,353.0,16.546742209631727,26.288471740649374,1.0,2.0,4.0,18.0,139.0
2016-03-31,VIF,NO2,1,353.0,22.708215297450426,12.105002977689802,5.0,13.0,21.0,31.0,75.0
2016-03-31,VIF,NOX,1,353.0,39.29461756373938,34.2147861350215,6.0,16.0,26.0,51.0,181.0
2016-03-31,VIF,O3,1,355.0,29.780281690140846,27.07892116890623,1.0,6.0,24.0,45.0,121.0
2016-03-31,VIF,PM10,2,650.0,66.16923076923077,41.34125307581842,1.0,38.0,61.0,87.0,307.0
2016-03-31,VIF,SO2,1,301.0,6.026578073089701,12.037412149269594,0.0,1.0,2.0,4.0,98.0
2016-03-31,XAL,CO,15,687.0,0.8221251819505098,0.6296184429664897,0.0,0.4,0.6,1.0,5.1
2016-03-31,XAL,NO,1,687.0,32.959243085880644,48.97096865342587,1.0,7.0,13.0,36.5,411.0
2016-03-31,XAL,NO2,1,687.0,31.149927219796215,14.096685997678463,4.0,20.0,29.0,40.0,91.0
2016-03-31,XAL,NOX,1,687.0,64.10334788937409,57.14527625363923,6.0,30.0,44.0,78.0,472.0
2016-03-31,XAL,O3,1,687.0,21.19650655021834,18.550241902964096,1.0,5.0,17.0,32.0,87.0
2016-03-31,XAL,PM10,2,709.0,64.84767277856136,35.73919868948127,2.0,42.0,58.0,82.0,243.0
2016-03-31,XAL,PM2.5,2,709.0,26.75317348377997,17.4603588698494,1.0,14.0,24.0,36.0,155.0
2016-03-31,XAL,PMCO,2,709.0,38.10860366713681,21.998351168234123,1.0,23.0,34.0,47.0,153.0
2016-03-31,XAL,SO2,1,694.0,4.778097982708934,5.765978124864617,1.0,2.0,3.0,5.0,54.0
2016-04-30,ACO,CO,15,642.0,0.298909657320872,0.2012024568511533,0.0,0.2,0.2,0.4,1.2
2016-04-30,ACO,NO,1,635.0,9.09291338582677,14.09205416928817,0.0,1.0,3.0,9.0,88.0
2016-04-30,ACO,NO2,1,635.0,18.661417322834644,8.634371626374987,6.0,11.0,18.0,25.0,47.0
2016-04-30,ACO,NOX,1,635.0,27.716535433070867,20.47753929890248,5.0,13.0,20.0,35.5,124.0
2016-04-30,ACO,O3,1,642.0,42.31619937694704,31.149000568088297,2.0,12.0,41.0,66.0,135.0
2016-04-30,ACO,PM10,2,448.0,50.854910714285715,21.15002177353708,1.0,37.0,48.0,62.0,157.0
2016-04-30,ACO,SO2,1,642.0,2.0498442367601246,2.705632013686375,0.0,1.0,1.0,2.0,29.0
2016-04-30,AJM,CO,15,672.0,0.6495535714285731,0.22283857032030358,0.2,0.5,0.6,0.7,1.6
2016-04-30,AJM,NO,1,672.0,4.15625,6.904349020359048,0.0,1.0,1.0,4.0,51.0
2016-04-30,AJM,NO2,1,672.0,15.610119047619047,10.832132691419762,2.0,8.0,13.0,21.0,56.0
2016-04-30,AJM,NOX,1,672.0,19.769345238095237,16.613034605263564,2.0,9.0,14.5,25.0,103.0
2016-04-30,AJM,O3,1,673.0,54.90193164933135,27.397632183080503,6.0,36.0,49.0,69.0,160.0
2016-04-30,AJM,PM10,2,684.0,39.71345029239766,18.672324171924075,3.0,24.0,39.0,53.0,109.0
2016-04-30,AJM,PM2.5,2,684.0,21.54824561403509,10.06548164684252,1.0,14.0,21.0,27.0,58.0
2016-04-30,AJM,PMCO,2,684.0,18.141812865497077,11.293453198295406,1.0,9.0,17.0,25.0,81.0
2016-04-30,AJM,SO2,1,672.0,3.3779761904761907,3.3334313554532002,1.0,2.0,2.0,3.0,32.0
2016-04-30,AJU,O3,1,673.0,40.99702823179792,28.89265833116029,1.0,15.0,38.0,62.0,139.0
2016-04-30,AJU,PM2.5,2,688.0,21.300872093023255,11.745154129535981,1.0,15.0,20.0,27.0,146.0
2016-04-30,ATI,CO,15,654.0,0.7643730886850144,0.5047703417968147,0.1,0.4,0.6,0.9,2.8
2016-04-30,ATI,NO,1,555.0,17.126126126126128,31.123347568134133,0.0,1.0,3.0,15.5,165.0
2016-04-30,ATI,NO2,1,555.0,25.66846846846847,15.074484035940213,3.0,14.0,23.0,35.0,81.0
2016-04-30,ATI,NOX,1,555.0,42.807207207207206,41.79994410311781,4.0,16.0,27.0,52.0,216.0
2016-04-30,ATI,O3,1,670.0,32.57313432835821,27.272250728854505,1.0,10.0,26.0,50.0,137.0
2016-04-30,ATI,PM10,2,671.0,55.622950819672134,34.744732373376806,1.0,31.5,48.0,70.5,279.0
2016-04-30,ATI,SO2,1,668.0,5.24251497005988,10.470255762607133,1.0,1.0,2.0,4.0,119.0
2016-04-30,BJU,CO,15,670.0,0.8144776119402979,0.4926812143969962,0.1,0.5,0.7,1.0,3.0
2016-04-30,BJU,O3,1,670.0,39.497014925373136,35.69488484685123,0.0,8.25,31.0,61.0,159.0
2016-04-30,BJU,PM10,2,679.0,48.94550810014727,19.84998992441975,12.0,34.0,46.0,61.0,118.0
2016-04-30,BJU,PM2.5,2,679.0,27.665684830633285,12.64625998186184,5.0,19.0,26.0,34.0,74.0
2016-04-30,BJU,PMCO,2,679.0,21.2680412371134,11.059987710819973,1.0,14.0,19.0,27.0,79.0
2016-04-30,BJU,SO2,1,581.0,4.819277108433735,7.937256550313386,0.0,1.0,2.0,4.0,75.0
2016-04-30,CAM,CO,15,671.0,1.0035767511177343,0.7083419949339733,0.2,0.6,0.8,1.2,4.6
2016-04-30,CAM,NO,1,671.0,33.479880774962744,58.38965199660193,1.0,3.0,7.0,35.0,366.0
2016-04-30,CAM,NO2,1,671.0,36.71684053651267,17.54389802079588,6.0,23.0,35.0,47.0,116.0
2016-04-30,CAM,NOX,1,671.0,70.19672131147541,69.65443523167141,7.0,26.0,44.0,85.5,425.0
2016-04-30,CAM,O3,1,673.0,34.35512630014859,33.08548012738099,0.0,5.0,26.0,53.0,135.0
2016-04-30,CAM,PM10,2,685.0,62.191240875912406,29.338764136553422,7.0,42.0,58.0,76.0,193.0
2016-04-30,CAM,PM2.5,2,685.0,30.264233576642336,15.263435923889228,1.0,19.0,28.0,39.0,103.0
2016-04-30,CAM,PMCO,2,685.0,31.92846715328467,18.518976157177374,4.0,19.0,28.0,40.0,114.0
2016-04-30,CAM,SO2,1,671.0,6.059612518628912,11.595779951579608,1.0,2.0,3.0,5.0,123.0
2016-04-30,CCA,CO,15,672.0,0.7979166666666663,0.41011263643702167,0.3,0.5,0.7,0.9,2.7
2016-04-30,CCA,NO,1,537.0,16.00372439478585,30.196928050961514,1.0,2.0,4.0,13.0,206.0
2016-04-30,CCA,NO2,1,537.0,26.972067039106147,13.773933106392624,3.0,16.0,24.0,36.0,77.0
2016-04-30,CCA,NOX,1,537.0,42.95530726256983,39.48665293522208,5.0,19.0,28.0,50.0,247.0
2016-04-30,CCA,O3,1,673.0,40.48439821693908,34.21279014050641,2.0,10.0,35.0,63.0,148.0
2016-04-30,CCA,PM2.5,2,686.0,22.67930029154519,10.921848862504316,2.0,15.0,22.0,28.0,104.0
2016-04-30,CCA,SO2,1,670.0,3.401492537313433,4.140109417663788,0.0,2.0,2.0,3.0,46.0
2016-04-30,CHO,CO,15,671.0,0.9122205663189302,0.4929954002936773,0.4,0.6,0.8,1.0,4.3
2016-04-30,CHO,NO,1,0.0,,,,,,,
2016-04-30,CHO,NO2,1,0.0,,,,,,,
2016-04-30,CHO,NOX,1,0.0,,,,,,,
2016-04-30,CHO,O3,1,671.0,39.21907600596125,28.48751483079057,3.0,12.0,37.0,61.0,135.0
2016-04-30,CHO,PM10,2,680.0,66.525,37.549095500442185,1.0,40.0,61.5,86.5,283.0
2016-04-30,CHO,SO2,1,232.0,2.461206896551724,2.286465790214749,0.0,1.0,2.0,3.0,15.0
2016-04-30,COY,NO,1,667.0,17.05847076461769,29.40349715774256,0.0,1.0,4.0,17.0,159.0
2016-04-30,COY,NO2,1,667.0,29.55472263868066,14.676836800687209,5.0,18.0,29.0,38.0,90.0
2016-04-30,COY,NOX,1,667.0,46.6191904047976,39.18239619670987,6.0,20.0,34.0,56.0,204.0
2016-04-30,COY,O3,1,666.0,39.16066066066066,33.97265174564004,2.0,8.0,31.5,63.0,146.0
2016-04-30,COY,PM2.5,2,681.0,29.869309838472834,13.176146482967775,5.0,20.0,28.0,38.0,83.0
2016-04-30,CUA,CO,15,673.0,0.66478454680535,0.2657407486162577,0.3,0.5,0.6,0.8,2.1
2016-04-30,CUA,NO,1,673.0,8.912332838038633,18.547952157108607,0.0,1.0,3.0,7.0,170.0
2016-04-30,CUA,NO2,1,673.0,20.424962852897472,13.393120825725681,3.0,10.0,17.0,28.0,73.0
2016-04-30,CUA,NOX,1,673.0,29.343239227340266,28.924000161200457,4.0,12.0,20.0,35.0,208.0
2016-04-30,CUA,O3,1,673.0,47.271916790490344,30.066078992663247,3.0,27.0,44.0,59.0,153.0
2016-04-30,CUA,PM10,2,681.0,38.55066079295154,19.29014157705202,1.0,24.0,36.0,52.0,114.0
2016-04-30,CUA,SO2,1,0.0,,,,,,,
2016-04-30,CUT,NO,1,663.0,24.644042232277528,40.166496273767734,0.0,1.0,4.0,32.0,216.0
2016-04-30,CUT,NO2,1,663.0,23.355957767722472,13.135477775281743,1.0,12.0,24.0,32.0,81.0
2016-04-30,CUT,NOX,1,663.0,47.9788838612368,47.72639962440963,1.0,14.0,31.0,67.0,259.0
2016-04-30,CUT,O3,1,668.0,21.568862275449103,19.698318116902133,1.0,2.0,18.0,35.0,81.0
2016-04-30,CUT,PM10,2,678.0,69.89085545722713,42.999947155747726,1.0,42.0,59.0,87.75,273.0
2016-04-30,CUT,SO2,1,666.0,4.96996996996997,10.747085591959534,0.0,1.0,1.0,4.0,112.0
2016-04-30,FAC,CO,15,529.0,0.8741020793950848,0.7058135195705364,0.1,0.4,0.6,1.1,4.1
2016-04-30,FAC,NO,1,487.0,32.58932238193019,54.329922343820535,0.0,3.0,9.0,33.0,283.0
2016-04-30,FAC,NO2,1,487.0,32.87063655030801,16.99835686217121,5.0,20.0,30.0,42.0,93.0
2016-04-30,FAC,NOX,1,487.0,65.48049281314168,63.83027205826679,6.0,24.0,41.0,83.0,324.0
2016-04-30,FAC,O3,1,668.0,38.61077844311377,32.73227005328826,3.0,11.0,31.0,54.0,152.0
2016-04-30,FAC,PM10,2,0.0,,,,,,,
2016-04-30,FAC,SO2,1,531.0,4.124293785310734,3.7091922047314685,1.0,2.0,3.0,5.0,39.0
2016-04-30,GAM,O3,1,671.0,39.12369597615499,35.89035402847854,1.0,5.0,30.0,62.5,144.0
2016-04-30,GAM,PM2.5,2,0.0,,,,,,,
2016-04-30,HGM,CO,15,651.0,0.8238095238095232,0.48681216150182655,0.1,0.5,0.7,1.0,3.1
2016-04-30,HGM,NO,1,450.0,19.38,30.58785659451756,0.0,2.0,5.0,23.75,179.0
2016-04-30,HGM,NO2,1,450.0,33.50888888888889,17.30677380964154,7.0,20.0,30.0,44.0,112.0
2016-04-30,HGM,NOX,1,450.0,52.92888888888889,43.588369253445435,10.0,23.0,35.0,68.75,258.0
2016-04-30,HGM,O3,1,673.0,38.298662704309066,34.702583460085776,0.0,8.0,30.0,60.0,149.0
2016-04-30,HGM,PM10,2,663.0,46.98793363499246,19.292152947795845,11.0,33.0,46.0,57.0,128.0
2016-04-30,HGM,PM2.5,2,663.0,28.953242835595777,13.530180571445701,1.0,19.5,28.0,36.0,82.0
2016-04-30,HGM,PMCO,2,663.0,18.048265460030166,9.234643127580787,2.0,12.0,17.0,23.0,95.0
2016-04-30,HGM,SO2,1,641.0,5.170046801872075,12.394332430754543,0.0,1.0,1.0,3.0,93.0
2016-04-30,INN,CO,15,550.0,0.2541818181818184,0.09793293324418605,0.0,0.2,0.3,0.3,0.5
2016-04-30,INN,O3,1,555.0,53.95495495495496,19.751153778567218,16.0,41.0,50.0,64.0,136.0
2016-04-30,INN,PM10,2,0.0,,,,,,,
2016-04-30,INN,PM2.5,2,0.0,,,,,,,
2016-04-30,INN,PMCO,2,0.0,,,,,,,
2016-04-30,INN,SO2,1,555.0,2.0936936936936936,1.2481957577597222,1.0,1.0,2.0,2.0,14.0
2016-04-30,IZT,CO,15,661.0,0.9934947049924361,0.5874212097153421,0.3,0.6,0.8,1.2,4.5
2016-04-30,IZT,NO,1,661.0,21.838124054462934,33.81755146042551,0.0,2.0,6.0,26.0,268.0
2016-04-30,IZT,NO2,1,661.0,32.97428139183056,15.711246829737648,5.0,21.0,32.0,42.0,108.0
2016-04-30,IZT,NOX,1,661.0,54.83509833585477,44.366569207118246,6.0,24.0,39.0,69.0,309.0
2016-04-30,IZT,O3,1,661.0,36.92738275340393,33.26488079797185,0.0,7.0,29.0,60.0,145.0
2016-04-30,IZT,PM10,2,679.0,45.15169366715759,25.3171440144927,4.0,31.0,42.0,55.5,431.0
2016-04-30,IZT,SO2,1,661.0,5.605143721633888,9.840850427600374,0.0,2.0,3.0,4.0,89.0
2016-04-30,LLA,CO,15,0.0,,,,,,,
2016-04-30,LLA,NO,1,0.0,,,,,,,
2016-04-30,LLA,NO2,1,0.0,,,,,,,
2016-04-30,LLA,NOX,1,0.0,,,,,,,
2016-04-30,LLA,O3,1,401.0,34.66334164588529,32.693407252923116,0.0,4.0,27.0,59.0,144.0
2016-04-30,LLA,SO2,1,213.0,1.807511737089202,0.893128857836994,1.0,1.0,2.0,2.0,6.0
2016-04-30,LPR,CO,15,0.0,,,,,,,
2016-04-30,LPR,NO,1,0.0,,,,,,,
2016-04-30,LPR,NO2,1,0.0,,,,,,,
2016-04-30,LPR,NOX,1,0.0,,,,,,,
2016-04-30,LPR,O3,1,425.0,34.190588235294115,29.50342010686592,1.0,8.0,30.0,54.0,139.0
2016-04-30,LPR,SO2,1,0.0,,,,,,,
2016-04-30,MER,CO,15,482.0,1.119502074688798,0.6884202297126367,0.4,0.7,0.8,1.375,4.4
2016-04-30,MER,NO,1,482.0,34.41701244813278,47.608355031555725,0.0,5.0,13.0,38.0,277.0
2016-04-30,MER,NO2,1,482.0,38.010373443983404,17.351984562562816,9.0,24.0,36.0,48.0,109.0
2016-04-30,MER,NOX,1,482.0,72.42116182572614,58.3330017560013,11.0,32.0,49.0,91.75,335.0
2016-04-30,MER,O3,1,436.0,30.71330275229358,29.311453288677733,1.0,4.0,23.0,48.25,119.0
2016-04-30,MER,PM10,2,590.0,67.42881355932204,28.478702916607354,9.0,47.0,65.5,83.0,177.0
2016-04-30,MER,PM2.5,2,590.0,33.77457627118644,15.814771342151284,2.0,22.25,32.0,43.0,98.0
2016-04-30,MER,PMCO,2,590.0,33.664406779661014,17.48331984799381,1.0,21.0,31.0,43.75,126.0
2016-04-30,MER,SO2,1,470.0,7.691489361702128,12.99173642209082,1.0,2.0,3.0,6.0,97.0
2016-04-30,MGH,CO,15,661.0,0.7748865355521933,0.5195906262862082,0.0,0.4,0.6,1.0,2.9
2016-04-30,MGH,NO,1,672.0,27.84672619047619,43.71215992355836,1.0,3.0,8.0,33.0,393.0
2016-04-30,MGH,NO2,1,672.0,33.50297619047619,16.491428205096227,6.0,21.0,32.0,43.0,140.0
2016-04-30,MGH,NOX,1,672.0,61.351190476190474,54.623915637149764,8.0,25.0,41.0,79.25,455.0
2016-04-30,MGH,O3,1,672.0,35.80357142857143,32.982497084097325,0.0,8.0,30.0,55.25,143.0
2016-04-30,MGH,PM10,2,686.0,43.68804664723032,19.37532639640334,5.0,30.0,41.0,54.0,119.0
2016-04-30,MGH,PM2.5,2,686.0,27.005830903790088,12.557138120437482,2.0,18.0,26.0,35.0,73.0
2016-04-30,MGH,PMCO,2,686.0,16.70408163265306,10.10780782051143,2.0,9.0,15.0,21.0,74.0
2016-04-30,MGH,SO2,1,672.0,4.130952380952381,7.796066510808404,1.0,1.0,2.0,3.0,78.0
2016-04-30,MON,CO,15,673.0,0.5138187221396735,0.41303444073381246,0.1,0.3,0.4,0.6,2.5
2016-04-30,MON,NO,1,668.0,18.176646706586826,37.971210503740465,0.0,1.0,2.0,12.25,221.0
2016-04-30,MON,NO2,1,668.0,17.20059880239521,9.922270602728066,3.0,8.0,15.0,25.0,48.0
2016-04-30,MON,NOX,1,668.0,35.37125748502994,44.17411251069473,4.0,9.0,17.0,39.0,251.0
2016-04-30,MON,O3,1,618.0,32.077669902912625,25.34719276905699,0.0,7.0,31.0,51.0,103.0
2016-04-30,MON,SO2,1,0.0,,,,,,,
2016-04-30,MPA,CO,15,651.0,0.34101382488479465,0.12499188204763222,0.1,0.3,0.3,0.4,1.2
2016-04-30,MPA,O3,1,657.0,54.56316590563166,22.029415915350963,7.0,39.0,51.0,68.0,137.0
2016-04-30,MPA,PM10,2,633.0,43.360189573459714,24.93560938003878,4.0,26.0,39.0,55.0,204.0
2016-04-30,MPA,PM2.5,2,633.0,23.726698262243286,14.704672834291733,2.0,17.0,22.0,27.0,159.0
2016-04-30,MPA,PMCO,2,633.0,19.608214849921012,15.726038497976614,1.0,7.0,17.0,27.0,146.0
2016-04-30,MPA,SO2,1,657.0,1.8675799086757991,2.0149893527130582,1.0,1.0,1.0,2.0,20.0
2016-04-30,NEZ,CO,15,619.0,0.6348949919224561,0.5684052923171121,0.0,0.3,0.5,0.8,3.6
2016-04-30,NEZ,NO,1,664.0,16.737951807228917,31.459624909055858,0.0,1.0,3.0,15.0,221.0
2016-04-30,NEZ,NO2,1,664.0,29.34036144578313,14.191487172413815,6.0,17.0,28.0,39.0,88.0
2016-04-30,NEZ,NOX,1,664.0,46.100903614457835,40.53894538214555,8.0,18.0,33.0,56.0,279.0
2016-04-30,NEZ,O3,1,665.0,35.39248120300752,30.145194885882805,0.0,9.0,28.0,56.0,125.0
2016-04-30,NEZ,PM2.5,2,656.0,28.307926829268293,14.492630334622215,1.0,20.0,26.5,34.0,181.0
2016-04-30,NEZ,SO2,1,664.0,3.8343373493975905,7.784985462751721,0.0,1.0,2.0,3.0,113.0
2016-04-30,PED,CO,15,639.0,0.48748043818466363,0.3100708876011072,0.1,0.3,0.4,0.6,1.9
2016-04-30,PED,NO,1,638.0,8.137931034482758,14.718491987554312,0.0,1.0,2.0,7.0,113.0
2016-04-30,PED,NO2,1,638.0,21.67241379310345,13.507514885117757,2.0,11.0,18.0,30.0,90.0
2016-04-30,PED,NOX,1,638.0,29.84796238244514,25.929146675757828,2.0,13.0,21.0,37.75,158.0
2016-04-30,PED,O3,1,642.0,43.338006230529594,33.08740499322381,0.0,16.0,37.0,63.0,148.0
2016-04-30,PED,PM10,2,0.0,,,,,,,
2016-04-30,PED,PM2.5,2,0.0,,,,,,,
2016-04-30,PED,PMCO,2,0.0,,,,,,,
2016-04-30,PED,SO2,1,541.0,2.635859519408503,3.1620622447206723,0.0,1.0,2.0,3.0,31.0
2016-04-30,SAG,CO,15,526.0,0.931939163498099,0.5869751711358543,0.3,0.6,0.7,1.1,4.2
2016-04-30,SAG,NO,1,333.0,21.66966966966967,36.33659841714832,1.0,2.0,4.0,24.0,187.0
2016-04-30,SAG,NO2,1,333.0,29.303303303303302,12.819925939860696,8.0,17.0,31.0,39.0,68.0
2016-04-30,SAG,NOX,1,333.0,51.0,44.08466662372872,10.0,20.0,35.0,63.0,233.0
2016-04-30,SAG,O3,1,573.0,35.345549738219894,32.09087787164963,1.0,5.0,28.0,57.0,128.0
2016-04-30,SAG,PM10,2,533.0,63.37898686679174,28.08718450749555,9.0,43.0,60.0,78.0,231.0
2016-04-30,SAG,PM2.5,2,533.0,32.388367729831145,14.800465337629943,3.0,22.0,30.0,42.0,87.0
2016-04-30,SAG,PMCO,2,533.0,30.94934333958724,18.665920872316907,3.0,19.0,27.0,39.0,181.0
2016-04-30,SAG,SO2,1,526.0,4.359315589353612,8.988149802046228,0.0,1.0,2.0,4.0,118.0
2016-04-30,SFE,CO,15,672.0,0.6928571428571407,0.30290622681613105,0.1,0.5,0.7,0.9,1.7
2016-04-30,SFE,NO,1,666.0,8.228228228228229,14.448940919604114,0.0,1.0,2.0,8.0,90.0
2016-04-30,SFE,NO2,1,666.0,21.07207207207207,12.807689216579313,2.0,11.0,19.0,28.0,93.0
2016-04-30,SFE,NOX,1,666.0,29.31831831831832,24.944645982309154,2.0,13.0,20.5,37.0,144.0
2016-04-30,SFE,O3,1,672.0,45.723214285714285,32.216724138917925,1.0,23.0,39.0,61.0,155.0
2016-04-30,SFE,PM10,2,0.0,,,,,,,
2016-04-30,SFE,PM2.5,2,0.0,,,,,,,
2016-04-30,SFE,PMCO,2,0.0,,,,,,,
2016-04-30,SFE,SO2,1,671.0,2.779433681073025,3.0092782356737753,1.0,1.0,2.0,3.0,27.0
2016-04-30,SJA,CO,15,0.0,,,,,,,
2016-04-30,SJA,NO,1,0.0,,,,,,,
2016-04-30,SJA,NO2,1,0.0,,,,,,,
2016-04-30,SJA,NOX,1,0.0,,,,,,,
2016-04-30,SJA,O3,1,0.0,,,,,,,
2016-04-30,SJA,PM2.5,2,0.0,,,,,,,
2016-04-30,SJA,SO2,1,0.0,,,,,,,
2016-04-30,TAH,CO,15,669.0,0.41210762331838463,0.3472559847415218,0.1,0.2,0.3,0.5,2.5
2016-04-30,TAH,NO,1,414.0,7.070048309178744,15.872141110635283,0.0,1.0,2.0,4.0,106.0
2016-04-30,TAH,NO2,1,414.0,15.019323671497585,9.803375093398177,3.0,6.0,12.5,21.0,44.0
2016-04-30,TAH,NOX,1,414.0,22.1280193236715,23.187216513129474,3.0,7.0,15.0,26.0,145.0
2016-04-30,TAH,O3,1,670.0,42.7955223880597,29.249787258362055,1.0,19.0,40.0,63.0,144.0
2016-04-30,TAH,PM10,2,673.0,55.442793462109954,31.833225369463488,2.0,34.0,52.0,69.0,217.0
2016-04-30,TAH,SO2,1,670.0,2.5014925373134327,2.9710860016317007,1.0,1.0,2.0,2.0,38.0
2016-04-30,TLA,CO,15,574.0,0.986411149825784,0.5757368856959383,0.3,0.6,0.8,1.1,3.6
2016-04-30,TLA,NO,1,631.0,30.39619651347068,48.51726825413674,0.0,5.0,9.0,30.5,303.0
2016-04-30,TLA,NO2,1,631.0,36.206022187004756,16.48227605621135,8.0,25.0,34.0,45.5,96.0
2016-04-30,TLA,NOX,1,631.0,66.58795562599049,59.471600111163596,10.0,29.0,44.0,75.5,364.0
2016-04-30,TLA,O3,1,515.0,33.15922330097087,29.61664742746948,0.0,8.0,27.0,51.0,130.0
2016-04-30,TLA,PM10,2,589.0,66.37011884550085,30.793732081871276,15.0,44.0,60.0,82.0,184.0
2016-04-30,TLA,PM2.5,2,589.0,32.164685908319186,15.211939538912576,3.0,22.0,30.0,39.0,104.0
2016-04-30,TLA,PMCO,2,589.0,34.188455008488965,19.028535745268,2.0,21.0,29.0,44.0,126.0
2016-04-30,TLA,SO2,1,639.0,7.381846635367762,12.564868012969242,1.0,2.0,3.0,7.0,122.0
2016-04-30,TLI,CO,15,659.0,0.6192716236722313,0.48249801231044387,0.0,0.3,0.5,0.8,2.8
2016-04-30,TLI,NO,1,662.0,19.749244712990937,33.47341561799726,0.0,2.0,5.0,19.0,197.0
2016-04-30,TLI,NO2,1,662.0,28.545317220543808,14.62202246004511,6.0,16.0,25.0,39.0,77.0
2016-04-30,TLI,NOX,1,662.0,48.290030211480364,44.10821368717873,8.0,19.0,31.0,60.75,244.0
2016-04-30,TLI,O3,1,665.0,36.21804511278196,32.77987424947224,0.0,7.0,29.0,55.0,137.0
2016-04-30,TLI,PM10,2,670.0,61.291044776119406,34.99985578165157,1.0,37.25,55.0,77.0,213.0
2016-04-30,TLI,SO2,1,573.0,7.663176265270506,13.83595151152847,0.0,2.0,3.0,6.0,139.0
2016-04-30,UAX,CO,15,669.0,0.49865470852017874,0.3462562592392766,0.1,0.3,0.4,0.6,2.4
2016-04-30,UAX,NO,1,669.0,11.070254110612854,20.253102743622193,0.0,1.0,2.0,11.0,154.0
2016-04-30,UAX,NO2,1,669.0,23.206278026905828,11.789161623493882,4.0,13.0,22.0,32.0,75.0
2016-04-30,UAX,NOX,1,669.0,34.26008968609865,28.424201767151335,5.0,14.0,25.0,44.0,189.0
2016-04-30,UAX,O3,1,670.0,41.25373134328358,33.20901028685811,0.0,12.0,35.0,65.0,141.0
2016-04-30,UAX,PM2.5,2,682.0,27.2683284457478,11.837116263299865,2.0,20.0,27.0,33.0,121.0
2016-04-30,UAX,SO2,1,669.0,2.312406576980568,3.93770865342245,1.0,1.0,1.0,2.0,53.0
2016-04-30,UIZ,CO,15,551.0,0.7557168784029038,0.3818126428523211,0.2,0.5,0.6,0.9,2.4
2016-04-30,UIZ,NO,1,554.0,14.756317689530686,24.613985604128146,0.0,2.0,3.0,16.75,220.0
2016-04-30,UIZ,NO2,1,554.0,29.001805054151625,10.693071069051502,6.0,21.0,29.0,36.0,68.0
2016-04-30,UIZ,NOX,1,554.0,43.792418772563174,31.625382032696535,8.0,23.0,33.5,53.75,259.0
2016-04-30,UIZ,O3,1,614.0,27.482084690553744,25.084565064120838,1.0,7.0,19.5,43.0,115.0
2016-04-30,UIZ,PM10,2,531.0,55.290018832391716,22.29270703572755,3.0,39.0,54.0,68.0,147.0
2016-04-30,UIZ,PM2.5,2,531.0,27.37853107344633,12.695632531912441,1.0,19.0,26.0,34.0,70.0
2016-04-30,UIZ,PMCO,2,531.0,27.92467043314501,13.79930178827939,2.0,18.5,26.0,35.0,86.0
2016-04-30,UIZ,SO2,1,551.0,3.176043557168784,5.924667044722967,0.0,1.0,1.0,2.0,46.0
2016-04-30,VIF,CO,15,631.0,0.6575277337559433,0.42840001938675315,0.2,0.4,0.5,0.8,3.2
2016-04-30,VIF,NO,1,648.0,17.60185185185185,30.285383403204563,0.0,2.0,4.0,19.25,232.0
2016-04-30,VIF,NO2,1,648.0,26.462962962962962,13.125662483382833,6.0,16.0,25.0,36.0,81.0
2016-04-30,VIF,NOX,1,648.0,44.03086419753087,38.84577723696382,7.0,18.0,29.0,57.0,268.0
2016-04-30,VIF,O3,1,654.0,34.555045871559635,29.785129396270232,1.0,6.0,30.0,55.0,126.0
2016-04-30,VIF,PM10,2,637.0,74.3265306122449,45.01327689589694,1.0,42.0,66.0,98.0,278.0
2016-04-30,VIF,SO2,1,643.0,6.959564541213064,15.107452550033441,0.0,1.0,2.0,4.0,149.0
2016-04-30,XAL,CO,15,670.0,1.252089552238807,0.8014859840950728,0.4,0.7,1.0,1.5,5.0
2016-04-30,XAL,NO,1,668.0,43.90868263473054,64.81598250946095,1.0,6.0,15.0,49.0,512.0
2016-04-30,XAL,NO2,1,668.0,38.558383233532936,15.531885424777451,9.0,27.0,37.0,47.0,106.0
2016-04-30,XAL,NOX,1,668.0,82.42664670658682,73.48021799990981,10.0,34.0,53.0,103.0,565.0
2016-04-30,XAL,O3,1,670.0,24.232835820895524,21.353655222190692,1.0,3.0,20.0,39.0,83.0
2016-04-30,XAL,PM10,2,682.0,86.53519061583577,45.03543482368116,12.0,57.0,75.0,107.0,269.0
2016-04-30,XAL,PM2.5,2,682.0,35.30938416422288,17.396546315358734,1.0,23.0,32.0,44.0,104.0
2016-04-30,XAL,PMCO,2,682.0,51.22727272727273,32.387062842140885,2.0,30.0,43.0,62.75,188.0
2016-04-30,XAL,SO2,1,669.0,6.998505231689088,10.389927649638238,0.0,2.0,4.0,7.0,104.0
2016-05-31,ACO,CO,15,658.0,0.3060790273556231,0.18732956288385255,0.0,0.2,0.2,0.4,1.1
2016-05-31,ACO,NO,1,651.0,6.675883256528418,11.441934436175305,0.0,1.0,2.0,6.0,79.0
2016-05-31,ACO,NO2,1,651.0,16.13056835637481,8.70542728061136,3.0,9.0,14.0,23.0,50.0
2016-05-31,ACO,NOX,1,651.0,22.821812596006144,17.44121247819202,4.0,10.5,16.0,30.5,97.0
2016-05-31,ACO,O3,1,658.0,44.379939209726444,29.513895682414805,1.0,17.0,43.5,68.0,142.0
2016-05-31,ACO,PM10,2,670.0,45.68507462686567,20.30766902294289,4.0,33.0,42.0,55.0,180.0
2016-05-31,ACO,SO2,1,658.0,2.580547112462006,3.8696868623366667,0.0,1.0,1.0,2.0,39.0
2016-05-31,AJM,CO,15,692.0,0.749566473988439,0.2660475294092596,0.3,0.5,0.7,0.9,1.9
2016-05-31,AJM,NO,1,692.0,3.5953757225433525,5.205294143798406,0.0,1.0,1.0,4.0,32.0
2016-05-31,AJM,NO2,1,692.0,17.420520231213874,9.389360963069558,3.0,10.0,16.0,23.0,60.0
2016-05-31,AJM,NOX,1,692.0,21.027456647398843,13.467465127717245,3.0,12.0,17.0,27.0,77.0
2016-05-31,AJM,O3,1,694.0,61.19740634005764,33.1329900452443,7.0,37.25,52.5,78.75,196.0
2016-05-31,AJM,PM10,2,707.0,39.21640735502122,18.938318309424083,6.0,25.0,36.0,49.0,105.0
2016-05-31,AJM,PM2.5,2,707.0,26.76803394625177,13.747209738376515,2.0,17.0,23.0,33.0,77.0
2016-05-31,AJM,PMCO,2,707.0,12.442715700141443,7.4708527094699395,1.0,7.0,11.0,17.0,57.0
2016-05-31,AJM,SO2,1,692.0,2.55635838150289,2.2151961764211454,1.0,1.0,2.0,3.0,18.0
2016-05-31,AJU,O3,1,520.0,52.21153846153846,34.66044290051955,2.0,21.0,49.5,80.0,149.0
2016-05-31,AJU,PM2.5,2,532.0,25.605263157894736,13.58610021822514,2.0,16.0,23.0,32.0,101.0
2016-05-31,ATI,CO,15,650.0,0.6884615384615377,0.4249598214280233,0.2,0.4,0.5,0.8,3.1
2016-05-31,ATI,NO,1,647.0,10.61823802163833,23.94610514654501,0.0,0.0,1.0,6.0,169.0
2016-05-31,ATI,NO2,1,647.0,22.96754250386399,12.29804776929591,4.0,14.0,20.0,29.0,79.0
2016-05-31,ATI,NOX,1,647.0,33.54559505409583,32.28530910687995,4.0,15.0,21.0,37.0,211.0
2016-05-31,ATI,O3,1,687.0,38.646288209606986,30.25005235845729,0.0,15.0,32.0,59.0,164.0
2016-05-31,ATI,PM10,2,670.0,49.10746268656717,30.96925189698878,1.0,27.0,44.0,64.75,230.0
2016-05-31,ATI,SO2,1,651.0,4.457757296466974,5.627622578462402,1.0,2.0,3.0,4.0,51.0
2016-05-31,BJU,CO,15,649.0,0.8975346687211098,0.430647043093571,0.3,0.6,0.8,1.1,2.9
2016-05-31,BJU,O3,1,692.0,47.52167630057804,38.92340385133454,1.0,15.0,38.0,73.25,165.0
2016-05-31,BJU,PM10,2,710.0,46.83521126760564,19.861002170561655,12.0,32.0,42.0,58.75,130.0
2016-05-31,BJU,PM2.5,2,710.0,31.450704225352112,14.225950911419398,4.0,21.0,28.0,39.0,95.0
2016-05-31,BJU,PMCO,2,710.0,15.361971830985915,8.758149397770993,1.0,9.0,14.0,20.0,68.0
2016-05-31,BJU,SO2,1,694.0,3.0821325648414986,5.12024508508322,0.0,1.0,2.0,3.0,79.0
2016-05-31,CAM,CO,15,692.0,0.9434971098265905,0.5452342358256524,0.3,0.6,0.8,1.1,4.0
2016-05-31,CAM,NO,1,692.0,22.90606936416185,38.64501125749788,1.0,3.0,5.0,23.0,247.0
2016-05-31,CAM,NO2,1,692.0,36.29624277456647,16.832720454618993,9.0,24.0,33.0,46.0,109.0
2016-05-31,CAM,NOX,1,692.0,59.20809248554913,49.818978167431396,11.0,27.0,38.0,75.0,308.0
2016-05-31,CAM,O3,1,695.0,41.02589928057554,38.53894197719796,0.0,8.0,30.0,65.0,174.0
2016-05-31,CAM,PM10,2,696.0,55.55028735632184,24.934395646340484,6.0,37.0,52.0,71.0,139.0
2016-05-31,CAM,PM2.5,2,696.0,31.716954022988507,16.706231979942917,1.0,19.0,29.0,42.0,94.0
2016-05-31,CAM,PMCO,2,696.0,23.833333333333332,12.367319819604546,3.0,15.0,21.0,30.0,98.0
2016-05-31,CAM,SO2,1,692.0,4.9002890173410405,5.48621742933188,1.0,2.0,3.0,5.0,45.0
2016-05-31,CCA,CO,15,682.0,0.7755131964809392,0.31729646865031635,0.3,0.6,0.7,0.9,2.8
2016-05-31,CCA,NO,1,682.0,10.687683284457478,20.83374072575263,0.0,1.0,2.0,9.0,181.0
2016-05-31,CCA,NO2,1,682.0,32.92815249266862,12.714501962903245,9.0,24.0,30.0,41.0,81.0
2016-05-31,CCA,NOX,1,682.0,43.64222873900293,29.19720542146753,9.0,25.0,33.0,52.75,246.0
2016-05-31,CCA,O3,1,693.0,48.46031746031746,38.78464624425673,1.0,16.0,39.0,77.0,171.0
2016-05-31,CCA,PM2.5,2,705.0,24.621276595744682,10.484423026990932,2.0,18.0,23.0,29.0,70.0
2016-05-31,CCA,SO2,1,682.0,2.626099706744868,2.8485139040224903,1.0,1.0,2.0,3.0,33.0
2016-05-31,CHO,CO,15,693.0,0.767532467532468,0.4370478349096932,0.3,0.5,0.6,0.9,3.8
2016-05-31,CHO,NO,1,0.0,,,,,,,
2016-05-31,CHO,NO2,1,0.0,,,,,,,
2016-05-31,CHO,NOX,1,0.0,,,,,,,
2016-05-31,CHO,O3,1,673.0,45.87964338781575,31.32722009563338,3.0,15.0,46.0,72.0,126.0
2016-05-31,CHO,PM10,2,695.0,58.14244604316547,38.430949677879376,1.0,34.0,52.0,74.0,400.0
2016-05-31,CHO,SO2,1,490.0,2.5346938775510206,3.042947595621162,0.0,1.0,2.0,3.0,43.0
2016-05-31,COY,NO,1,682.0,12.095307917888563,22.195526959553003,0.0,1.0,3.0,12.0,158.0
2016-05-31,COY,NO2,1,682.0,29.923753665689148,13.950722758271118,7.0,19.0,27.0,39.0,85.0
2016-05-31,COY,NOX,1,682.0,42.010263929618766,32.31291863857946,7.0,20.0,30.0,53.0,213.0
2016-05-31,COY,O3,1,695.0,49.166906474820145,39.16753785210579,2.0,16.0,40.0,77.0,164.0
2016-05-31,COY,PM2.5,2,703.0,32.44238975817923,14.09781745374025,8.0,22.0,29.0,39.5,95.0
2016-05-31,CUA,CO,15,692.0,0.5553468208092472,0.2643020921112132,0.1,0.4,0.5,0.7,2.1
2016-05-31,CUA,NO,1,692.0,7.606936416184971,14.856042770848024,0.0,2.0,3.0,6.0,136.0
2016-05-31,CUA,NO2,1,692.0,22.833815028901736,11.678761551931139,5.0,14.0,20.0,29.0,71.0
2016-05-31,CUA,NOX,1,692.0,30.447976878612717,23.944373764516413,5.0,17.0,23.0,34.0,180.0
2016-05-31,CUA,O3,1,694.0,56.528818443804035,33.47784526467967,3.0,34.0,50.0,76.75,192.0
2016-05-31,CUA,PM10,2,695.0,38.89352517985611,20.025852198775215,1.0,24.0,34.0,50.5,131.0
2016-05-31,CUA,SO2,1,158.0,2.0063291139240507,2.602049254744253,0.0,1.0,1.0,2.0,24.0
2016-05-31,CUT,NO,1,681.0,14.979441997063143,27.23394595061679,0.0,1.0,2.0,14.0,170.0
2016-05-31,CUT,NO2,1,681.0,21.787077826725405,11.8254539948215,2.0,12.0,21.0,30.0,68.0
2016-05-31,CUT,NOX,1,681.0,36.75917767988253,34.17611190883404,2.0,13.0,24.0,48.0,192.0
2016-05-31,CUT,O3,1,682.0,29.23900293255132,24.512696896436246,1.0,5.0,26.0,47.0,105.0
2016-05-31,CUT,PM10,2,680.0,58.76764705882353,38.346096345157065,1.0,34.0,50.0,72.25,263.0
2016-05-31,CUT,SO2,1,682.0,3.909090909090909,7.537703919394297,0.0,1.0,1.0,3.0,62.0
2016-05-31,FAC,CO,15,689.0,0.9898403483309148,0.5907337800506287,0.1,0.6,0.8,1.2,4.3
2016-05-31,FAC,NO,1,689.0,23.896952104499274,43.75585813934842,0.0,3.0,6.0,22.0,340.0
2016-05-31,FAC,NO2,1,689.0,30.80841799709724,14.147412819997971,6.0,20.0,29.0,38.0,90.0
2016-05-31,FAC,NOX,1,689.0,54.709724238026126,50.95546312381275,6.0,24.0,36.0,64.0,393.0
2016-05-31,FAC,O3,1,657.0,43.70928462709285,35.36769991391686,1.0,14.0,35.0,66.0,167.0
2016-05-31,FAC,PM10,2,0.0,,,,,,,
2016-05-31,FAC,SO2,1,688.0,3.63953488372093,4.548078060925489,0.0,1.0,2.0,4.0,48.0
2016-05-31,GAM,O3,1,692.0,46.793352601156066,39.23710715680609,1.0,11.0,39.0,75.0,172.0
2016-05-31,GAM,PM2.5,2,0.0,,,,,,,
2016-05-31,HGM,CO,15,687.0,0.6320232896652115,0.41212576915618004,0.1,0.3,0.5,0.8,2.4
2016-05-31,HGM,NO,1,695.0,14.323741007194245,22.381939967419285,0.0,1.0,4.0,16.0,129.0
2016-05-31,HGM,NO2,1,695.0,36.00431654676259,17.412067557138382,9.0,22.0,33.0,47.0,117.0
2016-05-31,HGM,NOX,1,695.0,50.29496402877698,35.46030236428777,11.0,25.0,37.0,65.0,196.0
2016-05-31,HGM,O3,1,696.0,46.17672413793103,37.918110608665415,1.0,14.0,37.0,71.0,155.0
2016-05-31,HGM,PM10,2,707.0,45.85572842998585,19.55602412927647,9.0,32.0,41.0,56.0,135.0
2016-05-31,HGM,PM2.5,2,707.0,32.20933521923621,15.381412312969735,1.0,22.0,29.0,39.0,100.0
2016-05-31,HGM,PMCO,2,707.0,13.61951909476662,7.352578572611076,1.0,9.0,12.0,17.0,60.0
2016-05-31,HGM,SO2,1,695.0,3.1654676258992804,6.649301844461781,0.0,1.0,1.0,3.0,98.0
2016-05-31,INN,CO,15,650.0,0.21938461538461446,0.10973952804548262,0.0,0.1,0.2,0.3,0.6
2016-05-31,INN,O3,1,653.0,55.77794793261868,24.350104950902857,14.0,35.0,52.0,72.0,138.0
2016-05-31,INN,PM10,2,312.0,28.298076923076923,11.795317459685906,10.0,20.0,26.0,34.0,68.0
2016-05-31,INN,PM2.5,2,312.0,22.368589743589745,9.321794843163495,8.0,16.0,21.0,26.0,56.0
2016-05-31,INN,PMCO,2,312.0,5.8493589743589745,3.536634125584263,1.0,3.0,5.0,7.0,23.0
2016-05-31,INN,SO2,1,652.0,1.8588957055214723,1.1175312962129162,1.0,1.0,2.0,2.0,12.0
2016-05-31,IZT,CO,15,686.0,1.0029154518950443,0.5144824755603445,0.3,0.7,0.8,1.2,3.5
2016-05-31,IZT,NO,1,681.0,16.4640234948605,27.15438889278528,1.0,2.0,4.0,18.0,186.0
2016-05-31,IZT,NO2,1,681.0,34.500734214390604,15.72690882611208,9.0,22.0,33.0,45.0,98.0
2016-05-31,IZT,NOX,1,681.0,50.97209985315712,38.17980814316434,11.0,25.0,37.0,66.0,257.0
2016-05-31,IZT,O3,1,695.0,45.353956834532376,37.59217157871966,2.0,13.0,35.0,71.0,158.0
2016-05-31,IZT,PM10,2,708.0,41.74858757062147,21.34492273193341,2.0,29.0,38.0,50.0,323.0
2016-05-31,IZT,SO2,1,686.0,2.9810495626822155,5.769382267065087,0.0,1.0,2.0,3.0,85.0
2016-05-31,LLA,CO,15,0.0,,,,,,,
2016-05-31,LLA,NO,1,0.0,,,,,,,
2016-05-31,LLA,NO2,1,0.0,,,,,,,
2016-05-31,LLA,NOX,1,0.0,,,,,,,
2016-05-31,LLA,O3,1,694.0,41.538904899135446,33.793798998441666,1.0,11.0,34.0,67.0,162.0
2016-05-31,LLA,SO2,1,693.0,4.531024531024531,9.014486011574128,1.0,1.0,2.0,4.0,94.0
2016-05-31,LPR,CO,15,469.0,0.5746268656716415,0.494819443245156,0.0,0.3,0.4,0.7,4.1
2016-05-31,LPR,NO,1,0.0,,,,,,,
2016-05-31,LPR,NO2,1,0.0,,,,,,,
2016-05-31,LPR,NOX,1,0.0,,,,,,,
2016-05-31,LPR,O3,1,674.0,45.85608308605341,34.606491761011746,1.0,16.0,42.0,69.0,163.0
2016-05-31,LPR,SO2,1,469.0,2.0106609808102345,3.0152556181048236,0.0,1.0,1.0,2.0,30.0
2016-05-31,MER,CO,15,664.0,0.9992469879518076,0.550729152613537,0.3,0.6,0.8,1.2,3.4
2016-05-31,MER,NO,1,691.0,22.53256150506512,34.02501248263804,0.0,3.0,8.0,24.0,216.0
2016-05-31,MER,NO2,1,691.0,39.523878437047756,16.39257325679541,13.0,27.0,37.0,49.0,103.0
2016-05-31,MER,NOX,1,691.0,62.04775687409551,45.75329914489508,14.0,32.0,45.0,76.0,286.0
2016-05-31,MER,O3,1,692.0,37.98699421965318,33.156578996476696,1.0,8.75,29.0,60.0,133.0
2016-05-31,MER,PM10,2,640.0,62.3921875,26.143056569344534,7.0,44.0,59.0,80.0,166.0
2016-05-31,MER,PM2.5,2,640.0,36.99375,17.76722972973475,1.0,25.0,36.0,48.0,93.0
2016-05-31,MER,PMCO,2,640.0,25.40625,12.761835158773925,3.0,17.0,23.5,32.0,111.0
2016-05-31,MER,SO2,1,691.0,4.20260492040521,6.828078783319851,1.0,2.0,2.0,4.0,104.0
2016-05-31,MGH,CO,15,688.0,0.6799418604651165,0.44871350581139485,0.0,0.4,0.6,0.8,3.1
2016-05-31,MGH,NO,1,692.0,23.184971098265898,39.9317131240792,1.0,3.0,7.0,24.0,332.0
2016-05-31,MGH,NO2,1,692.0,33.84971098265896,15.208172927567109,8.0,22.0,31.0,43.0,86.0
2016-05-31,MGH,NOX,1,692.0,57.01589595375722,49.77298427892062,11.0,26.0,38.5,71.0,406.0
2016-05-31,MGH,O3,1,696.0,42.84626436781609,37.50419737252548,0.0,10.75,32.0,68.0,159.0
2016-05-31,MGH,PM10,2,702.0,42.326210826210826,17.99810965350442,8.0,29.0,39.0,52.0,121.0
2016-05-31,MGH,PM2.5,2,702.0,30.67663817663818,13.966415641011292,6.0,21.0,28.0,37.0,96.0
2016-05-31,MGH,PMCO,2,702.0,11.64102564102564,6.41876022505367,1.0,7.0,11.0,15.0,46.0
2016-05-31,MGH,SO2,1,692.0,3.4552023121387285,4.920145432132879,1.0,1.0,2.0,3.0,43.0
2016-05-31,MON,CO,15,624.0,0.40544871794871723,0.3276980228131645,0.1,0.2,0.3,0.5,2.7
2016-05-31,MON,NO,1,645.0,12.288372093023256,29.042974230603136,0.0,1.0,1.0,7.0,318.0
2016-05-31,MON,NO2,1,645.0,17.2015503875969,10.830985460232636,2.0,8.0,15.0,26.0,66.0
2016-05-31,MON,NOX,1,645.0,29.50232558139535,35.68354803229823,2.0,9.0,16.0,35.0,352.0
2016-05-31,MON,O3,1,532.0,42.0093984962406,29.955489673782367,0.0,13.0,42.0,68.0,126.0
2016-05-31,MON,SO2,1,0.0,,,,,,,
2016-05-31,MPA,CO,15,663.0,0.42368024132730286,0.1267667900125763,0.2,0.3,0.4,0.5,1.1
2016-05-31,MPA,O3,1,667.0,63.22188905547226,25.197036160250065,14.0,43.0,61.0,82.0,146.0
2016-05-31,MPA,PM10,2,652.0,41.056748466257666,19.360232107615605,7.0,26.0,38.0,52.0,121.0
2016-05-31,MPA,PM2.5,2,652.0,26.54754601226994,12.65211748751973,2.0,18.0,24.0,33.0,79.0
2016-05-31,MPA,PMCO,2,652.0,14.495398773006135,11.70889785966415,1.0,6.0,12.0,20.0,86.0
2016-05-31,MPA,SO2,1,666.0,2.1636636636636637,1.9494208357813507,1.0,1.0,2.0,2.0,15.0
2016-05-31,NEZ,CO,15,686.0,0.6339650145772602,0.5674872456335177,0.0,0.3,0.5,0.8,4.5
2016-05-31,NEZ,NO,1,693.0,13.52958152958153,28.095127516040087,1.0,2.0,3.0,11.0,236.0
2016-05-31,NEZ,NO2,1,693.0,29.49206349206349,15.176857494053467,2.0,17.0,27.0,40.0,79.0
2016-05-31,NEZ,NOX,1,693.0,43.01154401154401,38.364202132607204,8.0,19.0,30.0,52.0,301.0
2016-05-31,NEZ,O3,1,696.0,41.997126436781606,32.42860435202174,0.0,14.0,36.0,67.0,145.0
2016-05-31,NEZ,PM2.5,2,710.0,27.301408450704226,11.559955843929929,1.0,20.0,26.0,34.0,77.0
2016-05-31,NEZ,SO2,1,339.0,2.1651917404129795,1.7241319422396528,0.0,1.0,2.0,3.0,13.0
2016-05-31,PED,CO,15,693.0,0.5468975468975467,0.27629314907915864,0.1,0.4,0.5,0.7,2.1
2016-05-31,PED,NO,1,690.0,6.6579710144927535,12.236498804355755,0.0,1.0,2.0,7.0,122.0
2016-05-31,PED,NO2,1,690.0,22.95072463768116,12.065756257898174,5.0,14.0,20.0,30.0,72.0
2016-05-31,PED,NOX,1,690.0,29.620289855072464,21.66108239405179,5.0,15.0,22.0,37.0,162.0
2016-05-31,PED,O3,1,696.0,51.55316091954023,38.32616614764572,0.0,20.0,41.0,79.0,183.0
2016-05-31,PED,PM10,2,0.0,,,,,,,
2016-05-31,PED,PM2.5,2,0.0,,,,,,,
2016-05-31,PED,PMCO,2,0.0,,,,,,,
2016-05-31,PED,SO2,1,650.0,3.0015384615384617,2.9876475178846564,0.0,1.0,2.0,3.0,30.0
2016-05-31,SAG,CO,15,415.0,0.7602409638554215,0.4743517720341298,0.2,0.4,0.6,0.9,2.8
2016-05-31,SAG,NO,1,428.0,16.864485981308412,28.473174037714966,1.0,3.0,5.0,17.0,196.0
2016-05-31,SAG,NO2,1,428.0,27.537383177570092,13.330460432318482,7.0,16.75,26.0,38.0,69.0
2016-05-31,SAG,NOX,1,428.0,44.43691588785047,37.0815070573139,8.0,19.0,31.0,57.25,239.0
2016-05-31,SAG,O3,1,434.0,40.33179723502304,32.31292654908626,1.0,12.0,32.0,65.0,160.0
2016-05-31,SAG,PM10,2,440.0,56.143181818181816,25.133175107652534,8.0,37.0,52.0,69.0,145.0
2016-05-31,SAG,PM2.5,2,440.0,31.25,15.289201453751405,2.0,20.0,30.0,41.0,87.0
2016-05-31,SAG,PMCO,2,440.0,24.943181818181817,13.84239135803522,2.0,15.0,22.0,31.25,77.0
2016-05-31,SAG,SO2,1,415.0,5.110843373493976,7.7401801906429535,1.0,2.0,3.0,5.0,59.0
2016-05-31,SFE,CO,15,575.0,0.5594782608695644,0.20805153592261086,0.1,0.4,0.5,0.7,1.3
2016-05-31,SFE,NO,1,538.0,6.678438661710037,12.242382185670792,0.0,1.0,1.0,6.0,92.0
2016-05-31,SFE,NO2,1,538.0,22.486988847583643,10.916170238070768,5.0,14.0,20.0,29.0,69.0
2016-05-31,SFE,NOX,1,538.0,29.191449814126393,21.007637197289306,6.0,15.0,22.0,37.0,139.0
2016-05-31,SFE,O3,1,551.0,55.1578947368421,37.587359170045325,1.0,26.0,48.0,80.5,182.0
2016-05-31,SFE,PM10,2,0.0,,,,,,,
2016-05-31,SFE,PM2.5,2,0.0,,,,,,,
2016-05-31,SFE,PMCO,2,0.0,,,,,,,
2016-05-31,SFE,SO2,1,517.0,2.754352030947776,2.5041835956025906,1.0,2.0,2.0,3.0,21.0
2016-05-31,SJA,CO,15,428.0,0.9894859813084108,0.5493506639914431,0.4,0.7,0.8,1.1,4.4
2016-05-31,SJA,NO,1,0.0,,,,,,,
2016-05-31,SJA,NO2,1,0.0,,,,,,,
2016-05-31,SJA,NOX,1,0.0,,,,,,,
2016-05-31,SJA,O3,1,428.0,43.76635514018692,37.20198162465247,2.0,8.0,34.0,71.0,166.0
2016-05-31,SJA,PM2.5,2,0.0,,,,,,,
2016-05-31,SJA,SO2,1,427.0,2.6159250585480094,2.2260787381315166,1.0,2.0,2.0,3.0,22.0
2016-05-31,TAH,CO,15,687.0,0.5818049490538574,0.27817229874464827,0.2,0.4,0.5,0.7,2.5
2016-05-31,TAH,NO,1,643.0,4.881804043545879,10.037082110907775,0.0,1.0,2.0,4.0,93.0
2016-05-31,TAH,NO2,1,643.0,17.362363919129084,8.88070550287123,4.0,10.0,15.0,22.5,50.0
2016-05-31,TAH,NOX,1,643.0,22.241057542768274,16.3653590953304,5.0,11.0,18.0,27.0,130.0
2016-05-31,TAH,O3,1,688.0,50.66279069767442,32.03109314186716,1.0,22.0,46.0,75.0,161.0
2016-05-31,TAH,PM10,2,635.0,48.38267716535433,27.85813570005503,1.0,29.0,45.0,64.5,171.0
2016-05-31,TAH,SO2,1,687.0,2.1935953420669576,2.550724992549531,0.0,1.0,2.0,2.0,36.0
2016-05-31,TLA,CO,15,692.0,0.9122832369942208,0.4901129443735124,0.3,0.6,0.8,1.1,3.2
2016-05-31,TLA,NO,1,676.0,23.11242603550296,35.71702479462287,0.0,5.0,9.0,21.0,220.0
2016-05-31,TLA,NO2,1,676.0,35.353550295857985,14.653150412329616,11.0,24.0,33.0,44.0,98.0
2016-05-31,TLA,NOX,1,676.0,58.46153846153846,45.40810826599471,12.0,30.0,41.0,67.0,285.0
2016-05-31,TLA,O3,1,694.0,40.257925072046106,35.38546410404608,0.0,11.0,31.0,63.0,168.0
2016-05-31,TLA,PM10,2,682.0,60.54838709677419,25.857479688441945,9.0,42.0,55.0,76.0,158.0
2016-05-31,TLA,PM2.5,2,682.0,32.93988269794721,15.53020528983815,1.0,22.0,31.0,42.0,98.0
2016-05-31,TLA,PMCO,2,682.0,27.612903225806452,13.537884324002142,1.0,18.0,26.0,34.0,92.0
2016-05-31,TLA,SO2,1,683.0,6.039531478770132,7.449333518385563,1.0,2.0,3.0,6.0,56.0
2016-05-31,TLI,CO,15,695.0,0.5670503597122304,0.4375321367157972,0.0,0.3,0.4,0.7,3.3
2016-05-31,TLI,NO,1,695.0,14.598561151079137,27.82745825772151,0.0,2.0,3.0,13.0,249.0
2016-05-31,TLI,NO2,1,695.0,27.345323741007196,14.890238292277402,5.0,15.0,25.0,37.5,78.0
2016-05-31,TLI,NOX,1,695.0,41.933812949640284,38.20355301678329,6.0,16.5,28.0,56.0,317.0
2016-05-31,TLI,O3,1,696.0,41.42528735632184,35.180932436641754,0.0,10.0,33.0,67.0,165.0
2016-05-31,TLI,PM10,2,671.0,57.5290611028316,36.23532504418111,1.0,34.0,51.0,74.5,368.0
2016-05-31,TLI,SO2,1,695.0,5.684892086330935,7.856786505221237,0.0,2.0,3.0,5.0,61.0
2016-05-31,UAX,CO,15,682.0,0.48035190615835754,0.3189021078549116,0.0,0.3,0.4,0.6,1.9
2016-05-31,UAX,NO,1,693.0,8.408369408369408,16.22384206157913,0.0,1.0,2.0,8.0,147.0
2016-05-31,UAX,NO2,1,693.0,25.43145743145743,11.435923158178381,6.0,16.0,24.0,33.0,72.0
2016-05-31,UAX,NOX,1,693.0,33.81529581529581,23.880130501150187,7.0,18.0,26.0,41.0,190.0
2016-05-31,UAX,O3,1,695.0,50.115107913669064,37.6004091155717,1.0,18.0,43.0,79.5,156.0
2016-05-31,UAX,PM2.5,2,711.0,28.09423347398031,12.592792839123303,1.0,20.0,26.0,34.0,106.0
2016-05-31,UAX,SO2,1,693.0,2.219336219336219,2.510861059115077,1.0,1.0,1.0,2.0,25.0
2016-05-31,UIZ,CO,15,643.0,0.7891135303265934,0.40334233411911774,0.2,0.5,0.7,1.0,2.9
2016-05-31,UIZ,NO,1,679.0,11.892488954344625,20.15687559535132,0.0,1.0,3.0,12.0,131.0
2016-05-31,UIZ,NO2,1,679.0,32.50515463917526,11.600130451329024,9.0,24.0,31.0,40.0,81.0
2016-05-31,UIZ,NOX,1,679.0,44.41237113402062,28.260757371331906,9.0,26.0,35.0,54.5,184.0
2016-05-31,UIZ,O3,1,681.0,31.534508076358296,27.43798995436065,1.0,9.0,23.0,49.0,129.0
2016-05-31,UIZ,PM10,2,669.0,54.07473841554559,22.19032612360373,4.0,38.0,51.0,66.0,136.0
2016-05-31,UIZ,PM2.5,2,669.0,32.889387144992526,15.209702556899504,1.0,22.0,31.0,42.0,87.0
2016-05-31,UIZ,PMCO,2,669.0,21.206278026905828,10.860405316614491,3.0,14.0,19.0,26.0,86.0
2016-05-31,UIZ,SO2,1,681.0,2.697503671071953,3.7946723016387685,0.0,1.0,2.0,3.0,54.0
2016-05-31,VIF,CO,15,670.0,0.5547761194029858,0.40780816370264833,0.0,0.3,0.5,0.7,2.7
2016-05-31,VIF,NO,1,670.0,12.216417910447761,24.06361832850098,0.0,1.0,2.0,9.0,183.0
2016-05-31,VIF,NO2,1,670.0,24.062686567164178,13.395298863240942,5.0,12.0,22.0,35.0,73.0
2016-05-31,VIF,NOX,1,670.0,36.27910447761194,33.2532252830158,5.0,14.0,25.0,46.0,227.0
2016-05-31,VIF,O3,1,672.0,39.623511904761905,30.506107192227983,1.0,12.0,36.0,64.0,138.0
2016-05-31,VIF,PM10,2,673.0,59.41604754829123,36.369947421274986,1.0,37.0,52.0,76.0,251.0
2016-05-31,VIF,SO2,1,670.0,5.350746268656716,10.836919583033142,0.0,1.0,2.0,4.0,87.0
2016-05-31,XAL,CO,15,487.0,1.043737166324435,0.7187929960047844,0.2,0.6,0.8,1.2,5.5
2016-05-31,XAL,NO,1,607.0,29.777594728171334,51.9236074953121,0.0,4.0,9.0,27.0,467.0
2016-05-31,XAL,NO2,1,607.0,35.943986820428336,15.097488237310653,10.0,24.0,34.0,46.0,113.0
2016-05-31,XAL,NOX,1,607.0,65.7512355848435,60.72952311556332,10.0,29.0,45.0,76.0,537.0
2016-05-31,XAL,O3,1,234.0,29.085470085470085,24.694380048935177,1.0,4.0,27.0,48.75,99.0
2016-05-31,XAL,PM10,2,672.0,79.2514880952381,37.670951592805004,18.0,52.75,70.5,99.0,291.0
2016-05-31,XAL,PM2.5,2,672.0,36.40327380952381,16.055497677108637,1.0,25.0,34.0,46.0,86.0
2016-05-31,XAL,PMCO,2,672.0,42.86904761904762,26.637727360133056,5.0,26.0,37.0,52.0,227.0
2016-05-31,XAL,SO2,1,491.0,4.20162932790224,6.393721202027859,0.0,1.0,2.0,5.0,39.0
2016-06-30,ACO,CO,15,653.0,0.2600306278713616,0.15949882871390672,0.0,0.1,0.2,0.3,1.0
2016-06-30,ACO,NO,1,653.0,6.695252679938744,11.07990742714172,0.0,1.0,3.0,6.0,109.0
2016-06-30,ACO,NO2,1,653.0,13.851454823889739,7.592839611834222,2.0,8.0,13.0,18.0,52.0
2016-06-30,ACO,NOX,1,653.0,20.534456355283307,15.806754532565177,2.0,10.0,16.0,25.0,126.0
2016-06-30,ACO,O3,1,653.0,33.34456355283308,22.704337076577,1.0,16.0,28.0,48.0,103.0
2016-06-30,ACO,PM10,2,665.0,28.514285714285716,17.443718200176257,1.0,16.0,25.0,37.0,146.0
2016-06-30,ACO,SO2,1,648.0,1.6820987654320987,4.178126663937518,0.0,0.0,1.0,1.0,44.0
2016-06-30,AJM,CO,15,674.0,0.6402077151335325,0.18574923948728783,0.2,0.5,0.6,0.8,1.3
2016-06-30,AJM,NO,1,572.0,3.797202797202797,5.1778315560231425,0.0,1.0,2.0,5.0,44.0
2016-06-30,AJM,NO2,1,572.0,16.32867132867133,7.809039823184875,2.0,11.0,16.0,21.0,47.0
2016-06-30,AJM,NOX,1,572.0,20.15034965034965,11.268500641507417,2.0,12.0,18.0,26.0,68.0
2016-06-30,AJM,O3,1,594.0,44.744107744107744,27.77259815098015,1.0,25.0,37.0,58.75,132.0
2016-06-30,AJM,PM10,2,685.0,25.28905109489051,15.858879109599217,2.0,13.0,22.0,33.0,94.0
2016-06-30,AJM,PM2.5,2,685.0,17.554744525547445,12.131781101325789,1.0,8.0,15.0,24.0,72.0
2016-06-30,AJM,PMCO,2,685.0,7.718248175182482,4.768105214441047,1.0,4.0,7.0,11.0,29.0
2016-06-30,AJM,SO2,1,568.0,2.0774647887323945,2.325607598935253,0.0,1.0,1.0,2.0,28.0
2016-06-30,AJU,O3,1,498.0,41.2289156626506,26.59623971600315,1.0,21.0,36.0,58.0,126.0
2016-06-30,AJU,PM2.5,2,478.0,14.269874476987448,10.255252393839937,1.0,6.0,12.0,20.0,52.0
2016-06-30,ATI,CO,15,573.0,0.5605584642233861,0.2955042546149539,0.1,0.4,0.5,0.6,2.3
2016-06-30,ATI,NO,1,606.0,8.495049504950495,15.471407119651662,0.0,1.0,3.0,8.0,113.0
2016-06-30,ATI,NO2,1,606.0,19.044554455445546,9.862509112771923,3.0,12.0,17.0,23.0,72.0
2016-06-30,ATI,NOX,1,606.0,27.566006600660067,21.399191292975182,4.0,14.0,21.0,32.0,156.0
2016-06-30,ATI,O3,1,667.0,28.169415292353822,21.24651026183483,2.0,12.0,22.0,41.5,112.0
2016-06-30,ATI,PM10,2,678.0,31.449852507374633,20.085996613279406,1.0,17.0,29.0,43.0,134.0
2016-06-30,ATI,SO2,1,585.0,4.642735042735043,6.611831915124236,0.0,1.0,2.0,5.0,61.0
2016-06-30,BJU,CO,15,615.0,0.7094308943089424,0.3162929125602462,0.2,0.5,0.7,0.8,2.4
2016-06-30,BJU,O3,1,673.0,37.12035661218425,30.437613085602294,1.0,14.0,28.0,56.0,154.0
2016-06-30,BJU,PM10,2,686.0,31.730320699708454,18.03059481509284,1.0,18.0,28.0,42.0,98.0
2016-06-30,BJU,PM2.5,2,686.0,21.841107871720116,14.047036768746187,1.0,11.0,19.0,29.0,77.0
2016-06-30,BJU,PMCO,2,686.0,9.88338192419825,5.893788707971552,1.0,5.0,9.0,14.0,32.0
2016-06-30,BJU,SO2,1,671.0,2.865871833084948,3.847062935709522,0.0,1.0,2.0,3.0,38.0
2016-06-30,CAM,CO,15,670.0,0.7017910447761182,0.3802246420144548,0.1,0.4,0.6,0.9,2.6
2016-06-30,CAM,NO,1,670.0,15.859701492537313,22.442979131954324,0.0,3.0,7.0,19.0,149.0
2016-06-30,CAM,NO2,1,670.0,30.31940298507463,12.379985762335368,6.0,21.0,30.0,38.75,80.0
2016-06-30,CAM,NOX,1,670.0,46.17611940298507,30.093655949655155,7.0,26.0,38.0,56.0,193.0
2016-06-30,CAM,O3,1,670.0,30.54328358208955,28.422823014713703,0.0,7.0,21.5,47.0,112.0
2016-06-30,CAM,PM10,2,672.0,40.279761904761905,21.328018164156465,3.0,24.0,38.0,54.0,113.0
2016-06-30,CAM,PM2.5,2,672.0,23.03422619047619,15.260197919193706,1.0,11.0,21.0,34.0,73.0
2016-06-30,CAM,PMCO,2,672.0,17.260416666666668,9.683934110470634,1.0,10.0,15.0,23.0,57.0
2016-06-30,CAM,SO2,1,670.0,4.919402985074627,4.688765914554259,2.0,3.0,3.0,5.0,48.0
2016-06-30,CCA,CO,15,602.0,0.5993355481727579,0.24945776210344506,0.2,0.4,0.6,0.7,2.2
2016-06-30,CCA,NO,1,602.0,7.438538205980066,14.242972749212516,0.0,1.0,2.0,7.0,122.0
2016-06-30,CCA,NO2,1,602.0,22.980066445182725,9.934373744366027,4.0,16.0,21.0,28.0,61.0
2016-06-30,CCA,NOX,1,602.0,30.406976744186046,20.24094837643471,7.0,18.0,25.0,37.0,167.0
2016-06-30,CCA,O3,1,584.0,39.00684931506849,30.513893936382324,1.0,16.0,29.0,57.0,140.0
2016-06-30,CCA,PM2.5,2,682.0,14.935483870967742,8.597814263982928,1.0,9.0,14.0,20.0,48.0
2016-06-30,CCA,SO2,1,600.0,2.4466666666666668,2.7706707821742693,0.0,1.0,2.0,3.0,35.0
2016-06-30,CHO,CO,15,665.0,0.6184962406015043,0.292224786189597,0.2,0.4,0.6,0.7,2.2
2016-06-30,CHO,NO,1,0.0,,,,,,,
2016-06-30,CHO,NO2,1,0.0,,,,,,,
2016-06-30,CHO,NOX,1,0.0,,,,,,,
2016-06-30,CHO,O3,1,666.0,35.25975975975976,23.93650942704933,2.0,15.0,31.0,52.0,114.0
2016-06-30,CHO,PM10,2,580.0,30.612068965517242,19.12334815773835,1.0,16.0,28.0,42.0,115.0
2016-06-30,CHO,SO2,1,606.0,1.7145214521452146,3.961302943512766,0.0,0.25,1.0,2.0,43.0
2016-06-30,COY,NO,1,662.0,9.741691842900302,16.8314969003026,0.0,1.0,3.0,10.0,130.0
2016-06-30,COY,NO2,1,662.0,25.250755287009063,11.047851813174569,3.0,17.0,24.0,31.0,68.0
2016-06-30,COY,NOX,1,662.0,34.99093655589124,23.86002885017573,4.0,19.0,29.0,44.0,173.0
2016-06-30,COY,O3,1,596.0,38.29865771812081,30.687331821611718,2.0,14.75,28.0,58.0,147.0
2016-06-30,COY,PM2.5,2,681.0,21.621145374449338,13.90631762411095,1.0,12.0,18.0,30.0,91.0
2016-06-30,CUA,CO,15,661.0,0.40559757942511504,0.1949719830538483,0.1,0.3,0.4,0.5,1.4
2016-06-30,CUA,NO,1,656.0,8.71798780487805,13.63979515325476,1.0,3.0,5.0,8.0,144.0
2016-06-30,CUA,NO2,1,656.0,22.28048780487805,10.186983930179943,4.0,15.0,21.0,28.0,70.0
2016-06-30,CUA,NOX,1,656.0,30.996951219512194,20.130490106108194,5.0,19.0,26.0,36.0,190.0
2016-06-30,CUA,O3,1,665.0,41.14436090225564,26.349714264053492,2.0,22.0,34.0,56.0,127.0
2016-06-30,CUA,PM10,2,633.0,25.677725118483412,18.290476871416264,1.0,13.0,23.0,35.0,191.0
2016-06-30,CUA,SO2,1,574.0,1.8466898954703832,3.68064337051892,0.0,0.0,1.0,2.0,43.0
2016-06-30,CUT,NO,1,619.0,9.5718901453958,16.95308350338372,0.0,1.0,3.0,9.0,124.0
2016-06-30,CUT,NO2,1,619.0,15.794830371567043,9.043668193644981,2.0,8.0,14.0,22.0,55.0
2016-06-30,CUT,NOX,1,619.0,25.336025848142164,22.128343881790776,3.0,11.0,17.0,33.0,148.0
2016-06-30,CUT,O3,1,624.0,23.22275641025641,18.4258540558357,1.0,7.0,19.0,35.0,86.0
2016-06-30,CUT,PM10,2,630.0,36.99523809523809,25.327959682456246,1.0,18.0,33.0,49.0,192.0
2016-06-30,CUT,SO2,1,623.0,5.362760834670947,10.088038191443994,0.0,2.0,3.0,4.0,119.0
2016-06-30,FAC,CO,15,659.0,0.6971168437025795,0.4224413809859938,0.1,0.4,0.6,0.9,3.2
2016-06-30,FAC,NO,1,660.0,18.016666666666666,29.236278227449144,0.0,4.0,8.0,18.0,241.0
2016-06-30,FAC,NO2,1,660.0,26.098484848484848,12.37383053347226,3.0,17.0,24.0,33.0,81.0
2016-06-30,FAC,NOX,1,660.0,44.127272727272725,35.04303248987387,3.0,23.0,34.0,53.25,281.0
2016-06-30,FAC,O3,1,661.0,33.20877458396369,25.443198445408612,2.0,13.0,26.0,49.0,119.0
2016-06-30,FAC,PM10,2,290.0,25.248275862068965,17.342880846278227,1.0,12.0,23.0,34.75,99.0
2016-06-30,FAC,SO2,1,660.0,4.58030303030303,5.64002926457848,0.0,2.0,3.0,5.0,46.0
2016-06-30,GAM,O3,1,650.0,34.69076923076923,30.11311097200013,1.0,9.0,26.0,54.0,133.0
2016-06-30,GAM,PM2.5,2,0.0,,,,,,,
2016-06-30,HGM,CO,15,660.0,0.4966666666666672,0.2826620331550649,0.0,0.3,0.5,0.6,2.3
2016-06-30,HGM,NO,1,660.0,12.295454545454545,16.929801791978697,0.0,2.0,5.0,17.0,141.0
2016-06-30,HGM,NO2,1,660.0,30.74848484848485,12.774942782766459,8.0,21.0,29.0,38.0,81.0
2016-06-30,HGM,NOX,1,660.0,43.0439393939394,25.470793943130992,9.0,25.0,36.0,54.0,198.0
2016-06-30,HGM,O3,1,663.0,35.132730015082956,29.249740354637424,2.0,12.0,27.0,51.0,137.0
2016-06-30,HGM,PM10,2,622.0,30.84565916398714,17.633465442449253,2.0,18.0,27.0,40.0,89.0
2016-06-30,HGM,PM2.5,2,622.0,22.440514469453376,14.744157337071037,1.0,11.0,20.0,30.0,75.0
2016-06-30,HGM,PMCO,2,622.0,8.40032154340836,4.739819998296362,1.0,5.0,8.0,11.0,29.0
2016-06-30,HGM,SO2,1,661.0,2.97428139183056,4.216591109095675,0.0,1.0,2.0,3.0,41.0
2016-06-30,INN,CO,15,670.0,0.24074626865671575,0.13189221301131435,0.0,0.1,0.2,0.3,0.8
2016-06-30,INN,O3,1,670.0,38.765671641791045,20.721161473402454,3.0,23.0,33.0,49.75,117.0
2016-06-30,INN,PM10,2,679.0,17.237113402061855,11.31115464415,2.0,9.0,14.0,23.0,63.0
2016-06-30,INN,PM2.5,2,679.0,13.169366715758468,9.128347596051954,1.0,6.0,11.0,18.0,54.0
2016-06-30,INN,PMCO,2,679.0,4.067746686303387,2.7929757162687103,1.0,2.0,3.0,5.0,17.0
2016-06-30,INN,SO2,1,670.0,1.6194029850746268,2.3434377929397225,0.0,1.0,1.0,2.0,37.0
2016-06-30,IZT,CO,15,669.0,0.8772795216741401,0.38081744870173473,0.3,0.6,0.8,1.0,2.8
2016-06-30,IZT,NO,1,637.0,13.687598116169545,19.08162012132584,0.0,3.0,6.0,15.0,137.0
2016-06-30,IZT,NO2,1,637.0,30.46938775510204,13.34665135146353,5.0,20.0,29.0,38.0,82.0
2016-06-30,IZT,NOX,1,637.0,44.13657770800628,28.099696660648252,9.0,25.0,36.0,55.0,178.0
2016-06-30,IZT,O3,1,669.0,35.20627802690583,29.658877295736325,2.0,12.0,26.0,53.0,142.0
2016-06-30,IZT,PM10,2,681.0,26.013215859030836,15.072807667006561,2.0,15.0,23.0,35.0,114.0
2016-06-30,IZT,SO2,1,669.0,2.7443946188340806,4.253440220845519,0.0,1.0,2.0,3.0,37.0
2016-06-30,LLA,CO,15,0.0,,,,,,,
2016-06-30,LLA,NO,1,0.0,,,,,,,
2016-06-30,LLA,NO2,1,0.0,,,,,,,
2016-06-30,LLA,NOX,1,0.0,,,,,,,
2016-06-30,LLA,O3,1,616.0,29.801948051948052,24.008597296935204,1.0,10.0,23.0,43.0,102.0
2016-06-30,LLA,SO2,1,667.0,3.1724137931034484,5.512907651272672,1.0,1.0,1.0,3.0,53.0
2016-06-30,LPR,CO,15,671.0,0.49329359165424713,0.34041200051290876,0.0,0.25,0.4,0.7,2.4
2016-06-30,LPR,NO,1,0.0,,,,,,,
2016-06-30,LPR,NO2,1,0.0,,,,,,,
2016-06-30,LPR,NOX,1,0.0,,,,,,,
2016-06-30,LPR,O3,1,672.0,32.19642857142857,25.44530592827031,0.0,12.0,26.0,48.0,122.0
2016-06-30,LPR,SO2,1,661.0,2.1543116490166416,3.68746036687491,0.0,1.0,1.0,2.0,51.0
2016-06-30,MER,CO,15,663.0,0.8096530920060336,0.39125296483758704,0.2,0.5,0.8,1.0,2.5
2016-06-30,MER,NO,1,662.0,19.143504531722055,22.25588253059315,0.0,5.0,11.0,25.75,138.0
2016-06-30,MER,NO2,1,662.0,32.9607250755287,13.41364372197565,6.0,23.0,32.0,42.0,82.0
2016-06-30,MER,NOX,1,662.0,52.09818731117825,30.887150455731568,10.0,29.0,45.0,67.0,189.0
2016-06-30,MER,O3,1,665.0,28.825563909774438,25.846912769597406,2.0,8.0,21.0,44.0,114.0
2016-06-30,MER,PM10,2,650.0,41.043076923076924,22.964996270238558,2.0,25.0,37.0,55.0,118.0
2016-06-30,MER,PM2.5,2,650.0,24.138461538461538,15.822179166021733,1.0,13.0,22.0,34.0,78.0
2016-06-30,MER,PMCO,2,650.0,16.88769230769231,9.719866835884986,1.0,9.0,15.0,23.0,63.0
2016-06-30,MER,SO2,1,661.0,3.605143721633888,4.733174748412518,0.0,1.0,2.0,4.0,45.0
2016-06-30,MGH,CO,15,575.0,0.5827826086956529,0.3298704946657451,0.1,0.4,0.5,0.7,2.2
2016-06-30,MGH,NO,1,575.0,17.596521739130434,26.92674256631391,1.0,4.0,8.0,18.0,241.0
2016-06-30,MGH,NO2,1,575.0,28.928695652173914,12.12206187841881,7.0,20.0,27.0,36.0,72.0
2016-06-30,MGH,NOX,1,575.0,46.52,33.81558719410665,11.0,26.0,36.0,55.0,289.0
2016-06-30,MGH,O3,1,580.0,32.08793103448276,28.410588028402135,0.0,11.0,23.0,48.25,133.0
2016-06-30,MGH,PM10,2,667.0,30.751124437781108,16.576996917771908,3.0,18.0,27.0,42.0,85.0
2016-06-30,MGH,PM2.5,2,667.0,22.535232383808097,13.290919140152072,1.0,12.0,20.0,31.0,61.0
2016-06-30,MGH,PMCO,2,667.0,8.214392803598201,4.784914644147795,1.0,4.0,7.0,11.0,29.0
2016-06-30,MGH,SO2,1,579.0,3.3402417962003454,4.2556643234831135,1.0,1.0,2.0,4.0,46.0
2016-06-30,MON,CO,15,672.0,0.3104166666666658,0.22499241031522255,0.0,0.2,0.3,0.4,1.4
2016-06-30,MON,NO,1,672.0,8.264880952380953,17.176945835687444,0.0,1.0,2.0,7.0,139.0
2016-06-30,MON,NO2,1,672.0,14.181547619047619,8.65464660656143,1.0,7.0,13.0,21.0,50.0
2016-06-30,MON,NOX,1,672.0,22.441964285714285,22.197183553004102,1.0,8.0,15.0,28.0,163.0
2016-06-30,MON,O3,1,673.0,32.213967310549776,24.679287775382022,0.0,11.0,29.0,49.0,112.0
2016-06-30,MON,SO2,1,0.0,,,,,,,
2016-06-30,MPA,CO,15,660.0,0.3568181818181831,0.13572330921535716,0.1,0.3,0.3,0.4,1.0
2016-06-30,MPA,O3,1,660.0,46.22121212121212,23.587749933709457,2.0,28.0,41.0,61.0,121.0
2016-06-30,MPA,PM10,2,636.0,22.2562893081761,14.662997772945252,2.0,11.0,19.0,30.0,81.0
2016-06-30,MPA,PM2.5,2,636.0,15.867924528301886,11.508908268984555,1.0,7.0,13.0,22.0,63.0
2016-06-30,MPA,PMCO,2,636.0,6.367924528301887,4.84010568967337,1.0,3.0,5.0,9.0,31.0
2016-06-30,MPA,SO2,1,657.0,2.2130898021308982,2.3413591228660744,1.0,1.0,2.0,2.0,23.0
2016-06-30,NEZ,CO,15,670.0,0.4864179104477601,0.384346946733663,0.0,0.2,0.4,0.7,2.3
2016-06-30,NEZ,NO,1,670.0,10.885074626865672,16.464762878981528,1.0,2.0,4.0,11.0,115.0
2016-06-30,NEZ,NO2,1,670.0,25.96268656716418,12.825963202971323,4.0,15.0,24.0,36.0,65.0
2016-06-30,NEZ,NOX,1,670.0,36.853731343283584,25.187359681008846,7.0,18.0,30.0,47.75,161.0
2016-06-30,NEZ,O3,1,671.0,32.61847988077496,26.73279418336154,1.0,11.0,26.0,50.5,123.0
2016-06-30,NEZ,PM2.5,2,681.0,16.8928046989721,10.604464566386298,1.0,9.0,15.0,22.0,69.0
2016-06-30,NEZ,SO2,1,670.0,2.7417910447761193,4.0971625769528,0.0,1.0,2.0,3.0,40.0
2016-06-30,PED,CO,15,473.0,0.47378435517970446,0.22593931053018806,0.1,0.3,0.4,0.6,1.4
2016-06-30,PED,NO,1,472.0,5.987288135593221,9.156567344746708,0.0,1.0,2.0,7.0,56.0
2016-06-30,PED,NO2,1,472.0,22.8135593220339,9.97508501529139,4.0,16.0,21.0,28.0,65.0
2016-06-30,PED,NOX,1,472.0,28.822033898305083,16.58146272974347,4.0,17.0,24.0,36.0,106.0
2016-06-30,PED,O3,1,548.0,39.79014598540146,31.18274457176612,1.0,16.0,29.0,59.0,142.0
2016-06-30,PED,PM10,2,0.0,,,,,,,
2016-06-30,PED,PM2.5,2,0.0,,,,,,,
2016-06-30,PED,PMCO,2,0.0,,,,,,,
2016-06-30,PED,SO2,1,473.0,2.040169133192389,2.699747628847734,0.0,1.0,1.0,2.0,29.0
2016-06-30,SAG,CO,15,666.0,0.5861861861861855,0.33728886553873966,0.1,0.4,0.5,0.7,2.1
2016-06-30,SAG,NO,1,447.0,10.847874720357941,15.171638004287765,0.0,3.0,6.0,11.0,124.0
2016-06-30,SAG,NO2,1,447.0,20.161073825503355,9.324301953286486,5.0,12.0,19.0,26.0,62.0
2016-06-30,SAG,NOX,1,447.0,30.973154362416107,20.86405269203969,5.0,16.0,26.0,38.0,155.0
2016-06-30,SAG,O3,1,667.0,31.01649175412294,25.157188078123045,1.0,11.0,23.0,46.5,119.0
2016-06-30,SAG,PM10,2,662.0,37.02416918429003,20.734384361387868,2.0,22.0,34.0,48.0,117.0
2016-06-30,SAG,PM2.5,2,662.0,21.315709969788518,14.775220322447797,1.0,10.0,19.0,30.0,96.0
2016-06-30,SAG,PMCO,2,662.0,15.740181268882175,9.55462923170185,1.0,9.0,14.0,20.0,65.0
2016-06-30,SAG,SO2,1,665.0,3.1218045112781954,5.309847329871693,0.0,1.0,2.0,3.0,50.0
2016-06-30,SFE,CO,15,659.0,0.5166919575113822,0.2033024775226087,0.2,0.4,0.5,0.6,1.3
2016-06-30,SFE,NO,1,669.0,7.5291479820627805,13.265860556666015,0.0,1.0,3.0,8.0,99.0
2016-06-30,SFE,NO2,1,669.0,20.170403587443946,9.41957558376122,3.0,13.0,19.0,25.0,50.0
2016-06-30,SFE,NOX,1,669.0,27.738415545590435,19.129530997083553,3.0,15.0,23.0,34.0,143.0
2016-06-30,SFE,O3,1,670.0,38.72835820895522,29.428908059720612,0.0,16.25,29.5,56.5,140.0
2016-06-30,SFE,PM10,2,0.0,,,,,,,
2016-06-30,SFE,PM2.5,2,0.0,,,,,,,
2016-06-30,SFE,PMCO,2,0.0,,,,,,,
2016-06-30,SFE,SO2,1,666.0,2.406906906906907,3.2869594763001477,0.0,1.0,1.0,2.75,36.0
2016-06-30,SJA,CO,15,656.0,0.858841463414635,0.37666418419091346,0.4,0.6,0.8,1.0,4.3
2016-06-30,SJA,NO,1,375.0,13.088,22.01725720822786,0.0,1.0,4.0,13.0,127.0
2016-06-30,SJA,NO2,1,375.0,25.397333333333332,12.604832845051662,6.0,14.0,26.0,35.0,67.0
2016-06-30,SJA,NOX,1,375.0,38.461333333333336,29.966790412542245,7.0,15.0,32.0,48.0,168.0
2016-06-30,SJA,O3,1,425.0,31.67058823529412,29.147877780968795,0.0,6.0,23.0,49.0,122.0
2016-06-30,SJA,PM2.5,2,0.0,,,,,,,
2016-06-30,SJA,SO2,1,510.0,1.7627450980392156,3.738056857574172,0.0,0.0,1.0,2.0,41.0
2016-06-30,TAH,CO,15,644.0,0.41583850931676986,0.24007012714752649,0.0,0.2,0.4,0.5,1.8
2016-06-30,TAH,NO,1,655.0,4.975572519083969,7.690059626861653,0.0,1.0,2.0,5.0,56.0
2016-06-30,TAH,NO2,1,655.0,15.506870229007633,8.022304446349732,2.0,9.0,14.0,21.0,53.0
2016-06-30,TAH,NOX,1,655.0,20.374045801526716,13.939765505654638,2.0,11.0,17.0,26.0,92.0
2016-06-30,TAH,O3,1,301.0,43.93687707641196,26.87128583106585,1.0,23.0,39.0,66.0,118.0
2016-06-30,TAH,PM10,2,648.0,25.549382716049383,20.499346683640518,1.0,9.0,22.0,36.0,141.0
2016-06-30,TAH,SO2,1,556.0,2.2284172661870505,3.5671148174779517,0.0,1.0,1.0,2.0,34.0
2016-06-30,TLA,CO,15,667.0,0.7775112443778115,0.33932159103222653,0.2,0.6,0.7,0.9,2.3
2016-06-30,TLA,NO,1,663.0,19.34841628959276,24.15535430805958,0.0,6.0,11.0,22.0,164.0
2016-06-30,TLA,NO2,1,663.0,31.153846153846153,11.514099309928408,7.0,23.0,30.0,38.0,77.0
2016-06-30,TLA,NOX,1,663.0,50.48567119155354,30.877000256311785,8.0,30.0,42.0,60.0,199.0
2016-06-30,TLA,O3,1,671.0,30.432190760059612,25.308150556616987,0.0,10.0,22.0,47.0,118.0
2016-06-30,TLA,PM10,2,579.0,49.72366148531952,23.067292331300322,3.0,34.0,47.0,63.0,153.0
2016-06-30,TLA,PM2.5,2,579.0,26.675302245250432,14.512788586767156,1.0,16.0,25.0,36.0,76.0
2016-06-30,TLA,PMCO,2,579.0,23.07426597582038,11.598368707859718,1.0,16.0,22.0,29.0,92.0
2016-06-30,TLA,SO2,1,667.0,5.320839580209895,5.680869896198129,1.0,2.0,3.0,6.0,56.0
2016-06-30,TLI,CO,15,671.0,0.4175856929955289,0.2844016731237724,0.0,0.2,0.3,0.5,1.8
2016-06-30,TLI,NO,1,672.0,10.089285714285714,17.090128527330915,1.0,2.0,4.0,9.0,118.0
2016-06-30,TLI,NO2,1,672.0,21.805059523809526,11.296403737619654,4.0,12.0,21.0,29.0,60.0
2016-06-30,TLI,NOX,1,672.0,31.858630952380953,24.481251987348852,5.0,15.0,24.0,40.0,159.0
2016-06-30,TLI,O3,1,673.0,30.812778603268946,25.31440425241681,0.0,10.0,24.0,48.0,108.0
2016-06-30,TLI,PM10,2,678.0,37.1622418879056,23.058468916271817,1.0,19.0,34.0,51.0,146.0
2016-06-30,TLI,SO2,1,672.0,4.4538690476190474,7.573836243301761,0.0,1.0,2.0,4.0,74.0
2016-06-30,UAX,CO,15,670.0,0.42716417910447685,0.29170293246318446,0.0,0.2,0.4,0.5,2.1
2016-06-30,UAX,NO,1,670.0,7.908955223880597,15.844415739230442,0.0,1.0,2.0,8.0,121.0
2016-06-30,UAX,NO2,1,670.0,21.97761194029851,11.240718754388139,2.0,14.0,21.0,28.0,86.0
2016-06-30,UAX,NOX,1,670.0,29.88955223880597,22.945109872558564,3.0,15.0,24.0,37.0,167.0
2016-06-30,UAX,O3,1,671.0,38.113263785394935,30.40245944372474,1.0,14.0,29.0,58.0,127.0
2016-06-30,UAX,PM2.5,2,673.0,15.952451708766716,10.025598074331363,1.0,9.0,15.0,21.0,79.0
2016-06-30,UAX,SO2,1,670.0,2.455223880597015,3.3060520480056703,1.0,1.0,1.0,2.0,34.0
2016-06-30,UIZ,CO,15,669.0,0.6832585949177874,0.3365741820677131,0.2,0.5,0.6,0.8,2.1
2016-06-30,UIZ,NO,1,669.0,11.8101644245142,18.06329900049561,0.0,1.0,4.0,16.0,125.0
2016-06-30,UIZ,NO2,1,669.0,26.980568011958148,12.305051502990583,4.0,18.0,27.0,36.0,76.0
2016-06-30,UIZ,NOX,1,669.0,38.78624813153961,26.504954724999344,5.0,20.0,32.0,50.0,170.0
2016-06-30,UIZ,O3,1,625.0,31.3568,26.163117316029222,0.0,11.0,25.0,45.0,125.0
2016-06-30,UIZ,PM10,2,679.0,35.671575846833576,19.490401594059193,2.0,22.0,33.0,45.5,109.0
2016-06-30,UIZ,PM2.5,2,679.0,21.63033873343152,13.806298796681947,1.0,11.0,19.0,29.0,78.0
2016-06-30,UIZ,PMCO,2,679.0,14.017673048600884,8.445189229732128,1.0,8.0,13.0,18.0,49.0
2016-06-30,UIZ,SO2,1,669.0,2.5500747384155455,3.140800771367678,1.0,1.0,2.0,3.0,39.0
2016-06-30,VIF,CO,15,664.0,0.3391566265060235,0.25550331161969864,0.0,0.2,0.3,0.4,1.8
2016-06-30,VIF,NO,1,664.0,7.760542168674699,15.205923183300582,0.0,1.0,2.5,6.0,116.0
2016-06-30,VIF,NO2,1,664.0,18.694277108433734,10.44607919352345,4.0,10.0,16.0,26.0,56.0
2016-06-30,VIF,NOX,1,664.0,26.49397590361446,21.98113739234754,5.0,12.0,20.0,32.0,152.0
2016-06-30,VIF,O3,1,666.0,31.033033033033032,22.672870518613077,1.0,13.0,26.0,46.75,111.0
2016-06-30,VIF,PM10,2,671.0,36.54545454545455,23.776959989093033,1.0,19.0,32.0,49.0,134.0
2016-06-30,VIF,SO2,1,664.0,3.9819277108433737,8.934129919842759,0.0,1.0,2.0,3.0,120.0
2016-06-30,XAL,CO,15,538.0,0.831412639405205,0.470743946250183,0.1,0.5,0.7,1.0,3.4
2016-06-30,XAL,NO,1,642.0,23.677570093457945,32.098868740651234,0.0,7.0,12.0,25.0,240.0
2016-06-30,XAL,NO2,1,642.0,29.264797507788163,13.574833580755392,3.0,19.0,29.0,37.0,77.0
2016-06-30,XAL,NOX,1,642.0,52.90654205607477,39.379912689560236,5.0,28.0,41.5,66.0,293.0
2016-06-30,XAL,O3,1,357.0,25.73389355742297,20.356494138673582,1.0,9.0,22.0,35.0,93.0
2016-06-30,XAL,PM10,2,666.0,52.888888888888886,29.50523791341949,4.0,31.0,49.0,70.0,208.0
2016-06-30,XAL,PM2.5,2,666.0,25.05255255255255,16.1175736835481,1.0,13.0,23.0,35.0,111.0
2016-06-30,XAL,PMCO,2,666.0,27.85135135135135,17.671619649263793,2.0,16.0,24.0,36.0,130.0
2016-06-30,XAL,SO2,1,643.0,3.194401244167963,4.123993286855543,0.0,1.0,2.0,3.0,52.0
2016-07-31,ACO,CO,15,583.0,0.20857632933104647,0.15430321353354254,0.0,0.1,0.2,0.3,0.8
2016-07-31,ACO,NO,1,659.0,7.223065250379363,11.031469864350615,0.0,2.0,3.0,7.0,96.0
2016-07-31,ACO,NO2,1,659.0,12.095599393019727,6.612479823773928,2.0,6.0,11.0,17.0,41.0
2016-07-31,ACO,NOX,1,659.0,19.29135053110774,14.967140335235445,3.0,9.0,14.0,25.0,113.0
2016-07-31,ACO,O3,1,665.0,28.94887218045113,18.48494428289602,1.0,14.0,28.0,42.0,84.0
2016-07-31,ACO,PM10,2,677.0,25.96602658788774,28.853184235879176,1.0,14.0,22.0,31.0,535.0
2016-07-31,ACO,SO2,1,665.0,1.4195488721804512,3.21281926468055,0.0,0.0,1.0,1.0,46.0
2016-07-31,AJM,CO,15,607.0,0.4438220757825373,0.17526186341010214,0.1,0.3,0.4,0.5,1.3
2016-07-31,AJM,NO,1,692.0,4.458092485549133,6.028848241359089,0.0,0.0,2.0,6.0,40.0
2016-07-31,AJM,NO2,1,692.0,16.583815028901736,7.464546083454565,2.0,11.0,16.0,21.0,55.0
2016-07-31,AJM,NOX,1,692.0,21.039017341040463,11.839370322205777,2.0,13.0,19.0,27.0,82.0
2016-07-31,AJM,O3,1,695.0,41.31079136690647,27.067235876948526,2.0,22.0,33.0,56.0,138.0
2016-07-31,AJM,PM10,2,707.0,23.69165487977369,15.642734955538367,1.0,12.0,20.0,30.5,92.0
2016-07-31,AJM,PM2.5,2,707.0,14.743988684582744,10.58398637741308,1.0,7.0,12.0,19.5,67.0
2016-07-31,AJM,PMCO,2,707.0,8.930693069306932,6.97644803172583,1.0,4.0,7.0,11.0,41.0
2016-07-31,AJM,SO2,1,692.0,2.132947976878613,2.410111594094188,0.0,1.0,1.0,2.0,23.0
2016-07-31,AJU,O3,1,561.0,34.91087344028521,20.355305717254225,1.0,21.0,31.0,47.0,117.0
2016-07-31,AJU,PM2.5,2,478.0,12.485355648535565,10.917779000370075,1.0,4.0,9.0,18.0,59.0
2016-07-31,ATI,CO,15,687.0,0.5042212518195058,0.32945258592073506,0.1,0.3,0.4,0.6,2.4
2016-07-31,ATI,NO,1,688.0,10.149709302325581,17.916008956149447,0.0,1.0,3.0,10.0,124.0
2016-07-31,ATI,NO2,1,688.0,17.57122093023256,8.697446476839877,4.0,11.0,16.0,22.0,62.0
2016-07-31,ATI,NOX,1,688.0,27.70639534883721,23.185119577251463,4.0,13.0,20.0,33.0,145.0
2016-07-31,ATI,O3,1,688.0,28.712209302325583,22.23092438895805,1.0,11.0,23.0,42.0,110.0
2016-07-31,ATI,PM10,2,696.0,30.708333333333332,19.369626585268993,1.0,16.0,27.0,42.0,105.0
2016-07-31,ATI,SO2,1,419.0,3.042959427207637,4.8200207295485855,0.0,0.0,1.0,3.0,30.0
2016-07-31,BJU,CO,15,681.0,0.6038179148311305,0.27746243365607504,0.1,0.4,0.5,0.8,1.9
2016-07-31,BJU,O3,1,691.0,31.85094066570188,29.185355839713132,1.0,9.5,22.0,46.0,135.0
2016-07-31,BJU,PM10,2,704.0,30.041193181818183,17.66657384133154,2.0,17.0,25.0,40.0,102.0
2016-07-31,BJU,PM2.5,2,704.0,18.882102272727273,12.675354077088647,1.0,10.0,15.0,24.0,76.0
2016-07-31,BJU,PMCO,2,704.0,11.147727272727273,7.133619675732887,1.0,6.0,10.0,14.25,40.0
2016-07-31,BJU,SO2,1,682.0,3.19208211143695,4.201922020781089,0.0,1.0,2.0,3.0,38.0
2016-07-31,CAM,CO,15,673.0,0.7817236255572064,0.3466360461687486,0.2,0.5,0.7,0.9,2.8
2016-07-31,CAM,NO,1,676.0,17.12278106508876,24.01070160085551,0.0,3.0,7.0,19.0,173.0
2016-07-31,CAM,NO2,1,676.0,28.0207100591716,10.530780988882535,6.0,20.0,27.0,34.0,64.0
2016-07-31,CAM,NOX,1,676.0,45.13609467455621,29.592328317392596,8.0,24.0,37.0,55.0,204.0
2016-07-31,CAM,O3,1,674.0,28.077151335311573,27.944117130709394,1.0,6.0,18.0,42.0,133.0
2016-07-31,CAM,PM10,2,642.0,36.59345794392523,18.545760435896245,4.0,22.0,34.0,48.75,104.0
2016-07-31,CAM,PM2.5,2,642.0,19.58722741433022,11.527462648340636,1.0,11.0,19.0,27.0,66.0
2016-07-31,CAM,PMCO,2,642.0,17.001557632398754,9.73686550344036,2.0,10.0,16.0,21.75,63.0
2016-07-31,CAM,SO2,1,636.0,4.177672955974843,6.5641501846929415,0.0,1.0,2.0,4.0,54.0
2016-07-31,CCA,CO,15,694.0,0.6038904899135453,0.21495157237486293,0.2,0.4,0.6,0.7,1.6
2016-07-31,CCA,NO,1,691.0,7.4081041968162085,11.775983580969857,0.0,1.0,2.0,9.0,94.0
2016-07-31,CCA,NO2,1,691.0,21.04341534008683,8.284847137193484,3.0,15.0,20.0,26.0,52.0
2016-07-31,CCA,NOX,1,691.0,28.429811866859623,16.996476441128323,4.0,17.0,24.0,36.0,115.0
2016-07-31,CCA,O3,1,694.0,34.50576368876081,29.57265314059261,2.0,12.0,25.0,50.0,138.0
2016-07-31,CCA,PM2.5,2,702.0,13.41168091168091,8.135095437033874,1.0,8.0,12.0,17.0,58.0
2016-07-31,CCA,SO2,1,693.0,2.8196248196248197,3.1232979416710562,0.0,1.0,2.0,3.0,23.0
2016-07-31,CHO,CO,15,693.0,0.5330447330447327,0.28338701761599594,0.1,0.4,0.5,0.6,2.0
2016-07-31,CHO,NO,1,0.0,,,,,,,
2016-07-31,CHO,NO2,1,0.0,,,,,,,
2016-07-31,CHO,NOX,1,0.0,,,,,,,
2016-07-31,CHO,O3,1,693.0,32.14862914862915,23.282683882722623,4.0,12.0,28.0,48.0,103.0
2016-07-31,CHO,PM10,2,700.0,32.71142857142857,22.499966891453234,1.0,16.0,28.0,44.0,116.0
2016-07-31,CHO,SO2,1,693.0,1.3333333333333333,2.682096496865278,0.0,0.0,1.0,2.0,38.0
2016-07-31,COY,NO,1,516.0,12.8468992248062,18.550006151767207,0.0,2.0,5.0,17.0,138.0
2016-07-31,COY,NO2,1,516.0,24.996124031007753,9.758241948146546,3.0,18.0,25.0,31.0,57.0
2016-07-31,COY,NOX,1,516.0,37.87596899224806,23.988106357777507,4.0,20.0,33.0,49.0,176.0
2016-07-31,COY,O3,1,507.0,33.27021696252466,29.622192176144274,2.0,11.0,21.0,49.5,134.0
2016-07-31,COY,PM2.5,2,698.0,19.183381088825215,12.232827815215703,1.0,11.0,16.0,25.0,79.0
2016-07-31,CUA,CO,15,694.0,0.49812680115273833,0.20564741271686468,0.1,0.4,0.5,0.6,1.8
2016-07-31,CUA,NO,1,694.0,11.09942363112392,16.624975551173875,1.0,3.0,5.0,12.0,150.0
2016-07-31,CUA,NO2,1,694.0,21.279538904899134,8.098578202799164,4.0,16.0,20.0,26.0,49.0
2016-07-31,CUA,NOX,1,694.0,32.387608069164266,21.71821152902167,7.0,20.0,27.0,38.0,192.0
2016-07-31,CUA,O3,1,694.0,37.93227665706052,28.856609652540268,3.0,16.0,30.0,51.75,155.0
2016-07-31,CUA,PM10,2,702.0,23.735042735042736,15.331278478463275,1.0,13.0,21.0,30.0,85.0
2016-07-31,CUA,SO2,1,694.0,1.7118155619596542,2.4080082578108715,0.0,0.0,1.0,2.0,16.0
2016-07-31,CUT,NO,1,603.0,8.925373134328359,18.1820638222294,0.0,1.0,2.0,8.0,128.0
2016-07-31,CUT,NO2,1,603.0,15.023217247097843,7.510753637080058,3.0,8.5,15.0,20.0,37.0
2016-07-31,CUT,NOX,1,603.0,23.96849087893864,21.98173514408462,3.0,10.0,17.0,30.5,147.0
2016-07-31,CUT,O3,1,694.0,21.17435158501441,16.20645585374584,1.0,6.25,19.0,33.0,71.0
2016-07-31,CUT,PM10,2,699.0,36.26323319027182,24.270903172747882,1.0,19.0,31.0,48.5,162.0
2016-07-31,CUT,SO2,1,694.0,4.489913544668588,9.04194405940818,0.0,1.0,2.0,3.0,87.0
2016-07-31,FAC,CO,15,691.0,0.6123010130246017,0.3853578073617101,0.1,0.4,0.5,0.75,2.2
2016-07-31,FAC,NO,1,690.0,18.627536231884058,27.83491862637662,0.0,3.0,7.0,20.0,191.0
2016-07-31,FAC,NO2,1,690.0,22.99855072463768,9.513949620113406,5.0,16.0,21.0,28.0,55.0
2016-07-31,FAC,NOX,1,690.0,41.61014492753623,31.980267160270042,5.0,20.0,31.0,52.0,209.0
2016-07-31,FAC,O3,1,691.0,30.31548480463097,25.40795334549113,1.0,11.0,23.0,43.0,124.0
2016-07-31,FAC,PM10,2,692.0,27.010115606936417,18.533535497778,1.0,13.0,24.0,38.0,100.0
2016-07-31,FAC,SO2,1,691.0,3.9450072358900146,4.379449749528279,0.0,2.0,3.0,4.0,38.0
2016-07-31,GAM,O3,1,671.0,31.94634873323398,27.536463439191042,2.0,8.0,24.0,50.0,120.0
2016-07-31,GAM,PM2.5,2,0.0,,,,,,,
2016-07-31,HGM,CO,15,685.0,0.5202919708029191,0.2854358051102693,0.1,0.3,0.5,0.7,1.6
2016-07-31,HGM,NO,1,695.0,14.082014388489208,18.413060972586713,0.0,2.0,6.0,19.0,158.0
2016-07-31,HGM,NO2,1,695.0,28.699280575539568,11.068437201129282,5.0,21.0,28.0,35.0,69.0
2016-07-31,HGM,NOX,1,695.0,42.73093525179856,25.36371403714466,7.0,24.0,37.0,54.0,197.0
2016-07-31,HGM,O3,1,696.0,31.320402298850574,28.300584692522612,2.0,9.0,23.0,45.0,128.0
2016-07-31,HGM,PM10,2,703.0,28.462304409672832,16.398993744182373,3.0,16.0,24.0,36.0,96.0
2016-07-31,HGM,PM2.5,2,703.0,19.362731152204837,12.799934537102674,1.0,11.0,16.0,25.0,77.0
2016-07-31,HGM,PMCO,2,703.0,9.095305832147938,5.833469413461128,1.0,5.0,8.0,11.0,33.0
2016-07-31,HGM,SO2,1,695.0,3.4633093525179857,5.263765319962925,0.0,1.0,2.0,3.0,48.0
2016-07-31,INN,CO,15,687.0,0.1921397379912659,0.1218034703984146,0.0,0.1,0.2,0.3,0.8
2016-07-31,INN,O3,1,688.0,34.17732558139535,21.241330666871452,1.0,19.0,30.0,43.25,130.0
2016-07-31,INN,PM10,2,598.0,16.225752508361204,11.562554606607167,2.0,8.0,13.0,21.0,69.0
2016-07-31,INN,PM2.5,2,598.0,11.357859531772576,8.223777478369442,1.0,6.0,9.0,14.0,51.0
2016-07-31,INN,PMCO,2,598.0,4.857859531772576,4.733238620599229,1.0,2.0,4.0,6.0,30.0
2016-07-31,INN,SO2,1,647.0,1.4930448222565689,1.3536550118758859,0.0,1.0,1.0,2.0,18.0
2016-07-31,IZT,CO,15,608.0,0.8401315789473695,0.3403670600124077,0.3,0.6,0.8,1.0,2.3
2016-07-31,IZT,NO,1,679.0,15.072164948453608,19.621547059875247,0.0,3.0,6.0,20.0,135.0
2016-07-31,IZT,NO2,1,679.0,27.973490427098675,10.591191505395617,6.0,20.0,28.0,35.0,62.0
2016-07-31,IZT,NOX,1,679.0,43.058910162002945,25.845914062705447,6.0,24.0,36.0,56.0,168.0
2016-07-31,IZT,O3,1,678.0,29.960176991150444,27.607448869024022,2.0,7.0,22.0,44.0,122.0
2016-07-31,IZT,PM10,2,693.0,24.339105339105338,13.938931125898035,1.0,14.0,21.0,32.0,77.0
2016-07-31,IZT,SO2,1,678.0,3.7330383480825957,5.026470542706453,0.0,1.0,2.0,4.0,41.0
2016-07-31,LLA,CO,15,0.0,,,,,,,
2016-07-31,LLA,NO,1,0.0,,,,,,,
2016-07-31,LLA,NO2,1,0.0,,,,,,,
2016-07-31,LLA,NOX,1,0.0,,,,,,,
2016-07-31,LLA,O3,1,696.0,27.653735632183906,21.680264880889922,1.0,10.0,22.0,42.0,98.0
2016-07-31,LLA,SO2,1,570.0,4.217543859649123,12.611473042620807,0.0,1.0,1.0,3.0,171.0
2016-07-31,LPR,CO,15,615.0,0.4686178861788618,0.31783142747680176,0.0,0.2,0.4,0.6,1.8
2016-07-31,LPR,NO,1,0.0,,,,,,,
2016-07-31,LPR,NO2,1,0.0,,,,,,,
2016-07-31,LPR,NOX,1,0.0,,,,,,,
2016-07-31,LPR,O3,1,691.0,29.19971056439942,22.998942632976558,0.0,10.0,25.0,43.0,102.0
2016-07-31,LPR,SO2,1,691.0,2.125904486251809,2.773593470335899,0.0,1.0,1.0,2.0,21.0
2016-07-31,MER,CO,15,600.0,0.7819999999999997,0.3683777548710107,0.2,0.5,0.7,1.0,2.2
2016-07-31,MER,NO,1,646.0,21.04953560371517,22.61077519287566,0.0,5.0,12.0,30.0,140.0
2016-07-31,MER,NO2,1,646.0,31.377708978328172,11.248141207975433,7.0,23.0,31.0,38.0,74.0
2016-07-31,MER,NOX,1,646.0,52.39783281733746,29.502667254690714,7.0,30.0,45.5,70.0,179.0
2016-07-31,MER,O3,1,641.0,26.290171606864273,25.392728661503785,1.0,6.0,16.0,40.0,108.0
2016-07-31,MER,PM10,2,651.0,38.806451612903224,21.45562909474146,3.0,22.0,36.0,52.0,122.0
2016-07-31,MER,PM2.5,2,651.0,21.036866359447004,14.019059290692761,1.0,11.0,19.0,29.0,84.0
2016-07-31,MER,PMCO,2,651.0,17.7542242703533,10.197788288361394,1.0,10.0,16.0,23.0,62.0
2016-07-31,MER,SO2,1,646.0,4.512383900928793,6.180414291925214,1.0,2.0,3.0,4.75,63.0
2016-07-31,MGH,CO,15,643.0,0.7730948678071542,0.30861094990361376,0.2,0.6,0.7,0.9,3.1
2016-07-31,MGH,NO,1,643.0,21.56298600311042,36.29534866887393,1.0,4.0,8.0,24.0,336.0
2016-07-31,MGH,NO2,1,643.0,27.398133748055987,9.28990321842099,8.0,21.0,26.0,33.0,73.0
2016-07-31,MGH,NOX,1,643.0,48.95800933125972,40.178493228958274,11.0,26.0,37.0,55.5,365.0
2016-07-31,MGH,O3,1,671.0,29.971684053651266,28.726254619653485,1.0,8.0,20.0,43.5,141.0
2016-07-31,MGH,PM10,2,704.0,28.944602272727273,16.04327537959748,2.0,17.0,25.0,38.0,133.0
2016-07-31,MGH,PM2.5,2,704.0,19.710227272727273,11.355053916666682,1.0,11.0,17.0,26.0,61.0
2016-07-31,MGH,PMCO,2,704.0,9.234375,7.115220010413315,1.0,5.0,8.0,11.0,84.0
2016-07-31,MGH,SO2,1,645.0,3.068217054263566,2.860362671270788,1.0,1.0,2.0,4.0,22.0
2016-07-31,MON,CO,15,637.0,0.27362637362637293,0.21876196490880181,0.0,0.1,0.2,0.4,1.3
2016-07-31,MON,NO,1,669.0,9.215246636771301,18.012096920001962,0.0,1.0,2.0,7.0,119.0
2016-07-31,MON,NO2,1,669.0,12.940209267563528,7.623593260899911,1.0,6.0,12.0,18.0,40.0
2016-07-31,MON,NOX,1,669.0,22.144992526158447,22.184681278319115,1.0,8.0,15.0,28.0,136.0
2016-07-31,MON,O3,1,665.0,28.571428571428573,21.65657671411119,0.0,10.0,26.0,44.0,94.0
2016-07-31,MON,SO2,1,0.0,,,,,,,
2016-07-31,MPA,CO,15,686.0,0.31195335276968017,0.1388271124958124,0.1,0.2,0.3,0.4,0.9
2016-07-31,MPA,O3,1,688.0,40.93604651162791,20.515524211975592,2.0,25.0,37.0,53.0,112.0
2016-07-31,MPA,PM10,2,690.0,20.85217391304348,15.081439382396223,2.0,10.0,17.0,27.0,79.0
2016-07-31,MPA,PM2.5,2,690.0,13.523188405797102,10.112583159125483,1.0,7.0,11.0,17.0,57.0
2016-07-31,MPA,PMCO,2,690.0,7.323188405797102,6.705382992940318,1.0,3.0,5.0,9.0,38.0
2016-07-31,MPA,SO2,1,687.0,1.5880640465793303,2.3660690990152573,0.0,0.0,1.0,2.0,21.0
2016-07-31,NEZ,CO,15,689.0,0.5001451378809869,0.359525659494021,0.0,0.2,0.4,0.7,2.4
2016-07-31,NEZ,NO,1,689.0,10.269956458635704,15.9488548514833,0.0,2.0,4.0,12.0,142.0
2016-07-31,NEZ,NO2,1,689.0,24.937590711175616,11.681101587742898,5.0,15.0,24.0,33.0,60.0
2016-07-31,NEZ,NOX,1,689.0,35.217706821480405,23.65348639357212,6.0,17.0,30.0,48.0,177.0
2016-07-31,NEZ,O3,1,692.0,28.523121387283236,24.269251539175738,0.0,8.0,23.0,43.25,102.0
2016-07-31,NEZ,PM2.5,2,697.0,15.812051649928264,9.426849247386983,1.0,8.0,15.0,21.0,55.0
2016-07-31,NEZ,SO2,1,689.0,3.1756168359941945,6.167213380144043,1.0,1.0,2.0,3.0,83.0
2016-07-31,PED,CO,15,657.0,0.46788432267884295,0.2120326971180151,0.0,0.3,0.5,0.6,1.3
2016-07-31,PED,NO,1,684.0,7.197368421052632,9.977159513203885,0.0,1.0,3.0,10.0,85.0
2016-07-31,PED,NO2,1,684.0,19.633040935672515,8.487428760332469,2.0,13.0,19.0,25.0,52.0
2016-07-31,PED,NOX,1,684.0,26.846491228070175,15.754749293422776,3.0,15.0,24.0,35.0,110.0
2016-07-31,PED,O3,1,686.0,34.88483965014577,29.362270401195744,0.0,13.0,26.0,50.0,139.0
2016-07-31,PED,PM10,2,0.0,,,,,,,
2016-07-31,PED,PM2.5,2,0.0,,,,,,,
2016-07-31,PED,PMCO,2,0.0,,,,,,,
2016-07-31,PED,SO2,1,685.0,2.0233576642335764,2.593747057314554,0.0,1.0,1.0,2.0,18.0
2016-07-31,SAG,CO,15,671.0,0.5994038748137107,0.3068369238467076,0.1,0.4,0.5,0.7,1.9
2016-07-31,SAG,NO,1,661.0,11.89712556732224,15.52900534086562,0.0,3.0,6.0,13.0,102.0
2016-07-31,SAG,NO2,1,661.0,21.293494704992437,9.27501221327558,4.0,14.0,20.0,27.0,59.0
2016-07-31,SAG,NOX,1,661.0,33.18154311649017,21.325905957025864,5.0,18.0,27.0,41.0,131.0
2016-07-31,SAG,O3,1,599.0,27.492487479131885,21.232418112856504,1.0,10.0,22.0,40.0,99.0
2016-07-31,SAG,PM10,2,558.0,36.7921146953405,19.078402224155933,2.0,23.0,34.0,46.0,165.0
2016-07-31,SAG,PM2.5,2,558.0,19.93010752688172,11.754847290282452,1.0,12.0,18.0,25.0,69.0
2016-07-31,SAG,PMCO,2,558.0,16.86200716845878,11.319608077282865,1.0,10.0,14.0,21.0,151.0
2016-07-31,SAG,SO2,1,669.0,3.6696562032884903,6.9141434951010625,0.0,1.0,2.0,3.0,82.0
2016-07-31,SFE,CO,15,679.0,0.5466863033873349,0.15950718805813957,0.3,0.4,0.5,0.6,1.1
2016-07-31,SFE,NO,1,694.0,7.753602305475504,13.438270283663416,0.0,0.0,2.0,9.75,114.0
2016-07-31,SFE,NO2,1,694.0,18.971181556195965,6.951431551997933,3.0,14.0,18.0,24.0,45.0
2016-07-31,SFE,NOX,1,694.0,26.675792507204612,17.642843257315274,4.0,15.0,22.0,32.0,141.0
2016-07-31,SFE,O3,1,695.0,36.128057553956836,30.835661894831443,0.0,13.0,27.0,51.0,156.0
2016-07-31,SFE,PM10,2,0.0,,,,,,,
2016-07-31,SFE,PM2.5,2,0.0,,,,,,,
2016-07-31,SFE,PMCO,2,0.0,,,,,,,
2016-07-31,SFE,SO2,1,693.0,2.1414141414141414,2.284700753903331,0.0,1.0,1.0,2.0,18.0
2016-07-31,SJA,CO,15,695.0,0.832517985611512,0.28965122006821015,0.4,0.6,0.8,1.0,2.2
2016-07-31,SJA,NO,1,693.0,12.975468975468976,19.93452370912115,0.0,1.0,4.0,16.0,136.0
2016-07-31,SJA,NO2,1,693.0,26.62193362193362,13.005276086354064,5.0,15.0,27.0,35.0,70.0
2016-07-31,SJA,NOX,1,693.0,39.58585858585859,28.561163994990796,5.0,17.0,33.0,54.0,173.0
2016-07-31,SJA,O3,1,695.0,28.95971223021583,26.52270170945905,0.0,6.0,21.0,44.0,116.0
2016-07-31,SJA,PM2.5,2,0.0,,,,,,,
2016-07-31,SJA,SO2,1,694.0,2.0561959654178676,4.308588750808237,0.0,0.0,1.0,2.0,58.0
2016-07-31,TAH,CO,15,692.0,0.353034682080925,0.21365683552953565,0.0,0.2,0.3,0.5,1.5
2016-07-31,TAH,NO,1,691.0,4.646888567293777,7.85943915195079,0.0,1.0,2.0,4.0,58.0
2016-07-31,TAH,NO2,1,691.0,14.586107091172215,8.406831817046717,2.0,8.0,13.0,20.0,57.0
2016-07-31,TAH,NOX,1,691.0,19.19681620839363,14.05059351965523,2.0,9.0,15.0,25.0,80.0
2016-07-31,TAH,O3,1,428.0,34.981308411214954,24.172189221779476,1.0,16.0,29.0,50.25,109.0
2016-07-31,TAH,PM10,2,690.0,24.730434782608697,18.966086182042968,1.0,11.0,20.0,34.0,101.0
2016-07-31,TAH,SO2,1,428.0,1.689252336448598,1.9927682843236472,0.0,1.0,1.0,2.0,17.0
2016-07-31,TLA,CO,15,693.0,0.7210678210678205,0.3399940704438959,0.1,0.5,0.7,0.9,2.9
2016-07-31,TLA,NO,1,671.0,20.418777943368106,23.63463570845787,0.0,7.0,11.0,23.5,201.0
2016-07-31,TLA,NO2,1,671.0,28.916542473919524,10.43596868316636,7.0,22.0,28.0,35.0,76.0
2016-07-31,TLA,NOX,1,671.0,49.35022354694486,29.524356185341382,12.0,29.0,41.0,61.0,243.0
2016-07-31,TLA,O3,1,653.0,29.57886676875957,25.298317930741167,1.0,9.0,21.0,43.0,116.0
2016-07-31,TLA,PM10,2,702.0,42.60968660968661,22.05016502540793,2.0,26.0,40.0,55.0,134.0
2016-07-31,TLA,PM2.5,2,702.0,21.270655270655272,12.571426486547567,1.0,12.0,19.0,29.0,85.0
2016-07-31,TLA,PMCO,2,702.0,21.358974358974358,11.532224804099798,1.0,14.0,20.0,28.0,77.0
2016-07-31,TLA,SO2,1,693.0,5.712842712842713,7.670777792128226,1.0,2.0,3.0,6.0,71.0
2016-07-31,TLI,CO,15,682.0,0.359530791788855,0.2797708571861085,0.0,0.2,0.3,0.5,2.1
2016-07-31,TLI,NO,1,693.0,11.005772005772005,17.66343897609958,0.0,2.0,4.0,12.0,154.0
2016-07-31,TLI,NO2,1,693.0,20.948051948051948,10.500215375586995,4.0,12.0,21.0,28.0,60.0
2016-07-31,TLI,NOX,1,693.0,31.935064935064936,24.576766541687697,5.0,14.0,25.0,42.0,191.0
2016-07-31,TLI,O3,1,695.0,27.801438848920863,23.7294609675706,0.0,9.0,21.0,43.0,101.0
2016-07-31,TLI,PM10,2,694.0,35.789625360230545,24.09185420653798,1.0,19.0,32.0,49.0,281.0
2016-07-31,TLI,SO2,1,683.0,4.244509516837482,7.783937792167205,0.0,1.0,2.0,4.0,67.0
2016-07-31,UAX,CO,15,698.0,0.39828080229226387,0.24929725322004045,0.0,0.2,0.4,0.5,1.5
2016-07-31,UAX,NO,1,698.0,7.345272206303725,12.88776122453404,0.0,0.0,1.0,9.0,85.0
2016-07-31,UAX,NO2,1,698.0,19.766475644699142,9.471314051210175,2.0,13.0,19.0,26.0,59.0
2016-07-31,UAX,NOX,1,698.0,27.150429799426934,18.856066039892937,2.0,14.0,22.0,35.75,109.0
2016-07-31,UAX,O3,1,698.0,33.720630372492835,28.28281344693932,0.0,12.0,26.0,51.0,135.0
2016-07-31,UAX,PM2.5,2,465.0,14.30537634408602,8.708477409470014,1.0,8.0,13.0,20.0,43.0
2016-07-31,UAX,SO2,1,698.0,2.644699140401146,3.7979616572708714,1.0,1.0,1.0,2.0,51.0
2016-07-31,UIZ,CO,15,538.0,0.5992565055762081,0.3400616183682127,0.1,0.3,0.5,0.8,2.5
2016-07-31,UIZ,NO,1,548.0,11.620437956204379,17.298806961583583,0.0,1.0,4.0,15.0,154.0
2016-07-31,UIZ,NO2,1,548.0,24.385036496350367,12.407887838799876,3.0,14.0,25.0,33.0,69.0
2016-07-31,UIZ,NOX,1,548.0,36.04197080291971,25.917392135815522,4.0,16.0,30.0,50.0,190.0
2016-07-31,UIZ,O3,1,594.0,31.01851851851852,27.286278086830865,1.0,8.0,24.0,47.75,120.0
2016-07-31,UIZ,PM10,2,707.0,34.25318246110325,19.441044762152003,2.0,20.0,31.0,46.0,114.0
2016-07-31,UIZ,PM2.5,2,707.0,19.27015558698727,12.914591977801534,1.0,10.0,17.0,25.0,85.0
2016-07-31,UIZ,PMCO,2,707.0,14.963224893917964,8.963811715086132,1.0,9.0,13.0,20.0,52.0
2016-07-31,UIZ,SO2,1,548.0,2.866788321167883,3.4053607452370436,0.0,1.0,2.0,3.0,30.0
2016-07-31,VIF,CO,15,684.0,0.37675438596491145,0.24986202557719198,0.0,0.2,0.3,0.5,1.7
2016-07-31,VIF,NO,1,684.0,7.767543859649122,13.759385960545272,0.0,1.0,2.0,7.0,102.0
2016-07-31,VIF,NO2,1,684.0,16.330409356725145,9.633650111638392,3.0,8.0,14.0,23.0,50.0
2016-07-31,VIF,NOX,1,684.0,24.093567251461987,20.19973513938193,3.0,10.0,17.0,32.0,128.0
2016-07-31,VIF,O3,1,684.0,28.662280701754387,20.051945237844883,1.0,13.0,25.0,41.0,84.0
2016-07-31,VIF,PM10,2,693.0,34.708513708513706,21.44630072285802,1.0,20.0,32.0,47.0,137.0
2016-07-31,VIF,SO2,1,684.0,4.9605263157894735,12.482839418852063,0.0,1.0,2.0,4.0,181.0
2016-07-31,XAL,CO,15,690.0,0.8682608695652189,0.41256553869727985,0.3,0.6,0.8,1.0,3.1
2016-07-31,XAL,NO,1,678.0,24.408554572271388,28.54222377868648,0.0,8.0,14.0,28.75,186.0
2016-07-31,XAL,NO2,1,678.0,26.613569321533923,10.80187871141283,5.0,18.0,26.0,33.0,78.0
2016-07-31,XAL,NOX,1,678.0,51.05899705014749,35.42482501930588,6.0,27.0,40.0,63.0,231.0
2016-07-31,XAL,O3,1,690.0,27.884057971014492,22.516200413072095,2.0,9.0,22.0,41.0,98.0
2016-07-31,XAL,PM10,2,699.0,48.73247496423462,26.404093978449573,4.0,30.0,44.0,61.0,155.0
2016-07-31,XAL,PM2.5,2,699.0,21.38769670958512,13.647314365339179,1.0,12.0,19.0,28.0,75.0
2016-07-31,XAL,PMCO,2,699.0,27.359084406294706,16.465335202900302,1.0,16.0,25.0,35.0,115.0
2016-07-31,XAL,SO2,1,690.0,3.360869565217391,4.143847359745785,0.0,1.0,2.0,4.0,50.0
2016-08-31,ACO,CO,15,690.0,0.26492753623188303,0.1732940753202222,0.0,0.1,0.2,0.3,1.3
2016-08-31,ACO,NO,1,692.0,7.445086705202312,12.285256025903328,0.0,1.0,3.0,7.25,106.0
2016-08-31,ACO,NO2,1,692.0,12.741329479768787,6.690025187867091,2.0,8.0,11.0,17.0,40.0
2016-08-31,ACO,NOX,1,692.0,20.21820809248555,16.645101606584984,3.0,9.0,14.0,27.0,126.0
2016-08-31,ACO,O3,1,693.0,27.327561327561327,19.445962015222122,1.0,12.0,23.0,41.0,83.0
2016-08-31,ACO,PM10,2,707.0,25.074964639321074,13.86402128619112,1.0,14.0,24.0,33.0,73.0
2016-08-31,ACO,SO2,1,691.0,1.6975397973950797,2.764103706619962,0.0,1.0,1.0,1.0,28.0
2016-08-31,AJM,CO,15,687.0,0.5606986899563318,0.18633673016864688,0.2,0.4,0.5,0.7,1.3
2016-08-31,AJM,NO,1,681.0,4.8252569750367105,6.31783255602151,0.0,1.0,2.0,7.0,43.0
2016-08-31,AJM,NO2,1,681.0,16.754772393538914,7.708288795923152,0.0,11.0,17.0,22.0,61.0
2016-08-31,AJM,NOX,1,681.0,21.582966226138034,11.922517154787853,0.0,12.0,20.0,29.0,73.0
2016-08-31,AJM,O3,1,691.0,40.40231548480463,30.37786561410202,2.0,19.0,31.0,52.0,162.0
2016-08-31,AJM,PM10,2,705.0,23.302127659574467,14.590170590263773,2.0,13.0,20.0,31.0,77.0
2016-08-31,AJM,PM2.5,2,705.0,15.168794326241136,10.360882610041415,1.0,8.0,12.0,20.0,55.0
2016-08-31,AJM,PMCO,2,705.0,8.148936170212766,5.8834998597444645,1.0,4.0,6.0,11.0,42.0
2016-08-31,AJM,SO2,1,689.0,1.9811320754716981,2.6343975517617655,0.0,1.0,1.0,2.0,26.0
2016-08-31,AJU,O3,1,532.0,35.46052631578947,21.890593008093916,5.0,21.0,31.0,44.0,131.0
2016-08-31,AJU,PM2.5,2,489.0,10.703476482617587,9.207757341847762,1.0,4.0,8.0,15.0,54.0
2016-08-31,ATI,CO,15,686.0,0.4521865889212827,0.2606329189078393,0.1,0.3,0.4,0.6,1.8
2016-08-31,ATI,NO,1,686.0,9.323615160349854,14.868187635144805,0.0,1.0,3.0,10.0,109.0
2016-08-31,ATI,NO2,1,686.0,17.94606413994169,7.952138249211092,5.0,12.0,17.0,22.0,53.0
2016-08-31,ATI,NOX,1,686.0,27.2667638483965,19.528761578300525,5.0,14.0,21.0,33.0,134.0
2016-08-31,ATI,O3,1,686.0,29.82069970845481,24.785648839899327,1.0,11.25,21.5,43.0,111.0
2016-08-31,ATI,PM10,2,689.0,29.88388969521045,16.78154402109654,1.0,17.0,27.0,40.0,97.0
2016-08-31,ATI,SO2,1,330.0,3.7393939393939393,6.184004240471036,0.0,1.0,2.0,4.0,59.0
2016-08-31,BJU,CO,15,695.0,0.5827338129496406,0.3155271097643557,0.1,0.3,0.5,0.7,2.1
2016-08-31,BJU,O3,1,696.0,30.969827586206897,31.096516411326064,1.0,8.0,20.0,42.0,133.0
2016-08-31,BJU,PM10,2,710.0,29.22394366197183,16.705420560525095,2.0,17.0,24.0,38.75,93.0
2016-08-31,BJU,PM2.5,2,710.0,18.5943661971831,12.312639707442411,1.0,10.0,14.0,24.0,68.0
2016-08-31,BJU,PMCO,2,710.0,10.64225352112676,6.1475891583871345,1.0,5.0,10.0,15.0,29.0
2016-08-31,BJU,SO2,1,695.0,3.2633093525179855,4.671455781537548,0.0,1.0,2.0,3.0,56.0
2016-08-31,CAM,CO,15,471.0,0.7834394904458601,0.35875324307371703,0.3,0.5,0.7,0.9,2.5
2016-08-31,CAM,NO,1,471.0,16.83651804670913,22.790741489417144,0.0,3.5,8.0,21.0,157.0
2016-08-31,CAM,NO2,1,471.0,28.26751592356688,10.518503755907677,8.0,20.5,27.0,34.0,77.0
2016-08-31,CAM,NOX,1,471.0,45.1104033970276,28.58977123375818,10.0,26.0,38.0,55.5,183.0
2016-08-31,CAM,O3,1,586.0,26.47952218430034,28.66369257876478,0.0,5.0,15.0,37.0,125.0
2016-08-31,CAM,PM10,2,706.0,38.30028328611898,19.45805964185581,3.0,23.0,35.0,51.0,101.0
2016-08-31,CAM,PM2.5,2,706.0,20.422096317280452,12.855234069246148,1.0,11.0,18.0,29.0,64.0
2016-08-31,CAM,PMCO,2,706.0,17.88101983002833,9.603486782991665,1.0,10.25,17.0,23.0,56.0
2016-08-31,CAM,SO2,1,471.0,2.8832271762208066,4.689639439638513,0.0,1.0,2.0,3.0,61.0
2016-08-31,CCA,CO,15,688.0,0.6425872093023255,0.2586556746549572,0.2,0.475,0.6,0.8,1.9
2016-08-31,CCA,NO,1,689.0,9.111756168359943,15.936848243628992,0.0,1.0,2.0,10.0,124.0
2016-08-31,CCA,NO2,1,689.0,22.7677793904209,9.12723727769547,4.0,16.0,22.0,28.0,75.0
2016-08-31,CCA,NOX,1,689.0,31.90275761973875,20.704681695903147,4.0,18.0,26.0,39.0,149.0
2016-08-31,CCA,O3,1,689.0,32.71988388969521,31.728795739143113,1.0,9.0,22.0,45.0,138.0
2016-08-31,CCA,PM2.5,2,698.0,13.111747851002866,7.725498936181643,1.0,7.0,12.0,17.0,42.0
2016-08-31,CCA,SO2,1,688.0,2.5799418604651163,3.4033982498776214,0.0,1.0,1.0,3.0,40.0
2016-08-31,CHO,CO,15,665.0,0.6123308270676698,0.3535084208921119,0.2,0.4,0.5,0.7,2.8
2016-08-31,CHO,NO,1,0.0,,,,,,,
2016-08-31,CHO,NO2,1,0.0,,,,,,,
2016-08-31,CHO,NOX,1,0.0,,,,,,,
2016-08-31,CHO,O3,1,666.0,31.114114114114113,24.361356288012157,4.0,11.0,26.0,44.0,117.0
2016-08-31,CHO,PM10,2,669.0,32.77279521674141,24.76522893455771,1.0,14.0,27.0,47.0,151.0
2016-08-31,CHO,SO2,1,655.0,2.0900763358778627,1.7994585900780058,0.0,1.0,2.0,2.0,14.0
2016-08-31,COY,NO,1,690.0,13.033333333333333,17.776643297538307,1.0,2.0,5.0,17.0,124.0
2016-08-31,COY,NO2,1,690.0,24.298550724637682,9.956982842734787,3.0,17.0,24.0,30.0,74.0
2016-08-31,COY,NOX,1,690.0,37.33623188405797,23.678543691578444,5.0,20.0,31.0,48.0,150.0
2016-08-31,COY,O3,1,690.0,32.428985507246374,31.440247201750694,2.0,9.0,21.0,46.0,132.0
2016-08-31,COY,PM2.5,2,690.0,17.515942028985506,13.57173729391907,1.0,8.0,14.0,23.0,84.0
2016-08-31,CUA,CO,15,698.0,0.5266475644699145,0.21077283255979457,0.2,0.4,0.5,0.6,1.6
2016-08-31,CUA,NO,1,629.0,10.723370429252782,16.645032658093445,0.0,3.0,5.0,11.0,148.0
2016-08-31,CUA,NO2,1,629.0,20.60254372019078,8.308984847017964,4.0,15.0,20.0,26.0,53.0
2016-08-31,CUA,NOX,1,629.0,31.375198728139903,21.444620318516925,5.0,19.0,26.0,36.0,180.0
2016-08-31,CUA,O3,1,629.0,36.7154213036566,29.462219692230214,3.0,15.0,27.0,49.0,141.0
2016-08-31,CUA,PM10,2,703.0,23.22475106685633,13.883955841793123,1.0,13.0,21.0,32.0,82.0
2016-08-31,CUA,SO2,1,629.0,1.6804451510333864,2.6681566059990725,0.0,0.0,1.0,2.0,26.0
2016-08-31,CUT,NO,1,392.0,9.73469387755102,20.65713330614366,0.0,1.0,2.0,7.0,124.0
2016-08-31,CUT,NO2,1,392.0,14.59438775510204,7.688052918682566,4.0,9.0,13.0,19.0,51.0
2016-08-31,CUT,NOX,1,392.0,24.385204081632654,24.65106017462902,5.0,10.75,15.0,27.25,154.0
2016-08-31,CUT,O3,1,425.0,19.56,16.083414637914878,0.0,6.0,17.0,29.0,68.0
2016-08-31,CUT,PM10,2,701.0,35.885877318116975,25.69249112610391,1.0,19.0,31.0,46.0,220.0
2016-08-31,CUT,SO2,1,425.0,3.929411764705882,9.130588538469105,0.0,1.0,1.0,2.0,77.0
2016-08-31,FAC,CO,15,669.0,0.6550074738415542,0.4436439423105519,0.0,0.4,0.6,0.8,3.1
2016-08-31,FAC,NO,1,670.0,19.8044776119403,28.722042663762938,0.0,4.0,9.0,23.0,203.0
2016-08-31,FAC,NO2,1,670.0,23.650746268656718,9.848043869323275,5.0,17.0,22.0,30.0,72.0
2016-08-31,FAC,NOX,1,670.0,43.461194029850745,32.46883042619195,5.0,23.0,35.0,55.0,224.0
2016-08-31,FAC,O3,1,672.0,29.532738095238095,26.179914023997103,1.0,9.0,22.0,41.0,122.0
2016-08-31,FAC,PM10,2,681.0,23.472834067547723,14.586141056730476,1.0,13.0,22.0,32.0,104.0
2016-08-31,FAC,SO2,1,670.0,4.341791044776119,6.465584392823811,0.0,2.0,3.0,4.0,72.0
2016-08-31,GAM,O3,1,682.0,29.825513196480937,28.30150849978253,0.0,7.0,21.0,45.0,118.0
2016-08-31,GAM,PM2.5,2,0.0,,,,,,,
2016-08-31,HGM,CO,15,683.0,0.42386530014641305,0.28211859678238066,0.0,0.2,0.4,0.6,1.6
2016-08-31,HGM,NO,1,689.0,14.358490566037736,19.329549196422107,0.0,2.0,6.0,17.0,154.0
2016-08-31,HGM,NO2,1,689.0,26.737300435413644,10.955741524557864,5.0,18.0,26.0,33.0,68.0
2016-08-31,HGM,NOX,1,689.0,41.09143686502177,26.088212373061413,7.0,22.0,35.0,52.0,195.0
2016-08-31,HGM,O3,1,689.0,29.867924528301888,29.81544446070938,1.0,7.0,19.0,42.0,130.0
2016-08-31,HGM,PM10,2,639.0,26.591549295774648,15.242573317072415,2.0,16.0,22.0,35.0,86.0
2016-08-31,HGM,PM2.5,2,639.0,17.93740219092332,11.966089500877242,1.0,9.0,14.0,23.0,71.0
2016-08-31,HGM,PMCO,2,639.0,8.646322378716745,4.796496379622683,1.0,5.0,8.0,12.0,25.0
2016-08-31,HGM,SO2,1,689.0,3.3715529753265603,6.014623946555849,0.0,1.0,2.0,3.0,86.0
2016-08-31,INN,CO,15,221.0,0.2366515837104076,0.1189561067243961,0.0,0.2,0.2,0.3,0.6
2016-08-31,INN,O3,1,651.0,34.866359447004605,23.154377332354684,1.0,19.0,28.0,43.5,123.0
2016-08-31,INN,PM10,2,672.0,14.77827380952381,10.597637928032809,2.0,7.0,12.0,20.0,60.0
2016-08-31,INN,PM2.5,2,672.0,10.59375,7.765767456457825,1.0,5.0,8.0,14.0,45.0
2016-08-31,INN,PMCO,2,672.0,4.197916666666667,3.6771086863332956,1.0,2.0,3.0,6.0,18.0
2016-08-31,INN,SO2,1,683.0,1.102489019033675,1.2899486046887592,0.0,0.0,1.0,1.0,8.0
2016-08-31,IZT,CO,15,682.0,0.8206744868035188,0.38689715977366085,0.2,0.5,0.7,1.0,2.8
2016-08-31,IZT,NO,1,678.0,16.61946902654867,22.161146853233678,0.0,3.0,7.0,20.0,135.0
2016-08-31,IZT,NO2,1,678.0,27.408554572271388,10.691582739812025,5.0,20.0,26.0,33.0,81.0
2016-08-31,IZT,NOX,1,678.0,44.03834808259587,28.240081799006045,7.0,24.0,35.0,56.0,175.0
2016-08-31,IZT,O3,1,682.0,29.06451612903226,29.10775871080433,1.0,7.0,18.0,41.75,125.0
2016-08-31,IZT,PM10,2,694.0,23.93371757925072,12.86375216574057,1.0,15.0,22.0,30.0,119.0
2016-08-31,IZT,SO2,1,682.0,3.8489736070381233,4.340067784295924,1.0,2.0,3.0,4.0,57.0
2016-08-31,LLA,CO,15,0.0,,,,,,,
2016-08-31,LLA,NO,1,0.0,,,,,,,
2016-08-31,LLA,NO2,1,0.0,,,,,,,
2016-08-31,LLA,NOX,1,0.0,,,,,,,
2016-08-31,LLA,O3,1,658.0,26.194528875379937,23.032076775323603,1.0,8.0,19.0,39.0,104.0
2016-08-31,LLA,SO2,1,658.0,3.094224924012158,7.260551871413805,0.0,1.0,1.0,2.0,83.0
2016-08-31,LPR,CO,15,685.0,0.4924087591240877,0.3778604849967716,0.0,0.2,0.4,0.7,2.4
2016-08-31,LPR,NO,1,0.0,,,,,,,
2016-08-31,LPR,NO2,1,0.0,,,,,,,
2016-08-31,LPR,NOX,1,0.0,,,,,,,
2016-08-31,LPR,O3,1,693.0,28.238095238095237,24.25787859280538,0.0,9.0,22.0,41.0,117.0
2016-08-31,LPR,SO2,1,692.0,2.2991329479768785,4.2020392471617,0.0,1.0,1.0,2.0,51.0
2016-08-31,MER,CO,15,617.0,0.7833063209076171,0.38286779936996174,0.2,0.5,0.7,1.0,2.6
2016-08-31,MER,NO,1,617.0,21.703403565640194,24.06473692090275,0.0,5.0,12.0,30.0,157.0
2016-08-31,MER,NO2,1,617.0,31.286871961102108,12.0451143072,5.0,22.0,31.0,39.0,77.0
2016-08-31,MER,NOX,1,617.0,53.006482982171796,31.343612360811093,7.0,29.0,47.0,69.0,195.0
2016-08-31,MER,O3,1,614.0,24.920195439739413,27.418248337315422,1.0,4.0,14.0,34.75,118.0
2016-08-31,MER,PM10,2,654.0,38.52599388379205,20.867519772992324,2.0,22.25,35.5,52.75,98.0
2016-08-31,MER,PM2.5,2,654.0,21.32262996941896,13.682403107196832,1.0,11.0,19.0,29.0,68.0
2016-08-31,MER,PMCO,2,654.0,17.22782874617737,9.463968384114974,1.0,10.0,16.0,23.0,48.0
2016-08-31,MER,SO2,1,617.0,4.40194489465154,5.538577467824061,1.0,2.0,3.0,5.0,68.0
2016-08-31,MGH,CO,15,691.0,0.7872648335745304,0.28101248240741183,0.1,0.6,0.8,0.9,2.1
2016-08-31,MGH,NO,1,692.0,18.458092485549134,25.55535929762674,0.0,4.0,10.0,22.0,237.0
2016-08-31,MGH,NO2,1,692.0,27.03034682080925,9.48655555002494,7.0,20.0,26.0,32.0,72.0
2016-08-31,MGH,NOX,1,692.0,45.463872832369944,29.913722942666446,9.0,27.0,38.0,53.25,266.0
2016-08-31,MGH,O3,1,692.0,28.473988439306357,29.057967211322254,1.0,7.0,18.0,40.0,138.0
2016-08-31,MGH,PM10,2,701.0,25.815977175463622,13.791056162581535,4.0,16.0,22.0,33.0,80.0
2016-08-31,MGH,PM2.5,2,701.0,17.37089871611983,10.45203782822202,3.0,10.0,15.0,22.0,59.0
2016-08-31,MGH,PMCO,2,701.0,8.432239657631955,4.884966937121253,1.0,4.0,8.0,12.0,26.0
2016-08-31,MGH,SO2,1,692.0,3.4161849710982657,5.749993862492677,1.0,1.0,2.0,3.0,104.0
2016-08-31,MON,CO,15,678.0,0.27876106194690137,0.2553248554681772,0.0,0.1,0.2,0.375,1.6
2016-08-31,MON,NO,1,679.0,11.169366715758468,22.51166602931618,0.0,1.0,2.0,8.0,125.0
2016-08-31,MON,NO2,1,679.0,12.63181148748159,7.108301772456242,1.0,7.0,12.0,17.0,42.0
2016-08-31,MON,NOX,1,679.0,23.77761413843888,25.901942949836005,2.0,8.0,14.0,28.5,144.0
2016-08-31,MON,O3,1,678.0,26.80678466076696,22.944274178182347,0.0,7.0,23.0,40.0,105.0
2016-08-31,MON,SO2,1,595.0,1.2403361344537815,2.097229185662308,0.0,0.0,1.0,1.0,29.0
2016-08-31,MPA,CO,15,690.0,0.2859420289855078,0.140977500192277,0.0,0.2,0.3,0.4,0.9
2016-08-31,MPA,O3,1,690.0,39.60579710144928,24.213335121263682,5.0,22.0,33.0,49.0,133.0
2016-08-31,MPA,PM10,2,688.0,21.677325581395348,16.335117076309974,2.0,10.0,17.0,30.0,128.0
2016-08-31,MPA,PM2.5,2,688.0,14.463662790697674,11.02762784069927,1.0,7.0,12.0,19.25,65.0
2016-08-31,MPA,PMCO,2,688.0,7.212209302325581,7.840385265340423,1.0,3.0,5.0,9.0,99.0
2016-08-31,MPA,SO2,1,688.0,1.8328488372093024,2.1110982869389487,0.0,1.0,1.0,2.0,19.0
2016-08-31,NEZ,CO,15,662.0,0.4812688821752261,0.3641410304732066,0.0,0.2,0.4,0.6749999999999999,2.7
2016-08-31,NEZ,NO,1,487.0,11.139630390143736,18.390064029446467,0.0,1.0,4.0,13.0,141.0
2016-08-31,NEZ,NO2,1,487.0,23.613963039014372,11.616596706250416,5.0,15.0,22.0,29.0,69.0
2016-08-31,NEZ,NOX,1,487.0,34.71252566735113,26.300172650915478,6.0,17.0,27.0,45.0,194.0
2016-08-31,NEZ,O3,1,579.0,28.369602763385146,25.679718311167044,0.0,8.0,19.0,44.0,100.0
2016-08-31,NEZ,PM2.5,2,701.0,14.997146932952925,9.104943264423992,1.0,9.0,13.0,20.0,55.0
2016-08-31,NEZ,SO2,1,574.0,3.181184668989547,4.947747349017743,1.0,1.0,2.0,3.0,52.0
2016-08-31,PED,CO,15,690.0,0.5007246376811597,0.22040218443663426,0.1,0.3,0.5,0.6,1.4
2016-08-31,PED,NO,1,689.0,7.171262699564586,9.647552934210227,0.0,1.0,3.0,9.0,66.0
2016-08-31,PED,NO2,1,689.0,19.5166908563135,8.608748428126354,3.0,13.0,19.0,25.0,66.0
2016-08-31,PED,NOX,1,689.0,26.673439767779392,15.377777870994128,3.0,15.0,23.0,35.0,98.0
2016-08-31,PED,O3,1,691.0,33.67149059334298,31.091739626342928,1.0,11.0,23.0,46.5,141.0
2016-08-31,PED,PM10,2,0.0,,,,,,,
2016-08-31,PED,PM2.5,2,0.0,,,,,,,
2016-08-31,PED,PMCO,2,0.0,,,,,,,
2016-08-31,PED,SO2,1,680.0,2.373529411764706,2.4456156946238563,0.0,1.0,2.0,3.0,20.0
2016-08-31,SAG,CO,15,693.0,0.6310245310245313,0.37087416766511255,0.1,0.4,0.5,0.8,2.4
2016-08-31,SAG,NO,1,694.0,13.036023054755043,18.61069605969395,1.0,3.0,6.0,14.0,147.0
2016-08-31,SAG,NO2,1,694.0,20.368876080691642,9.082400382871292,6.0,13.0,19.0,26.0,57.0
2016-08-31,SAG,NOX,1,694.0,33.39625360230548,24.17021261518903,7.0,17.0,25.5,42.0,173.0
2016-08-31,SAG,O3,1,695.0,26.820143884892087,22.85773940484341,1.0,9.0,20.0,39.0,108.0
2016-08-31,SAG,PM10,2,702.0,33.675213675213676,18.0939042358569,2.0,21.0,30.0,43.0,112.0
2016-08-31,SAG,PM2.5,2,702.0,17.037037037037038,11.037546932096229,1.0,9.0,15.0,23.0,59.0
2016-08-31,SAG,PMCO,2,702.0,16.60968660968661,10.257529445014582,1.0,9.0,15.0,21.0,81.0
2016-08-31,SAG,SO2,1,694.0,3.569164265129683,6.085274269653173,0.0,1.0,2.0,3.0,70.0
2016-08-31,SFE,CO,15,690.0,0.5055072463768118,0.17639788966188658,0.2,0.4,0.5,0.6,1.2
2016-08-31,SFE,NO,1,684.0,7.288011695906433,12.529453539438006,0.0,0.0,2.0,8.25,81.0
2016-08-31,SFE,NO2,1,684.0,17.827485380116958,6.857858588082319,4.0,13.0,18.0,22.0,59.0
2016-08-31,SFE,NOX,1,684.0,25.038011695906434,16.265144387798685,4.0,14.0,21.0,30.0,108.0
2016-08-31,SFE,O3,1,692.0,35.50722543352601,31.27828881956653,0.0,13.0,25.0,48.25,148.0
2016-08-31,SFE,PM10,2,0.0,,,,,,,
2016-08-31,SFE,PM2.5,2,0.0,,,,,,,
2016-08-31,SFE,PMCO,2,0.0,,,,,,,
2016-08-31,SFE,SO2,1,692.0,2.0260115606936417,2.3907479020132,0.0,1.0,1.0,2.0,18.0
2016-08-31,SJA,CO,15,687.0,0.894177583697236,0.3545964534550495,0.4,0.6,0.8,1.1,3.0
2016-08-31,SJA,NO,1,687.0,16.53711790393013,25.586097818814565,0.0,2.0,5.0,19.0,209.0
2016-08-31,SJA,NO2,1,687.0,26.473071324599708,12.921000817566668,6.0,15.0,26.0,35.0,73.0
2016-08-31,SJA,NOX,1,687.0,43.00727802037846,33.342488228943424,6.0,18.0,32.0,59.5,244.0
2016-08-31,SJA,O3,1,644.0,28.580745341614907,27.977351461101023,0.0,5.0,19.0,43.0,116.0
2016-08-31,SJA,PM2.5,2,0.0,,,,,,,
2016-08-31,SJA,SO2,1,687.0,1.755458515283843,3.1964167781261468,0.0,0.0,1.0,2.0,28.0
2016-08-31,TAH,CO,15,680.0,0.29897058823529343,0.23684623813365244,0.0,0.1,0.2,0.4,1.8
2016-08-31,TAH,NO,1,680.0,5.436764705882353,10.233307891444923,0.0,1.0,2.0,5.0,106.0
2016-08-31,TAH,NO2,1,680.0,15.19264705882353,8.698497765729641,1.0,9.0,14.0,20.0,70.0
2016-08-31,TAH,NOX,1,680.0,20.63088235294118,15.666458616503098,1.0,10.0,16.0,27.0,127.0
2016-08-31,TAH,O3,1,681.0,33.04405286343612,26.779125936129535,1.0,13.0,24.0,46.0,121.0
2016-08-31,TAH,PM10,2,555.0,28.093693693693695,21.000736102275457,1.0,12.0,25.0,39.0,115.0
2016-08-31,TAH,SO2,1,680.0,2.126470588235294,2.486228202840712,0.0,1.0,1.0,2.0,18.0
2016-08-31,TLA,CO,15,374.0,0.7967914438502678,0.3644237793725492,0.2,0.525,0.7,1.0,2.4
2016-08-31,TLA,NO,1,365.0,21.632876712328766,24.964304488006942,0.0,8.0,13.0,28.0,197.0
2016-08-31,TLA,NO2,1,365.0,28.095890410958905,10.95114573709026,9.0,20.0,27.0,34.0,67.0
2016-08-31,TLA,NOX,1,365.0,49.76712328767123,31.491111840383635,10.0,29.0,42.0,64.0,246.0
2016-08-31,TLA,O3,1,158.0,26.632911392405063,22.6615514983103,1.0,10.0,20.0,35.0,116.0
2016-08-31,TLA,PM10,2,489.0,39.97137014314929,20.82398912105802,3.0,24.0,37.0,53.0,129.0
2016-08-31,TLA,PM2.5,2,489.0,20.30879345603272,12.742272826265083,1.0,11.0,18.0,28.0,60.0
2016-08-31,TLA,PMCO,2,489.0,19.6359918200409,10.626213194378883,1.0,12.0,18.0,25.0,79.0
2016-08-31,TLA,SO2,1,374.0,4.697860962566845,5.517425063058066,1.0,2.0,3.0,5.0,53.0
2016-08-31,TLI,CO,15,576.0,0.3494791666666657,0.2897670541179133,0.0,0.1,0.3,0.5,1.6
2016-08-31,TLI,NO,1,513.0,10.24561403508772,16.80942424418673,0.0,2.0,3.0,12.0,135.0
2016-08-31,TLI,NO2,1,513.0,20.56530214424951,10.400201167879336,5.0,12.0,19.0,28.0,53.0
2016-08-31,TLI,NOX,1,513.0,30.80701754385965,23.502987457085002,6.0,14.0,23.0,42.0,161.0
2016-08-31,TLI,O3,1,567.0,28.596119929453263,25.136324828977145,0.0,8.0,22.0,43.0,102.0
2016-08-31,TLI,PM10,2,697.0,32.16786226685796,18.914863709010103,1.0,19.0,29.0,43.0,110.0
2016-08-31,TLI,SO2,1,313.0,4.536741214057508,7.597618443495528,0.0,1.0,2.0,4.0,66.0
2016-08-31,UAX,CO,15,675.0,0.34666666666666635,0.2797837231697754,0.0,0.1,0.3,0.5,1.5
2016-08-31,UAX,NO,1,675.0,9.093333333333334,15.18301409187074,0.0,1.0,2.0,10.0,99.0
2016-08-31,UAX,NO2,1,675.0,19.69185185185185,10.129129570372292,1.0,12.0,19.0,26.0,75.0
2016-08-31,UAX,NOX,1,675.0,28.761481481481482,21.146886271716227,2.0,13.0,23.0,39.0,129.0
2016-08-31,UAX,O3,1,675.0,31.66814814814815,29.95420998992384,0.0,8.0,22.0,46.0,132.0
2016-08-31,UAX,PM2.5,2,650.0,14.916923076923077,8.963159820588968,1.0,8.0,14.0,20.75,48.0
2016-08-31,UAX,SO2,1,675.0,2.431111111111111,2.5479224872411437,1.0,1.0,1.0,3.0,18.0
2016-08-31,UIZ,CO,15,607.0,0.6527182866556831,0.40429422435469575,0.1,0.4,0.5,0.8,2.6
2016-08-31,UIZ,NO,1,650.0,12.832307692307692,19.587767067823993,0.0,1.0,4.0,16.0,124.0
2016-08-31,UIZ,NO2,1,650.0,25.064615384615383,12.904848299616948,2.0,15.0,25.0,32.0,93.0
2016-08-31,UIZ,NOX,1,650.0,37.90615384615385,28.48158584924388,2.0,17.0,30.0,51.75,160.0
2016-08-31,UIZ,O3,1,681.0,29.2863436123348,28.342940894038044,1.0,7.0,19.0,42.0,121.0
2016-08-31,UIZ,PM10,2,95.0,35.705263157894734,16.70512323262673,8.0,23.0,32.0,46.0,82.0
2016-08-31,UIZ,PM2.5,2,95.0,17.347368421052632,11.341665250777517,1.0,9.0,15.0,21.0,52.0
2016-08-31,UIZ,PMCO,2,95.0,18.36842105263158,8.781087791358885,4.0,11.0,18.0,25.0,42.0
2016-08-31,UIZ,SO2,1,606.0,2.834983498349835,3.4986416135727736,1.0,1.0,2.0,3.0,40.0
2016-08-31,VIF,CO,15,688.0,0.338372093023255,0.23508484870471402,0.1,0.2,0.3,0.4,1.6
2016-08-31,VIF,NO,1,689.0,7.37155297532656,13.396398468101687,0.0,1.0,2.0,6.0,129.0
2016-08-31,VIF,NO2,1,689.0,15.894049346879536,9.27277723650223,3.0,9.0,13.0,22.0,55.0
2016-08-31,VIF,NOX,1,689.0,23.277213352685052,19.743119652645046,4.0,10.0,16.0,30.0,159.0
2016-08-31,VIF,O3,1,689.0,28.08708272859216,21.621707137261,0.0,11.0,22.0,40.0,91.0
2016-08-31,VIF,PM10,2,679.0,33.511045655375554,22.811322654229755,1.0,16.5,29.0,46.0,149.0
2016-08-31,VIF,SO2,1,689.0,4.483309143686502,7.936343584974629,0.0,1.0,2.0,3.0,67.0
2016-08-31,XAL,CO,15,651.0,0.8691244239631333,0.45655802718511873,0.2,0.5,0.7,1.1,2.9
2016-08-31,XAL,NO,1,679.0,25.848306332842416,29.9782461824805,0.0,8.0,14.0,33.0,205.0
2016-08-31,XAL,NO2,1,679.0,26.684830633284243,12.081248650737566,4.0,17.0,26.0,35.0,76.0
2016-08-31,XAL,NOX,1,679.0,52.565537555228275,37.56137226852054,5.0,27.0,39.0,72.5,240.0
2016-08-31,XAL,O3,1,632.0,28.295886075949365,24.45817508589239,2.0,6.0,22.0,42.0,110.0
2016-08-31,XAL,PM10,2,707.0,49.24045261669024,28.873101351682607,4.0,28.5,45.0,64.0,172.0
2016-08-31,XAL,PM2.5,2,707.0,21.82319660537482,13.935957301690804,1.0,12.0,19.0,29.0,77.0
2016-08-31,XAL,PMCO,2,707.0,27.452616690240454,19.170664951986083,1.0,14.0,24.0,36.0,141.0
2016-08-31,XAL,SO2,1,637.0,3.1475667189952903,3.8412132698275676,0.0,1.0,2.0,4.0,37.0
2016-09-30,ACO,CO,15,407.0,0.15995085995086047,0.13369694995248976,0.0,0.1,0.1,0.2,0.8
2016-09-30,ACO,NO,1,409.0,5.872860635696822,10.033936136668679,0.0,1.0,2.0,5.0,61.0
2016-09-30,ACO,NO2,1,409.0,10.144254278728607,4.9849009758575376,2.0,6.0,9.0,14.0,28.0
2016-09-30,ACO,NOX,1,409.0,16.019559902200488,13.20890255352746,3.0,8.0,11.0,19.0,72.0
2016-09-30,ACO,O3,1,409.0,25.980440097799512,16.42539905510867,2.0,13.0,24.0,38.0,70.0
2016-09-30,ACO,PM10,2,432.0,27.074074074074073,16.076212747722813,1.0,15.0,24.5,37.0,115.0
2016-09-30,ACO,SO2,1,409.0,1.3398533007334963,2.086229589473594,0.0,1.0,1.0,1.0,31.0
2016-09-30,AJM,CO,15,571.0,0.5479859894921203,0.17871463035131455,0.2,0.4,0.5,0.6,1.4
2016-09-30,AJM,NO,1,598.0,5.59866220735786,7.7231925652506135,0.0,1.0,3.0,7.0,47.0
2016-09-30,AJM,NO2,1,598.0,18.304347826086957,7.55200936084907,2.0,13.0,18.0,23.0,55.0
2016-09-30,AJM,NOX,1,598.0,23.90468227424749,12.976693893466997,2.0,14.0,22.0,30.0,82.0
2016-09-30,AJM,O3,1,661.0,34.821482602118,27.073159439581207,4.0,16.0,26.0,45.0,135.0
2016-09-30,AJM,PM10,2,683.0,23.878477306002928,14.523765215527792,2.0,13.0,21.0,32.0,85.0
2016-09-30,AJM,PM2.5,2,683.0,14.910688140556369,10.026032974664144,1.0,8.0,13.0,20.0,70.0
2016-09-30,AJM,PMCO,2,683.0,8.99267935578331,6.166431140927851,1.0,4.0,8.0,12.0,34.0
2016-09-30,AJM,SO2,1,669.0,2.0433482810164425,3.160322621447464,0.0,1.0,1.0,2.0,31.0
2016-09-30,AJU,O3,1,660.0,35.04090909090909,24.619467957506544,0.0,19.0,26.0,45.0,141.0
2016-09-30,AJU,PM2.5,2,628.0,13.48248407643312,10.50228252891391,1.0,5.0,11.0,20.0,54.0
2016-09-30,ATI,CO,15,672.0,0.301785714285713,0.24231206598453756,0.0,0.1,0.2,0.4,1.5
2016-09-30,ATI,NO,1,672.0,8.56547619047619,14.00133690910815,0.0,2.0,4.0,8.0,96.0
2016-09-30,ATI,NO2,1,672.0,15.108630952380953,6.70932242203754,3.0,10.0,14.0,19.0,42.0
2016-09-30,ATI,NOX,1,672.0,23.66220238095238,17.652647848588725,3.0,12.0,18.0,29.0,120.0
2016-09-30,ATI,O3,1,617.0,23.074554294975687,19.30087183038729,1.0,9.0,16.0,33.0,91.0
2016-09-30,ATI,PM10,2,685.0,29.156204379562045,17.919095556757416,1.0,16.0,26.0,39.0,113.0
2016-09-30,ATI,SO2,1,552.0,3.7065217391304346,6.334083260208842,0.0,0.0,1.0,4.0,43.0
2016-09-30,BJU,CO,15,548.0,0.5372262773722626,0.3208779772905362,0.1,0.3,0.5,0.7,1.9
2016-09-30,BJU,O3,1,667.0,25.96551724137931,26.65050768568454,1.0,6.0,17.0,36.0,121.0
2016-09-30,BJU,PM10,2,678.0,29.153392330383483,16.079108678349137,4.0,17.0,26.0,37.75,93.0
2016-09-30,BJU,PM2.5,2,678.0,17.799410029498524,11.208822211446497,2.0,10.0,15.0,23.0,72.0
2016-09-30,BJU,PMCO,2,678.0,11.343657817109145,7.283956564451202,1.0,6.0,10.0,15.0,44.0
2016-09-30,BJU,SO2,1,667.0,3.113943028485757,4.14658952627967,0.0,1.0,2.0,3.0,37.0
2016-09-30,CAM,CO,15,515.0,0.7083495145631081,0.32970360786863256,0.2,0.5,0.6,0.9,2.4
2016-09-30,CAM,NO,1,526.0,18.990494296577946,22.217322819795715,0.0,5.0,11.0,23.0,149.0
2016-09-30,CAM,NO2,1,526.0,27.895437262357415,8.59958460230766,6.0,22.0,27.0,33.0,56.0
2016-09-30,CAM,NOX,1,526.0,46.8574144486692,26.450539866077456,5.0,28.0,39.5,58.0,183.0
2016-09-30,CAM,O3,1,502.0,20.752988047808763,23.371655322010803,0.0,3.0,11.0,30.75,109.0
2016-09-30,CAM,PM10,2,329.0,43.78115501519757,18.346947905369994,3.0,31.0,43.0,56.0,87.0
2016-09-30,CAM,PM2.5,2,329.0,20.124620060790274,9.947405988851335,1.0,13.0,19.0,27.0,49.0
2016-09-30,CAM,PMCO,2,329.0,23.613981762917934,11.288345987513521,2.0,16.0,22.0,31.0,69.0
2016-09-30,CAM,SO2,1,518.0,3.476833976833977,6.464487427000942,0.0,1.0,1.0,3.0,62.0
2016-09-30,CCA,CO,15,659.0,0.5960546282245831,0.2411653005272429,0.2,0.4,0.5,0.7,1.6
2016-09-30,CCA,NO,1,661.0,9.036308623298034,14.226262983450871,0.0,1.0,3.0,10.0,108.0
2016-09-30,CCA,NO2,1,661.0,21.880484114977307,8.170119082723556,4.0,16.0,21.0,26.0,64.0
2016-09-30,CCA,NOX,1,661.0,30.8910741301059,19.13216224919036,4.0,18.0,25.0,39.0,133.0
2016-09-30,CCA,O3,1,662.0,28.15558912386707,27.885300361995913,1.0,7.0,19.0,40.0,131.0
2016-09-30,CCA,PM2.5,2,675.0,13.835555555555555,7.887445106409748,1.0,8.0,12.0,18.0,44.0
2016-09-30,CCA,SO2,1,662.0,2.990936555891239,3.341379863746535,1.0,1.0,2.0,3.0,31.0
2016-09-30,CHO,CO,15,647.0,0.6381761978361664,0.35979665721201415,0.2,0.4,0.5,0.75,2.4
2016-09-30,CHO,NO,1,0.0,,,,,,,
2016-09-30,CHO,NO2,1,0.0,,,,,,,
2016-09-30,CHO,NOX,1,0.0,,,,,,,
2016-09-30,CHO,O3,1,623.0,26.170144462279293,21.68415355908438,3.0,7.0,21.0,40.5,96.0
2016-09-30,CHO,PM10,2,655.0,33.74198473282443,22.81555465644245,1.0,17.0,30.0,46.0,119.0
2016-09-30,CHO,SO2,1,486.0,1.491769547325103,0.9648108389883902,0.0,1.0,1.0,2.0,7.0
2016-09-30,COY,NO,1,670.0,13.874626865671642,18.311107685193964,0.0,3.0,6.0,17.0,137.0
2016-09-30,COY,NO2,1,670.0,23.782089552238805,8.945791327394335,3.0,17.0,23.0,29.0,64.0
2016-09-30,COY,NOX,1,670.0,37.65223880597015,23.80394421732733,5.0,21.0,31.0,46.0,161.0
2016-09-30,COY,O3,1,670.0,27.34179104477612,27.118207989470104,2.0,7.0,18.0,39.0,124.0
2016-09-30,COY,PM2.5,2,663.0,18.733031674208146,13.894930861107156,1.0,9.0,16.0,25.0,91.0
2016-09-30,CUA,CO,15,656.0,0.5282012195121976,0.17231374473461036,0.3,0.4,0.5,0.6,1.5
2016-09-30,CUA,NO,1,536.0,6.3190298507462686,9.879880991330102,0.0,1.0,3.0,7.0,95.0
2016-09-30,CUA,NO2,1,536.0,16.71455223880597,6.539216920241772,4.0,12.0,16.0,21.0,52.0
2016-09-30,CUA,NOX,1,536.0,23.02238805970149,14.180790702239326,4.0,14.0,20.0,28.0,126.0
2016-09-30,CUA,O3,1,496.0,29.256048387096776,23.61015369036174,0.0,13.0,21.0,42.0,113.0
2016-09-30,CUA,PM10,2,677.0,23.836041358936484,14.116946077480781,1.0,12.0,23.0,34.0,75.0
2016-09-30,CUA,SO2,1,535.0,2.4373831775700934,3.957085414117682,0.0,1.0,1.0,2.5,39.0
2016-09-30,CUT,NO,1,474.0,7.708860759493671,13.8719470507372,0.0,2.0,3.0,7.0,105.0
2016-09-30,CUT,NO2,1,474.0,13.172995780590718,7.015508996645344,3.0,7.0,12.0,18.0,36.0
2016-09-30,CUT,NOX,1,474.0,20.883966244725737,17.7887900981888,4.0,10.0,15.0,26.0,128.0
2016-09-30,CUT,O3,1,497.0,23.720321931589538,19.738620892424596,1.0,7.0,19.0,36.0,93.0
2016-09-30,CUT,PM10,2,684.0,34.55555555555556,24.373643713856715,1.0,18.0,30.0,44.0,180.0
2016-09-30,CUT,SO2,1,474.0,2.6160337552742616,6.665381540882632,0.0,0.0,1.0,2.0,48.0
2016-09-30,FAC,CO,15,491.0,0.5419551934826878,0.4006008828947263,0.1,0.3,0.4,0.7,2.8
2016-09-30,FAC,NO,1,499.0,16.673346693386772,25.73723239876884,0.0,3.0,8.0,18.0,198.0
2016-09-30,FAC,NO2,1,499.0,20.052104208416832,8.751436518980487,4.0,14.0,19.0,25.0,56.0
2016-09-30,FAC,NOX,1,499.0,36.7314629258517,30.01706395666374,4.0,18.0,28.0,42.0,213.0
2016-09-30,FAC,O3,1,521.0,23.982725527831093,20.62340178095626,0.0,9.0,17.0,33.0,93.0
2016-09-30,FAC,PM10,2,302.0,21.288079470198674,16.409819712911982,1.0,10.0,19.0,28.0,103.0
2016-09-30,FAC,SO2,1,496.0,4.786290322580645,6.968811729237832,1.0,2.0,2.0,5.0,60.0
2016-09-30,GAM,O3,1,513.0,27.107212475633528,22.626946709837878,1.0,9.0,21.0,38.0,104.0
2016-09-30,GAM,PM2.5,2,0.0,,,,,,,
2016-09-30,HGM,CO,15,637.0,0.3240188383045519,0.2522306514509137,0.0,0.1,0.3,0.5,1.5
2016-09-30,HGM,NO,1,660.0,15.059090909090909,17.822284709114157,0.0,3.0,9.0,21.0,147.0
2016-09-30,HGM,NO2,1,660.0,24.348484848484848,9.624343856384753,6.0,16.75,24.0,30.0,65.0
2016-09-30,HGM,NOX,1,660.0,39.42878787878788,23.675591146388722,6.0,22.0,34.0,52.0,186.0
2016-09-30,HGM,O3,1,660.0,24.51212121212121,24.96877877572899,1.0,5.0,16.0,35.0,117.0
2016-09-30,HGM,PM10,2,663.0,28.013574660633484,14.73014449487721,2.0,17.0,25.0,35.5,95.0
2016-09-30,HGM,PM2.5,2,663.0,18.316742081447963,11.359245283832534,1.0,10.0,16.0,24.0,84.0
2016-09-30,HGM,PMCO,2,663.0,9.704374057315233,5.581050334182582,1.0,6.0,9.0,13.0,33.0
2016-09-30,HGM,SO2,1,660.0,3.265151515151515,4.813139338900656,0.0,1.0,2.0,3.0,53.0
2016-09-30,INN,CO,15,628.0,0.2127388535031838,0.0991035510509103,0.1,0.1,0.2,0.3,0.5
2016-09-30,INN,O3,1,627.0,31.23444976076555,20.842729821163804,1.0,18.0,25.0,38.0,113.0
2016-09-30,INN,PM10,2,614.0,16.376221498371336,10.457565369851842,2.0,8.0,15.0,22.0,58.0
2016-09-30,INN,PM2.5,2,614.0,11.177524429967427,7.276148192819605,1.0,6.0,10.0,15.0,44.0
2016-09-30,INN,PMCO,2,614.0,5.197068403908795,4.313784333305152,1.0,2.0,4.0,8.0,21.0
2016-09-30,INN,SO2,1,623.0,1.0754414125200642,1.836331382928619,0.0,0.0,1.0,1.0,18.0
2016-09-30,IZT,CO,15,643.0,0.7589424572317266,0.35924826512916386,0.2,0.5,0.7,0.9,2.4
2016-09-30,IZT,NO,1,645.0,14.834108527131782,19.93332245559276,0.0,2.0,7.0,18.0,140.0
2016-09-30,IZT,NO2,1,645.0,25.43720930232558,9.238280050251227,7.0,19.0,24.0,31.0,63.0
2016-09-30,IZT,NOX,1,645.0,40.25736434108527,25.356626460648812,9.0,21.0,33.0,52.0,164.0
2016-09-30,IZT,O3,1,645.0,26.565891472868216,25.21659125562814,3.0,7.0,18.0,38.0,119.0
2016-09-30,IZT,PM10,2,656.0,23.838414634146343,12.883794895832995,1.0,14.0,22.0,31.0,85.0
2016-09-30,IZT,SO2,1,374.0,2.4679144385026737,3.0663419593102033,0.0,1.0,1.0,3.0,25.0
2016-09-30,LLA,CO,15,0.0,,,,,,,
2016-09-30,LLA,NO,1,0.0,,,,,,,
2016-09-30,LLA,NO2,1,0.0,,,,,,,
2016-09-30,LLA,NOX,1,0.0,,,,,,,
2016-09-30,LLA,O3,1,671.0,21.827123695976155,18.37787225388724,1.0,7.0,16.0,33.0,85.0
2016-09-30,LLA,SO2,1,671.0,2.34575260804769,5.9847798741215845,0.0,0.0,1.0,2.0,67.0
2016-09-30,LPR,CO,15,123.0,0.4910569105691056,0.38389892156730687,0.0,0.2,0.4,0.6,2.0
2016-09-30,LPR,NO,1,0.0,,,,,,,
2016-09-30,LPR,NO2,1,0.0,,,,,,,
2016-09-30,LPR,NOX,1,0.0,,,,,,,
2016-09-30,LPR,O3,1,656.0,24.0015243902439,17.81820830754337,0.0,11.0,21.0,33.0,87.0
2016-09-30,LPR,SO2,1,651.0,2.0122887864823347,4.302039174750659,0.0,1.0,1.0,1.0,52.0
2016-09-30,MER,CO,15,635.0,0.7691338582677157,0.37780501626988355,0.2,0.5,0.7,1.0,2.4
2016-09-30,MER,NO,1,627.0,21.728867623604465,23.211897477337416,0.0,6.0,13.0,29.5,167.0
2016-09-30,MER,NO2,1,627.0,27.913875598086126,9.536825320418071,6.0,21.0,27.0,33.0,66.0
2016-09-30,MER,NOX,1,627.0,49.68421052631579,29.05996537084943,8.0,29.0,42.0,64.0,209.0
2016-09-30,MER,O3,1,624.0,19.878205128205128,21.417981359250582,1.0,4.0,13.0,27.0,108.0
2016-09-30,MER,PM10,2,602.0,37.9485049833887,19.91426731482561,2.0,23.0,34.5,51.0,128.0
2016-09-30,MER,PM2.5,2,602.0,20.21262458471761,12.365400715861252,1.0,11.0,18.0,27.75,66.0
2016-09-30,MER,PMCO,2,602.0,17.769102990033222,10.570805974999693,1.0,10.0,16.0,23.0,70.0
2016-09-30,MER,SO2,1,634.0,2.859621451104101,4.6604290815935485,0.0,1.0,1.0,3.0,52.0
2016-09-30,MGH,CO,15,667.0,0.7113943028485764,0.24602974532179936,0.2,0.5,0.7,0.8,2.0
2016-09-30,MGH,NO,1,669.0,16.128550074738417,19.318282143875464,1.0,5.0,10.0,20.0,204.0
2016-09-30,MGH,NO2,1,669.0,23.846038863976084,7.933777370065823,9.0,18.0,23.0,28.0,56.0
2016-09-30,MGH,NOX,1,669.0,39.98056801195815,23.438183040239625,10.0,25.0,34.0,49.0,228.0
2016-09-30,MGH,O3,1,671.0,23.557377049180328,23.709483617497195,1.0,6.0,15.0,33.0,113.0
2016-09-30,MGH,PM10,2,685.0,24.684671532846714,12.79984746408877,3.0,15.0,23.0,31.0,87.0
2016-09-30,MGH,PM2.5,2,685.0,15.897810218978103,9.652806663577095,1.0,9.0,14.0,21.0,69.0
2016-09-30,MGH,PMCO,2,685.0,8.797080291970802,5.129434917605777,1.0,5.0,8.0,12.0,29.0
2016-09-30,MGH,SO2,1,671.0,3.180327868852459,3.770898053666734,1.0,1.0,2.0,3.0,28.0
2016-09-30,MON,CO,15,178.0,0.260112359550562,0.23895721850523183,0.0,0.1,0.2,0.3,1.7
2016-09-30,MON,NO,1,270.0,10.64074074074074,20.129889726866512,0.0,1.0,3.0,10.0,115.0
2016-09-30,MON,NO2,1,270.0,11.222222222222221,6.3353221947292075,1.0,6.0,11.0,15.0,37.0
2016-09-30,MON,NOX,1,270.0,21.88888888888889,23.244671345767365,2.0,7.0,13.0,24.75,133.0
2016-09-30,MON,O3,1,346.0,22.158959537572255,19.6356860300531,0.0,4.25,18.0,35.0,95.0
2016-09-30,MON,SO2,1,512.0,0.783203125,1.7499989079532516,0.0,0.0,0.0,1.0,17.0
2016-09-30,MPA,CO,15,589.0,0.3198641765704593,0.11936331332633536,0.1,0.2,0.3,0.4,0.8
2016-09-30,MPA,O3,1,661.0,33.86686838124054,23.477529050767227,2.0,16.0,27.0,47.0,130.0
2016-09-30,MPA,PM10,2,645.0,23.52248062015504,15.334010226074792,2.0,11.0,21.0,31.0,90.0
2016-09-30,MPA,PM2.5,2,645.0,15.37984496124031,10.53918582548596,1.0,8.0,13.0,21.0,62.0
2016-09-30,MPA,PMCO,2,645.0,8.133333333333333,6.727219822663976,1.0,3.0,6.0,11.0,40.0
2016-09-30,MPA,SO2,1,659.0,1.6631259484066767,1.8545983108067454,1.0,1.0,1.0,2.0,22.0
2016-09-30,NEZ,CO,15,671.0,0.4555886736214608,0.33523558763175076,0.0,0.2,0.4,0.6,2.6
2016-09-30,NEZ,NO,1,671.0,8.916542473919524,13.15948817101916,0.0,1.0,4.0,10.0,88.0
2016-09-30,NEZ,NO2,1,671.0,18.84053651266766,8.761000539778157,5.0,12.0,17.0,24.0,53.0
2016-09-30,NEZ,NOX,1,671.0,27.7779433681073,18.97830314835386,4.0,15.0,22.0,35.5,129.0
2016-09-30,NEZ,O3,1,671.0,25.74366616989568,20.37586773470334,2.0,10.0,19.0,37.0,86.0
2016-09-30,NEZ,PM2.5,2,685.0,14.452554744525548,9.303343738734384,1.0,8.0,12.0,19.0,67.0
2016-09-30,NEZ,SO2,1,671.0,1.842026825633383,3.2404290400282445,0.0,1.0,1.0,1.5,46.0
2016-09-30,PED,CO,15,658.0,0.4531914893617027,0.20797749655936232,0.1,0.3,0.4,0.6,1.5
2016-09-30,PED,NO,1,655.0,7.0549618320610685,9.630483375825813,0.0,1.0,3.0,9.0,70.0
2016-09-30,PED,NO2,1,655.0,19.948091603053435,7.664229945948846,5.0,14.0,19.0,24.0,68.0
2016-09-30,PED,NOX,1,655.0,26.99083969465649,14.922016707776741,5.0,16.0,24.0,34.0,101.0
2016-09-30,PED,O3,1,658.0,27.524316109422493,26.28546342431737,0.0,9.0,18.0,38.0,126.0
2016-09-30,PED,PM10,2,0.0,,,,,,,
2016-09-30,PED,PM2.5,2,0.0,,,,,,,
2016-09-30,PED,PMCO,2,0.0,,,,,,,
2016-09-30,PED,SO2,1,658.0,2.9376899696048633,3.427093520478135,1.0,1.0,2.0,3.0,32.0
2016-09-30,SAG,CO,15,561.0,0.5212121212121219,0.2856620623268236,0.1,0.3,0.4,0.6,2.1
2016-09-30,SAG,NO,1,557.0,10.427289048473968,13.88767278586689,1.0,3.0,6.0,10.0,105.0
2016-09-30,SAG,NO2,1,557.0,15.789946140035907,7.0080149000141585,5.0,10.0,14.0,21.0,46.0
2016-09-30,SAG,NOX,1,557.0,26.19569120287253,18.32645950781336,6.0,14.0,20.0,32.0,133.0
2016-09-30,SAG,O3,1,561.0,22.636363636363637,18.094781123188643,0.0,9.0,17.0,32.0,89.0
2016-09-30,SAG,PM10,2,564.0,32.6968085106383,19.054244071853603,3.0,19.0,30.0,42.0,140.0
2016-09-30,SAG,PM2.5,2,564.0,14.916666666666666,10.942858473405202,1.0,7.0,13.0,21.0,63.0
2016-09-30,SAG,PMCO,2,564.0,17.80673758865248,12.203713029970595,2.0,10.0,15.0,23.0,115.0
2016-09-30,SAG,SO2,1,561.0,2.9679144385026737,3.824596724747824,0.0,2.0,2.0,3.0,46.0
2016-09-30,SFE,CO,15,661.0,0.4488653555219385,0.16073528499802492,0.2,0.3,0.4,0.5,1.1
2016-09-30,SFE,NO,1,668.0,5.423652694610778,9.763247355858185,0.0,0.0,2.0,6.0,91.0
2016-09-30,SFE,NO2,1,668.0,15.755988023952096,6.162373864513028,5.0,11.0,15.0,19.0,44.0
2016-09-30,SFE,NOX,1,668.0,21.127245508982035,13.636652706917523,4.0,12.0,18.0,25.0,114.0
2016-09-30,SFE,O3,1,668.0,30.73802395209581,25.387584890141664,1.0,13.0,22.0,42.0,123.0
2016-09-30,SFE,PM10,2,0.0,,,,,,,
2016-09-30,SFE,PM2.5,2,0.0,,,,,,,
2016-09-30,SFE,PMCO,2,0.0,,,,,,,
2016-09-30,SFE,SO2,1,668.0,2.9491017964071857,3.638926119058583,1.0,1.0,2.0,3.0,36.0
2016-09-30,SJA,CO,15,670.0,0.7897014925373154,0.2887500517306458,0.4,0.6,0.7,1.0,2.0
2016-09-30,SJA,NO,1,668.0,13.375748502994012,21.59670858667432,0.0,2.0,4.0,15.0,188.0
2016-09-30,SJA,NO2,1,668.0,21.434131736526947,10.519639788698496,5.0,13.0,20.0,28.0,60.0
2016-09-30,SJA,NOX,1,668.0,34.82784431137725,27.75366048485421,6.0,15.0,24.0,47.0,223.0
2016-09-30,SJA,O3,1,557.0,26.201077199281865,21.84878868914428,1.0,9.0,20.0,36.0,107.0
2016-09-30,SJA,PM2.5,2,0.0,,,,,,,
2016-09-30,SJA,SO2,1,672.0,1.8571428571428572,3.1839495279528136,0.0,1.0,1.0,2.0,37.0
2016-09-30,TAH,CO,15,583.0,0.31869639794168103,0.2251620617670035,0.0,0.2,0.3,0.4,2.0
2016-09-30,TAH,NO,1,583.0,6.07032590051458,10.300311662291673,0.0,1.0,2.0,6.0,107.0
2016-09-30,TAH,NO2,1,583.0,16.133790737564322,6.4721932741103965,2.0,11.0,16.0,21.0,39.0
2016-09-30,TAH,NOX,1,583.0,22.142367066895368,14.530757964862497,3.0,13.0,19.0,28.0,133.0
2016-09-30,TAH,O3,1,584.0,28.044520547945204,24.077235729776522,0.0,9.75,20.5,41.0,124.0
2016-09-30,TAH,PM10,2,674.0,27.62166172106825,20.171056152280983,1.0,12.0,24.0,38.0,148.0
2016-09-30,TAH,SO2,1,584.0,1.6866438356164384,1.2762884532826189,1.0,1.0,1.0,2.0,10.0
2016-09-30,TLA,CO,15,652.0,0.7168711656441721,0.329954652141644,0.2,0.5,0.6,0.9,2.5
2016-09-30,TLA,NO,1,650.0,20.869230769230768,22.785726772559855,0.0,7.0,14.0,26.0,190.0
2016-09-30,TLA,NO2,1,650.0,25.144615384615385,8.628115984678443,9.0,19.0,24.0,30.0,59.0
2016-09-30,TLA,NOX,1,650.0,46.02923076923077,27.918118350402768,9.0,27.0,39.0,58.75,215.0
2016-09-30,TLA,O3,1,654.0,21.452599388379205,20.38939574328964,0.0,6.0,15.0,30.0,86.0
2016-09-30,TLA,PM10,2,664.0,39.484939759036145,19.5763520265923,4.0,25.0,36.0,51.0,140.0
2016-09-30,TLA,PM2.5,2,664.0,18.27710843373494,11.07188986445982,1.0,10.0,16.0,25.0,63.0
2016-09-30,TLA,PMCO,2,664.0,21.19277108433735,11.520545310670505,2.0,13.0,19.5,27.0,84.0
2016-09-30,TLA,SO2,1,654.0,5.389908256880734,7.959081168014519,0.0,2.0,3.0,5.0,67.0
2016-09-30,TLI,CO,15,575.0,0.3168695652173906,0.26413478905642085,0.0,0.1,0.2,0.4,1.8
2016-09-30,TLI,NO,1,577.0,10.05892547660312,14.87692544341576,1.0,2.0,4.0,11.0,103.0
2016-09-30,TLI,NO2,1,577.0,16.464471403812826,7.274565859490122,4.0,10.0,16.0,22.0,39.0
2016-09-30,TLI,NOX,1,577.0,26.511265164644715,19.806800213090998,6.0,13.0,20.0,33.0,127.0
2016-09-30,TLI,O3,1,367.0,20.923705722070846,18.07164428638718,0.0,7.0,16.0,30.0,86.0
2016-09-30,TLI,PM10,2,574.0,30.649825783972126,20.978781559263787,1.0,15.0,26.0,42.0,125.0
2016-09-30,TLI,SO2,1,578.0,2.934256055363322,6.561732151015501,0.0,1.0,1.0,2.0,60.0
2016-09-30,UAX,CO,15,668.0,0.4163173652694613,0.25488375431505605,0.0,0.2,0.4,0.5,1.8
2016-09-30,UAX,NO,1,672.0,9.055059523809524,13.889008766899238,0.0,1.0,3.0,11.0,113.0
2016-09-30,UAX,NO2,1,672.0,20.383928571428573,8.193900754865385,2.0,14.0,20.0,26.0,49.0
2016-09-30,UAX,NOX,1,672.0,29.425595238095237,19.038837072726498,4.0,16.0,24.0,38.0,142.0
2016-09-30,UAX,O3,1,672.0,27.336309523809526,27.161107737781926,0.0,6.0,18.0,39.25,118.0
2016-09-30,UAX,PM2.5,2,669.0,15.251121076233185,8.85949976109014,1.0,9.0,14.0,21.0,48.0
2016-09-30,UAX,SO2,1,670.0,2.4149253731343285,3.9429130282550884,1.0,1.0,1.0,2.0,46.0
2016-09-30,UIZ,CO,15,667.0,0.5815592203898062,0.3509814177015126,0.0,0.3,0.5,0.7,2.5
2016-09-30,UIZ,NO,1,666.0,13.974474474474475,18.777869155582056,0.0,2.0,6.0,18.0,147.0
2016-09-30,UIZ,NO2,1,666.0,23.223723723723722,9.523509901809964,3.0,16.0,23.0,29.75,58.0
2016-09-30,UIZ,NOX,1,666.0,37.17717717717718,24.83930589676818,5.0,19.0,31.0,49.0,176.0
2016-09-30,UIZ,O3,1,667.0,26.982008995502248,24.7304927859385,2.0,6.5,19.0,40.0,103.0
2016-09-30,UIZ,PM10,2,0.0,,,,,,,
2016-09-30,UIZ,PM2.5,2,0.0,,,,,,,
2016-09-30,UIZ,PMCO,2,0.0,,,,,,,
2016-09-30,UIZ,SO2,1,664.0,2.3042168674698793,3.8841729734189125,1.0,1.0,1.0,2.0,47.0
2016-09-30,VIF,CO,15,632.0,0.23987341772151816,0.18568069773394016,0.0,0.1,0.2,0.3,1.5
2016-09-30,VIF,NO,1,612.0,6.259803921568627,10.170694654187797,0.0,1.0,2.0,6.0,71.0
2016-09-30,VIF,NO2,1,612.0,13.07516339869281,6.8839506512613715,3.0,7.0,12.0,18.0,42.0
2016-09-30,VIF,NOX,1,612.0,19.312091503267975,15.029125597997572,4.0,9.0,15.0,24.0,98.0
2016-09-30,VIF,O3,1,636.0,23.5,17.46947844571653,1.0,10.0,18.0,34.0,78.0
2016-09-30,VIF,PM10,2,611.0,33.49263502454992,24.333162854850443,1.0,16.0,27.0,47.0,139.0
2016-09-30,VIF,SO2,1,631.0,3.076069730586371,6.277238885093259,0.0,1.0,1.0,2.0,61.0
2016-09-30,XAL,CO,15,641.0,0.7188767550702033,0.4057046171162635,0.2,0.4,0.6,0.9,2.7
2016-09-30,XAL,NO,1,637.0,21.35164835164835,26.523195934749836,0.0,6.0,12.0,24.0,180.0
2016-09-30,XAL,NO2,1,637.0,20.309262166405023,9.500419996775033,4.0,13.0,18.0,26.0,52.0
2016-09-30,XAL,NOX,1,637.0,41.6530612244898,32.64267970878225,4.0,21.0,31.0,52.0,212.0
2016-09-30,XAL,O3,1,623.0,25.301765650080256,18.5436509470654,2.0,11.0,22.0,34.0,92.0
2016-09-30,XAL,PM10,2,681.0,44.370044052863435,26.853216175509477,6.0,25.0,38.0,56.0,163.0
2016-09-30,XAL,PM2.5,2,681.0,17.966226138032305,12.108590970705265,1.0,9.0,15.0,24.0,72.0
2016-09-30,XAL,PMCO,2,681.0,26.38179148311307,18.235983102839437,2.0,14.0,22.0,35.0,107.0
2016-09-30,XAL,SO2,1,641.0,2.1762870514820594,3.5202715545072327,0.0,1.0,1.0,2.0,34.0
2016-10-31,ACO,CO,15,0.0,,,,,,,
2016-10-31,ACO,NO,1,0.0,,,,,,,
2016-10-31,ACO,NO2,1,0.0,,,,,,,
2016-10-31,ACO,NOX,1,0.0,,,,,,,
2016-10-31,ACO,O3,1,0.0,,,,,,,
2016-10-31,ACO,PM10,2,0.0,,,,,,,
2016-10-31,ACO,SO2,1,0.0,,,,,,,
2016-10-31,AJM,CO,15,670.0,0.38880597014925516,0.18128442573379389,0.0,0.3,0.4,0.5,1.2
2016-10-31,AJM,NO,1,668.0,5.408682634730539,7.150914394169576,0.0,1.0,3.0,6.0,45.0
2016-10-31,AJM,NO2,1,668.0,19.202095808383234,7.45860310102991,5.0,14.0,18.5,23.0,50.0
2016-10-31,AJM,NOX,1,668.0,24.610778443113773,12.523010448668705,4.0,16.0,23.0,30.0,79.0
2016-10-31,AJM,O3,1,669.0,32.167414050822124,24.23917900511028,2.0,17.0,24.0,39.0,129.0
2016-10-31,AJM,PM10,2,700.0,24.4,13.56244499207612,2.0,14.0,21.0,32.0,76.0
2016-10-31,AJM,PM2.5,2,700.0,13.15857142857143,9.362619995386417,1.0,7.0,10.0,17.0,53.0
2016-10-31,AJM,PMCO,2,700.0,11.271428571428572,6.555412377010228,1.0,6.0,10.0,15.25,37.0
2016-10-31,AJM,SO2,1,661.0,2.3207261724659607,3.3511657970245863,0.0,1.0,1.0,2.0,45.0
2016-10-31,AJU,O3,1,691.0,32.74529667149059,26.5946810693412,0.0,15.0,25.0,43.0,128.0
2016-10-31,AJU,PM2.5,2,564.0,13.368794326241135,9.819986396345378,1.0,6.0,11.0,20.0,46.0
2016-10-31,ATI,CO,15,691.0,0.2571635311143253,0.31377098756753696,0.0,0.1,0.2,0.3,2.7
2016-10-31,ATI,NO,1,657.0,10.308980213089802,21.262094012439434,0.0,2.0,4.0,7.0,187.0
2016-10-31,ATI,NO2,1,657.0,14.901065449010655,6.5774662969473425,4.0,10.0,14.0,18.0,61.0
2016-10-31,ATI,NOX,1,657.0,25.188736681887367,24.92325405031358,5.0,13.0,17.0,26.0,215.0
2016-10-31,ATI,O3,1,686.0,23.20116618075802,17.17383169209486,1.0,10.0,19.0,34.0,72.0
2016-10-31,ATI,PM10,2,705.0,29.929078014184398,17.844278029152367,1.0,17.0,27.0,38.0,132.0
2016-10-31,ATI,SO2,1,691.0,5.303907380607815,10.964116666447309,0.0,0.0,1.0,5.0,83.0
2016-10-31,BJU,CO,15,646.0,0.5538699690402477,0.3258033008084376,0.2,0.4,0.5,0.6,2.4
2016-10-31,BJU,O3,1,692.0,27.28179190751445,24.87915948767892,1.0,9.0,19.0,38.0,131.0
2016-10-31,BJU,PM10,2,709.0,29.85049365303244,16.004331702090504,5.0,18.0,26.0,38.0,90.0
2016-10-31,BJU,PM2.5,2,709.0,15.75176304654443,11.192228330168279,1.0,8.0,12.0,20.0,61.0
2016-10-31,BJU,PMCO,2,709.0,14.10719322990127,7.365349984063939,1.0,8.0,13.0,19.0,43.0
2016-10-31,BJU,SO2,1,674.0,4.327893175074184,6.398891946277214,1.0,1.0,2.0,4.0,61.0
2016-10-31,CAM,CO,15,691.0,0.6328509406657014,0.3389760447414146,0.2,0.4,0.5,0.7,3.0
2016-10-31,CAM,NO,1,687.0,19.427947598253276,24.929117689065293,1.0,6.0,10.0,21.0,177.0
2016-10-31,CAM,NO2,1,687.0,26.01018922852984,8.03154573740761,8.0,21.0,25.0,31.0,57.0
2016-10-31,CAM,NOX,1,687.0,45.45269286754003,29.36574958295456,11.0,28.0,37.0,52.0,211.0
2016-10-31,CAM,O3,1,690.0,20.82608695652174,20.30768872227002,0.0,5.0,14.0,30.0,94.0
2016-10-31,CAM,PM10,2,468.0,36.43162393162393,15.179215754880625,6.0,25.75,34.0,45.0,93.0
2016-10-31,CAM,PM2.5,2,468.0,16.608974358974358,9.259458074209041,1.0,10.0,14.0,20.0,53.0
2016-10-31,CAM,PMCO,2,468.0,19.833333333333332,8.996192389898074,2.0,13.0,19.0,25.0,58.0
2016-10-31,CAM,SO2,1,692.0,5.271676300578035,9.861480916627933,0.0,1.0,2.0,4.0,82.0
2016-10-31,CCA,CO,15,488.0,0.5401639344262321,0.26935464315471963,0.2,0.4,0.5,0.6,2.3
2016-10-31,CCA,NO,1,457.0,9.183807439824946,19.02782819971645,0.0,1.0,2.0,8.0,168.0
2016-10-31,CCA,NO2,1,457.0,20.923413566739605,7.9259621524018655,8.0,15.0,19.0,25.0,61.0
2016-10-31,CCA,NOX,1,457.0,30.061269146608314,22.790631946615438,8.0,17.0,23.0,34.0,194.0
2016-10-31,CCA,O3,1,536.0,27.30597014925373,25.498609853825606,1.0,9.0,20.0,35.25,137.0
2016-10-31,CCA,PM2.5,2,703.0,12.574679943100996,7.379017501809068,1.0,7.0,11.0,16.0,62.0
2016-10-31,CCA,SO2,1,514.0,3.1828793774319064,4.510073053120766,0.0,1.0,2.0,3.0,42.0
2016-10-31,CHO,CO,15,682.0,0.614076246334311,0.4482055394924337,0.2,0.3,0.5,0.7,3.0
2016-10-31,CHO,NO,1,0.0,,,,,,,
2016-10-31,CHO,NO2,1,0.0,,,,,,,
2016-10-31,CHO,NOX,1,0.0,,,,,,,
2016-10-31,CHO,O3,1,682.0,27.90469208211144,23.38915511665568,2.0,6.0,22.0,42.0,96.0
2016-10-31,CHO,PM10,2,709.0,45.839210155148095,27.283189241627767,1.0,27.0,41.0,59.0,171.0
2016-10-31,CHO,SO2,1,682.0,1.7741935483870968,2.1620222920370504,0.0,1.0,1.0,2.0,28.0
2016-10-31,COY,NO,1,687.0,14.749636098981076,22.25301556559082,1.0,3.0,6.0,15.0,146.0
2016-10-31,COY,NO2,1,687.0,24.12227074235808,8.914211248515015,7.0,18.0,22.0,28.0,68.0
2016-10-31,COY,NOX,1,687.0,38.89228529839883,27.225813861051414,8.0,22.0,29.0,45.0,176.0
2016-10-31,COY,O3,1,688.0,27.680232558139537,24.88323974735395,2.0,10.0,19.0,38.0,139.0
2016-10-31,COY,PM2.5,2,700.0,16.564285714285713,11.155302898212504,1.0,9.0,13.0,21.0,69.0
2016-10-31,CUA,CO,15,692.0,0.5065028901734101,0.1822862405895675,0.2,0.4,0.5,0.6,1.6
2016-10-31,CUA,NO,1,689.0,8.059506531204644,14.094085857248178,0.0,2.0,3.0,7.0,119.0
2016-10-31,CUA,NO2,1,689.0,16.843251088534107,7.197491398974791,3.0,12.0,15.0,21.0,47.0
2016-10-31,CUA,NOX,1,689.0,24.876632801161104,19.194555981922758,3.0,14.0,20.0,28.0,154.0
2016-10-31,CUA,O3,1,692.0,29.19508670520231,19.57488361252734,1.0,17.0,24.0,37.0,96.0
2016-10-31,CUA,PM10,2,692.0,24.877167630057805,14.268287285703684,1.0,14.0,23.0,34.0,80.0
2016-10-31,CUA,SO2,1,691.0,3.8726483357452968,6.2453220816615245,0.0,1.0,1.0,4.0,48.0
2016-10-31,CUT,NO,1,239.0,13.05439330543933,27.80879288480905,0.0,1.0,2.0,11.0,202.0
2016-10-31,CUT,NO2,1,239.0,12.527196652719665,6.1335190187690944,3.0,7.0,12.0,16.0,30.0
2016-10-31,CUT,NOX,1,239.0,25.523012552301257,30.09771365663816,2.0,9.0,15.0,30.0,224.0
2016-10-31,CUT,O3,1,670.0,21.707462686567165,17.63170226589238,0.0,4.0,19.0,35.0,73.0
2016-10-31,CUT,PM10,2,660.0,39.371212121212125,27.16358730006124,1.0,23.0,33.0,49.0,283.0
2016-10-31,CUT,SO2,1,672.0,6.377976190476191,16.682982309218108,0.0,1.0,1.0,3.0,142.0
2016-10-31,FAC,CO,15,478.0,0.5746861924686196,0.4974225031111937,0.1,0.3,0.5,0.6,4.1
2016-10-31,FAC,NO,1,497.0,18.40241448692153,35.32560289598678,0.0,3.0,7.0,15.0,274.0
2016-10-31,FAC,NO2,1,497.0,17.321931589537222,7.503559766182004,3.0,12.0,16.0,21.0,53.0
2016-10-31,FAC,NOX,1,497.0,35.72635814889336,38.85847939359904,4.0,17.0,24.0,36.0,309.0
2016-10-31,FAC,O3,1,580.0,24.575862068965517,17.81267242471297,0.0,12.0,21.0,33.0,84.0
2016-10-31,FAC,PM10,2,377.0,28.90450928381963,18.890119161950945,1.0,14.0,25.0,39.0,105.0
2016-10-31,FAC,SO2,1,497.0,4.424547283702213,8.10135150552088,0.0,1.0,2.0,4.0,78.0
2016-10-31,GAM,O3,1,606.0,27.40759075907591,21.621856293062958,1.0,10.0,23.0,38.75,113.0
2016-10-31,GAM,PM2.5,2,0.0,,,,,,,
2016-10-31,HGM,CO,15,669.0,0.36083707025411094,0.2964710890587671,0.0,0.2,0.3,0.4,2.4
2016-10-31,HGM,NO,1,688.0,17.074127906976745,23.607452610212732,0.0,2.0,7.0,21.0,187.0
2016-10-31,HGM,NO2,1,688.0,23.23546511627907,9.997223388259565,6.0,16.0,22.0,29.0,80.0
2016-10-31,HGM,NOX,1,688.0,40.28488372093023,30.388847327726275,7.0,19.75,30.0,49.25,222.0
2016-10-31,HGM,O3,1,692.0,25.75578034682081,23.134218798548634,1.0,7.75,19.0,37.0,125.0
2016-10-31,HGM,PM10,2,459.0,31.237472766884533,17.042402517118283,5.0,19.0,27.0,37.5,94.0
2016-10-31,HGM,PM2.5,2,459.0,17.093681917211327,11.937516700421334,1.0,9.0,13.0,22.0,66.0
2016-10-31,HGM,PMCO,2,459.0,14.154684095860567,7.756673057415614,3.0,8.0,13.0,19.0,47.0
2016-10-31,HGM,SO2,1,682.0,4.718475073313783,8.230521187758269,0.0,1.0,2.0,5.0,75.0
2016-10-31,INN,CO,15,606.0,0.23184818481848138,0.12955952097796053,0.0,0.2,0.2,0.3,1.4
2016-10-31,INN,O3,1,605.0,32.844628099173555,19.150475719080458,2.0,19.0,28.0,41.0,99.0
2016-10-31,INN,PM10,2,559.0,16.22361359570662,10.122993477937582,1.0,8.0,14.0,22.0,59.0
2016-10-31,INN,PM2.5,2,559.0,10.43649373881932,6.483712088852007,1.0,6.0,9.0,14.0,45.0
2016-10-31,INN,PMCO,2,559.0,5.796064400715563,4.795598217227771,1.0,2.0,4.0,9.0,27.0
2016-10-31,INN,SO2,1,585.0,2.1076923076923078,3.845522076669157,0.0,1.0,1.0,2.0,42.0
2016-10-31,IZT,CO,15,526.0,0.8167300380228142,0.3646074880128577,0.3,0.6,0.7,1.0,2.9
2016-10-31,IZT,NO,1,526.0,17.526615969581748,23.64576383591083,0.0,4.0,7.0,22.0,166.0
2016-10-31,IZT,NO2,1,526.0,25.5532319391635,9.785704783310276,5.0,20.0,24.5,30.0,83.0
2016-10-31,IZT,NOX,1,526.0,43.055133079847906,29.025748869078825,6.0,23.0,32.0,54.0,194.0
2016-10-31,IZT,O3,1,594.0,24.895622895622896,23.845254657453413,0.0,7.0,17.0,34.0,113.0
2016-10-31,IZT,PM10,2,710.0,24.050704225352113,12.780680868114679,1.0,15.0,22.0,31.0,85.0
2016-10-31,IZT,SO2,1,606.0,3.572607260726073,6.193345573218294,0.0,1.0,1.0,4.0,41.0
2016-10-31,LLA,CO,15,0.0,,,,,,,
2016-10-31,LLA,NO,1,0.0,,,,,,,
2016-10-31,LLA,NO2,1,0.0,,,,,,,
2016-10-31,LLA,NOX,1,0.0,,,,,,,
2016-10-31,LLA,O3,1,692.0,21.976878612716764,16.666457647122684,1.0,8.0,18.0,34.0,72.0
2016-10-31,LLA,SO2,1,690.0,4.942028985507246,10.31940421144919,0.0,1.0,2.0,3.0,101.0
2016-10-31,LPR,CO,15,671.0,0.5639344262295083,0.4505174688328008,0.0,0.3,0.4,0.7,2.9
2016-10-31,LPR,NO,1,0.0,,,,,,,
2016-10-31,LPR,NO2,1,0.0,,,,,,,
2016-10-31,LPR,NOX,1,0.0,,,,,,,
2016-10-31,LPR,O3,1,632.0,25.931962025316455,16.71358777849979,0.0,15.0,25.0,35.0,84.0
2016-10-31,LPR,SO2,1,674.0,2.636498516320475,5.107454874925824,0.0,1.0,1.0,2.0,54.0
2016-10-31,MER,CO,15,630.0,0.6849206349206342,0.3542311722885212,0.2,0.4,0.6,0.9,2.3
2016-10-31,MER,NO,1,541.0,23.69870609981516,27.881557992703723,0.0,6.0,12.0,28.0,182.0
2016-10-31,MER,NO2,1,541.0,27.367837338262476,10.79212679153666,3.0,21.0,26.0,32.0,82.0
2016-10-31,MER,NOX,1,541.0,51.059149722735675,34.4267366814653,3.0,29.0,40.0,61.0,220.0
2016-10-31,MER,O3,1,572.0,21.54020979020979,21.14349585850892,0.0,6.0,15.0,29.25,121.0
2016-10-31,MER,PM10,2,442.0,41.633484162895925,21.200084736192522,7.0,27.0,37.0,52.75,126.0
2016-10-31,MER,PM2.5,2,442.0,19.02262443438914,12.357649659820689,1.0,10.0,17.0,24.0,74.0
2016-10-31,MER,PMCO,2,442.0,22.653846153846153,11.026050215716314,3.0,14.0,22.0,29.0,62.0
2016-10-31,MER,SO2,1,668.0,4.208083832335329,6.976731120832421,0.0,1.0,2.0,4.0,60.0
2016-10-31,MGH,CO,15,689.0,0.7107402031930325,0.2979594422230017,0.3,0.5,0.7,0.8,2.6
2016-10-31,MGH,NO,1,691.0,19.622286541244573,28.523532536965664,1.0,6.0,10.0,19.0,221.0
2016-10-31,MGH,NO2,1,691.0,24.395079594790158,8.036613973578802,10.0,19.0,23.0,28.0,70.0
2016-10-31,MGH,NOX,1,691.0,44.00723589001447,32.39795493233946,11.0,26.0,34.0,48.0,253.0
2016-10-31,MGH,O3,1,691.0,22.908827785817657,20.507236479940723,1.0,8.0,16.0,32.0,101.0
2016-10-31,MGH,PM10,2,707.0,24.56859971711457,12.548569826623837,4.0,16.0,22.0,31.0,79.0
2016-10-31,MGH,PM2.5,2,707.0,14.323903818953324,9.35413029506958,1.0,8.0,12.0,18.5,63.0
2016-10-31,MGH,PMCO,2,707.0,10.213578500707214,5.4482824237395135,1.0,6.0,9.0,14.0,36.0
2016-10-31,MGH,SO2,1,689.0,4.195936139332366,7.682332931797811,0.0,1.0,2.0,4.0,82.0
2016-10-31,MON,CO,15,452.0,0.2986725663716806,0.2915635788081434,0.0,0.1,0.2,0.4,1.9
2016-10-31,MON,NO,1,690.0,14.36376811594203,28.391307113231356,0.0,1.0,2.0,11.0,187.0
2016-10-31,MON,NO2,1,690.0,11.157971014492754,6.959324195980591,1.0,5.0,10.0,16.0,40.0
2016-10-31,MON,NOX,1,690.0,25.494202898550725,32.18903880026166,2.0,7.0,12.0,30.75,203.0
2016-10-31,MON,O3,1,682.0,25.51759530791789,19.646968239972136,0.0,8.0,24.0,38.0,82.0
2016-10-31,MON,SO2,1,688.0,1.0915697674418605,3.357676274315615,0.0,0.0,0.0,1.0,38.0
2016-10-31,MPA,CO,15,669.0,0.2911808669656206,0.1239202896875775,0.1,0.2,0.3,0.4,0.7
2016-10-31,MPA,O3,1,683.0,35.41434846266471,24.565363743949128,1.0,17.0,27.0,49.0,112.0
2016-10-31,MPA,PM10,2,689.0,26.941944847605225,15.277837621039852,2.0,15.0,24.0,36.0,97.0
2016-10-31,MPA,PM2.5,2,689.0,15.042089985486212,9.74394410844001,1.0,8.0,12.0,20.0,58.0
2016-10-31,MPA,PMCO,2,689.0,11.910014513788099,8.442385183524765,1.0,6.0,9.0,16.0,69.0
2016-10-31,MPA,SO2,1,683.0,1.916544655929722,2.7044665578888094,1.0,1.0,1.0,2.0,24.0
2016-10-31,NEZ,CO,15,688.0,0.3619186046511619,0.2910660710265857,0.0,0.2,0.3,0.5,2.6
2016-10-31,NEZ,NO,1,683.0,10.03221083455344,14.563506965506901,0.0,2.0,4.0,12.0,165.0
2016-10-31,NEZ,NO2,1,683.0,18.96632503660322,8.034221661524718,5.0,13.0,18.0,23.0,60.0
2016-10-31,NEZ,NOX,1,683.0,28.980966325036604,19.771374808582358,5.0,16.0,23.0,35.0,187.0
2016-10-31,NEZ,O3,1,690.0,24.417391304347827,19.64044697023558,1.0,9.0,19.0,34.0,89.0
2016-10-31,NEZ,PM2.5,2,697.0,14.041606886657101,9.402233884131286,1.0,8.0,11.0,18.0,64.0
2016-10-31,NEZ,SO2,1,690.0,2.118840579710145,4.526050234947141,0.0,0.0,1.0,1.0,36.0
2016-10-31,PED,CO,15,691.0,0.3743849493487693,0.2532015683362419,0.1,0.2,0.3,0.4,1.5
2016-10-31,PED,NO,1,691.0,8.309696092619392,12.758726768298057,0.0,1.0,3.0,8.0,86.0
2016-10-31,PED,NO2,1,691.0,20.685962373371925,8.267875130962661,7.0,15.0,19.0,25.0,58.0
2016-10-31,PED,NOX,1,691.0,28.98263386396527,18.463587024365815,8.0,17.0,23.0,33.0,124.0
2016-10-31,PED,O3,1,691.0,27.74095513748191,23.03811054833089,1.0,12.0,21.0,36.0,120.0
2016-10-31,PED,PM10,2,0.0,,,,,,,
2016-10-31,PED,PM2.5,2,0.0,,,,,,,
2016-10-31,PED,PMCO,2,0.0,,,,,,,
2016-10-31,PED,SO2,1,691.0,3.374819102749638,4.682363123867093,0.0,1.0,2.0,3.0,45.0
2016-10-31,SAG,CO,15,589.0,0.6142614601018671,0.3688560264616101,0.1,0.4,0.5,0.7,2.6
2016-10-31,SAG,NO,1,589.0,15.025466893039049,23.023081364240298,1.0,4.0,6.0,14.0,157.0
2016-10-31,SAG,NO2,1,589.0,17.01867572156197,6.632069398144702,5.0,11.0,16.0,22.0,47.0
2016-10-31,SAG,NOX,1,589.0,32.04244482173175,26.96949457350093,6.0,15.0,23.0,36.0,182.0
2016-10-31,SAG,O3,1,588.0,22.377551020408163,17.635056058018478,0.0,8.0,18.5,33.0,75.0
2016-10-31,SAG,PM10,2,661.0,32.64447806354009,17.306482072759486,2.0,20.0,30.0,41.0,101.0
2016-10-31,SAG,PM2.5,2,661.0,14.124054462934946,10.148430803767035,1.0,7.0,11.0,20.0,54.0
2016-10-31,SAG,PMCO,2,661.0,18.54160363086233,10.409211094328416,1.0,12.0,17.0,23.0,73.0
2016-10-31,SAG,SO2,1,589.0,4.431239388794567,7.664573641603401,0.0,1.0,2.0,4.0,70.0
2016-10-31,SFE,CO,15,561.0,0.47040998217468905,0.1764167433344968,0.2,0.4,0.4,0.5,1.1
2016-10-31,SFE,NO,1,560.0,8.317857142857143,16.03035031922309,0.0,1.0,2.0,6.0,96.0
2016-10-31,SFE,NO2,1,560.0,15.830357142857142,7.026767621004064,3.0,11.0,15.0,19.0,48.0
2016-10-31,SFE,NOX,1,560.0,24.160714285714285,20.39482973671949,4.0,12.75,17.0,27.0,120.0
2016-10-31,SFE,O3,1,561.0,28.923351158645275,22.830888541772175,1.0,13.0,22.0,39.0,111.0
2016-10-31,SFE,PM10,2,0.0,,,,,,,
2016-10-31,SFE,PM2.5,2,0.0,,,,,,,
2016-10-31,SFE,PMCO,2,0.0,,,,,,,
2016-10-31,SFE,SO2,1,560.0,4.008928571428571,6.136047826467711,0.0,1.0,1.0,4.0,46.0
2016-10-31,SJA,CO,15,603.0,0.5943615257048097,0.37801024170808634,0.2,0.3,0.5,0.7,2.8
2016-10-31,SJA,NO,1,608.0,18.71217105263158,32.36154464106341,0.0,2.0,3.0,18.0,205.0
2016-10-31,SJA,NO2,1,608.0,19.995065789473685,10.565632733221678,3.0,12.0,18.0,26.0,65.0
2016-10-31,SJA,NOX,1,608.0,38.70888157894737,38.10493341605047,4.0,14.0,22.0,52.0,226.0
2016-10-31,SJA,O3,1,555.0,25.61981981981982,20.52843330541074,1.0,8.0,23.0,36.0,107.0
2016-10-31,SJA,PM2.5,2,0.0,,,,,,,
2016-10-31,SJA,SO2,1,643.0,2.0653188180404354,4.244339571132539,0.0,0.0,1.0,2.0,31.0
2016-10-31,TAH,CO,15,688.0,0.37252906976744193,0.2450404696356288,0.0,0.2,0.3,0.4,2.5
2016-10-31,TAH,NO,1,688.0,6.982558139534884,12.281972842777858,0.0,1.0,2.0,7.0,127.0
2016-10-31,TAH,NO2,1,688.0,18.11918604651163,6.815325091664684,4.0,13.0,17.0,22.0,48.0
2016-10-31,TAH,NOX,1,688.0,25.074127906976745,16.20058130917175,5.0,15.0,20.0,31.0,151.0
2016-10-31,TAH,O3,1,688.0,29.77906976744186,24.509345827733185,1.0,10.0,23.0,43.0,115.0
2016-10-31,TAH,PM10,2,666.0,32.072072072072075,22.624377714718598,1.0,16.25,28.0,42.0,145.0
2016-10-31,TAH,SO2,1,685.0,1.5021897810218978,2.731462430771129,0.0,0.0,1.0,1.0,35.0
2016-10-31,TLA,CO,15,692.0,0.7065028901734106,0.3333831687174825,0.2,0.5,0.6,0.8,3.0
2016-10-31,TLA,NO,1,678.0,23.6976401179941,28.055837346152753,0.0,9.0,15.0,26.0,237.0
2016-10-31,TLA,NO2,1,678.0,25.283185840707965,7.683321182905256,9.0,20.0,25.0,30.0,59.0
2016-10-31,TLA,NOX,1,678.0,48.969026548672566,32.33996730539338,9.0,30.0,40.0,56.0,272.0
2016-10-31,TLA,O3,1,692.0,20.79913294797688,17.223107331856355,0.0,7.0,16.0,31.0,77.0
2016-10-31,TLA,PM10,2,699.0,41.197424892703864,19.88962218653786,4.0,28.0,38.0,50.0,129.0
2016-10-31,TLA,PM2.5,2,699.0,17.523605150214593,11.098178721683409,1.0,10.0,15.0,22.0,67.0
2016-10-31,TLA,PMCO,2,699.0,23.645207439198856,11.374959393795173,1.0,15.0,22.0,30.0,64.0
2016-10-31,TLA,SO2,1,656.0,7.8307926829268295,13.200174529716252,1.0,2.0,3.0,7.0,148.0
2016-10-31,TLI,CO,15,655.0,0.3319083969465645,0.2756230487287754,0.0,0.2,0.3,0.4,1.9
2016-10-31,TLI,NO,1,687.0,11.211062590975255,18.431355426647922,0.0,2.0,4.0,11.0,133.0
2016-10-31,TLI,NO2,1,687.0,16.269286754002913,7.908660598628542,1.0,10.0,15.0,23.0,55.0
2016-10-31,TLI,NOX,1,687.0,27.497816593886462,23.789398707252175,1.0,13.0,20.0,33.5,172.0
2016-10-31,TLI,O3,1,692.0,22.3121387283237,17.723988422681675,0.0,7.75,18.0,34.0,73.0
2016-10-31,TLI,PM10,2,372.0,38.25268817204301,24.17926353731816,1.0,22.0,34.0,48.25,142.0
2016-10-31,TLI,SO2,1,692.0,6.894508670520231,17.415967320342965,0.0,1.0,1.0,4.0,153.0
2016-10-31,UAX,CO,15,291.0,0.32164948453608233,0.2663521667177694,0.0,0.1,0.2,0.45,1.2
2016-10-31,UAX,NO,1,688.0,12.017441860465116,21.088356117821895,0.0,1.0,3.0,12.0,133.0
2016-10-31,UAX,NO2,1,688.0,21.34011627906977,8.92181899249986,4.0,15.0,21.0,27.0,63.0
2016-10-31,UAX,NOX,1,688.0,33.338662790697676,25.779551705329443,5.0,16.0,25.0,41.0,160.0
2016-10-31,UAX,O3,1,691.0,27.96671490593343,26.04322589723756,0.0,8.0,21.0,39.0,111.0
2016-10-31,UAX,PM2.5,2,678.0,14.376106194690266,8.51769319541835,1.0,8.0,13.0,19.0,49.0
2016-10-31,UAX,SO2,1,691.0,2.7192474674384948,4.187201688908557,1.0,1.0,1.0,2.0,33.0
2016-10-31,UIZ,CO,15,657.0,0.500152207001522,0.342181810492403,0.0,0.3,0.4,0.6,2.7
2016-10-31,UIZ,NO,1,657.0,15.112633181126332,19.977566120182804,0.0,3.0,7.0,18.0,137.0
2016-10-31,UIZ,NO2,1,657.0,23.86910197869102,10.381499049535142,4.0,16.0,24.0,29.0,76.0
2016-10-31,UIZ,NOX,1,657.0,38.94216133942162,26.32824581392699,7.0,20.0,31.0,49.0,187.0
2016-10-31,UIZ,O3,1,651.0,28.010752688172044,23.709943539860184,2.0,9.0,21.0,38.0,110.0
2016-10-31,UIZ,PM10,2,0.0,,,,,,,
2016-10-31,UIZ,PM2.5,2,0.0,,,,,,,
2016-10-31,UIZ,PMCO,2,0.0,,,,,,,
2016-10-31,UIZ,SO2,1,657.0,2.9558599695586,4.509089725331878,0.0,1.0,1.0,3.0,30.0
2016-10-31,VIF,CO,15,674.0,0.23353115727002857,0.19119626475900914,0.0,0.1,0.2,0.3,1.4
2016-10-31,VIF,NO,1,672.0,7.651785714285714,13.473079515099105,0.0,1.0,2.0,6.0,88.0
2016-10-31,VIF,NO2,1,672.0,12.709821428571429,6.549185132481008,3.0,7.0,12.0,18.0,30.0
2016-10-31,VIF,NOX,1,672.0,20.392857142857142,17.923512175210316,3.0,9.0,14.0,23.0,107.0
2016-10-31,VIF,O3,1,677.0,23.971935007385525,16.262021805509644,0.0,11.0,21.0,35.0,72.0
2016-10-31,VIF,PM10,2,701.0,36.25392296718973,20.123788400506072,1.0,22.0,32.0,47.0,133.0
2016-10-31,VIF,SO2,1,669.0,6.318385650224215,14.735958700644467,0.0,1.0,2.0,3.0,147.0
2016-10-31,XAL,CO,15,690.0,0.7498550724637689,0.5056789046246254,0.3,0.5,0.6,0.8,3.4
2016-10-31,XAL,NO,1,691.0,26.69464544138929,36.03373158398746,0.0,8.0,13.0,27.0,217.0
2016-10-31,XAL,NO2,1,691.0,20.057887120115776,9.71325737652421,4.0,13.0,18.0,25.0,74.0
2016-10-31,XAL,NOX,1,691.0,46.75832127351664,41.872661339023814,4.0,22.0,31.0,54.5,245.0
2016-10-31,XAL,O3,1,691.0,25.05643994211288,17.017160939418037,2.0,11.0,23.0,34.0,75.0
2016-10-31,XAL,PM10,2,687.0,48.49490538573508,32.92463636164311,5.0,25.0,40.0,61.5,189.0
2016-10-31,XAL,PM2.5,2,687.0,17.716157205240176,13.990815951330244,1.0,8.0,13.0,23.0,81.0
2016-10-31,XAL,PMCO,2,687.0,30.76419213973799,22.21606722716121,1.0,15.0,25.0,39.0,146.0
2016-10-31,XAL,SO2,1,685.0,3.487591240875912,6.204971658514185,0.0,1.0,1.0,3.0,60.0
2016-11-30,ACO,CO,15,516.0,0.29166666666666624,0.1813336069862775,0.0,0.2,0.2,0.325,1.3
2016-11-30,ACO,NO,1,637.0,10.323390894819466,14.549275494490125,0.0,2.0,5.0,11.0,101.0
2016-11-30,ACO,NO2,1,637.0,14.131868131868131,7.261395628469055,2.0,9.0,13.0,17.0,57.0
2016-11-30,ACO,NOX,1,637.0,24.47723704866562,18.29385056391155,4.0,12.0,19.0,30.0,119.0
2016-11-30,ACO,O3,1,636.0,21.56132075471698,17.509709724344727,0.0,6.0,18.0,33.0,73.0
2016-11-30,ACO,PM10,2,632.0,29.871835443037973,16.979087476151335,1.0,18.0,27.0,40.0,111.0
2016-11-30,ACO,SO2,1,554.0,2.888086642599278,5.006877976728981,1.0,1.0,2.0,2.0,59.0
2016-11-30,AJM,CO,15,661.0,0.5018154311649017,0.24214264980054045,0.1,0.3,0.4,0.6,1.4
2016-11-30,AJM,NO,1,661.0,7.8532526475037825,11.33436484878914,0.0,1.0,4.0,9.0,84.0
2016-11-30,AJM,NO2,1,661.0,22.50983358547655,11.105225775179846,3.0,15.0,21.0,29.0,69.0
2016-11-30,AJM,NOX,1,661.0,30.360060514372165,19.22932993354948,3.0,17.0,25.0,39.0,120.0
2016-11-30,AJM,O3,1,661.0,27.069591527987896,20.07051201917096,1.0,12.0,21.0,36.0,94.0
2016-11-30,AJM,PM10,2,642.0,30.799065420560748,19.57979312089839,3.0,17.0,26.0,39.0,116.0
2016-11-30,AJM,PM2.5,2,642.0,21.05607476635514,15.219762037804031,1.0,10.0,17.0,28.0,91.0
2016-11-30,AJM,PMCO,2,642.0,9.710280373831775,6.571354674750209,1.0,5.0,8.0,13.0,35.0
2016-11-30,AJM,SO2,1,660.0,3.7984848484848484,5.359347695009807,1.0,1.0,2.0,4.0,58.0
2016-11-30,AJU,O3,1,666.0,25.666666666666668,22.635058309217015,0.0,8.0,20.0,35.0,111.0
2016-11-30,AJU,PM2.5,2,566.0,17.118374558303888,13.004496765131849,1.0,7.0,14.0,24.0,72.0
2016-11-30,ATI,CO,15,671.0,0.44590163934426136,0.4447475042645517,0.0,0.2,0.3,0.5,3.4
2016-11-30,ATI,NO,1,625.0,15.9872,25.697385180757287,0.0,3.0,6.0,17.0,225.0
2016-11-30,ATI,NO2,1,625.0,21.0592,10.819528403391466,5.0,14.0,19.0,26.0,77.0
2016-11-30,ATI,NOX,1,625.0,37.0736,32.434119973594775,6.0,17.0,26.0,43.0,271.0
2016-11-30,ATI,O3,1,666.0,18.153153153153152,16.48167715288699,1.0,4.0,13.0,27.0,82.0
2016-11-30,ATI,PM10,2,656.0,35.33079268292683,24.214790067160372,1.0,18.0,30.0,47.0,205.0
2016-11-30,ATI,SO2,1,669.0,6.155455904334828,10.300705791319585,0.0,1.0,2.0,7.0,108.0
2016-11-30,BJU,CO,15,663.0,0.7482654600301649,0.44777986283156324,0.2,0.4,0.6,1.0,3.0
2016-11-30,BJU,O3,1,663.0,19.55505279034691,22.27647413661873,0.0,2.5,11.0,26.0,99.0
2016-11-30,BJU,PM10,2,683.0,39.926793557833086,22.45609400330947,3.0,23.0,36.0,52.0,124.0
2016-11-30,BJU,PM2.5,2,683.0,25.31918008784773,17.19077101599614,1.0,12.0,21.0,33.5,95.0
2016-11-30,BJU,PMCO,2,683.0,14.628111273792094,8.57770590015734,1.0,8.0,13.0,20.0,60.0
2016-11-30,BJU,SO2,1,661.0,5.721633888048411,7.838597261202717,0.0,2.0,3.0,6.0,70.0
2016-11-30,CAM,CO,15,665.0,0.8560902255639083,0.5901524136739241,0.3,0.5,0.7,1.0,4.5
2016-11-30,CAM,NO,1,666.0,32.890390390390394,46.62828530219943,0.0,7.0,15.0,39.0,411.0
2016-11-30,CAM,NO2,1,666.0,31.82882882882883,15.104771266632044,9.0,22.0,28.0,36.0,119.0
2016-11-30,CAM,NOX,1,666.0,64.71921921921921,52.92202369970535,11.0,33.0,46.0,77.0,465.0
2016-11-30,CAM,O3,1,666.0,16.58108108108108,19.722210738745602,1.0,2.0,8.0,23.0,100.0
2016-11-30,CAM,PM10,2,665.0,52.569924812030074,27.443616856548562,8.0,32.0,47.0,68.0,184.0
2016-11-30,CAM,PM2.5,2,665.0,26.326315789473686,16.039117725115887,2.0,14.0,23.0,36.0,81.0
2016-11-30,CAM,PMCO,2,665.0,26.218045112781954,15.290922944214774,3.0,16.0,23.0,34.0,124.0
2016-11-30,CAM,SO2,1,663.0,7.028657616892911,12.538427670046074,0.0,2.0,3.0,7.0,157.0
2016-11-30,CCA,CO,15,415.0,0.6554216867469885,0.3381010525727048,0.2,0.4,0.5,0.8,2.5
2016-11-30,CCA,NO,1,379.0,14.722955145118734,25.655115432555956,0.0,1.0,4.0,17.5,186.0
2016-11-30,CCA,NO2,1,379.0,26.192612137203167,12.64481608591121,7.0,17.0,22.0,32.0,82.0
2016-11-30,CCA,NOX,1,379.0,40.949868073878626,30.93482000282026,8.0,21.5,31.0,51.0,215.0
2016-11-30,CCA,O3,1,491.0,21.114052953156822,23.024105071780184,0.0,3.0,13.0,29.0,97.0
2016-11-30,CCA,PM2.5,2,681.0,17.56534508076358,11.643942008862133,1.0,9.0,15.0,23.0,75.0
2016-11-30,CCA,SO2,1,415.0,4.339759036144578,5.282158003932771,0.0,1.0,2.0,5.0,41.0
2016-11-30,CHO,CO,15,614.0,0.7701954397394126,0.46569875326041515,0.2,0.5,0.6,0.9,4.7
2016-11-30,CHO,NO,1,0.0,,,,,,,
2016-11-30,CHO,NO2,1,0.0,,,,,,,
2016-11-30,CHO,NOX,1,0.0,,,,,,,
2016-11-30,CHO,O3,1,614.0,22.185667752442995,22.980977802178995,0.0,3.0,14.0,36.0,114.0
2016-11-30,CHO,PM10,2,609.0,49.37274220032841,33.15812364542178,1.0,26.0,42.0,66.0,216.0
2016-11-30,CHO,SO2,1,616.0,2.2045454545454546,2.4680815342527036,0.0,1.0,1.0,2.0,23.0
2016-11-30,COY,NO,1,667.0,24.63718140929535,30.828017508673664,0.0,4.0,12.0,33.0,169.0
2016-11-30,COY,NO2,1,667.0,30.830584707646178,13.190670107535547,10.0,22.0,28.0,36.0,91.0
2016-11-30,COY,NOX,1,667.0,55.467766116941526,35.46927056780112,10.0,29.0,44.0,74.0,202.0
2016-11-30,COY,O3,1,648.0,19.671296296296298,22.647455548695852,0.0,2.0,11.0,26.0,99.0
2016-11-30,COY,PM2.5,2,682.0,25.168621700879765,16.18485398568767,2.0,13.0,21.0,33.0,87.0
2016-11-30,CUA,CO,15,657.0,0.676712328767123,0.31490827795018383,0.2,0.5,0.6,0.8,2.6
2016-11-30,CUA,NO,1,670.0,14.232835820895522,21.684367069497178,0.0,3.0,6.0,15.0,172.0
2016-11-30,CUA,NO2,1,670.0,23.561194029850746,12.323309729846208,4.0,15.0,22.0,29.0,88.0
2016-11-30,CUA,NOX,1,670.0,37.82089552238806,29.197807611214138,4.0,19.0,29.0,47.0,212.0
2016-11-30,CUA,O3,1,670.0,22.117910447761194,17.348261009442968,1.0,9.0,18.0,30.0,80.0
2016-11-30,CUA,PM10,2,651.0,30.663594470046082,18.322299452136296,1.0,17.0,28.0,42.0,108.0
2016-11-30,CUA,SO2,1,628.0,4.598726114649682,7.421559930611291,0.0,1.0,2.0,5.0,86.0
2016-11-30,CUT,NO,1,600.0,24.14,37.949316872443696,0.0,3.0,6.0,28.0,264.0
2016-11-30,CUT,NO2,1,600.0,16.80666666666667,8.993558567946323,4.0,11.0,16.0,21.0,68.0
2016-11-30,CUT,NOX,1,600.0,40.986666666666665,41.60309906696272,5.0,14.75,25.0,50.0,283.0
2016-11-30,CUT,O3,1,661.0,17.88502269288956,18.15619360575017,0.0,2.0,12.0,30.0,85.0
2016-11-30,CUT,PM10,2,668.0,43.537425149700596,29.45354547225924,1.0,24.0,38.0,55.0,197.0
2016-11-30,CUT,SO2,1,595.0,6.796638655462185,13.163207145387224,0.0,1.0,2.0,5.0,106.0
2016-11-30,FAC,CO,15,660.0,0.6853030303030302,0.5363387365788448,0.1,0.4,0.5,0.8,4.2
2016-11-30,FAC,NO,1,651.0,22.671274961597543,36.610667903931656,0.0,4.0,10.0,23.5,286.0
2016-11-30,FAC,NO2,1,651.0,22.872503840245777,11.420926664460513,5.0,15.0,20.0,28.0,85.0
2016-11-30,FAC,NOX,1,651.0,45.59139784946237,41.68388937685003,5.0,21.0,32.0,53.0,303.0
2016-11-30,FAC,O3,1,638.0,18.362068965517242,17.657893315472407,0.0,4.0,13.0,27.0,98.0
2016-11-30,FAC,PM10,2,650.0,33.25076923076923,24.70310999601405,1.0,14.0,27.0,47.0,145.0
2016-11-30,FAC,SO2,1,661.0,6.046898638426626,8.866308902175783,0.0,1.0,3.0,6.0,73.0
2016-11-30,GAM,O3,1,671.0,20.505216095380028,22.93344464312989,1.0,2.0,13.0,30.0,104.0
2016-11-30,GAM,PM2.5,2,0.0,,,,,,,
2016-11-30,HGM,CO,15,151.0,0.7907284768211917,0.5016440960651265,0.2,0.4,0.7,1.0,3.3
2016-11-30,HGM,NO,1,666.0,27.17867867867868,32.80756691638821,0.0,6.0,16.0,36.0,255.0
2016-11-30,HGM,NO2,1,666.0,31.684684684684683,14.542020201972006,9.0,23.0,28.0,37.0,117.0
2016-11-30,HGM,NOX,1,666.0,58.867867867867865,39.56006896099976,12.0,31.0,48.0,75.0,300.0
2016-11-30,HGM,O3,1,558.0,18.11111111111111,20.586774401816697,1.0,2.0,10.0,24.0,92.0
2016-11-30,HGM,PM10,2,684.0,43.36695906432749,23.88126109404512,5.0,26.0,39.0,56.0,146.0
2016-11-30,HGM,PM2.5,2,684.0,27.739766081871345,18.506999916757113,1.0,14.0,24.0,35.0,123.0
2016-11-30,HGM,PMCO,2,684.0,15.637426900584796,8.793722127742546,1.0,9.0,14.0,21.0,55.0
2016-11-30,HGM,SO2,1,667.0,6.63568215892054,10.919337804327272,1.0,2.0,3.0,7.0,119.0
2016-11-30,INN,CO,15,450.0,0.26933333333333337,0.1622283578450044,0.0,0.1,0.2,0.375,0.8
2016-11-30,INN,O3,1,449.0,29.93986636971047,17.0703230621564,1.0,18.0,26.0,39.0,85.0
2016-11-30,INN,PM10,2,345.0,19.997101449275362,12.884662450281777,1.0,11.0,16.0,26.0,72.0
2016-11-30,INN,PM2.5,2,345.0,14.208695652173914,8.959692347202651,1.0,8.0,12.0,19.0,58.0
2016-11-30,INN,PMCO,2,345.0,5.797101449275362,4.790311534465816,1.0,2.0,5.0,9.0,23.0
2016-11-30,INN,SO2,1,448.0,2.9017857142857144,5.450135677852356,1.0,1.0,1.0,2.25,71.0
2016-11-30,IZT,CO,15,670.0,1.0655223880597022,0.6197467624544423,0.4,0.7,0.9,1.3,4.8
2016-11-30,IZT,NO,1,669.0,29.47234678624813,39.71633584505754,0.0,5.0,13.0,38.0,296.0
2016-11-30,IZT,NO2,1,669.0,32.261584454409565,13.404643417503372,9.0,24.0,30.0,37.0,109.0
2016-11-30,IZT,NOX,1,669.0,61.71748878923767,44.814948943117194,11.0,31.0,49.0,78.0,332.0
2016-11-30,IZT,O3,1,670.0,18.53283582089552,22.56367100110814,0.0,2.0,9.0,25.75,102.0
2016-11-30,IZT,PM10,2,681.0,31.908957415565347,17.591456622954833,1.0,20.0,28.0,40.0,126.0
2016-11-30,IZT,SO2,1,322.0,7.65527950310559,13.208457597400239,0.0,2.0,3.0,6.0,101.0
2016-11-30,LLA,CO,15,0.0,,,,,,,
2016-11-30,LLA,NO,1,0.0,,,,,,,
2016-11-30,LLA,NO2,1,0.0,,,,,,,
2016-11-30,LLA,NOX,1,0.0,,,,,,,
2016-11-30,LLA,O3,1,672.0,18.038690476190474,18.24477525797557,1.0,3.0,11.0,28.0,92.0
2016-11-30,LLA,SO2,1,666.0,6.942942942942943,12.220150487723277,1.0,2.0,3.0,6.0,156.0
2016-11-30,LPR,CO,15,671.0,0.8110283159463483,0.5558620983043713,0.0,0.4,0.7,1.0,4.0
2016-11-30,LPR,NO,1,0.0,,,,,,,
2016-11-30,LPR,NO2,1,0.0,,,,,,,
2016-11-30,LPR,NOX,1,0.0,,,,,,,
2016-11-30,LPR,O3,1,673.0,20.216939078751857,19.154227079722645,1.0,3.0,16.0,30.0,94.0
2016-11-30,LPR,SO2,1,673.0,4.118870728083209,6.032709740911252,1.0,1.0,2.0,4.0,54.0
2016-11-30,MER,CO,15,639.0,0.8948356807511727,0.661210248962492,0.2,0.5,0.7,1.1,5.6
2016-11-30,MER,NO,1,639.0,38.47417840375587,46.54059683240761,1.0,12.0,23.0,48.0,398.0
2016-11-30,MER,NO2,1,639.0,35.82003129890454,14.399380842628497,13.0,27.0,32.0,41.0,129.0
2016-11-30,MER,NOX,1,639.0,74.27699530516432,52.71738055804017,14.0,42.0,58.0,89.0,446.0
2016-11-30,MER,O3,1,638.0,15.807210031347962,19.3620097216511,1.0,2.0,8.0,22.0,88.0
2016-11-30,MER,PM10,2,631.0,51.98415213946117,27.29462536550894,3.0,32.0,48.0,67.0,154.0
2016-11-30,MER,PM2.5,2,631.0,28.649762282091917,18.346384854924086,1.0,15.0,26.0,38.5,113.0
2016-11-30,MER,PMCO,2,631.0,23.351822503961966,12.026814974016958,1.0,15.0,21.0,31.0,70.0
2016-11-30,MER,SO2,1,636.0,8.033018867924529,11.676499489183534,1.0,3.0,4.0,8.0,121.0
2016-11-30,MGH,CO,15,673.0,0.9095096582466589,0.46732384347833633,0.3,0.6,0.8,1.1,3.2
2016-11-30,MGH,NO,1,361.0,29.97229916897507,37.92447622840871,2.0,9.0,16.0,35.0,323.0
2016-11-30,MGH,NO2,1,361.0,28.626038781163434,10.75491040763565,12.0,22.0,26.0,32.0,93.0
2016-11-30,MGH,NOX,1,361.0,58.59279778393352,41.09822722840158,17.0,32.0,47.0,71.0,354.0
2016-11-30,MGH,O3,1,667.0,18.154422788605697,18.764827748732472,1.0,3.5,12.0,25.0,94.0
2016-11-30,MGH,PM10,2,679.0,34.531664212076585,19.644144992262977,4.0,20.0,31.0,44.5,116.0
2016-11-30,MGH,PM2.5,2,679.0,23.432989690721648,15.531331974656037,1.0,12.0,20.0,30.0,84.0
2016-11-30,MGH,PMCO,2,679.0,11.11340206185567,6.3126819073339595,1.0,7.0,10.0,14.0,51.0
2016-11-30,MGH,SO2,1,673.0,4.956909361069837,6.706179449931875,0.0,1.0,2.0,5.0,68.0
2016-11-30,MON,CO,15,665.0,0.3318796992481198,0.32557675972002165,0.0,0.1,0.2,0.4,2.4
2016-11-30,MON,NO,1,663.0,16.79185520361991,35.33724608331014,0.0,1.0,3.0,14.5,337.0
2016-11-30,MON,NO2,1,663.0,14.331825037707391,7.7998952750449355,1.0,9.0,13.0,18.5,51.0
2016-11-30,MON,NOX,1,663.0,31.1131221719457,38.67160749619851,2.0,11.0,18.0,34.0,369.0
2016-11-30,MON,O3,1,665.0,22.321804511278195,20.631196908940154,0.0,4.0,17.0,35.0,82.0
2016-11-30,MON,SO2,1,665.0,1.9834586466165414,4.1389310296187665,0.0,0.0,1.0,2.0,44.0
2016-11-30,MPA,CO,15,674.0,0.2988130563798212,0.17781508018615955,0.1,0.2,0.3,0.4,1.2
2016-11-30,MPA,O3,1,674.0,33.20919881305638,23.386204610268475,1.0,16.0,28.0,45.0,115.0
2016-11-30,MPA,PM10,2,607.0,31.484349258649093,20.366752874154813,2.0,15.5,27.0,42.0,119.0
2016-11-30,MPA,PM2.5,2,607.0,22.079077429983524,15.659443121753524,1.0,10.0,18.0,30.0,104.0
2016-11-30,MPA,PMCO,2,607.0,9.42668863261944,6.891723601412784,1.0,4.0,8.0,13.0,42.0
2016-11-30,MPA,SO2,1,673.0,2.638930163447251,2.696795946592202,1.0,1.0,2.0,3.0,23.0
2016-11-30,NEZ,CO,15,662.0,0.6203927492447121,0.6069126477548774,0.0,0.3,0.4,0.7,5.5
2016-11-30,NEZ,NO,1,663.0,19.745098039215687,35.35708908540258,0.0,3.0,8.0,20.5,376.0
2016-11-30,NEZ,NO2,1,663.0,25.441930618401205,10.702056323909611,7.0,18.0,23.0,30.5,72.0
2016-11-30,NEZ,NOX,1,663.0,45.205128205128204,40.74495321303586,8.0,23.0,33.0,52.0,423.0
2016-11-30,NEZ,O3,1,661.0,20.576399394856278,20.230017893855088,1.0,5.0,13.0,31.0,86.0
2016-11-30,NEZ,PM2.5,2,683.0,19.26207906295754,13.182571352358222,1.0,10.0,17.0,25.0,84.0
2016-11-30,NEZ,SO2,1,663.0,3.77526395173454,6.585197435924233,0.0,1.0,1.0,4.0,62.0
2016-11-30,PED,CO,15,671.0,0.5695976154992552,0.32128424982923665,0.1,0.3,0.5,0.8,2.0
2016-11-30,PED,NO,1,671.0,13.098360655737705,17.01779175200206,0.0,3.0,6.0,17.0,112.0
2016-11-30,PED,NO2,1,671.0,25.587183308494783,11.492544616224013,8.0,17.0,24.0,31.0,74.0
2016-11-30,PED,NOX,1,671.0,38.661698956780924,23.725237072032872,8.0,21.0,32.0,51.0,142.0
2016-11-30,PED,O3,1,605.0,20.894214876033057,21.120249759901984,1.0,5.0,14.0,29.0,101.0
2016-11-30,PED,PM10,2,0.0,,,,,,,
2016-11-30,PED,PM2.5,2,0.0,,,,,,,
2016-11-30,PED,PMCO,2,0.0,,,,,,,
2016-11-30,PED,SO2,1,671.0,4.339791356184799,6.066119216143254,0.0,1.0,2.0,4.5,51.0
2016-11-30,SAG,CO,15,668.0,0.7901197604790415,0.49312331148362665,0.1,0.5,0.7,0.9,5.0
2016-11-30,SAG,NO,1,380.0,19.13684210526316,26.45965137622294,0.0,5.0,9.0,22.0,238.0
2016-11-30,SAG,NO2,1,380.0,21.460526315789473,9.163194689922669,7.0,15.0,20.0,26.0,63.0
2016-11-30,SAG,NOX,1,380.0,40.555263157894736,30.828825196417263,7.0,20.0,32.0,52.0,265.0
2016-11-30,SAG,O3,1,670.0,18.79402985074627,18.63485876830042,1.0,3.0,12.0,28.0,89.0
2016-11-30,SAG,PM10,2,631.0,44.80507131537242,23.0365831823456,6.0,28.0,42.0,58.0,152.0
2016-11-30,SAG,PM2.5,2,631.0,23.448494453248813,14.17039592762334,1.0,12.0,21.0,32.0,78.0
2016-11-30,SAG,PMCO,2,631.0,21.375594294770206,13.257162433833528,2.0,12.0,19.0,27.0,102.0
2016-11-30,SAG,SO2,1,670.0,6.7343283582089555,10.52896286275452,0.0,2.0,4.0,6.0,122.0
2016-11-30,SFE,CO,15,448.0,0.4897321428571438,0.24935158801481402,0.1,0.3,0.4,0.6,1.4
2016-11-30,SFE,NO,1,448.0,12.948660714285714,16.56995334655471,0.0,2.0,6.0,17.0,107.0
2016-11-30,SFE,NO2,1,448.0,24.90625,12.188128461396314,7.0,17.0,23.0,30.0,88.0
2016-11-30,SFE,NOX,1,448.0,37.832589285714285,24.224363473047884,6.0,20.0,30.0,48.0,136.0
2016-11-30,SFE,O3,1,471.0,22.477707006369428,19.67174861201713,0.0,7.0,17.0,32.0,95.0
2016-11-30,SFE,PM10,2,0.0,,,,,,,
2016-11-30,SFE,PM2.5,2,0.0,,,,,,,
2016-11-30,SFE,PMCO,2,0.0,,,,,,,
2016-11-30,SFE,SO2,1,448.0,3.6517857142857144,7.12334263017788,0.0,1.0,1.0,3.0,87.0
2016-11-30,SJA,CO,15,650.0,0.9793846153846153,0.5638626331832882,0.2,0.7,0.8,1.2,4.7
2016-11-30,SJA,NO,1,658.0,29.3419452887538,47.244144899239295,0.0,3.0,11.0,36.0,373.0
2016-11-30,SJA,NO2,1,658.0,29.582066869300913,13.784494210998673,6.0,21.0,28.0,35.0,113.0
2016-11-30,SJA,NOX,1,658.0,58.95896656534954,53.08667121534776,9.0,25.0,43.0,72.0,421.0
2016-11-30,SJA,O3,1,658.0,18.86322188449848,22.115088823760303,0.0,1.0,9.0,28.0,104.0
2016-11-30,SJA,PM2.5,2,0.0,,,,,,,
2016-11-30,SJA,SO2,1,656.0,4.2439024390243905,7.072900180368682,0.0,1.0,2.0,4.0,95.0
2016-11-30,TAH,CO,15,672.0,0.47886904761904703,0.27094783258479904,0.1,0.3,0.4,0.6,1.6
2016-11-30,TAH,NO,1,667.0,9.005997001499251,12.008503994510576,0.0,2.0,4.0,11.0,80.0
2016-11-30,TAH,NO2,1,667.0,22.30134932533733,9.565047480892213,3.0,16.0,21.0,27.0,65.0
2016-11-30,TAH,NOX,1,667.0,31.280359820089956,16.78599501665492,3.0,19.0,28.0,41.0,99.0
2016-11-30,TAH,O3,1,668.0,24.59880239520958,24.678274047386203,0.0,5.0,16.0,37.0,121.0
2016-11-30,TAH,PM10,2,473.0,35.73784355179704,24.67652990982982,1.0,17.0,31.0,51.0,135.0
2016-11-30,TAH,SO2,1,672.0,2.732142857142857,3.569991194678641,0.0,1.0,1.0,3.0,32.0
2016-11-30,TLA,CO,15,631.0,0.7984152139461166,0.46331862808789376,0.0,0.5,0.7,0.9,3.8
2016-11-30,TLA,NO,1,625.0,33.7552,39.68359526723015,1.0,12.0,20.0,39.0,272.0
2016-11-30,TLA,NO2,1,625.0,31.7472,13.2645697350653,12.0,23.0,29.0,37.0,108.0
2016-11-30,TLA,NOX,1,625.0,65.4672,45.93448472748428,15.0,38.0,50.0,76.0,325.0
2016-11-30,TLA,O3,1,663.0,16.116138763197586,17.064656559606824,0.0,3.0,10.0,24.0,110.0
2016-11-30,TLA,PM10,2,619.0,54.121163166397416,27.909931209759854,10.0,33.0,49.0,70.0,171.0
2016-11-30,TLA,PM2.5,2,619.0,26.901453957996768,16.601701315097937,1.0,14.0,24.0,37.0,88.0
2016-11-30,TLA,PMCO,2,619.0,27.234248788368337,14.551495098047123,1.0,17.0,24.0,34.0,97.0
2016-11-30,TLA,SO2,1,667.0,8.694152923538232,13.104317377434468,0.0,2.0,4.0,9.0,142.0
2016-11-30,TLI,CO,15,649.0,0.4568567026194143,0.4603272917667199,0.0,0.2,0.3,0.6,3.0
2016-11-30,TLI,NO,1,652.0,22.29601226993865,36.9566913395237,0.0,3.0,8.0,24.0,250.0
2016-11-30,TLI,NO2,1,652.0,22.950920245398773,10.297452405015912,4.0,16.0,22.0,28.0,67.0
2016-11-30,TLI,NOX,1,652.0,45.22852760736196,42.85507584801746,5.0,19.75,32.0,53.25,290.0
2016-11-30,TLI,O3,1,652.0,17.134969325153374,18.45133603242721,0.0,2.0,10.0,27.0,87.0
2016-11-30,TLI,PM10,2,669.0,44.19431988041853,26.929624918050095,1.0,25.0,38.0,58.0,181.0
2016-11-30,TLI,SO2,1,652.0,7.791411042944786,12.741771351598112,1.0,2.0,3.0,7.0,136.0
2016-11-30,UAX,CO,15,363.0,0.4842975206611571,0.3798825635188579,0.0,0.2,0.4,0.7,1.8
2016-11-30,UAX,NO,1,466.0,17.506437768240342,23.451092126100885,0.0,2.0,8.0,26.0,138.0
2016-11-30,UAX,NO2,1,466.0,26.48068669527897,12.673257440417272,7.0,19.0,23.0,30.0,93.0
2016-11-30,UAX,NOX,1,466.0,44.027896995708154,29.099851728516168,7.0,22.0,33.0,59.0,157.0
2016-11-30,UAX,O3,1,466.0,19.532188841201716,23.34472919108558,0.0,2.0,11.0,26.0,100.0
2016-11-30,UAX,PM2.5,2,562.0,22.169039145907472,13.707729794393801,1.0,12.0,20.0,30.0,81.0
2016-11-30,UAX,SO2,1,466.0,4.298283261802575,7.446950537991304,1.0,1.0,2.0,4.0,85.0
2016-11-30,UIZ,CO,15,618.0,0.750809061488673,0.5310528905481752,0.1,0.4,0.6,0.9,3.6
2016-11-30,UIZ,NO,1,637.0,26.786499215070645,33.69487027502881,0.0,5.0,14.0,34.0,229.0
2016-11-30,UIZ,NO2,1,637.0,31.88226059654631,14.442369181892246,8.0,23.0,29.0,36.0,110.0
2016-11-30,UIZ,NOX,1,637.0,58.64835164835165,40.77918815700078,10.0,30.0,46.0,73.0,266.0
2016-11-30,UIZ,O3,1,635.0,21.028346456692912,24.00596303956719,1.0,3.0,10.0,30.5,111.0
2016-11-30,UIZ,PM10,2,0.0,,,,,,,
2016-11-30,UIZ,PM2.5,2,0.0,,,,,,,
2016-11-30,UIZ,PMCO,2,0.0,,,,,,,
2016-11-30,UIZ,SO2,1,548.0,4.127737226277373,4.745258076475842,1.0,2.0,2.0,5.0,35.0
2016-11-30,VIF,CO,15,645.0,0.40387596899224765,0.3790727287220022,0.1,0.2,0.3,0.5,2.5
2016-11-30,VIF,NO,1,646.0,17.484520123839008,31.554686016728557,0.0,2.0,5.0,16.75,202.0
2016-11-30,VIF,NO2,1,646.0,18.569659442724458,10.0113397197686,4.0,11.0,18.0,23.0,76.0
2016-11-30,VIF,NOX,1,646.0,36.06191950464396,37.14191354017815,5.0,14.0,23.0,42.0,248.0
2016-11-30,VIF,O3,1,651.0,18.342549923195083,17.798989226579398,0.0,3.0,13.0,28.0,87.0
2016-11-30,VIF,PM10,2,656.0,43.861280487804876,29.35407371300766,1.0,23.0,37.5,58.0,175.0
2016-11-30,VIF,SO2,1,635.0,7.492913385826772,15.688847437839984,0.0,1.0,1.0,5.0,162.0
2016-11-30,XAL,CO,15,670.0,1.0220895522388067,0.6728706930361013,0.2,0.6,0.8,1.275,5.1
2016-11-30,XAL,NO,1,671.0,41.296572280178836,52.601486587531674,2.0,12.0,21.0,48.0,405.0
2016-11-30,XAL,NO2,1,671.0,27.853949329359164,12.50048876861002,6.0,19.0,26.0,34.0,76.0
2016-11-30,XAL,NOX,1,671.0,69.11475409836065,58.03357448121135,8.0,33.0,53.0,84.0,451.0
2016-11-30,XAL,O3,1,672.0,20.151785714285715,18.79446115957841,0.0,4.0,15.0,30.0,92.0
2016-11-30,XAL,PM10,2,661.0,65.43419062027232,41.163134199293715,4.0,36.0,56.0,85.0,287.0
2016-11-30,XAL,PM2.5,2,661.0,30.97730711043873,21.377439949581536,1.0,15.0,26.0,43.0,133.0
2016-11-30,XAL,PMCO,2,661.0,34.443267776096825,24.02041816245919,1.0,18.0,29.0,45.0,181.0
2016-11-30,XAL,SO2,1,672.0,5.584821428571429,6.657152756957402,0.0,2.0,3.0,6.0,59.0
2016-12-31,ACO,CO,15,555.0,0.31297297297297216,0.24081163375246561,0.0,0.1,0.2,0.4,1.6
2016-12-31,ACO,NO,1,692.0,14.86271676300578,19.8900726495304,0.0,3.0,6.0,19.0,162.0
2016-12-31,ACO,NO2,1,692.0,16.84826589595376,8.841019703932256,3.0,10.0,16.0,21.0,54.0
2016-12-31,ACO,NOX,1,692.0,31.729768786127167,25.19689373853294,4.0,14.0,24.0,42.0,184.0
2016-12-31,ACO,O3,1,695.0,21.57841726618705,20.63060163243255,0.0,3.0,17.0,33.5,90.0
2016-12-31,ACO,PM10,2,597.0,48.87772194304858,26.935794705419273,3.0,32.0,45.0,61.0,218.0
2016-12-31,ACO,SO2,1,698.0,1.5773638968481376,2.3140523715226293,0.0,1.0,1.0,2.0,21.0
2016-12-31,AJM,CO,15,690.0,0.5373913043478259,0.20350807370620072,0.1,0.4,0.5,0.6,1.3
2016-12-31,AJM,NO,1,692.0,5.2514450867052025,7.917469423785282,0.0,1.0,2.0,6.0,59.0
2016-12-31,AJM,NO2,1,692.0,19.254335260115607,9.488452651032325,3.0,12.0,18.0,25.0,49.0
2016-12-31,AJM,NOX,1,692.0,24.50578034682081,15.010125712992703,2.0,13.0,22.0,32.0,98.0
2016-12-31,AJM,O3,1,692.0,34.52023121387283,22.074886254072858,1.0,17.0,28.0,47.25,105.0
2016-12-31,AJM,PM10,2,608.0,34.03453947368421,16.015348624064778,4.0,22.0,32.0,44.0,99.0
2016-12-31,AJM,PM2.5,2,608.0,18.394736842105264,9.255415010395454,1.0,12.0,17.0,24.0,53.0
2016-12-31,AJM,PMCO,2,608.0,15.694078947368421,9.854551686205527,2.0,9.0,14.0,20.0,93.0
2016-12-31,AJM,SO2,1,692.0,3.848265895953757,4.524426056632192,0.0,1.0,2.0,4.0,34.0
2016-12-31,AJU,O3,1,655.0,28.17557251908397,24.250628453040974,0.0,8.0,19.0,45.0,116.0
2016-12-31,AJU,PM2.5,2,678.0,15.533923303834808,9.736462386263867,1.0,8.0,14.0,21.0,57.0
2016-12-31,ATI,CO,15,689.0,0.5761973875181424,0.42173788625456476,0.0,0.3,0.4,0.7,2.4
2016-12-31,ATI,NO,1,304.0,19.86513157894737,28.76038887601249,0.0,3.0,6.0,24.25,164.0
2016-12-31,ATI,NO2,1,304.0,23.75657894736842,13.056615338569074,4.0,15.0,21.5,29.0,91.0
2016-12-31,ATI,NOX,1,304.0,43.625,36.875727883401744,6.0,19.0,30.0,53.0,197.0
2016-12-31,ATI,O3,1,691.0,21.95658465991317,20.64604034534795,1.0,5.0,15.0,33.0,100.0
2016-12-31,ATI,PM10,2,648.0,52.94753086419753,35.08849963844199,1.0,28.0,45.0,71.25,335.0
2016-12-31,ATI,SO2,1,691.0,5.913169319826339,8.564909041979135,0.0,2.0,3.0,6.0,65.0
2016-12-31,BJU,CO,15,690.0,0.7559420289855073,0.4237859594773735,0.1,0.5,0.7,1.0,2.8
2016-12-31,BJU,O3,1,655.0,22.65648854961832,25.860295979361084,0.0,3.0,11.0,35.5,110.0
2016-12-31,BJU,PM10,2,632.0,43.610759493670884,21.98566911267251,3.0,28.0,40.5,55.0,139.0
2016-12-31,BJU,PM2.5,2,632.0,24.15348101265823,15.093691146552962,1.0,14.0,22.0,30.25,96.0
2016-12-31,BJU,PMCO,2,632.0,19.444620253164558,12.354000725613696,2.0,12.0,17.0,24.0,126.0
2016-12-31,BJU,SO2,1,604.0,5.508278145695364,6.996203496561025,1.0,2.0,3.0,6.0,59.0
2016-12-31,CAM,CO,15,685.0,0.8842335766423364,0.5573665662935294,0.2,0.5,0.7,1.2,3.0
2016-12-31,CAM,NO,1,690.0,32.78695652173913,44.65721210561629,0.0,5.0,13.0,42.0,295.0
2016-12-31,CAM,NO2,1,690.0,33.43768115942029,15.344132745434456,3.0,23.0,30.0,40.0,94.0
2016-12-31,CAM,NOX,1,690.0,66.26231884057971,52.3163526551466,4.0,31.0,49.0,82.0,344.0
2016-12-31,CAM,O3,1,688.0,19.63372093023256,23.556420476565027,1.0,2.0,9.0,28.0,99.0
2016-12-31,CAM,PM10,2,689.0,54.15529753265602,26.54319601326949,8.0,35.0,49.0,68.0,194.0
2016-12-31,CAM,PM2.5,2,689.0,23.92452830188679,14.657627363587661,1.0,15.0,21.0,29.0,136.0
2016-12-31,CAM,PMCO,2,689.0,30.193033381712628,16.149795095549802,5.0,19.0,27.0,38.0,121.0
2016-12-31,CAM,SO2,1,690.0,5.695652173913044,7.820564509979346,0.0,2.0,3.0,6.0,73.0
2016-12-31,CCA,CO,15,688.0,0.6818313953488369,0.31554322846078253,0.2,0.475,0.6,0.8,2.7
2016-12-31,CCA,NO,1,691.0,15.804630969609262,23.978209467090643,0.0,1.0,5.0,21.0,195.0
2016-12-31,CCA,NO2,1,691.0,26.450072358900144,11.522192040364816,3.0,18.0,24.0,33.0,76.0
2016-12-31,CCA,NOX,1,691.0,42.237337192474676,28.991329955856212,4.0,21.0,34.0,55.5,239.0
2016-12-31,CCA,O3,1,691.0,23.50795947901592,25.950753423003782,0.0,3.0,12.0,39.0,114.0
2016-12-31,CCA,PM2.5,2,704.0,16.865056818181817,10.238005534405323,1.0,10.0,16.0,22.0,72.0
2016-12-31,CCA,SO2,1,686.0,3.2230320699708455,4.529042710487776,0.0,1.0,2.0,3.0,43.0
2016-12-31,CHO,CO,15,687.0,0.7605531295487619,0.4789763590135063,0.2,0.5,0.6,0.9,3.3
2016-12-31,CHO,NO,1,0.0,,,,,,,
2016-12-31,CHO,NO2,1,0.0,,,,,,,
2016-12-31,CHO,NOX,1,0.0,,,,,,,
2016-12-31,CHO,O3,1,688.0,23.45639534883721,24.0228146007047,1.0,3.0,15.0,37.0,99.0
2016-12-31,CHO,PM10,2,686.0,56.62244897959184,31.452042378201256,1.0,35.0,52.0,72.75,221.0
2016-12-31,CHO,SO2,1,686.0,2.8396501457725947,2.931918859482851,0.0,1.0,2.0,3.0,28.0
2016-12-31,COY,NO,1,688.0,19.286337209302324,26.73838404474475,0.0,2.0,8.0,25.25,198.0
2016-12-31,COY,NO2,1,688.0,29.510174418604652,13.135279160732678,4.0,21.0,28.0,35.0,89.0
2016-12-31,COY,NOX,1,688.0,48.80087209302326,33.04061546007738,6.0,25.0,40.0,63.0,224.0
2016-12-31,COY,O3,1,688.0,23.98110465116279,25.70611972857727,0.0,4.0,13.0,38.25,106.0
2016-12-31,COY,PM2.5,2,702.0,23.433048433048434,14.15032163561572,2.0,14.0,21.0,29.0,105.0
2016-12-31,CUA,CO,15,689.0,0.679100145137881,0.31313085646471783,0.2,0.5,0.6,0.8,3.5
2016-12-31,CUA,NO,1,691.0,13.231548480463097,22.779184250867377,0.0,3.0,5.0,13.0,228.0
2016-12-31,CUA,NO2,1,691.0,23.101302460202604,13.272337410197364,1.0,13.0,21.0,31.0,111.0
2016-12-31,CUA,NOX,1,691.0,36.29667149059334,31.315602036907258,2.0,17.0,27.0,44.0,287.0
2016-12-31,CUA,O3,1,677.0,25.186115214180205,18.780283216628156,1.0,11.0,21.0,35.0,100.0
2016-12-31,CUA,PM10,2,645.0,33.85736434108527,18.631223272242615,1.0,20.0,32.0,44.0,121.0
2016-12-31,CUA,SO2,1,678.0,4.0,4.9966015038111395,0.0,1.0,2.0,4.0,41.0
2016-12-31,CUT,NO,1,693.0,31.57720057720058,45.030450836700766,0.0,2.0,8.0,48.0,227.0
2016-12-31,CUT,NO2,1,693.0,20.352092352092352,11.390727992518787,4.0,12.0,19.0,26.0,65.0
2016-12-31,CUT,NOX,1,693.0,51.96103896103896,49.57498477742588,5.0,15.0,34.0,73.0,258.0
2016-12-31,CUT,O3,1,693.0,20.873015873015873,24.46765073836005,0.0,1.0,10.0,35.0,105.0
2016-12-31,CUT,PM10,2,699.0,60.39771101573677,37.529423725696134,1.0,33.0,51.0,80.0,219.0
2016-12-31,CUT,SO2,1,691.0,5.318379160636758,7.566320931703596,0.0,1.0,2.0,5.0,58.0
2016-12-31,FAC,CO,15,688.0,0.8081395348837191,0.6051867259149472,0.1,0.4,0.6,1.0,3.9
2016-12-31,FAC,NO,1,693.0,29.4025974025974,43.34431104080595,1.0,5.0,12.0,32.0,295.0
2016-12-31,FAC,NO2,1,693.0,26.406926406926406,15.00545405436051,4.0,16.0,23.0,33.0,114.0
2016-12-31,FAC,NOX,1,693.0,55.7965367965368,50.785225988867424,5.0,23.0,37.0,68.0,326.0
2016-12-31,FAC,O3,1,686.0,22.613702623906704,21.934695084736042,0.0,4.0,16.0,35.0,97.0
2016-12-31,FAC,PM10,2,700.0,41.105714285714285,28.417895617630787,1.0,21.0,35.0,56.0,204.0
2016-12-31,FAC,SO2,1,693.0,5.584415584415584,9.205137395111388,0.0,2.0,3.0,5.0,111.0
2016-12-31,GAM,O3,1,661.0,22.918305597579426,25.966633266275707,1.0,2.0,12.0,38.0,106.0
2016-12-31,GAM,PM2.5,2,0.0,,,,,,,
2016-12-31,HGM,CO,15,666.0,0.8079579579579571,0.4526742971303325,0.1,0.5,0.7,1.0,3.0
2016-12-31,HGM,NO,1,646.0,24.86996904024768,30.504468535268654,0.0,4.0,12.0,36.0,176.0
2016-12-31,HGM,NO2,1,646.0,30.927244582043343,13.340826217998897,5.0,22.0,29.0,37.0,81.0
2016-12-31,HGM,NOX,1,646.0,55.797213622291025,37.46830050338098,7.0,30.0,44.5,71.0,226.0
2016-12-31,HGM,O3,1,678.0,22.15929203539823,24.768374450297653,0.0,2.0,11.0,33.0,107.0
2016-12-31,HGM,PM10,2,687.0,41.97962154294032,20.073034095914483,5.0,28.0,39.0,53.0,108.0
2016-12-31,HGM,PM2.5,2,687.0,25.225618631732168,15.800045628236212,1.0,15.0,22.0,32.0,94.0
2016-12-31,HGM,PMCO,2,687.0,16.76419213973799,10.126445412189836,1.0,9.5,15.0,22.0,79.0
2016-12-31,HGM,SO2,1,671.0,5.423248882265276,7.705957892497877,0.0,1.0,3.0,6.0,53.0
2016-12-31,INN,CO,15,661.0,0.27261724659606523,0.1562552891875149,0.0,0.2,0.2,0.4,0.8
2016-12-31,INN,O3,1,630.0,35.41587301587302,17.07735329784817,6.0,24.0,32.0,44.0,101.0
2016-12-31,INN,PM10,2,645.0,19.93953488372093,13.36623642544327,2.0,10.0,17.0,27.0,100.0
2016-12-31,INN,PM2.5,2,645.0,12.555038759689923,7.996825469140805,1.0,7.0,11.0,17.0,48.0
2016-12-31,INN,PMCO,2,645.0,7.437209302325582,6.461388782215821,1.0,3.0,5.0,10.0,69.0
2016-12-31,INN,SO2,1,655.0,2.1053435114503816,2.0859700614859813,0.0,1.0,1.0,2.0,22.0
2016-12-31,IZT,CO,15,685.0,0.998394160583942,0.5139973968245956,0.3,0.6,0.9,1.3,3.4
2016-12-31,IZT,NO,1,691.0,25.1534008683068,31.745129479397434,0.0,5.0,12.0,33.5,197.0
2016-12-31,IZT,NO2,1,691.0,31.1027496382055,12.821952686287771,5.0,23.0,29.0,37.5,100.0
2016-12-31,IZT,NOX,1,691.0,56.27641099855282,37.91015705546426,7.0,29.0,45.0,72.0,244.0
2016-12-31,IZT,O3,1,691.0,21.67149059334298,24.829518091265406,0.0,2.0,11.0,35.0,110.0
2016-12-31,IZT,PM10,2,707.0,34.57991513437058,17.80609417571656,2.0,23.0,32.0,42.0,144.0
2016-12-31,IZT,SO2,1,643.0,6.202177293934681,8.200345421623316,1.0,2.0,3.0,6.0,60.0
2016-12-31,LLA,CO,15,0.0,,,,,,,
2016-12-31,LLA,NO,1,0.0,,,,,,,
2016-12-31,LLA,NO2,1,0.0,,,,,,,
2016-12-31,LLA,NOX,1,0.0,,,,,,,
2016-12-31,LLA,O3,1,681.0,21.00734214390602,22.29148357851705,1.0,3.0,11.0,33.0,90.0
2016-12-31,LLA,SO2,1,691.0,5.965267727930535,11.51326685437725,1.0,2.0,3.0,5.0,145.0
2016-12-31,LPR,CO,15,688.0,0.9149709302325586,0.621937386471369,0.1,0.5,0.7,1.1,4.1
2016-12-31,LPR,NO,1,0.0,,,,,,,
2016-12-31,LPR,NO2,1,0.0,,,,,,,
2016-12-31,LPR,NOX,1,0.0,,,,,,,
2016-12-31,LPR,O3,1,687.0,21.994177583697233,21.809337366613168,1.0,3.0,16.0,35.0,104.0
2016-12-31,LPR,SO2,1,690.0,4.428985507246376,5.75743606884804,1.0,1.0,2.0,5.0,56.0
2016-12-31,MER,CO,15,555.0,0.9263063063063064,0.5195039426609817,0.1,0.5,0.8,1.2,3.5
2016-12-31,MER,NO,1,561.0,37.53297682709447,40.03693919210953,0.0,8.0,22.0,53.0,228.0
2016-12-31,MER,NO2,1,561.0,36.361853832442065,14.963261179589056,7.0,27.0,33.0,45.0,98.0
2016-12-31,MER,NOX,1,561.0,73.93582887700535,48.52241179230577,9.0,38.0,60.0,97.0,274.0
2016-12-31,MER,O3,1,558.0,20.003584229390682,23.548947947376774,1.0,2.0,9.0,31.0,99.0
2016-12-31,MER,PM10,2,424.0,57.257075471698116,29.75443145069489,8.0,38.0,50.0,69.0,199.0
2016-12-31,MER,PM2.5,2,424.0,27.516509433962263,18.92775142682197,1.0,16.75,24.0,35.0,141.0
2016-12-31,MER,PMCO,2,424.0,29.735849056603772,16.84924219061398,4.0,19.0,27.0,38.0,176.0
2016-12-31,MER,SO2,1,559.0,7.522361359570662,8.308723929624776,1.0,3.0,4.0,8.0,53.0
2016-12-31,MGH,CO,15,687.0,0.9374090247452697,0.4962961768310264,0.3,0.6,0.8,1.1,3.9
2016-12-31,MGH,NO,1,666.0,38.5,59.554012888535226,1.0,7.0,14.0,43.0,497.0
2016-12-31,MGH,NO2,1,666.0,30.2027027027027,13.951238128424038,4.0,20.0,28.0,38.0,100.0
2016-12-31,MGH,NOX,1,666.0,68.71771771771772,65.6574263925844,8.0,29.0,45.5,79.75,540.0
2016-12-31,MGH,O3,1,683.0,21.755490483162518,22.649573446058533,1.0,3.0,13.0,32.0,99.0
2016-12-31,MGH,PM10,2,706.0,34.42634560906516,16.854768459340335,6.0,22.0,32.0,43.0,109.0
2016-12-31,MGH,PM2.5,2,706.0,21.039660056657222,12.834510741885154,1.0,13.0,19.0,26.0,98.0
2016-12-31,MGH,PMCO,2,706.0,13.389518413597735,7.038685648206662,3.0,9.0,12.0,16.0,59.0
2016-12-31,MGH,SO2,1,686.0,4.881924198250728,6.251357325320992,1.0,2.0,3.0,5.0,69.0
2016-12-31,MON,CO,15,684.0,0.49649122807017515,0.43656381357107504,0.0,0.2,0.4,0.6,3.3
2016-12-31,MON,NO,1,677.0,26.443131462333827,44.58697803504716,1.0,2.0,5.0,32.0,389.0
2016-12-31,MON,NO2,1,677.0,17.45347119645495,9.955803542435671,2.0,9.0,17.0,24.0,59.0
2016-12-31,MON,NOX,1,677.0,43.877400295420976,49.317424099994966,2.0,11.0,24.0,57.0,424.0
2016-12-31,MON,O3,1,681.0,23.080763582966227,23.23266456835067,0.0,2.0,17.0,37.0,110.0
2016-12-31,MON,SO2,1,668.0,1.7020958083832336,2.351979951860862,0.0,1.0,1.0,2.0,27.0
2016-12-31,MPA,CO,15,690.0,0.2776811594202898,0.14037214614123786,0.0,0.2,0.2,0.4,0.8
2016-12-31,MPA,O3,1,668.0,38.712574850299404,21.51673155217917,3.0,22.0,35.0,50.0,118.0
2016-12-31,MPA,PM10,2,696.0,28.01580459770115,18.96861573623159,1.0,15.0,23.0,38.0,142.0
2016-12-31,MPA,PM2.5,2,696.0,15.982758620689655,11.340878698110172,1.0,8.0,13.0,21.0,95.0
2016-12-31,MPA,PMCO,2,696.0,12.048850574712644,11.036782131944022,1.0,5.0,9.0,15.0,129.0
2016-12-31,MPA,SO2,1,690.0,2.791304347826087,2.83865803299428,1.0,1.0,2.0,3.0,24.0
2016-12-31,NEZ,CO,15,679.0,0.7845360824742257,0.6210510988267782,0.1,0.4,0.6,0.9,4.5
2016-12-31,NEZ,NO,1,679.0,22.01620029455081,36.046897137070786,0.0,2.0,8.0,25.0,320.0
2016-12-31,NEZ,NO2,1,679.0,27.163475699558173,12.281173338902148,5.0,19.0,26.0,34.0,88.0
2016-12-31,NEZ,NOX,1,679.0,49.134020618556704,42.42527361008328,7.0,23.0,37.0,57.0,358.0
2016-12-31,NEZ,O3,1,679.0,21.40942562592047,21.593392537811813,1.0,4.0,12.0,35.5,91.0
2016-12-31,NEZ,PM2.5,2,695.0,23.49928057553957,19.552329461676326,1.0,13.0,20.0,28.0,230.0
2016-12-31,NEZ,SO2,1,677.0,3.7001477104874447,7.041522031672415,0.0,1.0,1.0,3.0,65.0
2016-12-31,PED,CO,15,682.0,0.5124633431085043,0.29275154622528426,0.1,0.3,0.4,0.7,1.6
2016-12-31,PED,NO,1,682.0,10.693548387096774,15.871221455941214,1.0,2.0,4.0,12.0,111.0
2016-12-31,PED,NO2,1,682.0,24.44281524926686,11.251122952257498,3.0,16.0,22.5,31.0,73.0
2016-12-31,PED,NOX,1,682.0,35.104105571847505,22.489338590245897,4.0,19.0,29.0,46.0,152.0
2016-12-31,PED,O3,1,682.0,27.197947214076247,25.41180010585286,1.0,8.0,17.5,41.0,115.0
2016-12-31,PED,PM10,2,0.0,,,,,,,
2016-12-31,PED,PM2.5,2,0.0,,,,,,,
2016-12-31,PED,PMCO,2,0.0,,,,,,,
2016-12-31,PED,SO2,1,680.0,3.1691176470588234,3.7904522077201563,0.0,1.0,2.0,3.25,26.0
2016-12-31,SAG,CO,15,666.0,0.75135135135135,0.503885330945972,0.0,0.4,0.6,1.0,4.1
2016-12-31,SAG,NO,1,273.0,20.457875457875456,25.814365982103094,0.0,4.0,8.0,27.0,142.0
2016-12-31,SAG,NO2,1,273.0,22.117216117216117,10.250224008357279,7.0,15.0,20.0,28.0,64.0
2016-12-31,SAG,NOX,1,273.0,42.54578754578755,30.673786330542182,8.0,20.0,33.0,56.0,170.0
2016-12-31,SAG,O3,1,647.0,19.857805255023184,20.93772714708677,0.0,2.0,12.0,31.0,96.0
2016-12-31,SAG,PM10,2,681.0,59.85022026431718,46.28715872087434,3.0,34.0,51.0,75.0,703.0
2016-12-31,SAG,PM2.5,2,681.0,24.45668135095448,18.07512802411146,1.0,13.0,22.0,31.0,167.0
2016-12-31,SAG,PMCO,2,681.0,35.37885462555066,38.46958797900521,2.0,19.0,28.0,43.0,666.0
2016-12-31,SAG,SO2,1,660.0,4.872727272727273,8.656600724391255,0.0,1.0,3.0,5.0,92.0
2016-12-31,SFE,CO,15,691.0,0.6630969609261933,0.2643805242438369,0.2,0.5,0.6,0.8,1.6
2016-12-31,SFE,NO,1,691.0,11.164978292329957,17.092128558460683,0.0,2.0,4.0,12.0,127.0
2016-12-31,SFE,NO2,1,691.0,23.578871201157742,12.722594959051502,2.0,14.0,21.0,30.0,76.0
2016-12-31,SFE,NOX,1,691.0,34.74819102749638,25.232891613658637,4.0,17.0,26.0,46.5,156.0
2016-12-31,SFE,O3,1,691.0,27.703328509406656,23.845340514811,1.0,10.0,20.0,38.0,117.0
2016-12-31,SFE,PM10,2,0.0,,,,,,,
2016-12-31,SFE,PM2.5,2,0.0,,,,,,,
2016-12-31,SFE,PMCO,2,0.0,,,,,,,
2016-12-31,SFE,SO2,1,691.0,3.340086830680174,4.261910776953272,0.0,1.0,2.0,4.0,33.0
2016-12-31,SJA,CO,15,694.0,0.9703170028818446,0.559308646447046,0.2,0.6,0.8,1.2,4.6
2016-12-31,SJA,NO,1,539.0,38.23747680890538,49.4516699769598,0.0,4.0,15.0,57.0,267.0
2016-12-31,SJA,NO2,1,539.0,32.03525046382189,15.271296924033132,7.0,21.0,29.0,41.0,86.0
2016-12-31,SJA,NOX,1,539.0,70.23747680890538,56.399655983956656,8.0,25.0,54.0,100.0,299.0
2016-12-31,SJA,O3,1,694.0,21.840057636887607,24.64024694871471,0.0,2.0,10.0,34.0,103.0
2016-12-31,SJA,PM2.5,2,0.0,,,,,,,
2016-12-31,SJA,SO2,1,669.0,3.5276532137518686,5.618182950384441,0.0,1.0,2.0,4.0,51.0
2016-12-31,TAH,CO,15,689.0,0.4628447024673439,0.3063020823846991,0.0,0.2,0.4,0.6,2.4
2016-12-31,TAH,NO,1,689.0,8.293178519593614,13.182461587884465,0.0,1.0,3.0,9.0,121.0
2016-12-31,TAH,NO2,1,689.0,19.050798258345427,10.039979823487867,1.0,12.0,19.0,25.0,59.0
2016-12-31,TAH,NOX,1,689.0,27.322206095791003,18.865977369402632,1.0,14.0,24.0,37.0,153.0
2016-12-31,TAH,O3,1,689.0,27.593613933236576,25.038522991132687,0.0,7.0,18.0,46.0,108.0
2016-12-31,TAH,PM10,2,687.0,41.37117903930131,26.47690971991058,1.0,23.0,36.0,55.0,212.0
2016-12-31,TAH,SO2,1,566.0,2.3692579505300353,3.2825160564386366,0.0,1.0,1.0,3.0,26.0
2016-12-31,TLA,CO,15,666.0,0.9144144144144144,0.4900232027982282,0.2,0.6,0.8,1.1,2.9
2016-12-31,TLA,NO,1,592.0,33.679054054054056,39.76553576448664,1.0,8.0,19.0,43.0,223.0
2016-12-31,TLA,NO2,1,592.0,32.77871621621622,14.343502383185703,5.0,24.0,29.0,40.0,94.0
2016-12-31,TLA,NOX,1,592.0,66.4391891891892,47.12283352698775,7.0,33.75,53.0,82.0,259.0
2016-12-31,TLA,O3,1,666.0,20.26726726726727,21.53278411210884,0.0,4.0,12.0,30.0,92.0
2016-12-31,TLA,PM10,2,678.0,53.64159292035398,26.227611457706836,4.0,34.0,49.5,70.0,166.0
2016-12-31,TLA,PM2.5,2,678.0,23.36135693215339,13.106453558900407,1.0,14.0,22.0,30.0,99.0
2016-12-31,TLA,PMCO,2,678.0,30.292035398230087,17.740546694865934,2.0,19.0,26.0,39.0,154.0
2016-12-31,TLA,SO2,1,666.0,6.387387387387387,8.551485299827391,0.0,2.0,4.0,7.0,82.0
2016-12-31,TLI,CO,15,570.0,0.7263157894736838,0.6074598689369394,0.0,0.3,0.5,1.0,3.3
2016-12-31,TLI,NO,1,691.0,27.678726483357455,42.98507791772848,0.0,3.0,8.0,33.0,304.0
2016-12-31,TLI,NO2,1,691.0,27.041968162083936,14.944136697312773,5.0,17.0,24.0,34.0,94.0
2016-12-31,TLI,NOX,1,691.0,54.70332850940666,51.84380362600928,5.0,20.0,36.0,71.5,361.0
2016-12-31,TLI,O3,1,691.0,20.293777134587554,23.54192569794682,0.0,2.0,10.0,32.0,96.0
2016-12-31,TLI,PM10,2,695.0,59.18273381294964,40.197778208738804,2.0,31.5,48.0,77.0,288.0
2016-12-31,TLI,SO2,1,686.0,8.740524781341108,13.416832951167383,1.0,2.0,4.0,9.0,122.0
2016-12-31,UAX,CO,15,650.0,0.6440000000000007,0.30848703813362377,0.2,0.4,0.6,0.8,2.5
2016-12-31,UAX,NO,1,651.0,14.775729646697389,21.035035116476845,1.0,2.0,5.0,19.0,153.0
2016-12-31,UAX,NO2,1,651.0,25.30568356374808,12.247836164985605,2.0,18.0,25.0,31.0,95.0
2016-12-31,UAX,NOX,1,651.0,40.06144393241168,27.165576130964652,3.0,22.0,34.0,51.0,191.0
2016-12-31,UAX,O3,1,652.0,26.05674846625767,27.02678026457571,0.0,3.0,15.5,42.25,113.0
2016-12-31,UAX,PM2.5,2,673.0,20.943536404160476,13.763729854187233,1.0,12.0,20.0,27.0,110.0
2016-12-31,UAX,SO2,1,445.0,4.042696629213483,6.667824578054288,0.0,1.0,2.0,4.0,50.0
2016-12-31,UIZ,CO,15,632.0,0.7647151898734177,0.46511104741233994,0.1,0.5,0.6,0.9,3.2
2016-12-31,UIZ,NO,1,627.0,22.63157894736842,30.198647292580244,0.0,3.0,11.0,30.0,203.0
2016-12-31,UIZ,NO2,1,627.0,29.263157894736842,12.908598500665631,3.0,21.0,28.0,36.0,83.0
2016-12-31,UIZ,NOX,1,627.0,51.940988835725676,37.33932172153741,4.0,26.0,44.0,66.5,258.0
2016-12-31,UIZ,O3,1,632.0,24.564873417721518,25.220779178311133,1.0,4.0,15.0,38.25,110.0
2016-12-31,UIZ,PM10,2,0.0,,,,,,,
2016-12-31,UIZ,PM2.5,2,0.0,,,,,,,
2016-12-31,UIZ,PMCO,2,0.0,,,,,,,
2016-12-31,UIZ,SO2,1,628.0,5.06687898089172,7.191966886177244,1.0,2.0,3.0,5.0,69.0
2016-12-31,VIF,CO,15,667.0,0.5352323838080952,0.47511977149770585,0.0,0.2,0.4,0.7,2.8
2016-12-31,VIF,NO,1,665.0,24.18345864661654,35.5966277432912,0.0,3.0,7.0,31.0,236.0
2016-12-31,VIF,NO2,1,665.0,23.054135338345866,13.273311564613204,3.0,13.0,22.0,30.0,87.0
2016-12-31,VIF,NOX,1,665.0,47.255639097744364,42.85016169701012,4.0,15.0,33.0,66.0,265.0
2016-12-31,VIF,O3,1,690.0,20.01159420289855,22.16503304221585,0.0,2.0,11.0,32.0,96.0
2016-12-31,VIF,PM10,2,675.0,70.37925925925926,50.56609667535796,1.0,34.0,60.0,93.0,382.0
2016-12-31,VIF,SO2,1,688.0,7.3125,13.507225544922147,0.0,2.0,3.0,6.0,139.0
2016-12-31,XAL,CO,15,685.0,1.082335766423358,0.7094766446602071,0.2,0.6,0.9,1.3,4.3
2016-12-31,XAL,NO,1,541.0,46.79482439926063,53.82699008910344,1.0,11.0,25.0,64.0,312.0
2016-12-31,XAL,NO2,1,541.0,31.765249537892792,13.04658226079212,8.0,22.0,30.0,39.0,85.0
2016-12-31,XAL,NOX,1,541.0,78.58964879852125,59.790636298257425,10.0,35.0,60.0,100.0,349.0
2016-12-31,XAL,O3,1,685.0,21.6992700729927,21.91637647846831,1.0,4.0,14.0,33.0,92.0
2016-12-31,XAL,PM10,2,692.0,77.04768786127168,47.41120768382159,6.0,45.0,65.0,97.0,323.0
2016-12-31,XAL,PM2.5,2,692.0,31.390173410404625,24.978562536031014,1.0,16.0,26.0,42.0,253.0
2016-12-31,XAL,PMCO,2,692.0,45.671965317919074,29.223242145857768,4.0,25.0,39.5,58.0,224.0
2016-12-31,XAL,SO2,1,680.0,5.9147058823529415,6.850287604679705,0.0,2.0,4.0,7.0,53.0
