,,,,value,value,value,value,value,value,value,value
,,,,count,mean,std,min,25%,50%,75%,max
date,id_station,id_parameter,unit,,,,,,,,
2018-01-31,ACO,CO,15,682.0,0.29604105571847367,0.20247844231959686,0.0,0.2,0.2,0.4,1.3
2018-01-31,ACO,NO,1,685.0,11.258394160583942,15.358354120059818,1.0,2.0,4.0,14.0,113.0
2018-01-31,ACO,NO2,1,685.0,21.106569343065694,7.456229041377406,5.0,15.0,20.0,25.0,46.0
2018-01-31,ACO,NOX,1,685.0,32.363503649635035,19.679838273982806,7.0,18.0,26.0,40.0,149.0
2018-01-31,ACO,O3,1,679.0,11.587628865979381,10.902527113783126,0.0,3.0,8.0,16.5,54.0
2018-01-31,ACO,PM10,2,703.0,66.50355618776672,35.32252175158321,2.0,42.0,60.0,85.5,190.0
2018-01-31,ACO,SO2,1,606.0,1.9752475247524752,2.093922221384735,0.0,1.0,1.0,2.0,18.0
2018-01-31,AJM,CO,15,654.0,0.39587155963302756,0.20543478418429276,0.0,0.2,0.4,0.5,1.1
2018-01-31,AJM,NO,1,659.0,6.359635811836116,9.457131426683937,0.0,1.0,3.0,7.0,57.0
2018-01-31,AJM,NO2,1,659.0,23.494688922610017,11.055176029278872,5.0,15.0,22.0,30.0,67.0
2018-01-31,AJM,NOX,1,659.0,29.85887708649469,17.655340752752725,5.0,17.0,26.0,40.0,102.0
2018-01-31,AJM,O3,1,389.0,38.15424164524421,20.838279203378377,2.0,22.0,34.0,52.0,96.0
2018-01-31,AJM,PM10,2,638.0,45.99843260188088,21.217828114076518,4.0,30.0,45.0,59.0,116.0
2018-01-31,AJM,PM2.5,2,638.0,24.46394984326019,13.49368541465577,1.0,15.0,23.0,31.0,84.0
2018-01-31,AJM,PMCO,2,638.0,21.567398119122256,11.729727284459033,2.0,13.0,20.0,28.0,100.0
2018-01-31,AJM,SO2,1,658.0,7.463525835866261,10.227966601019434,0.0,1.0,4.0,9.0,72.0
2018-01-31,AJU,O3,1,696.0,32.625,26.662913779686974,1.0,10.0,24.0,53.0,129.0
2018-01-31,AJU,PM2.5,2,682.0,25.262463343108504,16.116773718637756,1.0,15.0,23.0,33.0,146.0
2018-01-31,ATI,CO,15,668.0,0.5160179640718559,0.47843856444341293,0.0,0.2,0.3,0.7,2.8
2018-01-31,ATI,NO,1,261.0,16.877394636015325,27.28412306905813,0.0,2.0,5.0,17.0,130.0
2018-01-31,ATI,NO2,1,261.0,25.739463601532567,13.703492469623072,6.0,16.0,22.0,32.0,83.0
2018-01-31,ATI,NOX,1,261.0,42.632183908045974,36.15504484722028,7.0,20.0,28.0,48.0,175.0
2018-01-31,ATI,O3,1,669.0,26.22122571001495,23.090983107927556,1.0,8.0,20.0,39.0,96.0
2018-01-31,ATI,PM10,2,678.0,55.30825958702065,33.73623848211558,1.0,28.25,50.5,75.0,230.0
2018-01-31,ATI,SO2,1,668.0,13.625748502994012,19.389499203149846,1.0,3.0,6.5,16.0,170.0
2018-01-31,BJU,CO,15,684.0,0.6473684210526323,0.47543655389108863,0.0,0.3,0.5,0.9,3.2
2018-01-31,BJU,O3,1,681.0,28.102790014684288,28.280340414660426,1.0,4.0,18.0,46.0,116.0
2018-01-31,BJU,PM10,2,683.0,56.48609077598829,24.095016516129817,5.0,38.0,57.0,73.0,136.0
2018-01-31,BJU,PM2.5,2,683.0,30.19765739385066,15.673086007633717,2.0,18.0,29.0,41.0,81.0
2018-01-31,BJU,PMCO,2,683.0,26.30307467057101,13.394765442727136,2.0,17.0,25.0,34.0,105.0
2018-01-31,BJU,SO2,1,679.0,8.893961708394698,12.929258696727693,0.0,2.0,4.0,9.0,85.0
2018-01-31,CAM,CO,15,287.0,0.48432055749128883,0.4688903822748962,0.0,0.2,0.3,0.7,2.9
2018-01-31,CAM,NO,1,288.0,32.451388888888886,44.5942340706731,1.0,5.0,10.0,45.25,275.0
2018-01-31,CAM,NO2,1,288.0,37.78819444444444,15.438771938161905,12.0,27.75,36.0,42.0,94.0
2018-01-31,CAM,NOX,1,288.0,70.23611111111111,53.17579629543048,14.0,33.0,49.0,94.25,318.0
2018-01-31,CAM,O3,1,288.0,26.65277777777778,25.619792937618982,5.0,6.0,16.0,38.0,107.0
2018-01-31,CAM,PM10,2,254.0,66.46062992125984,31.357501658671207,10.0,41.0,62.5,88.0,171.0
2018-01-31,CAM,PM2.5,2,254.0,30.948818897637796,17.931835651287347,1.0,17.0,29.0,43.0,104.0
2018-01-31,CAM,PMCO,2,254.0,35.488188976377955,18.97652643664035,7.0,21.0,32.0,46.0,123.0
2018-01-31,CAM,SO2,1,263.0,8.129277566539924,14.742782496382418,1.0,2.0,3.0,5.0,83.0
2018-01-31,CCA,CO,15,336.0,0.4330357142857145,0.27254085587975163,0.1,0.275,0.4,0.5,1.6
2018-01-31,CCA,NO,1,693.0,16.747474747474747,27.904223272066734,1.0,2.0,5.0,18.0,248.0
2018-01-31,CCA,NO2,1,693.0,30.98845598845599,13.354866816980554,9.0,21.0,29.0,38.0,93.0
2018-01-31,CCA,NOX,1,693.0,47.72871572871573,35.1102515898258,10.0,25.0,37.0,57.0,295.0
2018-01-31,CCA,O3,1,201.0,22.686567164179106,21.19330716657304,0.0,7.0,16.0,29.0,95.0
2018-01-31,CCA,PM2.5,2,699.0,26.17167381974249,13.756446737819843,1.0,17.0,24.0,33.0,80.0
2018-01-31,CCA,SO2,1,693.0,6.028860028860029,8.928863277099213,0.0,1.0,3.0,7.0,86.0
2018-01-31,CHO,CO,15,0.0,,,,,,,
2018-01-31,CHO,NO,1,0.0,,,,,,,
2018-01-31,CHO,NO2,1,0.0,,,,,,,
2018-01-31,CHO,NOX,1,0.0,,,,,,,
2018-01-31,CHO,O3,1,0.0,,,,,,,
2018-01-31,CHO,PM10,2,0.0,,,,,,,
2018-01-31,CHO,SO2,1,0.0,,,,,,,
2018-01-31,COY,NO,1,0.0,,,,,,,
2018-01-31,COY,NO2,1,0.0,,,,,,,
2018-01-31,COY,NOX,1,0.0,,,,,,,
2018-01-31,COY,O3,1,0.0,,,,,,,
2018-01-31,COY,PM2.5,2,0.0,,,,,,,
2018-01-31,CUA,CO,15,684.0,0.4172514619883035,0.3437295081043179,0.0,0.2,0.3,0.5,2.7
2018-01-31,CUA,NO,1,678.0,14.93362831858407,28.822484588165878,0.0,2.0,4.0,13.0,249.0
2018-01-31,CUA,NO2,1,678.0,29.37905604719764,14.140651488309894,4.0,19.0,27.0,38.0,93.0
2018-01-31,CUA,NOX,1,678.0,44.28171091445428,37.854248842291014,4.0,22.0,33.0,52.0,310.0
2018-01-31,CUA,O3,1,383.0,18.63968668407311,12.278218568280858,1.0,9.0,16.0,28.0,48.0
2018-01-31,CUA,PM10,2,692.0,39.615606936416185,18.554872330074478,1.0,27.0,38.0,50.0,137.0
2018-01-31,CUA,SO2,1,680.0,7.194117647058824,10.342612175535367,0.0,2.0,3.0,9.0,82.0
2018-01-31,CUT,NO,1,683.0,29.98389458272328,46.07269569519768,1.0,2.0,7.0,41.0,257.0
2018-01-31,CUT,NO2,1,683.0,24.045387994143486,13.328446909773813,4.0,13.5,22.0,32.0,84.0
2018-01-31,CUT,NOX,1,683.0,54.05270863836017,53.16441192876769,4.0,17.0,36.0,71.5,297.0
2018-01-31,CUT,O3,1,683.0,26.439238653001464,25.891387974904088,0.0,3.0,19.0,45.0,115.0
2018-01-31,CUT,PM10,2,674.0,72.53412462908013,53.1527798114482,1.0,34.0,59.0,96.75,332.0
2018-01-31,CUT,SO2,1,681.0,11.468428781204112,22.50619428522099,0.0,3.0,4.0,10.0,354.0
2018-01-31,FAC,CO,15,647.0,0.5499227202472952,0.5764435321186122,0.0,0.2,0.3,0.8,3.9
2018-01-31,FAC,NO,1,645.0,28.87441860465116,44.779772148196386,0.0,4.0,9.0,33.0,329.0
2018-01-31,FAC,NO2,1,645.0,33.688372093023254,18.462079769802454,6.0,21.0,29.0,41.0,128.0
2018-01-31,FAC,NOX,1,645.0,62.57984496124031,55.58010192316658,6.0,26.0,38.0,81.0,381.0
2018-01-31,FAC,O3,1,628.0,26.412420382165607,23.476282888209525,0.0,7.75,18.0,42.0,103.0
2018-01-31,FAC,PM10,2,635.0,41.28346456692913,27.625737107883104,1.0,20.0,35.0,58.5,189.0
2018-01-31,FAC,SO2,1,645.0,11.089922480620155,15.230362802012822,0.0,3.0,5.0,13.0,109.0
2018-01-31,GAM,O3,1,669.0,26.150971599402094,27.453219652058355,1.0,2.0,16.0,44.0,105.0
2018-01-31,GAM,PM10,2,0.0,,,,,,,
2018-01-31,GAM,PM2.5,2,654.0,35.68807339449541,19.650404255394452,1.0,21.0,33.0,48.0,120.0
2018-01-31,GAM,PMCO,2,0.0,,,,,,,
2018-01-31,HGM,CO,15,688.0,0.6026162790697674,0.4937974684829464,0.0,0.2,0.5,0.8,3.3
2018-01-31,HGM,NO,1,692.0,23.920520231213874,34.77732823978025,0.0,2.0,8.5,31.0,211.0
2018-01-31,HGM,NO2,1,692.0,38.22832369942196,15.881522492033495,5.0,27.0,36.0,48.0,104.0
2018-01-31,HGM,NOX,1,692.0,62.130057803468205,45.00400842088902,5.0,32.0,47.5,79.0,269.0
2018-01-31,HGM,O3,1,370.0,24.767567567567568,23.21211315928111,0.0,6.0,16.0,39.0,101.0
2018-01-31,HGM,PM10,2,700.0,58.21857142857143,25.879979352572846,5.0,38.0,56.0,76.0,171.0
2018-01-31,HGM,PM2.5,2,700.0,31.047142857142855,16.97298384687436,1.0,18.75,29.0,41.0,107.0
2018-01-31,HGM,PMCO,2,700.0,27.164285714285715,14.693049515571458,2.0,17.0,25.0,35.0,144.0
2018-01-31,HGM,SO2,1,689.0,9.924528301886792,14.850029141762274,0.0,2.0,4.0,10.0,110.0
2018-01-31,INN,CO,15,695.0,0.23151079136690542,0.11712153881571125,0.0,0.2,0.2,0.3,0.8
2018-01-31,INN,O3,1,688.0,42.60174418604651,17.64508904083694,1.0,31.0,41.0,53.0,111.0
2018-01-31,INN,PM10,2,663.0,32.119155354449475,19.15730661832654,2.0,19.0,29.0,41.0,148.0
2018-01-31,INN,PM2.5,2,663.0,18.019607843137255,10.886307893122716,1.0,10.0,17.0,24.0,71.0
2018-01-31,INN,PMCO,2,663.0,14.093514328808446,11.117893508207352,1.0,6.0,11.0,19.0,94.0
2018-01-31,INN,SO2,1,693.0,3.272727272727273,6.173485930484783,0.0,1.0,1.0,2.0,56.0
2018-01-31,IZT,CO,15,0.0,,,,,,,
2018-01-31,IZT,NO,1,465.0,28.131182795698926,38.5377948681065,0.0,5.0,10.0,37.0,223.0
2018-01-31,IZT,NO2,1,465.0,37.54408602150538,15.84511143994603,6.0,27.0,35.0,46.0,92.0
2018-01-31,IZT,NOX,1,465.0,65.68817204301075,48.467012087191776,6.0,32.0,49.0,85.0,277.0
2018-01-31,IZT,O3,1,196.0,20.806122448979593,20.2358697332695,0.0,4.0,15.0,28.25,89.0
2018-01-31,IZT,PM10,2,476.0,58.24579831932773,28.109793820384063,2.0,37.0,54.0,77.25,177.0
2018-01-31,IZT,SO2,1,465.0,7.122580645161291,11.073423926855183,0.0,2.0,3.0,7.0,86.0
2018-01-31,LLA,CO,15,694.0,0.6239193083573481,0.5107826373031608,0.0,0.3,0.5,0.8,3.5
2018-01-31,LLA,NO,1,694.0,35.30691642651297,53.255538863356605,0.0,4.0,11.0,46.75,333.0
2018-01-31,LLA,NO2,1,694.0,31.03602305475504,13.842762624937885,5.0,20.0,29.0,40.0,87.0
2018-01-31,LLA,NOX,1,694.0,66.36023054755043,60.44641458845199,5.0,26.0,43.0,90.75,386.0
2018-01-31,LLA,O3,1,692.0,23.43208092485549,24.205458229688936,0.0,2.0,14.0,39.0,95.0
2018-01-31,LLA,SO2,1,694.0,8.043227665706052,13.53231945373821,0.0,2.0,3.0,7.0,141.0
2018-01-31,LPR,CO,15,641.0,0.7307332293291738,0.599250254722275,0.0,0.3,0.5,1.0,3.8
2018-01-31,LPR,NO,1,0.0,,,,,,,
2018-01-31,LPR,NO2,1,0.0,,,,,,,
2018-01-31,LPR,NOX,1,0.0,,,,,,,
2018-01-31,LPR,O3,1,292.0,28.08219178082192,28.506707922069133,0.0,2.0,19.0,48.0,115.0
2018-01-31,LPR,SO2,1,684.0,6.207602339181286,7.816201260785286,0.0,2.0,3.0,8.0,53.0
2018-01-31,MER,CO,15,573.0,0.6130890052356022,0.5591449398345136,0.0,0.2,0.4,0.8,3.6
2018-01-31,MER,NO,1,637.0,38.53846153846154,52.997304839689036,0.0,6.0,17.0,48.0,344.0
2018-01-31,MER,NO2,1,637.0,42.60753532182104,18.385455517233915,5.0,29.0,41.0,54.0,114.0
2018-01-31,MER,NOX,1,637.0,81.14128728414443,65.26787188851812,5.0,38.0,57.0,106.0,438.0
2018-01-31,MER,O3,1,630.0,24.855555555555554,26.906534792792062,1.0,2.0,14.0,41.0,108.0
2018-01-31,MER,PM10,2,513.0,58.7953216374269,24.942179572366467,12.0,39.0,57.0,75.0,179.0
2018-01-31,MER,PM2.5,2,513.0,35.19688109161793,15.939528976836524,2.0,23.0,33.0,45.0,82.0
2018-01-31,MER,PMCO,2,513.0,23.59259259259259,14.215683175568747,1.0,13.0,22.0,32.0,114.0
2018-01-31,MER,SO2,1,651.0,10.019969278033795,14.358633982562854,1.0,3.0,5.0,10.0,112.0
2018-01-31,MGH,CO,15,677.0,0.6137370753323482,0.49649994666721264,0.0,0.3,0.4,0.8,3.7
2018-01-31,MGH,NO,1,677.0,37.630723781388475,57.74548422295907,1.0,5.0,11.0,46.0,415.0
2018-01-31,MGH,NO2,1,677.0,36.67799113737075,17.06746975298777,9.0,24.0,34.0,47.0,128.0
2018-01-31,MGH,NOX,1,677.0,74.32200886262925,66.7739253275617,10.0,31.0,46.0,98.0,484.0
2018-01-31,MGH,O3,1,648.0,24.811728395061728,24.49095441835186,0.0,4.75,16.0,41.0,99.0
2018-01-31,MGH,PM10,2,703.0,53.799431009957324,24.715783847285973,8.0,35.0,52.0,68.0,153.0
2018-01-31,MGH,PM2.5,2,703.0,30.748221906116644,16.656938839602045,1.0,18.0,28.0,41.0,97.0
2018-01-31,MGH,PMCO,2,703.0,23.04551920341394,12.100042581068134,4.0,14.0,21.0,30.0,101.0
2018-01-31,MGH,SO2,1,677.0,9.378138847858198,12.9451046500525,0.0,2.0,4.0,12.0,102.0
2018-01-31,MON,CO,15,676.0,0.5248520710059177,0.5024126755995646,0.0,0.2,0.4,0.6,3.1
2018-01-31,MON,NO,1,648.0,34.736111111111114,59.23515439524692,1.0,2.0,4.0,39.0,292.0
2018-01-31,MON,NO2,1,648.0,21.26851851851852,12.264806071513561,2.0,11.0,20.0,29.0,61.0
2018-01-31,MON,NOX,1,648.0,56.016975308641975,66.15315017916313,3.0,13.0,27.0,71.0,336.0
2018-01-31,MON,O3,1,639.0,30.38341158059468,27.74613600036995,0.0,3.0,23.0,53.0,107.0
2018-01-31,MON,SO2,1,692.0,2.36271676300578,3.494870769684518,0.0,1.0,1.0,2.0,29.0
2018-01-31,MPA,CO,15,0.0,,,,,,,
2018-01-31,MPA,O3,1,693.0,44.246753246753244,22.64978419919161,1.0,27.0,39.0,61.0,119.0
2018-01-31,MPA,PM10,2,0.0,,,,,,,
2018-01-31,MPA,PM2.5,2,0.0,,,,,,,
2018-01-31,MPA,PMCO,2,0.0,,,,,,,
2018-01-31,MPA,SO2,1,689.0,4.795355587808418,6.247341892650327,0.0,1.0,2.0,5.0,57.0
2018-01-31,NEZ,CO,15,698.0,0.6766475644699143,0.5615480694393368,0.0,0.3,0.5,0.8,4.6
2018-01-31,NEZ,NO,1,698.0,20.57593123209169,33.99186491513029,0.0,2.0,6.0,23.0,295.0
2018-01-31,NEZ,NO2,1,698.0,30.624641833810887,14.397894402114192,4.0,19.0,29.0,39.0,116.0
2018-01-31,NEZ,NOX,1,698.0,51.23352435530086,42.395096890546235,4.0,23.0,38.0,62.0,353.0
2018-01-31,NEZ,O3,1,698.0,18.669054441260744,16.41999653884332,1.0,4.0,13.0,31.0,66.0
2018-01-31,NEZ,PM2.5,2,708.0,35.759887005649716,23.341180828668605,1.0,20.0,31.0,47.0,167.0
2018-01-31,NEZ,SO2,1,696.0,5.630747126436781,8.32592397806278,1.0,2.0,3.0,5.0,73.0
2018-01-31,PED,CO,15,689.0,0.3687953555878077,0.2716206211591139,0.0,0.2,0.3,0.5,1.9
2018-01-31,PED,NO,1,690.0,10.718840579710145,19.991923444429474,0.0,1.0,3.0,9.0,152.0
2018-01-31,PED,NO2,1,690.0,31.17391304347826,14.172129194798258,3.0,20.0,29.0,39.0,92.0
2018-01-31,PED,NOX,1,690.0,41.89565217391304,29.248062889884288,9.0,22.0,34.0,51.0,219.0
2018-01-31,PED,O3,1,690.0,32.06231884057971,26.90984573028347,0.0,12.0,23.0,46.0,131.0
2018-01-31,PED,PM10,2,0.0,,,,,,,
2018-01-31,PED,PM2.5,2,0.0,,,,,,,
2018-01-31,PED,PMCO,2,0.0,,,,,,,
2018-01-31,PED,SO2,1,687.0,5.362445414847161,8.121054870129187,0.0,1.0,3.0,6.0,81.0
2018-01-31,SAG,CO,15,682.0,0.5888563049853366,0.5249366200717456,0.0,0.2,0.4,0.8,3.2
2018-01-31,SAG,NO,1,682.0,28.107038123167154,41.62434595918733,0.0,4.0,7.0,35.75,249.0
2018-01-31,SAG,NO2,1,682.0,28.93108504398827,13.908541254189172,2.0,17.25,28.0,38.0,80.0
2018-01-31,SAG,NOX,1,682.0,57.043988269794724,49.50163794367875,2.0,22.0,38.0,79.75,304.0
2018-01-31,SAG,O3,1,682.0,24.868035190615835,23.908972110528307,1.0,3.0,17.0,41.0,100.0
2018-01-31,SAG,PM10,2,498.0,77.93775100401606,37.481828468664325,11.0,51.0,70.0,99.0,224.0
2018-01-31,SAG,PM2.5,2,498.0,31.73694779116466,16.142507974398107,1.0,19.0,31.0,42.0,130.0
2018-01-31,SAG,PMCO,2,498.0,46.196787148594375,28.031769661959665,6.0,27.0,39.0,58.0,181.0
2018-01-31,SAG,SO2,1,667.0,8.505247376311845,11.505367048564608,1.0,3.0,5.0,8.0,120.0
2018-01-31,SFE,CO,15,603.0,0.3922056384742949,0.26680516147073247,0.0,0.2,0.3,0.5,1.5
2018-01-31,SFE,NO,1,603.0,12.510779436152571,18.5731328092027,0.0,2.0,4.0,16.0,138.0
2018-01-31,SFE,NO2,1,603.0,29.270315091210612,12.863514206509977,7.0,20.0,27.0,37.0,89.0
2018-01-31,SFE,NOX,1,603.0,41.787728026534,27.33436464131757,7.0,23.0,33.0,52.0,186.0
2018-01-31,SFE,O3,1,598.0,32.891304347826086,25.579905180621655,1.0,14.0,25.0,49.0,109.0
2018-01-31,SFE,PM10,2,609.0,46.76026272577997,21.56015903989575,5.0,31.0,44.0,60.0,130.0
2018-01-31,SFE,PM2.5,2,609.0,24.829228243021348,13.249394210163203,1.0,15.0,23.0,33.0,75.0
2018-01-31,SFE,PMCO,2,609.0,21.91625615763547,11.432491286382984,2.0,13.0,20.0,29.0,74.0
2018-01-31,SFE,SO2,1,603.0,7.3283582089552235,10.361007361540269,0.0,2.0,4.0,8.0,77.0
2018-01-31,SJA,CO,15,0.0,,,,,,,
2018-01-31,SJA,NO,1,0.0,,,,,,,
2018-01-31,SJA,NO2,1,0.0,,,,,,,
2018-01-31,SJA,NOX,1,0.0,,,,,,,
2018-01-31,SJA,O3,1,0.0,,,,,,,
2018-01-31,SJA,PM2.5,2,0.0,,,,,,,
2018-01-31,SJA,SO2,1,0.0,,,,,,,
2018-01-31,TAH,CO,15,663.0,0.4099547511312215,0.34835456691976513,0.0,0.2,0.3,0.5,2.6
2018-01-31,TAH,NO,1,694.0,9.177233429394812,15.974239737533155,0.0,2.0,3.0,9.0,151.0
2018-01-31,TAH,NO2,1,694.0,24.78386167146974,10.82309401225702,4.0,16.0,24.0,32.0,66.0
2018-01-31,TAH,NOX,1,694.0,33.95965417867435,22.05047568854049,6.0,19.0,29.0,43.0,188.0
2018-01-31,TAH,O3,1,694.0,30.96829971181556,25.576394425223487,1.0,10.0,22.0,50.75,113.0
2018-01-31,TAH,PM10,2,510.0,63.937254901960785,40.02239039734645,1.0,40.0,57.0,81.0,354.0
2018-01-31,TAH,SO2,1,690.0,4.353623188405797,5.063273942995064,1.0,2.0,2.5,5.0,42.0
2018-01-31,TLA,CO,15,694.0,0.5514409221902016,0.4561169299553944,0.0,0.3,0.4,0.7,2.8
2018-01-31,TLA,NO,1,689.0,33.380261248185775,46.14755107565827,0.0,7.0,14.0,38.0,270.0
2018-01-31,TLA,NO2,1,689.0,40.399129172714076,17.956554460078564,11.0,28.0,37.0,48.0,137.0
2018-01-31,TLA,NOX,1,689.0,73.6966618287373,56.38470437180837,10.0,37.0,52.0,93.0,334.0
2018-01-31,TLA,O3,1,638.0,20.9576802507837,21.3974080124103,0.0,3.0,13.0,34.0,88.0
2018-01-31,TLA,PM10,2,671.0,65.74813710879285,32.09804093085875,8.0,43.0,59.0,83.5,203.0
2018-01-31,TLA,PM2.5,2,671.0,31.740685543964233,18.265001165864444,1.0,18.0,29.0,42.0,105.0
2018-01-31,TLA,PMCO,2,671.0,33.99701937406856,19.123869356443294,1.0,20.0,31.0,43.0,136.0
2018-01-31,TLA,SO2,1,666.0,14.474474474474475,17.92264355442708,1.0,4.0,7.0,17.0,115.0
2018-01-31,TLI,CO,15,689.0,0.5892597968069665,0.5284638258730253,0.0,0.2,0.4,0.8,3.2
2018-01-31,TLI,NO,1,693.0,24.696969696969695,37.576826190173875,1.0,3.0,7.0,32.0,278.0
2018-01-31,TLI,NO2,1,693.0,32.56854256854257,17.151736722087556,6.0,18.0,31.0,43.0,95.0
2018-01-31,TLI,NOX,1,693.0,57.25829725829726,48.9210282101953,7.0,22.0,41.0,75.0,325.0
2018-01-31,TLI,O3,1,376.0,19.513297872340427,19.94512027276435,0.0,2.0,12.0,38.0,74.0
2018-01-31,TLI,PM10,2,386.0,82.72279792746114,49.10077999164201,1.0,44.0,73.0,114.0,277.0
2018-01-31,TLI,SO2,1,686.0,13.56268221574344,21.55227238056395,0.0,3.0,6.0,14.75,181.0
2018-01-31,UAX,CO,15,491.0,0.4898167006109978,0.34031523052705653,0.0,0.2,0.4,0.7,1.9
2018-01-31,UAX,NO,1,494.0,15.95344129554656,24.21597921602736,0.0,1.25,5.5,21.0,156.0
2018-01-31,UAX,NO2,1,494.0,30.649797570850204,13.286545145605038,5.0,21.25,30.0,37.0,85.0
2018-01-31,UAX,NOX,1,494.0,46.59109311740891,31.53861732830355,6.0,25.0,38.0,59.75,198.0
2018-01-31,UAX,O3,1,490.0,29.510204081632654,28.279225936898758,0.0,5.25,20.0,49.0,120.0
2018-01-31,UAX,PM2.5,2,691.0,30.442836468885673,18.42015641566505,1.0,18.5,28.0,39.0,166.0
2018-01-31,UAX,SO2,1,491.0,4.727087576374745,7.825316024815423,0.0,1.0,2.0,5.0,56.0
2018-01-31,UIZ,CO,15,694.0,0.61657060518732,0.4909563627557636,0.0,0.3,0.5,0.8,3.3
2018-01-31,UIZ,NO,1,694.0,21.079250720461093,31.793358804697466,0.0,3.0,8.0,26.0,205.0
2018-01-31,UIZ,NO2,1,694.0,34.73342939481268,15.444528324864674,5.0,23.25,33.0,45.0,99.0
2018-01-31,UIZ,NOX,1,694.0,55.8371757925072,41.27517555005268,7.0,27.0,45.0,72.0,272.0
2018-01-31,UIZ,O3,1,694.0,24.85734870317003,24.566218711124183,1.0,3.25,16.0,42.0,99.0
2018-01-31,UIZ,PM10,2,0.0,,,,,,,
2018-01-31,UIZ,PM2.5,2,0.0,,,,,,,
2018-01-31,UIZ,PMCO,2,0.0,,,,,,,
2018-01-31,UIZ,SO2,1,688.0,6.613372093023256,10.27589971529845,0.0,2.0,3.0,6.0,84.0
2018-01-31,VIF,CO,15,678.0,0.4585545722713873,0.42140894624067726,0.0,0.2,0.3,0.6,2.7
2018-01-31,VIF,NO,1,678.0,19.654867256637168,30.54665025593286,0.0,2.0,5.0,24.75,213.0
2018-01-31,VIF,NO2,1,678.0,25.281710914454276,14.64908047161054,4.0,13.0,23.5,34.0,105.0
2018-01-31,VIF,NOX,1,678.0,44.92035398230089,39.71266255715176,4.0,16.0,29.0,62.75,251.0
2018-01-31,VIF,O3,1,665.0,21.39548872180451,20.037877778916098,0.0,3.0,16.0,36.0,75.0
2018-01-31,VIF,PM10,2,560.0,80.7375,51.98049745226193,1.0,42.75,72.0,107.25,351.0
2018-01-31,VIF,SO2,1,676.0,8.572485207100591,14.026612179068863,0.0,2.0,3.0,9.0,141.0
2018-01-31,XAL,CO,15,624.0,0.8427884615384625,0.7725502867443866,0.0,0.3,0.6,1.1,5.4
2018-01-31,XAL,NO,1,624.0,47.50961538461539,64.47369269906224,1.0,9.0,18.0,62.0,420.0
2018-01-31,XAL,NO2,1,624.0,36.11538461538461,16.974709367711892,3.0,23.0,35.0,46.0,112.0
2018-01-31,XAL,NOX,1,624.0,83.63782051282051,74.25138580820999,4.0,34.0,55.0,112.25,485.0
2018-01-31,XAL,O3,1,614.0,21.558631921824105,20.530460767661477,1.0,3.0,16.0,36.0,94.0
2018-01-31,XAL,PM10,2,657.0,100.52663622526636,58.62322575018199,2.0,58.0,89.0,132.0,343.0
2018-01-31,XAL,PM2.5,2,657.0,37.80669710806697,23.928197040666443,1.0,19.0,34.0,53.0,143.0
2018-01-31,XAL,PMCO,2,657.0,62.729071537290714,39.795356366207734,1.0,36.0,53.0,82.0,237.0
2018-01-31,XAL,SO2,1,620.0,6.503225806451613,7.905642404189514,0.0,2.0,4.0,7.25,49.0
2018-02-28,ACO,CO,15,382.0,0.23952879581151817,0.21634712061048195,0.0,0.1,0.2,0.3,1.3
2018-02-28,ACO,NO,1,472.0,13.154661016949152,18.831001100117252,0.0,2.0,4.0,18.0,147.0
2018-02-28,ACO,NO2,1,472.0,18.713983050847457,5.795229700912323,5.0,14.0,19.0,22.0,43.0
2018-02-28,ACO,NOX,1,472.0,31.85169491525424,21.58622755488086,5.0,17.0,25.0,41.0,174.0
2018-02-28,ACO,O3,1,470.0,16.887234042553192,18.71768848627419,0.0,3.0,9.0,25.0,80.0
2018-02-28,ACO,PM10,2,482.0,58.69917012448133,24.129991848038024,11.0,42.0,55.0,72.0,153.0
2018-02-28,ACO,SO2,1,342.0,2.0526315789473686,2.3210452643151616,0.0,1.0,1.0,2.0,18.0
2018-02-28,AJM,CO,15,626.0,0.4231629392971253,0.1850151880476485,0.1,0.3,0.4,0.5,1.2
2018-02-28,AJM,NO,1,572.0,5.2727272727272725,7.943038735446917,0.0,1.0,2.0,6.0,43.0
2018-02-28,AJM,NO2,1,572.0,19.312937062937063,9.932432349345033,4.0,11.0,18.0,26.0,70.0
2018-02-28,AJM,NOX,1,572.0,24.64160839160839,15.71024461457801,5.0,12.0,21.0,32.0,94.0
2018-02-28,AJM,O3,1,492.0,39.073170731707314,23.447013795231253,2.0,21.0,34.0,53.0,119.0
2018-02-28,AJM,PM10,2,636.0,41.14150943396226,18.794925774883378,6.0,27.0,40.0,53.0,136.0
2018-02-28,AJM,PM2.5,2,636.0,22.18238993710692,11.401812452088123,3.0,15.0,21.0,28.0,90.0
2018-02-28,AJM,PMCO,2,636.0,18.933962264150942,9.62814332884481,2.0,11.75,18.0,25.0,56.0
2018-02-28,AJM,SO2,1,627.0,4.0414673046252,4.680003319487613,0.0,1.0,2.0,5.0,31.0
2018-02-28,AJU,O3,1,0.0,,,,,,,
2018-02-28,AJU,PM2.5,2,181.0,26.276243093922652,12.432973150570188,4.0,18.0,26.0,33.0,106.0
2018-02-28,ATI,CO,15,617.0,0.4439222042139386,0.38108634078486164,0.0,0.2,0.3,0.5,2.4
2018-02-28,ATI,NO,1,618.0,13.245954692556634,24.776361626364846,0.0,1.0,3.0,11.0,174.0
2018-02-28,ATI,NO2,1,618.0,23.707119741100325,10.494421507475417,7.0,16.0,21.0,30.0,78.0
2018-02-28,ATI,NOX,1,618.0,36.95954692556634,30.74778427333971,7.0,18.0,26.0,40.0,214.0
2018-02-28,ATI,O3,1,618.0,33.176375404530745,27.12680395545656,2.0,11.0,26.0,53.0,121.0
2018-02-28,ATI,PM10,2,629.0,48.75993640699523,27.87554090753521,1.0,29.0,45.0,63.0,177.0
2018-02-28,ATI,SO2,1,617.0,7.259319286871961,10.582737483881973,1.0,2.0,4.0,8.0,118.0
2018-02-28,BJU,CO,15,629.0,0.44515103338632733,0.39454422356694746,0.0,0.2,0.3,0.6,3.0
2018-02-28,BJU,O3,1,629.0,35.23529411764706,32.52635326624088,1.0,7.0,25.0,57.0,129.0
2018-02-28,BJU,PM10,2,639.0,47.37871674491393,19.582169555360203,10.0,33.0,45.0,59.5,124.0
2018-02-28,BJU,PM2.5,2,639.0,25.02190923317684,11.607727217046135,5.0,17.0,23.0,32.0,83.0
2018-02-28,BJU,PMCO,2,639.0,22.370892018779344,11.186583614527306,3.0,14.0,21.0,29.0,77.0
2018-02-28,BJU,SO2,1,622.0,5.305466237942122,7.254734853982991,0.0,2.0,3.0,5.0,58.0
2018-02-28,CAM,CO,15,627.0,0.45279106858054186,0.44193629936864853,0.0,0.2,0.3,0.5,3.3
2018-02-28,CAM,NO,1,627.0,26.706539074960126,48.062592362961695,0.0,3.0,8.0,25.0,432.0
2018-02-28,CAM,NO2,1,627.0,33.175438596491226,12.906068968553667,9.0,24.0,31.0,40.0,85.0
2018-02-28,CAM,NOX,1,627.0,59.9170653907496,55.165821585892445,11.0,29.0,40.0,68.0,498.0
2018-02-28,CAM,O3,1,625.0,33.6432,29.83005909550005,4.0,8.0,23.0,53.0,125.0
2018-02-28,CAM,PM10,2,610.0,56.868852459016395,24.875899145295207,10.0,38.25,51.0,72.0,135.0
2018-02-28,CAM,PM2.5,2,610.0,26.459016393442624,12.507303312103126,3.0,18.0,24.0,33.0,74.0
2018-02-28,CAM,PMCO,2,610.0,30.41967213114754,15.63597405412881,4.0,19.0,27.0,37.0,94.0
2018-02-28,CAM,SO2,1,627.0,6.650717703349282,9.070059862305449,1.0,2.0,4.0,7.0,77.0
2018-02-28,CCA,CO,15,563.0,0.46447602131438703,0.3120632761204093,0.1,0.3,0.4,0.6,2.2
2018-02-28,CCA,NO,1,629.0,13.58664546899841,27.96575840252801,0.0,1.0,2.0,12.0,201.0
2018-02-28,CCA,NO2,1,629.0,25.241653418124006,11.127465638202219,6.0,17.0,23.0,31.0,70.0
2018-02-28,CCA,NOX,1,629.0,38.85691573926868,33.39211934605578,7.0,19.0,28.0,46.0,230.0
2018-02-28,CCA,O3,1,629.0,36.95866454689984,32.743670688978135,1.0,9.0,26.0,60.0,133.0
2018-02-28,CCA,PM2.5,2,639.0,22.05790297339593,9.422914243320166,2.0,16.0,21.0,27.0,80.0
2018-02-28,CCA,SO2,1,629.0,4.292527821939586,5.406144016046397,1.0,2.0,3.0,4.0,41.0
2018-02-28,CHO,CO,15,333.0,0.472372372372373,0.39972063220795556,0.1,0.3,0.4,0.5,2.8
2018-02-28,CHO,NO,1,0.0,,,,,,,
2018-02-28,CHO,NO2,1,0.0,,,,,,,
2018-02-28,CHO,NOX,1,0.0,,,,,,,
2018-02-28,CHO,O3,1,333.0,32.4054054054054,25.684852684813542,1.0,7.0,29.0,54.0,95.0
2018-02-28,CHO,PM10,2,341.0,69.50733137829911,29.51934717871505,6.0,49.0,67.0,86.0,175.0
2018-02-28,CHO,SO2,1,333.0,1.2432432432432432,1.3254884270232572,0.0,0.0,1.0,2.0,8.0
2018-02-28,COY,NO,1,0.0,,,,,,,
2018-02-28,COY,NO2,1,0.0,,,,,,,
2018-02-28,COY,NOX,1,0.0,,,,,,,
2018-02-28,COY,O3,1,0.0,,,,,,,
2018-02-28,COY,PM2.5,2,0.0,,,,,,,
2018-02-28,CUA,CO,15,613.0,0.33931484502446946,0.27098981070885964,0.0,0.2,0.3,0.4,2.2
2018-02-28,CUA,NO,1,611.0,10.996726677577742,20.32764383842594,0.0,2.0,3.0,10.0,179.0
2018-02-28,CUA,NO2,1,611.0,25.44189852700491,11.616035228186643,4.0,17.0,24.0,33.0,63.0
2018-02-28,CUA,NOX,1,611.0,36.40261865793781,27.974372224021614,4.0,19.5,29.0,45.0,237.0
2018-02-28,CUA,O3,1,604.0,30.758278145695364,22.34727821155845,1.0,14.0,26.0,44.0,105.0
2018-02-28,CUA,PM10,2,610.0,35.55081967213115,14.721660849836539,1.0,25.0,35.0,45.0,88.0
2018-02-28,CUA,SO2,1,613.0,4.404567699836868,5.204583702884177,0.0,1.0,3.0,5.0,42.0
2018-02-28,CUT,NO,1,553.0,24.687160940325498,39.2204582549655,1.0,2.0,5.0,31.0,273.0
2018-02-28,CUT,NO2,1,553.0,20.82278481012658,9.48039862942547,4.0,13.0,21.0,27.0,57.0
2018-02-28,CUT,NOX,1,553.0,45.52260397830018,44.04399084368828,5.0,15.0,30.0,60.0,310.0
2018-02-28,CUT,O3,1,554.0,28.56678700361011,28.291048331544197,0.0,2.0,19.0,49.0,106.0
2018-02-28,CUT,PM10,2,513.0,60.29044834307992,43.885409270837464,1.0,31.0,49.0,76.0,373.0
2018-02-28,CUT,SO2,1,554.0,7.770758122743683,11.63379487309904,2.0,3.0,4.0,7.0,105.0
2018-02-28,FAC,CO,15,626.0,0.5319488817891368,0.5464079389821749,0.0,0.2,0.4,0.6,3.8
2018-02-28,FAC,NO,1,626.0,24.00479233226837,43.51163496120097,0.0,3.0,7.0,22.0,320.0
2018-02-28,FAC,NO2,1,626.0,28.421725239616613,12.747308078915557,6.0,19.0,26.0,35.0,96.0
2018-02-28,FAC,NOX,1,626.0,52.41373801916933,49.088456351415815,6.0,24.0,36.0,58.75,355.0
2018-02-28,FAC,O3,1,360.0,31.72222222222222,28.718605104888628,0.0,8.0,24.0,48.25,121.0
2018-02-28,FAC,PM10,2,633.0,42.1437598736177,26.837235546724056,1.0,22.0,37.0,57.0,171.0
2018-02-28,FAC,SO2,1,621.0,6.396135265700483,8.794476888901107,0.0,2.0,3.0,7.0,90.0
2018-02-28,GAM,O3,1,610.0,32.072131147540986,30.276146301331345,1.0,4.0,24.0,53.0,132.0
2018-02-28,GAM,PM10,2,0.0,,,,,,,
2018-02-28,GAM,PM2.5,2,630.0,29.2,13.910387741627336,4.0,19.0,26.5,36.0,103.0
2018-02-28,GAM,PMCO,2,0.0,,,,,,,
2018-02-28,HGM,CO,15,605.0,0.456033057851239,0.4464178234317635,0.0,0.2,0.3,0.6,3.7
2018-02-28,HGM,NO,1,600.0,19.11,34.070405842271605,0.0,1.0,5.0,22.25,286.0
2018-02-28,HGM,NO2,1,600.0,31.481666666666666,12.987074499760334,7.0,23.0,29.0,38.0,96.0
2018-02-28,HGM,NOX,1,600.0,50.571666666666665,41.71548673588232,9.0,26.0,36.0,62.25,342.0
2018-02-28,HGM,O3,1,599.0,38.30050083472454,32.68379749169061,0.0,10.0,28.0,60.0,130.0
2018-02-28,HGM,PM10,2,115.0,53.25217391304348,21.547924342689267,10.0,39.0,50.0,60.5,124.0
2018-02-28,HGM,PM2.5,2,115.0,28.52173913043478,15.05332499616354,1.0,18.0,25.0,34.5,90.0
2018-02-28,HGM,PMCO,2,115.0,24.713043478260868,12.335773976664623,7.0,15.0,23.0,30.0,69.0
2018-02-28,HGM,SO2,1,607.0,6.466227347611203,9.46568037969473,0.0,2.0,3.0,6.0,61.0
2018-02-28,INN,CO,15,624.0,0.20464743589743611,0.10998702999486189,0.0,0.1,0.2,0.3,0.8
2018-02-28,INN,O3,1,566.0,42.763250883392224,21.533849690902958,2.0,27.0,39.0,56.75,115.0
2018-02-28,INN,PM10,2,620.0,27.506451612903227,14.907846932106864,2.0,17.0,24.0,36.0,92.0
2018-02-28,INN,PM2.5,2,620.0,16.816129032258065,9.204817056470894,1.0,10.0,15.0,21.0,64.0
2018-02-28,INN,PMCO,2,620.0,10.666129032258064,7.072425773107739,1.0,5.0,9.0,16.0,52.0
2018-02-28,INN,SO2,1,624.0,1.6009615384615385,1.7644789349382939,0.0,1.0,1.0,2.0,17.0
2018-02-28,IZT,CO,15,0.0,,,,,,,
2018-02-28,IZT,NO,1,341.0,26.794721407624632,46.40156027100734,1.0,3.0,9.0,31.0,315.0
2018-02-28,IZT,NO2,1,341.0,32.604105571847505,12.619260984724367,8.0,24.0,30.0,39.0,99.0
2018-02-28,IZT,NOX,1,341.0,59.401759530791786,52.34236724355956,11.0,28.0,41.0,72.0,383.0
2018-02-28,IZT,O3,1,337.0,27.89020771513353,29.0359453791997,1.0,3.0,17.0,47.0,118.0
2018-02-28,IZT,PM10,2,350.0,52.005714285714284,24.239492070779153,10.0,35.25,48.0,63.75,172.0
2018-02-28,IZT,SO2,1,343.0,5.355685131195335,7.546852954351425,1.0,1.0,3.0,6.0,55.0
2018-02-28,LLA,CO,15,536.0,0.4749999999999999,0.42449530230880445,0.0,0.2,0.3,0.6,2.7
2018-02-28,LLA,NO,1,594.0,26.626262626262626,44.43869586547675,0.0,2.0,7.0,31.75,290.0
2018-02-28,LLA,NO2,1,594.0,25.966329966329965,10.88800309818016,6.0,17.0,26.0,33.0,73.0
2018-02-28,LLA,NOX,1,594.0,52.60437710437711,49.92929281471227,7.0,20.0,35.0,64.0,323.0
2018-02-28,LLA,O3,1,567.0,27.185185185185187,26.06391829082099,0.0,3.5,19.0,47.0,95.0
2018-02-28,LLA,SO2,1,590.0,7.222033898305085,12.833656512838106,0.0,2.0,3.0,6.0,95.0
2018-02-28,LPR,CO,15,448.0,0.6720982142857145,0.4622221099460502,0.0,0.4,0.6,0.9,3.2
2018-02-28,LPR,NO,1,0.0,,,,,,,
2018-02-28,LPR,NO2,1,0.0,,,,,,,
2018-02-28,LPR,NOX,1,0.0,,,,,,,
2018-02-28,LPR,O3,1,446.0,31.526905829596412,29.78798404643494,0.0,5.0,23.5,51.0,134.0
2018-02-28,LPR,SO2,1,471.0,5.343949044585988,7.264937693539764,1.0,2.0,3.0,6.0,76.0
2018-02-28,MER,CO,15,564.0,0.4702127659574462,0.4713827859067125,0.0,0.2,0.3,0.6,3.2
2018-02-28,MER,NO,1,601.0,27.841930116472547,44.58953508319089,0.0,3.0,10.0,32.0,303.0
2018-02-28,MER,NO2,1,601.0,35.417637271214645,13.434171171861518,9.0,26.0,34.0,44.0,83.0
2018-02-28,MER,NOX,1,601.0,63.277870216306155,52.077035816725015,10.0,30.0,46.0,78.0,357.0
2018-02-28,MER,O3,1,598.0,31.32608695652174,31.118980970177052,1.0,4.0,20.0,52.0,132.0
2018-02-28,MER,PM10,2,423.0,63.527186761229316,27.18914951861507,8.0,44.0,60.0,81.0,207.0
2018-02-28,MER,PM2.5,2,423.0,28.250591016548462,14.357935975593971,1.0,18.0,26.0,36.0,116.0
2018-02-28,MER,PMCO,2,423.0,35.30023640661938,16.52406474157585,5.0,23.0,33.0,45.0,114.0
2018-02-28,MER,SO2,1,498.0,7.761044176706827,10.522808824042203,1.0,2.0,4.0,8.0,73.0
2018-02-28,MGH,CO,15,620.0,0.5906451612903225,0.38574297723201634,0.1,0.375,0.5,0.7,3.4
2018-02-28,MGH,NO,1,620.0,27.530645161290323,43.061297139964445,1.0,3.0,9.0,33.25,408.0
2018-02-28,MGH,NO2,1,620.0,30.82741935483871,12.05095092548089,6.0,22.0,30.0,39.0,72.0
2018-02-28,MGH,NOX,1,620.0,58.39193548387097,49.12964221555523,8.0,27.0,41.0,74.0,450.0
2018-02-28,MGH,O3,1,333.0,35.96396396396396,33.25547185556156,0.0,7.0,25.0,59.0,127.0
2018-02-28,MGH,PM10,2,612.0,42.00816993464052,17.758101774742315,4.0,29.0,39.0,53.0,100.0
2018-02-28,MGH,PM2.5,2,612.0,23.583333333333332,10.986731321877134,1.0,15.0,22.0,30.0,66.0
2018-02-28,MGH,PMCO,2,612.0,18.437908496732025,9.323837472269096,3.0,11.0,17.0,24.0,56.0
2018-02-28,MGH,SO2,1,618.0,5.098705501618123,6.444750727205872,0.0,2.0,3.0,6.0,48.0
2018-02-28,MON,CO,15,615.0,0.4209756097560969,0.36969794571431575,0.0,0.2,0.3,0.5,2.8
2018-02-28,MON,NO,1,616.0,24.09090909090909,44.1868337284372,1.0,1.0,3.0,26.25,348.0
2018-02-28,MON,NO2,1,616.0,18.058441558441558,9.363299406656441,3.0,10.0,18.0,25.0,48.0
2018-02-28,MON,NOX,1,616.0,42.20941558441559,48.90049603867666,5.0,12.0,22.0,53.0,380.0
2018-02-28,MON,O3,1,559.0,33.765652951699465,29.558347029189214,0.0,3.0,28.0,57.0,111.0
2018-02-28,MON,SO2,1,610.0,1.8901639344262295,2.1925538204367028,0.0,1.0,1.0,2.0,20.0
2018-02-28,MPA,CO,15,0.0,,,,,,,
2018-02-28,MPA,O3,1,480.0,44.18125,22.458927078833433,2.0,29.0,40.0,60.0,106.0
2018-02-28,MPA,PM10,2,0.0,,,,,,,
2018-02-28,MPA,PM2.5,2,0.0,,,,,,,
2018-02-28,MPA,PMCO,2,0.0,,,,,,,
2018-02-28,MPA,SO2,1,477.0,2.4821802935010484,2.1069605196328385,1.0,1.0,2.0,3.0,13.0
2018-02-28,NEZ,CO,15,181.0,0.5375690607734808,0.4454992853638135,0.0,0.3,0.4,0.7,2.3
2018-02-28,NEZ,NO,1,181.0,13.74585635359116,24.655888342483824,0.0,1.0,2.0,12.0,123.0
2018-02-28,NEZ,NO2,1,181.0,27.314917127071823,11.38787116086353,8.0,18.0,27.0,35.0,60.0
2018-02-28,NEZ,NOX,1,181.0,41.06629834254144,31.983086191496895,9.0,20.0,29.0,47.0,166.0
2018-02-28,NEZ,O3,1,204.0,40.03431372549019,32.83191705275858,1.0,12.0,29.0,63.0,123.0
2018-02-28,NEZ,PM2.5,2,510.0,28.219607843137254,13.003808110941439,3.0,19.0,27.0,34.0,102.0
2018-02-28,NEZ,SO2,1,181.0,2.5082872928176796,3.691760773112635,0.0,1.0,1.0,3.0,27.0
2018-02-28,PED,CO,15,621.0,0.33397745571658566,0.25562408035761736,0.0,0.2,0.3,0.4,1.9
2018-02-28,PED,NO,1,623.0,8.92134831460674,17.882842468991484,0.0,1.0,2.0,8.0,221.0
2018-02-28,PED,NO2,1,623.0,24.985553772070627,11.870744794146791,4.0,16.0,23.0,31.0,71.0
2018-02-28,PED,NOX,1,623.0,33.892455858747994,25.528553918718657,5.0,17.0,26.0,42.5,260.0
2018-02-28,PED,O3,1,621.0,39.68115942028985,31.59738835586955,1.0,13.0,31.0,61.0,143.0
2018-02-28,PED,PM10,2,0.0,,,,,,,
2018-02-28,PED,PM2.5,2,0.0,,,,,,,
2018-02-28,PED,PMCO,2,0.0,,,,,,,
2018-02-28,PED,SO2,1,624.0,4.139423076923077,5.133353340708002,1.0,2.0,2.0,4.0,43.0
2018-02-28,SAG,CO,15,397.0,0.6090680100755672,0.43411164126307555,0.1,0.3,0.5,0.7,2.5
2018-02-28,SAG,NO,1,397.0,23.48110831234257,36.6291512044773,0.0,3.0,7.0,31.0,260.0
2018-02-28,SAG,NO2,1,397.0,24.392947103274558,10.080822408616456,5.0,16.0,23.0,32.0,57.0
2018-02-28,SAG,NOX,1,397.0,47.85390428211587,41.785090087942656,6.0,19.0,33.0,64.0,287.0
2018-02-28,SAG,O3,1,397.0,27.04030226700252,26.219419665301004,1.0,4.0,18.0,44.0,107.0
2018-02-28,SAG,PM10,2,581.0,68.1394148020654,31.710481988339687,10.0,44.0,62.0,86.0,177.0
2018-02-28,SAG,PM2.5,2,581.0,30.38209982788296,13.413141641187904,2.0,21.0,29.0,38.0,89.0
2018-02-28,SAG,PMCO,2,581.0,37.75903614457831,23.431715357323352,3.0,21.0,32.0,49.0,132.0
2018-02-28,SAG,SO2,1,397.0,7.866498740554156,11.314592842655635,1.0,3.0,4.0,7.0,94.0
2018-02-28,SFE,CO,15,613.0,0.32920065252854763,0.23363883473774794,0.0,0.2,0.3,0.5,1.2
2018-02-28,SFE,NO,1,613.0,11.536704730831975,18.521071913086807,0.0,1.0,3.0,13.0,108.0
2018-02-28,SFE,NO2,1,613.0,25.078303425774877,10.816520999318461,6.0,18.0,23.0,31.0,80.0
2018-02-28,SFE,NOX,1,613.0,36.63295269168026,25.271739310356818,6.0,20.0,28.0,45.0,147.0
2018-02-28,SFE,O3,1,611.0,35.98036006546645,29.180831467181346,1.0,13.0,28.0,56.0,124.0
2018-02-28,SFE,PM10,2,628.0,42.711783439490446,19.941814596020453,5.0,28.0,41.0,55.0,130.0
2018-02-28,SFE,PM2.5,2,628.0,22.60987261146497,11.754222749966736,1.0,15.0,21.0,29.0,84.0
2018-02-28,SFE,PMCO,2,628.0,20.098726114649683,10.678861573174826,1.0,12.0,19.0,26.0,60.0
2018-02-28,SFE,SO2,1,613.0,3.871125611745514,4.756285645615979,0.0,1.0,2.0,4.0,45.0
2018-02-28,SJA,CO,15,0.0,,,,,,,
2018-02-28,SJA,NO,1,0.0,,,,,,,
2018-02-28,SJA,NO2,1,0.0,,,,,,,
2018-02-28,SJA,NOX,1,0.0,,,,,,,
2018-02-28,SJA,O3,1,0.0,,,,,,,
2018-02-28,SJA,PM2.5,2,0.0,,,,,,,
2018-02-28,SJA,SO2,1,0.0,,,,,,,
2018-02-28,TAH,CO,15,587.0,0.40204429301533146,0.3172448232804776,0.0,0.2,0.3,0.5,2.5
2018-02-28,TAH,NO,1,586.0,7.662116040955631,14.431275330041615,0.0,1.0,2.0,7.0,129.0
2018-02-28,TAH,NO2,1,586.0,18.179180887372013,9.11598445924745,3.0,11.0,17.5,24.0,60.0
2018-02-28,TAH,NOX,1,586.0,25.81911262798635,20.28551864167273,4.0,12.0,20.0,33.0,162.0
2018-02-28,TAH,O3,1,588.0,36.375850340136054,28.0145355637605,1.0,11.0,29.0,60.0,109.0
2018-02-28,TAH,PM10,2,584.0,55.49828767123287,28.031959164982094,3.0,37.0,51.0,70.0,168.0
2018-02-28,TAH,SO2,1,578.0,2.7508650519031144,2.079913246205265,1.0,2.0,2.0,3.0,17.0
2018-02-28,TLA,CO,15,619.0,0.526817447495961,0.39375141726064833,0.0,0.3,0.4,0.6,2.2
2018-02-28,TLA,NO,1,611.0,27.71849427168576,38.64596729994923,0.0,6.0,12.0,29.0,212.0
2018-02-28,TLA,NO2,1,611.0,33.276595744680854,11.802212582167392,10.0,25.0,31.0,40.0,75.0
2018-02-28,TLA,NOX,1,611.0,60.93617021276596,44.72459459516797,12.0,32.0,46.0,70.5,254.0
2018-02-28,TLA,O3,1,629.0,25.904610492845787,25.462232448418177,0.0,5.0,17.0,42.0,115.0
2018-02-28,TLA,PM10,2,638.0,57.32915360501568,25.097513988195548,8.0,39.0,54.0,72.0,163.0
2018-02-28,TLA,PM2.5,2,638.0,27.921630094043888,14.444180519185018,3.0,18.0,25.0,35.0,86.0
2018-02-28,TLA,PMCO,2,638.0,29.45141065830721,14.897240571892526,4.0,18.0,27.0,38.0,86.0
2018-02-28,TLA,SO2,1,618.0,9.870550161812298,11.881072209372336,1.0,3.25,6.0,10.0,88.0
2018-02-28,TLI,CO,15,625.0,0.4463999999999995,0.4171299987982597,0.0,0.2,0.3,0.5,3.0
2018-02-28,TLI,NO,1,627.0,19.57097288676236,33.15111088464229,1.0,2.0,5.0,20.0,228.0
2018-02-28,TLI,NO2,1,627.0,26.688995215311003,11.705952314776587,7.0,17.0,25.0,35.0,74.0
2018-02-28,TLI,NOX,1,627.0,46.25837320574163,40.51604311954667,9.0,20.0,32.0,53.5,279.0
2018-02-28,TLI,O3,1,423.0,32.3758865248227,31.172932801347535,0.0,5.0,22.0,58.0,125.0
2018-02-28,TLI,PM10,2,0.0,,,,,,,
2018-02-28,TLI,SO2,1,627.0,9.67304625199362,16.591982670806274,0.0,1.0,4.0,10.0,136.0
2018-02-28,UAX,CO,15,626.0,0.4384984025559101,0.27528076866618234,0.1,0.2,0.4,0.6,1.9
2018-02-28,UAX,NO,1,613.0,11.903752039151714,19.92696310149188,0.0,1.0,3.0,14.0,167.0
2018-02-28,UAX,NO2,1,613.0,24.306688417618272,10.563714452554587,4.0,16.0,24.0,31.0,62.0
2018-02-28,UAX,NOX,1,613.0,36.19575856443719,26.369623448285306,5.0,18.0,29.0,47.0,208.0
2018-02-28,UAX,O3,1,624.0,37.11538461538461,33.47881370039898,0.0,6.0,28.0,64.0,129.0
2018-02-28,UAX,PM2.5,2,632.0,23.70886075949367,10.866312704427704,1.0,17.0,23.0,30.0,86.0
2018-02-28,UAX,SO2,1,628.0,3.2595541401273884,4.963132447601931,0.0,1.0,2.0,3.0,47.0
2018-02-28,UIZ,CO,15,570.0,0.5080701754385959,0.487024748639448,0.0,0.2,0.4,0.6,4.5
2018-02-28,UIZ,NO,1,570.0,18.889473684210525,34.0607344667057,0.0,1.0,6.0,21.0,357.0
2018-02-28,UIZ,NO2,1,570.0,28.450877192982457,13.52606833904383,2.0,18.0,28.0,37.0,88.0
2018-02-28,UIZ,NOX,1,570.0,47.34035087719298,42.34293777585614,3.0,20.25,37.0,59.75,407.0
2018-02-28,UIZ,O3,1,570.0,27.95438596491228,26.421911808416787,1.0,4.0,19.0,48.75,100.0
2018-02-28,UIZ,PM10,2,0.0,,,,,,,
2018-02-28,UIZ,PM2.5,2,0.0,,,,,,,
2018-02-28,UIZ,PMCO,2,0.0,,,,,,,
2018-02-28,UIZ,SO2,1,507.0,4.978303747534516,8.058673345493876,1.0,2.0,3.0,5.0,85.0
2018-02-28,VIF,CO,15,227.0,0.49162995594713665,0.4199351873522233,0.1,0.2,0.3,0.6,2.7
2018-02-28,VIF,NO,1,227.0,20.31718061674009,33.67604404407357,0.0,2.0,4.0,23.0,197.0
2018-02-28,VIF,NO2,1,227.0,21.590308370044053,10.633662253115654,4.0,13.0,22.0,29.0,49.0
2018-02-28,VIF,NOX,1,227.0,41.93392070484582,39.91107420622213,5.0,14.0,27.0,54.0,230.0
2018-02-28,VIF,O3,1,225.0,23.386666666666667,22.165102880751224,0.0,2.0,19.0,38.0,76.0
2018-02-28,VIF,PM10,2,229.0,61.47598253275109,39.336777906557984,1.0,30.0,50.0,84.0,205.0
2018-02-28,VIF,SO2,1,227.0,6.6255506607929515,12.790201553513608,0.0,1.0,3.0,5.0,86.0
2018-02-28,XAL,CO,15,601.0,0.6613976705490854,0.6475394787922705,0.0,0.3,0.4,0.8,4.7
2018-02-28,XAL,NO,1,601.0,38.785357737104825,61.02107984333623,0.0,6.0,14.0,42.0,508.0
2018-02-28,XAL,NO2,1,601.0,31.54575707154742,12.776605683861714,6.0,22.0,30.0,40.0,88.0
2018-02-28,XAL,NOX,1,601.0,70.33444259567388,67.4763881793509,6.0,30.0,46.0,84.0,554.0
2018-02-28,XAL,O3,1,601.0,24.387687188019967,22.119322958490073,1.0,3.0,19.0,41.0,90.0
2018-02-28,XAL,PM10,2,629.0,81.27344992050874,41.92511079281632,14.0,52.0,72.0,102.0,271.0
2018-02-28,XAL,PM2.5,2,629.0,30.98887122416534,15.91892886896921,1.0,20.0,27.0,39.0,103.0
2018-02-28,XAL,PMCO,2,629.0,50.211446740858506,30.85906110371751,5.0,29.0,42.0,65.0,253.0
2018-02-28,XAL,SO2,1,601.0,6.227953410981697,6.7842673864728384,1.0,2.0,4.0,8.0,59.0
2018-03-31,ACO,CO,15,0.0,,,,,,,
2018-03-31,ACO,NO,1,0.0,,,,,,,
2018-03-31,ACO,NO2,1,0.0,,,,,,,
2018-03-31,ACO,NOX,1,0.0,,,,,,,
2018-03-31,ACO,O3,1,0.0,,,,,,,
2018-03-31,ACO,PM10,2,0.0,,,,,,,
2018-03-31,ACO,SO2,1,0.0,,,,,,,
2018-03-31,AJM,CO,15,687.0,0.2756914119359522,0.16343634284420694,0.0,0.2,0.2,0.4,0.9
2018-03-31,AJM,NO,1,691.0,3.8176555716353113,6.026394192173137,0.0,1.0,2.0,4.0,43.0
2018-03-31,AJM,NO2,1,691.0,16.587554269175108,8.717586170919848,3.0,10.0,15.0,22.0,52.0
2018-03-31,AJM,NOX,1,691.0,20.421128798842258,13.352872541171745,3.0,11.0,17.0,26.0,79.0
2018-03-31,AJM,O3,1,686.0,41.66326530612245,20.343589326725837,2.0,27.0,37.0,55.0,110.0
2018-03-31,AJM,PM10,2,706.0,43.07082152974504,16.91725624197836,4.0,31.0,43.0,53.0,137.0
2018-03-31,AJM,PM2.5,2,706.0,21.627478753541077,9.406578874201248,1.0,15.0,21.0,27.0,73.0
2018-03-31,AJM,PMCO,2,706.0,21.43342776203966,10.854640547953247,2.0,14.0,20.0,26.0,113.0
2018-03-31,AJM,SO2,1,691.0,2.1808972503617947,3.6248713807676483,0.0,1.0,1.0,2.0,33.0
2018-03-31,AJU,O3,1,0.0,,,,,,,
2018-03-31,AJU,PM2.5,2,152.0,30.230263157894736,13.709604307251734,4.0,20.0,30.0,37.0,87.0
2018-03-31,ATI,CO,15,0.0,,,,,,,
2018-03-31,ATI,NO,1,101.0,11.287128712871286,20.78477165314229,1.0,1.0,3.0,10.0,133.0
2018-03-31,ATI,NO2,1,101.0,21.663366336633665,8.8037233347292,9.0,15.0,20.0,27.0,43.0
2018-03-31,ATI,NOX,1,101.0,32.97029702970297,26.590395049921522,10.0,17.0,22.0,42.0,168.0
2018-03-31,ATI,O3,1,647.0,33.19938176197836,27.46941106956663,1.0,10.0,26.0,52.5,116.0
2018-03-31,ATI,PM10,2,650.0,48.096923076923076,26.916548940211047,1.0,30.0,43.5,60.75,183.0
2018-03-31,ATI,SO2,1,204.0,7.549019607843137,18.00991924335927,0.0,2.0,4.0,6.0,203.0
2018-03-31,BJU,CO,15,695.0,0.49079136690647523,0.34348834500318703,0.0,0.3,0.4,0.6,2.3
2018-03-31,BJU,O3,1,688.0,38.27906976744186,31.668185482721476,1.0,10.0,32.0,61.0,134.0
2018-03-31,BJU,PM10,2,710.0,48.852112676056336,17.676112502956848,8.0,37.0,47.5,58.0,128.0
2018-03-31,BJU,PM2.5,2,710.0,24.314084507042253,9.934550213659113,1.0,18.0,24.0,30.0,66.0
2018-03-31,BJU,PMCO,2,710.0,24.56338028169014,11.508054938735425,5.0,17.0,23.0,30.0,102.0
2018-03-31,BJU,SO2,1,694.0,3.8530259365994235,7.994858434848365,0.0,1.0,2.0,3.0,92.0
2018-03-31,CAM,CO,15,678.0,0.5128318584070793,0.42097580045294536,0.0,0.2,0.4,0.6,2.7
2018-03-31,CAM,NO,1,684.0,27.12719298245614,44.8876250071838,0.0,3.0,6.0,30.25,338.0
2018-03-31,CAM,NO2,1,684.0,31.785087719298247,14.050911814992807,8.0,21.0,30.5,41.0,82.0
2018-03-31,CAM,NOX,1,684.0,58.909356725146196,53.63894779470077,9.0,24.0,38.0,73.0,387.0
2018-03-31,CAM,O3,1,686.0,32.58600583090379,31.30300294953117,0.0,4.0,24.0,55.75,124.0
2018-03-31,CAM,PM10,2,453.0,63.77704194260485,24.536070667425733,16.0,46.0,62.0,77.0,160.0
2018-03-31,CAM,PM2.5,2,453.0,29.083885209713024,11.421801498604312,4.0,20.0,28.0,35.0,63.0
2018-03-31,CAM,PMCO,2,453.0,34.69315673289183,16.568465408312324,9.0,23.0,31.0,42.0,139.0
2018-03-31,CAM,SO2,1,678.0,5.420353982300885,12.046880307075574,0.0,1.0,2.0,4.0,132.0
2018-03-31,CCA,CO,15,691.0,0.4089725036179457,0.2837236113696757,0.1,0.2,0.3,0.5,1.7
2018-03-31,CCA,NO,1,691.0,9.778581765557163,18.80953824526775,0.0,1.0,2.0,10.0,142.0
2018-03-31,CCA,NO2,1,691.0,23.80318379160637,11.158491469628231,4.0,15.0,23.0,31.0,66.0
2018-03-31,CCA,NOX,1,691.0,33.578871201157746,26.118582743347073,5.0,16.0,25.0,43.0,170.0
2018-03-31,CCA,O3,1,691.0,38.64254703328509,31.74528857242753,0.0,9.5,33.0,61.0,137.0
2018-03-31,CCA,PM2.5,2,709.0,24.16361071932299,9.68610609848309,2.0,17.0,24.0,30.0,78.0
2018-03-31,CCA,SO2,1,691.0,3.1287988422575976,5.780218252616628,1.0,1.0,2.0,3.0,63.0
2018-03-31,CHO,CO,15,625.0,0.47664000000000106,0.3694220711688274,0.0,0.3,0.4,0.6,2.9
2018-03-31,CHO,NO,1,89.0,7.730337078651686,15.494694139478703,0.0,1.0,3.0,5.0,76.0
2018-03-31,CHO,NO2,1,89.0,14.98876404494382,8.167972907007076,4.0,7.0,14.0,21.0,34.0
2018-03-31,CHO,NOX,1,89.0,22.730337078651687,21.127192755989213,3.0,9.0,16.0,28.0,104.0
2018-03-31,CHO,O3,1,625.0,32.792,25.257423381996766,1.0,9.0,30.0,54.0,97.0
2018-03-31,CHO,PM10,2,318.0,75.92767295597484,42.328940830025005,4.0,49.25,67.5,93.75,328.0
2018-03-31,CHO,SO2,1,615.0,1.4682926829268292,1.5594263683278722,0.0,1.0,1.0,2.0,16.0
2018-03-31,COY,NO,1,0.0,,,,,,,
2018-03-31,COY,NO2,1,0.0,,,,,,,
2018-03-31,COY,NOX,1,0.0,,,,,,,
2018-03-31,COY,O3,1,0.0,,,,,,,
2018-03-31,COY,PM2.5,2,0.0,,,,,,,
2018-03-31,CUA,CO,15,682.0,0.30747800586510243,0.20957919579473397,0.0,0.2,0.3,0.4,1.8
2018-03-31,CUA,NO,1,448.0,6.580357142857143,13.26726701025424,0.0,1.0,2.0,5.0,110.0
2018-03-31,CUA,NO2,1,448.0,19.220982142857142,11.25712528697934,2.0,10.0,17.0,25.0,57.0
2018-03-31,CUA,NOX,1,448.0,25.734375,22.358248012637993,2.0,11.0,19.0,31.0,155.0
2018-03-31,CUA,O3,1,681.0,33.25403817914831,20.029502188867138,1.0,21.0,30.0,44.0,109.0
2018-03-31,CUA,PM10,2,709.0,35.80959097320169,15.033920910388119,2.0,25.0,35.0,45.0,101.0
2018-03-31,CUA,SO2,1,682.0,2.5557184750733137,4.553867939767718,0.0,1.0,1.0,2.0,43.0
2018-03-31,CUT,NO,1,690.0,21.98695652173913,37.39831656853908,0.0,2.0,4.0,26.0,219.0
2018-03-31,CUT,NO2,1,690.0,20.231884057971016,10.585946440800457,3.0,11.0,20.0,27.0,60.0
2018-03-31,CUT,NOX,1,690.0,42.21884057971015,43.162398889532064,3.0,13.0,25.0,56.0,253.0
2018-03-31,CUT,O3,1,684.0,33.06432748538012,30.436482347225642,0.0,3.0,27.0,57.0,124.0
2018-03-31,CUT,PM10,2,600.0,62.86,36.25116980439361,1.0,38.0,54.0,77.25,229.0
2018-03-31,CUT,SO2,1,690.0,7.333333333333333,14.936213351420387,0.0,2.0,3.0,6.0,149.0
2018-03-31,FAC,CO,15,687.0,0.5404657933042207,0.46597815697587464,0.0,0.3,0.4,0.7,3.3
2018-03-31,FAC,NO,1,687.0,19.173216885007278,33.31618967479714,0.0,2.5,6.0,19.0,225.0
2018-03-31,FAC,NO2,1,687.0,26.758369723435226,12.64403253927951,6.0,18.0,25.0,33.0,83.0
2018-03-31,FAC,NOX,1,687.0,45.87627365356623,40.738562101168654,6.0,21.0,31.0,54.5,264.0
2018-03-31,FAC,O3,1,644.0,34.245341614906835,28.90740395035603,0.0,9.0,27.0,54.25,130.0
2018-03-31,FAC,PM10,2,663.0,42.90799396681749,28.51986607215007,3.0,26.0,36.0,54.0,311.0
2018-03-31,FAC,SO2,1,634.0,5.339116719242902,9.227345333529389,0.0,2.0,2.0,5.0,98.0
2018-03-31,GAM,O3,1,247.0,34.24696356275304,32.60330269211429,1.0,2.0,25.0,64.5,124.0
2018-03-31,GAM,PM10,2,0.0,,,,,,,
2018-03-31,GAM,PM2.5,2,706.0,28.975920679886684,11.991757846260272,4.0,21.0,28.0,36.0,85.0
2018-03-31,GAM,PMCO,2,0.0,,,,,,,
2018-03-31,HGM,CO,15,610.0,0.5014754098360659,0.4017381613656469,0.0,0.2,0.4,0.7,2.5
2018-03-31,HGM,NO,1,688.0,13.42732558139535,23.179332707045646,0.0,1.0,4.0,14.0,175.0
2018-03-31,HGM,NO2,1,688.0,32.14098837209303,14.87078376526164,7.0,20.0,30.0,41.0,103.0
2018-03-31,HGM,NOX,1,688.0,45.593023255813954,34.3791693834905,9.0,22.0,34.0,55.25,258.0
2018-03-31,HGM,O3,1,681.0,37.72393538913363,31.056686782425835,0.0,11.0,30.0,60.0,136.0
2018-03-31,HGM,PM10,2,497.0,49.00603621730382,19.023276377527143,11.0,36.0,47.0,60.0,113.0
2018-03-31,HGM,PM2.5,2,497.0,25.816901408450704,11.681279656425962,1.0,17.0,25.0,33.0,70.0
2018-03-31,HGM,PMCO,2,497.0,23.17907444668008,10.913060240786866,4.0,16.0,21.0,29.0,80.0
2018-03-31,HGM,SO2,1,672.0,4.379464285714286,8.634163989065678,0.0,1.0,2.0,4.0,110.0
2018-03-31,INN,CO,15,684.0,0.16842105263157944,0.08873517228611934,0.0,0.1,0.2,0.2,0.6
2018-03-31,INN,O3,1,683.0,47.10541727672035,18.55571028281641,2.0,33.0,42.0,59.0,130.0
2018-03-31,INN,PM10,2,689.0,30.500725689404934,15.603846128679093,4.0,19.0,27.0,38.0,105.0
2018-03-31,INN,PM2.5,2,689.0,16.875181422351233,7.986659079940077,1.0,12.0,16.0,21.0,64.0
2018-03-31,INN,PMCO,2,689.0,13.616835994194485,9.633007444011291,1.0,6.0,11.0,18.0,80.0
2018-03-31,INN,SO2,1,683.0,1.3806734992679355,1.3192822685427812,0.0,1.0,1.0,1.0,17.0
2018-03-31,IZT,CO,15,687.0,0.5072780203784581,0.42050852509377445,0.0,0.2,0.4,0.7,2.6
2018-03-31,IZT,NO,1,686.0,16.293002915451893,24.559479606876522,0.0,2.0,5.0,19.0,163.0
2018-03-31,IZT,NO2,1,686.0,29.634110787172013,12.737619539926309,6.0,20.0,29.0,37.0,95.0
2018-03-31,IZT,NOX,1,686.0,45.911078717201164,33.08135461356211,10.0,22.25,35.0,58.0,200.0
2018-03-31,IZT,O3,1,690.0,34.323188405797104,30.165218222314678,1.0,7.0,26.0,57.0,126.0
2018-03-31,IZT,PM10,2,674.0,57.667655786350146,19.981326903099617,14.0,44.0,57.0,69.0,168.0
2018-03-31,IZT,SO2,1,690.0,3.773913043478261,6.822094477126252,0.0,1.0,2.0,3.0,64.0
2018-03-31,LLA,CO,15,671.0,0.47332339791356126,0.383721931391503,0.0,0.2,0.3,0.6,2.4
2018-03-31,LLA,NO,1,685.0,23.48029197080292,39.03171944357105,0.0,2.0,4.0,27.0,266.0
2018-03-31,LLA,NO2,1,685.0,24.83941605839416,11.704720880336435,3.0,15.0,24.0,33.0,62.0
2018-03-31,LLA,NOX,1,685.0,48.29051094890511,46.451779505019935,4.0,16.0,29.0,62.0,302.0
2018-03-31,LLA,O3,1,685.0,32.57810218978102,28.844589414625315,0.0,4.0,27.0,56.0,114.0
2018-03-31,LLA,SO2,1,654.0,4.944954128440367,12.381259510147437,0.0,1.0,2.0,3.0,172.0
2018-03-31,LPR,CO,15,666.0,0.6003003003003006,0.4848686977368437,0.0,0.3,0.4,0.8,3.0
2018-03-31,LPR,NO,1,0.0,,,,,,,
2018-03-31,LPR,NO2,1,0.0,,,,,,,
2018-03-31,LPR,NOX,1,0.0,,,,,,,
2018-03-31,LPR,O3,1,666.0,33.013513513513516,29.17855011879713,0.0,5.0,27.0,55.0,123.0
2018-03-31,LPR,SO2,1,662.0,3.974320241691843,7.861755937495069,0.0,1.0,2.0,4.0,77.0
2018-03-31,MER,CO,15,471.0,0.5980891719745223,0.5005279771014093,0.1,0.3,0.4,0.8,3.8
2018-03-31,MER,NO,1,619.0,27.55411954765751,42.35905501853596,0.0,3.0,9.0,33.0,371.0
2018-03-31,MER,NO2,1,619.0,34.91276252019386,14.997264538929482,11.0,23.0,33.0,42.5,107.0
2018-03-31,MER,NOX,1,619.0,62.47172859450727,51.849050498750714,12.0,27.0,43.0,79.0,417.0
2018-03-31,MER,O3,1,622.0,33.665594855305464,31.56667262828159,0.0,5.0,25.5,56.0,125.0
2018-03-31,MER,PM10,2,526.0,68.23574144486692,24.165176363670675,17.0,51.0,65.5,83.0,156.0
2018-03-31,MER,PM2.5,2,526.0,29.785171102661597,12.737550361382814,1.0,20.0,28.0,37.0,77.0
2018-03-31,MER,PMCO,2,526.0,38.46958174904943,16.577495549143602,10.0,27.0,36.0,47.0,134.0
2018-03-31,MER,SO2,1,560.0,4.803571428571429,9.795621019500517,0.0,1.0,2.0,5.0,137.0
2018-03-31,MGH,CO,15,690.0,0.4511594202898546,0.350127640967098,0.0,0.2,0.35,0.6,2.2
2018-03-31,MGH,NO,1,691.0,22.534008683068016,38.05518401136767,1.0,3.0,7.0,23.0,318.0
2018-03-31,MGH,NO2,1,691.0,28.738060781476122,12.674268638045493,6.0,19.0,27.0,36.0,86.0
2018-03-31,MGH,NOX,1,691.0,51.27930535455861,45.70106227266608,8.0,23.0,36.0,61.0,363.0
2018-03-31,MGH,O3,1,691.0,34.62373371924747,30.155783226127056,0.0,8.5,26.0,55.0,126.0
2018-03-31,MGH,PM10,2,702.0,43.11253561253561,17.415052013784223,7.0,31.0,40.0,54.0,110.0
2018-03-31,MGH,PM2.5,2,702.0,23.12108262108262,10.778585255502671,2.0,16.0,22.0,30.0,68.0
2018-03-31,MGH,PMCO,2,702.0,20.012820512820515,9.232369141498046,5.0,13.0,18.0,25.0,60.0
2018-03-31,MGH,SO2,1,690.0,4.176811594202898,7.606279296705271,0.0,1.0,2.0,3.0,94.0
2018-03-31,MON,CO,15,675.0,0.34414814814814726,0.3179692265898363,0.0,0.1,0.2,0.4,2.1
2018-03-31,MON,NO,1,675.0,18.444444444444443,33.71143618673776,0.0,1.0,2.0,18.5,226.0
2018-03-31,MON,NO2,1,675.0,18.31851851851852,10.174918143468703,2.0,9.0,18.0,26.0,49.0
2018-03-31,MON,NOX,1,675.0,36.77037037037037,39.971306611574626,3.0,10.0,21.0,46.5,257.0
2018-03-31,MON,O3,1,675.0,37.33037037037037,29.88810307383588,0.0,7.0,36.0,60.0,124.0
2018-03-31,MON,SO2,1,674.0,1.7537091988130564,3.266543385060536,0.0,1.0,1.0,2.0,57.0
2018-03-31,MPA,CO,15,0.0,,,,,,,
2018-03-31,MPA,O3,1,0.0,,,,,,,
2018-03-31,MPA,PM10,2,0.0,,,,,,,
2018-03-31,MPA,PM2.5,2,0.0,,,,,,,
2018-03-31,MPA,PMCO,2,0.0,,,,,,,
2018-03-31,MPA,SO2,1,0.0,,,,,,,
2018-03-31,NEZ,CO,15,645.0,0.609457364341085,0.5820454269233288,0.0,0.3,0.4,0.7,4.8
2018-03-31,NEZ,NO,1,645.0,17.015503875968992,32.64399169892057,1.0,2.0,3.0,17.0,290.0
2018-03-31,NEZ,NO2,1,645.0,26.249612403100777,11.628622617488722,7.0,17.0,26.0,34.0,65.0
2018-03-31,NEZ,NOX,1,645.0,43.29302325581396,39.3647463944946,7.0,19.0,32.0,52.0,325.0
2018-03-31,NEZ,O3,1,645.0,35.34418604651163,30.195367757366384,0.0,8.0,28.0,60.0,117.0
2018-03-31,NEZ,PM2.5,2,693.0,33.24819624819625,19.16898198383763,7.0,23.0,29.0,40.0,217.0
2018-03-31,NEZ,SO2,1,641.0,2.511700468018721,4.9934585719860145,0.0,1.0,1.0,2.0,55.0
2018-03-31,PED,CO,15,626.0,0.29568690095846545,0.20637191526983698,0.0,0.1,0.2,0.4,1.3
2018-03-31,PED,NO,1,628.0,5.321656050955414,10.423184919015549,0.0,0.0,1.0,5.0,96.0
2018-03-31,PED,NO2,1,628.0,20.673566878980893,11.03511006935269,4.0,12.0,18.0,28.0,64.0
2018-03-31,PED,NOX,1,628.0,25.977707006369428,19.320584584147255,4.0,12.0,20.5,34.0,136.0
2018-03-31,PED,O3,1,629.0,41.01589825119237,28.490579542004973,0.0,18.0,34.0,61.0,127.0
2018-03-31,PED,PM10,2,0.0,,,,,,,
2018-03-31,PED,PM2.5,2,0.0,,,,,,,
2018-03-31,PED,PMCO,2,0.0,,,,,,,
2018-03-31,PED,SO2,1,629.0,3.505564387917329,5.567082296321516,1.0,2.0,2.0,3.0,73.0
2018-03-31,SAG,CO,15,486.0,0.5993827160493818,0.46976593165747016,0.0,0.3,0.5,0.7,2.9
2018-03-31,SAG,NO,1,487.0,21.3305954825462,34.43804522776644,0.0,2.0,6.0,27.0,217.0
2018-03-31,SAG,NO2,1,487.0,24.609856262833677,11.421216331441457,4.0,15.0,25.0,32.0,62.0
2018-03-31,SAG,NOX,1,487.0,45.936344969199176,41.31334210634599,4.0,17.0,33.0,61.0,255.0
2018-03-31,SAG,O3,1,482.0,30.221991701244814,27.73348235303542,0.0,4.0,23.0,51.0,108.0
2018-03-31,SAG,PM10,2,681.0,65.10572687224669,27.94054579831334,9.0,45.0,60.0,80.0,214.0
2018-03-31,SAG,PM2.5,2,681.0,25.64023494860499,11.340638635041694,2.0,18.0,25.0,33.0,66.0
2018-03-31,SAG,PMCO,2,681.0,39.455212922173274,21.437216264427448,8.0,25.0,35.0,48.0,163.0
2018-03-31,SAG,SO2,1,482.0,4.628630705394191,12.000565206393427,0.0,1.0,2.0,4.0,136.0
2018-03-31,SFE,CO,15,589.0,0.27894736842105167,0.18079072055880538,0.0,0.2,0.2,0.4,1.0
2018-03-31,SFE,NO,1,589.0,7.256366723259762,12.71617753613842,0.0,1.0,2.0,7.0,86.0
2018-03-31,SFE,NO2,1,589.0,19.0169779286927,9.445496193135966,2.0,11.0,18.0,25.0,47.0
2018-03-31,SFE,NOX,1,589.0,26.28183361629881,20.00600316451359,4.0,12.0,20.0,33.0,127.0
2018-03-31,SFE,O3,1,587.0,39.19931856899489,27.98889588837363,0.0,16.5,34.0,57.0,143.0
2018-03-31,SFE,PM10,2,297.0,42.28619528619529,18.43328670601254,6.0,30.0,40.0,52.0,114.0
2018-03-31,SFE,PM2.5,2,297.0,20.262626262626263,10.240274745495203,1.0,13.0,20.0,25.0,65.0
2018-03-31,SFE,PMCO,2,297.0,22.03030303030303,11.718074407225272,3.0,13.0,19.0,29.0,81.0
2018-03-31,SFE,SO2,1,586.0,2.10580204778157,4.10699638058637,0.0,1.0,1.0,2.0,42.0
2018-03-31,SJA,CO,15,0.0,,,,,,,
2018-03-31,SJA,NO,1,0.0,,,,,,,
2018-03-31,SJA,NO2,1,0.0,,,,,,,
2018-03-31,SJA,NOX,1,0.0,,,,,,,
2018-03-31,SJA,O3,1,0.0,,,,,,,
2018-03-31,SJA,PM2.5,2,0.0,,,,,,,
2018-03-31,SJA,SO2,1,0.0,,,,,,,
2018-03-31,TAH,CO,15,0.0,,,,,,,
2018-03-31,TAH,NO,1,203.0,5.330049261083744,9.355171889744744,0.0,1.0,2.0,5.0,62.0
2018-03-31,TAH,NO2,1,203.0,19.2807881773399,7.859847538985553,5.0,13.0,19.0,25.0,46.0
2018-03-31,TAH,NOX,1,203.0,24.620689655172413,14.484849220746613,5.0,14.0,22.0,30.0,87.0
2018-03-31,TAH,O3,1,203.0,41.42857142857143,30.130057546427953,1.0,15.0,31.0,67.5,110.0
2018-03-31,TAH,PM10,2,179.0,78.12290502793296,37.120915096220585,18.0,56.5,74.0,91.0,316.0
2018-03-31,TAH,SO2,1,0.0,,,,,,,
2018-03-31,TLA,CO,15,678.0,0.5250737463126837,0.39302212459040375,0.0,0.3,0.4,0.7,2.5
2018-03-31,TLA,NO,1,637.0,25.441130298273155,36.40575500470432,1.0,5.0,10.0,28.0,231.0
2018-03-31,TLA,NO2,1,637.0,32.24018838304553,12.48195245429873,9.0,24.0,31.0,39.0,79.0
2018-03-31,TLA,NOX,1,637.0,57.645211930926216,44.113771896158106,11.0,30.0,42.0,68.0,292.0
2018-03-31,TLA,O3,1,445.0,26.492134831460675,26.14862331104376,0.0,4.0,17.0,46.0,110.0
2018-03-31,TLA,PM10,2,686.0,56.84256559766764,23.89132930964332,11.0,41.0,52.5,68.0,159.0
2018-03-31,TLA,PM2.5,2,686.0,26.081632653061224,13.038932637982754,1.0,16.0,25.0,34.0,80.0
2018-03-31,TLA,PMCO,2,686.0,30.803206997084548,16.492707211371,1.0,19.0,27.0,39.0,130.0
2018-03-31,TLA,SO2,1,680.0,8.194117647058823,17.004044241745596,0.0,2.0,3.0,7.0,187.0
2018-03-31,TLI,CO,15,695.0,0.5240287769784172,0.38979917874087716,0.0,0.3,0.4,0.7,2.8
2018-03-31,TLI,NO,1,695.0,17.835971223021584,30.388059347259155,1.0,2.0,4.0,20.0,226.0
2018-03-31,TLI,NO2,1,695.0,25.72661870503597,12.957593078093605,5.0,14.0,25.0,35.0,68.0
2018-03-31,TLI,NOX,1,695.0,43.56978417266187,39.265599067456755,7.0,17.0,30.0,57.5,264.0
2018-03-31,TLI,O3,1,690.0,33.2072463768116,29.71195445758446,0.0,6.0,27.0,56.0,131.0
2018-03-31,TLI,PM10,2,0.0,,,,,,,
2018-03-31,TLI,SO2,1,695.0,8.7568345323741,21.453317224535674,0.0,1.0,3.0,6.0,236.0
2018-03-31,UAX,CO,15,689.0,0.4130624092888245,0.29180283223735964,0.0,0.2,0.3,0.6,1.9
2018-03-31,UAX,NO,1,692.0,9.923410404624278,17.706766542930776,0.0,1.0,2.0,12.0,157.0
2018-03-31,UAX,NO2,1,692.0,22.815028901734102,11.45003135755044,4.0,13.0,22.0,30.0,71.0
2018-03-31,UAX,NOX,1,692.0,32.74132947976879,25.436299880894513,5.0,14.0,25.0,43.0,194.0
2018-03-31,UAX,O3,1,692.0,39.854046242774565,31.436248369275248,0.0,11.0,35.0,63.0,120.0
2018-03-31,UAX,PM2.5,2,701.0,27.20827389443652,11.542937977792318,1.0,20.0,26.0,35.0,70.0
2018-03-31,UAX,SO2,1,692.0,2.0216763005780347,3.8270638909369112,0.0,1.0,1.0,2.0,32.0
2018-03-31,UIZ,CO,15,637.0,0.4929356357927801,0.4182514710321366,0.0,0.2,0.4,0.7,4.0
2018-03-31,UIZ,NO,1,637.0,14.718995290423862,24.31141966305126,0.0,1.0,4.0,20.0,253.0
2018-03-31,UIZ,NO2,1,637.0,27.177394034536892,13.425484688092872,5.0,16.0,27.0,36.0,91.0
2018-03-31,UIZ,NOX,1,637.0,41.88697017268446,34.22952176331616,6.0,18.0,31.0,58.0,341.0
2018-03-31,UIZ,O3,1,632.0,30.781645569620252,25.860648966299642,1.0,7.0,25.0,52.0,100.0
2018-03-31,UIZ,PM10,2,196.0,55.357142857142854,21.19470180529522,14.0,39.75,53.0,68.25,118.0
2018-03-31,UIZ,PM2.5,2,196.0,25.6734693877551,12.812074041112766,2.0,16.0,24.5,33.0,65.0
2018-03-31,UIZ,PMCO,2,196.0,29.693877551020407,13.926111363478546,8.0,20.0,28.0,35.0,83.0
2018-03-31,UIZ,SO2,1,621.0,3.143317230273752,5.15442884519424,0.0,1.0,2.0,3.0,50.0
2018-03-31,VIF,CO,15,357.0,0.3983193277310922,0.2864887765544778,0.0,0.2,0.3,0.5,1.7
2018-03-31,VIF,NO,1,357.0,15.212885154061624,22.939699943687895,1.0,2.0,4.0,18.0,144.0
2018-03-31,VIF,NO2,1,357.0,20.067226890756302,10.757592896587646,3.0,11.0,19.0,29.0,49.0
2018-03-31,VIF,NOX,1,357.0,35.324929971988794,30.370849608863153,5.0,14.0,24.0,49.0,178.0
2018-03-31,VIF,O3,1,357.0,33.36974789915966,27.844531934369655,0.0,6.0,30.0,54.0,103.0
2018-03-31,VIF,PM10,2,688.0,64.77906976744185,35.14495701791852,3.0,41.0,59.0,83.0,303.0
2018-03-31,VIF,SO2,1,357.0,6.294117647058823,13.770604342308744,0.0,1.0,2.0,5.0,129.0
2018-03-31,XAL,CO,15,633.0,0.6884676145339651,0.5778969587346096,0.0,0.3,0.5,0.9,4.3
2018-03-31,XAL,NO,1,633.0,35.93680884676145,53.72986040642667,0.0,5.0,12.0,42.0,407.0
2018-03-31,XAL,NO2,1,633.0,31.4565560821485,13.445333250683253,4.0,21.0,31.0,40.0,87.0
2018-03-31,XAL,NOX,1,633.0,67.40916271721959,61.589790206526274,4.0,27.0,47.0,86.0,457.0
2018-03-31,XAL,O3,1,633.0,24.86571879936809,21.82625531420941,0.0,4.0,20.0,41.0,90.0
2018-03-31,XAL,PM10,2,638.0,83.84326018808777,38.95995460500277,14.0,55.0,76.5,104.0,263.0
2018-03-31,XAL,PM2.5,2,638.0,30.63322884012539,15.217325474004067,1.0,20.0,29.0,38.75,104.0
2018-03-31,XAL,PMCO,2,638.0,53.21630094043887,28.457193346699874,7.0,34.0,47.0,66.0,202.0
2018-03-31,XAL,SO2,1,631.0,4.722662440570523,8.392217287189125,0.0,1.0,2.0,5.0,73.0
2018-04-30,ACO,CO,15,613.0,0.24632952691680174,0.20684464756924245,0.0,0.1,0.2,0.3,1.3
2018-04-30,ACO,NO,1,614.0,8.368078175895766,13.62937609998329,0.0,1.0,3.0,9.0,107.0
2018-04-30,ACO,NO2,1,614.0,18.311074918566774,10.452064486202795,4.0,9.0,16.0,26.0,58.0
2018-04-30,ACO,NOX,1,614.0,26.71661237785016,21.280642068352815,5.0,11.0,19.0,36.75,137.0
2018-04-30,ACO,O3,1,614.0,31.610749185667753,20.759084532528632,1.0,12.25,31.0,49.0,78.0
2018-04-30,ACO,PM10,2,614.0,53.72801302931596,21.893691619967573,4.0,39.0,51.0,66.0,196.0
2018-04-30,ACO,SO2,1,614.0,2.1775244299674266,4.420338917481928,0.0,1.0,1.0,2.0,48.0
2018-04-30,AJM,CO,15,675.0,0.2302222222222221,0.15205548469332364,0.0,0.1,0.2,0.3,0.8
2018-04-30,AJM,NO,1,675.0,2.9792592592592593,4.562410867326533,0.0,0.0,1.0,3.0,30.0
2018-04-30,AJM,NO2,1,675.0,15.712592592592593,7.812931812442733,3.0,9.0,14.0,20.5,42.0
2018-04-30,AJM,NOX,1,675.0,18.702222222222222,11.313783685657764,3.0,10.0,16.0,24.0,71.0
2018-04-30,AJM,O3,1,675.0,46.733333333333334,19.611206146695576,7.0,33.0,44.0,58.0,116.0
2018-04-30,AJM,PM10,2,687.0,37.64046579330422,14.799840193514447,3.0,27.0,36.0,48.0,94.0
2018-04-30,AJM,PM2.5,2,687.0,21.75545851528384,9.1480308249693,1.0,15.0,21.0,26.0,65.0
2018-04-30,AJM,PMCO,2,687.0,15.89665211062591,9.098237927297353,2.0,9.5,14.0,20.0,61.0
2018-04-30,AJM,SO2,1,675.0,1.9155555555555555,3.153865008303841,0.0,1.0,1.0,2.0,30.0
2018-04-30,AJU,O3,1,0.0,,,,,,,
2018-04-30,AJU,PM2.5,2,377.0,22.49602122015915,10.530382086760465,3.0,14.0,21.0,29.0,62.0
2018-04-30,ATI,CO,15,553.0,0.4164556962025311,0.32671025246573787,0.0,0.2,0.3,0.5,2.0
2018-04-30,ATI,NO,1,553.0,10.345388788426764,20.80939337877036,0.0,0.0,1.0,8.0,142.0
2018-04-30,ATI,NO2,1,553.0,21.73236889692586,11.827748523663786,5.0,12.0,19.0,29.0,59.0
2018-04-30,ATI,NOX,1,553.0,32.06509945750452,29.36105994918657,5.0,13.0,22.0,39.0,186.0
2018-04-30,ATI,O3,1,665.0,38.05563909774436,27.067100393743218,1.0,14.0,34.0,60.0,117.0
2018-04-30,ATI,PM10,2,657.0,45.073059360730596,25.450528683912978,1.0,28.0,40.0,59.0,198.0
2018-04-30,ATI,SO2,1,538.0,4.08364312267658,8.036142294568132,0.0,1.0,2.0,3.0,86.0
2018-04-30,BJU,CO,15,672.0,0.4383928571428566,0.3293163769594561,0.0,0.2,0.3,0.6,1.9
2018-04-30,BJU,O3,1,671.0,43.79284649776453,32.82677751295972,1.0,15.0,39.0,69.0,140.0
2018-04-30,BJU,PM10,2,685.0,45.59416058394161,17.257135851038342,3.0,33.0,43.0,57.0,110.0
2018-04-30,BJU,PM2.5,2,685.0,26.611678832116787,11.171752348668278,1.0,19.0,25.0,32.0,85.0
2018-04-30,BJU,PMCO,2,685.0,18.997080291970804,10.244524579525548,1.0,12.0,17.0,25.0,81.0
2018-04-30,BJU,SO2,1,663.0,3.9517345399698343,6.826336893650788,0.0,2.0,2.0,3.0,55.0
2018-04-30,CAM,CO,15,224.0,0.4870535714285711,0.43435667266697636,0.0,0.2,0.3,0.6,2.4
2018-04-30,CAM,NO,1,224.0,23.330357142857142,43.105645254266584,0.0,2.0,4.0,23.25,273.0
2018-04-30,CAM,NO2,1,224.0,29.575892857142858,14.200156290024234,6.0,19.0,28.0,40.0,75.0
2018-04-30,CAM,NOX,1,224.0,52.861607142857146,52.50414076437695,8.0,20.75,32.0,62.75,306.0
2018-04-30,CAM,O3,1,224.0,37.33482142857143,31.692036061820847,0.0,8.75,31.0,64.0,118.0
2018-04-30,CAM,PM10,2,0.0,,,,,,,
2018-04-30,CAM,PM2.5,2,0.0,,,,,,,
2018-04-30,CAM,PMCO,2,0.0,,,,,,,
2018-04-30,CAM,SO2,1,224.0,1.6205357142857142,1.9416898189409315,0.0,1.0,1.0,2.0,15.0
2018-04-30,CCA,CO,15,670.0,0.41626865671641744,0.28935439616438846,0.0,0.2,0.3,0.5,1.8
2018-04-30,CCA,NO,1,670.0,10.543283582089552,22.70300365264913,0.0,1.0,1.0,8.0,157.0
2018-04-30,CCA,NO2,1,670.0,23.497014925373133,10.430601611119146,5.0,15.0,22.0,31.0,55.0
2018-04-30,CCA,NOX,1,670.0,34.03283582089552,29.724728061225584,5.0,16.0,24.0,40.0,192.0
2018-04-30,CCA,O3,1,669.0,45.46188340807175,34.20990765081664,0.0,15.0,40.0,69.0,150.0
2018-04-30,CCA,PM2.5,2,682.0,24.412023460410555,8.044773880932706,1.0,19.0,24.0,30.0,59.0
2018-04-30,CCA,SO2,1,668.0,2.37125748502994,3.7356277595860345,1.0,1.0,1.0,2.0,45.0
2018-04-30,CHO,CO,15,667.0,0.4418290854572716,0.37828236850788627,0.0,0.2,0.3,0.5,2.8
2018-04-30,CHO,NO,1,667.0,14.653673163418292,30.200406658080585,0.0,1.0,3.0,11.0,225.0
2018-04-30,CHO,NO2,1,667.0,19.71214392803598,10.588730739325854,2.0,11.0,18.0,27.0,58.0
2018-04-30,CHO,NOX,1,667.0,34.326836581709145,37.2377063097204,2.0,13.0,21.0,40.0,266.0
2018-04-30,CHO,O3,1,666.0,37.987987987987985,26.004334627218682,1.0,14.0,37.0,58.75,97.0
2018-04-30,CHO,PM10,2,659.0,59.49165402124431,37.85508088861734,1.0,35.0,51.0,74.0,263.0
2018-04-30,CHO,SO2,1,667.0,1.0944527736131935,1.4094540693712614,0.0,0.0,1.0,1.0,12.0
2018-04-30,COY,NO,1,0.0,,,,,,,
2018-04-30,COY,NO2,1,0.0,,,,,,,
2018-04-30,COY,NOX,1,0.0,,,,,,,
2018-04-30,COY,O3,1,0.0,,,,,,,
2018-04-30,COY,PM2.5,2,0.0,,,,,,,
2018-04-30,CUA,CO,15,668.0,0.3070359281437126,0.2039230354922772,0.0,0.2,0.3,0.4,1.7
2018-04-30,CUA,NO,1,312.0,6.198717948717949,11.778731648670032,1.0,2.0,3.0,6.0,126.0
2018-04-30,CUA,NO2,1,312.0,22.09294871794872,10.231454006356005,7.0,15.0,20.0,28.0,65.0
2018-04-30,CUA,NOX,1,312.0,28.30448717948718,19.925590980996198,8.0,16.0,23.0,34.0,191.0
2018-04-30,CUA,O3,1,665.0,39.49172932330827,19.360491245108545,0.0,27.0,36.0,50.0,107.0
2018-04-30,CUA,PM10,2,676.0,35.80029585798817,14.057239597357775,2.0,26.0,35.0,44.0,99.0
2018-04-30,CUA,SO2,1,668.0,1.842814371257485,3.5497102757763246,0.0,1.0,1.0,2.0,40.0
2018-04-30,CUT,NO,1,660.0,17.775757575757577,33.23258753445966,0.0,1.0,2.0,18.0,205.0
2018-04-30,CUT,NO2,1,660.0,19.434848484848484,11.375518696829817,1.0,9.0,18.0,28.0,60.0
2018-04-30,CUT,NOX,1,660.0,37.222727272727276,39.77185046823369,1.0,10.0,21.0,48.0,232.0
2018-04-30,CUT,O3,1,659.0,36.76934749620637,31.078656482919563,0.0,4.0,35.0,64.0,113.0
2018-04-30,CUT,PM10,2,632.0,48.848101265822784,29.646448589674602,1.0,29.0,42.0,62.0,198.0
2018-04-30,CUT,SO2,1,666.0,4.983483483483483,10.952448026441662,0.0,1.0,2.0,4.0,140.0
2018-04-30,FAC,CO,15,236.0,0.5372881355932204,0.4952191193795555,0.0,0.2,0.4,0.7,2.7
2018-04-30,FAC,NO,1,236.0,22.906779661016948,39.57314526520514,0.0,2.0,5.5,20.25,204.0
2018-04-30,FAC,NO2,1,236.0,25.864406779661017,12.888005477128996,6.0,16.0,23.0,34.0,67.0
2018-04-30,FAC,NOX,1,236.0,48.720338983050844,47.37903039041285,7.0,19.0,29.0,60.25,247.0
2018-04-30,FAC,O3,1,236.0,36.355932203389834,29.13432586113189,1.0,12.0,30.0,60.25,118.0
2018-04-30,FAC,PM10,2,223.0,32.46636771300449,19.334828043864256,1.0,18.5,29.0,42.0,135.0
2018-04-30,FAC,SO2,1,236.0,2.419491525423729,3.1967206194906677,0.0,1.0,2.0,3.0,42.0
2018-04-30,GAM,O3,1,551.0,41.19600725952813,33.7406372525899,0.0,9.0,34.0,70.0,132.0
2018-04-30,GAM,PM10,2,0.0,,,,,,,
2018-04-30,GAM,PM2.5,2,526.0,29.11596958174905,11.741008787316142,3.0,21.0,27.0,35.0,71.0
2018-04-30,GAM,PMCO,2,0.0,,,,,,,
2018-04-30,HGM,CO,15,662.0,0.41299093655589103,0.3274812831912295,0.0,0.2,0.3,0.6,1.8
2018-04-30,HGM,NO,1,665.0,9.7203007518797,16.466833037073584,0.0,1.0,3.0,10.0,102.0
2018-04-30,HGM,NO2,1,665.0,32.222556390977445,15.263205898447293,7.0,19.0,29.0,43.0,81.0
2018-04-30,HGM,NOX,1,665.0,41.945864661654134,29.15646539946313,7.0,21.0,33.0,55.0,166.0
2018-04-30,HGM,O3,1,665.0,46.473684210526315,31.278042585854646,0.0,20.0,41.0,70.0,137.0
2018-04-30,HGM,PM10,2,672.0,44.958333333333336,17.358361597147024,3.0,33.0,44.0,55.0,126.0
2018-04-30,HGM,PM2.5,2,672.0,26.428571428571427,11.78676487727182,2.0,19.0,25.0,33.0,86.0
2018-04-30,HGM,PMCO,2,672.0,18.529761904761905,10.169312180594398,1.0,11.0,17.0,24.0,75.0
2018-04-30,HGM,SO2,1,662.0,3.0619335347432024,5.820624388146883,0.0,1.0,1.0,2.0,47.0
2018-04-30,INN,CO,15,671.0,0.22369597615499304,0.0892191163099469,0.0,0.2,0.2,0.3,0.7
2018-04-30,INN,O3,1,522.0,52.17049808429119,20.423812156754465,3.0,37.0,51.0,67.0,111.0
2018-04-30,INN,PM10,2,670.0,30.519402985074628,12.801651598486005,3.0,21.0,28.5,38.0,86.0
2018-04-30,INN,PM2.5,2,670.0,19.4955223880597,7.667363967168154,2.0,14.0,19.0,23.75,61.0
2018-04-30,INN,PMCO,2,670.0,11.049253731343283,8.182829979149126,1.0,5.0,8.5,15.0,46.0
2018-04-30,INN,SO2,1,671.0,1.4932935916542474,2.06813775240651,0.0,1.0,1.0,1.0,33.0
2018-04-30,IZT,CO,15,600.0,0.49949999999999906,0.40656106942494225,0.0,0.2,0.4,0.7,2.6
2018-04-30,IZT,NO,1,46.0,11.956521739130435,17.281919288653008,1.0,1.0,3.5,15.75,69.0
2018-04-30,IZT,NO2,1,46.0,27.565217391304348,10.823127857433708,6.0,19.25,27.5,36.0,49.0
2018-04-30,IZT,NOX,1,46.0,39.630434782608695,25.62668634724546,7.0,21.75,32.0,55.25,112.0
2018-04-30,IZT,O3,1,592.0,40.49324324324324,31.99947051626703,1.0,12.0,34.0,65.0,131.0
2018-04-30,IZT,PM10,2,613.0,50.22838499184339,18.46061104882456,3.0,38.0,47.0,60.0,125.0
2018-04-30,IZT,SO2,1,512.0,3.169921875,7.84964092275524,0.0,0.0,1.0,2.0,62.0
2018-04-30,LLA,CO,15,450.0,0.486222222222222,0.3540242016621666,0.0,0.2,0.4,0.6,2.0
2018-04-30,LLA,NO,1,616.0,18.84577922077922,35.63328007386809,0.0,1.0,4.0,18.0,254.0
2018-04-30,LLA,NO2,1,616.0,25.75487012987013,13.708699118728285,3.0,14.0,24.0,36.0,74.0
2018-04-30,LLA,NOX,1,616.0,44.589285714285715,44.590733101322215,4.0,16.0,29.0,56.25,305.0
2018-04-30,LLA,O3,1,450.0,36.72666666666667,30.682125553940946,0.0,8.0,30.0,62.0,123.0
2018-04-30,LLA,SO2,1,324.0,2.5987654320987654,4.619195212956011,0.0,1.0,1.0,2.0,46.0
2018-04-30,LPR,CO,15,657.0,0.710045662100456,0.4624195688634858,0.1,0.4,0.6,0.9,3.1
2018-04-30,LPR,NO,1,0.0,,,,,,,
2018-04-30,LPR,NO2,1,0.0,,,,,,,
2018-04-30,LPR,NOX,1,0.0,,,,,,,
2018-04-30,LPR,O3,1,653.0,39.01990811638591,29.55795858888878,1.0,12.0,35.0,62.0,126.0
2018-04-30,LPR,SO2,1,649.0,2.938366718027735,6.221668461062852,0.0,1.0,1.0,2.0,50.0
2018-04-30,MER,CO,15,641.0,0.5084243369734792,0.4039927841642558,0.0,0.2,0.4,0.7,2.4
2018-04-30,MER,NO,1,668.0,19.790419161676645,31.146812454261173,0.0,2.75,6.0,22.0,188.0
2018-04-30,MER,NO2,1,668.0,34.964071856287426,13.9844172071815,9.0,24.0,34.5,44.0,92.0
2018-04-30,MER,NOX,1,668.0,54.78443113772455,40.818921408499676,10.0,27.75,42.0,66.0,252.0
2018-04-30,MER,O3,1,664.0,38.9894578313253,32.175445848390574,0.0,10.0,32.0,64.0,126.0
2018-04-30,MER,PM10,2,451.0,55.21507760532151,21.69721628188401,11.0,41.0,52.0,65.0,136.0
2018-04-30,MER,PM2.5,2,451.0,25.518847006651885,12.08880012430638,2.0,16.0,25.0,33.0,70.0
2018-04-30,MER,PMCO,2,451.0,29.733924611973393,15.128051277414478,4.0,20.0,27.0,36.0,114.0
2018-04-30,MER,SO2,1,668.0,4.199101796407185,9.098867209678726,0.0,1.0,2.0,3.0,68.0
2018-04-30,MGH,CO,15,675.0,0.45703703703703646,0.3314702301308793,0.0,0.2,0.4,0.6,2.0
2018-04-30,MGH,NO,1,675.0,19.16296296296296,31.977831575578616,0.0,2.0,5.0,20.0,242.0
2018-04-30,MGH,NO2,1,675.0,29.254814814814814,13.091674696834355,5.0,19.0,27.0,38.0,71.0
2018-04-30,MGH,NOX,1,675.0,48.41777777777778,40.927456026186974,7.0,22.0,32.0,60.0,306.0
2018-04-30,MGH,O3,1,675.0,39.75851851851852,30.984289081868283,0.0,13.5,33.0,64.0,127.0
2018-04-30,MGH,PM10,2,687.0,38.49781659388646,14.625138444680784,5.0,27.0,37.0,48.0,96.0
2018-04-30,MGH,PM2.5,2,687.0,22.748180494905387,10.509015650853385,3.0,15.0,21.0,29.0,68.0
2018-04-30,MGH,PMCO,2,687.0,15.75400291120815,7.1733457974658315,2.0,10.0,15.0,19.0,56.0
2018-04-30,MGH,SO2,1,675.0,3.0014814814814814,5.242063170985571,0.0,1.0,1.0,2.0,53.0
2018-04-30,MON,CO,15,671.0,0.32488822652756977,0.31322674686356333,0.0,0.2,0.2,0.4,2.3
2018-04-30,MON,NO,1,675.0,12.891851851851852,30.970194946951754,1.0,1.0,1.0,7.0,241.0
2018-04-30,MON,NO2,1,675.0,17.02962962962963,10.62312349688083,2.0,8.0,15.0,25.0,53.0
2018-04-30,MON,NOX,1,675.0,29.921481481481482,37.90239766220329,2.0,9.0,17.0,32.5,283.0
2018-04-30,MON,O3,1,675.0,44.86222222222222,30.603431341782525,0.0,15.5,45.0,70.0,129.0
2018-04-30,MON,SO2,1,675.0,1.557037037037037,2.367733793028675,0.0,1.0,1.0,2.0,29.0
2018-04-30,MPA,CO,15,450.0,0.16288888888888958,0.09544462175951103,0.0,0.1,0.1,0.2,0.7
2018-04-30,MPA,O3,1,562.0,59.745551601423486,22.250102200049824,15.0,43.0,57.0,72.75,130.0
2018-04-30,MPA,PM10,2,0.0,,,,,,,
2018-04-30,MPA,PM2.5,2,0.0,,,,,,,
2018-04-30,MPA,PMCO,2,0.0,,,,,,,
2018-04-30,MPA,SO2,1,0.0,,,,,,,
2018-04-30,NEZ,CO,15,571.0,0.536777583187391,0.38613621529165326,0.0,0.3,0.4,0.7,2.9
2018-04-30,NEZ,NO,1,580.0,10.827586206896552,20.406353722043814,1.0,2.0,3.0,9.0,162.0
2018-04-30,NEZ,NO2,1,580.0,26.21034482758621,11.592709424374746,8.0,17.0,25.0,35.0,64.0
2018-04-30,NEZ,NOX,1,580.0,37.029310344827586,28.176733800700582,9.0,19.0,28.0,44.0,203.0
2018-04-30,NEZ,O3,1,571.0,42.56042031523643,29.96643342899859,0.0,16.5,38.0,65.5,127.0
2018-04-30,NEZ,PM2.5,2,676.0,30.17751479289941,11.487493890691294,1.0,22.0,29.0,37.0,81.0
2018-04-30,NEZ,SO2,1,570.0,3.094736842105263,8.100520086855552,0.0,1.0,1.0,2.0,78.0
2018-04-30,PED,CO,15,649.0,0.3295839753466861,0.21883525736560652,0.0,0.2,0.3,0.4,1.4
2018-04-30,PED,NO,1,653.0,5.539050535987749,10.558793489600582,0.0,0.0,1.0,5.0,73.0
2018-04-30,PED,NO2,1,653.0,21.37978560490046,11.044931461847503,4.0,13.0,19.0,28.0,66.0
2018-04-30,PED,NOX,1,653.0,26.998468606431853,19.949745084576403,4.0,14.0,20.0,33.0,138.0
2018-04-30,PED,O3,1,627.0,48.208931419457734,32.2742746144891,0.0,22.0,43.0,71.0,152.0
2018-04-30,PED,PM10,2,0.0,,,,,,,
2018-04-30,PED,PM2.5,2,0.0,,,,,,,
2018-04-30,PED,PMCO,2,0.0,,,,,,,
2018-04-30,PED,SO2,1,653.0,2.5114854517611027,3.589171653480359,0.0,1.0,2.0,2.0,43.0
2018-04-30,SAG,CO,15,671.0,0.5581222056631892,0.41694201962629485,0.0,0.3,0.5,0.7,2.7
2018-04-30,SAG,NO,1,671.0,14.60655737704918,27.131909152325814,1.0,2.0,3.0,13.0,212.0
2018-04-30,SAG,NO2,1,671.0,24.894187779433683,11.913587334745014,5.0,15.0,23.0,33.5,61.0
2018-04-30,SAG,NOX,1,671.0,39.502235469448586,35.294956441665974,6.0,17.0,28.0,47.0,249.0
2018-04-30,SAG,O3,1,670.0,37.049253731343285,28.662287389980037,0.0,11.0,32.0,60.0,122.0
2018-04-30,SAG,PM10,2,668.0,57.717065868263475,27.238067699593696,5.0,40.0,53.0,69.0,294.0
2018-04-30,SAG,PM2.5,2,668.0,26.525449101796408,11.14458389410827,1.0,19.0,25.0,33.0,76.0
2018-04-30,SAG,PMCO,2,668.0,31.176646706586826,22.39381593290691,3.0,19.0,26.0,37.0,277.0
2018-04-30,SAG,SO2,1,671.0,4.178837555886736,11.570713125334898,0.0,1.0,2.0,3.0,137.0
2018-04-30,SFE,CO,15,539.0,0.33543599257884965,0.2124086181898193,0.0,0.2,0.3,0.4,1.3
2018-04-30,SFE,NO,1,539.0,8.014842300556586,15.1451392856144,0.0,1.0,2.0,7.0,117.0
2018-04-30,SFE,NO2,1,539.0,20.591836734693878,10.059507338039753,3.0,13.0,19.0,26.0,53.0
2018-04-30,SFE,NOX,1,539.0,28.558441558441558,22.876300178009608,4.0,14.0,21.0,34.5,166.0
2018-04-30,SFE,O3,1,537.0,42.83054003724395,27.50507345138392,0.0,23.0,37.0,60.0,132.0
2018-04-30,SFE,PM10,2,546.0,40.917582417582416,17.239983993308254,5.0,29.0,38.0,50.0,123.0
2018-04-30,SFE,PM2.5,2,546.0,23.871794871794872,11.062211538023197,1.0,16.0,22.0,29.75,79.0
2018-04-30,SFE,PMCO,2,546.0,17.086080586080588,8.22492901310146,1.0,11.0,16.0,22.0,50.0
2018-04-30,SFE,SO2,1,539.0,1.6679035250463823,2.92392856205969,0.0,1.0,1.0,2.0,27.0
2018-04-30,SJA,CO,15,0.0,,,,,,,
2018-04-30,SJA,NO,1,0.0,,,,,,,
2018-04-30,SJA,NO2,1,0.0,,,,,,,
2018-04-30,SJA,NOX,1,0.0,,,,,,,
2018-04-30,SJA,O3,1,0.0,,,,,,,
2018-04-30,SJA,PM2.5,2,0.0,,,,,,,
2018-04-30,SJA,SO2,1,0.0,,,,,,,
2018-04-30,TAH,CO,15,0.0,,,,,,,
2018-04-30,TAH,NO,1,0.0,,,,,,,
2018-04-30,TAH,NO2,1,0.0,,,,,,,
2018-04-30,TAH,NOX,1,0.0,,,,,,,
2018-04-30,TAH,O3,1,0.0,,,,,,,
2018-04-30,TAH,PM10,2,0.0,,,,,,,
2018-04-30,TAH,SO2,1,0.0,,,,,,,
2018-04-30,TLA,CO,15,575.0,0.5450434782608691,0.43300943072396786,0.0,0.3,0.4,0.7,2.5
2018-04-30,TLA,NO,1,312.0,25.17948717948718,34.36787686936555,2.0,7.0,11.0,27.0,243.0
2018-04-30,TLA,NO2,1,312.0,33.43269230769231,13.596456240880032,12.0,22.75,31.0,42.0,79.0
2018-04-30,TLA,NOX,1,312.0,58.541666666666664,43.960792906508345,15.0,31.0,42.0,70.5,316.0
2018-04-30,TLA,O3,1,619.0,32.27302100161551,26.535768723836323,0.0,7.0,27.0,55.0,111.0
2018-04-30,TLA,PM10,2,655.0,54.4381679389313,23.867987011431648,1.0,38.0,50.0,66.0,151.0
2018-04-30,TLA,PM2.5,2,655.0,28.283969465648855,12.708757225359747,1.0,20.0,26.0,35.0,77.0
2018-04-30,TLA,PMCO,2,655.0,26.16793893129771,16.18884761278283,1.0,14.0,23.0,33.0,106.0
2018-04-30,TLA,SO2,1,660.0,5.677272727272728,11.451306098741943,0.0,1.0,2.0,4.0,95.0
2018-04-30,TLI,CO,15,667.0,0.4700149925037473,0.3841849135806027,0.0,0.2,0.3,0.6,1.9
2018-04-30,TLI,NO,1,671.0,14.283159463487332,24.10518615474954,0.0,2.0,3.0,13.0,135.0
2018-04-30,TLI,NO2,1,671.0,25.90014903129657,13.603023697292446,5.0,14.0,24.0,36.0,66.0
2018-04-30,TLI,NOX,1,671.0,40.2026825633383,34.37923781576765,6.0,16.0,27.0,51.0,195.0
2018-04-30,TLI,O3,1,669.0,38.002989536621826,29.604174987289113,0.0,11.0,33.0,64.0,120.0
2018-04-30,TLI,PM10,2,0.0,,,,,,,
2018-04-30,TLI,SO2,1,671.0,5.5007451564828616,12.04281848471747,0.0,1.0,2.0,3.0,100.0
2018-04-30,UAX,CO,15,668.0,0.4025449101796403,0.278585185582846,0.0,0.2,0.3,0.5,1.8
2018-04-30,UAX,NO,1,668.0,9.00748502994012,19.01664080610716,0.0,1.0,1.0,7.0,138.0
2018-04-30,UAX,NO2,1,668.0,21.87874251497006,10.840895014398592,4.0,13.0,20.0,29.0,74.0
2018-04-30,UAX,NOX,1,668.0,30.854790419161677,26.542967193821077,4.0,14.0,22.0,38.0,180.0
2018-04-30,UAX,O3,1,647.0,44.82380216383308,32.01774646858745,0.0,16.0,42.0,68.0,134.0
2018-04-30,UAX,PM2.5,2,663.0,25.06787330316742,9.496377565159065,1.0,19.0,25.0,31.0,59.0
2018-04-30,UAX,SO2,1,668.0,1.877245508982036,4.542640576350036,0.0,0.0,1.0,1.0,48.0
2018-04-30,UIZ,CO,15,521.0,0.3890595009596928,0.3699990622531523,0.0,0.1,0.3,0.5,3.0
2018-04-30,UIZ,NO,1,610.0,13.340983606557376,24.011117957442828,0.0,1.0,3.0,12.0,177.0
2018-04-30,UIZ,NO2,1,610.0,27.321311475409836,13.549703124543013,4.0,16.0,26.0,37.0,69.0
2018-04-30,UIZ,NOX,1,610.0,40.65573770491803,34.03407219938509,5.0,18.0,29.0,51.0,223.0
2018-04-30,UIZ,O3,1,611.0,34.801963993453356,26.220785074190616,1.0,11.0,30.0,55.5,106.0
2018-04-30,UIZ,PM10,2,515.0,51.77669902912621,19.146136771806635,6.0,38.5,49.0,61.0,140.0
2018-04-30,UIZ,PM2.5,2,515.0,29.563106796116504,13.0864157914527,1.0,21.0,27.0,36.0,88.0
2018-04-30,UIZ,PMCO,2,515.0,22.258252427184466,12.324933794913342,3.0,14.0,20.0,28.0,87.0
2018-04-30,UIZ,SO2,1,612.0,2.849673202614379,6.916874919294584,0.0,1.0,1.0,2.0,62.0
2018-04-30,VIF,CO,15,556.0,0.3514388489208623,0.2871068762951702,0.0,0.17500000000000002,0.3,0.5,1.8
2018-04-30,VIF,NO,1,565.0,11.621238938053096,19.611336329957368,0.0,2.0,3.0,10.0,132.0
2018-04-30,VIF,NO2,1,565.0,21.16991150442478,12.39764394337745,3.0,11.0,18.0,31.0,57.0
2018-04-30,VIF,NOX,1,565.0,32.826548672566375,28.51144481445379,5.0,13.0,22.0,44.0,172.0
2018-04-30,VIF,O3,1,565.0,39.67610619469026,29.849793215768884,1.0,11.0,36.0,64.0,141.0
2018-04-30,VIF,PM10,2,539.0,56.03896103896104,32.278532861282876,1.0,34.0,51.0,73.5,226.0
2018-04-30,VIF,SO2,1,565.0,6.047787610619469,15.546071413984688,0.0,1.0,2.0,4.0,135.0
2018-04-30,XAL,CO,15,568.0,0.6656690140845061,0.5773816495763062,0.0,0.3,0.5,0.8,3.7
2018-04-30,XAL,NO,1,576.0,36.045138888888886,56.35330824575905,1.0,6.0,11.0,40.0,384.0
2018-04-30,XAL,NO2,1,576.0,34.607638888888886,14.149347896412737,7.0,23.0,34.0,44.0,88.0
2018-04-30,XAL,NOX,1,576.0,70.61284722222223,65.44837547298745,10.0,30.0,45.0,87.0,430.0
2018-04-30,XAL,O3,1,537.0,31.379888268156424,26.596855624151704,0.0,7.0,26.0,49.0,124.0
2018-04-30,XAL,PM10,2,572.0,81.36713286713287,38.55854833767424,15.0,55.75,73.0,98.25,268.0
2018-04-30,XAL,PM2.5,2,572.0,33.26573426573427,14.680461561172104,2.0,23.0,32.0,42.0,85.0
2018-04-30,XAL,PMCO,2,572.0,48.07342657342657,29.116678018808926,3.0,29.0,41.0,57.25,195.0
2018-04-30,XAL,SO2,1,569.0,4.101933216168717,8.038429690548899,0.0,1.0,2.0,4.0,84.0
2018-05-31,ACO,CO,15,682.0,0.20659824046920772,0.19198441229358393,0.0,0.1,0.1,0.3,1.2
2018-05-31,ACO,NO,1,688.0,6.2020348837209305,9.189016064393325,0.0,1.0,3.0,6.0,74.0
2018-05-31,ACO,NO2,1,688.0,14.145348837209303,8.061758083736906,3.0,7.0,12.0,20.0,45.0
2018-05-31,ACO,NOX,1,688.0,20.35610465116279,15.425349859340773,4.0,9.0,15.0,27.0,100.0
2018-05-31,ACO,O3,1,688.0,31.100290697674417,19.91905307276587,0.0,14.0,29.0,47.0,76.0
2018-05-31,ACO,PM10,2,700.0,44.074285714285715,18.871530781155947,1.0,32.0,42.0,53.0,152.0
2018-05-31,ACO,SO2,1,667.0,1.7421289355322338,3.061346289865596,0.0,0.0,1.0,2.0,24.0
2018-05-31,AJM,CO,15,684.0,0.25964912280701674,0.16646490574741513,0.0,0.1,0.2,0.3,1.1
2018-05-31,AJM,NO,1,684.0,4.033625730994152,5.823694043360227,0.0,1.0,2.0,5.0,36.0
2018-05-31,AJM,NO2,1,684.0,17.533625730994153,8.685342713448579,2.0,11.0,16.0,22.0,50.0
2018-05-31,AJM,NOX,1,684.0,21.60672514619883,13.393537102339828,2.0,13.0,18.0,28.0,81.0
2018-05-31,AJM,O3,1,669.0,42.663677130044846,22.591905688235727,3.0,27.0,37.0,56.0,114.0
2018-05-31,AJM,PM10,2,669.0,31.031390134529147,14.045602632288649,5.0,21.0,30.0,40.0,75.0
2018-05-31,AJM,PM2.5,2,669.0,17.50523168908819,9.510727609090889,1.0,11.0,16.0,23.0,55.0
2018-05-31,AJM,PMCO,2,669.0,13.538116591928251,8.016476112472061,1.0,7.0,13.0,19.0,50.0
2018-05-31,AJM,SO2,1,684.0,3.66812865497076,6.252807885183812,0.0,0.0,1.0,4.0,47.0
2018-05-31,AJU,O3,1,341.0,41.328445747800586,29.399940680024503,0.0,16.0,33.0,64.0,122.0
2018-05-31,AJU,PM2.5,2,278.0,17.046762589928058,8.890507671975469,1.0,10.25,16.5,23.0,46.0
2018-05-31,ATI,CO,15,694.0,0.3439481268011522,0.2971475312264039,0.0,0.2,0.2,0.4,2.0
2018-05-31,ATI,NO,1,559.0,8.69767441860465,18.609836059627387,0.0,0.0,2.0,6.0,128.0
2018-05-31,ATI,NO2,1,559.0,18.980322003577818,9.254349315761484,5.0,11.5,17.0,24.0,56.0
2018-05-31,ATI,NOX,1,559.0,27.70840787119857,25.245655805827635,5.0,13.0,19.0,31.5,176.0
2018-05-31,ATI,O3,1,694.0,33.95821325648415,24.13328155815994,0.0,14.0,30.0,53.0,105.0
2018-05-31,ATI,PM10,2,608.0,41.20559210526316,21.321238801510606,2.0,26.0,38.5,52.0,112.0
2018-05-31,ATI,SO2,1,643.0,9.28615863141524,14.256405174234187,0.0,1.0,4.0,11.0,123.0
2018-05-31,BJU,CO,15,694.0,0.3920749279538899,0.30777892616872504,0.0,0.2,0.3,0.5,1.6
2018-05-31,BJU,O3,1,691.0,41.62228654124457,31.516786803484997,1.0,16.0,35.0,63.0,156.0
2018-05-31,BJU,PM10,2,709.0,39.13681241184767,15.122929853009788,4.0,28.0,37.0,48.0,91.0
2018-05-31,BJU,PM2.5,2,709.0,23.036671368124118,11.094041164361068,1.0,15.0,22.0,29.0,67.0
2018-05-31,BJU,PMCO,2,709.0,16.11706629055007,8.708175545123988,2.0,10.0,15.0,21.0,56.0
2018-05-31,BJU,SO2,1,694.0,6.417867435158501,10.73777827645417,0.0,2.0,3.0,5.0,87.0
2018-05-31,CAM,CO,15,613.0,0.3650897226753656,0.34794663793708414,0.0,0.1,0.3,0.5,2.9
2018-05-31,CAM,NO,1,613.0,17.451876019575856,35.04632392735655,0.0,2.0,5.0,16.0,379.0
2018-05-31,CAM,NO2,1,613.0,29.40130505709625,13.261157526688159,8.0,19.0,27.0,38.0,88.0
2018-05-31,CAM,NOX,1,613.0,46.841761827079935,43.86036315073581,9.0,22.0,31.0,54.0,440.0
2018-05-31,CAM,O3,1,623.0,34.73194221508828,28.36227041686237,1.0,9.5,29.0,55.5,122.0
2018-05-31,CAM,PM10,2,662.0,51.012084592145015,21.113048618606776,7.0,37.0,46.0,60.0,154.0
2018-05-31,CAM,PM2.5,2,662.0,24.622356495468278,10.670671069096445,1.0,17.0,23.0,30.0,64.0
2018-05-31,CAM,PMCO,2,662.0,26.362537764350453,14.309893689076496,4.0,17.0,23.0,32.75,115.0
2018-05-31,CAM,SO2,1,624.0,8.950320512820513,14.021278254062448,1.0,2.0,3.0,9.0,118.0
2018-05-31,CCA,CO,15,448.0,0.3457589285714285,0.21681001262760793,0.0,0.2,0.3,0.42500000000000004,1.1
2018-05-31,CCA,NO,1,448.0,7.116071428571429,12.935735519699001,0.0,1.0,1.0,8.0,92.0
2018-05-31,CCA,NO2,1,448.0,22.301339285714285,8.957558291816712,8.0,15.0,21.0,28.0,57.0
2018-05-31,CCA,NOX,1,448.0,29.417410714285715,19.573811671407153,8.0,16.0,22.0,36.25,123.0
2018-05-31,CCA,O3,1,445.0,44.02022471910112,34.0365733994804,1.0,16.0,35.0,68.0,149.0
2018-05-31,CCA,PM2.5,2,593.0,20.541315345699832,8.118967383543996,4.0,15.0,19.0,25.0,55.0
2018-05-31,CCA,SO2,1,448.0,5.388392857142857,8.754470847939425,1.0,2.0,2.0,4.0,64.0
2018-05-31,CHO,CO,15,674.0,0.421513353115727,0.38692996010451464,0.0,0.2,0.3,0.5,2.4
2018-05-31,CHO,NO,1,324.0,10.478395061728396,20.44874652803689,0.0,0.0,3.0,9.0,176.0
2018-05-31,CHO,NO2,1,324.0,14.62037037037037,8.193160621942678,2.0,8.0,12.0,20.0,42.0
2018-05-31,CHO,NOX,1,324.0,24.916666666666668,25.78973984193234,2.0,10.0,15.0,30.25,202.0
2018-05-31,CHO,O3,1,656.0,36.40396341463415,26.669934746486835,1.0,11.0,34.0,59.0,106.0
2018-05-31,CHO,PM10,2,289.0,35.62629757785467,18.651373956912238,2.0,22.0,32.0,48.0,94.0
2018-05-31,CHO,SO2,1,690.0,1.6942028985507247,2.4614522515456008,0.0,1.0,1.0,2.0,24.0
2018-05-31,COY,NO,1,0.0,,,,,,,
2018-05-31,COY,NO2,1,0.0,,,,,,,
2018-05-31,COY,NOX,1,0.0,,,,,,,
2018-05-31,COY,O3,1,0.0,,,,,,,
2018-05-31,COY,PM2.5,2,0.0,,,,,,,
2018-05-31,CUA,CO,15,681.0,0.29765051395007197,0.21947879712119037,0.0,0.2,0.2,0.4,1.6
2018-05-31,CUA,NO,1,675.0,7.899259259259259,15.449311664423602,0.0,1.0,2.0,7.0,138.0
2018-05-31,CUA,NO2,1,675.0,20.783703703703704,10.965580134519074,5.0,12.0,18.0,27.0,56.0
2018-05-31,CUA,NOX,1,675.0,28.626666666666665,24.117661627402583,4.0,14.0,20.0,34.0,188.0
2018-05-31,CUA,O3,1,682.0,37.049853372434015,22.399270525977908,1.0,19.25,34.0,54.0,108.0
2018-05-31,CUA,PM10,2,695.0,30.09640287769784,11.957329333686012,5.0,22.0,29.0,37.0,85.0
2018-05-31,CUA,SO2,1,682.0,4.5146627565982405,6.315069892106789,0.0,1.0,2.0,5.0,52.0
2018-05-31,CUT,NO,1,354.0,12.474576271186441,25.197703883120347,0.0,1.0,2.0,10.0,139.0
2018-05-31,CUT,NO2,1,354.0,17.875706214689266,9.79745747694757,4.0,9.0,16.0,25.0,50.0
2018-05-31,CUT,NOX,1,354.0,30.333333333333332,31.29258194218113,4.0,10.0,19.0,38.0,181.0
2018-05-31,CUT,O3,1,423.0,33.53427895981088,26.87434570811974,0.0,6.5,29.0,57.0,92.0
2018-05-31,CUT,PM10,2,430.0,44.42325581395349,28.30778914782825,1.0,26.0,40.0,55.0,262.0
2018-05-31,CUT,SO2,1,354.0,7.163841807909605,14.25630392595832,0.0,1.0,1.0,5.75,94.0
2018-05-31,FAC,CO,15,638.0,0.4108150470219426,0.4003439968541893,0.0,0.2,0.3,0.5,2.8
2018-05-31,FAC,NO,1,638.0,17.684952978056426,32.5858285969684,0.0,3.0,5.0,14.0,235.0
2018-05-31,FAC,NO2,1,638.0,22.27742946708464,10.6739824374174,5.0,14.25,20.0,28.0,69.0
2018-05-31,FAC,NOX,1,638.0,39.974921630094045,39.396459266552135,5.0,17.0,25.5,44.75,273.0
2018-05-31,FAC,O3,1,659.0,35.737481031866466,27.296124184009432,0.0,12.0,30.0,58.0,126.0
2018-05-31,FAC,PM10,2,691.0,34.150506512301014,19.377050048540763,1.0,20.0,30.0,46.0,132.0
2018-05-31,FAC,SO2,1,638.0,8.106583072100314,12.895227619962307,0.0,1.0,3.0,9.0,128.0
2018-05-31,GAM,O3,1,687.0,40.19650655021834,29.99690148273967,1.0,14.0,35.0,62.0,151.0
2018-05-31,GAM,PM10,2,0.0,,,,,,,
2018-05-31,GAM,PM2.5,2,544.0,27.549632352941178,13.436890201262827,3.0,17.0,25.0,35.0,82.0
2018-05-31,GAM,PMCO,2,0.0,,,,,,,
2018-05-31,HGM,CO,15,694.0,0.3889048991354467,0.324436613969355,0.0,0.2,0.3,0.5,1.6
2018-05-31,HGM,NO,1,694.0,10.719020172910662,16.810213385755322,0.0,1.0,3.0,14.0,102.0
2018-05-31,HGM,NO2,1,694.0,28.086455331412104,14.322950668222036,6.0,16.0,25.0,38.0,84.0
2018-05-31,HGM,NOX,1,694.0,38.825648414985594,28.596307076945802,7.0,17.25,27.0,54.0,163.0
2018-05-31,HGM,O3,1,694.0,41.178674351585016,30.767616743699243,1.0,15.0,36.0,62.0,179.0
2018-05-31,HGM,PM10,2,686.0,39.95043731778426,16.575257035529656,5.0,28.0,36.0,50.0,108.0
2018-05-31,HGM,PM2.5,2,686.0,23.463556851311953,12.599188302048905,1.0,15.0,21.0,30.0,85.0
2018-05-31,HGM,PMCO,2,686.0,16.473760932944607,8.402556762158987,1.0,10.0,16.0,22.0,68.0
2018-05-31,HGM,SO2,1,694.0,6.244956772334294,12.035562824768636,0.0,1.0,2.0,5.0,111.0
2018-05-31,INN,CO,15,626.0,0.1557507987220445,0.07964217098598544,0.0,0.1,0.1,0.2,0.4
2018-05-31,INN,O3,1,627.0,47.740031897926634,22.213120536310125,1.0,30.0,44.0,64.5,122.0
2018-05-31,INN,PM10,2,23.0,18.82608695652174,5.843817042692088,9.0,14.0,20.0,23.5,28.0
2018-05-31,INN,PM2.5,2,23.0,14.347826086956522,3.6132168449152684,9.0,11.5,14.0,17.0,22.0
2018-05-31,INN,PMCO,2,23.0,4.565217391304348,2.873485165447602,1.0,2.0,4.0,6.0,11.0
2018-05-31,INN,SO2,1,646.0,2.0371517027863777,3.756360674647188,0.0,0.0,1.0,2.0,32.0
2018-05-31,IZT,CO,15,657.0,0.43713850837138596,0.3399108123601798,0.0,0.2,0.3,0.6,1.9
2018-05-31,IZT,NO,1,510.0,12.058823529411764,17.627683805146372,1.0,2.0,4.0,14.0,131.0
2018-05-31,IZT,NO2,1,510.0,27.890196078431373,12.102854148792318,8.0,19.0,26.0,36.0,95.0
2018-05-31,IZT,NOX,1,510.0,39.95882352941177,26.959481176985847,10.0,21.0,30.5,50.0,192.0
2018-05-31,IZT,O3,1,655.0,38.00763358778626,31.368943957410362,0.0,11.0,31.0,60.0,169.0
2018-05-31,IZT,PM10,2,705.0,43.1063829787234,16.41321102440129,6.0,32.0,41.0,52.0,125.0
2018-05-31,IZT,SO2,1,657.0,4.621004566210046,9.053754622795834,0.0,1.0,1.0,4.0,79.0
2018-05-31,LLA,CO,15,656.0,0.3894817073170724,0.3914299948729538,0.0,0.1,0.3,0.5,2.7
2018-05-31,LLA,NO,1,656.0,15.789634146341463,31.754183940522598,0.0,1.0,3.0,14.0,245.0
2018-05-31,LLA,NO2,1,656.0,21.396341463414632,12.287457219265747,4.0,11.0,18.0,31.0,71.0
2018-05-31,LLA,NOX,1,656.0,37.18140243902439,40.40934464351917,4.0,12.75,20.5,45.25,291.0
2018-05-31,LLA,O3,1,653.0,35.34915773353752,25.473142118347376,1.0,13.0,31.0,55.0,110.0
2018-05-31,LLA,SO2,1,656.0,5.239329268292683,12.63857087442665,0.0,0.0,1.0,3.0,122.0
2018-05-31,LPR,CO,15,694.0,0.5840057636887614,0.46442327806400163,0.0,0.3,0.4,0.8,2.8
2018-05-31,LPR,NO,1,0.0,,,,,,,
2018-05-31,LPR,NO2,1,0.0,,,,,,,
2018-05-31,LPR,NOX,1,0.0,,,,,,,
2018-05-31,LPR,O3,1,684.0,37.634502923976605,25.784176476295556,1.0,15.0,37.5,56.0,118.0
2018-05-31,LPR,SO2,1,694.0,4.710374639769452,7.734294732615079,0.0,1.0,2.0,4.0,104.0
2018-05-31,MER,CO,15,653.0,0.41240428790198924,0.35266193093045606,0.0,0.2,0.3,0.6,1.9
2018-05-31,MER,NO,1,685.0,19.630656934306568,27.639110040078567,0.0,3.0,8.0,24.0,204.0
2018-05-31,MER,NO2,1,685.0,32.10656934306569,14.219520622094063,10.0,21.0,29.0,42.0,100.0
2018-05-31,MER,NOX,1,685.0,51.66569343065694,38.352597062723,11.0,26.0,36.0,66.0,262.0
2018-05-31,MER,O3,1,685.0,35.61167883211679,30.00888529650521,0.0,9.0,29.0,55.0,158.0
2018-05-31,MER,PM10,2,0.0,,,,,,,
2018-05-31,MER,PM2.5,2,0.0,,,,,,,
2018-05-31,MER,PMCO,2,0.0,,,,,,,
2018-05-31,MER,SO2,1,694.0,6.508645533141211,11.411460286413805,0.0,1.0,3.0,5.0,118.0
2018-05-31,MGH,CO,15,691.0,0.38972503617944926,0.32963978530122945,0.0,0.2,0.3,0.5,2.3
2018-05-31,MGH,NO,1,691.0,21.334298118668595,35.91862334630333,1.0,3.0,6.0,24.0,301.0
2018-05-31,MGH,NO2,1,691.0,27.33863965267728,12.287542785764396,7.0,17.0,26.0,36.0,72.0
2018-05-31,MGH,NOX,1,691.0,48.69898697539797,44.206127670380454,8.0,20.0,32.0,60.0,345.0
2018-05-31,MGH,O3,1,691.0,35.72648335745296,29.64200176489091,0.0,10.0,30.0,58.0,126.0
2018-05-31,MGH,PM10,2,700.0,35.57142857142857,13.1526434388604,10.0,26.0,33.0,43.25,87.0
2018-05-31,MGH,PM2.5,2,700.0,21.325714285714287,9.859654436748729,1.0,14.75,20.0,27.0,68.0
2018-05-31,MGH,PMCO,2,700.0,14.231428571428571,6.6339514062875855,3.0,9.0,13.0,18.0,39.0
2018-05-31,MGH,SO2,1,685.0,6.258394160583942,10.431148826402662,0.0,1.0,2.0,5.0,111.0
2018-05-31,MON,CO,15,671.0,0.3199701937406851,0.307013538045306,0.0,0.1,0.2,0.4,2.1
2018-05-31,MON,NO,1,627.0,12.253588516746412,28.51076472410197,0.0,0.0,1.0,7.0,243.0
2018-05-31,MON,NO2,1,627.0,15.330143540669857,10.377588617136436,1.0,6.0,12.0,23.0,47.0
2018-05-31,MON,NOX,1,627.0,27.628389154704944,35.644732967096274,2.0,7.0,14.0,31.0,271.0
2018-05-31,MON,O3,1,633.0,40.56556082148499,28.38850969939047,0.0,15.0,39.0,63.0,112.0
2018-05-31,MON,SO2,1,663.0,1.8642533936651584,2.9435224611851156,0.0,1.0,1.0,2.0,26.0
2018-05-31,MPA,CO,15,518.0,0.17297297297297318,0.0903637782572841,0.0,0.1,0.2,0.2,0.7
2018-05-31,MPA,O3,1,690.0,54.29420289855072,25.575048980415353,6.0,34.0,50.0,73.0,129.0
2018-05-31,MPA,PM10,2,0.0,,,,,,,
2018-05-31,MPA,PM2.5,2,0.0,,,,,,,
2018-05-31,MPA,PMCO,2,0.0,,,,,,,
2018-05-31,MPA,SO2,1,690.0,2.0,2.9053776274694982,0.0,1.0,1.0,2.0,23.0
2018-05-31,NEZ,CO,15,689.0,0.4554426705370094,0.404951350052247,0.0,0.2,0.3,0.5,2.8
2018-05-31,NEZ,NO,1,689.0,9.857764876632801,19.952052298628228,1.0,1.0,3.0,8.0,161.0
2018-05-31,NEZ,NO2,1,689.0,22.702467343976778,10.710378972780305,7.0,14.0,20.0,30.0,67.0
2018-05-31,NEZ,NOX,1,689.0,32.53265602322206,27.308570382509075,8.0,16.0,22.0,39.0,195.0
2018-05-31,NEZ,O3,1,661.0,40.03328290468986,28.23573031333561,0.0,16.0,33.0,64.0,121.0
2018-05-31,NEZ,PM2.5,2,677.0,23.914327917282126,11.083266814565258,1.0,16.0,23.0,30.0,67.0
2018-05-31,NEZ,SO2,1,687.0,3.455604075691412,8.20495440923309,0.0,1.0,1.0,2.0,106.0
2018-05-31,PED,CO,15,650.0,0.30476923076922985,0.21180570574722726,0.0,0.2,0.2,0.4,1.3
2018-05-31,PED,NO,1,687.0,6.296943231441048,12.611798792268125,0.0,0.0,1.0,7.0,113.0
2018-05-31,PED,NO2,1,687.0,21.775836972343523,10.836814945090705,5.0,13.0,20.0,28.0,66.0
2018-05-31,PED,NOX,1,687.0,28.106259097525474,21.189181294124555,5.0,14.0,21.0,34.0,155.0
2018-05-31,PED,O3,1,640.0,41.70625,30.741915613488597,1.0,18.0,33.0,62.25,148.0
2018-05-31,PED,PM10,2,0.0,,,,,,,
2018-05-31,PED,PM2.5,2,0.0,,,,,,,
2018-05-31,PED,PMCO,2,0.0,,,,,,,
2018-05-31,PED,SO2,1,670.0,4.529850746268656,7.735239860705876,0.0,1.0,2.0,3.0,64.0
2018-05-31,SAG,CO,15,666.0,0.4180180180180172,0.42979936529932683,0.0,0.1,0.3,0.5,2.7
2018-05-31,SAG,NO,1,676.0,13.557692307692308,26.32814998212904,0.0,1.0,3.0,12.0,182.0
2018-05-31,SAG,NO2,1,676.0,22.198224852071007,11.937704839883647,5.0,11.0,20.0,31.0,86.0
2018-05-31,SAG,NOX,1,676.0,35.7085798816568,34.87696024464006,5.0,14.0,23.0,43.0,249.0
2018-05-31,SAG,O3,1,686.0,32.893586005830905,24.45168726070884,0.0,13.0,28.0,52.0,94.0
2018-05-31,SAG,PM10,2,574.0,47.285714285714285,21.724241245469283,10.0,33.0,42.0,57.0,172.0
2018-05-31,SAG,PM2.5,2,574.0,23.6602787456446,12.295855113665999,1.0,15.0,22.0,31.0,91.0
2018-05-31,SAG,PMCO,2,574.0,23.637630662020907,14.290590954852718,2.0,14.0,21.0,29.75,128.0
2018-05-31,SAG,SO2,1,686.0,5.0641399416909625,10.445910584786345,0.0,1.0,2.0,4.0,101.0
2018-05-31,SFE,CO,15,450.0,0.2624444444444442,0.19225140782563316,0.0,0.1,0.2,0.4,1.1
2018-05-31,SFE,NO,1,457.0,8.291028446389497,13.981840761827502,0.0,1.0,2.0,9.0,87.0
2018-05-31,SFE,NO2,1,457.0,19.667396061269148,9.550815639977774,5.0,12.0,17.0,26.0,49.0
2018-05-31,SFE,NOX,1,457.0,27.99781181619256,21.43712746143579,5.0,13.0,20.0,37.0,129.0
2018-05-31,SFE,O3,1,457.0,39.671772428884026,29.542445150866538,1.0,15.0,32.0,63.0,131.0
2018-05-31,SFE,PM10,2,608.0,33.05098684210526,13.82459066652701,4.0,23.0,31.0,42.0,79.0
2018-05-31,SFE,PM2.5,2,608.0,17.700657894736842,9.142431420839205,1.0,11.0,16.0,23.0,56.0
2018-05-31,SFE,PMCO,2,608.0,15.399671052631579,8.352399051056516,1.0,9.0,15.0,20.0,55.0
2018-05-31,SFE,SO2,1,450.0,4.142222222222222,6.13015798504035,1.0,1.0,2.0,4.0,47.0
2018-05-31,SJA,CO,15,0.0,,,,,,,
2018-05-31,SJA,NO,1,0.0,,,,,,,
2018-05-31,SJA,NO2,1,0.0,,,,,,,
2018-05-31,SJA,NOX,1,0.0,,,,,,,
2018-05-31,SJA,O3,1,0.0,,,,,,,
2018-05-31,SJA,PM2.5,2,0.0,,,,,,,
2018-05-31,SJA,SO2,1,0.0,,,,,,,
2018-05-31,TAH,CO,15,0.0,,,,,,,
2018-05-31,TAH,NO,1,0.0,,,,,,,
2018-05-31,TAH,NO2,1,0.0,,,,,,,
2018-05-31,TAH,NOX,1,0.0,,,,,,,
2018-05-31,TAH,O3,1,0.0,,,,,,,
2018-05-31,TAH,PM10,2,0.0,,,,,,,
2018-05-31,TAH,SO2,1,0.0,,,,,,,
2018-05-31,TLA,CO,15,585.0,0.4237606837606821,0.36107650712768824,0.0,0.2,0.3,0.5,2.2
2018-05-31,TLA,NO,1,220.0,23.759090909090908,34.75210527561731,0.0,5.0,9.0,24.5,220.0
2018-05-31,TLA,NO2,1,220.0,29.318181818181817,14.341517352316359,9.0,17.75,26.0,38.0,92.0
2018-05-31,TLA,NOX,1,220.0,53.0,45.839107149815185,14.0,23.75,33.0,64.0,277.0
2018-05-31,TLA,O3,1,599.0,30.671118530884808,23.69645734887949,0.0,9.5,26.0,48.5,96.0
2018-05-31,TLA,PM10,2,659.0,46.028831562974204,20.464679788490365,9.0,32.0,42.0,56.0,133.0
2018-05-31,TLA,PM2.5,2,659.0,23.31866464339909,10.902516400703474,1.0,16.0,22.0,29.5,64.0
2018-05-31,TLA,PMCO,2,659.0,22.701062215477997,14.183990143030353,1.0,12.0,20.0,30.0,75.0
2018-05-31,TLA,SO2,1,677.0,9.620384047267356,14.355968940861791,0.0,2.0,3.0,11.0,83.0
2018-05-31,TLI,CO,15,692.0,0.3748554913294793,0.3374855639280227,0.0,0.1,0.3,0.5,2.0
2018-05-31,TLI,NO,1,692.0,12.242774566473988,22.21025740113445,0.0,1.0,2.0,11.0,148.0
2018-05-31,TLI,NO2,1,692.0,22.673410404624278,12.899264091880466,6.0,11.0,19.0,33.0,86.0
2018-05-31,TLI,NOX,1,692.0,34.945086705202314,32.029832180109196,7.0,13.0,22.0,44.0,225.0
2018-05-31,TLI,O3,1,692.0,35.052023121387286,26.082584171412115,0.0,11.0,31.5,56.0,99.0
2018-05-31,TLI,PM10,2,0.0,,,,,,,
2018-05-31,TLI,SO2,1,688.0,10.978197674418604,19.082471474157508,0.0,3.0,4.0,10.0,182.0
2018-05-31,UAX,CO,15,680.0,0.3561764705882349,0.264586427559676,0.0,0.2,0.3,0.5,2.3
2018-05-31,UAX,NO,1,693.0,7.806637806637807,14.880161438330086,0.0,1.0,1.0,8.0,167.0
2018-05-31,UAX,NO2,1,693.0,21.505050505050505,10.8162017418444,4.0,13.0,19.0,29.0,70.0
2018-05-31,UAX,NOX,1,693.0,29.31168831168831,22.628524230507978,4.0,14.0,20.0,39.0,215.0
2018-05-31,UAX,O3,1,684.0,41.45029239766082,31.61507391877311,0.0,15.0,34.0,65.0,147.0
2018-05-31,UAX,PM2.5,2,700.0,21.425714285714285,9.526496228433285,1.0,15.0,21.0,27.0,65.0
2018-05-31,UAX,SO2,1,693.0,3.1702741702741704,6.408302468802382,0.0,1.0,1.0,2.0,56.0
2018-05-31,UIZ,CO,15,568.0,0.39436619718309757,0.36582870055517436,0.0,0.1,0.3,0.5,2.2
2018-05-31,UIZ,NO,1,637.0,10.172684458398743,19.852720482333087,0.0,1.0,2.0,10.0,174.0
2018-05-31,UIZ,NO2,1,637.0,26.248037676609105,14.704147900604616,6.0,15.0,23.0,35.0,110.0
2018-05-31,UIZ,NOX,1,637.0,36.42229199372056,31.281321497224496,6.0,16.0,26.0,45.0,213.0
2018-05-31,UIZ,O3,1,666.0,32.767267267267265,25.737218199355613,0.0,11.0,26.0,50.0,124.0
2018-05-31,UIZ,PM10,2,655.0,44.02900763358779,18.611776912465675,8.0,31.0,41.0,54.0,131.0
2018-05-31,UIZ,PM2.5,2,655.0,25.73740458015267,14.022417263583552,1.0,16.0,23.0,32.0,92.0
2018-05-31,UIZ,PMCO,2,655.0,18.294656488549617,10.478763386325253,1.0,11.0,17.0,25.0,66.0
2018-05-31,UIZ,SO2,1,637.0,2.8210361067503924,4.951906772729218,0.0,1.0,1.0,3.0,38.0
2018-05-31,VIF,CO,15,598.0,0.2882943143812705,0.2699899501841694,0.0,0.1,0.2,0.4,1.6
2018-05-31,VIF,NO,1,604.0,7.811258278145695,18.2794088652741,0.0,0.0,1.0,5.0,125.0
2018-05-31,VIF,NO2,1,604.0,16.253311258278146,11.137780517448922,3.0,7.0,13.0,25.0,58.0
2018-05-31,VIF,NOX,1,604.0,24.057947019867548,26.691188099191873,3.0,7.0,14.0,30.0,170.0
2018-05-31,VIF,O3,1,604.0,35.4635761589404,25.039014289892627,0.0,13.0,32.0,55.0,96.0
2018-05-31,VIF,PM10,2,530.0,47.0433962264151,30.87850458093164,1.0,26.0,40.0,60.0,265.0
2018-05-31,VIF,SO2,1,604.0,7.2947019867549665,15.952954417204614,0.0,1.0,2.0,5.0,127.0
2018-05-31,XAL,CO,15,660.0,0.5568181818181815,0.5105255083356098,0.0,0.2,0.4,0.7,3.2
2018-05-31,XAL,NO,1,660.0,26.292424242424243,40.447507376737285,1.0,6.0,11.0,27.0,367.0
2018-05-31,XAL,NO2,1,660.0,28.96060606060606,14.669498863312329,5.0,18.0,26.0,39.0,109.0
2018-05-31,XAL,NOX,1,660.0,55.25606060606061,50.099229694882524,6.0,25.0,36.0,68.25,413.0
2018-05-31,XAL,O3,1,660.0,33.737878787878785,25.508951478036195,0.0,10.75,30.5,54.0,112.0
2018-05-31,XAL,PM10,2,382.0,74.4869109947644,40.33590698785314,16.0,47.0,63.0,90.75,228.0
2018-05-31,XAL,PM2.5,2,382.0,28.913612565445025,16.031641057580682,3.0,17.0,25.0,37.0,90.0
2018-05-31,XAL,PMCO,2,382.0,45.61256544502618,29.367642472155406,6.0,27.0,38.0,56.75,158.0
2018-05-31,XAL,SO2,1,657.0,4.383561643835616,6.993610156926352,0.0,1.0,2.0,4.0,58.0
2018-06-30,ACO,CO,15,662.0,0.22567975830815665,0.18426549659565958,0.0,0.1,0.2,0.3,1.1
2018-06-30,ACO,NO,1,572.0,5.7325174825174825,8.403993210513446,0.0,1.0,3.0,6.0,70.0
2018-06-30,ACO,NO2,1,572.0,12.304195804195805,6.696193069860194,2.0,7.0,11.0,17.0,40.0
2018-06-30,ACO,NOX,1,572.0,18.04020979020979,13.021205604800809,4.0,9.0,14.0,24.0,92.0
2018-06-30,ACO,O3,1,572.0,25.216783216783217,17.4580366973481,0.0,12.0,23.0,35.0,84.0
2018-06-30,ACO,PM10,2,573.0,28.900523560209425,19.449204499656563,1.0,16.0,25.0,39.0,137.0
2018-06-30,ACO,SO2,1,572.0,1.2167832167832169,4.64899644201805,0.0,0.0,0.0,1.0,74.0
2018-06-30,AJM,CO,15,669.0,0.2704035874439463,0.1341082268694097,0.0,0.2,0.2,0.4,0.8
2018-06-30,AJM,NO,1,671.0,4.9433681073025335,6.139406358107128,0.0,1.0,2.0,6.0,35.0
2018-06-30,AJM,NO2,1,671.0,17.013412816691506,7.780465328202288,2.0,11.0,16.0,22.0,47.0
2018-06-30,AJM,NOX,1,671.0,21.965722801788374,11.941912371193125,2.0,13.0,19.0,29.0,66.0
2018-06-30,AJM,O3,1,549.0,33.28597449908926,25.80924203573602,0.0,15.0,26.0,45.0,151.0
2018-06-30,AJM,PM10,2,659.0,25.24886191198786,14.614248920116959,2.0,14.0,23.0,33.0,94.0
2018-06-30,AJM,PM2.5,2,659.0,14.687405159332322,8.716368755967348,1.0,8.0,13.0,19.0,55.0
2018-06-30,AJM,PMCO,2,659.0,10.532625189681335,9.074669022611358,1.0,4.0,8.0,13.0,74.0
2018-06-30,AJM,SO2,1,670.0,2.4059701492537315,5.637740660933648,0.0,0.0,1.0,2.0,50.0
2018-06-30,AJU,O3,1,670.0,31.96865671641791,23.162851740103097,1.0,16.0,26.0,42.0,134.0
2018-06-30,AJU,PM2.5,2,292.0,15.534246575342467,9.923531950469112,1.0,9.0,14.0,20.0,70.0
2018-06-30,ATI,CO,15,671.0,0.3317436661698953,0.24167901467689748,0.0,0.2,0.3,0.4,1.7
2018-06-30,ATI,NO,1,579.0,9.1139896373057,14.334756844064021,0.0,1.0,3.0,11.0,115.0
2018-06-30,ATI,NO2,1,579.0,20.55440414507772,9.09266370972305,3.0,14.0,19.0,25.0,58.0
2018-06-30,ATI,NOX,1,579.0,29.670120898100173,19.909135854420892,3.0,16.0,23.0,38.0,141.0
2018-06-30,ATI,O3,1,671.0,28.96274217585693,23.753336562310206,0.0,10.5,24.0,40.0,119.0
2018-06-30,ATI,PM10,2,670.0,32.40149253731343,24.612482356602197,1.0,16.0,27.0,43.0,231.0
2018-06-30,ATI,SO2,1,671.0,5.845007451564829,11.758634856732934,0.0,1.0,1.0,4.0,105.0
2018-06-30,BJU,CO,15,671.0,0.37988077496274186,0.26139234096168235,0.0,0.2,0.3,0.5,1.5
2018-06-30,BJU,O3,1,666.0,31.515015015015017,29.204859773001434,0.0,9.0,23.0,46.75,146.0
2018-06-30,BJU,PM10,2,664.0,31.593373493975903,15.779982873636706,5.0,20.0,29.0,40.0,113.0
2018-06-30,BJU,PM2.5,2,664.0,18.34487951807229,10.551462808837307,1.0,11.0,16.0,24.0,76.0
2018-06-30,BJU,PMCO,2,664.0,13.271084337349398,9.612335339429373,1.0,7.0,11.0,17.25,87.0
2018-06-30,BJU,SO2,1,670.0,5.316417910447761,9.541109182321309,0.0,2.0,3.0,4.0,87.0
2018-06-30,CAM,CO,15,378.0,0.4084656084656087,0.28139907214866156,0.0,0.2,0.3,0.6,1.4
2018-06-30,CAM,NO,1,378.0,20.25925925925926,24.561652660452474,0.0,5.0,11.0,27.0,144.0
2018-06-30,CAM,NO2,1,378.0,28.285714285714285,10.774656241741539,7.0,20.0,28.0,36.0,64.0
2018-06-30,CAM,NOX,1,378.0,48.526455026455025,30.020162784480785,7.0,25.0,42.0,62.0,181.0
2018-06-30,CAM,O3,1,382.0,23.958115183246072,25.572568238385998,1.0,3.0,13.0,37.0,107.0
2018-06-30,CAM,PM10,2,386.0,34.204663212435236,15.682137378030532,5.0,22.0,33.0,44.0,90.0
2018-06-30,CAM,PM2.5,2,386.0,18.813471502590673,9.577648485655034,1.0,11.0,17.0,25.0,49.0
2018-06-30,CAM,PMCO,2,386.0,15.362694300518134,8.915654231980243,2.0,8.0,14.0,21.0,62.0
2018-06-30,CAM,SO2,1,378.0,1.7142857142857142,2.8984322375022313,0.0,1.0,1.0,2.0,38.0
2018-06-30,CCA,CO,15,548.0,0.3087591240875913,0.1991662521263798,0.0,0.2,0.3,0.4,1.2
2018-06-30,CCA,NO,1,270.0,8.38888888888889,13.370634008132518,0.0,1.0,3.0,8.0,67.0
2018-06-30,CCA,NO2,1,270.0,20.35925925925926,8.466455096603001,5.0,14.0,19.0,26.0,48.0
2018-06-30,CCA,NOX,1,270.0,28.755555555555556,18.61065237063094,6.0,16.0,23.0,34.75,114.0
2018-06-30,CCA,O3,1,504.0,30.26388888888889,27.8650504991403,0.0,8.0,21.0,45.0,141.0
2018-06-30,CCA,PM2.5,2,455.0,14.914285714285715,8.536996080400753,1.0,9.0,14.0,19.0,49.0
2018-06-30,CCA,SO2,1,549.0,3.557377049180328,6.264172634993798,1.0,1.0,2.0,3.0,84.0
2018-06-30,CHO,CO,15,112.0,0.3517857142857142,0.32046760397813245,0.0,0.2,0.2,0.4,1.8
2018-06-30,CHO,NO,1,0.0,,,,,,,
2018-06-30,CHO,NO2,1,0.0,,,,,,,
2018-06-30,CHO,NOX,1,0.0,,,,,,,
2018-06-30,CHO,O3,1,112.0,34.80357142857143,23.944319526360275,1.0,12.5,33.5,55.25,82.0
2018-06-30,CHO,PM10,2,0.0,,,,,,,
2018-06-30,CHO,SO2,1,0.0,,,,,,,
2018-06-30,COY,NO,1,0.0,,,,,,,
2018-06-30,COY,NO2,1,0.0,,,,,,,
2018-06-30,COY,NOX,1,0.0,,,,,,,
2018-06-30,COY,O3,1,0.0,,,,,,,
2018-06-30,COY,PM2.5,2,0.0,,,,,,,
2018-06-30,CUA,CO,15,652.0,0.299846625766871,0.19140512307843485,0.0,0.2,0.3,0.4,1.4
2018-06-30,CUA,NO,1,662.0,8.824773413897281,14.455088447366835,0.0,1.0,4.0,10.0,168.0
2018-06-30,CUA,NO2,1,662.0,20.294561933534744,9.303551322247294,5.0,13.0,19.0,26.0,59.0
2018-06-30,CUA,NOX,1,662.0,29.07703927492447,20.432282568243092,5.0,15.0,23.0,36.0,201.0
2018-06-30,CUA,O3,1,662.0,28.365558912386707,22.680225738536812,0.0,12.0,23.0,37.75,115.0
2018-06-30,CUA,PM10,2,586.0,26.25938566552901,17.237633911584602,1.0,14.0,23.0,36.0,187.0
2018-06-30,CUA,SO2,1,662.0,2.826283987915408,5.276187859975425,0.0,1.0,1.0,2.0,53.0
2018-06-30,CUT,NO,1,574.0,10.651567944250871,17.47809966411821,0.0,2.0,3.0,10.0,131.0
2018-06-30,CUT,NO2,1,574.0,17.433797909407666,9.499608177880777,3.0,9.25,16.0,23.0,44.0
2018-06-30,CUT,NOX,1,574.0,28.083623693379792,23.147376153617586,5.0,12.0,20.0,36.0,153.0
2018-06-30,CUT,O3,1,668.0,28.16616766467066,24.48646645729125,0.0,5.0,24.0,44.0,99.0
2018-06-30,CUT,PM10,2,613.0,32.66884176182708,26.727130437704506,1.0,16.0,26.0,42.0,276.0
2018-06-30,CUT,SO2,1,653.0,5.0367534456355285,11.972176199031306,0.0,1.0,1.0,2.0,128.0
2018-06-30,FAC,CO,15,649.0,0.4123266563944529,0.31017066874257637,0.0,0.2,0.3,0.6,1.9
2018-06-30,FAC,NO,1,651.0,15.897081413210445,22.986755532921233,0.0,3.0,7.0,18.0,148.0
2018-06-30,FAC,NO2,1,651.0,22.096774193548388,9.935399277781086,2.0,14.5,21.0,29.0,56.0
2018-06-30,FAC,NOX,1,651.0,38.01228878648234,27.97416120113781,2.0,19.0,29.0,50.0,165.0
2018-06-30,FAC,O3,1,643.0,30.648522550544325,26.713449017407743,0.0,10.0,25.0,43.0,149.0
2018-06-30,FAC,PM10,2,443.0,33.86907449209932,26.465567415866225,1.0,15.0,27.0,43.5,172.0
2018-06-30,FAC,SO2,1,651.0,5.081413210445469,9.82138053117914,0.0,1.0,2.0,3.0,109.0
2018-06-30,GAM,O3,1,668.0,30.603293413173652,28.1089621340883,0.0,7.0,24.0,47.0,130.0
2018-06-30,GAM,PM10,2,0.0,,,,,,,
2018-06-30,GAM,PM2.5,2,668.0,18.37874251497006,12.230983964146272,1.0,10.0,15.5,24.0,73.0
2018-06-30,GAM,PMCO,2,0.0,,,,,,,
2018-06-30,HGM,CO,15,658.0,0.33343465045592663,0.23539350676871465,0.0,0.2,0.3,0.5,1.5
2018-06-30,HGM,NO,1,613.0,11.127243066884176,14.30686538433427,0.0,1.0,5.0,16.0,98.0
2018-06-30,HGM,NO2,1,613.0,25.652528548123982,11.162275152040182,4.0,17.0,25.0,33.0,62.0
2018-06-30,HGM,NOX,1,613.0,36.784665579119086,21.91738706996299,5.0,19.0,32.0,51.0,132.0
2018-06-30,HGM,O3,1,664.0,31.11897590361446,29.774507020792843,0.0,8.0,22.0,45.25,150.0
2018-06-30,HGM,PM10,2,656.0,30.63719512195122,16.152406406827886,2.0,20.0,27.0,39.0,107.0
2018-06-30,HGM,PM2.5,2,656.0,18.646341463414632,11.373596799250755,1.0,11.0,16.0,25.25,68.0
2018-06-30,HGM,PMCO,2,656.0,11.96951219512195,8.860874652595633,1.0,6.0,10.0,16.0,78.0
2018-06-30,HGM,SO2,1,657.0,4.284627092846271,9.739892723469357,0.0,1.0,1.0,2.0,84.0
2018-06-30,INN,CO,15,610.0,0.13442622950819708,0.0818209144208449,0.0,0.1,0.1,0.2,0.6
2018-06-30,INN,O3,1,614.0,33.972312703583064,21.942849144406093,2.0,18.25,29.0,44.0,123.0
2018-06-30,INN,PM10,2,0.0,,,,,,,
2018-06-30,INN,PM2.5,2,0.0,,,,,,,
2018-06-30,INN,PMCO,2,0.0,,,,,,,
2018-06-30,INN,SO2,1,470.0,1.1978723404255318,1.9030879812203312,0.0,0.0,1.0,1.0,18.0
2018-06-30,IZT,CO,15,663.0,0.4138763197586722,0.27813670555351605,0.0,0.2,0.4,0.6,1.6
2018-06-30,IZT,NO,1,199.0,13.231155778894472,16.57053592309677,1.0,3.0,7.0,17.5,99.0
2018-06-30,IZT,NO2,1,199.0,27.180904522613066,9.397368919652465,8.0,20.0,27.0,34.0,51.0
2018-06-30,IZT,NOX,1,199.0,40.42713567839196,21.65275701149094,13.0,25.5,36.0,51.5,134.0
2018-06-30,IZT,O3,1,667.0,28.665667166416792,26.966402290993283,0.0,7.5,21.0,42.5,129.0
2018-06-30,IZT,PM10,2,676.0,32.14497041420118,17.044594794327818,1.0,20.0,30.0,42.0,110.0
2018-06-30,IZT,SO2,1,667.0,3.685157421289355,8.261844991911742,0.0,1.0,1.0,2.0,73.0
2018-06-30,LLA,CO,15,638.0,0.38009404388714674,0.23988875743900706,0.0,0.2,0.3,0.5,1.2
2018-06-30,LLA,NO,1,636.0,9.666666666666666,14.228137440055992,0.0,1.0,4.0,11.25,88.0
2018-06-30,LLA,NO2,1,636.0,18.105345911949687,10.282309693646754,2.0,10.0,17.0,25.0,56.0
2018-06-30,LLA,NOX,1,636.0,27.77987421383648,21.511439271041656,3.0,12.0,21.0,38.0,117.0
2018-06-30,LLA,O3,1,414.0,32.44444444444444,23.844137873902902,1.0,12.0,29.0,48.0,99.0
2018-06-30,LLA,SO2,1,605.0,2.2198347107438017,6.749265594518348,0.0,1.0,1.0,1.0,91.0
2018-06-30,LPR,CO,15,649.0,0.5480739599383676,0.32598400998883337,0.0,0.3,0.5,0.7,1.9
2018-06-30,LPR,NO,1,0.0,,,,,,,
2018-06-30,LPR,NO2,1,0.0,,,,,,,
2018-06-30,LPR,NOX,1,0.0,,,,,,,
2018-06-30,LPR,O3,1,649.0,29.015408320493066,24.394704631725453,1.0,8.0,24.0,44.0,126.0
2018-06-30,LPR,SO2,1,649.0,2.2403697996918335,3.6312477685864666,0.0,1.0,1.0,2.0,28.0
2018-06-30,MER,CO,15,644.0,0.4133540372670801,0.2704329668295195,0.0,0.2,0.3,0.6,1.3
2018-06-30,MER,NO,1,669.0,15.87593423019432,17.875346089405582,0.0,3.0,8.0,23.0,91.0
2018-06-30,MER,NO2,1,669.0,29.7847533632287,11.691327232676981,8.0,21.0,29.0,38.0,67.0
2018-06-30,MER,NOX,1,669.0,44.63826606875934,25.639849586324427,8.0,24.0,40.0,60.0,142.0
2018-06-30,MER,O3,1,669.0,27.8609865470852,26.81462398588334,1.0,6.0,20.0,41.0,127.0
2018-06-30,MER,PM10,2,645.0,37.10077519379845,18.88624206002071,5.0,23.0,33.0,47.0,153.0
2018-06-30,MER,PM2.5,2,645.0,18.496124031007753,11.043058041877213,1.0,11.0,17.0,24.0,62.0
2018-06-30,MER,PMCO,2,645.0,18.61860465116279,12.226395482609878,3.0,10.0,17.0,25.0,130.0
2018-06-30,MER,SO2,1,660.0,4.777272727272727,9.08618814514468,1.0,2.0,2.0,4.0,86.0
2018-06-30,MGH,CO,15,665.0,0.40240601503759393,0.23296203726602793,0.0,0.2,0.4,0.5,1.4
2018-06-30,MGH,NO,1,672.0,15.011904761904763,22.46672998961102,0.0,3.0,7.0,17.0,202.0
2018-06-30,MGH,NO2,1,672.0,25.43452380952381,9.633455045140078,4.0,18.0,25.0,32.0,59.0
2018-06-30,MGH,NOX,1,672.0,39.58482142857143,27.363947834709492,6.0,22.0,32.5,51.0,236.0
2018-06-30,MGH,O3,1,672.0,29.876488095238095,28.461513442009593,0.0,7.0,21.0,43.25,145.0
2018-06-30,MGH,PM10,2,671.0,31.52011922503726,13.72988234616361,7.0,22.0,29.0,38.0,85.0
2018-06-30,MGH,PM2.5,2,671.0,19.332339791356183,10.165267777821558,2.0,12.0,18.0,24.0,63.0
2018-06-30,MGH,PMCO,2,671.0,12.205663189269746,6.907665921093319,3.0,7.0,11.0,15.0,56.0
2018-06-30,MGH,SO2,1,661.0,3.815431164901664,7.619500759327515,0.0,1.0,1.0,2.0,82.0
2018-06-30,MON,CO,15,659.0,0.2305007587253404,0.22743760542426822,0.0,0.1,0.2,0.3,2.0
2018-06-30,MON,NO,1,661.0,7.114977307110439,17.78666770555027,0.0,1.0,2.0,5.0,164.0
2018-06-30,MON,NO2,1,661.0,12.167927382753405,8.343420567030956,2.0,6.0,10.0,16.0,50.0
2018-06-30,MON,NOX,1,661.0,19.305597579425115,22.674450622757607,2.0,7.0,12.0,22.0,199.0
2018-06-30,MON,O3,1,531.0,32.419962335216574,24.415095407803815,0.0,11.0,28.0,50.5,113.0
2018-06-30,MON,SO2,1,661.0,1.2133131618759456,4.600547207929386,0.0,0.0,1.0,1.0,97.0
2018-06-30,MPA,CO,15,657.0,0.1442922374429225,0.09862697562405737,0.0,0.1,0.1,0.2,0.6
2018-06-30,MPA,O3,1,659.0,34.29135053110774,20.170250321235947,1.0,20.0,29.0,44.0,106.0
2018-06-30,MPA,PM10,2,0.0,,,,,,,
2018-06-30,MPA,PM2.5,2,0.0,,,,,,,
2018-06-30,MPA,PMCO,2,0.0,,,,,,,
2018-06-30,MPA,SO2,1,623.0,1.0048154093097914,2.80358794973805,0.0,0.0,0.0,1.0,31.0
2018-06-30,NEZ,CO,15,668.0,0.4250000000000003,0.2758454361552432,0.0,0.2,0.4,0.6,1.8
2018-06-30,NEZ,NO,1,662.0,7.388217522658611,9.902339161654215,0.0,1.0,3.0,10.0,75.0
2018-06-30,NEZ,NO2,1,662.0,19.652567975830816,10.983834265897201,2.0,11.0,17.0,25.0,69.0
2018-06-30,NEZ,NOX,1,662.0,27.003021148036254,17.705183303796517,2.0,13.25,21.0,38.0,106.0
2018-06-30,NEZ,O3,1,669.0,28.944693572496263,24.242442913544007,0.0,9.0,23.0,44.0,107.0
2018-06-30,NEZ,PM2.5,2,662.0,16.876132930513595,10.14955063359936,1.0,9.0,15.0,23.0,56.0
2018-06-30,NEZ,SO2,1,669.0,2.6532137518684604,7.040042187207083,0.0,1.0,1.0,2.0,70.0
2018-06-30,PED,CO,15,670.0,0.29298507462686535,0.1841922934672208,0.0,0.2,0.2,0.4,1.0
2018-06-30,PED,NO,1,670.0,5.626865671641791,8.996820266886743,0.0,1.0,2.0,7.0,58.0
2018-06-30,PED,NO2,1,670.0,19.96865671641791,9.088531661352624,4.0,13.0,18.0,26.0,51.0
2018-06-30,PED,NOX,1,670.0,25.63134328358209,15.519404979841138,4.0,14.0,21.0,34.0,99.0
2018-06-30,PED,O3,1,670.0,34.09850746268657,29.27161341691113,1.0,12.0,26.0,49.0,163.0
2018-06-30,PED,PM10,2,0.0,,,,,,,
2018-06-30,PED,PM2.5,2,0.0,,,,,,,
2018-06-30,PED,PMCO,2,0.0,,,,,,,
2018-06-30,PED,SO2,1,670.0,3.6328358208955223,7.175951951863679,1.0,1.0,2.0,3.0,90.0
2018-06-30,SAG,CO,15,648.0,0.3754629629629632,0.2555107050967294,0.0,0.2,0.3,0.5,1.6
2018-06-30,SAG,NO,1,617.0,9.20259319286872,12.759366043650546,0.0,2.0,4.0,10.0,87.0
2018-06-30,SAG,NO2,1,617.0,18.52836304700162,9.473283832403716,4.0,11.0,17.0,24.0,60.0
2018-06-30,SAG,NOX,1,617.0,27.714748784440843,19.162657975647793,3.0,14.0,21.0,36.0,114.0
2018-06-30,SAG,O3,1,651.0,24.89093701996928,20.823849364404513,0.0,8.0,21.0,36.0,95.0
2018-06-30,SAG,PM10,2,474.0,31.430379746835442,17.353445687641493,3.0,20.0,28.0,39.0,119.0
2018-06-30,SAG,PM2.5,2,474.0,17.293248945147678,10.746575087105661,1.0,10.0,15.0,23.0,62.0
2018-06-30,SAG,PMCO,2,474.0,14.177215189873417,9.98996472407524,1.0,8.0,12.5,18.0,102.0
2018-06-30,SAG,SO2,1,648.0,2.4444444444444446,5.838369063619505,0.0,1.0,1.0,2.0,60.0
2018-06-30,SFE,CO,15,425.0,0.3138823529411762,0.15876954728597648,0.0,0.2,0.3,0.4,0.9
2018-06-30,SFE,NO,1,426.0,10.495305164319248,14.25057196873401,0.0,2.0,5.0,11.0,88.0
2018-06-30,SFE,NO2,1,426.0,19.335680751173708,7.158869061616489,5.0,14.0,19.0,24.0,46.0
2018-06-30,SFE,NOX,1,426.0,29.86150234741784,17.324096013322542,7.0,18.0,26.0,38.0,115.0
2018-06-30,SFE,O3,1,494.0,27.032388663967613,25.523702613337065,0.0,7.0,19.0,39.0,115.0
2018-06-30,SFE,PM10,2,546.0,26.587912087912088,14.116960988797471,3.0,16.0,24.0,35.0,82.0
2018-06-30,SFE,PM2.5,2,546.0,16.093406593406595,9.407808221354825,1.0,10.0,15.0,21.0,64.0
2018-06-30,SFE,PMCO,2,546.0,10.536630036630036,7.234951785472058,1.0,5.0,9.0,14.0,56.0
2018-06-30,SFE,SO2,1,386.0,1.4119170984455958,2.3518465700834668,0.0,1.0,1.0,1.0,24.0
2018-06-30,SJA,CO,15,0.0,,,,,,,
2018-06-30,SJA,NO,1,0.0,,,,,,,
2018-06-30,SJA,NO2,1,0.0,,,,,,,
2018-06-30,SJA,NOX,1,0.0,,,,,,,
2018-06-30,SJA,O3,1,0.0,,,,,,,
2018-06-30,SJA,PM2.5,2,0.0,,,,,,,
2018-06-30,SJA,SO2,1,0.0,,,,,,,
2018-06-30,TAH,CO,15,553.0,0.24575045207956508,0.19759658050561704,0.0,0.1,0.2,0.4,1.0
2018-06-30,TAH,NO,1,0.0,,,,,,,
2018-06-30,TAH,NO2,1,0.0,,,,,,,
2018-06-30,TAH,NOX,1,0.0,,,,,,,
2018-06-30,TAH,O3,1,528.0,28.814393939393938,20.017819888900977,1.0,13.75,24.0,40.0,95.0
2018-06-30,TAH,PM10,2,0.0,,,,,,,
2018-06-30,TAH,SO2,1,546.0,1.3644688644688645,1.6492815761347293,0.0,1.0,1.0,1.0,20.0
2018-06-30,TLA,CO,15,653.0,0.4741194486983161,0.3003898762186663,0.0,0.3,0.4,0.6,1.9
2018-06-30,TLA,NO,1,646.0,18.972136222910216,20.484878085020636,0.0,5.0,12.0,23.0,118.0
2018-06-30,TLA,NO2,1,646.0,28.893188854489164,11.474787328488748,8.0,19.0,28.0,36.75,68.0
2018-06-30,TLA,NOX,1,646.0,47.88854489164087,28.188842017959498,10.0,27.0,41.0,62.0,157.0
2018-06-30,TLA,O3,1,658.0,23.962006079027354,22.068802409853106,0.0,6.0,17.0,35.0,116.0
2018-06-30,TLA,PM10,2,527.0,39.52182163187856,19.880417168395045,2.0,25.0,37.0,52.0,127.0
2018-06-30,TLA,PM2.5,2,527.0,20.529411764705884,11.105037232476544,1.0,13.0,19.0,27.0,68.0
2018-06-30,TLA,PMCO,2,527.0,18.992409867172675,12.787973321523406,1.0,9.0,17.0,25.0,75.0
2018-06-30,TLA,SO2,1,658.0,6.683890577507599,12.261251114967514,0.0,1.0,2.0,5.0,98.0
2018-06-30,TLI,CO,15,669.0,0.3645739910313901,0.24277094126217627,0.0,0.2,0.3,0.5,1.3
2018-06-30,TLI,NO,1,671.0,8.906110283159464,13.911397933330106,0.0,1.0,3.0,10.0,110.0
2018-06-30,TLI,NO2,1,671.0,22.789865871833086,11.608371341659625,5.0,13.0,22.0,31.0,66.0
2018-06-30,TLI,NOX,1,671.0,31.709388971684053,21.951858142187973,6.0,15.0,27.0,42.5,142.0
2018-06-30,TLI,O3,1,671.0,28.28166915052161,23.96065694819076,0.0,9.0,22.0,42.0,104.0
2018-06-30,TLI,PM10,2,0.0,,,,,,,
2018-06-30,TLI,SO2,1,671.0,5.38301043219076,10.329537875181856,0.0,1.0,2.0,3.0,90.0
2018-06-30,UAX,CO,15,270.0,0.34999999999999987,0.23813869314901603,0.0,0.2,0.3,0.5,1.2
2018-06-30,UAX,NO,1,266.0,7.011278195488722,11.054063739299853,0.0,1.0,2.0,8.0,62.0
2018-06-30,UAX,NO2,1,266.0,17.428571428571427,10.03261527580108,3.0,10.0,15.0,23.0,53.0
2018-06-30,UAX,NOX,1,266.0,24.50375939849624,18.175506661916295,4.0,11.0,18.5,32.0,98.0
2018-06-30,UAX,O3,1,312.0,32.34615384615385,23.63499336163544,0.0,14.0,28.0,45.25,104.0
2018-06-30,UAX,PM2.5,2,187.0,17.0427807486631,9.063591870897982,1.0,10.0,16.0,22.0,48.0
2018-06-30,UAX,SO2,1,270.0,1.8814814814814815,3.1553385501126314,0.0,1.0,1.0,2.0,26.0
2018-06-30,UIZ,CO,15,664.0,0.3242469879518065,0.2438369243824062,0.0,0.1,0.25,0.5,1.3
2018-06-30,UIZ,NO,1,659.0,8.490136570561457,12.868913905924554,0.0,1.0,2.0,11.0,78.0
2018-06-30,UIZ,NO2,1,659.0,22.482549317147193,12.241773449925958,3.0,12.0,21.0,31.0,77.0
2018-06-30,UIZ,NOX,1,659.0,31.009104704097116,21.827102633643293,3.0,14.0,24.0,43.0,116.0
2018-06-30,UIZ,O3,1,618.0,26.05987055016181,20.96747441757382,1.0,9.25,21.0,39.0,98.0
2018-06-30,UIZ,PM10,2,500.0,34.052,17.38890577604515,4.0,21.0,31.0,44.0,98.0
2018-06-30,UIZ,PM2.5,2,500.0,19.37,12.325133582873306,1.0,11.0,17.0,26.0,70.0
2018-06-30,UIZ,PMCO,2,500.0,14.72,9.867336452017573,1.0,8.0,13.0,19.0,61.0
2018-06-30,UIZ,SO2,1,662.0,3.622356495468278,7.1192127940992105,1.0,1.0,2.0,3.0,79.0
2018-06-30,VIF,CO,15,666.0,0.27792792792792725,0.22818519236762672,0.0,0.1,0.2,0.4,2.0
2018-06-30,VIF,NO,1,667.0,6.263868065967016,12.394392271925843,0.0,1.0,2.0,6.0,103.0
2018-06-30,VIF,NO2,1,667.0,16.280359820089956,9.537862962968441,2.0,9.0,14.0,23.0,47.0
2018-06-30,VIF,NOX,1,667.0,22.523238380809595,18.420040243990687,3.0,10.0,17.0,29.0,130.0
2018-06-30,VIF,O3,1,667.0,29.754122938530735,22.859003659196738,0.0,11.0,26.0,44.0,97.0
2018-06-30,VIF,PM10,2,640.0,32.509375,22.87545184140316,1.0,16.0,27.0,43.0,172.0
2018-06-30,VIF,SO2,1,664.0,3.88855421686747,8.562585932195137,0.0,1.0,1.0,2.0,71.0
2018-06-30,XAL,CO,15,550.0,0.4483636363636365,0.3451815796086784,0.0,0.2,0.3,0.6,1.8
2018-06-30,XAL,NO,1,540.0,21.524074074074075,24.901612968934646,0.0,6.0,11.0,28.0,149.0
2018-06-30,XAL,NO2,1,540.0,26.37962962962963,11.761638212565307,4.0,17.0,25.0,34.0,63.0
2018-06-30,XAL,NOX,1,540.0,47.903703703703705,33.04393523804241,5.0,23.0,37.0,64.0,185.0
2018-06-30,XAL,O3,1,541.0,27.09242144177449,23.63900491920515,0.0,7.0,23.0,40.0,107.0
2018-06-30,XAL,PM10,2,556.0,53.41726618705036,27.49359284065247,5.0,34.0,49.5,66.25,195.0
2018-06-30,XAL,PM2.5,2,556.0,22.555755395683452,12.626675008516353,1.0,14.0,20.0,29.0,74.0
2018-06-30,XAL,PMCO,2,556.0,30.83273381294964,21.60344668215784,4.0,15.75,27.0,39.0,169.0
2018-06-30,XAL,SO2,1,541.0,3.1312384473197783,5.269704129413345,0.0,1.0,1.0,3.0,40.0
2018-07-31,ACO,CO,15,130.0,0.22230769230769237,0.15465158872076962,0.0,0.1,0.2,0.3,0.8
2018-07-31,ACO,NO,1,130.0,7.269230769230769,10.521140373197875,0.0,1.0,3.0,7.0,51.0
2018-07-31,ACO,NO2,1,130.0,12.446153846153846,5.882652908974463,3.0,8.0,12.0,17.0,37.0
2018-07-31,ACO,NOX,1,130.0,19.607692307692307,14.05057098558171,4.0,10.0,15.5,25.0,69.0
2018-07-31,ACO,O3,1,130.0,26.5,19.27493854241703,0.0,9.25,22.0,41.75,78.0
2018-07-31,ACO,PM10,2,133.0,31.030075187969924,12.718954984722401,7.0,23.0,30.0,38.0,71.0
2018-07-31,ACO,SO2,1,130.0,0.9153846153846154,0.44954094388230653,0.0,1.0,1.0,1.0,2.0
2018-07-31,AJM,CO,15,381.0,0.25118110236220437,0.12826748884487876,0.0,0.2,0.2,0.3,0.7
2018-07-31,AJM,NO,1,381.0,4.196850393700787,5.109391821999651,0.0,1.0,2.0,6.0,30.0
2018-07-31,AJM,NO2,1,381.0,14.286089238845145,6.471763827127869,2.0,9.0,14.0,19.0,37.0
2018-07-31,AJM,NOX,1,381.0,18.511811023622048,10.265578258175243,2.0,11.0,17.0,24.0,65.0
2018-07-31,AJM,O3,1,381.0,36.750656167979,22.16607841867947,3.0,20.0,30.0,45.0,107.0
2018-07-31,AJM,PM10,2,339.0,33.84660766961652,20.663980009160724,4.0,18.0,29.0,45.0,121.0
2018-07-31,AJM,PM2.5,2,339.0,18.359882005899706,11.753898307788068,2.0,10.0,15.0,23.0,66.0
2018-07-31,AJM,PMCO,2,339.0,15.501474926253687,11.56493747857052,1.0,7.0,13.0,21.0,55.0
2018-07-31,AJM,SO2,1,381.0,2.0656167979002626,4.198796688542689,0.0,0.0,0.0,2.0,27.0
2018-07-31,AJU,O3,1,608.0,33.786184210526315,23.28995668277669,2.0,14.0,29.0,49.25,112.0
2018-07-31,AJU,PM2.5,2,353.0,15.495750708215297,10.07757462395161,1.0,8.0,13.0,22.0,48.0
2018-07-31,ATI,CO,15,695.0,0.22848920863309277,0.19766618758237295,0.0,0.1,0.2,0.3,1.5
2018-07-31,ATI,NO,1,675.0,7.605925925925926,13.137211080730514,0.0,1.0,3.0,8.0,108.0
2018-07-31,ATI,NO2,1,675.0,16.274074074074075,7.141666960017009,4.0,11.0,15.0,20.0,50.0
2018-07-31,ATI,NOX,1,675.0,23.871111111111112,17.78614248482799,5.0,13.0,18.0,27.0,137.0
2018-07-31,ATI,O3,1,695.0,29.928057553956833,22.149752403222497,1.0,12.0,25.0,46.0,94.0
2018-07-31,ATI,PM10,2,691.0,37.32850940665702,19.781210099291275,1.0,23.0,35.0,48.0,121.0
2018-07-31,ATI,SO2,1,695.0,5.071942446043166,9.827357192627954,0.0,0.0,2.0,6.0,87.0
2018-07-31,BJU,CO,15,687.0,0.29985443959243036,0.23271118952839212,0.0,0.1,0.2,0.4,1.3
2018-07-31,BJU,O3,1,687.0,34.085880640465795,27.56635072840364,1.0,13.0,26.0,51.5,116.0
2018-07-31,BJU,PM10,2,696.0,35.64224137931034,18.1226007830458,6.0,23.0,32.0,45.0,132.0
2018-07-31,BJU,PM2.5,2,696.0,19.201149425287355,11.113918882263178,2.0,12.0,17.0,24.0,79.0
2018-07-31,BJU,PMCO,2,696.0,16.455459770114942,9.190910371523161,2.0,9.0,16.0,21.0,55.0
2018-07-31,BJU,SO2,1,684.0,4.201754385964913,5.730675451839397,0.0,2.0,2.0,4.0,59.0
2018-07-31,CAM,CO,15,682.0,0.278592375366568,0.2464057297864408,0.0,0.1,0.2,0.4,1.5
2018-07-31,CAM,NO,1,683.0,15.323572474377745,23.77779252013812,0.0,3.0,6.0,16.0,153.0
2018-07-31,CAM,NO2,1,683.0,27.168374816983896,9.876037893862454,9.0,20.0,26.0,33.0,64.0
2018-07-31,CAM,NOX,1,683.0,42.503660322108345,29.703637346735594,10.0,23.0,33.0,50.5,187.0
2018-07-31,CAM,O3,1,683.0,28.932650073206442,27.12993882233189,0.0,6.0,20.0,46.5,112.0
2018-07-31,CAM,PM10,2,555.0,49.266666666666666,21.539843583752305,5.0,34.0,48.0,61.0,146.0
2018-07-31,CAM,PM2.5,2,555.0,23.05945945945946,11.676524462955719,1.0,14.0,22.0,31.0,70.0
2018-07-31,CAM,PMCO,2,555.0,26.183783783783785,12.735383357686787,2.0,17.0,25.0,33.0,77.0
2018-07-31,CAM,SO2,1,683.0,5.004392386530014,8.94910559455975,0.0,1.0,2.0,4.0,70.0
2018-07-31,CCA,CO,15,674.0,0.2600890207715126,0.19272193805264137,0.0,0.1,0.2,0.4,1.0
2018-07-31,CCA,NO,1,673.0,6.0326894502228825,10.534190424750422,0.0,1.0,1.0,6.0,78.0
2018-07-31,CCA,NO2,1,673.0,18.11441307578009,7.508942109043833,4.0,12.0,17.0,22.0,50.0
2018-07-31,CCA,NOX,1,673.0,24.13075780089153,15.648030327971675,5.0,13.0,19.0,29.0,101.0
2018-07-31,CCA,O3,1,684.0,36.166666666666664,29.299058794890858,0.0,13.0,27.0,54.0,128.0
2018-07-31,CCA,PM2.5,2,198.0,16.72222222222222,9.343887554469482,1.0,9.0,16.0,23.0,52.0
2018-07-31,CCA,SO2,1,677.0,2.209748892171344,4.67433754084226,0.0,0.0,1.0,2.0,42.0
2018-07-31,CHO,CO,15,315.0,0.40507936507936526,0.34127838075619465,0.0,0.2,0.3,0.5,2.9
2018-07-31,CHO,NO,1,315.0,18.1015873015873,32.453040508352686,0.0,3.0,5.0,16.0,305.0
2018-07-31,CHO,NO2,1,315.0,20.006349206349206,7.60028228221731,5.0,14.0,20.0,24.0,55.0
2018-07-31,CHO,NOX,1,315.0,38.08888888888889,35.89126852599128,7.0,18.0,26.0,43.0,337.0
2018-07-31,CHO,O3,1,315.0,32.006349206349206,25.5620879766266,1.0,7.5,29.0,52.0,97.0
2018-07-31,CHO,PM10,2,284.0,46.25,23.6572440141765,5.0,28.75,42.5,60.0,148.0
2018-07-31,CHO,SO2,1,315.0,1.2793650793650793,1.2226835279845294,0.0,1.0,1.0,1.0,12.0
2018-07-31,COY,NO,1,0.0,,,,,,,
2018-07-31,COY,NO2,1,0.0,,,,,,,
2018-07-31,COY,NOX,1,0.0,,,,,,,
2018-07-31,COY,O3,1,0.0,,,,,,,
2018-07-31,COY,PM2.5,2,0.0,,,,,,,
2018-07-31,CUA,CO,15,691.0,0.2532561505065117,0.18312969056706493,0.0,0.1,0.2,0.3,1.4
2018-07-31,CUA,NO,1,693.0,8.83838383838384,16.215844450939954,0.0,2.0,3.0,8.0,154.0
2018-07-31,CUA,NO2,1,693.0,19.95959595959596,7.762075124677668,5.0,14.0,19.0,24.0,51.0
2018-07-31,CUA,NOX,1,693.0,28.767676767676768,21.766947286224266,5.0,17.0,22.0,32.0,191.0
2018-07-31,CUA,O3,1,695.0,32.805755395683455,23.501265432187814,1.0,15.0,27.0,47.0,102.0
2018-07-31,CUA,PM10,2,689.0,28.484760522496373,15.394430904904574,1.0,17.0,27.0,39.0,92.0
2018-07-31,CUA,SO2,1,685.0,2.538686131386861,3.097401480603391,0.0,1.0,1.0,3.0,39.0
2018-07-31,CUT,NO,1,674.0,11.367952522255193,20.791998538645224,1.0,2.0,3.0,10.0,123.0
2018-07-31,CUT,NO2,1,674.0,13.600890207715134,7.3885618465497265,3.0,8.0,12.0,18.75,50.0
2018-07-31,CUT,NOX,1,674.0,24.968842729970326,24.857703375084725,4.0,10.0,15.0,30.0,158.0
2018-07-31,CUT,O3,1,674.0,26.945103857566764,22.080932077937863,0.0,6.0,23.5,43.0,87.0
2018-07-31,CUT,PM10,2,641.0,39.92511700468019,23.819254475641156,1.0,24.0,37.0,52.0,194.0
2018-07-31,CUT,SO2,1,673.0,4.851411589895988,9.00670560040166,0.0,1.0,1.0,4.0,62.0
2018-07-31,FAC,CO,15,426.0,0.31455399061032857,0.2616228325087852,0.0,0.1,0.25,0.4,1.5
2018-07-31,FAC,NO,1,696.0,14.195402298850574,21.894496049189982,0.0,3.0,6.0,15.0,125.0
2018-07-31,FAC,NO2,1,696.0,19.139367816091955,8.198392658911654,5.0,13.0,18.0,24.0,61.0
2018-07-31,FAC,NOX,1,696.0,33.30890804597701,26.170239145552664,5.0,17.0,25.0,39.25,152.0
2018-07-31,FAC,O3,1,696.0,32.366379310344826,25.013135348557757,1.0,13.0,26.0,49.0,117.0
2018-07-31,FAC,PM10,2,637.0,34.66091051805338,21.882790856004668,1.0,18.0,31.0,47.0,138.0
2018-07-31,FAC,SO2,1,696.0,4.344827586206897,8.861950138541841,0.0,1.0,2.0,4.0,156.0
2018-07-31,GAM,O3,1,669.0,30.881913303437965,26.93987737056305,0.0,7.0,24.0,50.0,115.0
2018-07-31,GAM,PM10,2,0.0,,,,,,,
2018-07-31,GAM,PM2.5,2,669.0,21.260089686098656,12.5859169701682,1.0,12.0,18.0,26.0,84.0
2018-07-31,GAM,PMCO,2,0.0,,,,,,,
2018-07-31,HGM,CO,15,675.0,0.3085925925925923,0.24187129938117244,0.0,0.1,0.3,0.4,1.5
2018-07-31,HGM,NO,1,675.0,11.768888888888888,16.860306952840922,0.0,1.0,3.0,15.0,86.0
2018-07-31,HGM,NO2,1,675.0,24.694814814814816,10.036072317130657,6.0,17.0,24.0,30.0,73.0
2018-07-31,HGM,NOX,1,675.0,36.456296296296294,23.692686921536158,7.0,19.0,30.0,46.0,136.0
2018-07-31,HGM,O3,1,675.0,32.05925925925926,27.58471251319566,0.0,10.0,23.0,50.0,126.0
2018-07-31,HGM,PM10,2,687.0,36.31004366812227,19.05833306791379,6.0,22.0,32.0,46.0,138.0
2018-07-31,HGM,PM2.5,2,687.0,20.12081513828239,13.082212142953503,1.0,12.0,17.0,25.0,90.0
2018-07-31,HGM,PMCO,2,687.0,16.20524017467249,8.83605629610223,1.0,10.0,15.0,21.0,51.0
2018-07-31,HGM,SO2,1,678.0,4.088495575221239,6.478995749074382,0.0,1.0,1.0,4.0,56.0
2018-07-31,INN,CO,15,510.0,0.14274509803921592,0.08110432369300434,0.0,0.1,0.1,0.2,0.4
2018-07-31,INN,O3,1,510.0,34.82941176470588,21.57493264671466,6.0,19.0,29.0,44.0,112.0
2018-07-31,INN,PM10,2,0.0,,,,,,,
2018-07-31,INN,PM2.5,2,0.0,,,,,,,
2018-07-31,INN,PMCO,2,0.0,,,,,,,
2018-07-31,INN,SO2,1,510.0,1.4529411764705882,1.3225938884565036,0.0,1.0,1.0,1.0,16.0
2018-07-31,IZT,CO,15,685.0,0.40277372262773636,0.2840412465080498,0.0,0.2,0.3,0.5,2.1
2018-07-31,IZT,NO,1,685.0,13.985401459854014,18.251085604761673,1.0,4.0,6.0,17.0,116.0
2018-07-31,IZT,NO2,1,685.0,25.064233576642337,9.71909359437594,7.0,18.0,25.0,31.0,65.0
2018-07-31,IZT,NOX,1,685.0,39.065693430656935,24.27167277128637,10.0,22.0,32.0,49.0,151.0
2018-07-31,IZT,O3,1,685.0,31.154744525547446,26.390499716064213,1.0,10.0,23.0,50.0,99.0
2018-07-31,IZT,PM10,2,698.0,39.29369627507163,19.422464484034652,5.0,26.0,36.0,50.0,135.0
2018-07-31,IZT,SO2,1,685.0,3.267153284671533,5.474570525613844,0.0,1.0,1.0,3.0,51.0
2018-07-31,LLA,CO,15,677.0,0.33500738552437154,0.25599418956941633,0.0,0.2,0.3,0.4,1.5
2018-07-31,LLA,NO,1,681.0,13.14977973568282,21.048917901031224,0.0,2.0,5.0,14.0,135.0
2018-07-31,LLA,NO2,1,681.0,18.86490455212922,9.091008099376834,3.0,11.0,18.0,25.0,54.0
2018-07-31,LLA,NOX,1,681.0,32.010279001468426,26.614926375089897,4.0,13.0,24.0,41.0,157.0
2018-07-31,LLA,O3,1,681.0,27.801762114537446,22.69536872571733,0.0,8.0,22.0,45.0,87.0
2018-07-31,LLA,SO2,1,681.0,3.94273127753304,9.474948899429485,0.0,1.0,1.0,3.0,110.0
2018-07-31,LPR,CO,15,685.0,0.4394160583941605,0.3567555357872532,0.0,0.2,0.3,0.6,2.4
2018-07-31,LPR,NO,1,0.0,,,,,,,
2018-07-31,LPR,NO2,1,0.0,,,,,,,
2018-07-31,LPR,NOX,1,0.0,,,,,,,
2018-07-31,LPR,O3,1,685.0,30.432116788321167,23.531368060386082,0.0,10.0,26.0,47.0,104.0
2018-07-31,LPR,SO2,1,685.0,2.6335766423357665,3.4072994694196383,0.0,1.0,1.0,3.0,31.0
2018-07-31,MER,CO,15,693.0,0.39639249639249596,0.27349425193149557,0.0,0.2,0.3,0.5,1.4
2018-07-31,MER,NO,1,694.0,17.64985590778098,21.778032638576725,0.0,4.0,8.0,22.0,137.0
2018-07-31,MER,NO2,1,694.0,30.253602305475503,10.430237289704056,10.0,22.25,29.0,37.0,72.0
2018-07-31,MER,NOX,1,694.0,46.9121037463977,28.259201168655128,9.0,26.0,39.0,59.0,185.0
2018-07-31,MER,O3,1,694.0,29.03314121037464,25.914228536146137,1.0,8.0,20.0,45.75,109.0
2018-07-31,MER,PM10,2,656.0,47.15396341463415,21.953922937802385,10.0,32.0,43.0,58.0,158.0
2018-07-31,MER,PM2.5,2,656.0,21.804878048780488,12.390899417800597,1.0,13.0,19.0,28.0,82.0
2018-07-31,MER,PMCO,2,656.0,25.333841463414632,12.134481102743665,2.0,17.0,23.0,31.0,76.0
2018-07-31,MER,SO2,1,694.0,5.29971181556196,6.6828440021621285,1.0,2.0,3.0,5.0,59.0
2018-07-31,MGH,CO,15,694.0,0.3304034582132564,0.2340079518872495,0.0,0.2,0.3,0.4,2.0
2018-07-31,MGH,NO,1,694.0,15.746397694524497,28.441869173273517,0.0,2.0,5.0,16.0,277.0
2018-07-31,MGH,NO2,1,694.0,23.704610951008647,8.632336705997378,8.0,17.0,22.0,29.75,58.0
2018-07-31,MGH,NOX,1,694.0,38.46685878962536,33.401288691043874,7.0,19.0,29.0,45.75,321.0
2018-07-31,MGH,O3,1,694.0,32.05619596541787,26.764129479179413,0.0,11.0,24.0,47.75,119.0
2018-07-31,MGH,PM10,2,698.0,33.845272206303726,16.154352740967344,5.0,23.0,32.0,43.0,108.0
2018-07-31,MGH,PM2.5,2,698.0,19.689111747851,10.607348177788161,2.0,13.0,18.0,25.0,65.0
2018-07-31,MGH,PMCO,2,698.0,14.126074498567336,7.573352953329491,2.0,9.0,13.0,18.0,48.0
2018-07-31,MGH,SO2,1,694.0,3.3184438040345823,5.413710338004937,0.0,1.0,1.0,3.0,62.0
2018-07-31,MON,CO,15,684.0,0.2766081871345023,0.2603234022970882,0.0,0.1,0.2,0.4,1.5
2018-07-31,MON,NO,1,684.0,12.096491228070175,23.693987091110543,0.0,1.0,1.0,10.0,138.0
2018-07-31,MON,NO2,1,684.0,14.264619883040936,8.248262055832313,1.0,7.0,14.0,20.0,41.0
2018-07-31,MON,NOX,1,684.0,26.374269005847953,28.184712509277144,2.0,8.0,17.0,33.0,160.0
2018-07-31,MON,O3,1,684.0,31.926900584795323,25.84598898196189,0.0,7.0,29.0,52.0,96.0
2018-07-31,MON,SO2,1,684.0,1.4210526315789473,1.8567816589457655,0.0,1.0,1.0,1.0,26.0
2018-07-31,MPA,CO,15,687.0,0.1352256186317317,0.0877939878294475,0.0,0.1,0.1,0.2,0.4
2018-07-31,MPA,O3,1,687.0,43.25764192139738,20.670657693336516,6.0,27.0,39.0,58.0,103.0
2018-07-31,MPA,PM10,2,0.0,,,,,,,
2018-07-31,MPA,PM2.5,2,0.0,,,,,,,
2018-07-31,MPA,PMCO,2,0.0,,,,,,,
2018-07-31,MPA,SO2,1,687.0,1.413391557496361,2.3150530340665907,0.0,0.0,1.0,1.0,34.0
2018-07-31,NEZ,CO,15,692.0,0.3890173410404615,0.3067889147179018,0.0,0.2,0.3,0.5,2.1
2018-07-31,NEZ,NO,1,693.0,8.955266955266955,13.88305894040626,0.0,1.0,3.0,10.0,110.0
2018-07-31,NEZ,NO2,1,693.0,21.556998556998558,9.883351342175795,5.0,14.0,21.0,27.0,57.0
2018-07-31,NEZ,NOX,1,693.0,30.476190476190474,20.422023457873976,7.0,16.0,25.0,40.0,148.0
2018-07-31,NEZ,O3,1,692.0,30.39450867052023,24.61128478629367,0.0,9.0,24.0,49.0,87.0
2018-07-31,NEZ,PM2.5,2,701.0,20.697574893009985,10.865797313281321,1.0,13.0,20.0,27.0,81.0
2018-07-31,NEZ,SO2,1,693.0,2.919191919191919,4.892998824478818,0.0,1.0,1.0,2.0,39.0
2018-07-31,PED,CO,15,623.0,0.23194221508828214,0.15233630674689735,0.0,0.1,0.2,0.3,0.9
2018-07-31,PED,NO,1,627.0,4.582137161084529,7.086471827727988,0.0,1.0,1.0,6.0,42.0
2018-07-31,PED,NO2,1,627.0,18.10047846889952,8.073807873154943,4.0,12.0,17.0,22.0,60.0
2018-07-31,PED,NOX,1,627.0,22.706539074960126,13.540024869479467,4.0,13.0,20.0,29.0,102.0
2018-07-31,PED,O3,1,627.0,36.49282296650718,27.88092886570131,0.0,15.0,27.0,53.0,122.0
2018-07-31,PED,PM10,2,0.0,,,,,,,
2018-07-31,PED,PM2.5,2,0.0,,,,,,,
2018-07-31,PED,PMCO,2,0.0,,,,,,,
2018-07-31,PED,SO2,1,547.0,2.963436928702011,4.352858674719084,0.0,1.0,1.0,3.0,35.0
2018-07-31,SAG,CO,15,629.0,0.3635930047694747,0.30738334696142106,0.0,0.1,0.3,0.5,2.0
2018-07-31,SAG,NO,1,631.0,12.405705229793977,17.845729535011458,0.0,2.0,5.0,16.0,141.0
2018-07-31,SAG,NO2,1,631.0,19.835182250396198,8.91377202272311,5.0,13.0,19.0,26.0,52.0
2018-07-31,SAG,NOX,1,631.0,32.21870047543582,23.59694018819099,5.0,15.0,24.0,43.0,173.0
2018-07-31,SAG,O3,1,629.0,25.63116057233704,21.553607780701192,0.0,6.0,21.0,42.0,83.0
2018-07-31,SAG,PM10,2,297.0,40.55555555555556,19.776054771929175,6.0,25.0,38.0,54.0,95.0
2018-07-31,SAG,PM2.5,2,297.0,19.946127946127945,11.836604078247964,1.0,11.0,19.0,26.0,68.0
2018-07-31,SAG,PMCO,2,297.0,20.61952861952862,10.678028517488276,3.0,12.0,20.0,28.0,53.0
2018-07-31,SAG,SO2,1,629.0,3.8553259141494434,7.207550298322348,0.0,1.0,2.0,4.0,99.0
2018-07-31,SFE,CO,15,682.0,0.1958944281524921,0.12863512809634328,0.0,0.1,0.2,0.3,0.6
2018-07-31,SFE,NO,1,348.0,6.968390804597701,12.939969165882056,0.0,1.0,2.0,6.0,97.0
2018-07-31,SFE,NO2,1,348.0,14.652298850574713,5.346476164743614,5.0,11.0,14.0,18.0,38.0
2018-07-31,SFE,NOX,1,348.0,21.620689655172413,16.104121855394034,5.0,12.0,17.0,24.0,117.0
2018-07-31,SFE,O3,1,684.0,36.04970760233918,28.719074268756444,0.0,13.0,28.0,56.0,122.0
2018-07-31,SFE,PM10,2,601.0,33.186356073211314,17.50329150568546,4.0,20.0,30.0,43.0,109.0
2018-07-31,SFE,PM2.5,2,601.0,16.58236272878536,10.314243634001574,1.0,10.0,14.0,22.0,58.0
2018-07-31,SFE,PMCO,2,601.0,16.62063227953411,9.322508975568562,1.0,9.0,16.0,22.0,56.0
2018-07-31,SFE,SO2,1,674.0,1.6632047477744807,3.255021832321986,0.0,0.0,1.0,2.0,41.0
2018-07-31,SJA,CO,15,0.0,,,,,,,
2018-07-31,SJA,NO,1,0.0,,,,,,,
2018-07-31,SJA,NO2,1,0.0,,,,,,,
2018-07-31,SJA,NOX,1,0.0,,,,,,,
2018-07-31,SJA,O3,1,0.0,,,,,,,
2018-07-31,SJA,PM2.5,2,0.0,,,,,,,
2018-07-31,SJA,SO2,1,0.0,,,,,,,
2018-07-31,TAH,CO,15,541.0,0.2593345656192231,0.2275691203244144,0.0,0.1,0.2,0.4,1.5
2018-07-31,TAH,NO,1,0.0,,,,,,,
2018-07-31,TAH,NO2,1,0.0,,,,,,,
2018-07-31,TAH,NOX,1,0.0,,,,,,,
2018-07-31,TAH,O3,1,559.0,33.661896243291594,23.881618821695724,0.0,15.0,28.0,49.0,98.0
2018-07-31,TAH,PM10,2,0.0,,,,,,,
2018-07-31,TAH,SO2,1,559.0,1.3989266547406083,2.149451607978408,0.0,0.0,1.0,1.0,24.0
2018-07-31,TLA,CO,15,431.0,0.34686774941995313,0.21894711829262348,0.0,0.2,0.3,0.5,1.4
2018-07-31,TLA,NO,1,648.0,18.354938271604937,22.589692914295696,0.0,6.0,9.5,21.0,132.0
2018-07-31,TLA,NO2,1,648.0,25.28858024691358,9.152075591126783,6.0,18.0,24.0,30.0,62.0
2018-07-31,TLA,NOX,1,648.0,43.638888888888886,28.378908401138084,10.0,25.0,34.0,53.0,179.0
2018-07-31,TLA,O3,1,410.0,23.734146341463415,20.45234319531679,1.0,8.0,17.0,38.0,91.0
2018-07-31,TLA,PM10,2,352.0,41.11079545454545,17.353922598792458,9.0,29.0,40.0,52.0,91.0
2018-07-31,TLA,PM2.5,2,352.0,19.25284090909091,9.664824044703234,1.0,12.0,17.0,25.0,48.0
2018-07-31,TLA,PMCO,2,352.0,21.852272727272727,10.656287442466159,3.0,13.0,21.0,28.0,59.0
2018-07-31,TLA,SO2,1,431.0,7.675174013921113,11.733526241119685,0.0,2.0,4.0,7.0,86.0
2018-07-31,TLI,CO,15,583.0,0.2821612349914228,0.22799920436012466,0.0,0.1,0.2,0.4,1.2
2018-07-31,TLI,NO,1,583.0,9.089193825042882,15.5779473347228,0.0,1.0,2.0,10.0,98.0
2018-07-31,TLI,NO2,1,583.0,19.0926243567753,9.413103965346917,6.0,11.0,17.0,26.0,53.0
2018-07-31,TLI,NOX,1,583.0,28.180102915951974,22.197182926810726,6.0,12.0,20.0,38.0,128.0
2018-07-31,TLI,O3,1,583.0,28.193825042881645,21.87142598275581,0.0,10.0,23.0,43.5,81.0
2018-07-31,TLI,PM10,2,0.0,,,,,,,
2018-07-31,TLI,SO2,1,583.0,6.885077186963979,10.561170221425353,1.0,2.0,2.0,7.0,84.0
2018-07-31,UAX,CO,15,668.0,0.3374251497005979,0.2225124737755947,0.0,0.2,0.3,0.5,1.3
2018-07-31,UAX,NO,1,688.0,8.290697674418604,11.424064877220664,1.0,2.0,3.0,11.0,79.0
2018-07-31,UAX,NO2,1,688.0,17.390988372093023,7.536212830407066,3.0,12.0,17.0,22.0,52.0
2018-07-31,UAX,NOX,1,688.0,25.675872093023255,15.980825459072472,5.0,14.0,21.0,33.0,99.0
2018-07-31,UAX,O3,1,688.0,32.01889534883721,25.504252417085066,0.0,10.75,24.0,49.0,107.0
2018-07-31,UAX,PM2.5,2,655.0,19.22290076335878,10.396236710948626,1.0,12.0,18.0,24.0,74.0
2018-07-31,UAX,SO2,1,688.0,2.302325581395349,3.3249785279252695,1.0,1.0,1.0,2.0,41.0
2018-07-31,UIZ,CO,15,682.0,0.3398826979472135,0.24939041868860834,0.0,0.1,0.3,0.5,1.3
2018-07-31,UIZ,NO,1,682.0,10.17008797653959,14.940325242363654,0.0,1.0,3.0,14.0,82.0
2018-07-31,UIZ,NO2,1,682.0,24.791788856304986,10.32386241293855,5.0,17.0,26.0,32.0,58.0
2018-07-31,UIZ,NOX,1,682.0,34.95307917888563,21.76818525240787,5.0,18.0,30.0,46.0,120.0
2018-07-31,UIZ,O3,1,682.0,25.560117302052785,22.025550347751036,0.0,6.0,19.0,43.0,89.0
2018-07-31,UIZ,PM10,2,638.0,39.559561128526646,18.843786340264646,5.0,26.0,37.0,50.0,113.0
2018-07-31,UIZ,PM2.5,2,638.0,20.79780564263323,12.726128385564511,1.0,12.0,18.0,26.0,98.0
2018-07-31,UIZ,PMCO,2,638.0,18.764890282131663,10.226534079614009,1.0,11.0,17.0,25.0,67.0
2018-07-31,UIZ,SO2,1,681.0,2.6754772393538913,4.426737025284566,0.0,1.0,1.0,2.0,38.0
2018-07-31,VIF,CO,15,617.0,0.20324149108589867,0.1910901611916914,0.0,0.1,0.1,0.3,1.4
2018-07-31,VIF,NO,1,671.0,6.618479880774963,12.503631165091793,0.0,1.0,1.0,6.0,92.0
2018-07-31,VIF,NO2,1,671.0,14.134128166915053,8.84053828179636,3.0,7.0,12.0,20.0,54.0
2018-07-31,VIF,NOX,1,671.0,20.71385991058122,19.005382627303153,3.0,8.0,13.0,26.0,124.0
2018-07-31,VIF,O3,1,671.0,29.83457526080477,21.97755428429942,1.0,11.0,26.0,46.0,85.0
2018-07-31,VIF,PM10,2,660.0,43.28484848484848,24.551282567267183,1.0,25.0,39.0,57.0,195.0
2018-07-31,VIF,SO2,1,658.0,6.015197568389058,11.193323190870313,0.0,1.0,2.0,4.0,89.0
2018-07-31,XAL,CO,15,677.0,0.5087149187592312,0.41306077532419055,0.0,0.2,0.4,0.7,2.5
2018-07-31,XAL,NO,1,676.0,27.571005917159763,34.42276575962753,0.0,7.0,14.0,31.25,238.0
2018-07-31,XAL,NO2,1,676.0,25.967455621301774,10.592889580501359,5.0,17.0,25.0,33.0,63.0
2018-07-31,XAL,NOX,1,676.0,53.52958579881657,40.6919485763375,5.0,26.0,39.0,68.0,273.0
2018-07-31,XAL,O3,1,677.0,25.61890694239291,22.347566418716823,0.0,5.0,20.0,42.0,84.0
2018-07-31,XAL,PM10,2,689.0,61.23076923076923,29.870415569539013,8.0,39.0,54.0,78.0,169.0
2018-07-31,XAL,PM2.5,2,689.0,23.54281567489115,12.132084776077837,2.0,15.0,21.0,30.0,73.0
2018-07-31,XAL,PMCO,2,689.0,37.63715529753266,21.171616339040604,1.0,24.0,33.0,48.0,136.0
2018-07-31,XAL,SO2,1,677.0,3.137370753323486,4.375534543834771,0.0,1.0,2.0,3.0,39.0
2018-08-31,ACO,CO,15,693.0,0.22741702741702652,0.18071420799085966,0.0,0.1,0.2,0.3,1.1
2018-08-31,ACO,NO,1,693.0,6.401154401154401,10.052929222304751,0.0,1.0,3.0,6.0,71.0
2018-08-31,ACO,NO2,1,693.0,10.414141414141413,5.920736242266965,1.0,6.0,9.0,14.0,34.0
2018-08-31,ACO,NOX,1,693.0,16.825396825396826,13.841895910346963,2.0,8.0,12.0,21.0,93.0
2018-08-31,ACO,O3,1,691.0,24.445730824891463,16.322062729561157,0.0,11.0,23.0,36.0,77.0
2018-08-31,ACO,PM10,2,705.0,21.7645390070922,11.129845310734419,1.0,13.0,21.0,28.0,75.0
2018-08-31,ACO,SO2,1,690.0,1.0434782608695652,0.9117007919649549,0.0,1.0,1.0,1.0,15.0
2018-08-31,AJM,CO,15,669.0,0.246636771300448,0.14977494461714544,0.0,0.1,0.2,0.3,0.8
2018-08-31,AJM,NO,1,674.0,4.544510385756676,5.611912172286829,0.0,1.0,2.0,6.0,38.0
2018-08-31,AJM,NO2,1,674.0,15.845697329376854,7.123194489545532,2.0,11.0,15.0,20.0,47.0
2018-08-31,AJM,NOX,1,674.0,20.375370919881306,10.945904480643026,2.0,12.0,18.0,27.0,62.0
2018-08-31,AJM,O3,1,673.0,33.78751857355126,21.74441003549403,1.0,18.0,28.0,43.0,111.0
2018-08-31,AJM,PM10,2,673.0,20.99108469539376,12.466857641229621,2.0,12.0,17.0,28.0,64.0
2018-08-31,AJM,PM2.5,2,673.0,14.667161961367013,9.25622733424978,1.0,8.0,12.0,19.0,50.0
2018-08-31,AJM,PMCO,2,673.0,6.320950965824665,4.265147130721199,1.0,3.0,5.0,9.0,23.0
2018-08-31,AJM,SO2,1,674.0,2.026706231454006,3.3735971797774673,1.0,1.0,1.0,2.0,48.0
2018-08-31,AJU,O3,1,667.0,30.808095952023987,18.642094359403224,1.0,18.0,28.0,40.0,105.0
2018-08-31,AJU,PM2.5,2,0.0,,,,,,,
2018-08-31,ATI,CO,15,683.0,0.26573938506588496,0.19351018072644757,0.0,0.1,0.2,0.3,1.2
2018-08-31,ATI,NO,1,685.0,6.683211678832117,11.82451221341681,0.0,1.0,3.0,6.0,94.0
2018-08-31,ATI,NO2,1,685.0,16.778102189781023,6.995223049757436,2.0,11.0,16.0,21.0,45.0
2018-08-31,ATI,NOX,1,685.0,23.454014598540144,15.417001013911388,5.0,14.0,19.0,28.0,115.0
2018-08-31,ATI,O3,1,685.0,27.14890510948905,21.126492185052303,0.0,11.0,21.0,40.0,104.0
2018-08-31,ATI,PM10,2,632.0,26.69145569620253,15.328253739266584,1.0,16.0,24.0,35.0,104.0
2018-08-31,ATI,SO2,1,678.0,3.646017699115044,7.046065376763835,0.0,1.0,1.0,3.0,61.0
2018-08-31,BJU,CO,15,695.0,0.3460431654676252,0.24765941422433888,0.0,0.2,0.3,0.5,1.4
2018-08-31,BJU,O3,1,695.0,30.26618705035971,26.20952362810555,1.0,9.0,23.0,45.0,122.0
2018-08-31,BJU,PM10,2,700.0,26.24,14.190693922124336,2.0,16.0,23.0,34.0,122.0
2018-08-31,BJU,PM2.5,2,700.0,17.48,10.45904335887526,1.0,9.0,15.0,23.0,65.0
2018-08-31,BJU,PMCO,2,700.0,8.745714285714286,6.250692338518301,1.0,5.0,8.0,12.0,108.0
2018-08-31,BJU,SO2,1,693.0,3.365079365079365,4.890806953855064,0.0,2.0,2.0,3.0,55.0
2018-08-31,CAM,CO,15,691.0,0.3477568740955134,0.26731087898085754,0.0,0.2,0.3,0.4,1.5
2018-08-31,CAM,NO,1,691.0,14.859623733719248,21.3402858972662,0.0,3.0,6.0,18.0,143.0
2018-08-31,CAM,NO2,1,691.0,28.726483357452967,9.964960739653648,9.0,22.0,28.0,34.0,69.0
2018-08-31,CAM,NOX,1,691.0,43.520984081041966,26.192831349486514,9.0,26.0,36.0,52.0,173.0
2018-08-31,CAM,O3,1,691.0,26.936324167872648,25.793415581078836,0.0,6.0,18.0,42.0,112.0
2018-08-31,CAM,PM10,2,600.0,33.96,16.82101793612222,2.0,21.0,31.0,44.0,95.0
2018-08-31,CAM,PM2.5,2,600.0,18.746666666666666,10.920221653297638,1.0,10.0,17.0,25.0,60.0
2018-08-31,CAM,PMCO,2,600.0,15.225,8.106410929850894,1.0,9.0,14.0,20.0,47.0
2018-08-31,CAM,SO2,1,691.0,3.279305354558611,7.591098340129838,0.0,1.0,2.0,3.0,120.0
2018-08-31,CCA,CO,15,682.0,0.3057184750733135,0.21012442278383714,0.0,0.1,0.3,0.4,1.1
2018-08-31,CCA,NO,1,689.0,7.571843251088534,12.797431937099581,0.0,1.0,2.0,8.0,95.0
2018-08-31,CCA,NO2,1,689.0,20.899854862119014,8.396262490901162,4.0,14.0,20.0,25.0,57.0
2018-08-31,CCA,NOX,1,689.0,28.447024673439767,17.085554060638,4.0,16.0,24.0,36.0,118.0
2018-08-31,CCA,O3,1,689.0,30.711175616835995,26.94286385510556,0.0,10.0,23.0,45.0,128.0
2018-08-31,CCA,PM2.5,2,157.0,12.961783439490446,7.125149886249332,1.0,8.0,13.0,17.0,38.0
2018-08-31,CCA,SO2,1,688.0,2.3880813953488373,3.815501643432515,1.0,1.0,2.0,2.0,43.0
2018-08-31,CHO,CO,15,584.0,0.44880136986301433,0.280587355524894,0.0,0.3,0.4,0.6,2.0
2018-08-31,CHO,NO,1,584.0,13.86472602739726,19.404881410777044,0.0,3.0,7.0,14.25,143.0
2018-08-31,CHO,NO2,1,584.0,19.159246575342465,7.125220356316022,5.0,14.0,19.0,24.0,46.0
2018-08-31,CHO,NOX,1,584.0,33.022260273972606,22.580320163591317,6.0,19.0,26.0,39.0,165.0
2018-08-31,CHO,O3,1,584.0,24.63527397260274,20.784993983206455,0.0,6.0,21.0,38.0,93.0
2018-08-31,CHO,PM10,2,556.0,26.924460431654676,16.884068258852857,1.0,15.0,24.0,37.0,139.0
2018-08-31,CHO,SO2,1,578.0,1.259515570934256,1.0189475866463986,0.0,1.0,1.0,1.0,11.0
2018-08-31,COY,NO,1,0.0,,,,,,,
2018-08-31,COY,NO2,1,0.0,,,,,,,
2018-08-31,COY,NOX,1,0.0,,,,,,,
2018-08-31,COY,O3,1,0.0,,,,,,,
2018-08-31,COY,PM2.5,2,0.0,,,,,,,
2018-08-31,CUA,CO,15,688.0,0.2844476744186042,0.18202959800709473,0.0,0.2,0.2,0.4,1.1
2018-08-31,CUA,NO,1,693.0,9.21067821067821,15.305994565073872,0.0,2.0,4.0,9.0,124.0
2018-08-31,CUA,NO2,1,693.0,19.548340548340548,7.914064325601309,5.0,13.0,18.0,25.0,50.0
2018-08-31,CUA,NOX,1,693.0,28.702741702741704,19.902898850308546,6.0,17.0,24.0,34.0,157.0
2018-08-31,CUA,O3,1,693.0,29.548340548340548,21.69646193259468,1.0,14.0,24.0,40.0,102.0
2018-08-31,CUA,PM10,2,635.0,20.253543307086613,12.249649420565035,1.0,12.0,19.0,27.0,71.0
2018-08-31,CUA,SO2,1,683.0,1.452415812591508,2.521812035848119,0.0,0.0,1.0,1.0,27.0
2018-08-31,CUT,NO,1,691.0,7.8219971056439945,14.718277390344364,0.0,1.0,2.0,7.0,137.0
2018-08-31,CUT,NO2,1,691.0,13.151953690303907,6.8379847932439075,3.0,7.0,12.0,18.0,39.0
2018-08-31,CUT,NOX,1,691.0,20.955137481910274,18.19904477752624,4.0,10.0,15.0,26.0,151.0
2018-08-31,CUT,O3,1,691.0,26.452966714905934,21.067428717811058,0.0,9.0,23.0,41.0,107.0
2018-08-31,CUT,PM10,2,685.0,27.03795620437956,18.035094651585464,1.0,15.0,24.0,34.0,124.0
2018-08-31,CUT,SO2,1,685.0,5.37956204379562,15.078707435870285,0.0,1.0,1.0,3.0,232.0
2018-08-31,FAC,CO,15,281.0,0.428113879003559,0.349631951158602,0.0,0.2,0.4,0.5,2.6
2018-08-31,FAC,NO,1,567.0,15.46384479717813,26.64380306428718,0.0,3.0,6.0,15.0,181.0
2018-08-31,FAC,NO2,1,567.0,20.71604938271605,9.697116611866106,2.0,13.0,19.0,26.0,54.0
2018-08-31,FAC,NOX,1,567.0,36.15343915343915,30.41775247636097,5.0,17.0,28.0,42.0,197.0
2018-08-31,FAC,O3,1,594.0,29.744107744107744,24.028549081380916,2.0,11.0,23.0,43.75,104.0
2018-08-31,FAC,PM10,2,90.0,20.58888888888889,14.321269202153466,1.0,10.0,17.0,29.0,59.0
2018-08-31,FAC,SO2,1,589.0,3.512733446519525,4.731777523930223,0.0,2.0,2.0,3.0,62.0
2018-08-31,GAM,O3,1,691.0,29.21562952243126,25.07082348361547,0.0,8.0,23.0,46.0,119.0
2018-08-31,GAM,PM10,2,0.0,,,,,,,
2018-08-31,GAM,PM2.5,2,701.0,17.975748930099858,11.00471247964848,1.0,10.0,15.0,24.0,65.0
2018-08-31,GAM,PMCO,2,0.0,,,,,,,
2018-08-31,HGM,CO,15,687.0,0.4033478893740896,0.24937911195361723,0.0,0.2,0.4,0.5,1.7
2018-08-31,HGM,NO,1,687.0,13.052401746724891,16.529596811592707,0.0,2.0,5.0,19.0,86.0
2018-08-31,HGM,NO2,1,687.0,26.234352256186316,9.785548135544198,5.0,19.0,26.0,32.0,64.0
2018-08-31,HGM,NOX,1,687.0,39.29694323144105,22.25735452143158,5.0,23.0,34.0,52.0,127.0
2018-08-31,HGM,O3,1,686.0,29.565597667638485,25.913064881254055,1.0,8.0,22.0,44.75,114.0
2018-08-31,HGM,PM10,2,690.0,26.033333333333335,14.313219874764632,2.0,16.0,23.0,34.0,93.0
2018-08-31,HGM,PM2.5,2,690.0,16.807246376811595,10.749243991920839,1.0,9.0,14.0,21.0,70.0
2018-08-31,HGM,PMCO,2,690.0,9.23913043478261,5.3465591227637965,1.0,5.0,9.0,13.0,32.0
2018-08-31,HGM,SO2,1,686.0,2.676384839650146,5.778156379426985,0.0,1.0,1.0,2.0,74.0
2018-08-31,INN,CO,15,155.0,0.18258064516129038,0.11741168944258866,0.0,0.1,0.2,0.2,0.5
2018-08-31,INN,O3,1,155.0,31.141935483870967,20.520954988308276,3.0,19.0,25.0,36.5,104.0
2018-08-31,INN,PM10,2,0.0,,,,,,,
2018-08-31,INN,PM2.5,2,0.0,,,,,,,
2018-08-31,INN,PMCO,2,0.0,,,,,,,
2018-08-31,INN,SO2,1,155.0,0.7741935483870968,1.225001389327462,0.0,0.0,0.0,1.0,8.0
2018-08-31,IZT,CO,15,337.0,0.4145400593471811,0.28711803668815933,0.0,0.2,0.4,0.5,1.8
2018-08-31,IZT,NO,1,337.0,12.326409495548962,17.175572264283474,0.0,3.0,5.0,16.0,116.0
2018-08-31,IZT,NO2,1,337.0,26.038575667655785,9.520732157895337,8.0,20.0,25.0,32.0,58.0
2018-08-31,IZT,NOX,1,337.0,38.38278931750742,22.550711382641996,8.0,23.0,32.0,47.0,152.0
2018-08-31,IZT,O3,1,346.0,27.54913294797688,24.47877902254211,1.0,7.0,22.0,42.0,109.0
2018-08-31,IZT,PM10,2,352.0,27.59659090909091,15.050410630273852,2.0,17.0,24.0,35.0,147.0
2018-08-31,IZT,SO2,1,337.0,1.572700296735905,1.853623255894137,0.0,1.0,1.0,2.0,15.0
2018-08-31,LLA,CO,15,674.0,0.3452522255192868,0.2578047890258604,0.0,0.2,0.3,0.5,1.8
2018-08-31,LLA,NO,1,680.0,10.089705882352941,15.040325174565416,0.0,1.0,4.0,13.0,104.0
2018-08-31,LLA,NO2,1,680.0,17.53970588235294,9.164904561037476,2.0,10.0,16.0,23.0,53.0
2018-08-31,LLA,NOX,1,680.0,27.597058823529412,21.207912288094498,2.0,12.0,21.0,37.0,138.0
2018-08-31,LLA,O3,1,478.0,25.94979079497908,21.735246808687233,0.0,8.0,19.0,40.0,88.0
2018-08-31,LLA,SO2,1,682.0,2.218475073313783,5.712963748621508,0.0,0.0,1.0,2.0,73.0
2018-08-31,LPR,CO,15,344.0,0.5081395348837205,0.3257519191574603,0.0,0.3,0.5,0.7,2.1
2018-08-31,LPR,NO,1,0.0,,,,,,,
2018-08-31,LPR,NO2,1,0.0,,,,,,,
2018-08-31,LPR,NOX,1,0.0,,,,,,,
2018-08-31,LPR,O3,1,359.0,28.175487465181057,18.569960145450324,1.0,14.0,26.0,41.0,86.0
2018-08-31,LPR,SO2,1,356.0,2.1797752808988764,2.692971750829835,1.0,1.0,2.0,2.0,28.0
2018-08-31,MER,CO,15,685.0,0.4370802919708028,0.30261569384891046,0.0,0.2,0.4,0.6,1.7
2018-08-31,MER,NO,1,685.0,17.277372262773724,19.781603601278604,0.0,4.0,10.0,23.0,119.0
2018-08-31,MER,NO2,1,685.0,30.486131386861313,10.253876620232276,8.0,23.0,30.0,37.0,65.0
2018-08-31,MER,NOX,1,685.0,47.07883211678832,25.933668848055518,7.0,28.0,40.0,61.0,156.0
2018-08-31,MER,O3,1,661.0,26.5446293494705,24.82959907150748,1.0,6.0,19.0,39.0,111.0
2018-08-31,MER,PM10,2,474.0,35.949367088607595,19.19692016404252,5.0,22.0,33.0,46.0,115.0
2018-08-31,MER,PM2.5,2,474.0,20.565400843881857,12.695196655684818,1.0,11.0,18.0,27.0,73.0
2018-08-31,MER,PMCO,2,474.0,15.388185654008439,8.384594480841985,1.0,9.0,14.0,20.0,50.0
2018-08-31,MER,SO2,1,685.0,4.0583941605839415,8.259467740661657,0.0,2.0,3.0,4.0,115.0
2018-08-31,MGH,CO,15,437.0,0.35812356979405036,0.25613419883871463,0.0,0.2,0.3,0.4,1.8
2018-08-31,MGH,NO,1,437.0,15.647597254004577,25.34033165142862,0.0,3.0,6.0,17.0,224.0
2018-08-31,MGH,NO2,1,437.0,25.148741418764303,8.835828311168694,11.0,18.0,24.0,30.0,58.0
2018-08-31,MGH,NOX,1,437.0,39.82379862700229,29.510433254332927,11.0,22.0,31.0,46.0,255.0
2018-08-31,MGH,O3,1,437.0,28.85354691075515,25.92449458967367,0.0,8.0,21.0,43.0,109.0
2018-08-31,MGH,PM10,2,440.0,27.195454545454545,14.72490265961236,5.0,17.0,23.0,36.0,77.0
2018-08-31,MGH,PM2.5,2,440.0,18.729545454545455,11.978798270000762,1.0,10.0,16.0,25.0,61.0
2018-08-31,MGH,PMCO,2,440.0,8.470454545454546,4.445472193990408,1.0,5.0,7.0,11.0,23.0
2018-08-31,MGH,SO2,1,435.0,1.6827586206896552,1.6462642317879779,0.0,1.0,1.0,2.0,16.0
2018-08-31,MON,CO,15,667.0,0.2950524737631179,0.25449022578509295,0.0,0.1,0.2,0.4,1.7
2018-08-31,MON,NO,1,619.0,10.696284329563813,23.609035811145947,0.0,1.0,2.0,8.0,179.0
2018-08-31,MON,NO2,1,619.0,13.72697899838449,7.660141389132452,1.0,8.0,13.0,19.0,47.0
2018-08-31,MON,NOX,1,619.0,24.450726978998386,27.425546377981984,2.0,9.0,16.0,28.0,200.0
2018-08-31,MON,O3,1,669.0,29.249626307922274,23.117420667825343,0.0,7.0,26.0,45.0,100.0
2018-08-31,MON,SO2,1,669.0,1.1614349775784754,1.2859006387457923,0.0,1.0,1.0,1.0,15.0
2018-08-31,MPA,CO,15,636.0,0.1718553459119492,0.10245959981096697,0.0,0.1,0.2,0.2,0.7
2018-08-31,MPA,O3,1,644.0,37.65527950310559,20.703170358854695,1.0,23.0,33.0,47.0,112.0
2018-08-31,MPA,PM10,2,0.0,,,,,,,
2018-08-31,MPA,PM2.5,2,0.0,,,,,,,
2018-08-31,MPA,PMCO,2,0.0,,,,,,,
2018-08-31,MPA,SO2,1,643.0,1.5023328149300155,1.5390789518094292,0.0,1.0,1.0,1.0,19.0
2018-08-31,NEZ,CO,15,684.0,0.4972222222222217,0.3575267290220221,0.0,0.2,0.4,0.7,2.0
2018-08-31,NEZ,NO,1,685.0,9.712408759124088,14.142050053500466,0.0,2.0,3.0,12.0,97.0
2018-08-31,NEZ,NO2,1,685.0,22.44087591240876,10.941287721718753,5.0,14.0,21.0,29.0,57.0
2018-08-31,NEZ,NOX,1,685.0,32.17080291970803,21.37554130699952,5.0,16.0,26.0,42.0,130.0
2018-08-31,NEZ,O3,1,685.0,27.6,24.189807432588825,0.0,6.0,22.0,43.0,111.0
2018-08-31,NEZ,PM2.5,2,691.0,14.942112879884226,9.068154543986145,1.0,8.0,13.0,20.0,63.0
2018-08-31,NEZ,SO2,1,684.0,1.3801169590643274,2.1479567704940203,0.0,1.0,1.0,1.0,23.0
2018-08-31,PED,CO,15,646.0,0.27198142414860627,0.1751316836872952,0.0,0.1,0.2,0.4,1.1
2018-08-31,PED,NO,1,667.0,5.571214392803598,8.327688837600057,0.0,1.0,2.0,7.0,64.0
2018-08-31,PED,NO2,1,667.0,18.96551724137931,7.672755797388187,5.0,13.0,18.0,23.0,44.0
2018-08-31,PED,NOX,1,667.0,24.55622188905547,13.44785511990924,6.0,15.0,22.0,31.0,91.0
2018-08-31,PED,O3,1,647.0,32.30139103554868,26.813027329910604,1.0,12.0,24.0,46.0,120.0
2018-08-31,PED,PM10,2,0.0,,,,,,,
2018-08-31,PED,PM2.5,2,0.0,,,,,,,
2018-08-31,PED,PMCO,2,0.0,,,,,,,
2018-08-31,PED,SO2,1,599.0,2.4607679465776293,3.0756428065505146,1.0,1.0,2.0,2.0,40.0
2018-08-31,SAG,CO,15,690.0,0.4137681159420282,0.2983243062927278,0.0,0.2,0.3,0.5,1.6
2018-08-31,SAG,NO,1,690.0,10.643478260869566,15.45104613872775,0.0,2.0,5.0,11.0,112.0
2018-08-31,SAG,NO2,1,690.0,19.082608695652173,8.676268561175524,5.0,13.0,18.0,24.0,57.0
2018-08-31,SAG,NOX,1,690.0,29.733333333333334,20.763822693558637,5.0,16.0,23.0,36.0,137.0
2018-08-31,SAG,O3,1,690.0,24.842028985507245,19.755243325204983,0.0,9.0,20.0,37.0,88.0
2018-08-31,SAG,PM10,2,531.0,31.393596986817325,15.977976483552974,5.0,19.0,28.0,40.0,89.0
2018-08-31,SAG,PM2.5,2,531.0,17.45386064030132,11.077566961400677,1.0,9.0,15.0,24.0,66.0
2018-08-31,SAG,PMCO,2,531.0,13.951035781544256,7.465230971204723,2.0,8.0,13.0,18.0,54.0
2018-08-31,SAG,SO2,1,684.0,2.124269005847953,3.902628377086167,0.0,1.0,1.0,2.0,51.0
2018-08-31,SFE,CO,15,670.0,0.21701492537313374,0.16739465755006164,0.0,0.1,0.2,0.3,1.0
2018-08-31,SFE,NO,1,0.0,,,,,,,
2018-08-31,SFE,NO2,1,0.0,,,,,,,
2018-08-31,SFE,NOX,1,0.0,,,,,,,
2018-08-31,SFE,O3,1,670.0,31.401492537313434,25.74547715971795,0.0,12.0,25.0,44.0,118.0
2018-08-31,SFE,PM10,2,577.0,25.873483535528596,14.655640048791655,2.0,15.0,23.0,35.0,76.0
2018-08-31,SFE,PM2.5,2,577.0,16.746967071057192,11.244987864381818,1.0,8.0,13.0,24.0,55.0
2018-08-31,SFE,PMCO,2,577.0,9.129982668977469,5.507767762793356,1.0,5.0,8.0,13.0,26.0
2018-08-31,SFE,SO2,1,683.0,1.219619326500732,2.3910442328608066,0.0,0.0,1.0,1.0,22.0
2018-08-31,SJA,CO,15,0.0,,,,,,,
2018-08-31,SJA,NO,1,0.0,,,,,,,
2018-08-31,SJA,NO2,1,0.0,,,,,,,
2018-08-31,SJA,NOX,1,0.0,,,,,,,
2018-08-31,SJA,O3,1,0.0,,,,,,,
2018-08-31,SJA,PM2.5,2,0.0,,,,,,,
2018-08-31,SJA,SO2,1,0.0,,,,,,,
2018-08-31,TAH,CO,15,525.0,0.32457142857142846,0.25259352652063544,0.0,0.1,0.3,0.5,2.0
2018-08-31,TAH,NO,1,0.0,,,,,,,
2018-08-31,TAH,NO2,1,0.0,,,,,,,
2018-08-31,TAH,NOX,1,0.0,,,,,,,
2018-08-31,TAH,O3,1,524.0,32.38931297709924,23.61184604630645,1.0,14.0,28.0,45.0,103.0
2018-08-31,TAH,PM10,2,474.0,25.39873417721519,14.831801103564617,1.0,15.0,23.0,34.75,77.0
2018-08-31,TAH,SO2,1,388.0,1.4896907216494846,1.6712794792906984,0.0,1.0,1.0,1.0,19.0
2018-08-31,TLA,CO,15,468.0,0.42008547008547004,0.2791513469033186,0.0,0.2,0.4,0.6,1.6
2018-08-31,TLA,NO,1,471.0,16.959660297239914,19.161254875268355,0.0,5.0,10.0,19.0,117.0
2018-08-31,TLA,NO2,1,471.0,25.46072186836518,9.89767040660565,5.0,18.0,25.0,32.0,58.0
2018-08-31,TLA,NOX,1,471.0,42.39915074309979,25.221780508980448,5.0,24.0,37.0,51.5,143.0
2018-08-31,TLA,O3,1,469.0,24.908315565031984,22.082743464269857,0.0,7.0,18.0,38.0,105.0
2018-08-31,TLA,PM10,2,394.0,34.63959390862944,17.95958300511518,7.0,22.0,30.0,45.0,111.0
2018-08-31,TLA,PM2.5,2,394.0,20.977157360406093,12.26911910048526,2.0,11.0,18.0,27.0,65.0
2018-08-31,TLA,PMCO,2,394.0,13.637055837563452,8.206169556545083,1.0,7.0,13.0,18.0,47.0
2018-08-31,TLA,SO2,1,464.0,5.178879310344827,8.387761450701202,0.0,1.0,3.0,4.0,76.0
2018-08-31,TLI,CO,15,394.0,0.2890862944162437,0.2413019766471393,0.0,0.1,0.2,0.4,1.4
2018-08-31,TLI,NO,1,395.0,8.116455696202532,13.101966667383742,0.0,1.0,2.0,8.5,90.0
2018-08-31,TLI,NO2,1,395.0,20.09113924050633,9.503768820593422,6.0,12.0,19.0,27.0,53.0
2018-08-31,TLI,NOX,1,395.0,28.144303797468353,19.692481925203786,6.0,14.0,22.0,38.0,119.0
2018-08-31,TLI,O3,1,395.0,26.556962025316455,22.345661768771613,0.0,8.0,20.0,41.0,95.0
2018-08-31,TLI,PM10,2,0.0,,,,,,,
2018-08-31,TLI,SO2,1,395.0,5.754430379746835,13.246892150301331,1.0,1.0,2.0,4.0,156.0
2018-08-31,UAX,CO,15,694.0,0.38285302593659915,0.249055795624725,0.0,0.2,0.3,0.5,1.5
2018-08-31,UAX,NO,1,694.0,7.626801152737752,11.68553461909807,0.0,1.0,2.0,9.0,88.0
2018-08-31,UAX,NO2,1,694.0,18.155619596541786,8.300732167812134,2.0,12.0,18.0,23.0,44.0
2018-08-31,UAX,NOX,1,694.0,25.743515850144092,16.433448179806707,3.0,13.0,22.0,34.0,111.0
2018-08-31,UAX,O3,1,694.0,28.80835734870317,24.263331425079656,1.0,9.0,22.0,43.0,107.0
2018-08-31,UAX,PM2.5,2,647.0,15.187017001545595,9.383996896008252,1.0,8.0,14.0,21.0,54.0
2018-08-31,UAX,SO2,1,694.0,1.7247838616714697,2.0793888954029343,1.0,1.0,1.0,2.0,32.0
2018-08-31,UIZ,CO,15,679.0,0.41458026509572843,0.3139473101226741,0.0,0.2,0.3,0.55,2.0
2018-08-31,UIZ,NO,1,680.0,12.885294117647058,18.93913407785101,0.0,2.0,5.0,16.0,123.0
2018-08-31,UIZ,NO2,1,680.0,24.805882352941175,10.85656764709624,5.0,16.0,24.0,31.0,65.0
2018-08-31,UIZ,NOX,1,680.0,37.67794117647059,25.712425410631155,6.0,19.0,31.0,50.0,163.0
2018-08-31,UIZ,O3,1,680.0,21.716176470588234,19.66824335945063,0.0,5.0,16.0,32.25,84.0
2018-08-31,UIZ,PM10,2,565.0,31.001769911504425,16.946358749774053,3.0,19.0,28.0,40.0,98.0
2018-08-31,UIZ,PM2.5,2,565.0,20.561061946902655,13.374259664194678,1.0,11.0,18.0,27.0,77.0
2018-08-31,UIZ,PMCO,2,565.0,10.490265486725663,6.74605170317231,1.0,5.0,9.0,14.0,43.0
2018-08-31,UIZ,SO2,1,680.0,1.575,2.166886624536118,0.0,1.0,1.0,2.0,28.0
2018-08-31,VIF,CO,15,692.0,0.2287572254335251,0.20286561824256724,0.0,0.1,0.2,0.3,1.6
2018-08-31,VIF,NO,1,692.0,5.437861271676301,9.97858256646301,0.0,1.0,2.0,6.0,107.0
2018-08-31,VIF,NO2,1,692.0,14.078034682080926,8.828793353558416,3.0,7.0,12.0,19.0,49.0
2018-08-31,VIF,NOX,1,692.0,19.536127167630056,16.175507061116754,3.0,9.0,14.0,26.0,132.0
2018-08-31,VIF,O3,1,692.0,27.59393063583815,20.45052957567889,0.0,11.0,23.5,42.0,96.0
2018-08-31,VIF,PM10,2,614.0,28.372964169381106,16.45853910002447,1.0,17.0,26.0,37.0,124.0
2018-08-31,VIF,SO2,1,688.0,3.7834302325581395,9.430410956440454,0.0,1.0,1.0,2.0,125.0
2018-08-31,XAL,CO,15,571.0,0.4744308231173376,0.34970335804395153,0.0,0.2,0.4,0.6,1.8
2018-08-31,XAL,NO,1,575.0,23.234782608695653,26.050584147075824,0.0,7.0,13.0,28.0,152.0
2018-08-31,XAL,NO2,1,575.0,25.51478260869565,10.192367878727039,6.0,18.0,24.0,32.0,60.0
2018-08-31,XAL,NOX,1,575.0,48.76695652173913,32.173277920499096,7.0,27.0,38.0,62.0,176.0
2018-08-31,XAL,O3,1,536.0,23.14738805970149,19.27253415107283,0.0,7.0,19.0,35.0,82.0
2018-08-31,XAL,PM10,2,244.0,45.75,21.253685228742548,11.0,29.0,43.0,60.0,117.0
2018-08-31,XAL,PM2.5,2,244.0,19.631147540983605,10.823082192367899,2.0,12.0,17.0,27.0,68.0
2018-08-31,XAL,PMCO,2,244.0,26.081967213114755,14.788545319177171,2.0,14.0,25.0,35.0,85.0
2018-08-31,XAL,SO2,1,579.0,2.1951640759930915,3.487234867800767,0.0,1.0,1.0,2.0,37.0
2018-09-30,ACO,CO,15,658.0,0.26671732522796227,0.20857240865876103,0.0,0.1,0.2,0.4,1.4
2018-09-30,ACO,NO,1,661.0,8.210287443267775,12.206168959785272,0.0,2.0,3.0,8.0,105.0
2018-09-30,ACO,NO2,1,661.0,12.770045385779122,6.289607457356455,1.0,8.0,13.0,17.0,34.0
2018-09-30,ACO,NOX,1,661.0,20.95461422087746,15.468474216476476,2.0,10.0,17.0,28.0,124.0
2018-09-30,ACO,O3,1,654.0,23.229357798165136,18.211855029051716,0.0,8.0,19.0,37.0,90.0
2018-09-30,ACO,PM10,2,683.0,28.431918008784773,14.317492540600785,3.0,18.0,26.0,37.0,140.0
2018-09-30,ACO,SO2,1,661.0,1.9258698940998487,3.0494330384145156,1.0,1.0,1.0,2.0,41.0
2018-09-30,AJM,CO,15,659.0,0.2871016691957508,0.14926549747283016,0.0,0.2,0.3,0.4,0.9
2018-09-30,AJM,NO,1,659.0,4.608497723823976,5.777404947042161,0.0,1.0,2.0,6.0,41.0
2018-09-30,AJM,NO2,1,659.0,16.83156297420334,7.473794490642183,2.0,11.0,16.0,21.0,55.0
2018-09-30,AJM,NOX,1,659.0,21.427921092564493,11.260208219061557,3.0,13.0,20.0,27.0,74.0
2018-09-30,AJM,O3,1,658.0,34.20820668693009,24.52707867969512,2.0,16.0,27.0,47.0,116.0
2018-09-30,AJM,PM10,2,664.0,25.460843373493976,13.190504716358047,3.0,15.0,23.0,34.0,75.0
2018-09-30,AJM,PM2.5,2,664.0,18.106927710843372,9.818827002200441,1.0,10.0,16.0,24.0,60.0
2018-09-30,AJM,PMCO,2,664.0,7.350903614457831,4.450369764126698,1.0,4.0,6.0,10.0,24.0
2018-09-30,AJM,SO2,1,659.0,1.9347496206373294,2.5765467316381336,0.0,1.0,1.0,2.0,26.0
2018-09-30,AJU,O3,1,403.0,32.74937965260546,23.193845005337607,1.0,14.0,30.0,45.0,111.0
2018-09-30,AJU,PM2.5,2,0.0,,,,,,,
2018-09-30,ATI,CO,15,663.0,0.2989441930618392,0.20101427454965484,0.0,0.2,0.2,0.4,1.2
2018-09-30,ATI,NO,1,645.0,7.967441860465116,13.01637264967003,0.0,1.0,3.0,8.0,92.0
2018-09-30,ATI,NO2,1,645.0,17.72403100775194,7.0253398405211325,5.0,12.0,17.0,22.0,42.0
2018-09-30,ATI,NOX,1,645.0,25.648062015503875,16.962010442663278,5.0,14.0,21.0,32.0,120.0
2018-09-30,ATI,O3,1,665.0,27.846616541353384,23.81442924978044,0.0,9.0,19.0,43.0,107.0
2018-09-30,ATI,PM10,2,640.0,30.81875,16.34913363389722,1.0,19.0,28.0,40.0,104.0
2018-09-30,ATI,SO2,1,663.0,4.6500754147812975,7.363954168195435,0.0,1.0,2.0,4.0,58.0
2018-09-30,BJU,CO,15,671.0,0.4156482861400895,0.2825937778453536,0.0,0.2,0.3,0.6,1.8
2018-09-30,BJU,O3,1,658.0,30.041033434650455,28.541723366867377,1.0,7.0,19.5,46.0,130.0
2018-09-30,BJU,PM10,2,677.0,31.224519940915805,14.411116731782869,3.0,21.0,29.0,39.0,85.0
2018-09-30,BJU,PM2.5,2,677.0,21.3397341211226,11.268237101908404,1.0,13.0,19.0,28.0,72.0
2018-09-30,BJU,PMCO,2,677.0,9.908419497784342,5.125109611883486,1.0,6.0,9.0,14.0,27.0
2018-09-30,BJU,SO2,1,671.0,4.581222056631892,4.6807518527832395,1.0,2.0,3.0,5.0,48.0
2018-09-30,CAM,CO,15,664.0,0.3814759036144572,0.2814049904483878,0.0,0.2,0.3,0.5,2.1
2018-09-30,CAM,NO,1,664.0,16.13102409638554,23.39630376834202,0.0,2.0,6.0,19.0,165.0
2018-09-30,CAM,NO2,1,664.0,28.933734939759034,9.466546985096512,9.0,22.0,28.0,35.0,58.0
2018-09-30,CAM,NOX,1,664.0,45.0933734939759,28.432774060745494,10.0,26.0,36.0,56.0,199.0
2018-09-30,CAM,O3,1,664.0,27.02409638554217,28.101293144746673,0.0,5.0,16.0,43.0,115.0
2018-09-30,CAM,PM10,2,538.0,40.405204460966544,16.411018771208454,7.0,28.0,39.0,51.0,91.0
2018-09-30,CAM,PM2.5,2,538.0,23.273234200743495,11.243772087227546,1.0,15.0,22.0,30.0,57.0
2018-09-30,CAM,PMCO,2,538.0,17.135687732342006,7.657847911036384,2.0,12.0,16.0,22.0,40.0
2018-09-30,CAM,SO2,1,664.0,4.537650602409639,6.221291075570104,1.0,2.0,3.0,5.0,71.0
2018-09-30,CCA,CO,15,655.0,0.3422900763358773,0.22753352707046418,0.0,0.2,0.3,0.5,1.4
2018-09-30,CCA,NO,1,650.0,8.87076923076923,15.109112374892876,0.0,1.0,3.0,10.0,113.0
2018-09-30,CCA,NO2,1,650.0,22.013846153846153,8.449147747852852,5.0,16.0,21.0,27.0,53.0
2018-09-30,CCA,NOX,1,650.0,30.823076923076922,18.83619494836334,5.0,18.0,26.0,38.0,142.0
2018-09-30,CCA,O3,1,650.0,28.95846153846154,28.53462412944739,0.0,7.0,18.0,44.0,129.0
2018-09-30,CCA,PM2.5,2,650.0,17.07846153846154,8.278194430091707,1.0,11.0,16.0,22.0,48.0
2018-09-30,CCA,SO2,1,650.0,2.809230769230769,3.0708994018342373,1.0,1.0,2.0,3.0,22.0
2018-09-30,CHO,CO,15,666.0,0.42507507507507436,0.3740677560076269,0.0,0.2,0.3,0.5,2.0
2018-09-30,CHO,NO,1,662.0,19.661631419939578,28.385135075417946,0.0,4.0,8.0,20.75,153.0
2018-09-30,CHO,NO2,1,662.0,21.533232628398792,6.647917659047442,7.0,17.0,21.0,26.0,48.0
2018-09-30,CHO,NOX,1,662.0,41.166163141993955,30.086102411700875,10.0,23.0,31.0,47.0,173.0
2018-09-30,CHO,O3,1,662.0,23.916918429003022,21.949206613763288,0.0,3.0,19.0,39.0,96.0
2018-09-30,CHO,PM10,2,612.0,38.25326797385621,24.461257100958008,1.0,20.0,34.0,53.0,161.0
2018-09-30,CHO,SO2,1,662.0,1.5981873111782476,2.1208274242258796,0.0,1.0,1.0,2.0,21.0
2018-09-30,COY,NO,1,0.0,,,,,,,
2018-09-30,COY,NO2,1,0.0,,,,,,,
2018-09-30,COY,NOX,1,0.0,,,,,,,
2018-09-30,COY,O3,1,0.0,,,,,,,
2018-09-30,COY,PM2.5,2,0.0,,,,,,,
2018-09-30,CUA,CO,15,659.0,0.29650986342943825,0.1821935436961779,0.0,0.2,0.3,0.4,1.2
2018-09-30,CUA,NO,1,667.0,9.335832083958021,14.595896704910272,0.0,2.0,4.0,10.0,177.0
2018-09-30,CUA,NO2,1,667.0,20.568215892053974,8.036482708230446,5.0,15.0,20.0,26.0,49.0
2018-09-30,CUA,NOX,1,667.0,29.856071964017993,19.51607418294809,5.0,18.0,25.0,35.5,220.0
2018-09-30,CUA,O3,1,667.0,29.215892053973015,24.11667434157621,0.0,12.0,21.0,42.0,108.0
2018-09-30,CUA,PM10,2,637.0,25.089481946624804,12.582551281190021,1.0,16.0,24.0,33.0,77.0
2018-09-30,CUA,SO2,1,665.0,2.3218045112781955,2.736173850698213,0.0,1.0,1.0,3.0,24.0
2018-09-30,CUT,NO,1,660.0,8.828787878787878,14.741971557000433,0.0,1.0,2.0,9.0,102.0
2018-09-30,CUT,NO2,1,660.0,14.477272727272727,7.057175890480495,2.0,9.0,14.0,18.25,44.0
2018-09-30,CUT,NOX,1,660.0,23.316666666666666,18.75465816357565,3.0,11.0,17.0,28.0,123.0
2018-09-30,CUT,O3,1,658.0,26.43161094224924,23.87331552282513,0.0,6.0,20.0,43.0,111.0
2018-09-30,CUT,PM10,2,615.0,32.6130081300813,20.742091461572993,1.0,19.0,28.0,42.0,200.0
2018-09-30,CUT,SO2,1,660.0,5.765151515151516,12.84308228175684,0.0,1.0,2.0,4.0,154.0
2018-09-30,FAC,CO,15,648.0,0.4615740740740742,0.38806219016813714,0.0,0.2,0.4,0.6,2.3
2018-09-30,FAC,NO,1,648.0,17.45679012345679,26.143959738218545,0.0,2.0,7.0,20.0,145.0
2018-09-30,FAC,NO2,1,648.0,21.117283950617285,9.396231151108342,5.0,15.0,19.0,27.0,57.0
2018-09-30,FAC,NOX,1,648.0,38.59567901234568,30.206913133980123,5.0,18.0,30.0,50.0,167.0
2018-09-30,FAC,O3,1,644.0,28.349378881987576,25.614087472776887,0.0,8.0,20.0,43.0,113.0
2018-09-30,FAC,PM10,2,618.0,25.053398058252426,14.079263799915598,1.0,14.0,23.0,33.75,76.0
2018-09-30,FAC,SO2,1,647.0,3.794435857805255,5.144906400669825,0.0,1.0,2.0,4.0,40.0
2018-09-30,GAM,O3,1,651.0,27.026113671274963,26.571718802214924,0.0,5.0,18.0,43.0,117.0
2018-09-30,GAM,PM10,2,0.0,,,,,,,
2018-09-30,GAM,PM2.5,2,662.0,20.92749244712991,11.36683870495315,2.0,13.0,18.0,26.0,71.0
2018-09-30,GAM,PMCO,2,0.0,,,,,,,
2018-09-30,HGM,CO,15,211.0,0.3872037914691946,0.3071795677493853,0.0,0.2,0.3,0.5,2.0
2018-09-30,HGM,NO,1,211.0,12.23222748815166,17.238332265633588,0.0,1.0,4.0,17.0,101.0
2018-09-30,HGM,NO2,1,211.0,28.27962085308057,10.54254472977813,8.0,20.0,27.0,35.0,69.0
2018-09-30,HGM,NOX,1,211.0,40.535545023696685,24.998331697889828,8.0,21.0,32.0,55.0,160.0
2018-09-30,HGM,O3,1,206.0,32.13592233009709,29.946309204955707,2.0,9.0,21.0,46.5,125.0
2018-09-30,HGM,PM10,2,215.0,31.627906976744185,15.464193274664092,3.0,21.0,28.0,40.0,83.0
2018-09-30,HGM,PM2.5,2,215.0,20.586046511627906,12.305715969087101,1.0,12.0,18.0,26.0,60.0
2018-09-30,HGM,PMCO,2,215.0,11.051162790697674,5.079019153093192,1.0,8.0,11.0,14.0,26.0
2018-09-30,HGM,SO2,1,211.0,4.947867298578199,8.464049053633055,1.0,1.0,2.0,5.0,81.0
2018-09-30,INN,CO,15,652.0,0.15966257668711656,0.11202044584383898,0.0,0.1,0.1,0.2,0.6
2018-09-30,INN,O3,1,653.0,27.869831546707506,19.49390087413493,0.0,14.0,22.0,37.0,111.0
2018-09-30,INN,PM10,2,579.0,15.6286701208981,9.684036383921171,3.0,9.0,13.0,19.5,55.0
2018-09-30,INN,PM2.5,2,579.0,11.734024179620034,7.465612020705674,1.0,6.0,10.0,15.0,41.0
2018-09-30,INN,PMCO,2,579.0,3.8773747841105353,2.792815055403475,1.0,2.0,3.0,5.0,20.0
2018-09-30,INN,SO2,1,655.0,0.7114503816793893,1.1824817900062299,0.0,0.0,0.0,1.0,14.0
2018-09-30,IZT,CO,15,394.0,0.4365482233502533,0.3542317982335674,0.0,0.2,0.3,0.6,2.2
2018-09-30,IZT,NO,1,399.0,15.807017543859649,21.490218667315567,0.0,3.0,7.0,19.0,144.0
2018-09-30,IZT,NO2,1,399.0,27.082706766917294,10.188952372248531,7.0,20.0,26.0,32.0,64.0
2018-09-30,IZT,NOX,1,399.0,42.907268170426065,26.718877490973536,7.0,24.5,34.0,55.0,174.0
2018-09-30,IZT,O3,1,399.0,24.411027568922307,26.675916126775398,0.0,3.0,12.0,39.0,109.0
2018-09-30,IZT,PM10,2,411.0,32.545012165450125,14.975094549556072,5.0,22.0,30.0,41.0,127.0
2018-09-30,IZT,SO2,1,399.0,2.9724310776942358,3.514755951932485,0.0,1.0,2.0,3.0,24.0
2018-09-30,LLA,CO,15,571.0,0.3712784588441326,0.2588400804298258,0.0,0.2,0.3,0.5,1.7
2018-09-30,LLA,NO,1,427.0,11.163934426229508,17.17792314684413,0.0,2.0,4.0,12.0,116.0
2018-09-30,LLA,NO2,1,427.0,19.35128805620609,9.261625962711241,3.0,12.0,19.0,26.0,53.0
2018-09-30,LLA,NOX,1,427.0,30.470725995316158,22.85175659590838,4.0,14.0,23.0,39.0,135.0
2018-09-30,LLA,O3,1,592.0,25.256756756756758,22.658913261850763,0.0,7.0,17.0,40.0,104.0
2018-09-30,LLA,SO2,1,659.0,3.581183611532625,7.248352362488669,0.0,1.0,1.0,3.0,85.0
2018-09-30,LPR,CO,15,511.0,0.63679060665362,0.40275603620045974,0.0,0.3,0.6,0.8,2.4
2018-09-30,LPR,NO,1,0.0,,,,,,,
2018-09-30,LPR,NO2,1,0.0,,,,,,,
2018-09-30,LPR,NOX,1,0.0,,,,,,,
2018-09-30,LPR,O3,1,599.0,26.207011686143574,22.67880755150182,0.0,8.0,19.0,39.5,104.0
2018-09-30,LPR,SO2,1,663.0,2.4901960784313726,3.2006622885525404,0.0,1.0,2.0,3.0,35.0
2018-09-30,MER,CO,15,667.0,0.4736131934032991,0.31335535719967095,0.0,0.2,0.4,0.7,1.8
2018-09-30,MER,NO,1,667.0,19.026986506746628,21.7430916246452,0.0,4.0,10.0,25.5,130.0
2018-09-30,MER,NO2,1,667.0,31.136431784107945,10.528852444367553,9.0,23.0,31.0,37.0,71.0
2018-09-30,MER,NOX,1,667.0,50.18290854572714,27.917770857749343,11.0,29.0,43.0,65.5,175.0
2018-09-30,MER,O3,1,631.0,25.58003169572108,26.83966823770562,1.0,4.0,15.0,39.5,124.0
2018-09-30,MER,PM10,2,520.0,41.74807692307692,18.134798093232742,6.0,29.0,39.0,52.0,149.0
2018-09-30,MER,PM2.5,2,520.0,23.65,12.792270968510328,1.0,14.75,22.0,30.0,123.0
2018-09-30,MER,PMCO,2,520.0,18.09423076923077,7.828162031692186,1.0,13.0,17.0,23.0,45.0
2018-09-30,MER,SO2,1,578.0,4.21280276816609,6.01483222450429,1.0,2.0,2.0,4.0,66.0
2018-09-30,MGH,CO,15,533.0,0.3838649155722326,0.2490630497896634,0.0,0.2,0.3,0.5,1.6
2018-09-30,MGH,NO,1,512.0,16.45703125,20.233715381412477,0.0,4.0,8.0,22.0,143.0
2018-09-30,MGH,NO2,1,512.0,26.099609375,9.947997853601215,11.0,19.0,24.0,32.0,78.0
2018-09-30,MGH,NOX,1,512.0,42.59375,25.12020027466999,12.0,24.75,35.0,54.0,169.0
2018-09-30,MGH,O3,1,511.0,25.78473581213307,25.952910635789664,0.0,6.0,15.0,39.0,108.0
2018-09-30,MGH,PM10,2,543.0,29.38489871086556,13.03136693896077,6.0,19.0,27.0,39.0,72.0
2018-09-30,MGH,PM2.5,2,543.0,20.539594843462247,10.240007163035287,3.0,13.0,19.0,27.0,60.0
2018-09-30,MGH,PMCO,2,543.0,8.832412523020258,4.722902810630561,1.0,5.0,8.0,12.0,30.0
2018-09-30,MGH,SO2,1,0.0,,,,,,,
2018-09-30,MON,CO,15,656.0,0.3272865853658529,0.2992141619141743,0.0,0.1,0.2,0.4,1.9
2018-09-30,MON,NO,1,627.0,12.108452950558213,23.464493780382046,0.0,1.0,2.0,11.0,159.0
2018-09-30,MON,NO2,1,627.0,14.456140350877194,7.473440070346613,2.0,8.0,14.0,19.0,40.0
2018-09-30,MON,NOX,1,627.0,26.57894736842105,26.800137156474626,1.0,10.0,18.0,32.5,175.0
2018-09-30,MON,O3,1,651.0,27.397849462365592,23.830360628319603,0.0,4.0,22.0,44.5,96.0
2018-09-30,MON,SO2,1,654.0,1.1896024464831805,2.547102758114051,0.0,0.0,1.0,1.0,29.0
2018-09-30,MPA,CO,15,325.0,0.15353846153846196,0.1187438207519096,0.0,0.1,0.1,0.2,0.5
2018-09-30,MPA,O3,1,323.0,40.10526315789474,21.661169787455332,0.0,25.0,37.0,51.0,134.0
2018-09-30,MPA,PM10,2,0.0,,,,,,,
2018-09-30,MPA,PM2.5,2,0.0,,,,,,,
2018-09-30,MPA,PMCO,2,0.0,,,,,,,
2018-09-30,MPA,SO2,1,326.0,2.1901840490797544,3.2240483814641796,0.0,1.0,1.0,2.0,28.0
2018-09-30,NEZ,CO,15,656.0,0.536890243902438,0.4287515269998153,0.0,0.2,0.4,0.7,3.1
2018-09-30,NEZ,NO,1,656.0,11.115853658536585,17.589604629606665,0.0,1.75,4.0,14.0,138.0
2018-09-30,NEZ,NO2,1,656.0,22.841463414634145,11.64287366452651,3.0,14.0,21.0,29.0,77.0
2018-09-30,NEZ,NOX,1,656.0,33.95579268292683,25.385868461382866,4.0,16.0,26.0,44.0,183.0
2018-09-30,NEZ,O3,1,656.0,26.839939024390244,24.480127275948913,0.0,6.0,19.0,43.0,93.0
2018-09-30,NEZ,PM2.5,2,671.0,18.415797317436663,10.148229207228244,1.0,11.0,16.0,24.0,64.0
2018-09-30,NEZ,SO2,1,652.0,2.7837423312883436,5.15184301335679,0.0,1.0,1.0,2.0,50.0
2018-09-30,PED,CO,15,466.0,0.3358369098712446,0.18193419349798998,0.0,0.2,0.3,0.5,0.9
2018-09-30,PED,NO,1,466.0,5.873390557939914,8.206675756603163,0.0,1.0,2.0,8.0,43.0
2018-09-30,PED,NO2,1,466.0,20.826180257510728,8.74156067373547,4.0,14.0,20.0,26.0,54.0
2018-09-30,PED,NOX,1,466.0,26.6931330472103,14.04670535172481,5.0,16.0,24.0,36.0,70.0
2018-09-30,PED,O3,1,425.0,33.04,29.83185267398365,1.0,10.0,22.0,50.0,131.0
2018-09-30,PED,PM10,2,0.0,,,,,,,
2018-09-30,PED,PM2.5,2,0.0,,,,,,,
2018-09-30,PED,PMCO,2,0.0,,,,,,,
2018-09-30,PED,SO2,1,408.0,2.269607843137255,3.064556489892422,0.0,1.0,1.0,2.0,23.0
2018-09-30,SAG,CO,15,648.0,0.4379629629629632,0.3156067023829551,0.0,0.2,0.4,0.6,2.1
2018-09-30,SAG,NO,1,635.0,11.236220472440944,16.123271527400018,0.0,2.0,4.0,12.0,115.0
2018-09-30,SAG,NO2,1,635.0,19.929133858267715,8.447258064423915,4.0,13.0,19.0,25.0,51.0
2018-09-30,SAG,NOX,1,635.0,31.173228346456693,20.98260301181067,6.0,16.0,24.0,40.0,143.0
2018-09-30,SAG,O3,1,652.0,24.219325153374232,20.691933782530484,0.0,8.0,18.0,36.0,87.0
2018-09-30,SAG,PM10,2,87.0,32.41379310344828,16.610834041013458,6.0,21.0,27.0,40.5,83.0
2018-09-30,SAG,PM2.5,2,87.0,18.35632183908046,11.3362733422657,3.0,11.0,15.0,23.0,58.0
2018-09-30,SAG,PMCO,2,87.0,14.091954022988507,7.319347066933884,3.0,8.0,13.0,19.0,38.0
2018-09-30,SAG,SO2,1,644.0,3.2841614906832297,5.39987305409293,0.0,1.0,2.0,3.0,70.0
2018-09-30,SFE,CO,15,223.0,0.24618834080717494,0.1454142899418992,0.0,0.1,0.2,0.3,0.7
2018-09-30,SFE,NO,1,0.0,,,,,,,
2018-09-30,SFE,NO2,1,0.0,,,,,,,
2018-09-30,SFE,NOX,1,0.0,,,,,,,
2018-09-30,SFE,O3,1,661.0,30.85627836611195,29.09538509810869,0.0,8.0,20.0,47.0,128.0
2018-09-30,SFE,PM10,2,152.0,26.55263157894737,15.874002851797139,4.0,15.0,22.5,37.0,81.0
2018-09-30,SFE,PM2.5,2,152.0,15.835526315789474,11.053418804642574,1.0,8.0,13.0,20.25,58.0
2018-09-30,SFE,PMCO,2,152.0,10.769736842105264,7.421528014902635,1.0,5.0,9.0,15.0,36.0
2018-09-30,SFE,SO2,1,661.0,1.9894099848714069,2.9819979751974994,0.0,1.0,1.0,2.0,29.0
2018-09-30,SJA,CO,15,0.0,,,,,,,
2018-09-30,SJA,NO,1,0.0,,,,,,,
2018-09-30,SJA,NO2,1,0.0,,,,,,,
2018-09-30,SJA,NOX,1,0.0,,,,,,,
2018-09-30,SJA,O3,1,0.0,,,,,,,
2018-09-30,SJA,PM2.5,2,0.0,,,,,,,
2018-09-30,SJA,SO2,1,0.0,,,,,,,
2018-09-30,TAH,CO,15,666.0,0.4315315315315315,0.31607993144838825,0.0,0.2,0.4,0.6,2.1
2018-09-30,TAH,NO,1,0.0,,,,,,,
2018-09-30,TAH,NO2,1,0.0,,,,,,,
2018-09-30,TAH,NOX,1,0.0,,,,,,,
2018-09-30,TAH,O3,1,655.0,29.95114503816794,25.015299191515005,0.0,10.0,23.0,44.0,121.0
2018-09-30,TAH,PM10,2,515.0,37.332038834951454,24.78468451084239,1.0,21.0,33.0,49.0,232.0
2018-09-30,TAH,SO2,1,666.0,1.8933933933933933,2.9464980950199657,0.0,1.0,1.0,2.0,26.0
2018-09-30,TLA,CO,15,470.0,0.49510638297872306,0.3027195310152689,0.0,0.3,0.5,0.7,2.1
2018-09-30,TLA,NO,1,651.0,17.79416282642089,19.39533718027411,0.0,5.0,11.0,22.0,125.0
2018-09-30,TLA,NO2,1,651.0,27.247311827956988,9.191566602531235,8.0,20.0,27.0,32.5,58.0
2018-09-30,TLA,NOX,1,651.0,44.993855606758835,24.97857467826337,9.0,28.0,38.0,57.0,174.0
2018-09-30,TLA,O3,1,648.0,24.54783950617284,23.369041098820816,0.0,6.0,16.0,39.0,100.0
2018-09-30,TLA,PM10,2,533.0,39.592870544090054,18.169970935919427,7.0,26.0,37.0,50.0,108.0
2018-09-30,TLA,PM2.5,2,533.0,24.401500938086304,12.343309563323475,1.0,15.0,22.0,31.0,79.0
2018-09-30,TLA,PMCO,2,533.0,15.178236397748593,8.476201485376734,1.0,9.0,14.0,21.0,46.0
2018-09-30,TLA,SO2,1,606.0,5.308580858085809,7.5171754168151805,0.0,1.0,3.0,6.0,61.0
2018-09-30,TLI,CO,15,577.0,0.3601386481802415,0.25284213930825594,0.0,0.2,0.3,0.5,1.6
2018-09-30,TLI,NO,1,577.0,7.393414211438475,11.343874920800046,0.0,1.0,2.0,9.0,89.0
2018-09-30,TLI,NO2,1,577.0,20.944540727902947,9.468719087160101,5.0,13.0,20.0,27.0,57.0
2018-09-30,TLI,NOX,1,577.0,28.353552859618716,17.738546540295204,6.0,15.0,24.0,37.0,125.0
2018-09-30,TLI,O3,1,573.0,25.698080279232112,22.497271314271643,0.0,8.0,18.0,39.0,103.0
2018-09-30,TLI,PM10,2,0.0,,,,,,,
2018-09-30,TLI,SO2,1,577.0,5.459272097053726,8.933326812641527,0.0,2.0,2.0,5.0,64.0
2018-09-30,UAX,CO,15,662.0,0.4829305135951657,0.29712977651222555,0.0,0.3,0.4,0.6,1.9
2018-09-30,UAX,NO,1,662.0,9.474320241691842,15.733361811585729,0.0,1.0,2.0,10.0,110.0
2018-09-30,UAX,NO2,1,662.0,18.916918429003022,8.918222392430003,2.0,13.0,18.0,24.0,54.0
2018-09-30,UAX,NOX,1,662.0,28.351963746223564,20.39937825159467,3.0,14.0,23.0,37.0,128.0
2018-09-30,UAX,O3,1,660.0,28.304545454545455,26.26888471256321,1.0,6.0,20.0,45.0,108.0
2018-09-30,UAX,PM2.5,2,636.0,19.028301886792452,9.686868338850939,1.0,11.0,18.0,25.0,59.0
2018-09-30,UAX,SO2,1,662.0,2.5755287009063443,4.1195676309404305,0.0,1.0,1.0,3.0,46.0
2018-09-30,UIZ,CO,15,662.0,0.45770392749244626,0.3266658921559089,0.0,0.2,0.4,0.6,2.5
2018-09-30,UIZ,NO,1,662.0,13.081570996978853,19.248340996400454,0.0,2.0,5.5,16.0,158.0
2018-09-30,UIZ,NO2,1,662.0,25.285498489425983,11.753587071835442,3.0,17.0,25.0,32.0,62.0
2018-09-30,UIZ,NOX,1,662.0,38.362537764350456,26.10287430155265,4.0,19.0,32.0,52.0,188.0
2018-09-30,UIZ,O3,1,662.0,20.341389728096676,19.829257785630094,0.0,3.0,13.0,33.0,90.0
2018-09-30,UIZ,PM10,2,573.0,35.59162303664922,16.965433790204635,5.0,23.0,33.0,44.0,120.0
2018-09-30,UIZ,PM2.5,2,573.0,23.019197207678882,13.419977074089351,1.0,13.0,21.0,29.0,87.0
2018-09-30,UIZ,PMCO,2,573.0,12.582897033158813,6.612833516504233,1.0,8.0,12.0,16.0,44.0
2018-09-30,UIZ,SO2,1,662.0,2.9652567975830815,4.328808067288946,1.0,1.0,2.0,3.0,42.0
2018-09-30,VIF,CO,15,668.0,0.25943113772454945,0.21380603181127367,0.0,0.1,0.2,0.4,1.4
2018-09-30,VIF,NO,1,575.0,5.434782608695652,8.949267031266327,0.0,1.0,2.0,5.0,68.0
2018-09-30,VIF,NO2,1,575.0,15.10086956521739,8.392396339288895,2.0,9.0,14.0,20.0,47.0
2018-09-30,VIF,NOX,1,575.0,20.52173913043478,14.89296762821414,2.0,10.0,16.0,28.0,92.0
2018-09-30,VIF,O3,1,668.0,27.11377245508982,21.78969101714866,0.0,10.0,20.5,42.0,111.0
2018-09-30,VIF,PM10,2,629.0,31.394276629570747,19.216758021240754,1.0,17.0,28.0,42.0,112.0
2018-09-30,VIF,SO2,1,668.0,4.859281437125748,8.569389795189766,0.0,1.0,2.0,4.0,96.0
2018-09-30,XAL,CO,15,569.0,0.49876977152899865,0.3640759546781025,0.0,0.2,0.4,0.7,2.0
2018-09-30,XAL,NO,1,570.0,24.571929824561405,27.028512930010056,0.0,7.0,14.0,31.0,150.0
2018-09-30,XAL,NO2,1,570.0,26.724561403508773,9.726827371819606,8.0,20.0,25.0,32.75,69.0
2018-09-30,XAL,NOX,1,570.0,51.305263157894736,33.29135598767775,9.0,28.0,40.0,66.0,192.0
2018-09-30,XAL,O3,1,570.0,22.62982456140351,21.661190948116975,0.0,5.0,15.0,36.0,90.0
2018-09-30,XAL,PM10,2,582.0,51.07560137457045,23.00642256879532,10.0,35.0,46.0,64.0,137.0
2018-09-30,XAL,PM2.5,2,582.0,21.95189003436426,10.954973793241418,4.0,14.0,20.0,28.0,64.0
2018-09-30,XAL,PMCO,2,582.0,29.130584192439862,15.75118909815409,3.0,18.0,27.0,37.0,106.0
2018-09-30,XAL,SO2,1,569.0,2.4815465729349735,2.8028080232453934,0.0,1.0,2.0,3.0,26.0
2018-10-31,ACO,CO,15,361.0,0.27008310249307427,0.23331486538179597,0.0,0.1,0.2,0.4,1.6
2018-10-31,ACO,NO,1,361.0,8.650969529085872,12.812322861720192,0.0,2.0,3.0,9.0,88.0
2018-10-31,ACO,NO2,1,361.0,11.952908587257618,6.985739332140907,1.0,7.0,11.0,16.0,48.0
2018-10-31,ACO,NOX,1,361.0,20.57617728531856,16.392931668240244,2.0,9.0,14.0,27.0,107.0
2018-10-31,ACO,O3,1,361.0,24.825484764542935,19.871811801600767,0.0,8.0,21.0,38.0,92.0
2018-10-31,ACO,PM10,2,379.0,25.32717678100264,12.26659658355968,2.0,16.0,25.0,33.0,72.0
2018-10-31,ACO,SO2,1,361.0,1.3185595567867037,0.771660638870499,1.0,1.0,1.0,1.0,8.0
2018-10-31,AJM,CO,15,615.0,0.2513821138211377,0.14140019444473836,0.0,0.15000000000000002,0.2,0.3,0.8
2018-10-31,AJM,NO,1,681.0,5.273127753303965,6.602940325193518,0.0,1.0,3.0,7.0,67.0
2018-10-31,AJM,NO2,1,681.0,15.791483113069017,7.630857499619155,1.0,10.0,16.0,20.0,52.0
2018-10-31,AJM,NOX,1,681.0,21.067547723935387,11.903959598577163,2.0,13.0,20.0,27.0,119.0
2018-10-31,AJM,O3,1,679.0,27.90721649484536,21.654267656224178,1.0,13.0,21.0,36.0,126.0
2018-10-31,AJM,PM10,2,693.0,22.062049062049063,14.138371306275742,2.0,12.0,18.0,29.0,80.0
2018-10-31,AJM,PM2.5,2,693.0,14.415584415584416,10.359876447719397,1.0,7.0,12.0,20.0,59.0
2018-10-31,AJM,PMCO,2,693.0,7.653679653679654,5.252426237728521,1.0,3.0,6.0,10.0,33.0
2018-10-31,AJM,SO2,1,681.0,1.038179148311307,1.2782152896449825,0.0,0.0,1.0,1.0,10.0
2018-10-31,AJU,O3,1,399.0,28.471177944862156,20.673424942670135,0.0,13.0,23.0,38.0,107.0
2018-10-31,AJU,PM2.5,2,0.0,,,,,,,
2018-10-31,ATI,CO,15,686.0,0.31793002915451785,0.3143977225484451,0.0,0.1,0.2,0.4,3.0
2018-10-31,ATI,NO,1,686.0,10.647230320699709,19.22470391170853,0.0,1.0,3.0,9.0,141.0
2018-10-31,ATI,NO2,1,686.0,17.122448979591837,8.911217754995958,4.0,11.0,15.0,20.0,74.0
2018-10-31,ATI,NOX,1,686.0,27.747813411078717,23.684956934579176,4.0,14.0,19.0,32.0,164.0
2018-10-31,ATI,O3,1,632.0,22.507911392405063,20.922086254808008,0.0,7.0,15.0,32.0,98.0
2018-10-31,ATI,PM10,2,701.0,27.683309557774606,17.684686463629895,1.0,15.0,24.0,36.0,115.0
2018-10-31,ATI,SO2,1,686.0,2.7215743440233235,4.544318776038985,0.0,1.0,1.0,3.0,44.0
2018-10-31,BJU,CO,15,679.0,0.4437407952871871,0.3140535680871584,0.0,0.2,0.4,0.6,2.3
2018-10-31,BJU,O3,1,681.0,22.961820851688692,24.57147459430235,1.0,5.0,13.0,33.0,131.0
2018-10-31,BJU,PM10,2,634.0,27.7602523659306,15.012557058891701,3.0,17.0,25.0,35.75,101.0
2018-10-31,BJU,PM2.5,2,634.0,17.077287066246058,11.527644699261316,1.0,9.0,15.0,22.75,69.0
2018-10-31,BJU,PMCO,2,634.0,10.686119873817034,5.777132270833603,1.0,6.0,10.0,14.0,36.0
2018-10-31,BJU,SO2,1,418.0,1.5741626794258374,2.105264018450133,0.0,0.0,1.0,2.0,17.0
2018-10-31,CAM,CO,15,681.0,0.41615271659324476,0.365542143940046,0.0,0.2,0.3,0.5,2.6
2018-10-31,CAM,NO,1,681.0,21.888399412628488,32.664234766415866,0.0,5.0,10.0,24.0,225.0
2018-10-31,CAM,NO2,1,681.0,26.698972099853158,10.689555738338422,8.0,19.0,25.0,32.0,72.0
2018-10-31,CAM,NOX,1,681.0,48.57415565345081,36.62043999196552,11.0,27.0,37.0,56.0,258.0
2018-10-31,CAM,O3,1,680.0,20.595588235294116,24.18332617216247,0.0,3.0,11.0,30.0,119.0
2018-10-31,CAM,PM10,2,570.0,35.71052631578947,18.834271049846752,7.0,22.0,31.0,48.0,110.0
2018-10-31,CAM,PM2.5,2,570.0,18.7859649122807,12.043118762357626,1.0,9.0,16.0,26.75,64.0
2018-10-31,CAM,PMCO,2,570.0,16.970175438596492,9.65107358848185,3.0,10.0,16.0,21.0,61.0
2018-10-31,CAM,SO2,1,230.0,1.9956521739130435,3.071915076392457,0.0,1.0,1.0,2.0,28.0
2018-10-31,CCA,CO,15,694.0,0.3423631123919304,0.26151552007028056,0.0,0.2,0.3,0.4,2.1
2018-10-31,CCA,NO,1,694.0,10.992795389048991,19.403550796607195,0.0,1.0,4.0,12.0,196.0
2018-10-31,CCA,NO2,1,694.0,21.324207492795388,7.8334073234159725,7.0,16.0,20.0,26.0,52.0
2018-10-31,CCA,NOX,1,694.0,32.288184438040346,22.31469672473439,8.0,19.0,27.0,38.0,217.0
2018-10-31,CCA,O3,1,694.0,21.85878962536023,23.91797434871059,0.0,5.0,13.0,30.0,121.0
2018-10-31,CCA,PM2.5,2,665.0,13.422556390977444,8.430997530460889,1.0,7.0,12.0,17.0,50.0
2018-10-31,CCA,SO2,1,691.0,1.8306801736613603,1.3921048500400015,1.0,1.0,1.0,2.0,12.0
2018-10-31,CHO,CO,15,678.0,0.4323008849557519,0.36355907405011767,0.0,0.2,0.3,0.5,2.5
2018-10-31,CHO,NO,1,671.0,19.362146050670642,29.060590293788177,0.0,4.0,8.0,19.5,190.0
2018-10-31,CHO,NO2,1,671.0,20.055141579731742,5.916453122822163,7.0,16.0,20.0,24.0,45.0
2018-10-31,CHO,NOX,1,671.0,39.43070044709389,30.730521741805273,10.0,21.0,29.0,45.0,213.0
2018-10-31,CHO,O3,1,671.0,18.932935916542473,18.843502467644495,0.0,3.0,13.0,30.0,103.0
2018-10-31,CHO,PM10,2,629.0,33.38473767885532,22.323008519592335,1.0,18.0,29.0,44.0,125.0
2018-10-31,CHO,SO2,1,671.0,1.247391952309985,1.155733879349149,0.0,1.0,1.0,1.0,12.0
2018-10-31,COY,NO,1,0.0,,,,,,,
2018-10-31,COY,NO2,1,0.0,,,,,,,
2018-10-31,COY,NOX,1,0.0,,,,,,,
2018-10-31,COY,O3,1,0.0,,,,,,,
2018-10-31,COY,PM2.5,2,0.0,,,,,,,
2018-10-31,CUA,CO,15,682.0,0.32976539589442866,0.21934946692269447,0.0,0.2,0.3,0.4,1.8
2018-10-31,CUA,NO,1,675.0,10.74074074074074,18.515517176279147,0.0,3.0,5.0,10.0,222.0
2018-10-31,CUA,NO2,1,675.0,17.95111111111111,8.398405481933544,4.0,12.0,16.0,23.0,51.0
2018-10-31,CUA,NOX,1,675.0,28.62814814814815,23.044907300752485,4.0,16.0,22.0,33.0,250.0
2018-10-31,CUA,O3,1,682.0,22.922287390029325,19.173789057738414,0.0,10.0,17.0,30.0,114.0
2018-10-31,CUA,PM10,2,570.0,22.135087719298244,13.052186603175038,1.0,12.0,20.0,30.0,86.0
2018-10-31,CUA,SO2,1,682.0,1.6085043988269794,2.05806699525444,0.0,1.0,1.0,2.0,34.0
2018-10-31,CUT,NO,1,693.0,10.062049062049063,18.584377641639513,0.0,1.0,2.0,9.0,137.0
2018-10-31,CUT,NO2,1,693.0,15.122655122655123,7.981424814723511,2.0,8.0,15.0,20.0,48.0
2018-10-31,CUT,NOX,1,693.0,25.16883116883117,23.66795981697104,3.0,10.0,17.0,30.0,164.0
2018-10-31,CUT,O3,1,691.0,22.88712011577424,19.37663299781289,0.0,7.0,18.0,34.0,88.0
2018-10-31,CUT,PM10,2,689.0,28.76342525399129,22.420740187963524,1.0,14.0,23.0,38.0,175.0
2018-10-31,CUT,SO2,1,693.0,3.347763347763348,6.8713602065692845,0.0,1.0,1.0,2.0,60.0
2018-10-31,FAC,CO,15,685.0,0.5027737226277372,0.4862806837640762,0.0,0.2,0.4,0.6,3.6
2018-10-31,FAC,NO,1,686.0,20.994169096209912,35.578718659127986,0.0,3.0,8.0,20.0,242.0
2018-10-31,FAC,NO2,1,686.0,20.010204081632654,10.267298280116751,4.0,13.0,18.0,25.0,73.0
2018-10-31,FAC,NOX,1,686.0,40.965014577259474,38.69855728935074,4.0,18.0,28.0,48.75,260.0
2018-10-31,FAC,O3,1,686.0,22.71282798833819,21.873839560084,0.0,7.0,16.0,32.0,106.0
2018-10-31,FAC,PM10,2,653.0,22.60643185298622,16.12641076656519,1.0,11.0,18.0,31.0,91.0
2018-10-31,FAC,SO2,1,652.0,2.558282208588957,3.652910645559899,0.0,1.0,2.0,3.0,52.0
2018-10-31,GAM,O3,1,696.0,23.951149425287355,23.59454695812007,1.0,5.0,17.0,34.0,107.0
2018-10-31,GAM,PM10,2,0.0,,,,,,,
2018-10-31,GAM,PM2.5,2,699.0,16.509298998569385,13.432986041003936,1.0,6.0,13.0,24.0,78.0
2018-10-31,GAM,PMCO,2,0.0,,,,,,,
2018-10-31,HGM,CO,15,612.0,0.41388888888888864,0.29411006002002443,0.0,0.2,0.4,0.5,2.0
2018-10-31,HGM,NO,1,612.0,14.877450980392156,18.630870709927436,1.0,3.0,7.0,20.0,126.0
2018-10-31,HGM,NO2,1,612.0,28.130718954248366,11.036729520118813,6.0,21.0,26.0,33.0,84.0
2018-10-31,HGM,NOX,1,612.0,43.00653594771242,24.363920289558415,8.0,25.0,38.0,52.25,173.0
2018-10-31,HGM,O3,1,615.0,19.183739837398374,21.109619177556358,0.0,3.0,11.0,28.0,109.0
2018-10-31,HGM,PM10,2,630.0,29.493650793650794,15.844307810350905,3.0,18.0,26.0,38.0,105.0
2018-10-31,HGM,PM2.5,2,630.0,17.753968253968253,11.724369270215115,1.0,9.0,15.0,23.0,66.0
2018-10-31,HGM,PMCO,2,630.0,11.744444444444444,6.565295803796219,1.0,7.0,11.0,16.0,42.0
2018-10-31,HGM,SO2,1,615.0,1.1333333333333333,1.6897211123637785,0.0,0.0,1.0,1.0,16.0
2018-10-31,INN,CO,15,691.0,0.15933429811866837,0.09576006986920226,0.0,0.1,0.1,0.2,0.7
2018-10-31,INN,O3,1,692.0,22.927745664739884,16.909753960116028,0.0,12.0,19.0,30.0,98.0
2018-10-31,INN,PM10,2,520.0,14.409615384615385,10.235921477022503,2.0,7.0,12.0,19.0,59.0
2018-10-31,INN,PM2.5,2,520.0,10.596153846153847,7.682173181674663,1.0,5.0,9.0,13.0,43.0
2018-10-31,INN,PMCO,2,520.0,3.7846153846153845,3.334261024013582,1.0,1.0,2.0,5.0,17.0
2018-10-31,INN,SO2,1,692.0,0.4161849710982659,0.7219313302665342,0.0,0.0,0.0,1.0,7.0
2018-10-31,IZT,CO,15,678.0,0.4415929203539823,0.32717193733877176,0.0,0.2,0.4,0.6,2.1
2018-10-31,IZT,NO,1,678.0,14.800884955752212,19.980644972424482,0.0,3.0,7.0,17.0,163.0
2018-10-31,IZT,NO2,1,678.0,25.629793510324482,10.794992969969963,5.0,18.0,24.0,31.0,76.0
2018-10-31,IZT,NOX,1,678.0,40.405604719764014,25.704819643082566,8.0,24.0,33.0,48.75,185.0
2018-10-31,IZT,O3,1,678.0,21.66519174041298,24.597648484511964,0.0,3.0,12.0,33.0,117.0
2018-10-31,IZT,PM10,2,707.0,29.212164073550213,16.32730795232971,1.0,17.0,26.0,38.0,129.0
2018-10-31,IZT,SO2,1,678.0,1.6430678466076696,1.7934817226917448,0.0,1.0,1.0,2.0,17.0
2018-10-31,LLA,CO,15,682.0,0.4041055718475075,0.30906163791955854,0.0,0.2,0.3,0.5,2.3
2018-10-31,LLA,NO,1,0.0,,,,,,,
2018-10-31,LLA,NO2,1,0.0,,,,,,,
2018-10-31,LLA,NOX,1,0.0,,,,,,,
2018-10-31,LLA,O3,1,684.0,21.076023391812864,20.931459184151077,0.0,5.0,14.0,31.0,111.0
2018-10-31,LLA,SO2,1,684.0,1.804093567251462,2.590598086371615,0.0,1.0,1.0,2.0,31.0
2018-10-31,LPR,CO,15,651.0,0.5890937019969275,0.4436779242166516,0.0,0.3,0.5,0.8,2.8
2018-10-31,LPR,NO,1,0.0,,,,,,,
2018-10-31,LPR,NO2,1,0.0,,,,,,,
2018-10-31,LPR,NOX,1,0.0,,,,,,,
2018-10-31,LPR,O3,1,648.0,23.16358024691358,20.305954254788634,0.0,7.0,20.0,31.0,109.0
2018-10-31,LPR,SO2,1,651.0,1.4147465437788018,1.366645772111542,0.0,1.0,1.0,2.0,17.0
2018-10-31,MER,CO,15,679.0,0.5017673048600885,0.3625904001493749,0.0,0.2,0.4,0.6,2.3
2018-10-31,MER,NO,1,668.0,21.008982035928145,26.16118719217508,0.0,5.0,12.0,27.0,217.0
2018-10-31,MER,NO2,1,668.0,29.9251497005988,11.785072857492931,8.0,22.0,27.0,36.0,82.0
2018-10-31,MER,NOX,1,668.0,50.93862275449102,32.38376709269389,8.0,30.0,42.0,62.0,257.0
2018-10-31,MER,O3,1,679.0,20.811487481590575,23.044329167523713,1.0,3.5,12.0,28.5,108.0
2018-10-31,MER,PM10,2,600.0,36.7,19.445656479701174,3.0,22.0,32.0,49.0,120.0
2018-10-31,MER,PM2.5,2,600.0,18.411666666666665,12.586483351628594,1.0,9.0,16.0,26.0,66.0
2018-10-31,MER,PMCO,2,600.0,18.315,9.326883702466342,1.0,11.0,17.0,23.0,70.0
2018-10-31,MER,SO2,1,679.0,2.1148748159057438,2.4773426874557516,0.0,1.0,1.0,2.0,24.0
2018-10-31,MGH,CO,15,693.0,0.4359307359307358,0.32792773037915746,0.0,0.2,0.4,0.6,2.2
2018-10-31,MGH,NO,1,693.0,22.31890331890332,31.194905708274735,1.0,5.0,10.0,25.0,202.0
2018-10-31,MGH,NO2,1,693.0,24.743145743145742,10.169252644051808,7.0,18.0,23.0,29.0,82.0
2018-10-31,MGH,NOX,1,693.0,47.07215007215007,35.08343466652841,10.0,25.0,36.0,55.0,230.0
2018-10-31,MGH,O3,1,693.0,21.0995670995671,23.404773544467744,0.0,4.0,13.0,31.0,124.0
2018-10-31,MGH,PM10,2,689.0,26.95500725689405,14.922162639074205,4.0,16.0,24.0,35.0,92.0
2018-10-31,MGH,PM2.5,2,689.0,16.686502177068213,10.835737361705926,1.0,9.0,14.0,23.0,61.0
2018-10-31,MGH,PMCO,2,689.0,10.238026124818578,6.209164704749898,1.0,5.0,9.0,14.0,36.0
2018-10-31,MGH,SO2,1,0.0,,,,,,,
2018-10-31,MON,CO,15,546.0,0.3073260073260063,0.299634933751412,0.0,0.1,0.2,0.4,2.2
2018-10-31,MON,NO,1,546.0,13.974358974358974,28.502362400902303,0.0,1.0,2.0,13.0,209.0
2018-10-31,MON,NO2,1,546.0,12.826007326007327,7.215486746119937,1.0,7.0,12.0,18.0,38.0
2018-10-31,MON,NOX,1,546.0,26.78754578754579,31.623280105137603,2.0,8.0,15.5,32.0,234.0
2018-10-31,MON,O3,1,546.0,25.587912087912088,22.64283025311008,0.0,5.25,21.0,39.0,107.0
2018-10-31,MON,SO2,1,547.0,0.48628884826325414,1.4339213162939908,0.0,0.0,0.0,1.0,18.0
2018-10-31,MPA,CO,15,203.0,0.17241379310344837,0.10013647225729107,0.0,0.1,0.2,0.2,0.7
2018-10-31,MPA,O3,1,201.0,33.61691542288557,20.198700761133406,1.0,19.0,29.0,43.0,106.0
2018-10-31,MPA,PM10,2,0.0,,,,,,,
2018-10-31,MPA,PM2.5,2,0.0,,,,,,,
2018-10-31,MPA,PMCO,2,0.0,,,,,,,
2018-10-31,MPA,SO2,1,204.0,0.9215686274509803,1.2171700563216283,0.0,0.0,1.0,1.0,8.0
2018-10-31,NEZ,CO,15,687.0,0.5378457059679776,0.43671850091900727,0.0,0.3,0.4,0.7,3.4
2018-10-31,NEZ,NO,1,686.0,11.384839650145773,19.857242416750804,0.0,2.0,4.0,11.0,162.0
2018-10-31,NEZ,NO2,1,686.0,20.056851311953352,9.992316960869113,5.0,12.0,18.0,26.0,58.0
2018-10-31,NEZ,NOX,1,686.0,31.44752186588921,25.511114245643313,6.0,16.0,23.0,39.0,205.0
2018-10-31,NEZ,O3,1,686.0,23.11953352769679,22.028919222645765,1.0,6.0,16.0,33.0,110.0
2018-10-31,NEZ,PM2.5,2,664.0,14.769578313253012,10.618699568013412,1.0,6.0,12.0,20.0,67.0
2018-10-31,NEZ,SO2,1,684.0,1.327485380116959,1.5714525341657182,0.0,1.0,1.0,1.0,20.0
2018-10-31,PED,CO,15,383.0,0.3091383812010443,0.2056659192217074,0.0,0.2,0.3,0.4,1.3
2018-10-31,PED,NO,1,426.0,9.795774647887324,17.393929461291695,0.0,1.0,4.0,11.0,127.0
2018-10-31,PED,NO2,1,426.0,18.990610328638496,8.370812377655863,2.0,13.0,18.0,23.0,50.0
2018-10-31,PED,NOX,1,426.0,28.828638497652584,20.96184155641072,3.0,16.25,25.0,34.75,166.0
2018-10-31,PED,O3,1,448.0,21.991071428571427,25.014714429698387,0.0,5.0,13.0,28.0,138.0
2018-10-31,PED,PM10,2,0.0,,,,,,,
2018-10-31,PED,PM2.5,2,0.0,,,,,,,
2018-10-31,PED,PMCO,2,0.0,,,,,,,
2018-10-31,PED,SO2,1,425.0,1.4988235294117647,1.111952018703091,0.0,1.0,1.0,2.0,10.0
2018-10-31,SAG,CO,15,622.0,0.41270096463022476,0.32474358119235874,0.0,0.2,0.3,0.5,2.5
2018-10-31,SAG,NO,1,638.0,12.661442006269592,20.238719418343464,0.0,3.0,6.0,13.0,183.0
2018-10-31,SAG,NO2,1,638.0,17.79310344827586,8.539196692277747,4.0,11.0,16.0,23.0,60.0
2018-10-31,SAG,NOX,1,638.0,30.4435736677116,24.434305240975515,4.0,15.0,22.0,38.0,205.0
2018-10-31,SAG,O3,1,657.0,21.505327245053273,20.139764367348484,0.0,6.0,16.0,32.0,99.0
2018-10-31,SAG,PM10,2,202.0,45.227722772277225,26.34005752858808,3.0,26.25,41.5,57.0,151.0
2018-10-31,SAG,PM2.5,2,202.0,21.15841584158416,12.737872135199154,2.0,11.0,20.0,30.0,71.0
2018-10-31,SAG,PMCO,2,202.0,24.099009900990097,17.126108171571822,2.0,12.0,20.5,29.0,115.0
2018-10-31,SAG,SO2,1,665.0,1.9353383458646616,2.1425900428395006,0.0,1.0,1.0,2.0,23.0
2018-10-31,SFE,CO,15,599.0,0.296327212020033,0.20113357625151942,0.0,0.2,0.2,0.4,1.2
2018-10-31,SFE,NO,1,0.0,,,,,,,
2018-10-31,SFE,NO2,1,0.0,,,,,,,
2018-10-31,SFE,NOX,1,0.0,,,,,,,
2018-10-31,SFE,O3,1,599.0,23.213689482470784,22.813210093268445,0.0,7.0,17.0,31.0,128.0
2018-10-31,SFE,PM10,2,474.0,24.462025316455698,16.68003937156594,3.0,11.0,20.0,34.0,81.0
2018-10-31,SFE,PM2.5,2,474.0,14.405063291139241,11.10703525865478,1.0,6.0,11.0,20.0,52.0
2018-10-31,SFE,PMCO,2,474.0,10.073839662447257,7.3692142334316815,1.0,5.0,8.0,14.0,39.0
2018-10-31,SFE,SO2,1,599.0,1.2621035058430718,1.7017843034167444,0.0,1.0,1.0,1.0,21.0
2018-10-31,SJA,CO,15,0.0,,,,,,,
2018-10-31,SJA,NO,1,0.0,,,,,,,
2018-10-31,SJA,NO2,1,0.0,,,,,,,
2018-10-31,SJA,NOX,1,0.0,,,,,,,
2018-10-31,SJA,O3,1,0.0,,,,,,,
2018-10-31,SJA,PM2.5,2,0.0,,,,,,,
2018-10-31,SJA,SO2,1,0.0,,,,,,,
2018-10-31,TAH,CO,15,680.0,0.3561764705882351,0.27645467134254204,0.0,0.2,0.3,0.5,2.0
2018-10-31,TAH,NO,1,0.0,,,,,,,
2018-10-31,TAH,NO2,1,0.0,,,,,,,
2018-10-31,TAH,NOX,1,0.0,,,,,,,
2018-10-31,TAH,O3,1,650.0,24.40153846153846,21.543884995059173,0.0,8.0,18.0,34.0,116.0
2018-10-31,TAH,PM10,2,536.0,28.171641791044777,17.765987085230254,1.0,15.0,26.5,37.0,128.0
2018-10-31,TAH,SO2,1,653.0,0.77947932618683,1.0229311179357408,0.0,0.0,1.0,1.0,9.0
2018-10-31,TLA,CO,15,665.0,0.4869172932330822,0.39480088860495927,0.0,0.2,0.4,0.6,2.3
2018-10-31,TLA,NO,1,669.0,23.41255605381166,31.16620825060826,0.0,7.0,12.0,26.0,233.0
2018-10-31,TLA,NO2,1,669.0,26.85799701046338,11.06239176448246,8.0,19.0,24.0,31.0,78.0
2018-10-31,TLA,NOX,1,669.0,50.30642750373692,36.3480798354899,12.0,27.0,39.0,59.0,266.0
2018-10-31,TLA,O3,1,669.0,18.668161434977577,19.71428901520666,0.0,4.0,12.0,27.0,96.0
2018-10-31,TLA,PM10,2,512.0,32.443359375,19.1860984726571,3.0,20.0,28.0,40.25,122.0
2018-10-31,TLA,PM2.5,2,512.0,16.236328125,11.192533531028603,1.0,9.0,13.0,21.0,62.0
2018-10-31,TLA,PMCO,2,512.0,16.1953125,10.351405810347174,2.0,9.0,14.0,21.0,75.0
2018-10-31,TLA,SO2,1,665.0,3.2451127819548873,3.456930923587248,0.0,1.0,2.0,4.0,34.0
2018-10-31,TLI,CO,15,687.0,0.3496360989810763,0.3024617389598452,0.0,0.2,0.3,0.4,2.4
2018-10-31,TLI,NO,1,687.0,11.960698689956331,20.665739695901493,0.0,2.0,4.0,12.0,151.0
2018-10-31,TLI,NO2,1,687.0,20.197962154294032,9.048386060606205,5.0,14.0,19.0,25.0,60.0
2018-10-31,TLI,NOX,1,687.0,32.18486171761281,26.070870068433937,7.0,16.0,23.0,38.0,185.0
2018-10-31,TLI,O3,1,684.0,21.837719298245613,21.504161701546185,0.0,5.0,14.0,33.0,102.0
2018-10-31,TLI,PM10,2,0.0,,,,,,,
2018-10-31,TLI,SO2,1,694.0,3.0576368876080693,4.759087081337867,0.0,1.0,2.0,3.0,48.0
2018-10-31,UAX,CO,15,677.0,0.3949778434268832,0.2786880842894577,0.0,0.2,0.3,0.5,2.0
2018-10-31,UAX,NO,1,687.0,9.240174672489083,15.34298688706587,0.0,1.0,3.0,10.0,114.0
2018-10-31,UAX,NO2,1,687.0,17.614264919941775,7.298985532348673,2.0,13.0,17.0,21.0,48.0
2018-10-31,UAX,NOX,1,687.0,26.829694323144103,19.057343045632145,4.0,15.0,22.0,33.0,133.0
2018-10-31,UAX,O3,1,687.0,22.813682678311498,22.55786699871717,1.0,6.0,15.0,33.0,105.0
2018-10-31,UAX,PM2.5,2,541.0,15.54158964879852,9.566561578294474,1.0,8.0,14.0,21.0,49.0
2018-10-31,UAX,SO2,1,684.0,1.3157894736842106,1.3396692592880648,0.0,1.0,1.0,1.0,14.0
2018-10-31,UIZ,CO,15,477.0,0.3792452830188676,0.27882002380789145,0.0,0.2,0.3,0.5,1.7
2018-10-31,UIZ,NO,1,477.0,12.79874213836478,16.662157045414528,0.0,2.0,6.0,17.0,95.0
2018-10-31,UIZ,NO2,1,477.0,23.150943396226417,9.792289463228878,3.0,16.0,23.0,29.0,54.0
2018-10-31,UIZ,NOX,1,477.0,35.932914046121596,22.343755037584245,3.0,19.0,30.0,48.0,124.0
2018-10-31,UIZ,O3,1,474.0,15.99367088607595,16.316697955225745,0.0,3.0,10.0,24.0,71.0
2018-10-31,UIZ,PM10,2,0.0,,,,,,,
2018-10-31,UIZ,PM2.5,2,0.0,,,,,,,
2018-10-31,UIZ,PMCO,2,0.0,,,,,,,
2018-10-31,UIZ,SO2,1,471.0,1.2845010615711252,1.1484280262088076,0.0,1.0,1.0,1.0,15.0
2018-10-31,VIF,CO,15,558.0,0.3121863799283141,0.25765526289982454,0.0,0.1,0.2,0.4,1.9
2018-10-31,VIF,NO,1,688.0,8.292151162790697,15.197404475414332,0.0,1.0,2.0,8.0,144.0
2018-10-31,VIF,NO2,1,688.0,14.468023255813954,8.500132417123206,2.0,8.0,13.0,19.0,56.0
2018-10-31,VIF,NOX,1,688.0,22.757267441860463,20.196215927533153,3.0,10.0,15.0,28.0,170.0
2018-10-31,VIF,O3,1,688.0,22.40988372093023,20.685712667793773,0.0,6.0,16.0,34.0,111.0
2018-10-31,VIF,PM10,2,646.0,30.113003095975234,22.64285402526131,1.0,15.0,23.0,40.0,139.0
2018-10-31,VIF,SO2,1,688.0,2.885174418604651,5.71801321078433,0.0,1.0,1.0,2.0,58.0
2018-10-31,XAL,CO,15,664.0,0.5123493975903608,0.433476136592444,0.0,0.2,0.4,0.7,3.4
2018-10-31,XAL,NO,1,664.0,26.78463855421687,31.93583790280015,1.0,8.0,15.0,31.0,258.0
2018-10-31,XAL,NO2,1,664.0,23.2394578313253,12.002069090398857,4.0,14.0,21.0,31.0,75.0
2018-10-31,XAL,NOX,1,664.0,50.01355421686747,38.56773786782677,6.0,26.0,38.0,62.0,300.0
2018-10-31,XAL,O3,1,664.0,20.81475903614458,19.297317132414253,0.0,6.0,16.0,29.0,97.0
2018-10-31,XAL,PM10,2,543.0,55.6243093922652,34.11737281093514,4.0,33.0,48.0,73.0,248.0
2018-10-31,XAL,PM2.5,2,543.0,23.38305709023941,16.2169518685334,1.0,11.0,21.0,33.0,92.0
2018-10-31,XAL,PMCO,2,543.0,32.26887661141805,22.65572368134237,2.0,18.0,28.0,39.0,166.0
2018-10-31,XAL,SO2,1,664.0,1.6641566265060241,1.7472697632324958,0.0,1.0,1.0,2.0,17.0
2018-11-30,ACO,CO,15,661.0,0.3205748865355516,0.26577554195540953,0.0,0.1,0.2,0.4,1.6
2018-11-30,ACO,NO,1,663.0,10.895927601809955,15.731211831470379,0.0,2.0,4.0,13.5,102.0
2018-11-30,ACO,NO2,1,663.0,16.404223227752638,8.275803570384726,3.0,11.0,16.0,21.0,60.0
2018-11-30,ACO,NOX,1,663.0,27.262443438914026,20.18278763400136,4.0,13.0,23.0,35.0,138.0
2018-11-30,ACO,O3,1,663.0,23.345399698340874,23.190069218875838,0.0,4.0,16.0,38.0,116.0
2018-11-30,ACO,PM10,2,613.0,39.19412724306689,24.620382479324455,4.0,22.0,35.0,51.0,164.0
2018-11-30,ACO,SO2,1,464.0,1.5366379310344827,1.1528696051619576,0.0,1.0,1.0,2.0,9.0
2018-11-30,AJM,CO,15,657.0,0.39010654490106506,0.2075763617273236,0.0,0.2,0.4,0.5,1.2
2018-11-30,AJM,NO,1,619.0,6.195476575121163,9.622262762498556,0.0,1.0,2.0,8.0,77.0
2018-11-30,AJM,NO2,1,619.0,18.431340872374797,9.261206977043754,1.0,12.0,18.0,24.0,49.0
2018-11-30,AJM,NOX,1,619.0,24.64297253634895,15.337101879506157,2.0,13.0,22.0,32.0,99.0
2018-11-30,AJM,O3,1,584.0,37.851027397260275,26.582085540264092,1.0,18.0,32.0,51.0,144.0
2018-11-30,AJM,PM10,2,657.0,32.208523592085236,17.262960501791383,2.0,18.0,30.0,43.0,101.0
2018-11-30,AJM,PM2.5,2,657.0,20.01978691019787,11.59417581199293,1.0,11.0,18.0,27.0,78.0
2018-11-30,AJM,PMCO,2,657.0,12.17199391171994,7.039475439503832,1.0,7.0,11.0,16.0,36.0
2018-11-30,AJM,SO2,1,653.0,2.874425727411945,4.471399039520588,0.0,1.0,1.0,3.0,46.0
2018-11-30,AJU,O3,1,489.0,28.03271983640082,25.26521114955491,1.0,8.0,20.0,41.0,133.0
2018-11-30,AJU,PM2.5,2,0.0,,,,,,,
2018-11-30,ATI,CO,15,553.0,0.452802893309222,0.3458819736582968,0.0,0.2,0.3,0.6,2.0
2018-11-30,ATI,NO,1,547.0,16.552102376599635,23.83149273415785,0.0,2.0,6.0,20.5,128.0
2018-11-30,ATI,NO2,1,547.0,23.636197440585008,11.626403833522218,5.0,15.0,21.0,30.0,76.0
2018-11-30,ATI,NOX,1,547.0,40.159049360146255,29.70413208344745,5.0,20.0,29.0,53.0,155.0
2018-11-30,ATI,O3,1,552.0,19.847826086956523,22.71280559321665,0.0,2.0,12.0,27.0,111.0
2018-11-30,ATI,PM10,2,663.0,44.18401206636501,27.104295334334935,1.0,23.0,40.0,61.0,134.0
2018-11-30,ATI,SO2,1,551.0,3.82940108892922,6.527976674195098,0.0,1.0,2.0,4.0,64.0
2018-11-30,BJU,CO,15,670.0,0.5980597014925378,0.3555821719860126,0.0,0.3,0.5,0.8,2.4
2018-11-30,BJU,O3,1,670.0,24.8,28.394908910189123,1.0,3.0,14.0,37.0,133.0
2018-11-30,BJU,PM10,2,636.0,40.386792452830186,18.67622384469124,2.0,27.0,37.0,53.0,104.0
2018-11-30,BJU,PM2.5,2,636.0,24.45125786163522,12.66425865316206,1.0,14.75,23.0,32.25,66.0
2018-11-30,BJU,PMCO,2,636.0,15.970125786163521,8.56916578138603,1.0,10.0,15.0,21.0,42.0
2018-11-30,BJU,SO2,1,669.0,3.0194319880418536,5.178945657177052,0.0,1.0,1.0,3.0,48.0
2018-11-30,CAM,CO,15,627.0,0.592025518341308,0.4499203472133611,0.0,0.3,0.5,0.8,3.1
2018-11-30,CAM,NO,1,574.0,33.04355400696864,46.521362751251694,0.0,5.0,13.0,42.0,412.0
2018-11-30,CAM,NO2,1,574.0,36.86411149825784,16.674242642720355,6.0,25.0,34.0,45.0,109.0
2018-11-30,CAM,NOX,1,574.0,69.92508710801394,53.15156271552464,6.0,35.0,55.0,87.75,475.0
2018-11-30,CAM,O3,1,574.0,22.9006968641115,29.651004936669043,0.0,2.0,9.0,32.5,142.0
2018-11-30,CAM,PM10,2,579.0,52.15025906735751,25.476630429270937,4.0,33.0,48.0,68.0,178.0
2018-11-30,CAM,PM2.5,2,579.0,28.464594127806564,15.155824087490894,1.0,18.0,27.0,36.0,111.0
2018-11-30,CAM,PMCO,2,579.0,23.694300518134714,13.965286374259172,2.0,13.0,22.0,31.0,117.0
2018-11-30,CAM,SO2,1,362.0,3.0193370165745854,4.6443796316745605,0.0,1.0,2.0,3.0,36.0
2018-11-30,CCA,CO,15,414.0,0.44082125603864725,0.2910285707455304,0.0,0.2,0.4,0.6,1.7
2018-11-30,CCA,NO,1,417.0,15.83453237410072,22.99579720870693,0.0,2.0,6.0,19.0,135.0
2018-11-30,CCA,NO2,1,417.0,25.0,9.490633033924311,6.0,18.0,23.0,30.0,57.0
2018-11-30,CCA,NOX,1,417.0,40.82494004796163,26.2067510305212,7.0,24.0,32.0,49.0,164.0
2018-11-30,CCA,O3,1,417.0,22.323741007194243,26.09290423383028,0.0,2.0,11.0,33.0,102.0
2018-11-30,CCA,PM2.5,2,431.0,17.232018561484917,8.97888973089962,1.0,11.0,16.0,22.0,54.0
2018-11-30,CCA,SO2,1,412.0,3.0509708737864076,4.493826425303426,1.0,1.0,2.0,3.0,36.0
2018-11-30,CHO,CO,15,619.0,0.5237479806138934,0.44109474116981096,0.0,0.2,0.4,0.6,3.0
2018-11-30,CHO,NO,1,619.0,31.531502423263326,45.02717869826489,0.0,5.0,12.0,39.0,307.0
2018-11-30,CHO,NO2,1,619.0,22.704361873990308,8.087196543522374,8.0,17.0,22.0,27.0,55.0
2018-11-30,CHO,NOX,1,619.0,54.26332794830372,47.8725059350933,8.0,24.0,37.0,65.5,340.0
2018-11-30,CHO,O3,1,619.0,21.18255250403877,21.690018716469194,0.0,2.0,14.0,34.5,106.0
2018-11-30,CHO,PM10,2,566.0,48.73144876325088,35.63669134875953,1.0,22.25,41.0,66.0,218.0
2018-11-30,CHO,SO2,1,619.0,1.358642972536349,1.1208391303589933,0.0,1.0,1.0,2.0,10.0
2018-11-30,COY,NO,1,0.0,,,,,,,
2018-11-30,COY,NO2,1,0.0,,,,,,,
2018-11-30,COY,NOX,1,0.0,,,,,,,
2018-11-30,COY,O3,1,0.0,,,,,,,
2018-11-30,COY,PM2.5,2,0.0,,,,,,,
2018-11-30,CUA,CO,15,668.0,0.4735029940119755,0.30850270263362783,0.0,0.3,0.4,0.6,2.1
2018-11-30,CUA,NO,1,666.0,15.507507507507508,25.568262236181354,0.0,3.0,6.0,16.0,220.0
2018-11-30,CUA,NO2,1,666.0,26.88738738738739,13.313600601773356,4.0,17.0,25.5,34.0,104.0
2018-11-30,CUA,NOX,1,666.0,42.34384384384384,31.624637291979546,7.0,22.0,34.0,51.0,251.0
2018-11-30,CUA,O3,1,670.0,25.440298507462686,22.550428853246206,0.0,9.0,19.0,34.75,108.0
2018-11-30,CUA,PM10,2,644.0,29.73913043478261,15.624689056342117,1.0,18.0,28.0,40.0,86.0
2018-11-30,CUA,SO2,1,661.0,3.2738275340393344,4.7009730160343315,0.0,1.0,2.0,3.0,52.0
2018-11-30,CUT,NO,1,659.0,18.927162367223065,27.724943609800288,0.0,1.0,6.0,27.0,202.0
2018-11-30,CUT,NO2,1,659.0,26.911987860394536,13.317544208012796,4.0,16.0,26.0,35.0,76.0
2018-11-30,CUT,NOX,1,659.0,45.87556904400607,37.127476873596,4.0,19.0,36.0,61.0,243.0
2018-11-30,CUT,O3,1,659.0,30.94688922610015,23.525164083840114,0.0,12.5,24.0,45.5,114.0
2018-11-30,CUT,PM10,2,612.0,54.27614379084967,36.50214288038187,1.0,29.0,45.0,71.0,215.0
2018-11-30,CUT,SO2,1,656.0,3.125,4.861085544583197,0.0,1.0,2.0,3.0,44.0
2018-11-30,FAC,CO,15,641.0,0.6797191887675507,0.5729806244733239,0.0,0.3,0.5,0.9,3.4
2018-11-30,FAC,NO,1,641.0,30.16536661466459,41.31726468625978,0.0,5.0,14.0,35.0,283.0
2018-11-30,FAC,NO2,1,641.0,28.87207488299532,15.027241416653425,5.0,17.0,26.0,37.0,90.0
2018-11-30,FAC,NOX,1,641.0,59.06708268330733,46.48823969975864,6.0,26.0,43.0,77.0,320.0
2018-11-30,FAC,O3,1,641.0,23.71606864274571,26.784099891918725,0.0,4.0,14.0,34.0,145.0
2018-11-30,FAC,PM10,2,573.0,36.204188481675395,24.375884776756827,1.0,16.0,31.0,53.0,123.0
2018-11-30,FAC,SO2,1,156.0,3.7243589743589745,4.423651561190391,0.0,1.0,2.0,4.0,26.0
2018-11-30,GAM,O3,1,670.0,23.361194029850747,28.56551986798973,0.0,1.0,11.0,35.0,146.0
2018-11-30,GAM,PM10,2,0.0,,,,,,,
2018-11-30,GAM,PM2.5,2,683.0,26.452415812591507,15.750585499237227,1.0,14.0,25.0,35.0,108.0
2018-11-30,GAM,PMCO,2,0.0,,,,,,,
2018-11-30,HGM,CO,15,673.0,0.6670133729569095,0.4127573095017081,0.0,0.4,0.6,0.9,3.2
2018-11-30,HGM,NO,1,675.0,19.576296296296295,26.152792905666445,0.0,3.0,9.0,26.0,238.0
2018-11-30,HGM,NO2,1,675.0,35.13333333333333,13.90749429718067,7.0,25.0,33.0,43.0,92.0
2018-11-30,HGM,NOX,1,675.0,54.727407407407405,32.76808724182838,7.0,32.0,46.0,68.0,278.0
2018-11-30,HGM,O3,1,675.0,22.79111111111111,26.816707961920606,0.0,2.0,13.0,33.0,135.0
2018-11-30,HGM,PM10,2,677.0,43.63220088626292,20.36172219631292,5.0,29.0,40.0,55.0,120.0
2018-11-30,HGM,PM2.5,2,677.0,25.61890694239291,13.118918878141901,1.0,16.0,24.0,33.0,82.0
2018-11-30,HGM,PMCO,2,677.0,18.005908419497786,10.099942612638092,1.0,10.0,17.0,23.0,59.0
2018-11-30,HGM,SO2,1,671.0,3.073025335320417,4.87445699364956,0.0,1.0,1.0,3.0,35.0
2018-11-30,INN,CO,15,671.0,0.25976154992548295,0.13074734578504102,0.0,0.2,0.2,0.3,0.9
2018-11-30,INN,O3,1,671.0,31.54843517138599,18.04853224515427,0.0,19.0,28.0,40.0,120.0
2018-11-30,INN,PM10,2,0.0,,,,,,,
2018-11-30,INN,PM2.5,2,0.0,,,,,,,
2018-11-30,INN,PMCO,2,0.0,,,,,,,
2018-11-30,INN,SO2,1,662.0,1.5166163141993958,1.0913753627262437,0.0,1.0,1.0,2.0,11.0
2018-11-30,IZT,CO,15,672.0,0.635119047619047,0.4123127140679781,0.0,0.3,0.5,0.8,2.8
2018-11-30,IZT,NO,1,672.0,21.90327380952381,29.56043376051366,0.0,4.0,10.0,28.0,234.0
2018-11-30,IZT,NO2,1,672.0,32.01190476190476,13.747992930979429,4.0,23.0,30.0,39.0,85.0
2018-11-30,IZT,NOX,1,672.0,53.91517857142857,35.43597246903892,4.0,31.0,43.0,69.25,269.0
2018-11-30,IZT,O3,1,672.0,23.43452380952381,26.988575135608816,0.0,2.0,12.0,35.0,123.0
2018-11-30,IZT,PM10,2,675.0,42.8,21.469113830446965,2.0,29.0,40.0,54.0,153.0
2018-11-30,IZT,SO2,1,671.0,3.1177347242921014,4.769570673876809,0.0,1.0,2.0,3.0,45.0
2018-11-30,LLA,CO,15,669.0,0.6514200298953655,0.4576547069525314,0.0,0.3,0.5,0.8,2.6
2018-11-30,LLA,NO,1,135.0,19.348148148148148,33.90401695888022,0.0,2.0,5.0,15.5,196.0
2018-11-30,LLA,NO2,1,135.0,25.755555555555556,14.121258805388283,5.0,13.0,25.0,37.0,71.0
2018-11-30,LLA,NOX,1,135.0,45.03703703703704,42.930942013891446,5.0,16.5,29.0,53.0,239.0
2018-11-30,LLA,O3,1,670.0,20.982089552238804,24.385781623787025,0.0,2.0,11.0,31.0,127.0
2018-11-30,LLA,SO2,1,670.0,4.858208955223881,7.15006034978727,1.0,2.0,3.0,4.0,72.0
2018-11-30,LPR,CO,15,668.0,0.8209580838323338,0.6161818239930581,0.0,0.4,0.7,1.1,3.5
2018-11-30,LPR,NO,1,0.0,,,,,,,
2018-11-30,LPR,NO2,1,0.0,,,,,,,
2018-11-30,LPR,NOX,1,0.0,,,,,,,
2018-11-30,LPR,O3,1,577.0,24.2738301559792,27.175443841417692,1.0,3.0,15.0,35.0,136.0
2018-11-30,LPR,SO2,1,671.0,3.0953800298062593,3.9162683422482916,0.0,1.0,2.0,3.0,35.0
2018-11-30,MER,CO,15,659.0,0.7743550834597878,0.4621158569162941,0.1,0.4,0.7,1.0,3.1
2018-11-30,MER,NO,1,659.0,31.435508345978757,38.60618737723966,0.0,5.0,16.0,42.5,241.0
2018-11-30,MER,NO2,1,659.0,36.566009104704094,14.572107605517681,7.0,27.0,35.0,44.5,92.0
2018-11-30,MER,NOX,1,659.0,67.98179059180576,45.59318227254199,7.0,35.0,56.0,88.0,279.0
2018-11-30,MER,O3,1,659.0,21.125948406676784,26.181983709139793,0.0,2.0,10.0,30.0,127.0
2018-11-30,MER,PM10,2,513.0,60.98440545808967,25.427050803923063,11.0,43.0,57.0,76.0,150.0
2018-11-30,MER,PM2.5,2,513.0,29.692007797270954,13.973002514892391,1.0,20.0,28.0,37.0,94.0
2018-11-30,MER,PMCO,2,513.0,31.265107212475634,14.900054098783873,3.0,20.0,28.0,40.0,96.0
2018-11-30,MER,SO2,1,659.0,3.9377845220030347,5.701070283642416,0.0,1.0,2.0,4.0,48.0
2018-11-30,MGH,CO,15,657.0,0.7149162861491628,0.4374848784768933,0.0,0.4,0.6,0.9,3.2
2018-11-30,MGH,NO,1,659.0,35.37784522003035,49.35441759128961,0.0,6.0,15.0,45.5,356.0
2018-11-30,MGH,NO2,1,659.0,34.435508345978754,15.541199735441118,5.0,24.0,31.0,42.0,107.0
2018-11-30,MGH,NOX,1,659.0,69.84066767830045,54.91903781428753,5.0,34.0,51.0,88.0,406.0
2018-11-30,MGH,O3,1,657.0,21.964992389649925,26.36037176195161,0.0,2.0,11.0,32.0,124.0
2018-11-30,MGH,PM10,2,631.0,40.51188589540412,19.351783513875723,3.0,25.5,39.0,52.0,106.0
2018-11-30,MGH,PM2.5,2,631.0,26.15847860538827,13.144384529745455,1.0,16.5,26.0,33.0,76.0
2018-11-30,MGH,PMCO,2,631.0,14.362916006339145,8.37209008765379,1.0,8.0,13.0,19.0,44.0
2018-11-30,MGH,SO2,1,0.0,,,,,,,
2018-11-30,MON,CO,15,112.0,0.33839285714285744,0.2705501687716973,0.0,0.1,0.25,0.5,1.4
2018-11-30,MON,NO,1,112.0,12.785714285714286,24.254442732785925,0.0,1.0,3.0,10.25,119.0
2018-11-30,MON,NO2,1,112.0,13.607142857142858,7.6539539835964225,3.0,7.75,12.0,19.0,34.0
2018-11-30,MON,NOX,1,112.0,26.366071428571427,26.408773977332658,5.0,9.0,16.0,30.25,133.0
2018-11-30,MON,O3,1,112.0,20.142857142857142,17.336030876125214,1.0,4.0,17.0,33.0,78.0
2018-11-30,MON,SO2,1,112.0,0.38392857142857145,0.5410289781632356,0.0,0.0,0.0,1.0,2.0
2018-11-30,MPA,CO,15,659.0,0.17860394537177485,0.1243115731476873,0.0,0.1,0.2,0.2,0.7
2018-11-30,MPA,O3,1,629.0,39.33227344992051,20.88677220022793,2.0,24.0,34.0,49.0,128.0
2018-11-30,MPA,PM10,2,0.0,,,,,,,
2018-11-30,MPA,PM2.5,2,0.0,,,,,,,
2018-11-30,MPA,PMCO,2,0.0,,,,,,,
2018-11-30,MPA,SO2,1,659.0,1.0424886191198786,1.6404880652402014,0.0,0.0,1.0,1.0,17.0
2018-11-30,NEZ,CO,15,653.0,0.6667687595712104,0.48793555669657407,0.1,0.3,0.5,0.9,3.9
2018-11-30,NEZ,NO,1,653.0,17.411944869831547,27.962183786891977,0.0,2.0,5.0,21.0,220.0
2018-11-30,NEZ,NO2,1,653.0,24.678407350689127,11.637841910369099,5.0,16.0,24.0,32.0,82.0
2018-11-30,NEZ,NOX,1,653.0,42.05053598774885,34.725110968397075,5.0,18.0,31.0,55.0,263.0
2018-11-30,NEZ,O3,1,653.0,24.343032159264933,24.772806954633566,0.0,4.0,16.0,38.0,110.0
2018-11-30,NEZ,PM2.5,2,666.0,21.00750750750751,13.163458332896326,1.0,11.0,20.0,28.0,132.0
2018-11-30,NEZ,SO2,1,653.0,2.378254211332312,4.393171501689052,0.0,1.0,1.0,2.0,45.0
2018-11-30,PED,CO,15,477.0,0.4568134171907755,0.30379378646303873,0.0,0.3,0.4,0.6,1.9
2018-11-30,PED,NO,1,490.0,10.710204081632654,18.81156417708348,0.0,1.0,3.0,11.0,116.0
2018-11-30,PED,NO2,1,490.0,24.512244897959185,11.837898528704084,3.0,17.0,23.0,31.0,63.0
2018-11-30,PED,NOX,1,490.0,35.19183673469388,24.63317659697066,3.0,20.0,30.0,42.75,162.0
2018-11-30,PED,O3,1,490.0,30.13061224489796,29.65561158015287,0.0,7.0,22.0,40.0,157.0
2018-11-30,PED,PM10,2,0.0,,,,,,,
2018-11-30,PED,PM2.5,2,0.0,,,,,,,
2018-11-30,PED,PMCO,2,0.0,,,,,,,
2018-11-30,PED,SO2,1,486.0,1.7469135802469136,2.63359358987676,0.0,1.0,1.0,2.0,23.0
2018-11-30,SAG,CO,15,449.0,0.6748329621380849,0.43677391910583707,0.0,0.4,0.6,0.9,2.3
2018-11-30,SAG,NO,1,629.0,24.850556438791735,33.273809833985396,0.0,4.0,10.0,33.0,189.0
2018-11-30,SAG,NO2,1,629.0,24.85691573926868,11.281369740020125,5.0,16.0,24.0,32.0,72.0
2018-11-30,SAG,NOX,1,629.0,49.70429252782194,38.69081669894659,8.0,22.0,36.0,66.0,216.0
2018-11-30,SAG,O3,1,624.0,20.868589743589745,24.328649472728497,0.0,2.0,13.0,31.0,129.0
2018-11-30,SAG,PM10,2,557.0,59.28007181328546,31.25884935988826,6.0,37.0,53.0,78.0,173.0
2018-11-30,SAG,PM2.5,2,557.0,26.166965888689408,13.9781093098577,1.0,16.0,24.0,34.0,82.0
2018-11-30,SAG,PMCO,2,557.0,33.14542190305207,21.781750199952175,2.0,17.0,29.0,45.0,119.0
2018-11-30,SAG,SO2,1,625.0,4.1296,6.2288748623874115,0.0,1.0,2.0,4.0,60.0
2018-11-30,SFE,CO,15,668.0,0.44476047904191657,0.2557631426191214,0.0,0.2,0.4,0.6,1.5
2018-11-30,SFE,NO,1,23.0,15.043478260869565,11.010235984877333,3.0,5.5,13.0,21.5,45.0
2018-11-30,SFE,NO2,1,23.0,15.391304347826088,6.5486926553374865,5.0,9.5,15.0,20.5,25.0
2018-11-30,SFE,NOX,1,23.0,30.47826086956522,16.843853924199262,8.0,14.5,29.0,42.0,68.0
2018-11-30,SFE,O3,1,669.0,26.47085201793722,26.767257056353046,0.0,6.0,17.0,37.0,137.0
2018-11-30,SFE,PM10,2,631.0,35.591125198098254,19.397369740738142,3.0,21.0,32.0,47.0,109.0
2018-11-30,SFE,PM2.5,2,631.0,20.984152139461173,12.100756995958129,1.0,12.0,19.0,28.0,66.0
2018-11-30,SFE,PMCO,2,631.0,14.578446909667194,8.943017749785058,1.0,8.0,13.0,20.0,46.0
2018-11-30,SFE,SO2,1,663.0,2.879336349924585,4.790528625693206,0.0,1.0,1.0,3.0,65.0
2018-11-30,SJA,CO,15,0.0,,,,,,,
2018-11-30,SJA,NO,1,0.0,,,,,,,
2018-11-30,SJA,NO2,1,0.0,,,,,,,
2018-11-30,SJA,NOX,1,0.0,,,,,,,
2018-11-30,SJA,O3,1,0.0,,,,,,,
2018-11-30,SJA,PM2.5,2,0.0,,,,,,,
2018-11-30,SJA,SO2,1,0.0,,,,,,,
2018-11-30,TAH,CO,15,668.0,0.5014970059880244,0.36720611967103267,0.0,0.2,0.4,0.7,3.0
2018-11-30,TAH,NO,1,0.0,,,,,,,
2018-11-30,TAH,NO2,1,0.0,,,,,,,
2018-11-30,TAH,NOX,1,0.0,,,,,,,
2018-11-30,TAH,O3,1,649.0,26.408320493066256,23.25007616705091,0.0,9.0,19.0,40.0,113.0
2018-11-30,TAH,PM10,2,659.0,38.22761760242792,24.191606514957222,1.0,20.0,34.0,53.0,132.0
2018-11-30,TAH,SO2,1,668.0,1.187125748502994,1.50939550309497,0.0,1.0,1.0,1.0,14.0
2018-11-30,TLA,CO,15,629.0,0.6712241653418125,0.4360892311262439,0.0,0.4,0.6,0.9,3.1
2018-11-30,TLA,NO,1,661.0,34.05143721633888,39.270550519222354,0.0,9.0,18.0,43.0,214.0
2018-11-30,TLA,NO2,1,661.0,35.82299546142209,14.959859952602992,6.0,26.0,34.0,43.0,95.0
2018-11-30,TLA,NOX,1,661.0,69.8714069591528,45.68535455256119,6.0,39.0,55.0,87.0,261.0
2018-11-30,TLA,O3,1,651.0,20.682027649769584,25.38240395123855,0.0,2.0,9.0,29.5,119.0
2018-11-30,TLA,PM10,2,663.0,53.41628959276018,26.260520955122683,8.0,33.5,50.0,71.0,181.0
2018-11-30,TLA,PM2.5,2,663.0,26.64555052790347,13.383812672503112,1.0,16.0,25.0,35.0,73.0
2018-11-30,TLA,PMCO,2,663.0,26.773755656108598,16.157647789740487,1.0,15.0,25.0,36.0,110.0
2018-11-30,TLA,SO2,1,671.0,5.785394932935916,8.303847055785916,0.0,1.0,3.0,6.0,60.0
2018-11-30,TLI,CO,15,658.0,0.6180851063829788,0.4379535695976819,0.0,0.3,0.5,0.8,2.5
2018-11-30,TLI,NO,1,641.0,26.8003120124805,35.24273949911521,0.0,3.0,10.0,39.0,199.0
2018-11-30,TLI,NO2,1,641.0,32.054602184087365,14.987760054226188,7.0,21.0,29.0,39.0,84.0
2018-11-30,TLI,NOX,1,641.0,58.89547581903276,43.74910707802849,7.0,26.0,44.0,83.0,236.0
2018-11-30,TLI,O3,1,573.0,23.783595113438047,27.04092876199531,0.0,3.0,12.0,35.0,124.0
2018-11-30,TLI,PM10,2,0.0,,,,,,,
2018-11-30,TLI,SO2,1,631.0,5.683042789223455,8.8864627345804,0.0,1.0,3.0,5.0,70.0
2018-11-30,UAX,CO,15,662.0,0.4996978851963747,0.33109166972689097,0.0,0.3,0.4,0.6749999999999999,2.0
2018-11-30,UAX,NO,1,664.0,12.662650602409638,19.423921814738314,0.0,1.0,4.0,16.0,144.0
2018-11-30,UAX,NO2,1,664.0,20.643072289156628,11.1409729931719,2.0,13.0,20.0,26.0,69.0
2018-11-30,UAX,NOX,1,664.0,33.33734939759036,25.24571357476063,3.0,15.0,27.0,46.0,168.0
2018-11-30,UAX,O3,1,663.0,23.260935143288084,24.113335688713263,0.0,4.0,14.0,35.0,103.0
2018-11-30,UAX,PM2.5,2,523.0,21.141491395793498,11.440628820558413,1.0,13.0,21.0,28.0,61.0
2018-11-30,UAX,SO2,1,664.0,1.3825301204819278,2.235338471810453,0.0,0.0,1.0,1.0,19.0
2018-11-30,UIZ,CO,15,181.0,0.4060773480662974,0.3969558813795523,0.0,0.1,0.3,0.6,1.9
2018-11-30,UIZ,NO,1,631.0,18.979397781299525,28.096453263463122,0.0,3.0,7.0,24.0,189.0
2018-11-30,UIZ,NO2,1,631.0,26.765451664025356,13.693428318761983,2.0,17.0,26.0,35.0,87.0
2018-11-30,UIZ,NOX,1,631.0,45.71315372424723,35.889138844814354,3.0,20.0,36.0,59.0,231.0
2018-11-30,UIZ,O3,1,652.0,17.579754601226995,18.909065794420425,0.0,2.0,10.0,27.0,83.0
2018-11-30,UIZ,PM10,2,412.0,49.85436893203884,22.28161179481847,8.0,34.0,46.0,62.25,133.0
2018-11-30,UIZ,PM2.5,2,412.0,27.0,15.07838400603913,1.0,16.0,25.0,35.0,87.0
2018-11-30,UIZ,PMCO,2,412.0,22.815533980582526,11.321445810376225,1.0,14.75,22.0,29.0,66.0
2018-11-30,UIZ,SO2,1,649.0,2.320493066255778,3.1523402638716616,0.0,1.0,1.0,2.0,34.0
2018-11-30,VIF,CO,15,655.0,0.6210687022900759,0.44482971333539545,0.0,0.3,0.5,0.8,3.5
2018-11-30,VIF,NO,1,638.0,23.21003134796238,34.41312990544634,0.0,2.0,7.0,30.5,243.0
2018-11-30,VIF,NO2,1,638.0,23.843260188087775,12.173157155461684,4.0,14.25,22.0,31.0,67.0
2018-11-30,VIF,NOX,1,638.0,47.03761755485893,40.57233974326389,5.0,17.0,33.0,63.0,263.0
2018-11-30,VIF,O3,1,655.0,22.125190839694657,25.433361219513223,0.0,1.0,11.0,35.0,107.0
2018-11-30,VIF,PM10,2,654.0,60.16819571865443,45.01191774244802,1.0,24.0,48.0,91.0,225.0
2018-11-30,VIF,SO2,1,647.0,4.924265842349304,10.255353432938403,0.0,1.0,2.0,3.0,104.0
2018-11-30,XAL,CO,15,660.0,0.8475757575757573,0.6739529857705328,0.0,0.4,0.6,1.1,3.8
2018-11-30,XAL,NO,1,656.0,47.6280487804878,58.344897719744075,1.0,10.0,22.0,62.25,337.0
2018-11-30,XAL,NO2,1,656.0,33.24542682926829,13.071937560027735,8.0,24.0,31.0,41.0,89.0
2018-11-30,XAL,NOX,1,656.0,79.94664634146342,64.66960224390333,9.0,35.0,57.0,105.25,386.0
2018-11-30,XAL,O3,1,661.0,20.37518910741301,24.013662560041062,0.0,1.0,11.0,32.0,115.0
2018-11-30,XAL,PM10,2,675.0,82.02074074074073,54.94507251351819,7.0,45.0,68.0,103.5,327.0
2018-11-30,XAL,PM2.5,2,675.0,31.72740740740741,18.735066969894014,1.0,17.0,28.0,42.0,116.0
2018-11-30,XAL,PMCO,2,675.0,50.28888888888889,39.915241555169345,2.0,24.0,40.0,63.0,251.0
2018-11-30,XAL,SO2,1,651.0,3.812596006144393,4.522275926795721,0.0,1.0,2.0,4.5,40.0
2018-12-31,ACO,CO,15,688.0,0.436191860465116,0.3443214170584673,0.0,0.2,0.3,0.5,2.8
2018-12-31,ACO,NO,1,688.0,12.337209302325581,16.095501348849936,0.0,2.0,6.0,17.0,98.0
2018-12-31,ACO,NO2,1,688.0,20.50872093023256,10.351180601569821,4.0,13.0,19.0,25.0,64.0
2018-12-31,ACO,NOX,1,688.0,32.82848837209303,22.93373028755546,5.0,16.0,27.0,41.25,139.0
2018-12-31,ACO,O3,1,686.0,25.05539358600583,24.785441189423132,1.0,4.0,16.0,41.0,107.0
2018-12-31,ACO,PM10,2,709.0,60.42595204513399,35.47198629081511,4.0,37.0,52.0,74.0,295.0
2018-12-31,ACO,SO2,1,688.0,2.9752906976744184,4.56277258432573,0.0,1.0,1.0,3.0,45.0
2018-12-31,AJM,CO,15,692.0,0.4323699421965324,0.23846746978544472,0.0,0.2,0.4,0.6,1.3
2018-12-31,AJM,NO,1,691.0,5.277858176555716,8.310692539037197,0.0,0.0,2.0,6.0,44.0
2018-12-31,AJM,NO2,1,691.0,20.54558610709117,11.311999146579371,2.0,12.0,18.0,28.0,66.0
2018-12-31,AJM,NOX,1,691.0,25.832127351664255,16.70609221398049,2.0,14.0,22.0,35.0,100.0
2018-12-31,AJM,O3,1,654.0,38.723241590214066,23.08725398728811,0.0,22.0,35.0,52.0,117.0
2018-12-31,AJM,PM10,2,702.0,40.96723646723647,25.74666014208095,3.0,21.0,34.0,55.0,148.0
2018-12-31,AJM,PM2.5,2,702.0,24.784900284900285,18.926636648166674,1.0,11.0,19.0,34.75,106.0
2018-12-31,AJM,PMCO,2,702.0,16.16951566951567,8.065957384217022,1.0,10.0,16.0,21.0,42.0
2018-12-31,AJM,SO2,1,691.0,7.9768451519536905,10.33634571723158,0.0,1.0,4.0,11.5,64.0
2018-12-31,AJU,O3,1,679.0,29.952871870397644,24.557454512299856,0.0,10.0,24.0,44.0,123.0
2018-12-31,AJU,PM2.5,2,0.0,,,,,,,
2018-12-31,ATI,CO,15,694.0,0.5276657060518732,0.36123249508221916,0.0,0.3,0.4,0.7,2.6
2018-12-31,ATI,NO,1,694.0,16.717579250720462,23.75921316046759,0.0,2.0,6.0,22.0,138.0
2018-12-31,ATI,NO2,1,694.0,29.221902017291065,13.821675424080293,5.0,19.25,27.0,37.0,111.0
2018-12-31,ATI,NOX,1,694.0,45.95244956772334,30.923716383581727,6.0,25.0,36.0,59.75,198.0
2018-12-31,ATI,O3,1,694.0,24.688760806916427,25.041978387880373,0.0,4.0,16.0,37.0,122.0
2018-12-31,ATI,PM10,2,707.0,50.06930693069307,29.638463734171612,2.0,28.0,46.0,68.0,168.0
2018-12-31,ATI,SO2,1,694.0,10.618155619596541,14.602961373113173,0.0,2.0,5.0,13.0,95.0
2018-12-31,BJU,CO,15,641.0,0.7397815912636511,0.43079789602908714,0.0,0.4,0.7,1.0,2.3
2018-12-31,BJU,O3,1,642.0,22.60747663551402,26.502438121501353,1.0,2.0,11.0,37.0,115.0
2018-12-31,BJU,PM10,2,649.0,52.17411402157165,28.064666428118247,6.0,30.0,46.0,70.0,158.0
2018-12-31,BJU,PM2.5,2,649.0,31.426810477657934,21.239622502286704,2.0,15.0,26.0,46.0,114.0
2018-12-31,BJU,PMCO,2,649.0,20.747303543913713,9.29012466703301,3.0,14.0,20.0,26.0,68.0
2018-12-31,BJU,SO2,1,642.0,7.160436137071651,9.753312576029924,0.0,1.0,3.0,9.0,66.0
2018-12-31,CAM,CO,15,623.0,0.6688603531300163,0.46358710918077634,0.0,0.3,0.6,0.9,2.6
2018-12-31,CAM,NO,1,622.0,39.61897106109325,51.72777586286666,0.0,5.0,20.0,54.0,327.0
2018-12-31,CAM,NO2,1,622.0,42.22668810289389,18.35571918217409,8.0,29.0,40.0,53.75,130.0
2018-12-31,CAM,NOX,1,622.0,81.86655948553054,58.87044544523143,9.0,39.0,67.0,107.0,389.0
2018-12-31,CAM,O3,1,622.0,23.393890675241156,28.485058285824298,0.0,2.0,10.0,39.0,133.0
2018-12-31,CAM,PM10,2,578.0,67.00173010380622,35.835629914257666,8.0,41.0,60.0,86.0,229.0
2018-12-31,CAM,PM2.5,2,578.0,38.35640138408304,27.16100596283457,1.0,20.0,31.0,50.0,188.0
2018-12-31,CAM,PMCO,2,578.0,28.664359861591695,12.530509443775024,6.0,19.0,27.0,36.0,81.0
2018-12-31,CAM,SO2,1,623.0,12.207062600321027,17.18446771788055,0.0,2.0,5.0,16.0,106.0
2018-12-31,CCA,CO,15,612.0,0.5738562091503268,0.34829888059430897,0.0,0.3,0.5,0.8,1.7
2018-12-31,CCA,NO,1,457.0,16.01312910284464,20.564826961353223,0.0,2.0,7.0,24.0,116.0
2018-12-31,CCA,NO2,1,457.0,28.85995623632385,12.506054428415927,6.0,21.0,28.0,36.0,72.0
2018-12-31,CCA,NOX,1,457.0,44.87527352297593,26.152969816887026,7.0,26.0,40.0,57.0,144.0
2018-12-31,CCA,O3,1,612.0,25.495098039215687,27.912271535682994,1.0,2.0,15.0,41.0,126.0
2018-12-31,CCA,PM2.5,2,616.0,28.266233766233768,21.241941089259544,1.0,13.0,22.5,38.0,130.0
2018-12-31,CCA,SO2,1,612.0,6.383986928104576,7.561938791382,1.0,2.0,3.0,8.0,58.0
2018-12-31,CHO,CO,15,619.0,0.5756058158319879,0.46558180851403025,0.0,0.2,0.4,0.8,2.8
2018-12-31,CHO,NO,1,619.0,32.62843295638126,43.40854574828014,0.0,5.0,11.0,47.0,262.0
2018-12-31,CHO,NO2,1,619.0,24.008077544426495,12.150150132402976,4.0,16.0,24.0,31.0,73.0
2018-12-31,CHO,NOX,1,619.0,56.64135702746365,48.699733544922346,5.0,21.0,40.0,78.0,293.0
2018-12-31,CHO,O3,1,609.0,22.73070607553366,24.070819163282053,0.0,2.0,15.0,36.0,116.0
2018-12-31,CHO,PM10,2,617.0,68.0226904376013,37.17337587465829,2.0,42.0,62.0,87.0,274.0
2018-12-31,CHO,SO2,1,618.0,2.4093851132686086,2.7219694361945126,0.0,1.0,1.0,3.0,20.0
2018-12-31,COY,NO,1,0.0,,,,,,,
2018-12-31,COY,NO2,1,0.0,,,,,,,
2018-12-31,COY,NOX,1,0.0,,,,,,,
2018-12-31,COY,O3,1,0.0,,,,,,,
2018-12-31,COY,PM2.5,2,0.0,,,,,,,
2018-12-31,CUA,CO,15,679.0,0.576288659793814,0.3865516703349783,0.0,0.3,0.5,0.8,2.6
2018-12-31,CUA,NO,1,678.0,13.08259587020649,19.81037784486653,0.0,2.0,5.0,14.0,141.0
2018-12-31,CUA,NO2,1,678.0,30.50147492625369,18.718370605285074,3.0,16.0,27.0,41.0,131.0
2018-12-31,CUA,NOX,1,678.0,43.564896755162245,31.58811372056892,4.0,20.0,35.0,58.0,176.0
2018-12-31,CUA,O3,1,679.0,24.93078055964654,19.03287586898274,1.0,12.0,21.0,33.0,93.0
2018-12-31,CUA,PM10,2,697.0,37.63271162123386,26.76026965224158,1.0,19.0,31.0,49.0,179.0
2018-12-31,CUA,SO2,1,677.0,8.1506646971935,11.157335806947975,0.0,2.0,4.0,10.0,122.0
2018-12-31,CUT,NO,1,637.0,28.55572998430141,42.069822009091695,0.0,2.0,9.0,40.0,269.0
2018-12-31,CUT,NO2,1,637.0,27.059654631083202,12.214264596321815,4.0,18.0,27.0,34.0,86.0
2018-12-31,CUT,NOX,1,637.0,55.604395604395606,47.439373883776746,4.0,22.0,42.0,73.0,298.0
2018-12-31,CUT,O3,1,638.0,27.391849529780565,27.360206628933714,0.0,3.0,18.0,45.0,129.0
2018-12-31,CUT,PM10,2,633.0,61.342812006319114,39.33297908048578,2.0,36.0,52.0,77.0,268.0
2018-12-31,CUT,SO2,1,636.0,10.111635220125786,19.361829235317437,1.0,2.0,4.0,9.25,206.0
2018-12-31,FAC,CO,15,690.0,0.6347826086956523,0.44816221630220704,0.0,0.3,0.5,0.9,2.6
2018-12-31,FAC,NO,1,689.0,28.410740203193033,35.41581814921188,0.0,6.0,14.0,36.0,235.0
2018-12-31,FAC,NO2,1,689.0,33.72714078374456,17.182700808505842,6.0,22.0,31.0,42.0,120.0
2018-12-31,FAC,NOX,1,689.0,62.15529753265602,42.93881502782996,6.0,31.0,50.0,82.0,258.0
2018-12-31,FAC,O3,1,689.0,25.505079825834542,26.316008707137595,0.0,4.0,16.0,39.0,141.0
2018-12-31,FAC,PM10,2,680.0,41.983823529411765,25.489459603856787,1.0,23.0,38.0,56.0,150.0
2018-12-31,FAC,SO2,1,485.0,9.482474226804124,12.46740386587398,0.0,2.0,4.0,11.0,79.0
2018-12-31,GAM,O3,1,660.0,25.256060606060608,30.48673747712852,0.0,1.0,9.0,42.0,121.0
2018-12-31,GAM,PM10,2,244.0,79.37295081967213,44.0054739148064,16.0,49.75,72.0,101.25,273.0
2018-12-31,GAM,PM2.5,2,641.0,36.08736349453978,26.297311757938825,2.0,18.0,31.0,47.0,197.0
2018-12-31,GAM,PMCO,2,244.0,36.52459016393443,17.744048148247074,8.0,23.0,34.0,47.0,80.0
2018-12-31,HGM,CO,15,691.0,0.7574529667149054,0.4446935391920562,0.0,0.4,0.7,1.0,2.2
2018-12-31,HGM,NO,1,692.0,22.67630057803468,27.431891486374578,0.0,3.0,11.0,33.0,169.0
2018-12-31,HGM,NO2,1,692.0,39.716763005780344,16.74800398713274,7.0,28.0,37.0,50.0,105.0
2018-12-31,HGM,NOX,1,692.0,62.38728323699422,36.03733006031725,10.0,35.0,55.0,81.0,211.0
2018-12-31,HGM,O3,1,692.0,23.653179190751445,26.9858933777938,0.0,2.0,11.5,38.25,117.0
2018-12-31,HGM,PM10,2,699.0,52.32618025751073,29.23037707564947,9.0,31.0,46.0,69.0,187.0
2018-12-31,HGM,PM2.5,2,699.0,30.97997138769671,22.793570940441644,1.0,15.0,25.0,42.0,152.0
2018-12-31,HGM,PMCO,2,699.0,21.331902718168813,9.586956767960933,3.0,14.0,20.0,27.0,56.0
2018-12-31,HGM,SO2,1,690.0,9.315942028985507,13.801575636142983,0.0,1.0,3.0,11.0,84.0
2018-12-31,INN,CO,15,651.0,0.22334869431643486,0.18010723235976017,0.0,0.1,0.2,0.3,1.2
2018-12-31,INN,O3,1,651.0,36.086021505376344,17.202199447731573,3.0,25.0,34.0,44.0,100.0
2018-12-31,INN,PM10,2,300.0,22.38,17.201800481325535,2.0,9.75,16.0,31.0,84.0
2018-12-31,INN,PM2.5,2,300.0,14.07,11.938741355373342,1.0,6.0,10.0,19.0,63.0
2018-12-31,INN,PMCO,2,300.0,8.32,6.608315426485002,1.0,4.0,6.0,11.0,38.0
2018-12-31,INN,SO2,1,649.0,3.098613251155624,4.754414574950653,0.0,1.0,2.0,3.0,45.0
2018-12-31,IZT,CO,15,689.0,0.8201741654571842,0.5161203369180908,0.1,0.4,0.7,1.1,3.4
2018-12-31,IZT,NO,1,689.0,25.93178519593614,30.444139512798234,0.0,5.0,14.0,38.0,195.0
2018-12-31,IZT,NO2,1,689.0,38.55587808417997,17.84201089430664,6.0,27.0,35.0,47.0,107.0
2018-12-31,IZT,NOX,1,689.0,64.4978229317852,39.06148713541548,8.0,35.0,57.0,84.0,240.0
2018-12-31,IZT,O3,1,675.0,22.251851851851853,26.38229514859159,0.0,1.0,10.0,37.0,111.0
2018-12-31,IZT,PM10,2,710.0,62.195774647887326,37.37923266076226,6.0,37.0,54.0,79.0,292.0
2018-12-31,IZT,SO2,1,688.0,8.436046511627907,12.820175264348167,0.0,1.0,3.0,9.0,80.0
2018-12-31,LLA,CO,15,694.0,0.694380403458212,0.5273310560497878,0.0,0.3,0.6,0.9,3.4
2018-12-31,LLA,NO,1,694.0,37.45965417867435,54.73655086372759,0.0,3.0,13.0,49.0,345.0
2018-12-31,LLA,NO2,1,694.0,32.62536023054755,14.446527449648663,6.0,23.0,31.0,41.0,100.0
2018-12-31,LLA,NOX,1,694.0,70.0922190201729,60.25187749504403,7.0,28.0,51.0,90.0,383.0
2018-12-31,LLA,O3,1,694.0,22.63256484149856,25.342083930551563,0.0,2.0,12.0,38.0,115.0
2018-12-31,LLA,SO2,1,692.0,11.232658959537572,17.30259936753414,1.0,3.0,5.0,10.0,137.0
2018-12-31,LPR,CO,15,653.0,1.0482388973966295,0.7098890377432133,0.1,0.5,0.9,1.4,3.7
2018-12-31,LPR,NO,1,0.0,,,,,,,
2018-12-31,LPR,NO2,1,0.0,,,,,,,
2018-12-31,LPR,NOX,1,0.0,,,,,,,
2018-12-31,LPR,O3,1,654.0,24.32262996941896,27.76296863406157,0.0,2.0,12.0,38.0,134.0
2018-12-31,LPR,SO2,1,652.0,6.742331288343558,8.421564709745601,0.0,1.0,3.0,8.0,43.0
2018-12-31,MER,CO,15,684.0,0.8078947368421058,0.5056595774134464,0.0,0.4,0.7,1.1,2.7
2018-12-31,MER,NO,1,684.0,39.99707602339181,43.770732283284914,0.0,7.0,22.5,59.0,234.0
2018-12-31,MER,NO2,1,684.0,41.98684210526316,17.821996114453153,7.0,30.0,38.0,53.0,108.0
2018-12-31,MER,NOX,1,684.0,81.98391812865498,52.621814657904,9.0,42.0,67.5,111.0,291.0
2018-12-31,MER,O3,1,684.0,22.051169590643276,27.326216745405407,0.0,1.0,9.0,37.0,121.0
2018-12-31,MER,PM10,2,694.0,70.1743515850144,37.12985487874042,10.0,41.0,63.5,92.0,234.0
2018-12-31,MER,PM2.5,2,694.0,35.636887608069166,24.583177288439625,1.0,18.0,31.0,48.0,165.0
2018-12-31,MER,PMCO,2,694.0,34.564841498559076,15.736859523616468,8.0,23.0,32.0,44.0,106.0
2018-12-31,MER,SO2,1,683.0,10.503660322108345,13.850518525139808,1.0,2.0,4.0,12.0,83.0
2018-12-31,MGH,CO,15,693.0,0.7946608946608951,0.5032412935970958,0.0,0.4,0.7,1.1,2.9
2018-12-31,MGH,NO,1,693.0,41.17171717171717,56.98593485396203,0.0,6.0,19.0,54.0,366.0
2018-12-31,MGH,NO2,1,693.0,38.89033189033189,17.260820733793064,8.0,26.0,37.0,50.0,124.0
2018-12-31,MGH,NOX,1,693.0,80.06493506493507,62.7842447137852,9.0,37.0,66.0,99.0,412.0
2018-12-31,MGH,O3,1,693.0,22.34054834054834,25.368829315815073,0.0,1.0,11.0,37.0,118.0
2018-12-31,MGH,PM10,2,695.0,49.833093525179855,28.774654604719828,7.0,29.0,43.0,65.0,168.0
2018-12-31,MGH,PM2.5,2,695.0,32.528057553956835,23.45709194780929,2.0,15.5,25.0,43.0,149.0
2018-12-31,MGH,PMCO,2,695.0,17.319424460431655,8.295435341613702,2.0,11.0,17.0,22.0,72.0
2018-12-31,MGH,SO2,1,585.0,9.536752136752137,11.11547882775671,0.0,2.0,6.0,12.0,73.0
2018-12-31,MON,CO,15,547.0,0.4948811700182811,0.4483704056381385,0.0,0.2,0.3,0.7,2.5
2018-12-31,MON,NO,1,548.0,23.624087591240876,39.4097808469608,0.0,1.0,5.0,30.0,276.0
2018-12-31,MON,NO2,1,548.0,19.85036496350365,11.137968884497862,3.0,11.0,18.0,26.0,60.0
2018-12-31,MON,NOX,1,548.0,43.46167883211679,44.78439503731487,3.0,12.0,27.5,59.0,304.0
2018-12-31,MON,O3,1,549.0,29.497267759562842,28.856530523178055,0.0,3.0,23.0,45.0,137.0
2018-12-31,MON,SO2,1,549.0,2.553734061930783,4.4557157676562635,0.0,0.0,1.0,2.0,38.0
2018-12-31,MPA,CO,15,679.0,0.23225331369661184,0.17038760441278672,0.0,0.1,0.2,0.3,0.9
2018-12-31,MPA,O3,1,677.0,43.531757754800594,22.489266578855776,2.0,29.0,39.0,53.0,123.0
2018-12-31,MPA,PM10,2,0.0,,,,,,,
2018-12-31,MPA,PM2.5,2,0.0,,,,,,,
2018-12-31,MPA,PMCO,2,0.0,,,,,,,
2018-12-31,MPA,SO2,1,678.0,4.5855457227138645,5.232629467993082,0.0,1.0,2.0,7.0,33.0
2018-12-31,NEZ,CO,15,696.0,0.7304597701149425,0.5623617372822265,0.1,0.3,0.6,0.9,3.0
2018-12-31,NEZ,NO,1,698.0,20.29656160458453,30.631086031824342,0.0,2.0,5.0,26.75,173.0
2018-12-31,NEZ,NO2,1,698.0,29.24641833810888,14.397493806192388,5.0,20.0,27.0,37.0,87.0
2018-12-31,NEZ,NOX,1,698.0,49.551575931232094,38.742105101548,6.0,22.0,37.0,63.75,214.0
2018-12-31,NEZ,O3,1,688.0,25.375,27.36515836397258,0.0,3.0,16.0,40.0,143.0
2018-12-31,NEZ,PM2.5,2,705.0,34.702127659574465,29.074586851411503,1.0,16.0,28.0,44.0,231.0
2018-12-31,NEZ,SO2,1,698.0,7.051575931232092,12.274253843409246,0.0,1.0,2.0,7.0,111.0
2018-12-31,PED,CO,15,687.0,0.5381368267831141,0.32941509950479225,0.0,0.3,0.5,0.7,1.7
2018-12-31,PED,NO,1,687.0,10.850072780203785,15.182637270398436,0.0,2.0,4.0,14.0,81.0
2018-12-31,PED,NO2,1,687.0,28.778748180494905,13.762053806073995,3.0,18.0,27.0,37.0,80.0
2018-12-31,PED,NOX,1,687.0,39.633187772925766,23.275494292828196,5.0,21.0,36.0,52.0,121.0
2018-12-31,PED,O3,1,686.0,31.26530612244898,28.598343943828453,1.0,8.0,23.0,47.0,143.0
2018-12-31,PED,PM10,2,0.0,,,,,,,
2018-12-31,PED,PM2.5,2,0.0,,,,,,,
2018-12-31,PED,PMCO,2,0.0,,,,,,,
2018-12-31,PED,SO2,1,685.0,5.8598540145985405,7.468505607017301,0.0,1.0,3.0,7.0,57.0
2018-12-31,SAG,CO,15,596.0,0.6911073825503359,0.48715064039042494,0.0,0.3,0.6,0.9,3.1
2018-12-31,SAG,NO,1,680.0,25.62205882352941,34.43013606838131,0.0,4.0,9.5,36.0,232.0
2018-12-31,SAG,NO2,1,680.0,29.90735294117647,13.145787457852467,6.0,20.0,28.0,38.0,103.0
2018-12-31,SAG,NOX,1,680.0,55.49852941176471,39.97591319202959,8.0,27.0,44.0,74.0,267.0
2018-12-31,SAG,O3,1,679.0,22.067746686303387,23.952783065783926,0.0,2.0,13.0,35.0,104.0
2018-12-31,SAG,PM10,2,662.0,76.7809667673716,41.547436392315205,9.0,46.0,68.0,96.0,385.0
2018-12-31,SAG,PM2.5,2,662.0,32.7190332326284,22.618581124255762,1.0,18.0,28.0,43.0,186.0
2018-12-31,SAG,PMCO,2,662.0,44.05891238670695,25.599519615886805,5.0,26.0,38.0,55.0,236.0
2018-12-31,SAG,SO2,1,674.0,9.859050445103858,15.013892021356494,0.0,2.0,4.0,9.0,131.0
2018-12-31,SFE,CO,15,680.0,0.4048529411764701,0.2622941307711476,0.0,0.2,0.3,0.6,1.3
2018-12-31,SFE,NO,1,678.0,12.141592920353983,16.206314171476073,0.0,2.0,6.0,15.0,121.0
2018-12-31,SFE,NO2,1,678.0,29.019174041297934,15.432071131426609,4.0,18.0,26.0,36.0,94.0
2018-12-31,SFE,NOX,1,678.0,41.14159292035398,24.96734668347973,6.0,22.25,35.0,54.0,159.0
2018-12-31,SFE,O3,1,681.0,28.14684287812041,24.755668266913194,0.0,9.0,21.0,40.0,130.0
2018-12-31,SFE,PM10,2,625.0,43.1952,28.49134443462274,3.0,22.0,34.0,57.0,176.0
2018-12-31,SFE,PM2.5,2,625.0,25.7328,19.75435596234865,1.0,12.0,19.0,35.0,120.0
2018-12-31,SFE,PMCO,2,625.0,17.488,10.373641400079142,2.0,10.0,15.0,24.0,67.0
2018-12-31,SFE,SO2,1,677.0,6.146233382570163,7.808404940490888,0.0,1.0,3.0,8.0,67.0
2018-12-31,SJA,CO,15,0.0,,,,,,,
2018-12-31,SJA,NO,1,0.0,,,,,,,
2018-12-31,SJA,NO2,1,0.0,,,,,,,
2018-12-31,SJA,NOX,1,0.0,,,,,,,
2018-12-31,SJA,O3,1,0.0,,,,,,,
2018-12-31,SJA,PM2.5,2,0.0,,,,,,,
2018-12-31,SJA,SO2,1,0.0,,,,,,,
2018-12-31,TAH,CO,15,664.0,0.6469879518072295,0.45029565602335764,0.0,0.3,0.6,0.9,3.2
2018-12-31,TAH,NO,1,531.0,7.239171374764595,12.535882477941595,0.0,1.0,3.0,8.0,115.0
2018-12-31,TAH,NO2,1,531.0,22.065913370998118,12.157200912326404,3.0,12.0,22.0,30.0,63.0
2018-12-31,TAH,NOX,1,531.0,29.314500941619585,19.978218249390554,3.0,14.0,26.0,40.0,145.0
2018-12-31,TAH,O3,1,662.0,29.268882175226587,26.016872768314744,0.0,9.0,21.0,44.0,119.0
2018-12-31,TAH,PM10,2,664.0,57.13855421686747,35.165783902598214,3.0,32.0,51.0,74.25,291.0
2018-12-31,TAH,SO2,1,664.0,3.5015060240963853,4.593259947374708,0.0,1.0,1.0,5.0,31.0
2018-12-31,TLA,CO,15,624.0,0.7498397435897444,0.45785455430326555,0.0,0.4,0.7,1.0,2.8
2018-12-31,TLA,NO,1,691.0,34.66280752532562,36.64851528624438,1.0,10.0,20.0,47.0,271.0
2018-12-31,TLA,NO2,1,691.0,39.91316931982634,17.35222452260471,8.0,27.0,37.0,49.0,141.0
2018-12-31,TLA,NOX,1,691.0,74.6136034732272,44.36857864749628,10.0,43.0,63.0,95.0,333.0
2018-12-31,TLA,O3,1,693.0,20.772005772005773,24.52425886737836,0.0,2.0,10.0,34.0,127.0
2018-12-31,TLA,PM10,2,685.0,57.10802919708029,28.768942547837657,9.0,34.0,53.0,74.0,158.0
2018-12-31,TLA,PM2.5,2,685.0,28.618978102189782,18.23464479730885,2.0,14.0,24.0,39.0,106.0
2018-12-31,TLA,PMCO,2,685.0,28.496350364963504,13.54531278179271,4.0,18.0,27.0,37.0,94.0
2018-12-31,TLA,SO2,1,693.0,14.086580086580087,20.392847167559232,1.0,2.0,6.0,16.0,156.0
2018-12-31,TLI,CO,15,687.0,0.7892285298398831,0.5338679627340842,0.0,0.4,0.6,1.0,2.7
2018-12-31,TLI,NO,1,687.0,27.954876273653568,37.71706083567936,0.0,3.0,11.0,38.0,205.0
2018-12-31,TLI,NO2,1,687.0,36.10480349344978,16.09630519817381,9.0,25.0,33.0,44.0,106.0
2018-12-31,TLI,NOX,1,687.0,64.06986899563319,46.46985050816322,10.0,30.5,49.0,84.0,297.0
2018-12-31,TLI,O3,1,683.0,25.55636896046852,28.93892293601323,0.0,4.0,12.0,40.5,145.0
2018-12-31,TLI,PM10,2,0.0,,,,,,,
2018-12-31,TLI,SO2,1,688.0,14.734011627906977,26.33316725007708,0.0,2.0,5.0,17.0,307.0
2018-12-31,UAX,CO,15,681.0,0.633333333333334,0.4093634465515322,0.0,0.3,0.6,0.9,2.3
2018-12-31,UAX,NO,1,684.0,12.978070175438596,18.061821242805877,0.0,1.0,5.0,18.0,123.0
2018-12-31,UAX,NO2,1,684.0,25.08625730994152,13.952854670930316,3.0,15.0,24.0,33.0,94.0
2018-12-31,UAX,NOX,1,684.0,38.074561403508774,26.22610318164558,3.0,17.0,33.0,52.0,158.0
2018-12-31,UAX,O3,1,682.0,25.215542521994134,25.095041522774185,0.0,3.0,17.0,40.0,102.0
2018-12-31,UAX,PM2.5,2,664.0,31.44578313253012,25.70860166142412,1.0,16.0,25.0,41.0,194.0
2018-12-31,UAX,SO2,1,682.0,4.747800586510264,8.10907847697785,0.0,1.0,1.0,6.0,76.0
2018-12-31,UIZ,CO,15,691.0,0.663820549927642,0.47687921745538087,0.0,0.3,0.5,0.9,3.2
2018-12-31,UIZ,NO,1,652.0,21.608895705521473,31.09919880833904,0.0,2.0,9.0,28.0,242.0
2018-12-31,UIZ,NO2,1,652.0,31.754601226993866,15.927964578096738,4.0,21.0,30.0,41.0,91.0
2018-12-31,UIZ,NOX,1,652.0,53.34815950920245,40.03769283569988,5.0,26.0,44.5,70.0,303.0
2018-12-31,UIZ,O3,1,649.0,21.117103235747305,24.61440597941101,0.0,2.0,11.0,34.0,131.0
2018-12-31,UIZ,PM10,2,662.0,59.842900302114806,34.72122959539839,5.0,35.0,53.0,78.0,256.0
2018-12-31,UIZ,PM2.5,2,662.0,34.418429003021146,27.939612186768,1.0,16.0,27.0,46.0,211.0
2018-12-31,UIZ,PMCO,2,662.0,25.425981873111784,11.683021876599868,4.0,17.0,24.0,32.75,71.0
2018-12-31,UIZ,SO2,1,679.0,7.200294550810015,11.617347923449147,0.0,1.0,3.0,7.0,96.0
2018-12-31,VIF,CO,15,691.0,0.6565846599131682,0.5028866524512422,0.0,0.3,0.5,0.9,3.2
2018-12-31,VIF,NO,1,607.0,28.042833607907742,35.81776589450532,0.0,3.0,10.0,42.0,189.0
2018-12-31,VIF,NO2,1,607.0,28.15321252059308,14.048169797029779,5.0,18.0,26.0,35.5,93.0
2018-12-31,VIF,NOX,1,607.0,56.19934102141681,42.92588746603322,6.0,22.0,41.0,81.0,231.0
2018-12-31,VIF,O3,1,690.0,22.282608695652176,25.83507733782318,0.0,2.0,11.0,38.0,124.0
2018-12-31,VIF,PM10,2,694.0,77.22622478386167,53.949999334118786,1.0,43.0,63.5,99.75,414.0
2018-12-31,VIF,SO2,1,691.0,12.253256150506513,24.159334625089468,0.0,1.0,3.0,10.0,188.0
2018-12-31,XAL,CO,15,619.0,0.9397415185783524,0.700487992919847,0.0,0.4,0.8,1.3,4.4
2018-12-31,XAL,NO,1,619.0,54.050080775444265,62.651414614753236,0.0,10.0,29.0,76.0,353.0
2018-12-31,XAL,NO2,1,619.0,38.525040387722136,15.747315067494382,8.0,28.0,37.0,46.0,91.0
2018-12-31,XAL,NOX,1,619.0,91.54927302100161,69.14186493966389,10.0,40.0,73.0,121.0,419.0
2018-12-31,XAL,O3,1,619.0,21.5702746365105,23.94538327830992,1.0,2.0,10.0,36.0,106.0
2018-12-31,XAL,PM10,2,613.0,98.27243066884176,53.814761928630105,14.0,60.0,87.0,129.0,378.0
2018-12-31,XAL,PM2.5,2,613.0,40.735725938009786,29.744093377557693,2.0,20.0,35.0,54.0,212.0
2018-12-31,XAL,PMCO,2,613.0,57.50407830342577,32.55872622316333,8.0,34.0,50.0,73.0,239.0
2018-12-31,XAL,SO2,1,618.0,8.197411003236246,9.845806012790396,0.0,2.0,5.0,9.0,73.0
