,,,,value,value,value,value,value,value,value,value
,,,,count,mean,std,min,25%,50%,75%,max
date,id_station,id_parameter,unit,,,,,,,,
2015-01-31,ACO,CO,15,699.0,0.3391988555078682,0.21699283444220302,0.0,0.2,0.3,0.4,1.2
2015-01-31,ACO,NO,1,699.0,9.696709585121603,13.407846483453227,0.0,2.0,3.0,12.0,113.0
2015-01-31,ACO,NO2,1,699.0,14.145922746781116,7.387272788706829,1.0,8.0,14.0,19.0,44.0
2015-01-31,ACO,NOX,1,699.0,23.846924177396282,17.951168277621715,1.0,10.0,19.0,31.0,141.0
2015-01-31,ACO,O3,1,698.0,28.56590257879656,22.696218169521746,2.0,7.0,25.0,42.0,103.0
2015-01-31,ACO,PM10,2,703.0,38.627311522048366,21.499233260653206,2.0,24.0,36.0,48.0,181.0
2015-01-31,ACO,SO2,1,698.0,1.6303724928366763,2.4438122320401234,0.0,1.0,1.0,2.0,25.0
2015-01-31,AJM,CO,15,692.0,0.6216763005780342,0.3061711057688368,0.1,0.4,0.6,0.8,2.0
2015-01-31,AJM,NO,1,677.0,7.2599704579025115,12.994323134620656,0.0,1.0,2.0,7.0,94.0
2015-01-31,AJM,NO2,1,677.0,22.112259970457902,12.211127687957626,2.0,13.0,21.0,29.0,65.0
2015-01-31,AJM,NOX,1,677.0,29.394387001477106,22.10236066907487,3.0,15.0,25.0,37.0,141.0
2015-01-31,AJM,O3,1,692.0,37.585260115606935,25.60475403728681,1.0,17.0,31.5,52.0,121.0
2015-01-31,AJM,PM10,2,522.0,42.43295019157088,19.54423857634735,3.0,27.0,42.0,56.0,100.0
2015-01-31,AJM,PM2.5,2,522.0,24.461685823754788,12.524810978646178,2.0,15.0,23.0,34.0,66.0
2015-01-31,AJM,PMCO,2,522.0,17.988505747126435,9.20046846784434,1.0,11.0,18.0,24.0,52.0
2015-01-31,AJM,SO2,1,692.0,3.0751445086705202,4.19911307662905,0.0,1.0,2.0,4.0,35.0
2015-01-31,AJU,O3,1,683.0,30.314787701317716,24.96218020981537,0.0,10.0,23.0,44.0,114.0
2015-01-31,ATI,CO,15,680.0,0.7992647058823521,0.6073065579312035,0.2,0.4,0.6,1.0,3.6
2015-01-31,ATI,NO,1,680.0,21.404411764705884,36.09012990868536,1.0,3.0,6.0,19.0,197.0
2015-01-31,ATI,NO2,1,680.0,26.604411764705883,15.490059844884215,4.0,16.0,23.0,33.0,97.0
2015-01-31,ATI,NOX,1,680.0,47.98676470588235,44.15835210024996,5.0,19.0,32.0,56.0,234.0
2015-01-31,ATI,O3,1,681.0,26.75770925110132,24.773533731954377,0.0,7.0,20.0,38.0,122.0
2015-01-31,ATI,PM10,2,115.0,47.8,37.25756722854398,7.0,20.5,35.0,58.0,179.0
2015-01-31,ATI,SO2,1,681.0,5.154185022026431,7.4251966276883214,0.0,1.0,3.0,6.0,66.0
2015-01-31,CAM,CO,15,705.0,1.0367375886524823,0.6783989512140928,0.2,0.6,0.8,1.3,4.4
2015-01-31,CAM,NO,1,251.0,42.0796812749004,58.98631727356782,2.0,8.0,18.0,49.5,358.0
2015-01-31,CAM,NO2,1,251.0,35.83665338645418,14.21243157082484,10.0,27.0,34.0,44.0,99.0
2015-01-31,CAM,NOX,1,251.0,77.93227091633466,67.28577408652077,14.0,37.5,55.0,92.5,420.0
2015-01-31,CAM,O3,1,705.0,21.631205673758867,25.2511845321609,1.0,2.0,10.0,35.0,109.0
2015-01-31,CAM,PM10,2,707.0,57.176803394625175,29.651634094904757,5.0,37.0,52.0,72.0,211.0
2015-01-31,CAM,PM2.5,2,707.0,32.76803394625177,21.82787279027486,1.0,18.0,30.0,42.0,190.0
2015-01-31,CAM,PMCO,2,707.0,24.44130127298444,14.03326248933791,2.0,15.0,21.0,31.0,111.0
2015-01-31,CAM,SO2,1,702.0,6.736467236467236,8.010535719220705,0.0,2.0,4.0,7.75,67.0
2015-01-31,CCA,CO,15,705.0,0.8699290780141845,0.48026758707016654,0.1,0.6,0.7,1.0,3.3
2015-01-31,CCA,NO,1,606.0,22.199669966996698,37.1400485527747,1.0,2.0,7.0,23.0,220.0
2015-01-31,CCA,NO2,1,606.0,31.519801980198018,14.634458508209047,4.0,22.0,29.0,38.0,94.0
2015-01-31,CCA,NOX,1,606.0,53.6996699669967,43.34088101126979,5.0,27.0,41.0,63.0,266.0
2015-01-31,CCA,O3,1,705.0,26.160283687943263,27.936588299727937,0.0,3.0,16.0,41.0,125.0
2015-01-31,CCA,PM2.5,2,702.0,20.35042735042735,15.236405969394074,1.0,11.0,18.0,26.0,129.0
2015-01-31,CCA,SO2,1,705.0,3.1163120567375886,4.132132678250314,0.0,1.0,2.0,4.0,30.0
2015-01-31,CHO,CO,15,0.0,,,,,,,
2015-01-31,CHO,NO,1,0.0,,,,,,,
2015-01-31,CHO,NO2,1,0.0,,,,,,,
2015-01-31,CHO,NOX,1,0.0,,,,,,,
2015-01-31,CHO,O3,1,701.0,24.737517831669045,24.052730860133885,0.0,3.0,17.0,41.0,105.0
2015-01-31,CHO,PM10,2,661.0,66.11195158850227,34.41695573102874,7.0,42.0,63.0,83.0,204.0
2015-01-31,CHO,SO2,1,701.0,2.1440798858773182,2.2923624531182454,0.0,1.0,1.0,2.0,22.0
2015-01-31,COY,NO,1,0.0,,,,,,,
2015-01-31,COY,NO2,1,0.0,,,,,,,
2015-01-31,COY,NOX,1,0.0,,,,,,,
2015-01-31,COY,O3,1,699.0,24.444921316165953,26.245278725936778,1.0,3.0,13.0,39.0,125.0
2015-01-31,COY,PM2.5,2,669.0,27.66068759342302,23.233711572168882,1.0,14.0,23.0,34.0,196.0
2015-01-31,CUA,CO,15,702.0,0.6851851851851849,0.38736449183901406,0.2,0.42500000000000004,0.6,0.8,3.4
2015-01-31,CUA,NO,1,700.0,14.348571428571429,25.445303019198082,1.0,3.0,5.5,13.0,198.0
2015-01-31,CUA,NO2,1,700.0,25.74,14.375143465104829,6.0,15.0,23.0,34.0,122.0
2015-01-31,CUA,NOX,1,700.0,40.1,34.449918035412516,6.0,20.0,30.0,47.0,251.0
2015-01-31,CUA,O3,1,590.0,32.18135593220339,24.510889264888107,1.0,15.0,27.0,42.0,116.0
2015-01-31,CUA,PM10,2,0.0,,,,,,,
2015-01-31,CUA,SO2,1,702.0,3.923076923076923,4.750830868671201,0.0,1.0,3.0,4.0,50.0
2015-01-31,CUT,NO,1,699.0,30.031473533619458,41.59243008155687,0.0,3.0,9.0,44.0,218.0
2015-01-31,CUT,NO2,1,699.0,22.410586552217453,11.650175648264119,3.0,14.0,21.0,29.0,66.0
2015-01-31,CUT,NOX,1,699.0,52.45064377682404,46.779906653288656,3.0,18.0,38.0,71.0,259.0
2015-01-31,CUT,O3,1,701.0,19.43081312410842,19.973979302958867,2.0,2.0,13.0,31.0,88.0
2015-01-31,CUT,PM10,2,699.0,75.00429184549357,48.79368569588311,4.0,43.0,63.0,92.0,319.0
2015-01-31,CUT,SO2,1,701.0,4.29243937232525,7.372831393382568,0.0,1.0,2.0,4.0,75.0
2015-01-31,FAC,CO,15,702.0,0.9564102564102562,0.7016041877724151,0.1,0.5,0.7,1.1,3.7
2015-01-31,FAC,NO,1,702.0,33.65811965811966,48.828383690287396,1.0,7.0,13.5,36.0,284.0
2015-01-31,FAC,NO2,1,702.0,31.198005698005698,18.417316372898235,5.0,19.0,26.0,37.0,121.0
2015-01-31,FAC,NOX,1,702.0,64.86609686609687,57.31415308831025,6.0,27.0,43.0,76.75,323.0
2015-01-31,FAC,O3,1,702.0,26.29059829059829,23.503079530785143,3.0,8.0,19.0,39.0,115.0
2015-01-31,FAC,PM10,2,693.0,51.266955266955264,34.83170963451298,1.0,28.0,42.0,66.0,209.0
2015-01-31,FAC,SO2,1,702.0,5.880341880341881,6.8530477531056535,0.0,2.0,4.0,6.0,72.0
2015-01-31,HGM,CO,15,591.0,1.0236886632825728,0.535499701235962,0.3,0.7,0.9,1.2,3.6
2015-01-31,HGM,NO,1,704.0,27.31534090909091,35.90563724067383,0.0,5.0,12.0,34.25,217.0
2015-01-31,HGM,NO2,1,704.0,36.546875,15.905680973579406,7.0,26.0,34.0,45.0,108.0
2015-01-31,HGM,NOX,1,704.0,63.88210227272727,43.56622490336887,8.0,34.0,51.0,81.0,273.0
2015-01-31,HGM,O3,1,704.0,19.866477272727273,21.13014097346527,1.0,3.0,11.0,31.0,90.0
2015-01-31,HGM,PM10,2,631.0,56.521394611727416,28.798684415849905,8.0,36.0,53.0,71.0,224.0
2015-01-31,HGM,PM2.5,2,631.0,30.754358161648177,22.08816840204807,1.0,17.0,27.0,39.0,184.0
2015-01-31,HGM,PMCO,2,631.0,25.801901743264658,11.174676424981094,1.0,18.0,25.0,33.0,67.0
2015-01-31,HGM,SO2,1,704.0,6.1803977272727275,8.032126946455573,1.0,2.0,3.0,6.0,50.0
2015-01-31,IZT,CO,15,699.0,1.1985693848354795,0.675607091297957,0.3,0.7,1.0,1.5,4.5
2015-01-31,IZT,NO,1,698.0,32.48280802292263,41.997545424214174,1.0,6.0,14.0,43.75,260.0
2015-01-31,IZT,NO2,1,698.0,37.85243553008596,16.23190089561973,8.0,27.0,36.0,47.0,103.0
2015-01-31,IZT,NOX,1,698.0,70.34957020057307,49.423312839578294,9.0,35.0,56.0,90.75,319.0
2015-01-31,IZT,O3,1,699.0,24.257510729613735,25.752837996128278,3.0,4.0,13.0,38.0,119.0
2015-01-31,IZT,PM10,2,711.0,43.74683544303797,24.36501851621332,1.0,29.0,41.0,54.0,249.0
2015-01-31,IZT,SO2,1,699.0,5.646638054363376,7.5025993202879375,0.0,2.0,3.0,6.0,57.0
2015-01-31,LLA,CO,15,0.0,,,,,,,
2015-01-31,LLA,NO,1,698.0,32.81948424068768,50.33926869513373,0.0,4.0,12.0,39.0,344.0
2015-01-31,LLA,NO2,1,698.0,25.406876790830946,11.978247081441083,4.0,16.0,25.0,33.0,82.0
2015-01-31,LLA,NOX,1,698.0,58.21489971346705,55.362970354125885,5.0,21.0,42.0,74.75,380.0
2015-01-31,LLA,O3,1,703.0,22.67425320056899,23.750315756873277,1.0,3.0,13.0,36.0,106.0
2015-01-31,LLA,SO2,1,699.0,5.0929899856938485,10.671236790027669,0.0,1.0,2.0,5.0,152.0
2015-01-31,LPR,CO,15,0.0,,,,,,,
2015-01-31,LPR,NO,1,0.0,,,,,,,
2015-01-31,LPR,NO2,1,0.0,,,,,,,
2015-01-31,LPR,NOX,1,0.0,,,,,,,
2015-01-31,LPR,O3,1,0.0,,,,,,,
2015-01-31,LPR,SO2,1,0.0,,,,,,,
2015-01-31,MER,CO,15,692.0,1.217196531791908,0.604212613013474,0.4,0.8,1.1,1.5,3.7
2015-01-31,MER,NO,1,430.0,39.10697674418605,44.38071881977387,0.0,8.0,22.0,48.0,211.0
2015-01-31,MER,NO2,1,430.0,40.05348837209302,15.32870380355323,10.0,31.0,38.0,48.0,105.0
2015-01-31,MER,NOX,1,430.0,79.2,51.261994446100815,12.0,44.0,65.0,98.0,263.0
2015-01-31,MER,O3,1,692.0,21.351156069364162,25.330797540072208,0.0,2.0,9.5,34.0,121.0
2015-01-31,MER,PM10,2,674.0,63.952522255192875,28.059014456881417,12.0,45.0,60.0,80.0,222.0
2015-01-31,MER,PM2.5,2,674.0,31.94658753709199,20.42803761692874,2.0,19.0,29.0,40.0,177.0
2015-01-31,MER,PMCO,2,674.0,32.00148367952522,13.12546601543422,4.0,23.0,31.0,40.0,89.0
2015-01-31,MER,SO2,1,692.0,6.1026011560693645,8.042012992012847,0.0,2.0,3.0,6.0,63.0
2015-01-31,MGH,CO,15,700.0,0.9221428571428583,0.5415586916230888,0.2,0.5,0.8,1.1,3.1
2015-01-31,MGH,NO,1,699.0,40.4277539341917,54.92348287149976,1.0,7.0,15.0,51.5,342.0
2015-01-31,MGH,NO2,1,699.0,34.419170243204576,16.509534586468718,6.0,23.0,32.0,42.5,111.0
2015-01-31,MGH,NOX,1,699.0,74.8555078683834,61.40616348919971,8.0,33.0,52.0,96.5,373.0
2015-01-31,MGH,O3,1,700.0,22.952857142857145,25.73735072135626,0.0,3.0,13.0,35.0,114.0
2015-01-31,MGH,PM10,2,706.0,46.06798866855524,28.154858909327274,5.0,27.0,42.0,59.0,293.0
2015-01-31,MGH,PM2.5,2,706.0,28.679886685552407,23.924397897103173,2.0,14.0,24.0,36.0,267.0
2015-01-31,MGH,PMCO,2,706.0,17.38526912181303,8.881984858907028,1.0,11.0,16.5,22.0,53.0
2015-01-31,MGH,SO2,1,700.0,4.1657142857142855,5.4409007321049065,0.0,1.0,2.0,4.0,54.0
2015-01-31,MON,CO,15,0.0,,,,,,,
2015-01-31,MON,NO,1,481.0,22.295218295218294,40.32663715942189,1.0,2.0,4.0,23.0,301.0
2015-01-31,MON,NO2,1,481.0,15.958419958419958,9.29618743526618,1.0,8.0,14.0,21.0,53.0
2015-01-31,MON,NOX,1,481.0,38.272349272349274,44.85990512708522,2.0,10.0,20.0,48.0,338.0
2015-01-31,MON,O3,1,0.0,,,,,,,
2015-01-31,MON,SO2,1,0.0,,,,,,,
2015-01-31,NEZ,CO,15,705.0,0.8967375886524822,0.6416226947848155,0.1,0.5,0.7,1.1,5.4
2015-01-31,NEZ,NO,1,700.0,21.33,33.34959767727416,0.0,3.0,7.5,26.0,289.0
2015-01-31,NEZ,NO2,1,700.0,29.747142857142858,13.836995272709585,5.0,20.0,28.0,39.0,94.0
2015-01-31,NEZ,NOX,1,700.0,51.074285714285715,41.11521438934287,6.0,25.0,41.0,62.0,337.0
2015-01-31,NEZ,O3,1,705.0,24.740425531914894,25.212829804496046,0.0,4.0,16.0,40.0,121.0
2015-01-31,NEZ,PM2.5,2,704.0,24.681818181818183,19.13606023301123,1.0,14.0,22.0,31.0,190.0
2015-01-31,NEZ,SO2,1,705.0,4.218439716312057,7.378019440033462,0.0,1.0,2.0,4.0,67.0
2015-01-31,PED,CO,15,693.0,0.45021645021645085,0.36297674954693576,0.0,0.2,0.3,0.6,2.1
2015-01-31,PED,NO,1,693.0,14.173160173160174,24.02068054014271,0.0,2.0,5.0,13.0,157.0
2015-01-31,PED,NO2,1,693.0,28.105339105339105,14.310315524554245,5.0,18.0,26.0,36.0,85.0
2015-01-31,PED,NOX,1,693.0,42.25252525252525,32.4444569417326,6.0,21.0,33.0,51.0,201.0
2015-01-31,PED,O3,1,470.0,34.38085106382979,28.48000187389097,1.0,11.25,27.0,50.0,119.0
2015-01-31,PED,PM10,2,588.0,48.0578231292517,29.294894753629748,5.0,28.0,43.0,62.0,191.0
2015-01-31,PED,PM2.5,2,588.0,24.744897959183675,20.778040707160326,1.0,11.0,21.0,32.0,149.0
2015-01-31,PED,PMCO,2,588.0,23.290816326530614,13.459844399454179,2.0,13.0,23.0,31.0,91.0
2015-01-31,PED,SO2,1,693.0,4.176046176046176,4.476419006220479,1.0,2.0,3.0,4.0,35.0
2015-01-31,SAG,CO,15,701.0,0.9243937232524952,0.5945380767962178,0.1,0.5,0.7,1.1,4.8
2015-01-31,SAG,NO,1,702.0,27.6011396011396,40.709126497070876,0.0,5.0,11.0,31.0,334.0
2015-01-31,SAG,NO2,1,702.0,27.02279202279202,10.702142607323863,7.0,18.25,26.0,34.75,79.0
2015-01-31,SAG,NOX,1,702.0,54.6011396011396,44.56542929222662,8.0,24.25,42.0,66.0,366.0
2015-01-31,SAG,O3,1,702.0,22.99145299145299,23.573055434888005,1.0,3.0,14.0,36.0,109.0
2015-01-31,SAG,PM10,2,638.0,63.7460815047022,45.2087234257866,6.0,41.0,56.0,75.0,610.0
2015-01-31,SAG,PM2.5,2,638.0,30.71003134796238,20.729223708103902,1.0,18.0,28.0,38.0,185.0
2015-01-31,SAG,PMCO,2,638.0,33.07210031347962,37.36633285540027,3.0,20.0,27.0,36.0,559.0
2015-01-31,SAG,SO2,1,702.0,5.682336182336182,9.248677352225274,0.0,2.0,3.0,6.0,120.0
2015-01-31,SFE,CO,15,0.0,,,,,,,
2015-01-31,SFE,NO,1,694.0,11.301152737752162,18.90082184695541,0.0,2.0,4.0,11.75,146.0
2015-01-31,SFE,NO2,1,694.0,26.19020172910663,13.978074635729278,4.0,17.0,23.5,32.0,106.0
2015-01-31,SFE,NOX,1,694.0,37.5014409221902,27.434337153713123,5.0,20.0,29.0,45.0,179.0
2015-01-31,SFE,O3,1,690.0,31.26231884057971,25.4261650627183,1.0,13.0,24.0,42.0,121.0
2015-01-31,SFE,PM10,2,616.0,45.121753246753244,26.873260760707808,4.0,25.0,40.0,61.0,164.0
2015-01-31,SFE,PM2.5,2,616.0,23.493506493506494,17.486346544930093,1.0,11.0,18.0,32.0,84.0
2015-01-31,SFE,PMCO,2,616.0,21.63798701298701,12.913613608479228,1.0,12.0,20.0,29.0,115.0
2015-01-31,SFE,SO2,1,537.0,2.891992551210428,4.261011977754964,0.0,1.0,2.0,3.0,53.0
2015-01-31,SJA,CO,15,695.0,0.776834532374102,0.6399264141450122,0.0,0.3,0.6,1.0,4.3
2015-01-31,SJA,NO,1,690.0,37.35507246376812,54.16531175443221,0.0,4.0,13.0,51.0,349.0
2015-01-31,SJA,NO2,1,690.0,32.47536231884058,14.6696610966312,5.0,22.0,31.0,42.0,94.0
2015-01-31,SJA,NOX,1,690.0,69.81884057971014,59.96114313959795,6.0,27.0,52.0,88.0,395.0
2015-01-31,SJA,O3,1,695.0,23.758273381294963,26.843322492425578,1.0,2.0,12.0,38.0,120.0
2015-01-31,SJA,PM2.5,2,681.0,25.190895741556535,17.696841839950757,1.0,15.0,23.0,31.0,148.0
2015-01-31,SJA,SO2,1,695.0,5.038848920863309,5.98580827377545,1.0,2.0,3.0,5.5,60.0
2015-01-31,SUR,CO,15,707.0,1.0653465346534656,0.5516405998610231,0.2,0.7,0.9,1.3,3.2
2015-01-31,SUR,NO,1,707.0,24.64780763790665,35.20255640548507,0.0,4.0,10.0,30.0,199.0
2015-01-31,SUR,NO2,1,707.0,30.343705799151344,13.999973669077141,5.0,22.0,28.0,37.0,92.0
2015-01-31,SUR,NOX,1,707.0,54.94766619519095,40.892955398245086,6.0,27.5,42.0,70.0,229.0
2015-01-31,SUR,O3,1,707.0,24.27015558698727,26.93327712758481,0.0,3.0,14.0,39.0,130.0
2015-01-31,SUR,PM10,2,693.0,43.903318903318905,26.47194289517229,2.0,26.0,41.0,57.0,196.0
2015-01-31,SUR,SO2,1,663.0,3.689291101055807,4.6055913028588575,0.0,1.0,2.0,4.0,47.0
2015-01-31,TAH,CO,15,671.0,0.5001490312965727,0.3520727220861055,0.0,0.3,0.4,0.7,2.8
2015-01-31,TAH,NO,1,671.0,9.964232488822653,14.443257042634082,1.0,2.0,4.0,11.0,123.0
2015-01-31,TAH,NO2,1,671.0,22.0,10.904469848945759,2.0,14.0,21.0,29.0,67.0
2015-01-31,TAH,NOX,1,671.0,31.943368107302533,20.77224928313524,4.0,17.0,28.0,42.0,154.0
2015-01-31,TAH,O3,1,671.0,28.991058122205665,24.408646203255962,2.0,8.0,20.0,44.5,106.0
2015-01-31,TAH,PM10,2,593.0,49.07588532883643,26.027778337826756,1.0,32.0,45.0,62.0,208.0
2015-01-31,TAH,SO2,1,669.0,3.312406576980568,2.978894578915475,0.0,1.0,2.0,4.0,24.0
2015-01-31,TLA,CO,15,534.0,1.1114232209737833,0.5983095610692711,0.2,0.7,0.9,1.3,3.5
2015-01-31,TLA,NO,1,678.0,38.03244837758112,48.38629770113216,0.0,10.0,19.0,41.0,267.0
2015-01-31,TLA,NO2,1,678.0,37.26548672566372,16.60694327169268,6.0,26.0,34.0,45.0,105.0
2015-01-31,TLA,NOX,1,678.0,75.3023598820059,55.96814107769743,7.0,38.0,56.5,89.0,310.0
2015-01-31,TLA,O3,1,686.0,20.965014577259474,24.444161315302832,0.0,2.25,10.0,32.0,110.0
2015-01-31,TLA,PM10,2,0.0,,,,,,,
2015-01-31,TLA,PM2.5,2,0.0,,,,,,,
2015-01-31,TLA,PMCO,2,0.0,,,,,,,
2015-01-31,TLA,SO2,1,686.0,8.446064139941692,8.368650605297377,1.0,4.0,6.0,10.0,75.0
2015-01-31,TLI,CO,15,703.0,0.6503556187766713,0.64421313019514,0.0,0.2,0.5,0.9,3.7
2015-01-31,TLI,NO,1,698.0,29.92836676217765,43.80209205937279,1.0,4.0,10.0,36.75,306.0
2015-01-31,TLI,NO2,1,698.0,30.810888252149,15.494481696879252,5.0,19.0,29.0,40.0,88.0
2015-01-31,TLI,NOX,1,698.0,60.750716332378225,52.5427560356775,6.0,25.0,45.0,78.0,364.0
2015-01-31,TLI,O3,1,704.0,16.579545454545453,16.797325256769756,1.0,2.0,10.5,27.0,77.0
2015-01-31,TLI,PM10,2,708.0,62.293785310734464,43.10588411832968,2.0,34.75,53.0,75.25,302.0
2015-01-31,TLI,SO2,1,701.0,6.914407988587731,10.841643554851352,0.0,2.0,3.0,7.0,113.0
2015-01-31,TPN,NO,1,644.0,10.400621118012422,13.61767672419854,0.0,2.0,6.0,12.0,132.0
2015-01-31,TPN,NO2,1,644.0,18.520186335403725,11.747786104105186,2.0,9.0,16.0,26.0,70.0
2015-01-31,TPN,NOX,1,644.0,28.948757763975156,23.077774682625684,3.0,12.0,24.0,37.0,168.0
2015-01-31,TPN,O3,1,644.0,34.41304347826087,23.20904159748284,3.0,16.0,27.0,48.0,115.0
2015-01-31,TPN,SO2,1,644.0,2.2267080745341614,2.9791657638852724,0.0,1.0,1.0,2.0,30.0
2015-01-31,UAX,CO,15,604.0,0.7453642384105954,0.39995236007256013,0.2,0.4,0.6499999999999999,0.9,2.4
2015-01-31,UAX,NO,1,692.0,17.94364161849711,29.322025673779432,0.0,1.0,5.0,22.25,251.0
2015-01-31,UAX,NO2,1,692.0,26.296242774566473,12.918662961872306,3.0,18.0,25.0,33.0,76.0
2015-01-31,UAX,NOX,1,692.0,44.23410404624278,35.10027139934302,4.0,20.0,35.0,58.0,277.0
2015-01-31,UAX,O3,1,696.0,26.772988505747126,27.096367650165934,0.0,4.0,17.0,44.0,132.0
2015-01-31,UAX,PM2.5,2,671.0,24.257824143070046,19.77841415036495,1.0,14.5,22.0,29.0,171.0
2015-01-31,UAX,SO2,1,696.0,3.574712643678161,4.382784329448387,0.0,2.0,2.0,4.0,48.0
2015-01-31,UIZ,CO,15,695.0,0.9768345323741012,0.5653504128376585,0.2,0.6,0.8,1.2,4.2
2015-01-31,UIZ,NO,1,694.0,25.512968299711815,36.80186376337305,0.0,3.0,10.0,34.0,217.0
2015-01-31,UIZ,NO2,1,694.0,33.085014409221905,14.29598396415579,5.0,23.0,32.0,41.0,91.0
2015-01-31,UIZ,NOX,1,694.0,58.59798270893372,44.01565439048361,6.0,27.0,47.0,76.0,280.0
2015-01-31,UIZ,O3,1,695.0,25.106474820143884,26.312632726760988,1.0,3.0,14.0,41.0,123.0
2015-01-31,UIZ,PM10,2,666.0,59.9984984984985,29.707268508790605,6.0,39.0,58.0,75.0,238.0
2015-01-31,UIZ,PM2.5,2,666.0,30.59009009009009,21.458583805536655,1.0,17.0,28.0,40.0,193.0
2015-01-31,UIZ,PMCO,2,666.0,29.37087087087087,14.046078568419654,2.0,20.0,27.0,37.0,86.0
2015-01-31,UIZ,SO2,1,695.0,5.312230215827338,6.898110467083623,1.0,2.0,3.0,5.0,53.0
2015-01-31,VIF,CO,15,693.0,0.6552669552669548,0.4767018123924629,0.1,0.3,0.5,0.8,3.2
2015-01-31,VIF,NO,1,693.0,21.128427128427127,32.33601514877328,0.0,2.0,6.0,30.0,198.0
2015-01-31,VIF,NO2,1,693.0,22.87878787878788,11.875061191312877,3.0,14.0,23.0,30.0,77.0
2015-01-31,VIF,NOX,1,693.0,44.03318903318903,38.55658398474372,3.0,16.0,32.0,61.0,218.0
2015-01-31,VIF,O3,1,693.0,22.007215007215006,22.028389588629643,0.0,3.0,15.0,36.0,97.0
2015-01-31,VIF,PM10,2,654.0,72.98470948012232,49.01988606529204,3.0,41.0,62.0,92.0,462.0
2015-01-31,VIF,SO2,1,693.0,6.357864357864358,12.303205186462035,0.0,1.0,2.0,6.0,133.0
2015-01-31,XAL,CO,15,560.0,1.3053571428571424,0.942007076390806,0.3,0.7,1.0,1.6,7.8
2015-01-31,XAL,NO,1,557.0,50.983842010771994,71.1389467060752,1.0,11.0,23.0,65.0,664.0
2015-01-31,XAL,NO2,1,557.0,33.40215439856373,14.668759774971791,5.0,22.0,32.0,42.0,106.0
2015-01-31,XAL,NOX,1,557.0,84.38599640933573,77.27429434253462,6.0,36.0,59.0,106.0,717.0
2015-01-31,XAL,O3,1,410.0,21.102439024390243,19.542174163939123,1.0,3.0,15.0,35.0,78.0
2015-01-31,XAL,PM10,2,0.0,,,,,,,
2015-01-31,XAL,PM2.5,2,0.0,,,,,,,
2015-01-31,XAL,PMCO,2,0.0,,,,,,,
2015-01-31,XAL,SO2,1,560.0,6.423214285714286,7.41061200776768,0.0,2.0,3.0,8.0,50.0
2015-02-28,ACO,CO,15,538.0,0.3466542750929361,0.19490234242370713,0.1,0.2,0.3,0.4,1.0
2015-02-28,ACO,NO,1,226.0,8.761061946902656,11.858254948465747,1.0,2.0,4.0,10.75,73.0
2015-02-28,ACO,NO2,1,226.0,13.517699115044248,6.670808447936862,2.0,7.25,14.0,18.75,39.0
2015-02-28,ACO,NOX,1,226.0,22.29646017699115,16.070557919948115,3.0,10.0,19.0,28.0,87.0
2015-02-28,ACO,O3,1,538.0,30.732342007434944,25.09169245505327,1.0,8.0,26.0,48.75,133.0
2015-02-28,ACO,PM10,2,546.0,47.672161172161175,22.98999849754443,7.0,32.0,43.0,59.0,208.0
2015-02-28,ACO,SO2,1,538.0,1.7843866171003717,3.0092931319143696,0.0,0.0,1.0,2.0,29.0
2015-02-28,AJM,CO,15,578.0,0.5596885813148786,0.29593064420211695,0.1,0.3,0.5,0.7,1.8
2015-02-28,AJM,NO,1,577.0,7.259965337954939,11.130460987953372,0.0,1.0,2.0,8.0,90.0
2015-02-28,AJM,NO2,1,577.0,21.35008665511265,13.265143501317036,2.0,11.0,20.0,28.0,74.0
2015-02-28,AJM,NOX,1,577.0,28.641247833622185,21.433470154985454,2.0,12.0,24.0,38.0,130.0
2015-02-28,AJM,O3,1,577.0,39.36915077989602,24.538602344199226,2.0,21.0,35.0,52.0,132.0
2015-02-28,AJM,PM10,2,576.0,36.345486111111114,20.386792325633348,3.0,22.0,32.0,47.0,108.0
2015-02-28,AJM,PM2.5,2,576.0,19.29513888888889,13.32782812072015,1.0,10.0,16.0,24.0,82.0
2015-02-28,AJM,PMCO,2,576.0,17.036458333333332,9.653315211118802,2.0,9.0,15.0,23.0,62.0
2015-02-28,AJM,SO2,1,578.0,3.1089965397923875,4.252052867033005,0.0,1.0,1.0,4.0,30.0
2015-02-28,AJU,O3,1,547.0,35.877513711151735,26.241440028310702,4.0,14.0,28.0,53.0,117.0
2015-02-28,ATI,CO,15,631.0,0.7342313787638666,0.5080941704658983,0.1,0.4,0.6,0.9,3.1
2015-02-28,ATI,NO,1,632.0,20.189873417721518,31.142869368504915,1.0,3.0,7.0,23.0,212.0
2015-02-28,ATI,NO2,1,632.0,24.86392405063291,12.166716795120585,4.0,16.0,23.0,31.0,79.0
2015-02-28,ATI,NOX,1,632.0,45.06012658227848,38.21574660702015,5.0,20.0,31.0,55.0,240.0
2015-02-28,ATI,O3,1,632.0,26.47626582278481,23.447065647115213,1.0,6.0,19.0,42.25,103.0
2015-02-28,ATI,PM10,2,630.0,48.06190476190476,29.63896657726682,1.0,28.0,42.0,62.0,201.0
2015-02-28,ATI,SO2,1,630.0,5.56031746031746,8.640056079473732,0.0,1.0,3.0,6.0,88.0
2015-02-28,CAM,CO,15,551.0,0.8758620689655167,0.6203942522405942,0.2,0.4,0.7,1.1,3.5
2015-02-28,CAM,NO,1,551.0,36.6442831215971,51.73221748918931,1.0,6.0,13.0,43.0,305.0
2015-02-28,CAM,NO2,1,551.0,35.03629764065336,14.753321601172143,7.0,25.0,34.0,43.0,96.0
2015-02-28,CAM,NOX,1,551.0,71.67332123411978,59.749221338739765,10.0,31.0,50.0,88.0,358.0
2015-02-28,CAM,O3,1,551.0,23.878402903811253,24.86124596433556,1.0,3.0,13.0,42.0,105.0
2015-02-28,CAM,PM10,2,639.0,50.8622848200313,24.68274818763704,6.0,32.0,47.0,64.0,154.0
2015-02-28,CAM,PM2.5,2,639.0,26.779342723004696,13.918925982551556,2.0,16.0,24.0,35.0,95.0
2015-02-28,CAM,PMCO,2,639.0,24.06885758998435,15.115696458114563,1.0,14.0,21.0,29.0,130.0
2015-02-28,CAM,SO2,1,549.0,5.706739526411657,7.704130215612287,0.0,2.0,3.0,6.0,81.0
2015-02-28,CCA,CO,15,633.0,0.7172195892575041,0.4364382350727015,0.1,0.4,0.6,0.9,2.9
2015-02-28,CCA,NO,1,633.0,20.325434439178515,32.64919408220682,0.0,2.0,6.0,25.0,209.0
2015-02-28,CCA,NO2,1,633.0,29.97314375987362,13.575069261305341,3.0,20.0,28.0,37.0,94.0
2015-02-28,CCA,NOX,1,633.0,50.34123222748815,39.081104685204615,4.0,25.0,38.0,63.0,234.0
2015-02-28,CCA,O3,1,633.0,27.42812006319115,28.225330313426255,1.0,4.0,17.0,44.0,134.0
2015-02-28,CCA,PM2.5,2,640.0,18.065625,9.615067380706385,1.0,12.0,17.0,22.0,68.0
2015-02-28,CCA,SO2,1,633.0,3.3001579778830963,4.448895820946621,0.0,1.0,2.0,4.0,39.0
2015-02-28,CHO,CO,15,0.0,,,,,,,
2015-02-28,CHO,NO,1,0.0,,,,,,,
2015-02-28,CHO,NO2,1,0.0,,,,,,,
2015-02-28,CHO,NOX,1,0.0,,,,,,,
2015-02-28,CHO,O3,1,153.0,22.444444444444443,20.07711740451935,1.0,4.0,17.0,38.0,73.0
2015-02-28,CHO,PM10,2,616.0,63.97077922077922,38.50223251949582,2.0,37.0,56.5,85.0,256.0
2015-02-28,CHO,SO2,1,632.0,2.0300632911392404,2.0610449234923216,0.0,1.0,1.0,2.0,18.0
2015-02-28,COY,NO,1,0.0,,,,,,,
2015-02-28,COY,NO2,1,0.0,,,,,,,
2015-02-28,COY,NOX,1,0.0,,,,,,,
2015-02-28,COY,O3,1,584.0,26.878424657534246,27.087064002564887,2.0,4.0,16.0,44.0,129.0
2015-02-28,COY,PM2.5,2,580.0,27.251724137931035,17.68752222947209,2.0,14.0,23.0,34.0,96.0
2015-02-28,CUA,CO,15,632.0,0.45268987341772166,0.31980438557342666,0.0,0.3,0.4,0.5,2.3
2015-02-28,CUA,NO,1,632.0,12.819620253164556,21.790074533868367,0.0,2.0,5.0,13.0,202.0
2015-02-28,CUA,NO2,1,632.0,21.876582278481013,12.994596793606247,0.0,12.0,19.0,30.0,78.0
2015-02-28,CUA,NOX,1,632.0,34.68987341772152,30.533066827179585,0.0,15.0,24.0,44.0,246.0
2015-02-28,CUA,O3,1,387.0,33.60206718346253,22.93868366212226,1.0,17.5,31.0,45.0,115.0
2015-02-28,CUA,PM10,2,388.0,37.66752577319588,19.10572453851078,4.0,25.0,35.0,45.25,106.0
2015-02-28,CUA,SO2,1,632.0,3.5427215189873418,5.19216258682553,0.0,1.0,2.0,3.0,36.0
2015-02-28,CUT,NO,1,634.0,28.22397476340694,40.93234497388313,1.0,2.0,8.0,38.0,263.0
2015-02-28,CUT,NO2,1,634.0,21.641955835962143,10.428552067395318,3.0,14.0,21.0,28.0,62.0
2015-02-28,CUT,NOX,1,634.0,49.88485804416404,46.085444968813086,5.0,17.0,33.0,68.75,299.0
2015-02-28,CUT,O3,1,634.0,18.181388012618296,17.21989280857867,2.0,2.0,13.0,31.0,64.0
2015-02-28,CUT,PM10,2,595.0,68.38991596638655,42.99478355908527,6.0,38.0,57.0,88.0,427.0
2015-02-28,CUT,SO2,1,634.0,4.6198738170347005,7.290993989092419,0.0,1.0,2.0,4.0,58.0
2015-02-28,FAC,CO,15,633.0,0.8813586097946274,0.6933910795745114,0.1,0.4,0.6,1.1,4.3
2015-02-28,FAC,NO,1,633.0,33.43285939968404,49.57581772761323,0.0,6.0,13.0,37.0,315.0
2015-02-28,FAC,NO2,1,633.0,28.902053712480253,13.584121835023259,4.0,19.0,27.0,35.0,86.0
2015-02-28,FAC,NOX,1,633.0,61.8609794628752,55.75451628117666,5.0,26.0,41.0,75.0,337.0
2015-02-28,FAC,O3,1,635.0,26.57007874015748,22.94059092828475,2.0,7.0,20.0,40.0,106.0
2015-02-28,FAC,PM10,2,613.0,48.96574225122349,30.01002775182796,2.0,27.0,45.0,65.0,216.0
2015-02-28,FAC,SO2,1,635.0,6.522834645669291,7.393237904701645,1.0,3.0,4.0,7.0,59.0
2015-02-28,HGM,CO,15,636.0,0.9020440251572326,0.46334515079732475,0.3,0.6,0.8,1.1,3.2
2015-02-28,HGM,NO,1,633.0,24.1216429699842,33.504855908484046,0.0,4.0,10.0,31.0,247.0
2015-02-28,HGM,NO2,1,633.0,34.96998420221169,13.959731287755229,8.0,24.0,34.0,43.0,87.0
2015-02-28,HGM,NOX,1,633.0,59.1042654028436,41.03666773589393,8.0,29.0,47.0,77.0,294.0
2015-02-28,HGM,O3,1,636.0,20.117924528301888,20.439969939280843,1.0,3.0,13.0,32.25,94.0
2015-02-28,HGM,PM10,2,537.0,60.42271880819367,27.10245358552404,7.0,41.0,56.0,75.0,154.0
2015-02-28,HGM,PM2.5,2,537.0,30.4171322160149,17.652880318846442,1.0,18.0,27.0,39.0,105.0
2015-02-28,HGM,PMCO,2,537.0,30.00372439478585,15.258469176997814,4.0,20.0,28.0,37.0,126.0
2015-02-28,HGM,SO2,1,636.0,5.011006289308176,6.309712917084549,1.0,2.0,3.0,5.0,65.0
2015-02-28,IZT,CO,15,628.0,1.148885350318471,0.6201934407101365,0.4,0.7,1.0,1.4,4.2
2015-02-28,IZT,NO,1,628.0,29.340764331210192,39.509897745116206,1.0,5.0,12.0,38.0,260.0
2015-02-28,IZT,NO2,1,628.0,35.80095541401274,14.155443688121485,7.0,26.0,34.0,44.0,90.0
2015-02-28,IZT,NOX,1,628.0,65.15127388535032,46.60257553206173,10.0,32.0,51.0,85.25,300.0
2015-02-28,IZT,O3,1,628.0,26.840764331210192,27.49139567967514,3.0,4.0,15.0,45.0,134.0
2015-02-28,IZT,PM10,2,638.0,41.594043887147336,17.995283586123648,6.0,29.0,39.5,51.0,122.0
2015-02-28,IZT,SO2,1,628.0,5.019108280254777,6.355719359880363,0.0,2.0,3.0,5.0,60.0
2015-02-28,LLA,CO,15,0.0,,,,,,,
2015-02-28,LLA,NO,1,627.0,33.314194577352474,52.27118253332068,1.0,4.0,11.0,35.0,295.0
2015-02-28,LLA,NO2,1,627.0,26.106858054226475,10.994032690914317,3.0,18.0,26.0,32.0,68.0
2015-02-28,LLA,NOX,1,627.0,59.44019138755981,57.23147477355134,5.0,23.0,40.0,71.0,320.0
2015-02-28,LLA,O3,1,627.0,24.496012759170654,24.836935934861692,1.0,3.0,16.0,41.0,121.0
2015-02-28,LLA,SO2,1,627.0,5.0637958532695375,10.277884082992633,0.0,1.0,2.0,4.0,107.0
2015-02-28,LPR,CO,15,0.0,,,,,,,
2015-02-28,LPR,NO,1,0.0,,,,,,,
2015-02-28,LPR,NO2,1,0.0,,,,,,,
2015-02-28,LPR,NOX,1,0.0,,,,,,,
2015-02-28,LPR,O3,1,0.0,,,,,,,
2015-02-28,LPR,SO2,1,0.0,,,,,,,
2015-02-28,MER,CO,15,628.0,1.1933121019108286,0.6296145891147986,0.3,0.7,1.0,1.5,4.7
2015-02-28,MER,NO,1,0.0,,,,,,,
2015-02-28,MER,NO2,1,0.0,,,,,,,
2015-02-28,MER,NOX,1,0.0,,,,,,,
2015-02-28,MER,O3,1,628.0,22.297770700636942,25.810168145738466,0.0,2.0,10.0,39.0,139.0
2015-02-28,MER,PM10,2,620.0,53.10967741935484,26.698052603511066,7.0,36.0,48.0,66.0,281.0
2015-02-28,MER,PM2.5,2,620.0,27.517741935483873,15.402452694699475,1.0,16.0,25.0,37.25,90.0
2015-02-28,MER,PMCO,2,620.0,25.608064516129033,19.42949474479031,1.0,14.0,21.0,33.0,276.0
2015-02-28,MER,SO2,1,628.0,5.444267515923567,6.760077168365784,0.0,2.0,3.0,6.0,63.0
2015-02-28,MGH,CO,15,628.0,0.7777070063694258,0.4737914165139717,0.1,0.4,0.7,1.0,3.3
2015-02-28,MGH,NO,1,633.0,36.984202211690366,51.32004077821875,1.0,6.0,14.0,48.0,396.0
2015-02-28,MGH,NO2,1,633.0,32.06477093206951,13.564446756494954,6.0,23.0,31.0,40.0,92.0
2015-02-28,MGH,NOX,1,633.0,69.0695102685624,57.299387817164394,9.0,30.0,51.0,87.0,443.0
2015-02-28,MGH,O3,1,635.0,23.653543307086615,24.826266349012542,0.0,3.0,15.0,37.0,107.0
2015-02-28,MGH,PM10,2,638.0,39.2539184952978,18.42387985274848,6.0,26.0,36.0,50.0,109.0
2015-02-28,MGH,PM2.5,2,638.0,22.771159874608152,12.887911251377362,2.0,14.0,20.0,29.0,83.0
2015-02-28,MGH,PMCO,2,638.0,16.474921630094045,8.658087456724562,2.0,10.0,16.0,21.0,95.0
2015-02-28,MGH,SO2,1,635.0,3.4488188976377954,4.846066832468661,0.0,1.0,2.0,4.0,36.0
2015-02-28,MON,CO,15,0.0,,,,,,,
2015-02-28,MON,NO,1,384.0,20.497395833333332,41.845731769823885,1.0,2.0,3.0,18.25,302.0
2015-02-28,MON,NO2,1,384.0,16.606770833333332,9.300835527170726,2.0,9.0,16.0,22.0,48.0
2015-02-28,MON,NOX,1,384.0,37.1328125,46.43747660935774,3.0,11.0,20.0,42.0,332.0
2015-02-28,MON,O3,1,0.0,,,,,,,
2015-02-28,MON,SO2,1,0.0,,,,,,,
2015-02-28,NEZ,CO,15,632.0,0.8267405063291127,0.5377037599898219,0.1,0.5,0.7,1.0,4.1
2015-02-28,NEZ,NO,1,630.0,18.146031746031746,27.494603172691814,0.0,3.0,7.0,23.0,195.0
2015-02-28,NEZ,NO2,1,630.0,30.479365079365078,12.537589379540677,8.0,21.0,30.0,38.0,75.0
2015-02-28,NEZ,NOX,1,630.0,48.596825396825395,34.330054079731944,10.0,23.0,39.0,61.0,235.0
2015-02-28,NEZ,O3,1,632.0,27.556962025316455,26.65682446574619,0.0,5.0,18.0,45.0,128.0
2015-02-28,NEZ,PM2.5,2,633.0,24.826224328593998,12.986658482388934,4.0,16.0,22.0,30.0,84.0
2015-02-28,NEZ,SO2,1,632.0,3.545886075949367,6.015651706813,0.0,1.0,2.0,3.0,61.0
2015-02-28,PED,CO,15,633.0,0.4173775671406002,0.33477001070225876,0.0,0.2,0.3,0.6,2.0
2015-02-28,PED,NO,1,631.0,14.288431061806657,21.665403096735837,1.0,2.0,5.0,16.0,175.0
2015-02-28,PED,NO2,1,631.0,27.835182250396198,14.242171837792439,4.0,17.0,27.0,36.0,90.0
2015-02-28,PED,NOX,1,631.0,42.12678288431062,30.834011765232564,5.0,19.0,33.0,57.0,222.0
2015-02-28,PED,O3,1,633.0,30.725118483412324,26.62480078418706,0.0,10.0,22.0,45.0,124.0
2015-02-28,PED,PM10,2,395.0,50.10632911392405,26.146674050470775,8.0,31.0,43.0,65.0,153.0
2015-02-28,PED,PM2.5,2,395.0,24.536708860759493,15.473263146138311,3.0,15.0,20.0,29.0,91.0
2015-02-28,PED,PMCO,2,395.0,25.5873417721519,15.11443125810534,3.0,15.0,24.0,33.0,138.0
2015-02-28,PED,SO2,1,633.0,4.320695102685624,4.172676889894549,1.0,2.0,3.0,4.0,32.0
2015-02-28,SAG,CO,15,634.0,0.886750788643533,0.5833236830047236,0.2,0.5,0.7,1.1,4.0
2015-02-28,SAG,NO,1,634.0,27.097791798107256,40.58871540441897,0.0,4.0,10.0,31.0,263.0
2015-02-28,SAG,NO2,1,634.0,27.157728706624606,10.451439436856102,7.0,19.0,26.0,34.0,75.0
2015-02-28,SAG,NOX,1,634.0,54.25709779179811,45.16039683652877,8.0,24.25,40.0,66.0,292.0
2015-02-28,SAG,O3,1,634.0,25.2192429022082,24.557072360145277,1.0,4.0,18.0,41.0,123.0
2015-02-28,SAG,PM10,2,588.0,58.48809523809524,26.893471360483556,9.0,38.75,53.5,73.0,192.0
2015-02-28,SAG,PM2.5,2,588.0,25.756802721088434,14.70471553363885,1.0,16.0,23.0,33.0,142.0
2015-02-28,SAG,PMCO,2,588.0,32.70238095238095,18.73098884773794,5.0,21.0,29.0,40.0,153.0
2015-02-28,SAG,SO2,1,634.0,5.2066246056782335,8.145200098172383,0.0,2.0,3.0,5.0,91.0
2015-02-28,SFE,CO,15,0.0,,,,,,,
2015-02-28,SFE,NO,1,625.0,11.096,17.86641312487533,0.0,2.0,4.0,13.0,135.0
2015-02-28,SFE,NO2,1,625.0,24.1664,12.08136772695236,4.0,15.0,22.0,31.0,71.0
2015-02-28,SFE,NOX,1,625.0,35.272,25.7839818094242,5.0,18.0,27.0,45.0,174.0
2015-02-28,SFE,O3,1,627.0,29.98883572567783,22.6834347888061,1.0,13.0,24.0,41.0,110.0
2015-02-28,SFE,PM10,2,542.0,43.64575645756457,24.300414380736644,5.0,26.0,38.0,56.75,140.0
2015-02-28,SFE,PM2.5,2,542.0,20.612546125461254,14.96790371926727,1.0,10.0,16.0,26.0,78.0
2015-02-28,SFE,PMCO,2,542.0,23.042435424354245,13.724381207511472,3.0,13.0,20.0,31.0,124.0
2015-02-28,SFE,SO2,1,0.0,,,,,,,
2015-02-28,SJA,CO,15,634.0,0.7746056782334388,0.627667956688855,0.0,0.4,0.6,1.0,4.6
2015-02-28,SJA,NO,1,540.0,36.96296296296296,54.652847049792136,0.0,3.0,11.0,51.25,328.0
2015-02-28,SJA,NO2,1,540.0,31.81111111111111,12.522242424957776,8.0,24.0,31.0,39.0,75.0
2015-02-28,SJA,NOX,1,540.0,68.77962962962962,59.02065258995852,11.0,29.0,48.0,87.25,360.0
2015-02-28,SJA,O3,1,634.0,25.944794952681388,28.191431698406422,1.0,2.0,14.0,44.0,140.0
2015-02-28,SJA,PM2.5,2,616.0,21.300324675324674,9.988240234588142,1.0,14.0,21.0,28.0,61.0
2015-02-28,SJA,SO2,1,634.0,4.818611987381703,4.822298845866445,1.0,2.0,3.0,6.0,35.0
2015-02-28,SUR,CO,15,635.0,1.0532283464566925,0.5641510216426513,0.2,0.7,0.9,1.3,4.1
2015-02-28,SUR,NO,1,635.0,22.892913385826773,34.264942815763895,0.0,3.0,8.0,27.5,274.0
2015-02-28,SUR,NO2,1,635.0,29.908661417322836,13.632785586320738,4.0,21.0,29.0,37.0,85.0
2015-02-28,SUR,NOX,1,635.0,52.79055118110236,40.71612782612234,7.0,26.0,41.0,69.0,301.0
2015-02-28,SUR,O3,1,635.0,27.107086614173227,28.2489696668767,0.0,3.0,17.0,43.0,132.0
2015-02-28,SUR,PM10,2,617.0,43.703403565640194,22.974884750658187,1.0,26.0,41.0,57.0,134.0
2015-02-28,SUR,SO2,1,584.0,3.791095890410959,5.301301451690731,0.0,1.0,2.0,4.0,46.0
2015-02-28,TAH,CO,15,633.0,0.4565560821484999,0.39155502276561327,0.0,0.2,0.4,0.6,2.6
2015-02-28,TAH,NO,1,628.0,9.885350318471337,18.826571250351076,1.0,2.0,3.0,9.0,156.0
2015-02-28,TAH,NO2,1,628.0,21.1671974522293,12.01921934239092,2.0,11.0,21.0,29.0,77.0
2015-02-28,TAH,NOX,1,628.0,31.063694267515924,25.391463114397173,4.0,14.0,26.0,40.0,183.0
2015-02-28,TAH,O3,1,633.0,33.63823064770932,27.112522061966896,2.0,11.0,26.0,49.0,132.0
2015-02-28,TAH,PM10,2,552.0,49.875,29.125561303331473,1.0,29.0,46.0,65.0,221.0
2015-02-28,TAH,SO2,1,632.0,3.4050632911392404,2.9129754524333293,1.0,2.0,2.0,3.0,27.0
2015-02-28,TLA,CO,15,623.0,0.9529695024077042,0.541422454270245,0.3,0.6,0.8,1.2,3.9
2015-02-28,TLA,NO,1,469.0,37.92537313432836,49.88457591939097,1.0,9.0,17.0,44.0,319.0
2015-02-28,TLA,NO2,1,469.0,34.2409381663113,14.446613626445801,8.0,24.0,32.0,42.0,101.0
2015-02-28,TLA,NOX,1,469.0,72.12579957356077,57.339027330274504,13.0,35.0,51.0,88.0,379.0
2015-02-28,TLA,O3,1,623.0,21.63242375601926,23.328109296388735,0.0,3.0,12.0,36.0,103.0
2015-02-28,TLA,PM10,2,293.0,55.40273037542662,27.27262651273397,9.0,36.0,51.0,69.0,182.0
2015-02-28,TLA,PM2.5,2,293.0,25.77815699658703,14.02841785628765,2.0,16.0,24.0,33.0,81.0
2015-02-28,TLA,PMCO,2,293.0,29.607508532423207,17.425758712794575,4.0,19.0,26.0,36.0,165.0
2015-02-28,TLA,SO2,1,623.0,7.74959871589085,10.457150156163562,1.0,2.0,4.0,9.0,132.0
2015-02-28,TLI,CO,15,630.0,0.7582539682539685,0.516395849205277,0.1,0.4,0.6,1.0,3.8
2015-02-28,TLI,NO,1,630.0,25.46825396825397,34.69963931123312,1.0,5.0,10.0,32.0,249.0
2015-02-28,TLI,NO2,1,630.0,29.823809523809523,12.822838506830148,6.0,20.0,30.0,38.0,82.0
2015-02-28,TLI,NOX,1,630.0,55.285714285714285,42.20791469244287,9.0,26.0,44.0,71.75,295.0
2015-02-28,TLI,O3,1,630.0,15.87936507936508,15.092762020750039,1.0,2.0,10.5,27.0,65.0
2015-02-28,TLI,PM10,2,596.0,57.508389261744966,35.56140288121594,1.0,32.0,51.0,76.0,308.0
2015-02-28,TLI,SO2,1,605.0,6.745454545454545,12.869492649658051,0.0,1.0,3.0,7.0,172.0
2015-02-28,TPN,NO,1,536.0,11.162313432835822,12.566152336517602,0.0,3.0,7.0,15.0,69.0
2015-02-28,TPN,NO2,1,536.0,19.759328358208954,13.508042143060868,2.0,9.0,17.0,27.0,85.0
2015-02-28,TPN,NOX,1,536.0,30.949626865671643,23.030887018737612,2.0,13.0,24.0,42.0,154.0
2015-02-28,TPN,O3,1,536.0,33.86940298507463,24.519717726758515,2.0,16.0,26.5,45.25,127.0
2015-02-28,TPN,SO2,1,536.0,1.8656716417910448,2.5061898542283845,0.0,0.0,1.0,2.0,17.0
2015-02-28,UAX,CO,15,518.0,0.705405405405405,0.40947403368800905,0.1,0.4,0.6,0.9,2.6
2015-02-28,UAX,NO,1,630.0,17.103174603174605,27.966829479119372,0.0,2.0,4.0,20.75,209.0
2015-02-28,UAX,NO2,1,630.0,26.322222222222223,13.455076812609047,3.0,16.25,25.0,33.0,80.0
2015-02-28,UAX,NOX,1,630.0,43.426984126984124,34.84884784289849,4.0,18.0,33.0,56.75,237.0
2015-02-28,UAX,O3,1,631.0,29.84152139461173,29.404247402386137,0.0,5.0,21.0,48.0,138.0
2015-02-28,UAX,PM2.5,2,613.0,22.199021207177815,12.811333282617678,1.0,14.0,20.0,28.0,83.0
2015-02-28,UAX,SO2,1,631.0,3.462757527733756,4.62479082356692,0.0,1.0,2.0,4.0,55.0
2015-02-28,UIZ,CO,15,601.0,0.8831946755407646,0.5556981588101011,0.2,0.5,0.7,1.1,3.5
2015-02-28,UIZ,NO,1,601.0,23.502495840266224,38.278415289739044,0.0,2.0,7.0,28.0,278.0
2015-02-28,UIZ,NO2,1,601.0,32.72379367720466,15.355788797193936,4.0,21.0,32.0,42.0,87.0
2015-02-28,UIZ,NOX,1,601.0,56.219633943427624,47.02738578600538,5.0,24.0,42.0,73.0,322.0
2015-02-28,UIZ,O3,1,601.0,27.329450915141432,27.31766122001178,1.0,4.0,16.0,46.0,127.0
2015-02-28,UIZ,PM10,2,601.0,57.011647254575706,25.18024749908871,5.0,40.0,54.0,71.0,140.0
2015-02-28,UIZ,PM2.5,2,601.0,27.35108153078203,16.5890989205263,1.0,16.0,24.0,35.0,104.0
2015-02-28,UIZ,PMCO,2,601.0,29.630615640599,14.23352829719402,2.0,21.0,27.0,37.0,122.0
2015-02-28,UIZ,SO2,1,509.0,4.927308447937132,5.9618720327584604,1.0,2.0,3.0,5.0,42.0
2015-02-28,VIF,CO,15,631.0,0.6331220285261493,0.39612758407258225,0.1,0.3,0.5,0.9,2.4
2015-02-28,VIF,NO,1,629.0,19.950715421303656,28.072287039829742,0.0,2.0,6.0,29.0,189.0
2015-02-28,VIF,NO2,1,629.0,23.28139904610493,11.062445247540879,4.0,14.0,23.0,31.0,62.0
2015-02-28,VIF,NOX,1,629.0,43.211446740858506,34.28809373453406,5.0,16.0,33.0,61.0,217.0
2015-02-28,VIF,O3,1,631.0,22.973058637083994,22.31451026235931,1.0,2.0,17.0,39.5,95.0
2015-02-28,VIF,PM10,2,625.0,71.6384,39.423088835520396,4.0,42.0,64.0,93.0,335.0
2015-02-28,VIF,SO2,1,631.0,6.8272583201267825,13.188268666044381,0.0,2.0,3.0,6.0,114.0
2015-02-28,XAL,CO,15,634.0,1.266561514195584,0.834855895749776,0.4,0.7,1.0,1.5,5.1
2015-02-28,XAL,NO,1,634.0,49.238170347003155,64.47205741135038,2.0,10.0,20.0,58.0,357.0
2015-02-28,XAL,NO2,1,634.0,35.353312302839115,13.91674965934312,9.0,26.0,33.0,43.0,88.0
2015-02-28,XAL,NOX,1,634.0,84.60567823343848,70.77936056788499,12.0,36.25,59.0,104.0,411.0
2015-02-28,XAL,O3,1,630.0,18.733333333333334,17.261442369825442,1.0,3.0,14.0,32.0,80.0
2015-02-28,XAL,PM10,2,0.0,,,,,,,
2015-02-28,XAL,PM2.5,2,0.0,,,,,,,
2015-02-28,XAL,PMCO,2,0.0,,,,,,,
2015-02-28,XAL,SO2,1,635.0,5.511811023622047,5.216852910136352,1.0,2.0,4.0,7.0,31.0
2015-03-31,ACO,CO,15,698.0,0.2138968481375351,0.1484264696442513,0.0,0.1,0.2,0.3,0.9
2015-03-31,ACO,NO,1,654.0,7.108562691131499,11.163225288858754,0.0,1.0,2.0,8.0,120.0
2015-03-31,ACO,NO2,1,654.0,12.296636085626911,5.80890858839625,2.0,8.0,12.0,16.0,45.0
2015-03-31,ACO,NOX,1,654.0,19.406727828746178,14.777357912953338,3.0,10.0,15.0,24.0,139.0
2015-03-31,ACO,O3,1,698.0,30.777936962750715,22.351585445364154,1.0,12.0,28.0,45.0,116.0
2015-03-31,ACO,PM10,2,701.0,33.85592011412268,22.291652759706373,1.0,19.0,29.0,44.0,177.0
2015-03-31,ACO,SO2,1,698.0,1.7106017191977076,2.090334917622187,0.0,1.0,1.0,2.0,19.0
2015-03-31,AJM,CO,15,653.0,0.5107197549770292,0.21580553090801874,0.2,0.3,0.5,0.6,1.2
2015-03-31,AJM,NO,1,648.0,4.87037037037037,7.135811151506935,0.0,1.0,2.0,5.0,54.0
2015-03-31,AJM,NO2,1,648.0,14.726851851851851,8.8221875673868,1.0,8.0,13.0,21.0,47.0
2015-03-31,AJM,NOX,1,648.0,19.617283950617285,14.073283930445825,1.0,9.0,15.0,26.0,82.0
2015-03-31,AJM,O3,1,654.0,36.75076452599389,22.756597906234976,2.0,21.0,32.0,46.0,116.0
2015-03-31,AJM,PM10,2,630.0,27.376190476190477,18.040399939567816,3.0,13.0,24.0,37.0,122.0
2015-03-31,AJM,PM2.5,2,630.0,15.392063492063492,10.047436006167393,1.0,8.0,13.0,20.0,64.0
2015-03-31,AJM,PMCO,2,630.0,11.971428571428572,10.90860176881227,1.0,5.0,9.0,16.0,106.0
2015-03-31,AJM,SO2,1,655.0,1.5618320610687022,2.1372070865442234,0.0,0.0,1.0,2.0,14.0
2015-03-31,AJU,O3,1,602.0,30.93687707641196,22.829528173408907,2.0,13.0,27.0,42.0,111.0
2015-03-31,ATI,CO,15,696.0,0.6257183908045981,0.4107715863125434,0.1,0.4,0.5,0.7,2.9
2015-03-31,ATI,NO,1,533.0,18.307692307692307,27.51812589453091,1.0,3.0,6.0,20.0,176.0
2015-03-31,ATI,NO2,1,533.0,22.9812382739212,10.46510603522283,6.0,15.0,21.0,29.0,63.0
2015-03-31,ATI,NOX,1,533.0,41.29643527204503,32.87653947986443,7.0,19.0,31.0,49.0,202.0
2015-03-31,ATI,O3,1,696.0,26.69683908045977,25.686517277558796,2.0,6.0,18.0,38.0,124.0
2015-03-31,ATI,PM10,2,705.0,36.89078014184397,28.121049976935215,1.0,18.0,31.0,49.0,189.0
2015-03-31,ATI,SO2,1,653.0,2.549770290964778,3.360185610913624,0.0,1.0,1.0,3.0,26.0
2015-03-31,CAM,CO,15,698.0,0.8113180515759308,0.4736387841353695,0.2,0.5,0.7,0.9,3.4
2015-03-31,CAM,NO,1,698.0,27.89971346704871,38.77794230100407,2.0,6.0,12.0,30.0,268.0
2015-03-31,CAM,NO2,1,698.0,31.879656160458453,11.67296420903293,7.0,24.0,31.0,38.0,83.0
2015-03-31,CAM,NOX,1,698.0,59.75214899713467,44.41609247605499,12.0,31.0,47.0,69.75,309.0
2015-03-31,CAM,O3,1,698.0,23.951289398280803,26.28795251445992,1.0,3.0,14.0,36.75,131.0
2015-03-31,CAM,PM10,2,707.0,42.82178217821782,24.108981333837388,4.0,25.0,38.0,56.0,200.0
2015-03-31,CAM,PM2.5,2,707.0,24.53041018387553,13.565709153806717,1.0,15.0,22.0,32.0,86.0
2015-03-31,CAM,PMCO,2,707.0,18.26025459688826,15.300026530470618,1.0,9.0,14.0,23.0,179.0
2015-03-31,CAM,SO2,1,697.0,4.4103299856527975,6.0177712900208125,0.0,1.0,2.0,4.0,54.0
2015-03-31,CCA,CO,15,686.0,0.6371720116618083,0.31167574789939584,0.2,0.4,0.6,0.8,1.9
2015-03-31,CCA,NO,1,686.0,12.884839650145773,20.291521451605483,0.0,2.0,4.0,15.0,146.0
2015-03-31,CCA,NO2,1,686.0,22.456268221574344,10.255010386357608,3.0,15.0,21.0,29.0,62.0
2015-03-31,CCA,NOX,1,686.0,35.31049562682216,25.871125421150783,5.0,18.0,28.0,44.0,181.0
2015-03-31,CCA,O3,1,686.0,27.246355685131196,27.760323676808714,1.0,6.0,19.0,37.75,154.0
2015-03-31,CCA,PM2.5,2,696.0,14.972701149425287,8.511395773727992,1.0,9.0,13.0,20.0,46.0
2015-03-31,CCA,SO2,1,686.0,2.1049562682215743,2.706694363545075,0.0,1.0,1.0,3.0,20.0
2015-03-31,CHO,CO,15,270.0,0.7674074074074073,0.27922612909914474,0.3,0.6,0.7,0.9,2.0
2015-03-31,CHO,NO,1,0.0,,,,,,,
2015-03-31,CHO,NO2,1,0.0,,,,,,,
2015-03-31,CHO,NOX,1,0.0,,,,,,,
2015-03-31,CHO,O3,1,270.0,26.096296296296295,21.775424937598746,1.0,6.0,21.5,40.0,84.0
2015-03-31,CHO,PM10,2,700.0,48.441428571428574,35.896341753975605,1.0,24.0,42.0,64.0,301.0
2015-03-31,CHO,SO2,1,694.0,1.393371757925072,1.4403029533842346,0.0,1.0,1.0,1.0,12.0
2015-03-31,COY,NO,1,248.0,18.044354838709676,20.972558907115896,2.0,4.0,8.0,23.0,112.0
2015-03-31,COY,NO2,1,248.0,24.903225806451612,9.692786545134155,8.0,18.0,24.0,30.0,66.0
2015-03-31,COY,NOX,1,248.0,42.935483870967744,26.289648502564702,11.0,23.0,36.0,55.0,143.0
2015-03-31,COY,O3,1,702.0,26.967236467236468,26.39311733323619,1.0,6.0,18.0,39.0,142.0
2015-03-31,COY,PM2.5,2,694.0,23.108069164265128,17.868967304091477,1.0,12.0,19.0,29.75,242.0
2015-03-31,CUA,CO,15,397.0,0.5397984886649887,0.21956789451270084,0.2,0.4,0.5,0.7,1.7
2015-03-31,CUA,NO,1,696.0,11.637931034482758,14.930571149487674,1.0,3.0,6.0,13.0,124.0
2015-03-31,CUA,NO2,1,696.0,22.083333333333332,10.675943957163634,4.0,14.0,21.0,28.0,64.0
2015-03-31,CUA,NOX,1,696.0,33.6867816091954,22.39886040237088,5.0,18.0,26.0,42.0,170.0
2015-03-31,CUA,O3,1,654.0,31.96177370030581,26.696640884602886,1.0,14.0,26.0,41.75,160.0
2015-03-31,CUA,PM10,2,636.0,29.86635220125786,20.620899112694318,1.0,15.0,24.5,40.0,129.0
2015-03-31,CUA,SO2,1,416.0,2.2572115384615383,2.3712527142128352,0.0,1.0,1.0,3.0,19.0
2015-03-31,CUT,NO,1,690.0,18.159420289855074,29.59789698939187,0.0,2.0,5.0,21.0,222.0
2015-03-31,CUT,NO2,1,690.0,20.74927536231884,10.155798292189631,4.0,13.25,20.0,26.0,65.0
2015-03-31,CUT,NOX,1,690.0,38.88695652173913,34.44435959624165,5.0,16.0,28.0,49.75,244.0
2015-03-31,CUT,O3,1,691.0,20.81765557163531,17.28369528230673,1.0,5.0,17.0,31.5,74.0
2015-03-31,CUT,PM10,2,686.0,54.09037900874635,40.34400246676849,1.0,27.0,46.0,70.75,286.0
2015-03-31,CUT,SO2,1,691.0,4.0390738060781475,6.3649794798257675,0.0,1.0,2.0,4.0,50.0
2015-03-31,FAC,CO,15,691.0,0.8458755426917511,0.5960932536915886,0.2,0.5,0.7,1.0,3.8
2015-03-31,FAC,NO,1,689.0,28.6255442670537,44.06844884666701,0.0,5.0,11.0,31.0,262.0
2015-03-31,FAC,NO2,1,689.0,27.043541364296082,12.577705784019104,7.0,18.0,25.0,33.0,89.0
2015-03-31,FAC,NOX,1,689.0,55.666182873730044,48.87512597469281,7.0,26.0,40.0,65.0,301.0
2015-03-31,FAC,O3,1,691.0,27.01736613603473,26.25288918831347,3.0,7.0,19.0,36.0,145.0
2015-03-31,FAC,PM10,2,696.0,40.19683908045977,30.323959068553926,1.0,19.0,32.0,56.0,207.0
2015-03-31,FAC,SO2,1,691.0,3.866859623733719,3.7295823066015226,0.0,1.0,3.0,5.0,29.0
2015-03-31,HGM,CO,15,693.0,0.7539682539682545,0.3400560717568654,0.3,0.5,0.7,0.9,2.6
2015-03-31,HGM,NO,1,607.0,16.43657331136738,22.72962432381574,0.0,3.0,7.0,21.0,161.0
2015-03-31,HGM,NO2,1,607.0,29.080724876441515,11.380099914374462,6.0,22.0,28.0,35.0,81.0
2015-03-31,HGM,NOX,1,607.0,45.53047775947282,29.639951245529677,7.0,26.0,37.0,55.0,204.0
2015-03-31,HGM,O3,1,691.0,20.945007235890014,21.10456747991869,1.0,4.0,14.0,31.0,108.0
2015-03-31,HGM,PM10,2,690.0,44.0768115942029,26.94107231231631,2.0,24.0,40.0,59.0,264.0
2015-03-31,HGM,PM2.5,2,690.0,23.484057971014494,15.722757887356948,1.0,12.0,21.0,32.0,96.0
2015-03-31,HGM,PMCO,2,690.0,20.591304347826085,16.360894819145596,1.0,11.0,18.0,27.0,248.0
2015-03-31,HGM,SO2,1,693.0,3.538239538239538,4.224932303086002,1.0,1.0,2.0,4.0,35.0
2015-03-31,IZT,CO,15,698.0,0.9597421203438389,0.4454114110362396,0.4,0.7,0.8,1.1,3.0
2015-03-31,IZT,NO,1,674.0,20.98219584569733,28.7151244984777,0.0,5.0,9.0,25.0,183.0
2015-03-31,IZT,NO2,1,674.0,29.18545994065282,11.79340596396706,7.0,21.0,28.0,36.0,98.0
2015-03-31,IZT,NOX,1,674.0,50.146884272997035,35.240469999568,9.0,27.0,40.5,60.0,226.0
2015-03-31,IZT,O3,1,698.0,27.574498567335244,26.89238413294098,3.0,6.0,18.0,39.75,151.0
2015-03-31,IZT,PM10,2,687.0,32.97088791848617,18.18608933027711,1.0,21.0,30.0,42.0,154.0
2015-03-31,IZT,SO2,1,698.0,3.627507163323782,4.24891780676481,1.0,1.0,2.0,4.0,36.0
2015-03-31,LLA,CO,15,287.0,0.6498257839721258,0.38493252196421324,0.1,0.4,0.5,0.8,2.2
2015-03-31,LLA,NO,1,504.0,21.228174603174605,35.15947083652203,0.0,2.0,7.0,23.0,284.0
2015-03-31,LLA,NO2,1,504.0,24.11706349206349,9.945386979644733,5.0,16.75,24.0,30.0,57.0
2015-03-31,LLA,NOX,1,504.0,45.33531746031746,40.48459764919873,7.0,19.0,34.0,55.0,320.0
2015-03-31,LLA,O3,1,510.0,29.066666666666666,28.028673689428715,1.0,5.25,19.0,50.0,141.0
2015-03-31,LLA,SO2,1,222.0,7.518018018018018,10.71038484674032,1.0,2.0,4.0,7.0,55.0
2015-03-31,LPR,CO,15,236.0,0.6368644067796614,0.40227692198506004,0.0,0.3,0.5,0.9,2.1
2015-03-31,LPR,NO,1,0.0,,,,,,,
2015-03-31,LPR,NO2,1,0.0,,,,,,,
2015-03-31,LPR,NOX,1,0.0,,,,,,,
2015-03-31,LPR,O3,1,447.0,18.47427293064877,16.334470288120876,1.0,4.0,15.0,26.5,75.0
2015-03-31,LPR,SO2,1,220.0,1.65,1.423947179770466,0.0,1.0,1.0,2.0,9.0
2015-03-31,MER,CO,15,696.0,1.021264367816093,0.4498205675141338,0.4,0.7,0.9,1.2,3.7
2015-03-31,MER,NO,1,269.0,29.903345724907062,33.18455218455915,2.0,8.0,17.0,37.0,171.0
2015-03-31,MER,NO2,1,269.0,33.267657992565056,9.936501498608457,11.0,26.0,32.0,40.0,61.0
2015-03-31,MER,NOX,1,269.0,63.11524163568773,37.513949023041214,18.0,38.0,53.0,75.0,213.0
2015-03-31,MER,O3,1,697.0,24.621233859397417,26.03975755960029,1.0,4.0,16.0,36.0,147.0
2015-03-31,MER,PM10,2,701.0,42.71041369472183,23.865163313320725,3.0,26.0,38.0,55.0,199.0
2015-03-31,MER,PM2.5,2,701.0,23.105563480741797,13.436740054387428,1.0,13.0,21.0,30.0,113.0
2015-03-31,MER,PMCO,2,701.0,19.593437945791727,14.933621214970431,1.0,11.0,16.0,25.0,179.0
2015-03-31,MER,SO2,1,697.0,3.8335724533715925,4.583938476967087,0.0,1.0,2.0,4.0,35.0
2015-03-31,MGH,CO,15,664.0,0.6948795180722898,0.37834000836918996,0.2,0.4,0.6,0.8,3.0
2015-03-31,MGH,NO,1,666.0,26.17117117117117,37.561788423925464,1.0,6.0,11.0,31.0,405.0
2015-03-31,MGH,NO2,1,666.0,26.84084084084084,11.200236915400339,5.0,19.0,26.0,32.75,91.0
2015-03-31,MGH,NOX,1,666.0,53.0045045045045,42.94600538088685,8.0,26.0,40.0,64.0,439.0
2015-03-31,MGH,O3,1,666.0,23.262762762762762,25.53084575542384,0.0,4.0,14.0,33.0,134.0
2015-03-31,MGH,PM10,2,681.0,34.32452276064611,18.903364175765482,5.0,20.0,31.0,44.0,118.0
2015-03-31,MGH,PM2.5,2,681.0,20.251101321585903,11.450536955943354,1.0,12.0,18.0,25.0,73.0
2015-03-31,MGH,PMCO,2,681.0,14.055800293685756,10.616017281672267,1.0,7.0,11.0,18.0,94.0
2015-03-31,MGH,SO2,1,666.0,2.214714714714715,2.7661476145095665,0.0,1.0,1.0,3.0,17.0
2015-03-31,MON,CO,15,557.0,0.264811490125673,0.22081562838314434,0.0,0.1,0.2,0.3,1.6
2015-03-31,MON,NO,1,665.0,12.406015037593985,25.390159604238175,0.0,1.0,2.0,10.0,186.0
2015-03-31,MON,NO2,1,665.0,15.348872180451128,6.252838109121212,3.0,10.0,14.0,20.0,42.0
2015-03-31,MON,NOX,1,665.0,27.741353383458648,28.7380544272221,4.0,12.0,16.0,31.0,215.0
2015-03-31,MON,O3,1,0.0,,,,,,,
2015-03-31,MON,SO2,1,246.0,0.6788617886178862,0.8418397765555343,0.0,0.0,0.0,1.0,4.0
2015-03-31,NEZ,CO,15,694.0,0.6884726224783865,0.41589587750213586,0.1,0.4,0.6,0.8,3.1
2015-03-31,NEZ,NO,1,694.0,12.867435158501442,20.697289281441805,0.0,2.0,5.0,14.0,165.0
2015-03-31,NEZ,NO2,1,694.0,25.459654178674352,10.584121238490118,6.0,17.0,25.0,32.0,61.0
2015-03-31,NEZ,NOX,1,694.0,38.34005763688761,26.705700500947657,9.0,20.0,31.0,48.0,199.0
2015-03-31,NEZ,O3,1,694.0,27.263688760806918,25.940289548716418,0.0,7.0,20.0,40.0,140.0
2015-03-31,NEZ,PM2.5,2,704.0,17.758522727272727,13.984087118986443,1.0,10.0,16.0,22.0,232.0
2015-03-31,NEZ,SO2,1,694.0,2.110951008645533,3.1828492350420436,0.0,1.0,1.0,2.0,27.0
2015-03-31,PED,CO,15,690.0,0.3902898550724631,0.24761545526285197,0.0,0.2,0.3,0.5,1.5
2015-03-31,PED,NO,1,688.0,8.494186046511627,12.91591757667379,0.0,2.0,3.0,9.0,99.0
2015-03-31,PED,NO2,1,688.0,20.281976744186046,10.289357746759396,2.0,13.0,19.0,26.0,61.0
2015-03-31,PED,NOX,1,688.0,28.760174418604652,20.011620669818495,4.0,15.0,23.0,39.0,143.0
2015-03-31,PED,O3,1,698.0,30.769340974212035,27.20636540149928,1.0,11.0,23.0,41.0,149.0
2015-03-31,PED,PM10,2,607.0,36.98517298187809,24.390553903729906,2.0,17.0,32.0,51.0,144.0
2015-03-31,PED,PM2.5,2,607.0,18.616144975288304,12.273395640970975,1.0,9.0,16.0,25.0,66.0
2015-03-31,PED,PMCO,2,607.0,18.359143327841846,15.217222891586674,1.0,7.0,14.0,25.0,124.0
2015-03-31,PED,SO2,1,221.0,4.959276018099548,3.4553209850651116,1.0,3.0,4.0,6.0,18.0
2015-03-31,SAG,CO,15,698.0,0.7338108882521492,0.4486902077073513,0.2,0.5,0.6,0.8,3.4
2015-03-31,SAG,NO,1,651.0,18.262672811059907,27.960523901477423,0.0,4.0,8.0,20.5,189.0
2015-03-31,SAG,NO2,1,651.0,22.78494623655914,8.22434402089481,7.0,16.0,23.0,28.0,52.0
2015-03-31,SAG,NOX,1,651.0,41.015360983102916,31.981288913992472,8.0,21.0,31.0,50.0,241.0
2015-03-31,SAG,O3,1,698.0,25.836676217765042,25.743057207498858,1.0,6.0,18.0,39.0,144.0
2015-03-31,SAG,PM10,2,696.0,43.33045977011494,25.534290507683075,3.0,26.0,39.0,54.0,242.0
2015-03-31,SAG,PM2.5,2,696.0,20.653735632183906,10.975941662449332,1.0,12.0,19.0,27.0,68.0
2015-03-31,SAG,PMCO,2,696.0,22.676724137931036,19.519267844029304,1.0,12.0,17.0,28.0,224.0
2015-03-31,SAG,SO2,1,698.0,4.083094555873926,5.5783425897335395,0.0,2.0,2.0,4.0,45.0
2015-03-31,SFE,CO,15,136.0,0.4816176470588232,0.18824814430538928,0.2,0.3,0.5,0.6,1.0
2015-03-31,SFE,NO,1,134.0,10.544776119402986,16.861494895170967,0.0,1.0,3.5,11.0,93.0
2015-03-31,SFE,NO2,1,134.0,20.208955223880597,10.025587284742729,4.0,13.0,18.5,25.75,59.0
2015-03-31,SFE,NOX,1,134.0,30.753731343283583,22.55467427911685,7.0,15.0,23.0,37.75,120.0
2015-03-31,SFE,O3,1,644.0,30.830745341614907,27.35244739128013,0.0,11.0,23.0,40.0,158.0
2015-03-31,SFE,PM10,2,681.0,37.79001468428781,25.351092681516707,2.0,19.0,32.0,50.0,155.0
2015-03-31,SFE,PM2.5,2,681.0,17.879588839941263,13.62049311779405,1.0,8.0,15.0,24.0,83.0
2015-03-31,SFE,PMCO,2,681.0,19.933920704845814,15.980872134032325,1.0,8.0,16.0,27.0,111.0
2015-03-31,SFE,SO2,1,136.0,0.9926470588235294,1.8236971951765981,0.0,0.0,0.0,1.0,10.0
2015-03-31,SJA,CO,15,694.0,0.5371757925072039,0.45463916928395787,0.0,0.3,0.4,0.7,3.7
2015-03-31,SJA,NO,1,0.0,,,,,,,
2015-03-31,SJA,NO2,1,0.0,,,,,,,
2015-03-31,SJA,NOX,1,0.0,,,,,,,
2015-03-31,SJA,O3,1,694.0,27.243515850144092,28.242606097259763,2.0,4.0,17.0,40.0,158.0
2015-03-31,SJA,PM2.5,2,690.0,16.93623188405797,9.181542205730736,1.0,10.25,16.0,22.0,54.0
2015-03-31,SJA,SO2,1,694.0,3.361671469740634,3.2775022299582206,1.0,2.0,2.0,4.0,27.0
2015-03-31,SUR,CO,15,252.0,0.7722222222222228,0.4001272484627521,0.1,0.5,0.8,1.0,2.5
2015-03-31,SUR,NO,1,252.0,11.48015873015873,16.12685034241766,1.0,2.0,5.0,13.0,120.0
2015-03-31,SUR,NO2,1,252.0,25.5,10.689943891265584,7.0,17.75,24.0,32.0,57.0
2015-03-31,SUR,NOX,1,252.0,36.98809523809524,22.92069858117463,11.0,21.0,29.0,49.25,154.0
2015-03-31,SUR,O3,1,707.0,26.929278642149928,27.976175212262945,0.0,6.0,18.0,39.0,157.0
2015-03-31,SUR,PM10,2,696.0,31.277298850574713,23.876525340458965,1.0,16.0,25.5,41.0,240.0
2015-03-31,TAH,CO,15,680.0,0.3785294117647053,0.2511432751275137,0.0,0.2,0.3,0.5,1.8
2015-03-31,TAH,NO,1,686.0,5.9358600583090375,9.248647787733907,1.0,2.0,2.0,6.0,87.0
2015-03-31,TAH,NO2,1,686.0,14.422740524781341,9.047918278769421,2.0,7.0,12.0,21.0,47.0
2015-03-31,TAH,NOX,1,686.0,20.361516034985424,15.620702341440625,4.0,9.0,15.0,28.0,110.0
2015-03-31,TAH,O3,1,686.0,31.721574344023324,22.845268822905442,1.0,14.0,27.0,43.0,110.0
2015-03-31,TAH,PM10,2,668.0,33.16766467065868,26.34772724486581,1.0,14.0,28.0,46.25,253.0
2015-03-31,TAH,SO2,1,646.0,2.5309597523219813,1.800465402776373,0.0,2.0,2.0,3.0,16.0
2015-03-31,TLA,CO,15,698.0,0.904584527220631,0.4322131652877485,0.3,0.6,0.8,1.1,3.2
2015-03-31,TLA,NO,1,699.0,30.07296137339056,38.39485845940069,1.0,8.0,15.0,34.0,227.0
2015-03-31,TLA,NO2,1,699.0,31.510729613733904,11.89535735252477,6.0,23.5,31.0,37.0,83.0
2015-03-31,TLA,NOX,1,699.0,61.562231759656655,43.7681774422547,9.0,33.5,48.0,73.0,271.0
2015-03-31,TLA,O3,1,699.0,23.94420600858369,26.988505035674915,0.0,3.0,13.0,36.5,135.0
2015-03-31,TLA,PM10,2,680.0,46.73970588235294,25.324606251598297,5.0,28.0,43.0,61.0,156.0
2015-03-31,TLA,PM2.5,2,680.0,24.616176470588236,16.004455475875112,1.0,13.0,22.0,34.0,100.0
2015-03-31,TLA,PMCO,2,680.0,22.139705882352942,14.02993475155204,2.0,12.0,19.0,29.0,125.0
2015-03-31,TLA,SO2,1,699.0,5.659513590844063,6.14613865719279,1.0,2.0,4.0,6.0,42.0
2015-03-31,TLI,CO,15,690.0,0.6239130434782612,0.42759569292447225,0.0,0.4,0.5,0.8,3.2
2015-03-31,TLI,NO,1,690.0,19.465217391304346,29.895455606460295,1.0,4.0,7.0,21.0,215.0
2015-03-31,TLI,NO2,1,690.0,25.33478260869565,10.59120765355869,6.0,18.0,25.0,32.0,70.0
2015-03-31,TLI,NOX,1,690.0,44.766666666666666,35.926619159048684,10.0,23.0,33.0,53.0,263.0
2015-03-31,TLI,O3,1,683.0,22.799414348462665,23.184505385690006,0.0,4.0,16.0,35.0,119.0
2015-03-31,TLI,PM10,2,550.0,42.22545454545455,28.65427498205939,1.0,23.0,35.0,54.0,177.0
2015-03-31,TLI,SO2,1,634.0,4.356466876971608,6.69198649370413,0.0,1.0,2.0,4.75,73.0
2015-03-31,TPN,NO,1,206.0,9.966019417475728,10.45099181567607,0.0,3.0,6.0,14.0,60.0
2015-03-31,TPN,NO2,1,206.0,17.233009708737864,10.130084518940631,3.0,9.0,14.0,24.0,51.0
2015-03-31,TPN,NOX,1,206.0,27.24271844660194,18.59240129043936,3.0,13.0,22.0,37.0,111.0
2015-03-31,TPN,O3,1,596.0,32.192953020134226,24.79640833312356,2.0,14.0,26.0,42.0,138.0
2015-03-31,TPN,SO2,1,206.0,2.354368932038835,1.909068305465395,0.0,1.0,2.0,3.0,9.0
2015-03-31,UAX,CO,15,700.0,0.5258571428571438,0.302639758831499,0.1,0.3,0.4,0.7,2.6
2015-03-31,UAX,NO,1,700.0,11.754285714285714,19.900745744247686,0.0,2.0,3.0,13.0,201.0
2015-03-31,UAX,NO2,1,700.0,19.25857142857143,9.756711388911079,3.0,12.0,19.0,25.0,60.0
2015-03-31,UAX,NOX,1,700.0,30.997142857142858,25.188275149098946,4.0,14.0,23.0,41.0,235.0
2015-03-31,UAX,O3,1,702.0,29.156695156695157,28.340772349476538,0.0,6.25,22.0,42.75,150.0
2015-03-31,UAX,PM2.5,2,700.0,15.7,9.327225673782682,1.0,9.0,15.0,21.0,58.0
2015-03-31,UAX,SO2,1,702.0,1.5099715099715099,2.300973619961301,0.0,0.0,1.0,2.0,18.0
2015-03-31,UIZ,CO,15,693.0,0.692784992784994,0.40431903245540124,0.2,0.4,0.6,0.9,2.9
2015-03-31,UIZ,NO,1,695.0,15.240287769784173,24.39134797064015,0.0,2.0,5.0,18.0,189.0
2015-03-31,UIZ,NO2,1,695.0,24.72661870503597,11.721802732500219,5.0,15.5,24.0,31.5,81.0
2015-03-31,UIZ,NOX,1,695.0,39.96546762589928,31.679618517715543,6.0,18.0,30.0,51.0,231.0
2015-03-31,UIZ,O3,1,698.0,29.088825214899714,27.51111664801128,1.0,7.0,21.5,42.75,145.0
2015-03-31,UIZ,PM10,2,694.0,42.527377521613836,25.75763885425932,1.0,24.0,38.0,57.0,231.0
2015-03-31,UIZ,PM2.5,2,694.0,21.079250720461093,14.012190178842282,1.0,10.0,19.0,30.0,90.0
2015-03-31,UIZ,PMCO,2,694.0,21.45244956772334,16.755603866952267,1.0,11.0,18.0,27.0,208.0
2015-03-31,UIZ,SO2,1,577.0,2.930675909878683,3.119502674816294,1.0,1.0,2.0,3.0,24.0
2015-03-31,VIF,CO,15,690.0,0.5202898550724637,0.29444775504060955,0.1,0.3,0.4,0.6,1.9
2015-03-31,VIF,NO,1,690.0,12.87536231884058,20.384521332511532,0.0,2.0,4.0,14.0,120.0
2015-03-31,VIF,NO2,1,690.0,19.48695652173913,9.029413523355528,4.0,12.0,19.0,25.75,49.0
2015-03-31,VIF,NOX,1,690.0,32.32608695652174,25.63712470589204,5.0,15.0,24.0,40.0,148.0
2015-03-31,VIF,O3,1,690.0,26.107246376811595,23.920103579442465,1.0,6.0,20.0,38.75,119.0
2015-03-31,VIF,PM10,2,690.0,51.96811594202899,37.12938384199008,1.0,27.0,46.0,68.0,292.0
2015-03-31,VIF,SO2,1,690.0,5.33768115942029,9.310349773373073,0.0,1.0,2.0,5.0,80.0
2015-03-31,XAL,CO,15,641.0,1.028081123244931,0.6010856581293016,0.3,0.6,0.9,1.2,4.6
2015-03-31,XAL,NO,1,672.0,35.42261904761905,51.31980871266701,1.0,9.0,16.0,38.0,474.0
2015-03-31,XAL,NO2,1,672.0,30.68452380952381,10.841296484274334,7.0,23.0,30.0,37.0,77.0
2015-03-31,XAL,NOX,1,672.0,66.10714285714286,56.366063049122516,8.0,33.75,48.0,77.0,518.0
2015-03-31,XAL,O3,1,687.0,19.352256186317323,17.809600140011593,2.0,4.0,14.0,29.0,87.0
2015-03-31,XAL,PM10,2,0.0,,,,,,,
2015-03-31,XAL,PM2.5,2,0.0,,,,,,,
2015-03-31,XAL,PMCO,2,0.0,,,,,,,
2015-03-31,XAL,SO2,1,690.0,4.346376811594203,4.937668950210306,0.0,2.0,3.0,5.0,37.0
2015-04-30,ACO,CO,15,648.0,0.25169753086419716,0.17466299065060378,0.0,0.1,0.2,0.3,1.5
2015-04-30,ACO,NO,1,648.0,6.580246913580247,11.120794338024865,0.0,1.0,2.0,7.0,103.0
2015-04-30,ACO,NO2,1,648.0,13.862654320987655,6.72980133580665,3.0,9.0,13.0,18.0,42.0
2015-04-30,ACO,NOX,1,648.0,20.41358024691358,15.888967549514742,3.0,10.0,15.0,25.0,142.0
2015-04-30,ACO,O3,1,648.0,40.263888888888886,28.314797934491754,1.0,14.75,36.0,63.0,118.0
2015-04-30,ACO,PM10,2,632.0,43.24841772151899,18.193013340783935,7.0,31.0,41.5,52.0,153.0
2015-04-30,ACO,SO2,1,648.0,1.9429012345679013,3.1984558063382553,0.0,1.0,1.0,2.0,38.0
2015-04-30,AJM,CO,15,629.0,0.5686804451510339,0.2368617967917569,0.2,0.4,0.5,0.7,1.5
2015-04-30,AJM,NO,1,628.0,4.06687898089172,7.324903566141572,0.0,0.0,1.0,4.0,55.0
2015-04-30,AJM,NO2,1,628.0,16.769108280254777,11.313956653290266,2.0,8.0,14.0,23.0,73.0
2015-04-30,AJM,NOX,1,628.0,20.880573248407643,17.01467810809885,2.0,8.0,15.0,28.25,96.0
2015-04-30,AJM,O3,1,630.0,52.63968253968254,26.030103886176338,4.0,34.0,48.0,66.0,142.0
2015-04-30,AJM,PM10,2,632.0,38.27373417721519,15.106995261919133,7.0,27.0,35.0,47.0,97.0
2015-04-30,AJM,PM2.5,2,632.0,23.477848101265824,9.910669935138651,5.0,17.0,21.0,29.0,66.0
2015-04-30,AJM,PMCO,2,632.0,14.784810126582279,7.47640071386329,2.0,9.0,13.0,20.0,51.0
2015-04-30,AJM,SO2,1,630.0,2.0,3.496534736983409,0.0,0.0,1.0,2.0,33.0
2015-04-30,AJU,O3,1,587.0,41.674616695059626,25.161961776829482,2.0,20.0,39.0,60.0,116.0
2015-04-30,ATI,CO,15,676.0,0.6613905325443783,0.4513720529910399,0.1,0.4,0.5,0.8,3.6
2015-04-30,ATI,NO,1,677.0,13.689807976366321,25.82149864780694,1.0,2.0,4.0,11.0,193.0
2015-04-30,ATI,NO2,1,677.0,23.706056129985228,12.050835688193025,4.0,15.0,22.0,30.0,72.0
2015-04-30,ATI,NOX,1,677.0,37.397341211226,32.85232592015629,5.0,17.0,26.0,45.0,227.0
2015-04-30,ATI,O3,1,655.0,37.858015267175574,30.803455945648153,2.0,13.0,30.0,54.0,148.0
2015-04-30,ATI,PM10,2,670.0,42.4134328358209,25.049442263346894,1.0,24.0,39.0,55.0,185.0
2015-04-30,ATI,SO2,1,677.0,4.153618906942393,7.097172496584052,0.0,1.0,2.0,4.0,51.0
2015-04-30,CAM,CO,15,676.0,0.8973372781065098,0.6084287074102249,0.2,0.5,0.7,1.1,4.4
2015-04-30,CAM,NO,1,676.0,26.856508875739646,44.5982740300638,1.0,3.0,7.0,29.0,352.0
2015-04-30,CAM,NO2,1,676.0,34.84319526627219,15.251733535871312,6.0,24.0,34.0,45.0,101.0
2015-04-30,CAM,NOX,1,676.0,61.70414201183432,53.47127755682542,6.0,27.0,43.0,75.25,393.0
2015-04-30,CAM,O3,1,676.0,33.53846153846154,31.20132950633617,1.0,6.0,23.0,54.25,146.0
2015-04-30,CAM,PM10,2,677.0,54.246676514032494,22.52558719401433,11.0,38.0,50.0,66.0,147.0
2015-04-30,CAM,PM2.5,2,677.0,33.85524372230428,13.776846512521043,3.0,24.0,32.0,42.0,85.0
2015-04-30,CAM,PMCO,2,677.0,20.401772525849335,13.354227101142502,3.0,12.0,17.0,25.0,120.0
2015-04-30,CAM,SO2,1,676.0,5.887573964497041,8.113039857862296,0.0,2.0,3.0,6.0,60.0
2015-04-30,CCA,CO,15,675.0,0.7094814814814815,0.3862997224264648,0.1,0.4,0.6,0.9,2.5
2015-04-30,CCA,NO,1,674.0,13.623145400593472,27.048475523222873,0.0,1.0,3.0,11.0,203.0
2015-04-30,CCA,NO2,1,674.0,24.764094955489615,12.832761929871944,5.0,15.0,23.0,32.0,80.0
2015-04-30,CCA,NOX,1,674.0,38.40504451038576,34.78408080768358,6.0,17.0,26.0,46.0,248.0
2015-04-30,CCA,O3,1,675.0,38.67111111111111,32.72189682989649,0.0,10.5,33.0,57.5,155.0
2015-04-30,CCA,PM2.5,2,592.0,23.381756756756758,7.976458909778128,1.0,18.0,23.0,28.0,59.0
2015-04-30,CCA,SO2,1,675.0,3.2725925925925927,4.339085178057435,1.0,1.0,2.0,3.0,37.0
2015-04-30,CHO,CO,15,676.0,0.6819526627218929,0.2735224887096793,0.3,0.5,0.6,0.8,2.0
2015-04-30,CHO,NO,1,0.0,,,,,,,
2015-04-30,CHO,NO2,1,0.0,,,,,,,
2015-04-30,CHO,NOX,1,0.0,,,,,,,
2015-04-30,CHO,O3,1,654.0,36.79969418960245,25.323050892246957,2.0,14.0,34.5,55.0,118.0
2015-04-30,CHO,PM10,2,681.0,64.25550660792952,32.99976697444955,2.0,40.0,57.0,81.0,224.0
2015-04-30,CHO,SO2,1,676.0,1.7411242603550297,1.5671142365706625,0.0,1.0,1.0,2.0,15.0
2015-04-30,COY,NO,1,673.0,16.806835066864785,26.92507484842501,2.0,3.0,5.0,16.0,177.0
2015-04-30,COY,NO2,1,673.0,28.14264487369985,13.911299903964503,4.0,18.0,27.0,37.0,88.0
2015-04-30,COY,NOX,1,673.0,44.92719167904903,35.827202529082996,6.0,21.0,33.0,57.0,221.0
2015-04-30,COY,O3,1,673.0,37.10104011887073,30.980627810161984,1.0,11.0,30.0,58.0,153.0
2015-04-30,COY,PM2.5,2,618.0,32.76860841423948,15.118543520789627,1.0,23.0,31.0,41.0,152.0
2015-04-30,CUA,CO,15,679.0,0.5801178203240065,0.2409469720188145,0.2,0.4,0.5,0.7,2.0
2015-04-30,CUA,NO,1,679.0,9.033873343151694,15.20082966767618,1.0,2.0,4.0,8.0,151.0
2015-04-30,CUA,NO2,1,679.0,22.432989690721648,12.429073172510567,4.0,12.0,20.0,30.0,67.0
2015-04-30,CUA,NOX,1,679.0,31.471281296023562,24.75410606222593,5.0,15.0,24.0,39.0,195.0
2015-04-30,CUA,O3,1,679.0,44.97643593519882,27.322276964908028,1.0,26.0,42.0,59.0,155.0
2015-04-30,CUA,PM10,2,688.0,37.91279069767442,14.859593593010302,7.0,28.0,36.0,46.0,94.0
2015-04-30,CUA,SO2,1,634.0,2.7523659305993693,3.8007485441968933,0.0,1.0,1.0,3.0,32.0
2015-04-30,CUT,NO,1,619.0,17.336025848142164,31.155266937822372,0.0,1.0,3.0,17.0,213.0
2015-04-30,CUT,NO2,1,619.0,23.819063004846527,11.818047129520629,3.0,14.0,24.0,32.0,58.0
2015-04-30,CUT,NOX,1,619.0,41.1389337641357,37.99782934730951,3.0,16.0,29.0,51.5,271.0
2015-04-30,CUT,O3,1,627.0,31.54066985645933,22.524240152306035,2.0,12.0,28.0,46.0,102.0
2015-04-30,CUT,PM10,2,628.0,65.56210191082802,39.62440442300621,1.0,41.0,58.0,78.0,262.0
2015-04-30,CUT,SO2,1,627.0,5.6028708133971294,10.253660986703672,0.0,1.0,2.0,5.0,105.0
2015-04-30,FAC,CO,15,675.0,0.8278518518518516,0.6558076376078484,0.1,0.4,0.6,1.0,4.2
2015-04-30,FAC,NO,1,675.0,25.665185185185184,44.83326068752026,0.0,3.0,7.0,25.0,295.0
2015-04-30,FAC,NO2,1,675.0,29.441481481481482,14.331619216775765,6.0,19.0,27.0,38.0,99.0
2015-04-30,FAC,NOX,1,675.0,55.14370370370371,52.31454542304745,6.0,23.0,35.0,68.0,330.0
2015-04-30,FAC,O3,1,675.0,38.2162962962963,30.17590419485984,2.0,13.0,30.0,55.5,158.0
2015-04-30,FAC,PM10,2,663.0,48.419306184012065,31.294320423306257,1.0,26.0,42.0,64.0,230.0
2015-04-30,FAC,SO2,1,675.0,4.825185185185185,5.55460776616872,1.0,2.0,3.0,5.0,58.0
2015-04-30,HGM,CO,15,682.0,0.825366568914957,0.42507865447826965,0.3,0.5,0.7,1.0,2.9
2015-04-30,HGM,NO,1,674.0,16.08605341246291,26.191346667755447,0.0,2.0,5.0,18.0,154.0
2015-04-30,HGM,NO2,1,674.0,31.640949554896142,13.914572187330837,7.0,21.0,30.0,40.0,83.0
2015-04-30,HGM,NOX,1,674.0,47.72700296735905,36.20495907652063,9.0,24.0,36.0,58.0,223.0
2015-04-30,HGM,O3,1,682.0,30.228739002932553,25.64951607846693,1.0,8.25,24.0,47.0,118.0
2015-04-30,HGM,PM10,2,679.0,53.29160530191458,23.148241717608794,4.0,37.0,50.0,66.0,148.0
2015-04-30,HGM,PM2.5,2,679.0,29.61855670103093,15.225260710264578,1.0,19.0,28.0,39.0,85.0
2015-04-30,HGM,PMCO,2,679.0,23.653902798232696,11.586004370902556,2.0,16.0,22.0,29.0,118.0
2015-04-30,HGM,SO2,1,682.0,4.769794721407624,7.091478803262659,1.0,1.0,2.0,5.0,53.0
2015-04-30,IZT,CO,15,678.0,1.0256637168141614,0.5965848786806123,0.4,0.6,0.8,1.2,4.0
2015-04-30,IZT,NO,1,678.0,21.07227138643068,33.83336214370245,1.0,3.0,6.0,21.75,205.0
2015-04-30,IZT,NO2,1,678.0,32.876106194690266,14.491763713905444,7.0,22.0,32.0,41.0,97.0
2015-04-30,IZT,NOX,1,678.0,53.918879056047196,43.54627987455384,10.0,25.0,38.0,67.0,255.0
2015-04-30,IZT,O3,1,678.0,38.02064896755162,32.52354472484375,3.0,10.0,28.0,59.75,153.0
2015-04-30,IZT,PM10,2,681.0,42.604992657856094,15.032745777965697,8.0,32.0,41.0,50.0,104.0
2015-04-30,IZT,SO2,1,678.0,4.78023598820059,6.538857285268379,1.0,2.0,3.0,5.0,50.0
2015-04-30,LLA,CO,15,655.0,0.6445801526717551,0.5253777722563209,0.0,0.3,0.5,0.7,3.7
2015-04-30,LLA,NO,1,653.0,20.64624808575804,38.08465069513254,0.0,2.0,4.0,20.0,240.0
2015-04-30,LLA,NO2,1,653.0,24.313935681470138,11.139153517289644,4.0,14.0,24.0,33.0,64.0
2015-04-30,LLA,NOX,1,653.0,44.94946401225115,44.73578418874778,4.0,16.0,31.0,53.0,280.0
2015-04-30,LLA,O3,1,655.0,34.70992366412214,31.226431736351042,1.0,6.0,25.0,58.0,138.0
2015-04-30,LLA,SO2,1,373.0,3.962466487935657,10.686072048960117,0.0,1.0,1.0,3.0,104.0
2015-04-30,LPR,CO,15,672.0,0.5528273809523812,0.4890677100379602,0.0,0.2,0.4,0.7,2.8
2015-04-30,LPR,NO,1,0.0,,,,,,,
2015-04-30,LPR,NO2,1,0.0,,,,,,,
2015-04-30,LPR,NOX,1,0.0,,,,,,,
2015-04-30,LPR,O3,1,677.0,27.33530280649926,21.718917335158007,1.0,8.0,24.0,43.0,96.0
2015-04-30,LPR,SO2,1,677.0,4.1683899556868536,6.150095436919076,0.0,1.0,2.0,4.0,46.0
2015-04-30,MER,CO,15,591.0,1.0566835871404403,0.5865022719201097,0.3,0.7,0.9,1.2,4.1
2015-04-30,MER,NO,1,664.0,27.998493975903614,39.32106690317789,1.0,5.0,11.0,32.0,247.0
2015-04-30,MER,NO2,1,664.0,36.64307228915663,13.501265687415662,8.0,27.75,36.0,45.0,92.0
2015-04-30,MER,NOX,1,664.0,64.6355421686747,47.8679335951943,11.0,33.0,47.0,77.0,301.0
2015-04-30,MER,O3,1,664.0,33.56777108433735,31.040112964071678,1.0,6.0,24.0,54.0,134.0
2015-04-30,MER,PM10,2,667.0,55.48575712143928,22.460128659880805,11.0,39.0,52.0,68.0,174.0
2015-04-30,MER,PM2.5,2,667.0,31.367316341829085,14.608248086493285,1.0,21.0,30.0,39.0,117.0
2015-04-30,MER,PMCO,2,667.0,24.14992503748126,11.116703303440044,4.0,16.0,22.0,29.0,96.0
2015-04-30,MER,SO2,1,664.0,5.072289156626506,7.806147760995096,0.0,1.0,2.0,5.0,56.0
2015-04-30,MGH,CO,15,634.0,0.7335962145110404,0.4419445767238251,0.2,0.4,0.6,0.9,2.7
2015-04-30,MGH,NO,1,634.0,23.354889589905362,39.401108031714145,0.0,3.0,6.0,23.0,298.0
2015-04-30,MGH,NO2,1,634.0,28.630914826498422,14.502145293683828,4.0,17.0,27.0,37.0,85.0
2015-04-30,MGH,NOX,1,634.0,51.99211356466877,48.71098245081466,5.0,20.25,34.0,65.0,347.0
2015-04-30,MGH,O3,1,634.0,36.124605678233436,30.636975361855452,0.0,9.0,31.0,54.0,125.0
2015-04-30,MGH,PM10,2,634.0,41.738170347003155,16.070074445926945,12.0,30.0,39.0,51.0,100.0
2015-04-30,MGH,PM2.5,2,634.0,26.749211356466876,11.257374244933272,2.0,19.0,25.0,33.0,68.0
2015-04-30,MGH,PMCO,2,634.0,15.003154574132493,7.706503448658752,3.0,10.0,13.0,19.0,58.0
2015-04-30,MGH,SO2,1,634.0,3.2113564668769716,5.036310215817742,0.0,1.0,1.0,3.0,44.0
2015-04-30,MON,CO,15,674.0,0.3875370919881307,0.3033623159834488,0.1,0.2,0.3,0.5,2.0
2015-04-30,MON,NO,1,674.0,12.946587537091988,27.16232852433297,0.0,1.0,2.0,9.0,171.0
2015-04-30,MON,NO2,1,674.0,16.676557863501483,7.320460205071241,4.0,10.25,14.0,22.0,48.0
2015-04-30,MON,NOX,1,674.0,29.617210682492583,31.49903275375476,5.0,12.0,16.0,33.0,201.0
2015-04-30,MON,O3,1,480.0,34.96041666666667,24.248980260360685,0.0,13.0,34.0,53.0,104.0
2015-04-30,MON,SO2,1,674.0,1.8486646884272997,4.3311244071650705,0.0,1.0,1.0,2.0,76.0
2015-04-30,NEZ,CO,15,545.0,0.7816513761467891,0.5052964217429483,0.2,0.5,0.6,0.9,3.8
2015-04-30,NEZ,NO,1,545.0,12.755963302752294,23.18359203310555,0.0,1.0,3.0,13.0,182.0
2015-04-30,NEZ,NO2,1,545.0,28.111926605504586,12.467175466490021,8.0,17.0,27.0,37.0,67.0
2015-04-30,NEZ,NOX,1,545.0,40.87155963302752,31.412314030438722,9.0,19.0,30.0,51.0,229.0
2015-04-30,NEZ,O3,1,543.0,37.73848987108656,31.522816242219953,0.0,11.0,30.0,61.0,132.0
2015-04-30,NEZ,PM2.5,2,551.0,25.867513611615244,11.45340985301661,2.0,19.0,24.0,31.0,99.0
2015-04-30,NEZ,SO2,1,543.0,3.8784530386740332,7.522411521132719,0.0,1.0,2.0,3.0,78.0
2015-04-30,PED,CO,15,641.0,0.500624024960999,0.3463193756987889,0.0,0.3,0.4,0.6,2.9
2015-04-30,PED,NO,1,633.0,8.453396524486571,16.102366128389626,0.0,1.0,2.0,8.0,153.0
2015-04-30,PED,NO2,1,633.0,22.570300157977883,13.072529030675886,4.0,12.0,20.0,31.0,73.0
2015-04-30,PED,NOX,1,633.0,30.996840442338073,26.210926123074092,5.0,14.0,23.0,40.0,213.0
2015-04-30,PED,O3,1,617.0,43.884927066450565,31.921495369009513,1.0,20.0,37.0,62.0,146.0
2015-04-30,PED,PM10,2,593.0,44.586846543001684,18.219466191849264,6.0,32.0,42.0,55.0,128.0
2015-04-30,PED,PM2.5,2,593.0,24.900505902192243,10.811274914836417,1.0,18.0,23.0,30.0,67.0
2015-04-30,PED,PMCO,2,593.0,19.708263069139967,10.32025441551458,4.0,12.0,17.0,26.0,85.0
2015-04-30,PED,SO2,1,507.0,3.1104536489151875,4.905392409887482,0.0,1.0,1.0,3.0,41.0
2015-04-30,SAG,CO,15,678.0,0.7792035398230089,0.5030435725766121,0.2,0.5,0.6,0.9,3.6
2015-04-30,SAG,NO,1,680.0,17.533823529411766,31.411873172862833,0.0,2.0,5.0,16.0,220.0
2015-04-30,SAG,NO2,1,680.0,24.08529411764706,9.445998205221263,7.0,16.0,24.0,31.0,55.0
2015-04-30,SAG,NOX,1,680.0,41.63529411764706,36.299798011852516,8.0,19.0,31.0,49.0,251.0
2015-04-30,SAG,O3,1,680.0,35.85735294117647,30.005673573359537,1.0,9.75,28.0,58.0,135.0
2015-04-30,SAG,PM10,2,547.0,56.40036563071298,22.734142721627187,10.0,40.0,53.0,69.0,140.0
2015-04-30,SAG,PM2.5,2,547.0,29.519195612431446,13.217714030305713,2.0,20.0,27.0,37.0,77.0
2015-04-30,SAG,PMCO,2,547.0,26.89031078610603,13.548273388443167,1.0,17.0,24.0,34.0,81.0
2015-04-30,SAG,SO2,1,680.0,5.760294117647059,9.940909950050662,0.0,2.0,3.0,5.0,102.0
2015-04-30,SFE,CO,15,679.0,0.5089837997054493,0.22523405990893736,0.1,0.3,0.4,0.7,1.3
2015-04-30,SFE,NO,1,666.0,7.782282282282282,13.660625098860798,0.0,0.0,2.0,9.0,95.0
2015-04-30,SFE,NO2,1,666.0,22.153153153153152,11.400460245186268,3.0,13.0,20.0,29.0,61.0
2015-04-30,SFE,NOX,1,666.0,29.93993993993994,22.57877097281878,4.0,14.0,22.0,39.0,136.0
2015-04-30,SFE,O3,1,680.0,44.39705882352941,30.52044376569344,0.0,22.0,39.0,61.0,162.0
2015-04-30,SFE,PM10,2,683.0,43.935578330893115,19.962617756519357,5.0,30.0,40.0,55.0,122.0
2015-04-30,SFE,PM2.5,2,683.0,24.225475841874086,13.154689669230903,1.0,16.0,22.0,30.0,78.0
2015-04-30,SFE,PMCO,2,683.0,19.71156661786237,9.973732261565589,1.0,12.0,18.0,27.0,69.0
2015-04-30,SFE,SO2,1,680.0,2.0676470588235296,3.589562728546606,0.0,0.0,1.0,2.0,28.0
2015-04-30,SJA,CO,15,680.0,0.6485294117647056,0.5105348626364837,0.0,0.3,0.5,0.8,3.3
2015-04-30,SJA,NO,1,498.0,26.714859437751002,44.81155512719709,0.0,2.0,6.0,30.0,271.0
2015-04-30,SJA,NO2,1,498.0,31.734939759036145,12.292299535219895,7.0,22.0,32.0,41.0,67.0
2015-04-30,SJA,NOX,1,498.0,58.437751004016064,51.230778802812516,9.0,24.25,39.0,72.0,300.0
2015-04-30,SJA,O3,1,679.0,37.28276877761414,33.683406022700794,2.0,6.0,28.0,62.0,138.0
2015-04-30,SJA,PM2.5,2,680.0,25.641176470588235,9.81691358973439,3.0,19.0,25.0,32.0,73.0
2015-04-30,SJA,SO2,1,680.0,4.452941176470588,6.552663526354251,0.0,1.0,2.0,4.0,61.0
2015-04-30,SUR,O3,1,685.0,40.1021897810219,33.02468611294689,0.0,11.0,33.0,61.0,169.0
2015-04-30,SUR,PM10,2,681.0,41.00734214390602,22.536668267556383,1.0,26.0,38.0,53.0,202.0
2015-04-30,TAH,CO,15,674.0,0.3686943620178027,0.26288334646059935,0.1,0.2,0.3,0.5,1.9
2015-04-30,TAH,NO,1,672.0,5.025297619047619,8.82556322453236,1.0,1.0,2.0,4.0,87.0
2015-04-30,TAH,NO2,1,672.0,14.211309523809524,8.578731025181579,2.0,7.0,13.0,20.0,49.0
2015-04-30,TAH,NOX,1,672.0,19.282738095238095,15.370839665247992,4.0,8.0,15.0,25.0,117.0
2015-04-30,TAH,O3,1,674.0,43.676557863501486,26.041385784409147,3.0,23.0,41.0,62.0,131.0
2015-04-30,TAH,PM10,2,673.0,44.190193164933135,22.477225751689062,1.0,29.0,40.0,56.0,211.0
2015-04-30,TAH,SO2,1,659.0,2.370257966616085,2.2359514325521515,0.0,1.0,2.0,2.0,27.0
2015-04-30,TLA,CO,15,667.0,0.9344827586206892,0.542858213410697,0.3,0.6,0.8,1.1,4.0
2015-04-30,TLA,NO,1,662.0,27.580060422960724,42.11602834870907,0.0,5.0,10.0,28.75,274.0
2015-04-30,TLA,NO2,1,662.0,34.492447129909365,13.993593857201832,8.0,25.0,33.0,42.0,91.0
2015-04-30,TLA,NOX,1,662.0,62.081570996978854,50.2924517570078,9.0,31.0,45.0,72.0,327.0
2015-04-30,TLA,O3,1,665.0,32.68872180451128,31.89470074892939,0.0,6.0,22.0,53.0,149.0
2015-04-30,TLA,PM10,2,37.0,54.32432432432432,25.67213583943803,22.0,39.0,46.0,59.0,153.0
2015-04-30,TLA,PM2.5,2,37.0,30.89189189189189,17.536919442808177,8.0,22.0,28.0,34.0,118.0
2015-04-30,TLA,PMCO,2,37.0,23.37837837837838,12.925752398799657,7.0,15.0,20.0,29.0,72.0
2015-04-30,TLA,SO2,1,667.0,7.260869565217392,9.427820365297505,1.0,2.0,4.0,8.0,61.0
2015-04-30,TLI,CO,15,676.0,0.4883136094674555,0.46897473281821384,0.0,0.2,0.4,0.6,2.9
2015-04-30,TLI,NO,1,677.0,20.370753323485967,33.62365548918389,2.0,3.0,5.0,21.0,228.0
2015-04-30,TLI,NO2,1,677.0,28.877400295420976,12.525289460598316,6.0,19.0,28.0,38.0,76.0
2015-04-30,TLI,NOX,1,677.0,49.202363367799116,41.76121321654188,8.0,23.0,34.0,60.0,286.0
2015-04-30,TLI,O3,1,677.0,32.66765140324963,30.775148987707258,0.0,6.0,24.0,54.0,138.0
2015-04-30,TLI,PM10,2,665.0,59.454135338345864,32.47183327928687,1.0,36.0,53.0,75.0,210.0
2015-04-30,TLI,SO2,1,677.0,8.090103397341212,14.084986325239777,0.0,2.0,3.0,7.0,124.0
2015-04-30,TPN,O3,1,668.0,43.875748502994014,26.47560295654599,4.0,23.0,37.0,60.0,166.0
2015-04-30,UAX,CO,15,678.0,0.5964601769911504,0.31839586951844856,0.2,0.4,0.5,0.8,2.4
2015-04-30,UAX,NO,1,678.0,9.638643067846608,17.35324485986283,0.0,1.0,2.0,10.0,145.0
2015-04-30,UAX,NO2,1,678.0,21.08407079646018,11.669387540085888,3.0,11.0,20.0,29.0,72.0
2015-04-30,UAX,NOX,1,678.0,30.70353982300885,25.323706687422035,3.0,13.0,23.0,41.0,197.0
2015-04-30,UAX,O3,1,678.0,40.71976401179941,32.402626659267234,0.0,14.0,33.5,62.0,157.0
2015-04-30,UAX,PM2.5,2,687.0,23.695778748180494,8.535931408592772,1.0,18.0,23.0,28.5,58.0
2015-04-30,UAX,SO2,1,678.0,1.9454277286135693,3.4317530275194073,0.0,0.0,1.0,2.0,25.0
2015-04-30,UIZ,CO,15,671.0,0.7989567809239934,0.4887224737397268,0.2,0.5,0.6,1.0,3.1
2015-04-30,UIZ,NO,1,671.0,14.441132637853949,25.339469087583236,0.0,1.0,3.0,14.0,174.0
2015-04-30,UIZ,NO2,1,671.0,28.11326378539493,14.550549661480444,5.0,16.0,27.0,39.0,84.0
2015-04-30,UIZ,NOX,1,671.0,42.5290611028316,35.65559099380014,6.0,17.0,30.0,56.0,217.0
2015-04-30,UIZ,O3,1,671.0,38.27123695976155,31.97729219663291,1.0,11.0,30.0,61.0,138.0
2015-04-30,UIZ,PM10,2,679.0,53.50810014727541,21.506866072795063,9.0,38.0,50.0,65.0,151.0
2015-04-30,UIZ,PM2.5,2,679.0,29.603829160530193,13.671473543686755,1.0,20.5,28.0,36.0,91.0
2015-04-30,UIZ,PMCO,2,679.0,23.90279823269514,12.000711918616586,2.0,16.0,22.0,29.0,117.0
2015-04-30,UIZ,SO2,1,671.0,3.5767511177347244,5.75414157367589,1.0,1.0,2.0,3.0,47.0
2015-04-30,VIF,CO,15,485.0,0.5760824742268038,0.35722344299509584,0.1,0.3,0.5,0.7,2.3
2015-04-30,VIF,NO,1,442.0,13.289592760180996,24.315244983534292,0.0,1.0,2.0,12.0,155.0
2015-04-30,VIF,NO2,1,442.0,21.018099547511312,10.156357570565302,4.0,12.25,21.0,29.0,55.0
2015-04-30,VIF,NOX,1,442.0,34.289592760180994,30.46342486089752,4.0,14.0,23.0,44.0,195.0
2015-04-30,VIF,O3,1,485.0,36.057731958762886,30.87974487598125,1.0,8.0,30.0,58.0,136.0
2015-04-30,VIF,PM10,2,488.0,65.16803278688525,30.54240063877117,3.0,44.0,62.0,84.0,193.0
2015-04-30,VIF,SO2,1,485.0,8.18762886597938,16.17300103077082,1.0,2.0,3.0,6.0,123.0
2015-04-30,XAL,CO,15,676.0,1.1000000000000023,0.7483908663852663,0.1,0.6,0.9,1.3,5.7
2015-04-30,XAL,NO,1,676.0,35.571005917159766,55.0635402894588,0.0,6.0,12.0,39.0,416.0
2015-04-30,XAL,NO2,1,676.0,33.85207100591716,12.508202174193793,6.0,24.0,33.0,43.0,78.0
2015-04-30,XAL,NOX,1,676.0,69.42455621301775,62.16645698346363,6.0,31.0,47.5,82.0,463.0
2015-04-30,XAL,O3,1,676.0,26.026627218934912,21.68165364439815,2.0,6.0,21.5,42.0,90.0
2015-04-30,XAL,PM10,2,527.0,81.29032258064517,39.058710333772765,26.0,56.5,71.0,95.0,426.0
2015-04-30,XAL,PM2.5,2,527.0,36.280834914611006,15.790117983015898,3.0,25.0,33.0,45.0,92.0
2015-04-30,XAL,PMCO,2,527.0,44.98292220113852,29.233257738138427,4.0,28.0,37.0,53.5,381.0
2015-04-30,XAL,SO2,1,676.0,6.075443786982248,8.398337786761092,1.0,2.0,3.0,6.0,64.0
2015-05-31,ACO,CO,15,699.0,0.2414878397711007,0.1712789102890274,0.0,0.1,0.2,0.3,1.1
2015-05-31,ACO,NO,1,698.0,7.5687679083094554,12.41124583420052,0.0,1.0,3.0,8.0,136.0
2015-05-31,ACO,NO2,1,698.0,14.775071633237822,7.195136872545263,3.0,9.0,14.0,19.0,43.0
2015-05-31,ACO,NOX,1,698.0,22.328080229226362,16.470392967861834,4.0,11.0,17.0,30.0,151.0
2015-05-31,ACO,O3,1,699.0,33.546494992846924,25.922002218489542,0.0,9.0,29.0,54.0,109.0
2015-05-31,ACO,PM10,2,704.0,29.42471590909091,15.517347239558466,1.0,20.0,27.0,36.0,170.0
2015-05-31,ACO,SO2,1,699.0,1.7267525035765379,3.774216882695821,0.0,0.0,1.0,1.0,39.0
2015-05-31,AJM,CO,15,604.0,0.5831125827814571,0.2006116201269713,0.2,0.4,0.5,0.7,1.4
2015-05-31,AJM,NO,1,599.0,4.412353923205342,6.437914006685097,0.0,1.0,2.0,5.0,47.0
2015-05-31,AJM,NO2,1,599.0,17.44073455759599,8.321673165630605,3.0,12.0,17.0,23.0,51.0
2015-05-31,AJM,NOX,1,599.0,21.874791318864773,13.156735202377392,3.0,13.0,19.0,28.0,87.0
2015-05-31,AJM,O3,1,604.0,48.76324503311258,28.602993732833085,7.0,28.0,41.0,63.0,155.0
2015-05-31,AJM,PM10,2,609.0,28.898193760262725,15.29360074363837,3.0,18.0,26.0,38.0,104.0
2015-05-31,AJM,PM2.5,2,609.0,19.79310344827586,10.938669564121167,1.0,13.0,17.0,26.0,85.0
2015-05-31,AJM,PMCO,2,609.0,9.044334975369457,5.962299725708687,1.0,4.0,8.0,12.0,53.0
2015-05-31,AJM,SO2,1,604.0,1.3824503311258278,2.194767625785002,0.0,0.0,1.0,2.0,26.0
2015-05-31,AJU,O3,1,478.0,40.14853556485355,26.403356227441133,0.0,17.25,38.0,57.0,131.0
2015-05-31,ATI,CO,15,691.0,0.6377713458755415,0.38659451076995544,0.1,0.4,0.5,0.8,2.8
2015-05-31,ATI,NO,1,691.0,12.722141823444284,20.801360435934285,1.0,2.0,4.0,14.0,142.0
2015-05-31,ATI,NO2,1,691.0,21.759768451519538,10.819743196807321,4.0,14.0,20.0,27.0,88.0
2015-05-31,ATI,NOX,1,691.0,34.474674384949346,26.939930677899916,4.0,17.0,25.0,43.0,176.0
2015-05-31,ATI,O3,1,691.0,31.626628075253254,26.763366430096486,1.0,10.5,23.0,49.0,153.0
2015-05-31,ATI,PM10,2,687.0,27.921397379912662,21.74486821462263,1.0,12.0,24.0,40.0,179.0
2015-05-31,ATI,SO2,1,691.0,3.2257597684515193,5.247329407176812,0.0,1.0,1.0,3.0,41.0
2015-05-31,CAM,CO,15,695.0,0.9595683453237428,0.4942520773850309,0.3,0.6,0.8,1.2,3.6
2015-05-31,CAM,NO,1,693.0,24.93073593073593,35.97226523415114,2.0,5.0,9.0,29.0,266.0
2015-05-31,CAM,NO2,1,693.0,34.333333333333336,11.580579717336915,12.0,26.0,33.0,40.0,92.0
2015-05-31,CAM,NOX,1,693.0,59.265512265512264,40.83908832805864,14.0,33.0,46.0,73.0,301.0
2015-05-31,CAM,O3,1,695.0,29.381294964028775,29.424596075875602,1.0,5.0,18.0,48.0,147.0
2015-05-31,CAM,PM10,2,698.0,41.57163323782235,18.965078469279373,8.0,28.0,40.0,52.0,109.0
2015-05-31,CAM,PM2.5,2,698.0,28.683381088825215,13.832624569062196,1.0,19.0,27.0,36.0,89.0
2015-05-31,CAM,PMCO,2,698.0,12.926934097421203,8.199911960104805,2.0,7.0,12.0,17.0,77.0
2015-05-31,CAM,SO2,1,695.0,3.710791366906475,5.164564066338435,0.0,1.0,2.0,4.0,60.0
2015-05-31,CCA,CO,15,702.0,0.526638176638176,0.30982915106328573,0.0,0.3,0.5,0.7,2.0
2015-05-31,CCA,NO,1,676.0,11.920118343195266,20.943086418355673,0.0,2.0,3.0,11.0,135.0
2015-05-31,CCA,NO2,1,676.0,24.400887573964496,9.011627013656728,6.0,18.0,23.0,30.0,54.0
2015-05-31,CCA,NOX,1,676.0,36.31360946745562,25.341738804176607,7.0,20.0,28.0,44.0,177.0
2015-05-31,CCA,O3,1,703.0,36.04551920341394,34.24190264223834,2.0,8.0,24.0,58.0,156.0
2015-05-31,CCA,PM2.5,2,707.0,18.012729844413013,7.550667890781866,1.0,13.0,18.0,23.0,49.0
2015-05-31,CCA,SO2,1,703.0,2.108108108108108,2.5080451132884862,0.0,1.0,1.0,2.0,26.0
2015-05-31,CHO,CO,15,687.0,0.68486171761281,0.3767332381741091,0.2,0.5,0.6,0.8,2.8
2015-05-31,CHO,NO,1,0.0,,,,,,,
2015-05-31,CHO,NO2,1,0.0,,,,,,,
2015-05-31,CHO,NOX,1,0.0,,,,,,,
2015-05-31,CHO,O3,1,687.0,35.22125181950509,27.619139477653135,2.0,10.5,30.0,56.0,128.0
2015-05-31,CHO,PM10,2,671.0,38.523099850968705,26.348904419499647,1.0,18.5,35.0,54.5,245.0
2015-05-31,CHO,SO2,1,687.0,1.7190684133915575,2.843533968191237,0.0,1.0,1.0,2.0,48.0
2015-05-31,COY,NO,1,603.0,14.880597014925373,23.388649140407406,0.0,2.0,5.0,15.0,146.0
2015-05-31,COY,NO2,1,603.0,28.40464344941957,9.920721208640567,5.0,21.0,27.0,34.0,66.0
2015-05-31,COY,NOX,1,603.0,43.27860696517413,28.153093397061568,5.0,24.0,34.0,51.0,192.0
2015-05-31,COY,O3,1,605.0,33.46446280991736,32.490051609073944,1.0,6.0,22.0,55.0,148.0
2015-05-31,COY,PM2.5,2,607.0,30.744645799011533,14.804747928256626,1.0,22.0,28.0,37.0,105.0
2015-05-31,CUA,CO,15,693.0,0.6314574314574316,0.26417673404837927,0.2,0.5,0.6,0.7,2.1
2015-05-31,CUA,NO,1,693.0,11.793650793650794,20.785913000936578,1.0,3.0,5.0,11.0,178.0
2015-05-31,CUA,NO2,1,693.0,24.36940836940837,9.510218983382833,5.0,17.0,24.0,31.0,55.0
2015-05-31,CUA,NOX,1,693.0,36.16305916305916,26.548640449242267,6.0,21.0,29.0,41.0,222.0
2015-05-31,CUA,O3,1,693.0,40.36940836940837,29.310068291667015,1.0,17.0,34.0,56.0,146.0
2015-05-31,CUA,PM10,2,699.0,28.801144492131616,16.325457780845355,1.0,17.0,27.0,38.0,116.0
2015-05-31,CUA,SO2,1,693.0,2.3795093795093796,2.958574545749828,0.0,1.0,1.0,2.0,33.0
2015-05-31,CUT,NO,1,695.0,13.541007194244605,22.714319687563314,0.0,2.0,3.0,14.5,136.0
2015-05-31,CUT,NO2,1,695.0,21.80863309352518,11.336708641677298,4.0,13.0,21.0,29.0,67.0
2015-05-31,CUT,NOX,1,695.0,35.33956834532374,28.988417190759286,5.0,15.0,27.0,46.0,190.0
2015-05-31,CUT,O3,1,693.0,29.984126984126984,18.481940310082987,3.0,14.0,30.0,44.0,92.0
2015-05-31,CUT,PM10,2,698.0,44.787965616045845,32.86690299741627,1.0,22.0,39.0,59.75,205.0
2015-05-31,CUT,SO2,1,696.0,3.6379310344827585,6.680235921897933,0.0,1.0,1.0,3.0,62.0
2015-05-31,FAC,CO,15,591.0,0.7972927241962768,0.5228274958707682,0.0,0.5,0.6,1.0,3.4
2015-05-31,FAC,NO,1,318.0,21.946540880503143,34.41407217100395,0.0,4.0,9.0,23.75,239.0
2015-05-31,FAC,NO2,1,318.0,24.79874213836478,12.322316895816776,8.0,16.25,22.0,30.0,101.0
2015-05-31,FAC,NOX,1,318.0,46.75471698113208,38.98235740737556,8.0,22.0,34.5,56.75,253.0
2015-05-31,FAC,O3,1,549.0,31.766848816029142,27.30632385274865,3.0,8.0,23.0,51.0,127.0
2015-05-31,FAC,PM10,2,596.0,34.511744966442954,23.868861533377636,1.0,16.0,30.0,48.25,132.0
2015-05-31,FAC,SO2,1,593.0,3.9662731871838113,4.739733831858534,1.0,2.0,3.0,4.0,40.0
2015-05-31,HGM,CO,15,701.0,0.9292439372325253,0.3680654042941155,0.4,0.7,0.8,1.1,2.8
2015-05-31,HGM,NO,1,698.0,17.226361031518625,23.465051853233156,0.0,2.0,6.0,23.0,124.0
2015-05-31,HGM,NO2,1,698.0,32.72779369627507,11.715437632154496,9.0,24.0,32.0,39.0,84.0
2015-05-31,HGM,NOX,1,698.0,49.967048710601716,30.316178002284577,9.0,28.0,41.0,63.0,183.0
2015-05-31,HGM,O3,1,701.0,27.927246790299574,26.821188041927556,1.0,5.0,18.0,46.0,122.0
2015-05-31,HGM,PM10,2,699.0,42.54792560801145,20.177122016136426,3.0,28.0,40.0,55.5,131.0
2015-05-31,HGM,PM2.5,2,699.0,27.19170243204578,14.794500249822077,1.0,17.0,26.0,35.0,94.0
2015-05-31,HGM,PMCO,2,699.0,15.353361945636625,7.904128223853846,1.0,9.0,14.0,21.0,49.0
2015-05-31,HGM,SO2,1,700.0,2.76,3.9080416706543253,0.0,1.0,2.0,3.0,45.0
2015-05-31,IZT,CO,15,694.0,1.0714697406340055,0.5046609606758143,0.3,0.7,0.9,1.3,5.1
2015-05-31,IZT,NO,1,694.0,20.144092219020173,29.21467516488999,0.0,3.0,7.0,25.0,243.0
2015-05-31,IZT,NO2,1,694.0,34.45821325648415,11.173451333234455,8.0,26.0,34.0,41.0,82.0
2015-05-31,IZT,NOX,1,694.0,54.60518731988473,34.53738425248534,8.0,30.0,45.0,68.75,277.0
2015-05-31,IZT,O3,1,694.0,34.94956772334294,33.25256957967684,3.0,7.0,22.0,57.0,160.0
2015-05-31,IZT,PM10,2,700.0,31.80142857142857,14.044655868738309,1.0,21.75,31.0,39.0,102.0
2015-05-31,IZT,SO2,1,609.0,2.7471264367816093,3.3479808995950355,0.0,1.0,2.0,3.0,45.0
2015-05-31,LLA,CO,15,700.0,0.6515714285714286,0.4571296141807557,0.0,0.3,0.55,0.8,3.5
2015-05-31,LLA,NO,1,698.0,18.72063037249284,30.856741295699432,0.0,2.0,5.0,20.0,239.0
2015-05-31,LLA,NO2,1,698.0,24.396848137535816,10.558647653308558,5.0,16.0,25.0,32.0,64.0
2015-05-31,LLA,NOX,1,698.0,43.078796561604584,36.83918805368773,8.0,18.0,32.0,52.75,274.0
2015-05-31,LLA,O3,1,700.0,30.47714285714286,28.492064861385515,0.0,4.75,22.0,53.0,130.0
2015-05-31,LLA,SO2,1,700.0,3.462857142857143,4.976918726297922,0.0,2.0,2.0,3.0,62.0
2015-05-31,LPR,CO,15,696.0,0.6047413793103457,0.42432231784573954,0.0,0.3,0.5,0.8,2.8
2015-05-31,LPR,NO,1,0.0,,,,,,,
2015-05-31,LPR,NO2,1,0.0,,,,,,,
2015-05-31,LPR,NOX,1,0.0,,,,,,,
2015-05-31,LPR,O3,1,696.0,27.17097701149425,23.490229217365346,1.0,7.0,22.0,43.0,113.0
2015-05-31,LPR,SO2,1,695.0,3.435971223021583,3.8305048762845915,0.0,2.0,2.0,3.0,45.0
2015-05-31,MER,CO,15,685.0,1.2008759124087607,0.5504908421838614,0.4,0.8,1.1,1.5,4.0
2015-05-31,MER,NO,1,685.0,27.978102189781023,33.57083528560414,0.0,6.0,14.0,36.0,177.0
2015-05-31,MER,NO2,1,685.0,37.15474452554744,11.589821928727305,12.0,29.0,36.0,44.0,85.0
2015-05-31,MER,NOX,1,685.0,65.13576642335767,39.01349994498134,13.0,36.0,53.0,81.0,241.0
2015-05-31,MER,O3,1,685.0,29.81021897810219,31.14551136000105,1.0,4.0,16.0,49.0,148.0
2015-05-31,MER,PM10,2,695.0,44.88345323741007,20.61166815516542,4.0,30.0,42.0,57.0,153.0
2015-05-31,MER,PM2.5,2,695.0,28.46906474820144,14.460175106465154,1.0,18.0,27.0,37.0,78.0
2015-05-31,MER,PMCO,2,695.0,16.428776978417265,9.09018412076043,1.0,11.0,16.0,22.0,138.0
2015-05-31,MER,SO2,1,684.0,3.2178362573099415,3.8921293854697185,0.0,1.0,2.0,4.0,55.0
2015-05-31,MGH,CO,15,437.0,0.7517162471395891,0.3454528101930679,0.2,0.5,0.7,0.9,2.2
2015-05-31,MGH,NO,1,424.0,23.32311320754717,30.558115523172887,1.0,4.0,8.5,31.25,230.0
2015-05-31,MGH,NO2,1,424.0,28.870283018867923,10.108847980097575,5.0,22.0,29.0,35.0,70.0
2015-05-31,MGH,NOX,1,424.0,52.214622641509436,35.348767849951244,7.0,27.0,40.0,67.0,260.0
2015-05-31,MGH,O3,1,632.0,30.158227848101266,30.367014833227227,0.0,5.0,19.0,50.0,128.0
2015-05-31,MGH,PM10,2,633.0,33.82306477093207,14.789781328050708,5.0,24.0,31.0,42.0,100.0
2015-05-31,MGH,PM2.5,2,633.0,24.18483412322275,11.524284651155526,1.0,16.0,22.0,30.0,83.0
2015-05-31,MGH,PMCO,2,633.0,9.635071090047393,5.356987248096384,2.0,6.0,9.0,13.0,53.0
2015-05-31,MGH,SO2,1,624.0,1.8461538461538463,2.980738263025773,0.0,1.0,1.0,2.0,24.0
2015-05-31,MON,CO,15,662.0,0.4064954682779458,0.2809161300865813,0.1,0.2,0.3,0.5,2.0
2015-05-31,MON,NO,1,662.0,11.141993957703928,21.820081680659325,0.0,1.0,2.0,9.0,143.0
2015-05-31,MON,NO2,1,662.0,16.95619335347432,6.687732306228646,5.0,11.0,16.5,22.0,39.0
2015-05-31,MON,NOX,1,662.0,28.060422960725077,25.04451658579163,5.0,13.0,19.0,32.0,163.0
2015-05-31,MON,O3,1,550.0,31.723636363636363,24.863488594262048,0.0,8.0,29.0,51.0,114.0
2015-05-31,MON,SO2,1,662.0,1.5105740181268883,2.917790903187693,0.0,0.0,1.0,1.0,53.0
2015-05-31,NEZ,CO,15,697.0,0.8337159253945464,0.5022616603997472,0.2,0.5,0.7,1.0,3.3
2015-05-31,NEZ,NO,1,695.0,14.76978417266187,25.475567926791022,0.0,2.0,4.0,15.0,181.0
2015-05-31,NEZ,NO2,1,695.0,28.230215827338128,12.17802418326168,7.0,18.0,28.0,37.0,62.0
2015-05-31,NEZ,NOX,1,695.0,42.97841726618705,32.835163293335256,9.0,20.0,33.0,55.0,208.0
2015-05-31,NEZ,O3,1,698.0,35.03438395415473,31.72874574769396,0.0,7.0,25.5,58.0,148.0
2015-05-31,NEZ,PM2.5,2,707.0,20.588401697312587,9.885120939930417,1.0,13.0,20.0,26.0,74.0
2015-05-31,NEZ,SO2,1,698.0,1.845272206303725,2.3457551632496116,0.0,1.0,1.0,2.0,30.0
2015-05-31,PED,CO,15,696.0,0.5623563218390799,0.26932832957387853,0.1,0.4,0.5,0.7,1.8
2015-05-31,PED,NO,1,672.0,8.177083333333334,12.464550453504026,0.0,1.0,3.0,8.0,70.0
2015-05-31,PED,NO2,1,672.0,22.794642857142858,9.318639935357364,4.0,16.0,22.0,29.0,59.0
2015-05-31,PED,NOX,1,672.0,30.982142857142858,18.78277208361392,4.0,18.0,26.0,39.0,114.0
2015-05-31,PED,O3,1,699.0,38.85264663805437,34.44021901322174,1.0,12.0,26.0,58.5,165.0
2015-05-31,PED,PM10,2,589.0,35.65704584040747,18.05606928976721,3.0,23.0,33.0,46.0,108.0
2015-05-31,PED,PM2.5,2,589.0,22.26485568760611,12.700278701795801,1.0,13.0,21.0,30.0,80.0
2015-05-31,PED,PMCO,2,589.0,13.431239388794568,7.319769288775083,2.0,7.0,12.0,18.0,41.0
2015-05-31,PED,SO2,1,492.0,1.9695121951219512,2.6593962390487307,0.0,1.0,1.0,2.0,21.0
2015-05-31,SAG,CO,15,697.0,0.8187948350071745,0.4415616677317754,0.2,0.5,0.7,1.0,3.0
2015-05-31,SAG,NO,1,697.0,16.242467718794835,25.45341764407452,0.0,3.0,5.0,18.0,166.0
2015-05-31,SAG,NO2,1,697.0,24.450502152080343,9.624004824223455,5.0,17.0,24.0,30.0,59.0
2015-05-31,SAG,NOX,1,697.0,40.68436154949785,30.299618741695138,5.0,20.0,31.0,50.0,195.0
2015-05-31,SAG,O3,1,652.0,31.99846625766871,29.019591837130264,1.0,7.0,23.0,53.0,133.0
2015-05-31,SAG,PM10,2,585.0,43.69401709401709,24.11247293684005,5.0,29.0,40.0,56.0,351.0
2015-05-31,SAG,PM2.5,2,585.0,25.705982905982907,12.683544852838011,1.0,17.0,24.0,33.0,91.0
2015-05-31,SAG,PMCO,2,585.0,17.993162393162393,16.411863642973845,1.0,10.0,16.0,24.0,324.0
2015-05-31,SAG,SO2,1,697.0,2.860832137733142,4.556084210101945,0.0,1.0,2.0,3.0,67.0
2015-05-31,SFE,CO,15,682.0,0.5488269794721403,0.20501803789980128,0.2,0.4,0.5,0.7,1.5
2015-05-31,SFE,NO,1,666.0,9.187687687687689,16.366642172374736,0.0,1.0,2.0,9.0,103.0
2015-05-31,SFE,NO2,1,666.0,21.97147147147147,8.002862078065462,5.0,16.0,21.0,27.0,48.0
2015-05-31,SFE,NOX,1,666.0,31.21171171171171,21.371653935829478,5.0,18.0,25.0,37.0,141.0
2015-05-31,SFE,O3,1,682.0,38.99120234604106,31.998025526779738,0.0,15.0,31.0,56.75,158.0
2015-05-31,SFE,PM10,2,640.0,35.8375,19.93609116224694,2.0,22.0,32.0,46.0,141.0
2015-05-31,SFE,PM2.5,2,640.0,21.9515625,13.50995103238707,1.0,12.0,20.0,27.0,98.0
2015-05-31,SFE,PMCO,2,640.0,13.8953125,8.72389788273499,1.0,7.0,12.0,19.0,62.0
2015-05-31,SFE,SO2,1,681.0,1.591776798825257,2.6905373260836036,0.0,0.0,1.0,2.0,25.0
2015-05-31,SJA,CO,15,702.0,0.6358974358974342,0.4390616771821711,0.1,0.3,0.5,0.8,2.9
2015-05-31,SJA,NO,1,696.0,24.216954022988507,36.87478793876407,1.0,3.0,6.0,30.0,231.0
2015-05-31,SJA,NO2,1,696.0,32.27729885057471,14.065493330180479,8.0,20.75,32.0,41.0,81.0
2015-05-31,SJA,NOX,1,696.0,56.49425287356322,43.48495112239701,10.0,23.0,44.0,77.0,264.0
2015-05-31,SJA,O3,1,702.0,34.63105413105413,34.15796657421134,3.0,6.0,21.0,57.75,160.0
2015-05-31,SJA,PM2.5,2,702.0,21.062678062678064,9.552261995092278,1.0,15.0,21.0,27.0,56.0
2015-05-31,SJA,SO2,1,702.0,2.5527065527065527,2.512607257786797,0.0,1.0,2.0,3.0,24.0
2015-05-31,SUR,PM10,2,701.0,29.124108416547788,16.440377236189846,1.0,17.0,27.0,39.0,95.0
2015-05-31,TAH,CO,15,601.0,0.39783693843594004,0.28144622938188013,0.1,0.2,0.3,0.5,2.4
2015-05-31,TAH,NO,1,625.0,5.4192,10.724714567954797,0.0,1.0,2.0,4.0,102.0
2015-05-31,TAH,NO2,1,625.0,15.2432,7.594177256630775,3.0,10.0,14.0,20.0,52.0
2015-05-31,TAH,NOX,1,625.0,20.6816,15.64364981349237,3.0,11.0,16.0,25.0,123.0
2015-05-31,TAH,O3,1,625.0,41.6064,28.95008896846521,2.0,18.0,34.0,60.0,136.0
2015-05-31,TAH,PM10,2,630.0,28.233333333333334,18.909654670184455,1.0,14.0,26.0,39.0,93.0
2015-05-31,TAH,SO2,1,579.0,1.849740932642487,1.272498197590779,0.0,1.0,2.0,2.0,11.0
2015-05-31,TLA,CO,15,695.0,0.8886330935251794,0.4302673276636576,0.2,0.6,0.8,1.1,3.6
2015-05-31,TLA,NO,1,649.0,24.71648690292758,31.37536172606733,1.0,7.0,12.0,30.0,219.0
2015-05-31,TLA,NO2,1,649.0,34.30816640986132,11.816913929269834,9.0,26.0,33.0,41.0,91.0
2015-05-31,TLA,NOX,1,649.0,59.035439137134055,36.844940874634574,10.0,34.0,47.0,73.0,273.0
2015-05-31,TLA,O3,1,695.0,28.080575539568347,27.54277490079751,0.0,6.0,18.0,46.5,143.0
2015-05-31,TLA,PM10,2,698.0,46.75644699140401,21.65500316571075,4.0,30.0,43.0,58.0,137.0
2015-05-31,TLA,PM2.5,2,698.0,28.37106017191977,13.619279914446748,3.0,18.0,25.5,35.0,85.0
2015-05-31,TLA,PMCO,2,698.0,18.401146131805156,10.691827627890657,1.0,11.0,17.0,24.0,77.0
2015-05-31,TLA,SO2,1,690.0,4.9623188405797105,6.178644372696983,0.0,2.0,3.0,5.0,65.0
2015-05-31,TLI,CO,15,697.0,0.48895265423242407,0.3543752302145851,0.0,0.2,0.4,0.7,2.2
2015-05-31,TLI,NO,1,698.0,15.39111747851003,21.45069502301487,1.0,3.0,6.0,17.75,136.0
2015-05-31,TLI,NO2,1,698.0,26.577363896848137,11.52393319876253,5.0,17.0,27.0,35.0,75.0
2015-05-31,TLI,NOX,1,698.0,42.00429799426934,28.673319226176517,7.0,21.0,35.0,54.0,212.0
2015-05-31,TLI,O3,1,698.0,29.106017191977077,26.23025060793791,0.0,6.0,22.0,49.75,131.0
2015-05-31,TLI,PM10,2,700.0,41.76571428571429,28.122040830314653,1.0,21.75,39.0,56.0,180.0
2015-05-31,TLI,SO2,1,698.0,3.7449856733524354,6.149338004269692,0.0,1.0,2.0,3.0,58.0
2015-05-31,TPN,O3,1,681.0,38.64023494860499,30.134181724082264,3.0,15.0,28.0,56.0,152.0
2015-05-31,UAX,CO,15,698.0,0.6336676217765045,0.2862181319639335,0.1,0.4,0.6,0.8,2.0
2015-05-31,UAX,NO,1,698.0,11.2378223495702,18.694574569912824,0.0,1.0,3.0,12.0,158.0
2015-05-31,UAX,NO2,1,698.0,22.464183381088827,9.41103511311726,5.0,16.0,22.0,27.75,79.0
2015-05-31,UAX,NOX,1,698.0,33.7163323782235,23.2399322955182,6.0,18.0,27.0,43.0,175.0
2015-05-31,UAX,O3,1,698.0,37.26504297994269,34.53615507324874,0.0,7.0,26.0,60.0,151.0
2015-05-31,UAX,PM2.5,2,688.0,19.655523255813954,8.916510617331095,1.0,14.0,19.0,24.25,54.0
2015-05-31,UAX,SO2,1,698.0,1.2979942693409743,1.768534638085345,0.0,0.0,1.0,1.0,20.0
2015-05-31,UIZ,CO,15,700.0,0.783285714285714,0.4309128661596794,0.2,0.5,0.7,1.0,2.9
2015-05-31,UIZ,NO,1,700.0,14.948571428571428,23.830173722497122,0.0,2.0,4.0,17.0,162.0
2015-05-31,UIZ,NO2,1,700.0,29.46,12.0017809837172,6.0,19.0,30.0,37.0,74.0
2015-05-31,UIZ,NOX,1,700.0,44.42285714285714,31.06753072515865,6.0,21.0,36.0,57.0,207.0
2015-05-31,UIZ,O3,1,700.0,36.08428571428571,32.773947815698364,1.0,8.0,25.0,59.0,146.0
2015-05-31,UIZ,PM10,2,681.0,42.547723935389136,19.570938049450785,2.0,29.0,39.0,55.0,116.0
2015-05-31,UIZ,PM2.5,2,681.0,27.079295154185022,13.732406822895987,1.0,18.0,25.0,34.0,87.0
2015-05-31,UIZ,PMCO,2,681.0,15.444933920704846,8.199729642424947,1.0,9.0,15.0,20.0,63.0
2015-05-31,UIZ,SO2,1,700.0,2.4014285714285712,2.0745058433697894,1.0,1.0,2.0,3.0,23.0
2015-05-31,VIF,CO,15,465.0,0.5135483870967745,0.31018850345426197,0.1,0.3,0.4,0.6,2.0
2015-05-31,VIF,NO,1,465.0,11.189247311827957,20.058392464712778,0.0,1.0,3.0,11.0,136.0
2015-05-31,VIF,NO2,1,465.0,19.54193548387097,10.809222620504302,3.0,10.0,20.0,28.0,50.0
2015-05-31,VIF,NOX,1,465.0,30.70967741935484,26.543872533538735,3.0,11.0,23.0,41.0,167.0
2015-05-31,VIF,O3,1,463.0,32.1792656587473,25.498668200105207,1.0,9.0,27.0,55.0,89.0
2015-05-31,VIF,PM10,2,488.0,45.489754098360656,27.789467697837274,1.0,27.0,42.0,61.0,182.0
2015-05-31,VIF,SO2,1,465.0,4.301075268817204,6.91292041534482,0.0,1.0,2.0,3.0,64.0
2015-05-31,XAL,CO,15,625.0,1.1448000000000014,0.6851511156540946,0.3,0.7,0.9,1.4,6.0
2015-05-31,XAL,NO,1,689.0,35.28156748911466,50.19695765685931,1.0,8.0,15.0,41.0,431.0
2015-05-31,XAL,NO2,1,689.0,35.341074020319304,12.208630168409137,9.0,26.0,35.0,42.0,90.0
2015-05-31,XAL,NOX,1,689.0,70.63280116110305,55.65573815844919,11.0,35.0,52.0,90.0,489.0
2015-05-31,XAL,O3,1,690.0,23.88695652173913,21.4690915173106,1.0,5.0,17.0,40.0,94.0
2015-05-31,XAL,PM10,2,700.0,64.96571428571428,34.67950908973611,8.0,40.0,60.0,83.25,289.0
2015-05-31,XAL,PM2.5,2,700.0,31.235714285714284,16.13622743033917,1.0,18.0,29.0,42.0,85.0
2015-05-31,XAL,PMCO,2,700.0,33.73,23.846491960598637,4.0,20.0,29.5,41.0,269.0
2015-05-31,XAL,SO2,1,690.0,3.747826086956522,3.3124915837186277,0.0,2.0,3.0,5.0,26.0
2015-06-30,ACO,CO,15,674.0,0.22833827893175054,0.1844985931257585,0.0,0.1,0.2,0.3,1.3
2015-06-30,ACO,NO,1,674.0,6.63946587537092,10.539629467542913,0.0,1.0,3.0,6.0,101.0
2015-06-30,ACO,NO2,1,674.0,12.781899109792285,6.9661609562413,3.0,8.0,11.0,17.0,48.0
2015-06-30,ACO,NOX,1,674.0,19.428783382789316,14.696487617616684,4.0,9.0,14.0,24.0,119.0
2015-06-30,ACO,O3,1,674.0,29.298219584569733,21.313936516790058,1.0,11.0,25.5,42.0,91.0
2015-06-30,ACO,PM10,2,682.0,27.678885630498534,13.478033248740505,2.0,18.0,26.0,35.0,79.0
2015-06-30,ACO,SO2,1,674.0,2.707715133531157,3.850748153182118,0.0,1.0,2.0,3.0,58.0
2015-06-30,AJM,CO,15,580.0,0.6684482758620687,0.22858203535757968,0.2,0.5,0.6,0.8,1.7
2015-06-30,AJM,NO,1,580.0,6.755172413793104,8.255969158161614,0.0,1.0,3.0,9.0,47.0
2015-06-30,AJM,NO2,1,580.0,20.494827586206895,10.104888989498303,3.0,14.0,19.0,26.0,76.0
2015-06-30,AJM,NOX,1,580.0,27.28448275862069,15.658822514158796,4.0,16.0,24.0,36.0,97.0
2015-06-30,AJM,O3,1,578.0,38.344290657439444,28.51514499717649,3.0,18.0,30.0,52.75,148.0
2015-06-30,AJM,PM10,2,542.0,33.17527675276753,17.762051632742985,5.0,20.0,29.0,44.0,92.0
2015-06-30,AJM,PM2.5,2,542.0,22.555350553505534,12.747500895550495,1.0,13.0,19.0,30.0,75.0
2015-06-30,AJM,PMCO,2,542.0,10.62730627306273,8.007703761543684,1.0,5.0,8.0,13.0,45.0
2015-06-30,AJM,SO2,1,579.0,2.7582037996545767,3.877927185937357,0.0,1.0,1.0,3.0,37.0
2015-06-30,AJU,O3,1,605.0,35.340495867768595,23.50186190493725,0.0,19.0,31.0,46.0,132.0
2015-06-30,ATI,CO,15,677.0,0.5214180206794677,0.3285242209603656,0.1,0.3,0.4,0.7,2.3
2015-06-30,ATI,NO,1,675.0,11.06962962962963,17.301383600501474,1.0,2.0,4.0,11.0,150.0
2015-06-30,ATI,NO2,1,675.0,19.971851851851852,9.576218161711338,5.0,13.0,18.0,25.0,67.0
2015-06-30,ATI,NOX,1,675.0,31.05185185185185,22.08263362893766,6.0,16.0,25.0,38.0,167.0
2015-06-30,ATI,O3,1,677.0,29.308714918759232,24.595739714501764,1.0,11.0,22.0,43.0,120.0
2015-06-30,ATI,PM10,2,685.0,29.162043795620438,18.1100846328071,1.0,15.0,26.0,39.0,118.0
2015-06-30,ATI,SO2,1,677.0,6.441654357459379,10.097376874429283,0.0,1.0,2.0,7.0,81.0
2015-06-30,CAM,CO,15,675.0,0.8542222222222218,0.4075246741481617,0.3,0.55,0.7,1.1,2.5
2015-06-30,CAM,NO,1,675.0,21.04888888888889,24.01419543918752,1.0,6.0,10.0,27.0,132.0
2015-06-30,CAM,NO2,1,675.0,33.39703703703704,11.812556443215252,9.0,25.0,31.0,40.0,84.0
2015-06-30,CAM,NOX,1,675.0,54.47259259259259,30.81933193651832,11.0,32.0,44.0,70.0,167.0
2015-06-30,CAM,O3,1,675.0,25.125925925925927,25.785703728230533,1.0,5.0,15.0,37.0,121.0
2015-06-30,CAM,PM10,2,673.0,44.07875185735513,20.353235752152006,5.0,29.0,41.0,55.0,118.0
2015-06-30,CAM,PM2.5,2,673.0,29.12184249628529,14.405377267506847,1.0,19.0,27.0,38.0,89.0
2015-06-30,CAM,PMCO,2,673.0,14.925705794947994,9.4336881524334,2.0,8.0,13.0,20.0,53.0
2015-06-30,CAM,SO2,1,649.0,6.996918335901387,9.62763462712319,0.0,2.0,3.0,7.0,67.0
2015-06-30,CCA,CO,15,673.0,0.6829123328380393,0.28922487705142663,0.2,0.5,0.6,0.8,2.0
2015-06-30,CCA,NO,1,669.0,10.557548579970105,14.41104420849331,0.0,2.0,4.0,14.0,99.0
2015-06-30,CCA,NO2,1,669.0,24.4050822122571,10.424035353672222,4.0,17.0,23.0,30.0,79.0
2015-06-30,CCA,NOX,1,669.0,34.96860986547085,20.52952965936368,6.0,20.0,29.0,46.0,123.0
2015-06-30,CCA,O3,1,673.0,30.37741456166419,29.14577832038113,1.0,8.0,21.0,43.0,171.0
2015-06-30,CCA,PM2.5,2,681.0,18.527165932452277,9.778709423316606,1.0,11.0,17.0,25.0,50.0
2015-06-30,CCA,SO2,1,673.0,3.4368499257057947,4.2168818388968505,0.0,1.0,2.0,4.0,43.0
2015-06-30,CHO,CO,15,676.0,0.6288461538461535,0.36795229159347403,0.1,0.4,0.5,0.7,2.6
2015-06-30,CHO,NO,1,0.0,,,,,,,
2015-06-30,CHO,NO2,1,0.0,,,,,,,
2015-06-30,CHO,NOX,1,0.0,,,,,,,
2015-06-30,CHO,O3,1,674.0,29.23887240356083,23.133007156947148,1.0,10.0,26.0,41.0,116.0
2015-06-30,CHO,PM10,2,665.0,39.427067669172935,29.661410388548333,1.0,17.0,31.0,57.0,190.0
2015-06-30,CHO,SO2,1,642.0,2.3956386292834893,3.042473075514282,0.0,1.0,1.0,3.0,32.0
2015-06-30,COY,NO,1,653.0,13.22052067381317,17.395006909244202,0.0,2.0,5.0,17.0,91.0
2015-06-30,COY,NO2,1,653.0,28.526799387442573,11.383767167524848,5.0,21.0,27.0,35.0,85.0
2015-06-30,COY,NOX,1,653.0,41.74425727411945,24.2986369812883,6.0,24.0,35.0,54.0,132.0
2015-06-30,COY,O3,1,657.0,29.735159817351597,28.012190230985528,2.0,9.0,21.0,42.0,155.0
2015-06-30,COY,PM2.5,2,521.0,35.25911708253359,19.13313774549769,1.0,23.0,32.0,43.0,128.0
2015-06-30,CUA,CO,15,676.0,0.6284023668639057,0.239365440607771,0.2,0.5,0.6,0.8,1.5
2015-06-30,CUA,NO,1,677.0,11.812407680945347,15.338159464634119,1.0,3.0,5.0,14.0,97.0
2015-06-30,CUA,NO2,1,677.0,24.001477104874446,9.355487466932319,6.0,17.0,23.0,30.0,61.0
2015-06-30,CUA,NOX,1,677.0,35.83899556868538,20.99173726276965,7.0,22.0,29.0,44.0,141.0
2015-06-30,CUA,O3,1,677.0,33.26144756277696,28.686035708111117,1.0,12.0,25.0,44.0,164.0
2015-06-30,CUA,PM10,2,687.0,31.065502183406114,17.368080554856387,1.0,18.0,28.0,43.0,94.0
2015-06-30,CUA,SO2,1,648.0,3.509259259259259,5.230091337729741,0.0,1.0,2.0,4.0,50.0
2015-06-30,CUT,NO,1,667.0,10.75112443778111,18.06173458561644,0.0,2.0,3.0,11.5,163.0
2015-06-30,CUT,NO2,1,667.0,20.776611694152923,10.201256704543537,4.0,13.0,19.0,28.0,57.0
2015-06-30,CUT,NOX,1,667.0,31.54272863568216,24.07581656546916,5.0,15.5,24.0,40.0,181.0
2015-06-30,CUT,O3,1,669.0,29.721973094170405,18.042045330113925,2.0,16.0,28.0,40.0,90.0
2015-06-30,CUT,PM10,2,657.0,44.86453576864536,32.470599827781555,1.0,24.0,38.0,58.0,223.0
2015-06-30,CUT,SO2,1,669.0,5.461883408071749,10.54746031999903,0.0,1.0,1.0,4.0,94.0
2015-06-30,FAC,CO,15,674.0,0.7074183976261126,0.4012293664168781,0.2,0.4,0.6,0.9,2.4
2015-06-30,FAC,NO,1,522.0,17.703065134099617,25.012587046134804,1.0,4.0,8.0,19.0,169.0
2015-06-30,FAC,NO2,1,522.0,18.461685823754788,8.932862587365298,4.0,12.0,17.0,23.0,53.0
2015-06-30,FAC,NOX,1,522.0,36.191570881226056,28.7896882168523,5.0,17.0,27.0,45.0,186.0
2015-06-30,FAC,O3,1,663.0,31.357466063348415,25.050109314153453,3.0,12.0,25.0,42.0,127.0
2015-06-30,FAC,PM10,2,681.0,35.013215859030836,21.40673619438478,1.0,20.0,31.0,46.0,113.0
2015-06-30,FAC,SO2,1,674.0,6.489614243323442,9.14392329819993,1.0,2.0,3.0,6.0,76.0
2015-06-30,HGM,CO,15,672.0,0.7424107142857147,0.30801826702478224,0.3,0.5,0.7,0.9,1.9
2015-06-30,HGM,NO,1,671.0,14.906110283159464,17.04397669891603,0.0,3.0,7.0,22.0,92.0
2015-06-30,HGM,NO2,1,671.0,31.183308494783905,12.457117671408419,7.0,22.5,30.0,38.0,86.0
2015-06-30,HGM,NOX,1,671.0,46.08643815201192,24.778209811715772,10.0,26.0,40.0,59.5,131.0
2015-06-30,HGM,O3,1,447.0,22.75615212527964,22.63050941673897,0.0,5.0,15.0,33.0,107.0
2015-06-30,HGM,PM10,2,673.0,45.82763744427935,23.2222057991457,3.0,28.0,42.0,59.0,143.0
2015-06-30,HGM,PM2.5,2,673.0,27.778603268945023,15.675846406055369,1.0,16.0,26.0,38.0,96.0
2015-06-30,HGM,PMCO,2,673.0,18.053491827637444,10.91158148743127,2.0,11.0,15.0,23.0,75.0
2015-06-30,HGM,SO2,1,665.0,5.993984962406015,8.29028825961338,0.0,2.0,3.0,6.0,66.0
2015-06-30,IZT,CO,15,565.0,0.9893805309734521,0.4537790163940776,0.3,0.7,0.9,1.3,3.1
2015-06-30,IZT,NO,1,563.0,18.662522202486677,22.173124992183432,0.0,4.0,8.0,25.0,121.0
2015-06-30,IZT,NO2,1,563.0,33.93250444049733,11.595759070200023,9.0,26.0,33.0,40.0,84.0
2015-06-30,IZT,NOX,1,563.0,52.55239786856128,29.22849010673853,12.0,30.0,43.0,67.0,164.0
2015-06-30,IZT,O3,1,452.0,26.61725663716814,24.984287097492146,3.0,7.0,18.0,37.5,112.0
2015-06-30,IZT,PM10,2,564.0,34.15780141843972,16.412476066886068,1.0,22.0,31.0,43.0,113.0
2015-06-30,IZT,SO2,1,565.0,5.024778761061947,6.958036974707162,0.0,1.0,3.0,6.0,54.0
2015-06-30,LLA,CO,15,0.0,,,,,,,
2015-06-30,LLA,NO,1,662.0,12.578549848942599,18.960641430637406,0.0,2.0,5.0,13.0,123.0
2015-06-30,LLA,NO2,1,662.0,18.981873111782477,9.027423547793571,3.0,11.25,18.0,26.0,58.0
2015-06-30,LLA,NOX,1,662.0,31.561933534743204,24.671302417442103,4.0,14.0,24.0,40.0,150.0
2015-06-30,LLA,O3,1,665.0,25.98796992481203,23.0183891834659,0.0,7.0,19.0,39.0,90.0
2015-06-30,LLA,SO2,1,665.0,5.77593984962406,9.621888875815628,1.0,2.0,2.0,5.0,87.0
2015-06-30,LPR,CO,15,676.0,0.550295857988166,0.41205886100285005,0.0,0.2,0.4,0.8,2.4
2015-06-30,LPR,NO,1,0.0,,,,,,,
2015-06-30,LPR,NO2,1,0.0,,,,,,,
2015-06-30,LPR,NOX,1,0.0,,,,,,,
2015-06-30,LPR,O3,1,676.0,23.535502958579883,19.467966011772923,1.0,8.0,19.0,34.0,97.0
2015-06-30,LPR,SO2,1,676.0,4.464497041420119,6.344685490146848,0.0,2.0,2.0,4.0,52.0
2015-06-30,MER,CO,15,653.0,0.9754977029096477,0.40971328304624416,0.3,0.6,0.9,1.2,2.5
2015-06-30,MER,NO,1,654.0,20.78440366972477,21.217844815574736,1.0,6.0,12.0,29.0,108.0
2015-06-30,MER,NO2,1,654.0,34.276758409785934,11.72077557081275,9.0,26.0,33.0,41.0,80.0
2015-06-30,MER,NOX,1,654.0,55.07645259938838,28.240006631248722,11.0,32.0,48.0,71.0,159.0
2015-06-30,MER,O3,1,653.0,25.479326186830015,26.984742647310846,2.0,5.0,15.0,36.0,146.0
2015-06-30,MER,PM10,2,657.0,45.23439878234399,23.60994979990734,3.0,28.0,41.0,59.0,134.0
2015-06-30,MER,PM2.5,2,657.0,27.984779299847794,16.92432258042848,1.0,16.0,25.0,37.0,99.0
2015-06-30,MER,PMCO,2,657.0,17.273972602739725,9.527934293842756,1.0,11.0,15.0,22.0,65.0
2015-06-30,MER,SO2,1,654.0,5.634556574923548,7.248980392094612,1.0,2.0,3.0,6.75,61.0
2015-06-30,MGH,CO,15,657.0,0.7360730593607305,0.30766396702476034,0.2,0.5,0.7,0.9,1.9
2015-06-30,MGH,NO,1,648.0,17.61574074074074,21.01332908278306,0.0,4.0,8.0,24.0,147.0
2015-06-30,MGH,NO2,1,648.0,27.936728395061728,11.265408878221193,4.0,20.0,26.0,35.0,80.0
2015-06-30,MGH,NOX,1,648.0,45.550925925925924,27.147724548048217,8.0,26.0,37.0,60.25,173.0
2015-06-30,MGH,O3,1,657.0,26.319634703196346,26.893899387344327,0.0,6.0,17.0,37.0,132.0
2015-06-30,MGH,PM10,2,653.0,35.716692189892804,17.26208068375328,6.0,23.0,32.0,46.0,102.0
2015-06-30,MGH,PM2.5,2,653.0,24.37978560490046,12.884325687447594,2.0,15.0,22.0,31.0,82.0
2015-06-30,MGH,PMCO,2,653.0,11.339969372128637,7.155859797879862,2.0,6.0,9.0,15.0,38.0
2015-06-30,MGH,SO2,1,657.0,3.9254185692541856,6.242476631657398,0.0,1.0,2.0,4.0,48.0
2015-06-30,MON,CO,15,588.0,0.28010204081632606,0.21909366458879856,0.0,0.1,0.2,0.3,1.4
2015-06-30,MON,NO,1,588.0,7.755102040816326,14.431577074422153,0.0,1.0,2.0,6.0,107.0
2015-06-30,MON,NO2,1,588.0,15.156462585034014,6.135273144895991,4.0,11.0,14.0,18.0,48.0
2015-06-30,MON,NOX,1,588.0,22.88095238095238,17.044368729720148,5.0,13.0,17.0,27.0,121.0
2015-06-30,MON,O3,1,588.0,26.491496598639454,19.744662983332283,1.0,11.0,24.0,38.0,88.0
2015-06-30,MON,SO2,1,588.0,1.510204081632653,2.607464966749946,0.0,0.0,1.0,2.0,26.0
2015-06-30,NEZ,CO,15,678.0,0.5936578171091457,0.35691673373580346,0.0,0.3,0.5,0.8,2.7
2015-06-30,NEZ,NO,1,678.0,9.073746312684365,12.789415437941743,0.0,2.0,3.0,10.0,94.0
2015-06-30,NEZ,NO2,1,678.0,23.3141592920354,11.226556671498606,5.0,15.0,21.0,29.0,80.0
2015-06-30,NEZ,NOX,1,678.0,32.38495575221239,20.819776934283244,6.0,17.0,25.0,44.0,141.0
2015-06-30,NEZ,O3,1,678.0,29.43510324483776,24.88201537521836,0.0,11.0,22.0,42.0,102.0
2015-06-30,NEZ,PM2.5,2,688.0,18.267441860465116,10.30727267569704,1.0,10.0,17.0,24.0,54.0
2015-06-30,NEZ,SO2,1,678.0,4.281710914454277,7.773871437548474,0.0,1.0,2.0,4.0,105.0
2015-06-30,PED,CO,15,644.0,0.5385093167701859,0.2885717738333786,0.1,0.3,0.5,0.7,1.6
2015-06-30,PED,NO,1,418.0,8.822966507177034,11.992893531398945,1.0,1.25,3.0,11.0,86.0
2015-06-30,PED,NO2,1,418.0,22.198564593301434,9.366059335656118,3.0,15.0,22.0,29.0,51.0
2015-06-30,PED,NOX,1,418.0,31.014354066985646,18.278022989424045,5.0,17.0,26.0,40.75,114.0
2015-06-30,PED,O3,1,560.0,34.01607142857143,31.126749230099982,0.0,11.0,23.0,49.25,179.0
2015-06-30,PED,PM10,2,672.0,38.482142857142854,21.278081671847406,3.0,22.0,34.0,50.0,107.0
2015-06-30,PED,PM2.5,2,672.0,23.22172619047619,13.72977242947439,1.0,14.0,21.0,31.0,75.0
2015-06-30,PED,PMCO,2,672.0,15.25,10.30590240789872,1.0,8.0,12.0,21.0,64.0
2015-06-30,PED,SO2,1,680.0,3.4808823529411765,4.42341997628313,0.0,1.0,2.0,4.0,41.0
2015-06-30,SAG,CO,15,682.0,0.7472140762463346,0.372473785149893,0.2,0.5,0.6,0.9,2.6
2015-06-30,SAG,NO,1,682.0,12.43841642228739,18.286667888160718,0.0,3.0,6.0,13.0,129.0
2015-06-30,SAG,NO2,1,682.0,20.687683284457478,9.288528644264112,3.0,13.0,20.0,26.0,60.0
2015-06-30,SAG,NOX,1,682.0,33.124633431085044,23.71683188729016,4.0,16.0,26.0,41.75,163.0
2015-06-30,SAG,O3,1,682.0,27.79765395894428,23.11822631662998,1.0,10.0,21.0,39.0,107.0
2015-06-30,SAG,PM10,2,680.0,41.088235294117645,24.507060864724764,5.0,26.0,38.0,53.0,397.0
2015-06-30,SAG,PM2.5,2,680.0,23.53235294117647,13.846693125383162,1.0,14.0,21.0,31.0,81.0
2015-06-30,SAG,PMCO,2,680.0,17.554411764705883,16.819582648752384,1.0,10.0,15.0,22.0,376.0
2015-06-30,SAG,SO2,1,682.0,6.614369501466276,9.496546955635845,1.0,3.0,3.0,6.0,88.0
2015-06-30,SFE,CO,15,678.0,0.5797935103244837,0.22215930745722787,0.2,0.4,0.5,0.7,1.6
2015-06-30,SFE,NO,1,612.0,10.700980392156863,15.490997301678071,1.0,2.0,4.0,13.0,97.0
2015-06-30,SFE,NO2,1,612.0,20.437908496732025,7.445012887500626,5.0,15.0,20.0,25.0,49.0
2015-06-30,SFE,NOX,1,612.0,31.11764705882353,19.394244232457837,7.0,18.0,25.0,39.0,118.0
2015-06-30,SFE,O3,1,680.0,32.25147058823529,30.718734444081015,0.0,9.0,24.0,44.25,165.0
2015-06-30,SFE,PM10,2,677.0,36.99113737075332,21.397061500688288,2.0,21.0,33.0,48.0,121.0
2015-06-30,SFE,PM2.5,2,677.0,22.39586410635155,14.072293712280914,1.0,12.0,20.0,29.0,86.0
2015-06-30,SFE,PMCO,2,677.0,14.577548005908419,10.128550858811996,1.0,7.0,12.0,20.0,51.0
2015-06-30,SFE,SO2,1,680.0,2.973529411764706,5.104724129472068,0.0,1.0,1.0,3.0,41.0
2015-06-30,SJA,CO,15,632.0,0.4906645569620248,0.33923312621860874,0.0,0.2,0.4,0.7,2.1
2015-06-30,SJA,NO,1,632.0,15.384493670886076,21.484803461398453,1.0,2.0,6.0,19.0,156.0
2015-06-30,SJA,NO2,1,632.0,28.167721518987342,12.269828321327285,7.0,18.0,28.0,35.25,78.0
2015-06-30,SJA,NOX,1,632.0,43.55854430379747,28.905930655103536,9.0,21.0,36.0,57.25,202.0
2015-06-30,SJA,O3,1,632.0,29.05854430379747,27.92203413561802,2.0,7.0,20.0,41.0,131.0
2015-06-30,SJA,PM2.5,2,633.0,19.75039494470774,10.745514401313462,1.0,12.0,18.0,26.0,60.0
2015-06-30,SJA,SO2,1,632.0,4.3955696202531644,6.079649303180406,1.0,1.0,2.0,5.0,52.0
2015-06-30,SUR,PM10,2,504.0,33.01587301587302,22.22333204335237,1.0,16.0,31.0,47.25,149.0
2015-06-30,TAH,CO,15,674.0,0.3593471810089011,0.2558850060949178,0.0,0.2,0.3,0.5,1.6
2015-06-30,TAH,NO,1,674.0,5.166172106824926,8.855903473720934,0.0,1.0,2.0,5.0,79.0
2015-06-30,TAH,NO2,1,674.0,15.114243323442137,8.426784868239748,1.0,9.0,14.0,20.0,48.0
2015-06-30,TAH,NOX,1,674.0,20.264094955489615,14.426582648747202,2.0,10.0,16.0,27.0,100.0
2015-06-30,TAH,O3,1,670.0,34.07462686567164,25.64813849883613,2.0,15.0,27.0,47.0,125.0
2015-06-30,TAH,PM10,2,671.0,30.262295081967213,21.845175568538227,1.0,15.0,27.0,41.0,138.0
2015-06-30,TAH,SO2,1,674.0,2.691394658753709,3.281224468156976,0.0,1.0,2.0,3.0,45.0
2015-06-30,TLA,CO,15,682.0,0.728885630498534,0.4019061649954489,0.1,0.4,0.6,0.9,2.2
2015-06-30,TLA,NO,1,673.0,23.092124814264487,26.729083062116842,0.0,7.0,12.0,29.0,145.0
2015-06-30,TLA,NO2,1,673.0,31.236255572065378,11.951503900438844,9.0,22.0,29.0,38.0,87.0
2015-06-30,TLA,NOX,1,673.0,54.35512630014859,33.92446364136889,10.0,31.0,44.0,69.0,193.0
2015-06-30,TLA,O3,1,682.0,25.39589442815249,24.26230582310226,1.0,6.0,17.0,39.75,114.0
2015-06-30,TLA,PM10,2,686.0,50.13119533527697,23.367960860406033,10.0,33.0,46.0,63.0,151.0
2015-06-30,TLA,PM2.5,2,686.0,29.071428571428573,14.500012584942933,2.0,18.0,27.0,37.0,90.0
2015-06-30,TLA,PMCO,2,686.0,21.016034985422742,12.29484632492488,2.0,11.0,19.0,28.0,73.0
2015-06-30,TLA,SO2,1,682.0,9.058651026392962,11.476570908692082,1.0,2.0,4.0,10.0,81.0
2015-06-30,TLI,CO,15,642.0,0.5531152647975075,0.3096945540407578,0.1,0.3,0.5,0.7,1.8
2015-06-30,TLI,NO,1,642.0,12.19158878504673,15.999679919742984,1.0,3.0,5.0,14.0,116.0
2015-06-30,TLI,NO2,1,642.0,23.333333333333332,10.71475768467444,6.0,15.0,22.5,30.0,68.0
2015-06-30,TLI,NOX,1,642.0,35.50934579439252,23.446105888155856,8.0,18.0,28.0,46.0,150.0
2015-06-30,TLI,O3,1,642.0,26.777258566978194,23.116916025140164,0.0,8.0,20.0,41.0,102.0
2015-06-30,TLI,PM10,2,645.0,41.57674418604651,25.30403483289198,1.0,24.0,38.0,55.0,164.0
2015-06-30,TLI,SO2,1,642.0,7.7398753894081,12.20825270027652,0.0,1.0,2.0,8.0,69.0
2015-06-30,TPN,O3,1,670.0,32.5955223880597,29.208374276961838,2.0,11.0,23.0,44.0,157.0
2015-06-30,UAX,CO,15,665.0,0.6222556390977444,0.3079533501612407,0.2,0.4,0.6,0.8,1.8
2015-06-30,UAX,NO,1,664.0,9.984939759036145,14.505517200613731,1.0,2.0,3.0,12.0,106.0
2015-06-30,UAX,NO2,1,664.0,21.00602409638554,10.683996285420054,1.0,13.0,20.0,27.0,75.0
2015-06-30,UAX,NOX,1,664.0,30.9894578313253,21.049855572310015,3.0,15.0,26.0,42.0,131.0
2015-06-30,UAX,O3,1,667.0,30.221889055472264,28.912292563734525,0.0,8.0,20.0,45.0,141.0
2015-06-30,UAX,PM2.5,2,665.0,18.866165413533835,10.806421612865517,1.0,11.0,17.0,25.0,62.0
2015-06-30,UAX,SO2,1,662.0,2.7235649546827796,4.286701877956927,0.0,1.0,1.0,3.0,35.0
2015-06-30,UIZ,CO,15,673.0,0.7612184249628522,0.4070761762022489,0.2,0.4,0.7,1.0,3.1
2015-06-30,UIZ,NO,1,672.0,13.03125,18.161157341729577,0.0,2.0,5.0,17.0,120.0
2015-06-30,UIZ,NO2,1,672.0,26.8125,12.659143417764687,4.0,17.0,26.0,35.0,78.0
2015-06-30,UIZ,NOX,1,672.0,39.825892857142854,26.895964202994676,5.0,20.0,33.0,54.0,188.0
2015-06-30,UIZ,O3,1,628.0,30.826433121019107,27.628259150451665,2.0,8.0,22.0,46.0,125.0
2015-06-30,UIZ,PM10,2,683.0,41.40556368960468,22.962249360334596,2.0,26.0,37.0,53.0,161.0
2015-06-30,UIZ,PM2.5,2,683.0,24.547584187408493,15.660492698038627,1.0,13.5,22.0,32.0,95.0
2015-06-30,UIZ,PMCO,2,683.0,16.822840409956076,11.530881886548485,1.0,9.0,14.0,22.0,131.0
2015-06-30,UIZ,SO2,1,500.0,4.328,5.310066818716927,1.0,2.0,2.0,5.0,50.0
2015-06-30,VIF,CO,15,512.0,0.41875000000000057,0.22994936905494442,0.1,0.3,0.35,0.5,1.4
2015-06-30,VIF,NO,1,512.0,6.869140625,10.802463336333421,0.0,1.0,2.0,7.0,87.0
2015-06-30,VIF,NO2,1,512.0,17.3515625,9.610488272385513,3.0,10.0,16.0,24.0,48.0
2015-06-30,VIF,NOX,1,512.0,24.19140625,17.854666719224944,3.0,11.0,19.0,32.0,115.0
2015-06-30,VIF,O3,1,512.0,32.40234375,23.564672104744204,2.0,13.0,27.0,47.25,100.0
2015-06-30,VIF,PM10,2,509.0,44.988212180746565,27.084583510244254,1.0,26.0,42.0,60.0,138.0
2015-06-30,VIF,SO2,1,511.0,6.029354207436399,11.541617761931217,0.0,0.0,1.0,5.0,85.0
2015-06-30,XAL,CO,15,679.0,1.0197349042709862,0.5098665917865312,0.3,0.6,0.9,1.3,3.5
2015-06-30,XAL,NO,1,680.0,27.483823529411765,31.64558479322959,2.0,9.0,15.0,34.0,188.0
2015-06-30,XAL,NO2,1,680.0,30.54264705882353,11.944814394577445,7.0,21.75,29.0,37.25,72.0
2015-06-30,XAL,NOX,1,680.0,58.05882352941177,38.689269424088295,9.0,31.0,44.0,75.0,226.0
2015-06-30,XAL,O3,1,681.0,21.765051395007344,17.841475482343387,2.0,8.0,16.0,32.0,76.0
2015-06-30,XAL,PM10,2,677.0,63.76070901033973,39.65698403722241,6.0,40.0,55.0,80.0,359.0
2015-06-30,XAL,PM2.5,2,677.0,27.500738552437223,16.51237878986208,1.0,16.0,24.0,35.0,96.0
2015-06-30,XAL,PMCO,2,677.0,36.228951255539144,29.0113095819858,3.0,20.0,30.0,44.0,308.0
2015-06-30,XAL,SO2,1,681.0,5.12481644640235,6.610640998782807,0.0,2.0,3.0,6.0,60.0
2015-07-31,ACO,CO,15,582.0,0.22955326460481065,0.15113844429490822,0.0,0.1,0.2,0.3,0.8
2015-07-31,ACO,NO,1,582.0,6.56701030927835,9.708034413944832,0.0,1.0,2.0,7.0,65.0
2015-07-31,ACO,NO2,1,582.0,11.816151202749142,6.24449198653255,2.0,7.0,11.0,16.0,36.0
2015-07-31,ACO,NOX,1,582.0,18.424398625429554,13.766942216869165,3.0,9.0,13.0,24.0,79.0
2015-07-31,ACO,O3,1,581.0,30.20826161790017,22.086421181203335,1.0,11.0,26.0,47.0,96.0
2015-07-31,ACO,PM10,2,587.0,27.37649063032368,12.58078303033965,1.0,19.0,26.0,35.0,71.0
2015-07-31,ACO,SO2,1,582.0,2.058419243986254,2.045108241795946,1.0,1.0,2.0,2.0,33.0
2015-07-31,AJM,CO,15,607.0,0.5866556836902797,0.20303762124316932,0.2,0.4,0.6,0.7,1.4
2015-07-31,AJM,NO,1,627.0,4.845295055821372,6.78515500685991,0.0,1.0,2.0,6.0,53.0
2015-07-31,AJM,NO2,1,627.0,16.976076555023923,8.720787946594356,2.0,11.0,15.0,22.0,50.0
2015-07-31,AJM,NOX,1,627.0,21.85805422647528,13.533319833975828,2.0,12.0,19.0,28.0,89.0
2015-07-31,AJM,O3,1,629.0,43.992050874403816,28.04287437037832,4.0,24.0,36.0,56.0,139.0
2015-07-31,AJM,PM10,2,636.0,28.982704402515722,14.369193301617747,3.0,18.0,27.0,38.0,89.0
2015-07-31,AJM,PM2.5,2,636.0,18.5251572327044,10.135040757507648,1.0,11.0,16.0,24.0,60.0
2015-07-31,AJM,PMCO,2,636.0,10.46069182389937,6.710905133408036,1.0,5.0,9.0,14.0,37.0
2015-07-31,AJM,SO2,1,630.0,1.4904761904761905,1.5796011134120584,0.0,1.0,1.0,2.0,13.0
2015-07-31,AJU,O3,1,607.0,39.58978583196046,26.497675863963636,2.0,19.0,34.0,52.5,133.0
2015-07-31,ATI,CO,15,697.0,0.510186513629843,0.32716492851471773,0.1,0.3,0.4,0.6,2.1
2015-07-31,ATI,NO,1,697.0,11.796269727403157,19.404313949691097,1.0,2.0,4.0,11.0,135.0
2015-07-31,ATI,NO2,1,697.0,19.172166427546628,8.82047481166953,5.0,13.0,17.0,23.0,65.0
2015-07-31,ATI,NOX,1,697.0,30.99139167862267,23.874911937915215,7.0,17.0,23.0,36.0,161.0
2015-07-31,ATI,O3,1,697.0,32.285509325681495,26.23129283178223,2.0,10.0,26.0,50.0,106.0
2015-07-31,ATI,PM10,2,698.0,30.060171919770774,19.557349460098216,1.0,15.0,28.0,41.0,127.0
2015-07-31,ATI,SO2,1,697.0,4.529411764705882,6.253693972597903,1.0,1.0,2.0,5.0,56.0
2015-07-31,CAM,CO,15,609.0,0.8853858784893268,0.466086616495873,0.2,0.6,0.8,1.1,3.0
2015-07-31,CAM,NO,1,695.0,24.33812949640288,31.91540374954039,1.0,5.0,10.0,28.5,194.0
2015-07-31,CAM,NO2,1,695.0,32.89784172661871,11.84358596356503,10.0,25.0,32.0,39.0,87.0
2015-07-31,CAM,NOX,1,695.0,57.235971223021586,37.5038384340888,12.0,31.0,44.0,72.0,237.0
2015-07-31,CAM,O3,1,697.0,26.535150645624103,27.83421230654527,1.0,4.0,15.0,43.0,118.0
2015-07-31,CAM,PM10,2,657.0,41.68493150684932,18.136919160066217,6.0,28.0,40.0,52.0,112.0
2015-07-31,CAM,PM2.5,2,657.0,26.8234398782344,13.205200323668857,1.0,18.0,25.0,34.0,85.0
2015-07-31,CAM,PMCO,2,657.0,14.861491628614916,9.008667552104217,1.0,8.0,13.0,20.0,70.0
2015-07-31,CAM,SO2,1,697.0,4.291248206599713,4.698354538030215,1.0,2.0,3.0,5.0,40.0
2015-07-31,CCA,CO,15,362.0,0.6494475138121558,0.3194736387009527,0.2,0.4,0.6,0.8,1.8
2015-07-31,CCA,NO,1,361.0,10.385041551246537,15.399989107533697,1.0,1.0,3.0,11.0,90.0
2015-07-31,CCA,NO2,1,361.0,22.542936288088644,10.633749271845986,4.0,15.0,20.0,28.0,70.0
2015-07-31,CCA,NOX,1,361.0,32.9224376731302,21.686262180804153,6.0,18.0,26.0,41.0,119.0
2015-07-31,CCA,O3,1,359.0,30.22284122562674,27.667426984221617,1.0,10.0,21.0,44.0,120.0
2015-07-31,CCA,PM2.5,2,367.0,16.77656675749319,7.313375439001359,1.0,12.0,16.0,20.0,43.0
2015-07-31,CCA,SO2,1,362.0,2.7320441988950277,2.298384526780515,1.0,2.0,2.0,3.0,22.0
2015-07-31,CHO,CO,15,697.0,0.6344332855093247,0.32978049375743357,0.2,0.4,0.5,0.8,2.5
2015-07-31,CHO,NO,1,0.0,,,,,,,
2015-07-31,CHO,NO2,1,0.0,,,,,,,
2015-07-31,CHO,NOX,1,0.0,,,,,,,
2015-07-31,CHO,O3,1,692.0,29.223988439306357,23.469605981112974,1.0,8.0,26.5,45.0,103.0
2015-07-31,CHO,PM10,2,705.0,39.96595744680851,24.97445237190588,1.0,22.0,36.0,56.0,150.0
2015-07-31,CHO,SO2,1,696.0,2.278735632183908,1.411119912079791,1.0,2.0,2.0,3.0,20.0
2015-07-31,COY,NO,1,694.0,15.22478386167147,22.18259960920255,0.0,2.0,5.0,20.0,171.0
2015-07-31,COY,NO2,1,694.0,27.563400576368878,11.524158098395953,6.0,19.0,26.0,34.0,72.0
2015-07-31,COY,NOX,1,694.0,42.793948126801155,28.044273762807787,6.0,22.0,34.0,58.0,205.0
2015-07-31,COY,O3,1,491.0,31.054989816700612,28.752906340231075,1.0,8.0,21.0,47.5,133.0
2015-07-31,COY,PM2.5,2,505.0,24.871287128712872,15.669746003310536,1.0,14.0,20.0,32.0,100.0
2015-07-31,CUA,CO,15,699.0,0.6141630901287553,0.24984174190796563,0.2,0.4,0.6,0.7,1.9
2015-07-31,CUA,NO,1,701.0,12.202567760342369,18.65166539396999,1.0,3.0,5.0,13.0,147.0
2015-07-31,CUA,NO2,1,701.0,24.017118402282453,9.951582399596587,2.0,17.0,23.0,30.0,60.0
2015-07-31,CUA,NOX,1,701.0,36.222539229671895,24.75846994696019,5.0,21.0,29.0,42.0,188.0
2015-07-31,CUA,O3,1,703.0,38.00711237553343,31.170904790644247,2.0,15.0,29.0,53.0,155.0
2015-07-31,CUA,PM10,2,707.0,29.896746817538897,16.56250340820662,1.0,17.0,29.0,41.0,81.0
2015-07-31,CUA,SO2,1,520.0,2.1846153846153844,1.5520990343659185,0.0,1.0,2.0,3.0,13.0
2015-07-31,CUT,NO,1,698.0,14.087392550143267,24.643736098976216,0.0,2.0,3.0,13.0,153.0
2015-07-31,CUT,NO2,1,698.0,15.071633237822349,7.739519996878276,3.0,9.0,14.0,20.0,42.0
2015-07-31,CUT,NOX,1,698.0,29.150429799426934,28.32414356787767,4.0,11.0,18.0,36.0,167.0
2015-07-31,CUT,O3,1,698.0,25.653295128939828,20.70105928926261,2.0,6.0,21.0,40.0,83.0
2015-07-31,CUT,PM10,2,658.0,39.95592705167173,27.357538060159772,1.0,20.0,35.0,53.0,153.0
2015-07-31,CUT,SO2,1,698.0,3.9340974212034383,6.49013913557359,0.0,1.0,2.0,3.0,54.0
2015-07-31,FAC,CO,15,581.0,0.7700516351118762,0.4481742626958978,0.2,0.5,0.7,1.0,3.6
2015-07-31,FAC,NO,1,445.0,20.415730337078653,33.150492566545594,0.0,4.0,8.0,19.0,242.0
2015-07-31,FAC,NO2,1,445.0,24.993258426966293,10.902411066431274,6.0,18.0,23.0,31.0,72.0
2015-07-31,FAC,NOX,1,445.0,45.44044943820225,36.9834901048845,6.0,23.0,34.0,53.0,276.0
2015-07-31,FAC,O3,1,581.0,32.433734939759034,27.936093906455703,1.0,10.0,24.0,47.0,119.0
2015-07-31,FAC,PM10,2,588.0,33.00850340136054,22.868223248727713,1.0,16.0,30.0,47.0,138.0
2015-07-31,FAC,SO2,1,581.0,4.3407917383821,5.15794051987344,0.0,2.0,3.0,4.0,51.0
2015-07-31,HGM,CO,15,701.0,0.8520684736091294,0.37165556387845156,0.2,0.6,0.8,1.0,2.2
2015-07-31,HGM,NO,1,702.0,18.584045584045583,23.645459653216687,0.0,3.0,8.0,26.0,146.0
2015-07-31,HGM,NO2,1,702.0,32.48290598290598,12.073201296510783,10.0,23.0,31.0,40.0,78.0
2015-07-31,HGM,NOX,1,702.0,51.04843304843305,30.38479688910137,12.0,28.0,43.0,68.0,180.0
2015-07-31,HGM,O3,1,703.0,29.448079658605973,27.594175830314782,1.0,7.0,19.0,48.0,118.0
2015-07-31,HGM,PM10,2,706.0,41.4957507082153,18.60033124284186,2.0,27.0,39.0,53.0,110.0
2015-07-31,HGM,PM2.5,2,706.0,23.78470254957507,12.093329430719585,1.0,16.0,21.0,30.0,71.0
2015-07-31,HGM,PMCO,2,706.0,17.723796033994333,9.259623341958063,1.0,11.0,16.0,24.0,51.0
2015-07-31,HGM,SO2,1,703.0,3.829302987197724,3.431776337368219,1.0,2.0,3.0,4.0,27.0
2015-07-31,IZT,CO,15,692.0,0.979335260115609,0.47001938904437257,0.4,0.6,0.9,1.2,3.0
2015-07-31,IZT,NO,1,154.0,29.636363636363637,34.843969326917104,2.0,6.0,15.5,41.0,167.0
2015-07-31,IZT,NO2,1,154.0,40.3051948051948,13.476839451287894,15.0,31.0,39.0,50.0,89.0
2015-07-31,IZT,NOX,1,154.0,70.00649350649351,39.80581899085405,17.0,40.0,60.0,88.75,194.0
2015-07-31,IZT,O3,1,692.0,29.78179190751445,28.398244237986585,2.0,5.75,19.0,50.5,121.0
2015-07-31,IZT,PM10,2,704.0,30.214488636363637,13.230025993524887,1.0,21.0,29.0,37.25,75.0
2015-07-31,IZT,SO2,1,692.0,3.346820809248555,2.927676952520854,1.0,2.0,2.0,4.0,22.0
2015-07-31,LLA,CO,15,0.0,,,,,,,
2015-07-31,LLA,NO,1,91.0,16.164835164835164,20.24475994548479,1.0,3.0,10.0,19.5,101.0
2015-07-31,LLA,NO2,1,91.0,24.703296703296704,9.640763576829501,7.0,18.5,25.0,30.5,49.0
2015-07-31,LLA,NOX,1,91.0,41.02197802197802,25.40558907098901,8.0,20.5,38.0,53.0,130.0
2015-07-31,LLA,O3,1,701.0,26.469329529243936,24.49992975456051,0.0,6.0,18.0,44.0,98.0
2015-07-31,LLA,SO2,1,700.0,3.4285714285714284,3.5042236055746225,1.0,2.0,2.0,4.0,39.0
2015-07-31,LPR,CO,15,698.0,0.556876790830946,0.4605716481149939,0.0,0.2,0.4,0.8,3.0
2015-07-31,LPR,NO,1,0.0,,,,,,,
2015-07-31,LPR,NO2,1,0.0,,,,,,,
2015-07-31,LPR,NOX,1,0.0,,,,,,,
2015-07-31,LPR,O3,1,700.0,23.72714285714286,19.945594250923733,1.0,6.0,18.0,37.25,79.0
2015-07-31,LPR,SO2,1,700.0,2.2942857142857145,2.562907287945736,0.0,1.0,2.0,3.0,41.0
2015-07-31,MER,CO,15,405.0,1.016543209876543,0.4873121889909761,0.3,0.7,0.9,1.2,3.0
2015-07-31,MER,NO,1,694.0,25.304034582132566,28.837526875264995,0.0,5.0,13.0,36.0,148.0
2015-07-31,MER,NO2,1,694.0,33.64553314121037,12.255622801950565,9.0,25.0,33.0,40.0,75.0
2015-07-31,MER,NOX,1,694.0,58.955331412103746,35.71071066353781,9.0,31.25,48.0,79.75,197.0
2015-07-31,MER,O3,1,694.0,27.00576368876081,26.923545673059163,1.0,4.0,16.0,42.75,117.0
2015-07-31,MER,PM10,2,689.0,45.660377358490564,21.76167583901822,4.0,30.0,43.0,59.0,128.0
2015-07-31,MER,PM2.5,2,689.0,26.11320754716981,15.258869409493924,1.0,16.0,23.0,33.0,89.0
2015-07-31,MER,PMCO,2,689.0,19.54281567489115,9.677727586913063,2.0,12.0,19.0,25.0,54.0
2015-07-31,MER,SO2,1,694.0,3.8530259365994235,3.204210939134945,1.0,2.0,3.0,4.0,31.0
2015-07-31,MGH,CO,15,696.0,0.7553160919540214,0.3713098154894446,0.2,0.5,0.7,0.9,2.6
2015-07-31,MGH,NO,1,696.0,22.75574712643678,37.748781046811786,0.0,3.0,8.0,24.0,260.0
2015-07-31,MGH,NO2,1,696.0,27.645114942528735,10.248659739770337,4.0,21.0,27.0,33.0,70.0
2015-07-31,MGH,NOX,1,696.0,50.41379310344828,42.40016335631293,6.0,26.0,36.0,58.0,303.0
2015-07-31,MGH,O3,1,696.0,29.938218390804597,29.843822333902892,0.0,7.0,19.5,44.0,136.0
2015-07-31,MGH,PM10,2,699.0,34.15450643776824,15.258297254512064,7.0,22.0,32.0,42.5,86.0
2015-07-31,MGH,PM2.5,2,699.0,22.07296137339056,11.045703372542997,2.0,14.0,20.0,28.0,71.0
2015-07-31,MGH,PMCO,2,699.0,12.070100143061516,7.101148570581773,1.0,6.0,11.0,16.0,36.0
2015-07-31,MGH,SO2,1,696.0,2.221264367816092,3.1681702245516603,0.0,1.0,1.0,3.0,29.0
2015-07-31,MON,CO,15,604.0,0.3571192052980126,0.2491091504764698,0.0,0.2,0.3,0.4,1.8
2015-07-31,MON,NO,1,628.0,10.640127388535031,19.95300174839928,0.0,1.0,3.0,9.25,163.0
2015-07-31,MON,NO2,1,628.0,16.441082802547772,6.488466035138472,4.0,12.0,15.0,20.0,45.0
2015-07-31,MON,NOX,1,628.0,27.089171974522294,22.86765914386469,5.0,14.0,19.0,31.0,189.0
2015-07-31,MON,O3,1,628.0,27.27547770700637,21.198738427927893,0.0,7.0,25.0,43.0,91.0
2015-07-31,MON,SO2,1,326.0,0.8466257668711656,1.0703432782826263,0.0,0.0,1.0,1.0,6.0
2015-07-31,NEZ,CO,15,697.0,0.6667144906743182,0.4426406137122236,0.1,0.4,0.6,0.9,2.9
2015-07-31,NEZ,NO,1,697.0,14.631276901004304,20.6193692475311,0.0,2.0,6.0,19.0,147.0
2015-07-31,NEZ,NO2,1,697.0,27.896700143472025,13.081780917324057,7.0,17.0,26.0,37.0,94.0
2015-07-31,NEZ,NOX,1,697.0,42.51219512195122,29.173188425408718,8.0,20.0,36.0,57.0,188.0
2015-07-31,NEZ,O3,1,697.0,29.149210903873744,27.266629484191025,0.0,5.0,21.0,50.0,107.0
2015-07-31,NEZ,PM2.5,2,703.0,17.219061166429587,8.635897433009584,1.0,11.0,17.0,22.0,62.0
2015-07-31,NEZ,SO2,1,697.0,2.284074605451937,1.6865565596530705,1.0,1.0,2.0,3.0,17.0
2015-07-31,PED,CO,15,697.0,0.5159253945480635,0.28870805193762056,0.1,0.3,0.5,0.7,1.7
2015-07-31,PED,NO,1,630.0,6.787301587301587,12.263631552020708,0.0,0.0,2.0,8.0,94.0
2015-07-31,PED,NO2,1,630.0,20.901587301587302,9.380822911341847,4.0,14.0,19.0,27.0,69.0
2015-07-31,PED,NOX,1,630.0,27.711111111111112,18.000327775774785,4.0,15.0,23.5,34.0,115.0
2015-07-31,PED,O3,1,674.0,34.47329376854599,31.707664015771453,0.0,11.0,23.0,50.0,147.0
2015-07-31,PED,PM10,2,708.0,34.521186440677965,17.604112697898895,4.0,20.0,33.0,46.0,89.0
2015-07-31,PED,PM2.5,2,708.0,19.23446327683616,11.123905416078586,1.0,11.0,17.0,25.0,65.0
2015-07-31,PED,PMCO,2,708.0,15.295197740112995,8.848185525267679,1.0,8.0,14.0,21.0,49.0
2015-07-31,PED,SO2,1,697.0,2.167862266857963,1.8820690935660023,0.0,1.0,2.0,2.0,24.0
2015-07-31,SAG,CO,15,705.0,0.7958865248226955,0.39402149896997785,0.2,0.5,0.7,1.0,2.5
2015-07-31,SAG,NO,1,703.0,14.992887624466572,20.94827996930869,0.0,3.0,6.0,18.0,123.0
2015-07-31,SAG,NO2,1,703.0,21.728307254623044,9.662178938075307,4.0,14.0,21.0,27.0,61.0
2015-07-31,SAG,NOX,1,703.0,36.72688477951636,25.950137423612407,5.0,18.0,28.0,49.0,143.0
2015-07-31,SAG,O3,1,705.0,27.577304964539007,24.441896456403665,1.0,7.0,19.0,44.0,98.0
2015-07-31,SAG,PM10,2,701.0,40.89586305278174,18.550679540993848,2.0,28.0,38.0,51.0,110.0
2015-07-31,SAG,PM2.5,2,701.0,21.236804564907274,11.660230973099805,1.0,13.0,20.0,27.0,77.0
2015-07-31,SAG,PMCO,2,701.0,19.670470756062766,11.276706633248816,1.0,11.0,18.0,26.0,78.0
2015-07-31,SAG,SO2,1,705.0,4.343262411347518,2.876958447690127,1.0,3.0,3.0,5.0,25.0
2015-07-31,SFE,CO,15,608.0,0.5381578947368412,0.21734786321545682,0.2,0.4,0.5,0.625,1.5
2015-07-31,SFE,NO,1,0.0,,,,,,,
2015-07-31,SFE,NO2,1,0.0,,,,,,,
2015-07-31,SFE,NOX,1,0.0,,,,,,,
2015-07-31,SFE,O3,1,697.0,36.37015781922525,32.40735023947534,0.0,12.0,26.0,52.0,155.0
2015-07-31,SFE,PM10,2,644.0,34.599378881987576,19.892973342768563,2.0,20.0,31.0,45.0,127.0
2015-07-31,SFE,PM2.5,2,644.0,19.812111801242235,12.68571314841644,1.0,11.0,17.0,25.0,80.0
2015-07-31,SFE,PMCO,2,644.0,14.770186335403727,9.790494928501179,1.0,7.0,13.0,21.0,51.0
2015-07-31,SFE,SO2,1,697.0,1.697274031563845,1.5495294153368664,0.0,1.0,1.0,2.0,12.0
2015-07-31,SJA,CO,15,529.0,0.5667296786389409,0.3930129401255724,0.0,0.3,0.5,0.8,2.1
2015-07-31,SJA,NO,1,693.0,20.707070707070706,29.637831611803477,1.0,2.0,7.0,26.0,169.0
2015-07-31,SJA,NO2,1,693.0,28.738816738816737,13.060758738644694,7.0,18.0,28.0,37.0,77.0
2015-07-31,SJA,NOX,1,693.0,49.43434343434343,36.38788828992142,8.0,21.0,39.0,68.0,194.0
2015-07-31,SJA,O3,1,693.0,29.00865800865801,28.887262130043897,1.0,4.0,18.0,49.0,120.0
2015-07-31,SJA,PM2.5,2,698.0,18.492836676217767,8.99788466958145,1.0,12.0,18.0,23.0,56.0
2015-07-31,SJA,SO2,1,693.0,2.5064935064935066,2.0255666370638323,0.0,1.0,2.0,3.0,16.0
2015-07-31,TAH,CO,15,682.0,0.3766862170087963,0.267141585679712,0.0,0.2,0.3,0.5,1.6
2015-07-31,TAH,NO,1,682.0,5.019061583577713,8.579827466390563,0.0,1.0,1.0,6.0,62.0
2015-07-31,TAH,NO2,1,682.0,16.18475073313783,8.96663102643387,2.0,9.0,15.0,21.0,49.0
2015-07-31,TAH,NOX,1,682.0,21.20967741935484,14.874167069266528,2.0,10.0,17.0,30.0,86.0
2015-07-31,TAH,O3,1,684.0,34.65350877192982,25.208904094585225,1.0,14.75,29.0,51.0,112.0
2015-07-31,TAH,PM10,2,675.0,33.767407407407404,25.03144855694522,1.0,16.0,29.0,45.0,187.0
2015-07-31,TAH,SO2,1,593.0,2.3709949409780777,1.7351596200548676,1.0,2.0,2.0,3.0,16.0
2015-07-31,TLA,CO,15,678.0,0.8492625368731566,0.4333488012646545,0.2,0.5,0.7,1.1,2.9
2015-07-31,TLA,NO,1,672.0,26.227678571428573,33.59773795652306,0.0,7.0,12.0,32.0,213.0
2015-07-31,TLA,NO2,1,672.0,31.03125,12.262184472302922,9.0,22.0,29.0,37.0,84.0
2015-07-31,TLA,NOX,1,672.0,57.25,39.810355204646434,11.0,30.0,43.0,72.25,255.0
2015-07-31,TLA,O3,1,678.0,27.85693215339233,26.284634531139417,0.0,7.0,17.0,43.0,108.0
2015-07-31,TLA,PM10,2,391.0,47.65217391304348,22.12242716619319,4.0,31.0,43.0,60.0,137.0
2015-07-31,TLA,PM2.5,2,391.0,26.785166240409207,13.547253857800028,1.0,17.0,24.0,34.0,83.0
2015-07-31,TLA,PMCO,2,391.0,20.874680306905372,12.275351510454865,3.0,11.0,18.0,29.0,70.0
2015-07-31,TLA,SO2,1,607.0,6.299835255354201,6.232226210365834,1.0,2.0,4.0,7.0,50.0
2015-07-31,TLI,CO,15,702.0,0.5343304843304841,0.31591778153488337,0.1,0.3,0.4,0.7,2.1
2015-07-31,TLI,NO,1,702.0,14.079772079772079,20.351530233119462,1.0,3.0,5.0,15.0,118.0
2015-07-31,TLI,NO2,1,702.0,22.165242165242166,10.914976290884606,5.0,13.0,20.0,30.0,73.0
2015-07-31,TLI,NOX,1,702.0,36.22934472934473,27.067941028537025,7.0,16.0,27.0,47.0,147.0
2015-07-31,TLI,O3,1,701.0,26.99857346647646,24.126778204590934,0.0,7.0,19.0,44.0,98.0
2015-07-31,TLI,PM10,2,701.0,40.208273894436516,24.156737954196778,1.0,23.0,38.0,53.0,175.0
2015-07-31,TLI,SO2,1,702.0,4.353276353276353,5.964993870492884,0.0,1.0,3.0,5.0,51.0
2015-07-31,TPN,O3,1,123.0,23.073170731707318,19.755128295265894,2.0,8.0,16.0,35.5,100.0
2015-07-31,UAX,CO,15,697.0,0.6595408895265421,0.325583148544077,0.2,0.4,0.6,0.8,2.5
2015-07-31,UAX,NO,1,693.0,12.021645021645021,19.664846254543868,0.0,1.0,4.0,14.0,145.0
2015-07-31,UAX,NO2,1,693.0,21.516594516594516,11.159449918789445,4.0,13.0,20.0,28.0,66.0
2015-07-31,UAX,NOX,1,693.0,33.55122655122655,25.7326020539023,5.0,15.0,26.0,45.0,172.0
2015-07-31,UAX,O3,1,697.0,33.318507890961264,30.838457742424996,0.0,7.0,23.0,54.0,134.0
2015-07-31,UAX,PM2.5,2,680.0,16.28529411764706,7.98845383108977,1.0,10.0,16.0,22.0,48.0
2015-07-31,UAX,SO2,1,697.0,1.6456241032998564,2.2917484270206274,0.0,1.0,1.0,2.0,23.0
2015-07-31,UIZ,CO,15,692.0,0.8336705202312124,0.4523063215426008,0.2,0.5,0.7,1.1,2.7
2015-07-31,UIZ,NO,1,692.0,18.19508670520231,24.852929585161082,0.0,2.0,7.0,24.0,149.0
2015-07-31,UIZ,NO2,1,692.0,28.320809248554912,13.439082709097717,4.0,19.0,28.0,36.0,89.0
2015-07-31,UIZ,NOX,1,692.0,46.52745664739884,33.05708079847758,5.0,22.0,37.0,64.0,186.0
2015-07-31,UIZ,O3,1,692.0,31.01878612716763,29.310078275890895,2.0,5.75,20.0,54.0,124.0
2015-07-31,UIZ,PM10,2,679.0,40.544918998527244,18.73988930821069,4.0,26.0,39.0,53.0,121.0
2015-07-31,UIZ,PM2.5,2,679.0,23.371134020618555,12.886300735556501,1.0,15.0,21.0,29.0,92.0
2015-07-31,UIZ,PMCO,2,679.0,17.169366715758468,9.176210330470719,2.0,10.0,16.0,22.0,48.0
2015-07-31,UIZ,SO2,1,692.0,3.0216763005780347,2.409182522688676,1.0,2.0,2.0,3.0,21.0
2015-07-31,VIF,CO,15,687.0,0.4299854439592432,0.26639341523929677,0.1,0.3,0.3,0.5,1.9
2015-07-31,VIF,NO,1,687.0,9.132459970887918,16.6569287163157,0.0,1.0,3.0,8.0,128.0
2015-07-31,VIF,NO2,1,687.0,17.282387190684133,9.366619043737494,4.0,10.0,15.0,24.0,48.0
2015-07-31,VIF,NOX,1,687.0,26.395924308588064,22.346277877266797,5.0,11.0,18.0,34.0,151.0
2015-07-31,VIF,O3,1,687.0,30.46579330422125,23.372535842197873,1.0,11.0,25.0,46.5,101.0
2015-07-31,VIF,PM10,2,695.0,43.53237410071942,25.13769061215244,1.0,27.0,40.0,55.0,153.0
2015-07-31,VIF,SO2,1,687.0,3.4745269286754,5.160302641763795,0.0,1.0,1.0,4.0,47.0
2015-07-31,XAL,CO,15,693.0,1.1105339105339103,0.5855350579794331,0.3,0.7,0.9,1.4,3.8
2015-07-31,XAL,NO,1,669.0,35.22720478325859,41.61009969366076,1.0,9.0,18.0,45.0,257.0
2015-07-31,XAL,NO2,1,669.0,32.08370702541106,12.115543562640045,7.0,24.0,31.0,39.0,77.0
2015-07-31,XAL,NOX,1,669.0,67.34379671150971,47.515848707328914,8.0,34.0,51.0,88.0,287.0
2015-07-31,XAL,O3,1,669.0,21.979073243647235,19.7742387843153,1.0,5.0,15.0,36.0,83.0
2015-07-31,XAL,PM10,2,322.0,61.183229813664596,28.406384995963872,15.0,41.0,53.5,79.0,186.0
2015-07-31,XAL,PM2.5,2,322.0,26.714285714285715,14.32529452386133,1.0,17.0,24.0,33.0,79.0
2015-07-31,XAL,PMCO,2,322.0,34.46894409937888,19.044969691041544,5.0,22.0,31.0,43.0,145.0
2015-07-31,XAL,SO2,1,658.0,3.5516717325227964,2.5591163218379616,1.0,2.0,3.0,5.0,32.0
2015-08-31,ACO,CO,15,653.0,0.27519142419601755,0.16203319488722384,0.0,0.2,0.2,0.3,1.0
2015-08-31,ACO,NO,1,644.0,5.25,7.970664526973596,0.0,1.0,2.0,5.0,46.0
2015-08-31,ACO,NO2,1,644.0,10.613354037267081,6.528169031989938,2.0,6.0,9.0,14.0,49.0
2015-08-31,ACO,NOX,1,644.0,15.861801242236025,12.536770198694175,3.0,7.0,11.0,21.0,75.0
2015-08-31,ACO,O3,1,685.0,31.144525547445255,19.692990558833273,1.0,16.0,29.0,45.0,94.0
2015-08-31,ACO,PM10,2,696.0,22.29597701149425,11.016340298685824,1.0,14.0,21.0,29.0,89.0
2015-08-31,ACO,SO2,1,458.0,2.336244541484716,2.2278417009886033,1.0,1.0,2.0,3.0,24.0
2015-08-31,AJM,CO,15,675.0,0.5359999999999991,0.18551076336278224,0.2,0.4,0.5,0.6,1.3
2015-08-31,AJM,NO,1,675.0,4.333333333333333,5.662359449916553,0.0,1.0,2.0,5.0,41.0
2015-08-31,AJM,NO2,1,675.0,16.62962962962963,8.036582474814256,2.0,11.0,16.0,21.0,49.0
2015-08-31,AJM,NOX,1,675.0,21.0,11.879214073454833,2.0,12.0,19.0,27.0,69.0
2015-08-31,AJM,O3,1,671.0,43.59016393442623,26.910917029083556,5.0,25.0,36.0,56.0,139.0
2015-08-31,AJM,PM10,2,704.0,25.005681818181817,12.892595892117686,3.0,16.0,22.0,31.0,82.0
2015-08-31,AJM,PM2.5,2,704.0,16.438920454545453,9.8882355764744,1.0,10.0,14.0,22.0,66.0
2015-08-31,AJM,PMCO,2,704.0,8.553977272727273,4.870433465194378,1.0,5.0,7.0,11.0,27.0
2015-08-31,AJM,SO2,1,675.0,1.9807407407407407,3.2034730850394557,0.0,1.0,1.0,2.0,37.0
2015-08-31,AJU,O3,1,670.0,40.028358208955225,25.232445871432144,3.0,22.0,35.0,54.0,124.0
2015-08-31,ATI,CO,15,688.0,0.43938953488372096,0.2940520099869522,0.1,0.2,0.3,0.6,2.4
2015-08-31,ATI,NO,1,688.0,9.406976744186046,14.715054155327403,1.0,2.0,4.0,9.0,143.0
2015-08-31,ATI,NO2,1,688.0,17.625,9.102301482883238,3.0,11.0,15.0,22.0,75.0
2015-08-31,ATI,NOX,1,688.0,27.031976744186046,20.426788947671255,4.0,14.0,20.0,33.0,162.0
2015-08-31,ATI,O3,1,688.0,32.53343023255814,23.087871858087002,2.0,15.0,27.0,46.0,117.0
2015-08-31,ATI,PM10,2,697.0,28.83500717360115,17.59685944684987,1.0,17.0,25.0,38.0,102.0
2015-08-31,ATI,SO2,1,688.0,5.084302325581396,7.070976254336991,1.0,2.0,3.0,5.0,98.0
2015-08-31,BJU,CO,15,677.0,0.4898079763663216,0.324948050096823,0.0,0.3,0.4,0.6,2.6
2015-08-31,BJU,O3,1,686.0,32.24052478134111,26.861399146428784,0.0,12.0,24.0,46.0,118.0
2015-08-31,BJU,PM10,2,604.0,31.039735099337747,16.14142751385705,5.0,20.0,27.0,38.0,110.0
2015-08-31,BJU,PM2.5,2,604.0,19.69039735099338,12.491264231343436,1.0,11.0,17.0,25.0,90.0
2015-08-31,BJU,PMCO,2,604.0,11.347682119205299,5.873597606865397,1.0,7.0,10.0,15.0,41.0
2015-08-31,CAM,CO,15,693.0,0.7952380952380963,0.459759747692943,0.2,0.5,0.7,1.0,3.5
2015-08-31,CAM,NO,1,670.0,19.13134328358209,30.388624892491716,1.0,5.0,9.0,19.0,232.0
2015-08-31,CAM,NO2,1,670.0,29.98358208955224,12.380297972257814,11.0,21.0,27.0,38.0,96.0
2015-08-31,CAM,NOX,1,670.0,49.12238805970149,37.0891134712783,12.0,27.0,37.0,58.0,273.0
2015-08-31,CAM,O3,1,693.0,27.36940836940837,25.028810897413486,0.0,8.0,21.0,38.0,121.0
2015-08-31,CAM,PM10,2,711.0,35.63853727144866,16.68617138842493,3.0,25.0,34.0,44.0,109.0
2015-08-31,CAM,PM2.5,2,711.0,22.22222222222222,13.240403853723743,1.0,13.0,21.0,29.0,84.0
2015-08-31,CAM,PMCO,2,711.0,13.430379746835444,7.155841088689373,1.0,8.0,12.0,17.0,45.0
2015-08-31,CAM,SO2,1,690.0,3.9318840579710144,5.5446202369002435,0.0,1.0,2.0,4.0,45.0
2015-08-31,CCA,CO,15,636.0,0.5688679245283014,0.3233768307324807,0.1,0.4,0.5,0.7,2.1
2015-08-31,CCA,NO,1,622.0,9.003215434083602,17.135624274416276,0.0,1.0,3.0,9.0,173.0
2015-08-31,CCA,NO2,1,622.0,22.60128617363344,9.93141690904951,6.0,16.0,21.0,28.0,65.0
2015-08-31,CCA,NOX,1,622.0,31.635048231511256,22.473249653703178,7.0,17.0,26.0,37.0,198.0
2015-08-31,CCA,O3,1,636.0,32.583333333333336,27.73271138637352,1.0,11.0,25.0,47.0,138.0
2015-08-31,CCA,PM2.5,2,648.0,14.169753086419753,7.5731698336941475,1.0,9.0,13.0,18.0,50.0
2015-08-31,CCA,SO2,1,636.0,2.7358490566037736,3.457189847285267,0.0,1.0,2.0,3.0,34.0
2015-08-31,CHO,CO,15,694.0,0.6331412103746401,0.3206634360102741,0.2,0.4,0.5,0.8,2.7
2015-08-31,CHO,NO,1,0.0,,,,,,,
2015-08-31,CHO,NO2,1,0.0,,,,,,,
2015-08-31,CHO,NOX,1,0.0,,,,,,,
2015-08-31,CHO,O3,1,694.0,31.236311239193082,23.525898196254047,1.0,11.0,28.0,47.0,108.0
2015-08-31,CHO,PM10,2,695.0,34.79568345323741,21.183056515948486,1.0,19.0,31.0,46.5,125.0
2015-08-31,CHO,SO2,1,694.0,2.152737752161383,2.5322764365939183,0.0,1.0,2.0,2.0,28.0
2015-08-31,COY,NO,1,578.0,11.889273356401384,17.36841659847893,0.0,2.0,5.0,14.0,117.0
2015-08-31,COY,NO2,1,578.0,25.35121107266436,10.9306704547199,6.0,17.0,24.0,31.0,79.0
2015-08-31,COY,NOX,1,578.0,37.21280276816609,24.2234265508408,6.0,19.0,30.0,48.75,140.0
2015-08-31,COY,O3,1,293.0,32.36518771331058,25.66618724150538,1.0,14.0,27.0,44.0,143.0
2015-08-31,COY,PM2.5,2,590.0,18.27457627118644,11.276093575467337,1.0,11.0,15.0,23.0,74.0
2015-08-31,CUA,CO,15,652.0,0.5579754601226987,0.192519584685557,0.2,0.4,0.5,0.6,1.6
2015-08-31,CUA,NO,1,652.0,7.776073619631902,11.638124406698244,1.0,3.0,4.0,8.0,120.0
2015-08-31,CUA,NO2,1,652.0,19.01840490797546,8.523914054929712,5.0,13.0,18.0,24.0,63.0
2015-08-31,CUA,NOX,1,652.0,26.788343558282207,17.59210091081469,5.0,16.0,22.0,31.0,153.0
2015-08-31,CUA,O3,1,652.0,40.010736196319016,25.80486042545084,2.0,23.0,33.0,51.25,132.0
2015-08-31,CUA,PM10,2,657.0,24.269406392694062,13.34059657109467,1.0,14.0,23.0,32.0,72.0
2015-08-31,CUA,SO2,1,0.0,,,,,,,
2015-08-31,CUT,NO,1,677.0,11.141802067946823,21.934355634546833,0.0,1.0,2.0,8.0,165.0
2015-08-31,CUT,NO2,1,677.0,14.537666174298375,8.479551588198301,3.0,8.0,13.0,20.0,49.0
2015-08-31,CUT,NOX,1,677.0,25.688330871491875,26.38907895115635,3.0,10.0,16.0,31.0,193.0
2015-08-31,CUT,O3,1,677.0,24.413589364844903,18.412121159402737,1.0,8.0,22.0,36.0,80.0
2015-08-31,CUT,PM10,2,672.0,36.635416666666664,26.192616708146392,1.0,19.0,30.0,47.0,191.0
2015-08-31,CUT,SO2,1,677.0,3.604135893648449,8.42175160099382,1.0,1.0,2.0,3.0,138.0
2015-08-31,FAC,CO,15,691.0,0.6240231548480459,0.4854420003408855,0.1,0.3,0.5,0.7,3.9
2015-08-31,FAC,NO,1,668.0,18.29940119760479,33.652695697029664,0.0,2.0,7.0,16.0,273.0
2015-08-31,FAC,NO2,1,668.0,22.288922155688624,11.149605382516233,4.0,15.0,20.0,28.0,79.0
2015-08-31,FAC,NOX,1,668.0,40.59580838323353,38.670616675948686,4.0,19.0,28.0,46.0,298.0
2015-08-31,FAC,O3,1,691.0,32.515195369030394,24.461700038348187,1.0,14.0,27.0,45.0,120.0
2015-08-31,FAC,PM10,2,696.0,29.46264367816092,18.737452539690885,1.0,15.0,26.0,40.0,113.0
2015-08-31,FAC,SO2,1,691.0,5.198263386396527,5.89298747051345,1.0,3.0,3.0,5.0,84.0
2015-08-31,HGM,CO,15,686.0,0.6979591836734687,0.34783405485727853,0.0,0.4,0.6,0.9,2.5
2015-08-31,HGM,NO,1,691.0,13.11287988422576,18.03648457702183,0.0,2.0,6.0,18.0,113.0
2015-08-31,HGM,NO2,1,691.0,28.31259044862518,11.803124154290245,7.0,19.0,27.0,36.0,102.0
2015-08-31,HGM,NOX,1,691.0,41.41823444283647,25.772531446641878,6.0,22.0,35.0,53.0,179.0
2015-08-31,HGM,O3,1,661.0,30.422087745839637,26.457892146708037,0.0,10.0,23.0,44.0,141.0
2015-08-31,HGM,PM10,2,698.0,34.570200573065904,18.005142744212925,2.0,23.0,31.0,43.0,142.0
2015-08-31,HGM,PM2.5,2,698.0,20.081661891117477,12.954746601188825,1.0,11.0,18.0,25.0,123.0
2015-08-31,HGM,PMCO,2,698.0,14.511461318051577,7.28576453523722,1.0,9.0,14.0,19.0,40.0
2015-08-31,HGM,SO2,1,691.0,4.136034732272069,4.615539715196905,1.0,2.0,3.0,4.0,35.0
2015-08-31,INN,CO,15,272.0,0.43051470588235285,0.20416988748679565,0.0,0.3,0.4,0.5,1.3
2015-08-31,INN,O3,1,269.0,36.6728624535316,18.975751602119427,7.0,24.0,34.0,45.0,114.0
2015-08-31,INN,PM10,2,267.0,16.48689138576779,9.98131790984948,4.0,9.0,14.0,20.0,55.0
2015-08-31,INN,PM2.5,2,267.0,12.02247191011236,7.84527662324667,2.0,6.0,10.0,15.0,50.0
2015-08-31,INN,PMCO,2,267.0,4.449438202247191,3.502988743105604,1.0,2.0,3.0,5.0,18.0
2015-08-31,IZT,CO,15,671.0,0.8906110283159472,0.4120767380324319,0.3,0.6,0.8,1.1,3.3
2015-08-31,IZT,NO,1,671.0,14.296572280178838,20.27600530721659,0.0,3.0,6.0,15.0,152.0
2015-08-31,IZT,NO2,1,671.0,28.81371087928465,10.183225441279706,10.0,21.0,27.0,35.0,74.0
2015-08-31,IZT,NOX,1,671.0,43.114754098360656,26.243184301646554,10.0,26.0,35.0,52.0,185.0
2015-08-31,IZT,O3,1,450.0,31.448888888888888,26.1563452612627,2.0,11.0,24.0,46.5,119.0
2015-08-31,IZT,PM10,2,710.0,26.86056338028169,13.484211933717537,1.0,17.0,24.0,34.0,128.0
2015-08-31,IZT,SO2,1,580.0,2.803448275862069,2.5991871665019235,0.0,1.0,2.0,4.0,19.0
2015-08-31,LLA,CO,15,0.0,,,,,,,
2015-08-31,LLA,NO,1,0.0,,,,,,,
2015-08-31,LLA,NO2,1,0.0,,,,,,,
2015-08-31,LLA,NOX,1,0.0,,,,,,,
2015-08-31,LLA,O3,1,688.0,26.92296511627907,21.481955365691704,0.0,10.0,22.0,40.0,86.0
2015-08-31,LLA,SO2,1,689.0,3.606676342525399,6.740455061153562,1.0,2.0,2.0,3.0,73.0
2015-08-31,LPR,CO,15,686.0,0.46865889212828077,0.3774214592840666,0.0,0.2,0.4,0.6,2.7
2015-08-31,LPR,NO,1,0.0,,,,,,,
2015-08-31,LPR,NO2,1,0.0,,,,,,,
2015-08-31,LPR,NOX,1,0.0,,,,,,,
2015-08-31,LPR,O3,1,686.0,25.131195335276967,16.723522156340564,1.0,12.0,23.0,36.0,79.0
2015-08-31,LPR,SO2,1,686.0,2.2259475218658893,3.380488915123263,0.0,1.0,2.0,2.0,30.0
2015-08-31,MER,CO,15,517.0,0.7419729206963239,0.39951323973387176,0.2,0.4,0.7,1.0,2.4
2015-08-31,MER,NO,1,610.0,20.43606557377049,21.860807863742444,2.0,6.0,12.0,26.75,129.0
2015-08-31,MER,NO2,1,610.0,29.79672131147541,11.760946299922473,8.0,21.0,28.5,38.0,71.0
2015-08-31,MER,NOX,1,610.0,50.252459016393445,29.348288506798557,11.0,27.25,43.0,67.0,199.0
2015-08-31,MER,O3,1,615.0,27.721951219512196,24.090405650279337,1.0,9.0,21.0,38.0,112.0
2015-08-31,MER,PM10,2,595.0,38.26386554621849,19.461676625775816,2.0,25.0,35.0,48.0,116.0
2015-08-31,MER,PM2.5,2,595.0,22.087394957983193,13.599703865251398,1.0,12.0,20.0,30.0,77.0
2015-08-31,MER,PMCO,2,595.0,16.181512605042016,8.073567112724241,1.0,10.0,16.0,21.0,49.0
2015-08-31,MER,SO2,1,355.0,4.233802816901409,3.977903078113153,1.0,2.0,3.0,5.0,36.0
2015-08-31,MGH,CO,15,694.0,0.6331412103746389,0.3086482004363346,0.2,0.4,0.6,0.7,2.1
2015-08-31,MGH,NO,1,695.0,15.401438848920863,24.47756717397994,0.0,3.0,6.0,17.0,245.0
2015-08-31,MGH,NO2,1,695.0,26.246043165467626,10.61080729440773,8.0,19.0,24.0,32.0,83.0
2015-08-31,MGH,NOX,1,695.0,41.68920863309353,30.34458369230479,10.0,23.0,32.0,49.0,279.0
2015-08-31,MGH,O3,1,695.0,30.693525179856117,26.917199349867417,0.0,11.0,22.0,43.0,125.0
2015-08-31,MGH,PM10,2,701.0,28.534950071326676,13.87414829938105,5.0,19.0,26.0,35.0,97.0
2015-08-31,MGH,PM2.5,2,701.0,18.463623395149785,11.04667515567961,1.0,11.0,16.0,22.0,81.0
2015-08-31,MGH,PMCO,2,701.0,10.054208273894437,5.260627350637405,1.0,6.0,9.0,14.0,28.0
2015-08-31,MGH,SO2,1,695.0,2.5366906474820143,4.0761509201048,0.0,1.0,1.0,3.0,43.0
2015-08-31,MON,CO,15,479.0,0.3716075156576195,0.2943465289528255,0.0,0.2,0.3,0.4,1.8
2015-08-31,MON,NO,1,486.0,11.569958847736626,23.762967003786503,0.0,1.0,2.0,8.0,152.0
2015-08-31,MON,NO2,1,486.0,14.814814814814815,6.359558652477031,3.0,11.0,14.0,18.0,39.0
2015-08-31,MON,NOX,1,486.0,26.390946502057613,26.189543839574,3.0,13.0,17.0,29.0,170.0
2015-08-31,MON,O3,1,569.0,26.34622144112478,19.350946876789838,0.0,10.0,25.0,39.0,80.0
2015-08-31,MON,SO2,1,0.0,,,,,,,
2015-08-31,NEZ,CO,15,687.0,0.6093158660844245,0.3674043745346547,0.1,0.3,0.5,0.8,2.9
2015-08-31,NEZ,NO,1,687.0,8.816593886462883,13.872119553908211,0.0,2.0,4.0,10.0,130.0
2015-08-31,NEZ,NO2,1,687.0,22.7117903930131,11.123539934183325,5.0,14.0,21.0,29.0,65.0
2015-08-31,NEZ,NOX,1,687.0,31.497816593886462,21.328533384498336,6.0,16.0,25.0,41.0,163.0
2015-08-31,NEZ,O3,1,661.0,30.75642965204236,24.20035640778052,0.0,11.0,25.0,45.0,103.0
2015-08-31,NEZ,PM2.5,2,691.0,14.542691751085384,8.452552190970318,1.0,9.0,13.0,18.0,64.0
2015-08-31,NEZ,SO2,1,687.0,2.2561863173216885,3.7042468748507504,0.0,1.0,1.0,2.0,44.0
2015-08-31,PED,CO,15,657.0,0.4509893455098939,0.25213072769839767,0.0,0.3,0.4,0.6,1.9
2015-08-31,PED,NO,1,690.0,6.265217391304348,10.508028944759628,0.0,1.0,2.0,6.75,106.0
2015-08-31,PED,NO2,1,690.0,20.214492753623187,9.35963099768708,4.0,13.0,19.0,25.0,66.0
2015-08-31,PED,NOX,1,690.0,26.50144927536232,16.926482310621775,4.0,15.0,22.0,33.0,139.0
2015-08-31,PED,O3,1,690.0,34.15942028985507,27.57253170717689,0.0,14.0,26.0,47.0,127.0
2015-08-31,PED,PM10,2,702.0,29.867521367521366,15.282255450382818,6.0,19.0,27.0,37.0,99.0
2015-08-31,PED,PM2.5,2,702.0,16.955840455840455,10.367404137527824,1.0,10.0,15.0,21.0,70.0
2015-08-31,PED,PMCO,2,702.0,12.921652421652421,7.385714213335841,1.0,7.0,12.0,17.75,45.0
2015-08-31,PED,SO2,1,690.0,2.4985507246376812,3.3586961303848413,0.0,1.0,1.0,2.0,34.0
2015-08-31,SAG,CO,15,676.0,0.6167159763313598,0.33293556148290104,0.1,0.4,0.5,0.8,2.0
2015-08-31,SAG,NO,1,677.0,10.759231905465288,15.83773837407374,0.0,3.0,5.0,10.0,133.0
2015-08-31,SAG,NO2,1,677.0,19.093057607090103,9.098827657980717,5.0,12.0,18.0,24.0,62.0
2015-08-31,SAG,NOX,1,677.0,29.85228951255539,21.002438184439594,6.0,15.0,23.0,37.0,153.0
2015-08-31,SAG,O3,1,675.0,29.013333333333332,21.43511636660393,1.0,13.0,24.0,40.0,97.0
2015-08-31,SAG,PM10,2,652.0,31.48159509202454,14.83057306034272,5.0,21.0,29.0,40.0,97.0
2015-08-31,SAG,PM2.5,2,652.0,16.82668711656442,10.564949123921393,1.0,9.0,15.0,23.0,63.0
2015-08-31,SAG,PMCO,2,652.0,14.659509202453988,8.085223008374802,1.0,9.0,13.0,19.0,53.0
2015-08-31,SAG,SO2,1,670.0,2.6417910447761193,4.238768655766605,0.0,1.0,2.0,3.0,61.0
2015-08-31,SFE,CO,15,650.0,0.47769230769230697,0.16785852534922602,0.2,0.4,0.5,0.6,1.2
2015-08-31,SFE,NO,1,0.0,,,,,,,
2015-08-31,SFE,NO2,1,0.0,,,,,,,
2015-08-31,SFE,NOX,1,0.0,,,,,,,
2015-08-31,SFE,O3,1,650.0,37.29846153846154,27.764198007576436,0.0,18.25,29.0,49.75,132.0
2015-08-31,SFE,PM10,2,638.0,26.836990595611287,16.261841333346354,2.0,15.0,24.0,34.0,87.0
2015-08-31,SFE,PM2.5,2,638.0,16.628526645768027,11.370108765355907,1.0,9.0,15.0,21.75,61.0
2015-08-31,SFE,PMCO,2,638.0,10.219435736677116,6.750693783389092,1.0,5.0,9.0,14.75,38.0
2015-08-31,SFE,SO2,1,650.0,2.227692307692308,3.4351355801068166,0.0,1.0,1.0,2.0,33.0
2015-08-31,SJA,CO,15,531.0,0.822975517890774,0.3603973139852704,0.3,0.6,0.7,1.0,2.6
2015-08-31,SJA,NO,1,0.0,,,,,,,
2015-08-31,SJA,NO2,1,0.0,,,,,,,
2015-08-31,SJA,NOX,1,0.0,,,,,,,
2015-08-31,SJA,O3,1,687.0,31.7962154294032,25.812721742039287,1.0,11.0,26.0,45.0,118.0
2015-08-31,SJA,PM2.5,2,680.0,15.522058823529411,8.650952693213428,1.0,9.0,14.0,21.0,50.0
2015-08-31,SJA,SO2,1,687.0,2.363901018922853,2.9492858119694145,0.0,1.0,1.0,3.0,27.0
2015-08-31,TAH,CO,15,610.0,0.3621311475409831,0.21615854087170408,0.0,0.2,0.3,0.5,1.5
2015-08-31,TAH,NO,1,610.0,5.50327868852459,8.15011997278625,0.0,2.0,2.0,5.0,55.0
2015-08-31,TAH,NO2,1,610.0,15.89672131147541,7.660755925545244,4.0,10.0,15.0,20.0,46.0
2015-08-31,TAH,NOX,1,610.0,21.398360655737704,13.524058618319797,5.0,12.0,17.0,27.0,79.0
2015-08-31,TAH,O3,1,610.0,37.24590163934426,26.13427229578767,1.0,17.0,31.0,53.0,125.0
2015-08-31,TAH,PM10,2,586.0,29.56655290102389,22.64063000984059,1.0,13.0,26.0,39.0,163.0
2015-08-31,TAH,SO2,1,610.0,2.3901639344262295,2.9207206590983303,0.0,1.0,2.0,2.0,32.0
2015-08-31,TLA,CO,15,689.0,0.7525399129172717,0.4194370104613564,0.1,0.5,0.7,0.9,3.4
2015-08-31,TLA,NO,1,639.0,20.272300469483568,28.21043348749199,0.0,6.0,10.0,23.0,255.0
2015-08-31,TLA,NO2,1,639.0,28.488262910798124,12.028809589645013,5.0,20.0,26.0,36.0,88.0
2015-08-31,TLA,NOX,1,639.0,48.708920187793424,34.71522885799396,5.0,26.0,38.0,60.0,289.0
2015-08-31,TLA,O3,1,685.0,26.7007299270073,22.85300246551096,0.0,9.0,20.0,39.0,111.0
2015-08-31,TLA,PM10,2,503.0,40.6520874751491,17.39774423877735,4.0,29.0,38.0,50.0,104.0
2015-08-31,TLA,PM2.5,2,503.0,23.226640159045726,12.410649826952204,1.0,15.0,21.0,30.0,69.0
2015-08-31,TLA,PMCO,2,503.0,17.443339960238568,8.326999142479735,2.0,11.5,17.0,22.0,53.0
2015-08-31,TLA,SO2,1,642.0,5.7367601246105915,6.811538396094191,1.0,2.0,4.0,6.0,73.0
2015-08-31,TLI,CO,15,693.0,0.4933621933621932,0.34176832333393464,0.1,0.3,0.4,0.7,2.3
2015-08-31,TLI,NO,1,693.0,11.435786435786436,19.335208252666376,1.0,3.0,4.0,10.0,156.0
2015-08-31,TLI,NO2,1,693.0,20.545454545454547,11.774606394868243,4.0,11.0,18.0,28.0,65.0
2015-08-31,TLI,NOX,1,693.0,31.97835497835498,26.876582500112775,7.0,14.0,22.0,41.0,189.0
2015-08-31,TLI,O3,1,693.0,28.154401154401153,21.633123255480676,0.0,12.0,23.0,40.0,110.0
2015-08-31,TLI,PM10,2,698.0,36.17621776504298,22.50978824917756,1.0,21.0,32.0,47.0,158.0
2015-08-31,TLI,SO2,1,693.0,4.425685425685426,7.1344866668293285,0.0,2.0,2.0,4.0,62.0
2015-08-31,UAX,CO,15,693.0,0.5268398268398257,0.26944810652693885,0.2,0.3,0.5,0.7,1.7
2015-08-31,UAX,NO,1,692.0,9.010115606936417,15.179053336398203,0.0,1.0,2.5,10.0,140.0
2015-08-31,UAX,NO2,1,692.0,19.897398843930635,9.59345194840857,3.0,12.0,19.0,26.0,53.0
2015-08-31,UAX,NOX,1,692.0,28.893063583815028,20.383092462352263,4.0,14.0,23.0,38.0,163.0
2015-08-31,UAX,O3,1,692.0,34.26445086705202,28.700020560290767,0.0,11.0,26.0,52.0,133.0
2015-08-31,UAX,PM2.5,2,697.0,14.553802008608322,8.039613884681652,1.0,9.0,13.0,19.0,55.0
2015-08-31,UAX,SO2,1,689.0,2.042089985486212,3.3949730687060944,0.0,1.0,1.0,2.0,45.0
2015-08-31,UIZ,CO,15,618.0,0.6647249190938508,0.38088654418357637,0.2,0.4,0.6,0.9,2.4
2015-08-31,UIZ,NO,1,686.0,12.782798833819243,18.55835684529827,0.0,2.0,4.5,15.0,116.0
2015-08-31,UIZ,NO2,1,686.0,24.79008746355685,12.091486574593706,5.0,15.0,24.0,32.0,79.0
2015-08-31,UIZ,NOX,1,686.0,37.56997084548105,26.543948996340305,6.0,17.0,30.0,50.0,149.0
2015-08-31,UIZ,O3,1,686.0,32.106413994169095,26.49641848207532,2.0,11.0,24.5,48.0,118.0
2015-08-31,UIZ,PM10,2,411.0,35.07542579075426,19.67409227462491,6.0,22.0,31.0,42.0,117.0
2015-08-31,UIZ,PM2.5,2,411.0,20.683698296836983,14.503563967268727,1.0,11.0,17.0,26.0,88.0
2015-08-31,UIZ,PMCO,2,411.0,14.386861313868613,7.468550166400192,3.0,8.5,13.0,19.0,44.0
2015-08-31,UIZ,SO2,1,686.0,3.260932944606414,3.6203586955643177,1.0,2.0,2.0,3.0,46.0
2015-08-31,VIF,CO,15,517.0,0.4139264990328826,0.2639140731336445,0.1,0.2,0.3,0.5,2.1
2015-08-31,VIF,NO,1,517.0,7.713733075435203,16.200753194231293,0.0,1.0,2.0,7.0,177.0
2015-08-31,VIF,NO2,1,517.0,16.566731141199227,10.559075946146502,3.0,9.0,14.0,22.0,69.0
2015-08-31,VIF,NOX,1,517.0,24.264990328820115,22.443671796979345,4.0,11.0,16.0,30.0,202.0
2015-08-31,VIF,O3,1,517.0,32.518375241779495,22.753612688500713,1.0,16.0,27.0,47.0,113.0
2015-08-31,VIF,PM10,2,517.0,39.88201160541586,24.765638028392356,1.0,23.0,37.0,52.0,152.0
2015-08-31,VIF,SO2,1,514.0,4.031128404669261,7.671051624921621,0.0,1.0,2.0,3.0,61.0
2015-08-31,XAL,CO,15,693.0,0.9555555555555573,0.503816519598834,0.3,0.6,0.8,1.2,3.6
2015-08-31,XAL,NO,1,693.0,24.871572871572873,31.097868307553593,1.0,7.0,13.0,27.0,225.0
2015-08-31,XAL,NO2,1,693.0,27.50793650793651,12.789492071268903,6.0,18.0,25.0,35.0,84.0
2015-08-31,XAL,NOX,1,693.0,52.41702741702742,38.840798507796364,7.0,27.0,39.0,65.0,265.0
2015-08-31,XAL,O3,1,692.0,23.820809248554912,16.927006839952504,1.0,11.0,21.0,33.0,74.0
2015-08-31,XAL,PM10,2,704.0,47.49715909090909,24.93525026945303,7.0,30.0,41.5,60.0,143.0
2015-08-31,XAL,PM2.5,2,704.0,21.765625,14.141548608563495,1.0,12.0,18.0,28.25,80.0
2015-08-31,XAL,PMCO,2,704.0,25.741477272727273,14.203206661336436,2.0,16.0,23.0,33.0,86.0
2015-08-31,XAL,SO2,1,693.0,3.057720057720058,4.170792192271673,0.0,1.0,2.0,4.0,36.0
2015-09-30,ACO,CO,15,0.0,,,,,,,
2015-09-30,ACO,NO,1,0.0,,,,,,,
2015-09-30,ACO,NO2,1,0.0,,,,,,,
2015-09-30,ACO,NOX,1,0.0,,,,,,,
2015-09-30,ACO,O3,1,0.0,,,,,,,
2015-09-30,ACO,PM10,2,0.0,,,,,,,
2015-09-30,ACO,SO2,1,0.0,,,,,,,
2015-09-30,AJM,CO,15,659.0,0.6528072837632775,0.22758914391312568,0.2,0.5,0.6,0.8,1.7
2015-09-30,AJM,NO,1,658.0,5.808510638297872,7.606361226746906,0.0,1.0,3.0,7.0,45.0
2015-09-30,AJM,NO2,1,658.0,19.299392097264437,8.097956199378984,4.0,13.0,19.0,24.0,57.0
2015-09-30,AJM,NOX,1,658.0,25.112462006079028,13.371274659303657,4.0,16.0,22.0,31.0,80.0
2015-09-30,AJM,O3,1,659.0,38.61153262518968,28.571899184818417,2.0,18.0,30.0,52.0,147.0
2015-09-30,AJM,PM10,2,672.0,25.78720238095238,13.77661737148896,2.0,16.0,23.0,33.0,85.0
2015-09-30,AJM,PM2.5,2,672.0,18.492559523809526,10.690885207690812,1.0,11.0,16.0,24.0,67.0
2015-09-30,AJM,PMCO,2,672.0,7.306547619047619,5.126252700738373,1.0,4.0,6.0,10.0,34.0
2015-09-30,AJM,SO2,1,661.0,2.1316187594553706,4.358472968606293,0.0,1.0,1.0,2.0,48.0
2015-09-30,AJU,O3,1,604.0,34.52483443708609,23.821636397801495,3.0,17.0,30.0,45.0,136.0
2015-09-30,ATI,CO,15,0.0,,,,,,,
2015-09-30,ATI,NO,1,0.0,,,,,,,
2015-09-30,ATI,NO2,1,0.0,,,,,,,
2015-09-30,ATI,NOX,1,0.0,,,,,,,
2015-09-30,ATI,O3,1,0.0,,,,,,,
2015-09-30,ATI,PM10,2,0.0,,,,,,,
2015-09-30,ATI,SO2,1,0.0,,,,,,,
2015-09-30,BJU,CO,15,625.0,0.7623999999999994,0.4107653893991127,0.2,0.5,0.7,0.9,2.7
2015-09-30,BJU,O3,1,625.0,28.3872,28.734368593402884,0.0,7.0,17.0,42.0,128.0
2015-09-30,BJU,PM10,2,641.0,30.712948517940717,15.79077967355976,3.0,19.0,27.0,39.0,89.0
2015-09-30,BJU,PM2.5,2,641.0,20.641185647425896,12.257617064178643,1.0,12.0,18.0,26.0,64.0
2015-09-30,BJU,PMCO,2,641.0,10.081123244929797,5.991632393292283,1.0,6.0,9.0,13.0,32.0
2015-09-30,BJU,SO2,1,269.0,4.204460966542751,8.228036037867646,0.0,1.0,1.0,2.0,52.0
2015-09-30,CAM,CO,15,496.0,0.9135080645161289,0.5232368101832964,0.3,0.6,0.8,1.1,3.7
2015-09-30,CAM,NO,1,207.0,31.3768115942029,40.86994579634733,1.0,5.0,13.0,40.5,239.0
2015-09-30,CAM,NO2,1,207.0,37.22222222222222,13.701707387366666,14.0,27.0,35.0,43.5,87.0
2015-09-30,CAM,NOX,1,207.0,68.58454106280193,46.54907998274305,15.0,39.0,51.0,82.0,281.0
2015-09-30,CAM,O3,1,496.0,23.70766129032258,27.519565524197493,0.0,3.0,12.0,37.0,131.0
2015-09-30,CAM,PM10,2,491.0,37.15274949083503,16.716089267052155,5.0,26.0,34.0,46.0,108.0
2015-09-30,CAM,PM2.5,2,491.0,24.45010183299389,12.64616804870706,1.0,16.0,22.0,30.0,76.0
2015-09-30,CAM,PMCO,2,491.0,12.70061099796334,8.102782315882168,1.0,7.0,11.0,16.0,57.0
2015-09-30,CAM,SO2,1,494.0,4.977732793522267,6.839325948770595,1.0,2.0,3.0,4.0,69.0
2015-09-30,CCA,CO,15,672.0,0.7153273809523811,0.33992224932033466,0.2,0.5,0.6,0.8,2.7
2015-09-30,CCA,NO,1,644.0,11.253105590062113,19.9983570005083,0.0,1.0,4.0,13.0,204.0
2015-09-30,CCA,NO2,1,644.0,26.305900621118013,11.069323306879395,8.0,18.0,24.0,31.0,70.0
2015-09-30,CCA,NOX,1,644.0,37.515527950310556,25.565846577600105,8.0,21.0,30.0,47.0,223.0
2015-09-30,CCA,O3,1,672.0,29.02827380952381,29.912601524303128,0.0,6.0,18.0,42.0,141.0
2015-09-30,CCA,PM2.5,2,687.0,15.157205240174672,7.518395500047394,1.0,10.0,14.0,19.0,47.0
2015-09-30,CCA,SO2,1,672.0,3.4404761904761907,5.5697205456120695,1.0,2.0,2.0,3.0,60.0
2015-09-30,CHO,CO,15,664.0,0.6831325301204823,0.35054597436974194,0.2,0.5,0.6,0.8,2.9
2015-09-30,CHO,NO,1,0.0,,,,,,,
2015-09-30,CHO,NO2,1,0.0,,,,,,,
2015-09-30,CHO,NOX,1,0.0,,,,,,,
2015-09-30,CHO,O3,1,662.0,24.8987915407855,21.109190197437155,1.0,6.0,20.0,39.0,104.0
2015-09-30,CHO,PM10,2,630.0,30.265079365079366,20.4981185590556,1.0,16.0,27.0,40.0,122.0
2015-09-30,CHO,SO2,1,647.0,1.9211746522411128,2.7549504856580778,0.0,1.0,1.0,2.0,36.0
2015-09-30,COY,NO,1,665.0,14.04360902255639,18.65991351795367,0.0,2.0,6.0,19.0,106.0
2015-09-30,COY,NO2,1,665.0,27.54436090225564,11.240319888457558,6.0,20.0,26.0,32.0,78.0
2015-09-30,COY,NOX,1,665.0,41.55488721804511,25.057591694553118,7.0,24.0,34.0,54.0,140.0
2015-09-30,COY,O3,1,665.0,29.333834586466164,29.74109891955028,1.0,7.0,17.0,43.0,138.0
2015-09-30,COY,PM2.5,2,678.0,20.89085545722714,11.963381061234298,1.0,12.0,18.0,26.0,68.0
2015-09-30,CUA,CO,15,671.0,0.5988077496274216,0.2185400888791718,0.2,0.4,0.6,0.7,1.9
2015-09-30,CUA,NO,1,671.0,9.730253353204173,13.074309767856413,1.0,3.0,5.0,10.0,114.0
2015-09-30,CUA,NO2,1,671.0,21.92101341281669,9.697885114182341,6.0,15.0,21.0,28.0,64.0
2015-09-30,CUA,NOX,1,671.0,31.660208643815203,19.34496454095305,7.0,19.0,26.0,39.0,149.0
2015-09-30,CUA,O3,1,668.0,35.30688622754491,27.100017103712677,2.0,17.0,27.0,48.0,143.0
2015-09-30,CUA,PM10,2,676.0,23.74852071005917,14.867177296696989,1.0,13.0,21.0,33.0,94.0
2015-09-30,CUA,SO2,1,0.0,,,,,,,
2015-09-30,CUT,NO,1,667.0,11.712143928035982,22.799318111681156,0.0,1.0,3.0,10.0,216.0
2015-09-30,CUT,NO2,1,667.0,15.145427286356822,8.91121484871255,2.0,8.0,13.0,20.0,53.0
2015-09-30,CUT,NOX,1,667.0,26.856071964017993,27.06260628656896,3.0,10.0,17.0,34.0,242.0
2015-09-30,CUT,O3,1,667.0,22.194902548725636,18.105739747793045,1.0,6.0,18.0,35.0,81.0
2015-09-30,CUT,PM10,2,659.0,33.69954476479514,20.845156072990655,1.0,20.5,29.0,43.0,156.0
2015-09-30,CUT,SO2,1,663.0,3.377073906485671,5.8430803865679435,0.0,1.0,1.0,2.0,57.0
2015-09-30,FAC,CO,15,632.0,0.7314873417721517,0.5982057190034135,0.1,0.4,0.6,0.9,4.0
2015-09-30,FAC,NO,1,632.0,23.03481012658228,37.623273013257936,0.0,4.0,9.0,24.0,260.0
2015-09-30,FAC,NO2,1,632.0,24.588607594936708,13.0707593944831,5.0,15.0,22.0,31.0,108.0
2015-09-30,FAC,NOX,1,632.0,47.642405063291136,42.70826075269621,4.0,21.0,35.0,57.0,280.0
2015-09-30,FAC,O3,1,553.0,28.981916817359856,25.97496771448292,1.0,9.0,21.0,42.0,123.0
2015-09-30,FAC,PM10,2,642.0,28.730529595015575,19.367791814801556,1.0,14.0,25.0,39.0,114.0
2015-09-30,FAC,SO2,1,632.0,4.6044303797468356,7.319200331617688,1.0,2.0,2.0,4.0,87.0
2015-09-30,HGM,CO,15,486.0,0.7936213991769544,0.4339467075870813,0.2,0.5,0.7,1.0,2.8
2015-09-30,HGM,NO,1,269.0,21.237918215613384,27.780104904154392,0.0,2.0,8.0,32.0,144.0
2015-09-30,HGM,NO2,1,269.0,36.50557620817844,13.537570941599338,15.0,26.0,33.0,44.0,84.0
2015-09-30,HGM,NOX,1,269.0,57.784386617100374,34.20621694517995,17.0,31.0,47.0,77.0,184.0
2015-09-30,HGM,O3,1,486.0,27.849794238683128,29.620417692657053,1.0,5.0,16.0,41.0,137.0
2015-09-30,HGM,PM10,2,226.0,42.7212389380531,21.352641059971678,5.0,27.25,38.0,52.75,102.0
2015-09-30,HGM,PM2.5,2,226.0,27.1858407079646,14.992767840271886,1.0,16.0,24.0,36.0,66.0
2015-09-30,HGM,PMCO,2,226.0,15.548672566371682,8.637377328736852,1.0,10.0,14.0,20.0,61.0
2015-09-30,HGM,SO2,1,483.0,4.575569358178054,6.425763709462656,1.0,2.0,3.0,4.0,46.0
2015-09-30,INN,CO,15,675.0,0.3423703703703703,0.17888629831857936,0.0,0.2,0.3,0.5,0.9
2015-09-30,INN,O3,1,668.0,33.16766467065868,20.45154516132185,3.0,19.0,27.0,41.0,134.0
2015-09-30,INN,PM10,2,654.0,16.750764525993883,10.629380431518287,2.0,8.0,14.0,23.0,64.0
2015-09-30,INN,PM2.5,2,654.0,12.726299694189603,8.233202087180983,1.0,6.0,11.0,17.0,52.0
2015-09-30,INN,PMCO,2,654.0,3.9984709480122325,3.2139146341449694,1.0,2.0,3.0,5.0,19.0
2015-09-30,IZT,CO,15,664.0,1.024246987951807,0.5075294662540318,0.4,0.7,0.9,1.2,3.6
2015-09-30,IZT,NO,1,664.0,18.28614457831325,23.76156168628068,1.0,4.0,8.0,23.0,137.0
2015-09-30,IZT,NO2,1,664.0,30.40963855421687,11.587074657350408,9.0,23.0,28.0,36.0,77.0
2015-09-30,IZT,NOX,1,664.0,48.70933734939759,29.901671490591827,10.0,27.75,39.0,61.0,178.0
2015-09-30,IZT,O3,1,664.0,27.373493975903614,28.471821254911113,2.0,6.0,16.0,41.25,138.0
2015-09-30,IZT,PM10,2,678.0,26.374631268436577,11.802964080680463,2.0,18.0,25.0,33.0,84.0
2015-09-30,IZT,SO2,1,594.0,3.3956228956228958,4.7258802046977975,0.0,1.0,2.0,3.0,38.0
2015-09-30,LLA,CO,15,0.0,,,,,,,
2015-09-30,LLA,NO,1,0.0,,,,,,,
2015-09-30,LLA,NO2,1,0.0,,,,,,,
2015-09-30,LLA,NOX,1,0.0,,,,,,,
2015-09-30,LLA,O3,1,234.0,25.581196581196583,24.106964540036575,0.0,3.0,19.0,42.0,89.0
2015-09-30,LLA,SO2,1,242.0,4.0041322314049586,7.039602222520963,0.0,1.0,2.0,3.0,59.0
2015-09-30,LPR,CO,15,664.0,0.5626506024096387,0.40612530097266175,0.0,0.3,0.5,0.8,2.6
2015-09-30,LPR,NO,1,0.0,,,,,,,
2015-09-30,LPR,NO2,1,0.0,,,,,,,
2015-09-30,LPR,NOX,1,0.0,,,,,,,
2015-09-30,LPR,O3,1,663.0,24.08446455505279,20.23910209850354,1.0,8.0,20.0,35.0,88.0
2015-09-30,LPR,SO2,1,664.0,2.644578313253012,4.21484134988702,0.0,1.0,2.0,2.25,50.0
2015-09-30,MER,CO,15,612.0,0.969607843137255,0.514494819809735,0.3,0.6,0.9,1.2,3.4
2015-09-30,MER,NO,1,631.0,25.13312202852615,28.023482719489557,1.0,6.0,13.0,35.0,176.0
2015-09-30,MER,NO2,1,631.0,33.61172741679873,12.649730106733484,11.0,25.0,31.0,39.0,88.0
2015-09-30,MER,NOX,1,631.0,58.77179080824089,34.67209522231645,12.0,33.0,48.0,77.0,227.0
2015-09-30,MER,O3,1,633.0,22.914691943127963,26.58022824968341,1.0,3.0,12.0,33.0,129.0
2015-09-30,MER,PM10,2,645.0,43.43255813953488,19.433207646694598,4.0,30.0,41.0,55.0,101.0
2015-09-30,MER,PM2.5,2,645.0,25.71472868217054,13.894875394625629,1.0,16.0,24.0,34.0,70.0
2015-09-30,MER,PMCO,2,645.0,17.74108527131783,8.817134754555175,1.0,12.0,17.0,22.0,75.0
2015-09-30,MER,SO2,1,592.0,3.277027027027027,4.577323560474143,0.0,1.0,2.0,3.0,51.0
2015-09-30,MGH,CO,15,638.0,0.7512539184952977,0.36073794257144864,0.2,0.5,0.7,0.9,2.6
2015-09-30,MGH,NO,1,640.0,20.7921875,30.258028615176453,0.0,5.0,9.0,25.0,343.0
2015-09-30,MGH,NO2,1,640.0,27.95,11.119524201437454,6.0,20.0,26.0,33.0,80.0
2015-09-30,MGH,NOX,1,640.0,48.74375,34.796209185900196,8.0,27.0,37.0,59.0,382.0
2015-09-30,MGH,O3,1,637.0,26.365777080062795,27.912029764361062,0.0,5.0,15.0,40.0,131.0
2015-09-30,MGH,PM10,2,662.0,30.34894259818731,14.068042681957914,5.0,19.0,27.0,39.0,81.0
2015-09-30,MGH,PM2.5,2,662.0,21.211480362537763,10.94121223576093,1.0,13.0,19.0,27.0,66.0
2015-09-30,MGH,PMCO,2,662.0,9.143504531722055,5.2894104052272635,1.0,5.0,8.0,12.0,29.0
2015-09-30,MGH,SO2,1,641.0,2.9812792511700468,5.482611055506245,0.0,1.0,1.0,3.0,60.0
2015-09-30,MON,CO,15,404.0,0.42499999999999977,0.3022557870315216,0.0,0.2,0.3,0.5,1.9
2015-09-30,MON,NO,1,582.0,9.654639175257731,22.113055717702768,0.0,1.0,2.0,6.0,174.0
2015-09-30,MON,NO2,1,582.0,11.972508591065292,7.6143672670066564,1.0,6.0,10.0,16.0,40.0
2015-09-30,MON,NOX,1,582.0,21.647766323024054,25.324428217382977,2.0,7.0,13.0,25.75,189.0
2015-09-30,MON,O3,1,582.0,23.977663230240548,19.308560238629944,1.0,7.0,20.0,38.0,89.0
2015-09-30,MON,SO2,1,0.0,,,,,,,
2015-09-30,NEZ,CO,15,673.0,0.6315007429420504,0.492249731326,0.0,0.3,0.5,0.9,3.1
2015-09-30,NEZ,NO,1,670.0,13.316417910447761,20.702567282397396,0.0,2.0,5.0,14.0,162.0
2015-09-30,NEZ,NO2,1,670.0,26.211940298507464,12.797602568690214,7.0,16.0,23.0,34.0,73.0
2015-09-30,NEZ,NOX,1,670.0,39.52089552238806,28.529302259048876,8.0,20.0,30.0,51.0,192.0
2015-09-30,NEZ,O3,1,666.0,26.527027027027028,25.361862716911173,0.0,7.0,18.0,41.0,128.0
2015-09-30,NEZ,PM2.5,2,686.0,15.959183673469388,9.388520490304721,1.0,10.0,14.0,21.0,86.0
2015-09-30,NEZ,SO2,1,673.0,2.821693907875186,5.459074368401639,0.0,1.0,2.0,3.0,69.0
2015-09-30,PED,CO,15,664.0,0.57484939759036,0.2975262132506655,0.1,0.4,0.5,0.7,2.0
2015-09-30,PED,NO,1,576.0,8.819444444444445,13.914848010994664,0.0,1.0,3.0,10.0,124.0
2015-09-30,PED,NO2,1,576.0,23.145833333333332,10.112562140401343,6.0,16.0,22.0,29.0,56.0
2015-09-30,PED,NOX,1,576.0,31.95486111111111,20.073292937930766,6.0,18.0,27.0,40.0,155.0
2015-09-30,PED,O3,1,665.0,30.849624060150376,30.011668473901477,1.0,9.0,21.0,44.0,146.0
2015-09-30,PED,PM10,2,414.0,32.089371980676326,17.718521057543775,2.0,20.0,28.0,40.0,102.0
2015-09-30,PED,PM2.5,2,414.0,17.33816425120773,10.99313642405329,1.0,10.0,15.0,22.0,64.0
2015-09-30,PED,PMCO,2,414.0,14.76328502415459,8.803037381982927,1.0,8.0,13.0,20.0,56.0
2015-09-30,PED,SO2,1,657.0,2.863013698630137,5.132641719984607,0.0,1.0,2.0,2.0,62.0
2015-09-30,SAG,CO,15,667.0,0.6667166416791594,0.36531509589285194,0.1,0.4,0.6,0.8,2.4
2015-09-30,SAG,NO,1,669.0,13.342301943198803,17.715846489762068,0.0,3.0,6.0,15.0,149.0
2015-09-30,SAG,NO2,1,669.0,20.39611360239163,9.33315751418993,5.0,14.0,18.0,25.0,56.0
2015-09-30,SAG,NOX,1,669.0,33.76532137518684,22.56587679645244,6.0,17.0,26.0,44.0,174.0
2015-09-30,SAG,O3,1,649.0,25.12326656394453,22.164304339273926,1.0,8.0,18.0,38.0,111.0
2015-09-30,SAG,PM10,2,674.0,30.56528189910979,14.114771940025411,3.0,20.0,29.0,38.0,116.0
2015-09-30,SAG,PM2.5,2,674.0,18.17507418397626,10.20410875249889,1.0,11.0,17.0,24.0,88.0
2015-09-30,SAG,PMCO,2,674.0,12.376854599406528,6.5100538239034496,1.0,8.0,12.0,15.0,48.0
2015-09-30,SAG,SO2,1,669.0,3.2481315396113604,8.898025933632981,0.0,1.0,2.0,3.0,105.0
2015-09-30,SFE,CO,15,0.0,,,,,,,
2015-09-30,SFE,NO,1,0.0,,,,,,,
2015-09-30,SFE,NO2,1,0.0,,,,,,,
2015-09-30,SFE,NOX,1,0.0,,,,,,,
2015-09-30,SFE,O3,1,0.0,,,,,,,
2015-09-30,SFE,PM10,2,0.0,,,,,,,
2015-09-30,SFE,PM2.5,2,0.0,,,,,,,
2015-09-30,SFE,PMCO,2,0.0,,,,,,,
2015-09-30,SFE,SO2,1,0.0,,,,,,,
2015-09-30,SJA,CO,15,0.0,,,,,,,
2015-09-30,SJA,NO,1,0.0,,,,,,,
2015-09-30,SJA,NO2,1,0.0,,,,,,,
2015-09-30,SJA,NOX,1,0.0,,,,,,,
2015-09-30,SJA,O3,1,0.0,,,,,,,
2015-09-30,SJA,PM2.5,2,0.0,,,,,,,
2015-09-30,SJA,SO2,1,0.0,,,,,,,
2015-09-30,TAH,CO,15,0.0,,,,,,,
2015-09-30,TAH,NO,1,0.0,,,,,,,
2015-09-30,TAH,NO2,1,0.0,,,,,,,
2015-09-30,TAH,NOX,1,0.0,,,,,,,
2015-09-30,TAH,O3,1,0.0,,,,,,,
2015-09-30,TAH,PM10,2,0.0,,,,,,,
2015-09-30,TAH,SO2,1,0.0,,,,,,,
2015-09-30,TLA,CO,15,610.0,0.8657377049180334,0.43559580779824725,0.3,0.6,0.8,1.1,3.1
2015-09-30,TLA,NO,1,609.0,24.89326765188834,30.474160279366558,0.0,8.0,14.0,32.0,220.0
2015-09-30,TLA,NO2,1,609.0,31.11822660098522,11.604749459069684,10.0,23.0,29.0,37.0,88.0
2015-09-30,TLA,NOX,1,609.0,55.99343185550082,36.40258209391627,10.0,32.0,45.0,69.0,266.0
2015-09-30,TLA,O3,1,666.0,24.354354354354353,23.943240287128575,0.0,6.0,15.0,38.0,112.0
2015-09-30,TLA,PM10,2,507.0,45.72781065088758,22.56481388865614,8.0,29.0,42.0,57.0,152.0
2015-09-30,TLA,PM2.5,2,507.0,22.80276134122288,11.890498094238753,1.0,15.0,21.0,28.0,70.0
2015-09-30,TLA,PMCO,2,507.0,22.913214990138066,13.707430074530897,1.0,13.0,21.0,31.0,96.0
2015-09-30,TLA,SO2,1,666.0,5.328828828828829,7.264186171317396,1.0,2.0,3.0,5.0,59.0
2015-09-30,TLI,CO,15,0.0,,,,,,,
2015-09-30,TLI,NO,1,0.0,,,,,,,
2015-09-30,TLI,NO2,1,0.0,,,,,,,
2015-09-30,TLI,NOX,1,0.0,,,,,,,
2015-09-30,TLI,O3,1,0.0,,,,,,,
2015-09-30,TLI,PM10,2,0.0,,,,,,,
2015-09-30,TLI,SO2,1,0.0,,,,,,,
2015-09-30,UAX,CO,15,668.0,0.599550898203593,0.30794055304893697,0.1,0.4,0.5,0.8,2.5
2015-09-30,UAX,NO,1,668.0,9.423652694610778,14.470727640720456,0.0,1.0,3.0,11.25,134.0
2015-09-30,UAX,NO2,1,668.0,20.068862275449103,9.456349043599065,4.0,13.0,19.0,25.0,64.0
2015-09-30,UAX,NOX,1,668.0,29.510479041916167,19.67604677169119,4.0,15.0,24.0,40.0,158.0
2015-09-30,UAX,O3,1,666.0,30.87987987987988,28.446398357866347,0.0,9.0,21.0,46.0,140.0
2015-09-30,UAX,PM2.5,2,675.0,15.231111111111112,8.509895328177556,1.0,10.0,14.0,19.0,80.0
2015-09-30,UAX,SO2,1,669.0,2.3303437967115097,5.2317538679033175,0.0,1.0,1.0,2.0,55.0
2015-09-30,UIZ,CO,15,669.0,0.8221225710014932,0.41953172131959166,0.3,0.5,0.7,1.0,2.7
2015-09-30,UIZ,NO,1,233.0,17.76824034334764,23.421501779287308,1.0,2.0,6.0,23.0,123.0
2015-09-30,UIZ,NO2,1,233.0,29.317596566523605,15.143636687719471,6.0,18.0,27.0,36.0,78.0
2015-09-30,UIZ,NOX,1,233.0,47.047210300429185,32.45158732945544,8.0,20.0,37.0,67.0,159.0
2015-09-30,UIZ,O3,1,669.0,27.935724962630793,27.715898185619377,1.0,6.0,17.0,42.0,141.0
2015-09-30,UIZ,PM10,2,654.0,36.481651376146786,18.231423649699288,2.0,23.0,34.0,46.0,110.0
2015-09-30,UIZ,PM2.5,2,654.0,23.171253822629968,13.954247026053125,1.0,13.0,21.0,30.0,90.0
2015-09-30,UIZ,PMCO,2,654.0,13.307339449541285,7.152808674257921,1.0,8.0,12.0,17.0,40.0
2015-09-30,UIZ,SO2,1,668.0,3.3862275449101795,5.402308531672715,1.0,2.0,2.0,3.0,69.0
2015-09-30,VIF,CO,15,0.0,,,,,,,
2015-09-30,VIF,NO,1,0.0,,,,,,,
2015-09-30,VIF,NO2,1,0.0,,,,,,,
2015-09-30,VIF,NOX,1,0.0,,,,,,,
2015-09-30,VIF,O3,1,0.0,,,,,,,
2015-09-30,VIF,PM10,2,0.0,,,,,,,
2015-09-30,VIF,SO2,1,0.0,,,,,,,
2015-09-30,XAL,CO,15,651.0,1.0935483870967742,0.4861986033359773,0.4,0.7,0.9,1.3,3.1
2015-09-30,XAL,NO,1,649.0,27.633281972265024,31.733475361235776,1.0,8.0,15.0,34.0,179.0
2015-09-30,XAL,NO2,1,649.0,29.67180277349769,12.18169378887763,7.0,21.0,27.0,37.0,72.0
2015-09-30,XAL,NOX,1,649.0,57.31741140215716,38.41233030180216,8.0,31.0,43.0,75.0,212.0
2015-09-30,XAL,O3,1,646.0,20.902476780185758,18.119964407666995,1.0,6.0,16.0,30.0,85.0
2015-09-30,XAL,PM10,2,664.0,50.36746987951807,24.90453378283297,5.0,33.0,45.0,62.0,151.0
2015-09-30,XAL,PM2.5,2,664.0,24.718373493975903,13.544426416177547,1.0,15.0,22.0,32.0,73.0
2015-09-30,XAL,PMCO,2,664.0,25.64457831325301,15.26093409081419,2.0,15.0,23.0,33.0,107.0
2015-09-30,XAL,SO2,1,651.0,3.28110599078341,4.442029612980407,1.0,1.0,2.0,3.0,41.0
2015-10-31,ACO,CO,15,0.0,,,,,,,
2015-10-31,ACO,NO,1,0.0,,,,,,,
2015-10-31,ACO,NO2,1,0.0,,,,,,,
2015-10-31,ACO,NOX,1,0.0,,,,,,,
2015-10-31,ACO,O3,1,0.0,,,,,,,
2015-10-31,ACO,PM10,2,0.0,,,,,,,
2015-10-31,ACO,SO2,1,0.0,,,,,,,
2015-10-31,AJM,CO,15,659.0,0.7141122913505302,0.2753796928123685,0.2,0.5,0.7,0.8,1.9
2015-10-31,AJM,NO,1,659.0,7.323216995447648,9.95324592928504,0.0,2.0,4.0,8.0,95.0
2015-10-31,AJM,NO2,1,659.0,19.05311077389985,10.318274071861874,1.0,12.0,18.0,24.0,69.0
2015-10-31,AJM,NOX,1,659.0,26.38391502276176,17.22521431963938,2.0,15.0,23.0,33.0,133.0
2015-10-31,AJM,O3,1,658.0,31.591185410334347,24.95588280482798,3.0,15.0,25.0,39.0,124.0
2015-10-31,AJM,PM10,2,640.0,28.184375,18.801418542277013,2.0,14.0,24.0,37.0,120.0
2015-10-31,AJM,PM2.5,2,640.0,17.0328125,13.540544283569455,1.0,8.0,14.0,22.0,91.0
2015-10-31,AJM,PMCO,2,640.0,11.175,7.376569088539527,1.0,5.0,9.0,16.0,40.0
2015-10-31,AJM,SO2,1,659.0,3.1213960546282244,3.6483514859161725,1.0,1.0,2.0,3.0,31.0
2015-10-31,AJU,O3,1,554.0,26.98014440433213,21.249945498853528,1.0,12.25,22.0,35.0,124.0
2015-10-31,ATI,CO,15,0.0,,,,,,,
2015-10-31,ATI,NO,1,0.0,,,,,,,
2015-10-31,ATI,NO2,1,0.0,,,,,,,
2015-10-31,ATI,NOX,1,0.0,,,,,,,
2015-10-31,ATI,O3,1,0.0,,,,,,,
2015-10-31,ATI,PM10,2,0.0,,,,,,,
2015-10-31,ATI,SO2,1,0.0,,,,,,,
2015-10-31,BJU,CO,15,666.0,0.7531531531531536,0.4909686273584012,0.2,0.4,0.6,0.9,3.0
2015-10-31,BJU,O3,1,666.0,22.944444444444443,23.84489177635808,0.0,5.0,15.0,31.0,120.0
2015-10-31,BJU,PM10,2,670.0,34.517910447761196,21.296514556355657,2.0,20.0,31.0,43.0,129.0
2015-10-31,BJU,PM2.5,2,670.0,19.63582089552239,15.601212071004783,1.0,9.0,16.0,25.0,91.0
2015-10-31,BJU,PMCO,2,670.0,14.902985074626866,8.620437878814355,1.0,8.0,13.0,20.0,49.0
2015-10-31,BJU,SO2,1,664.0,3.194277108433735,6.017813959086144,0.0,1.0,1.0,3.0,48.0
2015-10-31,CAM,CO,15,687.0,0.9671033478893739,0.6116895014261359,0.2,0.6,0.7,1.2,3.9
2015-10-31,CAM,NO,1,644.0,31.26086956521739,43.317809487996136,1.0,6.0,12.0,34.0,233.0
2015-10-31,CAM,NO2,1,644.0,29.664596273291924,13.835714193331354,8.0,20.0,26.0,36.0,85.0
2015-10-31,CAM,NOX,1,644.0,60.92857142857143,49.89800973235248,9.0,28.0,42.0,75.25,266.0
2015-10-31,CAM,O3,1,689.0,20.243831640058055,24.82025605989168,0.0,3.0,12.0,27.0,161.0
2015-10-31,CAM,PM10,2,656.0,39.394817073170735,22.724797041495737,3.0,23.0,35.0,50.0,132.0
2015-10-31,CAM,PM2.5,2,656.0,23.003048780487806,16.175846375319047,1.0,12.0,18.0,31.0,105.0
2015-10-31,CAM,PMCO,2,656.0,16.41768292682927,9.834163452281091,1.0,9.0,15.0,21.0,64.0
2015-10-31,CAM,SO2,1,688.0,4.726744186046512,5.944261713391138,1.0,2.0,3.0,5.0,46.0
2015-10-31,CCA,CO,15,682.0,0.715982404692083,0.4462534390327324,0.2,0.4,0.6,0.875,2.9
2015-10-31,CCA,NO,1,506.0,18.73715415019763,30.79218241735581,0.0,2.0,6.0,21.0,262.0
2015-10-31,CCA,NO2,1,506.0,24.778656126482215,12.700293088234673,3.0,17.0,21.5,30.75,91.0
2015-10-31,CCA,NOX,1,506.0,43.5,36.20006290678851,4.0,21.0,31.0,52.5,288.0
2015-10-31,CCA,O3,1,684.0,24.502923976608187,26.58600216662114,0.0,5.0,16.0,32.0,160.0
2015-10-31,CCA,PM2.5,2,649.0,14.90446841294299,10.902066646419241,1.0,8.0,13.0,19.0,74.0
2015-10-31,CCA,SO2,1,684.0,3.9342105263157894,4.829151272351139,1.0,2.0,2.0,4.0,53.0
2015-10-31,CHO,CO,15,673.0,0.7139673105497766,0.4449262701106461,0.2,0.5,0.6,0.8,3.1
2015-10-31,CHO,NO,1,0.0,,,,,,,
2015-10-31,CHO,NO2,1,0.0,,,,,,,
2015-10-31,CHO,NOX,1,0.0,,,,,,,
2015-10-31,CHO,O3,1,672.0,26.302083333333332,23.36267792752689,1.0,7.0,21.0,38.0,118.0
2015-10-31,CHO,PM10,2,676.0,42.73816568047337,32.07150934385922,1.0,20.0,35.0,56.25,204.0
2015-10-31,CHO,SO2,1,673.0,2.0564635958395243,3.621170880621874,0.0,1.0,1.0,2.0,54.0
2015-10-31,COY,NO,1,690.0,18.942028985507246,28.167436374819275,0.0,3.0,6.0,23.0,191.0
2015-10-31,COY,NO2,1,690.0,26.605797101449276,13.570692019001546,4.0,19.0,23.0,32.0,99.0
2015-10-31,COY,NOX,1,690.0,45.597101449275364,36.20234206078875,4.0,23.0,32.0,56.0,222.0
2015-10-31,COY,O3,1,691.0,26.19247467438495,26.014193474485946,2.0,7.0,18.0,34.0,161.0
2015-10-31,COY,PM2.5,2,707.0,19.867043847241867,15.39524144324501,1.0,9.0,16.0,25.5,93.0
2015-10-31,CUA,CO,15,689.0,0.5867924528301887,0.3039225424403766,0.2,0.4,0.5,0.7,2.2
2015-10-31,CUA,NO,1,690.0,14.228985507246376,22.3049136545015,1.0,3.0,6.0,13.0,155.0
2015-10-31,CUA,NO2,1,690.0,19.984057971014494,10.50059260458345,3.0,12.0,17.0,25.0,69.0
2015-10-31,CUA,NOX,1,690.0,34.21594202898551,28.7870623011931,4.0,17.0,24.0,39.75,189.0
2015-10-31,CUA,O3,1,690.0,30.079710144927535,26.070202642259165,2.0,13.0,23.0,38.0,176.0
2015-10-31,CUA,PM10,2,704.0,27.610795454545453,17.010053004239424,1.0,14.75,25.0,38.0,97.0
2015-10-31,CUA,SO2,1,0.0,,,,,,,
2015-10-31,CUT,NO,1,457.0,15.807439824945295,31.149718209441737,0.0,1.0,3.0,10.0,193.0
2015-10-31,CUT,NO2,1,457.0,13.181619256017505,6.764835159904557,3.0,8.0,12.0,17.0,49.0
2015-10-31,CUT,NOX,1,457.0,28.973741794310722,33.998506317213455,4.0,10.0,16.0,33.0,208.0
2015-10-31,CUT,O3,1,676.0,18.35355029585799,17.427628192435193,0.0,2.0,13.0,29.0,83.0
2015-10-31,CUT,PM10,2,696.0,48.31752873563219,38.09512565639011,1.0,24.0,40.0,62.0,283.0
2015-10-31,CUT,SO2,1,677.0,4.630723781388479,10.280509575798636,1.0,1.0,2.0,3.0,122.0
2015-10-31,FAC,CO,15,691.0,0.7900144717800296,0.6910830607761379,0.1,0.4,0.5,0.9,3.8
2015-10-31,FAC,NO,1,689.0,29.494920174165458,45.52529695797001,0.0,4.0,10.0,31.0,253.0
2015-10-31,FAC,NO2,1,689.0,22.79535558780842,12.002552123104907,4.0,15.0,19.0,28.0,74.0
2015-10-31,FAC,NOX,1,689.0,52.28737300435414,50.53192492135509,4.0,20.0,32.0,64.0,277.0
2015-10-31,FAC,O3,1,689.0,25.039187227866474,24.15778865763199,2.0,7.0,18.0,35.0,174.0
2015-10-31,FAC,PM10,2,707.0,32.95049504950495,23.93988183740971,1.0,14.0,28.0,46.0,140.0
2015-10-31,FAC,SO2,1,691.0,4.9464544138929085,8.602748028536242,0.0,1.0,2.0,4.0,98.0
2015-10-31,HGM,CO,15,658.0,0.8037993920972658,0.49469099485979007,0.2,0.5,0.6,1.0,2.9
2015-10-31,HGM,NO,1,678.0,20.31858407079646,29.01314289458191,0.0,3.0,8.0,23.75,176.0
2015-10-31,HGM,NO2,1,678.0,28.589970501474927,14.688997067832895,7.0,18.0,25.0,35.0,93.0
2015-10-31,HGM,NOX,1,678.0,48.948377581120944,37.92255174555307,8.0,23.0,35.0,61.0,217.0
2015-10-31,HGM,O3,1,678.0,22.41740412979351,24.326583821011337,1.0,4.0,15.0,31.0,145.0
2015-10-31,HGM,PM10,2,66.0,25.393939393939394,20.677657052129987,5.0,11.0,19.0,27.75,96.0
2015-10-31,HGM,PM2.5,2,66.0,15.818181818181818,17.024786537380034,1.0,4.0,12.0,18.75,81.0
2015-10-31,HGM,PMCO,2,66.0,9.56060606060606,5.230469277016055,2.0,6.0,9.0,11.0,29.0
2015-10-31,HGM,SO2,1,679.0,4.78939617083947,6.339798398620224,1.0,2.0,3.0,5.0,57.0
2015-10-31,INN,CO,15,606.0,0.3447194719471962,0.1493683798850106,0.0,0.2,0.3,0.4,0.9
2015-10-31,INN,O3,1,628.0,30.993630573248407,19.24300964742101,2.0,18.75,27.0,38.0,113.0
2015-10-31,INN,PM10,2,535.0,19.097196261682242,12.162518850283725,2.0,9.0,16.0,27.0,62.0
2015-10-31,INN,PM2.5,2,535.0,12.687850467289719,8.240403683163429,1.0,6.0,11.0,18.0,51.0
2015-10-31,INN,PMCO,2,535.0,6.420560747663552,5.327192244800543,1.0,2.0,4.0,9.0,27.0
2015-10-31,INN,SO2,1,528.0,2.3541666666666665,3.0958044796698863,0.0,1.0,1.0,3.0,26.0
2015-10-31,IZT,CO,15,688.0,1.0290697674418607,0.5629753106181431,0.2,0.7,0.8,1.2,3.6
2015-10-31,IZT,NO,1,424.0,17.69575471698113,29.827627425282934,0.0,4.0,7.0,15.0,216.0
2015-10-31,IZT,NO2,1,424.0,27.870283018867923,11.053263006350647,7.0,20.0,26.0,33.0,86.0
2015-10-31,IZT,NOX,1,424.0,45.568396226415096,35.91801856926301,8.0,24.75,35.0,49.0,246.0
2015-10-31,IZT,O3,1,688.0,23.434593023255815,24.6392031114063,1.0,5.0,15.0,33.0,140.0
2015-10-31,IZT,PM10,2,681.0,27.776798825256975,15.456679187397135,1.0,17.0,26.0,36.0,99.0
2015-10-31,IZT,SO2,1,688.0,3.6555232558139537,5.134488094604559,0.0,1.0,2.0,4.0,49.0
2015-10-31,LLA,CO,15,0.0,,,,,,,
2015-10-31,LLA,NO,1,0.0,,,,,,,
2015-10-31,LLA,NO2,1,0.0,,,,,,,
2015-10-31,LLA,NOX,1,0.0,,,,,,,
2015-10-31,LLA,O3,1,692.0,16.748554913294797,15.613190115371868,0.0,4.0,12.0,25.0,92.0
2015-10-31,LLA,SO2,1,692.0,4.069364161849711,8.281644177051941,0.0,1.0,1.0,3.0,61.0
2015-10-31,LPR,CO,15,655.0,0.6774045801526717,0.5189167554257217,0.0,0.3,0.5,0.8,3.0
2015-10-31,LPR,NO,1,0.0,,,,,,,
2015-10-31,LPR,NO2,1,0.0,,,,,,,
2015-10-31,LPR,NOX,1,0.0,,,,,,,
2015-10-31,LPR,O3,1,655.0,20.554198473282444,19.004901426143448,1.0,6.0,18.0,28.0,109.0
2015-10-31,LPR,SO2,1,612.0,3.323529411764706,4.232974210322411,0.0,1.0,2.0,3.0,35.0
2015-10-31,MER,CO,15,418.0,0.9696172248803829,0.5715143306254581,0.2,0.6,0.8,1.2,3.1
2015-10-31,MER,NO,1,678.0,30.76843657817109,34.14390098119786,1.0,9.0,17.0,37.0,184.0
2015-10-31,MER,NO2,1,678.0,31.70353982300885,14.270307332033928,8.0,22.0,28.0,38.0,95.0
2015-10-31,MER,NOX,1,678.0,62.508849557522126,42.45490172879401,11.0,33.0,49.0,75.75,223.0
2015-10-31,MER,O3,1,678.0,19.764011799410028,22.01215730586971,0.0,4.0,13.0,26.0,129.0
2015-10-31,MER,PM10,2,671.0,45.54843517138599,27.636720539429486,2.0,26.0,41.0,59.0,175.0
2015-10-31,MER,PM2.5,2,671.0,22.603576751117735,17.78866616427929,1.0,10.0,19.0,32.0,119.0
2015-10-31,MER,PMCO,2,671.0,22.90909090909091,12.406393064618458,1.0,14.0,21.0,30.0,75.0
2015-10-31,MER,SO2,1,678.0,3.9144542772861355,4.838764925989337,0.0,1.0,2.0,4.0,41.0
2015-10-31,MGH,CO,15,659.0,0.7699544764795144,0.5180115984816759,0.1,0.4,0.6,1.0,3.3
2015-10-31,MGH,NO,1,659.0,28.867981790591806,40.26046493901991,1.0,6.0,11.0,34.0,315.0
2015-10-31,MGH,NO2,1,659.0,27.783004552352047,14.384218051491944,6.0,19.0,24.0,32.0,92.0
2015-10-31,MGH,NOX,1,659.0,56.65705614567526,46.926096178637636,8.0,27.0,39.0,68.5,355.0
2015-10-31,MGH,O3,1,658.0,21.20516717325228,23.605242253452026,0.0,4.25,14.0,28.0,121.0
2015-10-31,MGH,PM10,2,683.0,31.55051244509517,20.151297496507098,3.0,18.0,27.0,40.5,126.0
2015-10-31,MGH,PM2.5,2,683.0,19.595900439238655,15.734810602415438,1.0,9.0,15.0,26.0,92.0
2015-10-31,MGH,PMCO,2,683.0,11.939970717423133,7.054099575442333,1.0,6.0,11.0,17.0,44.0
2015-10-31,MGH,SO2,1,659.0,3.2943854324734447,5.636788791644699,0.0,1.0,1.0,3.0,43.0
2015-10-31,MON,CO,15,502.0,0.33266932270916233,0.3424819097385193,0.0,0.1,0.2,0.4,2.3
2015-10-31,MON,NO,1,575.0,13.84695652173913,29.31085741960347,0.0,1.0,2.0,10.0,204.0
2015-10-31,MON,NO2,1,575.0,11.219130434782608,7.372657552193225,1.0,5.0,10.0,15.0,47.0
2015-10-31,MON,NOX,1,575.0,25.10086956521739,33.0167877677987,2.0,6.0,13.0,29.0,229.0
2015-10-31,MON,O3,1,574.0,23.766550522648085,18.21572866995371,1.0,8.0,22.0,36.0,79.0
2015-10-31,MON,SO2,1,0.0,,,,,,,
2015-10-31,NEZ,CO,15,688.0,0.5640988372093021,0.4579608643155477,0.0,0.3,0.4,0.7,3.0
2015-10-31,NEZ,NO,1,688.0,13.664244186046512,20.028198476569273,0.0,3.0,6.0,14.0,152.0
2015-10-31,NEZ,NO2,1,688.0,23.444767441860463,11.810112187149524,6.0,15.0,21.5,28.25,97.0
2015-10-31,NEZ,NOX,1,688.0,37.11482558139535,27.529365789199723,7.0,19.75,27.0,45.0,194.0
2015-10-31,NEZ,O3,1,687.0,23.75109170305677,21.933521234920658,0.0,7.0,18.0,34.0,118.0
2015-10-31,NEZ,PM2.5,2,677.0,14.8301329394387,11.23047057611564,1.0,7.0,12.0,20.0,78.0
2015-10-31,NEZ,SO2,1,688.0,2.6656976744186047,3.90705525111296,0.0,1.0,1.0,3.0,38.0
2015-10-31,PED,CO,15,691.0,0.5361794500723599,0.3782022956654995,0.1,0.3,0.4,0.7,2.2
2015-10-31,PED,NO,1,691.0,12.386396526772794,19.809229005889048,0.0,2.0,4.0,13.5,131.0
2015-10-31,PED,NO2,1,691.0,22.17221418234443,11.358997360344802,3.0,15.0,20.0,27.0,74.0
2015-10-31,PED,NOX,1,691.0,34.56005788712012,26.53677398121289,4.0,17.0,26.0,42.0,163.0
2015-10-31,PED,O3,1,691.0,26.175108538350216,26.664034612864317,1.0,8.0,18.0,33.0,167.0
2015-10-31,PED,PM10,2,689.0,31.50943396226415,21.323170491849577,2.0,15.0,28.0,42.0,126.0
2015-10-31,PED,PM2.5,2,689.0,16.124818577648767,14.275286907184897,1.0,6.0,13.0,22.0,87.0
2015-10-31,PED,PMCO,2,689.0,15.37010159651669,9.476610136008327,1.0,8.0,14.0,22.0,46.0
2015-10-31,PED,SO2,1,691.0,3.3502170767004342,4.6794722029024856,1.0,1.0,2.0,3.0,48.0
2015-10-31,SAG,CO,15,687.0,0.746870451237264,0.47911296115669644,0.2,0.5,0.6,0.9,3.1
2015-10-31,SAG,NO,1,687.0,17.98981077147016,28.155206258674646,0.0,3.0,7.0,18.0,186.0
2015-10-31,SAG,NO2,1,687.0,20.44250363901019,10.200002779235666,5.0,13.0,19.0,25.0,84.0
2015-10-31,SAG,NOX,1,687.0,38.45851528384279,33.31444340647712,6.0,18.0,27.0,44.5,210.0
2015-10-31,SAG,O3,1,687.0,23.004366812227076,20.61429020109578,1.0,7.0,18.0,33.0,134.0
2015-10-31,SAG,PM10,2,687.0,34.419213973799124,21.780754416183875,2.0,18.5,30.0,45.0,157.0
2015-10-31,SAG,PM2.5,2,687.0,17.76419213973799,14.503030704011922,1.0,8.0,15.0,24.0,103.0
2015-10-31,SAG,PMCO,2,687.0,16.68122270742358,9.9515728112826,1.0,10.0,15.0,21.0,64.0
2015-10-31,SAG,SO2,1,687.0,3.834061135371179,6.3829541322167715,0.0,1.0,2.0,4.0,51.0
2015-10-31,SFE,CO,15,0.0,,,,,,,
2015-10-31,SFE,NO,1,0.0,,,,,,,
2015-10-31,SFE,NO2,1,0.0,,,,,,,
2015-10-31,SFE,NOX,1,0.0,,,,,,,
2015-10-31,SFE,O3,1,0.0,,,,,,,
2015-10-31,SFE,PM10,2,0.0,,,,,,,
2015-10-31,SFE,PM2.5,2,0.0,,,,,,,
2015-10-31,SFE,PMCO,2,0.0,,,,,,,
2015-10-31,SFE,SO2,1,0.0,,,,,,,
2015-10-31,SJA,CO,15,0.0,,,,,,,
2015-10-31,SJA,NO,1,0.0,,,,,,,
2015-10-31,SJA,NO2,1,0.0,,,,,,,
2015-10-31,SJA,NOX,1,0.0,,,,,,,
2015-10-31,SJA,O3,1,0.0,,,,,,,
2015-10-31,SJA,PM2.5,2,0.0,,,,,,,
2015-10-31,SJA,SO2,1,0.0,,,,,,,
2015-10-31,TAH,CO,15,0.0,,,,,,,
2015-10-31,TAH,NO,1,0.0,,,,,,,
2015-10-31,TAH,NO2,1,0.0,,,,,,,
2015-10-31,TAH,NOX,1,0.0,,,,,,,
2015-10-31,TAH,O3,1,0.0,,,,,,,
2015-10-31,TAH,PM10,2,0.0,,,,,,,
2015-10-31,TAH,SO2,1,0.0,,,,,,,
2015-10-31,TLA,CO,15,695.0,0.9545323741007199,0.5429177537629286,0.3,0.6,0.8,1.1,3.5
2015-10-31,TLA,NO,1,689.0,30.133526850507984,39.14232593432663,0.0,8.0,14.0,33.0,217.0
2015-10-31,TLA,NO2,1,689.0,29.09724238026125,13.345502942183533,8.0,20.0,26.0,35.0,87.0
2015-10-31,TLA,NOX,1,689.0,59.223512336719885,46.1072684311318,11.0,30.0,42.0,71.0,257.0
2015-10-31,TLA,O3,1,695.0,20.70359712230216,21.630474719935986,1.0,5.0,14.0,29.0,151.0
2015-10-31,TLA,PM10,2,707.0,52.54455445544554,30.522766929631143,3.0,30.5,47.0,66.0,194.0
2015-10-31,TLA,PM2.5,2,707.0,23.838755304101838,16.998817576970175,1.0,11.5,20.0,31.0,90.0
2015-10-31,TLA,PMCO,2,707.0,28.68741159830269,16.853304665105878,1.0,16.5,27.0,36.0,113.0
2015-10-31,TLA,SO2,1,693.0,6.813852813852814,10.72670126184951,1.0,2.0,4.0,6.0,158.0
2015-10-31,TLI,CO,15,0.0,,,,,,,
2015-10-31,TLI,NO,1,0.0,,,,,,,
2015-10-31,TLI,NO2,1,0.0,,,,,,,
2015-10-31,TLI,NOX,1,0.0,,,,,,,
2015-10-31,TLI,O3,1,0.0,,,,,,,
2015-10-31,TLI,PM10,2,0.0,,,,,,,
2015-10-31,TLI,SO2,1,0.0,,,,,,,
2015-10-31,UAX,CO,15,687.0,0.6084425036390104,0.4104520608842172,0.2,0.3,0.5,0.7,2.6
2015-10-31,UAX,NO,1,458.0,10.460698689956331,19.809806413626024,0.0,1.0,3.0,10.0,146.0
2015-10-31,UAX,NO2,1,458.0,20.189956331877728,8.91222377423433,3.0,14.0,19.0,25.0,62.0
2015-10-31,UAX,NOX,1,458.0,30.069868995633186,24.612878635607803,6.0,15.0,23.0,35.0,169.0
2015-10-31,UAX,O3,1,687.0,27.705967976710333,26.933527003862263,0.0,8.5,19.0,38.0,148.0
2015-10-31,UAX,PM2.5,2,533.0,14.722326454033771,12.11170628623003,1.0,7.0,12.0,20.0,87.0
2015-10-31,UAX,SO2,1,687.0,1.8311499272197962,3.125278621178645,0.0,0.0,1.0,2.0,28.0
2015-10-31,UIZ,CO,15,690.0,0.6584057971014488,0.5088138207393185,0.1,0.3,0.5,0.8,3.1
2015-10-31,UIZ,NO,1,688.0,16.45203488372093,24.73970511048298,0.0,3.0,6.0,17.0,155.0
2015-10-31,UIZ,NO2,1,688.0,26.04360465116279,13.83678471143511,4.0,17.0,24.0,32.0,99.0
2015-10-31,UIZ,NOX,1,688.0,42.479651162790695,33.305076417296796,4.0,21.0,31.0,51.0,183.0
2015-10-31,UIZ,O3,1,690.0,24.107246376811595,24.083793723744773,1.0,6.0,16.0,34.0,134.0
2015-10-31,UIZ,PM10,2,667.0,37.59370314842579,22.663251383972433,2.0,21.0,34.0,48.5,152.0
2015-10-31,UIZ,PM2.5,2,667.0,20.368815592203898,15.104206172141811,1.0,10.0,17.0,27.5,93.0
2015-10-31,UIZ,PMCO,2,667.0,17.188905547226387,10.195992109975418,1.0,10.0,16.0,23.0,65.0
2015-10-31,UIZ,SO2,1,580.0,2.9603448275862068,4.203807783532517,0.0,1.0,1.0,3.0,29.0
2015-10-31,VIF,CO,15,0.0,,,,,,,
2015-10-31,VIF,NO,1,0.0,,,,,,,
2015-10-31,VIF,NO2,1,0.0,,,,,,,
2015-10-31,VIF,NOX,1,0.0,,,,,,,
2015-10-31,VIF,O3,1,0.0,,,,,,,
2015-10-31,VIF,PM10,2,0.0,,,,,,,
2015-10-31,VIF,SO2,1,0.0,,,,,,,
2015-10-31,XAL,CO,15,688.0,1.0308139534883716,0.6538729585911756,0.4,0.6,0.8,1.2,3.8
2015-10-31,XAL,NO,1,448.0,29.15625,41.48288945396239,1.0,8.0,14.0,26.0,240.0
2015-10-31,XAL,NO2,1,448.0,26.042410714285715,13.253862228577487,7.0,17.0,22.0,32.0,87.0
2015-10-31,XAL,NOX,1,448.0,55.19642857142857,49.48876704141054,8.0,27.0,37.0,59.0,279.0
2015-10-31,XAL,O3,1,692.0,18.90606936416185,16.487898228730376,1.0,5.0,16.0,27.0,92.0
2015-10-31,XAL,PM10,2,710.0,57.41549295774648,36.67276921947558,3.0,32.0,49.0,71.0,180.0
2015-10-31,XAL,PM2.5,2,710.0,24.47605633802817,18.7565914303284,1.0,11.0,19.0,33.75,102.0
2015-10-31,XAL,PMCO,2,710.0,32.95352112676056,21.613591626899098,2.0,19.0,27.0,42.0,121.0
2015-10-31,XAL,SO2,1,692.0,4.238439306358382,4.9986477931957705,0.0,1.0,2.0,5.0,46.0
2015-11-30,ACO,CO,15,0.0,,,,,,,
2015-11-30,ACO,NO,1,0.0,,,,,,,
2015-11-30,ACO,NO2,1,0.0,,,,,,,
2015-11-30,ACO,NOX,1,0.0,,,,,,,
2015-11-30,ACO,O3,1,0.0,,,,,,,
2015-11-30,ACO,PM10,2,0.0,,,,,,,
2015-11-30,ACO,SO2,1,0.0,,,,,,,
2015-11-30,AJM,CO,15,634.0,0.6700315457413251,0.2574347855856279,0.2,0.5,0.6,0.8,2.0
2015-11-30,AJM,NO,1,668.0,7.570359281437126,10.027824342305687,0.0,1.0,3.0,8.0,49.0
2015-11-30,AJM,NO2,1,668.0,21.059880239520957,10.77823371543856,3.0,14.0,20.0,26.0,93.0
2015-11-30,AJM,NOX,1,668.0,28.60928143712575,17.170676096875823,3.0,16.0,25.0,35.25,102.0
2015-11-30,AJM,O3,1,668.0,32.10778443113772,26.135681019829,1.0,13.0,23.0,45.0,132.0
2015-11-30,AJM,PM10,2,589.0,33.74702886247878,23.692018637290268,2.0,19.0,29.0,44.0,175.0
2015-11-30,AJM,PM2.5,2,589.0,20.65195246179966,16.705311502809497,1.0,10.0,17.0,26.0,127.0
2015-11-30,AJM,PMCO,2,589.0,13.079796264855688,8.591370608815176,2.0,6.0,12.0,18.0,64.0
2015-11-30,AJM,SO2,1,666.0,7.528528528528528,8.867780486900127,1.0,2.0,4.0,9.0,63.0
2015-11-30,AJU,O3,1,669.0,27.675635276532137,24.898434793620396,0.0,8.0,19.0,43.0,121.0
2015-11-30,AJU,PM2.5,2,339.0,20.002949852507374,15.267922541336365,1.0,9.5,16.0,26.0,105.0
2015-11-30,ATI,CO,15,0.0,,,,,,,
2015-11-30,ATI,NO,1,0.0,,,,,,,
2015-11-30,ATI,NO2,1,0.0,,,,,,,
2015-11-30,ATI,NOX,1,0.0,,,,,,,
2015-11-30,ATI,O3,1,0.0,,,,,,,
2015-11-30,ATI,PM10,2,0.0,,,,,,,
2015-11-30,ATI,SO2,1,0.0,,,,,,,
2015-11-30,BJU,CO,15,671.0,0.8068554396423261,0.43153399578581736,0.2,0.5,0.7,1.0,3.4
2015-11-30,BJU,O3,1,671.0,21.940387481371086,26.914780256720327,1.0,2.0,9.0,32.0,125.0
2015-11-30,BJU,PM10,2,683.0,45.28404099560761,28.197795717983983,3.0,26.0,40.0,57.0,181.0
2015-11-30,BJU,PM2.5,2,683.0,27.250366032210835,20.728031773071763,1.0,14.0,23.0,34.0,134.0
2015-11-30,BJU,PMCO,2,683.0,18.04099560761347,10.741760268692872,2.0,10.0,16.0,23.0,68.0
2015-11-30,BJU,SO2,1,671.0,8.202682563338302,12.101217107369012,0.0,1.0,3.0,10.0,116.0
2015-11-30,CAM,CO,15,642.0,0.947352024922119,0.5391975583497863,0.2,0.6,0.8,1.2,3.3
2015-11-30,CAM,NO,1,642.0,30.478193146417446,35.88985130918484,0.0,7.0,16.0,39.0,232.0
2015-11-30,CAM,NO2,1,642.0,33.649532710280376,16.03244296888065,6.0,23.0,29.0,39.75,115.0
2015-11-30,CAM,NOX,1,642.0,64.09345794392523,42.77810527580773,11.0,33.0,51.0,81.0,270.0
2015-11-30,CAM,O3,1,634.0,18.536277602523658,23.63070490361915,0.0,1.0,7.0,27.0,105.0
2015-11-30,CAM,PM10,2,222.0,41.62162162162162,23.85212894642733,4.0,27.0,38.0,51.0,160.0
2015-11-30,CAM,PM2.5,2,222.0,22.594594594594593,15.663820248171563,1.0,12.0,21.0,29.0,103.0
2015-11-30,CAM,PMCO,2,222.0,18.98198198198198,11.302490000741802,3.0,10.0,17.0,25.0,72.0
2015-11-30,CAM,SO2,1,642.0,11.023364485981308,17.11513045169809,0.0,2.0,5.0,13.0,140.0
2015-11-30,CCA,CO,15,669.0,0.7765321375186841,0.3424584300115752,0.3,0.5,0.7,1.0,2.0
2015-11-30,CCA,NO,1,662.0,19.265861027190333,28.256851108762525,0.0,2.0,7.0,25.75,168.0
2015-11-30,CCA,NO2,1,662.0,28.09214501510574,14.093451830526197,5.0,18.0,25.0,35.0,109.0
2015-11-30,CCA,NOX,1,662.0,47.33534743202417,34.13259614092299,8.0,23.0,36.0,60.0,190.0
2015-11-30,CCA,O3,1,671.0,22.59165424739195,27.530989683101122,0.0,2.0,10.0,34.5,129.0
2015-11-30,CCA,PM2.5,2,681.0,19.933920704845814,14.885051049711802,1.0,10.0,17.0,25.0,101.0
2015-11-30,CCA,SO2,1,671.0,7.473919523099851,10.329879396476654,1.0,2.0,4.0,8.0,88.0
2015-11-30,CHO,CO,15,605.0,0.7905785123966944,0.4467252024356366,0.3,0.5,0.7,0.9,3.4
2015-11-30,CHO,NO,1,0.0,,,,,,,
2015-11-30,CHO,NO2,1,0.0,,,,,,,
2015-11-30,CHO,NOX,1,0.0,,,,,,,
2015-11-30,CHO,O3,1,539.0,24.10760667903525,24.424900406649545,1.0,2.0,14.0,41.0,99.0
2015-11-30,CHO,PM10,2,681.0,53.844346549192366,34.411555444916324,1.0,29.0,47.0,70.0,187.0
2015-11-30,CHO,SO2,1,670.0,2.4298507462686567,3.072176839108437,0.0,1.0,1.0,2.0,24.0
2015-11-30,COY,NO,1,604.0,21.72019867549669,26.799721341344746,0.0,5.0,11.0,28.0,195.0
2015-11-30,COY,NO2,1,604.0,30.258278145695364,13.165341491929615,3.0,21.0,28.0,37.0,73.0
2015-11-30,COY,NOX,1,604.0,51.99503311258278,33.03887315675614,5.0,28.0,42.0,68.0,226.0
2015-11-30,COY,O3,1,606.0,23.622112211221122,27.191590329035545,1.0,4.0,11.0,34.0,146.0
2015-11-30,COY,PM2.5,2,615.0,24.94959349593496,17.765273623079644,1.0,12.0,21.0,32.0,103.0
2015-11-30,CUA,CO,15,671.0,0.7141579731743675,0.37772986330722497,0.3,0.5,0.6,0.9,3.3
2015-11-30,CUA,NO,1,671.0,18.038748137108794,28.872881263572392,1.0,4.0,7.0,18.0,321.0
2015-11-30,CUA,NO2,1,671.0,25.627421758569298,16.15368612060567,5.0,14.0,22.0,33.0,117.0
2015-11-30,CUA,NOX,1,671.0,43.70193740685544,37.1580004338346,6.0,20.0,33.0,52.0,368.0
2015-11-30,CUA,O3,1,671.0,28.07898658718331,24.07528037098658,2.0,9.0,21.0,40.0,120.0
2015-11-30,CUA,PM10,2,679.0,35.65390279823269,24.176882201305204,1.0,19.0,30.0,47.0,174.0
2015-11-30,CUA,SO2,1,0.0,,,,,,,
2015-11-30,CUT,NO,1,0.0,,,,,,,
2015-11-30,CUT,NO2,1,0.0,,,,,,,
2015-11-30,CUT,NOX,1,0.0,,,,,,,
2015-11-30,CUT,O3,1,566.0,16.270318021201412,17.59774932022906,1.0,2.0,9.0,27.0,76.0
2015-11-30,CUT,PM10,2,583.0,54.74614065180103,41.80239944478078,1.0,25.5,45.0,71.0,299.0
2015-11-30,CUT,SO2,1,546.0,11.628205128205128,26.276494733661107,1.0,2.0,4.0,9.0,299.0
2015-11-30,FAC,CO,15,671.0,0.842622950819672,0.716584960338216,0.1,0.4,0.6,1.0,4.9
2015-11-30,FAC,NO,1,669.0,30.50373692077728,48.35759451308926,0.0,5.0,10.0,32.0,335.0
2015-11-30,FAC,NO2,1,669.0,26.869955156950674,16.477333646551635,5.0,15.0,22.0,34.0,100.0
2015-11-30,FAC,NOX,1,669.0,57.375186846038865,54.88074752819935,5.0,23.0,37.0,66.0,357.0
2015-11-30,FAC,O3,1,668.0,23.223053892215567,23.30373608238367,2.0,5.0,15.0,34.25,111.0
2015-11-30,FAC,PM10,2,661.0,41.6338880484115,29.54809640865765,1.0,18.0,35.0,61.0,164.0
2015-11-30,FAC,SO2,1,671.0,12.090909090909092,18.136524315506186,1.0,3.0,6.0,13.0,147.0
2015-11-30,HGM,CO,15,444.0,0.7644144144144142,0.4596046680548954,0.1,0.4,0.7,1.0,2.9
2015-11-30,HGM,NO,1,671.0,24.794336810730254,27.85183663066611,0.0,6.0,15.0,32.0,174.0
2015-11-30,HGM,NO2,1,671.0,32.478390461997016,14.390162304048701,5.0,23.0,29.0,39.0,103.0
2015-11-30,HGM,NOX,1,671.0,57.30253353204173,34.39783891365622,9.0,32.0,47.0,74.0,239.0
2015-11-30,HGM,O3,1,511.0,19.054794520547944,21.693337992158106,1.0,3.0,10.0,27.5,108.0
2015-11-30,HGM,PM10,2,684.0,42.824561403508774,25.728534027498167,5.0,25.0,37.0,55.0,155.0
2015-11-30,HGM,PM2.5,2,684.0,27.08625730994152,19.796250248284366,1.0,13.0,23.0,34.0,117.0
2015-11-30,HGM,PMCO,2,684.0,15.730994152046783,8.373816030380285,2.0,9.0,14.0,20.0,46.0
2015-11-30,HGM,SO2,1,671.0,11.52608047690015,14.64471243745003,1.0,3.0,5.0,13.0,108.0
2015-11-30,INN,CO,15,621.0,0.298550724637681,0.16708456257803544,0.0,0.2,0.3,0.3,1.5
2015-11-30,INN,O3,1,621.0,29.317230273752013,16.70911020758277,2.0,18.0,24.0,37.0,95.0
2015-11-30,INN,PM10,2,553.0,22.77396021699819,17.06428303457023,2.0,11.0,19.0,29.0,116.0
2015-11-30,INN,PM2.5,2,553.0,15.47016274864376,12.120452059458788,1.0,8.0,13.0,20.0,83.0
2015-11-30,INN,PMCO,2,553.0,7.30379746835443,5.834828280280055,1.0,3.0,6.0,10.0,36.0
2015-11-30,INN,SO2,1,628.0,3.0652866242038215,5.260718268071859,0.0,1.0,2.0,3.0,54.0
2015-11-30,IZT,CO,15,568.0,0.9408450704225362,0.5223613363613494,0.3,0.6,0.8,1.2,3.7
2015-11-30,IZT,NO,1,309.0,26.854368932038835,33.98827369413754,1.0,6.0,12.0,32.0,205.0
2015-11-30,IZT,NO2,1,309.0,33.57605177993528,14.242503471657196,12.0,23.0,29.0,42.0,85.0
2015-11-30,IZT,NOX,1,309.0,60.48543689320388,40.31496066550358,17.0,31.0,47.0,79.0,240.0
2015-11-30,IZT,O3,1,575.0,20.549565217391304,24.273353903837638,1.0,2.0,10.0,31.0,119.0
2015-11-30,IZT,PM10,2,586.0,35.87201365187713,23.108195942110207,1.0,20.0,32.0,44.0,146.0
2015-11-30,IZT,SO2,1,575.0,8.42086956521739,11.30016107661841,1.0,2.0,4.0,10.0,84.0
2015-11-30,LLA,CO,15,0.0,,,,,,,
2015-11-30,LLA,NO,1,0.0,,,,,,,
2015-11-30,LLA,NO2,1,0.0,,,,,,,
2015-11-30,LLA,NOX,1,0.0,,,,,,,
2015-11-30,LLA,O3,1,670.0,19.12686567164179,21.861782709229708,0.0,3.0,9.0,30.0,110.0
2015-11-30,LLA,SO2,1,670.0,10.361194029850747,17.310260789976688,1.0,2.0,4.0,11.0,147.0
2015-11-30,LPR,CO,15,204.0,0.6269607843137254,0.46999484163543065,0.0,0.3,0.5,0.8,3.3
2015-11-30,LPR,NO,1,0.0,,,,,,,
2015-11-30,LPR,NO2,1,0.0,,,,,,,
2015-11-30,LPR,NOX,1,0.0,,,,,,,
2015-11-30,LPR,O3,1,204.0,17.377450980392158,16.808679477750854,1.0,2.0,14.0,27.25,82.0
2015-11-30,LPR,SO2,1,0.0,,,,,,,
2015-11-30,MER,CO,15,670.0,0.9629850746268659,0.47857228790902556,0.3,0.6,0.8,1.2,2.9
2015-11-30,MER,NO,1,670.0,34.853731343283584,34.09074467438157,1.0,13.0,23.0,43.0,194.0
2015-11-30,MER,NO2,1,670.0,34.42686567164179,13.911846981058272,6.0,25.0,31.0,42.0,96.0
2015-11-30,MER,NOX,1,670.0,69.27761194029851,40.13490636326313,13.0,42.0,59.0,86.0,244.0
2015-11-30,MER,O3,1,670.0,17.349253731343282,21.81154076066288,0.0,2.0,7.0,25.75,101.0
2015-11-30,MER,PM10,2,668.0,58.22904191616767,31.40474177536334,6.0,36.0,52.0,76.0,182.0
2015-11-30,MER,PM2.5,2,668.0,30.244011976047904,20.544361846258948,1.0,16.0,27.0,39.0,110.0
2015-11-30,MER,PMCO,2,668.0,27.974550898203592,13.808313303577643,3.0,18.0,25.0,35.0,98.0
2015-11-30,MER,SO2,1,670.0,9.98955223880597,14.991922432255171,1.0,3.0,5.0,11.0,166.0
2015-11-30,MGH,CO,15,669.0,0.8961136023916286,0.45899182569759717,0.2,0.6,0.8,1.1,3.6
2015-11-30,MGH,NO,1,670.0,36.232835820895524,49.95145143203879,1.0,8.0,15.0,47.0,337.0
2015-11-30,MGH,NO2,1,670.0,32.211940298507464,16.023707421133988,7.0,21.0,28.0,39.0,125.0
2015-11-30,MGH,NOX,1,670.0,68.43582089552238,54.647678995353814,13.0,32.0,48.5,85.0,376.0
2015-11-30,MGH,O3,1,670.0,20.091044776119404,24.55838491146919,0.0,2.0,10.0,29.75,111.0
2015-11-30,MGH,PM10,2,685.0,38.56058394160584,22.619104374387785,4.0,22.0,34.0,49.0,141.0
2015-11-30,MGH,PM2.5,2,685.0,25.90948905109489,17.421435522775447,1.0,13.0,22.0,34.0,106.0
2015-11-30,MGH,PMCO,2,685.0,12.668613138686132,7.319342233740846,2.0,7.0,11.0,17.0,48.0
2015-11-30,MGH,SO2,1,670.0,8.722388059701492,11.841274889139079,0.0,1.0,4.0,11.0,89.0
2015-11-30,MON,CO,15,512.0,0.3851562500000001,0.3060613610886998,0.0,0.2,0.3,0.5,1.9
2015-11-30,MON,NO,1,562.0,19.62455516014235,31.338465687074514,0.0,1.0,4.0,26.0,209.0
2015-11-30,MON,NO2,1,562.0,13.277580071174377,6.835043589581107,1.0,8.0,13.0,17.75,51.0
2015-11-30,MON,NOX,1,562.0,32.880782918149464,33.876598237136356,2.0,10.0,22.0,43.0,225.0
2015-11-30,MON,O3,1,562.0,21.204626334519574,21.091662610574556,1.0,2.0,16.0,36.0,96.0
2015-11-30,MON,SO2,1,0.0,,,,,,,
2015-11-30,NEZ,CO,15,668.0,0.7916167664670656,0.4089938176389588,0.2,0.5,0.7,1.0,4.3
2015-11-30,NEZ,NO,1,668.0,17.441616766467067,21.825762360786467,0.0,4.0,9.0,23.0,275.0
2015-11-30,NEZ,NO2,1,668.0,25.567365269461078,10.719118578165133,7.0,18.0,24.0,30.0,74.0
2015-11-30,NEZ,NOX,1,668.0,43.03443113772455,26.745852796365394,10.0,24.0,36.0,54.0,311.0
2015-11-30,NEZ,O3,1,668.0,22.05389221556886,24.53428466978864,1.0,2.0,11.5,35.0,116.0
2015-11-30,NEZ,PM2.5,2,657.0,21.38660578386606,17.281025568864102,1.0,10.0,17.0,27.0,112.0
2015-11-30,NEZ,SO2,1,668.0,5.258982035928144,6.453872320375802,0.0,2.0,2.5,6.0,50.0
2015-11-30,PED,CO,15,605.0,0.569586776859504,0.35532933304780256,0.1,0.3,0.5,0.8,2.2
2015-11-30,PED,NO,1,670.0,13.423880597014925,17.761230595674295,0.0,2.0,6.0,17.0,118.0
2015-11-30,PED,NO2,1,670.0,25.46268656716418,13.552233400468582,2.0,16.0,23.0,32.0,95.0
2015-11-30,PED,NOX,1,670.0,38.90597014925373,25.305106101285446,4.0,20.0,31.5,52.0,156.0
2015-11-30,PED,O3,1,670.0,25.102985074626865,27.479953123358055,1.0,4.0,14.0,36.0,136.0
2015-11-30,PED,PM10,2,430.0,45.96279069767442,30.010852918455235,2.0,24.0,41.0,59.0,185.0
2015-11-30,PED,PM2.5,2,430.0,26.36279069767442,19.182317800598977,1.0,14.0,22.0,33.0,113.0
2015-11-30,PED,PMCO,2,430.0,19.611627906976743,12.821541992626438,1.0,10.0,17.0,27.0,86.0
2015-11-30,PED,SO2,1,670.0,7.465671641791045,9.835014964599855,1.0,2.0,4.0,8.0,99.0
2015-11-30,SAG,CO,15,667.0,0.8062968515742122,0.42005568275134003,0.2,0.5,0.7,1.0,3.1
2015-11-30,SAG,NO,1,664.0,23.08433734939759,29.976090952977334,0.0,5.75,11.0,28.0,209.0
2015-11-30,SAG,NO2,1,664.0,23.147590361445783,9.673987149432655,7.0,16.0,22.0,28.0,73.0
2015-11-30,SAG,NOX,1,664.0,46.20180722891566,33.559360924009574,8.0,23.0,37.0,57.0,233.0
2015-11-30,SAG,O3,1,669.0,20.128550074738417,22.03124294516633,1.0,3.0,11.0,31.0,98.0
2015-11-30,SAG,PM10,2,660.0,47.75,27.861454056721087,3.0,27.0,43.0,65.0,164.0
2015-11-30,SAG,PM2.5,2,660.0,26.11969696969697,18.795987365151824,1.0,12.0,23.5,36.0,109.0
2015-11-30,SAG,PMCO,2,660.0,21.63030303030303,11.934939585627808,2.0,13.0,19.0,28.0,77.0
2015-11-30,SAG,SO2,1,663.0,8.515837104072398,13.180456998619512,0.0,2.0,3.0,9.0,114.0
2015-11-30,SFE,CO,15,0.0,,,,,,,
2015-11-30,SFE,NO,1,0.0,,,,,,,
2015-11-30,SFE,NO2,1,0.0,,,,,,,
2015-11-30,SFE,NOX,1,0.0,,,,,,,
2015-11-30,SFE,O3,1,0.0,,,,,,,
2015-11-30,SFE,PM10,2,0.0,,,,,,,
2015-11-30,SFE,PM2.5,2,0.0,,,,,,,
2015-11-30,SFE,PMCO,2,0.0,,,,,,,
2015-11-30,SFE,SO2,1,0.0,,,,,,,
2015-11-30,SJA,CO,15,0.0,,,,,,,
2015-11-30,SJA,NO,1,0.0,,,,,,,
2015-11-30,SJA,NO2,1,0.0,,,,,,,
2015-11-30,SJA,NOX,1,0.0,,,,,,,
2015-11-30,SJA,O3,1,0.0,,,,,,,
2015-11-30,SJA,PM2.5,2,0.0,,,,,,,
2015-11-30,SJA,SO2,1,0.0,,,,,,,
2015-11-30,TAH,CO,15,0.0,,,,,,,
2015-11-30,TAH,NO,1,0.0,,,,,,,
2015-11-30,TAH,NO2,1,0.0,,,,,,,
2015-11-30,TAH,NOX,1,0.0,,,,,,,
2015-11-30,TAH,O3,1,0.0,,,,,,,
2015-11-30,TAH,PM10,2,0.0,,,,,,,
2015-11-30,TAH,SO2,1,0.0,,,,,,,
2015-11-30,TLA,CO,15,668.0,0.9392215568862273,0.5101553327983346,0.3,0.6,0.8,1.2,3.5
2015-11-30,TLA,NO,1,621.0,34.571658615136876,40.16767399514247,1.0,11.0,19.0,43.0,284.0
2015-11-30,TLA,NO2,1,621.0,32.55555555555556,15.684250027487172,7.0,22.0,27.0,40.0,113.0
2015-11-30,TLA,NOX,1,621.0,67.19162640901772,46.71261134642488,12.0,35.0,53.0,84.0,321.0
2015-11-30,TLA,O3,1,542.0,18.83579335793358,21.882410732408825,0.0,2.0,9.0,29.0,100.0
2015-11-30,TLA,PM10,2,631.0,62.419968304278925,34.920856286874155,6.0,36.0,54.0,83.5,193.0
2015-11-30,TLA,PM2.5,2,631.0,30.771790808240887,19.949425654157874,1.0,16.0,27.0,41.0,104.0
2015-11-30,TLA,PMCO,2,631.0,31.6513470681458,18.012574811978734,5.0,17.0,28.0,43.0,109.0
2015-11-30,TLA,SO2,1,642.0,15.708722741433021,21.360676949453655,1.0,4.0,7.0,19.75,172.0
2015-11-30,TLI,CO,15,0.0,,,,,,,
2015-11-30,TLI,NO,1,0.0,,,,,,,
2015-11-30,TLI,NO2,1,0.0,,,,,,,
2015-11-30,TLI,NOX,1,0.0,,,,,,,
2015-11-30,TLI,O3,1,0.0,,,,,,,
2015-11-30,TLI,PM10,2,0.0,,,,,,,
2015-11-30,TLI,SO2,1,0.0,,,,,,,
2015-11-30,UAX,CO,15,665.0,0.6694736842105262,0.3680588853110822,0.1,0.4,0.6,0.9,2.1
2015-11-30,UAX,NO,1,664.0,17.930722891566266,23.916105671433986,0.0,2.0,8.0,25.0,143.0
2015-11-30,UAX,NO2,1,664.0,26.015060240963855,11.44412943997486,3.0,18.0,24.0,31.0,79.0
2015-11-30,UAX,NOX,1,664.0,44.00301204819277,28.294987643671295,5.0,23.0,36.0,57.25,167.0
2015-11-30,UAX,O3,1,665.0,25.133834586466165,29.088074832697284,0.0,2.0,12.0,39.0,143.0
2015-11-30,UAX,PM2.5,2,671.0,22.034277198211626,16.445305623532953,1.0,12.0,19.0,28.0,123.0
2015-11-30,UAX,SO2,1,663.0,4.867269984917043,7.670747171770266,0.0,1.0,2.0,6.0,69.0
2015-11-30,UIZ,CO,15,664.0,0.8373493975903616,0.44245601214629593,0.2,0.5,0.7,1.0,2.8
2015-11-30,UIZ,NO,1,664.0,21.14156626506024,25.323508437702618,0.0,4.0,11.0,28.0,161.0
2015-11-30,UIZ,NO2,1,664.0,28.137048192771083,11.891067195861659,4.0,20.0,26.0,34.0,78.0
2015-11-30,UIZ,NOX,1,664.0,49.28915662650602,30.73176124487878,7.0,27.0,42.0,63.25,192.0
2015-11-30,UIZ,O3,1,666.0,21.87237237237237,25.25306954175432,1.0,3.0,11.0,33.0,126.0
2015-11-30,UIZ,PM10,2,667.0,50.24737631184408,30.418358780738526,6.0,29.5,43.0,65.0,185.0
2015-11-30,UIZ,PM2.5,2,667.0,27.788605697151425,20.97564701917011,1.0,13.0,23.0,36.0,132.0
2015-11-30,UIZ,PMCO,2,667.0,22.458770614692654,12.951260921134413,1.0,13.0,20.0,30.0,122.0
2015-11-30,UIZ,SO2,1,597.0,6.363484087102178,8.003158348144044,1.0,2.0,3.0,8.0,80.0
2015-11-30,VIF,CO,15,0.0,,,,,,,
2015-11-30,VIF,NO,1,0.0,,,,,,,
2015-11-30,VIF,NO2,1,0.0,,,,,,,
2015-11-30,VIF,NOX,1,0.0,,,,,,,
2015-11-30,VIF,O3,1,0.0,,,,,,,
2015-11-30,VIF,PM10,2,0.0,,,,,,,
2015-11-30,VIF,SO2,1,0.0,,,,,,,
2015-11-30,XAL,CO,15,669.0,1.1765321375186861,0.69318923045596,0.4,0.7,1.0,1.4,5.4
2015-11-30,XAL,NO,1,536.0,44.83768656716418,56.244740210681016,2.0,12.0,21.0,54.25,469.0
2015-11-30,XAL,NO2,1,536.0,30.453358208955223,15.531627903631586,7.0,19.0,27.0,39.0,87.0
2015-11-30,XAL,NOX,1,536.0,75.26119402985074,63.34627330592698,11.0,33.0,55.0,94.0,511.0
2015-11-30,XAL,O3,1,672.0,17.83779761904762,17.730862563440912,1.0,2.0,12.0,28.0,86.0
2015-11-30,XAL,PM10,2,675.0,78.01481481481481,49.89067947913705,8.0,41.0,66.0,103.0,247.0
2015-11-30,XAL,PM2.5,2,675.0,33.73481481481482,25.069858829651444,1.0,14.0,30.0,47.0,150.0
2015-11-30,XAL,PMCO,2,675.0,44.26222222222222,28.885905372327013,5.0,24.0,37.0,57.0,178.0
2015-11-30,XAL,SO2,1,673.0,9.441307578008916,11.676182236545852,1.0,2.0,5.0,11.0,77.0
2015-12-31,ACO,CO,15,0.0,,,,,,,
2015-12-31,ACO,NO,1,0.0,,,,,,,
2015-12-31,ACO,NO2,1,0.0,,,,,,,
2015-12-31,ACO,NOX,1,0.0,,,,,,,
2015-12-31,ACO,O3,1,0.0,,,,,,,
2015-12-31,ACO,PM10,2,705.0,47.85248226950355,28.590681545642784,5.0,30.0,42.0,59.0,191.0
2015-12-31,ACO,SO2,1,0.0,,,,,,,
2015-12-31,AJM,CO,15,690.0,0.7199999999999985,0.3196605601728866,0.2,0.5,0.7,0.9,1.9
2015-12-31,AJM,NO,1,691.0,7.952243125904486,11.65328988959549,0.0,1.0,3.0,10.0,96.0
2015-12-31,AJM,NO2,1,691.0,24.36179450072359,14.335804541342053,3.0,14.0,22.0,32.0,89.0
2015-12-31,AJM,NOX,1,691.0,32.32127351664255,22.06212168963513,3.0,16.0,27.0,43.0,134.0
2015-12-31,AJM,O3,1,694.0,37.0792507204611,26.155232045667923,1.0,19.0,31.0,51.0,124.0
2015-12-31,AJM,PM10,2,619.0,44.34248788368336,27.195427007331542,3.0,22.0,39.0,60.0,158.0
2015-12-31,AJM,PM2.5,2,619.0,27.297253634894993,20.055961567250296,1.0,11.0,22.0,38.0,118.0
2015-12-31,AJM,PMCO,2,619.0,17.046849757673666,9.241250682128877,2.0,10.0,16.0,22.0,51.0
2015-12-31,AJM,SO2,1,694.0,8.023054755043228,9.612073871115443,1.0,2.0,4.0,10.0,65.0
2015-12-31,AJU,O3,1,691.0,29.274963820549928,23.861974992488946,1.0,8.0,25.0,47.0,97.0
2015-12-31,AJU,PM2.5,2,676.0,19.840236686390533,14.814344678054198,1.0,9.0,17.0,26.0,99.0
2015-12-31,ATI,CO,15,0.0,,,,,,,
2015-12-31,ATI,NO,1,0.0,,,,,,,
2015-12-31,ATI,NO2,1,0.0,,,,,,,
2015-12-31,ATI,NOX,1,0.0,,,,,,,
2015-12-31,ATI,O3,1,0.0,,,,,,,
2015-12-31,ATI,PM10,2,690.0,55.24202898550725,30.453337718063306,1.0,31.0,51.0,77.0,148.0
2015-12-31,ATI,SO2,1,0.0,,,,,,,
2015-12-31,BJU,CO,15,529.0,1.0196597353497165,0.5835749587546878,0.2,0.6,0.9,1.3,3.9
2015-12-31,BJU,O3,1,590.0,22.308474576271188,27.704414143492627,1.0,2.0,10.0,35.0,129.0
2015-12-31,BJU,PM10,2,682.0,61.54692082111437,42.25464720914198,7.0,40.0,57.0,76.0,707.0
2015-12-31,BJU,PM2.5,2,683.0,38.52269399707174,39.090660813290356,1.0,20.0,32.0,48.0,690.0
2015-12-31,BJU,PMCO,2,683.0,23.096632503660324,10.60498570395881,3.0,16.0,22.0,29.0,69.0
2015-12-31,BJU,SO2,1,665.0,8.087218045112781,11.830819294146877,0.0,2.0,4.0,9.0,118.0
2015-12-31,CAM,CO,15,378.0,1.2714285714285716,0.7286691268854047,0.3,0.8,1.1,1.5,5.2
2015-12-31,CAM,NO,1,378.0,42.45238095238095,56.38696452950662,1.0,7.0,18.0,52.75,422.0
2015-12-31,CAM,NO2,1,378.0,41.97883597883598,17.986277608105507,6.0,31.0,40.0,52.0,120.0
2015-12-31,CAM,NOX,1,378.0,84.44444444444444,65.08898893814738,8.0,45.0,65.0,99.0,496.0
2015-12-31,CAM,O3,1,377.0,20.694960212201593,25.798107325039652,0.0,2.0,7.0,34.0,106.0
2015-12-31,CAM,PM10,2,161.0,65.4968944099379,34.10610726534224,12.0,40.0,59.0,82.0,168.0
2015-12-31,CAM,PM2.5,2,161.0,32.70807453416149,24.375612749106644,3.0,15.0,28.0,41.0,128.0
2015-12-31,CAM,PMCO,2,161.0,32.7888198757764,16.859125843993287,9.0,21.0,29.0,40.0,95.0
2015-12-31,CAM,SO2,1,472.0,12.319915254237289,17.572941272335598,0.0,3.0,6.0,13.0,127.0
2015-12-31,CCA,CO,15,670.0,0.9243283582089549,0.4394136733473994,0.2,0.6,0.9,1.2,3.0
2015-12-31,CCA,NO,1,670.0,23.013432835820897,30.71175795016229,0.0,3.0,10.0,31.0,211.0
2015-12-31,CCA,NO2,1,670.0,33.80298507462687,14.849518924925492,5.0,24.0,31.0,42.0,104.0
2015-12-31,CCA,NOX,1,670.0,56.8134328358209,36.50762516548338,6.0,31.0,48.0,73.0,256.0
2015-12-31,CCA,O3,1,670.0,25.33134328358209,28.622861909720132,1.0,2.0,13.0,40.0,125.0
2015-12-31,CCA,PM2.5,2,680.0,25.648529411764706,19.268087672288566,1.0,14.0,23.0,33.25,302.0
2015-12-31,CCA,SO2,1,670.0,6.7,9.667777370342696,0.0,2.0,4.0,7.0,84.0
2015-12-31,CHO,CO,15,694.0,0.9282420749279535,0.5964377845016683,0.3,0.5,0.8,1.1,4.1
2015-12-31,CHO,NO,1,0.0,,,,,,,
2015-12-31,CHO,NO2,1,0.0,,,,,,,
2015-12-31,CHO,NOX,1,0.0,,,,,,,
2015-12-31,CHO,O3,1,692.0,26.245664739884393,25.063110991118815,1.0,3.0,19.0,43.0,138.0
2015-12-31,CHO,PM10,2,706.0,68.03966005665723,41.173063037431156,1.0,38.0,61.5,90.0,227.0
2015-12-31,CHO,SO2,1,694.0,3.0504322766570606,4.157997018614457,0.0,1.0,2.0,3.0,52.0
2015-12-31,COY,NO,1,694.0,27.904899135446687,32.99673610477944,0.0,5.0,15.0,40.0,209.0
2015-12-31,COY,NO2,1,694.0,38.43227665706052,16.17465625769721,6.0,28.0,36.0,48.0,92.0
2015-12-31,COY,NOX,1,694.0,66.32997118155619,39.454860989477936,6.0,39.0,60.0,86.0,260.0
2015-12-31,COY,O3,1,694.0,24.092219020172912,28.182002228626324,1.0,2.0,10.5,38.75,133.0
2015-12-31,COY,PM2.5,2,713.0,36.82748948106592,32.82199568232354,1.0,19.0,30.0,48.0,544.0
2015-12-31,CUA,CO,15,697.0,0.790961262553801,0.42475999977081175,0.1,0.5,0.7,1.0,3.4
2015-12-31,CUA,NO,1,697.0,19.647058823529413,29.13526659045396,1.0,4.0,8.0,22.0,235.0
2015-12-31,CUA,NO2,1,697.0,32.00573888091822,16.75508059182696,6.0,20.0,30.0,41.0,130.0
2015-12-31,CUA,NOX,1,697.0,51.62984218077475,38.64368060489902,7.0,26.0,42.0,64.0,287.0
2015-12-31,CUA,O3,1,695.0,30.53956834532374,26.44391220316682,2.0,11.0,24.0,41.0,143.0
2015-12-31,CUA,PM10,2,704.0,42.72869318181818,26.341481665365414,1.0,24.0,38.0,55.0,153.0
2015-12-31,CUA,SO2,1,0.0,,,,,,,
2015-12-31,CUT,NO,1,536.0,39.22014925373134,45.79433957569365,0.0,4.0,22.0,58.0,266.0
2015-12-31,CUT,NO2,1,536.0,28.23320895522388,14.062201531991695,4.0,19.0,25.5,36.0,105.0
2015-12-31,CUT,NOX,1,536.0,67.42723880597015,50.3178153975334,5.0,30.0,54.0,92.0,314.0
2015-12-31,CUT,O3,1,692.0,18.11127167630058,21.10919964880725,1.0,2.0,8.0,30.0,108.0
2015-12-31,CUT,PM10,2,697.0,80.85365853658537,49.892284450194296,2.0,46.0,68.0,100.0,305.0
2015-12-31,CUT,SO2,1,667.0,12.116941529235381,24.247438134722106,0.0,1.0,3.0,11.5,158.0
2015-12-31,FAC,CO,15,689.0,1.0561683599419447,0.7341506368997045,0.1,0.5,0.8,1.4,4.1
2015-12-31,FAC,NO,1,689.0,41.47314949201742,52.10247830982305,0.0,7.0,19.0,55.0,289.0
2015-12-31,FAC,NO2,1,689.0,38.236574746008706,21.740289141856213,4.0,25.0,33.0,46.0,136.0
2015-12-31,FAC,NOX,1,689.0,79.73875181422352,61.253250688852354,5.0,37.0,58.0,108.0,332.0
2015-12-31,FAC,O3,1,689.0,22.040638606676342,23.943212313109914,1.0,3.0,12.0,33.0,128.0
2015-12-31,FAC,PM10,2,694.0,52.445244956772335,31.598477946346833,1.0,28.0,47.5,72.0,178.0
2015-12-31,FAC,SO2,1,689.0,9.676342525399129,14.363168760269927,0.0,2.0,5.0,11.0,120.0
2015-12-31,GAM,O3,1,692.0,24.034682080924856,29.37041167491143,0.0,2.0,10.0,39.0,120.0
2015-12-31,GAM,PM2.5,2,670.0,44.55373134328358,27.422606564288053,1.0,27.0,40.0,58.0,213.0
2015-12-31,HGM,CO,15,686.0,1.1988338192419838,0.6036616578524423,0.4,0.8,1.1,1.4,3.9
2015-12-31,HGM,NO,1,689.0,34.48766328011611,43.286836462788806,0.0,7.0,18.0,45.0,305.0
2015-12-31,HGM,NO2,1,689.0,44.25689404934688,18.86856041980398,7.0,32.0,42.0,54.0,128.0
2015-12-31,HGM,NOX,1,689.0,78.73730043541364,52.10512422043863,9.0,44.0,65.0,98.0,348.0
2015-12-31,HGM,O3,1,462.0,23.543290043290042,27.745146111581434,0.0,3.0,11.0,36.0,124.0
2015-12-31,HGM,PM10,2,670.0,57.20746268656716,29.655827516021887,8.0,35.0,55.0,74.75,259.0
2015-12-31,HGM,PM2.5,2,670.0,37.483582089552236,24.881822907802075,1.0,20.0,33.0,51.0,241.0
2015-12-31,HGM,PMCO,2,670.0,19.70149253731343,9.45307808930116,2.0,13.0,19.0,25.0,55.0
2015-12-31,HGM,SO2,1,689.0,10.48911465892598,13.829745934622053,2.0,3.0,5.0,11.0,91.0
2015-12-31,INN,CO,15,396.0,0.26893939393939337,0.19191212747514638,0.0,0.1,0.2,0.3,1.3
2015-12-31,INN,O3,1,399.0,34.05764411027569,16.732575440379737,2.0,22.0,31.0,43.0,89.0
2015-12-31,INN,PM10,2,230.0,33.00869565217391,18.03683550328245,6.0,21.0,30.0,41.0,126.0
2015-12-31,INN,PM2.5,2,230.0,23.68695652173913,14.035740540878212,3.0,15.0,21.0,29.0,105.0
2015-12-31,INN,PMCO,2,230.0,9.31304347826087,5.5734323268549275,1.0,5.0,9.0,13.0,26.0
2015-12-31,INN,SO2,1,403.0,3.1861042183622827,4.179148126561016,1.0,1.0,2.0,3.0,41.0
2015-12-31,IZT,CO,15,683.0,1.409224011713031,0.7803411998360678,0.4,0.9,1.2,1.7,5.1
2015-12-31,IZT,NO,1,682.0,36.56598240469208,45.9694645952234,1.0,7.0,18.0,48.0,311.0
2015-12-31,IZT,NO2,1,682.0,39.28152492668622,17.46622279258874,7.0,28.0,37.5,49.0,119.0
2015-12-31,IZT,NOX,1,682.0,75.8533724340176,53.9744778056777,8.0,39.0,61.0,93.75,348.0
2015-12-31,IZT,O3,1,683.0,23.371888726207906,27.09788762215434,2.0,3.0,10.0,37.0,132.0
2015-12-31,IZT,PM10,2,697.0,50.52654232424677,30.681805959014422,7.0,32.0,46.0,63.0,385.0
2015-12-31,IZT,SO2,1,683.0,8.82869692532943,12.657972899255059,1.0,3.0,5.0,9.0,94.0
2015-12-31,LLA,CO,15,0.0,,,,,,,
2015-12-31,LLA,NO,1,0.0,,,,,,,
2015-12-31,LLA,NO2,1,0.0,,,,,,,
2015-12-31,LLA,NOX,1,0.0,,,,,,,
2015-12-31,LLA,O3,1,695.0,21.80431654676259,25.057207947043544,0.0,2.0,10.0,36.0,115.0
2015-12-31,LLA,SO2,1,695.0,9.874820143884891,17.491295049973953,2.0,3.0,5.0,9.0,175.0
2015-12-31,LPR,CO,15,0.0,,,,,,,
2015-12-31,LPR,NO,1,0.0,,,,,,,
2015-12-31,LPR,NO2,1,0.0,,,,,,,
2015-12-31,LPR,NOX,1,0.0,,,,,,,
2015-12-31,LPR,O3,1,0.0,,,,,,,
2015-12-31,LPR,SO2,1,0.0,,,,,,,
2015-12-31,MER,CO,15,682.0,1.3162756598240466,0.7397953244904726,0.3,0.8,1.15,1.7,4.5
2015-12-31,MER,NO,1,591.0,51.16412859560068,57.39383832052965,1.0,10.0,29.0,71.5,321.0
2015-12-31,MER,NO2,1,591.0,42.54991539763113,18.239846374230847,7.0,29.0,41.0,53.0,116.0
2015-12-31,MER,NOX,1,591.0,93.70389170896784,65.37686291929217,9.0,46.0,77.0,121.0,365.0
2015-12-31,MER,O3,1,685.0,18.17956204379562,23.63665362408045,0.0,1.0,6.0,28.0,111.0
2015-12-31,MER,PM10,2,674.0,76.5727002967359,36.07905587644034,6.0,49.0,76.0,99.0,232.0
2015-12-31,MER,PM2.5,2,674.0,39.93471810089021,24.639665516909915,1.0,23.0,36.0,54.0,167.0
2015-12-31,MER,PMCO,2,674.0,36.57121661721068,16.696267593797902,3.0,25.0,35.0,47.0,96.0
2015-12-31,MER,SO2,1,685.0,10.054014598540146,13.351796507232523,1.0,3.0,6.0,10.0,89.0
2015-12-31,MGH,CO,15,496.0,1.1816532258064523,0.595069038274389,0.3,0.7,1.1,1.5,4.1
2015-12-31,MGH,NO,1,567.0,54.64902998236332,68.19802227330553,1.0,9.0,26.0,74.0,463.0
2015-12-31,MGH,NO2,1,567.0,42.811287477954146,17.5489626886894,6.0,31.0,40.0,52.0,112.0
2015-12-31,MGH,NOX,1,567.0,97.41269841269842,73.1190450575375,10.0,47.0,73.0,121.5,507.0
2015-12-31,MGH,O3,1,567.0,20.56437389770723,27.415059966935928,0.0,1.0,7.0,31.0,135.0
2015-12-31,MGH,PM10,2,575.0,54.83304347826087,27.923176471796868,5.0,32.0,52.0,72.0,230.0
2015-12-31,MGH,PM2.5,2,575.0,36.89043478260869,23.333594143729627,1.0,20.0,33.0,50.0,215.0
2015-12-31,MGH,PMCO,2,575.0,17.95304347826087,8.85655451032023,2.0,12.0,17.0,23.0,54.0
2015-12-31,MGH,SO2,1,567.0,9.038800705467372,11.876361471849666,0.0,2.0,5.0,11.0,105.0
2015-12-31,MON,CO,15,689.0,0.5239477503628436,0.4097199520727214,0.0,0.3,0.4,0.6,2.9
2015-12-31,MON,NO,1,689.0,23.49056603773585,41.46801423357101,0.0,1.0,3.0,27.0,295.0
2015-12-31,MON,NO2,1,689.0,17.712626995645863,9.091676181670325,3.0,12.0,16.0,23.0,50.0
2015-12-31,MON,NOX,1,689.0,41.15674891146589,45.23245951820685,3.0,13.0,22.0,54.0,322.0
2015-12-31,MON,O3,1,686.0,23.88483965014577,22.027252607157013,1.0,3.0,21.0,36.75,105.0
2015-12-31,MON,SO2,1,0.0,,,,,,,
2015-12-31,NEZ,CO,15,687.0,1.0333333333333337,0.7705840678579728,0.1,0.5,0.8,1.3,4.8
2015-12-31,NEZ,NO,1,687.0,28.129548762736537,42.57819885488486,0.0,3.0,8.0,35.0,318.0
2015-12-31,NEZ,NO2,1,687.0,32.32605531295488,15.595888092021568,7.0,21.0,30.0,41.0,101.0
2015-12-31,NEZ,NOX,1,687.0,60.451237263464336,50.13875959256994,8.0,26.0,44.0,78.0,355.0
2015-12-31,NEZ,O3,1,687.0,24.145560407569143,26.638806497333807,0.0,2.0,14.0,38.0,127.0
2015-12-31,NEZ,PM2.5,2,688.0,30.350290697674417,26.94099920292859,1.0,14.0,24.0,41.0,267.0
2015-12-31,NEZ,SO2,1,687.0,5.346433770014556,10.486667139791509,0.0,1.0,2.0,5.0,104.0
2015-12-31,PED,CO,15,691.0,0.7451519536903028,0.41711788735209787,0.1,0.4,0.7,1.0,2.5
2015-12-31,PED,NO,1,691.0,17.309696092619394,23.345164444719202,1.0,3.0,7.0,21.5,148.0
2015-12-31,PED,NO2,1,691.0,31.425470332850942,15.048564461467077,4.0,21.0,29.0,39.5,95.0
2015-12-31,PED,NOX,1,691.0,48.75542691751085,31.15514397123212,5.0,26.0,42.0,62.0,197.0
2015-12-31,PED,O3,1,691.0,27.354558610709116,28.65669188965324,1.0,4.0,17.0,41.5,132.0
2015-12-31,PED,PM10,2,245.0,58.68163265306122,27.60131614726415,9.0,37.0,56.0,80.0,155.0
2015-12-31,PED,PM2.5,2,245.0,35.35510204081633,17.77847590261531,2.0,23.0,31.0,47.0,101.0
2015-12-31,PED,PMCO,2,245.0,23.277551020408165,11.90383712255062,4.0,14.0,21.0,32.0,61.0
2015-12-31,PED,SO2,1,690.0,6.611594202898551,9.5662010275365,0.0,2.0,3.0,8.0,89.0
2015-12-31,SAG,CO,15,692.0,1.1381502890173403,0.6463667044325898,0.3,0.7,1.0,1.4,4.3
2015-12-31,SAG,NO,1,692.0,33.51589595375722,45.55940803085897,1.0,6.0,14.0,42.0,313.0
2015-12-31,SAG,NO2,1,692.0,30.55057803468208,12.775090506009663,7.0,21.75,28.5,38.0,87.0
2015-12-31,SAG,NOX,1,692.0,64.08092485549133,49.391133162070886,8.0,31.0,50.0,80.0,350.0
2015-12-31,SAG,O3,1,692.0,21.98121387283237,24.97902899827362,1.0,2.0,12.0,36.0,116.0
2015-12-31,SAG,PM10,2,699.0,65.25178826895565,31.612483598894105,10.0,42.0,62.0,82.0,195.0
2015-12-31,SAG,PM2.5,2,699.0,35.238912732474965,21.556452891891546,1.0,20.0,32.0,46.0,144.0
2015-12-31,SAG,PMCO,2,699.0,30.0414878397711,16.246568817945125,3.0,19.0,27.0,39.0,153.0
2015-12-31,SAG,SO2,1,692.0,8.823699421965317,14.668971127368525,0.0,3.0,5.0,9.0,166.0
2015-12-31,SFE,CO,15,0.0,,,,,,,
2015-12-31,SFE,NO,1,0.0,,,,,,,
2015-12-31,SFE,NO2,1,0.0,,,,,,,
2015-12-31,SFE,NOX,1,0.0,,,,,,,
2015-12-31,SFE,O3,1,0.0,,,,,,,
2015-12-31,SFE,PM10,2,0.0,,,,,,,
2015-12-31,SFE,PM2.5,2,0.0,,,,,,,
2015-12-31,SFE,PMCO,2,0.0,,,,,,,
2015-12-31,SFE,SO2,1,0.0,,,,,,,
2015-12-31,SJA,CO,15,0.0,,,,,,,
2015-12-31,SJA,NO,1,0.0,,,,,,,
2015-12-31,SJA,NO2,1,0.0,,,,,,,
2015-12-31,SJA,NOX,1,0.0,,,,,,,
2015-12-31,SJA,O3,1,0.0,,,,,,,
2015-12-31,SJA,PM2.5,2,0.0,,,,,,,
2015-12-31,SJA,SO2,1,0.0,,,,,,,
2015-12-31,TAH,CO,15,0.0,,,,,,,
2015-12-31,TAH,NO,1,0.0,,,,,,,
2015-12-31,TAH,NO2,1,0.0,,,,,,,
2015-12-31,TAH,NOX,1,0.0,,,,,,,
2015-12-31,TAH,O3,1,0.0,,,,,,,
2015-12-31,TAH,PM10,2,579.0,53.01727115716753,31.945396408717233,1.0,30.0,48.0,71.5,211.0
2015-12-31,TAH,SO2,1,0.0,,,,,,,
2015-12-31,TLA,CO,15,697.0,1.1889526542324247,0.644856902327403,0.2,0.8,1.0,1.5,3.9
2015-12-31,TLA,NO,1,688.0,45.68313953488372,50.971478230871234,0.0,12.0,27.0,59.0,297.0
2015-12-31,TLA,NO2,1,688.0,41.957848837209305,18.978259898800847,6.0,30.0,39.0,50.0,133.0
2015-12-31,TLA,NOX,1,688.0,87.6453488372093,59.068009862417604,9.0,50.0,71.5,110.0,383.0
2015-12-31,TLA,O3,1,681.0,19.355359765051396,24.638862265345594,0.0,2.0,7.0,29.0,123.0
2015-12-31,TLA,PM10,2,697.0,72.84218077474893,35.95664374938445,7.0,44.0,69.0,95.0,230.0
2015-12-31,TLA,PM2.5,2,697.0,36.85939741750359,21.392413957375844,1.0,21.0,33.0,51.0,106.0
2015-12-31,TLA,PMCO,2,697.0,35.99426111908178,18.268117170331553,4.0,22.0,33.0,47.0,130.0
2015-12-31,TLA,SO2,1,668.0,13.428143712574851,19.50548882494759,1.0,3.0,7.0,15.0,156.0
2015-12-31,TLI,CO,15,0.0,,,,,,,
2015-12-31,TLI,NO,1,0.0,,,,,,,
2015-12-31,TLI,NO2,1,0.0,,,,,,,
2015-12-31,TLI,NOX,1,0.0,,,,,,,
2015-12-31,TLI,O3,1,0.0,,,,,,,
2015-12-31,TLI,PM10,2,685.0,75.68467153284672,44.136051770227205,1.0,44.0,69.0,99.0,309.0
2015-12-31,TLI,SO2,1,0.0,,,,,,,
2015-12-31,UAX,CO,15,565.0,0.7523893805309733,0.4193656014606419,0.1,0.5,0.7,1.0,2.4
2015-12-31,UAX,NO,1,642.0,18.721183800623052,24.628696398143706,0.0,2.0,8.0,28.0,164.0
2015-12-31,UAX,NO2,1,642.0,30.272585669781932,14.389028663463861,2.0,21.0,30.0,39.0,95.0
2015-12-31,UAX,NOX,1,642.0,48.965732087227416,31.765748636490393,2.0,26.0,44.0,66.0,190.0
2015-12-31,UAX,O3,1,642.0,27.64485981308411,30.20917786890962,0.0,3.0,16.5,44.0,139.0
2015-12-31,UAX,PM2.5,2,626.0,30.37220447284345,21.28745269337137,1.0,18.0,28.0,38.0,165.0
2015-12-31,UAX,SO2,1,642.0,4.613707165109035,7.872244274489572,0.0,1.0,2.0,5.0,93.0
2015-12-31,UIZ,CO,15,692.0,1.0559248554913292,0.6457091011126812,0.1,0.6,0.9,1.3,3.8
2015-12-31,UIZ,NO,1,693.0,27.292929292929294,36.01227181960555,1.0,4.0,12.0,35.0,218.0
2015-12-31,UIZ,NO2,1,693.0,36.099567099567096,17.39776619564861,5.0,25.0,35.0,45.0,111.0
2015-12-31,UIZ,NOX,1,693.0,63.3968253968254,45.99274058413045,7.0,32.0,52.0,82.0,278.0
2015-12-31,UIZ,O3,1,693.0,24.32178932178932,27.55523200168223,1.0,3.0,12.0,39.0,133.0
2015-12-31,UIZ,PM10,2,704.0,67.06392045454545,35.1497532630273,9.0,41.0,62.0,88.0,217.0
2015-12-31,UIZ,PM2.5,2,704.0,37.94460227272727,26.481396338683197,1.0,19.0,33.0,51.25,168.0
2015-12-31,UIZ,PMCO,2,704.0,29.103693181818183,14.621708290743042,3.0,19.0,27.0,37.0,99.0
2015-12-31,UIZ,SO2,1,693.0,7.015873015873016,10.468976008470545,1.0,2.0,4.0,7.0,94.0
2015-12-31,VIF,CO,15,0.0,,,,,,,
2015-12-31,VIF,NO,1,0.0,,,,,,,
2015-12-31,VIF,NO2,1,0.0,,,,,,,
2015-12-31,VIF,NOX,1,0.0,,,,,,,
2015-12-31,VIF,O3,1,0.0,,,,,,,
2015-12-31,VIF,PM10,2,687.0,85.83988355167395,63.95573345202006,1.0,45.0,77.0,111.0,742.0
2015-12-31,VIF,SO2,1,0.0,,,,,,,
2015-12-31,XAL,CO,15,695.0,1.5686330935251802,0.9101225504448909,0.5,0.9,1.3,1.9,5.5
2015-12-31,XAL,NO,1,690.0,59.073913043478264,68.69388175850838,1.0,12.0,30.0,82.0,391.0
2015-12-31,XAL,NO2,1,690.0,40.31304347826087,16.04250443770581,9.0,29.0,37.0,47.0,111.0
2015-12-31,XAL,NOX,1,690.0,99.42028985507247,74.72519675715024,17.0,46.0,72.0,127.0,434.0
2015-12-31,XAL,O3,1,695.0,17.148201438848922,19.228181439177312,1.0,2.0,8.0,28.5,83.0
2015-12-31,XAL,PM10,2,710.0,101.35352112676057,53.84738222899634,10.0,63.25,91.5,128.75,344.0
2015-12-31,XAL,PM2.5,2,710.0,45.39859154929577,30.761152726358794,1.0,24.0,40.0,61.0,252.0
2015-12-31,XAL,PMCO,2,710.0,55.946478873239435,30.97635401456277,3.0,34.0,50.0,70.0,213.0
2015-12-31,XAL,SO2,1,695.0,10.223021582733812,11.95370703565829,2.0,4.0,7.0,11.5,116.0
