,,,,value,value,value,value,value,value,value,value
,,,,count,mean,std,min,25%,50%,75%,max
date,id_station,id_parameter,unit,,,,,,,,
2011-01-31,ACO,CO,15,0.0,,,,,,,
2011-01-31,ACO,NO,1,0.0,,,,,,,
2011-01-31,ACO,NO2,1,0.0,,,,,,,
2011-01-31,ACO,NOX,1,0.0,,,,,,,
2011-01-31,ACO,O3,1,687.0,29.529839883551674,23.65954889798109,0.0,7.0,26.0,48.0,92.0
2011-01-31,ACO,PM10,2,0.0,,,,,,,
2011-01-31,ACO,SO2,1,688.0,0.9549418604651163,2.6998310361909867,0.0,0.0,0.0,1.0,40.0
2011-01-31,ATI,NO,1,710.0,21.356338028169013,35.700028376225305,0.0,2.0,5.0,23.75,222.0
2011-01-31,ATI,NO2,1,710.0,26.964788732394368,15.34998930540462,3.0,16.0,25.0,35.0,100.0
2011-01-31,ATI,NOX,1,710.0,48.238028169014086,45.36780845556974,4.0,18.0,30.0,61.0,253.0
2011-01-31,ATI,SO2,1,710.0,6.2,11.210236104203542,0.0,1.0,3.0,6.0,91.0
2011-01-31,CAM,CO,15,0.0,,,,,,,
2011-01-31,CAM,NO,1,0.0,,,,,,,
2011-01-31,CAM,NO2,1,0.0,,,,,,,
2011-01-31,CAM,NOX,1,0.0,,,,,,,
2011-01-31,CAM,O3,1,0.0,,,,,,,
2011-01-31,CAM,PM10,2,0.0,,,,,,,
2011-01-31,CAM,PM2.5,2,697.0,25.23242467718795,14.430986536515476,1.0,14.0,23.0,33.0,79.0
2011-01-31,CAM,SO2,1,0.0,,,,,,,
2011-01-31,CHO,CO,15,0.0,,,,,,,
2011-01-31,CHO,NO,1,0.0,,,,,,,
2011-01-31,CHO,NO2,1,0.0,,,,,,,
2011-01-31,CHO,NOX,1,0.0,,,,,,,
2011-01-31,CHO,O3,1,182.0,21.681318681318682,23.663328796751827,1.0,2.0,9.0,39.75,102.0
2011-01-31,CHO,SO2,1,0.0,,,,,,,
2011-01-31,COY,NO,1,0.0,,,,,,,
2011-01-31,COY,NO2,1,0.0,,,,,,,
2011-01-31,COY,NOX,1,0.0,,,,,,,
2011-01-31,COY,O3,1,699.0,23.71101573676681,27.01378256890851,1.0,2.0,9.0,43.5,121.0
2011-01-31,COY,PM2.5,2,693.0,27.904761904761905,15.652831942230947,4.0,17.0,24.0,35.0,132.0
2011-01-31,CUA,CO,15,0.0,,,,,,,
2011-01-31,CUA,NO,1,0.0,,,,,,,
2011-01-31,CUA,NO2,1,0.0,,,,,,,
2011-01-31,CUA,NOX,1,0.0,,,,,,,
2011-01-31,CUA,O3,1,212.0,37.43867924528302,23.63889104444878,1.0,20.0,35.0,53.25,108.0
2011-01-31,CUA,SO2,1,0.0,,,,,,,
2011-01-31,FAC,CO,15,710.0,1.140985915492957,0.8906482559008843,0.0,0.5,0.8,1.5,4.8
2011-01-31,FAC,NO,1,710.0,33.971830985915496,50.92098800307945,0.0,4.0,11.0,36.0,284.0
2011-01-31,FAC,NO2,1,710.0,32.56056338028169,19.239229426003906,4.0,20.0,30.0,39.75,136.0
2011-01-31,FAC,NOX,1,710.0,66.37887323943661,61.46292566621573,5.0,25.0,42.0,85.75,326.0
2011-01-31,FAC,O3,1,710.0,24.543661971830986,22.303526967789747,1.0,5.0,18.0,39.0,92.0
2011-01-31,FAC,PM10,2,703.0,52.62588904694168,33.71116228648341,1.0,29.0,44.0,68.0,317.0
2011-01-31,FAC,SO2,1,710.0,5.385915492957746,10.320550599435123,0.0,1.0,2.0,5.0,92.0
2011-01-31,IZT,CO,15,697.0,1.4169296987087532,0.9388029103775646,0.3,0.7,1.2,1.9,7.1
2011-01-31,IZT,NO,1,697.0,39.45911047345768,50.934980593479914,0.0,6.0,17.0,55.0,330.0
2011-01-31,IZT,NO2,1,697.0,36.58106169296987,16.556489421813957,7.0,26.0,34.0,45.0,115.0
2011-01-31,IZT,NOX,1,697.0,75.97560975609755,60.26377108521099,9.0,32.0,58.0,101.0,403.0
2011-01-31,IZT,O3,1,697.0,19.41606886657102,24.55252813810138,0.0,0.0,6.0,36.0,106.0
2011-01-31,IZT,PM10,2,696.0,59.23850574712644,27.235567309767198,13.0,39.0,55.0,73.0,244.0
2011-01-31,IZT,SO2,1,668.0,6.889221556886228,10.154415173659919,1.0,3.0,4.0,6.0,107.0
2011-01-31,LLA,CO,15,0.0,,,,,,,
2011-01-31,LLA,NO,1,0.0,,,,,,,
2011-01-31,LLA,NO2,1,0.0,,,,,,,
2011-01-31,LLA,NOX,1,0.0,,,,,,,
2011-01-31,LLA,O3,1,0.0,,,,,,,
2011-01-31,LLA,SO2,1,685.0,6.343065693430657,15.082636872650196,0.0,2.0,3.0,5.0,167.0
2011-01-31,LPR,CO,15,0.0,,,,,,,
2011-01-31,LPR,NO,1,0.0,,,,,,,
2011-01-31,LPR,NO2,1,0.0,,,,,,,
2011-01-31,LPR,NOX,1,0.0,,,,,,,
2011-01-31,LPR,O3,1,0.0,,,,,,,
2011-01-31,LPR,SO2,1,704.0,6.2258522727272725,8.31518940289553,1.0,3.0,4.0,6.0,72.0
2011-01-31,MER,CO,15,663.0,1.519004524886877,0.9342109317141267,0.3,0.9,1.2,1.9,6.4
2011-01-31,MER,NO,1,691.0,55.589001447178006,68.00333832823254,0.0,9.0,26.0,78.5,382.0
2011-01-31,MER,NO2,1,691.0,43.21562952243126,17.192721378754303,11.0,31.5,41.0,52.0,106.0
2011-01-31,MER,NOX,1,691.0,98.67872648335745,76.5854895750381,11.0,42.0,73.0,133.0,439.0
2011-01-31,MER,O3,1,702.0,17.599715099715098,22.659689142709972,0.0,0.0,5.0,33.0,101.0
2011-01-31,MER,PM10,2,706.0,78.96033994334277,39.148650865197475,14.0,49.0,72.0,102.0,299.0
2011-01-31,MER,PM2.5,2,706.0,29.53541076487252,17.27350345483169,2.0,17.0,25.0,39.0,105.0
2011-01-31,MER,SO2,1,698.0,5.906876790830945,9.702382303810904,0.0,1.0,3.0,6.0,106.0
2011-01-31,MON,CO,15,0.0,,,,,,,
2011-01-31,MON,NO,1,0.0,,,,,,,
2011-01-31,MON,NO2,1,0.0,,,,,,,
2011-01-31,MON,NOX,1,0.0,,,,,,,
2011-01-31,MON,O3,1,708.0,28.929378531073446,23.816378806858715,0.0,3.0,27.0,47.0,97.0
2011-01-31,MON,SO2,1,0.0,,,,,,,
2011-01-31,NEZ,CO,15,0.0,,,,,,,
2011-01-31,NEZ,NO,1,0.0,,,,,,,
2011-01-31,NEZ,NO2,1,0.0,,,,,,,
2011-01-31,NEZ,NOX,1,0.0,,,,,,,
2011-01-31,NEZ,O3,1,0.0,,,,,,,
2011-01-31,NEZ,PM2.5,2,0.0,,,,,,,
2011-01-31,NEZ,SO2,1,0.0,,,,,,,
2011-01-31,PED,CO,15,705.0,0.6346099290780145,0.43352990507513467,0.0,0.3,0.5,0.9,2.7
2011-01-31,PED,NO,1,705.0,15.577304964539007,24.523528732147533,0.0,2.0,5.0,18.0,188.0
2011-01-31,PED,NO2,1,705.0,26.02269503546099,15.263203900054808,3.0,14.0,24.0,34.0,78.0
2011-01-31,PED,NOX,1,705.0,41.56028368794326,34.31992877735972,5.0,17.0,31.0,57.0,235.0
2011-01-31,PED,O3,1,705.0,25.273758865248226,24.034426200995295,0.0,5.0,18.0,41.0,101.0
2011-01-31,PED,PM10,2,689.0,44.90856313497823,25.870463299554192,4.0,28.0,40.0,57.0,250.0
2011-01-31,PED,PM2.5,2,0.0,,,,,,,
2011-01-31,PED,SO2,1,698.0,3.681948424068768,5.073546968155717,0.0,1.0,2.0,4.0,47.0
2011-01-31,PER,PM2.5,2,693.0,34.16305916305916,27.81853288962032,2.0,17.0,27.0,43.0,302.0
2011-01-31,SAG,CO,15,695.0,1.2607194244604345,0.7876913703597028,0.3,0.7,1.0,1.5,5.4
2011-01-31,SAG,NO,1,679.0,37.11634756995582,54.18619990723095,0.0,6.0,12.0,43.0,338.0
2011-01-31,SAG,NO2,1,679.0,27.920471281296024,12.594873321945538,5.0,18.0,28.0,36.0,70.0
2011-01-31,SAG,NOX,1,679.0,64.73195876288659,59.81580892857681,8.0,24.0,44.0,82.5,385.0
2011-01-31,SAG,O3,1,695.0,20.928057553956833,21.084925125480375,2.0,3.0,11.0,36.0,88.0
2011-01-31,SAG,PM10,2,690.0,91.01449275362319,47.77432214504639,11.0,60.0,82.0,110.75,376.0
2011-01-31,SAG,PM2.5,2,689.0,30.77068214804064,19.772167710152974,1.0,18.0,27.0,38.0,167.0
2011-01-31,SAG,SO2,1,695.0,6.565467625899281,13.022081181749163,0.0,3.0,3.0,6.0,140.0
2011-01-31,SJA,CO,15,0.0,,,,,,,
2011-01-31,SJA,NO,1,0.0,,,,,,,
2011-01-31,SJA,NO2,1,0.0,,,,,,,
2011-01-31,SJA,NOX,1,0.0,,,,,,,
2011-01-31,SJA,O3,1,0.0,,,,,,,
2011-01-31,SJA,PM2.5,2,588.0,28.244897959183675,18.368030829360645,1.0,16.0,25.0,36.0,143.0
2011-01-31,SJA,SO2,1,0.0,,,,,,,
2011-01-31,SUR,CO,15,635.0,1.818110236220474,0.9695861846851365,0.0,1.1,1.6,2.3,7.0
2011-01-31,SUR,NO,1,642.0,33.8177570093458,48.393725782555215,0.0,3.0,15.5,47.75,338.0
2011-01-31,SUR,NO2,1,642.0,34.40809968847352,15.698856635414995,6.0,24.0,33.5,42.0,111.0
2011-01-31,SUR,NOX,1,642.0,68.11370716510903,56.18151854078934,6.0,29.0,55.0,90.75,379.0
2011-01-31,SUR,O3,1,642.0,25.67601246105919,27.615157004790277,1.0,3.0,11.0,44.0,110.0
2011-01-31,SUR,PM10,2,631.0,56.852614896988904,33.71706019084946,1.0,33.0,51.0,72.5,299.0
2011-01-31,SUR,SO2,1,636.0,4.154088050314465,6.751949193173456,0.0,1.0,2.0,4.0,61.0
2011-01-31,TAH,CO,15,0.0,,,,,,,
2011-01-31,TAH,NO,1,0.0,,,,,,,
2011-01-31,TAH,NO2,1,0.0,,,,,,,
2011-01-31,TAH,NOX,1,0.0,,,,,,,
2011-01-31,TAH,O3,1,698.0,31.34813753581662,21.905771943620383,2.0,11.0,27.0,47.75,99.0
2011-01-31,TAH,PM10,2,684.0,63.33040935672515,46.19760420929261,3.0,35.0,56.0,80.25,546.0
2011-01-31,TAH,SO2,1,643.0,1.1493001555209954,3.3127872672875083,0.0,0.0,0.0,1.0,40.0
2011-01-31,TLA,CO,15,690.0,1.2456521739130446,0.7552351939262097,0.2,0.7,1.0,1.5,4.9
2011-01-31,TLA,NO,1,687.0,40.26637554585153,57.805371814435354,0.0,5.0,17.0,45.0,339.0
2011-01-31,TLA,NO2,1,687.0,36.85735080058224,17.80277521108464,8.0,25.0,34.0,45.0,112.0
2011-01-31,TLA,NOX,1,687.0,76.94032023289665,68.07777828844227,6.0,31.0,54.0,93.0,408.0
2011-01-31,TLA,O3,1,638.0,21.21003134796238,22.718876300213143,0.0,2.0,11.0,38.0,98.0
2011-01-31,TLA,PM10,2,696.0,45.10057471264368,25.995875704158596,3.0,27.0,39.0,55.25,231.0
2011-01-31,TLA,PM2.5,2,695.0,26.063309352517987,16.700498464859304,1.0,15.0,22.0,32.0,141.0
2011-01-31,TLA,SO2,1,692.0,8.984104046242775,19.06250003514065,0.0,2.0,3.0,7.0,167.0
2011-01-31,TLI,CO,15,633.0,0.7714060031595575,0.7320342393782766,0.0,0.2,0.6,1.1,3.9
2011-01-31,TLI,NO,1,617.0,30.72285251215559,47.35112705531318,0.0,2.0,8.0,40.0,285.0
2011-01-31,TLI,NO2,1,617.0,30.66936790923825,15.561803421717428,6.0,18.0,30.0,40.0,93.0
2011-01-31,TLI,NOX,1,617.0,61.235008103727715,57.44303959939049,7.0,20.0,39.0,85.0,333.0
2011-01-31,TLI,O3,1,0.0,,,,,,,
2011-01-31,TLI,PM10,2,669.0,74.14050822122572,46.48228675932431,2.0,41.0,66.0,98.0,309.0
2011-01-31,TLI,SO2,1,633.0,7.669826224328594,21.832721120382267,0.0,1.0,2.0,6.0,224.0
2011-01-31,TPN,CO,15,0.0,,,,,,,
2011-01-31,TPN,NO,1,0.0,,,,,,,
2011-01-31,TPN,NO2,1,0.0,,,,,,,
2011-01-31,TPN,NOX,1,0.0,,,,,,,
2011-01-31,TPN,O3,1,692.0,37.33092485549133,21.030376287278,1.0,22.0,32.5,51.0,109.0
2011-01-31,TPN,SO2,1,0.0,,,,,,,
2011-01-31,UIZ,CO,15,623.0,0.943338683788123,0.933952166213275,0.0,0.3,0.6,1.4,5.0
2011-01-31,UIZ,NO,1,661.0,27.267776096822995,42.99897115807332,0.0,2.0,7.0,32.0,247.0
2011-01-31,UIZ,NO2,1,661.0,31.86535552193646,16.463596970720634,3.0,19.0,30.0,42.0,129.0
2011-01-31,UIZ,NOX,1,661.0,59.03025718608169,53.338646442590694,3.0,22.0,40.0,77.0,295.0
2011-01-31,UIZ,O3,1,662.0,23.209969788519636,24.696457211284336,0.0,2.0,12.0,41.0,102.0
2011-01-31,UIZ,PM10,2,0.0,,,,,,,
2011-01-31,UIZ,PM2.5,2,650.0,25.144615384615385,16.503928941285256,1.0,15.0,22.0,31.0,143.0
2011-01-31,UIZ,SO2,1,632.0,4.927215189873418,7.937019513763398,0.0,2.0,3.0,5.0,82.0
2011-01-31,VIF,CO,15,703.0,0.9862019914651486,0.7039329474239437,0.1,0.5,0.8,1.3,3.7
2011-01-31,VIF,NO,1,703.0,23.574679943100996,33.372665455083244,0.0,1.0,7.0,36.5,192.0
2011-01-31,VIF,NO2,1,703.0,27.093883357041253,12.307885718208148,6.0,18.0,27.0,35.0,78.0
2011-01-31,VIF,NOX,1,703.0,50.39544807965861,40.24366782194842,5.0,18.5,38.0,73.0,222.0
2011-01-31,VIF,O3,1,0.0,,,,,,,
2011-01-31,VIF,PM10,2,686.0,93.20262390670554,65.0546635421283,1.0,50.0,83.0,120.0,591.0
2011-01-31,VIF,SO2,1,700.0,7.164285714285715,21.434135969376754,0.0,0.0,1.0,5.25,219.0
2011-01-31,XAL,CO,15,697.0,1.4199426111908184,1.2194265644667097,0.0,0.6,1.0,1.8,7.8
2011-01-31,XAL,NO,1,697.0,71.0961262553802,91.81262590299023,0.0,7.0,37.0,98.0,628.0
2011-01-31,XAL,NO2,1,697.0,42.453371592539455,17.00527025206939,9.0,31.0,41.0,52.0,121.0
2011-01-31,XAL,NOX,1,697.0,113.32424677187949,101.26225426219214,7.0,44.0,85.0,145.0,714.0
2011-01-31,XAL,O3,1,696.0,18.028735632183906,20.462684946839374,0.0,2.0,7.0,33.0,87.0
2011-01-31,XAL,PM10,2,682.0,115.58651026392963,75.55017389242319,9.0,65.0,98.0,141.75,618.0
2011-01-31,XAL,PM2.5,2,0.0,,,,,,,
2011-01-31,XAL,SO2,1,698.0,9.534383954154729,9.555221576501545,2.0,5.0,7.0,10.0,82.0
2011-02-28,ACO,CO,15,0.0,,,,,,,
2011-02-28,ACO,NO,1,0.0,,,,,,,
2011-02-28,ACO,NO2,1,0.0,,,,,,,
2011-02-28,ACO,NOX,1,0.0,,,,,,,
2011-02-28,ACO,O3,1,561.0,31.648841354723707,24.61074902161948,1.0,8.0,29.0,49.0,101.0
2011-02-28,ACO,PM10,2,0.0,,,,,,,
2011-02-28,ACO,SO2,1,555.0,1.9405405405405405,5.938468763884743,0.0,0.0,0.0,1.0,62.0
2011-02-28,ATI,NO,1,635.0,19.8503937007874,36.960691614310484,0.0,1.0,4.0,18.0,233.0
2011-02-28,ATI,NO2,1,635.0,25.35275590551181,13.464228965518505,2.0,15.0,24.0,33.0,75.0
2011-02-28,ATI,NOX,1,635.0,45.0755905511811,45.55771414442922,4.0,17.0,29.0,51.0,271.0
2011-02-28,ATI,SO2,1,636.0,9.481132075471699,16.841398822750353,0.0,1.0,3.0,9.0,118.0
2011-02-28,CAM,CO,15,0.0,,,,,,,
2011-02-28,CAM,NO,1,0.0,,,,,,,
2011-02-28,CAM,NO2,1,0.0,,,,,,,
2011-02-28,CAM,NOX,1,0.0,,,,,,,
2011-02-28,CAM,O3,1,0.0,,,,,,,
2011-02-28,CAM,PM10,2,0.0,,,,,,,
2011-02-28,CAM,PM2.5,2,631.0,25.339144215530904,13.804842900969156,1.0,15.0,24.0,34.0,68.0
2011-02-28,CAM,SO2,1,0.0,,,,,,,
2011-02-28,CHO,CO,15,0.0,,,,,,,
2011-02-28,CHO,NO,1,0.0,,,,,,,
2011-02-28,CHO,NO2,1,0.0,,,,,,,
2011-02-28,CHO,NOX,1,0.0,,,,,,,
2011-02-28,CHO,O3,1,0.0,,,,,,,
2011-02-28,CHO,SO2,1,0.0,,,,,,,
2011-02-28,COY,NO,1,0.0,,,,,,,
2011-02-28,COY,NO2,1,0.0,,,,,,,
2011-02-28,COY,NOX,1,0.0,,,,,,,
2011-02-28,COY,O3,1,632.0,30.199367088607595,31.76819966412789,1.0,3.0,18.0,50.25,148.0
2011-02-28,COY,PM2.5,2,615.0,28.95772357723577,20.80179853212272,3.0,16.0,25.0,36.0,218.0
2011-02-28,CUA,CO,15,0.0,,,,,,,
2011-02-28,CUA,NO,1,0.0,,,,,,,
2011-02-28,CUA,NO2,1,0.0,,,,,,,
2011-02-28,CUA,NOX,1,0.0,,,,,,,
2011-02-28,CUA,O3,1,0.0,,,,,,,
2011-02-28,CUA,SO2,1,0.0,,,,,,,
2011-02-28,FAC,CO,15,637.0,1.2937205651491364,0.9502688152120227,0.0,0.7,1.0,1.5,5.8
2011-02-28,FAC,NO,1,615.0,32.84715447154471,56.79312180965684,0.0,3.0,9.0,30.0,333.0
2011-02-28,FAC,NO2,1,615.0,32.03089430894309,16.622774544694096,4.0,21.0,30.0,39.0,153.0
2011-02-28,FAC,NOX,1,615.0,64.40650406504065,65.60726570035595,4.0,26.0,38.0,73.0,392.0
2011-02-28,FAC,O3,1,637.0,27.00313971742543,26.894856821704927,1.0,5.0,18.0,45.0,120.0
2011-02-28,FAC,PM10,2,635.0,61.494488188976376,35.71700746939566,5.0,36.5,53.0,81.0,233.0
2011-02-28,FAC,SO2,1,637.0,7.959183673469388,14.264181885658731,0.0,1.0,3.0,8.0,132.0
2011-02-28,IZT,CO,15,620.0,1.2175806451612916,0.8500483412726547,0.2,0.7,0.9,1.5,5.5
2011-02-28,IZT,NO,1,620.0,29.9,47.93819728868805,0.0,3.0,8.0,35.0,282.0
2011-02-28,IZT,NO2,1,620.0,33.39354838709677,16.38796468202512,3.0,22.0,32.0,41.0,103.0
2011-02-28,IZT,NOX,1,620.0,63.020967741935486,57.11144233504017,3.0,25.75,42.0,78.25,336.0
2011-02-28,IZT,O3,1,620.0,25.88225806451613,29.30030586547719,0.0,2.0,15.0,43.0,127.0
2011-02-28,IZT,PM10,2,626.0,60.79073482428115,27.23784385774998,9.0,43.0,59.0,76.0,281.0
2011-02-28,IZT,SO2,1,620.0,8.39516129032258,11.890058124472976,2.0,3.0,4.0,8.0,108.0
2011-02-28,LLA,CO,15,0.0,,,,,,,
2011-02-28,LLA,NO,1,0.0,,,,,,,
2011-02-28,LLA,NO2,1,0.0,,,,,,,
2011-02-28,LLA,NOX,1,0.0,,,,,,,
2011-02-28,LLA,O3,1,0.0,,,,,,,
2011-02-28,LLA,SO2,1,560.0,8.821428571428571,18.583185450766255,0.0,2.0,3.0,6.0,193.0
2011-02-28,LPR,CO,15,0.0,,,,,,,
2011-02-28,LPR,NO,1,0.0,,,,,,,
2011-02-28,LPR,NO2,1,0.0,,,,,,,
2011-02-28,LPR,NOX,1,0.0,,,,,,,
2011-02-28,LPR,O3,1,0.0,,,,,,,
2011-02-28,LPR,SO2,1,615.0,5.694308943089431,8.231239658844606,0.0,2.0,3.0,6.0,68.0
2011-02-28,MER,CO,15,608.0,1.1070723684210528,0.744357787187899,0.2,0.6,0.8,1.3,4.6
2011-02-28,MER,NO,1,601.0,36.71048252911814,52.869298336559275,0.0,4.0,14.0,44.0,285.0
2011-02-28,MER,NO2,1,601.0,37.89517470881864,16.1430271844459,11.0,27.0,35.0,45.0,111.0
2011-02-28,MER,NOX,1,601.0,74.3144758735441,62.039578282199535,10.0,34.0,51.0,93.0,352.0
2011-02-28,MER,O3,1,609.0,21.90311986863711,25.99491612974573,0.0,1.0,11.0,36.0,116.0
2011-02-28,MER,PM10,2,616.0,78.20292207792208,39.058381042472284,12.0,50.0,71.5,99.0,300.0
2011-02-28,MER,PM2.5,2,620.0,28.846774193548388,14.978953654451582,2.0,18.0,26.0,38.0,82.0
2011-02-28,MER,SO2,1,604.0,7.58112582781457,13.57694275299627,0.0,2.0,3.0,7.0,163.0
2011-02-28,MON,CO,15,0.0,,,,,,,
2011-02-28,MON,NO,1,0.0,,,,,,,
2011-02-28,MON,NO2,1,0.0,,,,,,,
2011-02-28,MON,NOX,1,0.0,,,,,,,
2011-02-28,MON,O3,1,632.0,33.5253164556962,26.123490559498666,0.0,8.0,30.5,52.0,111.0
2011-02-28,MON,SO2,1,0.0,,,,,,,
2011-02-28,NEZ,CO,15,0.0,,,,,,,
2011-02-28,NEZ,NO,1,0.0,,,,,,,
2011-02-28,NEZ,NO2,1,0.0,,,,,,,
2011-02-28,NEZ,NOX,1,0.0,,,,,,,
2011-02-28,NEZ,O3,1,0.0,,,,,,,
2011-02-28,NEZ,PM2.5,2,0.0,,,,,,,
2011-02-28,NEZ,SO2,1,0.0,,,,,,,
2011-02-28,PED,CO,15,626.0,0.5469648562300327,0.40159528528475036,0.0,0.3,0.5,0.7,2.5
2011-02-28,PED,NO,1,627.0,12.663476874003189,22.495295696369787,0.0,2.0,3.0,12.5,222.0
2011-02-28,PED,NO2,1,627.0,23.36682615629984,13.573820766393105,1.0,13.0,22.0,31.0,86.0
2011-02-28,PED,NOX,1,627.0,35.98883572567783,31.548960931586105,3.0,15.0,27.0,43.0,254.0
2011-02-28,PED,O3,1,627.0,29.972886762360446,27.118322533900432,0.0,8.0,23.0,47.0,128.0
2011-02-28,PED,PM10,2,631.0,47.312202852614895,21.478726870950272,3.0,31.0,46.0,61.0,131.0
2011-02-28,PED,PM2.5,2,0.0,,,,,,,
2011-02-28,PED,SO2,1,627.0,4.94896331738437,7.798005686939473,0.0,2.0,2.0,4.0,57.0
2011-02-28,PER,PM2.5,2,615.0,28.471544715447155,16.23349836320993,2.0,17.0,26.0,36.0,107.0
2011-02-28,SAG,CO,15,629.0,1.134181240063595,0.6108820803922154,0.4,0.7,1.0,1.3,4.2
2011-02-28,SAG,NO,1,619.0,27.693053311793214,41.391564579417704,0.0,5.0,9.0,34.5,253.0
2011-02-28,SAG,NO2,1,619.0,23.694668820678515,11.18057813887961,2.0,14.0,24.0,31.0,64.0
2011-02-28,SAG,NOX,1,619.0,50.919224555735056,46.89901637150338,10.0,20.0,32.0,65.0,287.0
2011-02-28,SAG,O3,1,629.0,25.262321144674086,23.53340615872964,2.0,4.0,18.0,41.0,92.0
2011-02-28,SAG,PM10,2,624.0,86.10096153846153,40.95478929660337,16.0,60.0,80.0,102.25,408.0
2011-02-28,SAG,PM2.5,2,624.0,26.42948717948718,12.291725376780837,4.0,17.75,26.0,34.0,87.0
2011-02-28,SAG,SO2,1,629.0,6.8155802861685215,12.361758328411725,1.0,2.0,3.0,5.0,134.0
2011-02-28,SJA,CO,15,0.0,,,,,,,
2011-02-28,SJA,NO,1,0.0,,,,,,,
2011-02-28,SJA,NO2,1,0.0,,,,,,,
2011-02-28,SJA,NOX,1,0.0,,,,,,,
2011-02-28,SJA,O3,1,0.0,,,,,,,
2011-02-28,SJA,PM2.5,2,565.0,27.090265486725663,15.376849854707379,1.0,16.0,26.0,35.0,160.0
2011-02-28,SJA,SO2,1,0.0,,,,,,,
2011-02-28,SUR,CO,15,594.0,1.317676767676768,0.8201348899247165,0.0,0.8,1.1,1.6,5.7
2011-02-28,SUR,NO,1,595.0,23.05546218487395,41.62606445485599,0.0,1.0,6.0,26.0,342.0
2011-02-28,SUR,NO2,1,595.0,30.13109243697479,13.29412003828954,5.0,20.0,30.0,38.0,70.0
2011-02-28,SUR,NOX,1,595.0,53.01176470588236,49.22891826300089,6.0,22.0,37.0,66.0,384.0
2011-02-28,SUR,O3,1,538.0,32.03531598513011,32.2840145566849,0.0,5.0,20.0,50.0,154.0
2011-02-28,SUR,PM10,2,583.0,56.869639794168094,30.911749248831068,1.0,37.0,54.0,72.0,272.0
2011-02-28,SUR,SO2,1,593.0,4.925801011804385,7.960070882446988,0.0,1.0,2.0,5.0,56.0
2011-02-28,TAH,CO,15,0.0,,,,,,,
2011-02-28,TAH,NO,1,0.0,,,,,,,
2011-02-28,TAH,NO2,1,0.0,,,,,,,
2011-02-28,TAH,NOX,1,0.0,,,,,,,
2011-02-28,TAH,O3,1,633.0,36.93522906793049,26.036742064413023,1.0,16.0,31.0,57.0,116.0
2011-02-28,TAH,PM10,2,635.0,63.24094488188977,36.76505111288327,1.0,37.0,57.0,81.0,238.0
2011-02-28,TAH,SO2,1,631.0,4.578446909667195,6.0884833879246285,0.0,2.0,3.0,5.0,60.0
2011-02-28,TLA,CO,15,624.0,1.285416666666666,0.6440707363555973,0.5,0.9,1.1,1.5,4.1
2011-02-28,TLA,NO,1,619.0,33.55250403877221,50.25805645730119,0.0,5.0,12.0,36.0,312.0
2011-02-28,TLA,NO2,1,619.0,37.02907915993538,15.559962134998619,6.0,26.0,36.0,45.0,108.0
2011-02-28,TLA,NOX,1,619.0,70.41357027463651,59.42951722683803,10.0,33.0,49.0,83.0,368.0
2011-02-28,TLA,O3,1,594.0,24.553872053872055,27.888926162903047,0.0,2.0,13.0,42.0,134.0
2011-02-28,TLA,PM10,2,189.0,28.047619047619047,16.840075590586185,7.0,17.0,24.0,36.0,117.0
2011-02-28,TLA,PM2.5,2,189.0,22.084656084656086,12.939434510039598,5.0,14.0,20.0,28.0,90.0
2011-02-28,TLA,SO2,1,624.0,10.79326923076923,17.82149457564493,1.0,3.0,5.0,11.0,150.0
2011-02-28,TLI,CO,15,553.0,0.8204339963833632,0.6749115559889095,0.1,0.4,0.6,0.9,4.5
2011-02-28,TLI,NO,1,552.0,27.181159420289855,48.43241186603719,0.0,3.0,7.0,27.25,364.0
2011-02-28,TLI,NO2,1,552.0,26.3768115942029,15.210299738262165,3.0,14.0,25.0,35.0,91.0
2011-02-28,TLI,NOX,1,552.0,53.43297101449275,58.96397620485439,8.0,18.0,33.0,64.25,440.0
2011-02-28,TLI,O3,1,0.0,,,,,,,
2011-02-28,TLI,PM10,2,526.0,72.48479087452472,41.35738267317251,1.0,44.0,67.0,95.0,240.0
2011-02-28,TLI,SO2,1,513.0,10.836257309941521,19.411168137567387,1.0,2.0,4.0,9.0,154.0
2011-02-28,TPN,CO,15,0.0,,,,,,,
2011-02-28,TPN,NO,1,0.0,,,,,,,
2011-02-28,TPN,NO2,1,0.0,,,,,,,
2011-02-28,TPN,NOX,1,0.0,,,,,,,
2011-02-28,TPN,O3,1,608.0,40.44078947368421,26.074973275847572,1.0,21.0,32.0,57.0,137.0
2011-02-28,TPN,SO2,1,0.0,,,,,,,
2011-02-28,UIZ,CO,15,637.0,0.9417582417582412,0.9113274156098821,0.0,0.4,0.7,1.2,5.4
2011-02-28,UIZ,NO,1,637.0,22.357927786499214,41.922254947105635,0.0,1.0,3.0,22.0,279.0
2011-02-28,UIZ,NO2,1,637.0,28.49293563579278,16.172673698080743,3.0,16.0,26.0,38.0,98.0
2011-02-28,UIZ,NOX,1,637.0,50.616954474097334,52.613796061424864,4.0,17.0,30.0,65.0,333.0
2011-02-28,UIZ,O3,1,623.0,29.698234349919744,29.71529611570493,0.0,4.0,21.0,50.0,136.0
2011-02-28,UIZ,PM10,2,0.0,,,,,,,
2011-02-28,UIZ,PM2.5,2,623.0,25.362760834670947,13.184323735616388,1.0,16.0,25.0,32.0,137.0
2011-02-28,UIZ,SO2,1,637.0,6.009419152276295,9.128015439133229,1.0,2.0,3.0,7.0,95.0
2011-02-28,VIF,CO,15,625.0,0.8668799999999992,0.6030961993256347,0.0,0.5,0.7,1.1,4.4
2011-02-28,VIF,NO,1,617.0,17.918962722852513,30.16738875635171,0.0,1.0,3.0,22.0,215.0
2011-02-28,VIF,NO2,1,617.0,23.106969205834684,11.148564349978363,3.0,14.0,25.0,31.0,62.0
2011-02-28,VIF,NOX,1,617.0,40.44732576985413,36.50294726776168,2.0,14.0,28.0,54.0,246.0
2011-02-28,VIF,O3,1,0.0,,,,,,,
2011-02-28,VIF,PM10,2,630.0,81.6,45.36492555475256,3.0,47.0,74.0,107.0,332.0
2011-02-28,VIF,SO2,1,603.0,8.880597014925373,24.466581825442105,0.0,1.0,2.0,5.0,271.0
2011-02-28,XAL,CO,15,625.0,1.0808000000000006,0.9127213465292993,0.0,0.5,0.8,1.4,5.4
2011-02-28,XAL,NO,1,624.0,51.68269230769231,68.91804485782775,0.0,5.0,23.0,69.25,419.0
2011-02-28,XAL,NO2,1,624.0,40.75801282051282,16.04640441345525,11.0,30.0,41.0,50.0,110.0
2011-02-28,XAL,NOX,1,624.0,92.11057692307692,77.97552163741194,10.0,38.0,67.0,118.25,473.0
2011-02-28,XAL,O3,1,624.0,20.32371794871795,21.073235022387088,1.0,2.0,13.0,33.25,85.0
2011-02-28,XAL,PM10,2,583.0,112.85934819897084,61.76819634720441,5.0,71.0,101.0,143.0,452.0
2011-02-28,XAL,PM2.5,2,0.0,,,,,,,
2011-02-28,XAL,SO2,1,623.0,9.886035313001605,8.81945639508809,2.0,5.0,7.0,11.0,93.0
2011-03-31,ACO,CO,15,0.0,,,,,,,
2011-03-31,ACO,NO,1,0.0,,,,,,,
2011-03-31,ACO,NO2,1,0.0,,,,,,,
2011-03-31,ACO,NOX,1,0.0,,,,,,,
2011-03-31,ACO,O3,1,660.0,39.124242424242425,28.834039594447425,1.0,12.0,36.0,62.0,159.0
2011-03-31,ACO,PM10,2,0.0,,,,,,,
2011-03-31,ACO,SO2,1,641.0,3.4492979719188765,7.001629518379035,0.0,1.0,2.0,3.0,134.0
2011-03-31,ATI,NO,1,709.0,15.410437235543018,32.80010426908411,0.0,1.0,2.0,10.0,245.0
2011-03-31,ATI,NO2,1,709.0,23.889985895627646,14.313549885005308,3.0,13.0,21.0,32.0,110.0
2011-03-31,ATI,NOX,1,709.0,39.091678420310295,42.38069064005538,3.0,13.0,23.0,45.0,286.0
2011-03-31,ATI,SO2,1,709.0,3.669957686882934,7.937500398036425,0.0,0.0,0.0,4.0,74.0
2011-03-31,CAM,CO,15,0.0,,,,,,,
2011-03-31,CAM,NO,1,0.0,,,,,,,
2011-03-31,CAM,NO2,1,0.0,,,,,,,
2011-03-31,CAM,NOX,1,0.0,,,,,,,
2011-03-31,CAM,O3,1,0.0,,,,,,,
2011-03-31,CAM,PM10,2,0.0,,,,,,,
2011-03-31,CAM,PM2.5,2,604.0,32.200331125827816,15.939602002443783,6.0,20.0,29.0,41.0,96.0
2011-03-31,CAM,SO2,1,0.0,,,,,,,
2011-03-31,CHO,CO,15,292.0,0.7791095890410974,0.7203057972536514,0.0,0.3,0.5,0.9,4.2
2011-03-31,CHO,NO,1,0.0,,,,,,,
2011-03-31,CHO,NO2,1,0.0,,,,,,,
2011-03-31,CHO,NOX,1,0.0,,,,,,,
2011-03-31,CHO,O3,1,292.0,42.167808219178085,32.89412242369372,1.0,7.0,41.0,71.0,128.0
2011-03-31,CHO,SO2,1,292.0,4.061643835616438,3.271710677811984,0.0,2.0,3.0,5.0,31.0
2011-03-31,COY,NO,1,0.0,,,,,,,
2011-03-31,COY,NO2,1,0.0,,,,,,,
2011-03-31,COY,NOX,1,0.0,,,,,,,
2011-03-31,COY,O3,1,701.0,37.39514978601997,35.101109943974166,1.0,6.0,26.0,64.0,176.0
2011-03-31,COY,PM2.5,2,698.0,33.93696275071633,16.814594772446764,6.0,22.0,30.0,42.0,130.0
2011-03-31,CUA,CO,15,0.0,,,,,,,
2011-03-31,CUA,NO,1,0.0,,,,,,,
2011-03-31,CUA,NO2,1,0.0,,,,,,,
2011-03-31,CUA,NOX,1,0.0,,,,,,,
2011-03-31,CUA,O3,1,0.0,,,,,,,
2011-03-31,CUA,SO2,1,0.0,,,,,,,
2011-03-31,FAC,CO,15,636.0,1.2176100628930806,0.9097397458558768,0.1,0.7,0.9,1.4,5.5
2011-03-31,FAC,NO,1,615.0,28.46991869918699,48.962546237225716,0.0,4.0,9.0,25.5,308.0
2011-03-31,FAC,NO2,1,615.0,30.508943089430893,16.393159215860745,3.0,19.0,29.0,38.0,107.0
2011-03-31,FAC,NOX,1,615.0,58.84552845528455,58.099828796599915,4.0,23.0,37.0,65.0,346.0
2011-03-31,FAC,O3,1,633.0,32.70932069510268,29.511328950165932,1.0,8.0,24.0,53.0,147.0
2011-03-31,FAC,PM10,2,630.0,69.41587301587302,37.77742197294369,8.0,43.0,61.0,88.75,249.0
2011-03-31,FAC,SO2,1,635.0,5.025196850393701,8.194943125120831,0.0,1.0,3.0,6.0,86.0
2011-03-31,IZT,CO,15,695.0,1.0850359712230209,0.7389769917808273,0.2,0.6,0.9,1.3,5.6
2011-03-31,IZT,NO,1,695.0,25.7568345323741,37.16382271876787,0.0,6.0,10.0,27.0,317.0
2011-03-31,IZT,NO2,1,695.0,34.776978417266186,15.1606399068199,5.0,23.0,34.0,42.0,121.0
2011-03-31,IZT,NOX,1,695.0,60.48489208633094,46.76687525980487,10.0,30.0,45.0,73.5,375.0
2011-03-31,IZT,O3,1,694.0,32.56628242074928,33.719162086080466,0.0,2.25,20.0,58.0,158.0
2011-03-31,IZT,PM10,2,697.0,65.16499282639886,28.67004188125035,9.0,47.0,61.0,78.0,310.0
2011-03-31,IZT,SO2,1,671.0,6.631892697466468,7.925594049610097,2.0,4.0,4.0,7.0,81.0
2011-03-31,LLA,CO,15,0.0,,,,,,,
2011-03-31,LLA,NO,1,0.0,,,,,,,
2011-03-31,LLA,NO2,1,0.0,,,,,,,
2011-03-31,LLA,NOX,1,0.0,,,,,,,
2011-03-31,LLA,O3,1,0.0,,,,,,,
2011-03-31,LLA,SO2,1,557.0,7.052064631956912,8.995951340119632,1.0,3.0,5.0,7.0,136.0
2011-03-31,LPR,CO,15,0.0,,,,,,,
2011-03-31,LPR,NO,1,0.0,,,,,,,
2011-03-31,LPR,NO2,1,0.0,,,,,,,
2011-03-31,LPR,NOX,1,0.0,,,,,,,
2011-03-31,LPR,O3,1,0.0,,,,,,,
2011-03-31,LPR,SO2,1,673.0,2.4918276374442794,3.8906567438953545,0.0,0.0,1.0,3.0,23.0
2011-03-31,MER,CO,15,671.0,1.090312965722802,0.8140254078300223,0.1,0.5,0.8,1.4,5.0
2011-03-31,MER,NO,1,672.0,35.001488095238095,47.37787655701784,0.0,6.0,14.0,41.0,286.0
2011-03-31,MER,NO2,1,672.0,37.802083333333336,15.52147097497607,5.0,28.0,36.0,44.0,119.0
2011-03-31,MER,NOX,1,672.0,72.73958333333333,56.689882804119,6.0,35.0,53.0,91.0,329.0
2011-03-31,MER,O3,1,673.0,31.99702823179792,31.39201052001583,1.0,4.0,21.0,55.0,149.0
2011-03-31,MER,PM10,2,706.0,84.89093484419263,38.12031349143274,3.0,58.0,78.0,102.0,421.0
2011-03-31,MER,PM2.5,2,701.0,31.5962910128388,14.971532527559171,3.0,20.0,30.0,41.0,86.0
2011-03-31,MER,SO2,1,684.0,4.919590643274854,7.472798645616073,0.0,2.0,3.0,5.0,129.0
2011-03-31,MON,CO,15,0.0,,,,,,,
2011-03-31,MON,NO,1,0.0,,,,,,,
2011-03-31,MON,NO2,1,0.0,,,,,,,
2011-03-31,MON,NOX,1,0.0,,,,,,,
2011-03-31,MON,O3,1,91.0,33.527472527472526,29.481572647386464,0.0,2.0,27.0,63.5,80.0
2011-03-31,MON,SO2,1,0.0,,,,,,,
2011-03-31,NEZ,CO,15,0.0,,,,,,,
2011-03-31,NEZ,NO,1,0.0,,,,,,,
2011-03-31,NEZ,NO2,1,0.0,,,,,,,
2011-03-31,NEZ,NOX,1,0.0,,,,,,,
2011-03-31,NEZ,O3,1,0.0,,,,,,,
2011-03-31,NEZ,PM2.5,2,0.0,,,,,,,
2011-03-31,NEZ,SO2,1,0.0,,,,,,,
2011-03-31,PED,CO,15,690.0,0.48681159420289893,0.36336195356605655,0.0,0.2,0.4,0.6,2.2
2011-03-31,PED,NO,1,661.0,7.94856278366112,15.72482360717394,0.0,1.0,2.0,7.0,137.0
2011-03-31,PED,NO2,1,661.0,25.270801815431167,12.789112703782749,5.0,16.0,24.0,33.0,80.0
2011-03-31,PED,NOX,1,661.0,33.14220877458396,25.349694648068002,5.0,16.0,26.0,41.0,175.0
2011-03-31,PED,O3,1,628.0,38.77547770700637,28.87821158308012,0.0,16.0,31.0,60.0,145.0
2011-03-31,PED,PM10,2,702.0,53.642450142450144,23.219514856368722,4.0,39.0,51.0,66.0,284.0
2011-03-31,PED,PM2.5,2,0.0,,,,,,,
2011-03-31,PED,SO2,1,698.0,4.830945558739255,5.887278259317052,1.0,3.0,4.0,5.0,84.0
2011-03-31,PER,PM2.5,2,659.0,36.722306525037936,20.081981750425943,1.0,22.0,33.0,47.0,130.0
2011-03-31,SAG,CO,15,669.0,0.8231689088191316,0.5523099043192472,0.1,0.5,0.7,1.0,3.9
2011-03-31,SAG,NO,1,651.0,26.28110599078341,35.530822104058984,0.0,8.0,11.0,28.5,243.0
2011-03-31,SAG,NO2,1,651.0,26.31490015360983,11.983863860561708,4.0,15.0,28.0,34.0,74.0
2011-03-31,SAG,NOX,1,651.0,52.47772657450077,42.470812186096275,7.0,23.0,39.0,63.5,276.0
2011-03-31,SAG,O3,1,675.0,31.395555555555557,27.313853037510093,2.0,6.0,24.0,54.0,135.0
2011-03-31,SAG,PM10,2,653.0,84.43185298621746,38.07226373673758,7.0,61.0,76.0,99.0,362.0
2011-03-31,SAG,PM2.5,2,653.0,28.142419601837673,13.029682664319452,2.0,18.0,26.0,37.0,72.0
2011-03-31,SAG,SO2,1,675.0,4.195555555555556,3.972118455525712,0.0,2.0,3.0,4.0,44.0
2011-03-31,SJA,CO,15,0.0,,,,,,,
2011-03-31,SJA,NO,1,0.0,,,,,,,
2011-03-31,SJA,NO2,1,0.0,,,,,,,
2011-03-31,SJA,NOX,1,0.0,,,,,,,
2011-03-31,SJA,O3,1,0.0,,,,,,,
2011-03-31,SJA,PM2.5,2,562.0,38.594306049822066,19.701222026547526,1.0,24.0,37.0,48.0,134.0
2011-03-31,SJA,SO2,1,0.0,,,,,,,
2011-03-31,SUR,CO,15,626.0,1.338019169329074,0.6133385933005928,0.4,0.9,1.2,1.6,3.7
2011-03-31,SUR,NO,1,687.0,16.673944687045125,28.79714321173695,0.0,1.0,3.0,21.0,189.0
2011-03-31,SUR,NO2,1,687.0,29.829694323144103,12.464823638226155,4.0,21.0,30.0,38.0,81.0
2011-03-31,SUR,NOX,1,687.0,46.20524017467249,36.634911043899365,2.0,21.0,34.0,61.5,232.0
2011-03-31,SUR,O3,1,705.0,34.99007092198582,34.51302723611251,0.0,4.0,25.0,62.0,162.0
2011-03-31,SUR,PM10,2,680.0,61.36470588235294,37.499053555875456,1.0,39.0,56.0,75.25,496.0
2011-03-31,SUR,SO2,1,705.0,3.6836879432624112,7.587600382306182,0.0,1.0,2.0,3.0,125.0
2011-03-31,TAH,CO,15,0.0,,,,,,,
2011-03-31,TAH,NO,1,0.0,,,,,,,
2011-03-31,TAH,NO2,1,0.0,,,,,,,
2011-03-31,TAH,NOX,1,0.0,,,,,,,
2011-03-31,TAH,O3,1,697.0,42.946915351506455,30.52098006205378,0.0,16.0,36.0,70.0,145.0
2011-03-31,TAH,PM10,2,648.0,73.99382716049382,56.15016264933332,2.0,39.75,61.0,91.0,505.0
2011-03-31,TAH,SO2,1,697.0,3.374461979913917,4.055162989631219,0.0,1.0,3.0,4.0,52.0
2011-03-31,TLA,CO,15,649.0,0.8793528505392909,0.6225238953681693,0.0,0.5,0.7,1.1,3.7
2011-03-31,TLA,NO,1,672.0,31.61904761904762,44.49783524583565,1.0,8.0,13.0,32.0,278.0
2011-03-31,TLA,NO2,1,672.0,34.07440476190476,14.469572358412229,9.0,23.75,33.0,41.0,106.0
2011-03-31,TLA,NOX,1,672.0,65.61904761904762,53.24605421441649,15.0,32.0,47.0,75.0,326.0
2011-03-31,TLA,O3,1,651.0,31.83563748079877,30.596163993105275,0.0,5.0,21.0,54.0,164.0
2011-03-31,TLA,PM10,2,370.0,80.38378378378378,32.94470618871843,24.0,56.0,74.0,97.75,198.0
2011-03-31,TLA,PM2.5,2,370.0,33.413513513513514,18.823940562466586,7.0,19.25,29.0,43.0,112.0
2011-03-31,TLA,SO2,1,677.0,7.0768094534711965,9.77558892945998,0.0,2.0,4.0,8.0,108.0
2011-03-31,TLI,CO,15,642.0,0.6381619937694702,0.5861839242608518,0.0,0.2,0.4,0.9,2.9
2011-03-31,TLI,NO,1,702.0,23.400284900284902,39.84496560167782,0.0,3.0,8.0,24.0,269.0
2011-03-31,TLI,NO2,1,702.0,26.20797720797721,15.770629237427892,3.0,13.0,25.0,37.0,93.0
2011-03-31,TLI,NOX,1,702.0,49.12108262108262,51.03779903235782,4.0,17.0,29.0,61.0,320.0
2011-03-31,TLI,O3,1,0.0,,,,,,,
2011-03-31,TLI,PM10,2,678.0,74.93362831858407,49.099332790418906,1.0,43.0,63.0,95.0,456.0
2011-03-31,TLI,SO2,1,704.0,7.234375,9.0258304941723,0.0,3.0,5.0,7.0,101.0
2011-03-31,TPN,CO,15,0.0,,,,,,,
2011-03-31,TPN,NO,1,0.0,,,,,,,
2011-03-31,TPN,NO2,1,0.0,,,,,,,
2011-03-31,TPN,NOX,1,0.0,,,,,,,
2011-03-31,TPN,O3,1,662.0,45.66767371601208,28.357638395979997,4.0,23.0,37.5,67.0,157.0
2011-03-31,TPN,SO2,1,0.0,,,,,,,
2011-03-31,UIZ,CO,15,671.0,0.887332339791357,0.7675725692642389,0.0,0.4,0.7,1.1,5.2
2011-03-31,UIZ,NO,1,671.0,17.029806259314455,32.10638574774961,0.0,0.0,3.0,18.0,249.0
2011-03-31,UIZ,NO2,1,671.0,30.512667660208646,15.216136482042074,3.0,19.0,30.0,40.0,106.0
2011-03-31,UIZ,NOX,1,671.0,47.20864381520119,42.70906069526057,3.0,19.0,31.0,61.0,300.0
2011-03-31,UIZ,O3,1,654.0,36.40978593272171,33.04477859819029,0.0,6.0,28.5,65.0,140.0
2011-03-31,UIZ,PM10,2,0.0,,,,,,,
2011-03-31,UIZ,PM2.5,2,659.0,29.370257966616084,15.240007791052674,1.0,18.0,27.0,36.0,110.0
2011-03-31,UIZ,SO2,1,650.0,3.586153846153846,4.8138979885102975,0.0,2.0,3.0,4.0,68.0
2011-03-31,VIF,CO,15,708.0,0.631920903954802,0.5284261647162719,0.0,0.2,0.5,0.9,3.1
2011-03-31,VIF,NO,1,663.0,14.53393665158371,24.575028050109278,0.0,0.0,4.0,15.0,162.0
2011-03-31,VIF,NO2,1,663.0,18.826546003016592,11.859643213247997,1.0,8.0,18.0,28.0,58.0
2011-03-31,VIF,NOX,1,663.0,32.6998491704374,32.284733748473855,1.0,9.0,19.0,44.0,186.0
2011-03-31,VIF,O3,1,0.0,,,,,,,
2011-03-31,VIF,PM10,2,704.0,88.14488636363636,56.863706454940235,2.0,55.0,76.0,110.0,825.0
2011-03-31,VIF,SO2,1,708.0,3.84180790960452,8.605965044700245,0.0,0.0,1.0,4.0,131.0
2011-03-31,XAL,CO,15,697.0,1.1378766140602574,0.8188336755424206,0.0,0.6,0.9,1.4,5.3
2011-03-31,XAL,NO,1,666.0,51.92192192192192,58.751060651951036,0.0,14.0,31.0,67.0,423.0
2011-03-31,XAL,NO2,1,666.0,41.08108108108108,13.572618478515507,12.0,34.0,41.0,47.0,120.0
2011-03-31,XAL,NOX,1,666.0,92.90390390390391,65.76965785611974,16.0,49.0,74.0,119.0,486.0
2011-03-31,XAL,O3,1,690.0,25.31159420289855,25.34104122681587,1.0,3.0,19.0,42.0,128.0
2011-03-31,XAL,PM10,2,678.0,108.43805309734513,60.736018605327736,1.0,70.0,100.0,135.0,571.0
2011-03-31,XAL,PM2.5,2,0.0,,,,,,,
2011-03-31,XAL,SO2,1,696.0,8.076149425287356,4.798525564981801,1.0,5.0,7.0,9.0,35.0
2011-04-30,ACO,CO,15,0.0,,,,,,,
2011-04-30,ACO,NO,1,0.0,,,,,,,
2011-04-30,ACO,NO2,1,0.0,,,,,,,
2011-04-30,ACO,NOX,1,0.0,,,,,,,
2011-04-30,ACO,O3,1,635.0,43.45511811023622,29.17432297826243,1.0,15.0,45.0,70.0,108.0
2011-04-30,ACO,PM10,2,0.0,,,,,,,
2011-04-30,ACO,SO2,1,635.0,4.6803149606299215,5.149209601685921,1.0,3.0,4.0,5.0,63.0
2011-04-30,ATI,NO,1,688.0,12.454941860465116,28.975384905446,0.0,1.0,2.0,8.0,209.0
2011-04-30,ATI,NO2,1,688.0,23.579941860465116,12.856933244618867,5.0,13.0,21.0,32.0,74.0
2011-04-30,ATI,NOX,1,688.0,35.888081395348834,37.83181932604932,4.0,13.0,23.0,39.0,251.0
2011-04-30,ATI,SO2,1,688.0,4.7311046511627906,7.557759574261178,0.0,1.0,2.0,6.0,60.0
2011-04-30,CAM,CO,15,0.0,,,,,,,
2011-04-30,CAM,NO,1,0.0,,,,,,,
2011-04-30,CAM,NO2,1,0.0,,,,,,,
2011-04-30,CAM,NOX,1,0.0,,,,,,,
2011-04-30,CAM,O3,1,0.0,,,,,,,
2011-04-30,CAM,PM10,2,0.0,,,,,,,
2011-04-30,CAM,PM2.5,2,675.0,32.84888888888889,12.649496926853368,6.0,24.0,31.0,40.0,77.0
2011-04-30,CAM,SO2,1,0.0,,,,,,,
2011-04-30,CHO,CO,15,669.0,0.618086696562033,0.4834245833651765,0.0,0.3,0.5,0.7,3.4
2011-04-30,CHO,NO,1,0.0,,,,,,,
2011-04-30,CHO,NO2,1,0.0,,,,,,,
2011-04-30,CHO,NOX,1,0.0,,,,,,,
2011-04-30,CHO,O3,1,668.0,44.875748502994014,30.68285045481608,1.0,17.75,43.0,70.25,119.0
2011-04-30,CHO,SO2,1,669.0,4.071748878923767,2.8970757644127905,0.0,2.0,3.0,5.0,21.0
2011-04-30,COY,NO,1,0.0,,,,,,,
2011-04-30,COY,NO2,1,0.0,,,,,,,
2011-04-30,COY,NOX,1,0.0,,,,,,,
2011-04-30,COY,O3,1,665.0,46.542857142857144,37.36435363481258,1.0,14.0,39.0,76.0,153.0
2011-04-30,COY,PM2.5,2,547.0,33.78062157221206,13.711821761647736,5.0,25.0,32.0,41.0,105.0
2011-04-30,CUA,CO,15,0.0,,,,,,,
2011-04-30,CUA,NO,1,0.0,,,,,,,
2011-04-30,CUA,NO2,1,0.0,,,,,,,
2011-04-30,CUA,NOX,1,0.0,,,,,,,
2011-04-30,CUA,O3,1,548.0,50.10948905109489,26.791886362769716,3.0,32.0,45.0,67.0,130.0
2011-04-30,CUA,SO2,1,0.0,,,,,,,
2011-04-30,FAC,CO,15,678.0,0.8971976401179945,0.8014431918931889,0.0,0.4,0.7,1.0,5.1
2011-04-30,FAC,NO,1,678.0,23.14896755162242,46.947281069501145,0.0,3.0,5.0,17.75,332.0
2011-04-30,FAC,NO2,1,678.0,29.679941002949853,14.785994171180784,4.0,19.0,27.0,37.0,107.0
2011-04-30,FAC,NOX,1,678.0,52.716814159292035,55.346920221621936,4.0,22.0,32.0,56.75,384.0
2011-04-30,FAC,O3,1,678.0,41.160766961651916,31.509804256069334,1.0,13.25,35.0,66.75,139.0
2011-04-30,FAC,PM10,2,669.0,65.12556053811659,43.2845938786276,1.0,36.0,57.0,82.0,299.0
2011-04-30,FAC,SO2,1,678.0,3.7669616519174043,5.418004333848355,0.0,1.0,2.0,4.0,63.0
2011-04-30,IZT,CO,15,675.0,1.0671111111111111,0.6572917488646999,0.3,0.7,0.9,1.2,4.4
2011-04-30,IZT,NO,1,674.0,19.937685459940653,31.859679875466284,0.0,5.0,7.0,18.75,192.0
2011-04-30,IZT,NO2,1,674.0,33.44807121661721,15.652460772056722,7.0,21.0,32.0,42.0,108.0
2011-04-30,IZT,NOX,1,674.0,53.31305637982196,42.80407253651839,7.0,26.0,39.0,62.0,263.0
2011-04-30,IZT,O3,1,674.0,41.333827893175076,35.9424975943453,0.0,9.0,32.5,70.0,145.0
2011-04-30,IZT,PM10,2,633.0,62.69668246445497,28.98482151432108,7.0,45.0,57.0,77.0,251.0
2011-04-30,IZT,SO2,1,582.0,5.493127147766323,4.226682009156248,1.0,4.0,5.0,6.0,53.0
2011-04-30,LLA,CO,15,0.0,,,,,,,
2011-04-30,LLA,NO,1,0.0,,,,,,,
2011-04-30,LLA,NO2,1,0.0,,,,,,,
2011-04-30,LLA,NOX,1,0.0,,,,,,,
2011-04-30,LLA,O3,1,0.0,,,,,,,
2011-04-30,LLA,SO2,1,619.0,5.647819063004847,5.805535879997644,0.0,4.0,5.0,6.0,100.0
2011-04-30,LPR,CO,15,0.0,,,,,,,
2011-04-30,LPR,NO,1,0.0,,,,,,,
2011-04-30,LPR,NO2,1,0.0,,,,,,,
2011-04-30,LPR,NOX,1,0.0,,,,,,,
2011-04-30,LPR,O3,1,0.0,,,,,,,
2011-04-30,LPR,SO2,1,684.0,2.7865497076023393,4.167931019800165,0.0,0.0,2.0,3.0,51.0
2011-04-30,MER,CO,15,662.0,0.8151057401812698,0.756683725949472,0.0,0.3,0.6,1.0,4.8
2011-04-30,MER,NO,1,655.0,26.981679389312976,42.93448141555974,1.0,4.0,8.0,29.5,251.0
2011-04-30,MER,NO2,1,655.0,36.47022900763359,14.399454705614213,9.0,26.0,35.0,43.0,96.0
2011-04-30,MER,NOX,1,655.0,63.396946564885496,51.809590133545846,10.0,31.0,43.0,75.0,298.0
2011-04-30,MER,O3,1,662.0,39.46223564954683,34.28360307898682,1.0,9.0,31.0,66.0,150.0
2011-04-30,MER,PM10,2,673.0,68.06686478454681,33.1072389734853,12.0,48.0,63.0,81.0,518.0
2011-04-30,MER,PM2.5,2,673.0,31.75631500742942,11.487573232914556,6.0,24.0,30.0,38.0,79.0
2011-04-30,MER,SO2,1,659.0,3.188163884673748,4.564410307628326,0.0,1.0,2.0,4.0,54.0
2011-04-30,MON,CO,15,0.0,,,,,,,
2011-04-30,MON,NO,1,0.0,,,,,,,
2011-04-30,MON,NO2,1,0.0,,,,,,,
2011-04-30,MON,NOX,1,0.0,,,,,,,
2011-04-30,MON,O3,1,316.0,51.99050632911393,30.75592453026036,1.0,27.0,53.0,78.0,118.0
2011-04-30,MON,SO2,1,0.0,,,,,,,
2011-04-30,NEZ,CO,15,0.0,,,,,,,
2011-04-30,NEZ,NO,1,0.0,,,,,,,
2011-04-30,NEZ,NO2,1,0.0,,,,,,,
2011-04-30,NEZ,NOX,1,0.0,,,,,,,
2011-04-30,NEZ,O3,1,0.0,,,,,,,
2011-04-30,NEZ,PM2.5,2,0.0,,,,,,,
2011-04-30,NEZ,SO2,1,0.0,,,,,,,
2011-04-30,PED,CO,15,668.0,0.4422155688622743,0.36237911381047244,0.0,0.2,0.3,0.5,2.3
2011-04-30,PED,NO,1,659.0,7.473444613050076,17.29347458854272,0.0,0.0,1.0,5.0,136.0
2011-04-30,PED,NO2,1,659.0,24.22003034901366,12.082485980802186,7.0,15.0,21.0,31.0,77.0
2011-04-30,PED,NOX,1,659.0,31.649468892261,26.49144001549173,7.0,16.0,22.0,36.0,188.0
2011-04-30,PED,O3,1,666.0,48.95795795795796,35.32689071022758,0.0,22.0,40.5,74.0,153.0
2011-04-30,PED,PM10,2,660.0,58.31212121212121,28.08305757853813,5.0,39.0,55.0,72.0,302.0
2011-04-30,PED,PM2.5,2,0.0,,,,,,,
2011-04-30,PED,SO2,1,668.0,4.217065868263473,2.3766497305412653,1.0,3.0,4.0,4.0,35.0
2011-04-30,PER,PM2.5,2,646.0,40.72445820433437,21.21141105651221,2.0,28.0,37.0,49.0,193.0
2011-04-30,SAG,CO,15,550.0,0.5736363636363634,0.5330732413491507,0.0,0.3,0.4,0.7,3.8
2011-04-30,SAG,NO,1,650.0,16.395384615384614,37.670442369053674,0.0,1.0,3.0,8.0,271.0
2011-04-30,SAG,NO2,1,650.0,23.466153846153848,11.68248101595545,0.0,14.0,23.0,32.0,58.0
2011-04-30,SAG,NOX,1,650.0,39.424615384615386,44.43164113189057,0.0,15.0,25.0,40.0,300.0
2011-04-30,SAG,O3,1,650.0,39.401538461538465,28.1956678108491,2.0,13.0,36.0,64.0,118.0
2011-04-30,SAG,PM10,2,636.0,83.52201257861635,48.08314144335057,18.0,57.0,74.0,100.0,864.0
2011-04-30,SAG,PM2.5,2,638.0,30.962382445141067,11.292673968854775,1.0,23.25,30.0,38.0,69.0
2011-04-30,SAG,SO2,1,650.0,2.4076923076923076,3.9415923546693103,0.0,1.0,2.0,3.0,56.0
2011-04-30,SJA,CO,15,0.0,,,,,,,
2011-04-30,SJA,NO,1,0.0,,,,,,,
2011-04-30,SJA,NO2,1,0.0,,,,,,,
2011-04-30,SJA,NOX,1,0.0,,,,,,,
2011-04-30,SJA,O3,1,0.0,,,,,,,
2011-04-30,SJA,PM2.5,2,670.0,32.51343283582089,13.553601670510544,1.0,24.0,31.0,40.0,115.0
2011-04-30,SJA,SO2,1,0.0,,,,,,,
2011-04-30,SUR,CO,15,625.0,0.8670399999999998,0.5778511031709623,0.0,0.5,0.8,1.1,5.6
2011-04-30,SUR,NO,1,676.0,10.081360946745562,24.338858585730563,0.0,0.0,1.0,8.0,226.0
2011-04-30,SUR,NO2,1,676.0,26.57396449704142,11.878352658896263,5.0,17.0,25.0,36.0,69.0
2011-04-30,SUR,NOX,1,676.0,36.332840236686394,31.83806505721998,3.0,16.75,27.0,45.0,272.0
2011-04-30,SUR,O3,1,675.0,45.995555555555555,37.643710519048724,0.0,14.0,39.0,75.5,150.0
2011-04-30,SUR,PM10,2,667.0,59.36281859070465,39.12442993667057,2.0,35.0,54.0,75.0,603.0
2011-04-30,SUR,SO2,1,676.0,2.6863905325443787,2.5366979974410317,0.0,1.0,2.0,3.0,34.0
2011-04-30,TAH,CO,15,0.0,,,,,,,
2011-04-30,TAH,NO,1,0.0,,,,,,,
2011-04-30,TAH,NO2,1,0.0,,,,,,,
2011-04-30,TAH,NOX,1,0.0,,,,,,,
2011-04-30,TAH,O3,1,647.0,52.200927357032455,33.726129718129,2.0,22.0,47.0,80.0,146.0
2011-04-30,TAH,PM10,2,629.0,67.39745627980922,40.14981173124247,1.0,41.0,62.0,86.0,319.0
2011-04-30,TAH,SO2,1,614.0,2.6612377850162865,2.9028695538149223,0.0,1.0,2.0,3.0,25.0
2011-04-30,TLA,CO,15,642.0,0.7847352024922122,0.6993092256730388,0.0,0.3,0.6,0.9,4.1
2011-04-30,TLA,NO,1,661.0,28.05446293494705,45.332643254568474,1.0,6.0,11.0,24.0,270.0
2011-04-30,TLA,NO2,1,661.0,32.379727685325264,14.198041283549244,8.0,22.0,31.0,39.0,94.0
2011-04-30,TLA,NOX,1,661.0,60.37065052950076,54.310808548411714,10.0,28.0,41.0,66.0,316.0
2011-04-30,TLA,O3,1,654.0,38.308868501529055,30.884252829511656,1.0,9.0,33.0,64.0,130.0
2011-04-30,TLA,PM10,2,646.0,75.32972136222911,40.22527203910392,3.0,51.0,67.0,89.0,451.0
2011-04-30,TLA,PM2.5,2,641.0,33.10452418096724,14.954409721711015,3.0,23.0,30.0,41.0,98.0
2011-04-30,TLA,SO2,1,669.0,5.203288490284006,6.690142982159564,0.0,2.0,3.0,6.0,61.0
2011-04-30,TLI,CO,15,677.0,0.6527326440177256,0.5572112575277275,0.1,0.3,0.5,0.8,3.2
2011-04-30,TLI,NO,1,669.0,17.080717488789237,36.24566133969013,0.0,0.0,2.0,11.0,228.0
2011-04-30,TLI,NO2,1,669.0,26.234678624813153,15.843553792955543,3.0,12.0,24.0,38.0,89.0
2011-04-30,TLI,NOX,1,669.0,42.69805680119581,47.91992146763008,3.0,12.0,24.0,52.0,279.0
2011-04-30,TLI,O3,1,0.0,,,,,,,
2011-04-30,TLI,PM10,2,664.0,67.2183734939759,41.91846096049074,1.0,38.0,60.0,88.25,396.0
2011-04-30,TLI,SO2,1,676.0,6.144970414201183,6.147543068324229,1.0,3.0,4.0,6.0,68.0
2011-04-30,TPN,CO,15,0.0,,,,,,,
2011-04-30,TPN,NO,1,0.0,,,,,,,
2011-04-30,TPN,NO2,1,0.0,,,,,,,
2011-04-30,TPN,NOX,1,0.0,,,,,,,
2011-04-30,TPN,O3,1,646.0,54.363777089783284,30.833222603209546,2.0,29.0,47.0,76.75,152.0
2011-04-30,TPN,SO2,1,0.0,,,,,,,
2011-04-30,UIZ,CO,15,611.0,0.7396072013093296,0.6633515322152503,0.0,0.3,0.6,0.9,4.3
2011-04-30,UIZ,NO,1,612.0,12.155228758169935,25.330943836729137,0.0,0.0,3.0,9.25,231.0
2011-04-30,UIZ,NO2,1,612.0,25.287581699346404,15.144983214401686,3.0,13.0,22.0,36.0,85.0
2011-04-30,UIZ,NOX,1,612.0,37.24673202614379,36.32774395857198,4.0,14.0,23.5,48.0,285.0
2011-04-30,UIZ,O3,1,611.0,44.201309328968904,34.611147615565336,0.0,13.0,38.0,72.0,143.0
2011-04-30,UIZ,PM10,2,0.0,,,,,,,
2011-04-30,UIZ,PM2.5,2,603.0,29.99004975124378,10.628422083149838,8.0,23.0,29.0,36.0,66.0
2011-04-30,UIZ,SO2,1,560.0,2.648214285714286,3.809342205665849,0.0,1.0,2.0,3.0,66.0
2011-04-30,VIF,CO,15,667.0,0.6124437781109449,0.4538899547837255,0.0,0.3,0.5,0.8,2.8
2011-04-30,VIF,NO,1,303.0,9.501650165016502,18.690202587575858,0.0,0.0,1.0,7.5,87.0
2011-04-30,VIF,NO2,1,303.0,23.343234323432345,12.066085088878793,4.0,12.0,22.0,33.0,64.0
2011-04-30,VIF,NOX,1,303.0,32.273927392739274,27.20478288845468,2.0,11.0,22.0,41.0,123.0
2011-04-30,VIF,O3,1,0.0,,,,,,,
2011-04-30,VIF,PM10,2,669.0,86.77727952167415,77.94295678858481,5.0,48.0,74.0,100.0,1269.0
2011-04-30,VIF,SO2,1,555.0,3.763963963963964,15.960356985009815,0.0,0.0,1.0,3.0,276.0
2011-04-30,XAL,CO,15,503.0,0.9459244532803176,0.9218778958403835,0.0,0.4,0.7,1.1,6.3
2011-04-30,XAL,NO,1,589.0,38.259762308998305,65.65894740835658,0.0,5.0,12.0,35.0,499.0
2011-04-30,XAL,NO2,1,589.0,35.76061120543294,14.39843896135105,9.0,24.0,36.0,46.0,84.0
2011-04-30,XAL,NOX,1,589.0,73.83361629881155,74.73854307118613,12.0,29.0,49.0,82.0,570.0
2011-04-30,XAL,O3,1,640.0,36.725,30.254879713508586,0.0,8.0,32.0,60.0,131.0
2011-04-30,XAL,PM10,2,611.0,102.82487725040916,60.21617153667346,20.0,66.0,88.0,121.0,599.0
2011-04-30,XAL,PM2.5,2,0.0,,,,,,,
2011-04-30,XAL,SO2,1,639.0,6.037558685446009,5.574389853948821,0.0,3.0,5.0,7.0,74.0
2011-05-31,ACO,CO,15,0.0,,,,,,,
2011-05-31,ACO,NO,1,0.0,,,,,,,
2011-05-31,ACO,NO2,1,0.0,,,,,,,
2011-05-31,ACO,NOX,1,0.0,,,,,,,
2011-05-31,ACO,O3,1,480.0,47.55625,28.87647297619437,1.0,22.75,47.0,72.0,110.0
2011-05-31,ACO,PM10,2,0.0,,,,,,,
2011-05-31,ACO,SO2,1,417.0,4.661870503597123,5.695672222813438,1.0,3.0,3.0,5.0,77.0
2011-05-31,ATI,NO,1,667.0,10.356821589205397,21.800042581362185,0.0,1.0,2.0,7.0,193.0
2011-05-31,ATI,NO2,1,667.0,25.263868065967017,13.318435326649103,5.0,15.0,22.0,33.0,82.0
2011-05-31,ATI,NOX,1,667.0,35.53523238380809,31.400969793342917,5.0,16.0,24.0,42.0,245.0
2011-05-31,ATI,SO2,1,641.0,6.535101404056162,12.377869630565042,0.0,1.0,2.0,6.0,108.0
2011-05-31,CAM,CO,15,0.0,,,,,,,
2011-05-31,CAM,NO,1,0.0,,,,,,,
2011-05-31,CAM,NO2,1,0.0,,,,,,,
2011-05-31,CAM,NOX,1,0.0,,,,,,,
2011-05-31,CAM,O3,1,0.0,,,,,,,
2011-05-31,CAM,PM10,2,0.0,,,,,,,
2011-05-31,CAM,PM2.5,2,706.0,33.54107648725213,12.682892301734805,1.0,24.0,33.0,42.0,77.0
2011-05-31,CAM,SO2,1,0.0,,,,,,,
2011-05-31,CHO,CO,15,468.0,0.5713675213675213,0.3968730151076153,0.0,0.3,0.5,0.7,2.9
2011-05-31,CHO,NO,1,0.0,,,,,,,
2011-05-31,CHO,NO2,1,0.0,,,,,,,
2011-05-31,CHO,NOX,1,0.0,,,,,,,
2011-05-31,CHO,O3,1,469.0,49.1044776119403,28.939957021163384,1.0,26.0,48.0,72.0,144.0
2011-05-31,CHO,SO2,1,469.0,3.7803837953091683,4.140270112507528,0.0,2.0,3.0,4.0,50.0
2011-05-31,COY,NO,1,0.0,,,,,,,
2011-05-31,COY,NO2,1,0.0,,,,,,,
2011-05-31,COY,NOX,1,0.0,,,,,,,
2011-05-31,COY,O3,1,678.0,49.07964601769911,38.203020194957276,1.0,17.0,43.0,77.75,184.0
2011-05-31,COY,PM2.5,2,677.0,33.32200886262925,12.06036359000002,7.0,26.0,32.0,41.0,94.0
2011-05-31,CUA,CO,15,0.0,,,,,,,
2011-05-31,CUA,NO,1,0.0,,,,,,,
2011-05-31,CUA,NO2,1,0.0,,,,,,,
2011-05-31,CUA,NOX,1,0.0,,,,,,,
2011-05-31,CUA,O3,1,473.0,57.551797040169134,28.822402604413863,3.0,39.0,52.0,71.0,169.0
2011-05-31,CUA,SO2,1,0.0,,,,,,,
2011-05-31,FAC,CO,15,699.0,0.895422031473533,0.7415284208971078,0.0,0.5,0.7,1.1,4.9
2011-05-31,FAC,NO,1,697.0,21.45767575322812,40.87623247526274,0.0,3.0,6.0,18.0,263.0
2011-05-31,FAC,NO2,1,697.0,30.472022955523673,14.554184552886223,5.0,19.0,28.0,39.0,82.0
2011-05-31,FAC,NOX,1,697.0,51.87661406025825,49.3130597051578,5.0,23.0,34.0,62.0,303.0
2011-05-31,FAC,O3,1,699.0,42.31330472103004,32.31733738274498,1.0,16.0,35.0,66.0,152.0
2011-05-31,FAC,PM10,2,687.0,61.704512372634646,39.21888594279848,2.0,35.0,53.0,77.0,348.0
2011-05-31,FAC,SO2,1,698.0,7.104584527220631,11.675021180046631,0.0,2.0,3.0,6.0,97.0
2011-05-31,IZT,CO,15,701.0,0.9583452211126967,0.496161955783004,0.3,0.6,0.8,1.2,3.2
2011-05-31,IZT,NO,1,702.0,14.760683760683762,18.3881821376614,1.0,6.0,8.0,13.0,129.0
2011-05-31,IZT,NO2,1,702.0,31.700854700854702,14.474197588977557,9.0,20.0,29.5,41.0,95.0
2011-05-31,IZT,NOX,1,702.0,46.407407407407405,29.19142101031154,13.0,27.0,37.0,55.0,188.0
2011-05-31,IZT,O3,1,699.0,44.28469241773963,35.231903566973735,0.0,16.0,37.0,68.0,166.0
2011-05-31,IZT,PM10,2,645.0,59.19069767441861,19.203128958051984,16.0,45.0,57.0,70.0,165.0
2011-05-31,IZT,SO2,1,617.0,7.536466774716369,6.82092720131687,4.0,5.0,6.0,7.0,68.0
2011-05-31,LLA,CO,15,0.0,,,,,,,
2011-05-31,LLA,NO,1,0.0,,,,,,,
2011-05-31,LLA,NO2,1,0.0,,,,,,,
2011-05-31,LLA,NOX,1,0.0,,,,,,,
2011-05-31,LLA,O3,1,0.0,,,,,,,
2011-05-31,LLA,SO2,1,635.0,7.543307086614173,16.956595129431687,1.0,2.0,3.0,6.0,222.0
2011-05-31,LPR,CO,15,0.0,,,,,,,
2011-05-31,LPR,NO,1,0.0,,,,,,,
2011-05-31,LPR,NO2,1,0.0,,,,,,,
2011-05-31,LPR,NOX,1,0.0,,,,,,,
2011-05-31,LPR,O3,1,0.0,,,,,,,
2011-05-31,LPR,SO2,1,696.0,5.05316091954023,8.867127315469435,1.0,2.0,3.0,5.0,108.0
2011-05-31,MER,CO,15,575.0,1.010434782608695,0.6110158778372691,0.0,0.6,0.8,1.3,3.3
2011-05-31,MER,NO,1,566.0,18.141342756183747,26.866325686497017,0.0,4.0,7.0,18.0,162.0
2011-05-31,MER,NO2,1,566.0,36.58833922261484,15.479422998031314,11.0,24.0,35.0,46.0,115.0
2011-05-31,MER,NOX,1,566.0,54.69257950530035,37.589786525511016,12.0,29.0,42.0,67.75,221.0
2011-05-31,MER,O3,1,576.0,41.515625,33.50597245592778,1.0,12.75,35.0,64.0,152.0
2011-05-31,MER,PM10,2,563.0,82.88277087033748,31.941345902665713,26.0,59.0,80.0,99.0,260.0
2011-05-31,MER,PM2.5,2,563.0,34.53996447602132,13.606169497596026,7.0,25.0,33.0,42.0,94.0
2011-05-31,MER,SO2,1,574.0,5.339721254355401,9.155316249533424,0.0,2.0,3.0,5.0,115.0
2011-05-31,MON,CO,15,0.0,,,,,,,
2011-05-31,MON,NO,1,0.0,,,,,,,
2011-05-31,MON,NO2,1,0.0,,,,,,,
2011-05-31,MON,NOX,1,0.0,,,,,,,
2011-05-31,MON,O3,1,307.0,55.85016286644951,28.863500454208943,1.0,35.5,60.0,78.0,111.0
2011-05-31,MON,SO2,1,0.0,,,,,,,
2011-05-31,NEZ,CO,15,0.0,,,,,,,
2011-05-31,NEZ,NO,1,0.0,,,,,,,
2011-05-31,NEZ,NO2,1,0.0,,,,,,,
2011-05-31,NEZ,NOX,1,0.0,,,,,,,
2011-05-31,NEZ,O3,1,0.0,,,,,,,
2011-05-31,NEZ,PM2.5,2,0.0,,,,,,,
2011-05-31,NEZ,SO2,1,0.0,,,,,,,
2011-05-31,PED,CO,15,673.0,0.38751857355126235,0.30670861195209626,0.0,0.2,0.3,0.5,1.7
2011-05-31,PED,NO,1,662.0,5.141993957703927,9.965344835090415,0.0,0.0,1.0,4.75,68.0
2011-05-31,PED,NO2,1,662.0,25.459214501510573,12.473900061352355,6.0,15.0,23.0,32.0,77.0
2011-05-31,PED,NOX,1,662.0,30.512084592145015,20.160378275936168,6.0,16.0,25.0,38.0,110.0
2011-05-31,PED,O3,1,670.0,50.886567164179105,36.59750330675181,0.0,21.0,42.0,77.0,180.0
2011-05-31,PED,PM10,2,668.0,59.31736526946108,21.45525375956591,10.0,44.0,56.0,71.0,177.0
2011-05-31,PED,PM2.5,2,0.0,,,,,,,
2011-05-31,PED,SO2,1,670.0,5.762686567164179,5.672853454318146,2.0,3.0,4.0,5.0,56.0
2011-05-31,PER,PM2.5,2,638.0,36.4153605015674,14.970978176005866,2.0,27.0,35.0,45.0,112.0
2011-05-31,SAG,CO,15,622.0,0.6504823151125405,0.45000421416074105,0.2,0.4,0.5,0.8,3.9
2011-05-31,SAG,NO,1,619.0,12.7140549273021,24.66888780306773,0.0,3.0,5.0,9.0,253.0
2011-05-31,SAG,NO2,1,619.0,24.27463651050081,12.22214234164541,5.0,14.0,23.0,33.0,72.0
2011-05-31,SAG,NOX,1,619.0,36.83683360258481,32.63335895703269,8.0,17.0,27.0,43.0,300.0
2011-05-31,SAG,O3,1,633.0,39.867298578199055,27.216340641465614,2.0,18.0,36.0,58.0,111.0
2011-05-31,SAG,PM10,2,629.0,80.05723370429253,36.38707204599794,17.0,59.0,74.0,92.0,477.0
2011-05-31,SAG,PM2.5,2,629.0,32.20031796502385,13.258620554455032,1.0,24.0,32.0,40.0,111.0
2011-05-31,SAG,SO2,1,635.0,5.333858267716535,11.384256524010997,0.0,2.0,3.0,5.0,164.0
2011-05-31,SJA,CO,15,0.0,,,,,,,
2011-05-31,SJA,NO,1,0.0,,,,,,,
2011-05-31,SJA,NO2,1,0.0,,,,,,,
2011-05-31,SJA,NOX,1,0.0,,,,,,,
2011-05-31,SJA,O3,1,0.0,,,,,,,
2011-05-31,SJA,PM2.5,2,689.0,31.013062409288825,12.539755526338755,1.0,23.0,31.0,38.0,78.0
2011-05-31,SJA,SO2,1,0.0,,,,,,,
2011-05-31,SUR,CO,15,500.0,0.9054000000000004,0.516375956311401,0.1,0.575,0.8,1.2,3.5
2011-05-31,SUR,NO,1,697.0,8.622668579626973,18.30283886954544,0.0,1.0,2.0,7.0,156.0
2011-05-31,SUR,NO2,1,697.0,27.01865136298422,13.050892730082802,3.0,17.0,25.0,35.0,78.0
2011-05-31,SUR,NOX,1,697.0,35.57532281205165,27.661809629894574,4.0,18.0,27.0,43.0,212.0
2011-05-31,SUR,O3,1,692.0,48.59537572254335,37.37591540539426,0.0,17.0,41.5,73.25,167.0
2011-05-31,SUR,PM10,2,670.0,58.88507462686567,39.61892752404912,1.0,35.0,51.0,72.0,307.0
2011-05-31,SUR,SO2,1,694.0,4.1685878962536025,6.283039679444595,1.0,2.0,2.0,4.0,69.0
2011-05-31,TAH,CO,15,0.0,,,,,,,
2011-05-31,TAH,NO,1,0.0,,,,,,,
2011-05-31,TAH,NO2,1,0.0,,,,,,,
2011-05-31,TAH,NOX,1,0.0,,,,,,,
2011-05-31,TAH,O3,1,543.0,56.41436464088398,32.614990100477506,3.0,30.0,53.0,80.0,162.0
2011-05-31,TAH,PM10,2,543.0,61.13259668508287,34.28797227172784,1.0,38.0,54.0,75.0,249.0
2011-05-31,TAH,SO2,1,495.0,2.0585858585858587,2.989624775076468,0.0,0.0,1.0,3.0,29.0
2011-05-31,TLA,CO,15,658.0,0.8820668693009116,0.5834975490418306,0.1,0.5,0.7,1.1,3.6
2011-05-31,TLA,NO,1,653.0,23.422664624808576,35.114653238071256,1.0,6.0,10.0,21.0,211.0
2011-05-31,TLA,NO2,1,653.0,34.053598774885145,14.435339435068457,8.0,23.0,33.0,43.0,94.0
2011-05-31,TLA,NOX,1,653.0,57.45176110260337,44.54207582873775,12.0,30.0,41.0,66.0,252.0
2011-05-31,TLA,O3,1,635.0,40.68188976377953,30.663168077505354,1.0,14.0,35.0,63.5,142.0
2011-05-31,TLA,PM10,2,693.0,72.86580086580086,26.64253085043456,4.0,55.0,69.0,87.0,190.0
2011-05-31,TLA,PM2.5,2,683.0,36.165446559297216,14.717889873040743,3.0,26.0,35.0,45.0,86.0
2011-05-31,TLA,SO2,1,651.0,8.061443932411674,15.076601445372981,0.0,2.0,4.0,7.0,190.0
2011-05-31,TLI,CO,15,696.0,0.7669540229885049,0.4517272089041887,0.0,0.5,0.6,0.9,2.9
2011-05-31,TLI,NO,1,673.0,11.077265973254086,22.055395023821944,0.0,1.0,3.0,7.0,164.0
2011-05-31,TLI,NO2,1,673.0,23.99851411589896,14.704277323227652,3.0,11.0,21.0,35.0,79.0
2011-05-31,TLI,NOX,1,673.0,34.846953937592865,32.89366065208616,4.0,12.0,23.0,43.0,219.0
2011-05-31,TLI,O3,1,0.0,,,,,,,
2011-05-31,TLI,PM10,2,685.0,69.78978102189781,40.47520590535191,2.0,43.0,62.0,91.0,229.0
2011-05-31,TLI,SO2,1,696.0,9.295977011494253,17.50309443291459,1.0,4.0,5.0,7.0,233.0
2011-05-31,TPN,CO,15,0.0,,,,,,,
2011-05-31,TPN,NO,1,0.0,,,,,,,
2011-05-31,TPN,NO2,1,0.0,,,,,,,
2011-05-31,TPN,NOX,1,0.0,,,,,,,
2011-05-31,TPN,O3,1,694.0,58.126801152737755,32.41000062774702,4.0,32.0,52.0,80.0,169.0
2011-05-31,TPN,SO2,1,0.0,,,,,,,
2011-05-31,UIZ,CO,15,692.0,0.8037572254335266,0.5678178597688381,0.0,0.4,0.7,1.0,4.3
2011-05-31,UIZ,NO,1,696.0,7.625,16.087759545513,0.0,0.0,2.0,5.25,162.0
2011-05-31,UIZ,NO2,1,696.0,24.563218390804597,14.8492287613503,2.0,13.0,21.0,34.0,87.0
2011-05-31,UIZ,NOX,1,696.0,31.94971264367816,27.86687882000973,4.0,13.0,22.0,39.0,225.0
2011-05-31,UIZ,O3,1,691.0,48.19247467438495,32.96707626102816,1.0,21.0,42.0,71.5,159.0
2011-05-31,UIZ,PM10,2,0.0,,,,,,,
2011-05-31,UIZ,PM2.5,2,609.0,32.23481116584565,12.548158677256666,5.0,24.0,32.0,39.0,79.0
2011-05-31,UIZ,SO2,1,664.0,4.052710843373494,5.372568041561652,1.0,2.0,3.0,4.0,78.0
2011-05-31,VIF,CO,15,624.0,0.5682692307692315,0.49581188306211726,0.0,0.2,0.4,0.7,3.5
2011-05-31,VIF,NO,1,641.0,8.54758190327613,19.960304307548018,0.0,0.0,0.0,6.0,164.0
2011-05-31,VIF,NO2,1,641.0,22.564742589703588,12.320179279243414,3.0,11.0,21.0,32.0,66.0
2011-05-31,VIF,NOX,1,641.0,30.786271450858035,28.664539264262544,3.0,11.0,21.0,38.0,218.0
2011-05-31,VIF,O3,1,0.0,,,,,,,
2011-05-31,VIF,PM10,2,643.0,86.1850699844479,53.77669556109014,6.0,51.0,73.0,110.0,452.0
2011-05-31,VIF,SO2,1,601.0,9.430948419301165,22.592822767396772,1.0,3.0,4.0,6.0,314.0
2011-05-31,XAL,CO,15,693.0,0.896392496392496,0.6218573954617214,0.2,0.5,0.7,1.1,3.6
2011-05-31,XAL,NO,1,687.0,22.25618631732169,34.36065176209926,1.0,5.0,8.0,20.5,229.0
2011-05-31,XAL,NO2,1,687.0,33.41339155749636,14.345822361878993,8.0,22.0,31.0,43.5,90.0
2011-05-31,XAL,NOX,1,687.0,55.666666666666664,43.77897485615419,10.0,28.0,38.0,66.5,276.0
2011-05-31,XAL,O3,1,687.0,43.44250363901019,30.664731712215087,1.0,18.0,39.0,66.0,150.0
2011-05-31,XAL,PM10,2,693.0,88.05916305916305,37.142838142905525,1.0,64.0,84.0,105.0,281.0
2011-05-31,XAL,PM2.5,2,0.0,,,,,,,
2011-05-31,XAL,SO2,1,558.0,9.387096774193548,13.050818164078425,2.0,5.0,6.0,9.0,143.0
2011-06-30,ACO,CO,15,0.0,,,,,,,
2011-06-30,ACO,NO,1,0.0,,,,,,,
2011-06-30,ACO,NO2,1,0.0,,,,,,,
2011-06-30,ACO,NOX,1,0.0,,,,,,,
2011-06-30,ACO,O3,1,660.0,35.163636363636364,22.936950173609763,1.0,16.0,32.0,51.0,105.0
2011-06-30,ACO,PM10,2,0.0,,,,,,,
2011-06-30,ACO,SO2,1,669.0,2.336322869955157,3.3892502116832994,1.0,1.0,2.0,2.0,42.0
2011-06-30,ATI,NO,1,640.0,10.009375,16.848953555502863,0.0,2.0,4.0,9.0,129.0
2011-06-30,ATI,NO2,1,640.0,18.6625,9.104943712072043,5.0,12.0,17.0,23.0,62.0
2011-06-30,ATI,NOX,1,640.0,28.621875,23.29394709875831,6.0,15.0,20.0,32.0,169.0
2011-06-30,ATI,SO2,1,658.0,6.864741641337386,11.287508889682888,0.0,2.0,3.0,6.0,90.0
2011-06-30,CAM,CO,15,0.0,,,,,,,
2011-06-30,CAM,NO,1,0.0,,,,,,,
2011-06-30,CAM,NO2,1,0.0,,,,,,,
2011-06-30,CAM,NOX,1,0.0,,,,,,,
2011-06-30,CAM,O3,1,0.0,,,,,,,
2011-06-30,CAM,PM10,2,0.0,,,,,,,
2011-06-30,CAM,PM2.5,2,641.0,23.550702028081123,14.05806053168915,1.0,13.0,22.0,32.0,67.0
2011-06-30,CAM,SO2,1,0.0,,,,,,,
2011-06-30,CHO,CO,15,634.0,0.41230283911671955,0.37141979812258763,0.0,0.2,0.3,0.5,2.7
2011-06-30,CHO,NO,1,0.0,,,,,,,
2011-06-30,CHO,NO2,1,0.0,,,,,,,
2011-06-30,CHO,NOX,1,0.0,,,,,,,
2011-06-30,CHO,O3,1,633.0,33.47551342812006,26.56118654111171,0.0,12.0,25.0,54.0,103.0
2011-06-30,CHO,SO2,1,596.0,2.3741610738255035,2.390303268455309,0.0,1.0,2.0,3.0,30.0
2011-06-30,COY,NO,1,0.0,,,,,,,
2011-06-30,COY,NO2,1,0.0,,,,,,,
2011-06-30,COY,NOX,1,0.0,,,,,,,
2011-06-30,COY,O3,1,678.0,37.256637168141594,33.54882121510101,1.0,11.0,29.0,54.0,177.0
2011-06-30,COY,PM2.5,2,580.0,25.112068965517242,13.725517724929087,2.0,15.0,24.0,32.25,102.0
2011-06-30,CUA,CO,15,0.0,,,,,,,
2011-06-30,CUA,NO,1,0.0,,,,,,,
2011-06-30,CUA,NO2,1,0.0,,,,,,,
2011-06-30,CUA,NOX,1,0.0,,,,,,,
2011-06-30,CUA,O3,1,654.0,39.26605504587156,28.77700360231666,0.0,17.0,33.0,54.0,142.0
2011-06-30,CUA,SO2,1,0.0,,,,,,,
2011-06-30,FAC,CO,15,678.0,0.7452802359881998,0.6244405434089181,0.0,0.4,0.6,0.9,4.4
2011-06-30,FAC,NO,1,657.0,16.703196347031962,25.966650847408197,0.0,3.0,7.0,16.0,177.0
2011-06-30,FAC,NO2,1,657.0,22.057838660578387,11.053349159352745,3.0,14.0,20.0,28.0,71.0
2011-06-30,FAC,NOX,1,657.0,38.694063926940636,32.75331641301055,3.0,19.0,28.0,45.0,218.0
2011-06-30,FAC,O3,1,678.0,34.081120943952804,26.788535058089046,1.0,13.0,30.0,48.0,140.0
2011-06-30,FAC,PM10,2,646.0,49.244582043343655,44.42949917517441,1.0,19.0,38.5,66.0,357.0
2011-06-30,FAC,SO2,1,678.0,5.075221238938053,9.828151447833829,0.0,0.0,2.0,4.0,78.0
2011-06-30,IZT,CO,15,654.0,0.8685015290519873,0.5785220800349897,0.0,0.5,0.7,1.1,3.9
2011-06-30,IZT,NO,1,654.0,15.585626911314984,18.45123969792962,2.0,4.0,7.0,19.0,124.0
2011-06-30,IZT,NO2,1,654.0,25.57645259938838,11.873096034680476,6.0,17.0,23.0,32.0,71.0
2011-06-30,IZT,NOX,1,654.0,41.116207951070336,26.232006687986907,8.0,23.0,32.0,53.0,176.0
2011-06-30,IZT,O3,1,674.0,31.80712166172107,32.10742846413469,0.0,5.0,23.0,47.0,145.0
2011-06-30,IZT,PM10,2,680.0,39.673529411764704,20.29660489210964,1.0,22.0,40.0,53.0,122.0
2011-06-30,IZT,SO2,1,622.0,2.964630225080386,4.880079106456019,0.0,1.0,2.0,3.0,58.0
2011-06-30,LLA,CO,15,0.0,,,,,,,
2011-06-30,LLA,NO,1,0.0,,,,,,,
2011-06-30,LLA,NO2,1,0.0,,,,,,,
2011-06-30,LLA,NOX,1,0.0,,,,,,,
2011-06-30,LLA,O3,1,0.0,,,,,,,
2011-06-30,LLA,SO2,1,659.0,2.7875569044006068,5.140910763191705,0.0,1.0,1.0,3.0,59.0
2011-06-30,LPR,CO,15,0.0,,,,,,,
2011-06-30,LPR,NO,1,0.0,,,,,,,
2011-06-30,LPR,NO2,1,0.0,,,,,,,
2011-06-30,LPR,NOX,1,0.0,,,,,,,
2011-06-30,LPR,O3,1,0.0,,,,,,,
2011-06-30,LPR,SO2,1,610.0,2.4836065573770494,3.630362760030327,0.0,1.0,1.0,2.0,36.0
2011-06-30,MER,CO,15,685.0,0.731240875912409,0.5417259687584689,0.0,0.4,0.5,1.0,3.1
2011-06-30,MER,NO,1,665.0,18.293233082706767,22.44041036596435,1.0,4.0,9.0,25.0,173.0
2011-06-30,MER,NO2,1,665.0,27.094736842105263,12.138571871382888,6.0,19.0,24.0,34.0,67.0
2011-06-30,MER,NOX,1,665.0,45.34736842105263,30.439668699977076,8.0,24.0,35.0,59.0,230.0
2011-06-30,MER,O3,1,685.0,31.494890510948906,30.1514023637082,0.0,6.0,24.0,46.0,150.0
2011-06-30,MER,PM10,2,683.0,59.69253294289898,36.82978664926678,2.0,32.0,55.0,79.5,265.0
2011-06-30,MER,PM2.5,2,678.0,23.529498525073745,14.096570815573942,1.0,12.0,22.0,32.0,70.0
2011-06-30,MER,SO2,1,684.0,3.692982456140351,4.775107231406869,0.0,2.0,2.0,4.0,53.0
2011-06-30,MON,CO,15,0.0,,,,,,,
2011-06-30,MON,NO,1,0.0,,,,,,,
2011-06-30,MON,NO2,1,0.0,,,,,,,
2011-06-30,MON,NOX,1,0.0,,,,,,,
2011-06-30,MON,O3,1,649.0,37.738058551617875,26.725960409407335,3.0,16.0,31.0,57.0,107.0
2011-06-30,MON,SO2,1,0.0,,,,,,,
2011-06-30,NEZ,CO,15,0.0,,,,,,,
2011-06-30,NEZ,NO,1,0.0,,,,,,,
2011-06-30,NEZ,NO2,1,0.0,,,,,,,
2011-06-30,NEZ,NOX,1,0.0,,,,,,,
2011-06-30,NEZ,O3,1,0.0,,,,,,,
2011-06-30,NEZ,PM2.5,2,0.0,,,,,,,
2011-06-30,NEZ,SO2,1,0.0,,,,,,,
2011-06-30,PED,CO,15,673.0,0.42971768202080235,0.30924650737042964,0.0,0.2,0.4,0.6,1.5
2011-06-30,PED,NO,1,669.0,6.428998505231689,9.443963112219771,0.0,1.0,2.0,8.0,66.0
2011-06-30,PED,NO2,1,669.0,19.855007473841553,9.969334397580532,2.0,13.0,18.0,24.0,57.0
2011-06-30,PED,NOX,1,669.0,26.20777279521674,16.289857594567696,4.0,15.0,21.0,32.0,86.0
2011-06-30,PED,O3,1,674.0,37.06231454005935,32.66611184370757,0.0,13.0,29.0,53.75,175.0
2011-06-30,PED,PM10,2,645.0,42.5968992248062,22.329867257481023,2.0,24.0,41.0,58.0,146.0
2011-06-30,PED,PM2.5,2,0.0,,,,,,,
2011-06-30,PED,SO2,1,672.0,5.013392857142857,4.504159274098386,2.0,3.0,4.0,5.0,46.0
2011-06-30,PER,PM2.5,2,647.0,22.984544049459043,13.290505319273318,1.0,13.0,21.0,30.5,86.0
2011-06-30,SAG,CO,15,636.0,0.48128930817610194,0.39410487186437787,0.0,0.2,0.4,0.6,2.2
2011-06-30,SAG,NO,1,636.0,14.297169811320755,18.280872276508486,2.0,5.0,7.0,13.0,142.0
2011-06-30,SAG,NO2,1,636.0,17.32704402515723,10.237646663233123,1.0,9.0,15.0,23.0,49.0
2011-06-30,SAG,NOX,1,636.0,31.55503144654088,25.225629820512488,6.0,16.0,23.0,36.0,183.0
2011-06-30,SAG,O3,1,637.0,30.062794348508636,23.090452716323007,2.0,12.0,25.0,43.0,99.0
2011-06-30,SAG,PM10,2,608.0,57.67434210526316,57.7318906861916,1.0,28.0,50.0,69.0,732.0
2011-06-30,SAG,PM2.5,2,579.0,21.751295336787564,13.0860993979928,1.0,12.0,19.0,29.0,76.0
2011-06-30,SAG,SO2,1,627.0,3.7033492822966507,3.8120422453958054,1.0,2.0,3.0,4.0,55.0
2011-06-30,SJA,CO,15,0.0,,,,,,,
2011-06-30,SJA,NO,1,0.0,,,,,,,
2011-06-30,SJA,NO2,1,0.0,,,,,,,
2011-06-30,SJA,NOX,1,0.0,,,,,,,
2011-06-30,SJA,O3,1,0.0,,,,,,,
2011-06-30,SJA,PM2.5,2,603.0,20.550580431177448,12.223228750666134,1.0,10.0,19.0,28.5,69.0
2011-06-30,SJA,SO2,1,0.0,,,,,,,
2011-06-30,SUR,CO,15,624.0,0.9625000000000022,0.5561598728543391,0.0,0.6,0.9,1.3,3.1
2011-06-30,SUR,NO,1,659.0,10.006069802731412,13.710199413747574,0.0,2.0,4.0,12.0,122.0
2011-06-30,SUR,NO2,1,659.0,21.397572078907434,11.32336504401181,2.0,13.0,19.0,28.0,60.0
2011-06-30,SUR,NOX,1,659.0,31.396054628224583,21.529142959450112,4.0,17.0,24.0,40.0,163.0
2011-06-30,SUR,O3,1,659.0,37.31562974203339,34.573263670226865,0.0,10.0,28.0,53.5,169.0
2011-06-30,SUR,PM10,2,613.0,40.08972267536705,34.11730210173048,1.0,19.0,33.0,54.0,364.0
2011-06-30,SUR,SO2,1,659.0,3.370257966616085,4.247233509773598,1.0,1.0,2.0,3.5,53.0
2011-06-30,TAH,CO,15,0.0,,,,,,,
2011-06-30,TAH,NO,1,0.0,,,,,,,
2011-06-30,TAH,NO2,1,0.0,,,,,,,
2011-06-30,TAH,NOX,1,0.0,,,,,,,
2011-06-30,TAH,O3,1,545.0,41.16880733944954,29.712299076406524,2.0,18.0,33.0,60.0,141.0
2011-06-30,TAH,PM10,2,458.0,46.43886462882096,34.24454430216638,1.0,23.0,40.0,61.0,242.0
2011-06-30,TAH,SO2,1,481.0,2.5696465696465696,2.2976060185535325,0.0,1.0,2.0,3.0,19.0
2011-06-30,TLA,CO,15,651.0,0.5184331797235024,0.5014422304993669,0.0,0.2,0.4,0.6,3.4
2011-06-30,TLA,NO,1,641.0,19.842433697347893,24.1426452893601,1.0,7.0,11.0,21.0,189.0
2011-06-30,TLA,NO2,1,641.0,25.06084243369735,11.261981615781327,7.0,18.0,22.0,30.0,86.0
2011-06-30,TLA,NOX,1,641.0,44.864274570982836,32.36291260570487,10.0,25.0,34.0,52.0,248.0
2011-06-30,TLA,O3,1,645.0,30.58449612403101,24.929236651007315,0.0,9.0,25.0,45.0,119.0
2011-06-30,TLA,PM10,2,643.0,52.4307931570762,28.9161337080575,1.0,32.0,51.0,69.0,225.0
2011-06-30,TLA,PM2.5,2,624.0,25.251602564102566,15.21275012244725,1.0,14.0,23.0,33.0,86.0
2011-06-30,TLA,SO2,1,609.0,6.438423645320197,12.47338883743973,0.0,1.0,2.0,6.0,156.0
2011-06-30,TLI,CO,15,0.0,,,,,,,
2011-06-30,TLI,NO,1,663.0,7.04524886877828,13.993235446771624,0.0,0.0,1.0,6.5,110.0
2011-06-30,TLI,NO2,1,663.0,17.76923076923077,11.596546802637365,3.0,9.0,14.0,25.0,66.0
2011-06-30,TLI,NOX,1,663.0,24.30316742081448,23.113932424568453,2.0,9.0,15.0,32.0,167.0
2011-06-30,TLI,O3,1,0.0,,,,,,,
2011-06-30,TLI,PM10,2,610.0,48.56065573770492,31.716060062806694,1.0,26.0,43.0,65.75,193.0
2011-06-30,TLI,SO2,1,677.0,8.14771048744461,13.693778494430214,2.0,4.0,4.0,6.0,168.0
2011-06-30,TPN,CO,15,0.0,,,,,,,
2011-06-30,TPN,NO,1,0.0,,,,,,,
2011-06-30,TPN,NO2,1,0.0,,,,,,,
2011-06-30,TPN,NOX,1,0.0,,,,,,,
2011-06-30,TPN,O3,1,382.0,52.31937172774869,33.169454240571426,7.0,26.0,40.5,74.0,167.0
2011-06-30,TPN,SO2,1,0.0,,,,,,,
2011-06-30,UIZ,CO,15,685.0,0.8690510948905112,0.4791315901908673,0.3,0.5,0.7,1.1,3.2
2011-06-30,UIZ,NO,1,687.0,9.713245997088793,14.018028243407961,0.0,2.0,4.0,11.0,90.0
2011-06-30,UIZ,NO2,1,687.0,20.933042212518195,12.9267345601056,1.0,12.0,18.0,27.0,80.0
2011-06-30,UIZ,NOX,1,687.0,30.58951965065502,23.817400740819977,3.0,14.0,21.0,40.0,151.0
2011-06-30,UIZ,O3,1,681.0,38.21145374449339,31.469535937922938,3.0,13.0,30.0,56.0,150.0
2011-06-30,UIZ,PM10,2,0.0,,,,,,,
2011-06-30,UIZ,PM2.5,2,666.0,20.755255255255257,13.060939102357787,1.0,10.0,19.0,28.0,73.0
2011-06-30,UIZ,SO2,1,687.0,3.03056768558952,3.3564606511799364,1.0,1.0,2.0,3.0,35.0
2011-06-30,VIF,CO,15,575.0,0.35843478260869577,0.29240261282462715,0.0,0.2,0.3,0.5,1.7
2011-06-30,VIF,NO,1,576.0,4.592013888888889,8.29490396347571,0.0,0.0,1.0,5.0,55.0
2011-06-30,VIF,NO2,1,576.0,12.14236111111111,8.296916807008214,3.0,6.0,10.0,15.0,54.0
2011-06-30,VIF,NOX,1,576.0,16.522569444444443,14.78810959475461,3.0,6.0,11.0,22.0,82.0
2011-06-30,VIF,O3,1,0.0,,,,,,,
2011-06-30,VIF,PM10,2,531.0,58.3728813559322,50.727614627863886,1.0,26.0,45.0,76.0,410.0
2011-06-30,VIF,SO2,1,569.0,5.293497363796134,8.434293046282747,1.0,3.0,3.0,4.0,132.0
2011-06-30,XAL,CO,15,664.0,0.6623493975903619,0.538304604820803,0.0,0.3,0.5,0.8,3.7
2011-06-30,XAL,NO,1,652.0,21.49079754601227,26.295407505710205,1.0,7.0,11.0,24.0,208.0
2011-06-30,XAL,NO2,1,652.0,25.09049079754601,12.799509221758768,5.0,16.0,22.0,32.0,68.0
2011-06-30,XAL,NOX,1,652.0,46.58895705521472,35.3598972795927,7.0,25.0,33.0,55.25,261.0
2011-06-30,XAL,O3,1,664.0,32.7394578313253,26.719252248729795,0.0,10.0,28.0,49.0,114.0
2011-06-30,XAL,PM10,2,663.0,62.749622926093515,39.36571186966695,3.0,35.0,55.0,80.0,290.0
2011-06-30,XAL,PM2.5,2,0.0,,,,,,,
2011-06-30,XAL,SO2,1,629.0,5.101748807631161,4.377397082406009,1.0,3.0,4.0,6.0,44.0
2011-07-31,ACO,CO,15,674.0,0.47373887240356,0.2643368389016367,0.0,0.3,0.4,0.6,1.7
2011-07-31,ACO,NO,1,674.0,7.553412462908012,10.11792116026078,1.0,3.0,4.0,8.0,86.0
2011-07-31,ACO,NO2,1,674.0,10.695845697329377,6.236146413615878,1.0,6.0,9.0,14.0,40.0
2011-07-31,ACO,NOX,1,674.0,18.252225519287833,14.106110384014588,3.0,9.0,13.0,23.0,105.0
2011-07-31,ACO,O3,1,678.0,24.721238938053098,17.825525412104014,0.0,11.0,22.0,35.0,96.0
2011-07-31,ACO,PM10,2,592.0,20.81081081081081,15.458519946469055,1.0,10.0,17.0,28.0,151.0
2011-07-31,ACO,SO2,1,680.0,2.1058823529411765,1.1868055107952373,0.0,1.0,2.0,2.0,12.0
2011-07-31,ATI,NO,1,705.0,12.4822695035461,16.57464299152724,2.0,4.0,7.0,12.0,130.0
2011-07-31,ATI,NO2,1,705.0,17.49787234042553,8.668143643054984,5.0,12.0,16.0,21.0,80.0
2011-07-31,ATI,NOX,1,705.0,29.988652482269504,21.629758712478182,8.0,17.0,24.0,33.0,153.0
2011-07-31,ATI,SO2,1,707.0,4.001414427157002,5.077166374382743,1.0,2.0,2.0,4.0,47.0
2011-07-31,CAM,CO,15,698.0,0.7568767908309445,0.5063329091880614,0.0,0.4,0.6,1.0,3.4
2011-07-31,CAM,NO,1,697.0,26.519368723098996,29.759717540774204,2.0,8.0,14.0,33.0,190.0
2011-07-31,CAM,NO2,1,697.0,26.444763271162124,10.725019316887721,7.0,19.0,24.0,31.0,79.0
2011-07-31,CAM,NOX,1,697.0,52.99426111908178,34.5933265656831,10.0,29.0,42.0,66.0,226.0
2011-07-31,CAM,O3,1,698.0,19.432664756446993,25.00333794770881,0.0,2.0,9.0,28.0,119.0
2011-07-31,CAM,PM10,2,602.0,37.95348837209303,21.945959102360803,2.0,22.0,33.0,51.0,145.0
2011-07-31,CAM,PM2.5,2,625.0,20.3136,13.379719057262824,1.0,11.0,17.0,27.0,84.0
2011-07-31,CAM,SO2,1,698.0,4.972779369627507,4.226798906129695,2.0,3.0,4.0,5.0,48.0
2011-07-31,CHO,CO,15,691.0,0.6444283646888573,0.4236248839772203,0.0,0.4,0.6,0.8500000000000001,2.6
2011-07-31,CHO,NO,1,692.0,13.946531791907514,19.42483460012245,0.0,4.0,7.0,15.0,133.0
2011-07-31,CHO,NO2,1,692.0,17.667630057803468,8.123108032045486,2.0,12.0,17.0,23.0,54.0
2011-07-31,CHO,NOX,1,692.0,31.63583815028902,22.214851136539924,3.0,17.75,25.0,38.0,150.0
2011-07-31,CHO,O3,1,693.0,22.047619047619047,21.838061002300876,0.0,4.0,17.0,33.0,125.0
2011-07-31,CHO,SO2,1,693.0,2.421356421356421,1.4727603379211618,0.0,2.0,2.0,3.0,15.0
2011-07-31,COY,NO,1,703.0,18.42674253200569,21.534176680331043,1.0,4.0,9.0,25.0,135.0
2011-07-31,COY,NO2,1,703.0,24.18492176386913,10.905313805160633,2.0,17.0,23.0,31.0,72.0
2011-07-31,COY,NOX,1,703.0,42.59317211948791,26.535082599914617,4.0,23.0,36.0,56.0,164.0
2011-07-31,COY,O3,1,616.0,21.957792207792206,27.9059658684785,0.0,2.0,9.5,29.25,126.0
2011-07-31,COY,PM2.5,2,533.0,17.825515947467167,11.695765330237684,2.0,9.0,14.0,24.0,76.0
2011-07-31,CUA,CO,15,0.0,,,,,,,
2011-07-31,CUA,NO,1,711.0,7.291139240506329,11.39759884381479,0.0,2.0,4.0,8.0,137.0
2011-07-31,CUA,NO2,1,711.0,15.780590717299578,7.482163970318389,2.0,10.5,15.0,20.0,53.0
2011-07-31,CUA,NOX,1,711.0,23.081575246132207,15.797720848083697,4.0,13.0,20.0,28.0,164.0
2011-07-31,CUA,O3,1,712.0,27.370786516853933,23.683393160964233,0.0,11.0,21.0,35.0,135.0
2011-07-31,CUA,SO2,1,712.0,1.3132022471910112,1.7856892828865913,0.0,0.0,1.0,1.0,15.0
2011-07-31,FAC,CO,15,675.0,0.5447407407407402,0.5241480718565174,0.0,0.2,0.4,0.8,2.9
2011-07-31,FAC,NO,1,692.0,17.972543352601157,24.55733945022668,0.0,4.0,10.0,20.0,201.0
2011-07-31,FAC,NO2,1,692.0,21.235549132947977,10.826122498482135,4.0,14.0,20.0,26.25,87.0
2011-07-31,FAC,NOX,1,692.0,39.19364161849711,29.852121107569808,4.0,20.0,32.0,48.25,217.0
2011-07-31,FAC,O3,1,696.0,23.814655172413794,22.306275224996615,1.0,8.0,17.5,32.0,115.0
2011-07-31,FAC,PM10,2,650.0,23.495384615384616,17.747348861404383,1.0,10.0,20.0,31.0,90.0
2011-07-31,FAC,SO2,1,692.0,2.871387283236994,4.070570220761909,0.0,1.0,2.0,3.0,40.0
2011-07-31,IZT,CO,15,691.0,1.1361794500723585,0.5971132412059418,0.1,0.7,1.0,1.4,3.8
2011-07-31,IZT,NO,1,691.0,22.615050651230103,23.50829651492556,2.0,7.0,13.0,30.0,137.0
2011-07-31,IZT,NO2,1,691.0,29.713458755426917,10.932683669738722,8.0,22.0,28.0,35.0,82.0
2011-07-31,IZT,NOX,1,691.0,52.3328509406657,28.363618365573426,12.0,32.0,45.0,66.5,177.0
2011-07-31,IZT,O3,1,693.0,18.346320346320347,25.03179720987265,0.0,0.0,6.0,26.0,112.0
2011-07-31,IZT,PM10,2,639.0,28.034428794992174,16.56540388591903,2.0,16.0,24.0,36.0,103.0
2011-07-31,IZT,SO2,1,688.0,2.0799418604651163,3.8980088967394972,0.0,1.0,1.0,2.0,37.0
2011-07-31,LLA,CO,15,673.0,0.5108469539375927,0.40852306798730625,0.0,0.2,0.4,0.7,2.5
2011-07-31,LLA,NO,1,673.0,15.209509658246656,19.868146435064325,0.0,3.0,7.0,20.0,139.0
2011-07-31,LLA,NO2,1,673.0,18.939078751857355,9.563424109473447,3.0,12.0,17.0,24.0,59.0
2011-07-31,LLA,NOX,1,673.0,34.14264487369985,25.55014636560341,4.0,15.0,27.0,46.0,167.0
2011-07-31,LLA,O3,1,540.0,22.242592592592594,21.394658028415,0.0,4.75,16.0,33.0,107.0
2011-07-31,LLA,SO2,1,673.0,1.0921248142644873,5.04950024954082,0.0,0.0,0.0,1.0,75.0
2011-07-31,LPR,CO,15,696.0,0.7081896551724144,0.6011060775746218,0.0,0.2,0.6,1.0,3.2
2011-07-31,LPR,NO,1,637.0,17.20094191522763,20.826638399797716,0.0,4.0,9.0,22.0,130.0
2011-07-31,LPR,NO2,1,637.0,19.620094191522764,12.077062749079447,1.0,11.0,17.0,26.0,68.0
2011-07-31,LPR,NOX,1,637.0,36.81789638932496,29.383093050308453,1.0,15.0,27.0,50.0,157.0
2011-07-31,LPR,O3,1,597.0,26.63819095477387,23.626421666192076,1.0,8.0,21.0,37.0,118.0
2011-07-31,LPR,SO2,1,696.0,0.9942528735632183,1.7791668131214142,0.0,0.0,1.0,1.0,17.0
2011-07-31,MER,CO,15,500.0,1.0319999999999998,0.5942071729023958,0.1,0.6,0.9,1.4,3.2
2011-07-31,MER,NO,1,497.0,27.380281690140844,25.60647941095607,1.0,9.0,17.0,39.0,144.0
2011-07-31,MER,NO2,1,497.0,28.59758551307847,11.981800471782035,6.0,21.0,27.0,34.0,91.0
2011-07-31,MER,NOX,1,497.0,56.014084507042256,31.41048794335444,11.0,31.0,48.0,76.0,173.0
2011-07-31,MER,O3,1,507.0,16.648915187376726,21.44666640317321,0.0,2.0,7.0,24.5,109.0
2011-07-31,MER,PM10,2,446.0,38.16816143497758,22.406980648463588,3.0,21.0,32.0,53.0,131.0
2011-07-31,MER,PM2.5,2,446.0,19.713004484304932,12.643181274922128,1.0,10.0,17.0,26.0,76.0
2011-07-31,MER,SO2,1,500.0,2.626,2.311018306120157,1.0,2.0,2.0,3.0,23.0
2011-07-31,MON,CO,15,707.0,0.41074964639321143,0.24355227198482104,0.0,0.2,0.4,0.5,1.8
2011-07-31,MON,NO,1,690.0,8.388405797101449,16.34461546317788,0.0,1.0,2.0,8.0,144.0
2011-07-31,MON,NO2,1,690.0,12.339130434782609,8.560604698187925,0.0,5.0,11.0,17.75,53.0
2011-07-31,MON,NOX,1,690.0,20.656521739130437,21.275837042885847,0.0,7.0,14.0,27.0,166.0
2011-07-31,MON,O3,1,707.0,28.15134370579915,21.560797700541652,3.0,9.0,23.0,41.0,109.0
2011-07-31,MON,SO2,1,569.0,1.648506151142355,0.9602131055909997,0.0,1.0,1.0,2.0,8.0
2011-07-31,NEZ,CO,15,96.0,0.7104166666666664,0.41000106974614386,0.3,0.4,0.5,0.8250000000000001,2.3
2011-07-31,NEZ,NO,1,96.0,9.927083333333334,16.630501332232992,0.0,1.0,3.0,10.25,94.0
2011-07-31,NEZ,NO2,1,96.0,19.96875,11.082896377087676,3.0,10.75,17.5,28.0,53.0
2011-07-31,NEZ,NOX,1,96.0,29.864583333333332,24.32439528827697,5.0,13.0,18.5,38.25,127.0
2011-07-31,NEZ,O3,1,96.0,24.8125,22.537600161788113,0.0,8.75,19.0,35.0,90.0
2011-07-31,NEZ,PM2.5,2,83.0,15.771084337349398,13.589204198962245,1.0,6.0,12.0,22.0,69.0
2011-07-31,NEZ,SO2,1,96.0,1.3958333333333333,1.4759772260877964,0.0,1.0,1.0,2.0,8.0
2011-07-31,PED,CO,15,691.0,0.5780028943560056,0.2953888225937974,0.1,0.4,0.5,0.7,1.7
2011-07-31,PED,NO,1,689.0,9.507982583454282,12.179150007560969,0.0,2.0,4.0,13.0,75.0
2011-07-31,PED,NO2,1,689.0,20.62844702467344,9.664042863848291,2.0,14.0,19.0,26.0,66.0
2011-07-31,PED,NOX,1,689.0,30.1422351233672,17.667062251591613,4.0,17.0,27.0,39.0,96.0
2011-07-31,PED,O3,1,697.0,23.73457675753228,26.406740494326254,0.0,6.0,15.0,31.0,138.0
2011-07-31,PED,PM10,2,694.0,24.086455331412104,16.546703009687064,2.0,12.0,19.0,32.0,97.0
2011-07-31,PED,PM2.5,2,694.0,14.651296829971182,10.858370258239106,1.0,7.0,12.0,19.0,68.0
2011-07-31,PED,SO2,1,691.0,1.865412445730825,1.8195728744911484,0.0,1.0,1.0,2.0,19.0
2011-07-31,PER,PM2.5,2,0.0,,,,,,,
2011-07-31,SAG,CO,15,635.0,0.556220472440945,0.38255106076347334,0.0,0.3,0.5,0.8,2.1
2011-07-31,SAG,NO,1,629.0,17.608903020667725,18.56027322713913,0.0,6.0,10.0,20.0,123.0
2011-07-31,SAG,NO2,1,629.0,18.63275039745628,10.063505782452715,2.0,11.0,17.0,24.0,64.0
2011-07-31,SAG,NOX,1,629.0,36.232114467408586,23.927375231940093,6.0,19.0,29.0,47.0,148.0
2011-07-31,SAG,O3,1,635.0,20.92283464566929,20.237439883163738,0.0,5.0,14.0,29.0,100.0
2011-07-31,SAG,PM10,2,455.0,35.73186813186813,20.883528905384843,3.0,21.0,31.0,45.0,111.0
2011-07-31,SAG,PM2.5,2,455.0,17.002197802197802,11.59494400316614,1.0,9.0,14.0,22.5,72.0
2011-07-31,SAG,SO2,1,636.0,3.419811320754717,5.1709226970771045,0.0,2.0,3.0,3.0,81.0
2011-07-31,SJA,CO,15,647.0,0.8868624420401847,0.4815453882290621,0.2,0.5,0.8,1.2,3.0
2011-07-31,SJA,NO,1,647.0,22.0741885625966,27.735773385792637,1.0,4.0,11.0,29.0,166.0
2011-07-31,SJA,NO2,1,647.0,25.168469860896444,12.005457787827085,4.0,16.5,23.0,32.0,75.0
2011-07-31,SJA,NOX,1,647.0,47.24884080370943,33.95017603766658,7.0,21.0,40.0,61.5,208.0
2011-07-31,SJA,O3,1,648.0,20.49074074074074,23.739569236160552,1.0,2.75,10.0,30.0,106.0
2011-07-31,SJA,PM2.5,2,610.0,15.557377049180328,10.425944319240935,1.0,8.0,13.0,21.0,102.0
2011-07-31,SJA,SO2,1,644.0,1.5776397515527951,2.616230597397611,0.0,0.0,1.0,2.0,24.0
2011-07-31,SUR,CO,15,690.0,0.9657971014492758,0.6197672810984621,0.0,0.5,0.9,1.3,3.8
2011-07-31,SUR,NO,1,703.0,15.428165007112376,18.285100590591853,0.0,4.0,8.0,19.0,122.0
2011-07-31,SUR,NO2,1,703.0,22.2574679943101,10.359382543628161,2.0,15.0,21.0,28.0,75.0
2011-07-31,SUR,NOX,1,703.0,37.69416785206259,23.833505052522053,5.0,21.0,33.0,48.5,145.0
2011-07-31,SUR,O3,1,703.0,21.14651493598862,26.52687474978677,0.0,2.0,11.0,31.0,133.0
2011-07-31,SUR,PM10,2,591.0,24.702199661590523,18.932063518052992,1.0,11.0,20.0,35.0,112.0
2011-07-31,SUR,SO2,1,703.0,2.9032716927453768,3.075364494439039,1.0,2.0,2.0,3.0,40.0
2011-07-31,TAH,CO,15,590.0,0.6571186440677965,0.3329272895501222,0.1,0.4,0.6,0.9,1.7
2011-07-31,TAH,NO,1,587.0,6.059625212947189,8.381772959704396,0.0,1.0,2.0,8.0,65.0
2011-07-31,TAH,NO2,1,587.0,15.633730834752981,9.115513174019329,0.0,9.0,15.0,21.0,51.0
2011-07-31,TAH,NOX,1,587.0,21.66609880749574,14.051620785522152,1.0,11.0,18.0,30.0,79.0
2011-07-31,TAH,O3,1,616.0,28.20292207792208,25.41818166052114,1.0,9.0,21.0,40.0,143.0
2011-07-31,TAH,PM10,2,520.0,22.58653846153846,16.963868765290357,1.0,10.0,18.0,32.0,87.0
2011-07-31,TAH,SO2,1,591.0,4.810490693739425,1.6584529025564683,2.0,4.0,5.0,6.0,16.0
2011-07-31,TLA,CO,15,660.0,0.43666666666666637,0.44933379562272,0.0,0.1,0.3,0.625,2.9
2011-07-31,TLA,NO,1,631.0,25.00633914421553,26.495221930534782,2.0,9.0,16.0,32.0,196.0
2011-07-31,TLA,NO2,1,631.0,25.83676703645008,10.065041417585192,7.0,19.0,24.0,30.0,95.0
2011-07-31,TLA,NOX,1,631.0,50.86846275752773,31.510292659798473,10.0,29.0,43.0,63.0,238.0
2011-07-31,TLA,O3,1,657.0,20.601217656012178,22.931017942535977,0.0,4.0,12.0,28.0,125.0
2011-07-31,TLA,PM10,2,630.0,39.49682539682539,24.14718690396197,3.0,20.0,34.0,55.0,132.0
2011-07-31,TLA,PM2.5,2,630.0,20.03174603174603,13.710924536168617,1.0,10.0,17.0,27.75,76.0
2011-07-31,TLA,SO2,1,673.0,2.585438335809807,3.1190031259266253,0.0,1.0,2.0,3.0,28.0
2011-07-31,TLI,CO,15,0.0,,,,,,,
2011-07-31,TLI,NO,1,700.0,12.042857142857143,19.686335583503457,0.0,2.0,4.5,13.0,161.0
2011-07-31,TLI,NO2,1,700.0,19.31142857142857,11.062193058643812,3.0,11.0,16.0,26.0,56.0
2011-07-31,TLI,NOX,1,700.0,31.382857142857144,26.803299667839365,5.0,13.0,22.0,41.0,198.0
2011-07-31,TLI,O3,1,700.0,21.327142857142857,21.646928974526695,0.0,5.0,15.0,31.0,107.0
2011-07-31,TLI,PM10,2,598.0,30.74916387959866,22.23237918873864,1.0,14.0,25.0,44.0,125.0
2011-07-31,TLI,SO2,1,700.0,2.86,6.910037069603201,0.0,1.0,1.0,2.0,88.0
2011-07-31,TPN,CO,15,0.0,,,,,,,
2011-07-31,TPN,NO,1,691.0,10.366136034732271,10.724640974580113,0.0,3.0,7.0,15.0,72.0
2011-07-31,TPN,NO2,1,691.0,15.09985528219971,9.776347528270424,0.0,7.0,14.0,21.0,58.0
2011-07-31,TPN,NOX,1,691.0,25.496382054992765,17.386599077197744,0.0,11.5,23.0,37.0,100.0
2011-07-31,TPN,O3,1,697.0,25.796269727403157,24.084294922773672,1.0,9.0,18.0,33.0,132.0
2011-07-31,TPN,SO2,1,689.0,1.420899854862119,1.3997191589629585,0.0,1.0,1.0,2.0,13.0
2011-07-31,UIZ,CO,15,708.0,1.0234463276836143,0.5746787934526586,0.1,0.6,0.9,1.4,2.9
2011-07-31,UIZ,NO,1,708.0,18.152542372881356,20.679528357843886,0.0,4.0,10.0,25.0,114.0
2011-07-31,UIZ,NO2,1,708.0,25.9590395480226,12.863323086594576,2.0,17.0,25.0,33.0,83.0
2011-07-31,UIZ,NOX,1,708.0,44.1271186440678,28.14894108971892,6.0,21.75,39.0,59.0,150.0
2011-07-31,UIZ,O3,1,709.0,22.92101551480959,25.069214268740453,3.0,4.0,12.0,34.0,123.0
2011-07-31,UIZ,PM10,2,685.0,32.48467153284672,19.41585116317308,3.0,18.0,28.0,43.0,114.0
2011-07-31,UIZ,PM2.5,2,685.0,19.00729927007299,13.000054178005051,1.0,10.0,16.0,26.0,72.0
2011-07-31,UIZ,SO2,1,708.0,1.887005649717514,2.906598952551297,0.0,1.0,1.0,2.0,29.0
2011-07-31,VIF,CO,15,676.0,0.47278106508875795,0.34619448954176896,0.1,0.2,0.4,0.6,2.3
2011-07-31,VIF,NO,1,676.0,7.235207100591716,12.072472640712425,0.0,2.0,3.0,7.0,92.0
2011-07-31,VIF,NO2,1,676.0,12.560650887573965,8.828951811751848,2.0,6.0,10.0,17.0,55.0
2011-07-31,VIF,NOX,1,676.0,19.766272189349113,18.083553854504547,2.0,8.0,13.0,24.25,123.0
2011-07-31,VIF,O3,1,676.0,22.513313609467456,19.2685074160082,0.0,8.0,18.0,32.0,112.0
2011-07-31,VIF,PM10,2,577.0,32.46447140381282,24.45111057690549,1.0,15.0,28.0,42.0,137.0
2011-07-31,VIF,SO2,1,538.0,4.388475836431227,8.805556116975813,0.0,2.0,3.0,3.0,113.0
2011-07-31,XAL,CO,15,699.0,0.7469241773962803,0.5604706461943936,0.0,0.35,0.6,1.0,3.2
2011-07-31,XAL,NO,1,690.0,29.018840579710144,30.721057746677534,2.0,9.0,17.0,37.0,230.0
2011-07-31,XAL,NO2,1,690.0,25.286956521739132,11.451493118476696,4.0,17.0,24.0,31.0,80.0
2011-07-31,XAL,NOX,1,690.0,54.33188405797102,37.236135019120255,6.0,28.0,42.0,70.0,259.0
2011-07-31,XAL,O3,1,695.0,21.86043165467626,21.566379730583513,0.0,5.0,15.0,32.0,115.0
2011-07-31,XAL,PM10,2,357.0,53.036414565826334,32.07201020818533,5.0,31.0,46.0,68.0,208.0
2011-07-31,XAL,PM2.5,2,357.0,20.62464985994398,15.216942719672673,1.0,9.0,17.0,27.0,84.0
2011-07-31,XAL,SO2,1,696.0,4.219827586206897,3.6716621173582475,0.0,2.0,3.0,5.0,32.0
2011-08-31,ACO,CO,15,645.0,0.7021705426356591,0.2787977774009533,0.1,0.5,0.7,0.9,1.7
2011-08-31,ACO,NO,1,658.0,6.490881458966565,9.396754944322213,0.0,2.0,3.0,6.0,85.0
2011-08-31,ACO,NO2,1,658.0,9.72644376899696,5.482053170909142,1.0,5.0,9.0,13.0,30.0
2011-08-31,ACO,NOX,1,658.0,16.177811550151976,12.6321444994685,3.0,8.0,12.0,20.0,97.0
2011-08-31,ACO,O3,1,662.0,28.078549848942597,18.97158937306452,0.0,13.0,25.5,41.0,83.0
2011-08-31,ACO,PM10,2,580.0,23.391379310344828,13.641483826760615,1.0,14.0,21.0,30.0,112.0
2011-08-31,ACO,SO2,1,662.0,2.3746223564954683,3.877686205848469,1.0,1.0,2.0,3.0,64.0
2011-08-31,ATI,NO,1,702.0,11.393162393162394,16.55094099748606,3.0,4.0,6.0,10.0,134.0
2011-08-31,ATI,NO2,1,702.0,16.673789173789174,7.573350088042905,4.0,11.0,16.0,21.0,54.0
2011-08-31,ATI,NOX,1,702.0,28.071225071225072,20.456852011427824,7.0,16.0,22.0,31.0,169.0
2011-08-31,ATI,SO2,1,702.0,6.2094017094017095,11.611901633924797,0.0,2.0,3.0,5.0,124.0
2011-08-31,CAM,CO,15,702.0,0.7327635327635325,0.3994761883148763,0.2,0.5,0.6,0.9,2.4
2011-08-31,CAM,NO,1,702.0,20.118233618233617,25.379324445033724,2.0,6.0,10.0,21.0,166.0
2011-08-31,CAM,NO2,1,702.0,24.49145299145299,9.576886756144344,6.0,18.0,23.0,29.0,72.0
2011-08-31,CAM,NOX,1,702.0,44.58262108262108,30.382833297252375,8.0,25.0,35.0,52.0,207.0
2011-08-31,CAM,O3,1,702.0,24.552706552706553,25.641040954919397,0.0,5.0,15.0,36.0,123.0
2011-08-31,CAM,PM10,2,700.0,34.36714285714286,19.00518129359603,3.0,20.0,31.0,43.25,116.0
2011-08-31,CAM,PM2.5,2,700.0,18.0,11.910851497893175,1.0,10.0,15.0,23.0,76.0
2011-08-31,CAM,SO2,1,607.0,4.341021416803954,6.411933048904457,0.0,1.0,2.0,4.0,50.0
2011-08-31,CHO,CO,15,710.0,0.4926760563380275,0.44778394241797886,0.0,0.2,0.4,0.6,4.2
2011-08-31,CHO,NO,1,711.0,14.246132208157524,24.070434405799666,0.0,3.0,6.0,11.0,254.0
2011-08-31,CHO,NO2,1,711.0,14.70604781997187,6.185804284000874,2.0,10.0,14.0,19.0,37.0
2011-08-31,CHO,NOX,1,711.0,28.931082981715893,26.724141722370245,3.0,14.0,20.0,31.0,274.0
2011-08-31,CHO,O3,1,711.0,27.39240506329114,22.81399122812183,0.0,8.0,23.0,39.0,115.0
2011-08-31,CHO,SO2,1,711.0,2.779184247538678,2.2368022720019884,0.0,2.0,2.0,3.0,20.0
2011-08-31,COY,NO,1,698.0,15.419770773638968,21.18904481172906,1.0,3.0,6.0,18.0,132.0
2011-08-31,COY,NO2,1,698.0,22.789398280802292,10.555723664270433,2.0,15.0,22.0,29.0,72.0
2011-08-31,COY,NOX,1,698.0,38.173352435530084,27.085443854632334,3.0,19.0,30.0,50.75,157.0
2011-08-31,COY,O3,1,679.0,28.132547864506627,28.07932481109355,0.0,6.0,18.0,41.0,127.0
2011-08-31,COY,PM2.5,2,697.0,16.22955523672884,10.573719805266837,1.0,9.0,14.0,20.0,70.0
2011-08-31,CUA,CO,15,0.0,,,,,,,
2011-08-31,CUA,NO,1,521.0,6.568138195777351,11.978653376708385,0.0,1.0,2.0,6.0,80.0
2011-08-31,CUA,NO2,1,521.0,13.155470249520153,5.910942738454358,3.0,9.0,12.0,16.0,35.0
2011-08-31,CUA,NOX,1,521.0,19.72552783109405,15.621222649864121,3.0,11.0,16.0,23.0,105.0
2011-08-31,CUA,O3,1,521.0,33.46641074856046,27.010028842154863,0.0,15.0,26.0,43.0,154.0
2011-08-31,CUA,SO2,1,521.0,2.280230326295585,6.103133869068488,0.0,0.0,1.0,2.0,79.0
2011-08-31,FAC,CO,15,704.0,0.9323863636363633,0.5783451042540592,0.0,0.6,0.8,1.2,3.9
2011-08-31,FAC,NO,1,702.0,16.94017094017094,27.438258720726346,0.0,3.0,8.0,17.0,205.0
2011-08-31,FAC,NO2,1,702.0,20.6994301994302,9.692091263280012,3.0,14.0,19.0,25.0,60.0
2011-08-31,FAC,NOX,1,702.0,37.64529914529915,30.994055835412123,3.0,18.0,29.0,46.0,215.0
2011-08-31,FAC,O3,1,669.0,29.19133034379671,24.6725109986,0.0,11.0,22.0,40.0,139.0
2011-08-31,FAC,PM10,2,693.0,27.154401154401153,18.08635671558722,1.0,14.0,23.0,38.0,91.0
2011-08-31,FAC,SO2,1,685.0,3.81021897810219,6.645066814086573,0.0,1.0,2.0,4.0,61.0
2011-08-31,IZT,CO,15,685.0,0.9613138686131378,0.4932065056245929,0.1,0.6,0.9,1.2,3.0
2011-08-31,IZT,NO,1,689.0,16.307692307692307,18.824417021717128,2.0,5.0,9.0,18.0,104.0
2011-08-31,IZT,NO2,1,689.0,26.687953555878085,9.99475952909081,5.0,19.0,26.0,32.0,68.0
2011-08-31,IZT,NOX,1,689.0,43.00580551523948,24.328540301952962,8.0,26.0,37.0,53.0,137.0
2011-08-31,IZT,O3,1,686.0,23.228862973760933,24.89191433556741,0.0,3.0,15.0,34.75,120.0
2011-08-31,IZT,PM10,2,690.0,29.020289855072463,15.015411335179227,1.0,18.0,27.0,37.0,84.0
2011-08-31,IZT,SO2,1,688.0,2.9011627906976742,4.121742517732691,0.0,1.0,1.5,3.0,31.0
2011-08-31,LLA,CO,15,685.0,0.33678832116788243,0.36709093139192145,0.0,0.1,0.2,0.5,1.9
2011-08-31,LLA,NO,1,696.0,12.547413793103448,19.804891313022008,0.0,2.0,4.0,14.0,139.0
2011-08-31,LLA,NO2,1,696.0,17.42241379310345,8.283798032827256,3.0,11.0,16.0,23.0,50.0
2011-08-31,LLA,NOX,1,696.0,29.93103448275862,25.081469833330118,3.0,13.0,21.0,38.0,167.0
2011-08-31,LLA,O3,1,696.0,24.844827586206897,21.150615800661924,0.0,7.0,19.0,39.0,95.0
2011-08-31,LLA,SO2,1,697.0,3.1061692969870873,7.164542267868838,0.0,1.0,2.0,2.0,92.0
2011-08-31,LPR,CO,15,697.0,0.4880918220946912,0.5417765080363282,0.0,0.0,0.3,0.8,3.4
2011-08-31,LPR,NO,1,705.0,13.443971631205674,18.35779330728043,0.0,3.0,7.0,15.0,162.0
2011-08-31,LPR,NO2,1,705.0,19.156028368794328,11.364245470458236,1.0,10.0,16.0,27.0,64.0
2011-08-31,LPR,NOX,1,705.0,32.59148936170213,26.77559175498811,2.0,14.0,23.0,43.0,200.0
2011-08-31,LPR,O3,1,704.0,30.463068181818183,22.319197376064043,1.0,13.0,26.0,43.0,111.0
2011-08-31,LPR,SO2,1,705.0,1.6340425531914893,2.3353700123915164,0.0,0.0,1.0,2.0,23.0
2011-08-31,MER,CO,15,680.0,0.8188235294117645,0.48663894740390706,0.1,0.5,0.7,1.1,2.7
2011-08-31,MER,NO,1,680.0,19.219117647058823,23.39726553609215,0.0,4.0,9.0,25.0,144.0
2011-08-31,MER,NO2,1,680.0,25.91176470588235,10.08642373996258,4.0,19.0,25.0,31.0,72.0
2011-08-31,MER,NOX,1,680.0,45.07794117647059,29.55245128916214,4.0,24.0,35.5,59.0,183.0
2011-08-31,MER,O3,1,682.0,24.14956011730205,24.82912957160318,0.0,5.0,15.0,35.0,119.0
2011-08-31,MER,PM10,2,633.0,41.157977883096365,22.29932316520149,3.0,25.0,38.0,53.0,151.0
2011-08-31,MER,PM2.5,2,633.0,17.233807266982623,11.020937820808953,1.0,10.0,15.0,22.0,64.0
2011-08-31,MER,SO2,1,672.0,3.1220238095238093,3.788757793120525,0.0,1.0,2.0,3.0,29.0
2011-08-31,MON,CO,15,695.0,0.33611510791366905,0.2404472022047235,0.0,0.2,0.3,0.4,1.5
2011-08-31,MON,NO,1,688.0,9.726744186046512,20.33133934099764,0.0,0.0,2.0,7.0,137.0
2011-08-31,MON,NO2,1,688.0,12.925872093023257,7.558333985072653,0.0,7.0,12.0,18.0,42.0
2011-08-31,MON,NOX,1,688.0,22.565406976744185,25.199901130961962,0.0,8.0,14.0,25.0,167.0
2011-08-31,MON,O3,1,694.0,31.753602305475503,21.933418399887543,3.0,12.0,29.0,46.0,93.0
2011-08-31,MON,SO2,1,693.0,0.7388167388167388,2.4909448232187903,0.0,0.0,0.0,1.0,43.0
2011-08-31,NEZ,CO,15,654.0,0.7007645259938834,0.3584243588775162,0.2,0.4,0.6,0.9,2.6
2011-08-31,NEZ,NO,1,586.0,10.324232081911262,13.851495393024164,0.0,3.0,4.0,12.75,114.0
2011-08-31,NEZ,NO2,1,586.0,18.691126279863482,10.526733883341628,2.0,10.0,17.0,25.0,57.0
2011-08-31,NEZ,NOX,1,586.0,29.03071672354949,21.256811762892283,3.0,13.25,23.0,40.0,149.0
2011-08-31,NEZ,O3,1,572.0,26.582167832167833,23.80499947901597,0.0,6.0,20.0,42.0,101.0
2011-08-31,NEZ,PM2.5,2,582.0,14.328178694158076,9.004714568315077,1.0,8.0,13.0,18.0,61.0
2011-08-31,NEZ,SO2,1,654.0,3.496941896024465,3.8281407215593743,0.0,2.0,3.0,3.0,39.0
2011-08-31,PED,CO,15,635.0,0.5182677165354334,0.2614208160061235,0.1,0.3,0.5,0.7,1.6
2011-08-31,PED,NO,1,634.0,7.145110410094637,10.093453514939696,0.0,1.0,3.0,8.0,73.0
2011-08-31,PED,NO2,1,634.0,17.755520504731862,8.800501357094909,2.0,11.0,17.0,22.75,56.0
2011-08-31,PED,NOX,1,634.0,24.873817034700316,16.14076630975112,3.0,13.0,21.0,32.0,101.0
2011-08-31,PED,O3,1,637.0,31.39717425431711,28.180754029354556,1.0,11.0,22.0,43.0,135.0
2011-08-31,PED,PM10,2,627.0,22.936204146730464,14.056222580629994,3.0,13.0,19.0,29.0,81.0
2011-08-31,PED,PM2.5,2,627.0,14.116427432216906,9.864780739451696,1.0,7.5,11.0,17.5,60.0
2011-08-31,PED,SO2,1,637.0,2.5274725274725274,4.061393870848464,0.0,1.0,1.0,2.0,49.0
2011-08-31,PER,PM2.5,2,0.0,,,,,,,
2011-08-31,SAG,CO,15,487.0,0.394455852156057,0.3419715014743483,0.0,0.2,0.3,0.5,2.0
2011-08-31,SAG,NO,1,489.0,12.284253578732107,17.72579674921785,0.0,3.0,6.0,11.0,105.0
2011-08-31,SAG,NO2,1,489.0,18.65644171779141,7.43279758473437,5.0,12.0,18.0,24.0,46.0
2011-08-31,SAG,NOX,1,489.0,30.92842535787321,22.33502794111024,5.0,16.0,23.0,37.0,134.0
2011-08-31,SAG,O3,1,489.0,27.52760736196319,20.574229727858572,1.0,11.0,21.0,42.0,89.0
2011-08-31,SAG,PM10,2,448.0,36.013392857142854,17.65629594997372,5.0,23.0,33.5,45.0,126.0
2011-08-31,SAG,PM2.5,2,448.0,13.988839285714286,7.610916479402444,1.0,9.0,13.0,18.0,43.0
2011-08-31,SAG,SO2,1,489.0,5.038854805725971,5.979860626475482,1.0,3.0,4.0,5.0,76.0
2011-08-31,SJA,CO,15,692.0,0.71300578034682,0.45172598403832886,0.1,0.4,0.6,0.9,3.3
2011-08-31,SJA,NO,1,692.0,16.40028901734104,25.764999423352922,1.0,3.0,5.0,17.0,180.0
2011-08-31,SJA,NO2,1,692.0,20.984104046242773,10.56074874722614,1.0,12.0,21.0,28.0,58.0
2011-08-31,SJA,NOX,1,692.0,37.37861271676301,31.660618995501405,2.0,15.0,27.0,48.0,212.0
2011-08-31,SJA,O3,1,692.0,25.91907514450867,23.68520846765826,1.0,5.0,19.0,39.0,109.0
2011-08-31,SJA,PM2.5,2,638.0,14.031347962382446,8.881513179583132,1.0,8.0,13.0,18.0,56.0
2011-08-31,SJA,SO2,1,692.0,2.3554913294797686,3.1678899862830656,0.0,1.0,1.0,2.0,29.0
2011-08-31,SUR,CO,15,696.0,0.753448275862069,0.5646055784273377,0.0,0.3,0.6,1.1,3.3
2011-08-31,SUR,NO,1,698.0,13.285100286532952,18.204728643086323,0.0,3.0,6.0,15.0,152.0
2011-08-31,SUR,NO2,1,698.0,20.063037249283667,9.84260833443095,1.0,13.0,19.5,26.0,60.0
2011-08-31,SUR,NOX,1,698.0,33.33954154727794,24.07575706830811,2.0,16.0,26.0,44.0,178.0
2011-08-31,SUR,O3,1,697.0,27.041606886657103,27.76232752486928,0.0,6.0,17.0,39.0,121.0
2011-08-31,SUR,PM10,2,624.0,25.431089743589745,20.597457995031856,1.0,12.0,21.0,34.0,161.0
2011-08-31,SUR,SO2,1,698.0,4.02865329512894,5.235820084485166,0.0,2.0,3.0,4.0,59.0
2011-08-31,TAH,CO,15,624.0,0.5333333333333341,0.2991337591872571,0.0,0.3,0.5,0.7,2.2
2011-08-31,TAH,NO,1,685.0,5.370802919708029,8.533372400746172,0.0,1.0,2.0,5.0,77.0
2011-08-31,TAH,NO2,1,685.0,12.110948905109488,7.460379547124365,0.0,6.0,11.0,17.0,39.0
2011-08-31,TAH,NOX,1,685.0,17.446715328467153,13.80563201401047,1.0,8.0,13.0,22.0,95.0
2011-08-31,TAH,O3,1,688.0,33.88226744186046,26.15610575955049,2.0,14.0,27.0,46.0,131.0
2011-08-31,TAH,PM10,2,593.0,26.040472175379428,17.65764078678271,1.0,13.0,22.0,35.0,126.0
2011-08-31,TAH,SO2,1,688.0,4.568313953488372,3.018330520789714,1.0,3.0,4.0,5.0,40.0
2011-08-31,TLA,CO,15,613.0,0.687601957585643,0.4271538557320412,0.0,0.4,0.6,0.9,2.8
2011-08-31,TLA,NO,1,614.0,21.28501628664495,24.727458044067244,2.0,8.0,12.0,24.75,172.0
2011-08-31,TLA,NO2,1,614.0,24.794788273615634,8.586774545793455,6.0,19.0,24.0,30.0,60.0
2011-08-31,TLA,NOX,1,614.0,46.0814332247557,29.426656367266713,11.0,27.0,36.5,56.75,210.0
2011-08-31,TLA,O3,1,587.0,24.4190800681431,23.222800755296483,0.0,6.0,16.0,38.0,99.0
2011-08-31,TLA,PM10,2,609.0,40.27257799671593,20.198470501816182,2.0,25.0,37.0,53.0,116.0
2011-08-31,TLA,PM2.5,2,609.0,19.490968801313628,11.3247662001258,1.0,11.0,17.0,26.0,60.0
2011-08-31,TLA,SO2,1,630.0,5.533333333333333,10.482539043632155,0.0,1.0,2.0,5.0,125.0
2011-08-31,TLI,CO,15,703.0,0.4546230440967277,0.35062515415679,0.0,0.2,0.4,0.6,2.4
2011-08-31,TLI,NO,1,704.0,8.860795454545455,16.069123354982608,0.0,1.0,2.0,9.0,152.0
2011-08-31,TLI,NO2,1,704.0,16.265625,9.350403960891928,1.0,9.0,15.0,22.0,62.0
2011-08-31,TLI,NOX,1,704.0,25.085227272727273,22.58106579687844,1.0,10.0,17.0,31.0,191.0
2011-08-31,TLI,O3,1,704.0,25.944602272727273,23.083768520675417,0.0,8.0,19.0,40.0,115.0
2011-08-31,TLI,PM10,2,668.0,32.16317365269461,20.928636295735664,1.0,17.0,28.0,43.0,139.0
2011-08-31,TLI,SO2,1,704.0,3.7713068181818183,9.560928402467425,0.0,0.0,1.0,2.0,88.0
2011-08-31,TPN,CO,15,704.0,0.5512784090909086,0.2861398792308194,0.0,0.3,0.5,0.7,1.5
2011-08-31,TPN,NO,1,700.0,8.282857142857143,9.28487273144206,0.0,2.0,5.0,11.0,52.0
2011-08-31,TPN,NO2,1,700.0,13.405714285714286,9.17285735627016,0.0,6.0,12.0,19.0,47.0
2011-08-31,TPN,NOX,1,700.0,21.635714285714286,16.120172238350087,0.0,8.0,18.0,31.0,79.0
2011-08-31,TPN,O3,1,702.0,32.142450142450144,25.725638864502706,2.0,14.0,24.0,42.75,133.0
2011-08-31,TPN,SO2,1,700.0,2.14,2.484941774432066,1.0,1.0,1.0,2.0,28.0
2011-08-31,UIZ,CO,15,696.0,0.7413793103448271,0.5107312797247756,0.0,0.4,0.6,1.0,2.7
2011-08-31,UIZ,NO,1,698.0,12.130372492836676,18.631791843322578,0.0,1.0,3.0,14.0,107.0
2011-08-31,UIZ,NO2,1,698.0,22.154727793696274,11.6174860413111,2.0,13.0,22.0,30.0,60.0
2011-08-31,UIZ,NOX,1,698.0,34.27650429799427,26.550286190571914,3.0,14.0,26.0,46.0,142.0
2011-08-31,UIZ,O3,1,698.0,28.51002865329513,25.418292021616338,2.0,7.0,21.0,44.75,115.0
2011-08-31,UIZ,PM10,2,651.0,31.574500768049155,18.418850574374968,3.0,18.0,28.0,41.0,164.0
2011-08-31,UIZ,PM2.5,2,651.0,17.032258064516128,13.033113010307774,1.0,9.0,14.0,21.0,147.0
2011-08-31,UIZ,SO2,1,700.0,3.04,3.578044638273287,0.0,2.0,2.0,3.0,30.0
2011-08-31,VIF,CO,15,696.0,0.3872126436781601,0.2598178457900583,0.0,0.2,0.3,0.5,2.1
2011-08-31,VIF,NO,1,676.0,6.153846153846154,9.525326863255229,0.0,2.0,3.0,6.0,82.0
2011-08-31,VIF,NO2,1,676.0,11.627218934911243,7.062059207782008,1.0,6.0,11.0,16.0,47.0
2011-08-31,VIF,NOX,1,676.0,17.77958579881657,14.46478012707005,3.0,8.0,13.0,23.0,110.0
2011-08-31,VIF,O3,1,696.0,25.788793103448278,21.147510443684972,0.0,10.0,20.0,39.0,106.0
2011-08-31,VIF,PM10,2,656.0,36.65243902439025,23.58271964379433,1.0,19.0,31.0,49.0,128.0
2011-08-31,VIF,SO2,1,145.0,2.0827586206896553,0.6508909308259084,1.0,2.0,2.0,2.0,4.0
2011-08-31,XAL,CO,15,694.0,0.6404899135446688,0.5887990485071587,0.0,0.3,0.4,0.9,3.3
2011-08-31,XAL,NO,1,694.0,25.11671469740634,31.28622105438193,1.0,8.0,13.0,26.0,224.0
2011-08-31,XAL,NO2,1,694.0,23.695965417867434,10.556031266933168,4.0,16.0,23.0,30.0,64.0
2011-08-31,XAL,NOX,1,694.0,48.80835734870317,37.60229935877491,5.0,25.0,35.0,61.0,257.0
2011-08-31,XAL,O3,1,694.0,26.269452449567723,21.420230636196166,0.0,9.0,20.5,39.0,100.0
2011-08-31,XAL,PM10,2,709.0,47.99858956276446,27.51966422236673,3.0,30.0,42.0,60.0,166.0
2011-08-31,XAL,PM2.5,2,709.0,18.311706629055006,11.514306553876212,1.0,10.0,15.0,24.0,68.0
2011-08-31,XAL,SO2,1,697.0,4.583931133428981,3.666667978453464,1.0,3.0,3.0,5.0,34.0
2011-09-30,ACO,CO,15,0.0,,,,,,,
2011-09-30,ACO,NO,1,558.0,6.594982078853047,8.90468840964847,1.0,2.0,3.0,5.75,60.0
2011-09-30,ACO,NO2,1,558.0,10.709677419354838,5.890528523582355,0.0,6.0,10.0,15.0,31.0
2011-09-30,ACO,NOX,1,558.0,17.322580645161292,12.987491253333866,2.0,9.0,13.0,20.0,76.0
2011-09-30,ACO,O3,1,289.0,30.484429065743946,19.529729823577444,1.0,15.0,30.0,45.0,94.0
2011-09-30,ACO,PM10,2,379.0,27.95250659630607,16.778761543643448,1.0,16.0,26.0,36.0,181.0
2011-09-30,ACO,SO2,1,565.0,2.352212389380531,6.243423452618846,0.0,1.0,1.0,2.0,127.0
2011-09-30,ATI,NO,1,683.0,12.322108345534406,19.86926243430435,2.0,4.0,6.0,10.0,137.0
2011-09-30,ATI,NO2,1,683.0,17.98535871156662,8.926044595556894,4.0,11.0,16.0,22.0,60.0
2011-09-30,ATI,NOX,1,683.0,30.339677891654464,25.50174494429768,7.0,16.0,23.0,32.0,173.0
2011-09-30,ATI,SO2,1,683.0,7.197657393850659,12.948143598857811,0.0,1.0,2.0,6.0,120.0
2011-09-30,CAM,CO,15,683.0,0.7647144948755503,0.4872864888129158,0.2,0.5,0.6,0.9,3.9
2011-09-30,CAM,NO,1,683.0,23.341142020497802,31.68835401098562,2.0,7.0,12.0,22.0,227.0
2011-09-30,CAM,NO2,1,683.0,28.213762811127378,11.788880306048792,8.0,20.0,26.0,34.0,106.0
2011-09-30,CAM,NOX,1,683.0,51.54612005856515,38.86911825205597,13.0,28.0,39.0,58.0,274.0
2011-09-30,CAM,O3,1,683.0,24.64714494875549,23.906586349142124,0.0,5.0,16.0,38.0,136.0
2011-09-30,CAM,PM10,2,672.0,35.885416666666664,16.133116937567014,5.0,24.0,34.0,44.0,109.0
2011-09-30,CAM,PM2.5,2,672.0,18.171130952380953,9.941507016508059,1.0,11.0,17.0,24.0,72.0
2011-09-30,CAM,SO2,1,683.0,5.714494875549049,12.20423262599264,0.0,1.0,2.0,4.0,134.0
2011-09-30,CHO,CO,15,599.0,0.6111853088480803,0.5236146851578042,0.0,0.3,0.5,0.7,3.7
2011-09-30,CHO,NO,1,603.0,15.48424543946932,29.584065712348426,0.0,2.0,5.0,12.0,222.0
2011-09-30,CHO,NO2,1,603.0,15.733001658374793,7.934534180998428,2.0,10.0,15.0,20.0,52.0
2011-09-30,CHO,NOX,1,603.0,31.245439469320065,33.611511113502836,4.0,13.0,19.0,32.0,239.0
2011-09-30,CHO,O3,1,560.0,28.771428571428572,24.852363455675434,0.0,6.75,22.0,46.0,109.0
2011-09-30,CHO,SO2,1,0.0,,,,,,,
2011-09-30,COY,NO,1,669.0,16.286995515695068,24.759468546922168,1.0,4.0,7.0,16.0,182.0
2011-09-30,COY,NO2,1,669.0,26.49775784753363,11.63679680476576,4.0,18.0,24.0,33.0,82.0
2011-09-30,COY,NOX,1,669.0,42.79372197309417,31.88723426436304,6.0,24.0,33.0,51.0,222.0
2011-09-30,COY,O3,1,667.0,30.298350824587708,28.166963274356693,1.0,8.0,21.0,46.0,129.0
2011-09-30,COY,PM2.5,2,672.0,17.453869047619047,8.791047636101338,2.0,11.0,16.0,22.0,51.0
2011-09-30,CUA,CO,15,0.0,,,,,,,
2011-09-30,CUA,NO,1,508.0,12.1751968503937,25.066043238409456,0.0,4.0,6.0,9.0,275.0
2011-09-30,CUA,NO2,1,508.0,17.93503937007874,11.096568787443383,2.0,10.0,15.0,24.0,63.0
2011-09-30,CUA,NOX,1,508.0,30.086614173228348,32.950988317759396,5.0,15.0,21.0,32.0,331.0
2011-09-30,CUA,O3,1,372.0,38.534946236559136,27.024624176053585,2.0,18.0,29.5,58.0,136.0
2011-09-30,CUA,SO2,1,508.0,4.533464566929134,6.764921574562764,0.0,1.0,2.0,5.0,56.0
2011-09-30,FAC,CO,15,679.0,0.9372606774668634,0.6260181145419379,0.1,0.6,0.8,1.0,4.6
2011-09-30,FAC,NO,1,678.0,18.746312684365783,34.912644008183,0.0,3.0,7.0,16.0,253.0
2011-09-30,FAC,NO2,1,678.0,21.651917404129794,10.22059875245826,4.0,15.0,20.0,26.0,87.0
2011-09-30,FAC,NOX,1,678.0,40.37020648967552,39.728883230393684,4.0,18.0,28.0,43.75,291.0
2011-09-30,FAC,O3,1,594.0,29.717171717171716,22.27312012301619,1.0,13.25,24.0,43.75,140.0
2011-09-30,FAC,PM10,2,659.0,28.602427921092566,16.30577107615687,1.0,17.0,25.0,37.0,98.0
2011-09-30,FAC,SO2,1,658.0,5.630699088145897,10.433908826121243,0.0,1.0,2.0,5.0,69.0
2011-09-30,IZT,CO,15,670.0,0.9880597014925375,0.6127500284188208,0.2,0.6,0.8,1.1,3.8
2011-09-30,IZT,NO,1,673.0,19.304606240713223,27.98177967234976,2.0,5.0,8.0,19.0,175.0
2011-09-30,IZT,NO2,1,673.0,30.297176820208023,12.055215517959931,8.0,21.0,28.0,36.0,89.0
2011-09-30,IZT,NOX,1,673.0,49.61515601783061,35.32475451943101,11.0,27.0,37.0,58.0,217.0
2011-09-30,IZT,O3,1,672.0,25.811011904761905,26.469142355526284,0.0,4.0,16.0,41.25,124.0
2011-09-30,IZT,PM10,2,670.0,32.167164179104475,15.497011506680153,1.0,22.0,30.0,40.0,118.0
2011-09-30,IZT,SO2,1,670.0,4.2253731343283585,7.51012954779664,0.0,1.0,2.0,3.0,54.0
2011-09-30,LLA,CO,15,193.0,0.5450777202072536,0.44906049978791907,0.1,0.3,0.4,0.6,2.7
2011-09-30,LLA,NO,1,643.0,18.136858475894247,33.45401727349634,0.0,3.0,7.0,16.0,245.0
2011-09-30,LLA,NO2,1,643.0,21.622083981337482,10.176110195119573,2.0,14.0,20.0,28.0,62.0
2011-09-30,LLA,NOX,1,643.0,39.762052877138416,39.36490748052726,4.0,18.0,28.0,45.0,276.0
2011-09-30,LLA,O3,1,647.0,24.67851622874807,21.308551873234684,0.0,7.0,18.0,41.0,134.0
2011-09-30,LLA,SO2,1,645.0,3.110077519379845,7.339714197234569,0.0,0.0,1.0,3.0,76.0
2011-09-30,LPR,CO,15,665.0,0.8557894736842101,0.6384990524262878,0.1,0.4,0.7,1.1,4.1
2011-09-30,LPR,NO,1,665.0,18.482706766917293,30.51540325861468,0.0,4.0,8.0,18.0,241.0
2011-09-30,LPR,NO2,1,665.0,21.541353383458645,15.224678403925122,2.0,11.0,17.0,27.0,100.0
2011-09-30,LPR,NOX,1,665.0,40.009022556390974,41.654306425291495,2.0,16.0,26.0,47.0,299.0
2011-09-30,LPR,O3,1,665.0,31.305263157894736,21.925635254049,1.0,14.0,29.0,46.0,158.0
2011-09-30,LPR,SO2,1,588.0,3.925170068027211,6.018527255797625,0.0,2.0,2.0,4.0,88.0
2011-09-30,MER,CO,15,676.0,0.742307692307693,0.5518051185780082,0.1,0.4,0.6,1.0,3.1
2011-09-30,MER,NO,1,677.0,21.893648449039883,29.57270507805503,0.0,5.0,11.0,25.0,183.0
2011-09-30,MER,NO2,1,677.0,30.01477104874446,12.356145746404083,8.0,22.0,28.0,36.0,88.0
2011-09-30,MER,NOX,1,677.0,51.903988183161005,37.152905690277166,8.0,29.0,41.0,62.0,226.0
2011-09-30,MER,O3,1,677.0,25.254062038404726,24.075826385977795,0.0,6.0,18.0,39.0,117.0
2011-09-30,MER,PM10,2,680.0,46.175,22.681185880169085,5.0,30.75,43.0,56.0,139.0
2011-09-30,MER,PM2.5,2,680.0,18.58970588235294,10.429829201575881,2.0,11.0,16.0,24.0,70.0
2011-09-30,MER,SO2,1,654.0,4.845565749235474,9.05042891884794,0.0,1.0,2.0,4.0,124.0
2011-09-30,MON,CO,15,674.0,0.343026706231453,0.27013899212406706,0.0,0.2,0.3,0.4,1.8
2011-09-30,MON,NO,1,0.0,,,,,,,
2011-09-30,MON,NO2,1,0.0,,,,,,,
2011-09-30,MON,NOX,1,0.0,,,,,,,
2011-09-30,MON,O3,1,680.0,33.35294117647059,23.627175827449587,3.0,10.75,30.0,51.0,93.0
2011-09-30,MON,SO2,1,556.0,2.564748201438849,2.122665783059903,1.0,2.0,2.0,3.0,20.0
2011-09-30,NEZ,CO,15,666.0,0.6884384384384379,0.3565097642336731,0.2,0.5,0.6,0.8,2.8
2011-09-30,NEZ,NO,1,666.0,9.57057057057057,14.744397849510054,0.0,2.0,4.0,9.0,130.0
2011-09-30,NEZ,NO2,1,666.0,22.0990990990991,9.453285179815344,6.0,15.0,21.0,27.0,58.0
2011-09-30,NEZ,NOX,1,666.0,31.684684684684683,20.94424333792393,8.0,18.0,25.5,38.0,173.0
2011-09-30,NEZ,O3,1,604.0,30.266556291390728,24.324031631722537,0.0,10.0,23.0,47.0,122.0
2011-09-30,NEZ,PM2.5,2,607.0,16.555189456342667,11.150922437624684,1.0,9.0,14.0,22.0,102.0
2011-09-30,NEZ,SO2,1,666.0,4.77027027027027,3.793118294096492,2.0,3.0,4.0,5.0,40.0
2011-09-30,PED,CO,15,679.0,0.5097201767304864,0.2989061840012459,0.1,0.3,0.5,0.6,1.9
2011-09-30,PED,NO,1,681.0,8.04992657856094,11.56314521228908,0.0,1.0,4.0,9.0,70.0
2011-09-30,PED,NO2,1,681.0,20.933920704845814,9.900239631065833,3.0,14.0,19.0,27.0,67.0
2011-09-30,PED,NOX,1,681.0,28.97944199706314,18.429025707066135,3.0,16.0,25.0,36.0,121.0
2011-09-30,PED,O3,1,681.0,30.955947136563875,26.901855348603803,1.0,11.0,22.0,44.0,128.0
2011-09-30,PED,PM10,2,646.0,31.792569659442723,15.458682331722983,2.0,20.0,30.0,41.75,96.0
2011-09-30,PED,PM2.5,2,646.0,15.902476780185758,9.14659728631716,1.0,9.0,15.0,21.0,55.0
2011-09-30,PED,SO2,1,682.0,3.3475073313782993,5.057473027615304,0.0,1.0,1.0,3.0,39.0
2011-09-30,PER,PM2.5,2,0.0,,,,,,,
2011-09-30,SAG,CO,15,660.0,0.369999999999999,0.38315438632916354,0.0,0.1,0.3,0.5,2.2
2011-09-30,SAG,NO,1,665.0,14.281203007518798,22.637412225904562,0.0,4.0,6.0,14.0,171.0
2011-09-30,SAG,NO2,1,665.0,21.65563909774436,9.352544701827089,7.0,14.0,20.0,28.0,61.0
2011-09-30,SAG,NOX,1,665.0,35.94736842105263,28.53119086633273,8.0,19.0,27.0,40.0,202.0
2011-09-30,SAG,O3,1,658.0,29.20516717325228,21.275367254139102,1.0,11.0,23.0,44.75,122.0
2011-09-30,SAG,PM10,2,629.0,38.992050874403816,19.410703604398012,4.0,27.0,37.0,47.0,154.0
2011-09-30,SAG,PM2.5,2,629.0,15.972972972972974,9.785480969446956,1.0,9.0,14.0,21.0,60.0
2011-09-30,SAG,SO2,1,669.0,3.4469357249626307,6.62075377628724,0.0,1.0,1.0,4.0,72.0
2011-09-30,SJA,CO,15,664.0,0.705572289156626,0.5444487193844774,0.2,0.4,0.5,0.9,4.0
2011-09-30,SJA,NO,1,664.0,18.966867469879517,33.02664199665425,0.0,2.0,4.0,20.25,243.0
2011-09-30,SJA,NO2,1,664.0,23.89457831325301,13.898176387961904,4.0,13.0,22.0,31.25,95.0
2011-09-30,SJA,NOX,1,664.0,42.82831325301205,41.69646164353775,4.0,15.0,26.0,55.0,277.0
2011-09-30,SJA,O3,1,664.0,28.843373493975903,24.469937564475142,2.0,7.0,23.0,46.0,131.0
2011-09-30,SJA,PM2.5,2,647.0,15.783616692426584,9.771674039010636,1.0,9.0,14.0,21.0,69.0
2011-09-30,SJA,SO2,1,664.0,3.1009036144578315,5.159922050025537,0.0,1.0,2.0,3.0,80.0
2011-09-30,SUR,CO,15,681.0,0.8534508076358307,0.5584305615399708,0.0,0.5,0.7,1.1,3.7
2011-09-30,SUR,NO,1,681.0,15.145374449339206,26.105797415897417,0.0,3.0,6.0,14.0,195.0
2011-09-30,SUR,NO2,1,681.0,26.766519823788546,12.704207075980223,2.0,18.0,26.0,34.0,98.0
2011-09-30,SUR,NOX,1,681.0,41.89867841409691,33.65071472037435,3.0,23.0,33.0,48.0,240.0
2011-09-30,SUR,O3,1,681.0,30.8928046989721,29.16880824823145,1.0,8.0,20.0,46.0,139.0
2011-09-30,SUR,PM10,2,652.0,27.136503067484664,15.122482587570007,1.0,17.0,25.0,35.0,102.0
2011-09-30,SUR,SO2,1,681.0,4.102790014684288,6.521097514422395,0.0,1.0,2.0,4.0,47.0
2011-09-30,TAH,CO,15,675.0,0.6539259259259251,0.38161980298474124,0.0,0.4,0.6,0.8,2.7
2011-09-30,TAH,NO,1,673.0,6.8736998514115895,11.937602186509148,1.0,1.0,2.0,6.0,90.0
2011-09-30,TAH,NO2,1,673.0,15.701337295690935,8.346207507401068,0.0,10.0,15.0,21.0,62.0
2011-09-30,TAH,NOX,1,673.0,22.552748885586926,17.231804474237034,2.0,12.0,18.0,27.0,112.0
2011-09-30,TAH,O3,1,677.0,33.21713441654357,25.39886200569956,1.0,12.0,27.0,48.0,110.0
2011-09-30,TAH,PM10,2,624.0,31.014423076923077,22.49005024136768,1.0,15.0,27.5,41.0,191.0
2011-09-30,TAH,SO2,1,677.0,3.7208271787296896,3.174937994264752,1.0,2.0,3.0,4.0,37.0
2011-09-30,TLA,CO,15,671.0,0.6269746646795828,0.48132553071839296,0.0,0.3,0.5,0.8,2.9
2011-09-30,TLA,NO,1,634.0,23.047318611987382,29.223294081424413,1.0,8.0,13.0,23.0,199.0
2011-09-30,TLA,NO2,1,634.0,27.55205047318612,10.862546515434401,8.0,20.0,25.0,34.0,99.0
2011-09-30,TLA,NOX,1,634.0,50.60094637223975,35.7882141329366,9.0,29.0,39.0,58.0,248.0
2011-09-30,TLA,O3,1,669.0,24.378176382660687,21.26301367543315,1.0,7.0,17.0,38.0,118.0
2011-09-30,TLA,PM10,2,653.0,40.519142419601835,19.60088777880775,4.0,28.0,37.0,50.0,137.0
2011-09-30,TLA,PM2.5,2,653.0,19.673813169984687,10.621162042677824,1.0,12.0,18.0,25.0,71.0
2011-09-30,TLA,SO2,1,672.0,7.909226190476191,14.209810783405175,0.0,1.0,3.0,7.0,119.0
2011-09-30,TLI,CO,15,678.0,0.4898230088495574,0.4179145290144761,0.0,0.2,0.4,0.6,3.1
2011-09-30,TLI,NO,1,678.0,10.833333333333334,23.55715782695982,0.0,1.0,2.0,9.0,210.0
2011-09-30,TLI,NO2,1,678.0,20.55457227138643,12.463920209177227,4.0,11.0,18.0,27.0,85.0
2011-09-30,TLI,NOX,1,678.0,31.321533923303836,32.10295259235972,3.0,12.0,20.0,37.75,250.0
2011-09-30,TLI,O3,1,618.0,26.339805825242717,22.773446990006654,0.0,8.0,19.0,42.0,132.0
2011-09-30,TLI,PM10,2,634.0,35.76813880126183,23.499282917491588,1.0,20.0,32.0,45.0,198.0
2011-09-30,TLI,SO2,1,678.0,5.668141592920354,12.894660813164844,0.0,0.0,1.0,5.0,109.0
2011-09-30,TPN,CO,15,679.0,0.7338733431516937,0.2866264801036781,0.2,0.5,0.7,0.9,2.2
2011-09-30,TPN,NO,1,679.0,9.164948453608247,9.674612168424815,0.0,3.0,6.0,11.0,63.0
2011-09-30,TPN,NO2,1,679.0,18.014727540500736,10.201643450558498,2.0,9.0,18.0,24.0,67.0
2011-09-30,TPN,NOX,1,679.0,27.159057437407952,16.854698398586546,2.0,14.0,26.0,36.0,98.0
2011-09-30,TPN,O3,1,679.0,33.19145802650957,27.126740403542236,1.0,14.0,24.0,46.5,131.0
2011-09-30,TPN,SO2,1,677.0,1.828655834564254,3.827671762251911,0.0,0.0,1.0,2.0,36.0
2011-09-30,UIZ,CO,15,677.0,0.8041358936484488,0.5180305494318375,0.0,0.4,0.6,1.0,3.0
2011-09-30,UIZ,NO,1,680.0,12.985294117647058,21.72474251449988,0.0,1.0,3.0,13.0,130.0
2011-09-30,UIZ,NO2,1,680.0,23.851470588235294,11.78214110788129,3.0,15.0,22.0,30.0,80.0
2011-09-30,UIZ,NOX,1,680.0,36.811764705882354,29.17566283293865,3.0,17.0,27.0,45.0,167.0
2011-09-30,UIZ,O3,1,680.0,29.586764705882352,26.654912505042628,2.0,7.0,21.5,47.0,132.0
2011-09-30,UIZ,PM10,2,663.0,33.38763197586727,16.41812877708939,3.0,22.0,32.0,42.0,103.0
2011-09-30,UIZ,PM2.5,2,663.0,17.576168929110107,10.335307702275971,1.0,10.0,16.0,23.0,66.0
2011-09-30,UIZ,SO2,1,679.0,4.393225331369662,4.801365470192265,1.0,2.0,3.0,4.0,52.0
2011-09-30,VIF,CO,15,656.0,0.43429878048780396,0.3206821865841685,0.1,0.2,0.3,0.5,1.9
2011-09-30,VIF,NO,1,677.0,6.056129985228951,13.40923173234463,0.0,0.0,1.0,4.0,96.0
2011-09-30,VIF,NO2,1,677.0,14.912850812407681,8.110722156643426,4.0,8.0,13.0,20.0,47.0
2011-09-30,VIF,NOX,1,677.0,20.840472673559823,19.229106506916946,3.0,9.0,14.0,25.0,123.0
2011-09-30,VIF,O3,1,654.0,26.71559633027523,20.520154098415357,0.0,11.0,23.0,41.0,115.0
2011-09-30,VIF,PM10,2,633.0,43.64612954186414,26.273173406543055,1.0,26.0,40.0,56.0,166.0
2011-09-30,VIF,SO2,1,676.0,7.152366863905326,11.708515812766581,0.0,2.0,4.0,6.0,129.0
2011-09-30,XAL,CO,15,669.0,0.6047832585949182,0.7550277521691859,0.0,0.2,0.3,0.7,4.0
2011-09-30,XAL,NO,1,638.0,28.434169278996865,39.76435169586364,1.0,8.0,13.0,27.0,239.0
2011-09-30,XAL,NO2,1,638.0,25.25078369905956,14.183030666345486,5.0,15.0,22.0,31.0,101.0
2011-09-30,XAL,NOX,1,638.0,53.691222570532915,49.13276427865151,6.0,24.0,36.0,62.0,286.0
2011-09-30,XAL,O3,1,662.0,28.73716012084592,21.83025790394699,0.0,9.0,26.0,43.75,123.0
2011-09-30,XAL,PM10,2,681.0,51.440528634361236,33.852574874040045,3.0,30.0,43.0,62.0,187.0
2011-09-30,XAL,PM2.5,2,681.0,21.697503671071953,15.745759735291587,1.0,11.0,16.0,28.0,87.0
2011-09-30,XAL,SO2,1,664.0,4.490963855421687,5.636278976287519,1.0,2.0,2.0,5.0,72.0
2011-10-31,ACO,CO,15,463.0,0.44017278617710603,0.27125165300474186,0.0,0.3,0.4,0.5,1.5
2011-10-31,ACO,NO,1,513.0,10.015594541910332,14.301570283898316,0.0,3.0,4.0,9.0,112.0
2011-10-31,ACO,NO2,1,513.0,9.358674463937621,6.920305817991171,0.0,4.0,9.0,14.0,39.0
2011-10-31,ACO,NOX,1,513.0,19.346978557504872,18.183753792489252,1.0,7.0,14.0,26.0,122.0
2011-10-31,ACO,O3,1,490.0,25.920408163265307,20.272373129643693,0.0,7.0,23.0,44.0,97.0
2011-10-31,ACO,PM10,2,486.0,30.454732510288064,15.579427627035402,2.0,19.0,29.0,40.0,109.0
2011-10-31,ACO,SO2,1,490.0,2.6061224489795918,5.917113517384435,0.0,1.0,1.0,2.0,81.0
2011-10-31,ATI,NO,1,697.0,14.787661406025824,31.92840801457157,0.0,2.0,4.0,10.0,241.0
2011-10-31,ATI,NO2,1,697.0,20.694404591104735,11.661898133310165,4.0,12.0,18.0,26.0,73.0
2011-10-31,ATI,NOX,1,697.0,35.474892395982785,38.791474108753214,4.0,15.0,23.0,38.0,288.0
2011-10-31,ATI,SO2,1,697.0,7.843615494978479,13.000771091684536,0.0,1.0,3.0,8.0,106.0
2011-10-31,CAM,CO,15,699.0,0.7267525035765375,0.7674892345764296,0.0,0.3,0.5,0.8,6.6
2011-10-31,CAM,NO,1,699.0,34.79256080114449,56.855833888510006,0.0,7.0,14.0,35.0,449.0
2011-10-31,CAM,NO2,1,699.0,33.43633762517883,16.43263216129146,9.0,23.0,32.0,39.0,152.0
2011-10-31,CAM,NOX,1,699.0,68.19885550786839,66.13680099369535,11.0,30.0,48.0,77.0,527.0
2011-10-31,CAM,O3,1,699.0,21.121602288984263,23.45979502317271,0.0,2.0,12.0,32.0,128.0
2011-10-31,CAM,PM10,2,683.0,41.66178623718887,24.126586758046287,4.0,25.0,37.0,51.0,148.0
2011-10-31,CAM,PM2.5,2,683.0,20.72327964860908,15.16897492818248,1.0,10.0,17.0,27.0,82.0
2011-10-31,CAM,SO2,1,699.0,7.489270386266094,12.87890867744295,0.0,1.0,3.0,8.0,107.0
2011-10-31,CHO,CO,15,403.0,0.7791563275434248,0.5150590777865779,0.0,0.5,0.6,1.0,3.8
2011-10-31,CHO,NO,1,539.0,24.855287569573285,43.11708604030126,0.0,4.0,8.0,24.5,359.0
2011-10-31,CHO,NO2,1,539.0,18.89239332096475,9.648059574600907,4.0,11.0,18.0,25.0,62.0
2011-10-31,CHO,NOX,1,539.0,43.742115027829314,46.949018343298555,5.0,17.0,27.0,52.5,392.0
2011-10-31,CHO,O3,1,347.0,25.21613832853026,22.43930732817067,2.0,6.0,18.0,40.0,98.0
2011-10-31,CHO,SO2,1,488.0,3.0655737704918034,4.911517210885232,0.0,1.0,2.0,4.0,48.0
2011-10-31,COY,NO,1,701.0,24.840228245363765,38.70323178760366,0.0,4.0,9.0,27.0,277.0
2011-10-31,COY,NO2,1,701.0,29.24821683309558,15.276724137955824,1.0,18.0,28.0,36.0,114.0
2011-10-31,COY,NOX,1,701.0,54.0114122681883,46.97053648986252,4.0,25.0,41.0,63.0,353.0
2011-10-31,COY,O3,1,661.0,25.66263237518911,26.28433589927968,1.0,5.0,16.0,40.0,119.0
2011-10-31,COY,PM2.5,2,704.0,20.904829545454547,13.74015222571051,2.0,11.0,17.0,27.25,81.0
2011-10-31,CUA,CO,15,675.0,0.6832592592592605,0.43326246598990265,0.1,0.4,0.6,0.8,3.1
2011-10-31,CUA,NO,1,676.0,12.767751479289942,25.53088288160907,0.0,2.0,4.0,10.0,234.0
2011-10-31,CUA,NO2,1,676.0,22.957100591715978,12.664780907415219,0.0,14.0,20.0,30.0,81.0
2011-10-31,CUA,NOX,1,676.0,35.696745562130175,34.03424926050633,3.0,17.0,26.0,41.0,287.0
2011-10-31,CUA,O3,1,261.0,34.15325670498084,20.654471459617575,2.0,19.0,29.0,49.0,93.0
2011-10-31,CUA,SO2,1,677.0,6.00738552437223,13.116059258104078,0.0,1.0,2.0,5.0,99.0
2011-10-31,FAC,CO,15,700.0,0.9139999999999993,0.7968130368767619,0.0,0.4,0.6,1.2,4.4
2011-10-31,FAC,NO,1,704.0,27.774147727272727,48.04080605292001,0.0,4.0,10.0,23.25,294.0
2011-10-31,FAC,NO2,1,704.0,24.332386363636363,15.795196237120487,2.0,15.0,22.0,31.0,200.0
2011-10-31,FAC,NOX,1,704.0,52.109375,56.1281882020645,2.0,21.0,33.0,58.0,340.0
2011-10-31,FAC,O3,1,704.0,26.056818181818183,21.440570126039713,0.0,9.0,21.0,39.0,118.0
2011-10-31,FAC,PM10,2,681.0,32.92217327459618,23.240522267581067,1.0,17.0,28.0,44.0,184.0
2011-10-31,FAC,SO2,1,705.0,7.001418439716312,12.647257528222115,0.0,1.0,3.0,7.0,105.0
2011-10-31,IZT,CO,15,468.0,1.0393162393162396,0.8418351794571752,0.0,0.5,0.8,1.3,5.6
2011-10-31,IZT,NO,1,692.0,29.966763005780347,46.234478140850435,0.0,5.0,10.5,34.0,277.0
2011-10-31,IZT,NO2,1,692.0,33.293352601156066,14.461058514017061,10.0,23.0,32.5,40.0,117.0
2011-10-31,IZT,NOX,1,692.0,63.16907514450867,54.13815229863159,10.0,29.0,45.0,76.25,360.0
2011-10-31,IZT,O3,1,694.0,23.298270893371757,25.1490006492925,1.0,2.0,14.0,35.0,130.0
2011-10-31,IZT,PM10,2,695.0,37.330935251798564,19.315665533525014,2.0,24.0,34.0,48.0,120.0
2011-10-31,IZT,SO2,1,692.0,6.721098265895954,13.299139389004054,0.0,1.0,3.0,6.0,171.0
2011-10-31,LLA,CO,15,649.0,0.648073959938366,0.5300245924441238,0.0,0.3,0.5,0.8,3.9
2011-10-31,LLA,NO,1,650.0,33.98615384615385,56.36274867489101,0.0,4.0,11.0,36.0,405.0
2011-10-31,LLA,NO2,1,650.0,25.976923076923075,11.78117467846697,2.0,17.0,26.0,33.0,76.0
2011-10-31,LLA,NOX,1,650.0,59.96153846153846,62.80492995946625,5.0,20.25,39.0,74.0,450.0
2011-10-31,LLA,O3,1,649.0,22.211093990755007,22.087091927636266,0.0,3.0,15.0,41.0,113.0
2011-10-31,LLA,SO2,1,650.0,5.84,14.146240387581253,0.0,0.0,1.0,4.0,148.0
2011-10-31,LPR,CO,15,702.0,0.9119658119658111,0.8492503089634927,0.0,0.3,0.6,1.2,5.2
2011-10-31,LPR,NO,1,675.0,29.637037037037036,47.57299676162324,0.0,6.0,11.0,28.5,349.0
2011-10-31,LPR,NO2,1,675.0,23.287407407407407,18.688380169439817,0.0,9.0,19.0,32.0,117.0
2011-10-31,LPR,NOX,1,675.0,52.91407407407407,60.65188669357331,0.0,16.5,30.0,64.0,396.0
2011-10-31,LPR,O3,1,702.0,27.366096866096868,22.026339863822013,0.0,7.0,25.5,40.0,118.0
2011-10-31,LPR,SO2,1,702.0,5.602564102564102,8.071728667828266,1.0,2.0,3.0,5.0,77.0
2011-10-31,MER,CO,15,700.0,0.8119999999999996,0.70501899851632,0.0,0.3,0.6,1.0,5.1
2011-10-31,MER,NO,1,700.0,36.065714285714286,48.65999783530308,0.0,8.0,16.0,41.0,390.0
2011-10-31,MER,NO2,1,700.0,34.95857142857143,15.242991239693552,8.0,24.0,33.0,41.0,138.0
2011-10-31,MER,NOX,1,700.0,71.05,57.50888778732425,9.0,35.0,51.0,85.0,458.0
2011-10-31,MER,O3,1,700.0,21.428571428571427,23.255421586146266,0.0,3.0,14.0,32.0,126.0
2011-10-31,MER,PM10,2,698.0,59.41833810888252,32.74399296048042,4.0,37.0,53.0,75.0,219.0
2011-10-31,MER,PM2.5,2,698.0,21.12320916905444,13.682786891503754,1.0,11.0,18.0,28.0,87.0
2011-10-31,MER,SO2,1,700.0,7.282857142857143,11.33619384201001,1.0,2.0,3.0,8.0,116.0
2011-10-31,MON,CO,15,619.0,0.28529886914377917,0.335195976365371,0.0,0.1,0.2,0.3,2.1
2011-10-31,MON,NO,1,628.0,21.13535031847134,42.47820522357127,0.0,1.0,2.0,20.0,251.0
2011-10-31,MON,NO2,1,628.0,14.23248407643312,9.370970251403886,1.0,7.0,13.0,20.0,59.0
2011-10-31,MON,NOX,1,628.0,35.37738853503185,47.62699901269926,2.0,8.0,16.0,42.0,285.0
2011-10-31,MON,O3,1,626.0,28.511182108626198,22.269851251420235,1.0,6.0,26.0,44.0,102.0
2011-10-31,MON,SO2,1,248.0,2.810483870967742,4.605968993839229,1.0,1.0,1.0,2.0,40.0
2011-10-31,NEZ,CO,15,681.0,0.5575624082232017,0.4542018752999119,0.0,0.3,0.4,0.7,3.6
2011-10-31,NEZ,NO,1,681.0,16.292217327459618,26.730486251156886,0.0,3.0,6.0,16.0,205.0
2011-10-31,NEZ,NO2,1,681.0,23.045521292217327,13.114966127646898,1.0,13.0,22.0,31.0,93.0
2011-10-31,NEZ,NOX,1,681.0,39.31718061674009,34.84991959199907,1.0,18.0,29.0,47.0,273.0
2011-10-31,NEZ,O3,1,640.0,24.4515625,22.84617193075613,0.0,6.0,17.0,39.0,109.0
2011-10-31,NEZ,PM2.5,2,656.0,18.486280487804876,12.306758307419418,1.0,10.0,16.0,24.0,78.0
2011-10-31,NEZ,SO2,1,676.0,5.235207100591716,11.739493463172101,0.0,1.0,2.0,4.0,152.0
2011-10-31,PED,CO,15,558.0,0.46845878136200725,0.3936316994539812,0.0,0.2,0.4,0.6,2.9
2011-10-31,PED,NO,1,557.0,12.876122082585278,26.10302128464265,0.0,1.0,4.0,12.0,258.0
2011-10-31,PED,NO2,1,557.0,24.19569120287253,13.595496877926532,3.0,14.0,21.0,31.0,97.0
2011-10-31,PED,NOX,1,557.0,37.04488330341113,33.82811710760311,4.0,17.0,28.0,47.0,305.0
2011-10-31,PED,O3,1,558.0,27.88888888888889,23.69446113609303,2.0,10.0,22.0,36.75,117.0
2011-10-31,PED,PM10,2,513.0,32.63157894736842,20.04912757322293,4.0,18.0,28.0,43.0,106.0
2011-10-31,PED,PM2.5,2,513.0,16.48148148148148,11.74751254206292,1.0,8.0,13.0,22.0,71.0
2011-10-31,PED,SO2,1,558.0,4.405017921146953,7.981629035748921,0.0,1.0,2.0,4.0,72.0
2011-10-31,PER,PM2.5,2,0.0,,,,,,,
2011-10-31,SAG,CO,15,536.0,0.6126865671641798,0.4867088237810413,0.2,0.3,0.5,0.7,3.8
2011-10-31,SAG,NO,1,532.0,23.889097744360903,39.06921900145976,0.0,4.0,8.0,26.0,317.0
2011-10-31,SAG,NO2,1,532.0,22.372180451127818,10.836771142549846,5.0,13.75,21.0,29.0,65.0
2011-10-31,SAG,NOX,1,532.0,46.24812030075188,45.3553296610604,5.0,18.0,31.0,57.25,357.0
2011-10-31,SAG,O3,1,516.0,26.1531007751938,20.261058590826178,2.0,8.0,22.0,40.0,101.0
2011-10-31,SAG,PM10,2,507.0,45.66863905325444,26.211074333368735,5.0,28.0,40.0,57.0,202.0
2011-10-31,SAG,PM2.5,2,507.0,17.003944773175544,10.792691872130243,1.0,9.0,14.0,24.0,61.0
2011-10-31,SAG,SO2,1,556.0,7.517985611510792,13.94382682643322,0.0,3.0,4.0,6.0,143.0
2011-10-31,SJA,CO,15,685.0,0.8515328467153283,0.8062175153353781,0.2,0.4,0.6,1.0,6.8
2011-10-31,SJA,NO,1,685.0,33.324087591240875,60.975980945557716,0.0,3.0,6.0,34.0,467.0
2011-10-31,SJA,NO2,1,685.0,28.486131386861313,16.402962854963384,5.0,15.0,27.0,37.0,125.0
2011-10-31,SJA,NOX,1,685.0,61.77372262773723,70.54543066721159,6.0,18.0,34.0,75.0,534.0
2011-10-31,SJA,O3,1,680.0,24.67794117647059,23.419792905391805,2.0,3.0,18.0,37.25,114.0
2011-10-31,SJA,PM2.5,2,678.0,17.539823008849556,11.986848084448518,1.0,9.0,15.0,23.0,83.0
2011-10-31,SJA,SO2,1,685.0,4.1401459854014595,7.596219626250673,0.0,1.0,2.0,4.0,96.0
2011-10-31,SUR,CO,15,707.0,1.2052333804809063,0.6772618556317764,0.1,0.8,1.1,1.5,5.1
2011-10-31,SUR,NO,1,707.0,23.47807637906648,36.04302610961839,0.0,5.0,9.0,25.0,307.0
2011-10-31,SUR,NO2,1,707.0,24.291371994342292,15.26053146637468,0.0,13.0,23.0,33.0,97.0
2011-10-31,SUR,NOX,1,707.0,47.785007072135784,44.118905152903395,0.0,19.0,34.0,58.5,344.0
2011-10-31,SUR,O3,1,706.0,26.68130311614731,26.184216273273794,1.0,6.0,18.0,40.0,116.0
2011-10-31,SUR,PM10,2,658.0,32.11398176291793,22.973562045777864,1.0,16.0,28.0,42.0,187.0
2011-10-31,SUR,SO2,1,706.0,6.270538243626063,10.319528220253416,1.0,2.0,3.0,5.0,119.0
2011-10-31,TAH,CO,15,706.0,0.7409348441926349,0.47461366596307863,0.1,0.4,0.6,0.9,3.4
2011-10-31,TAH,NO,1,706.0,9.322946175637394,16.649425192810707,0.0,2.0,4.0,8.0,150.0
2011-10-31,TAH,NO2,1,706.0,19.776203966005667,10.247617971037203,1.0,12.0,19.0,25.0,75.0
2011-10-31,TAH,NOX,1,706.0,29.08073654390935,22.509080847326604,3.0,15.0,23.5,35.0,178.0
2011-10-31,TAH,O3,1,707.0,34.28712871287129,26.04242324745448,4.0,14.0,27.0,50.0,125.0
2011-10-31,TAH,PM10,2,677.0,34.40915805022156,22.679842183089274,1.0,19.0,30.0,45.0,142.0
2011-10-31,TAH,SO2,1,706.0,4.54957507082153,6.913935446999633,0.0,1.0,2.0,4.0,52.0
2011-10-31,TLA,CO,15,664.0,0.8153614457831325,0.6381809949239087,0.0,0.4,0.6,1.0,4.5
2011-10-31,TLA,NO,1,663.0,37.3921568627451,48.45806794815914,1.0,11.0,18.0,38.0,373.0
2011-10-31,TLA,NO2,1,663.0,33.1447963800905,14.918919816822264,8.0,23.0,31.0,39.0,149.0
2011-10-31,TLA,NOX,1,663.0,70.54901960784314,56.58979652543065,10.0,35.0,50.0,84.5,425.0
2011-10-31,TLA,O3,1,661.0,21.16641452344932,20.616986759319843,0.0,4.0,14.0,34.0,123.0
2011-10-31,TLA,PM10,2,672.0,43.257440476190474,24.39382733231822,4.0,25.0,39.0,55.0,161.0
2011-10-31,TLA,PM2.5,2,672.0,19.96577380952381,14.080575706164081,1.0,10.0,17.0,25.0,84.0
2011-10-31,TLA,SO2,1,642.0,9.29595015576324,14.660791176663974,0.0,2.0,4.0,10.0,145.0
2011-10-31,TLI,CO,15,700.0,0.5174285714285707,0.56379484117072,0.0,0.2,0.3,0.7,3.6
2011-10-31,TLI,NO,1,691.0,23.539797395079596,38.465901624490485,0.0,3.0,6.0,28.0,280.0
2011-10-31,TLI,NO2,1,691.0,22.700434153400867,13.966159404320484,0.0,10.0,23.0,32.0,104.0
2011-10-31,TLI,NOX,1,691.0,46.196816208393635,47.68421537202725,1.0,14.0,29.0,61.5,355.0
2011-10-31,TLI,O3,1,688.0,24.002906976744185,22.74368265491522,0.0,4.0,17.0,41.25,107.0
2011-10-31,TLI,PM10,2,685.0,39.216058394160584,27.34819940611847,1.0,19.0,33.0,53.0,198.0
2011-10-31,TLI,SO2,1,701.0,9.138373751783167,17.795809207550494,0.0,1.0,3.0,9.0,143.0
2011-10-31,TPN,CO,15,704.0,0.5968750000000013,0.3265691411982005,0.0,0.4,0.6,0.8,2.0
2011-10-31,TPN,NO,1,704.0,10.447443181818182,12.308854634569974,0.0,2.0,7.0,13.0,110.0
2011-10-31,TPN,NO2,1,704.0,19.626420454545453,13.314702115773589,0.0,9.0,18.0,26.25,86.0
2011-10-31,TPN,NOX,1,704.0,30.083806818181817,22.42775838614301,0.0,13.0,26.0,39.0,132.0
2011-10-31,TPN,O3,1,705.0,31.170212765957448,23.86817413335901,1.0,14.0,25.0,41.0,126.0
2011-10-31,TPN,SO2,1,703.0,3.2275960170697013,5.708940436525012,0.0,1.0,1.0,3.0,45.0
2011-10-31,UIZ,CO,15,694.0,0.784582132564841,0.6819937548837932,0.0,0.4,0.6,1.0,4.5
2011-10-31,UIZ,NO,1,693.0,23.486291486291485,36.04547384398569,0.0,4.0,8.0,26.0,284.0
2011-10-31,UIZ,NO2,1,693.0,25.1024531024531,14.070411593585257,2.0,15.0,24.0,32.0,116.0
2011-10-31,UIZ,NOX,1,693.0,48.57287157287157,44.147800401899616,6.0,20.0,34.0,58.0,330.0
2011-10-31,UIZ,O3,1,694.0,25.688760806916427,25.476151662146474,1.0,4.0,17.0,41.0,131.0
2011-10-31,UIZ,PM10,2,690.0,40.097101449275364,22.781045714274114,4.0,23.0,36.0,51.0,152.0
2011-10-31,UIZ,PM2.5,2,690.0,19.911594202898552,13.957098232396362,1.0,10.0,16.0,26.0,78.0
2011-10-31,UIZ,SO2,1,694.0,5.6801152737752165,11.534063084711557,0.0,1.0,2.0,5.0,124.0
2011-10-31,VIF,CO,15,699.0,0.6369098712446354,0.48517820157200237,0.1,0.3,0.5,0.8,3.4
2011-10-31,VIF,NO,1,700.0,13.755714285714285,27.669344040510364,0.0,0.0,1.0,13.25,236.0
2011-10-31,VIF,NO2,1,700.0,18.415714285714287,10.591520020361232,4.0,9.0,17.0,27.0,61.0
2011-10-31,VIF,NOX,1,700.0,32.042857142857144,34.672279608169106,3.0,9.0,19.0,41.0,274.0
2011-10-31,VIF,O3,1,680.0,24.501470588235293,20.647828947603713,0.0,5.0,20.0,40.0,92.0
2011-10-31,VIF,PM10,2,688.0,49.815406976744185,31.91303586858218,1.0,27.75,43.0,64.0,203.0
2011-10-31,VIF,SO2,1,700.0,8.545714285714286,16.213857667498008,0.0,2.0,4.0,7.0,184.0
2011-10-31,XAL,CO,15,659.0,0.8364188163884664,0.9238530623758365,0.0,0.3,0.5,1.1,5.7
2011-10-31,XAL,NO,1,658.0,43.62462006079027,64.20733492898944,1.0,10.0,17.0,46.0,386.0
2011-10-31,XAL,NO2,1,658.0,28.820668693009118,16.45272915537833,5.0,17.0,26.0,37.0,118.0
2011-10-31,XAL,NOX,1,658.0,72.45744680851064,73.98750674611424,6.0,29.0,44.0,84.75,442.0
2011-10-31,XAL,O3,1,654.0,26.073394495412845,21.695599693028882,1.0,6.0,23.5,40.0,118.0
2011-10-31,XAL,PM10,2,658.0,59.890577507598785,42.36156829201594,4.0,32.0,49.0,74.0,242.0
2011-10-31,XAL,PM2.5,2,658.0,24.38145896656535,19.47512380405437,1.0,10.0,17.0,33.0,108.0
2011-10-31,XAL,SO2,1,658.0,8.056231003039514,10.925854960844015,1.0,3.0,4.0,9.0,107.0
2011-11-30,ACO,CO,15,534.0,0.41161048689138535,0.2826038635257621,0.0,0.2,0.4,0.6,1.5
2011-11-30,ACO,NO,1,538.0,10.561338289962825,13.36289617219301,0.0,3.0,5.0,13.0,78.0
2011-11-30,ACO,NO2,1,538.0,15.661710037174721,7.816855114812468,2.0,9.0,15.0,21.0,49.0
2011-11-30,ACO,NOX,1,538.0,26.234200743494423,18.107402043476473,4.0,13.0,21.0,34.0,106.0
2011-11-30,ACO,O3,1,540.0,26.63888888888889,23.23688543618259,0.0,5.0,22.0,44.25,102.0
2011-11-30,ACO,PM10,2,501.0,35.87824351297405,20.08489844904831,1.0,22.0,34.0,46.0,205.0
2011-11-30,ACO,SO2,1,540.0,3.064814814814815,5.6664771937717395,0.0,1.0,2.0,3.0,58.0
2011-11-30,ATI,NO,1,666.0,17.914414414414413,30.286355686751016,0.0,2.0,6.0,18.0,213.0
2011-11-30,ATI,NO2,1,666.0,26.956456456456458,13.855849568829804,7.0,17.0,24.5,34.0,80.0
2011-11-30,ATI,NOX,1,666.0,44.84534534534534,38.38532517548768,8.0,20.0,32.0,53.75,248.0
2011-11-30,ATI,SO2,1,666.0,10.412912912912914,17.37076659949292,1.0,3.0,5.0,9.0,187.0
2011-11-30,CAM,CO,15,680.0,0.9295588235294113,0.6214334083960863,0.1,0.5,0.8,1.2,4.3
2011-11-30,CAM,NO,1,679.0,36.219440353460975,49.02314641118127,0.0,8.0,18.0,46.0,341.0
2011-11-30,CAM,NO2,1,679.0,41.57437407952872,16.398611087176608,12.0,30.0,38.0,50.0,99.0
2011-11-30,CAM,NOX,1,679.0,77.80117820324006,56.70443161677467,14.0,41.0,62.0,94.0,407.0
2011-11-30,CAM,O3,1,680.0,22.020588235294117,28.714113461455295,0.0,1.0,8.0,35.25,158.0
2011-11-30,CAM,PM10,2,674.0,51.589020771513354,22.243390882908344,5.0,36.0,49.0,65.0,122.0
2011-11-30,CAM,PM2.5,2,674.0,29.578635014836795,14.986786272246814,2.0,19.0,27.0,38.0,90.0
2011-11-30,CAM,SO2,1,680.0,8.361764705882353,13.336088650882697,0.0,2.0,4.0,8.0,181.0
2011-11-30,CHO,CO,15,278.0,0.7938848920863314,0.630625167770682,0.0,0.4,0.6,0.975,5.2
2011-11-30,CHO,NO,1,446.0,30.183856502242154,45.35148434241442,1.0,6.25,11.0,33.0,401.0
2011-11-30,CHO,NO2,1,446.0,22.210762331838566,9.68216109463626,4.0,16.0,21.0,26.75,70.0
2011-11-30,CHO,NOX,1,446.0,52.38340807174888,47.69112788711817,7.0,25.0,37.0,60.75,426.0
2011-11-30,CHO,O3,1,438.0,23.970319634703195,25.724229029561485,0.0,2.0,13.0,42.75,118.0
2011-11-30,CHO,SO2,1,446.0,2.717488789237668,3.010992440608599,0.0,1.0,2.0,3.0,24.0
2011-11-30,COY,NO,1,680.0,24.9,33.94982870243807,0.0,4.75,11.0,30.25,217.0
2011-11-30,COY,NO2,1,680.0,36.43235294117647,14.676927693904384,7.0,26.0,33.5,45.0,103.0
2011-11-30,COY,NOX,1,680.0,61.35735294117647,41.328565351862196,9.0,34.0,50.0,73.0,287.0
2011-11-30,COY,O3,1,679.0,25.917525773195877,30.400555553146905,1.0,3.0,12.0,42.0,140.0
2011-11-30,COY,PM2.5,2,680.0,29.67794117647059,13.89347592295988,4.0,21.0,27.0,36.0,93.0
2011-11-30,CUA,CO,15,655.0,0.5587786259541996,0.35857137296760105,0.0,0.3,0.5,0.7,2.8
2011-11-30,CUA,NO,1,670.0,12.605970149253732,21.313307215294326,0.0,2.0,5.0,12.75,181.0
2011-11-30,CUA,NO2,1,670.0,28.65373134328358,14.27394092896946,2.0,18.0,27.0,36.75,107.0
2011-11-30,CUA,NOX,1,670.0,41.22985074626866,30.625677820754923,2.0,22.0,33.0,50.75,238.0
2011-11-30,CUA,O3,1,669.0,32.26008968609865,26.534768299995726,1.0,13.0,26.0,43.0,177.0
2011-11-30,CUA,SO2,1,671.0,5.55290611028316,9.197977700599397,0.0,1.0,2.0,6.0,107.0
2011-11-30,FAC,CO,15,608.0,0.8944078947368422,0.7700756149805367,0.0,0.3,0.7,1.2,4.2
2011-11-30,FAC,NO,1,607.0,30.99835255354201,46.67542936977013,0.0,4.5,13.0,35.0,297.0
2011-11-30,FAC,NO2,1,607.0,32.71334431630972,18.658301486862346,2.0,19.0,28.0,43.0,118.0
2011-11-30,FAC,NOX,1,607.0,63.675453047775946,55.8858021173626,2.0,26.0,44.0,83.0,330.0
2011-11-30,FAC,O3,1,605.0,26.816528925619835,28.236543261329185,1.0,6.0,17.0,39.0,177.0
2011-11-30,FAC,PM10,2,593.0,46.585160202360875,32.9199979631667,1.0,24.0,40.0,61.0,252.0
2011-11-30,FAC,SO2,1,505.0,10.267326732673267,17.631417602923154,0.0,2.0,4.0,9.0,127.0
2011-11-30,IZT,CO,15,622.0,1.1628617363344047,0.6891990568410581,0.0,0.7,1.0,1.4,4.1
2011-11-30,IZT,NO,1,671.0,26.464977645305513,35.13600285998839,0.0,5.0,12.0,34.5,231.0
2011-11-30,IZT,NO2,1,671.0,40.63934426229508,14.551438422588374,9.0,31.0,39.0,48.0,106.0
2011-11-30,IZT,NOX,1,671.0,66.95380029806259,42.37116676290154,9.0,40.0,56.0,78.0,269.0
2011-11-30,IZT,O3,1,672.0,23.325892857142858,29.279821423118747,0.0,1.0,10.0,38.25,138.0
2011-11-30,IZT,PM10,2,677.0,44.41949778434269,16.98532531565901,6.0,32.0,44.0,56.0,97.0
2011-11-30,IZT,SO2,1,671.0,7.230998509687034,10.471367872484096,1.0,2.0,3.0,6.5,95.0
2011-11-30,LLA,CO,15,672.0,0.7586309523809522,0.4902779716980207,0.1,0.5,0.6,0.9,3.5
2011-11-30,LLA,NO,1,647.0,31.669242658423492,48.42151125493637,0.0,3.0,10.0,40.0,362.0
2011-11-30,LLA,NO2,1,647.0,28.19010819165379,11.138559965261734,5.0,19.5,27.0,35.0,65.0
2011-11-30,LLA,NOX,1,647.0,59.831530139103556,53.49399776499282,6.0,24.0,41.0,76.5,396.0
2011-11-30,LLA,O3,1,672.0,24.852678571428573,26.73762831249822,1.0,3.0,16.0,39.0,124.0
2011-11-30,LLA,SO2,1,672.0,5.705357142857143,13.46694693621532,0.0,1.0,2.0,4.0,98.0
2011-11-30,LPR,CO,15,680.0,1.011323529411764,0.7516724688828769,0.0,0.5,0.8,1.4,5.0
2011-11-30,LPR,NO,1,679.0,30.244477172312223,40.50414991647566,0.0,6.0,15.0,38.0,320.0
2011-11-30,LPR,NO2,1,679.0,34.29160530191458,20.090659644255837,2.0,21.0,32.0,42.0,126.0
2011-11-30,LPR,NOX,1,679.0,65.12665684830634,53.22863673991972,4.0,30.0,48.0,85.0,374.0
2011-11-30,LPR,O3,1,680.0,27.416176470588237,28.387006249303106,0.0,4.0,18.0,41.25,141.0
2011-11-30,LPR,SO2,1,680.0,5.633823529411765,7.008076768862288,0.0,2.0,3.0,6.0,57.0
2011-11-30,MER,CO,15,657.0,1.1878234398782355,0.680143667031748,0.0,0.8,1.1,1.5,4.6
2011-11-30,MER,NO,1,656.0,38.11585365853659,45.92558193993911,0.0,8.0,21.0,50.0,281.0
2011-11-30,MER,NO2,1,656.0,42.44969512195122,16.144781017572853,8.0,32.0,41.0,51.0,133.0
2011-11-30,MER,NOX,1,656.0,80.61128048780488,53.84521038789453,8.0,45.75,66.0,97.0,327.0
2011-11-30,MER,O3,1,661.0,22.119515885022693,28.055344606284887,0.0,2.0,8.0,33.0,143.0
2011-11-30,MER,PM10,2,659.0,62.73596358118361,24.312806288867776,9.0,46.0,60.0,78.0,174.0
2011-11-30,MER,PM2.5,2,659.0,28.477996965098633,13.359674326472676,3.0,19.0,27.0,37.0,73.0
2011-11-30,MER,SO2,1,656.0,8.11890243902439,9.664661812698165,2.0,3.0,5.0,8.0,87.0
2011-11-30,MON,CO,15,638.0,0.4224137931034486,0.31415952201478764,0.0,0.2,0.3,0.5,2.7
2011-11-30,MON,NO,1,658.0,20.861702127659573,39.53871029396664,0.0,1.0,3.0,23.0,278.0
2011-11-30,MON,NO2,1,658.0,17.756838905775076,8.965611133143794,2.0,11.0,17.0,23.0,64.0
2011-11-30,MON,NOX,1,658.0,38.61246200607903,43.8481914469487,3.0,12.0,21.0,48.0,305.0
2011-11-30,MON,O3,1,659.0,33.01517450682853,27.24608803952126,2.0,6.0,29.0,53.0,122.0
2011-11-30,MON,SO2,1,658.0,4.2477203647416415,6.170413717883377,1.0,2.0,3.0,4.0,61.0
2011-11-30,NEZ,CO,15,673.0,0.7781575037147099,0.6448155366817258,0.0,0.4,0.6,0.9,5.6
2011-11-30,NEZ,NO,1,641.0,21.52886115444618,35.871030182547756,0.0,2.0,7.0,26.0,240.0
2011-11-30,NEZ,NO2,1,641.0,28.185647425897034,14.259257297690757,0.0,17.0,27.0,37.0,88.0
2011-11-30,NEZ,NOX,1,641.0,49.471138845553824,42.9420342596535,0.0,22.0,38.0,63.0,298.0
2011-11-30,NEZ,O3,1,654.0,26.79663608562691,27.908896653278,0.0,4.0,16.0,44.0,127.0
2011-11-30,NEZ,PM2.5,2,641.0,25.689547581903277,12.543998812230816,1.0,17.0,24.0,33.0,69.0
2011-11-30,NEZ,SO2,1,668.0,5.841317365269461,9.104357462153967,0.0,2.0,3.0,6.0,106.0
2011-11-30,PED,CO,15,682.0,0.5109970674486802,0.36860558372016555,0.0,0.2,0.4,0.7,2.1
2011-11-30,PED,NO,1,681.0,13.111600587371512,19.83807681452663,0.0,2.0,6.0,16.0,169.0
2011-11-30,PED,NO2,1,681.0,29.480176211453745,15.086319395733359,3.0,19.0,27.0,38.0,98.0
2011-11-30,PED,NOX,1,681.0,42.59911894273128,29.18111696727681,4.0,23.0,35.0,55.0,207.0
2011-11-30,PED,O3,1,682.0,29.029325513196483,28.276779011451467,2.0,8.0,18.0,42.0,152.0
2011-11-30,PED,PM10,2,621.0,44.61352657004831,20.27883237623027,4.0,30.0,42.0,57.0,128.0
2011-11-30,PED,PM2.5,2,621.0,24.249597423510465,12.883867907465742,1.0,16.0,22.0,31.0,82.0
2011-11-30,PED,SO2,1,682.0,5.55425219941349,7.2387938275151225,1.0,2.0,3.0,5.0,53.0
2011-11-30,PER,PM2.5,2,0.0,,,,,,,
2011-11-30,SAG,CO,15,612.0,0.6349673202614382,0.44661245286564993,0.0,0.3,0.5,0.8,2.8
2011-11-30,SAG,NO,1,592.0,25.907094594594593,34.33851315885095,0.0,5.0,11.0,34.0,215.0
2011-11-30,SAG,NO2,1,592.0,28.63006756756757,11.277006298722048,6.0,21.0,28.0,35.0,71.0
2011-11-30,SAG,NOX,1,592.0,54.53378378378378,39.10646071411097,7.0,27.0,44.0,69.25,257.0
2011-11-30,SAG,O3,1,611.0,25.774140752864156,25.681875711076355,1.0,5.0,17.0,37.0,122.0
2011-11-30,SAG,PM10,2,597.0,58.4321608040201,25.29498791483567,5.0,41.0,56.0,73.0,187.0
2011-11-30,SAG,PM2.5,2,597.0,23.76214405360134,11.993162513414612,1.0,15.0,22.0,32.0,68.0
2011-11-30,SAG,SO2,1,615.0,5.443902439024391,12.35375786068222,0.0,1.0,2.0,4.0,122.0
2011-11-30,SJA,CO,15,567.0,1.0684303350970028,0.6480807531018441,0.2,0.6,0.9,1.3,4.7
2011-11-30,SJA,NO,1,558.0,37.67025089605735,54.05478513164343,0.0,3.0,12.5,52.0,326.0
2011-11-30,SJA,NO2,1,558.0,36.53405017921147,15.84433097802189,5.0,26.0,35.0,47.0,94.0
2011-11-30,SJA,NOX,1,558.0,74.07347670250896,62.10516920603205,6.0,30.0,55.0,95.0,369.0
2011-11-30,SJA,O3,1,567.0,25.029982363315696,29.682253990274226,1.0,3.0,12.0,39.0,136.0
2011-11-30,SJA,PM2.5,2,563.0,23.387211367673178,11.764412522356118,1.0,15.0,23.0,31.0,78.0
2011-11-30,SJA,SO2,1,567.0,6.142857142857143,8.369284724792449,0.0,2.0,4.0,6.0,95.0
2011-11-30,SUR,CO,15,686.0,1.088192419825073,0.6144421938928735,0.0,0.7,1.0,1.3,5.0
2011-11-30,SUR,NO,1,686.0,24.862973760932945,33.03104311913258,1.0,5.0,12.0,32.0,197.0
2011-11-30,SUR,NO2,1,686.0,30.543731778425656,16.326065677500328,2.0,20.0,28.0,39.0,118.0
2011-11-30,SUR,NOX,1,686.0,55.41253644314869,41.18373026121598,3.0,28.0,44.0,70.75,303.0
2011-11-30,SUR,O3,1,687.0,26.334788937409026,29.703270096706408,0.0,3.0,12.0,43.0,128.0
2011-11-30,SUR,PM10,2,663.0,42.39517345399698,23.72171441901748,1.0,26.0,38.0,55.0,173.0
2011-11-30,SUR,SO2,1,687.0,6.657933042212518,8.036960380928008,1.0,3.0,4.0,6.0,65.0
2011-11-30,TAH,CO,15,634.0,0.8810725552050476,0.4426561909837129,0.0,0.6,0.8,1.1,3.8
2011-11-30,TAH,NO,1,452.0,9.68362831858407,17.209660493472008,0.0,1.0,4.0,12.0,186.0
2011-11-30,TAH,NO2,1,452.0,22.88938053097345,12.510081878933665,1.0,13.0,22.0,30.0,70.0
2011-11-30,TAH,NOX,1,452.0,32.54867256637168,24.121363928902397,3.0,14.0,28.0,42.25,218.0
2011-11-30,TAH,O3,1,633.0,29.990521327014218,26.689670616317727,1.0,8.0,20.0,51.0,117.0
2011-11-30,TAH,PM10,2,555.0,42.38198198198198,24.784814693395568,1.0,25.0,40.0,55.0,172.0
2011-11-30,TAH,SO2,1,633.0,4.333333333333333,5.071742682713944,0.0,2.0,3.0,5.0,50.0
2011-11-30,TLA,CO,15,651.0,0.9760368663594466,0.6016466828184732,0.1,0.5,0.8,1.2,3.5
2011-11-30,TLA,NO,1,650.0,40.05230769230769,45.16274664985629,1.0,12.0,22.0,49.0,270.0
2011-11-30,TLA,NO2,1,650.0,40.424615384615386,16.546651896652,11.0,28.0,37.0,49.0,108.0
2011-11-30,TLA,NOX,1,650.0,80.48153846153846,52.67229090094995,14.0,46.0,64.0,99.0,314.0
2011-11-30,TLA,O3,1,627.0,22.36682615629984,26.477962081944025,0.0,3.0,10.0,34.5,153.0
2011-11-30,TLA,PM10,2,654.0,55.37155963302752,25.18156764722529,8.0,37.0,52.0,70.0,135.0
2011-11-30,TLA,PM2.5,2,654.0,29.36085626911315,15.09088535193314,1.0,19.0,27.0,37.0,85.0
2011-11-30,TLA,SO2,1,612.0,12.65032679738562,19.531382692391798,1.0,4.0,6.0,13.0,261.0
2011-11-30,TLI,CO,15,681.0,0.560205580029369,0.5327668776397364,0.0,0.2,0.4,0.8,2.9
2011-11-30,TLI,NO,1,682.0,26.205278592375368,36.88521029647749,0.0,4.0,9.0,34.0,226.0
2011-11-30,TLI,NO2,1,682.0,31.60410557184751,13.973601527667668,7.0,21.0,30.0,41.0,86.0
2011-11-30,TLI,NOX,1,682.0,57.82551319648094,44.99457033763518,8.0,25.0,43.0,76.0,267.0
2011-11-30,TLI,O3,1,672.0,26.02827380952381,28.76039209052314,0.0,3.0,16.0,41.0,161.0
2011-11-30,TLI,PM10,2,656.0,51.36890243902439,30.96944383279434,1.0,29.75,45.0,67.0,181.0
2011-11-30,TLI,SO2,1,681.0,9.837004405286343,16.263768261754077,0.0,2.0,4.0,9.0,119.0
2011-11-30,TPN,CO,15,677.0,0.7420974889217138,0.31923128258932576,0.1,0.5,0.7,0.9,2.2
2011-11-30,TPN,NO,1,676.0,9.927514792899409,14.245854405423392,0.0,1.0,5.0,13.0,104.0
2011-11-30,TPN,NO2,1,676.0,21.291420118343197,12.94750599388769,2.0,11.0,20.0,29.0,81.0
2011-11-30,TPN,NOX,1,676.0,31.218934911242602,24.179195147378582,2.0,13.0,26.0,41.25,167.0
2011-11-30,TPN,O3,1,679.0,31.637702503681886,24.359490370590763,1.0,14.0,22.0,47.0,118.0
2011-11-30,TPN,SO2,1,574.0,3.9721254355400695,4.895336315176796,1.0,2.0,2.0,4.0,45.0
2011-11-30,UIZ,CO,15,676.0,1.023224852071006,0.6815291845303804,0.0,0.6,0.8,1.3,4.3
2011-11-30,UIZ,NO,1,676.0,24.034023668639055,33.18009705644326,0.0,4.0,9.0,29.0,206.0
2011-11-30,UIZ,NO2,1,676.0,29.958579881656803,14.678522492842019,3.0,20.0,28.0,38.0,101.0
2011-11-30,UIZ,NOX,1,676.0,54.00443786982248,41.659981449230166,4.0,26.0,41.0,70.0,271.0
2011-11-30,UIZ,O3,1,676.0,26.619822485207102,28.32973295761756,1.0,4.0,15.0,43.0,121.0
2011-11-30,UIZ,PM10,2,667.0,52.203898050974516,20.91360283598171,5.0,38.0,49.0,65.0,140.0
2011-11-30,UIZ,PM2.5,2,667.0,27.701649175412292,12.851404626722335,1.0,19.0,25.0,34.0,68.0
2011-11-30,UIZ,SO2,1,676.0,5.335798816568047,8.54571789400455,0.0,2.0,3.0,5.0,105.0
2011-11-30,VIF,CO,15,617.0,0.6648298217179903,0.4543205415055502,0.0,0.3,0.5,0.9,2.7
2011-11-30,VIF,NO,1,670.0,16.84776119402985,24.185520864650726,0.0,2.0,5.0,23.0,156.0
2011-11-30,VIF,NO2,1,670.0,22.29402985074627,12.971457462392545,2.0,12.0,21.0,30.75,72.0
2011-11-30,VIF,NOX,1,670.0,39.13134328358209,31.58731561733103,4.0,14.0,29.5,56.75,186.0
2011-11-30,VIF,O3,1,617.0,28.593192868719612,28.079631992042263,0.0,5.0,21.0,44.0,151.0
2011-11-30,VIF,PM10,2,658.0,60.016717325227965,34.14043020073647,1.0,36.0,55.0,79.0,216.0
2011-11-30,VIF,SO2,1,650.0,8.392307692307693,17.895474698849597,0.0,2.0,3.0,6.0,187.0
2011-11-30,XAL,CO,15,671.0,1.0892697466467969,0.8746195268117355,0.0,0.5,0.8,1.5,4.4
2011-11-30,XAL,NO,1,652.0,47.57208588957055,58.55615042531082,1.0,10.0,22.0,65.0,339.0
2011-11-30,XAL,NO2,1,652.0,36.3819018404908,15.59943608623324,6.0,26.0,35.0,45.0,128.0
2011-11-30,XAL,NOX,1,652.0,83.94171779141104,65.6150364131292,8.0,38.0,61.0,110.0,380.0
2011-11-30,XAL,O3,1,665.0,26.27218045112782,27.99256934907135,0.0,3.0,17.0,42.0,143.0
2011-11-30,XAL,PM10,2,675.0,81.7925925925926,47.78970629889828,3.0,52.0,73.0,99.0,496.0
2011-11-30,XAL,PM2.5,2,675.0,34.51259259259259,19.08541797997286,1.0,21.0,32.0,46.0,121.0
2011-11-30,XAL,SO2,1,669.0,7.6442451420029895,9.245595353940026,0.0,3.0,5.0,9.0,84.0
2011-12-31,ACO,CO,15,663.0,0.5604826546003018,0.3456782062580233,0.0,0.3,0.5,0.7,2.2
2011-12-31,ACO,NO,1,669.0,11.714499252615845,15.056702675054247,0.0,2.0,5.0,16.0,102.0
2011-12-31,ACO,NO2,1,669.0,22.68609865470852,10.945570339462487,3.0,15.0,21.0,28.0,67.0
2011-12-31,ACO,NOX,1,669.0,34.38863976083707,21.64869738105922,5.0,19.0,29.0,46.0,153.0
2011-12-31,ACO,O3,1,668.0,29.404191616766468,27.792842268370705,0.0,4.0,20.0,52.0,115.0
2011-12-31,ACO,PM10,2,639.0,64.91236306729265,29.025583038751318,4.0,46.0,59.0,78.0,196.0
2011-12-31,ACO,SO2,1,670.0,4.911940298507463,4.4987632377216835,1.0,3.0,3.0,5.0,35.0
2011-12-31,ATI,NO,1,704.0,23.269886363636363,39.50876744427407,0.0,2.0,5.0,24.0,251.0
2011-12-31,ATI,NO2,1,704.0,36.12215909090909,17.24756953286913,7.0,24.0,33.0,43.0,107.0
2011-12-31,ATI,NOX,1,704.0,59.33238636363637,49.52997025941843,7.0,28.0,40.0,73.0,325.0
2011-12-31,ATI,SO2,1,706.0,11.910764872521247,14.738061796363574,0.0,3.0,6.0,14.0,106.0
2011-12-31,CAM,CO,15,703.0,1.4924608819345653,0.8729963160930515,0.5,0.9,1.2,1.8,4.8
2011-12-31,CAM,NO,1,699.0,57.957081545064376,72.48120705395044,0.0,8.0,28.0,85.5,407.0
2011-12-31,CAM,NO2,1,699.0,53.54220314735336,25.06843084316638,14.0,37.0,49.0,64.0,173.0
2011-12-31,CAM,NOX,1,699.0,111.47067238912733,84.27537197805825,17.0,51.0,80.0,148.5,481.0
2011-12-31,CAM,O3,1,699.0,21.915593705293276,30.477245493608336,0.0,1.0,3.0,39.0,139.0
2011-12-31,CAM,PM10,2,706.0,73.0084985835694,34.88871769938085,9.0,49.0,66.0,94.5,462.0
2011-12-31,CAM,PM2.5,2,706.0,38.73512747875354,23.72141710687189,1.0,24.0,33.0,49.0,377.0
2011-12-31,CAM,SO2,1,703.0,11.42674253200569,18.865092246544986,1.0,4.0,6.0,11.0,204.0
2011-12-31,CHO,CO,15,706.0,1.113172804532578,0.7820209252590653,0.1,0.6,0.9,1.3,5.2
2011-12-31,CHO,NO,1,706.0,39.00991501416431,55.909792220075836,1.0,7.0,11.0,52.0,332.0
2011-12-31,CHO,NO2,1,706.0,17.705382436260624,12.195843934970588,0.0,9.0,15.0,24.0,62.0
2011-12-31,CHO,NOX,1,706.0,56.67563739376771,61.03688828784329,1.0,16.0,32.0,73.0,368.0
2011-12-31,CHO,O3,1,697.0,30.50358680057389,30.34670921376617,1.0,3.0,20.0,52.0,150.0
2011-12-31,CHO,SO2,1,707.0,4.048090523338048,3.697936972171213,0.0,2.0,3.0,5.0,32.0
2011-12-31,COY,NO,1,684.0,39.1359649122807,41.71064579417166,1.0,7.0,20.0,62.0,265.0
2011-12-31,COY,NO2,1,684.0,48.81578947368421,20.505285876167953,9.0,35.0,46.0,60.0,142.0
2011-12-31,COY,NOX,1,684.0,87.9546783625731,50.42364587175699,12.0,47.75,78.0,121.0,304.0
2011-12-31,COY,O3,1,682.0,26.882697947214076,33.18781634792913,1.0,2.0,8.0,48.0,134.0
2011-12-31,COY,PM2.5,2,677.0,38.24815361890694,21.535450002099658,1.0,23.0,34.0,51.0,139.0
2011-12-31,CUA,CO,15,333.0,0.6930930930930939,0.47043338809322793,0.0,0.4,0.6,0.9,3.4
2011-12-31,CUA,NO,1,697.0,15.414634146341463,24.614299727014487,0.0,3.0,6.0,16.0,171.0
2011-12-31,CUA,NO2,1,697.0,37.14490674318508,18.707686524118397,5.0,23.0,35.0,46.0,110.0
2011-12-31,CUA,NOX,1,697.0,52.57819225251076,36.80208773520707,5.0,28.0,43.0,64.0,251.0
2011-12-31,CUA,O3,1,697.0,35.01578192252511,27.827021784187757,1.0,14.0,28.0,49.0,149.0
2011-12-31,CUA,SO2,1,696.0,6.386494252873563,9.122904454046664,0.0,1.0,3.0,7.0,80.0
2011-12-31,FAC,CO,15,688.0,1.196220930232557,0.8786238532087408,0.1,0.6,0.9,1.6,4.6
2011-12-31,FAC,NO,1,687.0,46.97671033478894,58.91605466778246,0.0,10.0,22.0,60.5,361.0
2011-12-31,FAC,NO2,1,687.0,43.72343522561863,22.453043087010567,5.0,28.0,38.0,53.0,155.0
2011-12-31,FAC,NOX,1,687.0,90.68122270742359,69.57615526596148,9.0,42.5,64.0,119.0,405.0
2011-12-31,FAC,O3,1,686.0,25.88338192419825,28.081182377677305,1.0,4.0,13.0,42.0,141.0
2011-12-31,FAC,PM10,2,634.0,62.83438485804417,38.72011634551965,1.0,35.0,55.0,79.0,282.0
2011-12-31,FAC,SO2,1,686.0,8.610787172011662,11.925381150463709,0.0,2.0,5.0,9.0,97.0
2011-12-31,IZT,CO,15,634.0,1.6906940063091496,0.9459275767570942,0.4,0.925,1.4,2.3,5.8
2011-12-31,IZT,NO,1,702.0,45.45441595441596,55.1860301084487,0.0,6.0,24.0,66.0,368.0
2011-12-31,IZT,NO2,1,702.0,50.34188034188034,21.26062539483894,10.0,36.0,46.0,60.0,152.0
2011-12-31,IZT,NOX,1,702.0,95.7948717948718,65.26419983157257,15.0,47.0,77.0,126.75,435.0
2011-12-31,IZT,O3,1,701.0,23.703281027104136,30.81294446109196,0.0,1.0,6.0,41.0,130.0
2011-12-31,IZT,PM10,2,690.0,65.72608695652174,28.238802074023614,8.0,46.0,64.0,82.0,190.0
2011-12-31,IZT,SO2,1,700.0,8.314285714285715,12.606107992419126,0.0,2.0,4.0,8.0,90.0
2011-12-31,LLA,CO,15,698.0,0.9544412607449864,0.7102359137752756,0.0,0.4,0.7,1.3,4.3
2011-12-31,LLA,NO,1,553.0,60.69077757685353,76.55104060015614,1.0,6.0,27.0,87.0,407.0
2011-12-31,LLA,NO2,1,553.0,40.48462929475588,18.51145940371652,7.0,27.0,38.0,51.0,120.0
2011-12-31,LLA,NOX,1,553.0,101.1627486437613,84.34542667582471,9.0,37.0,74.0,136.0,466.0
2011-12-31,LLA,O3,1,697.0,24.27690100430416,28.78745830912602,1.0,2.0,9.0,44.0,114.0
2011-12-31,LLA,SO2,1,681.0,9.773861967694566,16.336407137173865,0.0,3.0,5.0,9.0,177.0
2011-12-31,LPR,CO,15,703.0,1.4756756756756753,1.079011137229377,0.0,0.6,1.2,2.2,5.6
2011-12-31,LPR,NO,1,705.0,55.56879432624113,62.800243755353264,0.0,9.0,28.0,86.0,387.0
2011-12-31,LPR,NO2,1,705.0,50.731914893617024,26.708185562023367,9.0,34.0,46.0,59.0,183.0
2011-12-31,LPR,NOX,1,705.0,106.24255319148936,78.15992422485826,9.0,45.0,81.0,148.0,449.0
2011-12-31,LPR,O3,1,702.0,25.643874643874643,29.538605235031905,0.0,2.0,9.0,45.0,118.0
2011-12-31,LPR,SO2,1,705.0,7.124822695035461,7.741290524279683,1.0,3.0,5.0,8.0,72.0
2011-12-31,MER,CO,15,699.0,1.6773962804005713,0.9760475683238216,0.3,0.9,1.4,2.3,5.0
2011-12-31,MER,NO,1,699.0,63.63662374821173,68.1326838670998,0.0,11.0,35.0,99.0,359.0
2011-12-31,MER,NO2,1,699.0,53.19599427753934,21.244185072719997,14.0,38.0,50.0,63.0,165.0
2011-12-31,MER,NOX,1,699.0,116.83834048640915,78.03601707266877,15.0,55.5,90.0,160.5,418.0
2011-12-31,MER,O3,1,699.0,22.74391988555079,30.34527105097097,0.0,1.0,4.0,40.0,142.0
2011-12-31,MER,PM10,2,710.0,89.80422535211268,37.200705729916834,22.0,62.0,86.0,114.0,292.0
2011-12-31,MER,PM2.5,2,710.0,38.94788732394366,20.414846772190028,5.0,23.0,36.0,50.0,161.0
2011-12-31,MER,SO2,1,699.0,10.886981402002862,11.789101344144909,2.0,5.0,7.0,11.0,107.0
2011-12-31,MON,CO,15,697.0,0.6863701578192245,0.4269319114791002,0.0,0.4,0.6,0.8,2.8
2011-12-31,MON,NO,1,697.0,33.91965566714491,54.75128588104962,0.0,1.0,6.0,44.0,337.0
2011-12-31,MON,NO2,1,697.0,20.87948350071736,12.922507575222998,0.0,11.0,19.0,29.0,75.0
2011-12-31,MON,NOX,1,697.0,54.803443328550934,61.48376189395214,0.0,13.0,30.0,73.0,371.0
2011-12-31,MON,O3,1,697.0,34.06025824964132,31.21867324420776,0.0,6.0,26.0,55.0,139.0
2011-12-31,MON,SO2,1,697.0,3.8278335724533714,3.7102955602857155,0.0,2.0,3.0,4.0,37.0
2011-12-31,NEZ,CO,15,676.0,1.3162721893491134,0.8175129455694071,0.4,0.8,1.1,1.6,5.9
2011-12-31,NEZ,NO,1,520.0,35.84615384615385,49.10854032416492,0.0,3.0,13.0,55.0,325.0
2011-12-31,NEZ,NO2,1,520.0,36.29423076923077,18.27524424990419,7.0,23.0,34.0,44.0,155.0
2011-12-31,NEZ,NOX,1,520.0,72.11923076923077,58.686368117948426,9.0,29.0,53.0,97.25,400.0
2011-12-31,NEZ,O3,1,620.0,26.453225806451613,31.841328229808948,0.0,2.0,10.0,45.0,122.0
2011-12-31,NEZ,PM2.5,2,647.0,38.84853168469861,26.06550322489531,4.0,23.0,35.0,49.0,205.0
2011-12-31,NEZ,SO2,1,676.0,8.424556213017752,12.248365113390005,1.0,4.0,5.0,8.0,157.0
2011-12-31,PED,CO,15,682.0,0.7843108504398825,0.4886105537891773,0.1,0.4,0.7,1.0,2.7
2011-12-31,PED,NO,1,685.0,17.6,30.993311861060633,0.0,2.0,5.0,17.0,216.0
2011-12-31,PED,NO2,1,685.0,32.88467153284672,18.8277778272147,1.0,19.0,29.0,43.0,107.0
2011-12-31,PED,NOX,1,685.0,50.44379562043795,40.99049751048402,2.0,22.0,38.0,65.0,253.0
2011-12-31,PED,O3,1,679.0,31.045655375552283,29.974019839098766,0.0,8.0,20.0,50.0,138.0
2011-12-31,PED,PM10,2,643.0,52.05132192846034,25.480959428976053,4.0,33.0,47.0,70.0,125.0
2011-12-31,PED,PM2.5,2,643.0,27.37480559875583,15.435862269539886,1.0,15.0,24.0,38.0,76.0
2011-12-31,PED,SO2,1,685.0,5.975182481751824,5.670609838357212,1.0,3.0,4.0,7.0,55.0
2011-12-31,PER,PM2.5,2,0.0,,,,,,,
2011-12-31,SAG,CO,15,572.0,1.0255244755244737,0.6332958608627468,0.1,0.6,0.8,1.4,3.4
2011-12-31,SAG,NO,1,553.0,43.20253164556962,52.37160484059239,1.0,7.0,21.0,61.0,291.0
2011-12-31,SAG,NO2,1,553.0,39.18987341772152,15.475264466561933,12.0,28.0,37.0,48.0,98.0
2011-12-31,SAG,NOX,1,553.0,82.39421338155515,58.20463123230979,14.0,38.0,67.0,107.0,329.0
2011-12-31,SAG,O3,1,598.0,24.683946488294314,29.255395524820965,1.0,2.0,9.5,42.75,122.0
2011-12-31,SAG,PM10,2,578.0,90.4567474048443,40.52453775964374,12.0,62.0,85.0,111.0,269.0
2011-12-31,SAG,PM2.5,2,578.0,33.24740484429066,19.458600282889467,1.0,22.0,30.0,40.0,164.0
2011-12-31,SAG,SO2,1,577.0,7.961871750433276,12.685509639892292,0.0,2.0,4.0,7.0,111.0
2011-12-31,SJA,CO,15,701.0,1.645221112696149,1.0670898280085548,0.5,0.8,1.3,2.1,6.6
2011-12-31,SJA,NO,1,695.0,74.72086330935252,88.74377720995382,0.0,7.0,38.0,110.0,567.0
2011-12-31,SJA,NO2,1,695.0,46.94388489208633,20.561666983758784,10.0,31.0,45.0,60.0,125.0
2011-12-31,SJA,NOX,1,695.0,121.63741007194244,98.15149311830045,13.0,41.5,90.0,173.5,624.0
2011-12-31,SJA,O3,1,702.0,24.45014245014245,31.396088032974053,2.0,2.0,5.0,42.0,130.0
2011-12-31,SJA,PM2.5,2,690.0,33.666666666666664,20.025648768804324,1.0,21.0,31.0,43.0,171.0
2011-12-31,SJA,SO2,1,702.0,8.0,8.07878467152712,1.0,3.25,6.0,9.0,65.0
2011-12-31,SUR,CO,15,701.0,1.437803138373752,0.8541229560474763,0.0,0.8,1.3,1.9,5.1
2011-12-31,SUR,NO,1,544.0,41.64889705882353,49.34237771117196,1.0,7.0,19.0,59.0,302.0
2011-12-31,SUR,NO2,1,544.0,43.88419117647059,21.726141803143726,2.0,29.0,42.5,54.0,157.0
2011-12-31,SUR,NOX,1,544.0,85.52022058823529,58.78405368726331,7.0,42.0,71.0,115.25,378.0
2011-12-31,SUR,O3,1,701.0,26.59914407988588,32.88296040475431,1.0,2.0,10.0,45.0,141.0
2011-12-31,SUR,PM10,2,681.0,61.37151248164464,32.47295271231267,1.0,40.0,58.0,78.0,178.0
2011-12-31,SUR,SO2,1,701.0,6.858773181169758,5.513751451071595,2.0,4.0,5.0,8.0,45.0
2011-12-31,TAH,CO,15,701.0,1.0935805991440797,0.49179135049639605,0.3,0.7,1.0,1.3,3.6
2011-12-31,TAH,NO,1,698.0,9.987106017191977,14.156883028883144,1.0,2.0,4.0,11.0,110.0
2011-12-31,TAH,NO2,1,698.0,24.34813753581662,13.2621943874149,1.0,14.0,24.0,32.0,69.0
2011-12-31,TAH,NOX,1,698.0,34.35243553008596,22.55073352010919,3.0,17.0,30.0,45.0,149.0
2011-12-31,TAH,O3,1,701.0,32.30385164051355,28.666413388707063,1.0,10.0,22.0,48.0,150.0
2011-12-31,TAH,PM10,2,669.0,57.92077727952167,32.374511329533135,2.0,36.0,53.0,77.0,245.0
2011-12-31,TAH,SO2,1,701.0,3.6761768901569187,4.370598545813251,0.0,1.0,2.0,5.0,35.0
2011-12-31,TLA,CO,15,676.0,1.182248520710059,0.7402772075863772,0.2,0.6,0.9,1.6,4.3
2011-12-31,TLA,NO,1,595.0,54.752941176470586,60.40378556314572,2.0,15.0,29.0,70.0,316.0
2011-12-31,TLA,NO2,1,595.0,53.52436974789916,21.392216583797648,16.0,39.0,48.0,64.5,142.0
2011-12-31,TLA,NOX,1,595.0,108.27563025210084,69.58877280667097,24.0,59.0,82.0,140.5,386.0
2011-12-31,TLA,O3,1,674.0,21.672106824925816,27.39010286454984,0.0,2.0,6.0,37.0,121.0
2011-12-31,TLA,PM10,2,697.0,72.31850789096126,33.314534021666226,11.0,45.0,66.0,95.0,215.0
2011-12-31,TLA,PM2.5,2,697.0,35.2180774748924,17.757014650190865,5.0,22.0,31.0,46.0,104.0
2011-12-31,TLA,SO2,1,633.0,14.393364928909953,20.624546490322782,2.0,5.0,9.0,15.0,258.0
2011-12-31,TLI,CO,15,702.0,1.0896011396011387,0.648397661043022,0.1,0.6,0.9,1.5,3.3
2011-12-31,TLI,NO,1,702.0,44.06980056980057,51.67206453779293,0.0,7.0,22.0,66.0,292.0
2011-12-31,TLI,NO2,1,702.0,41.15811965811966,18.49190935079102,5.0,28.0,40.0,52.0,113.0
2011-12-31,TLI,NOX,1,702.0,85.1880341880342,61.84919282109349,6.0,37.0,68.5,116.75,347.0
2011-12-31,TLI,O3,1,618.0,24.13915857605178,29.04760615957954,0.0,2.0,8.0,44.75,112.0
2011-12-31,TLI,PM10,2,704.0,76.7940340909091,41.25221895739938,1.0,46.0,70.0,102.0,284.0
2011-12-31,TLI,SO2,1,702.0,15.864672364672364,29.553552636363435,1.0,3.0,7.0,16.75,299.0
2011-12-31,TPN,CO,15,694.0,0.6113832853025942,0.3629685051194829,0.1,0.4,0.5,0.8,2.4
2011-12-31,TPN,NO,1,692.0,8.04335260115607,14.005720323082302,0.0,1.0,3.0,8.0,105.0
2011-12-31,TPN,NO2,1,692.0,23.235549132947977,16.59767413009114,2.0,10.0,18.0,33.0,81.0
2011-12-31,TPN,NOX,1,692.0,31.21965317919075,27.546057017072147,2.0,12.0,22.0,41.0,159.0
2011-12-31,TPN,O3,1,505.0,38.19603960396039,23.487906043661887,3.0,21.0,30.0,53.0,113.0
2011-12-31,TPN,SO2,1,693.0,5.291486291486292,4.785140741994272,2.0,3.0,3.0,6.0,37.0
2011-12-31,UIZ,CO,15,706.0,1.4648725212464557,0.9743438152166501,0.3,0.8,1.2,2.0,5.5
2011-12-31,UIZ,NO,1,696.0,34.314655172413794,50.757231338187815,0.0,0.0,15.0,47.0,343.0
2011-12-31,UIZ,NO2,1,696.0,41.71120689655172,20.917135331678452,4.0,27.0,38.0,52.0,147.0
2011-12-31,UIZ,NOX,1,696.0,75.73419540229885,61.742023352794504,4.0,31.0,58.0,101.25,379.0
2011-12-31,UIZ,O3,1,709.0,27.322990126939352,31.46042791158203,2.0,3.0,11.0,47.0,131.0
2011-12-31,UIZ,PM10,2,702.0,76.50569800569801,35.22273689401841,16.0,54.0,71.0,94.0,227.0
2011-12-31,UIZ,PM2.5,2,702.0,38.763532763532766,24.105591139063367,1.0,22.0,34.0,50.0,175.0
2011-12-31,UIZ,SO2,1,709.0,7.454160789844852,9.828742600643452,1.0,3.0,4.0,7.0,82.0
2011-12-31,VIF,CO,15,674.0,0.9670623145400596,0.7008472726127,0.0,0.4,0.8,1.4,4.1
2011-12-31,VIF,NO,1,676.0,33.10650887573964,40.09526306853136,1.0,3.0,16.0,55.0,221.0
2011-12-31,VIF,NO2,1,676.0,34.705621301775146,16.163718798320833,6.0,22.0,34.0,44.0,136.0
2011-12-31,VIF,NOX,1,676.0,65.75887573964496,48.421355814168564,5.0,25.75,52.5,97.25,288.0
2011-12-31,VIF,O3,1,675.0,27.023703703703703,30.954441988894434,2.0,3.0,10.0,49.0,143.0
2011-12-31,VIF,PM10,2,668.0,90.48502994011976,54.90685652996447,1.0,52.75,82.0,121.25,469.0
2011-12-31,VIF,SO2,1,676.0,11.837278106508876,23.407314481738087,0.0,3.0,5.0,9.25,299.0
2011-12-31,XAL,CO,15,684.0,1.6530701754385952,1.2121297355482474,0.2,0.7,1.3,2.3,6.7
2011-12-31,XAL,NO,1,683.0,78.82723279648609,85.55516144715779,2.0,13.0,44.0,125.5,433.0
2011-12-31,XAL,NO2,1,683.0,47.58125915080527,20.11769767400181,11.0,34.0,45.0,57.0,138.0
2011-12-31,XAL,NOX,1,683.0,126.40849194729137,93.63192294954628,15.0,51.0,95.0,182.0,484.0
2011-12-31,XAL,O3,1,677.0,25.485967503692763,29.35794996035456,0.0,2.0,10.0,46.0,126.0
2011-12-31,XAL,PM10,2,691.0,115.37481910274964,59.141269362561495,8.0,69.0,103.0,148.0,325.0
2011-12-31,XAL,PM2.5,2,691.0,50.487698986975396,31.44935301381448,1.0,29.0,44.0,63.0,229.0
2011-12-31,XAL,SO2,1,646.0,11.964396284829721,11.361309368430884,1.0,5.0,9.0,14.0,112.0
