,,,,value,value,value,value,value,value,value,value
,,,,count,mean,std,min,25%,50%,75%,max
date,id_station,id_parameter,unit,,,,,,,,
2015-01-04,ACO,CO,15,90.0,0.36222222222222233,0.28147994830605066,0.1,0.1,0.3,0.5,1.2
2015-01-04,ACO,NO,1,90.0,12.5,15.697455601451802,1.0,2.0,7.0,17.0,113.0
2015-01-04,ACO,NO2,1,90.0,12.666666666666666,7.397236046226691,3.0,6.0,12.0,17.0,29.0
2015-01-04,ACO,NOX,1,90.0,25.211111111111112,20.88410741620971,5.0,8.25,21.5,36.75,141.0
2015-01-04,ACO,O3,1,90.0,19.855555555555554,16.207614461783784,2.0,4.0,18.0,35.5,54.0
2015-01-04,ACO,PM10,2,92.0,42.05434782608695,34.15072091670153,9.0,22.75,30.0,46.0,181.0
2015-01-04,ACO,SO2,1,90.0,1.7333333333333334,1.8711289628204715,0.0,1.0,1.0,2.0,11.0
2015-01-04,AJM,CO,15,90.0,0.4199999999999998,0.30655754450002987,0.1,0.2,0.3,0.5,1.4
2015-01-04,AJM,NO,1,87.0,4.885057471264368,7.264800910148914,0.0,1.0,2.0,5.0,40.0
2015-01-04,AJM,NO2,1,87.0,15.931034482758621,11.735251112986191,3.0,6.0,14.0,20.0,58.0
2015-01-04,AJM,NOX,1,87.0,20.804597701149426,16.559153360322874,3.0,8.0,17.0,26.5,74.0
2015-01-04,AJM,O3,1,90.0,26.22222222222222,15.379672691084616,2.0,14.25,24.5,35.0,83.0
2015-01-04,AJM,SO2,1,90.0,2.5555555555555554,4.211037159365034,0.0,1.0,1.0,1.0,20.0
2015-01-04,AJU,O3,1,92.0,23.793478260869566,14.133226413938687,1.0,13.75,22.0,34.0,68.0
2015-01-04,ATI,CO,15,90.0,0.7288888888888885,0.4500298228430974,0.2,0.4,0.6,1.0,1.9
2015-01-04,ATI,NO,1,90.0,19.966666666666665,25.192494869560033,2.0,4.0,9.5,30.0,138.0
2015-01-04,ATI,NO2,1,90.0,20.7,9.959976084083014,5.0,12.0,19.0,28.0,51.0
2015-01-04,ATI,NOX,1,90.0,40.55555555555556,31.777707934934558,8.0,16.0,32.0,53.75,166.0
2015-01-04,ATI,O3,1,90.0,20.91111111111111,21.32975157197916,2.0,5.0,14.5,31.0,98.0
2015-01-04,ATI,PM10,2,92.0,46.25,40.42918785690891,7.0,19.0,29.0,55.25,179.0
2015-01-04,ATI,SO2,1,90.0,2.533333333333333,3.8254029676843895,0.0,1.0,1.0,2.0,18.0
2015-01-04,CAM,CO,15,90.0,1.0277777777777775,0.5840632137901441,0.3,0.5,1.0,1.4,2.6
2015-01-04,CAM,NO,1,0.0,,,,,,,
2015-01-04,CAM,NO2,1,0.0,,,,,,,
2015-01-04,CAM,NOX,1,0.0,,,,,,,
2015-01-04,CAM,O3,1,90.0,15.88888888888889,18.62247310025008,1.0,2.0,7.0,29.0,75.0
2015-01-04,CAM,PM10,2,92.0,51.03260869565217,45.12703706691372,8.0,24.0,34.5,53.0,211.0
2015-01-04,CAM,PM2.5,2,92.0,35.09782608695652,42.82832065546376,2.0,12.75,18.0,32.0,190.0
2015-01-04,CAM,PMCO,2,92.0,15.934782608695652,9.317128676014327,5.0,9.0,15.0,18.25,49.0
2015-01-04,CAM,SO2,1,90.0,6.977777777777778,11.86911559968145,1.0,1.0,3.0,5.0,67.0
2015-01-04,CCA,CO,15,90.0,1.0311111111111109,0.44359219161232505,0.5,0.7,0.9,1.2,2.2
2015-01-04,CCA,NO,1,67.0,16.52238805970149,18.35950600853495,1.0,2.0,10.0,25.5,97.0
2015-01-04,CCA,NO2,1,67.0,22.776119402985074,10.943132474258148,5.0,13.0,23.0,28.5,52.0
2015-01-04,CCA,NOX,1,67.0,39.32835820895522,25.68774502040571,5.0,14.0,37.0,56.0,129.0
2015-01-04,CCA,O3,1,90.0,17.644444444444446,19.042419300970067,0.0,1.0,10.5,31.75,75.0
2015-01-04,CCA,PM2.5,2,88.0,24.329545454545453,34.3252601570401,2.0,8.0,11.0,16.0,129.0
2015-01-04,CCA,SO2,1,90.0,1.511111111111111,2.459763597138503,0.0,0.0,1.0,1.0,14.0
2015-01-04,CHO,CO,15,0.0,,,,,,,
2015-01-04,CHO,NO,1,0.0,,,,,,,
2015-01-04,CHO,NO2,1,0.0,,,,,,,
2015-01-04,CHO,NOX,1,0.0,,,,,,,
2015-01-04,CHO,O3,1,90.0,16.7,15.175712411317342,1.0,4.0,10.0,29.75,63.0
2015-01-04,CHO,PM10,2,79.0,47.139240506329116,33.457487061066246,10.0,22.0,35.0,64.0,150.0
2015-01-04,CHO,SO2,1,90.0,1.3666666666666667,0.8135095284070064,0.0,1.0,1.0,2.0,4.0
2015-01-04,COY,NO,1,0.0,,,,,,,
2015-01-04,COY,NO2,1,0.0,,,,,,,
2015-01-04,COY,NOX,1,0.0,,,,,,,
2015-01-04,COY,O3,1,90.0,17.788888888888888,18.72659254681646,1.0,2.0,8.5,32.75,73.0
2015-01-04,COY,PM2.5,2,91.0,32.7032967032967,48.48768331705932,1.0,9.0,15.0,22.5,196.0
2015-01-04,CUA,CO,15,90.0,0.591111111111111,0.3259021857960094,0.3,0.4,0.5,0.7,2.1
2015-01-04,CUA,NO,1,90.0,7.722222222222222,7.727126852088338,1.0,3.0,5.0,10.0,43.0
2015-01-04,CUA,NO2,1,90.0,17.27777777777778,9.426269506225408,6.0,10.0,17.0,22.75,56.0
2015-01-04,CUA,NOX,1,90.0,24.988888888888887,14.909083608071269,7.0,14.0,22.0,30.75,75.0
2015-01-04,CUA,O3,1,90.0,25.766666666666666,18.74851304965366,1.0,14.0,23.0,29.0,103.0
2015-01-04,CUA,PM10,2,0.0,,,,,,,
2015-01-04,CUA,SO2,1,90.0,2.4,3.1722107982154375,0.0,1.0,1.0,2.0,16.0
2015-01-04,CUT,NO,1,87.0,35.71264367816092,42.530948525333656,1.0,3.0,19.0,55.0,191.0
2015-01-04,CUT,NO2,1,87.0,17.597701149425287,8.252497536144341,5.0,11.0,16.0,24.0,42.0
2015-01-04,CUT,NOX,1,87.0,53.310344827586206,44.8081985710432,6.0,15.5,42.0,72.5,206.0
2015-01-04,CUT,O3,1,87.0,16.32183908045977,19.307483940517443,2.0,2.0,6.0,26.5,84.0
2015-01-04,CUT,PM10,2,87.0,77.74712643678161,54.07278006513259,14.0,39.0,54.0,102.0,225.0
2015-01-04,CUT,SO2,1,87.0,2.218390804597701,3.0592037547273185,0.0,1.0,1.0,2.0,20.0
2015-01-04,FAC,CO,15,90.0,0.8733333333333334,0.5519729679099972,0.1,0.4,0.75,1.2,2.1
2015-01-04,FAC,NO,1,90.0,32.13333333333333,30.61071267280588,3.0,7.0,21.5,46.75,150.0
2015-01-04,FAC,NO2,1,90.0,24.288888888888888,11.618702904305918,5.0,15.25,23.0,31.0,58.0
2015-01-04,FAC,NOX,1,90.0,56.48888888888889,37.35202849189621,11.0,23.0,55.0,80.75,177.0
2015-01-04,FAC,O3,1,90.0,19.08888888888889,21.626369902414396,3.0,4.0,9.0,28.0,99.0
2015-01-04,FAC,PM10,2,83.0,52.433734939759034,52.240576877227085,1.0,22.0,32.0,57.5,209.0
2015-01-04,FAC,SO2,1,90.0,3.4555555555555557,3.9920176282263484,1.0,2.0,2.0,3.0,21.0
2015-01-04,HGM,CO,15,0.0,,,,,,,
2015-01-04,HGM,NO,1,90.0,31.511111111111113,36.27802889868787,1.0,5.25,17.0,42.0,153.0
2015-01-04,HGM,NO2,1,90.0,26.511111111111113,10.831959002424822,9.0,18.0,27.0,32.0,64.0
2015-01-04,HGM,NOX,1,90.0,58.06666666666667,42.117492162608826,10.0,23.25,45.5,73.75,181.0
2015-01-04,HGM,O3,1,90.0,15.177777777777777,15.628106183137188,2.0,2.25,8.0,27.0,62.0
2015-01-04,HGM,PM10,2,88.0,50.30681818181818,50.33048434226998,9.0,22.0,32.5,50.0,224.0
2015-01-04,HGM,PM2.5,2,88.0,31.75,43.379175574960136,1.0,9.0,16.0,26.25,184.0
2015-01-04,HGM,PMCO,2,88.0,18.53409090909091,10.020609639880147,1.0,10.75,15.5,26.0,46.0
2015-01-04,HGM,SO2,1,90.0,6.522222222222222,12.181426068964896,1.0,1.25,2.0,3.0,50.0
2015-01-04,IZT,CO,15,90.0,1.0577777777777773,0.5892249294438857,0.4,0.6,1.0,1.4,2.8
2015-01-04,IZT,NO,1,90.0,31.822222222222223,33.90289430413358,3.0,7.0,17.0,44.75,143.0
2015-01-04,IZT,NO2,1,90.0,25.933333333333334,10.878078151477995,9.0,18.0,26.0,32.75,65.0
2015-01-04,IZT,NOX,1,90.0,57.7,40.93937694041842,11.0,24.0,50.0,81.75,173.0
2015-01-04,IZT,O3,1,90.0,18.41111111111111,16.969168634462296,3.0,5.0,10.5,30.75,68.0
2015-01-04,IZT,PM10,2,92.0,43.30434782608695,48.08960023974361,2.0,20.0,26.0,41.0,249.0
2015-01-04,IZT,SO2,1,90.0,6.511111111111111,12.970358986346778,1.0,1.0,2.0,3.75,57.0
2015-01-04,LLA,CO,15,0.0,,,,,,,
2015-01-04,LLA,NO,1,88.0,34.55681818181818,46.76251027020642,1.0,3.75,12.5,48.75,237.0
2015-01-04,LLA,NO2,1,88.0,19.647727272727273,8.664950899207938,5.0,12.75,20.0,25.0,42.0
2015-01-04,LLA,NOX,1,88.0,54.18181818181818,50.87341637051656,6.0,17.5,39.0,73.5,270.0
2015-01-04,LLA,O3,1,88.0,16.53409090909091,16.525110717375707,1.0,2.0,9.0,31.25,63.0
2015-01-04,LLA,SO2,1,88.0,7.738636363636363,22.85762747424382,1.0,1.0,2.0,3.0,152.0
2015-01-04,LPR,CO,15,0.0,,,,,,,
2015-01-04,LPR,NO,1,0.0,,,,,,,
2015-01-04,LPR,NO2,1,0.0,,,,,,,
2015-01-04,LPR,NOX,1,0.0,,,,,,,
2015-01-04,LPR,O3,1,0.0,,,,,,,
2015-01-04,LPR,SO2,1,0.0,,,,,,,
2015-01-04,MER,CO,15,88.0,1.2431818181818188,0.6338706954231255,0.4,0.7,1.1,1.7,3.2
2015-01-04,MER,NO,1,88.0,47.5,47.421320196673165,3.0,12.75,27.5,68.25,211.0
2015-01-04,MER,NO2,1,88.0,32.38636363636363,11.535484303622551,10.0,24.75,33.0,39.25,68.0
2015-01-04,MER,NOX,1,88.0,79.9090909090909,53.70601891901476,12.0,38.0,68.5,105.0,256.0
2015-01-04,MER,O3,1,88.0,15.25,16.519754806006496,1.0,3.0,7.0,27.5,64.0
2015-01-04,MER,PM10,2,88.0,53.97727272727273,44.31781180350855,12.0,29.5,42.0,59.25,222.0
2015-01-04,MER,PM2.5,2,88.0,31.375,37.21120598119218,2.0,10.0,21.0,31.0,177.0
2015-01-04,MER,PMCO,2,88.0,22.579545454545453,11.426649221652502,7.0,14.75,19.0,28.5,61.0
2015-01-04,MER,SO2,1,88.0,6.818181818181818,12.730220587108752,1.0,1.0,2.0,5.0,63.0
2015-01-04,MGH,CO,15,90.0,0.9544444444444447,0.5751719061272049,0.3,0.4,0.8500000000000001,1.3,2.7
2015-01-04,MGH,NO,1,89.0,47.853932584269664,50.151713140728795,2.0,7.0,30.0,76.0,265.0
2015-01-04,MGH,NO2,1,89.0,26.370786516853933,11.700215637554322,8.0,16.0,27.0,33.0,60.0
2015-01-04,MGH,NOX,1,89.0,74.20224719101124,56.28341023445559,11.0,23.0,66.0,113.0,295.0
2015-01-04,MGH,O3,1,89.0,15.876404494382022,19.96805415971808,0.0,1.0,5.0,29.0,84.0
2015-01-04,MGH,PM10,2,92.0,47.33695652173913,56.395245137794525,7.0,20.0,26.0,41.0,293.0
2015-01-04,MGH,PM2.5,2,92.0,35.17391304347826,53.710376899791264,2.0,9.0,16.0,23.25,267.0
2015-01-04,MGH,PMCO,2,92.0,12.108695652173912,6.731027911212324,4.0,7.0,10.0,15.0,40.0
2015-01-04,MGH,SO2,1,90.0,3.022222222222222,4.8828472486279155,0.0,1.0,1.0,2.0,22.0
2015-01-04,MON,CO,15,0.0,,,,,,,
2015-01-04,MON,NO,1,90.0,16.855555555555554,27.439232599381253,1.0,2.0,3.0,20.0,156.0
2015-01-04,MON,NO2,1,90.0,12.255555555555556,6.922623895460629,3.0,6.0,13.0,16.0,33.0
2015-01-04,MON,NOX,1,90.0,29.1,31.177653334010422,5.0,8.0,16.5,34.75,179.0
2015-01-04,MON,O3,1,0.0,,,,,,,
2015-01-04,MON,SO2,1,0.0,,,,,,,
2015-01-04,NEZ,CO,15,90.0,0.7588888888888887,0.5369272635953684,0.2,0.3,0.6,1.1,2.5
2015-01-04,NEZ,NO,1,90.0,19.755555555555556,26.233314059451644,1.0,3.0,7.5,30.5,143.0
2015-01-04,NEZ,NO2,1,90.0,21.011111111111113,9.363441272279424,6.0,13.25,22.0,28.0,39.0
2015-01-04,NEZ,NOX,1,90.0,40.74444444444445,31.127343054667325,8.0,17.25,31.0,58.5,164.0
2015-01-04,NEZ,O3,1,90.0,17.91111111111111,15.340073424991965,0.0,4.0,14.0,31.0,54.0
2015-01-04,NEZ,PM2.5,2,88.0,29.25,41.96611933945994,2.0,9.0,14.0,25.0,190.0
2015-01-04,NEZ,SO2,1,90.0,4.977777777777778,12.807106329469276,0.0,1.0,1.0,2.0,67.0
2015-01-04,PED,CO,15,90.0,0.5122222222222222,0.36252168560560893,0.1,0.2,0.4,0.7,1.5
2015-01-04,PED,NO,1,90.0,11.355555555555556,14.025907898760757,1.0,2.0,5.0,13.75,60.0
2015-01-04,PED,NO2,1,90.0,21.81111111111111,10.946134143346908,5.0,14.0,21.0,28.0,48.0
2015-01-04,PED,NOX,1,90.0,33.15555555555556,22.19571327734564,6.0,16.0,26.5,46.5,93.0
2015-01-04,PED,O3,1,0.0,,,,,,,
2015-01-04,PED,PM10,2,80.0,45.2625,52.12879467412629,5.0,14.0,23.5,46.25,191.0
2015-01-04,PED,PM2.5,2,80.0,30.0625,42.964319535686315,1.0,6.0,12.0,22.25,149.0
2015-01-04,PED,PMCO,2,80.0,15.1375,11.751373472110084,3.0,6.0,9.0,19.25,45.0
2015-01-04,PED,SO2,1,90.0,2.8777777777777778,3.527827665851898,1.0,1.0,2.0,2.0,22.0
2015-01-04,SAG,CO,15,90.0,0.9500000000000002,0.5917504028945334,0.3,0.5,0.8,1.3,3.7
2015-01-04,SAG,NO,1,90.0,32.55555555555556,43.0993394227412,3.0,8.0,15.5,45.0,258.0
2015-01-04,SAG,NO2,1,90.0,22.57777777777778,7.648129356038094,8.0,17.0,21.0,27.0,39.0
2015-01-04,SAG,NOX,1,90.0,55.077777777777776,46.2485293486869,11.0,23.25,41.0,70.75,293.0
2015-01-04,SAG,O3,1,90.0,15.355555555555556,15.228824761631298,1.0,3.0,9.0,27.25,63.0
2015-01-04,SAG,PM10,2,82.0,59.9390243902439,50.58725442389165,9.0,31.25,41.0,60.5,230.0
2015-01-04,SAG,PM2.5,2,82.0,36.573170731707314,43.878347675825424,1.0,15.0,20.0,28.75,185.0
2015-01-04,SAG,PMCO,2,82.0,23.4390243902439,11.520349747108115,5.0,16.0,20.0,30.0,66.0
2015-01-04,SAG,SO2,1,90.0,7.7444444444444445,18.039009608773355,0.0,1.0,3.0,5.0,120.0
2015-01-04,SFE,CO,15,0.0,,,,,,,
2015-01-04,SFE,NO,1,89.0,8.382022471910112,14.561394802366921,0.0,2.0,3.0,7.0,93.0
2015-01-04,SFE,NO2,1,89.0,18.213483146067414,8.037514187902591,5.0,12.0,19.0,24.0,37.0
2015-01-04,SFE,NOX,1,89.0,26.629213483146067,19.187106242611748,5.0,14.0,23.0,32.0,124.0
2015-01-04,SFE,O3,1,89.0,25.10112359550562,20.28660829207076,1.0,11.0,21.0,33.0,108.0
2015-01-04,SFE,PM10,2,33.0,45.15151515151515,35.94276805920178,5.0,19.0,30.0,59.0,114.0
2015-01-04,SFE,PM2.5,2,33.0,26.666666666666668,28.661457860106598,2.0,7.0,14.0,33.0,84.0
2015-01-04,SFE,PMCO,2,33.0,18.515151515151516,13.926416472214802,4.0,10.0,14.0,27.0,59.0
2015-01-04,SFE,SO2,1,89.0,2.168539325842697,2.764367242476443,0.0,1.0,1.0,1.0,11.0
2015-01-04,SJA,CO,15,90.0,0.8200000000000002,0.6202935151553819,0.1,0.3,0.7,1.2,2.9
2015-01-04,SJA,NO,1,90.0,44.75555555555555,53.78386022288107,1.0,5.0,25.0,62.75,274.0
2015-01-04,SJA,NO2,1,90.0,25.72222222222222,10.807849600349288,7.0,17.0,26.0,32.75,55.0
2015-01-04,SJA,NOX,1,90.0,70.5,59.16255458622911,8.0,21.0,60.5,98.0,303.0
2015-01-04,SJA,O3,1,90.0,16.233333333333334,16.864329751802423,2.0,3.0,8.0,31.75,68.0
2015-01-04,SJA,PM2.5,2,86.0,30.24418604651163,33.85016675482831,3.0,11.25,17.5,26.0,135.0
2015-01-04,SJA,SO2,1,90.0,5.6,7.697657603730483,1.0,2.0,3.0,5.0,37.0
2015-01-04,SUR,CO,15,92.0,1.0097826086956518,0.6465563525763675,0.3,0.5,0.8,1.4,2.9
2015-01-04,SUR,NO,1,92.0,27.130434782608695,34.67247614472739,1.0,4.0,9.0,41.25,190.0
2015-01-04,SUR,NO2,1,92.0,22.83695652173913,10.212335972737426,6.0,18.0,23.0,28.0,62.0
2015-01-04,SUR,NOX,1,92.0,49.880434782608695,39.56267593681467,7.0,22.75,36.5,71.75,221.0
2015-01-04,SUR,O3,1,92.0,16.554347826086957,17.453463480985167,1.0,1.75,9.0,30.0,69.0
2015-01-04,SUR,PM10,2,88.0,42.38636363636363,49.21298581504445,6.0,16.0,24.0,41.5,196.0
2015-01-04,SUR,SO2,1,92.0,3.7065217391304346,6.768605686076575,1.0,1.0,2.0,2.0,47.0
2015-01-04,TAH,CO,15,90.0,0.42000000000000004,0.36694915913959864,0.0,0.125,0.3,0.6,2.1
2015-01-04,TAH,NO,1,90.0,7.288888888888889,8.61178242319031,1.0,2.0,4.0,9.5,48.0
2015-01-04,TAH,NO2,1,90.0,14.433333333333334,8.778228942718828,3.0,6.25,15.0,19.0,48.0
2015-01-04,TAH,NOX,1,90.0,21.8,15.40844653815242,5.0,9.0,18.0,30.75,83.0
2015-01-04,TAH,O3,1,90.0,22.27777777777778,15.322032148626551,2.0,8.25,18.5,35.0,65.0
2015-01-04,TAH,PM10,2,34.0,69.55882352941177,56.429731673611506,13.0,26.25,42.5,112.75,208.0
2015-01-04,TAH,SO2,1,89.0,2.146067415730337,2.1508484678765982,1.0,1.0,1.0,2.0,9.0
2015-01-04,TLA,CO,15,0.0,,,,,,,
2015-01-04,TLA,NO,1,90.0,34.43333333333333,37.94172053694153,3.0,8.0,18.0,50.25,169.0
2015-01-04,TLA,NO2,1,90.0,27.3,11.367655673251985,7.0,20.0,25.0,35.0,58.0
2015-01-04,TLA,NOX,1,90.0,61.72222222222222,45.021100615424984,12.0,28.0,44.5,84.0,212.0
2015-01-04,TLA,O3,1,90.0,16.366666666666667,19.6162338182813,1.0,1.25,7.0,27.75,81.0
2015-01-04,TLA,PM10,2,0.0,,,,,,,
2015-01-04,TLA,PM2.5,2,0.0,,,,,,,
2015-01-04,TLA,PMCO,2,0.0,,,,,,,
2015-01-04,TLA,SO2,1,90.0,5.688888888888889,7.748351683276936,1.0,2.0,3.0,5.0,44.0
2015-01-04,TLI,CO,15,90.0,0.6866666666666671,0.6087747872350114,0.0,0.2,0.5,1.0750000000000002,2.4
2015-01-04,TLI,NO,1,90.0,29.57777777777778,33.69325534406551,2.0,5.0,11.5,56.5,164.0
2015-01-04,TLI,NO2,1,90.0,22.844444444444445,10.438596391838818,7.0,13.0,23.0,30.0,49.0
2015-01-04,TLI,NOX,1,90.0,52.51111111111111,40.12655385893805,11.0,17.0,40.5,84.5,199.0
2015-01-04,TLI,O3,1,90.0,14.233333333333333,14.971170797775962,1.0,3.0,9.5,22.75,66.0
2015-01-04,TLI,PM10,2,92.0,70.8804347826087,71.53326166954513,7.0,28.25,48.5,68.25,302.0
2015-01-04,TLI,SO2,1,90.0,7.2444444444444445,16.403145156835134,0.0,1.0,2.0,3.0,113.0
2015-01-04,TPN,NO,1,88.0,7.034090909090909,8.151509081972467,0.0,2.0,4.0,9.0,47.0
2015-01-04,TPN,NO2,1,88.0,12.454545454545455,8.149337595123264,3.0,7.0,9.0,16.0,41.0
2015-01-04,TPN,NOX,1,88.0,19.568181818181817,15.191343159873812,4.0,10.0,13.0,25.25,82.0
2015-01-04,TPN,O3,1,88.0,26.545454545454547,13.113044388102518,5.0,16.0,26.5,34.25,74.0
2015-01-04,TPN,SO2,1,88.0,1.1477272727272727,2.516793127951286,0.0,0.0,1.0,1.0,15.0
2015-01-04,UAX,CO,15,90.0,0.6677777777777772,0.4850177288032194,0.2,0.4,0.5,0.7,2.3
2015-01-04,UAX,NO,1,90.0,12.955555555555556,19.15748518078339,0.0,1.0,3.0,16.25,77.0
2015-01-04,UAX,NO2,1,90.0,17.344444444444445,10.059554250082948,3.0,11.0,16.0,22.0,55.0
2015-01-04,UAX,NOX,1,90.0,30.255555555555556,26.098155736257635,4.0,11.25,21.5,36.5,98.0
2015-01-04,UAX,O3,1,90.0,19.88888888888889,16.699891975997556,1.0,6.0,15.5,32.5,64.0
2015-01-04,UAX,PM2.5,2,83.0,32.53012048192771,47.196872919717265,3.0,10.5,15.0,21.5,171.0
2015-01-04,UAX,SO2,1,90.0,2.466666666666667,6.517392461282516,0.0,0.0,1.0,2.0,48.0
2015-01-04,UIZ,CO,15,87.0,0.748275862068965,0.5008973503357511,0.2,0.4,0.6,0.95,2.2
2015-01-04,UIZ,NO,1,87.0,20.42528735632184,31.62006729024658,0.0,2.0,6.0,25.0,160.0
2015-01-04,UIZ,NO2,1,87.0,23.333333333333332,10.54080296428042,5.0,16.0,23.0,30.5,52.0
2015-01-04,UIZ,NOX,1,87.0,43.724137931034484,38.3747402552144,6.0,18.5,33.0,56.0,191.0
2015-01-04,UIZ,O3,1,87.0,18.229885057471265,16.33992197002894,2.0,4.5,13.0,30.5,57.0
2015-01-04,UIZ,PM10,2,82.0,53.84146341463415,53.146540835413276,7.0,26.0,35.0,51.75,238.0
2015-01-04,UIZ,PM2.5,2,82.0,33.98780487804878,45.05784866131702,1.0,12.0,18.0,24.75,193.0
2015-01-04,UIZ,PMCO,2,82.0,19.853658536585368,11.247081323690887,6.0,12.0,16.0,24.0,62.0
2015-01-04,UIZ,SO2,1,87.0,5.080459770114943,9.68242040516896,1.0,1.0,2.0,3.0,52.0
2015-01-04,VIF,CO,15,90.0,0.7099999999999997,0.41490488960209926,0.2,0.3,0.6,1.0,2.1
2015-01-04,VIF,NO,1,90.0,21.344444444444445,21.345820900415355,1.0,4.0,11.5,37.0,105.0
2015-01-04,VIF,NO2,1,90.0,19.533333333333335,8.480248035380393,5.0,12.25,19.0,27.0,38.0
2015-01-04,VIF,NOX,1,90.0,40.86666666666667,25.827517769954262,6.0,17.25,40.0,60.75,123.0
2015-01-04,VIF,O3,1,90.0,16.42222222222222,17.683216049059144,0.0,2.0,10.0,29.0,75.0
2015-01-04,VIF,PM10,2,89.0,73.06741573033707,64.72367800412782,3.0,33.0,53.0,86.0,278.0
2015-01-04,VIF,SO2,1,90.0,8.4,22.92283097209596,1.0,1.0,2.0,3.0,133.0
2015-01-04,XAL,CO,15,90.0,1.361111111111111,0.9878696229816907,0.4,0.6,1.0,1.9,5.3
2015-01-04,XAL,NO,1,90.0,59.67777777777778,72.40597588128242,2.0,10.0,30.5,87.0,415.0
2015-01-04,XAL,NO2,1,90.0,26.8,11.312913969084628,8.0,19.25,25.0,34.0,70.0
2015-01-04,XAL,NOX,1,90.0,86.36666666666666,77.99012469897582,11.0,31.0,65.0,120.0,454.0
2015-01-04,XAL,O3,1,0.0,,,,,,,
2015-01-04,XAL,PM10,2,0.0,,,,,,,
2015-01-04,XAL,PM2.5,2,0.0,,,,,,,
2015-01-04,XAL,PMCO,2,0.0,,,,,,,
2015-01-04,XAL,SO2,1,90.0,6.2,8.525177516356672,1.0,2.0,3.0,5.75,40.0
2015-01-11,ACO,CO,15,157.0,0.27452229299363057,0.19575771871304118,0.0,0.1,0.2,0.4,1.0
2015-01-11,ACO,NO,1,157.0,7.45859872611465,10.842988072092346,0.0,1.0,3.0,9.0,65.0
2015-01-11,ACO,NO2,1,157.0,10.388535031847134,5.902682659918352,1.0,5.0,10.0,15.0,25.0
2015-01-11,ACO,NOX,1,157.0,17.9171974522293,14.525380873879882,1.0,7.0,13.0,25.0,82.0
2015-01-11,ACO,O3,1,157.0,24.923566878980893,16.33406908387634,2.0,12.0,25.0,35.0,64.0
2015-01-11,ACO,PM10,2,155.0,22.767741935483873,13.125181188527321,2.0,11.0,22.0,32.5,60.0
2015-01-11,ACO,SO2,1,157.0,1.3503184713375795,2.2528222813305114,0.0,0.0,1.0,1.0,15.0
2015-01-11,AJM,CO,15,156.0,0.5923076923076922,0.30108159038619225,0.2,0.4,0.5,0.7,2.0
2015-01-11,AJM,NO,1,156.0,8.935897435897436,14.825731549019986,0.0,1.0,4.0,8.0,93.0
2015-01-11,AJM,NO2,1,156.0,22.92948717948718,11.768800843064069,5.0,14.0,23.0,29.25,65.0
2015-01-11,AJM,NOX,1,156.0,31.916666666666668,23.590582684576663,5.0,17.0,27.5,38.75,141.0
2015-01-11,AJM,O3,1,156.0,25.66025641025641,20.866858055182142,1.0,12.0,19.0,33.0,103.0
2015-01-11,AJM,PM10,2,89.0,35.337078651685395,19.283143734304183,3.0,22.0,32.0,51.0,91.0
2015-01-11,AJM,PM2.5,2,89.0,22.44943820224719,12.430727357453472,2.0,13.0,21.0,31.0,50.0
2015-01-11,AJM,PMCO,2,89.0,12.887640449438202,8.384832358934565,1.0,6.0,11.0,18.0,41.0
2015-01-11,AJM,SO2,1,156.0,2.2243589743589745,2.6677856419878183,0.0,1.0,1.0,3.0,15.0
2015-01-11,AJU,O3,1,161.0,24.130434782608695,19.756053007490706,2.0,10.0,17.0,35.0,104.0
2015-01-11,ATI,CO,15,159.0,0.6220125786163525,0.4228666185169586,0.2,0.4,0.5,0.7,2.8
2015-01-11,ATI,NO,1,159.0,13.842767295597485,24.797543414262115,1.0,4.0,6.0,11.5,163.0
2015-01-11,ATI,NO2,1,159.0,20.41509433962264,11.922376518888017,4.0,12.5,19.0,24.0,97.0
2015-01-11,ATI,NOX,1,159.0,34.24528301886792,31.78123739557786,5.0,17.0,25.0,38.0,215.0
2015-01-11,ATI,O3,1,159.0,22.40880503144654,17.15683937007651,3.0,10.0,19.0,28.5,82.0
2015-01-11,ATI,PM10,2,0.0,,,,,,,
2015-01-11,ATI,SO2,1,159.0,4.132075471698113,5.184095941284767,0.0,1.0,2.0,6.0,31.0
2015-01-11,CAM,CO,15,159.0,0.8572327044025156,0.5570559046890798,0.2,0.5,0.7,1.0,3.8
2015-01-11,CAM,NO,1,0.0,,,,,,,
2015-01-11,CAM,NO2,1,0.0,,,,,,,
2015-01-11,CAM,NOX,1,0.0,,,,,,,
2015-01-11,CAM,O3,1,159.0,16.31446540880503,18.655483588173375,1.0,2.5,10.0,20.5,83.0
2015-01-11,CAM,PM10,2,159.0,43.57861635220126,24.629760645727085,5.0,28.0,40.0,54.0,150.0
2015-01-11,CAM,PM2.5,2,159.0,25.0251572327044,16.44166892478022,1.0,12.5,24.0,33.5,93.0
2015-01-11,CAM,PMCO,2,159.0,18.572327044025158,11.610481471223798,2.0,10.5,16.0,24.0,71.0
2015-01-11,CAM,SO2,1,159.0,4.79874213836478,4.737114266336322,1.0,2.0,3.0,5.0,27.0
2015-01-11,CCA,CO,15,159.0,0.820125786163522,0.47531200601819684,0.3,0.5,0.7,0.9,2.9
2015-01-11,CCA,NO,1,85.0,25.129411764705882,39.34123858270465,1.0,3.0,8.0,29.0,204.0
2015-01-11,CCA,NO2,1,85.0,31.858823529411765,15.63889606167939,9.0,21.0,29.0,40.0,94.0
2015-01-11,CCA,NOX,1,85.0,56.917647058823526,46.10862220904899,10.0,29.0,44.0,72.0,237.0
2015-01-11,CCA,O3,1,159.0,20.68553459119497,20.923954646174995,0.0,5.0,14.0,27.0,103.0
2015-01-11,CCA,PM2.5,2,156.0,14.775641025641026,9.164147334074713,1.0,8.0,13.0,19.0,52.0
2015-01-11,CCA,SO2,1,159.0,2.5220125786163523,2.845908628872574,0.0,1.0,2.0,3.0,20.0
2015-01-11,CHO,CO,15,0.0,,,,,,,
2015-01-11,CHO,NO,1,0.0,,,,,,,
2015-01-11,CHO,NO2,1,0.0,,,,,,,
2015-01-11,CHO,NOX,1,0.0,,,,,,,
2015-01-11,CHO,O3,1,159.0,19.71698113207547,20.066071899145264,1.0,2.0,15.0,32.0,72.0
2015-01-11,CHO,PM10,2,133.0,55.16541353383459,33.779853340175336,7.0,29.0,51.0,71.0,201.0
2015-01-11,CHO,SO2,1,159.0,2.0125786163522013,2.5556772774801693,0.0,1.0,1.0,2.0,16.0
2015-01-11,COY,NO,1,0.0,,,,,,,
2015-01-11,COY,NO2,1,0.0,,,,,,,
2015-01-11,COY,NOX,1,0.0,,,,,,,
2015-01-11,COY,O3,1,155.0,18.761290322580646,19.493949734374873,1.0,5.0,13.0,24.5,100.0
2015-01-11,COY,PM2.5,2,153.0,22.26143790849673,14.620088577846573,4.0,10.0,18.0,31.0,74.0
2015-01-11,CUA,CO,15,159.0,0.6610062893081757,0.31720934063009393,0.3,0.5,0.6,0.7,1.9
2015-01-11,CUA,NO,1,159.0,13.779874213836479,21.77260146761572,1.0,4.0,7.0,14.5,139.0
2015-01-11,CUA,NO2,1,159.0,21.471698113207548,11.36495352463653,6.0,13.0,19.0,27.5,70.0
2015-01-11,CUA,NOX,1,159.0,35.23270440251572,29.07110335427353,6.0,19.5,26.0,42.0,171.0
2015-01-11,CUA,O3,1,159.0,23.42138364779874,18.050696416243238,1.0,13.0,19.0,28.5,90.0
2015-01-11,CUA,PM10,2,0.0,,,,,,,
2015-01-11,CUA,SO2,1,159.0,2.880503144654088,2.4939541575938997,0.0,1.0,2.0,4.0,16.0
2015-01-11,CUT,NO,1,157.0,21.21656050955414,34.75672199721238,1.0,3.0,5.0,28.0,197.0
2015-01-11,CUT,NO2,1,157.0,16.420382165605094,8.264945583247286,3.0,10.0,16.0,21.0,40.0
2015-01-11,CUT,NOX,1,157.0,37.611464968152866,37.78119354468072,3.0,13.0,24.0,53.0,226.0
2015-01-11,CUT,O3,1,159.0,16.9748427672956,13.950613472983541,2.0,4.0,16.0,25.5,55.0
2015-01-11,CUT,PM10,2,155.0,45.148387096774194,31.548312476405496,4.0,23.5,39.0,58.0,232.0
2015-01-11,CUT,SO2,1,159.0,6.3584905660377355,12.366903063341102,0.0,1.0,2.0,5.0,75.0
2015-01-11,FAC,CO,15,159.0,0.711949685534591,0.5234216515396871,0.1,0.4,0.6,0.8,3.6
2015-01-11,FAC,NO,1,159.0,25.452830188679247,38.94831013269382,1.0,7.0,12.0,27.5,274.0
2015-01-11,FAC,NO2,1,159.0,24.08805031446541,13.075914493661756,5.0,16.0,20.0,28.5,73.0
2015-01-11,FAC,NOX,1,159.0,49.57232704402516,45.14147369196355,6.0,24.5,36.0,54.0,309.0
2015-01-11,FAC,O3,1,159.0,21.50314465408805,16.754320891327577,3.0,9.5,17.0,28.0,82.0
2015-01-11,FAC,PM10,2,154.0,34.22077922077922,23.190105720121572,2.0,18.0,29.0,46.75,134.0
2015-01-11,FAC,SO2,1,159.0,4.377358490566038,4.107232344928652,0.0,2.0,3.0,5.0,24.0
2015-01-11,HGM,CO,15,136.0,0.8617647058823525,0.49815345300930924,0.3,0.575,0.7,1.0,2.9
2015-01-11,HGM,NO,1,159.0,26.19496855345912,30.715410305260843,0.0,5.5,17.0,32.5,162.0
2015-01-11,HGM,NO2,1,159.0,32.295597484276726,14.345887012174247,7.0,23.0,30.0,38.0,108.0
2015-01-11,HGM,NOX,1,159.0,58.477987421383645,38.67927788488357,8.0,31.5,53.0,70.0,208.0
2015-01-11,HGM,O3,1,159.0,15.666666666666666,16.798382481906962,1.0,3.0,9.0,20.5,82.0
2015-01-11,HGM,PM10,2,151.0,45.51655629139073,22.77040602906494,8.0,28.0,43.0,56.5,133.0
2015-01-11,HGM,PM2.5,2,151.0,23.483443708609272,15.486275345021152,1.0,12.0,21.0,31.0,81.0
2015-01-11,HGM,PMCO,2,151.0,22.09933774834437,11.189730391084748,5.0,14.0,21.0,27.0,67.0
2015-01-11,HGM,SO2,1,159.0,4.220125786163522,3.9915223432907196,1.0,2.0,3.0,5.0,23.0
2015-01-11,IZT,CO,15,156.0,1.0230769230769228,0.5852869330889464,0.3,0.6,0.8500000000000001,1.3,3.3
2015-01-11,IZT,NO,1,156.0,30.557692307692307,37.302640291334804,1.0,6.75,14.0,42.0,205.0
2015-01-11,IZT,NO2,1,156.0,33.37179487179487,14.64161896068563,8.0,23.0,30.5,40.0,90.0
2015-01-11,IZT,NOX,1,156.0,63.955128205128204,45.093643490067016,9.0,31.0,51.5,86.0,238.0
2015-01-11,IZT,O3,1,156.0,18.583333333333332,19.34106723323277,3.0,4.0,11.0,24.25,98.0
2015-01-11,IZT,PM10,2,161.0,32.22981366459627,19.996327302533885,1.0,17.0,29.0,42.0,157.0
2015-01-11,IZT,SO2,1,156.0,3.769230769230769,3.8029634520160394,0.0,1.0,3.0,5.0,22.0
2015-01-11,LLA,CO,15,0.0,,,,,,,
2015-01-11,LLA,NO,1,159.0,28.07547169811321,45.570025009480744,1.0,4.0,13.0,32.0,298.0
2015-01-11,LLA,NO2,1,159.0,20.635220125786162,9.984431795251183,6.0,13.0,20.0,26.0,58.0
2015-01-11,LLA,NOX,1,159.0,48.723270440251575,50.286635609096926,7.0,17.5,34.0,58.5,332.0
2015-01-11,LLA,O3,1,159.0,17.31446540880503,16.587756032299453,1.0,3.5,13.0,25.0,69.0
2015-01-11,LLA,SO2,1,159.0,3.6352201257861636,5.512266394657314,0.0,1.0,2.0,3.0,31.0
2015-01-11,LPR,CO,15,0.0,,,,,,,
2015-01-11,LPR,NO,1,0.0,,,,,,,
2015-01-11,LPR,NO2,1,0.0,,,,,,,
2015-01-11,LPR,NOX,1,0.0,,,,,,,
2015-01-11,LPR,O3,1,0.0,,,,,,,
2015-01-11,LPR,SO2,1,0.0,,,,,,,
2015-01-11,MER,CO,15,152.0,1.1118421052631582,0.5565901640037643,0.4,0.7,1.0,1.325,3.2
2015-01-11,MER,NO,1,145.0,36.737931034482756,38.10384580503783,2.0,9.0,25.0,43.0,207.0
2015-01-11,MER,NO2,1,145.0,33.44827586206897,11.122381735893043,13.0,26.0,33.0,40.0,65.0
2015-01-11,MER,NOX,1,145.0,70.27586206896552,43.68264382620985,16.0,37.0,62.0,83.0,249.0
2015-01-11,MER,O3,1,152.0,16.17763157894737,19.57803268691359,1.0,3.0,8.0,19.25,95.0
2015-01-11,MER,PM10,2,131.0,50.76335877862596,25.3051627633173,13.0,33.0,45.0,65.0,123.0
2015-01-11,MER,PM2.5,2,131.0,25.900763358778626,16.255581271973146,3.0,13.0,24.0,34.5,76.0
2015-01-11,MER,PMCO,2,131.0,24.893129770992367,11.695003475118334,4.0,16.5,23.0,30.0,60.0
2015-01-11,MER,SO2,1,152.0,3.973684210526316,4.437867408046868,0.0,1.0,3.0,5.0,26.0
2015-01-11,MGH,CO,15,159.0,0.7798742138364781,0.5043833023834852,0.2,0.5,0.6,0.9,2.7
2015-01-11,MGH,NO,1,159.0,32.509433962264154,50.317456507900026,2.0,7.0,13.0,27.5,256.0
2015-01-11,MGH,NO2,1,159.0,27.955974842767297,13.208812704503558,6.0,19.0,26.0,33.5,96.0
2015-01-11,MGH,NOX,1,159.0,60.54716981132076,55.90732590672354,8.0,28.0,40.0,59.0,288.0
2015-01-11,MGH,O3,1,159.0,17.82389937106918,18.748344936639807,1.0,4.5,12.0,22.5,89.0
2015-01-11,MGH,PM10,2,161.0,34.099378881987576,17.96775061357991,5.0,22.0,31.0,45.0,99.0
2015-01-11,MGH,PM2.5,2,161.0,20.385093167701864,12.568841489871511,2.0,10.0,18.0,28.0,61.0
2015-01-11,MGH,PMCO,2,161.0,13.726708074534162,8.529351951965456,1.0,7.0,13.0,18.0,48.0
2015-01-11,MGH,SO2,1,159.0,2.9748427672955975,3.2897033176502988,0.0,1.0,2.0,4.0,22.0
2015-01-11,MON,CO,15,0.0,,,,,,,
2015-01-11,MON,NO,1,159.0,20.88050314465409,34.821127876343795,1.0,2.0,4.0,22.0,184.0
2015-01-11,MON,NO2,1,159.0,13.79874213836478,7.6214054604502035,1.0,8.0,13.0,17.0,41.0
2015-01-11,MON,NOX,1,159.0,34.704402515723274,37.54517168963332,2.0,10.0,19.0,45.5,200.0
2015-01-11,MON,O3,1,0.0,,,,,,,
2015-01-11,MON,SO2,1,0.0,,,,,,,
2015-01-11,NEZ,CO,15,159.0,0.7924528301886791,0.43159216124369393,0.1,0.5,0.7,1.0,2.2
2015-01-11,NEZ,NO,1,159.0,18.767295597484278,20.66526314537914,1.0,5.5,11.0,26.0,112.0
2015-01-11,NEZ,NO2,1,159.0,25.849056603773583,10.874536905166996,5.0,18.0,25.0,32.0,68.0
2015-01-11,NEZ,NOX,1,159.0,44.57861635220126,25.81957447212295,6.0,25.0,41.0,58.5,136.0
2015-01-11,NEZ,O3,1,159.0,18.364779874213838,18.85199562469492,0.0,2.0,14.0,28.0,88.0
2015-01-11,NEZ,PM2.5,2,156.0,16.705128205128204,11.103744180327961,1.0,8.0,14.5,23.25,60.0
2015-01-11,NEZ,SO2,1,159.0,2.0440251572327046,2.777271933349017,0.0,1.0,1.0,2.0,22.0
2015-01-11,PED,CO,15,154.0,0.39935064935064934,0.3742525017483988,0.0,0.2,0.3,0.475,2.1
2015-01-11,PED,NO,1,154.0,15.603896103896103,27.826591606005856,0.0,2.0,6.0,12.0,147.0
2015-01-11,PED,NO2,1,154.0,24.850649350649352,12.384252317275381,7.0,16.0,24.0,30.0,84.0
2015-01-11,PED,NOX,1,154.0,40.422077922077925,35.28127546260763,7.0,22.0,30.5,44.75,199.0
2015-01-11,PED,O3,1,21.0,41.714285714285715,31.306776993396902,7.0,17.0,35.0,58.0,102.0
2015-01-11,PED,PM10,2,110.0,36.627272727272725,24.69626836979278,6.0,18.25,32.0,46.75,141.0
2015-01-11,PED,PM2.5,2,110.0,17.59090909090909,14.105952582103075,1.0,7.25,15.0,22.0,84.0
2015-01-11,PED,PMCO,2,110.0,18.927272727272726,13.052968371961716,2.0,8.0,17.0,26.0,62.0
2015-01-11,PED,SO2,1,154.0,3.409090909090909,2.7382873240048595,1.0,2.0,3.0,4.0,19.0
2015-01-11,SAG,CO,15,156.0,0.7467948717948716,0.5478897783896449,0.1,0.4,0.6,0.9,3.5
2015-01-11,SAG,NO,1,156.0,24.51923076923077,35.88394755747606,1.0,6.0,11.0,26.0,236.0
2015-01-11,SAG,NO2,1,156.0,22.794871794871796,9.785254178522706,7.0,15.0,22.5,27.0,65.0
2015-01-11,SAG,NOX,1,156.0,47.333333333333336,40.25841259844007,8.0,23.0,35.0,55.25,261.0
2015-01-11,SAG,O3,1,156.0,17.814102564102566,16.618995927583157,1.0,4.0,14.0,24.25,72.0
2015-01-11,SAG,PM10,2,107.0,44.822429906542055,20.363124776016715,6.0,30.5,42.0,55.0,101.0
2015-01-11,SAG,PM2.5,2,107.0,24.046728971962615,13.36101282567072,2.0,14.0,23.0,32.5,56.0
2015-01-11,SAG,PMCO,2,107.0,20.8411214953271,9.65650580648922,3.0,14.0,20.0,26.0,60.0
2015-01-11,SAG,SO2,1,156.0,4.108974358974359,4.211464717922508,1.0,2.0,3.0,4.0,26.0
2015-01-11,SFE,CO,15,0.0,,,,,,,
2015-01-11,SFE,NO,1,158.0,9.987341772151899,16.355909094745204,0.0,2.0,4.0,9.0,108.0
2015-01-11,SFE,NO2,1,158.0,23.544303797468356,12.586310902074512,6.0,15.0,20.5,28.0,72.0
2015-01-11,SFE,NOX,1,158.0,33.53164556962025,24.6094774571575,6.0,18.0,26.0,38.75,142.0
2015-01-11,SFE,O3,1,157.0,23.821656050955415,19.267184532360137,1.0,13.0,18.0,29.0,97.0
2015-01-11,SFE,PM10,2,151.0,31.516556291390728,20.13946517152686,4.0,16.0,27.0,43.0,105.0
2015-01-11,SFE,PM2.5,2,151.0,16.483443708609272,12.915548409900252,1.0,8.0,12.0,21.5,75.0
2015-01-11,SFE,PMCO,2,151.0,15.066225165562914,10.676871498194707,1.0,7.0,13.0,21.0,61.0
2015-01-11,SFE,SO2,1,159.0,2.5283018867924527,2.469590548635097,0.0,1.0,2.0,3.0,17.0
2015-01-11,SJA,CO,15,155.0,0.6341935483870966,0.5586903412094253,0.1,0.3,0.5,0.8,4.0
2015-01-11,SJA,NO,1,155.0,27.309677419354838,44.80978089860492,0.0,3.0,9.0,28.0,275.0
2015-01-11,SJA,NO2,1,155.0,26.529032258064515,12.702545852517767,5.0,16.5,26.0,33.0,70.0
2015-01-11,SJA,NOX,1,155.0,53.8,50.303804302187,6.0,20.0,40.0,67.5,312.0
2015-01-11,SJA,O3,1,155.0,19.696774193548386,20.35923294601196,1.0,3.0,15.0,26.0,100.0
2015-01-11,SJA,PM2.5,2,146.0,17.301369863013697,10.719218874663747,1.0,9.0,17.0,23.0,52.0
2015-01-11,SJA,SO2,1,155.0,3.1870967741935483,3.590729580342324,1.0,1.0,2.0,3.0,23.0
2015-01-11,SUR,CO,15,161.0,1.0043478260869567,0.5796925721974271,0.2,0.6,0.9,1.2,3.2
2015-01-11,SUR,NO,1,161.0,26.4472049689441,36.76137589595872,0.0,6.0,13.0,30.0,189.0
2015-01-11,SUR,NO2,1,161.0,29.341614906832298,14.072626616086154,6.0,21.0,27.0,35.0,86.0
2015-01-11,SUR,NOX,1,161.0,55.714285714285715,43.13111240326242,6.0,29.0,42.0,67.0,218.0
2015-01-11,SUR,O3,1,161.0,18.453416149068325,20.201779101900595,0.0,3.0,11.0,25.0,100.0
2015-01-11,SUR,PM10,2,156.0,32.67948717948718,20.57558439713695,2.0,18.0,28.0,45.0,98.0
2015-01-11,SUR,SO2,1,161.0,3.111801242236025,2.792834108973974,1.0,1.0,2.0,4.0,20.0
2015-01-11,TAH,CO,15,156.0,0.537179487179487,0.3178999535698854,0.1,0.3,0.5,0.7,2.8
2015-01-11,TAH,NO,1,156.0,10.737179487179487,14.45710548796532,1.0,3.0,6.0,13.0,123.0
2015-01-11,TAH,NO2,1,156.0,23.96153846153846,9.70725343394151,5.0,17.0,22.0,31.0,48.0
2015-01-11,TAH,NOX,1,156.0,34.63461538461539,19.060882604369827,6.0,22.0,33.0,43.0,154.0
2015-01-11,TAH,O3,1,156.0,22.358974358974358,20.218786766176468,2.0,6.0,16.0,35.0,86.0
2015-01-11,TAH,PM10,2,140.0,36.635714285714286,22.77326803285373,1.0,17.75,36.0,48.25,114.0
2015-01-11,TAH,SO2,1,156.0,2.4935897435897436,2.381370694671981,0.0,1.0,2.0,3.0,17.0
2015-01-11,TLA,CO,15,81.0,1.0209876543209877,0.5462865661405919,0.2,0.7,0.9,1.1,3.5
2015-01-11,TLA,NO,1,143.0,36.18181818181818,45.667450171009534,0.0,13.0,21.0,40.0,264.0
2015-01-11,TLA,NO2,1,143.0,31.111888111888113,11.82686420115084,6.0,23.0,29.0,36.5,65.0
2015-01-11,TLA,NOX,1,143.0,67.2937062937063,50.535558833253106,7.0,38.0,54.0,78.5,307.0
2015-01-11,TLA,O3,1,143.0,13.433566433566433,16.166632058674292,0.0,2.0,8.0,17.0,71.0
2015-01-11,TLA,PM10,2,0.0,,,,,,,
2015-01-11,TLA,PM2.5,2,0.0,,,,,,,
2015-01-11,TLA,PMCO,2,0.0,,,,,,,
2015-01-11,TLA,SO2,1,143.0,7.1678321678321675,4.747105884798987,2.0,4.0,5.0,9.0,27.0
2015-01-11,TLI,CO,15,159.0,0.4937106918238991,0.5036179904729372,0.0,0.1,0.4,0.7,3.1
2015-01-11,TLI,NO,1,156.0,21.846153846153847,31.290966200435932,1.0,4.0,7.5,21.25,180.0
2015-01-11,TLI,NO2,1,156.0,22.621794871794872,10.7908820224376,5.0,14.75,22.0,29.0,64.0
2015-01-11,TLI,NOX,1,156.0,44.44230769230769,36.83130512513565,6.0,19.0,33.5,56.5,214.0
2015-01-11,TLI,O3,1,159.0,14.880503144654089,12.390975063988407,1.0,5.0,12.0,21.0,50.0
2015-01-11,TLI,PM10,2,158.0,44.61392405063291,26.62112677692617,2.0,25.0,41.5,55.75,142.0
2015-01-11,TLI,SO2,1,159.0,5.163522012578617,6.135468799556833,1.0,2.0,3.0,5.0,40.0
2015-01-11,TPN,NO,1,107.0,14.766355140186915,18.24962105538464,0.0,4.0,10.0,17.0,132.0
2015-01-11,TPN,NO2,1,107.0,18.598130841121495,10.08535255189062,5.0,9.5,17.0,25.0,46.0
2015-01-11,TPN,NOX,1,107.0,33.36448598130841,25.52187094762558,6.0,16.0,28.0,42.0,168.0
2015-01-11,TPN,O3,1,107.0,24.822429906542055,19.544247372580166,3.0,13.0,19.0,34.5,96.0
2015-01-11,TPN,SO2,1,107.0,1.8785046728971964,1.7085262344622865,0.0,1.0,2.0,2.0,12.0
2015-01-11,UAX,CO,15,155.0,0.753548387096774,0.43771505576811387,0.2,0.5,0.7,0.9,2.4
2015-01-11,UAX,NO,1,155.0,19.806451612903224,29.149212364711214,0.0,2.0,8.0,22.5,161.0
2015-01-11,UAX,NO2,1,155.0,26.774193548387096,13.84259771577349,4.0,18.5,25.0,32.0,75.0
2015-01-11,UAX,NOX,1,155.0,46.58709677419355,35.44518121531723,4.0,22.0,37.0,60.5,183.0
2015-01-11,UAX,O3,1,155.0,19.93548387096774,21.237884986337974,1.0,3.0,13.0,30.0,99.0
2015-01-11,UAX,PM2.5,2,149.0,17.711409395973153,11.644100293660735,1.0,8.0,17.0,23.0,57.0
2015-01-11,UAX,SO2,1,155.0,3.47741935483871,3.2360298825755076,1.0,2.0,2.0,3.0,21.0
2015-01-11,UIZ,CO,15,156.0,0.8487179487179489,0.4862612041315932,0.2,0.5,0.8,1.1,3.2
2015-01-11,UIZ,NO,1,155.0,27.561290322580646,33.51876463624281,0.0,5.0,16.0,39.0,217.0
2015-01-11,UIZ,NO2,1,155.0,31.483870967741936,12.865616534562633,9.0,22.5,30.0,39.0,83.0
2015-01-11,UIZ,NOX,1,155.0,59.04516129032258,39.41097841898053,9.0,29.0,53.0,78.0,249.0
2015-01-11,UIZ,O3,1,156.0,18.371794871794872,20.255534631533767,2.0,3.0,10.5,26.75,101.0
2015-01-11,UIZ,PM10,2,159.0,45.23270440251572,23.19297006339284,6.0,27.0,43.0,61.0,109.0
2015-01-11,UIZ,PM2.5,2,159.0,22.79874213836478,14.716209901017587,2.0,10.0,21.0,31.5,69.0
2015-01-11,UIZ,PMCO,2,159.0,22.40880503144654,12.229976575775815,2.0,14.0,21.0,28.5,85.0
2015-01-11,UIZ,SO2,1,156.0,3.301282051282051,3.601827263495973,1.0,2.0,2.0,4.0,22.0
2015-01-11,VIF,CO,15,158.0,0.4506329113924052,0.3417353308661112,0.1,0.2,0.35,0.5,2.1
2015-01-11,VIF,NO,1,158.0,13.49367088607595,25.063676062707643,0.0,2.0,4.0,12.0,198.0
2015-01-11,VIF,NO2,1,158.0,16.303797468354432,9.160778247444213,3.0,9.0,15.0,22.0,55.0
2015-01-11,VIF,NOX,1,158.0,29.810126582278482,29.36225574448014,3.0,12.0,19.5,38.0,217.0
2015-01-11,VIF,O3,1,158.0,19.563291139240505,15.933953469740155,1.0,6.0,17.0,27.75,62.0
2015-01-11,VIF,PM10,2,134.0,50.365671641791046,32.88337584081602,5.0,26.25,42.5,67.75,173.0
2015-01-11,VIF,SO2,1,158.0,5.8734177215189876,11.690125495675925,1.0,1.0,2.0,3.0,68.0
2015-01-11,XAL,CO,15,60.0,0.8450000000000001,0.5169745756460434,0.3,0.5,0.7,0.925,2.1
2015-01-11,XAL,NO,1,59.0,37.49152542372882,39.3999706289738,1.0,15.0,23.0,34.5,139.0
2015-01-11,XAL,NO2,1,59.0,20.64406779661017,8.41542654043117,5.0,15.0,20.0,25.5,45.0
2015-01-11,XAL,NOX,1,59.0,58.25423728813559,45.821465087558146,6.0,30.5,44.0,61.5,174.0
2015-01-11,XAL,O3,1,0.0,,,,,,,
2015-01-11,XAL,PM10,2,0.0,,,,,,,
2015-01-11,XAL,PM2.5,2,0.0,,,,,,,
2015-01-11,XAL,PMCO,2,0.0,,,,,,,
2015-01-11,XAL,SO2,1,60.0,3.716666666666667,3.7826170953977716,0.0,1.0,2.0,5.25,18.0
2015-01-18,ACO,CO,15,158.0,0.3905063291139239,0.20056861039457466,0.1,0.3,0.3,0.5,1.2
2015-01-18,ACO,NO,1,158.0,9.139240506329115,13.603796938327209,1.0,2.0,3.0,9.75,75.0
2015-01-18,ACO,NO2,1,158.0,17.89873417721519,7.516597239195187,3.0,12.0,18.0,22.0,44.0
2015-01-18,ACO,NOX,1,158.0,27.018987341772153,18.274088550288575,5.0,14.0,23.0,32.0,96.0
2015-01-18,ACO,O3,1,158.0,38.91772151898734,29.18248431771705,2.0,9.25,35.5,62.0,103.0
2015-01-18,ACO,PM10,2,160.0,45.975,16.963501329574935,13.0,34.0,44.0,53.25,111.0
2015-01-18,ACO,SO2,1,158.0,1.7721518987341771,1.6812898224951203,0.0,1.0,1.0,2.0,11.0
2015-01-18,AJM,CO,15,154.0,0.7129870129870132,0.25326658013750786,0.3,0.5,0.7,0.8,1.9
2015-01-18,AJM,NO,1,146.0,5.006849315068493,11.488823099500685,0.0,0.0,1.0,4.0,94.0
2015-01-18,AJM,NO2,1,146.0,24.164383561643834,10.398293890070601,6.0,17.0,23.0,30.75,59.0
2015-01-18,AJM,NOX,1,146.0,29.17808219178082,18.822101803375897,6.0,19.0,25.0,34.75,141.0
2015-01-18,AJM,O3,1,154.0,58.36363636363637,27.289974740386935,6.0,37.25,53.0,79.75,121.0
2015-01-18,AJM,PM10,2,147.0,50.5578231292517,16.27887497867227,15.0,39.0,50.0,63.0,95.0
2015-01-18,AJM,PM2.5,2,147.0,31.170068027210885,10.625875725174254,10.0,23.5,29.0,39.0,62.0
2015-01-18,AJM,PMCO,2,147.0,19.408163265306122,6.825370783285421,4.0,15.0,20.0,24.0,37.0
2015-01-18,AJM,SO2,1,154.0,4.01948051948052,4.874196135125291,1.0,2.0,2.0,4.0,35.0
2015-01-18,AJU,O3,1,137.0,39.97810218978102,31.034484413993766,1.0,11.0,30.0,62.0,114.0
2015-01-18,ATI,CO,15,158.0,0.9917721518987351,0.645016682732302,0.3,0.6,0.8,1.2,3.3
2015-01-18,ATI,NO,1,159.0,22.79874213836478,39.20197293443372,1.0,2.0,5.0,18.5,175.0
2015-01-18,ATI,NO2,1,159.0,36.74842767295598,18.213560309772237,10.0,23.0,34.0,47.0,89.0
2015-01-18,ATI,NOX,1,159.0,59.55345911949686,46.86577221221655,11.0,26.0,45.0,76.0,213.0
2015-01-18,ATI,O3,1,159.0,39.34591194968554,31.127948982636422,2.0,15.0,30.0,58.5,122.0
2015-01-18,ATI,PM10,2,0.0,,,,,,,
2015-01-18,ATI,SO2,1,159.0,7.943396226415095,9.79359470538797,1.0,3.0,5.0,8.0,65.0
2015-01-18,CAM,CO,15,159.0,1.2094339622641506,0.7111047255770409,0.4,0.75,1.0,1.5,4.4
2015-01-18,CAM,NO,1,0.0,,,,,,,
2015-01-18,CAM,NO2,1,0.0,,,,,,,
2015-01-18,CAM,NOX,1,0.0,,,,,,,
2015-01-18,CAM,O3,1,159.0,29.962264150943398,33.8636294929547,1.0,3.0,12.0,59.0,109.0
2015-01-18,CAM,PM10,2,161.0,70.32298136645963,23.12320330438455,27.0,56.0,68.0,80.0,180.0
2015-01-18,CAM,PM2.5,2,161.0,42.36024844720497,14.750657949321727,13.0,32.0,41.0,53.0,85.0
2015-01-18,CAM,PMCO,2,161.0,28.012422360248447,13.047503390323257,8.0,19.0,24.0,36.0,111.0
2015-01-18,CAM,SO2,1,159.0,7.723270440251572,6.71943332232969,2.0,4.0,5.0,9.0,36.0
2015-01-18,CCA,CO,15,159.0,0.989937106918238,0.4716245782981082,0.4,0.7,0.9,1.1,3.0
2015-01-18,CCA,NO,1,159.0,21.40251572327044,39.93794545669531,1.0,2.0,5.0,17.0,220.0
2015-01-18,CCA,NO2,1,159.0,38.57861635220126,15.398661641580503,14.0,27.0,35.0,47.0,86.0
2015-01-18,CCA,NOX,1,159.0,59.9559748427673,45.085480824362094,16.0,31.0,44.0,73.0,264.0
2015-01-18,CCA,O3,1,159.0,37.327044025157235,37.17926073160522,1.0,6.0,22.0,69.0,125.0
2015-01-18,CCA,PM2.5,2,159.0,26.836477987421382,8.49115266573784,5.0,21.0,26.0,32.5,48.0
2015-01-18,CCA,SO2,1,159.0,3.880503144654088,4.913639992214669,0.0,2.0,2.0,4.0,30.0
2015-01-18,CHO,CO,15,0.0,,,,,,,
2015-01-18,CHO,NO,1,0.0,,,,,,,
2015-01-18,CHO,NO2,1,0.0,,,,,,,
2015-01-18,CHO,NOX,1,0.0,,,,,,,
2015-01-18,CHO,O3,1,159.0,31.157232704402517,28.402071281036896,1.0,3.0,21.0,56.5,96.0
2015-01-18,CHO,PM10,2,157.0,72.7452229299363,34.98697641551758,11.0,52.0,66.0,85.0,204.0
2015-01-18,CHO,SO2,1,159.0,2.1132075471698113,1.427492854292659,1.0,1.0,2.0,3.0,10.0
2015-01-18,COY,NO,1,0.0,,,,,,,
2015-01-18,COY,NO2,1,0.0,,,,,,,
2015-01-18,COY,NOX,1,0.0,,,,,,,
2015-01-18,COY,O3,1,157.0,33.99363057324841,35.06340352650679,2.0,4.0,17.0,65.0,125.0
2015-01-18,COY,PM2.5,2,150.0,34.94,15.243099439973244,4.0,25.0,32.0,42.75,106.0
2015-01-18,CUA,CO,15,159.0,0.8069182389937106,0.43064853901865785,0.3,0.5,0.7,0.9,3.4
2015-01-18,CUA,NO,1,159.0,14.81132075471698,28.531166572120497,1.0,2.5,5.0,12.5,195.0
2015-01-18,CUA,NO2,1,159.0,35.64779874213836,17.219042433857517,12.0,23.0,32.0,43.5,122.0
2015-01-18,CUA,NOX,1,159.0,50.496855345911946,39.34074999668572,14.0,25.5,42.0,59.0,245.0
2015-01-18,CUA,O3,1,159.0,45.16981132075472,29.8157225423713,2.0,23.5,38.0,61.5,116.0
2015-01-18,CUA,PM10,2,0.0,,,,,,,
2015-01-18,CUA,SO2,1,159.0,4.823899371069182,6.587804796777349,1.0,2.0,3.0,4.0,50.0
2015-01-18,CUT,NO,1,159.0,28.89937106918239,43.61732250364242,1.0,2.0,8.0,41.5,204.0
2015-01-18,CUT,NO2,1,159.0,28.641509433962263,12.190618419671104,5.0,21.0,29.0,35.5,66.0
2015-01-18,CUT,NOX,1,159.0,57.59748427672956,49.38752975090881,6.0,23.0,42.0,78.0,247.0
2015-01-18,CUT,O3,1,159.0,25.22641509433962,25.48837524265034,2.0,2.0,16.0,43.0,88.0
2015-01-18,CUT,PM10,2,161.0,91.08695652173913,52.59163328234203,19.0,54.0,80.0,111.0,313.0
2015-01-18,CUT,SO2,1,159.0,4.433962264150943,5.613645560558641,0.0,2.0,3.0,4.5,44.0
2015-01-18,FAC,CO,15,159.0,1.1955974842767296,0.7518202309997163,0.3,0.6,1.0,1.65,3.6
2015-01-18,FAC,NO,1,159.0,38.333333333333336,55.26365650188018,1.0,6.0,14.0,44.5,284.0
2015-01-18,FAC,NO2,1,159.0,45.0377358490566,22.310208480337245,11.0,29.5,40.0,55.0,109.0
2015-01-18,FAC,NOX,1,159.0,83.32075471698113,64.57311828067535,12.0,36.0,58.0,121.5,323.0
2015-01-18,FAC,O3,1,159.0,36.16981132075472,30.221588299281404,3.0,12.0,23.0,58.0,115.0
2015-01-18,FAC,PM10,2,161.0,65.0248447204969,33.16981879483196,14.0,39.0,57.0,87.0,162.0
2015-01-18,FAC,SO2,1,159.0,8.264150943396226,9.399335305201294,1.0,4.0,5.0,7.0,72.0
2015-01-18,HGM,CO,15,158.0,1.1626582278481006,0.5295694895207185,0.5,0.8,1.0,1.4,3.2
2015-01-18,HGM,NO,1,158.0,25.474683544303797,37.142984072672256,0.0,3.0,9.5,27.5,190.0
2015-01-18,HGM,NO2,1,158.0,46.96835443037975,16.38098201565297,15.0,36.0,46.5,53.0,98.0
2015-01-18,HGM,NOX,1,158.0,72.48101265822785,43.684264029610894,15.0,42.0,60.0,89.75,243.0
2015-01-18,HGM,O3,1,158.0,27.367088607594937,27.339655161249706,1.0,3.25,17.0,51.75,90.0
2015-01-18,HGM,PM10,2,161.0,70.01242236024845,19.477226309731503,29.0,57.0,68.0,82.0,135.0
2015-01-18,HGM,PM2.5,2,161.0,38.88819875776397,13.76317268511329,14.0,30.0,37.0,48.0,93.0
2015-01-18,HGM,PMCO,2,161.0,31.099378881987576,9.922956319152131,10.0,24.0,30.0,38.0,58.0
2015-01-18,HGM,SO2,1,158.0,6.30379746835443,6.908601544183835,2.0,3.0,4.0,6.0,47.0
2015-01-18,IZT,CO,15,156.0,1.4128205128205127,0.7191139663563546,0.4,0.9,1.2,1.7,4.0
2015-01-18,IZT,NO,1,155.0,31.92258064516129,43.25183510615789,1.0,5.5,15.0,44.5,227.0
2015-01-18,IZT,NO2,1,155.0,49.34193548387097,16.38713413201789,18.0,38.0,47.0,57.5,103.0
2015-01-18,IZT,NOX,1,155.0,81.29032258064517,49.60964083906454,21.0,45.0,71.0,99.5,282.0
2015-01-18,IZT,O3,1,156.0,32.35897435897436,34.444710014362606,3.0,5.0,16.5,55.5,119.0
2015-01-18,IZT,PM10,2,159.0,53.698113207547166,14.009379641385626,28.0,44.0,52.0,63.0,98.0
2015-01-18,IZT,SO2,1,156.0,5.237179487179487,5.048298569319756,2.0,3.0,3.0,5.0,32.0
2015-01-18,LLA,CO,15,0.0,,,,,,,
2015-01-18,LLA,NO,1,155.0,29.587096774193547,47.963431294232294,0.0,3.0,8.0,31.5,228.0
2015-01-18,LLA,NO2,1,155.0,31.303225806451614,13.307245460064026,9.0,21.5,32.0,38.5,82.0
2015-01-18,LLA,NOX,1,155.0,60.87741935483871,53.283526788898456,10.0,25.0,44.0,76.5,269.0
2015-01-18,LLA,O3,1,159.0,31.937106918238992,31.378797472459183,1.0,4.0,19.0,56.0,106.0
2015-01-18,LLA,SO2,1,155.0,5.225806451612903,9.237521162899885,1.0,2.0,3.0,5.0,74.0
2015-01-18,LPR,CO,15,0.0,,,,,,,
2015-01-18,LPR,NO,1,0.0,,,,,,,
2015-01-18,LPR,NO2,1,0.0,,,,,,,
2015-01-18,LPR,NOX,1,0.0,,,,,,,
2015-01-18,LPR,O3,1,0.0,,,,,,,
2015-01-18,LPR,SO2,1,0.0,,,,,,,
2015-01-18,MER,CO,15,156.0,1.322435897435897,0.6438366570999521,0.5,0.9,1.1,1.525,3.3
2015-01-18,MER,NO,1,154.0,36.35064935064935,47.06490199262705,0.0,6.0,15.0,41.75,210.0
2015-01-18,MER,NO2,1,154.0,48.41558441558441,15.8504866005186,15.0,38.0,47.0,55.0,105.0
2015-01-18,MER,NOX,1,154.0,84.81818181818181,55.16090006534534,17.0,47.25,62.5,100.0,263.0
2015-01-18,MER,O3,1,156.0,30.44871794871795,33.99360373834957,1.0,3.0,11.5,56.0,121.0
2015-01-18,MER,PM10,2,160.0,76.05625,20.66055302400838,33.0,60.0,72.5,87.0,153.0
2015-01-18,MER,PM2.5,2,160.0,40.18125,14.311394007142447,13.0,30.0,37.5,49.0,108.0
2015-01-18,MER,PMCO,2,160.0,35.8375,11.179432766519596,13.0,28.75,33.0,43.0,70.0
2015-01-18,MER,SO2,1,156.0,5.833333333333333,5.791911304495245,2.0,2.0,4.0,6.0,38.0
2015-01-18,MGH,CO,15,154.0,1.075324675324675,0.5589803612147302,0.4,0.6,1.0,1.3,3.1
2015-01-18,MGH,NO,1,154.0,39.246753246753244,57.721249435961795,1.0,5.25,12.5,46.75,292.0
2015-01-18,MGH,NO2,1,154.0,46.51948051948052,18.010970070088703,15.0,37.0,45.0,53.0,111.0
2015-01-18,MGH,NOX,1,154.0,85.75974025974025,63.87754371280856,18.0,47.0,62.0,105.25,347.0
2015-01-18,MGH,O3,1,155.0,33.6258064516129,34.153425487931635,0.0,6.0,19.0,60.0,114.0
2015-01-18,MGH,PM10,2,154.0,60.05194805194805,19.515970402607547,20.0,47.0,59.5,70.75,117.0
2015-01-18,MGH,PM2.5,2,154.0,38.96103896103896,13.369012613499546,15.0,28.0,39.0,46.0,77.0
2015-01-18,MGH,PMCO,2,154.0,21.07792207792208,8.957804110246471,4.0,15.0,20.0,26.0,52.0
2015-01-18,MGH,SO2,1,154.0,5.2727272727272725,6.622671229399466,1.0,2.0,3.0,5.0,54.0
2015-01-18,MON,CO,15,0.0,,,,,,,
2015-01-18,MON,NO,1,27.0,9.296296296296296,12.892498757670069,1.0,1.0,4.0,12.0,53.0
2015-01-18,MON,NO2,1,27.0,19.22222222222222,11.936799382044565,4.0,7.0,22.0,29.5,40.0
2015-01-18,MON,NOX,1,27.0,28.703703703703702,21.86640347975865,5.0,9.0,29.0,42.5,78.0
2015-01-18,MON,O3,1,0.0,,,,,,,
2015-01-18,MON,SO2,1,0.0,,,,,,,
2015-01-18,NEZ,CO,15,159.0,1.1069182389937113,0.8966971390026921,0.3,0.6,0.8,1.1,5.4
2015-01-18,NEZ,NO,1,159.0,25.962264150943398,49.33043926298601,1.0,2.0,5.0,18.5,289.0
2015-01-18,NEZ,NO2,1,159.0,36.691823899371066,15.337118738840703,11.0,26.0,36.0,45.0,94.0
2015-01-18,NEZ,NOX,1,159.0,62.672955974842765,58.056661198878295,14.0,29.5,43.0,63.0,337.0
2015-01-18,NEZ,O3,1,159.0,35.42138364779874,33.59068278891188,1.0,6.5,22.0,64.5,121.0
2015-01-18,NEZ,PM2.5,2,161.0,30.13664596273292,13.537215783909343,6.0,20.0,30.0,37.0,80.0
2015-01-18,NEZ,SO2,1,159.0,3.641509433962264,4.843477956989897,1.0,2.0,2.0,4.0,42.0
2015-01-18,PED,CO,15,152.0,0.5394736842105261,0.34796625678244214,0.0,0.3,0.5,0.7,2.0
2015-01-18,PED,NO,1,152.0,12.25,23.17547516247774,1.0,2.0,3.0,7.25,157.0
2015-01-18,PED,NO2,1,152.0,35.26315789473684,15.622083554936609,9.0,24.75,33.0,42.0,85.0
2015-01-18,PED,NOX,1,152.0,47.5,31.60455160446364,10.0,27.0,37.5,63.0,201.0
2015-01-18,PED,O3,1,152.0,43.5,32.263402677304214,2.0,19.75,32.5,67.5,118.0
2015-01-18,PED,PM10,2,124.0,60.78225806451613,21.711171484224753,21.0,46.0,58.0,73.25,131.0
2015-01-18,PED,PM2.5,2,124.0,33.20967741935484,12.798802150219435,12.0,23.75,31.0,42.0,69.0
2015-01-18,PED,PMCO,2,124.0,27.60483870967742,11.430111813597229,8.0,19.0,27.0,34.0,65.0
2015-01-18,PED,SO2,1,152.0,4.8618421052631575,4.797970517571667,1.0,3.0,3.0,4.0,35.0
2015-01-18,SAG,CO,15,158.0,0.9626582278481014,0.5199809130763532,0.3,0.6,0.8,1.1,2.8
2015-01-18,SAG,NO,1,159.0,22.82389937106918,34.943450626128715,0.0,3.0,7.0,29.0,203.0
2015-01-18,SAG,NO2,1,159.0,32.39622641509434,11.623317282827335,11.0,23.5,33.0,39.5,79.0
2015-01-18,SAG,NOX,1,159.0,55.22641509433962,39.3873854586674,13.0,27.0,44.0,67.5,241.0
2015-01-18,SAG,O3,1,159.0,33.106918238993714,31.412041389252433,1.0,5.5,22.0,56.5,109.0
2015-01-18,SAG,PM10,2,161.0,66.6024844720497,21.531163317127564,24.0,50.0,61.0,79.0,130.0
2015-01-18,SAG,PM2.5,2,161.0,34.58385093167702,13.069314732519059,2.0,26.0,33.0,43.0,74.0
2015-01-18,SAG,PMCO,2,161.0,32.04968944099379,12.231006317059537,12.0,23.0,29.0,38.0,84.0
2015-01-18,SAG,SO2,1,159.0,4.59748427672956,7.890965429098779,0.0,2.0,2.0,5.0,69.0
2015-01-18,SFE,CO,15,0.0,,,,,,,
2015-01-18,SFE,NO,1,156.0,11.576923076923077,18.52184010280957,0.0,1.0,3.5,12.25,102.0
2015-01-18,SFE,NO2,1,156.0,35.87820512820513,17.295288543123785,12.0,25.0,31.0,42.0,106.0
2015-01-18,SFE,NOX,1,156.0,47.48076923076923,30.029119449100364,14.0,27.0,38.0,57.0,150.0
2015-01-18,SFE,O3,1,153.0,44.13725490196079,32.28941060396895,2.0,21.0,34.0,60.0,121.0
2015-01-18,SFE,PM10,2,155.0,60.380645161290325,25.97133058909529,13.0,40.0,55.0,80.0,164.0
2015-01-18,SFE,PM2.5,2,155.0,33.63225806451613,17.204657839130125,4.0,21.0,28.0,48.0,79.0
2015-01-18,SFE,PMCO,2,155.0,26.729032258064517,13.041546835501881,1.0,18.0,25.0,33.0,115.0
2015-01-18,SFE,SO2,1,153.0,4.411764705882353,6.847521076392599,1.0,2.0,3.0,4.0,53.0
2015-01-18,SJA,CO,15,154.0,0.9402597402597398,0.6960692137960877,0.1,0.5,0.7,1.1,4.3
2015-01-18,SJA,NO,1,152.0,42.875,63.70444093390968,0.0,2.0,14.0,51.25,349.0
2015-01-18,SJA,NO2,1,152.0,42.473684210526315,15.152621948019975,9.0,32.0,42.5,52.0,94.0
2015-01-18,SJA,NOX,1,152.0,85.39473684210526,68.69002818543402,10.0,38.0,62.5,105.0,395.0
2015-01-18,SJA,O3,1,154.0,31.51298701298701,36.33400557265987,1.0,2.0,13.0,55.75,120.0
2015-01-18,SJA,PM2.5,2,160.0,30.54375,16.675160178574956,4.0,21.75,29.0,37.0,148.0
2015-01-18,SJA,SO2,1,154.0,5.0,4.125482740618031,1.0,3.0,4.0,6.0,27.0
2015-01-18,SUR,CO,15,156.0,1.1987179487179482,0.5062177498432966,0.5,0.8,1.1,1.5,3.1
2015-01-18,SUR,NO,1,156.0,22.987179487179485,32.21339877101577,0.0,3.0,9.5,29.0,193.0
2015-01-18,SUR,NO2,1,156.0,38.166666666666664,15.149931686563042,15.0,28.0,37.0,44.0,92.0
2015-01-18,SUR,NOX,1,156.0,61.1025641025641,38.349694785710554,15.0,32.0,50.5,78.5,229.0
2015-01-18,SUR,O3,1,156.0,33.47435897435897,36.71150803449894,1.0,2.75,16.0,60.75,130.0
2015-01-18,SUR,PM10,2,157.0,53.81528662420382,18.786527379348545,19.0,40.0,52.0,65.0,108.0
2015-01-18,SUR,SO2,1,112.0,3.357142857142857,3.3927775510545213,1.0,2.0,2.0,3.0,22.0
2015-01-18,TAH,CO,15,159.0,0.527672955974843,0.36576812702175715,0.0,0.2,0.5,0.7,1.8
2015-01-18,TAH,NO,1,159.0,8.9874213836478,13.27126305426462,1.0,2.0,4.0,10.5,82.0
2015-01-18,TAH,NO2,1,159.0,23.352201257861637,11.642968413520077,6.0,13.0,22.0,31.5,53.0
2015-01-18,TAH,NOX,1,159.0,32.339622641509436,20.731810752365288,7.0,15.5,28.0,42.5,111.0
2015-01-18,TAH,O3,1,159.0,37.83018867924528,28.300200729969745,2.0,13.5,27.0,62.0,103.0
2015-01-18,TAH,PM10,2,154.0,55.26623376623377,20.93127322440442,13.0,40.25,53.0,67.0,124.0
2015-01-18,TAH,SO2,1,159.0,3.5534591194968552,2.385737682117455,2.0,2.0,3.0,4.0,16.0
2015-01-18,TLA,CO,15,156.0,1.185897435897436,0.5727633883988718,0.4,0.8,1.0,1.4,3.5
2015-01-18,TLA,NO,1,155.0,37.8,49.73506432464549,1.0,9.0,16.0,39.0,245.0
2015-01-18,TLA,NO2,1,155.0,49.68387096774194,17.988002797936385,19.0,40.0,47.0,60.0,105.0
2015-01-18,TLA,NOX,1,155.0,87.51612903225806,56.855976034998584,22.0,49.5,68.0,108.5,289.0
2015-01-18,TLA,O3,1,156.0,30.634615384615383,32.654414618006314,1.0,4.0,15.0,56.0,110.0
2015-01-18,TLA,PM10,2,0.0,,,,,,,
2015-01-18,TLA,PM2.5,2,0.0,,,,,,,
2015-01-18,TLA,PMCO,2,0.0,,,,,,,
2015-01-18,TLA,SO2,1,156.0,9.801282051282051,8.927969730405145,3.0,5.0,7.0,10.0,59.0
2015-01-18,TLI,CO,15,158.0,0.8278481012658223,0.7122113600370323,0.0,0.4,0.6,0.9,3.7
2015-01-18,TLI,NO,1,158.0,33.20253164556962,53.386794270373045,1.0,4.0,9.5,37.25,306.0
2015-01-18,TLI,NO2,1,158.0,41.24050632911393,17.14212986482448,9.0,30.0,41.0,49.0,88.0
2015-01-18,TLI,NOX,1,158.0,74.5126582278481,62.10610782006556,11.0,36.0,54.0,87.0,364.0
2015-01-18,TLI,O3,1,158.0,21.810126582278482,22.12965612563041,1.0,2.0,12.0,39.5,77.0
2015-01-18,TLI,PM10,2,160.0,76.8875,39.01813600246583,15.0,50.0,64.5,100.25,192.0
2015-01-18,TLI,SO2,1,158.0,7.050632911392405,9.461822361438593,1.0,2.0,4.0,8.0,64.0
2015-01-18,TPN,NO,1,159.0,8.08805031446541,11.344648907431868,0.0,2.0,5.0,9.0,78.0
2015-01-18,TPN,NO2,1,159.0,20.867924528301888,10.864594225762438,6.0,12.0,20.0,27.5,52.0
2015-01-18,TPN,NOX,1,159.0,29.044025157232703,20.536274147163688,6.0,15.0,25.0,35.0,130.0
2015-01-18,TPN,O3,1,159.0,47.710691823899374,26.17331376260596,14.0,25.0,40.0,67.0,115.0
2015-01-18,TPN,SO2,1,159.0,2.3333333333333335,3.331222960641047,0.0,1.0,2.0,3.0,30.0
2015-01-18,UAX,CO,15,154.0,0.8136363636363637,0.3466116437891546,0.3,0.6,0.7,1.0,2.1
2015-01-18,UAX,NO,1,154.0,14.564935064935066,21.8027177428904,0.0,1.0,4.0,19.0,118.0
2015-01-18,UAX,NO2,1,154.0,31.928571428571427,12.448118288570251,6.0,23.0,31.0,39.0,75.0
2015-01-18,UAX,NOX,1,154.0,46.45454545454545,27.915392925952865,7.0,25.0,40.5,60.75,150.0
2015-01-18,UAX,O3,1,154.0,36.214285714285715,35.720952692378845,1.0,5.0,20.5,69.0,132.0
2015-01-18,UAX,PM2.5,2,157.0,27.401273885350317,10.453106440874386,5.0,20.0,27.0,34.0,56.0
2015-01-18,UAX,SO2,1,154.0,3.75974025974026,4.514399901209653,2.0,2.0,3.0,3.0,39.0
2015-01-18,UIZ,CO,15,156.0,1.1141025641025628,0.5431626285244973,0.4,0.8,0.9,1.3,3.7
2015-01-18,UIZ,NO,1,156.0,22.75,37.87494277649249,0.0,2.0,7.0,24.5,209.0
2015-01-18,UIZ,NO2,1,156.0,40.30128205128205,13.817436329972253,11.0,32.75,40.0,49.0,91.0
2015-01-18,UIZ,NOX,1,156.0,63.03846153846154,43.22064689032161,12.0,37.0,53.5,77.0,249.0
2015-01-18,UIZ,O3,1,156.0,34.256410256410255,34.472592534691415,2.0,4.0,18.5,66.0,123.0
2015-01-18,UIZ,PM10,2,158.0,70.18354430379746,20.017775097197333,25.0,58.0,70.0,82.0,130.0
2015-01-18,UIZ,PM2.5,2,158.0,37.31645569620253,14.021861278993033,6.0,28.0,37.0,47.0,82.0
2015-01-18,UIZ,PMCO,2,158.0,32.82911392405063,10.045877589076495,10.0,25.0,32.0,40.0,57.0
2015-01-18,UIZ,SO2,1,156.0,4.544871794871795,5.8013824255925,1.0,2.0,3.0,4.0,53.0
2015-01-18,VIF,CO,15,149.0,0.7268456375838928,0.47485856677928706,0.2,0.4,0.6,0.9,2.6
2015-01-18,VIF,NO,1,149.0,20.335570469798657,33.066192978396025,0.0,2.0,4.0,25.0,170.0
2015-01-18,VIF,NO2,1,149.0,29.463087248322147,12.751535938187084,5.0,21.0,29.0,38.0,77.0
2015-01-18,VIF,NOX,1,149.0,49.899328859060404,39.8074325815634,6.0,22.0,36.0,69.0,200.0
2015-01-18,VIF,O3,1,149.0,28.86577181208054,28.085693606888384,1.0,4.0,19.0,50.0,97.0
2015-01-18,VIF,PM10,2,136.0,83.7720588235294,50.30926089723584,3.0,43.0,70.5,111.5,238.0
2015-01-18,VIF,SO2,1,149.0,6.7114093959731544,11.116882280964841,1.0,2.0,4.0,6.0,95.0
2015-01-18,XAL,CO,15,113.0,1.3548672566371673,0.838258308130878,0.5,0.8,1.2,1.6,5.5
2015-01-18,XAL,NO,1,113.0,40.84070796460177,61.42192581581014,2.0,8.0,16.0,49.0,348.0
2015-01-18,XAL,NO2,1,113.0,40.8141592920354,13.436722517418962,14.0,32.0,41.0,50.0,81.0
2015-01-18,XAL,NOX,1,113.0,81.64601769911505,66.88355023498228,19.0,40.0,63.0,98.0,406.0
2015-01-18,XAL,O3,1,113.0,26.663716814159294,23.74552988739935,2.0,3.0,21.0,46.0,78.0
2015-01-18,XAL,PM10,2,0.0,,,,,,,
2015-01-18,XAL,PM2.5,2,0.0,,,,,,,
2015-01-18,XAL,PMCO,2,0.0,,,,,,,
2015-01-18,XAL,SO2,1,113.0,6.353982300884955,7.655437323029089,1.0,2.0,3.0,7.0,50.0
2015-01-25,ACO,CO,15,156.0,0.3858974358974361,0.22214459631240704,0.1,0.2,0.3,0.5,1.1
2015-01-25,ACO,NO,1,156.0,11.121794871794872,14.55017700755558,1.0,2.0,4.0,13.25,68.0
2015-01-25,ACO,NO2,1,156.0,16.833333333333332,7.015037611315566,4.0,11.0,17.0,21.0,41.0
2015-01-25,ACO,NOX,1,156.0,27.923076923076923,18.673610311998246,5.0,13.0,23.0,36.25,86.0
2015-01-25,ACO,O3,1,156.0,30.07051282051282,24.221587859696477,2.0,7.0,24.0,52.25,83.0
2015-01-25,ACO,PM10,2,158.0,47.424050632911396,12.756561595611998,21.0,39.0,46.0,54.0,98.0
2015-01-25,ACO,SO2,1,156.0,1.8012820512820513,2.4187970131661674,0.0,1.0,1.0,2.0,14.0
2015-01-25,AJM,CO,15,155.0,0.6980645161290328,0.28840604667498343,0.3,0.5,0.7,0.8,1.9
2015-01-25,AJM,NO,1,151.0,6.324503311258278,11.70045564290792,0.0,0.5,2.0,5.0,68.0
2015-01-25,AJM,NO2,1,151.0,21.821192052980134,11.994491009189863,3.0,12.0,22.0,29.0,55.0
2015-01-25,AJM,NOX,1,151.0,28.198675496688743,20.64817017479585,3.0,13.0,25.0,37.0,115.0
2015-01-25,AJM,O3,1,155.0,40.41290322580645,23.869174572307717,6.0,22.0,38.0,54.5,118.0
2015-01-25,AJM,PM10,2,155.0,42.903225806451616,18.86237724256644,12.0,27.0,43.0,55.5,91.0
2015-01-25,AJM,PM2.5,2,155.0,24.967741935483872,11.330581165295971,4.0,15.0,23.0,34.5,55.0
2015-01-25,AJM,PMCO,2,155.0,17.948387096774194,8.858771827445468,3.0,11.0,16.0,23.0,50.0
2015-01-25,AJM,SO2,1,155.0,2.0838709677419356,2.3739791755825697,0.0,0.0,2.0,3.0,13.0
2015-01-25,AJU,O3,1,159.0,34.75471698113208,26.84288958514253,0.0,10.0,31.0,55.5,114.0
2015-01-25,ATI,CO,15,159.0,0.8528301886792452,0.6849014824059458,0.2,0.4,0.6,1.1,3.6
2015-01-25,ATI,NO,1,158.0,25.962025316455698,40.77433407719672,1.0,3.0,6.0,25.0,185.0
2015-01-25,ATI,NO2,1,158.0,28.841772151898734,15.48926982275221,8.0,17.0,25.0,35.0,96.0
2015-01-25,ATI,NOX,1,158.0,54.75949367088607,50.04920259101812,11.0,20.0,34.0,73.0,222.0
2015-01-25,ATI,O3,1,159.0,25.67295597484277,24.43423020608327,0.0,5.0,18.0,42.0,97.0
2015-01-25,ATI,PM10,2,0.0,,,,,,,
2015-01-25,ATI,SO2,1,159.0,3.6037735849056602,3.6957362842320025,0.0,1.0,3.0,4.0,26.0
2015-01-25,CAM,CO,15,159.0,1.1754716981132074,0.801163472085479,0.3,0.7,0.9,1.4,3.9
2015-01-25,CAM,NO,1,113.0,45.43362831858407,67.22003794923309,2.0,6.0,17.0,55.0,358.0
2015-01-25,CAM,NO2,1,113.0,37.65486725663717,14.660302271966842,13.0,27.0,37.0,47.0,94.0
2015-01-25,CAM,NOX,1,113.0,83.1858407079646,76.54556867277616,18.0,33.0,55.0,101.0,420.0
2015-01-25,CAM,O3,1,159.0,23.59748427672956,25.621914941640284,1.0,2.0,12.0,42.0,103.0
2015-01-25,CAM,PM10,2,157.0,64.24203821656052,26.480617312572985,26.0,44.0,60.0,78.0,158.0
2015-01-25,CAM,PM2.5,2,157.0,35.853503184713375,15.41719622927934,11.0,23.0,34.0,45.0,77.0
2015-01-25,CAM,PMCO,2,157.0,28.40764331210191,14.501085465123978,11.0,17.0,23.0,35.0,87.0
2015-01-25,CAM,SO2,1,156.0,5.423076923076923,5.680797833038164,0.0,1.75,3.0,7.0,34.0
2015-01-25,CCA,CO,15,159.0,0.808805031446541,0.45927621205747865,0.3,0.5,0.7,0.9,3.3
2015-01-25,CCA,NO,1,157.0,21.694267515923567,36.93179132560077,1.0,2.0,7.0,20.0,214.0
2015-01-25,CCA,NO2,1,157.0,30.146496815286625,13.521974180050465,8.0,21.0,28.0,35.0,81.0
2015-01-25,CCA,NOX,1,157.0,51.8343949044586,43.262740399136185,9.0,25.0,39.0,59.0,266.0
2015-01-25,CCA,O3,1,159.0,27.729559748427672,27.873058889010892,1.0,2.5,17.0,48.0,116.0
2015-01-25,CCA,PM2.5,2,161.0,21.341614906832298,8.310464480146488,6.0,15.0,21.0,27.0,41.0
2015-01-25,CCA,SO2,1,159.0,2.308176100628931,2.7580714357575387,0.0,1.0,1.0,3.0,15.0
2015-01-25,CHO,CO,15,0.0,,,,,,,
2015-01-25,CHO,NO,1,0.0,,,,,,,
2015-01-25,CHO,NO2,1,0.0,,,,,,,
2015-01-25,CHO,NOX,1,0.0,,,,,,,
2015-01-25,CHO,O3,1,157.0,29.337579617834393,25.649399988015762,0.0,5.0,28.0,47.0,105.0
2015-01-25,CHO,PM10,2,158.0,69.0,28.82983239057747,9.0,45.25,65.0,85.0,149.0
2015-01-25,CHO,SO2,1,157.0,2.070063694267516,1.7472126141354256,0.0,1.0,2.0,2.0,12.0
2015-01-25,COY,NO,1,0.0,,,,,,,
2015-01-25,COY,NO2,1,0.0,,,,,,,
2015-01-25,COY,NOX,1,0.0,,,,,,,
2015-01-25,COY,O3,1,159.0,26.22641509433962,26.52844771811827,2.0,2.0,17.0,45.5,111.0
2015-01-25,COY,PM2.5,2,149.0,27.778523489932887,15.464801200906729,1.0,19.0,26.0,35.0,114.0
2015-01-25,CUA,CO,15,159.0,0.7006289308176099,0.39337823705126124,0.3,0.5,0.6,0.8,2.6
2015-01-25,CUA,NO,1,159.0,14.735849056603774,24.9052515508781,1.0,3.0,5.0,10.5,140.0
2015-01-25,CUA,NO2,1,159.0,26.440251572327043,12.768925489803708,6.0,17.0,25.0,34.0,65.0
2015-01-25,CUA,NOX,1,159.0,41.18867924528302,33.69242295680533,9.0,21.5,32.0,45.0,199.0
2015-01-25,CUA,O3,1,159.0,31.056603773584907,22.159161114627885,1.0,16.0,27.0,42.0,105.0
2015-01-25,CUA,PM10,2,0.0,,,,,,,
2015-01-25,CUA,SO2,1,159.0,2.911949685534591,2.2540642555922203,1.0,1.0,2.0,4.0,14.0
2015-01-25,CUT,NO,1,159.0,33.490566037735846,40.4540476804016,0.0,3.0,17.0,49.5,211.0
2015-01-25,CUT,NO2,1,159.0,26.88679245283019,11.468162385809004,7.0,20.0,25.0,33.5,63.0
2015-01-25,CUT,NOX,1,159.0,60.327044025157235,45.77649289718911,9.0,24.0,50.0,76.0,259.0
2015-01-25,CUT,O3,1,159.0,19.47798742138365,20.642783542429232,2.0,2.0,8.0,35.0,78.0
2015-01-25,CUT,PM10,2,159.0,89.9119496855346,49.09811716823577,25.0,57.0,75.0,106.5,319.0
2015-01-25,CUT,SO2,1,159.0,3.358490566037736,4.071019868593138,0.0,1.0,2.0,4.0,23.0
2015-01-25,FAC,CO,15,156.0,1.0826923076923074,0.8041957281848551,0.2,0.6,0.7,1.2,3.7
2015-01-25,FAC,NO,1,156.0,39.58974358974359,56.51604074835137,1.0,7.0,15.5,38.0,273.0
2015-01-25,FAC,NO2,1,156.0,33.30769230769231,17.377633152850162,7.0,23.0,28.0,37.0,121.0
2015-01-25,FAC,NOX,1,156.0,72.88461538461539,64.88639815101786,9.0,32.0,47.0,84.25,312.0
2015-01-25,FAC,O3,1,156.0,25.987179487179485,22.68635718479199,3.0,7.0,16.0,42.0,102.0
2015-01-25,FAC,PM10,2,160.0,56.5875,33.23338237980773,11.0,34.0,47.0,68.0,154.0
2015-01-25,FAC,SO2,1,156.0,4.576923076923077,4.664261462181667,1.0,2.0,3.0,5.0,36.0
2015-01-25,HGM,CO,15,159.0,1.0811320754716984,0.5475110323517977,0.4,0.7,0.9,1.2,3.6
2015-01-25,HGM,NO,1,159.0,26.836477987421382,37.00168901615929,0.0,4.0,12.0,32.5,217.0
2015-01-25,HGM,NO2,1,159.0,38.496855345911946,15.098777808630267,12.0,30.5,37.0,44.0,107.0
2015-01-25,HGM,NOX,1,159.0,65.37735849056604,45.13912098846386,14.0,35.5,50.0,83.0,273.0
2015-01-25,HGM,O3,1,159.0,21.031446540880502,21.600639167655167,1.0,2.0,12.0,36.0,88.0
2015-01-25,HGM,PM10,2,158.0,59.879746835443036,22.48434914831643,17.0,43.0,55.0,72.75,146.0
2015-01-25,HGM,PM2.5,2,158.0,32.10126582278481,16.022750494822482,1.0,20.25,30.0,41.0,97.0
2015-01-25,HGM,PMCO,2,158.0,27.841772151898734,10.223939779271735,9.0,20.0,25.5,34.0,55.0
2015-01-25,HGM,SO2,1,159.0,5.1572327044025155,5.854279610845518,1.0,1.0,3.0,6.0,30.0
2015-01-25,IZT,CO,15,159.0,1.3100628930817597,0.7354663524003638,0.5,0.8,1.1,1.5,4.5
2015-01-25,IZT,NO,1,159.0,32.710691823899374,45.67168830697516,2.0,6.0,12.0,40.0,260.0
2015-01-25,IZT,NO2,1,159.0,40.18238993710692,15.395567069494083,11.0,30.5,40.0,48.5,99.0
2015-01-25,IZT,NOX,1,159.0,72.8993710691824,53.180037532959716,16.0,36.0,60.0,88.0,319.0
2015-01-25,IZT,O3,1,159.0,26.71069182389937,26.413063969417248,3.0,4.0,16.0,48.5,114.0
2015-01-25,IZT,PM10,2,161.0,47.1055900621118,15.922312365228262,20.0,36.0,46.0,56.0,105.0
2015-01-25,IZT,SO2,1,159.0,5.069182389937107,5.693789084380404,1.0,2.0,3.0,6.0,29.0
2015-01-25,LLA,CO,15,0.0,,,,,,,
2015-01-25,LLA,NO,1,158.0,40.90506329113924,64.09008269860826,1.0,4.0,14.0,49.5,344.0
2015-01-25,LLA,NO2,1,158.0,30.31645569620253,12.110998637389075,7.0,22.25,31.0,37.75,72.0
2015-01-25,LLA,NOX,1,158.0,71.20886075949367,68.61385106470509,8.0,27.25,50.5,86.0,380.0
2015-01-25,LLA,O3,1,159.0,24.20125786163522,25.267876207311588,1.0,2.0,13.0,45.0,90.0
2015-01-25,LLA,SO2,1,159.0,4.289308176100629,5.844337205060274,0.0,1.0,2.0,5.0,40.0
2015-01-25,LPR,CO,15,0.0,,,,,,,
2015-01-25,LPR,NO,1,0.0,,,,,,,
2015-01-25,LPR,NO2,1,0.0,,,,,,,
2015-01-25,LPR,NOX,1,0.0,,,,,,,
2015-01-25,LPR,O3,1,0.0,,,,,,,
2015-01-25,LPR,SO2,1,0.0,,,,,,,
2015-01-25,MER,CO,15,158.0,1.271518987341773,0.6179988015728384,0.5,0.8,1.1,1.4,3.7
2015-01-25,MER,NO,1,43.0,39.7906976744186,47.09340169105429,1.0,6.5,17.0,52.0,161.0
2015-01-25,MER,NO2,1,43.0,48.06976744186046,13.750143460441578,19.0,40.0,45.0,56.0,83.0
2015-01-25,MER,NOX,1,43.0,87.72093023255815,52.6662110806374,23.0,49.5,70.0,110.0,219.0
2015-01-25,MER,O3,1,158.0,23.227848101265824,26.043544803138552,1.0,2.0,12.0,42.75,106.0
2015-01-25,MER,PM10,2,157.0,70.20382165605096,23.24830814178032,33.0,53.0,69.0,83.0,182.0
2015-01-25,MER,PM2.5,2,157.0,35.28025477707006,17.221719439344408,8.0,22.0,33.0,46.0,139.0
2015-01-25,MER,PMCO,2,157.0,34.93630573248408,11.002727825327508,15.0,27.0,33.0,41.0,72.0
2015-01-25,MER,SO2,1,158.0,5.481012658227848,6.333332626090706,1.0,1.25,3.0,6.0,33.0
2015-01-25,MGH,CO,15,159.0,0.9182389937106918,0.5275757004787935,0.2,0.5,0.8,1.1,2.7
2015-01-25,MGH,NO,1,159.0,42.081761006289305,51.59984404763245,2.0,6.0,16.0,65.0,244.0
2015-01-25,MGH,NO2,1,159.0,36.333333333333336,15.82925774772405,8.0,27.0,35.0,44.5,107.0
2015-01-25,MGH,NOX,1,159.0,78.44654088050315,59.209523673603066,12.0,35.0,59.0,103.0,293.0
2015-01-25,MGH,O3,1,159.0,23.71069182389937,25.98571806183614,0.0,1.0,15.0,40.5,107.0
2015-01-25,MGH,PM10,2,161.0,48.2360248447205,19.83794203286669,19.0,31.0,46.0,64.0,113.0
2015-01-25,MGH,PM2.5,2,161.0,29.559006211180126,14.0249085204222,9.0,18.0,29.0,39.0,74.0
2015-01-25,MGH,PMCO,2,161.0,18.652173913043477,7.767126937907296,7.0,13.0,18.0,23.0,44.0
2015-01-25,MGH,SO2,1,159.0,3.2327044025157234,4.158558307500234,0.0,1.0,2.0,4.0,22.0
2015-01-25,MON,CO,15,0.0,,,,,,,
2015-01-25,MON,NO,1,159.0,28.80503144654088,52.42915388460854,1.0,2.0,4.0,31.0,301.0
2015-01-25,MON,NO2,1,159.0,19.559748427672957,10.412134592472075,5.0,10.0,19.0,26.0,53.0
2015-01-25,MON,NOX,1,159.0,48.40251572327044,57.86968331342099,6.0,12.0,25.0,59.5,338.0
2015-01-25,MON,O3,1,0.0,,,,,,,
2015-01-25,MON,SO2,1,0.0,,,,,,,
2015-01-25,NEZ,CO,15,159.0,0.961006289308176,0.6551559819765737,0.2,0.5,0.8,1.25,4.1
2015-01-25,NEZ,NO,1,154.0,21.51948051948052,34.13855290576356,0.0,3.0,6.0,26.25,208.0
2015-01-25,NEZ,NO2,1,154.0,33.467532467532465,15.013357377809967,9.0,21.25,35.0,43.75,81.0
2015-01-25,NEZ,NOX,1,154.0,54.98701298701299,43.05658034819853,11.0,24.25,44.0,73.5,256.0
2015-01-25,NEZ,O3,1,159.0,27.232704402515722,25.207291231854178,0.0,4.0,20.0,46.5,94.0
2015-01-25,NEZ,PM2.5,2,161.0,27.540372670807454,10.835124473685037,1.0,20.0,26.0,33.0,61.0
2015-01-25,NEZ,SO2,1,159.0,4.823899371069182,5.88769860176731,0.0,2.0,3.0,6.0,37.0
2015-01-25,PED,CO,15,159.0,0.42389937106918263,0.3656897625965981,0.0,0.1,0.3,0.5,1.8
2015-01-25,PED,NO,1,159.0,14.39622641509434,23.538016346286103,1.0,2.0,4.0,13.0,111.0
2015-01-25,PED,NO2,1,159.0,28.452830188679247,14.457575699400405,8.0,17.0,26.0,36.5,78.0
2015-01-25,PED,NOX,1,159.0,42.855345911949684,32.83557743197125,10.0,19.5,32.0,54.0,157.0
2015-01-25,PED,O3,1,159.0,31.628930817610062,26.592459542994817,1.0,9.0,26.0,48.5,119.0
2015-01-25,PED,PM10,2,155.0,48.86451612903226,22.06809927125957,10.0,32.0,46.0,63.0,103.0
2015-01-25,PED,PM2.5,2,155.0,25.451612903225808,13.204777543717018,3.0,15.5,24.0,34.0,66.0
2015-01-25,PED,PMCO,2,155.0,23.393548387096775,11.040360886131403,5.0,15.0,22.0,30.0,56.0
2015-01-25,PED,SO2,1,159.0,3.40251572327044,2.8039743422672365,1.0,2.0,2.0,4.0,18.0
2015-01-25,SAG,CO,15,159.0,1.0874213836477988,0.6699463551511803,0.4,0.6,0.9,1.25,4.8
2015-01-25,SAG,NO,1,159.0,31.144654088050313,48.374179282343874,1.0,5.0,13.0,35.0,334.0
2015-01-25,SAG,NO2,1,159.0,30.547169811320753,10.05912779846833,10.0,24.0,31.0,38.0,61.0
2015-01-25,SAG,NOX,1,159.0,61.61006289308176,51.41835262535041,12.0,29.0,49.0,74.0,366.0
2015-01-25,SAG,O3,1,159.0,24.339622641509433,24.2408354570169,1.0,3.0,17.0,44.0,95.0
2015-01-25,SAG,PM10,2,160.0,77.525,49.770157257729444,14.0,53.75,67.0,83.0,415.0
2015-01-25,SAG,PM2.5,2,160.0,34.25625,13.553642261527305,7.0,25.0,33.5,42.0,75.0
2015-01-25,SAG,PMCO,2,160.0,43.28125,48.2059486236336,6.0,25.75,31.0,40.0,382.0
2015-01-25,SAG,SO2,1,159.0,4.761006289308176,5.900503217648409,0.0,2.0,3.0,6.0,41.0
2015-01-25,SFE,CO,15,0.0,,,,,,,
2015-01-25,SFE,NO,1,157.0,11.006369426751592,16.96357213805988,0.0,2.0,3.0,14.0,104.0
2015-01-25,SFE,NO2,1,157.0,25.81528662420382,11.86074199696638,7.0,18.0,24.0,31.0,73.0
2015-01-25,SFE,NOX,1,157.0,36.802547770700635,25.04903895245512,9.0,21.0,28.0,44.0,154.0
2015-01-25,SFE,O3,1,157.0,33.00636942675159,24.263377704513438,1.0,14.0,29.0,45.0,115.0
2015-01-25,SFE,PM10,2,148.0,46.554054054054056,25.845507454133777,8.0,25.0,42.0,61.0,117.0
2015-01-25,SFE,PM2.5,2,148.0,24.75,16.019492802828182,2.0,13.0,19.5,34.0,71.0
2015-01-25,SFE,PMCO,2,148.0,21.83783783783784,11.877523536549173,3.0,12.0,20.0,29.0,66.0
2015-01-25,SFE,SO2,1,136.0,2.0808823529411766,1.8421209477275493,0.0,1.0,1.0,3.0,15.0
2015-01-25,SJA,CO,15,158.0,0.876582278481013,0.6934789726760432,0.1,0.4,0.7,1.0750000000000002,4.0
2015-01-25,SJA,NO,1,155.0,41.95483870967742,58.22932071877466,0.0,4.0,17.0,57.0,261.0
2015-01-25,SJA,NO2,1,155.0,36.39354838709677,13.595500007137362,11.0,28.0,36.0,45.0,71.0
2015-01-25,SJA,NOX,1,155.0,78.3225806451613,63.149167405013166,14.0,30.0,61.0,100.5,306.0
2015-01-25,SJA,O3,1,158.0,25.664556962025316,27.65221009342424,1.0,2.0,13.5,47.0,111.0
2015-01-25,SJA,PM2.5,2,158.0,28.069620253164558,10.889202908489782,4.0,19.25,28.0,35.0,59.0
2015-01-25,SJA,SO2,1,158.0,4.8544303797468356,4.347670800924483,1.0,2.0,3.0,6.0,30.0
2015-01-25,SUR,CO,15,160.0,1.0068749999999997,0.5184788921790552,0.3,0.6749999999999999,0.9,1.2,2.9
2015-01-25,SUR,NO,1,160.0,21.5875,35.54116888250287,1.0,2.0,7.0,24.25,175.0
2015-01-25,SUR,NO2,1,160.0,29.6625,13.422447873552686,5.0,22.0,29.0,36.25,81.0
2015-01-25,SUR,NOX,1,160.0,51.20625,40.50422710683434,7.0,26.0,41.0,63.25,213.0
2015-01-25,SUR,O3,1,160.0,26.775,26.70781809077283,1.0,2.0,19.0,45.25,113.0
2015-01-25,SUR,PM10,2,156.0,47.955128205128204,19.62202283108083,7.0,35.75,46.0,61.0,113.0
2015-01-25,SUR,SO2,1,160.0,2.59375,2.3878541589210864,0.0,1.0,2.0,3.0,14.0
2015-01-25,TAH,CO,15,128.0,0.5125000000000002,0.34754481951944427,0.0,0.3,0.45,0.7,1.8
2015-01-25,TAH,NO,1,128.0,8.140625,11.99785701009333,1.0,2.0,3.5,8.25,62.0
2015-01-25,TAH,NO2,1,128.0,21.0859375,11.09800815195884,2.0,14.0,21.0,26.0,58.0
2015-01-25,TAH,NOX,1,128.0,29.234375,18.366986977452815,4.0,17.0,25.5,37.0,92.0
2015-01-25,TAH,O3,1,128.0,32.6875,25.378628866619376,3.0,12.0,27.5,49.25,106.0
2015-01-25,TAH,PM10,2,128.0,52.1796875,21.16542775813991,12.0,36.0,48.5,66.0,116.0
2015-01-25,TAH,SO2,1,127.0,2.661417322834646,2.479184685619815,0.0,1.0,2.0,3.0,13.0
2015-01-25,TLA,CO,15,159.0,1.1698113207547172,0.6493185051550989,0.4,0.7,0.9,1.4,3.5
2015-01-25,TLA,NO,1,154.0,39.76623376623377,52.02874924322396,2.0,9.0,16.5,39.75,223.0
2015-01-25,TLA,NO2,1,154.0,39.175324675324674,16.332786352138935,13.0,29.0,35.0,44.5,99.0
2015-01-25,TLA,NOX,1,154.0,78.96103896103897,60.6037039266781,20.0,40.0,52.5,96.5,272.0
2015-01-25,TLA,O3,1,159.0,22.61635220125786,24.065785035900166,1.0,3.0,12.0,35.5,91.0
2015-01-25,TLA,PM10,2,0.0,,,,,,,
2015-01-25,TLA,PM2.5,2,0.0,,,,,,,
2015-01-25,TLA,PMCO,2,0.0,,,,,,,
2015-01-25,TLA,SO2,1,159.0,6.666666666666667,6.086576500965852,1.0,2.0,5.0,8.0,36.0
2015-01-25,TLI,CO,15,159.0,0.7572327044025159,0.7407197252191383,0.0,0.3,0.5,0.9,3.3
2015-01-25,TLI,NO,1,159.0,37.78616352201258,53.09310722860625,2.0,5.0,14.0,42.0,229.0
2015-01-25,TLI,NO2,1,159.0,35.9622641509434,14.197025358094919,11.0,26.5,36.0,44.5,76.0
2015-01-25,TLI,NOX,1,159.0,73.77358490566037,61.284037251777384,14.0,32.0,54.0,90.5,271.0
2015-01-25,TLI,O3,1,159.0,16.18867924528302,16.962419299667467,1.0,2.0,8.0,29.5,60.0
2015-01-25,TLI,PM10,2,161.0,68.85093167701864,38.96588430603819,10.0,42.0,58.0,87.0,190.0
2015-01-25,TLI,SO2,1,159.0,6.716981132075472,11.143558095657216,0.0,1.0,2.0,5.5,64.0
2015-01-25,TPN,NO,1,152.0,9.348684210526315,12.125316883096733,0.0,2.0,5.0,11.0,80.0
2015-01-25,TPN,NO2,1,152.0,17.92763157894737,11.669909215945092,2.0,8.0,13.0,26.25,55.0
2015-01-25,TPN,NOX,1,152.0,27.276315789473685,21.988015208898894,3.0,11.0,21.0,35.25,135.0
2015-01-25,TPN,O3,1,152.0,36.3421052631579,22.745090515502085,6.0,17.0,31.5,49.25,107.0
2015-01-25,TPN,SO2,1,152.0,1.9605263157894737,1.7750350390996177,1.0,1.0,1.0,2.0,13.0
2015-01-25,UAX,CO,15,159.0,0.7037735849056604,0.33505842914840417,0.2,0.4,0.6,0.9,1.8
2015-01-25,UAX,NO,1,158.0,12.721518987341772,19.542171748781477,0.0,1.0,3.0,16.75,116.0
2015-01-25,UAX,NO2,1,158.0,25.082278481012658,11.986704518812392,4.0,16.0,25.5,32.0,66.0
2015-01-25,UAX,NOX,1,158.0,37.822784810126585,25.81524730598802,5.0,17.0,34.0,49.75,145.0
2015-01-25,UAX,O3,1,159.0,31.056603773584907,26.304508272941572,0.0,6.0,26.0,49.5,103.0
2015-01-25,UAX,PM2.5,2,150.0,27.36,10.64262671316178,7.0,21.0,26.5,33.0,66.0
2015-01-25,UAX,SO2,1,159.0,2.559748427672956,1.6519692696767645,1.0,2.0,2.0,3.0,10.0
2015-01-25,UIZ,CO,15,158.0,1.1139240506329118,0.6776193202968301,0.4,0.7,0.9,1.3,4.2
2015-01-25,UIZ,NO,1,158.0,25.436708860759495,41.12640659036133,0.0,2.0,5.0,30.75,207.0
2015-01-25,UIZ,NO2,1,158.0,34.677215189873415,16.124226732989023,7.0,23.25,34.5,43.0,87.0
2015-01-25,UIZ,NOX,1,158.0,60.120253164556964,50.90848009082996,8.0,26.25,42.5,75.75,280.0
2015-01-25,UIZ,O3,1,158.0,28.924050632911392,26.771156715680206,2.0,4.0,19.5,50.0,107.0
2015-01-25,UIZ,PM10,2,144.0,69.52777777777777,25.31975774153718,20.0,49.0,65.0,87.0,142.0
2015-01-25,UIZ,PM2.5,2,144.0,34.548611111111114,15.381320912799815,3.0,24.0,32.0,44.0,75.0
2015-01-25,UIZ,PMCO,2,144.0,34.888888888888886,14.618271501578487,15.0,24.0,32.0,44.0,82.0
2015-01-25,UIZ,SO2,1,158.0,4.531645569620253,4.704884148889395,1.0,2.0,3.0,5.0,29.0
2015-01-25,VIF,CO,15,159.0,0.8660377358490569,0.593192413196024,0.2,0.45,0.7,1.1,3.2
2015-01-25,VIF,NO,1,159.0,30.92452830188679,41.54173548324188,0.0,3.0,8.0,46.5,192.0
2015-01-25,VIF,NO2,1,159.0,27.867924528301888,11.225599816258118,6.0,22.0,28.0,34.0,61.0
2015-01-25,VIF,NOX,1,159.0,58.77358490566038,47.069155226920884,7.0,25.0,41.0,84.0,218.0
2015-01-25,VIF,O3,1,159.0,22.572327044025158,24.376129410899548,1.0,2.0,12.0,41.0,92.0
2015-01-25,VIF,PM10,2,159.0,85.81132075471699,39.49061253797304,15.0,58.0,77.0,106.5,210.0
2015-01-25,VIF,SO2,1,159.0,5.251572327044025,7.92925088921012,1.0,1.0,2.0,5.0,55.0
2015-01-25,XAL,CO,15,159.0,1.5201257861635222,1.0572103172802356,0.5,0.9,1.2,1.7,7.8
2015-01-25,XAL,NO,1,157.0,59.547770700636946,86.77538392086636,2.0,11.0,29.0,71.0,664.0
2015-01-25,XAL,NO2,1,157.0,39.031847133757964,12.443936007594116,15.0,31.0,38.0,45.0,82.0
2015-01-25,XAL,NOX,1,157.0,98.55414012738854,91.44624278387784,19.0,44.0,71.0,113.0,717.0
2015-01-25,XAL,O3,1,159.0,19.89308176100629,19.09787952805117,2.0,2.0,13.0,35.0,69.0
2015-01-25,XAL,PM10,2,0.0,,,,,,,
2015-01-25,XAL,PM2.5,2,0.0,,,,,,,
2015-01-25,XAL,PMCO,2,0.0,,,,,,,
2015-01-25,XAL,SO2,1,159.0,6.849056603773585,6.165634320386273,1.0,3.0,4.0,9.0,27.0
2015-02-01,ACO,CO,15,159.0,0.29371069182389953,0.1756310627463635,0.1,0.2,0.2,0.4,0.8
2015-02-01,ACO,NO,1,159.0,9.075471698113208,11.926752807418172,0.0,2.0,4.0,11.0,58.0
2015-02-01,ACO,NO2,1,159.0,12.19496855345912,6.286894131084166,2.0,7.0,12.0,17.0,30.0
2015-02-01,ACO,NOX,1,159.0,21.264150943396228,15.827172928662291,3.0,9.0,16.0,28.5,74.0
2015-02-01,ACO,O3,1,158.0,25.170886075949365,17.468877890444773,2.0,8.0,24.5,39.0,67.0
2015-02-01,ACO,PM10,2,161.0,36.869565217391305,19.82899721203225,8.0,22.0,33.0,44.0,138.0
2015-02-01,ACO,SO2,1,158.0,1.3734177215189873,3.3050514844466683,0.0,0.0,1.0,1.0,25.0
2015-02-01,AJM,CO,15,158.0,0.5550632911392404,0.3197426250708349,0.1,0.3,0.5,0.7,1.7
2015-02-01,AJM,NO,1,158.0,9.30379746835443,14.746135782611976,0.0,1.0,4.0,9.0,88.0
2015-02-01,AJM,NO2,1,158.0,21.056962025316455,14.150349940930013,2.0,10.0,19.5,29.0,65.0
2015-02-01,AJM,NOX,1,158.0,30.348101265822784,26.108525882561448,2.0,11.0,24.5,37.0,130.0
2015-02-01,AJM,O3,1,158.0,32.28481012658228,19.316370988886064,5.0,17.0,27.5,43.5,90.0
2015-02-01,AJM,PM10,2,154.0,34.20779220779221,20.864228174462077,4.0,18.25,31.0,46.0,100.0
2015-02-01,AJM,PM2.5,2,154.0,16.194805194805195,11.766840482012288,2.0,8.0,13.5,19.0,66.0
2015-02-01,AJM,PMCO,2,154.0,18.0,11.295785552223894,2.0,8.25,17.0,27.0,52.0
2015-02-01,AJM,SO2,1,158.0,3.8797468354430378,5.441475065725605,0.0,0.0,1.5,5.0,28.0
2015-02-01,AJU,O3,1,153.0,27.830065359477125,22.5262393343481,0.0,8.0,23.0,43.0,89.0
2015-02-01,ATI,CO,15,135.0,0.7325925925925924,0.6464402674243817,0.2,0.3,0.5,0.8,3.4
2015-02-01,ATI,NO,1,135.0,23.31111111111111,40.48299194496276,1.0,4.0,8.0,20.0,197.0
2015-02-01,ATI,NO2,1,135.0,22.31851851851852,10.772859659882338,6.0,15.0,21.0,26.0,65.0
2015-02-01,ATI,NOX,1,135.0,45.666666666666664,46.18505928861125,8.0,20.0,29.0,48.0,234.0
2015-02-01,ATI,O3,1,135.0,21.59259259259259,20.178789032307975,0.0,5.0,12.0,37.5,68.0
2015-02-01,ATI,PM10,2,46.0,44.630434782608695,20.877801816658096,15.0,29.25,38.0,53.75,106.0
2015-02-01,ATI,SO2,1,135.0,6.059259259259259,9.633401906026227,0.0,1.0,3.0,6.0,66.0
2015-02-01,CAM,CO,15,159.0,0.8918238993710697,0.5898904160685348,0.2,0.5,0.7,1.1,3.7
2015-02-01,CAM,NO,1,159.0,38.9811320754717,50.16876224344594,2.0,10.0,19.0,49.0,317.0
2015-02-01,CAM,NO2,1,159.0,33.283018867924525,13.956139284922175,7.0,26.5,32.0,39.0,99.0
2015-02-01,CAM,NOX,1,159.0,72.22641509433963,57.8788482088103,11.0,35.5,54.0,89.0,367.0
2015-02-01,CAM,O3,1,159.0,19.628930817610062,20.242064692783423,1.0,2.0,11.0,36.0,71.0
2015-02-01,CAM,PM10,2,161.0,50.56521739130435,23.089982299878358,17.0,33.0,47.0,62.0,157.0
2015-02-01,CAM,PM2.5,2,161.0,24.279503105590063,11.992816172674065,6.0,15.0,21.0,30.0,71.0
2015-02-01,CAM,PMCO,2,161.0,26.32919254658385,14.86429295220409,5.0,16.0,25.0,32.0,101.0
2015-02-01,CAM,SO2,1,159.0,8.20125786163522,10.037764057225576,0.0,2.0,4.0,10.5,49.0
2015-02-01,CCA,CO,15,159.0,0.7132075471698114,0.4781442512526643,0.1,0.4,0.6,0.9,2.6
2015-02-01,CCA,NO,1,159.0,22.635220125786162,37.3375674296701,1.0,3.0,7.0,23.5,172.0
2015-02-01,CCA,NO2,1,159.0,27.452830188679247,12.633939679005666,3.0,19.0,26.0,34.0,64.0
2015-02-01,CCA,NOX,1,159.0,50.069182389937104,43.55181978160393,4.0,24.5,36.0,56.5,213.0
2015-02-01,CCA,O3,1,159.0,23.062893081761008,22.528374663850602,1.0,3.0,14.0,39.5,78.0
2015-02-01,CCA,PM2.5,2,161.0,14.627329192546584,7.709425947968171,1.0,9.0,13.0,19.0,48.0
2015-02-01,CCA,SO2,1,159.0,4.383647798742138,5.36255033570942,0.0,1.0,2.0,5.0,23.0
2015-02-01,CHO,CO,15,0.0,,,,,,,
2015-02-01,CHO,NO,1,0.0,,,,,,,
2015-02-01,CHO,NO2,1,0.0,,,,,,,
2015-02-01,CHO,NOX,1,0.0,,,,,,,
2015-02-01,CHO,O3,1,157.0,23.363057324840764,22.1516199749798,1.0,3.0,14.0,41.0,83.0
2015-02-01,CHO,PM10,2,156.0,72.28205128205128,34.53166753665205,11.0,49.5,67.0,89.5,190.0
2015-02-01,CHO,SO2,1,157.0,2.656050955414013,3.329574885847109,0.0,1.0,2.0,3.0,22.0
2015-02-01,COY,NO,1,0.0,,,,,,,
2015-02-01,COY,NO2,1,0.0,,,,,,,
2015-02-01,COY,NOX,1,0.0,,,,,,,
2015-02-01,COY,O3,1,159.0,22.28930817610063,20.85402729886103,2.0,4.0,14.0,38.0,73.0
2015-02-01,COY,PM2.5,2,142.0,21.197183098591548,14.16330261432553,2.0,12.0,17.0,27.0,70.0
2015-02-01,CUA,CO,15,156.0,0.5557692307692302,0.4080228305780854,0.1,0.3,0.5,0.7,3.2
2015-02-01,CUA,NO,1,154.0,16.584415584415584,30.586788830529695,1.0,4.0,6.0,16.0,198.0
2015-02-01,CUA,NO2,1,154.0,22.071428571428573,11.948750662319862,5.0,13.0,20.0,29.0,57.0
2015-02-01,CUA,NOX,1,154.0,38.68181818181818,38.323648315394266,7.0,17.0,26.0,47.0,251.0
2015-02-01,CUA,O3,1,23.0,35.82608695652174,21.12872274656435,7.0,20.5,32.0,46.0,81.0
2015-02-01,CUA,PM10,2,0.0,,,,,,,
2015-02-01,CUA,SO2,1,156.0,5.647435897435898,5.835159822760187,1.0,2.0,3.0,7.0,27.0
2015-02-01,CUT,NO,1,158.0,32.0,44.007092653590014,1.0,3.0,8.0,49.75,218.0
2015-02-01,CUT,NO2,1,158.0,19.803797468354432,10.437840797752628,5.0,11.0,20.0,25.75,65.0
2015-02-01,CUT,NOX,1,158.0,51.86708860759494,49.88255051866208,6.0,14.25,30.5,74.75,257.0
2015-02-01,CUT,O3,1,158.0,17.481012658227847,16.810946357636418,2.0,2.0,11.5,31.0,74.0
2015-02-01,CUT,PM10,2,160.0,68.9625,39.426531867440964,14.0,43.0,58.0,82.0,226.0
2015-02-01,CUT,SO2,1,158.0,3.759493670886076,5.322025355268919,0.0,1.0,1.0,4.0,32.0
2015-02-01,FAC,CO,15,159.0,0.8635220125786169,0.6550119704817654,0.3,0.5,0.6,1.0,3.7
2015-02-01,FAC,NO,1,159.0,31.339622641509433,48.59765454942041,1.0,6.5,12.0,27.0,250.0
2015-02-01,FAC,NO2,1,159.0,25.0251572327044,13.256452780560213,6.0,16.0,23.0,29.0,88.0
2015-02-01,FAC,NOX,1,159.0,56.40251572327044,54.15730948677444,10.0,24.0,35.0,63.5,278.0
2015-02-01,FAC,O3,1,159.0,24.87421383647799,19.14592270385088,3.0,9.0,19.0,39.0,79.0
2015-02-01,FAC,PM10,2,157.0,44.968152866242036,26.56979690294342,3.0,25.0,39.0,61.0,121.0
2015-02-01,FAC,SO2,1,159.0,7.19496855345912,7.72999908905081,2.0,2.0,4.0,9.0,42.0
2015-02-01,HGM,CO,15,159.0,0.9119496855345919,0.5015627199158588,0.3,0.6,0.8,1.0,2.9
2015-02-01,HGM,NO,1,159.0,26.270440251572328,36.67349705869095,0.0,5.0,10.0,33.0,172.0
2015-02-01,HGM,NO2,1,159.0,32.295597484276726,13.775116741961837,10.0,24.0,31.0,37.5,83.0
2015-02-01,HGM,NOX,1,159.0,58.54716981132076,44.96478201533031,13.0,29.0,41.0,72.0,223.0
2015-02-01,HGM,O3,1,159.0,17.855345911949687,16.941013254853043,1.0,3.0,11.0,31.5,60.0
2015-02-01,HGM,PM10,2,73.0,49.75342465753425,19.77567306195348,17.0,35.0,46.0,63.0,112.0
2015-02-01,HGM,PM2.5,2,73.0,23.73972602739726,14.175514293296454,2.0,15.0,21.0,29.0,78.0
2015-02-01,HGM,PMCO,2,73.0,26.123287671232877,9.920440746088426,8.0,17.0,27.0,34.0,46.0
2015-02-01,HGM,SO2,1,159.0,8.213836477987421,9.990099389955663,1.0,2.0,4.0,9.0,46.0
2015-02-01,IZT,CO,15,159.0,1.0893081761006294,0.5944459387081824,0.4,0.7,0.9,1.2,3.1
2015-02-01,IZT,NO,1,159.0,32.79245283018868,43.883919876104756,1.0,7.0,14.0,34.5,213.0
2015-02-01,IZT,NO2,1,159.0,33.60377358490566,13.118746306613014,9.0,27.0,33.0,39.0,84.0
2015-02-01,IZT,NOX,1,159.0,66.42767295597484,50.39319563264051,13.0,33.0,52.0,79.0,249.0
2015-02-01,IZT,O3,1,159.0,22.660377358490567,21.21285441098775,3.0,4.0,14.0,39.0,77.0
2015-02-01,IZT,PM10,2,161.0,39.87577639751553,16.129847241982464,15.0,29.0,36.0,48.0,107.0
2015-02-01,IZT,SO2,1,159.0,7.39622641509434,8.79946694870338,1.0,1.0,4.0,9.0,42.0
2015-02-01,LLA,CO,15,0.0,,,,,,,
2015-02-01,LLA,NO,1,159.0,30.20754716981132,39.9670870085067,1.0,4.0,14.0,36.5,229.0
2015-02-01,LLA,NO2,1,159.0,22.251572327044027,9.028063527492733,4.0,15.0,23.0,28.0,45.0
2015-02-01,LLA,NOX,1,159.0,52.44654088050314,44.88672773288734,5.0,20.0,38.0,68.0,255.0
2015-02-01,LLA,O3,1,159.0,20.67924528301887,19.07457740617772,1.0,3.0,13.0,36.5,74.0
2015-02-01,LLA,SO2,1,159.0,5.182389937106918,7.972147198898846,0.0,1.0,2.0,5.0,49.0
2015-02-01,LPR,CO,15,0.0,,,,,,,
2015-02-01,LPR,NO,1,0.0,,,,,,,
2015-02-01,LPR,NO2,1,0.0,,,,,,,
2015-02-01,LPR,NOX,1,0.0,,,,,,,
2015-02-01,LPR,O3,1,0.0,,,,,,,
2015-02-01,LPR,SO2,1,0.0,,,,,,,
2015-02-01,MER,CO,15,159.0,1.1440251572327047,0.5653039056049599,0.4,0.7,0.9,1.45,3.1
2015-02-01,MER,NO,1,0.0,,,,,,,
2015-02-01,MER,NO2,1,0.0,,,,,,,
2015-02-01,MER,NOX,1,0.0,,,,,,,
2015-02-01,MER,O3,1,159.0,18.641509433962263,19.492381835115047,0.0,1.0,11.0,32.5,70.0
2015-02-01,MER,PM10,2,161.0,58.26086956521739,21.55386326715307,22.0,41.0,54.0,70.0,114.0
2015-02-01,MER,PM2.5,2,161.0,23.422360248447205,12.460758279270566,3.0,14.0,21.0,30.0,72.0
2015-02-01,MER,PMCO,2,161.0,34.81987577639752,14.009768109589537,13.0,25.0,33.0,43.0,89.0
2015-02-01,MER,SO2,1,159.0,8.062893081761006,9.777062755964383,1.0,1.5,4.0,10.0,44.0
2015-02-01,MGH,CO,15,159.0,0.8660377358490567,0.50413859214107,0.2,0.6,0.7,1.05,2.9
2015-02-01,MGH,NO,1,159.0,42.45283018867924,59.94118405351035,3.0,9.0,16.0,53.0,342.0
2015-02-01,MGH,NO2,1,159.0,30.251572327044027,13.348763064802744,6.0,23.0,29.0,35.0,86.0
2015-02-01,MGH,NOX,1,159.0,72.65408805031447,65.39180719610023,9.0,32.0,47.0,91.5,373.0
2015-02-01,MGH,O3,1,159.0,20.138364779874212,20.257356215790725,0.0,4.0,12.0,35.0,76.0
2015-02-01,MGH,PM10,2,161.0,38.41614906832298,17.002043629447602,9.0,25.0,35.0,49.0,91.0
2015-02-01,MGH,PM2.5,2,161.0,20.366459627329192,11.244270452653756,5.0,12.0,17.0,26.0,65.0
2015-02-01,MGH,PMCO,2,161.0,18.099378881987576,8.801423868431813,4.0,11.0,18.0,23.0,53.0
2015-02-01,MGH,SO2,1,159.0,5.377358490566038,6.564846200520921,0.0,1.0,3.0,6.5,28.0
2015-02-01,MON,CO,15,0.0,,,,,,,
2015-02-01,MON,NO,1,67.0,18.611940298507463,34.849875102545916,1.0,2.0,2.0,16.5,172.0
2015-02-01,MON,NO2,1,67.0,14.537313432835822,7.9416973191731675,3.0,8.0,14.0,21.0,31.0
2015-02-01,MON,NOX,1,67.0,33.1044776119403,39.75841223292981,5.0,10.0,15.0,40.5,195.0
2015-02-01,MON,O3,1,0.0,,,,,,,
2015-02-01,MON,SO2,1,0.0,,,,,,,
2015-02-01,NEZ,CO,15,159.0,0.7641509433962265,0.43272510332377645,0.2,0.5,0.6,0.95,2.4
2015-02-01,NEZ,NO,1,159.0,18.163522012578618,23.224788757561875,1.0,4.0,8.0,22.0,124.0
2015-02-01,NEZ,NO2,1,159.0,27.28301886792453,10.968962008212827,9.0,18.5,27.0,34.0,63.0
2015-02-01,NEZ,NOX,1,159.0,45.471698113207545,30.09727085502846,11.0,23.0,37.0,58.0,162.0
2015-02-01,NEZ,O3,1,159.0,21.830188679245282,20.37471986207039,0.0,3.0,15.0,39.5,75.0
2015-02-01,NEZ,PM2.5,2,161.0,20.919254658385093,10.598334276715082,3.0,14.0,20.0,26.0,67.0
2015-02-01,NEZ,SO2,1,159.0,5.484276729559748,8.858847644802477,0.0,1.0,1.0,5.0,51.0
2015-02-01,PED,CO,15,159.0,0.37484276729559757,0.3367695665350304,0.0,0.1,0.3,0.5,1.5
2015-02-01,PED,NO,1,159.0,15.30188679245283,24.794791898264478,1.0,2.0,5.0,14.5,146.0
2015-02-01,PED,NO2,1,159.0,26.0,13.512301006157784,4.0,15.5,25.0,32.0,71.0
2015-02-01,PED,NOX,1,159.0,41.23270440251572,33.39847547656785,5.0,19.0,33.0,49.0,185.0
2015-02-01,PED,O3,1,159.0,25.962264150943398,21.507986974655125,1.0,9.0,19.0,43.0,84.0
2015-02-01,PED,PM10,2,119.0,46.19327731092437,21.399460357097542,8.0,30.0,42.0,59.0,99.0
2015-02-01,PED,PM2.5,2,119.0,18.04201680672269,11.898151799208282,1.0,9.0,15.0,24.0,55.0
2015-02-01,PED,PMCO,2,119.0,28.176470588235293,15.80101212099581,2.0,18.0,26.0,35.0,91.0
2015-02-01,PED,SO2,1,159.0,5.452830188679245,6.342241460987008,1.0,2.0,3.0,6.0,32.0
2015-02-01,SAG,CO,15,159.0,0.8773584905660375,0.5602807307532566,0.2,0.5,0.7,1.0,3.4
2015-02-01,SAG,NO,1,159.0,27.58490566037736,38.70029304942403,0.0,6.0,11.0,26.5,213.0
2015-02-01,SAG,NO2,1,159.0,24.566037735849058,8.85861398843156,8.0,17.5,25.0,31.0,49.0
2015-02-01,SAG,NOX,1,159.0,52.125786163522015,42.63099575684114,8.0,23.0,39.0,58.5,240.0
2015-02-01,SAG,O3,1,159.0,20.69182389937107,18.90715144505541,1.0,3.0,13.0,36.0,76.0
2015-02-01,SAG,PM10,2,151.0,59.966887417218544,59.11270785187034,20.0,37.0,50.0,68.5,610.0
2015-02-01,SAG,PM2.5,2,151.0,22.90066225165563,13.042880544259855,2.0,13.5,20.0,29.0,75.0
2015-02-01,SAG,PMCO,2,151.0,37.09933774834437,54.313626892568735,9.0,21.0,28.0,39.0,559.0
2015-02-01,SAG,SO2,1,159.0,7.710691823899371,8.47135598963711,2.0,3.0,4.0,8.0,48.0
2015-02-01,SFE,CO,15,0.0,,,,,,,
2015-02-01,SFE,NO,1,155.0,13.483870967741936,23.949176391963285,0.0,2.0,4.0,13.0,146.0
2015-02-01,SFE,NO2,1,155.0,22.296774193548387,10.575746692221358,4.0,14.0,21.0,29.0,63.0
2015-02-01,SFE,NOX,1,155.0,35.78709677419355,29.879625837982754,5.0,17.0,28.0,40.5,179.0
2015-02-01,SFE,O3,1,155.0,26.81290322580645,20.390278781548698,1.0,11.0,20.0,39.0,85.0
2015-02-01,SFE,PM10,2,148.0,38.2972972972973,23.769144653177282,4.0,21.0,34.0,52.0,126.0
2015-02-01,SFE,PM2.5,2,148.0,16.2972972972973,13.477347818110683,1.0,7.0,12.0,20.0,76.0
2015-02-01,SFE,PMCO,2,148.0,22.0,12.82747900746966,3.0,11.0,20.0,30.25,61.0
2015-02-01,SFE,SO2,1,0.0,,,,,,,
2015-02-01,SJA,CO,15,159.0,0.6352201257861637,0.5426305320159687,0.0,0.3,0.5,0.8,2.6
2015-02-01,SJA,NO,1,159.0,33.283018867924525,45.525779603981256,0.0,4.0,12.0,48.0,219.0
2015-02-01,SJA,NO2,1,159.0,28.031446540880502,12.14335333311013,6.0,18.5,28.0,35.0,62.0
2015-02-01,SJA,NOX,1,159.0,61.289308176100626,50.735270471059046,7.0,22.0,45.0,79.5,243.0
2015-02-01,SJA,O3,1,159.0,22.132075471698112,22.335223135231878,1.0,2.0,12.0,39.0,78.0
2015-02-01,SJA,PM2.5,2,152.0,19.855263157894736,10.744724807484252,2.0,13.0,19.0,25.0,104.0
2015-02-01,SJA,SO2,1,159.0,6.383647798742138,8.484385316820719,1.0,2.0,3.0,7.0,60.0
2015-02-01,SUR,CO,15,161.0,1.0391304347826087,0.5078353464760352,0.4,0.7,0.9,1.2,2.9
2015-02-01,SUR,NO,1,161.0,24.024844720496894,34.814140501841884,0.0,4.0,9.0,30.0,199.0
2015-02-01,SUR,NO2,1,161.0,26.987577639751553,11.613562964073383,4.0,21.0,26.0,32.0,66.0
2015-02-01,SUR,NOX,1,161.0,51.0,40.71977406617085,7.0,25.0,38.0,64.0,225.0
2015-02-01,SUR,O3,1,161.0,22.770186335403725,21.978184765582032,1.0,4.0,14.0,41.0,78.0
2015-02-01,SUR,PM10,2,158.0,39.29746835443038,20.10022958124452,3.0,25.0,38.0,50.75,96.0
2015-02-01,SUR,SO2,1,161.0,5.198757763975156,6.112303039542871,0.0,1.0,3.0,6.0,27.0
2015-02-01,TAH,CO,15,159.0,0.43962264150943364,0.3487806731531008,0.0,0.2,0.3,0.6,2.5
2015-02-01,TAH,NO,1,159.0,12.371069182389936,18.4032033050659,1.0,3.0,5.0,12.0,117.0
2015-02-01,TAH,NO2,1,159.0,22.339622641509433,10.797227837302657,3.0,14.5,24.0,29.5,67.0
2015-02-01,TAH,NOX,1,159.0,34.62893081761006,24.708311894941648,5.0,18.0,29.0,46.0,147.0
2015-02-01,TAH,O3,1,159.0,27.58490566037736,23.121118048935603,2.0,6.0,20.0,45.5,93.0
2015-02-01,TAH,PM10,2,159.0,45.069182389937104,19.94870621636977,14.0,31.0,41.0,56.0,105.0
2015-02-01,TAH,SO2,1,159.0,4.836477987421383,3.8711431828639333,1.0,2.0,4.0,6.0,24.0
2015-02-01,TLA,CO,15,159.0,0.9880503144654093,0.5687388646704297,0.3,0.6,0.8,1.1,3.3
2015-02-01,TLA,NO,1,157.0,38.617834394904456,49.75072928622111,1.0,10.0,20.0,37.0,267.0
2015-02-01,TLA,NO2,1,157.0,32.859872611464965,13.524175219520174,8.0,24.0,31.0,39.0,95.0
2015-02-01,TLA,NOX,1,157.0,71.40764331210191,57.12222112570113,13.0,35.0,55.0,79.0,310.0
2015-02-01,TLA,O3,1,159.0,19.0251572327044,19.635910555948186,0.0,2.5,11.0,33.5,70.0
2015-02-01,TLA,PM10,2,0.0,,,,,,,
2015-02-01,TLA,PM2.5,2,0.0,,,,,,,
2015-02-01,TLA,PMCO,2,0.0,,,,,,,
2015-02-01,TLA,SO2,1,159.0,10.779874213836479,11.10915223026567,1.0,3.5,7.0,13.0,75.0
2015-02-01,TLI,CO,15,158.0,0.5132911392405063,0.5177246188275144,0.0,0.2,0.3,0.775,2.3
2015-02-01,TLI,NO,1,156.0,25.71794871794872,34.33662483118211,2.0,4.75,9.0,28.25,156.0
2015-02-01,TLI,NO2,1,156.0,27.314102564102566,12.802119021766565,7.0,18.0,27.5,35.0,72.0
2015-02-01,TLI,NOX,1,156.0,52.94871794871795,42.82971456779327,10.0,21.75,36.5,66.25,196.0
2015-02-01,TLI,O3,1,159.0,14.515723270440251,13.463901735687637,1.0,2.0,10.0,26.0,48.0
2015-02-01,TLI,PM10,2,157.0,51.65605095541401,30.916494928501415,4.0,30.0,44.0,63.0,216.0
2015-02-01,TLI,SO2,1,156.0,7.826923076923077,10.998629510835674,0.0,1.0,3.0,11.25,68.0
2015-02-01,TPN,NO,1,159.0,12.320754716981131,14.619356318717756,0.0,2.0,8.0,14.0,70.0
2015-02-01,TPN,NO2,1,159.0,18.761006289308177,14.198172069679014,2.0,7.0,14.0,26.0,70.0
2015-02-01,TPN,NOX,1,159.0,31.056603773584907,26.69571749731484,2.0,10.0,26.0,40.0,124.0
2015-02-01,TPN,O3,1,159.0,30.069182389937108,19.35220508707847,5.0,15.0,22.0,43.0,85.0
2015-02-01,TPN,SO2,1,159.0,2.9748427672955975,3.9553675844712566,0.0,1.0,1.0,3.0,19.0
2015-02-01,UAX,CO,15,46.0,0.7847826086956521,0.42893531825483533,0.3,0.5,0.6499999999999999,0.9,2.1
2015-02-01,UAX,NO,1,156.0,25.73076923076923,42.83311142379429,0.0,2.0,6.0,30.0,251.0
2015-02-01,UAX,NO2,1,156.0,25.03205128205128,11.913895314780417,4.0,17.0,25.0,31.0,76.0
2015-02-01,UAX,NOX,1,156.0,50.76282051282051,48.04636365408395,5.0,19.75,37.0,59.75,277.0
2015-02-01,UAX,O3,1,159.0,23.90566037735849,23.3348743335465,0.0,2.0,15.0,43.0,92.0
2015-02-01,UAX,PM2.5,2,153.0,18.712418300653596,7.327555421520357,2.0,15.0,19.0,23.0,40.0
2015-02-01,UAX,SO2,1,159.0,4.90566037735849,4.979441853768917,1.0,2.0,3.0,5.0,25.0
2015-02-01,UIZ,CO,15,159.0,0.9106918238993711,0.4762181176369075,0.3,0.6,0.8,1.1,2.6
2015-02-01,UIZ,NO,1,159.0,26.69811320754717,35.219160981132866,0.0,4.0,11.0,34.0,161.0
2015-02-01,UIZ,NO2,1,159.0,29.867924528301888,11.92493038354924,6.0,22.0,30.0,36.5,72.0
2015-02-01,UIZ,NOX,1,159.0,56.59119496855346,42.1816766621642,7.0,26.0,46.0,72.5,219.0
2015-02-01,UIZ,O3,1,159.0,22.71698113207547,21.956266103518214,1.0,2.0,14.0,41.5,76.0
2015-02-01,UIZ,PM10,2,145.0,55.744827586206895,20.719951238126622,14.0,40.0,54.0,70.0,114.0
2015-02-01,UIZ,PM2.5,2,145.0,24.02758620689655,12.1643518503329,5.0,15.0,21.0,32.0,58.0
2015-02-01,UIZ,PMCO,2,145.0,31.66896551724138,14.8833684081398,9.0,22.0,28.0,39.0,86.0
2015-02-01,UIZ,SO2,1,159.0,8.433962264150944,8.786877659966875,1.0,3.0,5.0,10.0,46.0
2015-02-01,VIF,CO,15,158.0,0.5588607594936708,0.35818540315926045,0.2,0.3,0.4,0.8,2.2
2015-02-01,VIF,NO,1,158.0,19.240506329113924,28.75471279672696,0.0,3.0,5.5,27.75,163.0
2015-02-01,VIF,NO2,1,158.0,20.575949367088608,10.51858791702197,4.0,11.25,21.0,27.0,57.0
2015-02-01,VIF,NOX,1,158.0,39.848101265822784,34.364694001606864,6.0,15.0,26.5,60.75,194.0
2015-02-01,VIF,O3,1,158.0,20.39873417721519,18.61645730164362,1.0,2.0,14.5,36.0,61.0
2015-02-01,VIF,PM10,2,159.0,69.85534591194968,48.3886999673631,5.0,42.0,61.0,81.5,462.0
2015-02-01,VIF,SO2,1,158.0,5.8544303797468356,7.174642137476587,0.0,1.0,2.5,7.0,29.0
2015-02-01,XAL,CO,15,157.0,1.180891719745223,0.8852881435863623,0.3,0.6,0.9,1.4,5.3
2015-02-01,XAL,NO,1,158.0,48.0,64.45301453619177,1.0,11.0,21.5,57.5,461.0
2015-02-01,XAL,NO2,1,158.0,30.40506329113924,15.349863782745265,10.0,20.0,28.0,38.0,106.0
2015-02-01,XAL,NOX,1,158.0,78.4493670886076,72.53969240436001,11.0,32.0,53.5,94.75,504.0
2015-02-01,XAL,O3,1,158.0,17.917721518987342,14.831952592473925,1.0,3.0,15.0,29.75,56.0
2015-02-01,XAL,PM10,2,0.0,,,,,,,
2015-02-01,XAL,PM2.5,2,0.0,,,,,,,
2015-02-01,XAL,PMCO,2,0.0,,,,,,,
2015-02-01,XAL,SO2,1,158.0,6.6455696202531644,8.27248986260904,1.0,1.0,3.0,8.75,40.0
2015-02-08,ACO,CO,15,159.0,0.35031446540880457,0.19221369102453573,0.1,0.2,0.3,0.4,1.0
2015-02-08,ACO,NO,1,159.0,9.050314465408805,12.071411326745228,1.0,2.0,4.0,11.0,73.0
2015-02-08,ACO,NO2,1,159.0,13.735849056603774,6.488990510895327,3.0,8.0,14.0,18.5,39.0
2015-02-08,ACO,NOX,1,159.0,22.849056603773583,15.92950795812334,5.0,10.0,20.0,28.5,87.0
2015-02-08,ACO,O3,1,159.0,26.80503144654088,22.150943057165527,1.0,5.5,23.0,42.0,98.0
2015-02-08,ACO,PM10,2,161.0,41.63354037267081,21.45072534933079,10.0,29.0,38.0,49.0,185.0
2015-02-08,ACO,SO2,1,159.0,1.949685534591195,3.325769620910583,0.0,0.0,1.0,2.0,17.0
2015-02-08,AJM,CO,15,159.0,0.5553459119496854,0.27273759790159363,0.1,0.3,0.5,0.7,1.5
2015-02-08,AJM,NO,1,159.0,8.264150943396226,11.52128071192151,0.0,1.0,3.0,10.5,55.0
2015-02-08,AJM,NO2,1,159.0,21.88050314465409,11.876668319783727,3.0,12.0,22.0,30.0,61.0
2015-02-08,AJM,NOX,1,159.0,30.138364779874212,20.335937506570893,3.0,13.5,28.0,39.0,101.0
2015-02-08,AJM,O3,1,159.0,35.44025157232704,26.27088468656493,2.0,17.5,31.0,44.0,132.0
2015-02-08,AJM,PM10,2,160.0,33.2125,18.82704715037693,3.0,17.75,27.5,47.0,96.0
2015-02-08,AJM,PM2.5,2,160.0,16.45625,11.145604021034963,1.0,8.0,13.0,22.25,55.0
2015-02-08,AJM,PMCO,2,160.0,16.7625,9.267843574872307,2.0,9.0,15.0,22.0,45.0
2015-02-08,AJM,SO2,1,159.0,3.861635220125786,4.869795810214438,0.0,0.0,2.0,5.0,26.0
2015-02-08,AJU,O3,1,137.0,31.934306569343065,26.668224201329625,4.0,11.0,22.0,46.0,105.0
2015-02-08,ATI,CO,15,156.0,0.6769230769230772,0.4601326812640521,0.2,0.4,0.55,0.8,3.1
2015-02-08,ATI,NO,1,156.0,19.71794871794872,29.826983858373534,1.0,4.0,7.0,22.25,197.0
2015-02-08,ATI,NO2,1,156.0,23.275641025641026,9.312893398799472,6.0,16.75,22.0,28.0,62.0
2015-02-08,ATI,NOX,1,156.0,43.01923076923077,34.303102681798556,8.0,22.0,32.0,49.5,215.0
2015-02-08,ATI,O3,1,156.0,24.326923076923077,22.537470866361847,2.0,6.0,15.5,40.5,85.0
2015-02-08,ATI,PM10,2,156.0,43.15384615384615,25.00016873392189,3.0,26.0,38.5,57.0,154.0
2015-02-08,ATI,SO2,1,154.0,6.2727272727272725,8.270170610400589,0.0,1.0,3.0,6.0,54.0
2015-02-08,CAM,CO,15,156.0,0.8935897435897439,0.5594558977895819,0.2,0.5,0.8,1.1,3.5
2015-02-08,CAM,NO,1,156.0,38.55769230769231,48.76556696165656,2.0,7.0,17.0,49.5,305.0
2015-02-08,CAM,NO2,1,156.0,33.27564102564103,13.548276270766543,8.0,24.0,31.0,40.0,76.0
2015-02-08,CAM,NOX,1,156.0,71.85897435897436,55.83748870380655,10.0,31.0,55.0,95.0,358.0
2015-02-08,CAM,O3,1,156.0,20.28205128205128,22.668379247325536,1.0,2.0,10.0,35.0,85.0
2015-02-08,CAM,PM10,2,161.0,46.36645962732919,21.85940571041267,8.0,29.0,46.0,60.0,133.0
2015-02-08,CAM,PM2.5,2,161.0,23.440993788819874,11.923110290784498,3.0,15.0,22.0,31.0,60.0
2015-02-08,CAM,PMCO,2,161.0,22.8944099378882,13.169853114439075,1.0,14.0,21.0,30.0,83.0
2015-02-08,CAM,SO2,1,155.0,6.393548387096774,7.195323855055934,1.0,2.0,4.0,8.0,47.0
2015-02-08,CCA,CO,15,159.0,0.6886792452830184,0.3913593854977139,0.2,0.4,0.6,0.8,2.3
2015-02-08,CCA,NO,1,159.0,20.0251572327044,31.211193562796712,1.0,2.0,8.0,24.5,209.0
2015-02-08,CCA,NO2,1,159.0,28.39622641509434,11.74034419735905,9.0,20.0,27.0,34.0,72.0
2015-02-08,CCA,NOX,1,159.0,48.459119496855344,35.96706336804651,10.0,26.0,37.0,58.0,234.0
2015-02-08,CCA,O3,1,159.0,25.0125786163522,27.45260298035983,1.0,3.0,13.0,39.0,121.0
2015-02-08,CCA,PM2.5,2,160.0,14.44375,7.166261689596158,2.0,9.0,13.0,19.0,40.0
2015-02-08,CCA,SO2,1,159.0,4.031446540880503,4.452877584254014,0.0,1.0,3.0,5.0,25.0
2015-02-08,CHO,CO,15,0.0,,,,,,,
2015-02-08,CHO,NO,1,0.0,,,,,,,
2015-02-08,CHO,NO2,1,0.0,,,,,,,
2015-02-08,CHO,NOX,1,0.0,,,,,,,
2015-02-08,CHO,O3,1,132.0,22.03787878787879,20.553934005433106,1.0,3.75,14.5,37.25,73.0
2015-02-08,CHO,PM10,2,154.0,64.13636363636364,37.99020654361308,4.0,39.25,57.0,83.0,230.0
2015-02-08,CHO,SO2,1,159.0,2.0377358490566038,2.068102513351798,0.0,1.0,2.0,2.0,17.0
2015-02-08,COY,NO,1,0.0,,,,,,,
2015-02-08,COY,NO2,1,0.0,,,,,,,
2015-02-08,COY,NOX,1,0.0,,,,,,,
2015-02-08,COY,O3,1,159.0,23.69182389937107,25.982698646037857,2.0,3.0,12.0,37.5,111.0
2015-02-08,COY,PM2.5,2,147.0,21.85034013605442,14.483979691084015,3.0,11.0,18.0,27.5,75.0
2015-02-08,CUA,CO,15,159.0,0.4119496855345911,0.3249858380311159,0.0,0.2,0.3,0.5,1.8
2015-02-08,CUA,NO,1,159.0,14.767295597484276,24.410828414982966,0.0,3.0,6.0,14.0,146.0
2015-02-08,CUA,NO2,1,159.0,20.069182389937108,10.512873059263784,0.0,12.0,19.0,28.0,47.0
2015-02-08,CUA,NOX,1,159.0,34.861635220125784,31.15243818554286,0.0,17.0,24.0,42.5,183.0
2015-02-08,CUA,O3,1,0.0,,,,,,,
2015-02-08,CUA,PM10,2,0.0,,,,,,,
2015-02-08,CUA,SO2,1,159.0,6.226415094339623,7.426368116126916,1.0,2.0,3.0,7.0,36.0
2015-02-08,CUT,NO,1,159.0,33.35220125786164,45.58329951298922,1.0,3.0,10.0,48.5,215.0
2015-02-08,CUT,NO2,1,159.0,19.9874213836478,9.078411881821378,4.0,12.5,19.0,25.0,50.0
2015-02-08,CUT,NOX,1,159.0,53.320754716981135,50.118634038726654,5.0,18.0,32.0,75.5,243.0
2015-02-08,CUT,O3,1,159.0,17.20754716981132,17.511687045686152,2.0,2.0,11.0,30.0,59.0
2015-02-08,CUT,PM10,2,161.0,63.93788819875776,39.06991960591193,6.0,34.0,54.0,87.0,236.0
2015-02-08,CUT,SO2,1,159.0,3.9622641509433962,5.815612762486889,0.0,1.0,2.0,4.0,47.0
2015-02-08,FAC,CO,15,156.0,0.805769230769231,0.6406891838270352,0.2,0.4,0.6,0.9,4.3
2015-02-08,FAC,NO,1,156.0,30.993589743589745,46.14388391931955,1.0,7.0,12.0,35.0,315.0
2015-02-08,FAC,NO2,1,156.0,26.32051282051282,13.804621563429835,4.0,18.0,23.0,31.0,86.0
2015-02-08,FAC,NOX,1,156.0,57.08974358974359,52.62164056182305,5.0,25.75,38.0,65.0,337.0
2015-02-08,FAC,O3,1,158.0,24.626582278481013,20.77433625518528,3.0,7.0,19.0,36.0,88.0
2015-02-08,FAC,PM10,2,150.0,41.92666666666667,24.85774200943453,3.0,21.25,37.0,56.0,119.0
2015-02-08,FAC,SO2,1,158.0,7.3544303797468356,7.944934651470788,1.0,3.0,4.0,8.75,59.0
2015-02-08,HGM,CO,15,159.0,0.9050314465408805,0.47063097184852193,0.3,0.5,0.8,1.1,2.7
2015-02-08,HGM,NO,1,157.0,28.426751592356688,34.91256548125289,0.0,4.0,15.0,41.0,191.0
2015-02-08,HGM,NO2,1,157.0,33.12101910828026,12.819431523893194,10.0,24.0,30.0,42.0,83.0
2015-02-08,HGM,NOX,1,157.0,61.560509554140125,41.46891600476776,14.0,30.0,46.0,83.0,220.0
2015-02-08,HGM,O3,1,159.0,18.31446540880503,20.591610176981252,1.0,2.0,8.0,31.0,79.0
2015-02-08,HGM,PM10,2,92.0,62.83695652173913,21.836191942450483,28.0,47.25,61.5,73.0,138.0
2015-02-08,HGM,PM2.5,2,92.0,31.08695652173913,15.700949907508424,5.0,21.75,28.0,39.0,90.0
2015-02-08,HGM,PMCO,2,92.0,31.75,11.156848781142225,11.0,24.0,31.0,37.0,72.0
2015-02-08,HGM,SO2,1,159.0,5.39622641509434,6.811214568472998,1.0,2.0,3.0,6.0,57.0
2015-02-08,IZT,CO,15,159.0,1.1918238993710693,0.6703455139200979,0.5,0.7,1.0,1.4,4.2
2015-02-08,IZT,NO,1,159.0,35.74842767295598,42.285193349753825,2.0,7.0,16.0,52.5,221.0
2015-02-08,IZT,NO2,1,159.0,33.704402515723274,12.980293466245945,12.0,25.0,32.0,42.0,70.0
2015-02-08,IZT,NOX,1,159.0,69.45283018867924,48.57314699530951,17.0,32.0,53.0,98.0,255.0
2015-02-08,IZT,O3,1,159.0,23.92452830188679,26.289899675242587,3.0,4.0,12.0,38.5,112.0
2015-02-08,IZT,PM10,2,161.0,37.27329192546584,15.603680486362729,6.0,25.0,36.0,48.0,81.0
2015-02-08,IZT,SO2,1,159.0,5.415094339622642,7.033645980725995,1.0,2.0,4.0,6.0,60.0
2015-02-08,LLA,CO,15,0.0,,,,,,,
2015-02-08,LLA,NO,1,159.0,35.80503144654088,51.66205644174594,1.0,5.0,15.0,42.0,295.0
2015-02-08,LLA,NO2,1,159.0,23.566037735849058,9.618368701582387,6.0,16.0,23.0,29.0,56.0
2015-02-08,LLA,NOX,1,159.0,59.35220125786164,55.61464818934895,8.0,22.0,42.0,71.0,320.0
2015-02-08,LLA,O3,1,159.0,20.71698113207547,22.187101988007,1.0,2.0,13.0,35.5,88.0
2015-02-08,LLA,SO2,1,159.0,4.377358490566038,6.03227526535388,0.0,1.0,2.0,5.0,34.0
2015-02-08,LPR,CO,15,0.0,,,,,,,
2015-02-08,LPR,NO,1,0.0,,,,,,,
2015-02-08,LPR,NO2,1,0.0,,,,,,,
2015-02-08,LPR,NOX,1,0.0,,,,,,,
2015-02-08,LPR,O3,1,0.0,,,,,,,
2015-02-08,LPR,SO2,1,0.0,,,,,,,
2015-02-08,MER,CO,15,158.0,1.225316455696203,0.6452113374070294,0.5,0.8,1.0,1.5,4.7
2015-02-08,MER,NO,1,0.0,,,,,,,
2015-02-08,MER,NO2,1,0.0,,,,,,,
2015-02-08,MER,NOX,1,0.0,,,,,,,
2015-02-08,MER,O3,1,158.0,19.911392405063292,23.987889658704002,0.0,2.0,8.5,30.0,98.0
2015-02-08,MER,PM10,2,158.0,56.664556962025316,22.0683970827622,17.0,40.0,53.0,73.75,121.0
2015-02-08,MER,PM2.5,2,158.0,23.651898734177216,13.359758577088416,1.0,13.25,21.0,33.0,69.0
2015-02-08,MER,PMCO,2,158.0,33.0126582278481,13.449593246411302,10.0,22.0,32.0,42.75,72.0
2015-02-08,MER,SO2,1,158.0,5.6265822784810124,7.38088784918398,0.0,2.0,4.0,7.0,63.0
2015-02-08,MGH,CO,15,153.0,0.7836601307189542,0.46952628931776463,0.2,0.5,0.6,1.0,2.4
2015-02-08,MGH,NO,1,159.0,41.74842767295598,53.78190469692009,1.0,8.0,16.0,56.5,258.0
2015-02-08,MGH,NO2,1,159.0,31.47798742138365,11.852381311759023,10.0,24.0,29.0,38.0,88.0
2015-02-08,MGH,NOX,1,159.0,73.27044025157232,58.32467892173893,12.0,33.0,51.0,94.5,290.0
2015-02-08,MGH,O3,1,159.0,21.21383647798742,23.70877228558128,0.0,2.0,12.0,32.0,102.0
2015-02-08,MGH,PM10,2,161.0,35.409937888198755,15.72198780756167,6.0,24.0,33.0,45.0,91.0
2015-02-08,MGH,PM2.5,2,161.0,19.540372670807454,10.740108116785809,2.0,12.0,17.0,25.0,59.0
2015-02-08,MGH,PMCO,2,161.0,15.807453416149068,7.101509987275868,2.0,11.0,16.0,20.0,41.0
2015-02-08,MGH,SO2,1,159.0,4.232704402515723,5.328683985719557,0.0,1.0,3.0,6.0,30.0
2015-02-08,MON,CO,15,0.0,,,,,,,
2015-02-08,MON,NO,1,159.0,23.666666666666668,40.61593293818103,1.0,2.0,4.0,27.5,229.0
2015-02-08,MON,NO2,1,159.0,15.584905660377359,9.116893407429753,3.0,8.0,15.0,21.0,45.0
2015-02-08,MON,NOX,1,159.0,39.276729559748425,45.25552095135242,4.0,10.0,20.0,50.5,251.0
2015-02-08,MON,O3,1,0.0,,,,,,,
2015-02-08,MON,SO2,1,0.0,,,,,,,
2015-02-08,NEZ,CO,15,159.0,0.8635220125786164,0.5623663142008263,0.2,0.5,0.7,1.05,4.1
2015-02-08,NEZ,NO,1,157.0,20.73248407643312,28.686497798952313,1.0,4.0,9.0,28.0,195.0
2015-02-08,NEZ,NO2,1,157.0,28.522292993630572,11.509520021214295,8.0,20.0,28.0,35.0,69.0
2015-02-08,NEZ,NOX,1,157.0,49.261146496815286,34.142076172133784,11.0,24.0,41.0,63.0,230.0
2015-02-08,NEZ,O3,1,159.0,22.71698113207547,24.38331346718247,0.0,3.0,14.0,34.0,94.0
2015-02-08,NEZ,PM2.5,2,159.0,23.0251572327044,11.554466332200588,4.0,13.5,21.0,29.5,59.0
2015-02-08,NEZ,SO2,1,159.0,2.9622641509433962,3.72281163729038,0.0,1.0,1.0,3.0,21.0
2015-02-08,PED,CO,15,158.0,0.42215189873417697,0.3127082068633378,0.0,0.2,0.3,0.6,1.3
2015-02-08,PED,NO,1,158.0,15.677215189873417,21.254679211265003,1.0,2.0,5.0,17.5,87.0
2015-02-08,PED,NO2,1,158.0,27.246835443037973,12.764244800841366,6.0,17.25,26.5,34.75,82.0
2015-02-08,PED,NOX,1,158.0,42.94303797468354,28.87183267342265,7.0,20.0,34.0,59.0,123.0
2015-02-08,PED,O3,1,158.0,26.89240506329114,26.04395731547273,0.0,8.0,17.0,37.5,124.0
2015-02-08,PED,PM10,2,0.0,,,,,,,
2015-02-08,PED,PM2.5,2,0.0,,,,,,,
2015-02-08,PED,PMCO,2,0.0,,,,,,,
2015-02-08,PED,SO2,1,158.0,5.1835443037974684,4.905266385560655,1.0,2.0,3.5,6.0,29.0
2015-02-08,SAG,CO,15,157.0,0.8687898089171978,0.5564140571304782,0.2,0.5,0.7,1.0,3.0
2015-02-08,SAG,NO,1,157.0,30.254777070063696,39.05927521394176,0.0,6.0,13.0,36.0,207.0
2015-02-08,SAG,NO2,1,157.0,24.522292993630572,9.087597907814652,10.0,18.0,24.0,29.0,55.0
2015-02-08,SAG,NOX,1,157.0,54.77070063694268,42.753748165491515,10.0,24.0,42.0,70.0,234.0
2015-02-08,SAG,O3,1,157.0,21.11464968152866,21.57930161914606,1.0,2.0,14.0,35.0,76.0
2015-02-08,SAG,PM10,2,112.0,50.223214285714285,17.760016750574735,14.0,37.0,48.5,61.25,106.0
2015-02-08,SAG,PM2.5,2,112.0,21.294642857142858,9.611965509321228,2.0,15.0,20.0,27.25,44.0
2015-02-08,SAG,PMCO,2,112.0,28.821428571428573,12.273324392131562,5.0,20.75,28.0,38.0,64.0
2015-02-08,SAG,SO2,1,157.0,4.745222929936306,4.568431895304449,0.0,2.0,3.0,6.0,31.0
2015-02-08,SFE,CO,15,0.0,,,,,,,
2015-02-08,SFE,NO,1,158.0,14.379746835443038,21.30147795325067,0.0,2.0,6.0,17.0,135.0
2015-02-08,SFE,NO2,1,158.0,24.70253164556962,10.849585095046768,5.0,17.25,23.0,30.75,64.0
2015-02-08,SFE,NOX,1,158.0,39.05696202531646,27.583860246998373,5.0,21.0,29.5,50.75,174.0
2015-02-08,SFE,O3,1,158.0,27.5,24.77433179570272,1.0,10.0,19.5,38.0,110.0
2015-02-08,SFE,PM10,2,126.0,41.46031746031746,23.87522591931672,7.0,23.25,36.0,55.75,130.0
2015-02-08,SFE,PM2.5,2,126.0,19.03968253968254,14.741723532152296,3.0,9.0,14.0,24.0,70.0
2015-02-08,SFE,PMCO,2,126.0,22.444444444444443,11.314101329265567,4.0,13.25,21.0,30.0,61.0
2015-02-08,SFE,SO2,1,0.0,,,,,,,
2015-02-08,SJA,CO,15,158.0,0.7943037974683546,0.5531892099668106,0.2,0.4,0.6499999999999999,1.0,3.0
2015-02-08,SJA,NO,1,158.0,35.95569620253165,48.79338277897321,1.0,4.0,13.0,55.75,224.0
2015-02-08,SJA,NO2,1,158.0,27.70886075949367,10.20197545343367,8.0,21.0,27.0,34.0,59.0
2015-02-08,SJA,NOX,1,158.0,63.677215189873415,52.14827817901758,11.0,25.5,47.0,87.5,253.0
2015-02-08,SJA,O3,1,158.0,23.329113924050635,26.408462993540656,1.0,2.0,11.0,38.0,99.0
2015-02-08,SJA,PM2.5,2,152.0,18.888157894736842,8.30108055050847,1.0,13.0,18.0,24.0,40.0
2015-02-08,SJA,SO2,1,158.0,4.639240506329114,4.640198703232712,1.0,2.0,3.0,6.0,35.0
2015-02-08,SUR,CO,15,161.0,1.0919254658385091,0.5888521838372835,0.3,0.7,1.0,1.3,3.9
2015-02-08,SUR,NO,1,161.0,27.279503105590063,37.219318098959754,0.0,3.0,12.0,37.0,274.0
2015-02-08,SUR,NO2,1,161.0,27.428571428571427,13.587086831673247,6.0,19.0,27.0,35.0,85.0
2015-02-08,SUR,NOX,1,161.0,54.67701863354037,43.074296640292346,7.0,23.0,43.0,78.0,301.0
2015-02-08,SUR,O3,1,161.0,24.434782608695652,27.67078391749493,1.0,3.0,13.0,38.0,122.0
2015-02-08,SUR,PM10,2,155.0,38.94838709677419,22.767826909629406,1.0,21.5,34.0,54.0,132.0
2015-02-08,SUR,SO2,1,161.0,3.801242236024845,4.257082151803625,0.0,1.0,2.0,5.0,22.0
2015-02-08,TAH,CO,15,158.0,0.43797468354430363,0.38368106363314763,0.0,0.2,0.4,0.6,2.3
2015-02-08,TAH,NO,1,153.0,10.098039215686274,18.61336698022572,1.0,2.0,3.0,10.0,133.0
2015-02-08,TAH,NO2,1,153.0,20.065359477124183,11.118780462882075,2.0,11.0,20.0,28.0,54.0
2015-02-08,TAH,NOX,1,153.0,30.18300653594771,24.265916618218352,4.0,14.0,27.0,38.0,159.0
2015-02-08,TAH,O3,1,158.0,29.88607594936709,25.25512489670829,3.0,10.25,21.5,40.75,115.0
2015-02-08,TAH,PM10,2,132.0,47.053030303030305,27.14600455437688,6.0,26.75,43.0,62.25,169.0
2015-02-08,TAH,SO2,1,158.0,3.6265822784810124,3.4149990948795117,1.0,2.0,2.0,4.0,27.0
2015-02-08,TLA,CO,15,154.0,0.9240259740259735,0.4804756895097085,0.3,0.6,0.8,1.2,3.6
2015-02-08,TLA,NO,1,154.0,39.383116883116884,46.02573847301367,2.0,12.0,19.5,49.75,302.0
2015-02-08,TLA,NO2,1,154.0,33.25974025974026,13.284619439697332,10.0,25.0,30.0,38.0,101.0
2015-02-08,TLA,NOX,1,154.0,72.58441558441558,52.44177615467971,15.0,39.0,54.0,89.75,339.0
2015-02-08,TLA,O3,1,154.0,18.376623376623378,21.725885263544008,0.0,2.0,8.0,30.75,79.0
2015-02-08,TLA,PM10,2,0.0,,,,,,,
2015-02-08,TLA,PM2.5,2,0.0,,,,,,,
2015-02-08,TLA,PMCO,2,0.0,,,,,,,
2015-02-08,TLA,SO2,1,154.0,8.46103896103896,8.157864898232777,1.0,3.0,6.0,10.0,49.0
2015-02-08,TLI,CO,15,159.0,0.7974842767295601,0.5666858667609923,0.2,0.4,0.7,1.0,3.8
2015-02-08,TLI,NO,1,159.0,30.440251572327043,40.29662033053011,2.0,6.0,13.0,40.5,249.0
2015-02-08,TLI,NO2,1,159.0,28.28930817610063,12.204660819575532,8.0,20.0,27.0,35.0,71.0
2015-02-08,TLI,NOX,1,159.0,58.75471698113208,46.925434654169,10.0,26.0,44.0,76.0,295.0
2015-02-08,TLI,O3,1,159.0,14.534591194968554,15.279994314654418,1.0,2.0,8.0,26.0,52.0
2015-02-08,TLI,PM10,2,151.0,52.35099337748344,29.358292110974187,3.0,29.5,47.0,72.0,149.0
2015-02-08,TLI,SO2,1,159.0,5.477987421383648,6.801746311493599,0.0,1.0,3.0,7.0,43.0
2015-02-08,TPN,NO,1,155.0,10.438709677419356,11.724701348046345,0.0,3.0,7.0,12.0,67.0
2015-02-08,TPN,NO2,1,155.0,19.07741935483871,12.694479567073385,3.0,8.0,15.0,28.0,62.0
2015-02-08,TPN,NOX,1,155.0,29.503225806451614,21.166125286799005,3.0,12.5,23.0,41.5,107.0
2015-02-08,TPN,O3,1,155.0,32.58709677419355,25.14317110479225,2.0,16.0,25.0,43.0,127.0
2015-02-08,TPN,SO2,1,155.0,2.270967741935484,2.728659052762985,0.0,0.5,1.0,3.0,16.0
2015-02-08,UAX,CO,15,67.0,0.8268656716417908,0.4187217523904399,0.3,0.5,0.8,1.05,2.1
2015-02-08,UAX,NO,1,158.0,20.911392405063292,31.754106960783577,0.0,2.0,6.0,24.0,174.0
2015-02-08,UAX,NO2,1,158.0,25.367088607594937,13.106790397619491,3.0,16.25,23.0,32.0,66.0
2015-02-08,UAX,NOX,1,158.0,46.265822784810126,37.09437399983632,4.0,19.0,34.0,61.0,195.0
2015-02-08,UAX,O3,1,159.0,26.10062893081761,28.594545591364554,1.0,3.0,15.0,40.0,123.0
2015-02-08,UAX,PM2.5,2,154.0,19.175324675324674,11.686052866269401,1.0,11.0,17.0,25.0,52.0
2015-02-08,UAX,SO2,1,159.0,3.9056603773584904,3.7311423791577143,1.0,2.0,3.0,5.0,19.0
2015-02-08,UIZ,CO,15,159.0,0.8515723270440255,0.5560775087027499,0.2,0.5,0.7,1.0,3.1
2015-02-08,UIZ,NO,1,159.0,26.18867924528302,37.791595377225875,0.0,3.0,9.0,35.5,209.0
2015-02-08,UIZ,NO2,1,159.0,30.930817610062892,14.077596663077665,7.0,21.0,31.0,40.0,74.0
2015-02-08,UIZ,NOX,1,159.0,57.100628930817614,46.21156562020266,9.0,23.0,41.0,74.5,238.0
2015-02-08,UIZ,O3,1,159.0,24.352201257861637,27.011047520630708,2.0,3.0,11.0,38.5,110.0
2015-02-08,UIZ,PM10,2,157.0,52.92356687898089,23.061940397289362,5.0,36.0,50.0,69.0,121.0
2015-02-08,UIZ,PM2.5,2,157.0,23.987261146496817,14.7439632414755,1.0,12.0,21.0,35.0,69.0
2015-02-08,UIZ,PMCO,2,157.0,28.878980891719745,13.838051551776811,4.0,19.0,27.0,37.0,89.0
2015-02-08,UIZ,SO2,1,159.0,4.69811320754717,5.31269642017363,1.0,2.0,3.0,5.5,42.0
2015-02-08,VIF,CO,15,158.0,0.6329113924050633,0.3690999619447328,0.2,0.3,0.5,0.9,2.0
2015-02-08,VIF,NO,1,158.0,20.867088607594937,26.57356198490045,0.0,2.0,7.0,33.75,141.0
2015-02-08,VIF,NO2,1,158.0,21.227848101265824,9.424117816205529,6.0,13.25,21.0,26.0,55.0
2015-02-08,VIF,NOX,1,158.0,42.08227848101266,31.335449327947654,7.0,17.0,32.0,63.0,158.0
2015-02-08,VIF,O3,1,158.0,20.917721518987342,21.615035221847307,1.0,2.0,13.5,35.5,80.0
2015-02-08,VIF,PM10,2,152.0,68.27631578947368,32.92580408154329,6.0,43.75,63.5,93.0,175.0
2015-02-08,VIF,SO2,1,158.0,5.386075949367089,8.209614282617308,1.0,1.25,2.0,5.0,55.0
2015-02-08,XAL,CO,15,159.0,1.220125786163521,0.8130875576976716,0.5,0.6,0.9,1.5,5.0
2015-02-08,XAL,NO,1,159.0,50.729559748427675,64.17930633153769,3.0,11.0,21.0,60.0,357.0
2015-02-08,XAL,NO2,1,159.0,31.270440251572328,12.403901761900405,12.0,23.5,28.0,37.0,82.0
2015-02-08,XAL,NOX,1,159.0,82.0377358490566,69.75407857885786,18.0,35.0,52.0,104.0,411.0
2015-02-08,XAL,O3,1,159.0,18.459119496855347,17.155927542768378,2.0,2.5,13.0,32.0,61.0
2015-02-08,XAL,PM10,2,0.0,,,,,,,
2015-02-08,XAL,PM2.5,2,0.0,,,,,,,
2015-02-08,XAL,PMCO,2,0.0,,,,,,,
2015-02-08,XAL,SO2,1,159.0,5.528301886792453,4.672585439892747,1.0,2.0,4.0,8.0,23.0
2015-02-15,ACO,CO,15,66.0,0.36212121212121223,0.18791581708934002,0.1,0.2,0.3,0.5,0.8
2015-02-15,ACO,NO,1,46.0,8.717391304347826,13.034421171103093,1.0,2.0,3.0,7.75,53.0
2015-02-15,ACO,NO2,1,46.0,12.934782608695652,6.711191892529784,2.0,6.25,15.0,18.0,23.0
2015-02-15,ACO,NOX,1,46.0,21.456521739130434,17.85585060886721,3.0,8.25,17.5,25.5,76.0
2015-02-15,ACO,O3,1,66.0,27.696969696969695,20.867324252170462,2.0,7.25,25.0,44.0,79.0
2015-02-15,ACO,PM10,2,67.0,38.26865671641791,14.390213519539822,15.0,26.5,36.0,49.0,70.0
2015-02-15,ACO,SO2,1,66.0,1.878787878787879,3.1599179712583654,0.0,0.0,1.0,2.0,19.0
2015-02-15,AJM,CO,15,158.0,0.6335443037974682,0.35217445725541013,0.1,0.4,0.6,0.8,1.8
2015-02-15,AJM,NO,1,158.0,8.664556962025317,10.643386008504722,0.0,1.0,5.0,11.0,54.0
2015-02-15,AJM,NO2,1,158.0,26.417721518987342,15.740416228794977,5.0,15.25,23.5,32.75,74.0
2015-02-15,AJM,NOX,1,158.0,35.151898734177216,23.217108016548927,5.0,18.0,29.0,47.0,106.0
2015-02-15,AJM,O3,1,157.0,35.98726114649681,22.08810657494166,3.0,20.0,33.0,47.0,103.0
2015-02-15,AJM,PM10,2,154.0,41.84415584415584,25.589297668460855,4.0,23.0,33.0,61.75,108.0
2015-02-15,AJM,PM2.5,2,154.0,25.428571428571427,18.281337011093175,1.0,13.0,19.0,34.0,82.0
2015-02-15,AJM,PMCO,2,154.0,16.415584415584416,10.04089761025501,2.0,8.0,13.0,24.75,43.0
2015-02-15,AJM,SO2,1,158.0,3.221518987341772,4.000992580226278,0.0,1.0,2.0,3.75,27.0
2015-02-15,AJU,O3,1,132.0,37.90909090909091,25.17585616256953,7.0,19.0,30.5,53.25,117.0
2015-02-15,ATI,CO,15,158.0,0.7645569620253163,0.47378082886997896,0.2,0.4,0.6,0.9,3.0
2015-02-15,ATI,NO,1,159.0,16.39622641509434,25.855249171504095,1.0,4.0,7.0,15.0,165.0
2015-02-15,ATI,NO2,1,159.0,24.9937106918239,11.266898338448588,6.0,17.0,23.0,31.0,65.0
2015-02-15,ATI,NOX,1,159.0,41.42138364779874,32.61074290021283,8.0,20.5,31.0,46.5,196.0
2015-02-15,ATI,O3,1,159.0,24.82389937106918,19.37130024820909,1.0,8.0,20.0,36.0,86.0
2015-02-15,ATI,PM10,2,158.0,48.21518987341772,30.20489304692963,2.0,27.0,43.0,62.0,190.0
2015-02-15,ATI,SO2,1,159.0,6.767295597484277,8.361450852659257,0.0,2.0,4.0,7.0,42.0
2015-02-15,CAM,CO,15,100.0,0.8799999999999999,0.6669696281304608,0.3,0.475,0.7,0.9,3.3
2015-02-15,CAM,NO,1,100.0,33.04,50.92238498862061,2.0,7.0,12.5,23.75,225.0
2015-02-15,CAM,NO2,1,100.0,37.92,13.588973545496437,15.0,29.0,35.5,46.25,86.0
2015-02-15,CAM,NOX,1,100.0,70.93,58.61606891760599,23.0,36.0,49.5,72.25,282.0
2015-02-15,CAM,O3,1,100.0,20.88,23.235413584536094,1.0,4.0,11.0,29.0,105.0
2015-02-15,CAM,PM10,2,160.0,52.71875,24.068343956691535,15.0,33.75,50.5,69.0,122.0
2015-02-15,CAM,PM2.5,2,160.0,31.01875,16.578561542853727,5.0,18.0,26.5,41.25,95.0
2015-02-15,CAM,PMCO,2,160.0,21.68125,13.45823816583366,4.0,11.0,21.0,27.0,80.0
2015-02-15,CAM,SO2,1,100.0,4.14,3.253653734843742,1.0,2.0,3.5,5.0,22.0
2015-02-15,CCA,CO,15,156.0,0.805769230769231,0.49529924283242366,0.2,0.4,0.7,1.1,2.8
2015-02-15,CCA,NO,1,156.0,20.21153846153846,33.72526756686408,1.0,2.0,6.0,21.25,187.0
2015-02-15,CCA,NO2,1,156.0,34.68589743589744,15.638581111770108,10.0,23.0,33.0,44.25,94.0
2015-02-15,CCA,NOX,1,156.0,54.8974358974359,41.0425710518268,11.0,26.0,42.0,74.0,234.0
2015-02-15,CCA,O3,1,156.0,24.07051282051282,22.624027244670142,1.0,5.75,17.0,35.25,98.0
2015-02-15,CCA,PM2.5,2,160.0,21.29375,13.989032934868309,1.0,12.0,17.0,27.5,68.0
2015-02-15,CCA,SO2,1,156.0,4.17948717948718,4.565632033393701,0.0,1.0,2.0,5.0,23.0
2015-02-15,CHO,CO,15,0.0,,,,,,,
2015-02-15,CHO,NO,1,0.0,,,,,,,
2015-02-15,CHO,NO2,1,0.0,,,,,,,
2015-02-15,CHO,NOX,1,0.0,,,,,,,
2015-02-15,CHO,O3,1,0.0,,,,,,,
2015-02-15,CHO,PM10,2,155.0,75.41290322580645,44.51510572401737,4.0,40.5,65.0,103.5,256.0
2015-02-15,CHO,SO2,1,155.0,2.587096774193548,2.793282983916288,0.0,1.0,2.0,3.0,18.0
2015-02-15,COY,NO,1,0.0,,,,,,,
2015-02-15,COY,NO2,1,0.0,,,,,,,
2015-02-15,COY,NOX,1,0.0,,,,,,,
2015-02-15,COY,O3,1,133.0,20.902255639097746,21.22600772553465,2.0,4.0,13.0,31.0,97.0
2015-02-15,COY,PM2.5,2,151.0,33.41059602649007,23.434809301031606,2.0,16.0,25.0,46.5,96.0
2015-02-15,CUA,CO,15,155.0,0.5509677419354838,0.3652730240101826,0.1,0.3,0.4,0.8,2.3
2015-02-15,CUA,NO,1,155.0,14.32258064516129,21.037361780879824,0.0,3.0,7.0,18.0,202.0
2015-02-15,CUA,NO2,1,155.0,27.387096774193548,14.503195839831163,6.0,16.0,26.0,35.0,78.0
2015-02-15,CUA,NOX,1,155.0,41.71612903225807,30.23946738148193,7.0,18.5,34.0,59.0,246.0
2015-02-15,CUA,O3,1,90.0,22.355555555555554,15.133348182605857,2.0,10.25,22.5,29.0,71.0
2015-02-15,CUA,PM10,2,92.0,40.16304347826087,25.239197307865037,8.0,22.0,32.5,58.25,97.0
2015-02-15,CUA,SO2,1,155.0,3.0580645161290323,4.145469612420161,0.0,1.0,2.0,3.0,32.0
2015-02-15,CUT,NO,1,158.0,22.18354430379747,36.09891552398185,1.0,3.0,7.0,27.0,263.0
2015-02-15,CUT,NO2,1,158.0,23.158227848101266,10.775368320599066,3.0,15.0,23.0,28.75,62.0
2015-02-15,CUT,NOX,1,158.0,45.41772151898734,41.62055089971587,5.0,19.0,31.5,55.0,299.0
2015-02-15,CUT,O3,1,158.0,16.59493670886076,14.31138603972845,2.0,3.0,14.0,27.0,53.0
2015-02-15,CUT,PM10,2,115.0,61.53913043478261,34.556662585698064,10.0,39.0,49.0,77.5,193.0
2015-02-15,CUT,SO2,1,158.0,6.791139240506329,9.266784597854663,0.0,2.0,3.0,7.75,58.0
2015-02-15,FAC,CO,15,159.0,0.8018867924528303,0.6751907089349288,0.1,0.3,0.6,0.95,3.6
2015-02-15,FAC,NO,1,159.0,31.82389937106918,46.49166722550967,1.0,6.0,14.0,32.5,246.0
2015-02-15,FAC,NO2,1,159.0,30.534591194968552,12.931063508894436,10.0,21.0,29.0,36.0,85.0
2015-02-15,FAC,NOX,1,159.0,60.63522012578616,52.439889805671626,10.0,27.0,43.0,72.0,281.0
2015-02-15,FAC,O3,1,159.0,24.836477987421382,19.07442923937848,3.0,9.0,20.0,35.0,91.0
2015-02-15,FAC,PM10,2,154.0,45.98701298701299,31.543928703924333,2.0,21.0,42.5,63.5,193.0
2015-02-15,FAC,SO2,1,159.0,7.081761006289308,7.0835596371029395,2.0,3.0,4.0,8.0,42.0
2015-02-15,HGM,CO,15,159.0,0.9100628930817611,0.4564856075972995,0.3,0.6,0.8,1.1,3.0
2015-02-15,HGM,NO,1,159.0,24.51572327044025,32.97656539329295,0.0,5.0,12.0,29.5,189.0
2015-02-15,HGM,NO2,1,159.0,39.55345911949686,13.823319042515305,12.0,30.5,39.0,46.5,81.0
2015-02-15,HGM,NOX,1,159.0,64.05660377358491,40.13856463142554,16.0,36.0,55.0,80.0,241.0
2015-02-15,HGM,O3,1,159.0,16.61006289308176,17.40940817586842,1.0,2.5,11.0,24.5,75.0
2015-02-15,HGM,PM10,2,158.0,63.48101265822785,31.342513306518125,10.0,39.0,58.0,86.75,154.0
2015-02-15,HGM,PM2.5,2,158.0,34.68987341772152,20.106690555121602,1.0,21.0,30.0,45.75,105.0
2015-02-15,HGM,PMCO,2,158.0,28.772151898734176,16.719834033772806,5.0,16.0,28.0,37.75,117.0
2015-02-15,HGM,SO2,1,159.0,5.735849056603773,4.764654715648382,1.0,2.0,4.0,7.0,28.0
2015-02-15,IZT,CO,15,159.0,1.223270440251573,0.6096476434662744,0.5,0.8,1.0,1.6,3.6
2015-02-15,IZT,NO,1,159.0,30.955974842767297,37.939883478723445,2.0,8.0,15.0,40.5,207.0
2015-02-15,IZT,NO2,1,159.0,41.45283018867924,14.878281730623057,13.0,30.0,39.0,49.0,90.0
2015-02-15,IZT,NOX,1,159.0,72.35220125786164,45.487533187715755,19.0,37.5,57.0,93.0,268.0
2015-02-15,IZT,O3,1,159.0,21.58490566037736,22.638127882182108,3.0,4.0,12.0,34.0,99.0
2015-02-15,IZT,PM10,2,158.0,45.19620253164557,22.49004276794383,6.0,28.0,41.0,63.0,122.0
2015-02-15,IZT,SO2,1,159.0,5.540880503144654,5.143192795453009,1.0,2.0,4.0,7.0,27.0
2015-02-15,LLA,CO,15,0.0,,,,,,,
2015-02-15,LLA,NO,1,156.0,31.05128205128205,47.00113860965295,1.0,4.0,13.0,31.0,261.0
2015-02-15,LLA,NO2,1,156.0,28.26923076923077,11.419477505614728,4.0,22.0,27.0,32.0,68.0
2015-02-15,LLA,NOX,1,156.0,59.42948717948718,52.24558782784682,6.0,27.0,43.0,71.0,294.0
2015-02-15,LLA,O3,1,156.0,21.307692307692307,21.19269971220777,1.0,3.0,15.0,33.0,92.0
2015-02-15,LLA,SO2,1,156.0,5.576923076923077,10.501636407991736,0.0,1.0,2.0,5.0,89.0
2015-02-15,LPR,CO,15,0.0,,,,,,,
2015-02-15,LPR,NO,1,0.0,,,,,,,
2015-02-15,LPR,NO2,1,0.0,,,,,,,
2015-02-15,LPR,NOX,1,0.0,,,,,,,
2015-02-15,LPR,O3,1,0.0,,,,,,,
2015-02-15,LPR,SO2,1,0.0,,,,,,,
2015-02-15,MER,CO,15,154.0,1.2357142857142858,0.5900790432738009,0.5,0.8,1.1,1.5,4.0
2015-02-15,MER,NO,1,0.0,,,,,,,
2015-02-15,MER,NO2,1,0.0,,,,,,,
2015-02-15,MER,NOX,1,0.0,,,,,,,
2015-02-15,MER,O3,1,154.0,17.48051948051948,21.62551772147526,0.0,2.0,8.0,26.75,96.0
2015-02-15,MER,PM10,2,160.0,63.1125,32.023770161333466,19.0,39.75,59.5,80.5,237.0
2015-02-15,MER,PM2.5,2,160.0,33.30625,19.026957663392444,4.0,18.75,29.5,44.25,90.0
2015-02-15,MER,PMCO,2,160.0,29.88125,20.10174493348947,6.0,15.0,26.5,39.25,158.0
2015-02-15,MER,SO2,1,154.0,5.818181818181818,4.986851398296009,0.0,2.0,4.0,8.0,25.0
2015-02-15,MGH,CO,15,159.0,0.7849056603773586,0.5029267102211148,0.2,0.4,0.7,1.0,3.3
2015-02-15,MGH,NO,1,159.0,34.82389937106918,52.559614687429686,2.0,9.0,15.0,38.5,396.0
2015-02-15,MGH,NO2,1,159.0,36.125786163522015,14.020212415717273,13.0,27.0,33.0,44.0,92.0
2015-02-15,MGH,NOX,1,159.0,71.0125786163522,58.14233815685973,19.0,36.0,56.0,81.5,443.0
2015-02-15,MGH,O3,1,159.0,20.42138364779874,21.297882359758464,0.0,3.0,14.0,32.0,96.0
2015-02-15,MGH,PM10,2,161.0,44.714285714285715,23.35337999397212,11.0,26.0,37.0,63.0,107.0
2015-02-15,MGH,PM2.5,2,161.0,28.440993788819874,17.164951471128926,4.0,15.0,22.0,39.0,83.0
2015-02-15,MGH,PMCO,2,161.0,16.322981366459626,9.518798824216242,2.0,8.0,16.0,22.0,57.0
2015-02-15,MGH,SO2,1,159.0,4.037735849056604,4.738592955256387,0.0,1.0,2.0,5.5,24.0
2015-02-15,MON,CO,15,0.0,,,,,,,
2015-02-15,MON,NO,1,158.0,22.49367088607595,48.96232099160154,1.0,2.0,4.0,18.0,302.0
2015-02-15,MON,NO2,1,158.0,18.90506329113924,9.752208944404945,2.0,12.0,18.0,23.0,48.0
2015-02-15,MON,NOX,1,158.0,41.41772151898734,53.49090227900995,3.0,14.0,25.0,44.5,332.0
2015-02-15,MON,O3,1,0.0,,,,,,,
2015-02-15,MON,SO2,1,0.0,,,,,,,
2015-02-15,NEZ,CO,15,159.0,0.9635220125786165,0.5790019111539914,0.3,0.55,0.8,1.2,3.8
2015-02-15,NEZ,NO,1,159.0,19.132075471698112,27.345449071201227,1.0,4.0,8.0,25.0,174.0
2015-02-15,NEZ,NO2,1,159.0,34.144654088050316,13.931040143083186,10.0,24.0,32.0,42.5,75.0
2015-02-15,NEZ,NOX,1,159.0,53.23270440251572,35.702922436237884,14.0,28.0,44.0,67.0,227.0
2015-02-15,NEZ,O3,1,159.0,24.157232704402517,23.77652671593044,0.0,6.0,15.0,40.0,106.0
2015-02-15,NEZ,PM2.5,2,158.0,29.810126582278482,18.448465628889245,4.0,16.0,23.0,39.75,84.0
2015-02-15,NEZ,SO2,1,159.0,4.880503144654088,8.350975672456004,0.0,1.0,2.0,4.5,61.0
2015-02-15,PED,CO,15,157.0,0.5063694267515924,0.37972350410806155,0.0,0.2,0.4,0.8,2.0
2015-02-15,PED,NO,1,157.0,15.713375796178344,22.467655086132375,1.0,2.0,6.0,22.0,175.0
2015-02-15,PED,NO2,1,157.0,32.70700636942675,16.804784554686982,8.0,19.0,31.0,43.0,90.0
2015-02-15,PED,NOX,1,157.0,48.36305732484077,33.15081173663738,8.0,22.0,40.0,72.0,222.0
2015-02-15,PED,O3,1,157.0,27.56687898089172,22.44516791277571,1.0,11.0,22.0,37.0,104.0
2015-02-15,PED,PM10,2,135.0,56.17037037037037,33.19156086339371,8.0,28.0,44.0,81.5,138.0
2015-02-15,PED,PM2.5,2,135.0,31.94074074074074,20.75757835463234,4.0,17.0,24.0,42.5,91.0
2015-02-15,PED,PMCO,2,135.0,24.251851851851853,15.28960163597612,3.0,10.5,20.0,37.0,71.0
2015-02-15,PED,SO2,1,157.0,4.745222929936306,4.225843048341296,1.0,2.0,3.0,5.0,22.0
2015-02-15,SAG,CO,15,159.0,0.8867924528301893,0.5677083856012,0.2,0.5,0.7,1.2,4.0
2015-02-15,SAG,NO,1,159.0,24.867924528301888,35.99791013757258,0.0,6.0,10.0,29.0,242.0
2015-02-15,SAG,NO2,1,159.0,29.163522012578618,11.181400816792957,8.0,23.0,28.0,34.5,75.0
2015-02-15,SAG,NOX,1,159.0,54.0125786163522,41.909333636319,12.0,29.0,40.0,67.5,286.0
2015-02-15,SAG,O3,1,159.0,22.49685534591195,21.251619212720865,1.0,5.0,18.0,36.0,101.0
2015-02-15,SAG,PM10,2,160.0,58.2125,29.705342784373094,18.0,35.0,51.0,73.5,192.0
2015-02-15,SAG,PM2.5,2,160.0,28.375,17.306976816904807,2.0,16.0,25.0,38.0,92.0
2015-02-15,SAG,PMCO,2,160.0,29.8375,18.930819934599413,6.0,18.0,28.0,37.0,153.0
2015-02-15,SAG,SO2,1,159.0,5.679245283018868,9.649766019801918,0.0,1.0,3.0,6.5,91.0
2015-02-15,SFE,CO,15,0.0,,,,,,,
2015-02-15,SFE,NO,1,159.0,12.050314465408805,17.37333863913629,0.0,1.0,4.0,15.5,115.0
2015-02-15,SFE,NO2,1,159.0,28.20754716981132,13.469175062227757,10.0,18.0,24.0,35.0,71.0
2015-02-15,SFE,NOX,1,159.0,40.295597484276726,26.863592005386998,10.0,19.0,30.0,55.0,158.0
2015-02-15,SFE,O3,1,159.0,27.50314465408805,20.707081346647197,1.0,13.0,23.0,34.5,98.0
2015-02-15,SFE,PM10,2,157.0,47.203821656050955,28.651025589891272,10.0,25.0,38.0,68.0,119.0
2015-02-15,SFE,PM2.5,2,157.0,24.426751592356688,18.10907260281575,1.0,11.0,19.0,34.0,78.0
2015-02-15,SFE,PMCO,2,157.0,22.78980891719745,14.913009226645793,3.0,10.0,18.0,34.0,81.0
2015-02-15,SFE,SO2,1,0.0,,,,,,,
2015-02-15,SJA,CO,15,159.0,0.8150943396226419,0.6055846300957978,0.2,0.4,0.7,1.0,4.6
2015-02-15,SJA,NO,1,159.0,30.245283018867923,46.728236250176465,0.0,3.0,10.0,37.0,328.0
2015-02-15,SJA,NO2,1,159.0,33.056603773584904,12.182289117381812,8.0,25.5,32.0,41.0,67.0
2015-02-15,SJA,NOX,1,159.0,63.295597484276726,51.41510804156266,11.0,30.5,49.0,75.0,360.0
2015-02-15,SJA,O3,1,159.0,22.628930817610062,23.760554872244786,1.0,3.0,14.0,36.5,104.0
2015-02-15,SJA,PM2.5,2,153.0,24.49019607843137,12.82940580271643,2.0,15.0,23.0,31.0,61.0
2015-02-15,SJA,SO2,1,159.0,4.8930817610062896,3.8674087667613057,1.0,2.0,3.0,7.0,19.0
2015-02-15,SUR,CO,15,153.0,1.2228758169934644,0.5820219669423479,0.5,0.8,1.1,1.6,4.1
2015-02-15,SUR,NO,1,153.0,24.77124183006536,32.27890315018916,1.0,5.0,12.0,34.0,207.0
2015-02-15,SUR,NO2,1,153.0,36.22222222222222,14.896671397109166,10.0,28.0,35.0,45.0,83.0
2015-02-15,SUR,NOX,1,153.0,60.98692810457516,39.01618876692229,11.0,34.0,52.0,81.0,244.0
2015-02-15,SUR,O3,1,153.0,20.26797385620915,20.511231370034842,0.0,3.0,13.0,30.0,97.0
2015-02-15,SUR,PM10,2,152.0,46.86184210526316,25.982431492318987,6.0,25.0,43.5,63.0,119.0
2015-02-15,SUR,SO2,1,153.0,4.934640522875817,6.340837984855723,1.0,1.0,2.0,5.0,43.0
2015-02-15,TAH,CO,15,159.0,0.5786163522012577,0.4235720284381593,0.0,0.3,0.5,0.8,2.6
2015-02-15,TAH,NO,1,159.0,12.30188679245283,21.69487914756866,1.0,3.0,5.0,14.0,156.0
2015-02-15,TAH,NO2,1,159.0,28.666666666666668,13.196982138077727,6.0,20.0,28.0,35.0,77.0
2015-02-15,TAH,NOX,1,159.0,41.0188679245283,27.399637736243566,8.0,24.0,35.0,51.0,183.0
2015-02-15,TAH,O3,1,159.0,28.849056603773583,25.287258181138586,2.0,8.0,20.0,44.0,107.0
2015-02-15,TAH,PM10,2,137.0,56.45985401459854,32.309854305964436,1.0,36.0,49.0,76.0,221.0
2015-02-15,TAH,SO2,1,158.0,3.962025316455696,3.4417557287190323,1.0,2.0,3.0,4.0,19.0
2015-02-15,TLA,CO,15,155.0,0.9154838709677416,0.49242864015738935,0.3,0.6,0.8,1.1,3.7
2015-02-15,TLA,NO,1,45.0,37.355555555555554,49.381702332468514,3.0,10.0,16.0,31.0,238.0
2015-02-15,TLA,NO2,1,45.0,31.6,12.375562429826998,14.0,23.0,29.0,42.0,61.0
2015-02-15,TLA,NOX,1,45.0,69.02222222222223,55.953100851959015,24.0,31.0,40.0,77.0,281.0
2015-02-15,TLA,O3,1,155.0,19.651612903225807,20.21815872395025,1.0,4.0,12.0,29.0,86.0
2015-02-15,TLA,PM10,2,0.0,,,,,,,
2015-02-15,TLA,PM2.5,2,0.0,,,,,,,
2015-02-15,TLA,PMCO,2,0.0,,,,,,,
2015-02-15,TLA,SO2,1,155.0,8.535483870967742,7.331906273406043,1.0,3.0,6.0,12.5,32.0
2015-02-15,TLI,CO,15,153.0,0.7653594771241831,0.5129019940031,0.2,0.4,0.6,1.0,2.7
2015-02-15,TLI,NO,1,153.0,24.470588235294116,35.74379939299178,1.0,5.0,10.0,25.0,209.0
2015-02-15,TLI,NO2,1,153.0,31.26797385620915,13.116385160688228,6.0,23.0,31.0,39.0,82.0
2015-02-15,TLI,NOX,1,153.0,55.712418300653596,43.295294688218284,9.0,28.0,45.0,71.0,248.0
2015-02-15,TLI,O3,1,153.0,14.660130718954248,12.76877533935853,1.0,3.0,11.0,23.0,48.0
2015-02-15,TLI,PM10,2,149.0,56.395973154362416,39.89340844962993,2.0,31.0,51.0,73.0,308.0
2015-02-15,TLI,SO2,1,153.0,7.522875816993464,9.579367196521536,0.0,1.0,4.0,10.0,57.0
2015-02-15,TPN,NO,1,155.0,15.290322580645162,13.780735538177494,0.0,4.0,12.0,21.5,63.0
2015-02-15,TPN,NO2,1,155.0,24.374193548387098,15.581436001998458,5.0,12.0,21.0,32.0,79.0
2015-02-15,TPN,NOX,1,155.0,39.73548387096774,25.03168833759685,6.0,20.5,36.0,53.0,113.0
2015-02-15,TPN,O3,1,155.0,27.032258064516128,19.627842454367972,2.0,11.5,23.0,36.0,102.0
2015-02-15,TPN,SO2,1,155.0,1.9870967741935484,2.2067991063458283,0.0,1.0,1.0,2.0,12.0
2015-02-15,UAX,CO,15,159.0,0.8295597484276727,0.4915170856218166,0.1,0.45,0.7,1.1,2.6
2015-02-15,UAX,NO,1,159.0,21.528301886792452,33.005525298996766,0.0,2.0,8.0,26.0,209.0
2015-02-15,UAX,NO2,1,159.0,34.19496855345912,15.200965153993645,5.0,25.0,33.0,41.0,80.0
2015-02-15,UAX,NOX,1,159.0,55.735849056603776,39.79448038028095,6.0,27.5,44.0,74.5,237.0
2015-02-15,UAX,O3,1,159.0,23.742138364779873,24.801800117518514,0.0,3.0,15.0,41.0,104.0
2015-02-15,UAX,PM2.5,2,145.0,30.351724137931033,17.87166092918664,3.0,17.0,25.0,41.0,83.0
2015-02-15,UAX,SO2,1,159.0,4.968553459119497,4.67205723213574,1.0,2.0,3.0,6.0,24.0
2015-02-15,UIZ,CO,15,159.0,0.9402515723270441,0.49671318378286955,0.2,0.6,0.8,1.25,2.5
2015-02-15,UIZ,NO,1,159.0,23.67924528301887,30.629744944680215,1.0,5.0,11.0,31.0,159.0
2015-02-15,UIZ,NO2,1,159.0,39.0125786163522,16.323853564872113,9.0,28.5,37.0,46.0,87.0
2015-02-15,UIZ,NOX,1,159.0,62.679245283018865,39.521236200544166,10.0,33.5,52.0,83.0,225.0
2015-02-15,UIZ,O3,1,159.0,22.67295597484277,23.79913221887444,1.0,3.5,13.0,34.5,102.0
2015-02-15,UIZ,PM10,2,159.0,62.65408805031446,32.8618102811489,11.0,37.5,56.0,79.5,140.0
2015-02-15,UIZ,PM2.5,2,159.0,32.65408805031446,21.620134609290563,1.0,17.5,26.0,39.5,96.0
2015-02-15,UIZ,PMCO,2,159.0,30.0125786163522,17.56650560749123,2.0,17.5,28.0,39.0,122.0
2015-02-15,UIZ,SO2,1,159.0,5.723270440251572,6.266155777178503,1.0,2.0,3.0,6.0,32.0
2015-02-15,VIF,CO,15,159.0,0.572327044025157,0.36972654104089875,0.1,0.3,0.5,0.8,2.1
2015-02-15,VIF,NO,1,159.0,15.465408805031446,24.61855322647395,0.0,2.0,6.0,17.0,143.0
2015-02-15,VIF,NO2,1,159.0,22.735849056603772,11.051348981286667,4.0,13.0,23.0,29.0,62.0
2015-02-15,VIF,NOX,1,159.0,38.22012578616352,30.739544440169258,5.0,16.0,29.0,49.5,176.0
2015-02-15,VIF,O3,1,159.0,22.40880503144654,19.269315095747825,1.0,4.0,19.0,38.0,78.0
2015-02-15,VIF,PM10,2,159.0,63.43396226415094,35.53524339031172,10.0,38.0,55.0,89.5,164.0
2015-02-15,VIF,SO2,1,159.0,7.566037735849057,12.87993646393579,1.0,1.0,3.0,8.0,99.0
2015-02-15,XAL,CO,15,159.0,1.2842767295597486,0.8017808178661411,0.4,0.7,1.0,1.5,4.5
2015-02-15,XAL,NO,1,159.0,48.716981132075475,60.39271605793261,3.0,13.0,23.0,61.0,332.0
2015-02-15,XAL,NO2,1,159.0,38.075471698113205,14.792038215018708,13.0,29.0,36.0,45.5,88.0
2015-02-15,XAL,NOX,1,159.0,86.83647798742139,67.86368263237935,18.0,42.0,64.0,107.5,374.0
2015-02-15,XAL,O3,1,159.0,16.87421383647799,15.43657588875119,1.0,3.0,12.0,25.5,72.0
2015-02-15,XAL,PM10,2,0.0,,,,,,,
2015-02-15,XAL,PM2.5,2,0.0,,,,,,,
2015-02-15,XAL,PMCO,2,0.0,,,,,,,
2015-02-15,XAL,SO2,1,159.0,5.817610062893082,4.929702466067169,1.0,2.0,4.0,9.0,28.0
2015-02-22,ACO,CO,15,154.0,0.3636363636363638,0.2073228614145623,0.1,0.2,0.3,0.5,1.0
2015-02-22,ACO,NO,1,0.0,,,,,,,
2015-02-22,ACO,NO2,1,0.0,,,,,,,
2015-02-22,ACO,NOX,1,0.0,,,,,,,
2015-02-22,ACO,O3,1,154.0,31.857142857142858,26.438590474781055,2.0,9.0,26.0,52.75,117.0
2015-02-22,ACO,PM10,2,157.0,45.2484076433121,17.644515400832002,7.0,33.0,43.0,56.0,99.0
2015-02-22,ACO,SO2,1,154.0,1.9090909090909092,2.6919478973185207,0.0,1.0,1.0,2.0,16.0
2015-02-22,AJM,CO,15,105.0,0.6419047619047621,0.23849727960912334,0.3,0.5,0.6,0.8,1.5
2015-02-22,AJM,NO,1,105.0,6.180952380952381,10.927893871595959,0.0,1.0,2.0,6.0,67.0
2015-02-22,AJM,NO2,1,105.0,21.276190476190475,10.10854097941937,4.0,14.0,20.0,28.0,46.0
2015-02-22,AJM,NOX,1,105.0,27.485714285714284,17.93584415338474,4.0,17.0,25.0,34.0,105.0
2015-02-22,AJM,O3,1,105.0,41.22857142857143,28.81114138891183,5.0,20.0,34.0,52.0,132.0
2015-02-22,AJM,PM10,2,106.0,35.95283018867924,17.41339499486186,4.0,25.0,32.5,48.5,75.0
2015-02-22,AJM,PM2.5,2,106.0,20.245283018867923,11.267155233775497,2.0,13.0,18.0,26.75,51.0
2015-02-22,AJM,PMCO,2,106.0,15.70754716981132,7.383336426268826,3.0,10.0,15.0,21.0,31.0
2015-02-22,AJM,SO2,1,105.0,4.114285714285714,5.477777282442575,0.0,1.0,1.0,5.0,30.0
2015-02-22,AJU,O3,1,136.0,37.029411764705884,29.533393823983843,4.0,10.75,27.0,61.25,102.0
2015-02-22,ATI,CO,15,158.0,0.8367088607594944,0.5725520509122201,0.2,0.4,0.6,1.1,3.0
2015-02-22,ATI,NO,1,158.0,24.120253164556964,36.51966708517387,1.0,3.0,5.0,27.25,187.0
2015-02-22,ATI,NO2,1,158.0,26.139240506329113,13.699908574910149,6.0,16.0,24.0,33.0,79.0
2015-02-22,ATI,NOX,1,158.0,50.221518987341774,44.359938232271865,8.0,19.0,31.5,62.5,219.0
2015-02-22,ATI,O3,1,158.0,28.626582278481013,27.057024983978437,2.0,5.0,19.5,45.75,103.0
2015-02-22,ATI,PM10,2,157.0,47.37579617834395,26.762826786406855,2.0,25.0,44.0,64.0,127.0
2015-02-22,ATI,SO2,1,158.0,5.031645569620253,8.514072940677925,0.0,1.0,2.0,5.0,70.0
2015-02-22,CAM,CO,15,136.0,0.9220588235294117,0.6086647409572297,0.2,0.5,0.8,1.0,3.3
2015-02-22,CAM,NO,1,136.0,36.838235294117645,55.9074924533224,2.0,5.0,13.0,34.0,268.0
2015-02-22,CAM,NO2,1,136.0,38.25,14.385563751360058,12.0,29.0,37.0,45.25,96.0
2015-02-22,CAM,NOX,1,136.0,75.03676470588235,62.7676972935077,13.0,35.75,55.0,79.0,318.0
2015-02-22,CAM,O3,1,136.0,29.16176470588235,30.509068618590376,1.0,3.0,16.5,52.5,104.0
2015-02-22,CAM,PM10,2,157.0,52.94267515923567,25.813244969871008,6.0,34.0,50.0,67.0,134.0
2015-02-22,CAM,PM2.5,2,157.0,28.331210191082803,13.740912397874068,2.0,19.0,27.0,38.0,66.0
2015-02-22,CAM,PMCO,2,157.0,24.61783439490446,14.850768361304317,2.0,15.0,21.0,29.0,88.0
2015-02-22,CAM,SO2,1,136.0,5.867647058823529,7.35331502317597,1.0,2.0,3.0,7.0,50.0
2015-02-22,CCA,CO,15,159.0,0.7522012578616352,0.4237918760141858,0.1,0.5,0.7,0.9,2.9
2015-02-22,CCA,NO,1,159.0,20.18238993710692,33.322333588316354,0.0,2.0,5.0,26.0,161.0
2015-02-22,CCA,NO2,1,159.0,30.40880503144654,12.070580322524107,6.0,23.0,29.0,37.5,65.0
2015-02-22,CCA,NOX,1,159.0,50.65408805031446,38.163868428596636,7.0,28.0,37.0,60.0,214.0
2015-02-22,CCA,O3,1,159.0,32.9748427672956,34.670410118595036,1.0,3.0,20.0,54.0,134.0
2015-02-22,CCA,PM2.5,2,159.0,19.144654088050313,6.970858398358652,3.0,14.5,19.0,23.0,40.0
2015-02-22,CCA,SO2,1,159.0,3.018867924528302,5.396285288309487,0.0,1.0,1.0,3.0,39.0
2015-02-22,CHO,CO,15,0.0,,,,,,,
2015-02-22,CHO,NO,1,0.0,,,,,,,
2015-02-22,CHO,NO2,1,0.0,,,,,,,
2015-02-22,CHO,NOX,1,0.0,,,,,,,
2015-02-22,CHO,O3,1,0.0,,,,,,,
2015-02-22,CHO,PM10,2,148.0,57.16216216216216,34.44902653641838,5.0,30.75,51.0,72.0,188.0
2015-02-22,CHO,SO2,1,159.0,1.8742138364779874,1.7090308837406933,0.0,1.0,1.0,2.0,12.0
2015-02-22,COY,NO,1,0.0,,,,,,,
2015-02-22,COY,NO2,1,0.0,,,,,,,
2015-02-22,COY,NOX,1,0.0,,,,,,,
2015-02-22,COY,O3,1,134.0,34.58955223880597,34.217616859702574,2.0,4.0,20.5,58.75,129.0
2015-02-22,COY,PM2.5,2,133.0,27.887218045112782,14.859775955394497,3.0,18.0,25.0,37.0,73.0
2015-02-22,CUA,CO,15,159.0,0.46729559748427624,0.3013675277010566,0.1,0.3,0.4,0.5,1.8
2015-02-22,CUA,NO,1,159.0,12.176100628930818,21.545810656611845,0.0,2.0,4.0,12.0,153.0
2015-02-22,CUA,NO2,1,159.0,22.339622641509433,13.304053911857496,5.0,11.5,19.0,30.0,72.0
2015-02-22,CUA,NOX,1,159.0,34.503144654088054,31.012425891387725,7.0,15.0,24.0,38.5,198.0
2015-02-22,CUA,O3,1,159.0,36.283018867924525,26.775705045846568,1.0,18.5,32.0,47.5,115.0
2015-02-22,CUA,PM10,2,158.0,34.639240506329116,15.567489541659777,4.0,25.0,32.0,42.0,95.0
2015-02-22,CUA,SO2,1,159.0,3.10062893081761,4.822409409551925,0.0,1.0,1.0,3.0,25.0
2015-02-22,CUT,NO,1,158.0,27.49367088607595,40.18710171685122,1.0,2.0,10.0,32.75,181.0
2015-02-22,CUT,NO2,1,158.0,21.968354430379748,11.489912987467147,4.0,13.0,20.0,27.75,55.0
2015-02-22,CUT,NOX,1,158.0,49.43037974683544,45.70026510238342,5.0,15.0,38.0,66.0,202.0
2015-02-22,CUT,O3,1,158.0,19.462025316455698,18.69999014814597,2.0,2.0,14.5,34.0,64.0
2015-02-22,CUT,PM10,2,158.0,67.99367088607595,45.47883904027788,8.0,35.0,56.5,90.0,252.0
2015-02-22,CUT,SO2,1,158.0,4.30379746835443,7.209962022532638,0.0,1.0,2.0,4.0,51.0
2015-02-22,FAC,CO,15,159.0,1.0182389937106922,0.7166072795844393,0.2,0.5,0.8,1.35,3.8
2015-02-22,FAC,NO,1,159.0,37.38364779874214,53.689779186927105,0.0,6.0,13.0,45.0,261.0
2015-02-22,FAC,NO2,1,159.0,31.257861635220127,12.837945060372357,7.0,21.0,30.0,39.5,68.0
2015-02-22,FAC,NOX,1,159.0,68.67295597484276,57.94426576355764,9.0,29.0,46.0,89.0,291.0
2015-02-22,FAC,O3,1,159.0,29.38364779874214,29.309953971291403,2.0,5.0,18.0,47.5,106.0
2015-02-22,FAC,PM10,2,149.0,54.30201342281879,25.950499838436322,3.0,35.0,52.0,70.0,129.0
2015-02-22,FAC,SO2,1,159.0,6.465408805031447,7.897908611340508,1.0,3.0,4.0,7.0,48.0
2015-02-22,HGM,CO,15,159.0,0.9893081761006288,0.4972826406376593,0.3,0.7,0.9,1.2,3.2
2015-02-22,HGM,NO,1,159.0,25.39622641509434,38.05459417164589,0.0,3.5,9.0,30.5,247.0
2015-02-22,HGM,NO2,1,159.0,36.77987421383648,12.85343267884682,8.0,28.0,36.0,43.5,74.0
2015-02-22,HGM,NOX,1,159.0,62.25157232704402,44.47086495437908,8.0,35.0,49.0,78.0,294.0
2015-02-22,HGM,O3,1,159.0,23.90566037735849,24.57867565332332,1.0,2.0,16.0,40.0,94.0
2015-02-22,HGM,PM10,2,156.0,54.19230769230769,22.39098764108953,7.0,40.75,50.0,65.25,115.0
2015-02-22,HGM,PM2.5,2,156.0,27.506410256410255,16.164675463400297,1.0,16.0,26.0,34.25,76.0
2015-02-22,HGM,PMCO,2,156.0,26.69871794871795,9.85404444348245,4.0,20.0,26.0,33.25,58.0
2015-02-22,HGM,SO2,1,159.0,4.748427672955975,7.38966825231209,1.0,2.0,2.0,4.0,65.0
2015-02-22,IZT,CO,15,156.0,1.1807692307692308,0.5837714294874802,0.4,0.8,1.0,1.4,3.5
2015-02-22,IZT,NO,1,156.0,27.692307692307693,37.51535004279911,1.0,5.0,11.0,35.75,218.0
2015-02-22,IZT,NO2,1,156.0,36.89102564102564,12.876371818153528,14.0,29.0,36.5,43.0,85.0
2015-02-22,IZT,NOX,1,156.0,64.64102564102564,43.47263859070494,15.0,35.75,50.5,85.5,257.0
2015-02-22,IZT,O3,1,156.0,33.01282051282051,34.021432937049504,3.0,4.0,17.5,53.0,134.0
2015-02-22,IZT,PM10,2,158.0,42.77215189873418,14.326892771509598,7.0,34.0,42.0,51.0,75.0
2015-02-22,IZT,SO2,1,156.0,5.044871794871795,7.213198430402467,1.0,2.0,2.0,5.0,50.0
2015-02-22,LLA,CO,15,0.0,,,,,,,
2015-02-22,LLA,NO,1,159.0,35.100628930817614,55.04212368131137,1.0,3.0,11.0,42.0,280.0
2015-02-22,LLA,NO2,1,159.0,27.11949685534591,10.926894459545826,4.0,19.0,27.0,35.0,61.0
2015-02-22,LLA,NOX,1,159.0,62.21383647798742,60.31744764895547,5.0,22.5,38.0,77.5,308.0
2015-02-22,LLA,O3,1,159.0,28.77358490566038,28.643802106082724,1.0,3.0,18.0,50.5,121.0
2015-02-22,LLA,SO2,1,159.0,4.238993710691824,6.276799877524534,0.0,1.0,2.0,4.0,38.0
2015-02-22,LPR,CO,15,0.0,,,,,,,
2015-02-22,LPR,NO,1,0.0,,,,,,,
2015-02-22,LPR,NO2,1,0.0,,,,,,,
2015-02-22,LPR,NOX,1,0.0,,,,,,,
2015-02-22,LPR,O3,1,0.0,,,,,,,
2015-02-22,LPR,SO2,1,0.0,,,,,,,
2015-02-22,MER,CO,15,158.0,1.2189873417721517,0.655224170200203,0.3,0.8,1.0,1.5,3.9
2015-02-22,MER,NO,1,0.0,,,,,,,
2015-02-22,MER,NO2,1,0.0,,,,,,,
2015-02-22,MER,NOX,1,0.0,,,,,,,
2015-02-22,MER,O3,1,158.0,27.79113924050633,32.06562812380446,0.0,1.0,12.5,44.0,139.0
2015-02-22,MER,PM10,2,160.0,47.0125,28.202098030702135,7.0,31.75,43.0,58.0,281.0
2015-02-22,MER,PM2.5,2,160.0,29.2875,13.944809227899665,2.0,19.0,28.0,39.0,61.0
2015-02-22,MER,PMCO,2,160.0,17.7,25.13280449204225,1.0,11.0,14.0,18.0,276.0
2015-02-22,MER,SO2,1,158.0,5.443037974683544,7.048054952255528,0.0,2.0,3.0,5.0,49.0
2015-02-22,MGH,CO,15,159.0,0.80062893081761,0.4418741523324062,0.1,0.5,0.7,1.0,2.2
2015-02-22,MGH,NO,1,159.0,35.74842767295598,46.59751834450595,1.0,5.0,13.0,54.5,240.0
2015-02-22,MGH,NO2,1,159.0,32.125786163522015,13.303536285545283,9.0,22.0,33.0,40.5,76.0
2015-02-22,MGH,NOX,1,159.0,67.84276729559748,52.5652740200214,12.0,28.0,50.0,91.0,284.0
2015-02-22,MGH,O3,1,159.0,28.232704402515722,30.552133275815756,0.0,2.0,17.0,48.5,107.0
2015-02-22,MGH,PM10,2,156.0,38.84615384615385,15.595761974436371,6.0,28.0,39.0,50.0,89.0
2015-02-22,MGH,PM2.5,2,156.0,23.76923076923077,10.991988961964545,2.0,17.0,23.0,31.0,58.0
2015-02-22,MGH,PMCO,2,156.0,15.10897435897436,6.002766800722347,3.0,11.0,15.0,18.0,34.0
2015-02-22,MGH,SO2,1,159.0,3.270440251572327,5.417605541653236,0.0,1.0,1.0,3.5,36.0
2015-02-22,MON,CO,15,0.0,,,,,,,
2015-02-22,MON,NO,1,0.0,,,,,,,
2015-02-22,MON,NO2,1,0.0,,,,,,,
2015-02-22,MON,NOX,1,0.0,,,,,,,
2015-02-22,MON,O3,1,0.0,,,,,,,
2015-02-22,MON,SO2,1,0.0,,,,,,,
2015-02-22,NEZ,CO,15,155.0,0.8161290322580649,0.524154714813046,0.2,0.5,0.7,1.0,2.9
2015-02-22,NEZ,NO,1,155.0,18.883870967741935,30.930578917812642,0.0,2.0,4.0,22.0,195.0
2015-02-22,NEZ,NO2,1,155.0,31.058064516129033,10.998960228117323,9.0,22.0,30.0,39.0,57.0
2015-02-22,NEZ,NOX,1,155.0,49.89677419354839,36.12409603300719,10.0,25.5,37.0,60.5,235.0
2015-02-22,NEZ,O3,1,155.0,33.909677419354836,32.43582429887075,0.0,5.0,23.0,52.0,128.0
2015-02-22,NEZ,PM2.5,2,155.0,24.612903225806452,9.365165558180614,4.0,18.5,24.0,31.0,55.0
2015-02-22,NEZ,SO2,1,155.0,3.470967741935484,4.979581265214451,1.0,1.0,2.0,3.0,31.0
2015-02-22,PED,CO,15,159.0,0.3861635220125784,0.30780521282246265,0.0,0.2,0.3,0.5,1.6
2015-02-22,PED,NO,1,157.0,12.414012738853502,21.39435720775853,1.0,2.0,3.0,12.0,113.0
2015-02-22,PED,NO2,1,157.0,27.312101910828027,12.02660165951825,5.0,18.0,24.0,35.0,62.0
2015-02-22,PED,NOX,1,157.0,39.745222929936304,28.666943452435103,6.0,21.0,30.0,49.0,158.0
2015-02-22,PED,O3,1,159.0,36.855345911949684,32.017763360475946,1.0,12.0,26.0,58.5,123.0
2015-02-22,PED,PM10,2,154.0,44.23376623376623,18.019159087468704,9.0,31.0,41.0,57.0,92.0
2015-02-22,PED,PM2.5,2,154.0,21.896103896103895,10.597921137354225,4.0,15.0,20.0,28.75,65.0
2015-02-22,PED,PMCO,2,154.0,22.37012987012987,9.453671900448207,4.0,14.0,23.0,29.75,47.0
2015-02-22,PED,SO2,1,159.0,4.276729559748428,4.637371513366317,1.0,2.0,3.0,4.0,32.0
2015-02-22,SAG,CO,15,159.0,0.9610062893081762,0.5802565942322998,0.2,0.55,0.8,1.2,3.5
2015-02-22,SAG,NO,1,159.0,28.943396226415093,42.834424415123394,0.0,3.0,8.0,37.5,263.0
2015-02-22,SAG,NO2,1,159.0,28.748427672955973,10.204223842164652,7.0,21.0,29.0,36.0,59.0
2015-02-22,SAG,NOX,1,159.0,57.698113207547166,46.86295056500378,8.0,27.0,42.0,76.0,292.0
2015-02-22,SAG,O3,1,159.0,29.77987421383648,30.134644639998907,1.0,3.0,18.0,50.5,123.0
2015-02-22,SAG,PM10,2,158.0,60.64556962025316,26.931400456812227,9.0,43.0,57.0,74.0,180.0
2015-02-22,SAG,PM2.5,2,158.0,28.61392405063291,16.46642006021013,1.0,18.0,27.0,37.0,142.0
2015-02-22,SAG,PMCO,2,158.0,32.0,15.461478740429854,6.0,21.0,29.0,40.75,84.0
2015-02-22,SAG,SO2,1,159.0,5.0754716981132075,6.06561920390042,0.0,2.0,3.0,6.0,38.0
2015-02-22,SFE,CO,15,0.0,,,,,,,
2015-02-22,SFE,NO,1,151.0,9.291390728476822,16.71629520516771,0.0,1.0,4.0,9.0,123.0
2015-02-22,SFE,NO2,1,151.0,23.980132450331126,11.91719776830974,6.0,15.0,22.0,33.0,70.0
2015-02-22,SFE,NOX,1,151.0,33.28476821192053,23.957845613617188,7.0,17.5,25.0,40.0,159.0
2015-02-22,SFE,O3,1,151.0,32.35761589403973,25.273528805415076,1.0,14.0,25.0,46.5,106.0
2015-02-22,SFE,PM10,2,129.0,44.51937984496124,20.21760556080772,5.0,30.0,41.0,56.0,109.0
2015-02-22,SFE,PM2.5,2,129.0,22.565891472868216,13.751048233475872,1.0,14.0,19.0,28.0,68.0
2015-02-22,SFE,PMCO,2,129.0,21.953488372093023,9.756296416542591,4.0,15.0,20.0,28.0,52.0
2015-02-22,SFE,SO2,1,0.0,,,,,,,
2015-02-22,SJA,CO,15,158.0,0.8196202531645571,0.6971697890373852,0.0,0.4,0.6,1.0,4.6
2015-02-22,SJA,NO,1,156.0,43.256410256410255,64.26516357223477,0.0,3.0,9.0,62.0,325.0
2015-02-22,SJA,NO2,1,156.0,34.57692307692308,12.81432588514975,9.0,25.0,34.0,42.0,74.0
2015-02-22,SJA,NOX,1,156.0,77.83974358974359,68.25100701560022,11.0,30.0,51.5,105.0,350.0
2015-02-22,SJA,O3,1,158.0,31.424050632911392,34.89041886694391,1.0,2.0,15.0,57.0,140.0
2015-02-22,SJA,PM2.5,2,158.0,22.139240506329113,9.584002298436593,3.0,15.0,22.0,28.75,45.0
2015-02-22,SJA,SO2,1,158.0,5.2974683544303796,5.744573172872172,1.0,2.0,3.0,6.0,32.0
2015-02-22,SUR,CO,15,160.0,1.0725000000000007,0.4804282680637318,0.4,0.8,0.9,1.2,3.2
2015-02-22,SUR,NO,1,160.0,20.3125,31.773013251329854,1.0,3.0,6.0,23.5,200.0
2015-02-22,SUR,NO2,1,160.0,30.58125,10.838129683273152,9.0,24.0,29.0,38.0,62.0
2015-02-22,SUR,NOX,1,160.0,50.8875,35.920770169356736,11.0,28.0,39.5,62.25,238.0
2015-02-22,SUR,O3,1,160.0,33.63125,35.37767868827842,1.0,3.0,20.5,56.0,132.0
2015-02-22,SUR,PM10,2,151.0,44.317880794701985,17.879362725752518,4.0,33.0,43.0,54.5,101.0
2015-02-22,SUR,SO2,1,160.0,3.68125,6.194308480142868,1.0,1.0,2.0,3.0,46.0
2015-02-22,TAH,CO,15,157.0,0.4382165605095541,0.37952991028496663,0.0,0.2,0.4,0.6,2.1
2015-02-22,TAH,NO,1,157.0,9.522292993630574,19.48819037107463,1.0,2.0,3.0,6.0,117.0
2015-02-22,TAH,NO2,1,157.0,19.62420382165605,9.46817477112944,4.0,11.0,20.0,26.0,48.0
2015-02-22,TAH,NOX,1,157.0,29.15286624203822,24.464565061637018,6.0,13.0,24.0,34.0,146.0
2015-02-22,TAH,O3,1,157.0,38.69426751592356,31.726528255280382,2.0,11.0,32.0,58.0,132.0
2015-02-22,TAH,PM10,2,131.0,44.93893129770992,26.41233852844912,2.0,25.0,40.0,61.0,151.0
2015-02-22,TAH,SO2,1,157.0,3.3630573248407645,2.7922807198574597,1.0,2.0,2.0,3.0,17.0
2015-02-22,TLA,CO,15,155.0,1.080645161290323,0.6028177099701929,0.3,0.6499999999999999,0.9,1.4,3.9
2015-02-22,TLA,NO,1,113.0,38.85840707964602,55.877395643216246,1.0,9.0,15.0,41.0,319.0
2015-02-22,TLA,NO2,1,113.0,39.442477876106196,15.96980300727044,13.0,28.0,37.0,49.0,97.0
2015-02-22,TLA,NOX,1,113.0,78.31858407079646,63.52730929725161,17.0,40.0,61.0,86.0,379.0
2015-02-22,TLA,O3,1,155.0,24.64516129032258,27.630620585997033,0.0,2.0,12.0,43.5,103.0
2015-02-22,TLA,PM10,2,159.0,52.45283018867924,26.12208389956268,9.0,34.0,51.0,68.0,156.0
2015-02-22,TLA,PM2.5,2,159.0,26.17610062893082,14.99389520969885,2.0,17.0,24.0,33.0,81.0
2015-02-22,TLA,PMCO,2,159.0,26.28301886792453,13.178008183694349,4.0,17.0,25.0,33.5,80.0
2015-02-22,TLA,SO2,1,155.0,6.787096774193548,8.539432671302977,1.0,2.0,4.0,8.0,69.0
2015-02-22,TLI,CO,15,159.0,0.7452830188679245,0.5123411285965516,0.1,0.3,0.6,0.9,2.6
2015-02-22,TLI,NO,1,159.0,25.157232704402517,33.29243928901269,2.0,4.0,10.0,33.0,175.0
2015-02-22,TLI,NO2,1,159.0,30.0188679245283,12.608753086903414,8.0,20.0,31.0,38.0,66.0
2015-02-22,TLI,NOX,1,159.0,55.15723270440252,41.12754698991336,10.0,24.0,45.0,71.5,226.0
2015-02-22,TLI,O3,1,159.0,17.67924528301887,17.13103658908796,1.0,3.0,11.0,28.5,65.0
2015-02-22,TLI,PM10,2,145.0,57.86206896551724,35.68878221857971,2.0,32.0,51.0,75.0,207.0
2015-02-22,TLI,SO2,1,159.0,5.144654088050315,6.602489440352584,0.0,1.0,2.0,5.5,35.0
2015-02-22,TPN,NO,1,159.0,8.89937106918239,10.900699645733734,0.0,2.0,5.0,10.5,61.0
2015-02-22,TPN,NO2,1,159.0,19.0251572327044,10.730855596932152,4.0,11.0,17.0,26.0,50.0
2015-02-22,TPN,NOX,1,159.0,27.962264150943398,19.01894019077866,5.0,15.0,23.0,36.0,107.0
2015-02-22,TPN,O3,1,159.0,41.20754716981132,29.026848216147528,5.0,19.0,31.0,57.5,125.0
2015-02-22,TPN,SO2,1,159.0,1.748427672955975,2.744311846736945,0.0,0.0,1.0,2.0,17.0
2015-02-22,UAX,CO,15,154.0,0.6428571428571432,0.3109877039489981,0.1,0.4,0.6,0.8,1.6
2015-02-22,UAX,NO,1,154.0,14.694805194805195,21.25393555930732,0.0,2.0,4.0,18.0,111.0
2015-02-22,UAX,NO2,1,154.0,25.83116883116883,10.423581356621495,7.0,18.0,25.0,32.75,59.0
2015-02-22,UAX,NOX,1,154.0,40.54545454545455,26.926452943020383,8.0,21.0,33.0,54.75,137.0
2015-02-22,UAX,O3,1,154.0,36.3051948051948,36.317108793766515,0.0,4.25,24.0,59.0,138.0
2015-02-22,UAX,PM2.5,2,156.0,22.115384615384617,9.07883859167555,1.0,15.75,22.0,28.0,42.0
2015-02-22,UAX,SO2,1,154.0,3.2532467532467533,6.3765929070400515,0.0,1.0,1.0,2.0,55.0
2015-02-22,UIZ,CO,15,153.0,0.9470588235294114,0.5651104716789795,0.3,0.6,0.8,1.1,3.5
2015-02-22,UIZ,NO,1,153.0,23.091503267973856,42.65981707790196,0.0,2.0,6.0,26.0,278.0
2015-02-22,UIZ,NO2,1,153.0,33.58169934640523,13.68278517887049,9.0,22.0,34.0,43.0,86.0
2015-02-22,UIZ,NOX,1,153.0,56.68627450980392,49.876752124379344,9.0,26.0,43.0,67.0,322.0
2015-02-22,UIZ,O3,1,153.0,32.6797385620915,33.205431862789524,1.0,3.0,19.0,55.0,127.0
2015-02-22,UIZ,PM10,2,159.0,59.528301886792455,19.64102246711859,7.0,46.5,59.0,72.5,126.0
2015-02-22,UIZ,PM2.5,2,159.0,30.270440251572328,13.168184488240751,2.0,20.0,29.0,39.5,66.0
2015-02-22,UIZ,PMCO,2,159.0,29.22641509433962,10.396521161282076,4.0,23.0,28.0,34.0,63.0
2015-02-22,UIZ,SO2,1,101.0,6.524752475247524,7.532056902873134,1.0,2.0,3.0,7.0,38.0
2015-02-22,VIF,CO,15,155.0,0.6709677419354839,0.4011295321340262,0.2,0.3,0.6,0.9,2.0
2015-02-22,VIF,NO,1,155.0,21.93548387096774,29.2574060818961,0.0,2.0,5.0,33.5,145.0
2015-02-22,VIF,NO2,1,155.0,23.232258064516127,11.0264259641717,5.0,13.5,24.0,33.0,55.0
2015-02-22,VIF,NOX,1,155.0,45.096774193548384,35.68527183433297,5.0,16.0,36.0,66.0,171.0
2015-02-22,VIF,O3,1,155.0,24.793548387096774,24.968472789321442,1.0,2.0,17.0,45.0,95.0
2015-02-22,VIF,PM10,2,154.0,68.96103896103897,37.475548998910135,4.0,38.25,64.0,89.5,176.0
2015-02-22,VIF,SO2,1,155.0,5.329032258064516,7.89715523120231,0.0,1.0,2.0,5.5,47.0
2015-02-22,XAL,CO,15,159.0,1.3805031446540883,0.9480478268273564,0.4,0.7,1.1,1.55,4.9
2015-02-22,XAL,NO,1,159.0,54.9748427672956,75.96859358451556,3.0,8.0,20.0,63.0,338.0
2015-02-22,XAL,NO2,1,159.0,37.37735849056604,12.909460393905333,12.0,28.0,38.0,45.0,88.0
2015-02-22,XAL,NOX,1,159.0,92.37735849056604,80.82170400670779,16.0,40.5,60.0,111.5,391.0
2015-02-22,XAL,O3,1,154.0,20.551948051948052,19.928644673766243,1.0,2.0,14.5,36.0,80.0
2015-02-22,XAL,PM10,2,0.0,,,,,,,
2015-02-22,XAL,PM2.5,2,0.0,,,,,,,
2015-02-22,XAL,PMCO,2,0.0,,,,,,,
2015-02-22,XAL,SO2,1,159.0,6.044025157232705,5.9185889439942185,1.0,2.0,4.0,7.0,29.0
2015-03-01,ACO,CO,15,159.0,0.30566037735849083,0.18461224605857932,0.1,0.2,0.2,0.4,0.9
2015-03-01,ACO,NO,1,0.0,,,,,,,
2015-03-01,ACO,NO2,1,0.0,,,,,,,
2015-03-01,ACO,NOX,1,0.0,,,,,,,
2015-03-01,ACO,O3,1,159.0,36.138364779874216,28.185748707822608,2.0,11.0,33.0,56.0,133.0
2015-03-01,ACO,PM10,2,161.0,61.30434782608695,26.650526138863768,16.0,43.0,57.0,76.0,208.0
2015-03-01,ACO,SO2,1,159.0,1.5849056603773586,2.94958028937149,0.0,0.0,1.0,2.0,29.0
2015-03-01,AJM,CO,15,156.0,0.4698717948717942,0.24054236345952257,0.1,0.3,0.4,0.5,1.7
2015-03-01,AJM,NO,1,155.0,5.580645161290323,11.212742616490463,0.0,0.0,1.0,5.0,90.0
2015-03-01,AJM,NO2,1,155.0,17.29032258064516,11.322869480475761,3.0,8.0,14.0,24.0,68.0
2015-03-01,AJM,NOX,1,155.0,22.90967741935484,20.371984755597058,3.0,9.0,15.0,29.0,130.0
2015-03-01,AJM,O3,1,156.0,48.8525641025641,23.189487186300738,9.0,32.0,47.0,61.25,115.0
2015-03-01,AJM,PM10,2,156.0,37.76923076923077,15.302475512929968,10.0,26.0,38.0,46.0,91.0
2015-03-01,AJM,PM2.5,2,156.0,17.185897435897434,6.964244615202749,5.0,13.0,17.0,21.0,45.0
2015-03-01,AJM,PMCO,2,156.0,20.564102564102566,9.976216547808471,5.0,13.75,20.0,25.0,62.0
2015-03-01,AJM,SO2,1,156.0,1.9423076923076923,1.811220884324001,0.0,1.0,1.0,3.0,9.0
2015-03-01,AJU,O3,1,146.0,38.657534246575345,25.658080223872577,7.0,17.0,29.5,56.0,109.0
2015-03-01,ATI,CO,15,158.0,0.6588607594936711,0.4940576498550661,0.1,0.3,0.5,0.8,3.1
2015-03-01,ATI,NO,1,158.0,19.696202531645568,31.18788529716368,1.0,3.0,6.5,22.5,212.0
2015-03-01,ATI,NO2,1,158.0,25.234177215189874,13.462459113017529,4.0,14.0,24.5,32.75,78.0
2015-03-01,ATI,NOX,1,158.0,44.91139240506329,39.82627557372565,5.0,17.25,31.5,55.0,240.0
2015-03-01,ATI,O3,1,158.0,30.803797468354432,26.798008021026966,2.0,7.25,23.5,49.25,99.0
2015-03-01,ATI,PM10,2,157.0,55.81528662420382,36.14408872051626,1.0,33.0,46.0,68.0,201.0
2015-03-01,ATI,SO2,1,156.0,4.5,9.246097694738314,0.0,1.0,2.0,4.0,88.0
2015-03-01,CAM,CO,15,159.0,0.782389937106919,0.6281915566105862,0.2,0.35,0.6,1.0,3.2
2015-03-01,CAM,NO,1,159.0,33.660377358490564,50.366483504570695,1.0,4.0,10.0,42.0,228.0
2015-03-01,CAM,NO2,1,159.0,32.679245283018865,15.540197266198616,10.0,20.0,31.0,42.0,73.0
2015-03-01,CAM,NOX,1,159.0,66.33333333333333,60.01778920534349,12.0,24.0,44.0,86.0,279.0
2015-03-01,CAM,O3,1,159.0,27.47798742138365,24.486843917455253,1.0,4.0,23.0,47.0,89.0
2015-03-01,CAM,PM10,2,161.0,53.559006211180126,25.64269991647157,14.0,38.0,47.0,63.0,154.0
2015-03-01,CAM,PM2.5,2,161.0,25.4472049689441,11.503749726240361,4.0,17.0,24.0,32.0,56.0
2015-03-01,CAM,PMCO,2,161.0,28.1055900621118,17.899581868186218,7.0,18.0,23.0,33.0,130.0
2015-03-01,CAM,SO2,1,158.0,5.962025316455696,10.031724249268798,0.0,1.0,3.0,5.75,81.0
2015-03-01,CCA,CO,15,159.0,0.6427672955974842,0.4040082590171052,0.2,0.4,0.5,0.8,2.9
2015-03-01,CCA,NO,1,159.0,20.82389937106918,32.71927674589735,1.0,2.0,6.0,25.0,160.0
2015-03-01,CCA,NO2,1,159.0,27.49056603773585,12.635026623590441,7.0,17.0,28.0,36.0,71.0
2015-03-01,CCA,NOX,1,159.0,48.37735849056604,40.43962201135544,9.0,19.0,36.0,62.5,213.0
2015-03-01,CCA,O3,1,159.0,31.11949685534591,29.669991825666504,1.0,3.0,21.0,56.0,105.0
2015-03-01,CCA,PM2.5,2,161.0,18.652173913043477,6.506977859925854,3.0,14.0,18.0,23.0,40.0
2015-03-01,CCA,SO2,1,159.0,2.1823899371069184,2.626195558752146,0.0,1.0,1.0,3.0,20.0
2015-03-01,CHO,CO,15,0.0,,,,,,,
2015-03-01,CHO,NO,1,0.0,,,,,,,
2015-03-01,CHO,NO2,1,0.0,,,,,,,
2015-03-01,CHO,NOX,1,0.0,,,,,,,
2015-03-01,CHO,O3,1,0.0,,,,,,,
2015-03-01,CHO,PM10,2,160.0,59.2875,33.259299073233144,2.0,35.75,54.0,80.0,173.0
2015-03-01,CHO,SO2,1,159.0,1.729559748427673,1.3008543180735395,0.0,1.0,1.0,2.0,7.0
2015-03-01,COY,NO,1,0.0,,,,,,,
2015-03-01,COY,NO2,1,0.0,,,,,,,
2015-03-01,COY,NOX,1,0.0,,,,,,,
2015-03-01,COY,O3,1,158.0,31.525316455696203,27.413256211936147,2.0,7.25,22.0,55.0,101.0
2015-03-01,COY,PM2.5,2,155.0,26.974193548387095,13.768469714314072,4.0,18.0,25.0,33.0,82.0
2015-03-01,CUA,CO,15,159.0,0.4308176100628928,0.24954380796362433,0.2,0.3,0.4,0.5,1.6
2015-03-01,CUA,NO,1,159.0,10.29559748427673,19.828554228023386,0.0,2.0,3.0,8.0,138.0
2015-03-01,CUA,NO2,1,159.0,19.67295597484277,11.441926486096625,3.0,12.0,17.0,26.0,63.0
2015-03-01,CUA,NOX,1,159.0,29.90566037735849,28.104189618034848,3.0,14.0,21.0,34.5,176.0
2015-03-01,CUA,O3,1,159.0,39.729559748427675,23.049118035404632,1.0,22.0,37.0,52.0,109.0
2015-03-01,CUA,PM10,2,138.0,39.471014492753625,17.670624735004026,9.0,28.0,37.0,46.75,106.0
2015-03-01,CUA,SO2,1,159.0,1.9559748427672956,1.3932291602726343,0.0,1.0,1.0,3.0,9.0
2015-03-01,CUT,NO,1,159.0,29.17610062893082,40.466666168275076,1.0,2.0,7.0,44.5,166.0
2015-03-01,CUT,NO2,1,159.0,21.27672955974843,10.474750804978566,4.0,12.0,23.0,29.0,45.0
2015-03-01,CUT,NOX,1,159.0,50.490566037735846,46.49525195910724,5.0,14.0,34.0,74.0,195.0
2015-03-01,CUT,O3,1,159.0,20.42138364779874,18.38043251230027,2.0,2.0,17.0,35.5,62.0
2015-03-01,CUT,PM10,2,161.0,80.75155279503106,47.26574222625472,19.0,49.0,75.0,101.0,427.0
2015-03-01,CUT,SO2,1,159.0,3.647798742138365,5.935452767411734,0.0,1.0,2.0,3.0,40.0
2015-03-01,FAC,CO,15,159.0,0.8842767295597488,0.7056314697045034,0.2,0.5,0.6,1.1,4.1
2015-03-01,FAC,NO,1,159.0,31.48427672955975,51.1109311484309,0.0,4.0,9.0,30.0,279.0
2015-03-01,FAC,NO2,1,159.0,27.9937106918239,13.803089387885171,8.0,18.0,25.0,34.0,78.0
2015-03-01,FAC,NOX,1,159.0,59.509433962264154,58.61393405042394,9.0,22.0,35.0,69.5,316.0
2015-03-01,FAC,O3,1,159.0,30.68553459119497,24.672061369338465,3.0,9.5,25.0,49.0,109.0
2015-03-01,FAC,PM10,2,161.0,56.24223602484472,33.84168590612686,3.0,33.0,49.0,68.0,216.0
2015-03-01,FAC,SO2,1,159.0,5.622641509433962,6.6147889977379615,1.0,3.0,4.0,6.0,54.0
2015-03-01,HGM,CO,15,159.0,0.8163522012578619,0.4082804654405028,0.4,0.5,0.7,1.05,2.2
2015-03-01,HGM,NO,1,158.0,18.09493670886076,26.63286317599712,0.0,3.0,6.0,21.5,140.0
2015-03-01,HGM,NO2,1,158.0,31.462025316455698,14.443227789970834,9.0,20.0,31.0,39.0,87.0
2015-03-01,HGM,NOX,1,158.0,49.54430379746835,36.15934214931808,12.0,24.0,35.0,66.75,176.0
2015-03-01,HGM,O3,1,159.0,23.48427672955975,19.760866373255762,1.0,5.0,19.0,38.5,74.0
2015-03-01,HGM,PM10,2,154.0,61.51948051948052,27.993281355274622,14.0,42.25,58.0,73.75,151.0
2015-03-01,HGM,PM2.5,2,154.0,28.5,16.916268226738254,2.0,16.25,25.0,37.75,79.0
2015-03-01,HGM,PMCO,2,154.0,33.01298701298701,18.429156713296162,5.0,22.25,29.5,40.0,126.0
2015-03-01,HGM,SO2,1,159.0,4.421383647798742,5.851953744721829,1.0,2.0,2.0,4.0,34.0
2015-03-01,IZT,CO,15,153.0,1.010457516339869,0.5958368063723505,0.4,0.6,0.8,1.2,3.8
2015-03-01,IZT,NO,1,153.0,22.77124183006536,39.58244173674048,1.0,4.0,6.0,23.0,260.0
2015-03-01,IZT,NO2,1,153.0,32.44444444444444,13.953818987197925,7.0,22.0,33.0,41.0,81.0
2015-03-01,IZT,NOX,1,153.0,55.27450980392157,47.293350385779114,10.0,25.0,40.0,63.0,300.0
2015-03-01,IZT,O3,1,153.0,31.69281045751634,27.463679614545764,3.0,8.0,20.0,53.0,110.0
2015-03-01,IZT,PM10,2,160.0,43.6375,16.93921337269043,15.0,32.75,42.0,52.0,111.0
2015-03-01,IZT,SO2,1,153.0,4.30718954248366,5.690806350402798,0.0,2.0,2.0,4.0,37.0
2015-03-01,LLA,CO,15,0.0,,,,,,,
2015-03-01,LLA,NO,1,153.0,31.84967320261438,55.77890697842946,0.0,3.0,7.0,26.0,282.0
2015-03-01,LLA,NO2,1,153.0,25.58169934640523,11.432073060545243,3.0,17.0,27.0,35.0,51.0
2015-03-01,LLA,NOX,1,153.0,57.431372549019606,61.39237102290674,5.0,21.0,35.0,61.0,311.0
2015-03-01,LLA,O3,1,153.0,28.980392156862745,27.30877788999722,1.0,4.0,21.0,49.0,114.0
2015-03-01,LLA,SO2,1,153.0,6.444444444444445,15.444249862041541,0.0,1.0,2.0,4.0,107.0
2015-03-01,LPR,CO,15,0.0,,,,,,,
2015-03-01,LPR,NO,1,0.0,,,,,,,
2015-03-01,LPR,NO2,1,0.0,,,,,,,
2015-03-01,LPR,NOX,1,0.0,,,,,,,
2015-03-01,LPR,O3,1,0.0,,,,,,,
2015-03-01,LPR,SO2,1,0.0,,,,,,,
2015-03-01,MER,CO,15,158.0,1.0708860759493664,0.5933070222131485,0.4,0.6,0.9,1.3,3.2
2015-03-01,MER,NO,1,0.0,,,,,,,
2015-03-01,MER,NO2,1,0.0,,,,,,,
2015-03-01,MER,NOX,1,0.0,,,,,,,
2015-03-01,MER,O3,1,158.0,26.417721518987342,25.90482708131898,1.0,3.0,17.5,48.0,107.0
2015-03-01,MER,PM10,2,142.0,47.359154929577464,17.310408277732332,12.0,37.0,46.0,56.0,108.0
2015-03-01,MER,PM2.5,2,142.0,24.774647887323944,11.566884969140213,2.0,16.0,23.0,32.0,61.0
2015-03-01,MER,PMCO,2,142.0,22.62676056338028,11.397778279792648,5.0,15.0,22.5,28.0,81.0
2015-03-01,MER,SO2,1,158.0,5.2025316455696204,7.299558920162807,1.0,2.0,3.0,4.0,44.0
2015-03-01,MGH,CO,15,157.0,0.7414012738853505,0.47717714094927094,0.2,0.4,0.5,0.9,2.5
2015-03-01,MGH,NO,1,156.0,34.6025641025641,51.85024086013423,1.0,4.0,9.0,46.25,261.0
2015-03-01,MGH,NO2,1,156.0,29.26923076923077,13.681325230021683,6.0,18.0,29.0,38.0,87.0
2015-03-01,MGH,NOX,1,156.0,63.86538461538461,59.60808416037603,9.0,22.0,40.0,83.0,302.0
2015-03-01,MGH,O3,1,158.0,28.00632911392405,25.555857851287204,0.0,4.25,20.5,47.75,101.0
2015-03-01,MGH,PM10,2,160.0,40.66875,15.52223881399658,16.0,30.75,39.0,48.0,109.0
2015-03-01,MGH,PM2.5,2,160.0,20.8875,8.76957827632858,3.0,14.0,19.0,25.0,60.0
2015-03-01,MGH,PMCO,2,160.0,19.71875,10.338407280347376,7.0,13.75,18.0,23.25,95.0
2015-03-01,MGH,SO2,1,158.0,2.5632911392405062,3.494187246474384,0.0,0.25,1.0,3.0,18.0
2015-03-01,MON,CO,15,0.0,,,,,,,
2015-03-01,MON,NO,1,67.0,7.477611940298507,14.808226838131306,1.0,2.0,2.0,6.0,103.0
2015-03-01,MON,NO2,1,67.0,14.656716417910447,6.852454191650299,6.0,9.0,12.0,20.0,30.0
2015-03-01,MON,NOX,1,67.0,22.208955223880597,19.623376067482464,8.0,11.0,14.0,23.5,133.0
2015-03-01,MON,O3,1,0.0,,,,,,,
2015-03-01,MON,SO2,1,0.0,,,,,,,
2015-03-01,NEZ,CO,15,159.0,0.7025157232704403,0.4531115610713664,0.1,0.4,0.6,0.9,2.7
2015-03-01,NEZ,NO,1,159.0,14.779874213836479,22.92603621852102,0.0,2.0,3.0,18.5,137.0
2015-03-01,NEZ,NO2,1,159.0,28.90566037735849,12.67449969193611,8.0,18.0,30.0,38.0,61.0
2015-03-01,NEZ,NOX,1,159.0,43.64150943396226,31.293887262302043,10.0,19.0,35.0,59.0,172.0
2015-03-01,NEZ,O3,1,159.0,32.0314465408805,27.258820749507297,0.0,7.0,26.0,51.0,110.0
2015-03-01,NEZ,PM2.5,2,161.0,22.677018633540374,9.119075120641382,4.0,17.0,22.0,28.0,72.0
2015-03-01,NEZ,SO2,1,159.0,3.088050314465409,5.809620619652195,0.0,1.0,1.0,2.5,43.0
2015-03-01,PED,CO,15,159.0,0.36981132075471734,0.31093055860769414,0.0,0.1,0.3,0.5,1.3
2015-03-01,PED,NO,1,159.0,13.062893081761006,21.452828893329443,1.0,1.0,3.0,14.0,113.0
2015-03-01,PED,NO2,1,159.0,24.9811320754717,13.309115415408858,6.0,13.0,24.0,35.0,73.0
2015-03-01,PED,NOX,1,159.0,38.0503144654088,31.192298372332033,7.0,15.0,28.0,50.5,155.0
2015-03-01,PED,O3,1,159.0,35.42767295597484,27.32237436155805,1.0,13.0,27.0,56.5,108.0
2015-03-01,PED,PM10,2,128.0,50.171875,23.009792292382446,13.0,33.75,46.0,61.0,153.0
2015-03-01,PED,PM2.5,2,128.0,19.4140625,8.629310374495176,3.0,14.0,18.0,25.0,53.0
2015-03-01,PED,PMCO,2,128.0,30.75,18.13466684922233,3.0,19.0,26.0,39.0,138.0
2015-03-01,PED,SO2,1,159.0,3.3962264150943398,2.056231245690409,1.0,2.0,3.0,4.0,14.0
2015-03-01,SAG,CO,15,159.0,0.8176100628930825,0.6323088685243579,0.2,0.4,0.6,0.9,3.5
2015-03-01,SAG,NO,1,159.0,24.80503144654088,44.73515282834021,0.0,3.0,7.0,20.0,263.0
2015-03-01,SAG,NO2,1,159.0,25.87421383647799,10.656751671209792,8.0,17.0,25.0,34.5,53.0
2015-03-01,SAG,NOX,1,159.0,50.742138364779876,49.814874225803614,11.0,20.0,37.0,57.0,292.0
2015-03-01,SAG,O3,1,159.0,29.566037735849058,25.455975474643587,1.0,6.5,24.0,46.0,102.0
2015-03-01,SAG,PM10,2,158.0,63.322784810126585,26.94539630445901,19.0,44.25,57.5,76.75,152.0
2015-03-01,SAG,PM2.5,2,158.0,23.911392405063292,11.200193211956876,1.0,16.0,22.0,30.0,85.0
2015-03-01,SAG,PMCO,2,158.0,39.39873417721519,22.10626906887386,11.0,25.0,33.5,47.75,129.0
2015-03-01,SAG,SO2,1,159.0,5.3081761006289305,10.723185388688597,0.0,2.0,2.0,4.0,84.0
2015-03-01,SFE,CO,15,0.0,,,,,,,
2015-03-01,SFE,NO,1,136.0,9.110294117647058,15.925601468549825,0.0,1.0,3.0,9.0,84.0
2015-03-01,SFE,NO2,1,136.0,20.764705882352942,10.534764525918828,5.0,12.0,19.5,28.0,54.0
2015-03-01,SFE,NOX,1,136.0,29.904411764705884,23.742095347784026,6.0,13.0,23.0,38.0,122.0
2015-03-01,SFE,O3,1,159.0,35.899371069182386,22.107102635662468,1.0,19.0,32.0,52.5,99.0
2015-03-01,SFE,PM10,2,134.0,45.37313432835821,22.060638114340556,10.0,27.25,41.0,60.5,140.0
2015-03-01,SFE,PM2.5,2,134.0,18.134328358208954,11.486370507703572,2.0,11.0,15.5,22.0,60.0
2015-03-01,SFE,PMCO,2,134.0,27.23134328358209,16.823235891206988,5.0,16.0,22.5,34.75,124.0
2015-03-01,SFE,SO2,1,0.0,,,,,,,
2015-03-01,SJA,CO,15,159.0,0.6446540880503144,0.6380000197156991,0.0,0.2,0.4,0.8,4.2
2015-03-01,SJA,NO,1,46.0,41.82608695652174,66.27159751870447,1.0,3.0,12.0,34.5,240.0
2015-03-01,SJA,NO2,1,46.0,34.28260869565217,15.865634481101685,9.0,26.25,33.5,43.5,75.0
2015-03-01,SJA,NOX,1,46.0,76.06521739130434,71.51795490921236,11.0,30.5,52.0,72.5,273.0
2015-03-01,SJA,O3,1,159.0,29.547169811320753,28.46398971145413,2.0,4.0,21.0,51.0,112.0
2015-03-01,SJA,PM2.5,2,155.0,20.496774193548386,7.2366080465995335,2.0,16.0,20.0,26.0,39.0
2015-03-01,SJA,SO2,1,159.0,4.672955974842767,4.834602146585695,1.0,2.0,3.0,5.0,31.0
2015-03-01,SUR,CO,15,160.0,0.8525000000000006,0.5244883700469111,0.2,0.5,0.7,1.0,3.2
2015-03-01,SUR,NO,1,160.0,19.59375,34.99672884533944,1.0,3.0,4.0,21.25,224.0
2015-03-01,SUR,NO2,1,160.0,27.10625,12.168935021592834,6.0,18.75,27.0,33.0,78.0
2015-03-01,SUR,NOX,1,160.0,46.73125,42.410945821470435,9.0,21.75,32.5,53.0,264.0
2015-03-01,SUR,O3,1,160.0,32.86875,29.20500557488273,1.0,6.0,25.5,55.0,111.0
2015-03-01,SUR,PM10,2,158.0,47.84177215189873,22.905099744198964,9.0,32.0,42.0,60.0,134.0
2015-03-01,SUR,SO2,1,87.0,2.689655172413793,3.0320395500718127,0.0,1.0,2.0,3.0,24.0
2015-03-01,TAH,CO,15,159.0,0.38867924528301934,0.34804719818072366,0.0,0.2,0.3,0.5,2.6
2015-03-01,TAH,NO,1,159.0,7.685534591194968,14.718944292073497,1.0,2.0,2.0,6.0,121.0
2015-03-01,TAH,NO2,1,159.0,16.77358490566038,10.164423267369957,3.0,8.5,14.0,23.5,59.0
2015-03-01,TAH,NOX,1,159.0,24.427672955974842,22.02572118950209,4.0,10.0,16.0,30.5,159.0
2015-03-01,TAH,O3,1,159.0,39.25157232704402,25.714589405075756,3.0,17.5,37.0,57.0,100.0
2015-03-01,TAH,PM10,2,153.0,52.66013071895425,28.647164689016655,2.0,33.0,51.0,67.0,162.0
2015-03-01,TAH,SO2,1,159.0,2.792452830188679,1.3965394468322034,1.0,2.0,3.0,3.0,16.0
2015-03-01,TLA,CO,15,159.0,0.8842767295597482,0.5542168144024966,0.3,0.5,0.7,1.1,3.3
2015-03-01,TLA,NO,1,157.0,35.05732484076433,49.534660493774936,1.0,7.0,14.0,37.0,272.0
2015-03-01,TLA,NO2,1,157.0,32.82165605095541,13.813549268517546,10.0,22.0,32.0,41.0,71.0
2015-03-01,TLA,NOX,1,157.0,67.8343949044586,57.53993564492871,14.0,30.0,46.0,86.0,320.0
2015-03-01,TLA,O3,1,159.0,26.60377358490566,26.151462158198775,0.0,4.0,17.0,46.0,99.0
2015-03-01,TLA,PM10,2,155.0,58.270967741935486,27.304038442896324,13.0,39.0,53.0,69.5,182.0
2015-03-01,TLA,PM2.5,2,155.0,25.296774193548387,12.784514879158833,2.0,15.5,24.0,33.0,63.0
2015-03-01,TLA,PMCO,2,155.0,32.94838709677419,19.99213921766585,7.0,21.0,28.0,40.0,165.0
2015-03-01,TLA,SO2,1,159.0,7.729559748427673,15.435732642476513,1.0,2.0,4.0,6.0,132.0
2015-03-01,TLI,CO,15,159.0,0.7088050314465408,0.4558180360624631,0.2,0.4,0.6,0.9,2.3
2015-03-01,TLI,NO,1,159.0,20.566037735849058,27.243517008844986,2.0,4.0,7.0,29.0,127.0
2015-03-01,TLI,NO2,1,159.0,29.245283018867923,13.2410547694183,6.0,19.0,30.0,39.0,66.0
2015-03-01,TLI,NOX,1,159.0,49.83647798742138,36.28140267302217,9.0,23.0,39.0,68.5,163.0
2015-03-01,TLI,O3,1,159.0,17.71698113207547,15.431404800597218,1.0,2.5,14.0,31.0,49.0
2015-03-01,TLI,PM10,2,154.0,63.422077922077925,36.07794439087423,1.0,37.0,56.5,80.75,201.0
2015-03-01,TLI,SO2,1,113.0,10.725663716814159,24.76794003041411,0.0,1.0,3.0,6.0,172.0
2015-03-01,TPN,NO,1,67.0,8.17910447761194,12.123012643296429,1.0,2.0,4.0,7.0,69.0
2015-03-01,TPN,NO2,1,67.0,15.194029850746269,12.551999485739495,4.0,7.0,11.0,19.0,85.0
2015-03-01,TPN,NOX,1,67.0,23.34328358208955,23.895322376544087,5.0,10.0,15.0,27.5,154.0
2015-03-01,TPN,O3,1,67.0,40.492537313432834,23.63508763907847,8.0,20.0,39.0,54.0,107.0
2015-03-01,TPN,SO2,1,67.0,1.4477611940298507,1.8932382238933025,0.0,0.0,1.0,1.0,10.0
2015-03-01,UAX,CO,15,159.0,0.5572327044025154,0.32029636582644416,0.3,0.35,0.4,0.6,2.3
2015-03-01,UAX,NO,1,159.0,11.433962264150944,22.537318784597385,1.0,1.0,2.0,11.5,183.0
2015-03-01,UAX,NO2,1,159.0,20.71698113207547,10.083281108714718,3.0,13.0,20.0,27.0,53.0
2015-03-01,UAX,NOX,1,159.0,32.106918238993714,28.92036013461897,4.0,14.0,23.0,42.5,213.0
2015-03-01,UAX,O3,1,159.0,37.270440251572325,30.005629331462185,1.0,12.0,32.0,54.0,124.0
2015-03-01,UAX,PM2.5,2,160.0,18.68125,6.476247724662406,1.0,15.0,19.0,22.25,35.0
2015-03-01,UAX,SO2,1,159.0,1.748427672955975,2.195993340756546,0.0,1.0,1.0,2.0,21.0
2015-03-01,UIZ,CO,15,130.0,0.7830769230769231,0.59885400396756,0.2,0.4,0.6,0.9,3.3
2015-03-01,UIZ,NO,1,130.0,20.5,41.92356463038215,0.0,1.0,3.0,12.75,240.0
2015-03-01,UIZ,NO2,1,130.0,26.99230769230769,14.365924450968972,4.0,14.0,27.0,37.0,72.0
2015-03-01,UIZ,NOX,1,130.0,47.5,51.63185874253708,5.0,17.0,29.0,50.0,289.0
2015-03-01,UIZ,O3,1,130.0,34.36153846153846,27.686507459215704,2.0,10.0,28.5,53.0,123.0
2015-03-01,UIZ,PM10,2,127.0,55.41732283464567,20.453369709132097,21.0,43.0,53.0,63.5,134.0
2015-03-01,UIZ,PM2.5,2,127.0,23.023622047244096,12.12924091562829,1.0,15.0,22.0,29.0,104.0
2015-03-01,UIZ,PMCO,2,127.0,32.37795275590551,13.804720341681541,13.0,24.0,30.0,36.0,75.0
2015-03-01,UIZ,SO2,1,90.0,2.388888888888889,2.7465788502742883,1.0,1.0,2.0,2.0,21.0
2015-03-01,VIF,CO,15,159.0,0.6226415094339622,0.4352977343228059,0.1,0.3,0.5,0.8,2.4
2015-03-01,VIF,NO,1,157.0,20.02547770700637,31.42389035729023,0.0,2.0,5.0,22.0,189.0
2015-03-01,VIF,NO2,1,157.0,24.802547770700638,12.329576432534742,4.0,14.0,26.0,34.0,60.0
2015-03-01,VIF,NOX,1,157.0,44.80891719745223,38.93043331280281,6.0,16.0,33.0,60.0,217.0
2015-03-01,VIF,O3,1,159.0,25.67295597484277,23.820929223164477,1.0,3.0,19.0,44.0,86.0
2015-03-01,VIF,PM10,2,160.0,85.08125,47.20262383110586,15.0,52.75,74.0,100.25,335.0
2015-03-01,VIF,SO2,1,159.0,9.257861635220126,19.677209665208682,1.0,2.0,3.0,5.0,114.0
2015-03-01,XAL,CO,15,159.0,1.1610062893081756,0.7553951057446556,0.4,0.6499999999999999,0.9,1.3,5.1
2015-03-01,XAL,NO,1,158.0,41.64556962025316,55.317045201283605,1.0,9.0,16.0,47.75,349.0
2015-03-01,XAL,NO2,1,158.0,34.664556962025316,14.290262489953308,9.0,25.0,33.0,42.75,87.0
2015-03-01,XAL,NOX,1,158.0,76.25316455696202,62.995999944679625,12.0,34.0,55.0,94.0,385.0
2015-03-01,XAL,O3,1,159.0,20.257861635220127,17.32423992760841,2.0,3.5,17.0,33.5,59.0
2015-03-01,XAL,PM10,2,0.0,,,,,,,
2015-03-01,XAL,PM2.5,2,0.0,,,,,,,
2015-03-01,XAL,PMCO,2,0.0,,,,,,,
2015-03-01,XAL,SO2,1,159.0,4.886792452830188,5.131167029980892,1.0,2.0,4.0,6.0,31.0
2015-03-08,ACO,CO,15,159.0,0.24528301886792492,0.15414037380387516,0.0,0.1,0.2,0.3,0.8
2015-03-08,ACO,NO,1,136.0,6.264705882352941,9.990540187907122,0.0,1.0,2.0,7.0,52.0
2015-03-08,ACO,NO2,1,136.0,12.691176470588236,6.869702355816903,3.0,7.0,11.0,18.0,45.0
2015-03-08,ACO,NOX,1,136.0,18.955882352941178,14.906557168678946,3.0,9.0,14.0,24.25,87.0
2015-03-08,ACO,O3,1,159.0,36.39622641509434,27.821997231933736,2.0,13.0,32.0,56.5,116.0
2015-03-08,ACO,PM10,2,161.0,54.84472049689441,26.73587454297389,12.0,37.0,52.0,67.0,177.0
2015-03-08,ACO,SO2,1,159.0,1.6729559748427674,2.1714396302153482,0.0,1.0,1.0,2.0,16.0
2015-03-08,AJM,CO,15,113.0,0.5893805309734514,0.23274865039443254,0.2,0.4,0.5,0.8,1.2
2015-03-08,AJM,NO,1,112.0,6.107142857142857,8.600604570051978,0.0,1.0,2.0,8.0,51.0
2015-03-08,AJM,NO2,1,112.0,18.116071428571427,9.325684319710163,4.0,11.0,15.5,23.0,43.0
2015-03-08,AJM,NOX,1,112.0,24.276785714285715,16.27533911932908,4.0,12.0,19.0,33.5,82.0
2015-03-08,AJM,O3,1,113.0,45.769911504424776,30.968592629572058,2.0,21.0,41.0,70.0,116.0
2015-03-08,AJM,PM10,2,111.0,46.891891891891895,22.435504067255604,13.0,30.5,42.0,55.5,122.0
2015-03-08,AJM,PM2.5,2,111.0,19.98198198198198,11.459796906007764,2.0,13.0,16.0,22.5,64.0
2015-03-08,AJM,PMCO,2,111.0,26.91891891891892,14.936918956449754,9.0,17.0,25.0,32.0,106.0
2015-03-08,AJM,SO2,1,113.0,3.646017699115044,2.1460942679264576,0.0,2.0,3.0,5.0,11.0
2015-03-08,AJU,O3,1,159.0,40.075471698113205,31.469001659421124,2.0,13.0,31.0,66.5,111.0
2015-03-08,ATI,CO,15,154.0,0.6168831168831171,0.40933633434506866,0.1,0.4,0.5,0.7,2.4
2015-03-08,ATI,NO,1,84.0,17.523809523809526,31.397749973285816,1.0,2.0,4.0,10.5,147.0
2015-03-08,ATI,NO2,1,84.0,24.285714285714285,12.256860806627712,7.0,14.75,21.5,30.5,60.0
2015-03-08,ATI,NOX,1,84.0,41.82142857142857,39.30362523954679,8.0,17.0,25.0,43.75,185.0
2015-03-08,ATI,O3,1,154.0,35.07142857142857,32.45612566790253,2.0,9.0,24.0,61.0,124.0
2015-03-08,ATI,PM10,2,157.0,58.51592356687898,36.36277419805502,6.0,30.0,53.0,80.0,189.0
2015-03-08,ATI,SO2,1,113.0,5.495575221238938,5.347101841527446,0.0,2.0,3.0,7.0,26.0
2015-03-08,CAM,CO,15,154.0,0.8201298701298707,0.5049273383472519,0.2,0.5,0.7,1.0,2.5
2015-03-08,CAM,NO,1,154.0,30.92207792207792,42.62337455433485,2.0,4.0,9.0,43.0,172.0
2015-03-08,CAM,NO2,1,154.0,35.53896103896104,13.960791556150717,14.0,25.0,34.0,41.75,83.0
2015-03-08,CAM,NOX,1,154.0,66.45454545454545,50.79770090380369,19.0,31.0,47.0,85.25,217.0
2015-03-08,CAM,O3,1,154.0,31.636363636363637,34.727476488966786,1.0,4.0,15.5,50.75,131.0
2015-03-08,CAM,PM10,2,161.0,62.7888198757764,26.05556800807848,16.0,43.0,61.0,79.0,200.0
2015-03-08,CAM,PM2.5,2,161.0,31.18633540372671,14.10904185661809,6.0,21.0,28.0,39.0,69.0
2015-03-08,CAM,PMCO,2,161.0,31.559006211180126,19.17708421544347,9.0,20.0,28.0,41.0,179.0
2015-03-08,CAM,SO2,1,154.0,8.909090909090908,8.841645099020939,1.0,3.0,5.0,12.75,38.0
2015-03-08,CCA,CO,15,154.0,0.718181818181818,0.3345965369561942,0.2,0.5,0.6,0.9,1.8
2015-03-08,CCA,NO,1,154.0,13.253246753246753,22.4037700166361,0.0,2.0,3.0,14.75,130.0
2015-03-08,CCA,NO2,1,154.0,28.01948051948052,11.607114552080033,9.0,19.0,26.0,35.0,62.0
2015-03-08,CCA,NOX,1,154.0,41.214285714285715,29.014074629576672,10.0,21.0,32.5,52.5,160.0
2015-03-08,CCA,O3,1,154.0,37.81818181818182,38.09473134371384,1.0,7.0,22.0,62.0,154.0
2015-03-08,CCA,PM2.5,2,157.0,21.840764331210192,8.423493971868455,3.0,16.0,20.0,26.0,46.0
2015-03-08,CCA,SO2,1,154.0,4.292207792207792,3.7537350892063346,0.0,1.0,3.0,6.0,16.0
2015-03-08,CHO,CO,15,0.0,,,,,,,
2015-03-08,CHO,NO,1,0.0,,,,,,,
2015-03-08,CHO,NO2,1,0.0,,,,,,,
2015-03-08,CHO,NOX,1,0.0,,,,,,,
2015-03-08,CHO,O3,1,0.0,,,,,,,
2015-03-08,CHO,PM10,2,158.0,83.14556962025317,46.07067762617143,6.0,51.0,74.0,104.0,301.0
2015-03-08,CHO,SO2,1,157.0,1.9363057324840764,1.6551455457824038,0.0,1.0,1.0,2.0,12.0
2015-03-08,COY,NO,1,0.0,,,,,,,
2015-03-08,COY,NO2,1,0.0,,,,,,,
2015-03-08,COY,NOX,1,0.0,,,,,,,
2015-03-08,COY,O3,1,159.0,36.61006289308176,35.534243058532375,2.0,7.0,21.0,63.0,142.0
2015-03-08,COY,PM2.5,2,161.0,36.91304347826087,26.020999045085645,10.0,22.0,30.0,42.0,242.0
2015-03-08,CUA,CO,15,159.0,0.6075471698113203,0.23318031535656558,0.3,0.4,0.5,0.8,1.7
2015-03-08,CUA,NO,1,159.0,11.270440251572326,16.160463371674425,1.0,3.0,5.0,12.0,117.0
2015-03-08,CUA,NO2,1,159.0,26.666666666666668,10.916058700499118,9.0,18.5,24.0,33.5,63.0
2015-03-08,CUA,NOX,1,159.0,37.911949685534594,24.347272258465257,11.0,23.0,30.0,45.0,170.0
2015-03-08,CUA,O3,1,159.0,45.64779874213836,35.38792942404605,1.0,17.5,36.0,66.5,160.0
2015-03-08,CUA,PM10,2,114.0,53.51754385964912,23.324275195234147,20.0,34.0,49.5,70.0,129.0
2015-03-08,CUA,SO2,1,159.0,3.8553459119496853,2.8944216929379216,1.0,2.0,3.0,5.0,19.0
2015-03-08,CUT,NO,1,159.0,21.364779874213838,36.5751214787513,1.0,2.0,4.0,21.5,222.0
2015-03-08,CUT,NO2,1,159.0,19.87421383647799,10.387883727387953,5.0,11.0,17.0,27.0,46.0
2015-03-08,CUT,NOX,1,159.0,41.25157232704402,41.95370693983017,6.0,13.0,24.0,52.0,244.0
2015-03-08,CUT,O3,1,159.0,21.660377358490567,20.165715418445032,2.0,3.0,15.0,38.0,74.0
2015-03-08,CUT,PM10,2,158.0,79.36075949367088,49.430027537413245,12.0,47.0,67.5,100.75,286.0
2015-03-08,CUT,SO2,1,159.0,8.182389937106919,9.491405403338907,1.0,2.0,4.0,10.5,46.0
2015-03-08,FAC,CO,15,159.0,0.8886792452830189,0.6083783312492355,0.3,0.5,0.7,1.0,3.8
2015-03-08,FAC,NO,1,159.0,26.062893081761008,47.42037770786784,0.0,3.0,8.0,23.5,262.0
2015-03-08,FAC,NO2,1,159.0,29.836477987421382,14.829782817121542,9.0,18.0,27.0,38.0,89.0
2015-03-08,FAC,NOX,1,159.0,55.899371069182386,54.14329264869703,9.0,25.0,38.0,62.0,301.0
2015-03-08,FAC,O3,1,159.0,37.886792452830186,34.820876382589624,3.0,11.5,24.0,58.0,145.0
2015-03-08,FAC,PM10,2,160.0,61.275,38.18161663754696,7.0,32.0,51.5,83.25,207.0
2015-03-08,FAC,SO2,1,159.0,7.069182389937107,4.901716951652583,2.0,3.0,6.0,9.5,29.0
2015-03-08,HGM,CO,15,159.0,0.8,0.36213152376771746,0.4,0.55,0.7,0.95,2.6
2015-03-08,HGM,NO,1,159.0,16.39622641509434,23.686245238915173,0.0,2.0,4.0,21.5,152.0
2015-03-08,HGM,NO2,1,159.0,32.83647798742138,11.933822911752515,12.0,25.0,31.0,39.0,81.0
2015-03-08,HGM,NOX,1,159.0,49.23270440251572,31.305799796008497,13.0,27.5,38.0,62.0,202.0
2015-03-08,HGM,O3,1,159.0,26.955974842767297,27.29059417695059,1.0,4.0,17.0,45.5,108.0
2015-03-08,HGM,PM10,2,160.0,68.16875,30.276134170571797,18.0,46.75,63.0,84.25,264.0
2015-03-08,HGM,PM2.5,2,160.0,31.125,16.56690267222402,4.0,19.0,27.0,40.0,96.0
2015-03-08,HGM,PMCO,2,160.0,37.04375,22.895262445598433,8.0,24.0,33.0,45.0,248.0
2015-03-08,HGM,SO2,1,159.0,7.069182389937107,5.84734008213509,1.0,3.0,4.0,10.0,25.0
2015-03-08,IZT,CO,15,159.0,1.0364779874213836,0.45051607308431996,0.5,0.75,0.9,1.2,3.0
2015-03-08,IZT,NO,1,159.0,19.40251572327044,25.87974123304382,2.0,4.0,8.0,22.5,157.0
2015-03-08,IZT,NO2,1,159.0,34.0377358490566,12.836304721056134,13.0,25.0,32.0,40.0,98.0
2015-03-08,IZT,NOX,1,159.0,53.44654088050314,33.37789911530033,16.0,30.5,43.0,64.0,200.0
2015-03-08,IZT,O3,1,159.0,36.59748427672956,36.232567959956285,3.0,7.0,20.0,59.5,151.0
2015-03-08,IZT,PM10,2,161.0,49.577639751552795,21.2545994291685,18.0,37.0,46.0,60.0,154.0
2015-03-08,IZT,SO2,1,159.0,6.8742138364779874,6.363207274224536,1.0,3.0,4.0,7.5,28.0
2015-03-08,LLA,CO,15,0.0,,,,,,,
2015-03-08,LLA,NO,1,157.0,22.101910828025478,40.95794977988381,1.0,2.0,5.0,23.0,284.0
2015-03-08,LLA,NO2,1,157.0,22.796178343949045,10.736194984128236,5.0,14.0,22.0,29.0,57.0
2015-03-08,LLA,NOX,1,157.0,44.76433121019108,47.11675897164578,7.0,17.0,30.0,50.0,320.0
2015-03-08,LLA,O3,1,157.0,34.28662420382165,33.74281518118282,1.0,6.0,21.0,57.0,141.0
2015-03-08,LLA,SO2,1,157.0,8.273885350318471,11.796681120057006,1.0,2.0,3.0,8.0,55.0
2015-03-08,LPR,CO,15,0.0,,,,,,,
2015-03-08,LPR,NO,1,0.0,,,,,,,
2015-03-08,LPR,NO2,1,0.0,,,,,,,
2015-03-08,LPR,NOX,1,0.0,,,,,,,
2015-03-08,LPR,O3,1,0.0,,,,,,,
2015-03-08,LPR,SO2,1,0.0,,,,,,,
2015-03-08,MER,CO,15,157.0,1.0458598726114643,0.5196757428188685,0.4,0.7,0.9,1.2,3.7
2015-03-08,MER,NO,1,0.0,,,,,,,
2015-03-08,MER,NO2,1,0.0,,,,,,,
2015-03-08,MER,NOX,1,0.0,,,,,,,
2015-03-08,MER,O3,1,157.0,33.6687898089172,35.59537360731026,1.0,5.0,18.0,58.0,147.0
2015-03-08,MER,PM10,2,159.0,65.18867924528301,27.918545583269076,11.0,46.5,60.0,82.5,199.0
2015-03-08,MER,PM2.5,2,159.0,31.59748427672956,14.075798197505645,4.0,22.0,29.0,38.5,76.0
2015-03-08,MER,PMCO,2,159.0,33.56603773584906,21.676426062875926,3.0,21.0,31.0,42.5,179.0
2015-03-08,MER,SO2,1,157.0,7.471337579617835,6.9092658981033654,1.0,3.0,5.0,9.0,29.0
2015-03-08,MGH,CO,15,136.0,0.6823529411764707,0.3610442371461846,0.3,0.4,0.5,0.8,2.3
2015-03-08,MGH,NO,1,136.0,23.029411764705884,33.78799725005812,2.0,5.0,10.0,26.25,214.0
2015-03-08,MGH,NO2,1,136.0,30.441176470588236,11.733942349019317,14.0,21.0,28.5,37.0,72.0
2015-03-08,MGH,NOX,1,136.0,53.48529411764706,40.32515716836817,17.0,28.75,40.0,61.5,255.0
2015-03-08,MGH,O3,1,136.0,33.35294117647059,34.714609884507574,0.0,5.0,18.0,61.0,134.0
2015-03-08,MGH,PM10,2,138.0,52.289855072463766,21.736377695175197,20.0,35.25,47.0,63.75,118.0
2015-03-08,MGH,PM2.5,2,138.0,25.77536231884058,11.680677235104419,10.0,17.25,22.0,30.0,67.0
2015-03-08,MGH,PMCO,2,138.0,26.492753623188406,14.25331124382359,9.0,17.0,25.0,31.0,94.0
2015-03-08,MGH,SO2,1,136.0,4.867647058823529,3.943694119927006,1.0,2.0,3.0,7.0,17.0
2015-03-08,MON,CO,15,67.0,0.2537313432835821,0.2127228658115468,0.0,0.1,0.2,0.35,0.9
2015-03-08,MON,NO,1,154.0,19.084415584415584,33.959790005798425,0.0,1.0,2.0,20.0,186.0
2015-03-08,MON,NO2,1,154.0,17.058441558441558,6.91709732936313,6.0,12.0,15.0,21.0,42.0
2015-03-08,MON,NOX,1,154.0,36.11038961038961,37.9351978742132,7.0,13.0,18.0,42.0,215.0
2015-03-08,MON,O3,1,0.0,,,,,,,
2015-03-08,MON,SO2,1,0.0,,,,,,,
2015-03-08,NEZ,CO,15,159.0,0.7553459119496855,0.42076599810017073,0.3,0.5,0.7,0.8,3.1
2015-03-08,NEZ,NO,1,159.0,11.075471698113208,21.14732743979042,0.0,2.0,3.0,11.0,159.0
2015-03-08,NEZ,NO2,1,159.0,27.69182389937107,11.020665102913,11.0,20.0,26.0,32.5,61.0
2015-03-08,NEZ,NOX,1,159.0,38.84905660377358,26.927043645452745,12.0,23.0,31.0,46.5,191.0
2015-03-08,NEZ,O3,1,159.0,35.685534591194966,35.000567511634074,1.0,7.0,23.0,60.0,140.0
2015-03-08,NEZ,PM2.5,2,161.0,26.577639751552795,22.386837581364855,6.0,17.0,23.0,30.0,232.0
2015-03-08,NEZ,SO2,1,159.0,4.30188679245283,4.920577712533114,1.0,2.0,3.0,4.0,27.0
2015-03-08,PED,CO,15,154.0,0.4110389610389612,0.2709368130063737,0.0,0.2,0.35,0.6,1.4
2015-03-08,PED,NO,1,152.0,9.868421052631579,17.54867750739715,0.0,1.0,3.0,9.0,99.0
2015-03-08,PED,NO2,1,152.0,25.138157894736842,11.427310925794039,8.0,16.0,23.0,33.0,61.0
2015-03-08,PED,NOX,1,152.0,34.98684210526316,25.730386819006405,9.0,17.0,26.0,46.25,143.0
2015-03-08,PED,O3,1,154.0,42.435064935064936,36.28714915485377,2.0,15.25,30.0,66.0,149.0
2015-03-08,PED,PM10,2,155.0,61.32258064516129,25.890362114885193,17.0,42.0,55.0,77.0,144.0
2015-03-08,PED,PM2.5,2,155.0,26.664516129032258,12.55702701773349,7.0,18.0,24.0,33.0,61.0
2015-03-08,PED,PMCO,2,155.0,34.67741935483871,17.71049123515585,2.0,21.5,33.0,42.5,124.0
2015-03-08,PED,SO2,1,154.0,5.512987012987013,3.4055644834315832,1.0,3.0,4.5,7.0,18.0
2015-03-08,SAG,CO,15,159.0,0.8119496855345906,0.4975083206319292,0.3,0.5,0.7,0.9,3.4
2015-03-08,SAG,NO,1,159.0,20.471698113207548,34.14837530111437,0.0,3.0,6.0,21.0,189.0
2015-03-08,SAG,NO2,1,159.0,24.547169811320753,9.218650683280538,7.0,18.0,24.0,31.0,52.0
2015-03-08,SAG,NOX,1,159.0,45.0188679245283,38.89265846216478,8.0,21.0,32.0,51.0,241.0
2015-03-08,SAG,O3,1,159.0,33.58490566037736,33.84445093846974,1.0,6.0,22.0,52.5,144.0
2015-03-08,SAG,PM10,2,160.0,67.9125,31.236647461820997,19.0,46.0,65.5,81.25,242.0
2015-03-08,SAG,PM2.5,2,160.0,25.34375,11.368082249225559,2.0,17.0,24.0,34.0,66.0
2015-03-08,SAG,PMCO,2,160.0,42.61875,27.848844442677567,11.0,25.0,35.5,51.0,224.0
2015-03-08,SAG,SO2,1,159.0,7.29559748427673,9.72309885691077,0.0,2.0,3.0,7.0,45.0
2015-03-08,SFE,CO,15,0.0,,,,,,,
2015-03-08,SFE,NO,1,0.0,,,,,,,
2015-03-08,SFE,NO2,1,0.0,,,,,,,
2015-03-08,SFE,NOX,1,0.0,,,,,,,
2015-03-08,SFE,O3,1,153.0,43.287581699346404,36.994429381969894,1.0,15.0,30.0,68.0,158.0
2015-03-08,SFE,PM10,2,154.0,62.616883116883116,27.905114215352537,20.0,39.0,55.0,79.0,155.0
2015-03-08,SFE,PM2.5,2,154.0,24.33116883116883,14.685395882293255,3.0,15.0,20.0,31.0,79.0
2015-03-08,SFE,PMCO,2,154.0,38.20779220779221,18.75771747917203,12.0,24.0,35.0,48.0,111.0
2015-03-08,SFE,SO2,1,0.0,,,,,,,
2015-03-08,SJA,CO,15,158.0,0.6284810126582281,0.4819138824344496,0.1,0.3,0.5,0.8,3.7
2015-03-08,SJA,NO,1,0.0,,,,,,,
2015-03-08,SJA,NO2,1,0.0,,,,,,,
2015-03-08,SJA,NOX,1,0.0,,,,,,,
2015-03-08,SJA,O3,1,158.0,35.78481012658228,37.85092141381166,3.0,4.0,19.0,60.0,158.0
2015-03-08,SJA,PM2.5,2,153.0,22.529411764705884,8.656499553521842,4.0,16.0,22.0,28.0,54.0
2015-03-08,SJA,SO2,1,158.0,5.658227848101266,4.87522287832666,1.0,3.0,4.0,6.0,27.0
2015-03-08,SUR,CO,15,161.0,0.8968944099378892,0.3892978230494695,0.3,0.6,0.8,1.1,2.5
2015-03-08,SUR,NO,1,161.0,12.341614906832298,18.122881114099275,1.0,2.0,5.0,13.0,120.0
2015-03-08,SUR,NO2,1,161.0,27.60248447204969,11.21119948037764,10.0,19.0,26.0,35.0,57.0
2015-03-08,SUR,NOX,1,161.0,39.94409937888199,25.019304658404522,11.0,23.0,32.0,53.0,154.0
2015-03-08,SUR,O3,1,161.0,38.142857142857146,38.12034514908956,0.0,7.0,24.0,66.0,157.0
2015-03-08,SUR,PM10,2,159.0,53.125786163522015,31.151679179066793,1.0,34.0,46.0,67.0,240.0
2015-03-08,TAH,CO,15,158.0,0.4164556962025314,0.26848495895283797,0.1,0.2,0.3,0.5,1.8
2015-03-08,TAH,NO,1,158.0,6.405063291139241,9.945096397353659,1.0,2.0,2.0,6.0,71.0
2015-03-08,TAH,NO2,1,158.0,18.132911392405063,9.57844210992817,4.0,9.0,18.0,25.0,47.0
2015-03-08,TAH,NOX,1,158.0,24.550632911392405,16.967390030220795,6.0,11.0,21.5,31.75,105.0
2015-03-08,TAH,O3,1,158.0,38.38607594936709,28.599747155700353,2.0,13.0,31.5,63.75,110.0
2015-03-08,TAH,PM10,2,155.0,58.63870967741936,32.20246095923027,6.0,37.0,52.0,73.5,253.0
2015-03-08,TAH,SO2,1,157.0,3.121019108280255,1.5498152018511575,1.0,2.0,3.0,3.0,12.0
2015-03-08,TLA,CO,15,156.0,0.8897435897435895,0.4289792065311128,0.3,0.6,0.8,1.1,2.8
2015-03-08,TLA,NO,1,156.0,29.41025641025641,39.82443273311592,1.0,6.0,12.5,37.0,227.0
2015-03-08,TLA,NO2,1,156.0,34.87820512820513,14.293397053825116,16.0,25.0,33.0,39.0,83.0
2015-03-08,TLA,NOX,1,156.0,64.28205128205128,46.512543555724385,17.0,33.0,47.0,85.25,271.0
2015-03-08,TLA,O3,1,156.0,31.83974358974359,35.03960833388259,0.0,4.0,16.0,57.0,135.0
2015-03-08,TLA,PM10,2,146.0,64.91780821917808,27.990270932720623,21.0,43.0,60.0,79.75,156.0
2015-03-08,TLA,PM2.5,2,146.0,29.267123287671232,16.025966470781917,1.0,18.25,26.5,38.75,79.0
2015-03-08,TLA,PMCO,2,146.0,35.636986301369866,17.838308307369743,9.0,23.0,33.0,44.75,125.0
2015-03-08,TLA,SO2,1,156.0,10.51923076923077,8.93667409725763,2.0,4.0,7.0,15.0,42.0
2015-03-08,TLI,CO,15,158.0,0.7348101265822785,0.4527238461975546,0.2,0.5,0.6,0.875,2.6
2015-03-08,TLI,NO,1,158.0,17.360759493670887,28.003461650082627,2.0,4.0,6.0,17.0,180.0
2015-03-08,TLI,NO2,1,158.0,27.240506329113924,13.051310000748147,8.0,18.0,25.0,33.0,70.0
2015-03-08,TLI,NOX,1,158.0,44.56962025316456,36.60764026770264,11.0,22.0,33.5,48.75,226.0
2015-03-08,TLI,O3,1,156.0,24.53846153846154,24.293470413150953,0.0,4.75,15.0,44.0,91.0
2015-03-08,TLI,PM10,2,33.0,74.0909090909091,46.14539768246372,13.0,40.0,57.0,121.0,164.0
2015-03-08,TLI,SO2,1,123.0,8.560975609756097,9.328386381524233,1.0,2.0,5.0,11.0,40.0
2015-03-08,TPN,NO,1,143.0,10.482517482517483,10.998625488293273,1.0,3.0,6.0,14.5,60.0
2015-03-08,TPN,NO2,1,143.0,18.104895104895103,10.715076443644483,4.0,10.0,15.0,24.5,51.0
2015-03-08,TPN,NOX,1,143.0,28.65034965034965,19.674555936166247,5.0,13.0,24.0,39.0,111.0
2015-03-08,TPN,O3,1,143.0,44.35664335664335,32.99133595064816,2.0,19.5,31.0,65.5,138.0
2015-03-08,TPN,SO2,1,143.0,2.4965034965034967,1.9387600432413958,0.0,1.0,2.0,3.0,8.0
2015-03-08,UAX,CO,15,159.0,0.5433962264150939,0.3323351027080933,0.1,0.3,0.5,0.6499999999999999,2.6
2015-03-08,UAX,NO,1,159.0,11.70440251572327,21.72106061328658,1.0,1.0,3.0,15.5,201.0
2015-03-08,UAX,NO2,1,159.0,23.31446540880503,10.29817383638003,5.0,16.5,22.0,28.5,60.0
2015-03-08,UAX,NOX,1,159.0,35.0440251572327,28.003694582641135,5.0,18.0,26.0,44.5,235.0
2015-03-08,UAX,O3,1,159.0,39.540880503144656,37.3359266588225,0.0,8.0,27.0,66.0,150.0
2015-03-08,UAX,PM2.5,2,158.0,21.354430379746834,8.166325097437218,3.0,17.0,21.0,27.0,44.0
2015-03-08,UAX,SO2,1,159.0,3.006289308176101,2.7013753068913684,0.0,1.0,2.0,4.0,14.0
2015-03-08,UIZ,CO,15,158.0,0.7069620253164565,0.3491786702702045,0.3,0.5,0.6,0.8,2.2
2015-03-08,UIZ,NO,1,158.0,13.873417721518987,21.728414628258516,0.0,1.0,4.5,16.75,108.0
2015-03-08,UIZ,NO2,1,158.0,27.962025316455698,12.020622447478866,7.0,21.0,26.0,35.75,81.0
2015-03-08,UIZ,NOX,1,158.0,41.860759493670884,29.599334721915703,8.0,23.0,34.0,51.0,168.0
2015-03-08,UIZ,O3,1,158.0,38.85443037974684,36.871065753526246,2.0,7.25,25.0,64.5,145.0
2015-03-08,UIZ,PM10,2,158.0,66.13291139240506,29.06375693653497,15.0,45.25,60.5,82.75,231.0
2015-03-08,UIZ,PM2.5,2,158.0,27.088607594936708,12.639227051890526,2.0,17.25,25.0,35.0,72.0
2015-03-08,UIZ,PMCO,2,158.0,39.120253164556964,22.79662439950118,12.0,24.25,35.0,46.0,208.0
2015-03-08,UIZ,SO2,1,158.0,4.841772151898734,4.611702301033715,1.0,2.0,3.0,5.0,24.0
2015-03-08,VIF,CO,15,157.0,0.5643312101910827,0.31091526153119803,0.2,0.4,0.5,0.7,1.8
2015-03-08,VIF,NO,1,157.0,11.21656050955414,19.19378854898903,0.0,1.0,3.0,9.0,96.0
2015-03-08,VIF,NO2,1,157.0,20.02547770700637,10.56903377469244,5.0,11.0,18.0,27.0,49.0
2015-03-08,VIF,NOX,1,157.0,31.1656050955414,25.68318993631027,7.0,13.0,23.0,39.0,124.0
2015-03-08,VIF,O3,1,157.0,29.808917197452228,27.946178528250385,1.0,6.0,21.0,46.0,119.0
2015-03-08,VIF,PM10,2,158.0,78.21518987341773,48.03188189761191,4.0,45.0,68.0,110.5,292.0
2015-03-08,VIF,SO2,1,157.0,11.286624203821656,15.815867946956445,1.0,2.0,5.0,12.0,80.0
2015-03-08,XAL,CO,15,157.0,1.0999999999999996,0.6794605703546505,0.3,0.7,0.9,1.3,4.2
2015-03-08,XAL,NO,1,156.0,32.55769230769231,49.597507791786555,2.0,6.0,12.0,36.0,281.0
2015-03-08,XAL,NO2,1,156.0,32.48717948717949,13.025279232713485,7.0,21.75,31.0,39.25,77.0
2015-03-08,XAL,NOX,1,156.0,64.96153846153847,56.34706788780893,8.0,30.0,45.0,76.25,324.0
2015-03-08,XAL,O3,1,154.0,23.214285714285715,22.250788129014172,2.0,4.0,16.0,36.75,87.0
2015-03-08,XAL,PM10,2,0.0,,,,,,,
2015-03-08,XAL,PM2.5,2,0.0,,,,,,,
2015-03-08,XAL,PMCO,2,0.0,,,,,,,
2015-03-08,XAL,SO2,1,157.0,7.445859872611465,8.016325413435045,1.0,2.0,5.0,9.0,37.0
2015-03-15,ACO,CO,15,159.0,0.17735849056603772,0.13213175640576236,0.0,0.1,0.2,0.2,0.7
2015-03-15,ACO,NO,1,159.0,5.8930817610062896,8.401771358566437,0.0,1.0,3.0,6.0,41.0
2015-03-15,ACO,NO2,1,159.0,11.220125786163521,5.1969414066427255,2.0,7.0,10.0,14.0,28.0
2015-03-15,ACO,NOX,1,159.0,17.150943396226417,12.190569440415238,4.0,9.0,14.0,18.5,61.0
2015-03-15,ACO,O3,1,159.0,26.144654088050313,15.22441263982584,3.0,15.0,25.0,35.0,76.0
2015-03-15,ACO,PM10,2,157.0,27.43949044585987,19.891480452959883,1.0,13.0,25.0,38.0,112.0
2015-03-15,ACO,SO2,1,159.0,1.729559748427673,2.2436564150398053,0.0,1.0,1.0,2.0,15.0
2015-03-15,AJM,CO,15,157.0,0.39617834394904405,0.19607865713641415,0.2,0.3,0.3,0.5,1.1
2015-03-15,AJM,NO,1,157.0,4.611464968152866,6.599970553089578,0.0,1.0,2.0,5.0,46.0
2015-03-15,AJM,NO2,1,157.0,11.73248407643312,8.591425485141096,2.0,5.0,9.0,18.0,39.0
2015-03-15,AJM,NOX,1,157.0,16.369426751592357,13.962994418491272,2.0,7.0,11.0,23.0,77.0
2015-03-15,AJM,O3,1,157.0,29.222929936305732,14.635572543229612,2.0,19.0,30.0,37.0,83.0
2015-03-15,AJM,PM10,2,145.0,18.806896551724137,12.509050363483572,4.0,10.0,14.0,24.0,58.0
2015-03-15,AJM,PM2.5,2,145.0,10.648275862068965,7.173960469103557,2.0,5.0,8.0,14.0,33.0
2015-03-15,AJM,PMCO,2,145.0,8.151724137931035,7.679636705168529,1.0,4.0,6.0,10.0,45.0
2015-03-15,AJM,SO2,1,157.0,0.8789808917197452,1.86860128160946,0.0,0.0,0.0,1.0,14.0
2015-03-15,AJU,O3,1,137.0,28.036496350364963,12.589332995883325,3.0,19.0,29.0,34.0,71.0
2015-03-15,ATI,CO,15,158.0,0.5443037974683544,0.38926579115538956,0.1,0.3,0.4,0.7,2.4
2015-03-15,ATI,NO,1,67.0,20.208955223880597,29.078544268423965,2.0,6.0,9.0,18.5,156.0
2015-03-15,ATI,NO2,1,67.0,19.970149253731343,7.9429216616330995,8.0,13.5,20.0,25.5,48.0
2015-03-15,ATI,NOX,1,67.0,40.208955223880594,34.62375140005941,11.0,19.0,29.0,44.0,185.0
2015-03-15,ATI,O3,1,158.0,18.835443037974684,16.174943569731415,2.0,5.25,16.0,25.75,89.0
2015-03-15,ATI,PM10,2,159.0,28.11949685534591,19.56047577139858,1.0,13.5,24.0,38.0,87.0
2015-03-15,ATI,SO2,1,158.0,2.1962025316455698,2.9807425671656564,0.0,0.0,1.0,3.0,21.0
2015-03-15,CAM,CO,15,159.0,0.7251572327044025,0.4709226808340615,0.2,0.4,0.6,0.8,3.3
2015-03-15,CAM,NO,1,159.0,23.949685534591193,34.68845040748633,2.0,6.0,11.0,24.0,226.0
2015-03-15,CAM,NO2,1,159.0,26.9748427672956,9.563213858874244,7.0,21.5,28.0,34.0,53.0
2015-03-15,CAM,NOX,1,159.0,50.861635220125784,39.5913425499069,12.0,27.0,43.0,57.5,261.0
2015-03-15,CAM,O3,1,159.0,17.069182389937108,16.208342709170367,1.0,4.0,13.0,27.0,86.0
2015-03-15,CAM,PM10,2,155.0,30.716129032258063,17.664534444080314,4.0,18.0,26.0,40.0,101.0
2015-03-15,CAM,PM2.5,2,155.0,17.780645161290323,9.991730975799559,1.0,10.0,17.0,24.0,50.0
2015-03-15,CAM,PMCO,2,155.0,12.883870967741936,11.031215942861765,1.0,7.0,10.0,16.5,75.0
2015-03-15,CAM,SO2,1,158.0,3.9873417721518987,6.265858699771725,1.0,1.0,2.0,4.0,54.0
2015-03-15,CCA,CO,15,159.0,0.5295597484276733,0.26897683753262164,0.2,0.4,0.5,0.6,1.8
2015-03-15,CCA,NO,1,159.0,9.949685534591195,16.097330049129646,0.0,2.0,5.0,11.0,146.0
2015-03-15,CCA,NO2,1,159.0,18.29559748427673,8.651884596864544,3.0,11.5,18.0,24.5,40.0
2015-03-15,CCA,NOX,1,159.0,28.18867924528302,21.6269199956381,5.0,15.5,23.0,35.5,181.0
2015-03-15,CCA,O3,1,159.0,20.660377358490567,14.638612971525584,1.0,9.0,19.0,30.5,80.0
2015-03-15,CCA,PM2.5,2,159.0,10.144654088050315,6.404939231312256,1.0,5.0,9.0,14.0,30.0
2015-03-15,CCA,SO2,1,159.0,1.251572327044025,2.3464720446756973,0.0,0.0,1.0,1.0,20.0
2015-03-15,CHO,CO,15,0.0,,,,,,,
2015-03-15,CHO,NO,1,0.0,,,,,,,
2015-03-15,CHO,NO2,1,0.0,,,,,,,
2015-03-15,CHO,NOX,1,0.0,,,,,,,
2015-03-15,CHO,O3,1,0.0,,,,,,,
2015-03-15,CHO,PM10,2,153.0,36.673202614379086,27.81703143223768,2.0,17.0,30.0,48.0,160.0
2015-03-15,CHO,SO2,1,157.0,1.2802547770700636,1.5099430915768817,0.0,1.0,1.0,1.0,9.0
2015-03-15,COY,NO,1,0.0,,,,,,,
2015-03-15,COY,NO2,1,0.0,,,,,,,
2015-03-15,COY,NOX,1,0.0,,,,,,,
2015-03-15,COY,O3,1,159.0,21.50943396226415,15.470620553503496,2.0,9.0,19.0,32.0,79.0
2015-03-15,COY,PM2.5,2,150.0,15.253333333333334,10.82142212159662,1.0,7.0,12.0,20.0,48.0
2015-03-15,CUA,CO,15,104.0,0.46249999999999925,0.20910697777773915,0.2,0.3,0.4,0.5,1.2
2015-03-15,CUA,NO,1,156.0,10.653846153846153,13.078746041379048,1.0,4.0,6.0,11.0,78.0
2015-03-15,CUA,NO2,1,156.0,16.58974358974359,9.095813850956329,4.0,10.0,15.0,21.0,48.0
2015-03-15,CUA,NOX,1,156.0,27.147435897435898,20.25795088423611,5.0,15.0,20.0,30.5,121.0
2015-03-15,CUA,O3,1,156.0,23.057692307692307,14.26262446310925,1.0,14.0,23.0,31.0,84.0
2015-03-15,CUA,PM10,2,158.0,21.32278481012658,13.738350704998247,2.0,12.0,17.0,26.0,65.0
2015-03-15,CUA,SO2,1,156.0,1.1794871794871795,1.012739367083665,0.0,1.0,1.0,1.0,5.0
2015-03-15,CUT,NO,1,152.0,17.00657894736842,32.834624091228314,0.0,2.0,4.0,13.25,199.0
2015-03-15,CUT,NO2,1,152.0,17.30263157894737,6.689954388310258,4.0,13.0,18.0,22.0,41.0
2015-03-15,CUT,NOX,1,152.0,34.31578947368421,35.93968845155896,6.0,15.0,23.0,36.0,223.0
2015-03-15,CUT,O3,1,153.0,15.392156862745098,12.10167196697567,2.0,6.0,13.0,21.0,68.0
2015-03-15,CUT,PM10,2,142.0,38.42253521126761,35.19778441279612,1.0,15.0,27.5,51.75,202.0
2015-03-15,CUT,SO2,1,153.0,3.2287581699346406,5.730225415822082,0.0,1.0,2.0,3.0,50.0
2015-03-15,FAC,CO,15,154.0,0.7259740259740255,0.5554018970932643,0.2,0.4,0.5,0.9,3.3
2015-03-15,FAC,NO,1,152.0,26.980263157894736,41.731952976922095,0.0,6.0,11.0,26.25,220.0
2015-03-15,FAC,NO2,1,152.0,22.625,9.14113945105183,7.0,16.0,22.5,29.0,52.0
2015-03-15,FAC,NOX,1,152.0,49.60526315789474,46.34054164476598,9.0,21.0,34.0,56.25,251.0
2015-03-15,FAC,O3,1,154.0,19.655844155844157,14.888421553058153,3.0,7.25,18.0,25.75,90.0
2015-03-15,FAC,PM10,2,151.0,29.24503311258278,22.491766460171522,2.0,13.0,23.0,40.0,130.0
2015-03-15,FAC,SO2,1,154.0,3.1233766233766236,2.4610107973776607,1.0,2.0,2.0,4.0,20.0
2015-03-15,HGM,CO,15,158.0,0.617088607594937,0.25865724756232944,0.3,0.42500000000000004,0.55,0.7,1.8
2015-03-15,HGM,NO,1,158.0,11.841772151898734,14.320499827548336,0.0,3.0,7.0,16.0,86.0
2015-03-15,HGM,NO2,1,158.0,23.537974683544302,9.132175967981727,6.0,16.0,24.0,30.75,62.0
2015-03-15,HGM,NOX,1,158.0,35.392405063291136,20.611923901413984,10.0,22.0,30.5,44.75,139.0
2015-03-15,HGM,O3,1,158.0,15.348101265822784,12.552020272942322,1.0,5.0,13.5,23.0,65.0
2015-03-15,HGM,PM10,2,149.0,28.409395973154364,17.756237359678057,2.0,15.0,25.0,38.0,93.0
2015-03-15,HGM,PM2.5,2,149.0,15.818791946308725,11.711656062228547,1.0,8.0,14.0,23.0,56.0
2015-03-15,HGM,PMCO,2,149.0,12.590604026845638,10.092152037142252,1.0,6.0,10.0,16.0,50.0
2015-03-15,HGM,SO2,1,158.0,2.3987341772151898,4.106759804820991,1.0,1.0,1.0,2.0,35.0
2015-03-15,IZT,CO,15,159.0,0.8238993710691825,0.3613370248202236,0.4,0.6,0.7,1.0,2.7
2015-03-15,IZT,NO,1,159.0,15.251572327044025,18.177384945627015,1.0,5.0,8.0,18.0,130.0
2015-03-15,IZT,NO2,1,159.0,22.855345911949687,8.675468453398738,7.0,16.0,23.0,29.0,53.0
2015-03-15,IZT,NOX,1,159.0,38.0251572327044,23.93158753813407,12.0,22.5,30.0,48.5,165.0
2015-03-15,IZT,O3,1,159.0,21.534591194968552,15.607033416977622,3.0,8.0,20.0,31.0,87.0
2015-03-15,IZT,PM10,2,150.0,23.54,12.326993352016997,2.0,15.0,22.0,31.0,66.0
2015-03-15,IZT,SO2,1,159.0,2.540880503144654,4.0122315176785195,1.0,1.0,1.0,2.5,36.0
2015-03-15,LLA,CO,15,0.0,,,,,,,
2015-03-15,LLA,NO,1,42.0,21.285714285714285,34.05539655977016,1.0,3.0,7.0,19.25,156.0
2015-03-15,LLA,NO2,1,42.0,24.142857142857142,7.093698435321959,13.0,18.0,24.0,28.75,40.0
2015-03-15,LLA,NOX,1,42.0,45.42857142857143,37.15763576265831,15.0,21.5,33.0,49.0,183.0
2015-03-15,LLA,O3,1,44.0,26.613636363636363,23.807577364312323,2.0,10.75,16.5,40.0,91.0
2015-03-15,LLA,SO2,1,44.0,6.909090909090909,8.482041718387947,1.0,3.0,4.5,8.0,46.0
2015-03-15,LPR,CO,15,0.0,,,,,,,
2015-03-15,LPR,NO,1,0.0,,,,,,,
2015-03-15,LPR,NO2,1,0.0,,,,,,,
2015-03-15,LPR,NOX,1,0.0,,,,,,,
2015-03-15,LPR,O3,1,135.0,13.555555555555555,8.932304834237424,1.0,7.0,13.0,20.0,40.0
2015-03-15,LPR,SO2,1,0.0,,,,,,,
2015-03-15,MER,CO,15,156.0,0.9141025641025637,0.38928366271640424,0.4,0.7,0.8,1.025,2.7
2015-03-15,MER,NO,1,0.0,,,,,,,
2015-03-15,MER,NO2,1,0.0,,,,,,,
2015-03-15,MER,NOX,1,0.0,,,,,,,
2015-03-15,MER,O3,1,156.0,18.16025641025641,15.226673029481292,1.0,6.0,15.0,27.0,83.0
2015-03-15,MER,PM10,2,157.0,29.630573248407643,17.168951786248062,3.0,17.0,27.0,39.0,88.0
2015-03-15,MER,PM2.5,2,157.0,16.261146496815286,10.722697288399852,1.0,9.0,13.0,22.0,45.0
2015-03-15,MER,PMCO,2,157.0,13.375796178343949,10.649674373701888,1.0,7.0,11.0,16.0,68.0
2015-03-15,MER,SO2,1,156.0,2.7756410256410255,4.105973175200645,0.0,1.0,1.0,3.0,35.0
2015-03-15,MGH,CO,15,159.0,0.5679245283018862,0.2981633132304846,0.2,0.3,0.5,0.7,1.8
2015-03-15,MGH,NO,1,159.0,20.540880503144653,25.56766701692124,3.0,7.0,10.0,23.0,163.0
2015-03-15,MGH,NO2,1,159.0,22.452830188679247,9.768651820749486,6.0,15.0,22.0,28.0,65.0
2015-03-15,MGH,NOX,1,159.0,42.9559748427673,31.592209004302244,10.0,23.0,35.0,50.0,189.0
2015-03-15,MGH,O3,1,159.0,16.867924528301888,15.516064850662492,0.0,6.0,12.0,27.0,89.0
2015-03-15,MGH,PM10,2,156.0,24.557692307692307,13.498979834627596,7.0,14.0,20.0,32.25,67.0
2015-03-15,MGH,PM2.5,2,156.0,14.282051282051283,8.156370849986802,1.0,8.0,11.0,20.0,41.0
2015-03-15,MGH,PMCO,2,156.0,10.23076923076923,7.570610538166359,1.0,6.0,8.0,11.25,40.0
2015-03-15,MGH,SO2,1,159.0,1.2641509433962264,1.9141472973118001,0.0,0.0,1.0,1.0,13.0
2015-03-15,MON,CO,15,131.0,0.19083969465648862,0.18541030660896143,0.0,0.1,0.1,0.3,1.6
2015-03-15,MON,NO,1,131.0,5.297709923664122,13.582621621020866,0.0,1.0,2.0,4.0,134.0
2015-03-15,MON,NO2,1,131.0,12.305343511450381,4.96432368896152,6.0,8.0,11.0,15.0,26.0
2015-03-15,MON,NOX,1,131.0,17.610687022900763,16.46701715975766,7.0,10.0,13.0,19.0,159.0
2015-03-15,MON,O3,1,0.0,,,,,,,
2015-03-15,MON,SO2,1,0.0,,,,,,,
2015-03-15,NEZ,CO,15,156.0,0.5166666666666664,0.2758759266078149,0.2,0.3,0.4,0.625,1.9
2015-03-15,NEZ,NO,1,156.0,8.044871794871796,11.651577740993925,0.0,2.0,4.0,9.25,83.0
2015-03-15,NEZ,NO2,1,156.0,20.03205128205128,8.372319886460629,6.0,12.75,18.0,27.0,40.0
2015-03-15,NEZ,NOX,1,156.0,28.083333333333332,17.66387176106637,9.0,15.0,21.0,37.0,119.0
2015-03-15,NEZ,O3,1,156.0,22.358974358974358,14.595601952664667,0.0,12.0,20.0,32.0,88.0
2015-03-15,NEZ,PM2.5,2,156.0,11.365384615384615,7.454884987288356,1.0,6.0,9.0,16.25,39.0
2015-03-15,NEZ,SO2,1,156.0,1.2884615384615385,2.4990568940705438,0.0,0.0,0.0,1.0,16.0
2015-03-15,PED,CO,15,154.0,0.32402597402597405,0.2334887982940159,0.0,0.2,0.3,0.4,1.5
2015-03-15,PED,NO,1,158.0,6.6835443037974684,10.526332529892443,0.0,2.0,3.0,6.75,74.0
2015-03-15,PED,NO2,1,158.0,16.10759493670886,9.16833754216695,3.0,8.25,15.0,23.0,43.0
2015-03-15,PED,NOX,1,158.0,22.81645569620253,17.439189562041786,4.0,11.0,17.0,29.0,106.0
2015-03-15,PED,O3,1,159.0,23.22641509433962,15.766060538866835,1.0,11.0,21.0,34.0,86.0
2015-03-15,PED,PM10,2,156.0,23.294871794871796,15.702976068338515,2.0,12.0,17.0,30.25,82.0
2015-03-15,PED,PM2.5,2,156.0,11.993589743589743,9.049324904331383,1.0,6.0,9.0,15.25,54.0
2015-03-15,PED,PMCO,2,156.0,11.314102564102564,9.473088869940973,1.0,4.75,9.0,14.0,52.0
2015-03-15,PED,SO2,1,46.0,3.5,3.769762739365849,1.0,1.0,2.0,5.0,18.0
2015-03-15,SAG,CO,15,159.0,0.671069182389937,0.4249118913806354,0.2,0.4,0.6,0.8,3.1
2015-03-15,SAG,NO,1,159.0,15.547169811320755,21.974582011896473,0.0,4.0,9.0,14.5,159.0
2015-03-15,SAG,NO2,1,159.0,20.144654088050313,6.720304090078955,7.0,15.0,20.0,25.0,40.0
2015-03-15,SAG,NOX,1,159.0,35.65408805031446,25.687998335770093,10.0,21.0,29.0,40.5,190.0
2015-03-15,SAG,O3,1,159.0,19.0188679245283,15.600824263404656,1.0,7.0,16.0,26.0,85.0
2015-03-15,SAG,PM10,2,154.0,30.558441558441558,18.333863455076038,4.0,16.0,26.5,42.0,92.0
2015-03-15,SAG,PM2.5,2,154.0,15.532467532467532,9.092242496218969,1.0,9.0,14.0,20.0,43.0
2015-03-15,SAG,PMCO,2,154.0,15.006493506493506,11.92980381216261,1.0,7.0,13.0,18.0,58.0
2015-03-15,SAG,SO2,1,159.0,3.0754716981132075,2.969352249636572,0.0,1.0,2.0,4.0,24.0
2015-03-15,SFE,CO,15,0.0,,,,,,,
2015-03-15,SFE,NO,1,0.0,,,,,,,
2015-03-15,SFE,NO2,1,0.0,,,,,,,
2015-03-15,SFE,NOX,1,0.0,,,,,,,
2015-03-15,SFE,O3,1,158.0,22.234177215189874,15.638091548539318,1.0,11.0,21.0,31.75,84.0
2015-03-15,SFE,PM10,2,150.0,25.28,15.796575960648465,2.0,15.0,21.0,31.75,94.0
2015-03-15,SFE,PM2.5,2,150.0,12.173333333333334,8.299548517409919,1.0,7.0,10.5,16.75,51.0
2015-03-15,SFE,PMCO,2,150.0,13.113333333333333,10.26725861915305,1.0,6.0,10.0,16.75,47.0
2015-03-15,SFE,SO2,1,0.0,,,,,,,
2015-03-15,SJA,CO,15,159.0,0.4566037735849058,0.40480160821195654,0.0,0.2,0.4,0.5,2.8
2015-03-15,SJA,NO,1,0.0,,,,,,,
2015-03-15,SJA,NO2,1,0.0,,,,,,,
2015-03-15,SJA,NOX,1,0.0,,,,,,,
2015-03-15,SJA,O3,1,159.0,20.22641509433962,16.232848603248073,2.0,7.0,16.0,29.0,91.0
2015-03-15,SJA,PM2.5,2,157.0,12.127388535031848,7.952363069738747,1.0,6.0,11.0,16.0,38.0
2015-03-15,SJA,SO2,1,159.0,2.49685534591195,2.2186613989055135,1.0,1.0,2.0,3.0,14.0
2015-03-15,SUR,CO,15,69.0,0.45362318840579724,0.2841808196869027,0.1,0.2,0.4,0.6,1.3
2015-03-15,SUR,NO,1,69.0,9.27536231884058,11.602337566160863,1.0,2.0,4.0,11.0,63.0
2015-03-15,SUR,NO2,1,69.0,19.840579710144926,8.043307756078596,7.0,13.0,19.0,26.0,38.0
2015-03-15,SUR,NOX,1,69.0,29.159420289855074,17.03337829467726,11.0,16.0,22.0,38.0,94.0
2015-03-15,SUR,O3,1,156.0,20.83974358974359,15.29347184991532,0.0,9.0,19.0,30.0,82.0
2015-03-15,SUR,PM10,2,149.0,22.25503355704698,17.025082593924395,1.0,12.0,19.0,26.0,108.0
2015-03-15,TAH,CO,15,153.0,0.2797385620915032,0.17372069125170875,0.1,0.2,0.2,0.3,0.9
2015-03-15,TAH,NO,1,153.0,3.6013071895424837,4.970094605264271,1.0,2.0,2.0,3.0,33.0
2015-03-15,TAH,NO2,1,153.0,9.50326797385621,6.814385116299482,2.0,4.0,7.0,13.0,31.0
2015-03-15,TAH,NOX,1,153.0,13.124183006535947,10.580717479799796,4.0,6.0,9.0,16.0,54.0
2015-03-15,TAH,O3,1,153.0,27.11764705882353,12.556158677837503,2.0,19.0,27.0,34.0,69.0
2015-03-15,TAH,PM10,2,154.0,21.266233766233768,19.490585026546086,1.0,8.0,14.0,27.0,97.0
2015-03-15,TAH,SO2,1,153.0,2.2549019607843137,1.5957567573045057,1.0,2.0,2.0,2.0,15.0
2015-03-15,TLA,CO,15,159.0,0.8496855345911957,0.45588614693434465,0.3,0.5,0.8,0.95,2.9
2015-03-15,TLA,NO,1,159.0,29.0188679245283,37.133265256151546,1.0,9.0,15.0,35.0,197.0
2015-03-15,TLA,NO2,1,159.0,27.38993710691824,10.003741040538085,7.0,20.0,28.0,33.5,60.0
2015-03-15,TLA,NOX,1,159.0,56.38364779874214,43.057776718920756,11.0,30.0,44.0,66.5,235.0
2015-03-15,TLA,O3,1,159.0,16.069182389937108,16.51356155255637,0.0,3.0,12.0,25.0,90.0
2015-03-15,TLA,PM10,2,156.0,36.6025641025641,20.77799067784871,6.0,20.0,32.0,49.25,112.0
2015-03-15,TLA,PM2.5,2,156.0,19.897435897435898,13.478383882819132,1.0,10.0,18.0,29.0,75.0
2015-03-15,TLA,PMCO,2,156.0,16.69871794871795,10.490191960969943,3.0,10.0,13.0,22.0,47.0
2015-03-15,TLA,SO2,1,159.0,4.509433962264151,5.327107563587309,1.0,2.0,3.0,5.5,40.0
2015-03-15,TLI,CO,15,155.0,0.5870967741935481,0.42650949311451336,0.2,0.3,0.5,0.7,3.2
2015-03-15,TLI,NO,1,155.0,18.322580645161292,30.523981520150347,1.0,4.0,7.0,15.0,215.0
2015-03-15,TLI,NO2,1,155.0,21.677419354838708,8.329212778217267,6.0,16.0,22.0,28.0,50.0
2015-03-15,TLI,NOX,1,155.0,40.019354838709674,36.160262139849365,10.0,20.0,29.0,42.0,263.0
2015-03-15,TLI,O3,1,155.0,18.116129032258065,16.995780545384754,0.0,6.0,15.0,26.5,101.0
2015-03-15,TLI,PM10,2,133.0,33.03007518796993,25.06807091779817,1.0,18.0,26.0,39.0,177.0
2015-03-15,TLI,SO2,1,155.0,4.470967741935484,7.493122108141842,0.0,2.0,2.0,5.0,73.0
2015-03-15,TPN,NO,1,42.0,9.976190476190476,9.82651489031911,0.0,3.25,7.0,13.5,40.0
2015-03-15,TPN,NO2,1,42.0,14.023809523809524,8.028875009243412,3.0,7.25,12.5,17.0,35.0
2015-03-15,TPN,NOX,1,42.0,24.071428571428573,16.280158291827778,3.0,12.0,18.5,32.0,69.0
2015-03-15,TPN,O3,1,117.0,25.05982905982906,14.064684679826327,2.0,15.0,25.0,32.0,71.0
2015-03-15,TPN,SO2,1,42.0,1.9761904761904763,1.9316124344651173,0.0,1.0,1.0,2.0,9.0
2015-03-15,UAX,CO,15,159.0,0.40503144654088,0.2092175725787448,0.2,0.3,0.3,0.5,1.1
2015-03-15,UAX,NO,1,159.0,6.345911949685535,9.444030611700159,0.0,2.0,3.0,5.5,57.0
2015-03-15,UAX,NO2,1,159.0,14.30188679245283,7.852883624988291,3.0,7.0,12.0,21.0,34.0
2015-03-15,UAX,NOX,1,159.0,20.61635220125786,15.05508818573416,4.0,10.0,15.0,27.0,78.0
2015-03-15,UAX,O3,1,159.0,23.08176100628931,15.640327845255591,0.0,10.0,23.0,32.0,90.0
2015-03-15,UAX,PM2.5,2,159.0,10.622641509433961,6.702237719345719,1.0,5.5,10.0,14.0,37.0
2015-03-15,UAX,SO2,1,159.0,1.0566037735849056,2.600499667222861,0.0,0.0,0.0,1.0,18.0
2015-03-15,UIZ,CO,15,154.0,0.5383116883116877,0.2612684122912361,0.3,0.325,0.4,0.7,1.6
2015-03-15,UIZ,NO,1,157.0,8.726114649681529,12.944958163646795,0.0,2.0,4.0,10.0,81.0
2015-03-15,UIZ,NO2,1,157.0,18.484076433121018,8.999718724622769,6.0,11.0,17.0,25.0,44.0
2015-03-15,UIZ,NOX,1,157.0,27.197452229299362,19.65452890017381,8.0,13.0,19.0,35.0,120.0
2015-03-15,UIZ,O3,1,157.0,23.84713375796178,15.498207342610893,1.0,10.0,23.0,34.0,89.0
2015-03-15,UIZ,PM10,2,155.0,28.561290322580646,16.939189891149226,1.0,16.5,26.0,37.5,94.0
2015-03-15,UIZ,PM2.5,2,155.0,13.341935483870968,9.684931869687363,1.0,6.0,11.0,19.5,40.0
2015-03-15,UIZ,PMCO,2,155.0,15.212903225806452,11.427914727676328,1.0,7.0,12.0,22.0,61.0
2015-03-15,UIZ,SO2,1,157.0,1.7643312101910829,1.6569207128197054,1.0,1.0,1.0,2.0,12.0
2015-03-15,VIF,CO,15,157.0,0.46687898089171936,0.28315723072486637,0.1,0.3,0.4,0.5,1.9
2015-03-15,VIF,NO,1,157.0,11.292993630573248,18.534189179590005,0.0,2.0,4.0,9.0,102.0
2015-03-15,VIF,NO2,1,157.0,17.248407643312103,6.822526837480841,7.0,12.0,17.0,21.0,38.0
2015-03-15,VIF,NOX,1,157.0,28.56050955414013,23.064385237967148,7.0,14.0,21.0,31.0,129.0
2015-03-15,VIF,O3,1,157.0,20.235668789808916,15.416499705563771,2.0,10.0,19.0,26.0,92.0
2015-03-15,VIF,PM10,2,150.0,37.76,31.034659126758495,1.0,15.0,32.5,52.0,146.0
2015-03-15,VIF,SO2,1,157.0,4.3312101910828025,6.919304595850058,0.0,1.0,1.0,5.0,43.0
2015-03-15,XAL,CO,15,155.0,0.9316129032258067,0.4799560097144291,0.4,0.6,0.8,1.0,2.9
2015-03-15,XAL,NO,1,154.0,31.071428571428573,37.11897619849281,2.0,11.25,17.5,34.5,213.0
2015-03-15,XAL,NO2,1,154.0,26.545454545454547,7.762900634596984,11.0,20.25,27.5,32.0,44.0
2015-03-15,XAL,NOX,1,154.0,57.66233766233766,41.33226133638658,14.0,34.25,45.0,67.0,246.0
2015-03-15,XAL,O3,1,155.0,13.974193548387097,9.844207464882397,2.0,5.0,12.0,20.0,55.0
2015-03-15,XAL,PM10,2,0.0,,,,,,,
2015-03-15,XAL,PM2.5,2,0.0,,,,,,,
2015-03-15,XAL,PMCO,2,0.0,,,,,,,
2015-03-15,XAL,SO2,1,155.0,2.9290322580645163,2.978515444344613,0.0,1.0,2.0,3.5,18.0
2015-03-22,ACO,CO,15,154.0,0.18896103896103908,0.13888523889610166,0.0,0.1,0.2,0.2,0.7
2015-03-22,ACO,NO,1,154.0,8.064935064935066,11.077667178899842,0.0,1.0,2.0,11.0,49.0
2015-03-22,ACO,NO2,1,154.0,12.590909090909092,5.81592768648533,4.0,8.0,11.0,17.0,30.0
2015-03-22,ACO,NOX,1,154.0,20.62987012987013,14.66530800244417,5.0,10.0,15.0,27.0,67.0
2015-03-22,ACO,O3,1,154.0,29.636363636363637,21.825157332142794,1.0,8.0,29.0,46.0,77.0
2015-03-22,ACO,PM10,2,156.0,30.903846153846153,12.131951334232207,8.0,22.75,30.0,39.0,78.0
2015-03-22,ACO,SO2,1,154.0,2.461038961038961,2.793861424373594,0.0,1.0,1.0,3.0,19.0
2015-03-22,AJM,CO,15,159.0,0.5987421383647803,0.20530539813716342,0.3,0.5,0.6,0.7,1.1
2015-03-22,AJM,NO,1,159.0,4.647798742138365,6.61809789949803,0.0,1.0,2.0,5.0,35.0
2015-03-22,AJM,NO2,1,159.0,14.80503144654088,8.869288490165918,1.0,8.0,14.0,21.0,44.0
2015-03-22,AJM,NOX,1,159.0,19.427672955974842,13.551803616473117,1.0,8.5,16.0,27.0,68.0
2015-03-22,AJM,O3,1,159.0,34.503144654088054,19.025923093038976,2.0,20.0,31.0,46.0,95.0
2015-03-22,AJM,PM10,2,153.0,27.633986928104576,14.736167302354637,5.0,16.0,24.0,37.0,75.0
2015-03-22,AJM,PM2.5,2,153.0,18.601307189542485,11.528191914013643,1.0,9.0,16.0,27.0,58.0
2015-03-22,AJM,PMCO,2,153.0,9.019607843137255,4.33387906383393,1.0,6.0,8.0,12.0,21.0
2015-03-22,AJM,SO2,1,159.0,1.7169811320754718,2.225093016038093,0.0,0.0,1.0,3.0,10.0
2015-03-22,AJU,O3,1,153.0,26.686274509803923,18.10331119328701,2.0,10.0,25.0,40.0,70.0
2015-03-22,ATI,CO,15,159.0,0.661006289308176,0.4051741225454157,0.2,0.4,0.6,0.8,2.9
2015-03-22,ATI,NO,1,159.0,17.666666666666668,26.32240867231256,2.0,3.0,6.0,18.0,176.0
2015-03-22,ATI,NO2,1,159.0,22.666666666666668,10.52523589841575,7.0,15.0,21.0,27.0,63.0
2015-03-22,ATI,NOX,1,159.0,40.339622641509436,29.965556216268872,9.0,21.0,32.0,50.0,202.0
2015-03-22,ATI,O3,1,159.0,25.572327044025158,24.558238484508315,2.0,5.0,17.0,41.0,95.0
2015-03-22,ATI,PM10,2,161.0,34.807453416149066,21.27043591700412,1.0,19.0,30.0,49.0,118.0
2015-03-22,ATI,SO2,1,159.0,2.2767295597484276,2.13444312746296,0.0,1.0,2.0,3.0,11.0
2015-03-22,CAM,CO,15,159.0,0.7924528301886794,0.3811287648802628,0.3,0.55,0.7,0.9,2.3
2015-03-22,CAM,NO,1,159.0,23.0188679245283,30.724062169228997,2.0,5.0,11.0,25.0,197.0
2015-03-22,CAM,NO2,1,159.0,30.77358490566038,11.30415210392321,8.0,24.0,29.0,37.0,76.0
2015-03-22,CAM,NOX,1,159.0,53.77358490566038,35.73211237512598,12.0,30.0,45.0,65.0,230.0
2015-03-22,CAM,O3,1,159.0,24.17610062893082,24.54665786918397,1.0,3.0,16.0,40.0,102.0
2015-03-22,CAM,PM10,2,161.0,40.95652173913044,21.05271592517428,7.0,26.0,38.0,53.0,113.0
2015-03-22,CAM,PM2.5,2,161.0,26.726708074534162,15.248765350693047,1.0,16.0,25.0,36.0,86.0
2015-03-22,CAM,PMCO,2,161.0,14.211180124223603,8.40045381057491,3.0,8.0,12.0,18.0,47.0
2015-03-22,CAM,SO2,1,159.0,3.8679245283018866,3.598722008648876,0.0,2.0,3.0,4.5,19.0
2015-03-22,CCA,CO,15,159.0,0.6465408805031446,0.28701428408282087,0.2,0.4,0.6,0.8,1.8
2015-03-22,CCA,NO,1,159.0,12.779874213836479,18.98255288174192,0.0,2.0,4.0,16.5,136.0
2015-03-22,CCA,NO2,1,159.0,21.641509433962263,10.425311833279281,3.0,14.5,20.0,27.0,61.0
2015-03-22,CCA,NOX,1,159.0,34.43396226415094,24.70881775211893,5.0,17.0,29.0,44.0,164.0
2015-03-22,CCA,O3,1,159.0,25.547169811320753,24.135088724968906,1.0,3.0,20.0,39.0,102.0
2015-03-22,CCA,PM2.5,2,160.0,15.9,8.570976328291064,1.0,9.75,14.0,21.0,41.0
2015-03-22,CCA,SO2,1,159.0,2.0,2.1435803481233817,0.0,1.0,1.0,3.0,12.0
2015-03-22,CHO,CO,15,67.0,0.7746268656716417,0.2883302418377389,0.4,0.6,0.8,0.9,1.6
2015-03-22,CHO,NO,1,0.0,,,,,,,
2015-03-22,CHO,NO2,1,0.0,,,,,,,
2015-03-22,CHO,NOX,1,0.0,,,,,,,
2015-03-22,CHO,O3,1,67.0,25.91044776119403,20.751583614841177,1.0,5.5,24.0,42.5,83.0
2015-03-22,CHO,PM10,2,161.0,41.037267080745345,19.86293287720804,1.0,27.0,38.0,52.0,109.0
2015-03-22,CHO,SO2,1,154.0,1.448051948051948,1.5426071123802445,0.0,1.0,1.0,1.0,9.0
2015-03-22,COY,NO,1,43.0,18.0,17.79646834948681,2.0,3.5,10.0,28.5,74.0
2015-03-22,COY,NO2,1,43.0,24.790697674418606,11.283274895118172,10.0,16.0,22.0,30.0,60.0
2015-03-22,COY,NOX,1,43.0,42.83720930232558,25.444552445846536,12.0,20.5,41.0,58.5,107.0
2015-03-22,COY,O3,1,158.0,24.949367088607595,23.28658274420281,1.0,4.0,18.0,39.25,101.0
2015-03-22,COY,PM2.5,2,154.0,22.805194805194805,13.393529762698353,1.0,13.0,20.0,31.0,77.0
2015-03-22,CUA,CO,15,0.0,,,,,,,
2015-03-22,CUA,NO,1,155.0,12.509677419354839,15.461039321735559,1.0,4.0,6.0,12.5,97.0
2015-03-22,CUA,NO2,1,155.0,22.393548387096775,11.505220031643876,4.0,13.0,22.0,29.0,64.0
2015-03-22,CUA,NOX,1,155.0,34.89677419354839,23.3461179490903,7.0,17.0,29.0,43.0,133.0
2015-03-22,CUA,O3,1,113.0,26.371681415929203,20.557495457108256,1.0,11.0,21.0,37.0,98.0
2015-03-22,CUA,PM10,2,160.0,29.23125,19.199129263209013,1.0,13.0,23.0,43.0,86.0
2015-03-22,CUA,SO2,1,57.0,0.9122807017543859,0.8717941630090453,0.0,0.0,1.0,1.0,4.0
2015-03-22,CUT,NO,1,153.0,15.980392156862745,20.722308913036375,0.0,2.0,5.0,22.0,90.0
2015-03-22,CUT,NO2,1,153.0,20.424836601307188,9.50047977352052,5.0,15.0,19.0,24.0,65.0
2015-03-22,CUT,NOX,1,153.0,36.37908496732026,25.417567105808132,6.0,18.0,29.0,49.0,123.0
2015-03-22,CUT,O3,1,153.0,20.03921568627451,17.74485928261344,1.0,3.0,15.0,33.0,67.0
2015-03-22,CUT,PM10,2,157.0,53.47133757961783,28.822302731354995,1.0,32.0,48.0,64.0,141.0
2015-03-22,CUT,SO2,1,153.0,3.849673202614379,5.207246016534205,1.0,1.0,2.0,4.0,33.0
2015-03-22,FAC,CO,15,159.0,0.9062893081761005,0.5488406116869087,0.2,0.6,0.8,1.1,3.3
2015-03-22,FAC,NO,1,159.0,29.742138364779873,40.762078094576204,0.0,6.0,13.0,35.5,228.0
2015-03-22,FAC,NO2,1,159.0,27.534591194968552,11.762835636241734,9.0,19.5,25.0,35.0,75.0
2015-03-22,FAC,NOX,1,159.0,57.23899371069182,43.27823715956092,9.0,30.0,45.0,67.5,256.0
2015-03-22,FAC,O3,1,159.0,24.78616352201258,24.365457179021114,3.0,5.0,14.0,36.0,105.0
2015-03-22,FAC,PM10,2,161.0,38.63354037267081,23.385275666804148,1.0,22.0,35.0,52.0,152.0
2015-03-22,FAC,SO2,1,159.0,3.169811320754717,2.7448629745371553,0.0,1.0,2.0,4.0,16.0
2015-03-22,HGM,CO,15,156.0,0.7602564102564103,0.35789338603150406,0.3,0.6,0.7,0.9,2.2
2015-03-22,HGM,NO,1,156.0,18.621794871794872,27.92717325097384,0.0,3.0,6.0,19.25,161.0
2015-03-22,HGM,NO2,1,156.0,29.92948717948718,12.095380178845241,6.0,22.0,28.0,38.0,65.0
2015-03-22,HGM,NOX,1,156.0,48.57692307692308,34.64977558211336,7.0,27.0,39.5,58.25,204.0
2015-03-22,HGM,O3,1,156.0,20.57051282051282,20.200642653299077,1.0,2.0,17.0,33.0,79.0
2015-03-22,HGM,PM10,2,154.0,45.02597402597402,22.229624011341155,4.0,28.0,44.0,61.0,115.0
2015-03-22,HGM,PM2.5,2,154.0,27.62987012987013,15.758782715132606,1.0,16.0,26.5,37.75,72.0
2015-03-22,HGM,PMCO,2,154.0,17.396103896103895,8.533991113717216,1.0,11.0,17.0,22.0,43.0
2015-03-22,HGM,SO2,1,156.0,3.230769230769231,2.56740399536852,1.0,1.0,2.0,4.0,14.0
2015-03-22,IZT,CO,15,159.0,0.9540880503144655,0.42690261219549736,0.4,0.7,0.8,1.1,2.9
2015-03-22,IZT,NO,1,135.0,21.244444444444444,32.146694235158236,0.0,4.0,8.0,24.0,182.0
2015-03-22,IZT,NO2,1,135.0,28.014814814814816,12.515056714014635,7.0,19.0,26.0,35.5,61.0
2015-03-22,IZT,NOX,1,135.0,49.22962962962963,39.591371881683294,9.0,23.0,36.0,59.0,226.0
2015-03-22,IZT,O3,1,159.0,26.61635220125786,23.98570216041911,3.0,6.0,19.0,40.0,105.0
2015-03-22,IZT,PM10,2,160.0,30.49375,14.37502939564946,2.0,21.0,27.0,40.0,87.0
2015-03-22,IZT,SO2,1,159.0,3.1949685534591197,2.4142980934041636,1.0,1.0,2.0,4.0,10.0
2015-03-22,LLA,CO,15,83.0,0.7506024096385541,0.36870686815988285,0.4,0.5,0.6,0.9,2.2
2015-03-22,LLA,NO,1,83.0,19.795180722891565,32.11099615478017,1.0,2.0,6.0,20.0,162.0
2015-03-22,LLA,NO2,1,83.0,26.951807228915662,11.365226827496006,9.0,17.0,26.0,34.0,54.0
2015-03-22,LLA,NOX,1,83.0,46.78313253012048,37.94349077913907,10.0,20.5,35.0,58.5,199.0
2015-03-22,LLA,O3,1,83.0,29.313253012048193,25.694228122305173,1.0,6.0,20.0,52.0,86.0
2015-03-22,LLA,SO2,1,0.0,,,,,,,
2015-03-22,LPR,CO,15,44.0,0.6954545454545458,0.37846356800151826,0.3,0.475,0.6,0.8,2.1
2015-03-22,LPR,NO,1,0.0,,,,,,,
2015-03-22,LPR,NO2,1,0.0,,,,,,,
2015-03-22,LPR,NOX,1,0.0,,,,,,,
2015-03-22,LPR,O3,1,136.0,21.904411764705884,18.96190280984307,1.0,5.0,17.0,34.25,68.0
2015-03-22,LPR,SO2,1,44.0,2.1818181818181817,2.4425751496161174,0.0,1.0,1.0,3.0,9.0
2015-03-22,MER,CO,15,159.0,1.0817610062893086,0.40485273864561483,0.4,0.8,1.0,1.25,2.5
2015-03-22,MER,NO,1,67.0,30.686567164179106,34.7868875310467,3.0,8.5,16.0,36.5,171.0
2015-03-22,MER,NO2,1,67.0,34.985074626865675,11.292921539100758,15.0,24.5,34.0,43.0,61.0
2015-03-22,MER,NOX,1,67.0,65.56716417910448,40.148672147028805,20.0,38.5,52.0,79.5,213.0
2015-03-22,MER,O3,1,159.0,24.044025157232703,23.500429813454137,1.0,3.0,17.0,38.0,98.0
2015-03-22,MER,PM10,2,160.0,40.20625,18.320726440171455,6.0,28.0,36.0,50.25,117.0
2015-03-22,MER,PM2.5,2,160.0,24.21875,14.509017744559749,2.0,14.0,22.0,32.0,113.0
2015-03-22,MER,PMCO,2,160.0,15.9375,6.6168143924703315,1.0,12.0,15.0,19.0,42.0
2015-03-22,MER,SO2,1,159.0,3.4276729559748427,2.6420626759228294,1.0,1.0,3.0,4.0,12.0
2015-03-22,MGH,CO,15,158.0,0.7696202531645571,0.442878376247595,0.2,0.4,0.7,0.9,2.7
2015-03-22,MGH,NO,1,158.0,27.689873417721518,41.809836696283114,1.0,6.0,10.0,34.0,254.0
2015-03-22,MGH,NO2,1,158.0,26.645569620253166,11.821429289125632,7.0,19.0,24.5,33.0,80.0
2015-03-22,MGH,NOX,1,158.0,54.392405063291136,46.94851977249665,8.0,27.0,40.0,65.0,288.0
2015-03-22,MGH,O3,1,158.0,23.531645569620252,24.336460781911214,0.0,4.0,15.0,36.0,101.0
2015-03-22,MGH,PM10,2,157.0,35.07643312101911,17.811168133301706,11.0,19.0,33.0,45.0,92.0
2015-03-22,MGH,PM2.5,2,157.0,24.337579617834393,13.73352352687291,4.0,13.0,21.0,34.0,73.0
2015-03-22,MGH,PMCO,2,157.0,10.764331210191083,5.58746321893307,4.0,7.0,10.0,14.0,36.0
2015-03-22,MGH,SO2,1,158.0,2.1392405063291138,2.1189720931614913,0.0,1.0,1.0,3.0,11.0
2015-03-22,MON,CO,15,157.0,0.2828025477707007,0.21399087685712823,0.0,0.1,0.2,0.3,1.5
2015-03-22,MON,NO,1,157.0,10.611464968152866,19.709313717100496,1.0,1.0,2.0,9.0,127.0
2015-03-22,MON,NO2,1,157.0,14.26751592356688,5.412926320754004,3.0,10.0,13.0,17.0,31.0
2015-03-22,MON,NOX,1,157.0,24.821656050955415,22.069674978353696,4.0,12.0,15.0,27.0,145.0
2015-03-22,MON,O3,1,0.0,,,,,,,
2015-03-22,MON,SO2,1,44.0,0.7272727272727273,0.8453329153910615,0.0,0.0,0.5,1.0,3.0
2015-03-22,NEZ,CO,15,157.0,0.6732484076433122,0.4481274666427262,0.1,0.4,0.6,0.8,2.3
2015-03-22,NEZ,NO,1,157.0,12.700636942675159,19.806909234856843,1.0,2.0,5.0,14.0,111.0
2015-03-22,NEZ,NO2,1,157.0,25.828025477707005,11.321172780571446,7.0,16.0,24.0,35.0,56.0
2015-03-22,NEZ,NOX,1,157.0,38.51592356687898,25.668149747913276,10.0,19.0,33.0,47.0,139.0
2015-03-22,NEZ,O3,1,157.0,24.993630573248407,22.624724623706395,0.0,6.0,21.0,40.0,104.0
2015-03-22,NEZ,PM2.5,2,158.0,18.626582278481013,10.303968796447089,2.0,11.0,16.0,25.0,53.0
2015-03-22,NEZ,SO2,1,157.0,2.0127388535031847,2.423144971552511,0.0,1.0,1.0,3.0,11.0
2015-03-22,PED,CO,15,159.0,0.41572327044025165,0.2635047596896685,0.0,0.2,0.4,0.6,1.4
2015-03-22,PED,NO,1,156.0,8.262820512820513,11.397856153532071,1.0,1.75,3.5,9.25,63.0
2015-03-22,PED,NO2,1,156.0,20.057692307692307,10.393074856017305,2.0,13.0,18.5,25.25,52.0
2015-03-22,PED,NOX,1,156.0,28.333333333333332,18.694947854134753,4.0,14.0,24.0,38.0,88.0
2015-03-22,PED,O3,1,159.0,28.50943396226415,23.920720302786794,1.0,9.0,22.0,40.0,104.0
2015-03-22,PED,PM10,2,160.0,32.625,17.95197997173739,2.0,19.75,28.0,46.0,92.0
2015-03-22,PED,PM2.5,2,160.0,19.90625,12.616150612976535,1.0,10.75,17.0,27.0,66.0
2015-03-22,PED,PMCO,2,160.0,12.7,7.191714310022409,1.0,7.0,11.0,18.0,34.0
2015-03-22,PED,SO2,1,0.0,,,,,,,
2015-03-22,SAG,CO,15,159.0,0.708805031446541,0.39847552023642424,0.2,0.5,0.6,0.8,2.8
2015-03-22,SAG,NO,1,159.0,17.169811320754718,26.20300677189978,1.0,4.0,6.0,20.5,176.0
2015-03-22,SAG,NO2,1,159.0,22.07547169811321,7.698057596374901,7.0,16.0,20.0,27.5,50.0
2015-03-22,SAG,NOX,1,159.0,39.15723270440252,29.129030843185078,8.0,21.0,31.0,48.0,205.0
2015-03-22,SAG,O3,1,159.0,26.08176100628931,24.162154881649094,1.0,6.0,19.0,41.0,98.0
2015-03-22,SAG,PM10,2,161.0,41.12422360248447,16.850726157934247,13.0,30.0,39.0,48.0,108.0
2015-03-22,SAG,PM2.5,2,161.0,23.335403726708076,11.615153948279636,4.0,14.0,23.0,29.0,68.0
2015-03-22,SAG,PMCO,2,161.0,17.726708074534162,7.934881518995537,4.0,13.0,17.0,21.0,57.0
2015-03-22,SAG,SO2,1,159.0,4.138364779874214,4.03070177547314,1.0,2.0,3.0,5.0,34.0
2015-03-22,SFE,CO,15,0.0,,,,,,,
2015-03-22,SFE,NO,1,0.0,,,,,,,
2015-03-22,SFE,NO2,1,0.0,,,,,,,
2015-03-22,SFE,NOX,1,0.0,,,,,,,
2015-03-22,SFE,O3,1,157.0,27.29299363057325,22.40400065764836,1.0,9.0,21.0,38.0,101.0
2015-03-22,SFE,PM10,2,152.0,35.546052631578945,22.53028537656657,6.0,17.75,31.0,50.0,107.0
2015-03-22,SFE,PM2.5,2,152.0,20.99342105263158,16.013858530662866,1.0,9.0,17.0,30.25,83.0
2015-03-22,SFE,PMCO,2,152.0,14.611842105263158,9.130437664669424,1.0,8.0,12.0,20.0,41.0
2015-03-22,SFE,SO2,1,0.0,,,,,,,
2015-03-22,SJA,CO,15,159.0,0.4295597484276729,0.331386320718629,0.0,0.2,0.4,0.5,2.1
2015-03-22,SJA,NO,1,0.0,,,,,,,
2015-03-22,SJA,NO2,1,0.0,,,,,,,
2015-03-22,SJA,NOX,1,0.0,,,,,,,
2015-03-22,SJA,O3,1,159.0,27.17610062893082,26.19342235318033,3.0,4.0,18.0,42.0,110.0
2015-03-22,SJA,PM2.5,2,161.0,17.80745341614907,9.73236580176572,1.0,11.0,16.0,23.0,51.0
2015-03-22,SJA,SO2,1,159.0,3.3836477987421385,2.843599835959326,1.0,2.0,2.0,4.0,19.0
2015-03-22,SUR,O3,1,161.0,24.161490683229815,23.29965145155556,0.0,2.0,19.0,38.0,103.0
2015-03-22,SUR,PM10,2,161.0,27.86335403726708,14.953050229973954,1.0,18.0,25.0,36.0,69.0
2015-03-22,TAH,CO,15,157.0,0.4242038216560512,0.25227205346542125,0.1,0.2,0.3,0.6,1.8
2015-03-22,TAH,NO,1,158.0,5.955696202531645,8.237977100579174,1.0,2.0,2.0,6.0,62.0
2015-03-22,TAH,NO2,1,158.0,13.80379746835443,9.397424000441287,3.0,5.0,12.0,20.0,44.0
2015-03-22,TAH,NOX,1,158.0,19.79746835443038,14.91707844112705,4.0,7.0,15.0,29.0,94.0
2015-03-22,TAH,O3,1,158.0,28.848101265822784,20.739260044656145,1.0,11.25,27.0,42.0,92.0
2015-03-22,TAH,PM10,2,158.0,29.246835443037973,14.890978206955028,3.0,18.25,27.0,38.75,95.0
2015-03-22,TAH,SO2,1,158.0,3.2088607594936707,2.3595686679899632,1.0,2.0,2.0,3.0,16.0
2015-03-22,TLA,CO,15,158.0,0.9506329113924054,0.4287066663686512,0.3,0.7,0.9,1.1,3.2
2015-03-22,TLA,NO,1,158.0,31.063291139240505,40.36942204482458,2.0,8.0,15.5,33.75,190.0
2015-03-22,TLA,NO2,1,158.0,31.063291139240505,11.543152791181354,6.0,24.0,29.0,38.0,67.0
2015-03-22,TLA,NOX,1,158.0,62.14556962025316,44.019368341264425,9.0,35.0,52.5,69.75,233.0
2015-03-22,TLA,O3,1,158.0,23.689873417721518,26.185740734572892,1.0,2.0,11.5,38.75,97.0
2015-03-22,TLA,PM10,2,154.0,47.357142857142854,25.28185651623637,6.0,28.25,45.0,62.0,132.0
2015-03-22,TLA,PM2.5,2,154.0,28.31168831168831,19.198828763472616,1.0,14.25,25.5,40.0,100.0
2015-03-22,TLA,PMCO,2,154.0,19.12987012987013,9.304367727393037,5.0,12.0,18.0,25.0,53.0
2015-03-22,TLA,SO2,1,158.0,5.348101265822785,4.551093121563752,1.0,2.0,4.0,7.0,24.0
2015-03-22,TLI,CO,15,155.0,0.6425806451612901,0.37293994974588635,0.2,0.4,0.6,0.75,2.2
2015-03-22,TLI,NO,1,155.0,20.6,27.862044190861283,2.0,4.0,8.0,26.0,162.0
2015-03-22,TLI,NO2,1,155.0,25.89677419354839,9.585008717993171,7.0,20.0,24.0,32.0,62.0
2015-03-22,TLI,NOX,1,155.0,46.3741935483871,32.49518413611805,11.0,28.0,38.0,56.0,199.0
2015-03-22,TLI,O3,1,153.0,23.758169934640524,24.83260434859966,0.0,3.0,14.0,39.0,92.0
2015-03-22,TLI,PM10,2,155.0,48.883870967741935,27.11350716216169,10.0,30.0,44.0,58.5,145.0
2015-03-22,TLI,SO2,1,155.0,4.058064516129032,5.686893920528428,0.0,1.0,2.0,5.0,33.0
2015-03-22,TPN,O3,1,157.0,26.681528662420384,17.611927127245078,2.0,10.0,25.0,39.0,83.0
2015-03-22,UAX,CO,15,158.0,0.5544303797468353,0.27591075283466426,0.2,0.3,0.5,0.8,1.6
2015-03-22,UAX,NO,1,158.0,10.183544303797468,14.992498594613565,1.0,2.0,3.0,12.75,80.0
2015-03-22,UAX,NO2,1,158.0,18.253164556962027,10.462512217260027,3.0,10.0,17.0,25.0,53.0
2015-03-22,UAX,NOX,1,158.0,28.443037974683545,21.360864766627927,4.0,12.0,21.0,41.75,108.0
2015-03-22,UAX,O3,1,158.0,26.626582278481013,23.40844318720494,0.0,4.25,23.0,40.75,105.0
2015-03-22,UAX,PM2.5,2,158.0,16.417721518987342,10.274707794052565,1.0,10.0,14.0,20.75,48.0
2015-03-22,UAX,SO2,1,158.0,1.5379746835443038,2.19041361288989,0.0,0.0,1.0,2.0,11.0
2015-03-22,UIZ,CO,15,158.0,0.7360759493670882,0.4739343869272942,0.2,0.4,0.6,0.9,2.8
2015-03-22,UIZ,NO,1,158.0,17.0,27.838478617190006,0.0,2.0,5.0,22.0,189.0
2015-03-22,UIZ,NO2,1,158.0,25.22151898734177,13.990271149979746,5.0,14.0,23.0,34.75,71.0
2015-03-22,UIZ,NOX,1,158.0,42.20253164556962,36.940261551405584,6.0,17.0,30.0,57.5,231.0
2015-03-22,UIZ,O3,1,158.0,26.373417721518987,23.30864200390995,1.0,4.0,22.0,42.0,104.0
2015-03-22,UIZ,PM10,2,159.0,39.18867924528302,22.754098201278538,4.0,21.0,33.0,52.0,115.0
2015-03-22,UIZ,PM2.5,2,159.0,22.79874213836478,17.782362145425484,1.0,10.0,18.0,33.0,90.0
2015-03-22,UIZ,PMCO,2,159.0,16.40251572327044,7.262805798137528,2.0,11.0,16.0,20.0,54.0
2015-03-22,UIZ,SO2,1,158.0,2.6645569620253164,2.339390631891515,1.0,1.0,1.5,4.0,11.0
2015-03-22,VIF,CO,15,158.0,0.5221518987341768,0.2448510317217907,0.2,0.4,0.5,0.6,1.8
2015-03-22,VIF,NO,1,158.0,13.069620253164556,19.57091208541068,0.0,2.0,4.0,16.75,120.0
2015-03-22,VIF,NO2,1,158.0,19.639240506329113,7.670124318601842,7.0,14.0,19.0,25.0,40.0
2015-03-22,VIF,NOX,1,158.0,32.677215189873415,23.511284453513714,8.0,17.25,25.0,40.0,148.0
2015-03-22,VIF,O3,1,158.0,27.449367088607595,25.062100569329573,1.0,3.25,20.5,43.0,90.0
2015-03-22,VIF,PM10,2,158.0,51.765822784810126,25.898421790324235,1.0,36.0,49.0,65.0,173.0
2015-03-22,VIF,SO2,1,158.0,4.525316455696203,5.48268771214442,0.0,1.0,3.0,5.0,33.0
2015-03-22,XAL,CO,15,152.0,0.971710526315789,0.4524279991976617,0.3,0.7,0.9,1.1,2.6
2015-03-22,XAL,NO,1,136.0,28.852941176470587,34.38788102887082,2.0,7.0,14.0,36.25,169.0
2015-03-22,XAL,NO2,1,136.0,30.095588235294116,10.410022717782583,11.0,22.0,28.0,38.0,60.0
2015-03-22,XAL,NOX,1,136.0,58.970588235294116,39.34254904778466,14.0,30.75,47.0,74.25,208.0
2015-03-22,XAL,O3,1,152.0,20.223684210526315,18.062876703712607,2.0,3.0,15.0,33.0,64.0
2015-03-22,XAL,PM10,2,0.0,,,,,,,
2015-03-22,XAL,PM2.5,2,0.0,,,,,,,
2015-03-22,XAL,PMCO,2,0.0,,,,,,,
2015-03-22,XAL,SO2,1,152.0,4.493421052631579,3.6266064456467872,1.0,2.0,3.0,6.0,28.0
2015-03-29,ACO,CO,15,159.0,0.2264150943396226,0.16514390739735366,0.0,0.1,0.2,0.3,0.9
2015-03-29,ACO,NO,1,159.0,8.566037735849056,14.838168496404165,0.0,2.0,3.0,9.0,120.0
2015-03-29,ACO,NO2,1,159.0,12.672955974842766,5.271726418808014,4.0,9.0,13.0,16.0,30.0
2015-03-29,ACO,NOX,1,159.0,21.22012578616352,17.559175825769277,5.0,11.0,16.0,27.0,139.0
2015-03-29,ACO,O3,1,159.0,28.238993710691823,20.042820969082527,1.0,10.5,26.0,42.5,81.0
2015-03-29,ACO,PM10,2,158.0,21.974683544303797,12.18119536826558,3.0,14.0,19.0,27.75,78.0
2015-03-29,ACO,SO2,1,159.0,1.1446540880503144,0.5718776312789583,0.0,1.0,1.0,1.0,4.0
2015-03-29,AJM,CO,15,157.0,0.4751592356687896,0.1845493648626484,0.2,0.3,0.5,0.6,1.1
2015-03-29,AJM,NO,1,155.0,5.064516129032258,7.420292831546949,0.0,1.0,3.0,5.0,54.0
2015-03-29,AJM,NO2,1,155.0,14.348387096774193,7.981792224927327,3.0,8.0,12.0,20.0,47.0
2015-03-29,AJM,NOX,1,155.0,19.45806451612903,13.022577153163512,3.0,10.0,16.0,26.0,77.0
2015-03-29,AJM,O3,1,158.0,31.5126582278481,15.543953436311455,4.0,20.0,28.5,42.75,83.0
2015-03-29,AJM,PM10,2,152.0,19.82236842105263,11.569028059758217,3.0,12.0,18.0,25.0,80.0
2015-03-29,AJM,PM2.5,2,152.0,13.046052631578947,8.311277597846786,2.0,8.0,11.0,16.25,56.0
2015-03-29,AJM,PMCO,2,152.0,6.756578947368421,4.226997291185116,1.0,4.0,6.0,10.0,24.0
2015-03-29,AJM,SO2,1,159.0,0.5471698113207547,1.210178944857555,0.0,0.0,0.0,1.0,9.0
2015-03-29,AJU,O3,1,130.0,25.107692307692307,16.552592318508026,3.0,10.25,24.0,38.75,66.0
2015-03-29,ATI,CO,15,159.0,0.7031446540880504,0.4340596388539251,0.2,0.4,0.6,0.8,2.8
2015-03-29,ATI,NO,1,159.0,20.40880503144654,27.744816789620273,1.0,4.0,8.0,26.0,154.0
2015-03-29,ATI,NO2,1,159.0,24.0125786163522,9.699267505543746,8.0,17.0,22.0,31.0,63.0
2015-03-29,ATI,NOX,1,159.0,44.42767295597484,32.35688237385759,9.0,22.5,35.0,54.5,173.0
2015-03-29,ATI,O3,1,159.0,22.729559748427672,21.95008305240514,2.0,3.5,15.0,37.5,86.0
2015-03-29,ATI,PM10,2,161.0,26.571428571428573,19.48451766329946,1.0,13.0,25.0,36.0,137.0
2015-03-29,ATI,SO2,1,159.0,1.0754716981132075,1.3432775419002876,0.0,0.0,1.0,1.0,8.0
2015-03-29,CAM,CO,15,159.0,0.9396226415094342,0.5296307368901484,0.3,0.6,0.8,1.1,3.4
2015-03-29,CAM,NO,1,159.0,36.45283018867924,47.12489440114516,3.0,9.0,18.0,41.0,268.0
2015-03-29,CAM,NO2,1,159.0,33.41509433962264,9.165359859372852,11.0,28.0,32.0,38.0,62.0
2015-03-29,CAM,NOX,1,159.0,69.84276729559748,50.08013004381077,16.0,37.5,52.0,81.0,309.0
2015-03-29,CAM,O3,1,159.0,19.572327044025158,22.061037055020748,1.0,2.0,10.0,36.0,94.0
2015-03-29,CAM,PM10,2,161.0,36.11801242236025,20.729923685938754,7.0,21.0,34.0,47.0,159.0
2015-03-29,CAM,PM2.5,2,161.0,22.888198757763973,12.335920004614508,1.0,14.0,21.0,28.0,62.0
2015-03-29,CAM,PMCO,2,161.0,13.22360248447205,12.9807430234557,1.0,6.0,11.0,15.0,113.0
2015-03-29,CAM,SO2,1,159.0,1.8930817610062893,1.524447170884295,0.0,1.0,1.0,2.0,10.0
2015-03-29,CCA,CO,15,150.0,0.6759999999999998,0.34362458053665673,0.3,0.4,0.6,0.8,1.9
2015-03-29,CCA,NO,1,150.0,17.406666666666666,24.5264127360734,1.0,3.0,7.5,21.0,126.0
2015-03-29,CCA,NO2,1,150.0,21.64666666666667,8.291773773098889,8.0,14.0,21.5,27.0,45.0
2015-03-29,CCA,NOX,1,150.0,39.0,28.249606518611476,8.0,20.25,32.0,47.75,142.0
2015-03-29,CCA,O3,1,150.0,18.62,18.535172441864802,1.0,3.0,13.0,28.5,77.0
2015-03-29,CCA,PM2.5,2,154.0,12.03896103896104,6.329599639253918,1.0,8.0,11.0,14.75,41.0
2015-03-29,CCA,SO2,1,150.0,1.04,0.8264097168682295,0.0,1.0,1.0,1.0,5.0
2015-03-29,CHO,CO,15,159.0,0.7364779874213839,0.2613066929941114,0.3,0.6,0.7,0.8,2.0
2015-03-29,CHO,NO,1,0.0,,,,,,,
2015-03-29,CHO,NO2,1,0.0,,,,,,,
2015-03-29,CHO,NOX,1,0.0,,,,,,,
2015-03-29,CHO,O3,1,159.0,23.9937106918239,19.107456578600747,2.0,7.0,20.0,36.0,75.0
2015-03-29,CHO,PM10,2,161.0,32.91925465838509,24.512490478141824,1.0,14.0,29.0,48.0,115.0
2015-03-29,CHO,SO2,1,159.0,0.9371069182389937,0.8836456030486877,0.0,0.0,1.0,1.0,4.0
2015-03-29,COY,NO,1,159.0,19.08805031446541,21.872294378152066,2.0,5.0,8.0,25.0,112.0
2015-03-29,COY,NO2,1,159.0,24.19496855345912,8.621050177901232,8.0,17.5,25.0,30.0,47.0
2015-03-29,COY,NOX,1,159.0,43.23899371069182,26.17455018643081,11.0,23.0,37.0,55.0,143.0
2015-03-29,COY,O3,1,159.0,19.57861635220126,18.584525905620872,1.0,3.0,13.0,33.0,74.0
2015-03-29,COY,PM2.5,2,161.0,17.29192546583851,9.698994633177707,2.0,11.0,15.0,20.0,52.0
2015-03-29,CUA,CO,15,67.0,0.5149253731343285,0.19637142554529666,0.2,0.4,0.5,0.6,1.1
2015-03-29,CUA,NO,1,159.0,12.477987421383649,15.404189993038045,1.0,5.0,7.0,15.0,124.0
2015-03-29,CUA,NO2,1,159.0,21.08805031446541,8.636384358182683,5.0,15.0,20.0,27.0,53.0
2015-03-29,CUA,NOX,1,159.0,33.54716981132076,20.56717863188933,8.0,20.0,29.0,41.5,160.0
2015-03-29,CUA,O3,1,159.0,24.91194968553459,18.912651866014116,1.0,8.5,21.0,36.0,76.0
2015-03-29,CUA,PM10,2,158.0,22.72151898734177,13.935645271854092,1.0,13.0,20.0,28.0,79.0
2015-03-29,CUA,SO2,1,0.0,,,,,,,
2015-03-29,CUT,NO,1,159.0,17.27672955974843,26.6324994072949,1.0,3.0,5.0,19.5,148.0
2015-03-29,CUT,NO2,1,159.0,26.0188679245283,11.432505123280638,5.0,18.0,25.0,33.0,60.0
2015-03-29,CUT,NOX,1,159.0,43.25157232704402,32.2317495319737,6.0,22.0,33.0,53.0,181.0
2015-03-29,CUT,O3,1,159.0,24.150943396226417,15.496095334740227,2.0,12.5,23.0,33.0,65.0
2015-03-29,CUT,PM10,2,160.0,40.34375,32.45588139954581,1.0,18.75,34.0,53.0,227.0
2015-03-29,CUT,SO2,1,159.0,1.440251572327044,1.1171346426140971,1.0,1.0,1.0,1.0,10.0
2015-03-29,FAC,CO,15,154.0,0.9461038961038962,0.7039694286368611,0.2,0.5,0.7,1.2,3.7
2015-03-29,FAC,NO,1,154.0,36.29220779220779,50.45478469245281,0.0,8.0,15.5,41.0,245.0
2015-03-29,FAC,NO2,1,154.0,28.22077922077922,12.769063284619756,7.0,20.0,25.5,34.0,81.0
2015-03-29,FAC,NOX,1,154.0,64.53896103896103,54.49736254539022,7.0,30.25,46.0,71.75,271.0
2015-03-29,FAC,O3,1,154.0,20.636363636363637,20.153923435095418,3.0,5.0,12.0,30.0,104.0
2015-03-29,FAC,PM10,2,157.0,31.866242038216562,26.142875565600626,1.0,12.0,24.0,46.0,139.0
2015-03-29,FAC,SO2,1,154.0,2.103896103896104,1.715629159804544,0.0,1.0,2.0,2.0,11.0
2015-03-29,HGM,CO,15,155.0,0.8283870967741935,0.2746319470235248,0.3,0.6,0.8,1.0,1.7
2015-03-29,HGM,NO,1,92.0,20.554347826086957,19.86678941218277,0.0,6.0,11.0,31.5,82.0
2015-03-29,HGM,NO2,1,92.0,28.847826086956523,8.203369426488353,7.0,23.75,28.0,34.0,51.0
2015-03-29,HGM,NOX,1,92.0,49.43478260869565,23.77518530350411,13.0,29.75,43.5,68.0,112.0
2015-03-29,HGM,O3,1,154.0,16.967532467532468,16.810134988034232,1.0,3.0,11.0,27.0,66.0
2015-03-29,HGM,PM10,2,160.0,32.50625,17.630019023095727,2.0,19.0,30.0,44.0,90.0
2015-03-29,HGM,PM2.5,2,160.0,18.45625,12.588727549707114,1.0,9.0,16.0,25.25,56.0
2015-03-29,HGM,PMCO,2,160.0,14.05,7.538413159012633,1.0,8.0,14.0,19.0,45.0
2015-03-29,HGM,SO2,1,155.0,1.729032258064516,1.5513282010149743,1.0,1.0,1.0,2.0,14.0
2015-03-29,IZT,CO,15,155.0,0.9877419354838709,0.46281682498558313,0.4,0.7,0.9,1.15,3.0
2015-03-29,IZT,NO,1,155.0,25.232258064516127,28.826579400493742,0.0,6.0,13.0,37.0,134.0
2015-03-29,IZT,NO2,1,155.0,29.361290322580643,8.828733985051416,12.0,23.0,30.0,35.0,61.0
2015-03-29,IZT,NOX,1,155.0,54.58064516129032,32.65360722058329,17.0,30.0,45.0,70.5,170.0
2015-03-29,IZT,O3,1,155.0,20.98709677419355,19.74019141500314,3.0,4.0,13.0,33.0,78.0
2015-03-29,IZT,PM10,2,149.0,25.55704697986577,11.978236204554591,1.0,16.0,25.0,33.0,67.0
2015-03-29,IZT,SO2,1,155.0,2.1354838709677417,1.4508278843690727,1.0,1.0,2.0,3.0,13.0
2015-03-29,LLA,CO,15,158.0,0.6373417721518988,0.34741707111380987,0.2,0.4,0.5,0.8,2.1
2015-03-29,LLA,NO,1,155.0,18.18064516129032,25.440654387907564,1.0,3.0,9.0,20.0,133.0
2015-03-29,LLA,NO2,1,155.0,24.35483870967742,8.181180443422724,7.0,18.0,25.0,29.0,49.0
2015-03-29,LLA,NOX,1,155.0,42.619354838709675,29.416902767154667,9.0,22.0,36.0,54.0,162.0
2015-03-29,LLA,O3,1,159.0,22.930817610062892,22.3255882871036,1.0,4.5,14.0,41.5,81.0
2015-03-29,LLA,SO2,1,0.0,,,,,,,
2015-03-29,LPR,CO,15,151.0,0.6205298013245034,0.3701023067197685,0.0,0.4,0.5,0.8500000000000001,1.8
2015-03-29,LPR,NO,1,0.0,,,,,,,
2015-03-29,LPR,NO2,1,0.0,,,,,,,
2015-03-29,LPR,NOX,1,0.0,,,,,,,
2015-03-29,LPR,O3,1,135.0,18.244444444444444,16.846748508937367,1.0,3.0,14.0,30.0,75.0
2015-03-29,LPR,SO2,1,135.0,1.3111111111111111,0.5105844860676202,0.0,1.0,1.0,2.0,3.0
2015-03-29,MER,CO,15,157.0,1.049044585987261,0.448161176706594,0.4,0.8,0.9,1.2,3.2
2015-03-29,MER,NO,1,158.0,28.79746835443038,28.996322958994373,2.0,9.0,20.0,38.5,159.0
2015-03-29,MER,NO2,1,158.0,31.5126582278481,8.473816804295828,11.0,27.0,30.0,35.75,60.0
2015-03-29,MER,NOX,1,158.0,60.27215189873418,32.3024419289859,18.0,37.0,53.5,74.5,200.0
2015-03-29,MER,O3,1,158.0,18.803797468354432,19.796241958474464,1.0,3.0,10.0,31.5,73.0
2015-03-29,MER,PM10,2,156.0,33.993589743589745,15.464630527535547,5.0,23.75,31.0,44.0,70.0
2015-03-29,MER,PM2.5,2,156.0,20.096153846153847,10.201694259132832,1.0,12.0,17.5,27.0,48.0
2015-03-29,MER,PMCO,2,156.0,13.923076923076923,6.836843698797463,1.0,9.0,14.0,18.0,36.0
2015-03-29,MER,SO2,1,158.0,1.9556962025316456,1.3418541061348992,0.0,1.0,2.0,2.0,11.0
2015-03-29,MGH,CO,15,157.0,0.7592356687898089,0.3524557462697354,0.2,0.5,0.7,0.9,3.0
2015-03-29,MGH,NO,1,159.0,30.754716981132077,43.63741818192216,3.0,8.0,15.0,37.0,405.0
2015-03-29,MGH,NO2,1,159.0,27.18867924528302,9.645074699870678,5.0,21.5,27.0,31.0,91.0
2015-03-29,MGH,NOX,1,159.0,57.911949685534594,46.816147767028916,9.0,32.0,43.0,71.0,439.0
2015-03-29,MGH,O3,1,159.0,18.09433962264151,19.815539373651593,0.0,2.0,11.0,32.0,80.0
2015-03-29,MGH,PM10,2,161.0,27.167701863354036,12.091958084221062,5.0,19.0,25.0,33.0,66.0
2015-03-29,MGH,PM2.5,2,161.0,17.124223602484474,8.736960114919228,1.0,11.0,16.0,20.0,50.0
2015-03-29,MGH,PMCO,2,161.0,10.024844720496894,5.346669887134193,2.0,5.0,9.0,14.0,27.0
2015-03-29,MGH,SO2,1,159.0,1.050314465408805,0.8175197294748104,0.0,1.0,1.0,1.0,4.0
2015-03-29,MON,CO,15,156.0,0.276923076923077,0.21246514821484339,0.0,0.1,0.2,0.4,1.2
2015-03-29,MON,NO,1,156.0,10.557692307692308,19.52970950500482,0.0,2.0,3.0,10.0,143.0
2015-03-29,MON,NO2,1,156.0,16.833333333333332,6.040544018795884,6.0,12.0,16.0,21.25,32.0
2015-03-29,MON,NOX,1,156.0,27.435897435897434,22.44367271628831,6.0,14.0,20.0,31.25,164.0
2015-03-29,MON,O3,1,0.0,,,,,,,
2015-03-29,MON,SO2,1,156.0,0.5,0.6475761258027333,0.0,0.0,0.0,1.0,3.0
2015-03-29,NEZ,CO,15,159.0,0.7817610062893081,0.461951740850633,0.2,0.5,0.6,1.0,2.7
2015-03-29,NEZ,NO,1,159.0,19.20754716981132,26.697573841247006,1.0,3.0,8.0,27.0,165.0
2015-03-29,NEZ,NO2,1,159.0,27.32075471698113,9.278613462216624,10.0,20.0,28.0,33.0,61.0
2015-03-29,NEZ,NOX,1,159.0,46.55974842767296,31.882019692659792,13.0,25.0,35.0,61.0,199.0
2015-03-29,NEZ,O3,1,159.0,22.08805031446541,20.623933389466433,0.0,4.0,16.0,39.0,75.0
2015-03-29,NEZ,PM2.5,2,160.0,13.7375,6.348859650986507,1.0,9.0,13.0,18.0,36.0
2015-03-29,NEZ,SO2,1,159.0,0.9308176100628931,0.812244092944582,0.0,1.0,1.0,1.0,7.0
2015-03-29,PED,CO,15,158.0,0.4037974683544307,0.22343185340181257,0.1,0.2,0.4,0.6,1.1
2015-03-29,PED,NO,1,158.0,10.113924050632912,12.285859866391744,1.0,2.0,4.0,15.0,61.0
2015-03-29,PED,NO2,1,158.0,19.227848101265824,7.965609787635954,5.0,12.0,19.0,25.0,46.0
2015-03-29,PED,NOX,1,158.0,29.29113924050633,16.69291920426462,6.0,15.25,26.0,40.0,85.0
2015-03-29,PED,O3,1,159.0,22.18238993710692,18.900423726384023,1.0,7.0,15.0,35.5,78.0
2015-03-29,PED,PM10,2,91.0,24.23076923076923,13.469370127215738,4.0,14.5,22.0,31.0,74.0
2015-03-29,PED,PM2.5,2,91.0,13.087912087912088,7.917138023368954,1.0,8.0,12.0,16.0,45.0
2015-03-29,PED,PMCO,2,91.0,11.12087912087912,8.554186973296455,1.0,5.0,11.0,16.0,57.0
2015-03-29,PED,SO2,1,0.0,,,,,,,
2015-03-29,SAG,CO,15,154.0,0.7441558441558446,0.46060304503589805,0.2,0.5,0.6,1.0,3.0
2015-03-29,SAG,NO,1,130.0,19.53076923076923,27.58670291459765,1.0,5.0,9.0,24.0,160.0
2015-03-29,SAG,NO2,1,130.0,23.96923076923077,7.967899221774092,9.0,18.0,24.0,28.0,47.0
2015-03-29,SAG,NOX,1,130.0,43.45384615384615,30.938075570018054,11.0,25.25,34.0,56.75,188.0
2015-03-29,SAG,O3,1,154.0,21.616883116883116,21.342583182178533,1.0,4.25,12.5,37.0,84.0
2015-03-29,SAG,PM10,2,154.0,31.272727272727273,14.406912251344638,3.0,20.0,30.0,39.0,70.0
2015-03-29,SAG,PM2.5,2,154.0,18.136363636363637,9.428137682198221,1.0,12.0,17.0,24.0,49.0
2015-03-29,SAG,PMCO,2,154.0,13.155844155844155,7.49477366498011,1.0,7.0,13.0,17.0,41.0
2015-03-29,SAG,SO2,1,154.0,2.279220779220779,1.2550382294870122,0.0,2.0,2.0,3.0,8.0
2015-03-29,SFE,CO,15,90.0,0.4899999999999999,0.18786201008043293,0.2,0.325,0.5,0.6,1.0
2015-03-29,SFE,NO,1,90.0,11.144444444444444,18.08504324058234,0.0,2.0,4.0,11.0,93.0
2015-03-29,SFE,NO2,1,90.0,18.366666666666667,8.452710488756939,4.0,13.0,17.5,22.25,46.0
2015-03-29,SFE,NOX,1,90.0,29.477777777777778,22.32257273329417,7.0,15.0,21.0,32.75,120.0
2015-03-29,SFE,O3,1,113.0,23.946902654867255,19.29093083918516,0.0,8.0,18.0,36.0,75.0
2015-03-29,SFE,PM10,2,159.0,26.830188679245282,15.97434951318012,2.0,14.0,24.0,36.0,79.0
2015-03-29,SFE,PM2.5,2,159.0,13.547169811320755,10.841025053832183,1.0,6.0,11.0,18.0,51.0
2015-03-29,SFE,PMCO,2,159.0,13.38993710691824,9.212616520868343,1.0,6.0,12.0,20.0,41.0
2015-03-29,SFE,SO2,1,90.0,0.7555555555555555,1.6914265710321283,0.0,0.0,0.0,1.0,10.0
2015-03-29,SJA,CO,15,156.0,0.6121794871794874,0.5382579965056866,0.1,0.3,0.4,0.8,3.2
2015-03-29,SJA,NO,1,0.0,,,,,,,
2015-03-29,SJA,NO2,1,0.0,,,,,,,
2015-03-29,SJA,NOX,1,0.0,,,,,,,
2015-03-29,SJA,O3,1,156.0,22.365384615384617,22.85468443221824,3.0,4.0,11.0,36.25,90.0
2015-03-29,SJA,PM2.5,2,150.0,14.853333333333333,7.651281128561242,1.0,9.0,14.5,19.75,36.0
2015-03-29,SJA,SO2,1,156.0,2.1025641025641026,1.1923383757625052,1.0,1.0,2.0,2.0,7.0
2015-03-29,SUR,O3,1,161.0,18.888198757763973,19.046651211177473,0.0,1.0,13.0,31.0,78.0
2015-03-29,SUR,PM10,2,160.0,20.9,15.067228797884454,1.0,9.0,18.0,30.0,77.0
2015-03-29,TAH,CO,15,145.0,0.3806896551724142,0.28365093760841026,0.0,0.2,0.3,0.5,1.6
2015-03-29,TAH,NO,1,150.0,7.586666666666667,11.64185152521381,1.0,2.0,3.0,8.0,87.0
2015-03-29,TAH,NO2,1,150.0,15.073333333333334,8.79986017786011,3.0,8.25,12.0,21.0,45.0
2015-03-29,TAH,NOX,1,150.0,22.606666666666666,17.276238353099608,5.0,10.0,15.0,30.75,110.0
2015-03-29,TAH,O3,1,150.0,26.586666666666666,18.714092836509927,2.0,12.0,24.0,38.0,81.0
2015-03-29,TAH,PM10,2,135.0,20.31851851851852,17.09134888603172,1.0,7.0,17.0,31.5,77.0
2015-03-29,TAH,SO2,1,134.0,1.5223880597014925,0.9476240007374501,0.0,1.0,1.0,2.0,7.0
2015-03-29,TLA,CO,15,158.0,0.9683544303797458,0.4242773710577922,0.4,0.7,0.9,1.1,2.7
2015-03-29,TLA,NO,1,159.0,32.132075471698116,36.06729175129106,1.0,11.0,19.0,35.0,215.0
2015-03-29,TLA,NO2,1,159.0,32.81132075471698,10.147126431992703,15.0,25.0,32.0,38.0,69.0
2015-03-29,TLA,NOX,1,159.0,64.88679245283019,39.859243028893545,16.0,39.0,52.0,74.5,250.0
2015-03-29,TLA,O3,1,159.0,20.18867924528302,22.40681683438391,0.0,2.0,12.0,34.0,108.0
2015-03-29,TLA,PM10,2,157.0,39.745222929936304,18.79883536306641,5.0,26.0,36.0,51.0,90.0
2015-03-29,TLA,PM2.5,2,157.0,22.840764331210192,14.189879724350735,1.0,12.0,22.0,31.0,61.0
2015-03-29,TLA,PMCO,2,157.0,16.9171974522293,7.9887435097522586,2.0,11.0,16.0,22.0,46.0
2015-03-29,TLA,SO2,1,159.0,2.8364779874213837,1.4835563405720793,1.0,2.0,2.0,3.5,11.0
2015-03-29,TLI,CO,15,155.0,0.6077419354838708,0.4513379077766788,0.0,0.3,0.5,0.75,2.8
2015-03-29,TLI,NO,1,155.0,22.374193548387098,34.1716728564238,2.0,5.0,8.0,27.0,211.0
2015-03-29,TLI,NO2,1,155.0,26.61935483870968,9.637771316269156,10.0,19.5,27.0,33.0,51.0
2015-03-29,TLI,NOX,1,155.0,48.9741935483871,39.14076301891105,12.0,26.0,38.0,58.0,242.0
2015-03-29,TLI,O3,1,152.0,22.848684210526315,24.752218408418017,0.0,2.75,15.5,36.25,119.0
2015-03-29,TLI,PM10,2,160.0,35.68125,24.144317631678298,1.0,20.0,33.0,47.0,155.0
2015-03-29,TLI,SO2,1,155.0,1.4903225806451612,1.4521267070018722,0.0,1.0,1.0,2.0,12.0
2015-03-29,TPN,O3,1,112.0,23.544642857142858,15.918083315772549,3.0,10.75,19.0,35.0,74.0
2015-03-29,UAX,CO,15,157.0,0.5808917197452234,0.36517185240646965,0.1,0.3,0.5,0.7,2.0
2015-03-29,UAX,NO,1,157.0,18.656050955414013,26.63877869683453,1.0,2.0,6.0,22.0,163.0
2015-03-29,UAX,NO2,1,157.0,19.8343949044586,8.924790548255478,3.0,14.0,20.0,24.0,54.0
2015-03-29,UAX,NOX,1,157.0,38.445859872611464,30.329894473524135,5.0,17.0,30.0,51.0,184.0
2015-03-29,UAX,O3,1,159.0,20.62264150943396,20.12073659386086,0.0,2.5,14.0,36.5,89.0
2015-03-29,UAX,PM2.5,2,156.0,13.974358974358974,9.423340081739195,1.0,7.0,14.0,19.0,58.0
2015-03-29,UAX,SO2,1,159.0,0.5408805031446541,0.8014396726649273,0.0,0.0,0.0,1.0,6.0
2015-03-29,UIZ,CO,15,158.0,0.7462025316455697,0.4567450718185066,0.2,0.4,0.6,0.9,2.9
2015-03-29,UIZ,NO,1,158.0,19.936708860759495,28.19217119144863,1.0,4.0,7.0,23.0,161.0
2015-03-29,UIZ,NO2,1,158.0,25.348101265822784,8.744736152942771,7.0,19.25,26.0,30.0,48.0
2015-03-29,UIZ,NOX,1,158.0,45.265822784810126,32.462701325431794,9.0,23.25,36.0,58.0,191.0
2015-03-29,UIZ,O3,1,158.0,22.20253164556962,20.548454307846793,1.0,3.0,15.0,37.75,82.0
2015-03-29,UIZ,PM10,2,153.0,32.33986928104575,15.384614408853931,5.0,19.0,32.0,41.0,72.0
2015-03-29,UIZ,PM2.5,2,153.0,18.96078431372549,10.996340511459383,1.0,11.0,18.0,25.0,53.0
2015-03-29,UIZ,PMCO,2,153.0,13.326797385620916,7.194506370323449,1.0,8.0,13.0,18.0,35.0
2015-03-29,UIZ,SO2,1,60.0,1.8666666666666667,0.8123342942715873,1.0,1.0,2.0,2.0,4.0
2015-03-29,VIF,CO,15,151.0,0.5509933774834443,0.3467693853593718,0.1,0.3,0.4,0.7,1.9
2015-03-29,VIF,NO,1,151.0,16.158940397350992,24.691454045271566,0.0,2.0,6.0,16.0,120.0
2015-03-29,VIF,NO2,1,151.0,21.178807947019866,9.694043595744922,5.0,14.5,21.0,26.0,49.0
2015-03-29,VIF,NOX,1,151.0,37.27814569536424,29.681006034251908,6.0,18.0,27.0,47.0,147.0
2015-03-29,VIF,O3,1,151.0,24.32450331125828,23.39388799633334,1.0,5.0,17.0,38.5,110.0
2015-03-29,VIF,PM10,2,155.0,37.21290322580645,25.530981204348727,1.0,17.0,35.0,50.0,129.0
2015-03-29,VIF,SO2,1,151.0,1.9403973509933774,1.541565386566402,0.0,1.0,2.0,2.0,17.0
2015-03-29,XAL,CO,15,133.0,1.1315789473684204,0.7389969062399493,0.4,0.7,0.9,1.3,4.6
2015-03-29,XAL,NO,1,159.0,43.534591194968556,61.77713925973453,4.0,10.5,19.0,50.5,352.0
2015-03-29,XAL,NO2,1,159.0,32.59748427672956,9.51622165797637,16.0,25.0,32.0,37.5,71.0
2015-03-29,XAL,NOX,1,159.0,76.16352201257861,65.28660030911381,22.0,36.0,55.0,89.5,398.0
2015-03-29,XAL,O3,1,159.0,17.855345911949687,16.54905881984306,2.0,4.0,11.0,30.0,71.0
2015-03-29,XAL,PM10,2,0.0,,,,,,,
2015-03-29,XAL,PM2.5,2,0.0,,,,,,,
2015-03-29,XAL,PMCO,2,0.0,,,,,,,
2015-03-29,XAL,SO2,1,159.0,2.6792452830188678,2.041719164899081,1.0,1.0,2.0,3.0,12.0
2015-04-05,ACO,CO,15,159.0,0.264150943396227,0.11096984358740533,0.1,0.2,0.2,0.3,0.6
2015-04-05,ACO,NO,1,159.0,4.150943396226415,5.606493386396917,0.0,1.0,2.0,5.0,32.0
2015-04-05,ACO,NO2,1,159.0,12.320754716981131,6.45365243924276,3.0,7.0,12.0,17.0,39.0
2015-04-05,ACO,NOX,1,159.0,16.465408805031448,10.436535068237678,3.0,8.0,15.0,22.0,56.0
2015-04-05,ACO,O3,1,159.0,40.74842767295598,27.21270378907874,2.0,16.0,38.0,62.5,118.0
2015-04-05,ACO,PM10,2,161.0,27.18633540372671,10.723341928326318,8.0,21.0,26.0,34.0,84.0
2015-04-05,ACO,SO2,1,159.0,1.2893081761006289,0.7903365086034327,0.0,1.0,1.0,1.0,5.0
2015-04-05,AJM,CO,15,159.0,0.5584905660377363,0.19914433630557762,0.3,0.4,0.5,0.7,1.2
2015-04-05,AJM,NO,1,157.0,2.7643312101910826,5.219711318508999,0.0,0.0,1.0,3.0,33.0
2015-04-05,AJM,NO2,1,157.0,15.535031847133759,8.30934650028507,4.0,9.0,14.0,20.0,43.0
2015-04-05,AJM,NOX,1,157.0,18.318471337579616,11.874362717885282,4.0,9.0,16.0,23.0,68.0
2015-04-05,AJM,O3,1,159.0,61.138364779874216,27.71726099027106,15.0,41.5,53.0,79.0,134.0
2015-04-05,AJM,PM10,2,161.0,30.099378881987576,12.993366080881476,9.0,20.0,27.0,39.0,72.0
2015-04-05,AJM,PM2.5,2,161.0,19.279503105590063,9.774463655441807,2.0,12.0,17.0,25.0,57.0
2015-04-05,AJM,PMCO,2,161.0,10.819875776397515,5.126997414127692,2.0,7.0,11.0,15.0,22.0
2015-04-05,AJM,SO2,1,159.0,1.0880503144654088,1.2846890368891097,0.0,0.0,1.0,1.0,10.0
2015-04-05,AJU,O3,1,92.0,48.72826086956522,28.731459673399232,7.0,22.0,46.0,70.0,112.0
2015-04-05,ATI,CO,15,158.0,0.519620253164557,0.3528697384673986,0.1,0.3,0.4,0.6,2.1
2015-04-05,ATI,NO,1,157.0,9.64968152866242,17.26039866507759,1.0,2.0,3.0,6.0,130.0
2015-04-05,ATI,NO2,1,157.0,20.84713375796178,13.110069336736757,4.0,11.0,17.0,28.0,72.0
2015-04-05,ATI,NOX,1,157.0,30.515923566878982,26.169713630097295,5.0,13.0,19.0,40.0,164.0
2015-04-05,ATI,O3,1,159.0,41.704402515723274,28.075295113053695,2.0,19.0,36.0,66.0,116.0
2015-04-05,ATI,PM10,2,158.0,37.10126582278481,27.065429067664642,1.0,18.0,30.0,50.75,177.0
2015-04-05,ATI,SO2,1,159.0,1.9937106918238994,3.173260223715761,0.0,0.0,1.0,2.0,18.0
2015-04-05,CAM,CO,15,159.0,0.776100628930818,0.49471371589617813,0.2,0.4,0.6,1.0,2.4
2015-04-05,CAM,NO,1,159.0,20.20125786163522,29.52788424142272,2.0,3.0,7.0,20.5,149.0
2015-04-05,CAM,NO2,1,159.0,33.9559748427673,15.46385983222673,8.0,22.0,34.0,43.0,76.0
2015-04-05,CAM,NOX,1,159.0,54.20754716981132,38.97452518717578,11.0,27.0,44.0,65.0,191.0
2015-04-05,CAM,O3,1,159.0,36.54716981132076,32.89659635989593,1.0,7.0,24.0,65.0,131.0
2015-04-05,CAM,PM10,2,158.0,43.822784810126585,19.3158523680678,15.0,31.0,38.0,52.75,102.0
2015-04-05,CAM,PM2.5,2,158.0,28.10759493670886,14.29515326667333,8.0,17.0,25.0,35.75,80.0
2015-04-05,CAM,PMCO,2,158.0,15.689873417721518,9.837470221862961,3.0,10.0,13.0,18.0,61.0
2015-04-05,CAM,SO2,1,159.0,2.7547169811320753,3.639997532917642,0.0,1.0,2.0,3.0,22.0
2015-04-05,CCA,CO,15,152.0,0.6348684210526322,0.3112163422948699,0.3,0.4,0.6,0.7,1.6
2015-04-05,CCA,NO,1,152.0,8.381578947368421,13.594376618150259,0.0,1.0,2.0,8.0,56.0
2015-04-05,CCA,NO2,1,152.0,22.125,10.60570413809949,8.0,15.0,19.5,27.0,57.0
2015-04-05,CCA,NOX,1,152.0,30.54605263157895,20.796025733342596,9.0,16.0,23.0,37.0,103.0
2015-04-05,CCA,O3,1,152.0,43.38157894736842,35.17598786095035,0.0,12.75,35.5,75.25,122.0
2015-04-05,CCA,PM2.5,2,128.0,17.125,7.605426989001956,4.0,12.0,16.5,22.0,59.0
2015-04-05,CCA,SO2,1,152.0,1.644736842105263,1.299046490543712,0.0,1.0,1.0,2.0,7.0
2015-04-05,CHO,CO,15,157.0,0.7222929936305734,0.2479657560401129,0.4,0.5,0.7,0.8,1.7
2015-04-05,CHO,NO,1,0.0,,,,,,,
2015-04-05,CHO,NO2,1,0.0,,,,,,,
2015-04-05,CHO,NOX,1,0.0,,,,,,,
2015-04-05,CHO,O3,1,157.0,37.72611464968153,28.65882677492183,2.0,8.0,36.0,66.0,96.0
2015-04-05,CHO,PM10,2,159.0,45.57861635220126,19.249982294188392,1.0,31.0,43.0,57.5,101.0
2015-04-05,CHO,SO2,1,159.0,1.4088050314465408,0.8360079679681125,0.0,1.0,1.0,2.0,7.0
2015-04-05,COY,NO,1,159.0,14.534591194968554,19.97713245670108,2.0,3.0,5.0,16.0,92.0
2015-04-05,COY,NO2,1,159.0,27.433962264150942,12.782765445276187,8.0,18.0,25.0,34.0,76.0
2015-04-05,COY,NOX,1,159.0,41.924528301886795,27.574191558850714,11.0,21.5,32.0,51.5,129.0
2015-04-05,COY,O3,1,159.0,39.930817610062896,33.33719546131644,1.0,9.0,33.0,69.0,116.0
2015-04-05,COY,PM2.5,2,161.0,25.1055900621118,13.911147726046929,1.0,14.0,23.0,34.0,72.0
2015-04-05,CUA,CO,15,159.0,0.5327044025157233,0.20821631137417482,0.2,0.4,0.5,0.7,1.2
2015-04-05,CUA,NO,1,159.0,8.025157232704403,10.92317805422192,1.0,2.0,3.0,8.5,65.0
2015-04-05,CUA,NO2,1,159.0,23.62264150943396,11.201084511960833,7.0,14.5,21.0,30.0,55.0
2015-04-05,CUA,NOX,1,159.0,31.61635220125786,19.708251417899014,9.0,17.5,25.0,40.0,107.0
2015-04-05,CUA,O3,1,159.0,50.18238993710692,29.716563029776566,2.0,28.0,44.0,75.0,128.0
2015-04-05,CUA,PM10,2,161.0,29.93167701863354,12.288268909615832,8.0,21.0,29.0,36.0,81.0
2015-04-05,CUA,SO2,1,136.0,1.4044117647058822,1.7779666974783435,0.0,1.0,1.0,2.0,12.0
2015-04-05,CUT,NO,1,159.0,15.345911949685535,25.841529577476454,0.0,1.0,2.0,18.0,154.0
2015-04-05,CUT,NO2,1,159.0,19.452830188679247,11.15296300143993,3.0,8.5,19.0,27.0,54.0
2015-04-05,CUT,NOX,1,159.0,34.76100628930818,32.975145822557735,4.0,10.0,24.0,46.0,192.0
2015-04-05,CUT,O3,1,159.0,29.132075471698112,19.948704220964675,2.0,9.0,28.0,46.5,65.0
2015-04-05,CUT,PM10,2,160.0,50.325,34.77972915001537,1.0,27.0,43.0,62.25,254.0
2015-04-05,CUT,SO2,1,159.0,2.1761006289308176,2.677932773461055,0.0,1.0,1.0,2.0,17.0
2015-04-05,FAC,CO,15,157.0,0.6152866242038216,0.4322222844988181,0.1,0.3,0.4,0.8,2.0
2015-04-05,FAC,NO,1,157.0,15.751592356687897,24.689003067117692,0.0,2.0,6.0,15.0,116.0
2015-04-05,FAC,NO2,1,157.0,26.305732484076433,14.989595716645912,8.0,15.0,22.0,32.0,75.0
2015-04-05,FAC,NOX,1,157.0,42.12101910828026,34.743815225024704,9.0,19.0,27.0,51.0,156.0
2015-04-05,FAC,O3,1,157.0,41.78343949044586,31.0027539040088,2.0,16.0,38.0,65.0,133.0
2015-04-05,FAC,PM10,2,156.0,34.09615384615385,23.48335823820606,1.0,18.0,29.0,43.0,145.0
2015-04-05,FAC,SO2,1,157.0,2.8025477707006368,2.872146277000074,0.0,1.0,2.0,3.0,19.0
2015-04-05,HGM,CO,15,157.0,0.8076433121019113,0.4877396059786841,0.3,0.4,0.7,1.0,2.3
2015-04-05,HGM,NO,1,133.0,15.496240601503759,22.591103122807173,0.0,1.0,5.0,21.0,108.0
2015-04-05,HGM,NO2,1,133.0,31.706766917293233,15.187605570096844,8.0,19.0,30.0,40.0,83.0
2015-04-05,HGM,NOX,1,133.0,47.19548872180451,33.6851416409814,9.0,20.0,41.0,58.0,166.0
2015-04-05,HGM,O3,1,156.0,33.39102564102564,27.43945210539925,1.0,9.0,25.0,59.0,99.0
2015-04-05,HGM,PM10,2,154.0,43.53896103896104,19.687802905028033,10.0,28.25,42.0,56.0,106.0
2015-04-05,HGM,PM2.5,2,154.0,25.857142857142858,15.54434036148128,1.0,14.25,25.0,34.0,73.0
2015-04-05,HGM,PMCO,2,154.0,17.66883116883117,7.076662551886342,5.0,12.25,16.0,21.75,40.0
2015-04-05,HGM,SO2,1,157.0,2.56687898089172,2.54768342574673,1.0,1.0,2.0,2.0,16.0
2015-04-05,IZT,CO,15,159.0,1.0540880503144654,0.640978498263435,0.4,0.6,0.8,1.3,3.7
2015-04-05,IZT,NO,1,159.0,24.169811320754718,36.86276422995211,1.0,4.0,7.0,26.5,183.0
2015-04-05,IZT,NO2,1,159.0,33.9748427672956,14.822984925289997,9.0,24.0,33.0,42.5,87.0
2015-04-05,IZT,NOX,1,159.0,58.125786163522015,45.72769458855721,11.0,26.0,43.0,69.5,227.0
2015-04-05,IZT,O3,1,159.0,39.16352201257862,33.884927050058764,3.0,7.5,28.0,69.0,122.0
2015-04-05,IZT,PM10,2,159.0,33.723270440251575,12.881599058339642,8.0,25.0,33.0,41.0,76.0
2015-04-05,IZT,SO2,1,159.0,2.8553459119496853,2.0371128675858428,1.0,2.0,2.0,3.0,12.0
2015-04-05,LLA,CO,15,137.0,0.4627737226277375,0.39612225149308605,0.0,0.2,0.4,0.6,2.2
2015-04-05,LLA,NO,1,137.0,17.94890510948905,35.5619428867523,0.0,1.0,3.0,16.0,195.0
2015-04-05,LLA,NO2,1,137.0,22.35036496350365,11.491423426443841,4.0,12.0,23.0,31.0,51.0
2015-04-05,LLA,NOX,1,137.0,40.27007299270073,42.1341526362758,4.0,14.0,26.0,52.0,229.0
2015-04-05,LLA,O3,1,137.0,37.68613138686131,32.252166325968005,1.0,7.0,32.0,61.0,138.0
2015-04-05,LLA,SO2,1,0.0,,,,,,,
2015-04-05,LPR,CO,15,149.0,0.5013422818791942,0.4585503858637985,0.0,0.2,0.4,0.7,1.8
2015-04-05,LPR,NO,1,0.0,,,,,,,
2015-04-05,LPR,NO2,1,0.0,,,,,,,
2015-04-05,LPR,NOX,1,0.0,,,,,,,
2015-04-05,LPR,O3,1,154.0,29.727272727272727,22.862554002558518,1.0,8.0,29.5,49.0,96.0
2015-04-05,LPR,SO2,1,154.0,2.064935064935065,1.8600559576772202,0.0,1.0,1.0,2.0,11.0
2015-04-05,MER,CO,15,159.0,1.0729559748427666,0.6169222849309749,0.4,0.6,0.8,1.4,3.0
2015-04-05,MER,NO,1,157.0,27.24203821656051,35.870922670805946,1.0,5.0,11.0,33.0,155.0
2015-04-05,MER,NO2,1,157.0,36.87898089171974,14.746294762114681,9.0,26.0,37.0,46.0,78.0
2015-04-05,MER,NOX,1,157.0,64.03821656050955,44.92014072721503,12.0,33.0,49.0,80.0,204.0
2015-04-05,MER,O3,1,159.0,35.465408805031444,32.30056234064192,1.0,6.0,25.0,63.5,123.0
2015-04-05,MER,PM10,2,161.0,44.316770186335404,17.407764919802467,10.0,31.0,41.0,54.0,105.0
2015-04-05,MER,PM2.5,2,161.0,26.149068322981368,12.40423878162432,1.0,16.0,25.0,35.0,65.0
2015-04-05,MER,PMCO,2,161.0,18.180124223602483,7.166666064808105,7.0,14.0,17.0,22.0,56.0
2015-04-05,MER,SO2,1,159.0,2.7735849056603774,2.5206100534981677,1.0,1.0,2.0,3.0,19.0
2015-04-05,MGH,CO,15,123.0,0.6780487804878054,0.49663401198795726,0.2,0.4,0.5,0.8,2.4
2015-04-05,MGH,NO,1,123.0,23.89430894308943,41.937270291204506,1.0,2.0,5.0,20.0,234.0
2015-04-05,MGH,NO2,1,123.0,25.75609756097561,14.250304261010966,7.0,13.5,23.0,35.0,68.0
2015-04-05,MGH,NOX,1,123.0,49.61788617886179,51.56191890088108,7.0,17.0,28.0,54.0,274.0
2015-04-05,MGH,O3,1,123.0,38.67479674796748,31.527114516768446,0.0,11.5,33.0,62.0,122.0
2015-04-05,MGH,PM10,2,138.0,32.54347826086956,13.898547718711656,10.0,23.0,29.0,38.75,82.0
2015-04-05,MGH,PM2.5,2,138.0,21.217391304347824,11.404787783466611,6.0,13.0,18.0,25.75,65.0
2015-04-05,MGH,PMCO,2,138.0,11.318840579710145,4.949357412020061,3.0,8.0,11.0,14.0,26.0
2015-04-05,MGH,SO2,1,123.0,1.7154471544715446,2.066597445883451,0.0,1.0,1.0,2.0,10.0
2015-04-05,MON,CO,15,158.0,0.3759493670886079,0.26719357227166046,0.1,0.2,0.3,0.5,1.6
2015-04-05,MON,NO,1,158.0,14.981012658227849,29.07304035358381,0.0,1.0,2.0,14.5,171.0
2015-04-05,MON,NO2,1,158.0,16.550632911392405,7.539743924721512,6.0,10.0,16.5,21.0,43.0
2015-04-05,MON,NOX,1,158.0,31.5,32.79772984220932,7.0,11.0,19.0,38.0,195.0
2015-04-05,MON,O3,1,0.0,,,,,,,
2015-04-05,MON,SO2,1,158.0,1.0949367088607596,1.3054904863619103,0.0,0.0,1.0,1.0,9.0
2015-04-05,NEZ,CO,15,155.0,0.7722580645161291,0.5292159704316053,0.2,0.4,0.5,1.05,2.8
2015-04-05,NEZ,NO,1,155.0,13.832258064516129,20.400158948590942,0.0,1.0,3.0,18.5,87.0
2015-04-05,NEZ,NO2,1,155.0,28.24516129032258,14.969814621814084,8.0,15.5,25.0,37.0,67.0
2015-04-05,NEZ,NOX,1,155.0,42.012903225806454,32.031029415437956,9.0,17.0,29.0,58.5,144.0
2015-04-05,NEZ,O3,1,155.0,37.96774193548387,31.596156957428,0.0,9.0,32.0,64.5,100.0
2015-04-05,NEZ,PM2.5,2,161.0,19.36024844720497,9.576372483246889,3.0,13.0,18.0,23.0,57.0
2015-04-05,NEZ,SO2,1,155.0,2.3096774193548386,1.9920874059459244,0.0,1.0,2.0,2.0,13.0
2015-04-05,PED,CO,15,157.0,0.4547770700636944,0.2797539807174471,0.1,0.3,0.4,0.6,1.4
2015-04-05,PED,NO,1,150.0,5.413333333333333,7.624744833813166,1.0,1.0,2.0,6.0,35.0
2015-04-05,PED,NO2,1,150.0,21.433333333333334,11.26639992800751,5.0,13.0,19.0,27.75,60.0
2015-04-05,PED,NOX,1,150.0,26.82,16.43905564001688,6.0,14.0,22.0,36.5,75.0
2015-04-05,PED,O3,1,159.0,48.63522012578616,33.41102322902923,1.0,21.5,40.0,78.0,127.0
2015-04-05,PED,PM10,2,137.0,37.32116788321168,16.354498529622717,11.0,25.0,35.0,47.0,94.0
2015-04-05,PED,PM2.5,2,137.0,22.554744525547445,12.100631794413008,2.0,13.0,22.0,29.0,67.0
2015-04-05,PED,PMCO,2,137.0,14.781021897810218,6.354381684720011,5.0,10.0,14.0,19.0,28.0
2015-04-05,PED,SO2,1,0.0,,,,,,,
2015-04-05,SAG,CO,15,159.0,0.6522012578616353,0.3856338655074991,0.2,0.4,0.6,0.8,2.1
2015-04-05,SAG,NO,1,136.0,13.029411764705882,23.589370228973127,0.0,2.0,3.0,12.0,136.0
2015-04-05,SAG,NO2,1,136.0,23.514705882352942,10.161645604641777,7.0,15.0,23.0,31.0,55.0
2015-04-05,SAG,NOX,1,136.0,36.56617647058823,29.23055281490454,8.0,18.0,30.0,42.0,171.0
2015-04-05,SAG,O3,1,159.0,37.729559748427675,30.93105553711989,1.0,10.0,31.0,60.0,135.0
2015-04-05,SAG,PM10,2,159.0,41.77358490566038,18.707246456346937,14.0,29.0,38.0,49.0,111.0
2015-04-05,SAG,PM2.5,2,159.0,22.81132075471698,12.31864379521655,1.0,14.0,21.0,29.5,77.0
2015-04-05,SAG,PMCO,2,159.0,18.9937106918239,9.811190236925286,6.0,13.0,17.0,21.0,61.0
2015-04-05,SAG,SO2,1,159.0,2.69811320754717,2.713666110496065,0.0,1.0,2.0,3.0,18.0
2015-04-05,SFE,CO,15,159.0,0.4691823899371067,0.21434317849872356,0.2,0.3,0.4,0.6,1.3
2015-04-05,SFE,NO,1,154.0,5.285714285714286,9.652602538226203,0.0,0.0,1.0,6.0,52.0
2015-04-05,SFE,NO2,1,154.0,21.51948051948052,11.424215068198542,6.0,12.0,19.0,27.75,59.0
2015-04-05,SFE,NOX,1,154.0,26.7987012987013,18.322948884355128,7.0,13.0,22.0,34.0,90.0
2015-04-05,SFE,O3,1,155.0,49.76774193548387,32.96708696245564,1.0,24.0,40.0,77.5,130.0
2015-04-05,SFE,PM10,2,157.0,34.54140127388535,16.48833715468023,7.0,22.0,33.0,43.0,115.0
2015-04-05,SFE,PM2.5,2,157.0,19.191082802547772,11.16894375441356,1.0,12.0,16.0,25.0,74.0
2015-04-05,SFE,PMCO,2,157.0,15.312101910828025,8.216504265715557,1.0,9.0,14.0,21.0,40.0
2015-04-05,SFE,SO2,1,159.0,1.1949685534591195,1.8297056117275081,0.0,0.0,1.0,1.0,11.0
2015-04-05,SJA,CO,15,153.0,0.5882352941176466,0.4786138395725103,0.0,0.2,0.4,0.8,2.1
2015-04-05,SJA,NO,1,0.0,,,,,,,
2015-04-05,SJA,NO2,1,0.0,,,,,,,
2015-04-05,SJA,NOX,1,0.0,,,,,,,
2015-04-05,SJA,O3,1,153.0,39.745098039215684,35.89944461741726,2.0,4.0,33.0,68.0,138.0
2015-04-05,SJA,PM2.5,2,157.0,18.9171974522293,8.046309699960956,1.0,14.0,19.0,24.0,39.0
2015-04-05,SJA,SO2,1,153.0,2.1699346405228757,1.8237860045621783,0.0,1.0,2.0,2.0,12.0
2015-04-05,SUR,O3,1,161.0,42.61490683229814,34.789736653178544,0.0,10.0,34.0,73.0,123.0
2015-04-05,SUR,PM10,2,160.0,29.2,16.25303068013188,1.0,17.75,27.0,37.0,89.0
2015-04-05,TAH,CO,15,159.0,0.3408805031446542,0.1832249210835535,0.1,0.2,0.3,0.4,1.3
2015-04-05,TAH,NO,1,159.0,4.3081761006289305,7.338945605582839,1.0,2.0,2.0,3.0,59.0
2015-04-05,TAH,NO2,1,159.0,14.446540880503145,5.900705599024255,4.0,10.0,14.0,18.0,31.0
2015-04-05,TAH,NOX,1,159.0,18.77987421383648,11.14669037486874,6.0,12.0,16.0,21.0,82.0
2015-04-05,TAH,O3,1,159.0,47.39622641509434,27.39583699039159,3.0,23.5,42.0,71.0,109.0
2015-04-05,TAH,PM10,2,156.0,31.557692307692307,14.37391920632212,1.0,21.0,30.5,39.25,71.0
2015-04-05,TAH,SO2,1,123.0,1.910569105691057,0.7013818922027071,0.0,2.0,2.0,2.0,5.0
2015-04-05,TLA,CO,15,159.0,0.8000000000000005,0.41169609044303035,0.3,0.5,0.7,1.0,2.4
2015-04-05,TLA,NO,1,159.0,20.9811320754717,34.14849769627977,1.0,4.0,9.0,20.0,195.0
2015-04-05,TLA,NO2,1,159.0,31.0125786163522,14.652509795548808,9.0,19.5,29.0,40.0,89.0
2015-04-05,TLA,NOX,1,159.0,52.0062893081761,43.17106052117978,13.0,26.0,42.0,59.0,251.0
2015-04-05,TLA,O3,1,159.0,36.465408805031444,30.631906066940168,0.0,9.0,30.0,62.5,127.0
2015-04-05,TLA,PM10,2,60.0,47.61666666666667,27.203621186336896,14.0,29.0,40.5,59.0,153.0
2015-04-05,TLA,PM2.5,2,60.0,23.166666666666668,18.10250162192373,1.0,12.0,19.0,30.25,118.0
2015-04-05,TLA,PMCO,2,60.0,24.366666666666667,12.67583670446224,6.0,16.0,21.5,30.0,72.0
2015-04-05,TLA,SO2,1,159.0,4.2075471698113205,5.0391825131902035,1.0,2.0,2.0,4.5,32.0
2015-04-05,TLI,CO,15,159.0,0.37547169811320763,0.35395003958616456,0.0,0.1,0.3,0.5,1.5
2015-04-05,TLI,NO,1,159.0,14.874213836477987,22.650548974363954,2.0,3.0,5.0,16.5,132.0
2015-04-05,TLI,NO2,1,159.0,25.91194968553459,13.383999349212887,6.0,13.0,27.0,36.0,62.0
2015-04-05,TLI,NOX,1,159.0,40.698113207547166,30.991578014194243,8.0,15.5,33.0,55.0,162.0
2015-04-05,TLI,O3,1,159.0,34.17610062893082,29.846767861650928,0.0,6.5,28.0,59.5,120.0
2015-04-05,TLI,PM10,2,154.0,45.032467532467535,24.031411587567966,1.0,28.0,37.0,62.5,145.0
2015-04-05,TLI,SO2,1,159.0,3.339622641509434,3.5557587249226947,1.0,2.0,2.0,3.0,23.0
2015-04-05,TPN,O3,1,159.0,46.893081761006286,29.629268627996566,9.0,20.5,39.0,70.0,119.0
2015-04-05,UAX,CO,15,159.0,0.6465408805031447,0.2557639027523597,0.3,0.5,0.6,0.8,1.7
2015-04-05,UAX,NO,1,159.0,9.974842767295597,17.668161196628756,1.0,1.0,3.0,12.5,121.0
2015-04-05,UAX,NO2,1,159.0,21.0062893081761,9.541048462505172,4.0,14.0,20.0,27.5,49.0
2015-04-05,UAX,NOX,1,159.0,31.0062893081761,22.58724207374707,5.0,15.0,24.0,41.0,150.0
2015-04-05,UAX,O3,1,159.0,43.23899371069182,34.99140203967958,1.0,8.0,36.0,74.0,119.0
2015-04-05,UAX,PM2.5,2,161.0,17.434782608695652,7.278206002078786,1.0,13.0,18.0,21.0,48.0
2015-04-05,UAX,SO2,1,159.0,0.9433962264150944,1.3323876114232962,0.0,0.0,1.0,1.0,8.0
2015-04-05,UIZ,CO,15,157.0,0.838216560509554,0.47292529792378324,0.2,0.5,0.7,1.1,2.4
2015-04-05,UIZ,NO,1,156.0,15.121794871794872,24.19926497116697,0.0,1.0,5.0,19.25,141.0
2015-04-05,UIZ,NO2,1,156.0,29.76923076923077,15.234022260820552,6.0,17.0,30.0,40.25,84.0
2015-04-05,UIZ,NOX,1,156.0,44.82051282051282,34.38857409260253,6.0,18.0,36.5,64.0,179.0
2015-04-05,UIZ,O3,1,159.0,39.16352201257862,33.47413023682398,1.0,6.0,29.0,70.0,103.0
2015-04-05,UIZ,PM10,2,161.0,44.63354037267081,20.008963441728362,8.0,31.0,42.0,54.0,112.0
2015-04-05,UIZ,PM2.5,2,161.0,26.36024844720497,14.729881531699027,1.0,16.0,24.0,34.0,73.0
2015-04-05,UIZ,PMCO,2,161.0,18.26086956521739,8.058785376167453,4.0,13.0,16.0,22.0,48.0
2015-04-05,UIZ,SO2,1,136.0,2.2426470588235294,1.956930035386726,1.0,1.0,2.0,2.0,14.0
2015-04-05,VIF,CO,15,159.0,0.46415094339622603,0.2600591507369347,0.1,0.3,0.4,0.7,1.4
2015-04-05,VIF,NO,1,159.0,10.075471698113208,16.090545683020146,0.0,1.0,2.0,11.5,82.0
2015-04-05,VIF,NO2,1,159.0,19.534591194968552,11.682931330951122,4.0,9.0,18.0,29.0,55.0
2015-04-05,VIF,NOX,1,159.0,29.566037735849058,24.130323457228375,4.0,10.0,21.0,47.0,110.0
2015-04-05,VIF,O3,1,159.0,36.0125786163522,27.990049638249868,1.0,9.5,31.0,60.0,115.0
2015-04-05,VIF,PM10,2,160.0,50.3875,27.60252187457656,1.0,30.0,46.5,66.0,136.0
2015-04-05,VIF,SO2,1,159.0,2.8867924528301887,2.8661735884154003,1.0,2.0,2.0,3.0,23.0
2015-04-05,XAL,CO,15,136.0,0.8588235294117647,0.617338443491604,0.1,0.4,0.7,1.2,3.1
2015-04-05,XAL,NO,1,159.0,32.58490566037736,59.31617725918403,0.0,5.0,12.0,32.0,474.0
2015-04-05,XAL,NO2,1,159.0,32.257861635220124,14.632724655425374,6.0,20.0,32.0,43.5,71.0
2015-04-05,XAL,NOX,1,159.0,64.82389937106919,66.68550167814408,6.0,27.0,46.0,78.5,518.0
2015-04-05,XAL,O3,1,159.0,28.062893081761008,21.910833553750106,2.0,6.0,26.0,45.0,90.0
2015-04-05,XAL,PM10,2,0.0,,,,,,,
2015-04-05,XAL,PM2.5,2,0.0,,,,,,,
2015-04-05,XAL,PMCO,2,0.0,,,,,,,
2015-04-05,XAL,SO2,1,159.0,3.0440251572327046,2.6561271700855933,1.0,1.0,2.0,3.0,13.0
2015-04-12,ACO,CO,15,159.0,0.22704402515723268,0.12461867639007639,0.0,0.1,0.2,0.3,0.6
2015-04-12,ACO,NO,1,159.0,5.616352201257862,8.55273939543983,0.0,1.0,2.0,6.0,47.0
2015-04-12,ACO,NO2,1,159.0,13.144654088050315,5.456196660663982,4.0,8.0,13.0,17.0,31.0
2015-04-12,ACO,NOX,1,159.0,18.742138364779873,12.497702997294434,5.0,9.0,15.0,23.0,71.0
2015-04-12,ACO,O3,1,159.0,44.19496855345912,30.08962939800242,3.0,16.0,40.0,72.0,104.0
2015-04-12,ACO,PM10,2,161.0,44.52173913043478,14.496588804147054,20.0,35.0,41.0,51.0,120.0
2015-04-12,ACO,SO2,1,159.0,3.308176100628931,4.600426074838949,0.0,1.0,2.0,3.0,38.0
2015-04-12,AJM,CO,15,111.0,0.5306306306306303,0.1939038153278311,0.3,0.4,0.5,0.6,1.3
2015-04-12,AJM,NO,1,110.0,3.8363636363636364,6.057109361032673,0.0,0.0,1.0,4.75,30.0
2015-04-12,AJM,NO2,1,110.0,19.2,9.998899021961176,4.0,12.0,17.5,24.75,53.0
2015-04-12,AJM,NOX,1,110.0,23.12727272727273,14.970373856760423,4.0,12.25,19.0,31.0,77.0
2015-04-12,AJM,O3,1,112.0,56.07142857142857,29.81495914690794,4.0,35.75,46.0,80.5,136.0
2015-04-12,AJM,PM10,2,112.0,41.714285714285715,16.862148330863608,7.0,29.5,39.0,54.0,88.0
2015-04-12,AJM,PM2.5,2,112.0,25.205357142857142,11.825410411602272,5.0,17.75,24.0,30.25,66.0
2015-04-12,AJM,PMCO,2,112.0,16.5625,7.8749016867880055,3.0,10.0,16.0,22.0,34.0
2015-04-12,AJM,SO2,1,112.0,4.035714285714286,5.207286252534048,0.0,1.0,2.0,5.0,28.0
2015-04-12,AJU,O3,1,92.0,48.15217391304348,30.720625130504462,8.0,21.5,42.5,74.25,116.0
2015-04-12,ATI,CO,15,159.0,0.5534591194968553,0.31837798453995836,0.1,0.4,0.5,0.6,1.7
2015-04-12,ATI,NO,1,159.0,10.528301886792454,17.287520676742343,1.0,2.0,3.0,10.0,101.0
2015-04-12,ATI,NO2,1,159.0,22.27672955974843,10.97806325272493,5.0,15.0,20.0,26.5,69.0
2015-04-12,ATI,NOX,1,159.0,32.77987421383648,25.665730439078096,6.0,17.0,25.0,35.5,131.0
2015-04-12,ATI,O3,1,137.0,40.54014598540146,28.651561552388312,3.0,17.0,33.0,64.0,112.0
2015-04-12,ATI,PM10,2,153.0,44.75816993464052,28.229796255531618,2.0,23.0,40.0,62.0,185.0
2015-04-12,ATI,SO2,1,159.0,7.446540880503145,9.49326730028764,0.0,2.0,4.0,9.0,45.0
2015-04-12,CAM,CO,15,159.0,0.7364779874213832,0.4061896706749354,0.3,0.5,0.6,0.8500000000000001,2.0
2015-04-12,CAM,NO,1,159.0,21.0188679245283,30.682628511605376,2.0,4.0,7.0,20.5,149.0
2015-04-12,CAM,NO2,1,159.0,36.0,12.886063514952594,13.0,26.0,35.0,43.5,80.0
2015-04-12,CAM,NOX,1,159.0,57.0188679245283,39.102505940952085,14.0,32.0,43.0,71.0,200.0
2015-04-12,CAM,O3,1,159.0,36.18867924528302,32.661511009277014,1.0,10.0,25.0,61.5,146.0
2015-04-12,CAM,PM10,2,161.0,57.52795031055901,21.591972498998686,20.0,42.0,54.0,71.0,131.0
2015-04-12,CAM,PM2.5,2,161.0,34.869565217391305,14.514273334713751,11.0,24.0,32.0,44.0,85.0
2015-04-12,CAM,PMCO,2,161.0,22.627329192546583,11.950847185333979,6.0,15.0,21.0,29.0,85.0
2015-04-12,CAM,SO2,1,159.0,9.918238993710691,10.877318494864582,1.0,3.0,6.0,12.0,60.0
2015-04-12,CCA,CO,15,159.0,0.6352201257861633,0.3475298666301709,0.1,0.4,0.5,0.8,2.1
2015-04-12,CCA,NO,1,159.0,12.339622641509434,26.015290097249352,0.0,1.0,2.0,9.5,203.0
2015-04-12,CCA,NO2,1,159.0,25.943396226415093,12.180210803926466,5.0,17.0,23.0,34.0,65.0
2015-04-12,CCA,NOX,1,159.0,38.283018867924525,34.12878292204613,6.0,18.5,25.0,46.0,248.0
2015-04-12,CCA,O3,1,159.0,47.40251572327044,37.12775063276526,1.0,18.0,39.0,74.0,155.0
2015-04-12,CCA,PM2.5,2,138.0,25.05072463768116,8.71890509412796,3.0,21.0,25.0,29.0,58.0
2015-04-12,CCA,SO2,1,159.0,5.465408805031447,6.351297957862019,1.0,2.0,3.0,6.5,37.0
2015-04-12,CHO,CO,15,159.0,0.7094339622641508,0.2807747989047875,0.4,0.5,0.6,0.8,1.9
2015-04-12,CHO,NO,1,0.0,,,,,,,
2015-04-12,CHO,NO2,1,0.0,,,,,,,
2015-04-12,CHO,NOX,1,0.0,,,,,,,
2015-04-12,CHO,O3,1,137.0,44.167883211678834,33.216440238290254,2.0,13.0,37.0,70.0,118.0
2015-04-12,CHO,PM10,2,161.0,69.11180124223603,29.18454081119401,21.0,49.0,64.0,81.0,164.0
2015-04-12,CHO,SO2,1,159.0,2.4842767295597485,2.3649747661349503,1.0,1.0,2.0,2.0,15.0
2015-04-12,COY,NO,1,159.0,15.40880503144654,23.981853328492804,2.0,3.0,4.0,17.0,137.0
2015-04-12,COY,NO2,1,159.0,30.534591194968552,11.71268914533998,7.0,22.0,29.0,39.0,70.0
2015-04-12,COY,NOX,1,159.0,45.924528301886795,32.308353579380515,9.0,26.0,33.0,61.0,185.0
2015-04-12,COY,O3,1,159.0,43.886792452830186,35.86172126801434,2.0,13.0,35.0,70.0,153.0
2015-04-12,COY,PM2.5,2,161.0,33.95652173913044,15.826934252282939,3.0,24.0,31.0,42.0,78.0
2015-04-12,CUA,CO,15,159.0,0.5773584905660378,0.2261187456333975,0.2,0.4,0.5,0.7,1.5
2015-04-12,CUA,NO,1,159.0,9.037735849056604,14.6938748939188,1.0,2.0,3.0,7.0,100.0
2015-04-12,CUA,NO2,1,159.0,25.842767295597483,12.45118803298897,8.0,16.0,22.0,33.5,67.0
2015-04-12,CUA,NOX,1,159.0,34.867924528301884,25.18994002725189,9.0,19.0,26.0,39.5,158.0
2015-04-12,CUA,O3,1,159.0,48.477987421383645,32.39019160763931,1.0,23.5,41.0,71.0,155.0
2015-04-12,CUA,PM10,2,160.0,42.6125,15.680371698520844,8.0,32.0,39.0,51.0,84.0
2015-04-12,CUA,SO2,1,159.0,4.276729559748428,5.304538240543333,0.0,1.0,2.0,6.0,32.0
2015-04-12,CUT,NO,1,159.0,17.47798742138365,29.90826406221246,1.0,1.0,3.0,18.5,151.0
2015-04-12,CUT,NO2,1,159.0,22.67295597484277,11.902290416397898,4.0,11.5,22.0,31.0,55.0
2015-04-12,CUT,NOX,1,159.0,40.100628930817614,36.79952444804068,6.0,14.0,26.0,52.5,187.0
2015-04-12,CUT,O3,1,159.0,31.245283018867923,21.793250894974165,2.0,11.5,28.0,49.0,85.0
2015-04-12,CUT,PM10,2,159.0,72.70440251572327,43.87360347362644,2.0,45.0,62.0,86.5,262.0
2015-04-12,CUT,SO2,1,159.0,8.415094339622641,13.271889912824484,1.0,2.0,3.0,7.5,105.0
2015-04-12,FAC,CO,15,158.0,0.7075949367088604,0.48197368955828795,0.2,0.4,0.6,0.8,2.4
2015-04-12,FAC,NO,1,158.0,21.860759493670887,37.55937437233415,0.0,3.0,5.0,21.5,184.0
2015-04-12,FAC,NO2,1,158.0,28.335443037974684,12.242564757463356,7.0,20.0,25.5,35.75,73.0
2015-04-12,FAC,NOX,1,158.0,50.19620253164557,44.98824458780845,7.0,24.25,31.5,59.0,221.0
2015-04-12,FAC,O3,1,158.0,43.392405063291136,31.48264822726572,4.0,20.0,36.0,67.5,158.0
2015-04-12,FAC,PM10,2,155.0,50.36129032258064,29.556435972815905,5.0,28.5,46.0,65.5,188.0
2015-04-12,FAC,SO2,1,158.0,6.8544303797468356,6.872659716899571,1.0,3.0,4.5,7.75,43.0
2015-04-12,HGM,CO,15,159.0,0.7710691823899374,0.3547767905780643,0.3,0.5,0.7,0.9,2.1
2015-04-12,HGM,NO,1,156.0,14.955128205128204,24.144014939583112,0.0,1.0,4.5,15.0,130.0
2015-04-12,HGM,NO2,1,156.0,32.86538461538461,11.869769972748228,13.0,23.75,32.0,40.0,65.0
2015-04-12,HGM,NOX,1,156.0,47.782051282051285,32.60779540119795,15.0,26.0,36.0,55.0,183.0
2015-04-12,HGM,O3,1,159.0,34.270440251572325,29.006914394956663,1.0,11.0,26.0,55.5,118.0
2015-04-12,HGM,PM10,2,159.0,58.64779874213836,24.329525315669873,15.0,41.5,54.0,68.5,132.0
2015-04-12,HGM,PM2.5,2,159.0,31.71698113207547,16.57095677835998,4.0,19.0,28.0,41.0,82.0
2015-04-12,HGM,PMCO,2,159.0,26.91823899371069,11.458769541747273,5.0,18.0,25.0,34.0,66.0
2015-04-12,HGM,SO2,1,159.0,7.427672955974843,8.020116416574211,1.0,2.0,5.0,9.0,43.0
2015-04-12,IZT,CO,15,159.0,0.940251572327044,0.43328587003451047,0.4,0.6,0.8,1.1,2.4
2015-04-12,IZT,NO,1,159.0,18.10062893081761,29.03755642519263,1.0,3.0,5.0,17.0,140.0
2015-04-12,IZT,NO2,1,159.0,34.490566037735846,11.654774609427713,10.0,26.0,34.0,42.0,73.0
2015-04-12,IZT,NOX,1,159.0,52.55974842767296,36.29146972250993,12.0,30.0,41.0,61.5,184.0
2015-04-12,IZT,O3,1,159.0,44.37735849056604,38.275430736198885,3.0,10.5,32.0,74.0,153.0
2015-04-12,IZT,PM10,2,160.0,45.48125,14.524311380206033,17.0,34.0,45.0,53.25,101.0
2015-04-12,IZT,SO2,1,159.0,7.09433962264151,7.565571964481547,1.0,3.0,5.0,8.0,47.0
2015-04-12,LLA,CO,15,159.0,0.5924528301886792,0.3615275555111093,0.2,0.4,0.5,0.7,1.9
2015-04-12,LLA,NO,1,159.0,17.79245283018868,29.965608023177353,1.0,2.0,4.0,16.5,146.0
2015-04-12,LLA,NO2,1,159.0,23.264150943396228,9.50779349223551,7.0,14.0,23.0,32.0,43.0
2015-04-12,LLA,NOX,1,159.0,41.0,35.64629332550723,8.0,16.0,30.0,50.0,172.0
2015-04-12,LLA,O3,1,159.0,37.716981132075475,30.921732981441878,1.0,8.0,30.0,64.0,105.0
2015-04-12,LLA,SO2,1,0.0,,,,,,,
2015-04-12,LPR,CO,15,158.0,0.5367088607594938,0.4632142521128611,0.0,0.2,0.4,0.7,2.3
2015-04-12,LPR,NO,1,0.0,,,,,,,
2015-04-12,LPR,NO2,1,0.0,,,,,,,
2015-04-12,LPR,NOX,1,0.0,,,,,,,
2015-04-12,LPR,O3,1,158.0,29.78481012658228,22.726381810981167,1.0,8.0,28.5,48.0,82.0
2015-04-12,LPR,SO2,1,158.0,7.905063291139241,8.533029102537888,1.0,2.0,4.0,12.0,46.0
2015-04-12,MER,CO,15,159.0,1.002515723270441,0.4533908372844477,0.4,0.7,0.9,1.2,2.5
2015-04-12,MER,NO,1,159.0,25.062893081761008,32.791378446748226,2.0,5.0,10.0,29.0,149.0
2015-04-12,MER,NO2,1,159.0,38.54716981132076,11.981366394260434,15.0,30.0,38.0,44.5,85.0
2015-04-12,MER,NOX,1,159.0,63.58490566037736,39.89928806934294,17.0,36.0,47.0,76.0,206.0
2015-04-12,MER,O3,1,159.0,38.22012578616352,34.674553431591306,1.0,8.5,26.0,63.5,134.0
2015-04-12,MER,PM10,2,161.0,61.01863354037267,21.81039661769401,20.0,44.0,59.0,75.0,128.0
2015-04-12,MER,PM2.5,2,161.0,34.1055900621118,14.898239193136236,6.0,24.0,32.0,41.0,84.0
2015-04-12,MER,PMCO,2,161.0,26.91304347826087,9.88331378153845,9.0,19.0,26.0,33.0,69.0
2015-04-12,MER,SO2,1,159.0,7.59748427672956,7.857206235909298,1.0,2.0,5.0,10.0,53.0
2015-04-12,MGH,CO,15,136.0,0.6926470588235293,0.3809602590221826,0.3,0.4,0.55,0.8,2.1
2015-04-12,MGH,NO,1,136.0,23.00735294117647,39.3287184342678,1.0,3.0,6.0,23.0,298.0
2015-04-12,MGH,NO2,1,136.0,30.191176470588236,13.163087955779623,6.0,22.0,29.0,37.25,80.0
2015-04-12,MGH,NOX,1,136.0,53.22794117647059,47.70277838197139,6.0,27.75,36.0,62.25,347.0
2015-04-12,MGH,O3,1,136.0,39.23529411764706,32.80520177679994,0.0,9.5,32.5,62.5,117.0
2015-04-12,MGH,PM10,2,134.0,44.82089552238806,16.808452378861688,15.0,32.0,43.5,55.75,96.0
2015-04-12,MGH,PM2.5,2,134.0,27.544776119402986,12.167759489821135,2.0,20.0,25.0,33.0,68.0
2015-04-12,MGH,PMCO,2,134.0,17.26865671641791,8.10380415552133,5.0,10.25,15.5,23.0,39.0
2015-04-12,MGH,SO2,1,136.0,5.132352941176471,5.663147696296238,0.0,1.0,3.0,7.0,31.0
2015-04-12,MON,CO,15,159.0,0.37358490566037733,0.27660986330855897,0.1,0.2,0.3,0.45,1.4
2015-04-12,MON,NO,1,159.0,14.874213836477987,26.943856803972466,0.0,1.0,2.0,14.5,121.0
2015-04-12,MON,NO2,1,159.0,17.641509433962263,6.937590705410375,8.0,12.0,15.0,23.0,41.0
2015-04-12,MON,NOX,1,159.0,32.471698113207545,31.57005698016829,9.0,13.0,17.0,39.0,147.0
2015-04-12,MON,O3,1,77.0,43.76623376623377,31.17855880328495,1.0,16.0,45.0,63.0,104.0
2015-04-12,MON,SO2,1,159.0,3.408805031446541,8.20945259162581,0.0,1.0,1.0,3.0,76.0
2015-04-12,NEZ,CO,15,159.0,0.6786163522012578,0.3830861984294341,0.2,0.4,0.6,0.8,2.8
2015-04-12,NEZ,NO,1,159.0,9.88679245283019,19.64011044726333,0.0,1.0,2.0,11.0,148.0
2015-04-12,NEZ,NO2,1,159.0,27.968553459119498,10.370614146119488,11.0,19.5,27.0,34.5,61.0
2015-04-12,NEZ,NOX,1,159.0,37.83647798742138,26.391376183973552,13.0,20.5,30.0,46.0,191.0
2015-04-12,NEZ,O3,1,159.0,44.333333333333336,35.089157088019086,0.0,15.0,32.0,73.5,132.0
2015-04-12,NEZ,PM2.5,2,161.0,26.440993788819874,11.426856917202175,2.0,20.0,24.0,30.0,77.0
2015-04-12,NEZ,SO2,1,159.0,6.39622641509434,8.03947449942425,1.0,2.0,4.0,7.0,53.0
2015-04-12,PED,CO,15,134.0,0.35447761194029853,0.2617510932801466,0.0,0.2,0.3,0.5,1.5
2015-04-12,PED,NO,1,133.0,6.7443609022556394,11.157721972980791,1.0,1.0,2.0,7.0,59.0
2015-04-12,PED,NO2,1,133.0,24.1203007518797,11.327786695732515,6.0,16.0,22.0,31.0,67.0
2015-04-12,PED,NOX,1,133.0,30.857142857142858,21.028891690107816,6.0,17.0,24.0,34.0,124.0
2015-04-12,PED,O3,1,127.0,54.14173228346457,36.50869094387932,2.0,25.0,44.0,79.0,146.0
2015-04-12,PED,PM10,2,95.0,54.0,18.474248897869312,15.0,40.0,52.0,66.5,94.0
2015-04-12,PED,PM2.5,2,95.0,27.86315789473684,10.837887175656096,5.0,21.0,27.0,32.5,63.0
2015-04-12,PED,PMCO,2,95.0,26.126315789473683,10.591287171150134,9.0,17.0,27.0,34.0,59.0
2015-04-12,PED,SO2,1,113.0,5.893805309734513,7.171823378256063,1.0,1.0,3.0,7.0,41.0
2015-04-12,SAG,CO,15,159.0,0.6943396226415096,0.37046759420605035,0.2,0.4,0.6,0.8500000000000001,2.0
2015-04-12,SAG,NO,1,159.0,16.18867924528302,24.069564218371053,0.0,3.0,4.0,20.0,117.0
2015-04-12,SAG,NO2,1,159.0,23.80503144654088,8.70361338276962,7.0,15.0,24.0,30.0,48.0
2015-04-12,SAG,NOX,1,159.0,40.088050314465406,29.119653558891432,8.0,19.0,30.0,49.5,142.0
2015-04-12,SAG,O3,1,159.0,39.9685534591195,31.27449346616444,1.0,10.5,34.0,69.0,108.0
2015-04-12,SAG,PM10,2,158.0,60.620253164556964,23.202406967973687,21.0,42.0,55.5,76.25,140.0
2015-04-12,SAG,PM2.5,2,158.0,31.145569620253166,14.892320916664774,6.0,20.0,29.0,38.75,75.0
2015-04-12,SAG,PMCO,2,158.0,29.449367088607595,12.434566300732708,10.0,20.25,27.0,35.75,79.0
2015-04-12,SAG,SO2,1,159.0,10.11320754716981,13.342129492452111,1.0,2.5,5.0,11.5,78.0
2015-04-12,SFE,CO,15,159.0,0.4786163522012575,0.20325352998762922,0.2,0.3,0.4,0.6,1.2
2015-04-12,SFE,NO,1,154.0,7.175324675324675,12.089607224185299,0.0,0.0,1.0,9.0,76.0
2015-04-12,SFE,NO2,1,154.0,23.42207792207792,10.743462804870694,6.0,15.25,21.0,29.0,61.0
2015-04-12,SFE,NOX,1,154.0,30.57792207792208,21.38620362425133,6.0,17.0,23.0,36.75,131.0
2015-04-12,SFE,O3,1,159.0,49.911949685534594,33.58484130023558,1.0,24.0,42.0,72.0,162.0
2015-04-12,SFE,PM10,2,161.0,47.608695652173914,21.393098744993523,5.0,32.0,45.0,59.0,122.0
2015-04-12,SFE,PM2.5,2,161.0,25.627329192546583,14.194109639114565,2.0,16.0,24.0,31.0,78.0
2015-04-12,SFE,PMCO,2,161.0,22.006211180124225,10.518137248587518,1.0,13.0,20.0,30.0,45.0
2015-04-12,SFE,SO2,1,159.0,4.163522012578617,5.110022682994164,0.0,1.0,2.0,6.0,28.0
2015-04-12,SJA,CO,15,158.0,0.5816455696202532,0.4340358093176823,0.1,0.3,0.5,0.7,2.7
2015-04-12,SJA,NO,1,90.0,19.622222222222224,36.26233312950239,0.0,1.0,3.5,20.75,193.0
2015-04-12,SJA,NO2,1,90.0,31.244444444444444,11.92043954312815,11.0,22.25,32.0,39.0,67.0
2015-04-12,SJA,NOX,1,90.0,50.82222222222222,42.73686874424028,12.0,24.25,37.0,60.0,234.0
2015-04-12,SJA,O3,1,157.0,41.75796178343949,36.98707349974384,2.0,7.0,31.0,73.0,125.0
2015-04-12,SJA,PM2.5,2,156.0,27.064102564102566,10.81556792369191,4.0,20.0,26.0,32.0,73.0
2015-04-12,SJA,SO2,1,158.0,7.3734177215189876,7.223003042928562,1.0,2.0,5.0,11.0,47.0
2015-04-12,SUR,O3,1,158.0,47.48101265822785,39.349766146487816,2.0,13.25,37.0,73.5,169.0
2015-04-12,SUR,PM10,2,158.0,45.860759493670884,23.125927312632825,6.0,30.25,43.5,57.75,151.0
2015-04-12,TAH,CO,15,159.0,0.371069182389937,0.19563137382334886,0.1,0.2,0.3,0.5,1.2
2015-04-12,TAH,NO,1,159.0,4.7421383647798745,7.046153305961612,1.0,1.0,2.0,4.0,43.0
2015-04-12,TAH,NO2,1,159.0,16.60377358490566,6.854748763203477,4.0,11.0,16.0,21.0,38.0
2015-04-12,TAH,NOX,1,159.0,21.38993710691824,12.145172479342627,6.0,12.5,19.0,26.0,71.0
2015-04-12,TAH,O3,1,159.0,50.9559748427673,33.50974653454559,5.0,22.0,41.0,77.0,131.0
2015-04-12,TAH,PM10,2,158.0,49.10126582278481,19.620342320723953,6.0,34.0,46.0,61.0,111.0
2015-04-12,TAH,SO2,1,159.0,3.106918238993711,2.673335741530368,1.0,2.0,2.0,4.0,19.0
2015-04-12,TLA,CO,15,159.0,0.8698113207547169,0.41927525126905063,0.3,0.6,0.7,1.0,2.5
2015-04-12,TLA,NO,1,158.0,25.550632911392405,36.664696476989114,1.0,5.25,10.0,24.5,179.0
2015-04-12,TLA,NO2,1,158.0,34.139240506329116,11.51153857825285,15.0,25.0,33.0,41.0,71.0
2015-04-12,TLA,NOX,1,158.0,59.70253164556962,44.13290718652765,16.0,32.25,44.0,64.5,229.0
2015-04-12,TLA,O3,1,159.0,36.20125786163522,32.752191901568025,0.0,10.5,24.0,57.0,149.0
2015-04-12,TLA,PM10,2,0.0,,,,,,,
2015-04-12,TLA,PM2.5,2,0.0,,,,,,,
2015-04-12,TLA,PMCO,2,0.0,,,,,,,
2015-04-12,TLA,SO2,1,159.0,12.628930817610064,12.73863527213372,1.0,4.0,8.0,16.0,61.0
2015-04-12,TLI,CO,15,159.0,0.4069182389937107,0.36337369558061994,0.0,0.15000000000000002,0.3,0.5,1.8
2015-04-12,TLI,NO,1,159.0,15.742138364779874,23.97683846423935,2.0,3.0,4.0,16.0,122.0
2015-04-12,TLI,NO2,1,159.0,26.69811320754717,11.286686857308965,8.0,17.0,27.0,33.0,55.0
2015-04-12,TLI,NOX,1,159.0,42.37735849056604,32.67129720921252,10.0,20.5,31.0,53.5,167.0
2015-04-12,TLI,O3,1,159.0,36.0188679245283,30.588628584987163,0.0,8.0,29.0,63.0,116.0
2015-04-12,TLI,PM10,2,150.0,62.5,33.449501154976566,2.0,39.0,57.0,80.0,204.0
2015-04-12,TLI,SO2,1,159.0,14.333333333333334,19.40627155141932,0.0,2.0,7.0,18.5,115.0
2015-04-12,TPN,O3,1,157.0,50.36942675159236,33.219797662245945,5.0,24.0,39.0,77.0,166.0
2015-04-12,UAX,CO,15,155.0,0.6083870967741932,0.3198934154293005,0.2,0.4,0.5,0.7,2.0
2015-04-12,UAX,NO,1,155.0,10.361290322580645,19.475553731009843,1.0,1.0,2.0,10.5,141.0
2015-04-12,UAX,NO2,1,155.0,23.806451612903224,9.332318356047306,6.0,16.5,23.0,30.0,47.0
2015-04-12,UAX,NOX,1,155.0,34.148387096774194,24.997089063876313,7.0,18.0,27.0,42.5,176.0
2015-04-12,UAX,O3,1,155.0,48.20645161290322,39.95593299477605,1.0,12.5,37.0,80.5,157.0
2015-04-12,UAX,PM2.5,2,160.0,25.5125,9.799234663992898,5.0,19.0,25.0,30.0,58.0
2015-04-12,UAX,SO2,1,155.0,3.7419354838709675,4.763005039761939,0.0,1.0,2.0,4.0,23.0
2015-04-12,UIZ,CO,15,159.0,0.7779874213836481,0.3969261320084089,0.3,0.5,0.6,1.0,2.3
2015-04-12,UIZ,NO,1,159.0,13.874213836477987,23.113025024909348,0.0,1.0,3.0,13.5,155.0
2015-04-12,UIZ,NO2,1,159.0,30.534591194968552,11.984050515672925,6.0,21.0,30.0,39.0,60.0
2015-04-12,UIZ,NOX,1,159.0,44.39622641509434,31.36090827684064,6.0,22.0,33.0,56.0,194.0
2015-04-12,UIZ,O3,1,159.0,44.59119496855346,38.387632145361195,1.0,11.0,31.0,75.5,138.0
2015-04-12,UIZ,PM10,2,161.0,60.11180124223603,21.131136324396955,18.0,45.0,57.0,75.0,129.0
2015-04-12,UIZ,PM2.5,2,161.0,32.50931677018634,14.942438728510133,8.0,24.0,29.0,40.0,91.0
2015-04-12,UIZ,PMCO,2,161.0,27.67080745341615,10.186250780780144,10.0,20.0,27.0,34.0,56.0
2015-04-12,UIZ,SO2,1,159.0,5.9937106918239,7.141868754617106,1.0,2.0,3.0,7.0,47.0
2015-04-12,VIF,CO,15,159.0,0.4402515723270441,0.21201847807438992,0.2,0.3,0.4,0.55,1.5
2015-04-12,VIF,NO,1,159.0,8.081761006289309,14.907295195433221,0.0,1.0,2.0,8.0,99.0
2015-04-12,VIF,NO2,1,159.0,18.57861635220126,8.94171255352449,4.0,11.0,18.0,26.0,42.0
2015-04-12,VIF,NOX,1,159.0,26.641509433962263,21.049755108130174,5.0,12.0,20.0,35.0,132.0
2015-04-12,VIF,O3,1,159.0,38.471698113207545,29.967241887412115,2.0,10.0,34.0,62.5,111.0
2015-04-12,VIF,PM10,2,159.0,65.51572327044025,28.392781964255835,5.0,46.0,63.0,81.5,193.0
2015-04-12,VIF,SO2,1,159.0,13.584905660377359,20.7203507517574,1.0,3.0,6.0,16.0,119.0
2015-04-12,XAL,CO,15,154.0,1.078571428571429,0.7034893689674587,0.3,0.6,0.8,1.375,3.3
2015-04-12,XAL,NO,1,154.0,35.967532467532465,53.60889825065675,2.0,6.0,11.0,38.5,283.0
2015-04-12,XAL,NO2,1,154.0,34.52597402597402,11.696710923618381,17.0,25.0,33.0,43.0,69.0
2015-04-12,XAL,NOX,1,154.0,70.46753246753246,59.82962398586331,22.0,31.25,42.0,87.75,331.0
2015-04-12,XAL,O3,1,154.0,28.292207792207794,22.774807009269715,2.0,7.0,25.0,48.0,79.0
2015-04-12,XAL,PM10,2,114.0,88.17543859649123,36.55889795545586,36.0,61.0,74.5,113.25,186.0
2015-04-12,XAL,PM2.5,2,114.0,41.57017543859649,18.666125344248037,9.0,28.0,35.0,53.75,89.0
2015-04-12,XAL,PMCO,2,114.0,46.58771929824562,22.614824569905217,13.0,30.0,41.5,57.0,132.0
2015-04-12,XAL,SO2,1,154.0,10.7012987012987,11.634482144596703,1.0,2.0,5.5,14.0,64.0
2015-04-19,ACO,CO,15,155.0,0.274193548387097,0.20380749437471926,0.0,0.1,0.2,0.35,1.0
2015-04-19,ACO,NO,1,155.0,8.451612903225806,13.675835902839385,0.0,1.0,2.0,8.0,72.0
2015-04-19,ACO,NO2,1,155.0,14.806451612903226,6.880328418423847,4.0,9.0,14.0,19.0,41.0
2015-04-19,ACO,NOX,1,155.0,23.2,17.78128302384352,5.0,11.0,16.0,30.0,91.0
2015-04-19,ACO,O3,1,155.0,37.14193548387097,28.18409764150594,2.0,10.0,35.0,57.5,108.0
2015-04-19,ACO,PM10,2,134.0,47.76865671641791,16.182193025494197,16.0,38.0,44.5,55.75,153.0
2015-04-19,ACO,SO2,1,155.0,1.4967741935483871,1.592898988931843,0.0,1.0,1.0,2.0,14.0
2015-04-19,AJM,CO,15,154.0,0.5220779220779217,0.23326238508103542,0.2,0.4,0.4,0.6,1.3
2015-04-19,AJM,NO,1,154.0,3.6363636363636362,6.409570236139264,0.0,0.0,1.0,3.0,37.0
2015-04-19,AJM,NO2,1,154.0,15.662337662337663,12.640437641975204,2.0,6.0,11.0,21.0,73.0
2015-04-19,AJM,NOX,1,154.0,19.337662337662337,17.446920727326958,2.0,7.0,13.0,24.0,88.0
2015-04-19,AJM,O3,1,154.0,50.70779220779221,20.39957878735829,9.0,36.0,48.0,62.0,116.0
2015-04-19,AJM,PM10,2,155.0,38.10967741935484,14.00258220246625,19.0,28.0,34.0,43.0,82.0
2015-04-19,AJM,PM2.5,2,155.0,23.316129032258065,8.695240404815054,10.0,18.0,21.0,25.5,54.0
2015-04-19,AJM,PMCO,2,155.0,14.72258064516129,6.770385747293533,3.0,9.5,13.0,20.0,41.0
2015-04-19,AJM,SO2,1,154.0,0.8961038961038961,1.4870633040260282,0.0,0.0,1.0,1.0,9.0
2015-04-19,AJU,O3,1,161.0,40.37267080745342,22.292044510255334,5.0,20.0,39.0,59.0,90.0
2015-04-19,ATI,CO,15,155.0,0.8000000000000002,0.6218948840063298,0.2,0.4,0.6,0.9,3.6
2015-04-19,ATI,NO,1,155.0,20.206451612903226,37.87962766280373,1.0,2.0,4.0,16.0,193.0
2015-04-19,ATI,NO2,1,155.0,25.703225806451613,14.139460391965208,4.0,15.0,25.0,33.5,66.0
2015-04-19,ATI,NOX,1,155.0,45.92258064516129,45.12429234382287,6.0,17.5,31.0,51.0,227.0
2015-04-19,ATI,O3,1,155.0,35.07096774193548,30.566323391614677,2.0,12.0,27.0,50.5,145.0
2015-04-19,ATI,PM10,2,156.0,41.78846153846154,27.396964657723963,1.0,22.75,34.5,53.5,180.0
2015-04-19,ATI,SO2,1,155.0,2.3225806451612905,4.387016682775162,0.0,0.0,1.0,3.0,36.0
2015-04-19,CAM,CO,15,159.0,1.0861635220125792,0.7302226110570043,0.3,0.6,0.9,1.3,4.1
2015-04-19,CAM,NO,1,159.0,35.38364779874214,52.61067884357224,2.0,4.0,10.0,43.0,296.0
2015-04-19,CAM,NO2,1,159.0,38.0062893081761,17.713435098225926,9.0,25.0,38.0,49.0,101.0
2015-04-19,CAM,NOX,1,159.0,73.33333333333333,63.01392920824416,11.0,28.5,51.0,94.5,347.0
2015-04-19,CAM,O3,1,159.0,29.962264150943398,29.596203740578495,1.0,3.5,19.0,52.0,120.0
2015-04-19,CAM,PM10,2,161.0,58.30434782608695,23.357558594130957,11.0,43.0,54.0,70.0,135.0
2015-04-19,CAM,PM2.5,2,161.0,36.577639751552795,13.741197069193424,3.0,27.0,36.0,44.0,84.0
2015-04-19,CAM,PMCO,2,161.0,21.677018633540374,13.338666764557123,5.0,13.0,18.0,26.0,87.0
2015-04-19,CAM,SO2,1,159.0,5.0251572327044025,6.981847789165186,1.0,2.0,3.0,5.0,43.0
2015-04-19,CCA,CO,15,156.0,0.7743589743589746,0.4101725513962891,0.3,0.5,0.6,1.0,2.1
2015-04-19,CCA,NO,1,156.0,15.307692307692308,28.093763602441662,0.0,1.75,4.0,12.25,137.0
2015-04-19,CCA,NO2,1,156.0,25.012820512820515,14.228543406731905,5.0,13.0,23.0,33.0,70.0
2015-04-19,CCA,NOX,1,156.0,40.34615384615385,36.57985587833015,6.0,15.0,27.0,50.0,171.0
2015-04-19,CCA,O3,1,156.0,34.51282051282051,29.782542446440477,1.0,8.0,31.0,54.0,126.0
2015-04-19,CCA,PM2.5,2,161.0,24.03726708074534,6.412768706609652,11.0,19.0,23.0,28.0,47.0
2015-04-19,CCA,SO2,1,156.0,2.0448717948717947,1.9849204053854315,1.0,1.0,1.0,2.0,14.0
2015-04-19,CHO,CO,15,159.0,0.6974842767295604,0.2989326340296805,0.3,0.5,0.6,0.8,1.9
2015-04-19,CHO,NO,1,0.0,,,,,,,
2015-04-19,CHO,NO2,1,0.0,,,,,,,
2015-04-19,CHO,NOX,1,0.0,,,,,,,
2015-04-19,CHO,O3,1,159.0,35.320754716981135,20.505732682460255,2.0,19.0,35.0,52.0,76.0
2015-04-19,CHO,PM10,2,160.0,73.425,33.16748995533287,21.0,46.0,67.5,95.0,170.0
2015-04-19,CHO,SO2,1,159.0,1.4968553459119496,0.9992035678889466,0.0,1.0,1.0,2.0,8.0
2015-04-19,COY,NO,1,155.0,19.412903225806453,30.496920665666842,2.0,3.0,7.0,16.0,149.0
2015-04-19,COY,NO2,1,155.0,28.051612903225806,15.306731202608983,6.0,13.0,28.0,37.0,78.0
2015-04-19,COY,NOX,1,155.0,47.438709677419354,39.987511665935735,9.0,16.5,37.0,61.5,189.0
2015-04-19,COY,O3,1,155.0,33.645161290322584,28.104799686101554,2.0,7.0,29.0,54.5,113.0
2015-04-19,COY,PM2.5,2,160.0,37.35,16.16510723205694,10.0,27.0,34.0,43.25,152.0
2015-04-19,CUA,CO,15,159.0,0.5786163522012582,0.28247656559555495,0.3,0.4,0.5,0.7,2.0
2015-04-19,CUA,NO,1,159.0,10.459119496855346,19.35404387743504,1.0,2.0,4.0,10.0,151.0
2015-04-19,CUA,NO2,1,159.0,21.69811320754717,14.133072227746435,5.0,10.0,16.0,32.0,56.0
2015-04-19,CUA,NOX,1,159.0,32.19496855345912,29.96780508500628,7.0,12.5,21.0,43.5,195.0
2015-04-19,CUA,O3,1,159.0,42.113207547169814,21.701362359403152,1.0,29.0,43.0,52.0,121.0
2015-04-19,CUA,PM10,2,161.0,38.07453416149068,14.93174169137305,13.0,27.0,34.0,45.0,88.0
2015-04-19,CUA,SO2,1,137.0,1.802919708029197,1.2117040508065842,1.0,1.0,1.0,2.0,7.0
2015-04-19,CUT,NO,1,155.0,22.16774193548387,36.0970587992837,0.0,2.0,5.0,22.5,161.0
2015-04-19,CUT,NO2,1,155.0,25.6,11.763690559701725,3.0,16.5,24.0,33.5,51.0
2015-04-19,CUT,NOX,1,155.0,47.74193548387097,42.00136650678605,3.0,18.5,37.0,56.0,197.0
2015-04-19,CUT,O3,1,158.0,31.075949367088608,25.24770136571243,2.0,9.25,25.0,44.0,102.0
2015-04-19,CUT,PM10,2,157.0,69.02547770700637,39.114058893647396,10.0,45.0,62.0,80.0,240.0
2015-04-19,CUT,SO2,1,158.0,4.848101265822785,10.253585493871189,0.0,1.0,2.0,4.0,78.0
2015-04-19,FAC,CO,15,158.0,1.0101265822784808,0.8020824705772799,0.2,0.5,0.8,1.2,4.2
2015-04-19,FAC,NO,1,158.0,34.05696202531646,55.09138252874477,0.0,4.0,11.0,29.75,259.0
2015-04-19,FAC,NO2,1,158.0,32.98101265822785,16.444258874251698,7.0,19.25,32.0,42.75,93.0
2015-04-19,FAC,NOX,1,158.0,67.0632911392405,62.249107485408864,8.0,25.0,48.5,84.5,292.0
2015-04-19,FAC,O3,1,158.0,34.0253164556962,28.894481735099216,3.0,11.25,24.5,50.75,127.0
2015-04-19,FAC,PM10,2,159.0,51.77358490566038,34.40340072392422,1.0,28.5,42.0,66.5,230.0
2015-04-19,FAC,SO2,1,158.0,3.7088607594936707,3.412796819817263,1.0,2.0,2.0,4.0,23.0
2015-04-19,HGM,CO,15,159.0,0.9163522012578615,0.5174027412839652,0.3,0.6,0.7,1.1,2.9
2015-04-19,HGM,NO,1,159.0,20.18238993710692,33.984519064188646,0.0,2.0,5.0,20.5,154.0
2015-04-19,HGM,NO2,1,159.0,34.18238993710692,16.029977986636474,9.0,21.0,33.0,43.0,82.0
2015-04-19,HGM,NOX,1,159.0,54.38993710691824,45.259156979580915,12.0,23.5,38.0,66.0,223.0
2015-04-19,HGM,O3,1,159.0,27.251572327044027,23.41344646480398,1.0,7.0,21.0,43.0,91.0
2015-04-19,HGM,PM10,2,160.0,55.825,24.052497614789065,11.0,39.0,53.5,68.0,138.0
2015-04-19,HGM,PM2.5,2,160.0,31.04375,15.878606657105314,1.0,20.0,31.0,40.0,85.0
2015-04-19,HGM,PMCO,2,160.0,24.75,10.555036950738096,6.0,17.0,24.0,30.0,64.0
2015-04-19,HGM,SO2,1,159.0,4.220125786163522,7.597174523701002,1.0,1.0,2.0,3.0,43.0
2015-04-19,IZT,CO,15,155.0,1.097419354838709,0.6833785803188025,0.4,0.6,0.8,1.3,3.5
2015-04-19,IZT,NO,1,155.0,25.496774193548386,40.483341803173495,1.0,3.0,6.0,29.0,176.0
2015-04-19,IZT,NO2,1,155.0,33.12903225806452,16.32133082706447,8.0,19.0,32.0,43.0,79.0
2015-04-19,IZT,NOX,1,155.0,58.58064516129032,51.08560055433084,10.0,22.0,37.0,76.5,220.0
2015-04-19,IZT,O3,1,155.0,35.12903225806452,28.866398404539527,3.0,9.0,30.0,53.5,123.0
2015-04-19,IZT,PM10,2,156.0,44.98076923076923,13.634619671923927,19.0,37.0,44.0,51.0,98.0
2015-04-19,IZT,SO2,1,155.0,4.458064516129032,7.242765050740379,1.0,2.0,2.0,4.0,48.0
2015-04-19,LLA,CO,15,155.0,0.901935483870968,0.6490223384527227,0.2,0.5,0.7,1.0,3.7
2015-04-19,LLA,NO,1,155.0,29.258064516129032,48.10700177319511,1.0,2.0,5.0,31.0,240.0
2015-04-19,LLA,NO2,1,155.0,27.44516129032258,12.34837490516432,7.0,17.0,29.0,36.0,64.0
2015-04-19,LLA,NOX,1,155.0,56.69032258064516,55.03866029000566,9.0,19.5,36.0,71.5,280.0
2015-04-19,LLA,O3,1,155.0,31.096774193548388,31.001209484899178,1.0,3.0,21.0,53.0,123.0
2015-04-19,LLA,SO2,1,123.0,6.349593495934959,16.991793457883336,0.0,1.0,1.0,3.0,104.0
2015-04-19,LPR,CO,15,159.0,0.6660377358490569,0.5663373540276087,0.0,0.3,0.5,0.8,2.6
2015-04-19,LPR,NO,1,0.0,,,,,,,
2015-04-19,LPR,NO2,1,0.0,,,,,,,
2015-04-19,LPR,NOX,1,0.0,,,,,,,
2015-04-19,LPR,O3,1,159.0,24.955974842767297,21.5489862641383,1.0,5.0,20.0,42.5,92.0
2015-04-19,LPR,SO2,1,159.0,3.710691823899371,6.188337246206028,0.0,1.0,2.0,3.0,37.0
2015-04-19,MER,CO,15,102.0,1.226470588235294,0.7556947456687348,0.5,0.8,0.9,1.375,4.1
2015-04-19,MER,NO,1,154.0,36.86363636363637,53.517337998344004,2.0,6.25,11.5,43.0,247.0
2015-04-19,MER,NO2,1,154.0,37.967532467532465,14.531200972893645,13.0,25.0,38.5,48.0,73.0
2015-04-19,MER,NOX,1,154.0,74.92207792207792,62.54478473553813,18.0,32.25,49.0,96.0,301.0
2015-04-19,MER,O3,1,154.0,29.954545454545453,28.06443121577988,1.0,5.0,23.0,50.75,110.0
2015-04-19,MER,PM10,2,157.0,59.152866242038215,25.823157368447106,14.0,41.0,52.0,72.0,174.0
2015-04-19,MER,PM2.5,2,157.0,33.732484076433124,17.155914792850673,1.0,22.0,31.0,42.0,117.0
2015-04-19,MER,PMCO,2,157.0,25.45859872611465,12.047709882316218,6.0,17.0,24.0,31.0,96.0
2015-04-19,MER,SO2,1,154.0,5.383116883116883,10.608418196261498,1.0,1.0,2.0,4.0,53.0
2015-04-19,MGH,CO,15,157.0,0.8426751592356696,0.4754490214599098,0.2,0.5,0.7,1.1,2.1
2015-04-19,MGH,NO,1,157.0,28.496815286624205,43.158417814536755,1.0,3.0,9.0,27.0,196.0
2015-04-19,MGH,NO2,1,157.0,31.878980891719745,16.68883793963119,5.0,18.0,31.0,44.0,72.0
2015-04-19,MGH,NOX,1,157.0,60.394904458598724,53.47402412312264,6.0,20.0,42.0,77.0,238.0
2015-04-19,MGH,O3,1,157.0,33.42675159235669,30.359006567488706,1.0,5.0,28.0,52.0,123.0
2015-04-19,MGH,PM10,2,158.0,45.18987341772152,15.91424146833701,18.0,34.0,43.0,55.0,100.0
2015-04-19,MGH,PM2.5,2,158.0,28.930379746835442,11.118995675106033,9.0,20.25,26.5,35.0,63.0
2015-04-19,MGH,PMCO,2,158.0,16.354430379746834,7.483379417606793,4.0,11.0,16.0,20.0,46.0
2015-04-19,MGH,SO2,1,157.0,2.2038216560509554,3.3373159288588816,0.0,1.0,1.0,2.0,22.0
2015-04-19,MON,CO,15,158.0,0.4335443037974679,0.3735883424533317,0.1,0.2,0.3,0.5,2.0
2015-04-19,MON,NO,1,158.0,17.145569620253166,34.92500171192444,0.0,1.0,2.0,8.0,165.0
2015-04-19,MON,NO2,1,158.0,16.917721518987342,7.41573914941359,4.0,10.25,16.0,23.0,37.0
2015-04-19,MON,NOX,1,158.0,34.08860759493671,39.321373865047576,5.0,12.0,17.5,30.75,187.0
2015-04-19,MON,O3,1,158.0,33.94303797468354,23.577556982429194,1.0,11.25,35.0,50.0,95.0
2015-04-19,MON,SO2,1,158.0,1.5949367088607596,2.2546144463524604,0.0,1.0,1.0,1.75,20.0
2015-04-19,NEZ,CO,15,159.0,0.8283018867924525,0.5256860587253476,0.2,0.5,0.7,1.0,2.9
2015-04-19,NEZ,NO,1,159.0,13.88679245283019,24.299028769483677,0.0,1.5,3.0,10.0,129.0
2015-04-19,NEZ,NO2,1,159.0,28.32704402515723,12.260101417872962,9.0,17.0,28.0,38.0,62.0
2015-04-19,NEZ,NOX,1,159.0,42.22641509433962,31.74720650090991,10.0,19.0,32.0,51.5,167.0
2015-04-19,NEZ,O3,1,159.0,34.43396226415094,28.057474534231932,0.0,10.0,30.0,54.5,115.0
2015-04-19,NEZ,PM2.5,2,161.0,27.91304347826087,10.91065494387701,9.0,21.0,26.0,34.0,99.0
2015-04-19,NEZ,SO2,1,159.0,3.220125786163522,10.398787538100736,0.0,0.0,1.0,1.0,78.0
2015-04-19,PED,CO,15,148.0,0.5662162162162159,0.33167356586419217,0.2,0.3,0.45,0.725,1.5
2015-04-19,PED,NO,1,147.0,8.272108843537415,13.698093969564924,0.0,1.0,2.0,8.0,68.0
2015-04-19,PED,NO2,1,147.0,22.5578231292517,14.83522707450291,5.0,10.5,18.0,32.0,73.0
2015-04-19,PED,NOX,1,147.0,30.755102040816325,25.60703880029187,6.0,11.0,20.0,41.5,122.0
2015-04-19,PED,O3,1,131.0,39.35114503816794,27.648598146163444,2.0,18.0,33.0,57.5,137.0
2015-04-19,PED,PM10,2,131.0,43.55725190839695,17.268094325103434,20.0,32.0,38.0,50.0,128.0
2015-04-19,PED,PM2.5,2,131.0,24.229007633587788,9.311337081128725,7.0,18.0,22.0,28.0,57.0
2015-04-19,PED,PMCO,2,131.0,19.404580152671755,10.290980835330593,8.0,12.0,17.0,26.5,85.0
2015-04-19,PED,SO2,1,148.0,1.5810810810810811,1.3851177582666003,0.0,1.0,1.0,2.0,9.0
2015-04-19,SAG,CO,15,156.0,0.9108974358974353,0.6236804100890672,0.3,0.5,0.7,1.1,3.6
2015-04-19,SAG,NO,1,158.0,23.189873417721518,39.100906842520175,0.0,3.0,6.0,20.0,218.0
2015-04-19,SAG,NO2,1,158.0,26.132911392405063,10.242352704434415,8.0,17.0,27.0,34.0,51.0
2015-04-19,SAG,NOX,1,158.0,49.25949367088607,44.14974235553893,8.0,19.0,36.0,59.75,248.0
2015-04-19,SAG,O3,1,158.0,32.4746835443038,29.237158837780164,1.0,6.25,22.0,52.0,123.0
2015-04-19,SAG,PM10,2,160.0,60.75,20.572925971258147,15.0,46.75,60.0,71.25,126.0
2015-04-19,SAG,PM2.5,2,160.0,32.0,11.860828187062609,2.0,24.0,31.0,40.25,62.0
2015-04-19,SAG,PMCO,2,160.0,28.75,13.284501775429279,1.0,19.0,26.0,35.0,71.0
2015-04-19,SAG,SO2,1,158.0,6.537974683544304,13.266324435382693,1.0,2.0,3.0,5.0,102.0
2015-04-19,SFE,CO,15,158.0,0.5056962025316458,0.2263652622643538,0.2,0.4,0.4,0.7,1.3
2015-04-19,SFE,NO,1,156.0,7.705128205128205,12.612445440256918,0.0,1.0,2.0,9.25,80.0
2015-04-19,SFE,NO2,1,156.0,21.75,11.816131674195896,5.0,12.0,20.0,32.0,58.0
2015-04-19,SFE,NOX,1,156.0,29.487179487179485,22.227703487224307,5.0,14.0,21.0,40.0,128.0
2015-04-19,SFE,O3,1,158.0,41.80379746835443,27.177046061357373,3.0,24.0,37.0,56.0,145.0
2015-04-19,SFE,PM10,2,158.0,43.82911392405063,20.905974837908047,13.0,30.0,38.0,54.75,113.0
2015-04-19,SFE,PM2.5,2,158.0,23.924050632911392,14.332958012869986,1.0,16.0,21.0,29.0,77.0
2015-04-19,SFE,PMCO,2,158.0,19.955696202531644,9.349099848838517,5.0,12.0,18.0,27.0,46.0
2015-04-19,SFE,SO2,1,158.0,0.7341772151898734,1.0492200410349581,0.0,0.0,0.0,1.0,6.0
2015-04-19,SJA,CO,15,159.0,0.7238993710691822,0.5412665783115287,0.2,0.4,0.5,0.9,2.9
2015-04-19,SJA,NO,1,157.0,30.40764331210191,46.50957378890722,1.0,3.0,5.0,48.0,239.0
2015-04-19,SJA,NO2,1,157.0,32.3312101910828,12.73969595450491,8.0,21.0,33.0,43.0,59.0
2015-04-19,SJA,NOX,1,157.0,62.738853503184714,53.12722351266154,9.0,25.0,40.0,90.0,283.0
2015-04-19,SJA,O3,1,159.0,34.691823899371066,31.302717495477985,2.0,5.0,28.0,58.5,132.0
2015-04-19,SJA,PM2.5,2,161.0,27.70807453416149,9.925749185548158,6.0,20.0,26.0,34.0,56.0
2015-04-19,SJA,SO2,1,159.0,4.716981132075472,8.748332264553843,1.0,1.0,2.0,4.0,61.0
2015-04-19,SUR,O3,1,161.0,38.05590062111801,30.1623209582761,2.0,8.0,36.0,59.0,125.0
2015-04-19,SUR,PM10,2,161.0,41.590062111801245,18.296677310952337,1.0,31.0,38.0,51.0,127.0
2015-04-19,TAH,CO,15,159.0,0.38364779874213883,0.3223478374888396,0.1,0.15000000000000002,0.3,0.5,1.8
2015-04-19,TAH,NO,1,157.0,5.8789808917197455,10.729393080591173,1.0,1.0,2.0,4.0,60.0
2015-04-19,TAH,NO2,1,157.0,13.9171974522293,9.8168887594742,3.0,5.0,11.0,22.0,44.0
2015-04-19,TAH,NOX,1,157.0,19.828025477707005,18.178311373986396,4.0,6.0,13.0,27.0,87.0
2015-04-19,TAH,O3,1,159.0,40.79874213836478,21.400869458917864,4.0,23.0,43.0,57.5,88.0
2015-04-19,TAH,PM10,2,160.0,46.11875,19.541399972701086,2.0,33.0,43.0,55.25,116.0
2015-04-19,TAH,SO2,1,157.0,1.9171974522292994,1.996669609944401,1.0,1.0,1.0,2.0,18.0
2015-04-19,TLA,CO,15,155.0,1.0903225806451622,0.6584884494986734,0.3,0.7,0.9,1.35,4.0
2015-04-19,TLA,NO,1,152.0,33.86184210526316,47.62436481189533,1.0,5.0,12.0,36.25,274.0
2015-04-19,TLA,NO2,1,152.0,36.92763157894737,15.90872224158986,8.0,26.75,35.0,43.25,91.0
2015-04-19,TLA,NOX,1,152.0,70.75657894736842,55.72674542000734,12.0,33.0,53.0,91.0,327.0
2015-04-19,TLA,O3,1,153.0,28.535947712418302,31.287719581791627,0.0,4.0,18.0,48.0,135.0
2015-04-19,TLA,PM10,2,0.0,,,,,,,
2015-04-19,TLA,PM2.5,2,0.0,,,,,,,
2015-04-19,TLA,PMCO,2,0.0,,,,,,,
2015-04-19,TLA,SO2,1,155.0,5.232258064516129,6.296586742695989,1.0,2.0,3.0,6.0,40.0
2015-04-19,TLI,CO,15,159.0,0.628930817610063,0.5901454349768456,0.0,0.25,0.4,0.8,2.7
2015-04-19,TLI,NO,1,159.0,30.427672955974842,44.56547723301401,2.0,4.0,7.0,35.5,212.0
2015-04-19,TLI,NO2,1,159.0,33.937106918238996,12.92465289037185,8.0,24.0,34.0,41.0,76.0
2015-04-19,TLI,NOX,1,159.0,64.37106918238993,52.48080462333733,11.0,29.0,44.0,83.0,258.0
2015-04-19,TLI,O3,1,159.0,30.352201257861637,32.71010728416399,0.0,3.0,19.0,50.0,138.0
2015-04-19,TLI,PM10,2,159.0,66.8993710691824,35.6582220121853,8.0,42.5,58.0,81.0,172.0
2015-04-19,TLI,SO2,1,159.0,8.842767295597485,17.02363754699864,1.0,3.0,3.0,6.0,124.0
2015-04-19,TPN,O3,1,158.0,43.70253164556962,21.57714924048416,12.0,26.0,41.5,57.75,118.0
2015-04-19,UAX,CO,15,159.0,0.5433962264150942,0.32618397811757494,0.2,0.3,0.4,0.7,1.8
2015-04-19,UAX,NO,1,159.0,10.11320754716981,18.12403856274148,0.0,1.0,2.0,9.5,121.0
2015-04-19,UAX,NO2,1,159.0,19.748427672955973,12.66459659862136,3.0,9.0,18.0,29.0,69.0
2015-04-19,UAX,NOX,1,159.0,29.89937106918239,26.982459133069497,4.0,10.0,20.0,41.5,153.0
2015-04-19,UAX,O3,1,159.0,39.37735849056604,28.63137149150552,1.0,14.0,39.0,57.5,132.0
2015-04-19,UAX,PM2.5,2,161.0,24.304347826086957,7.666520950096003,7.0,19.0,23.0,29.0,52.0
2015-04-19,UAX,SO2,1,159.0,1.5031446540880504,3.354336346737464,0.0,0.0,1.0,1.0,25.0
2015-04-19,UIZ,CO,15,154.0,0.8623376623376627,0.5561395792821916,0.3,0.5,0.6,1.1,2.6
2015-04-19,UIZ,NO,1,154.0,16.974025974025974,29.906378547113373,0.0,1.0,2.0,16.0,123.0
2015-04-19,UIZ,NO2,1,154.0,27.292207792207794,15.42382730351213,5.0,13.0,27.0,39.0,80.0
2015-04-19,UIZ,NOX,1,154.0,44.24025974025974,40.655102051377405,6.0,15.0,29.0,63.75,170.0
2015-04-19,UIZ,O3,1,154.0,36.11038961038961,28.70666650462913,1.0,10.0,33.5,56.75,123.0
2015-04-19,UIZ,PM10,2,156.0,52.416666666666664,19.305342176691408,18.0,37.75,49.0,65.25,119.0
2015-04-19,UIZ,PM2.5,2,156.0,29.121794871794872,13.289502502262863,2.0,20.0,27.0,36.0,88.0
2015-04-19,UIZ,PMCO,2,156.0,23.25,8.736002629090942,10.0,17.0,22.0,28.0,49.0
2015-04-19,UIZ,SO2,1,154.0,3.5194805194805197,7.1976946011562175,1.0,1.0,1.0,3.0,47.0
2015-04-19,VIF,CO,15,159.0,0.7641509433962262,0.4225125297921741,0.3,0.5,0.6,1.0,2.3
2015-04-19,VIF,NO,1,138.0,22.456521739130434,33.30836232768099,1.0,2.0,5.0,39.5,155.0
2015-04-19,VIF,NO2,1,138.0,24.77536231884058,9.046528644994229,9.0,17.25,24.0,30.0,50.0
2015-04-19,VIF,NOX,1,138.0,47.23913043478261,38.40421858439191,10.0,21.0,30.0,70.75,195.0
2015-04-19,VIF,O3,1,159.0,33.0251572327044,31.761960706451354,1.0,3.0,23.0,53.0,130.0
2015-04-19,VIF,PM10,2,159.0,72.19496855345912,30.834281018319952,12.0,51.5,67.0,91.0,174.0
2015-04-19,VIF,SO2,1,159.0,7.169811320754717,16.665057640665577,1.0,2.0,2.0,3.0,123.0
2015-04-19,XAL,CO,15,159.0,1.312578616352201,0.8995598176974087,0.4,0.7,1.0,1.5,5.7
2015-04-19,XAL,NO,1,159.0,47.075471698113205,67.63570953779634,1.0,7.0,17.0,51.0,416.0
2015-04-19,XAL,NO2,1,159.0,36.339622641509436,13.122514322155656,11.0,27.0,36.0,45.5,78.0
2015-04-19,XAL,NOX,1,159.0,83.46540880503144,74.87954714530699,12.0,34.5,57.0,103.0,463.0
2015-04-19,XAL,O3,1,159.0,23.729559748427672,21.116819600927514,2.0,4.0,17.0,40.0,86.0
2015-04-19,XAL,PM10,2,161.0,86.59627329192547,39.032258915220936,28.0,63.0,79.0,100.0,249.0
2015-04-19,XAL,PM2.5,2,161.0,38.24223602484472,16.77117184244871,8.0,26.0,35.0,47.0,92.0
2015-04-19,XAL,PMCO,2,161.0,48.32919254658385,26.076995704431596,16.0,30.0,43.0,57.0,169.0
2015-04-19,XAL,SO2,1,159.0,6.276729559748428,9.534024313807507,1.0,2.0,3.0,6.0,58.0
2015-04-26,ACO,CO,15,129.0,0.23953488372093026,0.17828111783569278,0.0,0.1,0.2,0.3,0.9
2015-04-26,ACO,NO,1,129.0,7.224806201550388,11.214694817290454,0.0,1.0,2.0,7.0,49.0
2015-04-26,ACO,NO2,1,129.0,13.224806201550388,6.05475060138411,4.0,9.0,12.0,17.0,35.0
2015-04-26,ACO,NOX,1,129.0,20.434108527131784,15.936321015823568,4.0,9.0,13.0,25.0,71.0
2015-04-26,ACO,O3,1,129.0,40.47286821705426,28.5326231924145,1.0,12.0,37.0,64.0,111.0
2015-04-26,ACO,PM10,2,130.0,50.223076923076924,18.135264966919937,19.0,39.0,48.0,59.0,128.0
2015-04-26,ACO,SO2,1,129.0,1.744186046511628,2.6730105621033915,0.0,1.0,1.0,2.0,17.0
2015-04-26,AJM,CO,15,159.0,0.5572327044025155,0.2521952025504758,0.2,0.4,0.5,0.6499999999999999,1.4
2015-04-26,AJM,NO,1,159.0,4.232704402515723,7.760819290360964,0.0,0.0,1.0,4.0,44.0
2015-04-26,AJM,NO2,1,159.0,15.320754716981131,12.286310563993508,3.0,6.0,11.0,21.5,55.0
2015-04-26,AJM,NOX,1,159.0,19.547169811320753,18.68381080623366,3.0,7.0,12.0,25.5,96.0
2015-04-26,AJM,O3,1,159.0,51.465408805031444,23.437171567106766,9.0,33.0,49.0,65.5,142.0
2015-04-26,AJM,PM10,2,161.0,40.683229813664596,16.546684849331772,11.0,29.0,38.0,48.0,97.0
2015-04-26,AJM,PM2.5,2,161.0,23.875776397515526,10.549145560171663,7.0,17.0,21.0,31.0,61.0
2015-04-26,AJM,PMCO,2,161.0,16.819875776397517,7.786116007642836,4.0,11.0,14.0,22.0,39.0
2015-04-26,AJM,SO2,1,159.0,2.270440251572327,3.921194494111206,0.0,0.0,1.0,3.0,33.0
2015-04-26,AJU,O3,1,151.0,37.52980132450331,23.943212802245203,2.0,14.0,38.0,56.5,89.0
2015-04-26,ATI,CO,15,158.0,0.700632911392405,0.41246452624044677,0.2,0.4,0.6,0.8,2.7
2015-04-26,ATI,NO,1,158.0,14.30379746835443,26.558122502121662,1.0,2.0,5.0,10.0,166.0
2015-04-26,ATI,NO2,1,158.0,24.151898734177216,9.521131185263899,6.0,18.0,24.0,31.0,49.0
2015-04-26,ATI,NOX,1,158.0,38.44303797468354,30.908843512374162,8.0,20.0,29.0,44.75,191.0
2015-04-26,ATI,O3,1,158.0,39.80379746835443,35.94235633786349,2.0,12.25,29.0,57.5,148.0
2015-04-26,ATI,PM10,2,157.0,44.197452229299365,18.868111577285518,2.0,32.0,44.0,55.0,98.0
2015-04-26,ATI,SO2,1,158.0,3.778481012658228,6.5068542182923075,0.0,1.0,2.0,3.0,51.0
2015-04-26,CAM,CO,15,154.0,0.9064935064935065,0.6696672985947816,0.2,0.5,0.7,1.0,4.4
2015-04-26,CAM,NO,1,154.0,30.376623376623378,57.10866581701689,1.0,3.0,7.0,25.5,352.0
2015-04-26,CAM,NO2,1,154.0,31.993506493506494,14.321927405820928,8.0,21.0,31.0,43.0,77.0
2015-04-26,CAM,NOX,1,154.0,62.357142857142854,64.76601208346199,10.0,25.0,38.0,69.75,393.0
2015-04-26,CAM,O3,1,154.0,33.95454545454545,30.926508059792827,1.0,6.0,25.5,52.75,134.0
2015-04-26,CAM,PM10,2,158.0,54.778481012658226,22.09897349482811,16.0,39.0,50.0,65.75,147.0
2015-04-26,CAM,PM2.5,2,158.0,34.18354430379747,12.676191941390261,11.0,25.0,33.0,42.0,74.0
2015-04-26,CAM,PMCO,2,158.0,20.70253164556962,13.624869306295821,5.0,12.0,17.0,25.0,93.0
2015-04-26,CAM,SO2,1,154.0,6.279220779220779,8.207677541830975,0.0,2.0,4.0,7.0,46.0
2015-04-26,CCA,CO,15,159.0,0.6748427672955973,0.4044011909263788,0.3,0.4,0.5,0.8,2.5
2015-04-26,CCA,NO,1,159.0,15.144654088050315,32.076813755951775,0.0,1.0,3.0,9.5,186.0
2015-04-26,CCA,NO2,1,159.0,22.61635220125786,12.907067410569763,5.0,12.0,21.0,30.0,80.0
2015-04-26,CCA,NOX,1,159.0,37.742138364779876,39.1808875256443,6.0,14.0,25.0,42.0,226.0
2015-04-26,CCA,O3,1,159.0,35.660377358490564,27.468239470405354,1.0,11.0,33.0,55.5,117.0
2015-04-26,CCA,PM2.5,2,139.0,23.43884892086331,8.309340917997195,1.0,18.0,24.0,29.0,51.0
2015-04-26,CCA,SO2,1,159.0,3.1823899371069184,3.8988075845268337,1.0,1.0,2.0,4.0,29.0
2015-04-26,CHO,CO,15,157.0,0.6789808917197454,0.2399337106993702,0.3,0.5,0.6,0.8,1.7
2015-04-26,CHO,NO,1,0.0,,,,,,,
2015-04-26,CHO,NO2,1,0.0,,,,,,,
2015-04-26,CHO,NOX,1,0.0,,,,,,,
2015-04-26,CHO,O3,1,157.0,34.12738853503185,21.577744385174253,2.0,13.0,36.0,52.0,74.0
2015-04-26,CHO,PM10,2,159.0,68.34591194968553,35.20608179288611,2.0,42.5,64.0,88.0,215.0
2015-04-26,CHO,SO2,1,157.0,1.7006369426751593,1.54614893033638,0.0,1.0,1.0,2.0,11.0
2015-04-26,COY,NO,1,158.0,15.639240506329115,26.190682048604366,2.0,3.0,4.0,15.0,159.0
2015-04-26,COY,NO2,1,158.0,25.0126582278481,14.902223722307648,4.0,12.0,25.0,35.0,81.0
2015-04-26,COY,NOX,1,158.0,40.677215189873415,36.163335936840596,6.0,14.0,29.5,52.5,201.0
2015-04-26,COY,O3,1,158.0,35.17088607594937,26.456596600252034,2.0,12.0,28.5,56.75,115.0
2015-04-26,COY,PM2.5,2,97.0,31.567010309278352,13.783222906017876,8.0,21.0,30.0,40.0,76.0
2015-04-26,CUA,CO,15,159.0,0.5987421383647803,0.23193938027965919,0.3,0.4,0.5,0.7,1.4
2015-04-26,CUA,NO,1,159.0,9.358490566037736,16.204110675087364,1.0,2.0,4.0,8.0,104.0
2015-04-26,CUA,NO2,1,159.0,20.830188679245282,12.063233999269714,5.0,10.0,18.0,30.0,56.0
2015-04-26,CUA,NOX,1,159.0,30.20125786163522,25.417222277054346,7.0,12.0,22.0,38.0,148.0
2015-04-26,CUA,O3,1,159.0,45.698113207547166,26.033754796850683,3.0,26.5,46.0,60.5,139.0
2015-04-26,CUA,PM10,2,160.0,39.01875,14.4489872009105,7.0,31.75,37.0,47.25,94.0
2015-04-26,CUA,SO2,1,136.0,2.801470588235294,3.1968036187583215,1.0,1.0,2.0,3.0,22.0
2015-04-26,CUT,NO,1,100.0,15.62,28.375825534202082,0.0,1.0,2.0,16.0,150.0
2015-04-26,CUT,NO2,1,100.0,25.11,11.033369953248757,5.0,15.0,26.5,32.5,54.0
2015-04-26,CUT,NOX,1,100.0,40.72,34.52128021784226,5.0,16.0,30.0,48.5,179.0
2015-04-26,CUT,O3,1,105.0,36.476190476190474,26.990773080848037,3.0,12.0,30.0,54.0,102.0
2015-04-26,CUT,PM10,2,106.0,72.10377358490567,33.48345127721994,15.0,52.25,64.0,87.75,218.0
2015-04-26,CUT,SO2,1,105.0,6.8,10.909946062053795,1.0,1.0,3.0,6.0,63.0
2015-04-26,FAC,CO,15,158.0,0.8481012658227852,0.7023818910607729,0.2,0.4,0.6,0.975,3.6
2015-04-26,FAC,NO,1,158.0,26.72151898734177,48.54098975968615,0.0,3.0,7.5,22.0,240.0
2015-04-26,FAC,NO2,1,158.0,28.348101265822784,11.853096139473042,8.0,20.0,27.0,35.0,64.0
2015-04-26,FAC,NOX,1,158.0,55.11392405063291,54.416999812376496,9.0,24.0,34.0,55.75,279.0
2015-04-26,FAC,O3,1,158.0,39.06962025316456,29.73344791132771,3.0,17.0,31.0,54.5,135.0
2015-04-26,FAC,PM10,2,152.0,51.6578947368421,30.603446384971946,1.0,29.5,50.0,68.25,157.0
2015-04-26,FAC,SO2,1,158.0,4.968354430379747,6.104630054546985,1.0,2.0,3.0,5.0,58.0
2015-04-26,HGM,CO,15,159.0,0.7704402515723271,0.35032597101056245,0.3,0.5,0.7,0.9,2.1
2015-04-26,HGM,NO,1,155.0,14.096774193548388,23.91537412203147,0.0,1.0,4.0,16.5,130.0
2015-04-26,HGM,NO2,1,155.0,28.135483870967743,13.458487120625295,7.0,18.0,28.0,36.5,76.0
2015-04-26,HGM,NOX,1,155.0,42.27741935483871,33.98271819843387,9.0,20.0,32.0,53.0,179.0
2015-04-26,HGM,O3,1,159.0,29.70440251572327,23.152371849711976,1.0,9.5,26.0,46.0,93.0
2015-04-26,HGM,PM10,2,161.0,52.38509316770186,21.826320725159242,6.0,36.0,49.0,67.0,122.0
2015-04-26,HGM,PM2.5,2,161.0,27.919254658385093,13.459186061608397,1.0,18.0,27.0,38.0,61.0
2015-04-26,HGM,PMCO,2,161.0,24.459627329192546,11.079256399246676,2.0,17.0,23.0,29.0,64.0
2015-04-26,HGM,SO2,1,159.0,5.29559748427673,8.333669287074136,1.0,1.0,3.0,5.0,53.0
2015-04-26,IZT,CO,15,159.0,0.9503144654088048,0.5140893649640832,0.4,0.6,0.8,1.05,2.8
2015-04-26,IZT,NO,1,159.0,17.830188679245282,29.332491067801524,1.0,3.0,5.0,17.0,155.0
2015-04-26,IZT,NO2,1,159.0,29.842767295597483,14.8099926030097,7.0,18.0,30.0,38.0,97.0
2015-04-26,IZT,NOX,1,159.0,47.63522012578616,39.69686104729442,10.0,21.5,34.0,54.5,195.0
2015-04-26,IZT,O3,1,159.0,36.899371069182386,29.1845274961162,3.0,11.5,28.0,60.0,124.0
2015-04-26,IZT,PM10,2,159.0,44.55345911949686,15.155166975656416,19.0,34.0,42.0,53.0,96.0
2015-04-26,IZT,SO2,1,159.0,5.1257861635220126,7.512640940664711,1.0,2.0,3.0,5.0,50.0
2015-04-26,LLA,CO,15,158.0,0.6221518987341774,0.5502313836068661,0.1,0.3,0.5,0.7,3.2
2015-04-26,LLA,NO,1,158.0,20.341772151898734,40.40618167878006,0.0,1.0,4.0,20.0,232.0
2015-04-26,LLA,NO2,1,158.0,22.29113924050633,10.18197720682782,6.0,13.0,22.0,30.0,54.0
2015-04-26,LLA,NOX,1,158.0,42.65822784810127,46.469875476224175,7.0,14.25,27.0,50.75,271.0
2015-04-26,LLA,O3,1,158.0,35.37341772151899,31.27288648348774,1.0,6.0,26.5,62.5,123.0
2015-04-26,LLA,SO2,1,158.0,3.2658227848101267,5.7743312089860135,0.0,1.0,2.0,3.0,39.0
2015-04-26,LPR,CO,15,158.0,0.46898734177215184,0.43375150635531,0.0,0.2,0.3,0.7,2.3
2015-04-26,LPR,NO,1,0.0,,,,,,,
2015-04-26,LPR,NO2,1,0.0,,,,,,,
2015-04-26,LPR,NOX,1,0.0,,,,,,,
2015-04-26,LPR,O3,1,158.0,27.259493670886076,21.101568263555396,1.0,10.0,23.0,42.0,92.0
2015-04-26,LPR,SO2,1,158.0,3.3544303797468356,4.489302145088831,0.0,1.0,2.0,3.0,27.0
2015-04-26,MER,CO,15,127.0,0.9614173228346455,0.5836457998628427,0.3,0.6,0.8,1.15,3.3
2015-04-26,MER,NO,1,148.0,27.14864864864865,38.03656759424939,1.0,5.0,11.0,31.0,177.0
2015-04-26,MER,NO2,1,148.0,33.04054054054054,13.825874578813941,8.0,22.75,33.5,41.0,92.0
2015-04-26,MER,NOX,1,148.0,60.148648648648646,47.39447495926956,11.0,29.0,45.0,72.0,254.0
2015-04-26,MER,O3,1,148.0,33.554054054054056,29.211470066616656,1.0,4.75,27.0,56.25,115.0
2015-04-26,MER,PM10,2,144.0,56.708333333333336,21.54094328858971,19.0,41.0,54.5,69.25,128.0
2015-04-26,MER,PM2.5,2,144.0,30.145833333333332,13.873539109131,4.0,20.75,29.5,37.0,63.0
2015-04-26,MER,PMCO,2,144.0,26.631944444444443,11.00905318984117,7.0,20.0,24.0,31.0,67.0
2015-04-26,MER,SO2,1,148.0,5.094594594594595,8.008785853981651,0.0,1.0,3.0,5.0,56.0
2015-04-26,MGH,CO,15,159.0,0.6855345911949685,0.39294997233477613,0.2,0.4,0.5,0.8500000000000001,2.3
2015-04-26,MGH,NO,1,159.0,22.540880503144653,39.37851726518684,1.0,3.0,6.0,24.0,262.0
2015-04-26,MGH,NO2,1,159.0,26.572327044025158,12.896599060814573,5.0,17.0,25.0,35.5,74.0
2015-04-26,MGH,NOX,1,159.0,49.088050314465406,47.31879275130009,5.0,20.0,31.0,63.5,304.0
2015-04-26,MGH,O3,1,159.0,36.44025157232704,29.098608256546505,0.0,12.5,33.0,51.5,125.0
2015-04-26,MGH,PM10,2,161.0,41.47204968944099,14.892977418821113,12.0,31.0,40.0,49.0,95.0
2015-04-26,MGH,PM2.5,2,161.0,26.658385093167702,10.12799683430916,8.0,19.0,25.0,32.0,60.0
2015-04-26,MGH,PMCO,2,161.0,14.79503105590062,7.219000980418242,3.0,10.0,13.0,18.0,46.0
2015-04-26,MGH,SO2,1,159.0,3.5786163522012577,6.258547216668999,0.0,1.0,2.0,3.0,44.0
2015-04-26,MON,CO,15,156.0,0.3615384615384619,0.2820344381766483,0.1,0.2,0.3,0.5,2.0
2015-04-26,MON,NO,1,156.0,11.083333333333334,24.761822418036292,0.0,1.0,2.0,8.0,163.0
2015-04-26,MON,NO2,1,156.0,16.173076923076923,6.894751123290033,7.0,10.0,14.0,22.0,32.0
2015-04-26,MON,NOX,1,156.0,27.294871794871796,28.663164615755687,7.0,11.0,16.0,31.0,185.0
2015-04-26,MON,O3,1,156.0,33.58974358974359,22.80375515054676,0.0,12.75,34.0,53.25,94.0
2015-04-26,MON,SO2,1,156.0,1.6474358974358974,1.5274033929832045,0.0,1.0,1.0,2.0,11.0
2015-04-26,NEZ,CO,15,91.0,0.8648351648351644,0.5477983461850064,0.4,0.55,0.7,0.95,3.8
2015-04-26,NEZ,NO,1,91.0,15.373626373626374,30.02097353949157,1.0,1.0,4.0,14.5,182.0
2015-04-26,NEZ,NO2,1,91.0,28.0,11.049384095454773,8.0,19.0,29.0,35.5,48.0
2015-04-26,NEZ,NOX,1,91.0,43.46153846153846,36.52953377209786,9.0,21.5,34.0,52.0,229.0
2015-04-26,NEZ,O3,1,89.0,31.685393258426966,30.55866024610327,0.0,7.0,18.0,57.0,123.0
2015-04-26,NEZ,PM2.5,2,91.0,29.208791208791208,12.352702343586811,11.0,21.0,28.0,34.5,95.0
2015-04-26,NEZ,SO2,1,89.0,2.9213483146067416,3.8707079429441555,0.0,1.0,1.0,3.0,20.0
2015-04-26,PED,CO,15,154.0,0.5227272727272732,0.3605592473995417,0.1,0.3,0.4,0.6,1.9
2015-04-26,PED,NO,1,154.0,9.668831168831169,20.04636951298285,0.0,1.0,2.0,7.0,101.0
2015-04-26,PED,NO2,1,154.0,19.4025974025974,12.885883993009575,4.0,9.0,16.0,29.0,56.0
2015-04-26,PED,NOX,1,154.0,29.058441558441558,30.100536770882584,5.0,10.0,18.0,36.75,147.0
2015-04-26,PED,O3,1,154.0,41.55844155844156,26.928854950181865,2.0,20.25,39.0,58.0,128.0
2015-04-26,PED,PM10,2,161.0,43.993788819875775,18.423319765452817,7.0,32.0,42.0,52.0,99.0
2015-04-26,PED,PM2.5,2,161.0,23.906832298136646,10.429406288372808,1.0,17.0,23.0,29.0,54.0
2015-04-26,PED,PMCO,2,161.0,20.08695652173913,10.064412119162638,4.0,13.0,17.0,26.0,48.0
2015-04-26,PED,SO2,1,154.0,2.551948051948052,3.8722107107095045,0.0,1.0,1.0,2.0,28.0
2015-04-26,SAG,CO,15,158.0,0.8000000000000003,0.5638810011336531,0.3,0.5,0.6,0.8,3.2
2015-04-26,SAG,NO,1,158.0,19.00632911392405,36.834022080368975,0.0,2.0,5.0,16.75,220.0
2015-04-26,SAG,NO2,1,158.0,22.31645569620253,8.620142762347244,7.0,15.0,23.0,28.0,48.0
2015-04-26,SAG,NOX,1,158.0,41.360759493670884,41.11351666937141,8.0,17.25,28.0,47.5,251.0
2015-04-26,SAG,O3,1,158.0,34.55696202531646,28.521417513054338,1.0,8.25,27.5,58.5,104.0
2015-04-26,SAG,PM10,2,114.0,58.78947368421053,23.081799014336806,10.0,42.25,56.5,71.0,134.0
2015-04-26,SAG,PM2.5,2,114.0,28.87719298245614,11.49924226120562,7.0,22.0,27.0,34.0,72.0
2015-04-26,SAG,PMCO,2,114.0,29.964912280701753,15.205919797726544,1.0,19.25,28.0,36.5,81.0
2015-04-26,SAG,SO2,1,158.0,4.227848101265823,4.312474475770072,1.0,2.0,3.0,5.0,38.0
2015-04-26,SFE,CO,15,158.0,0.5436708860759496,0.21810812029956866,0.2,0.4,0.5,0.7,1.3
2015-04-26,SFE,NO,1,154.0,9.324675324675324,17.058868897550962,0.0,1.0,2.0,9.0,95.0
2015-04-26,SFE,NO2,1,154.0,20.7987012987013,11.258913604662451,3.0,12.0,20.0,29.0,48.0
2015-04-26,SFE,NOX,1,154.0,30.149350649350648,25.558796106215894,4.0,12.0,22.0,41.0,136.0
2015-04-26,SFE,O3,1,158.0,43.29113924050633,28.87272836570613,2.0,21.0,43.0,60.75,138.0
2015-04-26,SFE,PM10,2,158.0,46.05696202531646,20.136554101784398,6.0,34.0,42.5,55.75,110.0
2015-04-26,SFE,PM2.5,2,158.0,24.911392405063292,13.10194216498909,1.0,17.0,22.5,31.0,75.0
2015-04-26,SFE,PMCO,2,158.0,21.132911392405063,10.313002386376048,4.0,13.0,20.0,28.0,69.0
2015-04-26,SFE,SO2,1,158.0,1.9240506329113924,3.4632636273945367,0.0,0.0,1.0,2.0,24.0
2015-04-26,SJA,CO,15,159.0,0.6937106918238994,0.5788121330719418,0.2,0.3,0.5,0.75,3.3
2015-04-26,SJA,NO,1,159.0,29.930817610062892,51.94752945440129,1.0,3.0,6.0,32.5,271.0
2015-04-26,SJA,NO2,1,159.0,30.88050314465409,13.262378874701525,7.0,20.0,31.0,41.0,67.0
2015-04-26,SJA,NOX,1,159.0,60.76100628930818,58.2184297149506,9.0,23.0,41.0,73.5,300.0
2015-04-26,SJA,O3,1,159.0,35.17610062893082,31.199142837786347,2.0,5.5,27.0,59.0,120.0
2015-04-26,SJA,PM2.5,2,160.0,26.84375,9.511030917807851,6.0,20.0,25.0,33.25,55.0
2015-04-26,SJA,SO2,1,159.0,4.421383647798742,5.9951284525028665,1.0,2.0,2.0,5.0,39.0
2015-04-26,SUR,O3,1,161.0,37.46583850931677,28.138503659554416,1.0,13.0,32.0,60.0,118.0
2015-04-26,SUR,PM10,2,159.0,42.930817610062896,23.167830024874142,1.0,25.5,40.0,57.0,111.0
2015-04-26,TAH,CO,15,158.0,0.3829113924050638,0.26642072899370906,0.1,0.2,0.3,0.5,1.2
2015-04-26,TAH,NO,1,158.0,5.3734177215189876,7.85820531626339,1.0,1.0,2.0,5.0,38.0
2015-04-26,TAH,NO2,1,158.0,13.405063291139241,10.071741368789729,2.0,5.0,9.5,21.0,49.0
2015-04-26,TAH,NOX,1,158.0,18.848101265822784,16.199857361639033,4.0,6.0,11.0,27.75,66.0
2015-04-26,TAH,O3,1,158.0,39.74050632911393,22.666561240472994,3.0,18.0,42.0,59.0,87.0
2015-04-26,TAH,PM10,2,157.0,46.859872611464965,23.077477809218024,1.0,31.0,44.0,61.0,125.0
2015-04-26,TAH,SO2,1,158.0,2.6265822784810124,2.858631308538274,1.0,1.25,2.0,2.0,27.0
2015-04-26,TLA,CO,15,153.0,0.9398692810457515,0.5660737200085761,0.3,0.6,0.8,1.1,3.4
2015-04-26,TLA,NO,1,153.0,30.516339869281047,49.31038971539089,1.0,4.0,9.0,30.0,240.0
2015-04-26,TLA,NO2,1,153.0,34.372549019607845,13.011069352539566,11.0,26.0,33.0,42.0,71.0
2015-04-26,TLA,NOX,1,153.0,64.90196078431373,56.50660938354706,13.0,32.0,43.0,74.0,289.0
2015-04-26,TLA,O3,1,153.0,34.209150326797385,34.41821992911741,0.0,6.0,22.0,53.0,141.0
2015-04-26,TLA,PM10,2,0.0,,,,,,,
2015-04-26,TLA,PM2.5,2,0.0,,,,,,,
2015-04-26,TLA,PMCO,2,0.0,,,,,,,
2015-04-26,TLA,SO2,1,153.0,7.019607843137255,9.006920284042478,1.0,2.0,4.0,8.0,53.0
2015-04-26,TLI,CO,15,153.0,0.5333333333333335,0.4562432407574299,0.0,0.2,0.4,0.6,2.2
2015-04-26,TLI,NO,1,154.0,21.305194805194805,35.01135724641811,2.0,3.0,5.0,23.5,170.0
2015-04-26,TLI,NO2,1,154.0,27.857142857142858,11.097564103814943,8.0,19.0,28.0,36.75,62.0
2015-04-26,TLI,NOX,1,154.0,49.09090909090909,41.08342598507847,12.0,21.0,33.0,60.5,205.0
2015-04-26,TLI,O3,1,154.0,33.33766233766234,33.32043295060791,0.0,5.0,24.0,52.75,135.0
2015-04-26,TLI,PM10,2,157.0,60.66242038216561,28.40809611490056,1.0,41.0,59.0,77.0,137.0
2015-04-26,TLI,SO2,1,154.0,6.64935064935065,8.905849196027583,1.0,3.0,4.0,6.0,55.0
2015-04-26,TPN,O3,1,154.0,40.688311688311686,19.78231846696335,4.0,23.0,38.0,58.0,86.0
2015-04-26,UAX,CO,15,159.0,0.5635220125786163,0.30779357369193167,0.2,0.4,0.5,0.7,1.9
2015-04-26,UAX,NO,1,159.0,8.924528301886792,14.415422108095674,0.0,1.0,2.0,9.0,72.0
2015-04-26,UAX,NO2,1,159.0,19.553459119496857,12.712322238400757,3.0,9.0,18.0,28.0,72.0
2015-04-26,UAX,NOX,1,159.0,28.345911949685533,24.05162891438408,3.0,10.0,20.0,40.0,116.0
2015-04-26,UAX,O3,1,159.0,37.76729559748428,27.874763998218405,0.0,14.5,33.0,60.5,123.0
2015-04-26,UAX,PM2.5,2,161.0,24.62111801242236,8.350856317901536,8.0,19.0,24.0,30.0,58.0
2015-04-26,UAX,SO2,1,159.0,1.9371069182389937,3.011970914914953,0.0,1.0,1.0,2.0,20.0
2015-04-26,UIZ,CO,15,153.0,0.7705882352941177,0.5318639459165709,0.3,0.4,0.6,0.9,3.1
2015-04-26,UIZ,NO,1,153.0,15.437908496732026,29.490593965516215,0.0,1.0,2.0,15.0,174.0
2015-04-26,UIZ,NO2,1,153.0,25.862745098039216,14.515444960966946,5.0,13.0,25.0,36.0,72.0
2015-04-26,UIZ,NOX,1,153.0,41.36601307189542,39.86667775453629,6.0,15.0,28.0,53.0,217.0
2015-04-26,UIZ,O3,1,153.0,36.04575163398693,29.090905584971015,2.0,10.0,29.0,61.0,129.0
2015-04-26,UIZ,PM10,2,156.0,56.19871794871795,21.66412818367366,19.0,42.0,54.0,65.0,147.0
2015-04-26,UIZ,PM2.5,2,156.0,28.826923076923077,11.93215415294022,1.0,21.0,27.0,36.0,76.0
2015-04-26,UIZ,PMCO,2,156.0,27.352564102564102,13.89722854114793,9.0,19.0,24.0,31.0,92.0
2015-04-26,UIZ,SO2,1,153.0,3.4052287581699345,5.189105374289807,1.0,1.0,2.0,4.0,33.0
2015-04-26,VIF,CO,15,54.0,0.661111111111111,0.3911360650510865,0.3,0.4,0.5,0.7,2.0
2015-04-26,VIF,NO,1,32.0,18.25,32.01511739687181,1.0,1.0,2.5,16.75,134.0
2015-04-26,VIF,NO2,1,32.0,22.90625,7.928549373075148,9.0,16.75,23.0,29.25,38.0
2015-04-26,VIF,NOX,1,32.0,41.125,36.40077099502506,10.0,17.75,26.5,48.5,164.0
2015-04-26,VIF,O3,1,54.0,33.574074074074076,35.543543240757764,2.0,6.25,20.0,50.75,136.0
2015-04-26,VIF,PM10,2,56.0,74.03571428571429,32.82735238996689,19.0,46.75,67.5,93.0,147.0
2015-04-26,VIF,SO2,1,54.0,6.537037037037037,10.31158528332119,1.0,2.0,2.0,3.0,45.0
2015-04-26,XAL,CO,15,158.0,1.0727848101265816,0.7242521936608658,0.4,0.7,0.8,1.2,4.6
2015-04-26,XAL,NO,1,158.0,32.01898734177215,52.3737756519239,2.0,5.0,10.0,33.5,297.0
2015-04-26,XAL,NO2,1,158.0,31.018987341772153,11.345456465364542,10.0,22.0,31.0,40.0,62.0
2015-04-26,XAL,NOX,1,158.0,62.99367088607595,59.034427700746676,12.0,28.0,43.0,75.0,347.0
2015-04-26,XAL,O3,1,158.0,26.240506329113924,21.13994328965356,2.0,7.0,22.0,43.0,84.0
2015-04-26,XAL,PM10,2,160.0,76.0,34.27267646684831,30.0,51.0,66.5,93.0,249.0
2015-04-26,XAL,PM2.5,2,160.0,32.825,14.145492870644672,3.0,22.75,30.0,43.0,75.0
2015-04-26,XAL,PMCO,2,160.0,43.1625,26.518508429174073,12.0,27.75,34.0,51.25,238.0
2015-04-26,XAL,SO2,1,158.0,4.670886075949367,4.880016495188113,1.0,2.0,3.0,6.0,33.0
2015-05-03,ACO,CO,15,159.0,0.23207547169811343,0.20540813176962142,0.0,0.1,0.2,0.3,1.5
2015-05-03,ACO,NO,1,159.0,7.09433962264151,12.459957358578603,0.0,1.0,2.0,8.0,103.0
2015-05-03,ACO,NO2,1,159.0,14.81132075471698,7.4257248815666745,4.0,10.0,13.0,18.0,42.0
2015-05-03,ACO,NOX,1,159.0,21.89937106918239,18.227186180473357,5.0,11.5,15.0,27.5,142.0
2015-05-03,ACO,O3,1,159.0,37.886792452830186,26.438124833463814,1.0,15.0,33.0,62.0,105.0
2015-05-03,ACO,PM10,2,161.0,39.54037267080745,22.87902800296045,7.0,25.0,33.0,52.0,166.0
2015-05-03,ACO,SO2,1,159.0,1.3962264150943395,3.2744095378906746,0.0,0.0,1.0,1.0,35.0
2015-05-03,AJM,CO,15,115.0,0.693913043478261,0.24217108513920083,0.3,0.5,0.7,0.8,1.5
2015-05-03,AJM,NO,1,115.0,6.182608695652174,10.103484381330201,0.0,1.0,2.0,7.5,55.0
2015-05-03,AJM,NO2,1,115.0,19.660869565217393,10.229718451067006,3.0,11.0,20.0,27.0,47.0
2015-05-03,AJM,NOX,1,115.0,25.93913043478261,18.44683539470466,3.0,13.0,22.0,32.0,94.0
2015-05-03,AJM,O3,1,115.0,44.18260869565217,26.82908300500405,5.0,24.5,40.0,57.0,123.0
2015-05-03,AJM,PM10,2,112.0,38.07142857142857,10.991982570204556,17.0,30.5,38.0,45.0,75.0
2015-05-03,AJM,PM2.5,2,112.0,24.0625,6.971345792754952,12.0,19.0,23.5,28.0,40.0
2015-05-03,AJM,PMCO,2,112.0,13.973214285714286,7.584312663933271,3.0,8.75,13.0,18.0,51.0
2015-05-03,AJM,SO2,1,115.0,1.8956521739130434,2.948011262575425,0.0,1.0,1.0,1.0,17.0
2015-05-03,AJU,O3,1,137.0,37.14598540145985,21.89364000651969,2.0,19.0,37.0,51.0,94.0
2015-05-03,ATI,CO,15,159.0,0.6968553459119499,0.36775428361879714,0.3,0.4,0.6,0.9,2.4
2015-05-03,ATI,NO,1,159.0,12.974842767295597,18.648293669366065,1.0,2.0,5.0,16.5,134.0
2015-05-03,ATI,NO2,1,159.0,24.660377358490567,10.53795442204051,7.0,17.0,23.0,31.0,58.0
2015-05-03,ATI,NOX,1,159.0,37.62264150943396,26.363015723576805,8.0,19.0,29.0,49.0,171.0
2015-05-03,ATI,O3,1,159.0,30.10062893081761,25.425292641994442,2.0,8.0,23.0,47.0,105.0
2015-05-03,ATI,PM10,2,161.0,35.77639751552795,18.29924013288513,1.0,22.0,32.0,47.0,107.0
2015-05-03,ATI,SO2,1,159.0,4.773584905660377,7.182895054983738,0.0,1.0,2.0,5.0,45.0
2015-05-03,CAM,CO,15,158.0,0.9354430379746833,0.5125278863771985,0.3,0.6,0.8,1.2,3.2
2015-05-03,CAM,NO,1,158.0,23.867088607594937,37.77187718553961,1.0,4.0,8.0,30.75,204.0
2015-05-03,CAM,NO2,1,158.0,32.563291139240505,12.528913589119174,6.0,24.0,33.0,39.0,69.0
2015-05-03,CAM,NOX,1,158.0,56.449367088607595,45.76254795982427,6.0,27.0,42.0,68.75,253.0
2015-05-03,CAM,O3,1,158.0,29.689873417721518,27.519975813464733,2.0,6.0,20.0,50.75,104.0
2015-05-03,CAM,PM10,2,154.0,47.701298701298704,20.648989869145584,19.0,34.25,42.0,55.75,146.0
2015-05-03,CAM,PM2.5,2,154.0,30.37012987012987,10.448724035495982,8.0,23.25,29.0,38.0,56.0
2015-05-03,CAM,PMCO,2,154.0,17.383116883116884,15.018593291980089,3.0,9.0,13.5,20.75,120.0
2015-05-03,CAM,SO2,1,158.0,4.80379746835443,7.953254239825706,0.0,1.0,2.0,5.0,60.0
2015-05-03,CCA,CO,15,159.0,0.749685534591195,0.35806692922145966,0.2,0.5,0.7,0.9,2.3
2015-05-03,CCA,NO,1,158.0,12.544303797468354,23.712609168723855,1.0,1.0,3.0,12.75,183.0
2015-05-03,CCA,NO2,1,158.0,26.10126582278481,10.927199671233378,9.0,18.0,25.0,31.75,65.0
2015-05-03,CCA,NOX,1,158.0,38.721518987341774,31.014866666904744,10.0,20.0,29.0,44.0,224.0
2015-05-03,CCA,O3,1,159.0,33.283018867924525,31.19946690462119,1.0,9.0,23.0,48.0,127.0
2015-05-03,CCA,PM2.5,2,138.0,22.152173913043477,6.697752290922329,5.0,18.0,22.0,25.0,45.0
2015-05-03,CCA,SO2,1,159.0,3.880503144654088,4.932923209498894,1.0,2.0,2.0,3.0,27.0
2015-05-03,CHO,CO,15,155.0,0.6187096774193548,0.32389414191287813,0.3,0.4,0.5,0.7,2.0
2015-05-03,CHO,NO,1,0.0,,,,,,,
2015-05-03,CHO,NO2,1,0.0,,,,,,,
2015-05-03,CHO,NOX,1,0.0,,,,,,,
2015-05-03,CHO,O3,1,155.0,33.535483870967745,24.007379119750112,2.0,14.0,28.0,51.0,97.0
2015-05-03,CHO,PM10,2,155.0,51.81935483870968,35.9686860505696,9.0,30.0,44.0,60.5,245.0
2015-05-03,CHO,SO2,1,155.0,1.1870967741935483,0.7454371747391169,0.0,1.0,1.0,1.0,8.0
2015-05-03,COY,NO,1,155.0,14.980645161290322,26.94883824393824,0.0,3.0,5.0,12.5,177.0
2015-05-03,COY,NO2,1,155.0,28.225806451612904,11.243207696780537,11.0,21.0,25.0,35.0,88.0
2015-05-03,COY,NOX,1,155.0,43.23225806451613,34.42832180444805,12.0,24.0,32.0,45.5,221.0
2015-05-03,COY,O3,1,155.0,33.05806451612903,29.35767753068709,2.0,10.5,23.0,49.5,124.0
2015-05-03,COY,PM2.5,2,154.0,29.883116883116884,9.484040982555802,12.0,23.0,28.0,34.0,59.0
2015-05-03,CUA,CO,15,156.0,0.6230769230769232,0.2409246044147568,0.3,0.5,0.6,0.8,1.4
2015-05-03,CUA,NO,1,156.0,8.987179487179487,11.773117097308226,1.0,3.0,4.0,9.0,60.0
2015-05-03,CUA,NO2,1,156.0,21.141025641025642,10.239990371686952,4.0,13.0,20.0,28.0,49.0
2015-05-03,CUA,NOX,1,156.0,30.153846153846153,19.87741589168515,5.0,17.0,25.0,37.25,92.0
2015-05-03,CUA,O3,1,156.0,36.166666666666664,22.189167171954566,2.0,21.0,34.0,49.25,102.0
2015-05-03,CUA,PM10,2,161.0,34.17391304347826,12.316942202405247,7.0,26.0,32.0,41.0,77.0
2015-05-03,CUA,SO2,1,156.0,2.9743589743589745,4.227328475295946,1.0,1.0,1.0,3.0,24.0
2015-05-03,CUT,NO,1,153.0,15.581699346405228,29.4239909228858,0.0,1.0,4.0,16.0,213.0
2015-05-03,CUT,NO2,1,153.0,23.33986928104575,11.408770517441495,4.0,14.0,22.0,31.0,58.0
2015-05-03,CUT,NOX,1,153.0,38.93464052287582,36.62679368746156,5.0,17.0,29.0,49.0,271.0
2015-05-03,CUT,O3,1,153.0,28.797385620915033,16.47700130689512,3.0,16.0,29.0,41.0,64.0
2015-05-03,CUT,PM10,2,155.0,54.69032258064516,35.34423808033894,3.0,31.5,49.0,66.5,220.0
2015-05-03,CUT,SO2,1,153.0,4.607843137254902,6.545624587340012,1.0,1.0,2.0,4.0,47.0
2015-05-03,FAC,CO,15,118.0,0.8694915254237289,0.6195543579797255,0.3,0.4,0.6499999999999999,1.175,4.1
2015-05-03,FAC,NO,1,118.0,26.93220338983051,43.63205298968905,0.0,3.25,10.0,33.0,295.0
2015-05-03,FAC,NO2,1,118.0,29.008474576271187,14.408862279274821,6.0,19.0,26.5,36.75,99.0
2015-05-03,FAC,NOX,1,118.0,55.97457627118644,51.94531343081642,6.0,22.25,37.5,72.0,330.0
2015-05-03,FAC,O3,1,118.0,27.406779661016948,22.049763953282586,4.0,9.25,20.0,40.75,104.0
2015-05-03,FAC,PM10,2,114.0,44.833333333333336,33.34133384813602,1.0,21.0,39.0,59.0,183.0
2015-05-03,FAC,SO2,1,118.0,5.838983050847458,6.236054991976751,2.0,2.0,4.0,6.0,35.0
2015-05-03,HGM,CO,15,159.0,0.8616352201257863,0.34435754566732046,0.4,0.6,0.8,1.0,2.4
2015-05-03,HGM,NO,1,158.0,15.512658227848101,21.772634416839082,0.0,2.0,7.0,21.0,149.0
2015-05-03,HGM,NO2,1,158.0,30.20253164556962,10.105027753877545,10.0,23.25,28.5,35.75,69.0
2015-05-03,HGM,NOX,1,158.0,45.69620253164557,28.645362639945866,10.0,27.0,36.0,54.75,198.0
2015-05-03,HGM,O3,1,159.0,26.534591194968552,23.913022741502555,1.0,6.5,19.0,42.5,92.0
2015-05-03,HGM,PM10,2,157.0,48.547770700636946,20.628411407034072,4.0,34.0,47.0,59.0,148.0
2015-05-03,HGM,PM2.5,2,157.0,28.993630573248407,13.467195097188053,1.0,21.0,30.0,38.0,75.0
2015-05-03,HGM,PMCO,2,157.0,19.528662420382165,12.761400388126633,2.0,13.0,17.0,23.0,118.0
2015-05-03,HGM,SO2,1,159.0,4.327044025157233,6.637538867650301,1.0,1.0,2.0,4.0,45.0
2015-05-03,IZT,CO,15,159.0,1.0729559748427675,0.5782651416079699,0.5,0.7,0.9,1.3,4.0
2015-05-03,IZT,NO,1,159.0,21.07547169811321,33.075392813154124,1.0,3.0,7.0,28.0,205.0
2015-05-03,IZT,NO2,1,159.0,32.55974842767296,11.073740860484834,15.0,24.0,31.0,38.0,85.0
2015-05-03,IZT,NOX,1,159.0,53.61635220125786,41.12820319442307,17.0,28.0,38.0,64.0,255.0
2015-05-03,IZT,O3,1,159.0,35.55974842767296,32.32833753120083,3.0,9.0,23.0,55.5,135.0
2015-05-03,IZT,PM10,2,161.0,38.22981366459627,14.292589184261267,13.0,30.0,36.0,44.0,104.0
2015-05-03,IZT,SO2,1,159.0,4.138364779874214,5.389250890173203,1.0,2.0,2.0,4.0,45.0
2015-05-03,LLA,CO,15,159.0,0.5452830188679245,0.46710773337982076,0.0,0.2,0.4,0.7,2.4
2015-05-03,LLA,NO,1,157.0,18.471337579617835,30.302441407429452,0.0,2.0,5.0,22.0,165.0
2015-05-03,LLA,NO2,1,157.0,25.585987261146496,10.735780450047942,7.0,17.0,24.0,33.0,64.0
2015-05-03,LLA,NOX,1,157.0,44.044585987261144,37.273133231393174,8.0,19.0,31.0,52.0,200.0
2015-05-03,LLA,O3,1,159.0,31.9811320754717,30.31824276372089,1.0,7.0,23.0,52.5,122.0
2015-05-03,LLA,SO2,1,159.0,2.8176100628930816,4.642750365991128,0.0,1.0,1.0,3.0,36.0
2015-05-03,LPR,CO,15,156.0,0.6371794871794871,0.4621433863120767,0.0,0.4,0.5,0.9,2.8
2015-05-03,LPR,NO,1,0.0,,,,,,,
2015-05-03,LPR,NO2,1,0.0,,,,,,,
2015-05-03,LPR,NOX,1,0.0,,,,,,,
2015-05-03,LPR,O3,1,156.0,24.756410256410255,21.22213445677818,1.0,6.0,21.0,36.25,94.0
2015-05-03,LPR,SO2,1,155.0,2.8451612903225807,3.7401679514408666,0.0,1.0,2.0,3.0,25.0
2015-05-03,MER,CO,15,157.0,1.0452229299363056,0.42205933777023913,0.5,0.8,0.9,1.2,2.6
2015-05-03,MER,NO,1,157.0,23.605095541401273,27.99651030492254,2.0,6.0,11.0,28.0,129.0
2015-05-03,MER,NO2,1,157.0,35.968152866242036,8.604873680270106,20.0,30.0,34.0,40.0,67.0
2015-05-03,MER,NOX,1,157.0,59.605095541401276,33.154795832421165,24.0,37.0,48.0,66.0,191.0
2015-05-03,MER,O3,1,157.0,30.178343949044585,29.13155465688528,2.0,7.0,20.0,45.0,121.0
2015-05-03,MER,PM10,2,159.0,49.77358490566038,17.48920988448501,7.0,38.0,46.0,61.0,127.0
2015-05-03,MER,PM2.5,2,159.0,30.654088050314467,11.1502894447211,1.0,23.0,30.0,37.5,60.0
2015-05-03,MER,PMCO,2,159.0,19.11320754716981,10.065595703271358,4.0,13.0,17.0,23.0,96.0
2015-05-03,MER,SO2,1,157.0,4.356687898089172,6.855666511626328,1.0,1.0,2.0,4.0,55.0
2015-05-03,MGH,CO,15,158.0,0.7139240506329114,0.3843214476017083,0.3,0.5,0.6,0.9,2.7
2015-05-03,MGH,NO,1,158.0,19.18354430379747,28.212306707858527,0.0,4.0,7.5,24.75,192.0
2015-05-03,MGH,NO2,1,158.0,27.765822784810126,12.273511284673953,4.0,18.25,28.5,33.0,85.0
2015-05-03,MGH,NOX,1,158.0,46.962025316455694,36.49847498357629,5.0,23.0,37.0,61.75,235.0
2015-05-03,MGH,O3,1,158.0,30.4873417721519,28.130437159767798,0.0,7.0,20.0,45.75,116.0
2015-05-03,MGH,PM10,2,154.0,38.65584415584416,13.516574125129823,17.0,30.0,34.5,43.75,92.0
2015-05-03,MGH,PM2.5,2,154.0,26.623376623376622,9.232705381122774,8.0,20.0,25.0,30.0,54.0
2015-05-03,MGH,PMCO,2,154.0,12.019480519480519,7.765745783343248,3.0,7.0,10.0,15.0,58.0
2015-05-03,MGH,SO2,1,158.0,3.5063291139240507,5.6351341383534175,0.0,1.0,1.0,3.0,33.0
2015-05-03,MON,CO,15,156.0,0.41089743589743594,0.2836567025413091,0.1,0.2,0.3,0.5,2.0
2015-05-03,MON,NO,1,156.0,8.865384615384615,21.926000632173782,0.0,1.0,2.0,6.0,171.0
2015-05-03,MON,NO2,1,156.0,15.993589743589743,7.546412772985668,7.0,10.0,14.0,20.0,48.0
2015-05-03,MON,NOX,1,156.0,24.78846153846154,26.164494438661904,7.0,12.0,15.0,28.0,201.0
2015-05-03,MON,O3,1,156.0,34.73076923076923,24.73663761902149,1.0,14.0,31.0,53.0,114.0
2015-05-03,MON,SO2,1,156.0,0.9807692307692307,0.7575099602977989,0.0,1.0,1.0,1.0,5.0
2015-05-03,NEZ,CO,15,90.0,0.7366666666666669,0.35929081207352037,0.2,0.5,0.7,0.9,2.2
2015-05-03,NEZ,NO,1,90.0,9.444444444444445,18.974916092018066,0.0,1.0,3.0,8.0,125.0
2015-05-03,NEZ,NO2,1,90.0,25.31111111111111,9.52659723780405,10.0,17.25,23.0,33.0,50.0
2015-05-03,NEZ,NOX,1,90.0,34.62222222222222,24.352088611150865,10.0,20.0,28.0,43.0,162.0
2015-05-03,NEZ,O3,1,90.0,41.48888888888889,34.29424705069397,0.0,14.5,34.5,60.5,143.0
2015-05-03,NEZ,PM2.5,2,92.0,23.32608695652174,9.096683003308687,9.0,17.0,23.0,27.0,74.0
2015-05-03,NEZ,SO2,1,90.0,2.2888888888888888,3.2782718263272335,0.0,1.0,1.0,2.0,18.0
2015-05-03,PED,CO,15,159.0,0.5597484276729559,0.35330617425470967,0.2,0.3,0.5,0.6499999999999999,2.9
2015-05-03,PED,NO,1,159.0,9.729559748427674,18.742993808182298,0.0,1.0,3.0,8.5,153.0
2015-05-03,PED,NO2,1,159.0,24.654088050314467,11.834827075891251,6.0,15.0,23.0,32.0,71.0
2015-05-03,PED,NOX,1,159.0,34.35849056603774,28.100921877501037,6.0,17.0,27.0,40.0,213.0
2015-05-03,PED,O3,1,159.0,36.540880503144656,31.12952567643878,2.0,13.0,26.0,50.5,133.0
2015-05-03,PED,PM10,2,147.0,42.35374149659864,16.806229569527996,6.0,29.0,40.0,51.0,100.0
2015-05-03,PED,PM2.5,2,147.0,25.299319727891156,10.77695090305866,1.0,18.0,24.0,32.0,56.0
2015-05-03,PED,PMCO,2,147.0,17.040816326530614,10.12110067043607,5.0,9.5,15.0,22.0,59.0
2015-05-03,PED,SO2,1,159.0,3.1823899371069184,5.078940567679911,0.0,1.0,1.0,2.0,34.0
2015-05-03,SAG,CO,15,159.0,0.8364779874213832,0.41037515773009436,0.2,0.6,0.8,1.0,2.8
2015-05-03,SAG,NO,1,159.0,14.660377358490566,23.321319140198263,0.0,2.0,6.0,17.0,174.0
2015-05-03,SAG,NO2,1,159.0,24.968553459119498,9.74317117796545,6.0,17.5,24.0,31.5,53.0
2015-05-03,SAG,NOX,1,159.0,39.61635220125786,28.439987613747416,6.0,20.0,33.0,47.5,206.0
2015-05-03,SAG,O3,1,159.0,34.327044025157235,31.623876746019235,1.0,10.5,25.0,49.5,133.0
2015-05-03,SAG,PM10,2,0.0,,,,,,,
2015-05-03,SAG,PM2.5,2,0.0,,,,,,,
2015-05-03,SAG,PMCO,2,0.0,,,,,,,
2015-05-03,SAG,SO2,1,159.0,3.6729559748427674,4.926673532210775,0.0,2.0,2.0,3.0,41.0
2015-05-03,SFE,CO,15,158.0,0.5240506329113921,0.22585446521642116,0.1,0.4,0.5,0.7,1.2
2015-05-03,SFE,NO,1,155.0,8.729032258064516,13.669717065170364,0.0,1.0,3.0,11.0,75.0
2015-05-03,SFE,NO2,1,155.0,22.84516129032258,10.633896999496212,6.0,14.0,21.0,30.0,59.0
2015-05-03,SFE,NOX,1,155.0,31.6,21.842589161972118,6.0,16.0,26.0,40.5,116.0
2015-05-03,SFE,O3,1,159.0,35.106918238993714,27.26536059809049,0.0,15.0,30.0,48.0,119.0
2015-05-03,SFE,PM10,2,161.0,42.391304347826086,15.310198362955436,17.0,31.0,40.0,51.0,86.0
2015-05-03,SFE,PM2.5,2,161.0,25.19254658385093,11.008812111185245,4.0,18.0,22.0,30.0,65.0
2015-05-03,SFE,PMCO,2,161.0,17.204968944099377,8.606769147321168,5.0,11.0,15.0,22.0,43.0
2015-05-03,SFE,SO2,1,158.0,2.348101265822785,3.5331500446609345,0.0,1.0,1.0,2.0,17.0
2015-05-03,SJA,CO,15,159.0,0.6301886792452834,0.4370144273870682,0.2,0.4,0.5,0.8,2.5
2015-05-03,SJA,NO,1,159.0,22.830188679245282,38.12109412192654,1.0,2.0,6.0,25.5,231.0
2015-05-03,SJA,NO2,1,159.0,31.767295597484278,11.560076961196145,10.0,22.0,31.0,39.0,60.0
2015-05-03,SJA,NOX,1,159.0,54.59748427672956,44.075183105495746,11.0,25.5,41.0,67.5,264.0
2015-05-03,SJA,O3,1,159.0,35.691823899371066,34.33563851115619,3.0,8.0,24.0,59.5,141.0
2015-05-03,SJA,PM2.5,2,160.0,24.73125,7.981678607675607,3.0,20.0,25.0,30.0,46.0
2015-05-03,SJA,SO2,1,159.0,2.893081761006289,3.6258411419895005,1.0,1.0,2.0,3.0,24.0
2015-05-03,SUR,O3,1,90.0,29.944444444444443,28.033832333554898,1.0,8.25,22.0,39.5,112.0
2015-05-03,SUR,PM10,2,158.0,37.936708860759495,23.116069229333405,1.0,26.0,35.0,45.0,202.0
2015-05-03,TAH,CO,15,151.0,0.38543046357615873,0.3000882872296925,0.1,0.2,0.3,0.4,1.9
2015-05-03,TAH,NO,1,151.0,5.317880794701987,10.979599786833257,1.0,1.0,2.0,3.0,87.0
2015-05-03,TAH,NO2,1,151.0,14.298013245033113,8.259777803296126,4.0,8.5,11.0,19.5,43.0
2015-05-03,TAH,NOX,1,151.0,19.695364238410598,17.091125719695786,6.0,10.0,13.0,23.5,117.0
2015-05-03,TAH,O3,1,151.0,40.602649006622514,25.531961530651127,4.0,20.0,35.0,57.5,116.0
2015-05-03,TAH,PM10,2,153.0,37.50326797385621,26.464256973223772,1.0,23.0,31.0,43.0,211.0
2015-05-03,TAH,SO2,1,151.0,1.781456953642384,0.8397939408775569,1.0,1.0,2.0,2.0,6.0
2015-05-03,TLA,CO,15,154.0,0.8948051948051947,0.46199230503059047,0.3,0.6,0.8,1.1,2.9
2015-05-03,TLA,NO,1,153.0,24.163398692810457,34.04437072184734,0.0,5.0,12.0,29.0,181.0
2015-05-03,TLA,NO2,1,153.0,34.50326797385621,12.196917310602089,8.0,26.0,33.0,41.0,80.0
2015-05-03,TLA,NOX,1,153.0,58.6797385620915,41.67680372044205,9.0,33.0,47.0,69.0,241.0
2015-05-03,TLA,O3,1,154.0,26.48051948051948,25.78397454852967,0.0,4.0,16.5,45.0,99.0
2015-05-03,TLA,PM10,2,92.0,48.52173913043478,16.184022959078824,22.0,36.0,44.0,55.25,99.0
2015-05-03,TLA,PM2.5,2,92.0,30.108695652173914,10.334468647977252,8.0,22.75,30.0,35.0,52.0
2015-05-03,TLA,PMCO,2,92.0,18.358695652173914,9.694885387439362,7.0,12.0,15.0,21.25,53.0
2015-05-03,TLA,SO2,1,154.0,6.318181818181818,9.36807577528235,0.0,2.0,3.0,6.0,65.0
2015-05-03,TLI,CO,15,159.0,0.4534591194968554,0.4355674131744395,0.0,0.2,0.4,0.6,2.9
2015-05-03,TLI,NO,1,159.0,17.11949685534591,28.896227422259035,2.0,3.0,6.0,16.0,228.0
2015-05-03,TLI,NO2,1,159.0,28.440251572327043,11.359260536509876,9.0,19.0,28.0,35.5,66.0
2015-05-03,TLI,NOX,1,159.0,45.59119496855346,36.77561345192685,12.0,23.0,35.0,52.5,286.0
2015-05-03,TLI,O3,1,159.0,28.11320754716981,23.67581181212126,0.0,9.0,23.0,43.0,92.0
2015-05-03,TLI,PM10,2,160.0,51.625,30.818549915074275,1.0,31.0,45.0,62.5,210.0
2015-05-03,TLI,SO2,1,159.0,4.559748427672956,6.651916250955694,0.0,1.0,2.0,4.0,39.0
2015-05-03,TPN,O3,1,149.0,34.34228187919463,24.837790467317856,4.0,16.0,29.0,46.0,112.0
2015-05-03,UAX,CO,15,159.0,0.6522012578616352,0.3135820967319606,0.3,0.5,0.5,0.8,2.4
2015-05-03,UAX,NO,1,159.0,10.050314465408805,18.143869049287737,0.0,1.0,3.0,11.0,145.0
2015-05-03,UAX,NO2,1,159.0,21.77987421383648,10.47036069811516,6.0,15.0,20.0,27.0,59.0
2015-05-03,UAX,NOX,1,159.0,31.861635220125788,25.712745691194034,7.0,16.0,23.0,37.0,197.0
2015-05-03,UAX,O3,1,159.0,35.937106918238996,30.99626060227168,0.0,11.0,26.0,55.0,141.0
2015-05-03,UAX,PM2.5,2,159.0,23.635220125786162,6.745295016254016,7.0,19.0,23.0,28.0,43.0
2015-05-03,UAX,SO2,1,159.0,1.3144654088050314,2.3496252455832085,0.0,0.0,1.0,1.0,15.0
2015-05-03,UIZ,CO,15,159.0,0.7132075471698115,0.3785570885741912,0.3,0.4,0.6,0.9,2.0
2015-05-03,UIZ,NO,1,159.0,11.654088050314465,18.00280829759048,0.0,1.0,3.0,15.0,96.0
2015-05-03,UIZ,NO2,1,159.0,27.20754716981132,12.298026738752226,7.0,17.0,25.0,35.0,79.0
2015-05-03,UIZ,NOX,1,159.0,38.83018867924528,27.860231524470265,7.0,19.0,28.0,49.0,140.0
2015-05-03,UIZ,O3,1,159.0,37.679245283018865,31.891294942314325,2.0,11.0,30.0,58.5,144.0
2015-05-03,UIZ,PM10,2,159.0,48.9937106918239,19.642210056163602,9.0,37.0,47.0,59.5,151.0
2015-05-03,UIZ,PM2.5,2,159.0,29.962264150943398,11.916846278312143,5.0,21.0,30.0,37.0,86.0
2015-05-03,UIZ,PMCO,2,159.0,19.031446540880502,12.711213719523007,2.0,12.0,16.0,22.5,117.0
2015-05-03,UIZ,SO2,1,159.0,2.207547169811321,2.5109266827817236,1.0,1.0,1.0,2.0,18.0
2015-05-03,VIF,CO,15,0.0,,,,,,,
2015-05-03,VIF,NO,1,0.0,,,,,,,
2015-05-03,VIF,NO2,1,0.0,,,,,,,
2015-05-03,VIF,NOX,1,0.0,,,,,,,
2015-05-03,VIF,O3,1,0.0,,,,,,,
2015-05-03,VIF,PM10,2,0.0,,,,,,,
2015-05-03,VIF,SO2,1,0.0,,,,,,,
2015-05-03,XAL,CO,15,159.0,1.1314465408805032,0.6004363776812843,0.5,0.7,0.9,1.3,4.3
2015-05-03,XAL,NO,1,159.0,32.55345911949686,46.64091860793129,1.0,6.0,14.0,41.5,296.0
2015-05-03,XAL,NO2,1,159.0,35.540880503144656,10.724833443199213,15.0,27.0,35.0,42.0,64.0
2015-05-03,XAL,NOX,1,159.0,68.17610062893081,52.29886541732217,20.0,35.0,51.0,83.0,355.0
2015-05-03,XAL,O3,1,159.0,24.10062893081761,21.97875699614546,2.0,6.0,17.0,37.0,91.0
2015-05-03,XAL,PM10,2,160.0,69.175,38.76287369840492,17.0,52.0,63.5,77.25,426.0
2015-05-03,XAL,PM2.5,2,160.0,33.45,12.418691532165102,7.0,25.0,32.5,41.0,73.0
2015-05-03,XAL,PMCO,2,160.0,35.71875,33.5499574698153,4.0,22.75,30.5,38.0,381.0
2015-05-03,XAL,SO2,1,159.0,4.578616352201258,5.1378265214525385,1.0,2.0,3.0,5.0,41.0
2015-05-10,ACO,CO,15,159.0,0.23333333333333361,0.17883825754818017,0.0,0.1,0.2,0.3,1.1
2015-05-10,ACO,NO,1,159.0,8.081761006289309,15.801765865692547,0.0,1.0,2.0,9.0,136.0
2015-05-10,ACO,NO2,1,159.0,14.345911949685535,7.246114123510081,3.0,8.0,15.0,19.0,39.0
2015-05-10,ACO,NOX,1,159.0,22.471698113207548,19.344253495565354,4.0,10.0,17.0,28.0,151.0
2015-05-10,ACO,O3,1,159.0,37.35849056603774,27.873875755013383,1.0,10.0,34.0,60.0,109.0
2015-05-10,ACO,PM10,2,157.0,33.48407643312102,20.232496422372108,3.0,21.0,32.0,41.0,170.0
2015-05-10,ACO,SO2,1,159.0,1.4842767295597483,3.018624353282007,0.0,0.0,1.0,1.0,28.0
2015-05-10,AJM,CO,15,109.0,0.5238532110091741,0.17421734114945775,0.3,0.4,0.5,0.6,1.1
2015-05-10,AJM,NO,1,109.0,3.5871559633027523,6.127066558667297,0.0,0.0,1.0,3.0,33.0
2015-05-10,AJM,NO2,1,109.0,13.908256880733944,6.811674733436855,3.0,8.0,14.0,19.0,30.0
2015-05-10,AJM,NOX,1,109.0,17.53211009174312,11.267429960452096,4.0,9.0,15.0,24.0,58.0
2015-05-10,AJM,O3,1,109.0,54.5045871559633,28.71011689451126,14.0,34.0,47.0,67.0,155.0
2015-05-10,AJM,PM10,2,109.0,25.587155963302752,13.439308713189574,3.0,15.0,24.0,37.0,60.0
2015-05-10,AJM,PM2.5,2,109.0,16.807339449541285,9.084456672862418,1.0,10.0,16.0,22.0,40.0
2015-05-10,AJM,PMCO,2,109.0,8.752293577981652,5.359581180608469,1.0,5.0,8.0,13.0,22.0
2015-05-10,AJM,SO2,1,109.0,1.944954128440367,2.31274593240942,0.0,1.0,1.0,2.0,12.0
2015-05-10,AJU,O3,1,76.0,40.60526315789474,24.823687046780364,0.0,21.75,37.5,63.25,87.0
2015-05-10,ATI,CO,15,158.0,0.7917721518987342,0.5032335175962376,0.2,0.4,0.6,1.0,2.8
2015-05-10,ATI,NO,1,158.0,17.20886075949367,28.944720825428906,1.0,2.0,4.0,15.75,142.0
2015-05-10,ATI,NO2,1,158.0,25.075949367088608,14.343175346807518,5.0,15.0,22.0,31.0,88.0
2015-05-10,ATI,NOX,1,158.0,42.30379746835443,36.35243425044931,7.0,19.0,28.0,55.5,176.0
2015-05-10,ATI,O3,1,158.0,35.79113924050633,32.96611922153197,1.0,9.25,24.5,58.5,153.0
2015-05-10,ATI,PM10,2,157.0,30.191082802547772,22.756270975092068,1.0,14.0,26.0,41.0,131.0
2015-05-10,ATI,SO2,1,158.0,3.588607594936709,4.774040400240309,0.0,1.0,2.0,4.0,23.0
2015-05-10,CAM,CO,15,159.0,1.10440251572327,0.6460538355854285,0.4,0.7,0.9,1.3,3.6
2015-05-10,CAM,NO,1,157.0,30.802547770700638,47.230943720714556,2.0,4.0,9.0,35.0,266.0
2015-05-10,CAM,NO2,1,157.0,36.68789808917197,14.630865469950988,16.0,27.0,33.0,46.0,92.0
2015-05-10,CAM,NOX,1,157.0,67.52866242038216,52.96800685435019,18.0,33.0,45.0,85.0,301.0
2015-05-10,CAM,O3,1,159.0,35.471698113207545,36.06250047860029,2.0,5.0,23.0,56.0,147.0
2015-05-10,CAM,PM10,2,161.0,44.701863354037265,19.508602179710657,8.0,33.0,44.0,58.0,98.0
2015-05-10,CAM,PM2.5,2,161.0,30.751552795031056,14.845045914336461,5.0,20.0,30.0,39.0,69.0
2015-05-10,CAM,PMCO,2,161.0,14.012422360248447,7.055128965546761,2.0,9.0,13.0,18.0,39.0
2015-05-10,CAM,SO2,1,159.0,3.49685534591195,3.324009729449421,0.0,1.0,2.0,5.0,24.0
2015-05-10,CCA,CO,15,159.0,0.5490566037735852,0.35308189685915436,0.1,0.3,0.5,0.6,2.0
2015-05-10,CCA,NO,1,155.0,14.406451612903226,28.180700952218324,0.0,2.0,3.0,11.0,135.0
2015-05-10,CCA,NO2,1,155.0,23.741935483870968,9.10604103013839,8.0,16.0,21.0,30.0,48.0
2015-05-10,CCA,NOX,1,155.0,38.12258064516129,32.33496267941009,9.0,19.0,26.0,42.5,177.0
2015-05-10,CCA,O3,1,159.0,40.18867924528302,38.88056522276951,2.0,8.0,27.0,64.0,156.0
2015-05-10,CCA,PM2.5,2,161.0,18.29813664596273,7.989715827625608,1.0,13.0,19.0,24.0,38.0
2015-05-10,CCA,SO2,1,159.0,2.5157232704402515,2.2243057398212818,1.0,1.0,2.0,3.0,16.0
2015-05-10,CHO,CO,15,156.0,0.6243589743589743,0.3328027207689254,0.2,0.4,0.5,0.7,2.4
2015-05-10,CHO,NO,1,0.0,,,,,,,
2015-05-10,CHO,NO2,1,0.0,,,,,,,
2015-05-10,CHO,NOX,1,0.0,,,,,,,
2015-05-10,CHO,O3,1,156.0,41.56410256410256,28.98969327129224,2.0,16.75,37.0,64.25,108.0
2015-05-10,CHO,PM10,2,156.0,42.083333333333336,23.02003568656557,1.0,25.0,43.0,57.0,142.0
2015-05-10,CHO,SO2,1,156.0,1.7371794871794872,1.5202384341308983,0.0,1.0,1.0,2.0,8.0
2015-05-10,COY,NO,1,155.0,14.019354838709678,24.713808897667214,0.0,2.0,4.0,11.5,146.0
2015-05-10,COY,NO2,1,155.0,26.574193548387097,9.846845619973664,11.0,19.0,25.0,31.0,60.0
2015-05-10,COY,NOX,1,155.0,40.561290322580646,28.885372173419942,12.0,22.0,31.0,49.0,192.0
2015-05-10,COY,O3,1,155.0,38.038709677419355,37.11195485459439,1.0,7.0,27.0,62.0,148.0
2015-05-10,COY,PM2.5,2,153.0,25.718954248366014,12.166313239703195,2.0,17.0,26.0,33.0,57.0
2015-05-10,CUA,CO,15,159.0,0.6018867924528304,0.2797991363875001,0.3,0.4,0.5,0.7,1.8
2015-05-10,CUA,NO,1,159.0,12.276729559748428,25.704728410435433,1.0,2.0,4.0,9.0,167.0
2015-05-10,CUA,NO2,1,159.0,23.37735849056604,9.925468611379578,6.0,16.0,22.0,29.0,53.0
2015-05-10,CUA,NOX,1,159.0,35.65408805031446,30.79433356995268,7.0,19.0,28.0,40.5,197.0
2015-05-10,CUA,O3,1,159.0,46.503144654088054,32.364395621927095,2.0,24.5,40.0,60.5,146.0
2015-05-10,CUA,PM10,2,159.0,30.729559748427672,16.41151399405624,1.0,21.0,30.0,39.5,116.0
2015-05-10,CUA,SO2,1,159.0,2.89937106918239,4.364985780935067,1.0,1.0,2.0,2.5,33.0
2015-05-10,CUT,NO,1,159.0,17.270440251572328,27.113377877563206,1.0,2.0,4.0,20.0,126.0
2015-05-10,CUT,NO2,1,159.0,23.9748427672956,13.51649235710502,4.0,14.5,21.0,32.0,67.0
2015-05-10,CUT,NOX,1,159.0,41.22641509433962,34.704161011289294,5.0,16.5,30.0,57.0,190.0
2015-05-10,CUT,O3,1,159.0,30.767295597484278,21.235626551740374,3.0,11.5,28.0,48.0,92.0
2015-05-10,CUT,PM10,2,159.0,49.874213836477985,35.071670225188356,1.0,23.5,43.0,65.0,167.0
2015-05-10,CUT,SO2,1,159.0,3.220125786163522,5.557123150119731,0.0,1.0,1.0,2.0,33.0
2015-05-10,FAC,CO,15,88.0,0.7022727272727268,0.6218210691238032,0.1,0.3,0.5,0.8250000000000001,3.4
2015-05-10,FAC,NO,1,88.0,26.28409090909091,43.98404853581393,0.0,4.0,9.0,25.25,239.0
2015-05-10,FAC,NO2,1,88.0,26.681818181818183,15.55379648709486,10.0,16.0,23.0,32.0,101.0
2015-05-10,FAC,NOX,1,88.0,52.98863636363637,48.83551899345907,12.0,22.75,35.5,63.5,253.0
2015-05-10,FAC,O3,1,88.0,35.79545454545455,28.58749790682323,3.0,9.75,27.0,60.25,107.0
2015-05-10,FAC,PM10,2,90.0,37.111111111111114,22.428134640907203,1.0,19.25,35.0,50.5,105.0
2015-05-10,FAC,SO2,1,88.0,5.25,5.789904015244737,1.0,2.0,3.0,6.0,33.0
2015-05-10,HGM,CO,15,157.0,0.977707006369426,0.4032875677756395,0.4,0.7,0.9,1.2,2.8
2015-05-10,HGM,NO,1,155.0,16.825806451612902,24.428838713115013,0.0,1.5,5.0,20.0,124.0
2015-05-10,HGM,NO2,1,155.0,33.49677419354839,13.112586495102239,14.0,23.0,31.0,42.0,71.0
2015-05-10,HGM,NOX,1,155.0,50.270967741935486,31.811602407906033,15.0,26.0,40.0,64.5,183.0
2015-05-10,HGM,O3,1,157.0,31.687898089171973,30.464955382391203,1.0,5.0,23.0,53.0,122.0
2015-05-10,HGM,PM10,2,152.0,42.7828947368421,19.337339155239018,5.0,30.0,42.0,57.0,96.0
2015-05-10,HGM,PM2.5,2,152.0,27.25657894736842,14.296527022589553,1.0,15.75,26.0,37.0,69.0
2015-05-10,HGM,PMCO,2,152.0,15.506578947368421,6.934888006492982,2.0,10.0,15.0,20.0,36.0
2015-05-10,HGM,SO2,1,157.0,2.9426751592356686,2.694348401834612,1.0,1.0,2.0,4.0,15.0
2015-05-10,IZT,CO,15,157.0,1.1095541401273874,0.6349624902600443,0.4,0.7,0.9,1.3,5.1
2015-05-10,IZT,NO,1,157.0,21.777070063694268,35.95520694899501,0.0,3.0,6.0,18.0,243.0
2015-05-10,IZT,NO2,1,157.0,33.43312101910828,12.163034522130674,14.0,24.0,32.0,41.0,70.0
2015-05-10,IZT,NOX,1,157.0,55.254777070063696,40.89368712778431,15.0,27.0,44.0,66.0,277.0
2015-05-10,IZT,O3,1,157.0,39.45859872611465,36.726551990362054,3.0,8.0,27.0,64.0,160.0
2015-05-10,IZT,PM10,2,157.0,32.382165605095544,13.99658155694066,4.0,23.0,32.0,40.0,74.0
2015-05-10,IZT,SO2,1,113.0,2.938053097345133,2.155902138982608,1.0,2.0,2.0,3.0,12.0
2015-05-10,LLA,CO,15,159.0,0.7842767295597485,0.5673092821999732,0.2,0.4,0.6,0.9,3.5
2015-05-10,LLA,NO,1,159.0,23.51572327044025,42.200974154259804,0.0,2.0,5.0,24.5,239.0
2015-05-10,LLA,NO2,1,159.0,25.635220125786162,12.422122662354441,5.0,16.0,24.0,34.0,64.0
2015-05-10,LLA,NOX,1,159.0,49.081761006289305,48.31410525405064,8.0,17.5,33.0,62.0,274.0
2015-05-10,LLA,O3,1,159.0,35.65408805031446,33.248391494620314,1.0,4.0,28.0,58.5,130.0
2015-05-10,LLA,SO2,1,159.0,3.0440251572327046,2.352875730227747,1.0,2.0,2.0,4.0,17.0
2015-05-10,LPR,CO,15,155.0,0.6161290322580648,0.40651893631198327,0.0,0.35,0.5,0.8,2.1
2015-05-10,LPR,NO,1,0.0,,,,,,,
2015-05-10,LPR,NO2,1,0.0,,,,,,,
2015-05-10,LPR,NOX,1,0.0,,,,,,,
2015-05-10,LPR,O3,1,155.0,33.645161290322584,29.440616421298383,1.0,9.0,26.0,50.0,113.0
2015-05-10,LPR,SO2,1,155.0,3.109677419354839,2.6150606308570046,1.0,2.0,2.0,3.0,20.0
2015-05-10,MER,CO,15,159.0,1.3566037735849057,0.6551189187523047,0.6,0.9,1.2,1.6,4.0
2015-05-10,MER,NO,1,159.0,31.60377358490566,39.72675960493009,0.0,6.0,14.0,39.0,177.0
2015-05-10,MER,NO2,1,159.0,38.57232704402516,14.28749081951347,15.0,27.0,36.0,48.0,85.0
2015-05-10,MER,NOX,1,159.0,70.17610062893081,45.635808529505724,16.0,37.0,57.0,86.5,241.0
2015-05-10,MER,O3,1,159.0,34.943396226415096,36.36928132140751,2.0,4.5,22.0,52.5,148.0
2015-05-10,MER,PM10,2,160.0,45.04375,21.605190057515888,4.0,30.0,45.5,59.0,153.0
2015-05-10,MER,PM2.5,2,160.0,27.1375,14.283511847295257,1.0,16.0,28.0,37.0,60.0
2015-05-10,MER,PMCO,2,160.0,17.925,12.0994568202838,2.0,12.0,17.0,23.0,138.0
2015-05-10,MER,SO2,1,159.0,3.352201257861635,2.7836283688645964,1.0,2.0,2.0,4.0,15.0
2015-05-10,MGH,CO,15,89.0,0.8516853932584271,0.41781693456219043,0.3,0.5,0.7,1.1,2.1
2015-05-10,MGH,NO,1,89.0,27.078651685393258,33.238198424779675,2.0,5.0,10.0,43.0,133.0
2015-05-10,MGH,NO2,1,89.0,30.640449438202246,11.18567183235609,11.0,21.0,31.0,38.0,58.0
2015-05-10,MGH,NOX,1,89.0,57.741573033707866,38.59920161971312,13.0,28.0,42.0,82.0,168.0
2015-05-10,MGH,O3,1,91.0,31.912087912087912,32.35313769830554,0.0,4.5,23.0,50.5,119.0
2015-05-10,MGH,PM10,2,89.0,33.168539325842694,14.642121644463852,7.0,23.0,33.0,45.0,64.0
2015-05-10,MGH,PM2.5,2,89.0,22.98876404494382,11.274966621622104,1.0,13.0,23.0,32.0,47.0
2015-05-10,MGH,PMCO,2,89.0,10.168539325842696,4.964043336966027,2.0,6.0,10.0,14.0,29.0
2015-05-10,MGH,SO2,1,85.0,1.576470588235294,2.40226317195659,0.0,1.0,1.0,1.0,14.0
2015-05-10,MON,CO,15,157.0,0.42165605095541414,0.26319498264486985,0.1,0.2,0.4,0.5,1.5
2015-05-10,MON,NO,1,157.0,10.745222929936306,21.219217359899247,0.0,1.0,2.0,8.0,112.0
2015-05-10,MON,NO2,1,157.0,16.643312101910826,7.486751322831335,5.0,10.0,15.0,23.0,39.0
2015-05-10,MON,NOX,1,157.0,27.337579617834393,25.129805099932785,5.0,12.0,17.0,31.0,138.0
2015-05-10,MON,O3,1,137.0,35.33576642335766,26.85809040457521,0.0,9.0,34.0,56.0,104.0
2015-05-10,MON,SO2,1,157.0,1.375796178343949,1.6962024429357476,0.0,1.0,1.0,1.0,12.0
2015-05-10,NEZ,CO,15,156.0,0.9525641025641033,0.6576055016986633,0.2,0.5,0.8,1.125,3.3
2015-05-10,NEZ,NO,1,156.0,19.67948717948718,36.19819763459755,0.0,1.0,3.0,17.25,181.0
2015-05-10,NEZ,NO2,1,156.0,29.557692307692307,13.824354565632627,7.0,18.0,29.0,39.0,62.0
2015-05-10,NEZ,NOX,1,156.0,49.243589743589745,43.78339231391825,9.0,19.0,32.0,62.0,208.0
2015-05-10,NEZ,O3,1,156.0,38.32692307692308,32.730209674094255,0.0,10.5,30.0,65.25,148.0
2015-05-10,NEZ,PM2.5,2,158.0,21.70886075949367,10.501624865158442,1.0,14.25,21.0,27.0,67.0
2015-05-10,NEZ,SO2,1,156.0,1.6794871794871795,2.106785288406838,0.0,0.75,1.0,2.0,12.0
2015-05-10,PED,CO,15,157.0,0.5828025477707005,0.2935587007102634,0.2,0.4,0.5,0.7,1.8
2015-05-10,PED,NO,1,133.0,8.526315789473685,14.693112665756447,1.0,1.0,2.0,6.0,64.0
2015-05-10,PED,NO2,1,133.0,21.466165413533833,8.815919546892403,6.0,16.0,19.0,28.0,46.0
2015-05-10,PED,NOX,1,133.0,29.962406015037594,20.098773524708896,7.0,17.0,22.0,36.0,98.0
2015-05-10,PED,O3,1,157.0,44.152866242038215,39.107210562938974,1.0,15.0,29.0,65.0,165.0
2015-05-10,PED,PM10,2,61.0,34.80327868852459,15.52505466671121,7.0,23.0,32.0,45.0,74.0
2015-05-10,PED,PM2.5,2,61.0,20.885245901639344,10.872133125036898,3.0,13.0,19.0,29.0,47.0
2015-05-10,PED,PMCO,2,61.0,14.081967213114755,5.863147851814793,2.0,11.0,13.0,18.0,27.0
2015-05-10,PED,SO2,1,156.0,1.8846153846153846,2.7939139813150295,0.0,1.0,1.0,2.0,21.0
2015-05-10,SAG,CO,15,154.0,0.8935064935064942,0.5128002483704548,0.3,0.5,0.8,1.0,3.0
2015-05-10,SAG,NO,1,154.0,19.785714285714285,31.042236520252068,0.0,2.0,4.0,23.5,148.0
2015-05-10,SAG,NO2,1,154.0,26.474025974025974,10.568913630055944,9.0,18.25,26.5,33.0,59.0
2015-05-10,SAG,NOX,1,154.0,46.20779220779221,35.2816261175562,10.0,21.0,34.5,58.75,183.0
2015-05-10,SAG,O3,1,154.0,35.246753246753244,33.096869446633065,1.0,5.0,23.5,55.0,132.0
2015-05-10,SAG,PM10,2,113.0,45.75221238938053,23.574930303431035,7.0,28.0,42.0,62.0,127.0
2015-05-10,SAG,PM2.5,2,113.0,26.575221238938052,15.734859678510064,1.0,14.0,24.0,38.0,91.0
2015-05-10,SAG,PMCO,2,113.0,19.150442477876105,10.041184156599805,1.0,11.0,19.0,26.0,43.0
2015-05-10,SAG,SO2,1,154.0,2.3181818181818183,2.3142201652526566,0.0,1.0,2.0,3.0,13.0
2015-05-10,SFE,CO,15,153.0,0.5372549019607843,0.21085114259677423,0.2,0.4,0.5,0.7,1.5
2015-05-10,SFE,NO,1,152.0,9.493421052631579,17.563506985305214,0.0,0.75,2.0,9.25,102.0
2015-05-10,SFE,NO2,1,152.0,21.526315789473685,8.264619692071951,8.0,15.75,20.0,26.25,45.0
2015-05-10,SFE,NOX,1,152.0,31.085526315789473,23.02832810009002,9.0,16.75,23.0,37.0,141.0
2015-05-10,SFE,O3,1,153.0,44.3921568627451,37.36118787101298,1.0,17.0,33.0,63.0,158.0
2015-05-10,SFE,PM10,2,155.0,37.541935483870965,18.930233740668136,3.0,25.0,36.0,50.5,85.0
2015-05-10,SFE,PM2.5,2,155.0,21.974193548387095,13.355746069732637,1.0,12.0,21.0,27.5,62.0
2015-05-10,SFE,PMCO,2,155.0,15.64516129032258,8.351640273983566,1.0,9.0,15.0,21.0,42.0
2015-05-10,SFE,SO2,1,153.0,1.9215686274509804,3.793223548861953,0.0,0.0,1.0,2.0,25.0
2015-05-10,SJA,CO,15,159.0,0.7188679245283017,0.512399395660761,0.1,0.3,0.6,0.95,2.9
2015-05-10,SJA,NO,1,159.0,28.566037735849058,44.56406685272638,1.0,2.5,6.0,32.5,226.0
2015-05-10,SJA,NO2,1,159.0,34.40880503144654,16.403617166891852,9.0,21.0,32.0,46.0,81.0
2015-05-10,SJA,NOX,1,159.0,63.0314465408805,50.822279249827425,11.0,25.0,46.0,85.5,255.0
2015-05-10,SJA,O3,1,159.0,39.270440251572325,39.517290805288795,3.0,5.5,28.0,63.0,160.0
2015-05-10,SJA,PM2.5,2,159.0,21.87421383647799,10.431052799739177,1.0,15.0,23.0,30.0,51.0
2015-05-10,SJA,SO2,1,159.0,2.6289308176100628,1.9309388387468363,0.0,1.0,2.0,3.0,11.0
2015-05-10,SUR,PM10,2,156.0,29.28846153846154,15.49776658847233,1.0,18.75,28.0,39.25,94.0
2015-05-10,TAH,CO,15,157.0,0.39171974522292974,0.31964759911572527,0.1,0.2,0.3,0.5,2.4
2015-05-10,TAH,NO,1,157.0,6.464968152866242,13.8510985690483,1.0,2.0,2.0,4.0,102.0
2015-05-10,TAH,NO2,1,157.0,14.299363057324841,6.737252890813906,4.0,9.0,13.0,19.0,35.0
2015-05-10,TAH,NOX,1,157.0,20.8343949044586,17.90926100987904,6.0,11.0,16.0,24.0,123.0
2015-05-10,TAH,O3,1,157.0,45.93630573248408,30.23618174083664,3.0,21.0,41.0,70.0,136.0
2015-05-10,TAH,PM10,2,157.0,28.668789808917197,16.762438372525523,1.0,15.0,27.0,39.0,79.0
2015-05-10,TAH,SO2,1,157.0,2.0191082802547773,1.3562360129474567,1.0,1.0,2.0,2.0,10.0
2015-05-10,TLA,CO,15,159.0,1.00251572327044,0.5661271590325373,0.3,0.6,0.8,1.2,3.6
2015-05-10,TLA,NO,1,157.0,29.73248407643312,40.91742500194516,2.0,7.0,11.0,31.0,219.0
2015-05-10,TLA,NO2,1,157.0,36.968152866242036,14.541020835926245,15.0,26.0,34.0,44.0,91.0
2015-05-10,TLA,NOX,1,157.0,66.6624203821656,46.856649110868666,20.0,35.0,48.0,79.0,273.0
2015-05-10,TLA,O3,1,159.0,32.094339622641506,33.317572900196005,0.0,4.5,18.0,54.0,143.0
2015-05-10,TLA,PM10,2,161.0,48.42857142857143,21.241384808232926,13.0,35.0,45.0,60.0,106.0
2015-05-10,TLA,PM2.5,2,161.0,28.838509316770185,13.981640024116462,5.0,18.0,27.0,37.0,67.0
2015-05-10,TLA,PMCO,2,161.0,19.645962732919255,9.816701290331821,2.0,13.0,18.0,25.0,56.0
2015-05-10,TLA,SO2,1,159.0,4.786163522012578,4.6009971124515525,1.0,2.0,3.0,6.0,23.0
2015-05-10,TLI,CO,15,159.0,0.542767295597484,0.43523005985294977,0.0,0.2,0.4,0.8,2.2
2015-05-10,TLI,NO,1,159.0,18.270440251572328,25.613901865828534,1.0,3.0,6.0,21.5,136.0
2015-05-10,TLI,NO2,1,159.0,29.433962264150942,13.683829642858377,8.0,19.0,29.0,38.5,75.0
2015-05-10,TLI,NOX,1,159.0,47.76729559748428,33.679087709868725,10.0,23.0,39.0,62.5,212.0
2015-05-10,TLI,O3,1,159.0,32.943396226415096,31.436543534639778,0.0,4.5,24.0,56.0,131.0
2015-05-10,TLI,PM10,2,159.0,43.0377358490566,32.27372776271647,1.0,17.5,40.0,59.0,168.0
2015-05-10,TLI,SO2,1,159.0,3.49685534591195,6.7278696892026755,0.0,1.0,2.0,3.0,58.0
2015-05-10,TPN,O3,1,154.0,45.12337662337662,32.284950240836764,6.0,19.0,37.0,64.0,152.0
2015-05-10,UAX,CO,15,154.0,0.6000000000000001,0.27700546229955597,0.2,0.4,0.5,0.7,2.0
2015-05-10,UAX,NO,1,154.0,11.487012987012987,22.349931500527287,1.0,1.0,2.0,9.75,158.0
2015-05-10,UAX,NO2,1,154.0,19.83116883116883,7.736514892197397,5.0,14.25,19.0,24.0,51.0
2015-05-10,UAX,NOX,1,154.0,31.2987012987013,25.183802728559055,6.0,15.25,23.0,38.0,175.0
2015-05-10,UAX,O3,1,154.0,42.506493506493506,36.61069645354597,0.0,10.0,33.0,66.0,151.0
2015-05-10,UAX,PM2.5,2,160.0,19.54375,8.361973582908394,1.0,13.75,21.0,25.0,40.0
2015-05-10,UAX,SO2,1,154.0,1.3116883116883118,1.7358935862368732,0.0,0.0,1.0,1.0,13.0
2015-05-10,UIZ,CO,15,158.0,0.7848101265822784,0.49676369386269714,0.2,0.4,0.6,1.0,2.9
2015-05-10,UIZ,NO,1,158.0,15.854430379746836,28.548277570130857,0.0,1.0,3.0,16.0,162.0
2015-05-10,UIZ,NO2,1,158.0,27.88607594936709,12.264585588717816,7.0,18.0,27.0,36.75,58.0
2015-05-10,UIZ,NOX,1,158.0,43.75316455696203,35.032230239122484,8.0,20.0,32.5,53.0,207.0
2015-05-10,UIZ,O3,1,158.0,40.15822784810127,33.52430853994623,1.0,13.0,32.0,64.75,146.0
2015-05-10,UIZ,PM10,2,159.0,41.893081761006286,18.100140287227706,2.0,29.5,41.0,53.0,93.0
2015-05-10,UIZ,PM2.5,2,159.0,26.18238993710692,12.924246346272522,1.0,17.0,26.0,33.0,68.0
2015-05-10,UIZ,PMCO,2,159.0,15.69811320754717,7.17128125919597,1.0,9.5,16.0,21.0,36.0
2015-05-10,UIZ,SO2,1,158.0,2.2468354430379747,1.7798830164834873,1.0,1.0,2.0,3.0,10.0
2015-05-10,VIF,CO,15,67.0,0.5134328358208954,0.3821373394189581,0.1,0.3,0.4,0.6,1.9
2015-05-10,VIF,NO,1,67.0,14.119402985074627,27.964545945557642,0.0,1.0,2.0,11.5,136.0
2015-05-10,VIF,NO2,1,67.0,19.73134328358209,11.062607081559797,4.0,10.0,20.0,27.0,50.0
2015-05-10,VIF,NOX,1,67.0,33.82089552238806,34.1671139836798,5.0,11.0,23.0,40.5,167.0
2015-05-10,VIF,O3,1,67.0,35.865671641791046,27.269083127560783,1.0,8.5,29.0,63.0,85.0
2015-05-10,VIF,PM10,2,92.0,47.71739130434783,29.049153526263904,1.0,27.0,42.0,64.25,126.0
2015-05-10,VIF,SO2,1,67.0,5.149253731343284,6.53719829558941,1.0,2.0,3.0,4.0,37.0
2015-05-10,XAL,CO,15,159.0,1.269811320754717,0.8109031312218862,0.3,0.7,1.0,1.5,6.0
2015-05-10,XAL,NO,1,159.0,41.36477987421384,63.76364796907919,2.0,7.0,14.0,50.0,431.0
2015-05-10,XAL,NO2,1,159.0,38.22641509433962,14.146576509549238,12.0,28.5,36.0,46.5,90.0
2015-05-10,XAL,NOX,1,159.0,79.64779874213836,68.99588488598243,15.0,38.0,56.0,100.0,489.0
2015-05-10,XAL,O3,1,159.0,27.49685534591195,25.323945293702504,1.0,4.0,22.0,44.5,94.0
2015-05-10,XAL,PM10,2,161.0,69.36645962732919,33.41924771763156,8.0,45.0,68.0,86.0,199.0
2015-05-10,XAL,PM2.5,2,161.0,33.33540372670807,16.71411981655738,1.0,20.0,33.0,45.0,85.0
2015-05-10,XAL,PMCO,2,161.0,36.06832298136646,21.14388925422736,4.0,24.0,31.0,45.0,141.0
2015-05-10,XAL,SO2,1,159.0,3.6792452830188678,2.7474286130415178,0.0,2.0,3.0,5.0,17.0
2015-05-17,ACO,CO,15,159.0,0.2672955974842767,0.15569235135880755,0.0,0.2,0.2,0.3,1.1
2015-05-17,ACO,NO,1,159.0,7.0251572327044025,10.194904215773299,0.0,2.0,3.0,7.0,66.0
2015-05-17,ACO,NO2,1,159.0,15.547169811320755,6.931580740321013,4.0,9.0,16.0,20.0,36.0
2015-05-17,ACO,NOX,1,159.0,22.52201257861635,14.359241049541183,5.0,11.0,19.0,30.0,95.0
2015-05-17,ACO,O3,1,159.0,32.477987421383645,24.23065233087189,0.0,9.0,29.0,53.5,81.0
2015-05-17,ACO,PM10,2,161.0,25.73913043478261,11.508432636077357,5.0,19.0,23.0,30.0,85.0
2015-05-17,ACO,SO2,1,159.0,1.628930817610063,2.8049537082294393,0.0,0.0,1.0,2.0,21.0
2015-05-17,AJM,CO,15,159.0,0.6081761006289307,0.211375409470928,0.2,0.5,0.6,0.7,1.3
2015-05-17,AJM,NO,1,159.0,4.8427672955974845,6.388810026869631,0.0,1.0,2.0,6.5,27.0
2015-05-17,AJM,NO2,1,159.0,18.471698113207548,9.310271529816971,3.0,12.0,17.0,23.0,51.0
2015-05-17,AJM,NOX,1,159.0,23.28301886792453,13.940711746295909,3.0,13.0,20.0,31.5,71.0
2015-05-17,AJM,O3,1,159.0,46.9559748427673,29.4971240631924,7.0,27.0,37.0,63.0,132.0
2015-05-17,AJM,PM10,2,161.0,27.857142857142858,15.530557436412712,5.0,17.0,23.0,35.0,104.0
2015-05-17,AJM,PM2.5,2,161.0,19.658385093167702,11.197714939923072,4.0,13.0,17.0,24.0,85.0
2015-05-17,AJM,PMCO,2,161.0,8.06832298136646,5.5701483638257825,1.0,4.0,6.0,11.0,26.0
2015-05-17,AJM,SO2,1,159.0,0.9811320754716981,1.4903559090399268,0.0,0.0,1.0,1.0,8.0
2015-05-17,AJU,O3,1,132.0,41.32575757575758,29.83350650038846,2.0,17.0,35.5,55.25,123.0
2015-05-17,ATI,CO,15,156.0,0.6339743589743587,0.3155122399081285,0.2,0.4,0.6,0.8,2.0
2015-05-17,ATI,NO,1,156.0,11.903846153846153,16.996310357157633,1.0,2.0,4.0,12.5,100.0
2015-05-17,ATI,NO2,1,156.0,22.153846153846153,10.747034907601764,6.0,15.0,20.0,26.0,59.0
2015-05-17,ATI,NOX,1,156.0,34.02564102564103,23.730190031714322,7.0,18.0,26.0,45.0,127.0
2015-05-17,ATI,O3,1,156.0,29.955128205128204,24.22431275331777,1.0,10.0,22.5,46.25,88.0
2015-05-17,ATI,PM10,2,153.0,26.22222222222222,20.1606124013548,1.0,10.0,25.0,38.0,94.0
2015-05-17,ATI,SO2,1,156.0,2.3333333333333335,3.2155535987192883,0.0,1.0,1.0,2.0,23.0
2015-05-17,CAM,CO,15,159.0,0.9522012578616356,0.41028493926881215,0.4,0.7,0.8,1.1,2.4
2015-05-17,CAM,NO,1,159.0,25.547169811320753,33.78088331264258,2.0,6.0,10.0,31.0,160.0
2015-05-17,CAM,NO2,1,159.0,34.477987421383645,9.744739884551162,12.0,29.0,35.0,40.0,60.0
2015-05-17,CAM,NOX,1,159.0,60.100628930817614,37.38360755098405,16.0,34.5,49.0,74.5,201.0
2015-05-17,CAM,O3,1,159.0,27.60377358490566,26.265927986874992,2.0,5.0,16.0,45.0,113.0
2015-05-17,CAM,PM10,2,161.0,38.7639751552795,17.424306129639103,9.0,25.0,36.0,49.0,109.0
2015-05-17,CAM,PM2.5,2,161.0,27.683229813664596,12.925470184991557,1.0,19.0,26.0,34.0,89.0
2015-05-17,CAM,PMCO,2,161.0,11.161490683229813,7.235244139901237,2.0,5.0,11.0,15.0,43.0
2015-05-17,CAM,SO2,1,159.0,2.993710691823899,2.591360659512636,1.0,1.0,2.0,3.0,17.0
2015-05-17,CCA,CO,15,159.0,0.48490566037735827,0.2786015437100639,0.0,0.3,0.4,0.6,1.5
2015-05-17,CCA,NO,1,136.0,9.529411764705882,12.659027624274982,0.0,2.0,4.0,10.25,57.0
2015-05-17,CCA,NO2,1,136.0,25.823529411764707,9.230290194821073,8.0,19.0,26.0,30.0,51.0
2015-05-17,CCA,NOX,1,136.0,35.36029411764706,17.54345833304324,9.0,23.0,30.0,45.0,88.0
2015-05-17,CCA,O3,1,159.0,33.930817610062896,31.986769317213007,2.0,8.0,22.0,58.5,127.0
2015-05-17,CCA,PM2.5,2,159.0,17.654088050314467,7.359646577046584,1.0,13.0,17.0,21.5,44.0
2015-05-17,CCA,SO2,1,159.0,1.471698113207547,1.594338562724794,0.0,1.0,1.0,2.0,14.0
2015-05-17,CHO,CO,15,159.0,0.6622641509433963,0.3606743412215124,0.2,0.4,0.6,0.7,2.5
2015-05-17,CHO,NO,1,0.0,,,,,,,
2015-05-17,CHO,NO2,1,0.0,,,,,,,
2015-05-17,CHO,NOX,1,0.0,,,,,,,
2015-05-17,CHO,O3,1,159.0,36.36477987421384,28.33020068194163,2.0,11.0,31.0,59.0,125.0
2015-05-17,CHO,PM10,2,158.0,35.67088607594937,24.707059007801067,1.0,15.0,27.0,55.0,94.0
2015-05-17,CHO,SO2,1,159.0,1.9371069182389937,2.0116292741450703,0.0,1.0,1.0,2.0,15.0
2015-05-17,COY,NO,1,134.0,16.574626865671643,25.590581228336422,0.0,3.0,5.0,16.0,129.0
2015-05-17,COY,NO2,1,134.0,31.5,10.374020471923105,5.0,26.0,30.5,37.0,66.0
2015-05-17,COY,NOX,1,134.0,48.03731343283582,30.627131005537297,5.0,30.0,39.5,53.75,164.0
2015-05-17,COY,O3,1,136.0,30.88235294117647,30.16057245343587,2.0,7.0,20.0,51.75,118.0
2015-05-17,COY,PM2.5,2,134.0,31.649253731343283,15.443935697057135,1.0,20.25,30.0,41.0,85.0
2015-05-17,CUA,CO,15,157.0,0.6242038216560509,0.21345787847427217,0.2,0.5,0.6,0.7,1.5
2015-05-17,CUA,NO,1,157.0,10.261146496815286,13.128627213965405,1.0,4.0,6.0,11.0,110.0
2015-05-17,CUA,NO2,1,157.0,24.9171974522293,9.41014304330057,7.0,18.0,25.0,30.0,53.0
2015-05-17,CUA,NOX,1,157.0,35.203821656050955,18.81820546960296,8.0,23.0,32.0,41.0,146.0
2015-05-17,CUA,O3,1,157.0,38.095541401273884,27.53081803237835,3.0,16.0,30.0,51.0,141.0
2015-05-17,CUA,PM10,2,159.0,27.22641509433962,17.597441028115384,1.0,14.5,24.0,36.0,96.0
2015-05-17,CUA,SO2,1,157.0,1.5095541401273886,1.5467825763164678,0.0,1.0,1.0,2.0,10.0
2015-05-17,CUT,NO,1,157.0,14.687898089171975,26.103308932400054,1.0,2.0,3.0,13.0,136.0
2015-05-17,CUT,NO2,1,157.0,23.146496815286625,10.906840529747187,5.0,14.0,23.0,32.0,55.0
2015-05-17,CUT,NOX,1,157.0,37.89171974522293,31.574003347819755,7.0,18.0,29.0,47.0,173.0
2015-05-17,CUT,O3,1,157.0,30.14012738853503,17.874368770897256,3.0,15.0,30.0,45.0,66.0
2015-05-17,CUT,PM10,2,158.0,36.71518987341772,32.64382029522438,1.0,14.0,28.0,51.75,191.0
2015-05-17,CUT,SO2,1,158.0,3.867088607594937,7.1517709092640445,0.0,1.0,1.0,3.0,56.0
2015-05-17,FAC,CO,15,157.0,0.8159235668789813,0.473599088559756,0.0,0.5,0.7,1.0,2.8
2015-05-17,FAC,NO,1,157.0,22.59235668789809,32.90038488864039,0.0,5.0,10.0,27.0,200.0
2015-05-17,FAC,NO2,1,157.0,25.9171974522293,11.798501525584689,8.0,18.0,23.0,32.0,83.0
2015-05-17,FAC,NOX,1,157.0,48.54140127388535,37.397293616232666,8.0,24.0,38.0,63.0,230.0
2015-05-17,FAC,O3,1,159.0,30.51572327044025,25.57734741096433,3.0,9.0,21.0,49.0,99.0
2015-05-17,FAC,PM10,2,160.0,32.3875,22.15723897496505,1.0,15.0,29.0,44.25,119.0
2015-05-17,FAC,SO2,1,159.0,2.9622641509433962,2.297182623504723,1.0,2.0,2.0,3.5,19.0
2015-05-17,HGM,CO,15,159.0,0.9660377358490569,0.36052531796824877,0.5,0.7,0.9,1.1,2.2
2015-05-17,HGM,NO,1,159.0,18.08176100628931,26.02918725746719,0.0,2.0,7.0,21.0,119.0
2015-05-17,HGM,NO2,1,159.0,33.716981132075475,11.517807937690009,12.0,26.0,34.0,40.0,84.0
2015-05-17,HGM,NOX,1,159.0,51.83018867924528,32.39925134843178,13.0,30.0,42.0,61.0,161.0
2015-05-17,HGM,O3,1,159.0,25.77987421383648,24.6524314662726,1.0,6.5,15.0,41.5,107.0
2015-05-17,HGM,PM10,2,161.0,38.8944099378882,17.894343549174994,8.0,25.0,35.0,49.0,113.0
2015-05-17,HGM,PM2.5,2,161.0,24.975155279503106,13.174288553162468,1.0,17.0,24.0,30.0,87.0
2015-05-17,HGM,PMCO,2,161.0,13.875776397515528,8.076785997517172,3.0,7.0,13.0,19.0,39.0
2015-05-17,HGM,SO2,1,158.0,2.329113924050633,2.06407869663914,1.0,1.0,2.0,3.0,19.0
2015-05-17,IZT,CO,15,154.0,1.0461038961038958,0.46906012503702954,0.3,0.7,0.9,1.2,2.8
2015-05-17,IZT,NO,1,154.0,19.538961038961038,29.265548488372296,0.0,3.0,6.0,23.5,150.0
2015-05-17,IZT,NO2,1,154.0,35.66233766233766,11.639026518161547,13.0,27.25,36.0,42.0,82.0
2015-05-17,IZT,NOX,1,154.0,55.20779220779221,35.9299746192444,13.0,32.0,45.0,68.5,192.0
2015-05-17,IZT,O3,1,154.0,33.01298701298701,31.522579730242622,3.0,7.0,20.0,52.5,130.0
2015-05-17,IZT,PM10,2,156.0,30.19871794871795,12.78932007665613,5.0,20.0,29.0,39.0,68.0
2015-05-17,IZT,SO2,1,113.0,2.0442477876106193,2.076180303427142,0.0,1.0,2.0,2.0,21.0
2015-05-17,LLA,CO,15,157.0,0.6528662420382163,0.41130818652418366,0.1,0.4,0.6,0.8,2.5
2015-05-17,LLA,NO,1,155.0,17.916129032258066,30.605142348387467,1.0,3.0,6.0,17.0,158.0
2015-05-17,LLA,NO2,1,155.0,25.219354838709677,9.235920114438239,7.0,19.0,27.0,32.0,54.0
2015-05-17,LLA,NOX,1,155.0,43.10967741935484,35.75976258345594,8.0,21.0,32.0,49.0,191.0
2015-05-17,LLA,O3,1,157.0,28.45859872611465,25.339613875455516,1.0,6.0,20.0,51.0,83.0
2015-05-17,LLA,SO2,1,157.0,3.248407643312102,3.352488648818074,1.0,2.0,2.0,3.0,24.0
2015-05-17,LPR,CO,15,158.0,0.6075949367088608,0.4458648368205918,0.0,0.3,0.5,0.8,2.8
2015-05-17,LPR,NO,1,0.0,,,,,,,
2015-05-17,LPR,NO2,1,0.0,,,,,,,
2015-05-17,LPR,NOX,1,0.0,,,,,,,
2015-05-17,LPR,O3,1,158.0,25.974683544303797,19.885003588976616,1.0,8.0,21.0,42.75,76.0
2015-05-17,LPR,SO2,1,158.0,3.8797468354430378,3.3734776607910355,2.0,2.0,3.0,4.0,23.0
2015-05-17,MER,CO,15,148.0,1.2337837837837837,0.4679604108573753,0.6,0.9,1.1,1.5,2.9
2015-05-17,MER,NO,1,148.0,25.72972972972973,31.412462233959413,1.0,7.0,13.0,30.25,163.0
2015-05-17,MER,NO2,1,148.0,37.317567567567565,10.435442721385709,16.0,30.0,38.0,44.0,78.0
2015-05-17,MER,NOX,1,148.0,63.08108108108108,35.87819786188417,18.0,38.0,53.0,75.0,202.0
2015-05-17,MER,O3,1,148.0,28.256756756756758,28.91604587660127,1.0,5.0,15.0,43.25,129.0
2015-05-17,MER,PM10,2,148.0,41.560810810810814,19.102026943539762,11.0,28.0,38.0,51.25,100.0
2015-05-17,MER,PM2.5,2,148.0,27.02027027027027,13.584940438926413,5.0,18.0,24.0,33.25,75.0
2015-05-17,MER,PMCO,2,148.0,14.594594594594595,7.8574353519910645,1.0,8.0,13.0,20.25,38.0
2015-05-17,MER,SO2,1,147.0,2.8435374149659864,2.366144428343779,1.0,2.0,2.0,3.0,21.0
2015-05-17,MGH,CO,15,0.0,,,,,,,
2015-05-17,MGH,NO,1,0.0,,,,,,,
2015-05-17,MGH,NO2,1,0.0,,,,,,,
2015-05-17,MGH,NOX,1,0.0,,,,,,,
2015-05-17,MGH,O3,1,159.0,28.30188679245283,28.534845390868586,0.0,4.0,16.0,47.5,118.0
2015-05-17,MGH,PM10,2,161.0,32.52795031055901,14.835793756908169,8.0,23.0,29.0,39.0,100.0
2015-05-17,MGH,PM2.5,2,161.0,24.080745341614907,11.713227114719228,3.0,17.0,22.0,29.0,83.0
2015-05-17,MGH,PMCO,2,161.0,8.453416149068323,4.6863502730789985,2.0,5.0,7.0,12.0,29.0
2015-05-17,MGH,SO2,1,159.0,1.2830188679245282,1.6806119872059941,0.0,0.0,1.0,2.0,11.0
2015-05-17,MON,CO,15,151.0,0.39999999999999936,0.2212088003071607,0.1,0.3,0.3,0.5,1.3
2015-05-17,MON,NO,1,151.0,8.317880794701987,16.49338083835538,0.0,1.0,2.0,5.0,116.0
2015-05-17,MON,NO2,1,151.0,15.668874172185431,5.913512046496717,5.0,10.5,14.0,19.5,33.0
2015-05-17,MON,NOX,1,151.0,23.99337748344371,19.489312178299755,6.0,12.0,16.0,27.5,133.0
2015-05-17,MON,O3,1,128.0,30.3046875,22.90980555248682,1.0,10.0,27.0,47.5,83.0
2015-05-17,MON,SO2,1,151.0,1.596026490066225,2.289625319994575,0.0,0.0,1.0,2.0,14.0
2015-05-17,NEZ,CO,15,158.0,0.806962025316456,0.39617873605915055,0.2,0.5,0.7,1.0,2.4
2015-05-17,NEZ,NO,1,156.0,12.301282051282051,18.74322927104694,0.0,2.0,4.0,13.25,109.0
2015-05-17,NEZ,NO2,1,156.0,28.608974358974358,11.276337610634744,9.0,19.0,28.0,36.0,57.0
2015-05-17,NEZ,NOX,1,156.0,40.96153846153846,25.367463187824033,9.0,22.0,34.0,50.0,148.0
2015-05-17,NEZ,O3,1,159.0,34.257861635220124,31.52539941153297,0.0,9.0,23.0,58.0,130.0
2015-05-17,NEZ,PM2.5,2,160.0,19.325,8.995141945314273,1.0,14.0,19.0,24.0,46.0
2015-05-17,NEZ,SO2,1,158.0,1.5316455696202531,1.9603421190948955,0.0,1.0,1.0,2.0,16.0
2015-05-17,PED,CO,15,158.0,0.5879746835443037,0.26502195436919923,0.1,0.4,0.55,0.7,1.5
2015-05-17,PED,NO,1,158.0,9.082278481012658,12.145070657360256,0.0,2.0,4.0,9.0,62.0
2015-05-17,PED,NO2,1,158.0,25.151898734177216,10.127327736006297,4.0,18.0,24.0,31.0,59.0
2015-05-17,PED,NOX,1,158.0,34.29113924050633,18.976788972662696,4.0,20.0,30.5,44.0,110.0
2015-05-17,PED,O3,1,158.0,34.77215189873418,31.66220973457385,1.0,9.0,25.0,53.5,125.0
2015-05-17,PED,PM10,2,156.0,35.21153846153846,17.348797342489465,4.0,23.75,33.0,46.0,108.0
2015-05-17,PED,PM2.5,2,156.0,22.865384615384617,12.237481576492263,1.0,14.0,23.0,30.0,77.0
2015-05-17,PED,PMCO,2,156.0,12.371794871794872,7.093129750743093,3.0,7.0,10.0,17.0,36.0
2015-05-17,PED,SO2,1,133.0,1.2706766917293233,1.3264661388091112,0.0,0.0,1.0,2.0,7.0
2015-05-17,SAG,CO,15,159.0,0.794339622641509,0.4370854684283715,0.2,0.5,0.7,0.9,2.8
2015-05-17,SAG,NO,1,159.0,15.037735849056604,26.21283065683114,0.0,3.0,5.0,15.0,166.0
2015-05-17,SAG,NO2,1,159.0,24.654088050314467,8.636826818101017,8.0,18.0,25.0,30.0,47.0
2015-05-17,SAG,NOX,1,159.0,39.685534591194966,30.67100605152043,9.0,21.5,31.0,46.0,195.0
2015-05-17,SAG,O3,1,159.0,30.471698113207548,25.563723139813714,1.0,9.0,22.0,53.5,93.0
2015-05-17,SAG,PM10,2,157.0,40.87261146496815,18.22288154289211,11.0,27.0,38.0,53.0,96.0
2015-05-17,SAG,PM2.5,2,157.0,25.37579617834395,11.379476584747025,4.0,18.0,23.0,32.0,70.0
2015-05-17,SAG,PMCO,2,157.0,15.522292993630574,9.667276276486158,2.0,8.0,13.0,20.0,45.0
2015-05-17,SAG,SO2,1,159.0,2.59748427672956,2.868686235838269,0.0,1.0,2.0,3.0,18.0
2015-05-17,SFE,CO,15,153.0,0.5784313725490198,0.21118125679097155,0.2,0.4,0.6,0.7,1.4
2015-05-17,SFE,NO,1,152.0,8.93421052631579,16.34020396438703,0.0,1.0,3.0,9.0,103.0
2015-05-17,SFE,NO2,1,152.0,22.375,8.304480957501795,5.0,16.0,22.0,27.0,48.0
2015-05-17,SFE,NOX,1,152.0,31.355263157894736,21.21208199227142,5.0,19.0,26.0,36.0,141.0
2015-05-17,SFE,O3,1,153.0,34.73856209150327,27.901087330686703,0.0,14.0,29.0,48.0,139.0
2015-05-17,SFE,PM10,2,148.0,33.027027027027025,19.810993287740104,2.0,20.0,28.0,41.0,114.0
2015-05-17,SFE,PM2.5,2,148.0,20.60810810810811,12.699367992809897,1.0,12.0,17.0,25.0,75.0
2015-05-17,SFE,PMCO,2,148.0,12.385135135135135,9.275469549072104,1.0,6.0,10.0,17.0,56.0
2015-05-17,SFE,SO2,1,153.0,1.0392156862745099,1.5125890706316865,0.0,0.0,1.0,1.0,9.0
2015-05-17,SJA,CO,15,159.0,0.5823899371069183,0.37762324523410273,0.1,0.3,0.5,0.7,2.0
2015-05-17,SJA,NO,1,153.0,20.215686274509803,30.61366679160215,1.0,3.0,6.0,24.0,163.0
2015-05-17,SJA,NO2,1,153.0,32.111111111111114,12.561718975750532,8.0,23.0,32.0,40.0,67.0
2015-05-17,SJA,NOX,1,153.0,52.3202614379085,38.00807628766675,10.0,26.0,43.0,66.0,213.0
2015-05-17,SJA,O3,1,159.0,33.64150943396226,32.2382905872143,3.0,7.0,20.0,55.5,130.0
2015-05-17,SJA,PM2.5,2,158.0,19.9873417721519,8.173272693321232,1.0,15.0,19.0,25.75,45.0
2015-05-17,SJA,SO2,1,159.0,2.3647798742138364,2.3205776879191826,0.0,1.0,2.0,3.0,15.0
2015-05-17,SUR,PM10,2,156.0,27.576923076923077,14.489612947718438,1.0,17.0,25.0,37.0,77.0
2015-05-17,TAH,CO,15,67.0,0.4223880597014926,0.26957929935947955,0.1,0.3,0.3,0.5,1.2
2015-05-17,TAH,NO,1,90.0,5.088888888888889,9.200200833719569,0.0,1.0,1.0,3.0,47.0
2015-05-17,TAH,NO2,1,90.0,16.355555555555554,8.849949039542365,5.0,10.0,15.0,20.0,52.0
2015-05-17,TAH,NOX,1,90.0,21.355555555555554,16.244834000701946,5.0,11.0,16.0,23.0,86.0
2015-05-17,TAH,O3,1,90.0,45.15555555555556,32.0546973230821,3.0,20.0,36.0,66.0,114.0
2015-05-17,TAH,PM10,2,92.0,27.42391304347826,18.799832648104903,1.0,12.0,24.0,41.25,76.0
2015-05-17,TAH,SO2,1,44.0,1.7272727272727273,1.188386366653624,0.0,1.0,2.0,3.0,4.0
2015-05-17,TLA,CO,15,159.0,0.8459119496855342,0.38215613125235826,0.2,0.6,0.8,1.0,2.5
2015-05-17,TLA,NO,1,158.0,24.462025316455698,32.26732212937152,1.0,7.0,12.0,26.75,218.0
2015-05-17,TLA,NO2,1,158.0,33.78481012658228,10.05484436411864,12.0,27.25,33.0,40.0,58.0
2015-05-17,TLA,NOX,1,158.0,58.32911392405063,36.58990202801942,13.0,35.0,48.0,70.75,263.0
2015-05-17,TLA,O3,1,159.0,27.044025157232703,24.456974856645765,1.0,7.5,17.0,43.5,104.0
2015-05-17,TLA,PM10,2,161.0,42.80124223602485,18.355796045042684,11.0,28.0,39.0,55.0,117.0
2015-05-17,TLA,PM2.5,2,161.0,27.40993788819876,11.308996446242167,8.0,20.0,25.0,32.0,68.0
2015-05-17,TLA,PMCO,2,161.0,15.416149068322982,9.403828346882971,2.0,8.0,14.0,21.0,62.0
2015-05-17,TLA,SO2,1,159.0,3.710691823899371,2.808995297547077,1.0,2.0,3.0,5.0,15.0
2015-05-17,TLI,CO,15,158.0,0.4531645569620252,0.32976944002826303,0.0,0.2,0.4,0.6,1.9
2015-05-17,TLI,NO,1,158.0,15.120253164556962,21.04540362996725,2.0,3.0,5.5,15.75,132.0
2015-05-17,TLI,NO2,1,158.0,26.77848101265823,10.501818718874167,8.0,18.25,27.0,35.0,56.0
2015-05-17,TLI,NOX,1,158.0,41.936708860759495,27.862648454666484,11.0,22.0,34.0,53.0,170.0
2015-05-17,TLI,O3,1,158.0,28.4873417721519,24.450583815929072,0.0,8.0,21.5,49.75,93.0
2015-05-17,TLI,PM10,2,158.0,37.14556962025316,28.64672277014675,1.0,16.25,34.0,49.75,163.0
2015-05-17,TLI,SO2,1,158.0,3.0759493670886076,3.595014778629772,0.0,1.0,2.0,3.0,17.0
2015-05-17,TPN,O3,1,159.0,36.484276729559745,29.715072113453573,3.0,14.0,26.0,56.0,115.0
2015-05-17,UAX,CO,15,159.0,0.6088050314465406,0.2994475182349254,0.1,0.4,0.6,0.7,1.9
2015-05-17,UAX,NO,1,159.0,10.213836477987421,16.77564720020511,1.0,2.0,3.0,9.0,103.0
2015-05-17,UAX,NO2,1,159.0,25.345911949685533,10.584791706054144,6.0,18.0,25.0,29.5,79.0
2015-05-17,UAX,NOX,1,159.0,35.56603773584906,23.202882923750018,7.0,21.0,30.0,43.0,144.0
2015-05-17,UAX,O3,1,159.0,36.59119496855346,35.15665013284132,0.0,7.0,24.0,62.0,127.0
2015-05-17,UAX,PM2.5,2,161.0,18.925465838509318,9.481266262366447,1.0,12.0,18.0,23.0,50.0
2015-05-17,UAX,SO2,1,159.0,1.2830188679245282,1.9940800850812634,0.0,0.0,1.0,1.0,20.0
2015-05-17,UIZ,CO,15,158.0,0.8132911392405063,0.40397774271472536,0.3,0.5,0.7,1.0,2.7
2015-05-17,UIZ,NO,1,158.0,14.525316455696203,24.522886584978682,0.0,2.0,5.0,15.0,158.0
2015-05-17,UIZ,NO2,1,158.0,30.329113924050635,11.267699756764667,9.0,22.0,31.0,37.75,74.0
2015-05-17,UIZ,NOX,1,158.0,44.848101265822784,31.851602008564228,10.0,25.0,38.0,53.5,200.0
2015-05-17,UIZ,O3,1,158.0,35.449367088607595,32.793417754246285,2.0,8.25,23.0,58.25,126.0
2015-05-17,UIZ,PM10,2,135.0,41.15555555555556,19.704862142116117,3.0,26.5,38.0,57.5,91.0
2015-05-17,UIZ,PM2.5,2,135.0,27.54074074074074,13.731303686822518,2.0,18.0,25.0,35.0,67.0
2015-05-17,UIZ,PMCO,2,135.0,13.6,8.486336691868944,1.0,7.5,12.0,18.0,49.0
2015-05-17,UIZ,SO2,1,158.0,2.3734177215189876,2.23031852632218,1.0,1.0,2.0,2.75,23.0
2015-05-17,VIF,CO,15,159.0,0.5672955974842768,0.3114882315565337,0.2,0.3,0.5,0.7,1.7
2015-05-17,VIF,NO,1,159.0,12.477987421383649,21.506500776991285,0.0,1.0,3.0,12.5,121.0
2015-05-17,VIF,NO2,1,159.0,20.9874213836478,10.84936410747201,4.0,11.0,22.0,29.0,42.0
2015-05-17,VIF,NOX,1,159.0,33.465408805031444,28.171890981007017,5.0,12.5,26.0,42.0,147.0
2015-05-17,VIF,O3,1,159.0,31.949685534591193,26.127922583092605,1.0,8.0,26.0,54.5,89.0
2015-05-17,VIF,PM10,2,161.0,40.149068322981364,26.62099997655145,1.0,22.0,37.0,59.0,147.0
2015-05-17,VIF,SO2,1,159.0,3.9748427672955975,5.429583387909299,1.0,2.0,2.0,3.0,34.0
2015-05-17,XAL,CO,15,159.0,1.0452830188679245,0.6769905589162336,0.3,0.6,0.8,1.2,5.1
2015-05-17,XAL,NO,1,159.0,34.062893081761004,52.84664768293196,3.0,9.0,15.0,30.0,399.0
2015-05-17,XAL,NO2,1,159.0,33.679245283018865,9.87088850778522,13.0,27.0,34.0,40.0,61.0
2015-05-17,XAL,NOX,1,159.0,67.66037735849056,57.85652597006714,17.0,36.0,50.0,76.5,449.0
2015-05-17,XAL,O3,1,159.0,22.80503144654088,18.201571078184287,2.0,8.0,17.0,36.0,66.0
2015-05-17,XAL,PM10,2,158.0,55.59493670886076,29.753988754640194,16.0,33.25,49.5,73.5,205.0
2015-05-17,XAL,PM2.5,2,158.0,28.10126582278481,13.646674251725576,1.0,18.0,26.0,36.75,73.0
2015-05-17,XAL,PMCO,2,158.0,27.4873417721519,18.91844290793488,4.0,15.0,24.0,35.0,141.0
2015-05-17,XAL,SO2,1,159.0,3.8050314465408803,3.528326579041675,1.0,2.0,3.0,4.0,26.0
2015-05-24,ACO,CO,15,159.0,0.26981132075471714,0.16255659850996712,0.0,0.2,0.2,0.3,0.9
2015-05-24,ACO,NO,1,159.0,7.459119496855346,10.745468363875434,0.0,1.0,3.0,8.0,53.0
2015-05-24,ACO,NO2,1,159.0,15.138364779874214,7.582022364245324,4.0,9.0,14.0,19.0,43.0
2015-05-24,ACO,NOX,1,159.0,22.547169811320753,15.7084586232731,5.0,10.5,17.0,31.0,77.0
2015-05-24,ACO,O3,1,159.0,33.0125786163522,25.683809464818687,1.0,9.0,28.0,54.0,90.0
2015-05-24,ACO,PM10,2,161.0,30.540372670807454,11.684922864967847,1.0,22.0,29.0,37.0,67.0
2015-05-24,ACO,SO2,1,159.0,3.1761006289308176,6.408592522261963,0.0,1.0,1.0,2.0,39.0
2015-05-24,AJM,CO,15,154.0,0.5577922077922074,0.2050928269133344,0.2,0.4,0.5,0.7,1.3
2015-05-24,AJM,NO,1,154.0,4.6103896103896105,6.8172327664756835,0.0,1.0,2.0,4.75,34.0
2015-05-24,AJM,NO2,1,154.0,17.876623376623378,8.041012457044937,3.0,13.0,17.5,23.0,45.0
2015-05-24,AJM,NOX,1,154.0,22.551948051948052,13.745607596844676,3.0,14.0,19.0,28.0,77.0
2015-05-24,AJM,O3,1,154.0,49.22077922077922,29.10680057841675,9.0,27.25,41.0,65.75,140.0
2015-05-24,AJM,PM10,2,161.0,33.09316770186335,16.30674754596852,3.0,23.0,32.0,42.0,75.0
2015-05-24,AJM,PM2.5,2,161.0,21.77639751552795,11.755304736202875,1.0,12.0,20.0,31.0,51.0
2015-05-24,AJM,PMCO,2,161.0,11.273291925465838,6.301773140989525,1.0,7.0,10.0,15.0,41.0
2015-05-24,AJM,SO2,1,154.0,1.0064935064935066,1.674478762901617,0.0,0.0,1.0,1.0,15.0
2015-05-24,AJU,O3,1,67.0,45.64179104477612,28.857907635641077,4.0,22.0,43.0,68.0,119.0
2015-05-24,ATI,CO,15,158.0,0.5588607594936715,0.3204554376117855,0.1,0.4,0.5,0.7,2.0
2015-05-24,ATI,NO,1,158.0,10.58860759493671,16.891610153868115,1.0,2.0,3.5,14.0,112.0
2015-05-24,ATI,NO2,1,158.0,20.72151898734177,8.828062823710672,4.0,14.0,20.0,26.75,45.0
2015-05-24,ATI,NOX,1,158.0,31.329113924050635,21.999838748098874,4.0,16.25,24.5,41.0,136.0
2015-05-24,ATI,O3,1,158.0,32.860759493670884,25.85813042301464,1.0,13.0,26.5,49.0,105.0
2015-05-24,ATI,PM10,2,160.0,29.5625,22.198557236816686,1.0,11.0,27.0,42.0,99.0
2015-05-24,ATI,SO2,1,158.0,3.6202531645569622,6.461653270860662,0.0,1.0,1.0,3.0,37.0
2015-05-24,CAM,CO,15,154.0,0.9272727272727266,0.4008606308870047,0.4,0.6,0.8,1.1,2.5
2015-05-24,CAM,NO,1,154.0,21.441558441558442,26.99939166900918,2.0,5.0,8.0,30.75,155.0
2015-05-24,CAM,NO2,1,154.0,33.467532467532465,10.353344842467264,12.0,26.0,33.0,40.0,75.0
2015-05-24,CAM,NOX,1,154.0,54.87012987012987,32.53910694885117,14.0,33.0,44.0,70.75,189.0
2015-05-24,CAM,O3,1,154.0,29.246753246753247,28.423802896323387,1.0,5.0,21.5,45.75,109.0
2015-05-24,CAM,PM10,2,161.0,44.422360248447205,20.600558169486817,9.0,30.0,41.0,57.0,109.0
2015-05-24,CAM,PM2.5,2,161.0,29.664596273291924,15.339061289473879,1.0,20.0,25.0,39.0,79.0
2015-05-24,CAM,PMCO,2,161.0,14.770186335403727,8.572666189118882,2.0,9.0,13.0,19.0,58.0
2015-05-24,CAM,SO2,1,154.0,3.487012987012987,5.6432468902115644,1.0,1.0,2.0,3.0,42.0
2015-05-24,CCA,CO,15,159.0,0.47106918238993717,0.3453755820145062,0.0,0.2,0.4,0.6,1.8
2015-05-24,CCA,NO,1,159.0,13.264150943396226,22.52437577780132,1.0,2.0,3.0,14.0,110.0
2015-05-24,CCA,NO2,1,159.0,23.9811320754717,9.482476642062231,6.0,17.5,23.0,29.5,54.0
2015-05-24,CCA,NOX,1,159.0,37.23899371069182,28.179456364633598,7.0,20.5,27.0,43.5,143.0
2015-05-24,CCA,O3,1,159.0,37.80503144654088,35.84433256535775,2.0,6.0,26.0,61.5,152.0
2015-05-24,CCA,PM2.5,2,161.0,17.869565217391305,8.039846418606679,4.0,11.0,18.0,23.0,43.0
2015-05-24,CCA,SO2,1,159.0,1.5031446540880504,1.3635128395995748,0.0,1.0,1.0,2.0,10.0
2015-05-24,CHO,CO,15,153.0,0.7424836601307185,0.40534144321363835,0.2,0.5,0.6,0.8,2.6
2015-05-24,CHO,NO,1,0.0,,,,,,,
2015-05-24,CHO,NO2,1,0.0,,,,,,,
2015-05-24,CHO,NOX,1,0.0,,,,,,,
2015-05-24,CHO,O3,1,153.0,32.254901960784316,27.324928230214585,2.0,7.0,24.0,51.0,128.0
2015-05-24,CHO,PM10,2,135.0,38.67407407407408,29.320114238346626,1.0,15.5,33.0,55.0,123.0
2015-05-24,CHO,SO2,1,153.0,1.34640522875817,3.249129967427534,0.0,0.0,1.0,1.0,35.0
2015-05-24,COY,NO,1,90.0,16.2,24.30989071379905,0.0,3.0,5.5,19.0,135.0
2015-05-24,COY,NO2,1,90.0,26.41111111111111,9.62311641507456,8.0,20.0,25.0,33.0,58.0
2015-05-24,COY,NOX,1,90.0,42.611111111111114,29.747512196780896,8.0,23.0,32.0,51.0,169.0
2015-05-24,COY,O3,1,90.0,34.71111111111111,31.68746409503344,2.0,4.25,26.0,58.0,124.0
2015-05-24,COY,PM2.5,2,92.0,33.56521739130435,15.190587273389513,1.0,22.0,30.0,42.25,78.0
2015-05-24,CUA,CO,15,158.0,0.6892405063291138,0.2869975128141802,0.3,0.5,0.6,0.8,1.9
2015-05-24,CUA,NO,1,158.0,12.816455696202532,21.782315800332483,1.0,3.0,4.5,12.75,153.0
2015-05-24,CUA,NO2,1,158.0,25.411392405063292,9.779173077225744,5.0,19.0,25.0,32.0,55.0
2015-05-24,CUA,NOX,1,158.0,38.20253164556962,28.65382212222949,6.0,22.0,29.0,42.0,191.0
2015-05-24,CUA,O3,1,158.0,42.177215189873415,31.27330091559284,2.0,17.0,34.5,59.0,134.0
2015-05-24,CUA,PM10,2,158.0,30.77848101265823,17.426322946506605,1.0,18.0,29.0,40.0,87.0
2015-05-24,CUA,SO2,1,158.0,2.1772151898734178,2.572562199805811,0.0,1.0,1.0,2.0,23.0
2015-05-24,CUT,NO,1,159.0,11.773584905660377,17.35333642756857,1.0,2.0,3.0,14.5,93.0
2015-05-24,CUT,NO2,1,159.0,20.52201257861635,10.253641821686356,4.0,12.0,20.0,26.0,49.0
2015-05-24,CUT,NOX,1,159.0,32.23270440251572,23.286926567690962,5.0,14.0,26.0,44.0,122.0
2015-05-24,CUT,O3,1,157.0,30.18471337579618,18.64541658673684,3.0,14.0,30.0,43.0,67.0
2015-05-24,CUT,PM10,2,158.0,52.29746835443038,34.52618492940172,1.0,30.25,46.0,68.0,205.0
2015-05-24,CUT,SO2,1,159.0,4.113207547169812,7.165300643895626,0.0,1.0,1.0,4.0,51.0
2015-05-24,FAC,CO,15,157.0,0.8433121019108286,0.5155621633476235,0.2,0.5,0.7,1.1,3.2
2015-05-24,FAC,NO,1,0.0,,,,,,,
2015-05-24,FAC,NO2,1,0.0,,,,,,,
2015-05-24,FAC,NOX,1,0.0,,,,,,,
2015-05-24,FAC,O3,1,157.0,32.89808917197452,28.62695177835395,3.0,8.0,23.0,55.0,101.0
2015-05-24,FAC,PM10,2,158.0,38.29113924050633,25.27436802273483,1.0,19.0,34.5,53.0,132.0
2015-05-24,FAC,SO2,1,157.0,3.821656050955414,5.2824129887301305,1.0,2.0,2.0,3.0,40.0
2015-05-24,HGM,CO,15,159.0,0.9270440251572327,0.37748091318856125,0.4,0.6,0.8,1.2,2.1
2015-05-24,HGM,NO,1,159.0,18.062893081761008,22.966316980041356,0.0,2.0,7.0,28.5,94.0
2015-05-24,HGM,NO2,1,159.0,32.0125786163522,11.296346122251968,9.0,24.5,32.0,39.0,74.0
2015-05-24,HGM,NOX,1,159.0,50.132075471698116,30.138312638618785,9.0,27.5,40.0,67.0,152.0
2015-05-24,HGM,O3,1,159.0,29.654088050314467,28.630776443616583,1.0,4.5,20.0,47.0,114.0
2015-05-24,HGM,PM10,2,161.0,45.06832298136646,20.98217226111327,3.0,29.0,42.0,63.0,105.0
2015-05-24,HGM,PM2.5,2,161.0,28.049689440993788,16.082522051219147,1.0,16.0,26.0,40.0,73.0
2015-05-24,HGM,PMCO,2,161.0,17.055900621118013,7.880552365796582,1.0,12.0,17.0,23.0,36.0
2015-05-24,HGM,SO2,1,159.0,2.2452830188679247,1.9150205112828083,0.0,1.0,2.0,3.0,15.0
2015-05-24,IZT,CO,15,158.0,1.0601265822784807,0.4592904904039556,0.3,0.7,0.9,1.375,2.9
2015-05-24,IZT,NO,1,158.0,20.424050632911392,27.30723855968197,0.0,3.0,7.0,32.75,167.0
2015-05-24,IZT,NO2,1,158.0,32.822784810126585,9.794395243336757,8.0,26.0,32.0,40.0,62.0
2015-05-24,IZT,NOX,1,158.0,53.28481012658228,32.32539412563644,8.0,30.0,41.5,72.0,195.0
2015-05-24,IZT,O3,1,158.0,35.892405063291136,33.229674682866616,3.0,8.0,24.0,59.0,130.0
2015-05-24,IZT,PM10,2,158.0,32.924050632911396,12.895732915848964,6.0,25.0,32.0,40.0,70.0
2015-05-24,IZT,SO2,1,158.0,1.9620253164556962,1.3632392855524167,0.0,1.0,2.0,3.0,11.0
2015-05-24,LLA,CO,15,159.0,0.6201257861635218,0.4007555955552465,0.1,0.3,0.5,0.8,2.1
2015-05-24,LLA,NO,1,159.0,18.40251572327044,25.60560646105996,1.0,2.0,6.0,25.5,140.0
2015-05-24,LLA,NO2,1,159.0,23.754716981132077,10.868440539523851,7.0,14.5,24.0,32.0,58.0
2015-05-24,LLA,NOX,1,159.0,42.16981132075472,33.016529720343144,8.0,18.0,31.0,56.5,173.0
2015-05-24,LLA,O3,1,159.0,29.89937106918239,26.754201129597476,1.0,4.0,24.0,50.5,90.0
2015-05-24,LLA,SO2,1,159.0,4.578616352201258,8.048416502641007,1.0,2.0,2.0,3.0,62.0
2015-05-24,LPR,CO,15,157.0,0.5961783439490447,0.417852469106341,0.0,0.3,0.5,0.8,1.8
2015-05-24,LPR,NO,1,0.0,,,,,,,
2015-05-24,LPR,NO2,1,0.0,,,,,,,
2015-05-24,LPR,NOX,1,0.0,,,,,,,
2015-05-24,LPR,O3,1,157.0,25.643312101910826,22.205050458909955,1.0,6.0,21.0,44.0,87.0
2015-05-24,LPR,SO2,1,157.0,3.7770700636942673,5.7407659701948015,1.0,2.0,2.0,3.0,45.0
2015-05-24,MER,CO,15,152.0,1.168421052631579,0.5589039714970506,0.4,0.8,1.0,1.4,2.8
2015-05-24,MER,NO,1,152.0,29.67763157894737,33.964843914966,1.0,6.0,13.5,46.0,153.0
2015-05-24,MER,NO2,1,152.0,35.85526315789474,11.019193306333374,12.0,28.0,36.0,42.25,82.0
2015-05-24,MER,NOX,1,152.0,65.53289473684211,40.18103367338493,13.0,33.0,53.0,87.0,190.0
2015-05-24,MER,O3,1,152.0,29.70394736842105,31.400813845231898,2.0,3.0,18.0,50.0,133.0
2015-05-24,MER,PM10,2,157.0,48.11464968152866,19.655679727487602,11.0,35.0,47.0,59.0,103.0
2015-05-24,MER,PM2.5,2,157.0,29.56687898089172,14.22090997726286,1.0,20.0,28.0,38.0,63.0
2015-05-24,MER,PMCO,2,157.0,18.554140127388536,7.873515248277216,1.0,14.0,18.0,24.0,48.0
2015-05-24,MER,SO2,1,152.0,2.3815789473684212,1.8011556647956277,0.0,1.0,2.0,3.0,15.0
2015-05-24,MGH,CO,15,123.0,0.7422764227642278,0.32868544185202236,0.2,0.5,0.7,0.9,1.8
2015-05-24,MGH,NO,1,113.0,22.398230088495577,28.606486471917776,1.0,3.0,7.0,34.0,156.0
2015-05-24,MGH,NO2,1,113.0,29.292035398230087,10.80648070763327,5.0,23.0,28.0,34.0,70.0
2015-05-24,MGH,NOX,1,113.0,51.68141592920354,34.33169752750512,7.0,26.0,39.0,71.0,193.0
2015-05-24,MGH,O3,1,157.0,32.8343949044586,33.150559250756565,0.0,5.0,20.0,52.0,128.0
2015-05-24,MGH,PM10,2,157.0,36.23566878980892,16.176169607532184,6.0,25.0,33.0,44.0,88.0
2015-05-24,MGH,PM2.5,2,157.0,25.044585987261147,12.402617563387516,3.0,17.0,23.0,30.0,61.0
2015-05-24,MGH,PMCO,2,157.0,11.21656050955414,5.996065452826909,2.0,7.0,10.0,14.0,38.0
2015-05-24,MGH,SO2,1,155.0,1.6387096774193548,2.52746952906663,0.0,1.0,1.0,2.0,23.0
2015-05-24,MON,CO,15,159.0,0.3911949685534592,0.3230361597110351,0.1,0.2,0.3,0.4,1.9
2015-05-24,MON,NO,1,159.0,14.484276729559749,27.25776055929297,1.0,1.0,3.0,12.0,135.0
2015-05-24,MON,NO2,1,159.0,17.345911949685533,6.646582277146773,5.0,12.0,18.0,22.0,39.0
2015-05-24,MON,NOX,1,159.0,31.79245283018868,30.488029498144385,6.0,13.0,21.0,34.5,156.0
2015-05-24,MON,O3,1,90.0,32.24444444444445,23.980006236990274,0.0,7.0,32.5,49.75,82.0
2015-05-24,MON,SO2,1,159.0,1.7358490566037736,2.871626430582278,0.0,0.0,1.0,1.0,16.0
2015-05-24,NEZ,CO,15,157.0,0.8031847133757963,0.46082706892838765,0.2,0.5,0.6,1.0,2.8
2015-05-24,NEZ,NO,1,157.0,14.630573248407643,22.877120645488905,0.0,2.0,5.0,17.0,139.0
2015-05-24,NEZ,NO2,1,157.0,27.770700636942674,12.05429629307932,10.0,17.0,27.0,38.0,55.0
2015-05-24,NEZ,NOX,1,157.0,42.394904458598724,31.068938640191647,11.0,20.0,33.0,57.0,179.0
2015-05-24,NEZ,O3,1,157.0,34.72611464968153,31.19759430751857,0.0,6.0,25.0,58.0,125.0
2015-05-24,NEZ,PM2.5,2,159.0,20.559748427672957,9.69117515504068,3.0,13.5,19.0,26.0,51.0
2015-05-24,NEZ,SO2,1,158.0,1.518987341772152,1.4219459125377072,0.0,1.0,1.0,2.0,9.0
2015-05-24,PED,CO,15,158.0,0.5860759493670884,0.2909392552508314,0.2,0.4,0.5,0.7,1.6
2015-05-24,PED,NO,1,158.0,8.215189873417721,12.674434759015245,1.0,2.0,3.0,7.0,70.0
2015-05-24,PED,NO2,1,158.0,22.82278481012658,10.142625564514026,5.0,15.0,22.0,29.0,55.0
2015-05-24,PED,NOX,1,158.0,31.050632911392405,20.515272381100804,5.0,17.0,26.5,36.0,114.0
2015-05-24,PED,O3,1,158.0,41.278481012658226,35.8450084324877,2.0,12.5,26.5,65.0,141.0
2015-05-24,PED,PM10,2,158.0,38.64556962025316,19.861006173756046,4.0,24.0,36.0,49.75,92.0
2015-05-24,PED,PM2.5,2,158.0,23.158227848101266,13.750980116497699,1.0,14.0,21.5,31.0,62.0
2015-05-24,PED,PMCO,2,158.0,15.556962025316455,8.399646391469904,3.0,9.0,14.0,21.0,41.0
2015-05-24,PED,SO2,1,0.0,,,,,,,
2015-05-24,SAG,CO,15,159.0,0.7955974842767298,0.4454191472113565,0.2,0.5,0.6,0.95,2.5
2015-05-24,SAG,NO,1,159.0,16.9748427672956,25.05334806336235,0.0,2.0,5.0,19.5,119.0
2015-05-24,SAG,NO2,1,159.0,23.540880503144653,9.978294252117076,5.0,16.0,23.0,29.0,59.0
2015-05-24,SAG,NOX,1,159.0,40.465408805031444,31.40301119847938,5.0,18.0,30.0,52.0,157.0
2015-05-24,SAG,O3,1,159.0,32.056603773584904,27.44758993893517,1.0,8.0,25.0,53.5,100.0
2015-05-24,SAG,PM10,2,161.0,49.850931677018636,31.591971127986827,6.0,35.0,44.0,63.0,351.0
2015-05-24,SAG,PM2.5,2,161.0,27.25465838509317,12.193891658892985,1.0,19.0,26.0,35.0,61.0
2015-05-24,SAG,PMCO,2,161.0,22.627329192546583,26.389822819549295,1.0,13.0,18.0,26.0,324.0
2015-05-24,SAG,SO2,1,159.0,3.779874213836478,7.8342382266352235,0.0,1.0,1.0,3.0,67.0
2015-05-24,SFE,CO,15,153.0,0.5555555555555557,0.2173067468400883,0.2,0.4,0.5,0.7,1.3
2015-05-24,SFE,NO,1,149.0,10.758389261744966,18.29586092857403,0.0,1.0,3.0,12.0,103.0
2015-05-24,SFE,NO2,1,149.0,22.83221476510067,7.927375323594301,6.0,16.0,23.0,28.0,46.0
2015-05-24,SFE,NOX,1,149.0,33.671140939597315,23.48790457932123,6.0,17.0,26.0,41.0,138.0
2015-05-24,SFE,O3,1,153.0,40.33986928104575,33.11625523076418,0.0,15.0,31.0,63.0,132.0
2015-05-24,SFE,PM10,2,112.0,40.32142857142857,23.032767213436728,7.0,25.0,35.0,47.25,141.0
2015-05-24,SFE,PM2.5,2,112.0,24.017857142857142,15.329405377922175,1.0,13.75,21.0,29.25,98.0
2015-05-24,SFE,PMCO,2,112.0,16.25,9.869874083007058,3.0,9.0,14.0,20.25,62.0
2015-05-24,SFE,SO2,1,153.0,1.3202614379084967,2.3582263483702994,0.0,0.0,1.0,1.0,22.0
2015-05-24,SJA,CO,15,158.0,0.6550632911392408,0.44486417713287024,0.1,0.3,0.55,0.9,2.2
2015-05-24,SJA,NO,1,158.0,27.132911392405063,35.86281441426264,1.0,3.0,8.0,37.75,169.0
2015-05-24,SJA,NO2,1,158.0,32.348101265822784,14.488267695982298,9.0,19.0,34.0,42.0,73.0
2015-05-24,SJA,NOX,1,158.0,59.4873417721519,43.871952844522454,11.0,21.25,45.5,85.5,201.0
2015-05-24,SJA,O3,1,158.0,34.08860759493671,33.48816308546451,3.0,5.0,21.0,57.75,127.0
2015-05-24,SJA,PM2.5,2,157.0,21.840764331210192,9.687759627052074,1.0,16.0,22.0,27.0,56.0
2015-05-24,SJA,SO2,1,158.0,2.1202531645569622,1.4425631599799436,1.0,1.0,2.0,2.75,8.0
2015-05-24,SUR,PM10,2,160.0,31.1375,18.224831874542645,1.0,17.0,28.0,40.0,87.0
2015-05-24,TAH,CO,15,157.0,0.4152866242038218,0.27012950481430775,0.1,0.2,0.3,0.5,1.5
2015-05-24,TAH,NO,1,158.0,5.386075949367089,10.660197225469823,0.0,1.0,1.0,5.0,66.0
2015-05-24,TAH,NO2,1,158.0,14.240506329113924,6.562225795056891,3.0,9.0,14.0,19.0,30.0
2015-05-24,TAH,NOX,1,158.0,19.639240506329113,14.866804964932953,3.0,9.25,15.0,25.0,86.0
2015-05-24,TAH,O3,1,158.0,40.11392405063291,28.78627032156201,2.0,16.25,31.0,58.75,130.0
2015-05-24,TAH,PM10,2,156.0,30.96794871794872,21.811337647165153,1.0,13.75,26.0,44.5,93.0
2015-05-24,TAH,SO2,1,158.0,1.3544303797468353,0.757770358026965,0.0,1.0,1.0,2.0,6.0
2015-05-24,TLA,CO,15,154.0,0.8746753246753244,0.38015505751359147,0.3,0.6,0.8,1.1,2.4
2015-05-24,TLA,NO,1,131.0,25.389312977099237,26.984774202411597,1.0,9.0,13.0,34.5,152.0
2015-05-24,TLA,NO2,1,131.0,35.16030534351145,11.883289361952535,9.0,27.5,33.0,42.0,74.0
2015-05-24,TLA,NOX,1,131.0,60.51908396946565,33.92374959886865,10.0,38.0,48.0,79.5,198.0
2015-05-24,TLA,O3,1,154.0,27.441558441558442,26.371401377766812,0.0,4.25,19.5,39.75,96.0
2015-05-24,TLA,PM10,2,155.0,52.42580645161291,24.866121632197302,4.0,37.0,47.0,61.5,137.0
2015-05-24,TLA,PM2.5,2,155.0,29.806451612903224,15.556806993104196,3.0,19.5,26.0,36.5,85.0
2015-05-24,TLA,PMCO,2,155.0,22.612903225806452,12.357965566593856,1.0,15.0,21.0,28.5,77.0
2015-05-24,TLA,SO2,1,154.0,5.077922077922078,6.91548652113167,1.0,2.0,3.0,5.0,49.0
2015-05-24,TLI,CO,15,159.0,0.4157232704402518,0.30492468279327317,0.0,0.2,0.4,0.6,1.6
2015-05-24,TLI,NO,1,159.0,13.333333333333334,17.444910275343023,1.0,3.0,6.0,15.0,108.0
2015-05-24,TLI,NO2,1,159.0,24.68553459119497,10.423402566972214,5.0,15.0,25.0,33.0,49.0
2015-05-24,TLI,NOX,1,159.0,38.0314465408805,24.44353384084333,7.0,19.0,31.0,49.5,141.0
2015-05-24,TLI,O3,1,159.0,29.70440251572327,25.338856302584592,0.0,5.5,25.0,47.0,93.0
2015-05-24,TLI,PM10,2,157.0,47.80891719745223,27.24794364340879,1.0,28.0,45.0,64.0,180.0
2015-05-24,TLI,SO2,1,159.0,3.930817610062893,6.459336777546426,0.0,1.0,2.0,4.0,40.0
2015-05-24,TPN,O3,1,153.0,39.48366013071895,31.674974468307614,4.0,15.0,29.0,56.0,149.0
2015-05-24,UAX,CO,15,159.0,0.6251572327044028,0.29034430749294765,0.2,0.4,0.5,0.8,1.8
2015-05-24,UAX,NO,1,159.0,12.144654088050315,18.73020861899925,1.0,1.0,3.0,15.0,105.0
2015-05-24,UAX,NO2,1,159.0,20.660377358490567,8.294294354798426,5.0,14.0,21.0,26.0,40.0
2015-05-24,UAX,NOX,1,159.0,32.81132075471698,23.089854698908738,6.0,16.0,27.0,44.0,133.0
2015-05-24,UAX,O3,1,159.0,37.23270440251572,35.20468088996074,0.0,6.0,26.0,62.0,132.0
2015-05-24,UAX,PM2.5,2,138.0,20.753623188405797,9.378350277632487,1.0,15.0,20.0,26.75,44.0
2015-05-24,UAX,SO2,1,159.0,0.89937106918239,0.805007811531083,0.0,0.0,1.0,1.0,4.0
2015-05-24,UIZ,CO,15,158.0,0.7594936708860764,0.41223918211614624,0.2,0.4,0.6,1.0,2.0
2015-05-24,UIZ,NO,1,158.0,14.531645569620252,20.941127937937566,0.0,2.0,4.0,20.0,110.0
2015-05-24,UIZ,NO2,1,158.0,27.588607594936708,11.423592609707045,6.0,17.0,28.0,37.0,56.0
2015-05-24,UIZ,NOX,1,158.0,42.120253164556964,28.488763590070274,6.0,19.25,32.5,57.75,142.0
2015-05-24,UIZ,O3,1,158.0,36.639240506329116,32.341375434953136,2.0,8.0,25.5,62.25,118.0
2015-05-24,UIZ,PM10,2,160.0,44.9375,20.941574160074182,2.0,31.0,42.5,56.25,116.0
2015-05-24,UIZ,PM2.5,2,160.0,26.8,14.12112917964339,1.0,16.0,25.0,34.0,76.0
2015-05-24,UIZ,PMCO,2,160.0,18.125,9.622922057816826,1.0,12.0,16.0,22.0,63.0
2015-05-24,UIZ,SO2,1,158.0,1.9493670886075949,1.0931021033447397,1.0,1.0,2.0,2.75,6.0
2015-05-24,VIF,CO,15,159.0,0.5031446540880501,0.27338047480763955,0.2,0.3,0.4,0.6,2.0
2015-05-24,VIF,NO,1,159.0,8.981132075471699,15.104895550660713,0.0,1.0,3.0,10.0,121.0
2015-05-24,VIF,NO2,1,159.0,18.10691823899371,10.281845371338179,3.0,10.0,16.0,27.0,49.0
2015-05-24,VIF,NOX,1,159.0,27.069182389937108,21.77942342603038,3.0,11.0,20.0,38.5,148.0
2015-05-24,VIF,O3,1,157.0,32.203821656050955,24.97376542815074,1.0,9.0,27.0,51.0,87.0
2015-05-24,VIF,PM10,2,156.0,49.43589743589744,25.78451135160458,1.0,30.5,46.0,67.0,128.0
2015-05-24,VIF,SO2,1,159.0,4.7421383647798745,8.986074906982397,0.0,1.0,2.0,3.0,64.0
2015-05-24,XAL,CO,15,104.0,1.2115384615384615,0.7474627233368851,0.4,0.6749999999999999,0.9,1.525,4.4
2015-05-24,XAL,NO,1,146.0,37.87671232876713,48.38735805416021,2.0,8.25,18.5,51.0,327.0
2015-05-24,XAL,NO2,1,146.0,35.8013698630137,13.004306906195875,9.0,27.0,35.0,42.0,85.0
2015-05-24,XAL,NOX,1,146.0,73.71232876712328,54.76343593967377,11.0,35.25,56.0,97.5,363.0
2015-05-24,XAL,O3,1,146.0,22.23972602739726,21.275631128697956,1.0,4.0,13.0,40.0,77.0
2015-05-24,XAL,PM10,2,153.0,78.57516339869281,40.2512982481797,15.0,54.0,69.0,95.0,289.0
2015-05-24,XAL,PM2.5,2,153.0,34.888888888888886,16.656970863952814,2.0,23.0,33.0,45.0,79.0
2015-05-24,XAL,PMCO,2,153.0,43.6078431372549,30.53432824278913,8.0,27.0,35.0,53.0,269.0
2015-05-24,XAL,SO2,1,146.0,3.8767123287671232,3.5871233522504853,0.0,2.0,3.0,5.0,23.0
2015-05-31,ACO,CO,15,155.0,0.21354838709677426,0.1886649677234302,0.0,0.1,0.2,0.3,1.1
2015-05-31,ACO,NO,1,154.0,8.38961038961039,13.421917344652702,0.0,1.0,3.0,8.0,80.0
2015-05-31,ACO,NO2,1,154.0,14.993506493506494,7.645321311163972,4.0,9.25,14.0,18.0,39.0
2015-05-31,ACO,NOX,1,154.0,23.363636363636363,17.49988540833376,5.0,11.0,17.0,30.75,102.0
2015-05-31,ACO,O3,1,155.0,28.24516129032258,23.228772444793517,0.0,8.0,23.0,44.0,92.0
2015-05-31,ACO,PM10,2,156.0,25.326923076923077,11.793471929371917,5.0,17.0,23.0,32.25,70.0
2015-05-31,ACO,SO2,1,155.0,0.7741935483870968,0.7433548653249425,0.0,0.0,1.0,1.0,3.0
2015-05-31,AJM,CO,15,159.0,0.6119496855345912,0.1943391202382158,0.3,0.5,0.6,0.7,1.4
2015-05-31,AJM,NO,1,154.0,4.428571428571429,6.156835982742603,0.0,1.0,2.0,6.0,47.0
2015-05-31,AJM,NO2,1,154.0,18.27922077922078,7.833643509292244,3.0,13.0,18.0,23.75,40.0
2015-05-31,AJM,NOX,1,154.0,22.727272727272727,12.25826264080213,3.0,14.0,21.0,29.0,87.0
2015-05-31,AJM,O3,1,159.0,44.899371069182386,26.678155613604822,13.0,25.0,37.0,57.5,138.0
2015-05-31,AJM,PM10,2,155.0,26.774193548387096,14.547971870563657,5.0,16.0,24.0,33.5,79.0
2015-05-31,AJM,PM2.5,2,155.0,19.212903225806453,10.795614247049281,3.0,12.0,16.0,23.5,64.0
2015-05-31,AJM,PMCO,2,155.0,7.503225806451613,5.740462664674742,1.0,3.0,7.0,11.0,53.0
2015-05-31,AJM,SO2,1,159.0,1.748427672955975,3.004150195682082,0.0,0.0,1.0,2.0,26.0
2015-05-31,AJU,O3,1,157.0,37.49044585987261,22.241569372084964,4.0,19.0,39.0,54.0,131.0
2015-05-31,ATI,CO,15,152.0,0.5651315789473683,0.3752720635021643,0.2,0.3,0.5,0.6,2.1
2015-05-31,ATI,NO,1,152.0,12.375,20.455997841271866,1.0,3.0,4.0,10.0,112.0
2015-05-31,ATI,NO2,1,152.0,18.861842105263158,8.1338548017019,5.0,13.0,17.0,23.0,47.0
2015-05-31,ATI,NOX,1,152.0,31.230263157894736,24.951468229699554,7.0,16.0,23.0,36.25,149.0
2015-05-31,ATI,O3,1,152.0,26.86842105263158,21.591844244708827,1.0,10.75,21.0,38.25,106.0
2015-05-31,ATI,PM10,2,148.0,24.14864864864865,23.364128812524335,1.0,8.75,19.5,35.0,179.0
2015-05-31,ATI,SO2,1,152.0,2.763157894736842,5.674080538876678,0.0,0.0,1.0,2.0,41.0
2015-05-31,CAM,CO,15,156.0,0.8903846153846154,0.48270459090873297,0.3,0.6,0.7,1.125,2.9
2015-05-31,CAM,NO,1,156.0,24.30128205128205,33.180915593697264,2.0,6.0,10.0,24.25,168.0
2015-05-31,CAM,NO2,1,156.0,34.416666666666664,11.092548113752494,14.0,26.0,32.5,41.25,65.0
2015-05-31,CAM,NOX,1,156.0,58.67307692307692,37.18431224216844,18.0,32.75,48.0,69.25,202.0
2015-05-31,CAM,O3,1,156.0,23.365384615384617,24.268148922181542,1.0,3.75,14.5,34.5,103.0
2015-05-31,CAM,PM10,2,146.0,37.60958904109589,18.664136100598718,8.0,24.0,34.5,47.75,106.0
2015-05-31,CAM,PM2.5,2,146.0,25.643835616438356,13.00755203772681,1.0,17.0,25.0,32.0,69.0
2015-05-31,CAM,PMCO,2,146.0,11.95890410958904,9.414498512348787,2.0,6.0,10.0,16.0,77.0
2015-05-31,CAM,SO2,1,156.0,3.551282051282051,3.691830338594407,1.0,2.0,3.0,4.0,28.0
2015-05-31,CCA,CO,15,158.0,0.5715189873417725,0.27160569306151616,0.0,0.4,0.5,0.775,1.4
2015-05-31,CCA,NO,1,159.0,12.40251572327044,19.499795356555303,1.0,2.0,4.0,13.5,133.0
2015-05-31,CCA,NO2,1,159.0,25.40880503144654,8.396965874932722,8.0,19.0,23.0,31.0,47.0
2015-05-31,CCA,NOX,1,159.0,37.78616352201258,22.631434613312422,9.0,23.0,28.0,47.5,155.0
2015-05-31,CCA,O3,1,159.0,30.761006289308177,29.585631801730287,2.0,7.5,20.0,49.5,125.0
2015-05-31,CCA,PM2.5,2,157.0,17.02547770700637,7.461825105491857,5.0,12.0,16.0,20.0,49.0
2015-05-31,CCA,SO2,1,159.0,1.9811320754716981,1.730119254370751,0.0,1.0,2.0,2.0,13.0
2015-05-31,CHO,CO,15,152.0,0.7486842105263154,0.42002630666672236,0.2,0.5,0.6499999999999999,0.8,2.8
2015-05-31,CHO,NO,1,0.0,,,,,,,
2015-05-31,CHO,NO2,1,0.0,,,,,,,
2015-05-31,CHO,NOX,1,0.0,,,,,,,
2015-05-31,CHO,O3,1,152.0,29.026315789473685,22.861502783402294,2.0,9.75,24.0,47.25,111.0
2015-05-31,CHO,PM10,2,153.0,34.98039215686274,25.76218939602727,1.0,15.0,29.0,51.0,125.0
2015-05-31,CHO,SO2,1,152.0,2.1184210526315788,4.345865372372416,0.0,1.0,1.0,2.0,48.0
2015-05-31,COY,NO,1,157.0,16.146496815286625,23.106724320051818,0.0,3.0,6.0,19.0,132.0
2015-05-31,COY,NO2,1,157.0,30.076433121019107,9.612052664576295,14.0,23.0,29.0,35.0,58.0
2015-05-31,COY,NOX,1,157.0,46.21656050955414,27.14356855196267,17.0,27.0,38.0,59.0,161.0
2015-05-31,COY,O3,1,157.0,28.45859872611465,29.38373229637227,1.0,6.0,17.0,45.0,129.0
2015-05-31,COY,PM2.5,2,159.0,33.9748427672956,17.05425062481069,5.0,25.0,29.0,38.0,105.0
2015-05-31,CUA,CO,15,152.0,0.6039473684210528,0.2676563920989736,0.2,0.4,0.55,0.7,2.1
2015-05-31,CUA,NO,1,152.0,13.44078947368421,23.57115016078775,1.0,3.0,5.0,13.0,178.0
2015-05-31,CUA,NO2,1,152.0,24.717105263157894,8.169088695078027,10.0,18.0,24.0,31.0,48.0
2015-05-31,CUA,NOX,1,152.0,38.1578947368421,28.820776460800207,12.0,21.0,30.5,42.0,222.0
2015-05-31,CUA,O3,1,152.0,34.19736842105263,26.545485011313765,1.0,15.0,28.0,47.25,121.0
2015-05-31,CUA,PM10,2,154.0,25.22077922077922,15.33343851338467,1.0,15.0,23.5,32.75,71.0
2015-05-31,CUA,SO2,1,152.0,2.7565789473684212,2.177539502538764,1.0,1.0,2.0,3.25,13.0
2015-05-31,CUT,NO,1,159.0,10.40251572327044,19.808615788435716,1.0,2.0,3.0,9.0,128.0
2015-05-31,CUT,NO2,1,159.0,20.9874213836478,10.408119652514513,5.0,12.5,21.0,28.0,51.0
2015-05-31,CUT,NOX,1,159.0,31.37735849056604,25.3830600456695,6.0,15.0,25.0,38.0,152.0
2015-05-31,CUT,O3,1,159.0,28.962264150943398,15.793319687130666,3.0,15.5,29.0,41.5,63.0
2015-05-31,CUT,PM10,2,160.0,39.88125,28.736576713223325,9.0,20.0,32.0,54.5,186.0
2015-05-31,CUT,SO2,1,159.0,3.238993710691824,7.435340789221381,0.0,1.0,1.0,2.0,62.0
2015-05-31,FAC,CO,15,159.0,0.8188679245283018,0.5383013380504741,0.3,0.5,0.6,0.9,3.3
2015-05-31,FAC,NO,1,43.0,15.069767441860465,21.50016096156493,1.0,4.5,8.0,14.0,110.0
2015-05-31,FAC,NO2,1,43.0,18.837209302325583,5.785574147572068,10.0,15.0,18.0,21.5,36.0
2015-05-31,FAC,NOX,1,43.0,33.7906976744186,22.387877395223647,14.0,21.0,28.0,35.0,124.0
2015-05-31,FAC,O3,1,115.0,29.643478260869564,27.98345103190858,3.0,7.0,22.0,42.5,127.0
2015-05-31,FAC,PM10,2,159.0,32.295597484276726,24.085699696339983,1.0,14.0,25.0,46.5,131.0
2015-05-31,FAC,SO2,1,159.0,3.8553459119496853,4.669909708269001,1.0,2.0,3.0,4.0,36.0
2015-05-31,HGM,CO,15,159.0,0.8880503144654084,0.3522737679405243,0.4,0.6,0.8,1.05,2.2
2015-05-31,HGM,NO,1,159.0,17.270440251572328,22.728080422208336,0.0,3.0,7.0,22.0,100.0
2015-05-31,HGM,NO2,1,159.0,33.729559748427675,11.485095203361109,11.0,25.5,32.0,40.0,66.0
2015-05-31,HGM,NOX,1,159.0,51.0062893081761,29.545394563977105,13.0,29.5,43.0,62.5,161.0
2015-05-31,HGM,O3,1,159.0,23.52201257861635,22.649457611631814,1.0,5.5,15.0,36.0,85.0
2015-05-31,HGM,PM10,2,157.0,42.88535031847134,23.348521106426844,7.0,28.0,38.0,50.0,131.0
2015-05-31,HGM,PM2.5,2,157.0,27.840764331210192,15.869867251856268,1.0,19.0,26.0,33.0,94.0
2015-05-31,HGM,PMCO,2,157.0,15.063694267515924,9.274780755348056,2.0,8.0,13.0,20.0,49.0
2015-05-31,HGM,SO2,1,159.0,2.0125786163522013,3.331832318678872,0.0,1.0,1.0,2.0,27.0
2015-05-31,IZT,CO,15,158.0,1.1164556962025325,0.49402297059640937,0.5,0.8,1.0,1.3,3.2
2015-05-31,IZT,NO,1,158.0,20.89240506329114,27.018178698167063,1.0,5.0,9.0,24.75,124.0
2015-05-31,IZT,NO2,1,158.0,37.60126582278481,11.291132800394708,16.0,31.0,36.0,43.0,75.0
2015-05-31,IZT,NOX,1,158.0,58.45569620253165,31.765581449091083,21.0,37.0,47.5,71.5,161.0
2015-05-31,IZT,O3,1,158.0,28.329113924050635,28.914423050726178,3.0,7.0,14.5,43.5,127.0
2015-05-31,IZT,PM10,2,160.0,30.4875,17.254654827250153,1.0,19.0,26.0,38.0,102.0
2015-05-31,IZT,SO2,1,158.0,2.7151898734177213,2.828633781881054,0.0,1.0,2.0,3.0,27.0
2015-05-31,LLA,CO,15,158.0,0.5924050632911395,0.40671815368226344,0.1,0.3,0.5,0.7,2.1
2015-05-31,LLA,NO,1,158.0,15.772151898734178,23.955079706556614,1.0,2.0,6.0,16.0,113.0
2015-05-31,LLA,NO2,1,158.0,23.227848101265824,9.45448280031043,6.0,15.25,23.0,30.0,46.0
2015-05-31,LLA,NOX,1,158.0,38.93037974683544,29.895383851876726,8.0,17.0,30.5,48.0,141.0
2015-05-31,LLA,O3,1,158.0,25.09493670886076,24.5465339892965,0.0,4.0,16.5,41.75,99.0
2015-05-31,LLA,SO2,1,158.0,2.7531645569620253,3.3380392216629153,1.0,1.0,2.0,3.0,29.0
2015-05-31,LPR,CO,15,159.0,0.5937106918238995,0.439603609508107,0.0,0.3,0.5,0.9,2.2
2015-05-31,LPR,NO,1,0.0,,,,,,,
2015-05-31,LPR,NO2,1,0.0,,,,,,,
2015-05-31,LPR,NOX,1,0.0,,,,,,,
2015-05-31,LPR,O3,1,159.0,22.87421383647799,19.151872082987037,1.0,6.5,21.0,33.5,82.0
2015-05-31,LPR,SO2,1,159.0,3.0440251572327046,2.9518196746698773,1.0,2.0,2.0,3.0,20.0
2015-05-31,MER,CO,15,159.0,1.1050314465408797,0.5142031739187805,0.5,0.7,1.0,1.35,2.9
2015-05-31,MER,NO,1,159.0,26.333333333333332,30.484000091906836,1.0,7.0,14.0,34.0,163.0
2015-05-31,MER,NO2,1,159.0,37.729559748427675,11.097203168338506,14.0,30.0,36.0,44.0,72.0
2015-05-31,MER,NOX,1,159.0,64.03144654088051,36.234716792860866,16.0,37.5,52.0,82.0,210.0
2015-05-31,MER,O3,1,159.0,24.28301886792453,25.82613044212325,2.0,4.0,14.0,36.0,102.0
2015-05-31,MER,PM10,2,161.0,42.95031055900621,23.283524551234734,5.0,26.0,37.0,55.0,118.0
2015-05-31,MER,PM2.5,2,161.0,28.279503105590063,16.450384182491085,1.0,17.0,25.0,34.0,78.0
2015-05-31,MER,PMCO,2,161.0,14.664596273291925,8.45942085737765,1.0,8.0,12.0,20.0,40.0
2015-05-31,MER,SO2,1,159.0,2.9245283018867925,2.7822838488071606,1.0,1.0,2.0,3.0,24.0
2015-05-31,MGH,CO,15,159.0,0.7459119496855342,0.3337061047538267,0.3,0.5,0.7,0.9,2.2
2015-05-31,MGH,NO,1,156.0,24.775641025641026,33.550265364644225,1.0,4.0,10.0,29.25,230.0
2015-05-31,MGH,NO2,1,156.0,28.76923076923077,9.028875651679936,11.0,23.0,28.0,33.25,58.0
2015-05-31,MGH,NOX,1,156.0,53.58974358974359,37.146939576953436,12.0,28.75,41.0,66.25,260.0
2015-05-31,MGH,O3,1,159.0,26.754716981132077,27.86807006010802,0.0,4.0,18.0,41.5,110.0
2015-05-31,MGH,PM10,2,161.0,32.49068322981366,14.834974727153384,5.0,21.0,30.0,40.0,79.0
2015-05-31,MGH,PM2.5,2,161.0,23.006211180124225,11.402026626004881,3.0,16.0,20.0,28.0,66.0
2015-05-31,MGH,PMCO,2,161.0,9.440993788819876,5.8457727467128935,2.0,5.0,8.0,13.0,53.0
2015-05-31,MGH,SO2,1,159.0,1.6666666666666667,2.124798327486507,0.0,1.0,1.0,2.0,18.0
2015-05-31,MON,CO,15,128.0,0.4031249999999998,0.31844541182903024,0.1,0.2,0.3,0.5,2.0
2015-05-31,MON,NO,1,128.0,11.4765625,20.871170201281625,1.0,2.0,3.0,10.0,143.0
2015-05-31,MON,NO2,1,128.0,18.9453125,5.80022887649143,7.0,14.0,19.0,23.0,38.0
2015-05-31,MON,NOX,1,128.0,30.3515625,23.354707442913828,7.0,16.0,23.0,34.25,163.0
2015-05-31,MON,O3,1,128.0,25.125,20.232895955353438,1.0,6.75,24.0,39.0,76.0
2015-05-31,MON,SO2,1,128.0,1.5078125,4.882873966148557,0.0,0.0,1.0,1.0,53.0
2015-05-31,NEZ,CO,15,159.0,0.8119496855345911,0.5008050202808558,0.2,0.4,0.7,1.0,2.8
2015-05-31,NEZ,NO,1,159.0,14.59748427672956,21.87482209601592,1.0,2.0,5.0,15.5,122.0
2015-05-31,NEZ,NO2,1,159.0,28.144654088050313,12.471149733313558,8.0,18.0,29.0,36.0,61.0
2015-05-31,NEZ,NOX,1,159.0,42.660377358490564,30.33292696204156,9.0,20.0,34.0,56.0,163.0
2015-05-31,NEZ,O3,1,159.0,28.42138364779874,27.270186727438276,0.0,6.0,19.0,45.0,128.0
2015-05-31,NEZ,PM2.5,2,161.0,19.099378881987576,9.817844066382458,2.0,12.0,18.0,25.0,46.0
2015-05-31,NEZ,SO2,1,159.0,2.270440251572327,2.7712025781242455,0.0,1.0,2.0,2.0,30.0
2015-05-31,PED,CO,15,156.0,0.5288461538461542,0.2423033596839793,0.2,0.4,0.5,0.7,1.3
2015-05-31,PED,NO,1,156.0,8.192307692307692,12.033349028169463,1.0,2.0,3.0,9.0,64.0
2015-05-31,PED,NO2,1,156.0,22.28846153846154,7.65380749893602,6.0,16.75,22.0,28.0,42.0
2015-05-31,PED,NOX,1,156.0,30.5,16.409084816531635,7.0,19.75,25.0,39.0,88.0
2015-05-31,PED,O3,1,159.0,33.930817610062896,30.68214330325886,1.0,11.0,24.0,52.0,145.0
2015-05-31,PED,PM10,2,159.0,33.477987421383645,18.588766336112116,3.0,20.0,30.0,45.0,108.0
2015-05-31,PED,PM2.5,2,159.0,21.031446540880502,13.187749101923671,1.0,11.5,19.0,28.5,80.0
2015-05-31,PED,PMCO,2,159.0,12.421383647798741,6.923984774825069,2.0,7.0,11.0,18.0,37.0
2015-05-31,PED,SO2,1,136.0,2.088235294117647,1.5798292839572272,1.0,1.0,2.0,3.0,10.0
2015-05-31,SAG,CO,15,158.0,0.7949367088607593,0.39208693114386384,0.3,0.5,0.7,1.0,2.3
2015-05-31,SAG,NO,1,158.0,14.177215189873417,20.561084690755113,0.0,3.0,6.0,15.0,104.0
2015-05-31,SAG,NO2,1,158.0,23.335443037974684,8.49699141921794,8.0,17.0,23.0,29.0,46.0
2015-05-31,SAG,NOX,1,158.0,37.58227848101266,24.924399114293184,9.0,22.0,30.0,46.0,138.0
2015-05-31,SAG,O3,1,113.0,25.513274336283185,24.243598213993884,1.0,6.0,17.0,37.0,89.0
2015-05-31,SAG,PM10,2,154.0,38.62337662337662,18.789190997161533,5.0,27.0,35.0,48.0,101.0
2015-05-31,SAG,PM2.5,2,154.0,23.785714285714285,11.763444143358367,1.0,16.0,23.0,28.75,74.0
2015-05-31,SAG,PMCO,2,154.0,14.818181818181818,9.52496173320469,1.0,8.0,12.0,19.0,64.0
2015-05-31,SAG,SO2,1,158.0,2.2088607594936707,2.1416518342659505,0.0,1.0,2.0,3.0,19.0
2015-05-31,SFE,CO,15,156.0,0.5532051282051283,0.19123364253720626,0.2,0.4,0.5,0.7,1.2
2015-05-31,SFE,NO,1,150.0,9.32,15.842479637791092,0.0,1.0,2.5,8.75,94.0
2015-05-31,SFE,NO2,1,150.0,22.06,7.478138159700612,7.0,16.0,21.0,27.0,45.0
2015-05-31,SFE,NOX,1,150.0,31.4,20.27528663970371,7.0,18.25,24.0,37.0,124.0
2015-05-31,SFE,O3,1,156.0,35.583333333333336,29.067431799143325,0.0,12.75,28.5,54.0,127.0
2015-05-31,SFE,PM10,2,156.0,32.46153846153846,19.8140987977312,2.0,17.75,27.0,43.25,98.0
2015-05-31,SFE,PM2.5,2,156.0,20.564102564102566,13.150827025228383,1.0,11.0,17.0,27.0,69.0
2015-05-31,SFE,PMCO,2,156.0,11.903846153846153,8.130213540149896,1.0,5.75,10.0,16.0,41.0
2015-05-31,SFE,SO2,1,156.0,1.6602564102564104,1.932729291565368,0.0,1.0,1.0,2.0,14.0
2015-05-31,SJA,CO,15,159.0,0.5918238993710689,0.4047140815188361,0.2,0.3,0.5,0.7,2.0
2015-05-31,SJA,NO,1,159.0,20.80503144654088,31.36786188656228,1.0,3.0,6.0,20.5,143.0
2015-05-31,SJA,NO2,1,159.0,30.9748427672956,12.571290219845261,9.0,21.0,32.0,40.0,65.0
2015-05-31,SJA,NOX,1,159.0,51.76100628930818,37.17891384136996,11.0,23.0,42.0,69.0,175.0
2015-05-31,SJA,O3,1,159.0,28.465408805031448,27.613008279719743,3.0,6.0,18.0,45.5,106.0
2015-05-31,SJA,PM2.5,2,160.0,18.8,9.49133997869611,1.0,12.0,18.0,25.0,52.0
2015-05-31,SJA,SO2,1,159.0,2.3459119496855347,2.1844891109232782,1.0,1.0,2.0,3.0,23.0
2015-05-31,SUR,PM10,2,160.0,26.51875,18.729108906732623,1.0,12.0,22.0,35.25,95.0
2015-05-31,TAH,CO,15,154.0,0.3798701298701297,0.2780369726977173,0.1,0.2,0.3,0.5,1.8
2015-05-31,TAH,NO,1,154.0,4.954545454545454,9.219431673388183,0.0,1.0,1.0,6.0,68.0
2015-05-31,TAH,NO2,1,154.0,16.376623376623378,8.556676040599159,3.0,10.25,15.0,20.75,50.0
2015-05-31,TAH,NOX,1,154.0,21.324675324675326,15.077959986181067,4.0,11.0,16.0,26.0,98.0
2015-05-31,TAH,O3,1,154.0,34.65584415584416,23.5131391081806,2.0,17.0,28.5,50.0,117.0
2015-05-31,TAH,PM10,2,157.0,24.445859872611464,20.03407190854242,1.0,10.0,20.0,34.0,90.0
2015-05-31,TAH,SO2,1,154.0,2.2467532467532467,1.5309943298592867,1.0,1.0,2.0,3.0,11.0
2015-05-31,TLA,CO,15,156.0,0.862820512820513,0.3969590778808231,0.3,0.6,0.8,1.0,2.5
2015-05-31,TLA,NO,1,136.0,21.830882352941178,23.340492599155702,1.0,7.75,13.0,26.0,129.0
2015-05-31,TLA,NO2,1,136.0,32.00735294117647,10.16930481146985,13.0,25.0,31.0,40.0,61.0
2015-05-31,TLA,NOX,1,136.0,53.85294117647059,28.200743203173374,14.0,32.0,47.0,64.5,158.0
2015-05-31,TLA,O3,1,156.0,24.32051282051282,24.037333108336394,0.0,6.0,16.5,36.0,109.0
2015-05-31,TLA,PM10,2,152.0,42.328947368421055,22.045640891757657,8.0,26.0,34.5,55.0,125.0
2015-05-31,TLA,PM2.5,2,152.0,26.289473684210527,14.131656998472671,7.0,16.75,21.0,33.25,72.0
2015-05-31,TLA,PMCO,2,152.0,16.06578947368421,9.763203695123403,1.0,8.75,14.0,21.0,53.0
2015-05-31,TLA,SO2,1,151.0,5.139072847682119,5.969968995005293,1.0,2.0,4.0,5.0,44.0
2015-05-31,TLI,CO,15,154.0,0.555844155844156,0.3133181083049085,0.1,0.3,0.5,0.7,1.8
2015-05-31,TLI,NO,1,155.0,15.116129032258064,21.974883785491112,2.0,3.0,6.0,17.5,132.0
2015-05-31,TLI,NO2,1,155.0,25.025806451612905,10.996427039026507,7.0,15.0,25.0,34.0,50.0
2015-05-31,TLI,NOX,1,155.0,40.16129032258065,28.70731927823353,10.0,18.5,32.0,51.0,167.0
2015-05-31,TLI,O3,1,155.0,24.038709677419355,21.67285808436524,0.0,6.0,17.0,39.5,76.0
2015-05-31,TLI,PM10,2,157.0,36.75796178343949,23.746633033641373,1.0,19.0,32.0,51.0,125.0
2015-05-31,TLI,SO2,1,155.0,3.967741935483871,7.141809726304422,0.0,1.0,2.0,3.0,41.0
2015-05-31,TPN,O3,1,152.0,34.16447368421053,26.519627637888938,4.0,13.0,24.5,49.0,126.0
2015-05-31,UAX,CO,15,159.0,0.6937106918238989,0.2973906637913806,0.2,0.5,0.6,0.9,1.7
2015-05-31,UAX,NO,1,159.0,12.19496855345912,18.58796329853308,0.0,2.0,3.0,14.0,99.0
2015-05-31,UAX,NO2,1,159.0,24.735849056603772,10.305125202802063,6.0,18.0,24.0,29.0,63.0
2015-05-31,UAX,NOX,1,159.0,36.9937106918239,23.312271135835463,8.0,19.5,31.0,47.0,124.0
2015-05-31,UAX,O3,1,159.0,30.559748427672957,29.031321190446942,0.0,7.0,20.0,47.0,120.0
2015-05-31,UAX,PM2.5,2,160.0,17.98125,8.914317418145183,1.0,12.0,17.0,20.0,54.0
2015-05-31,UAX,SO2,1,159.0,1.4528301886792452,1.5372921829605903,0.0,1.0,1.0,2.0,10.0
2015-05-31,UIZ,CO,15,159.0,0.8163522012578616,0.45114119906996797,0.2,0.5,0.7,1.1,2.3
2015-05-31,UIZ,NO,1,159.0,16.9811320754717,23.761598553104566,1.0,2.0,6.0,20.0,110.0
2015-05-31,UIZ,NO2,1,159.0,33.0440251572327,13.173307261348416,8.0,25.0,32.0,40.0,71.0
2015-05-31,UIZ,NOX,1,159.0,50.056603773584904,31.427280997952877,9.0,27.0,42.0,65.5,142.0
2015-05-31,UIZ,O3,1,159.0,28.41509433962264,28.57286973061933,2.0,7.0,16.0,44.0,123.0
2015-05-31,UIZ,PM10,2,159.0,40.37106918238994,20.917727161647072,8.0,25.0,35.0,50.5,115.0
2015-05-31,UIZ,PM2.5,2,159.0,26.38364779874214,14.947925956694284,1.0,16.5,23.0,31.5,87.0
2015-05-31,UIZ,PMCO,2,159.0,13.918238993710691,7.570736928379102,3.0,8.0,12.0,19.0,35.0
2015-05-31,UIZ,SO2,1,159.0,2.7232704402515724,1.9997213403515495,1.0,1.5,2.0,3.0,15.0
2015-05-31,VIF,CO,15,80.0,0.42750000000000005,0.29337624350510155,0.1,0.2,0.3,0.525,1.5
2015-05-31,VIF,NO,1,80.0,10.5625,17.537550129848867,0.0,2.0,3.0,11.25,93.0
2015-05-31,VIF,NO2,1,80.0,19.3625,11.346380396464145,3.0,9.0,20.0,27.25,50.0
2015-05-31,VIF,NOX,1,80.0,29.8625,24.001974470468312,4.0,10.0,23.0,43.0,116.0
2015-05-31,VIF,O3,1,80.0,29.5,23.775319614777214,1.0,8.0,24.0,49.75,83.0
2015-05-31,VIF,PM10,2,79.0,45.9873417721519,31.083219015759845,1.0,28.0,40.0,56.0,182.0
2015-05-31,VIF,SO2,1,80.0,3.3625,4.734050504294944,0.0,1.0,2.0,3.0,24.0
2015-05-31,XAL,CO,15,136.0,1.0735294117647052,0.4867481353602584,0.4,0.7,0.9,1.325,2.5
2015-05-31,XAL,NO,1,158.0,30.61392405063291,34.79232741459145,3.0,9.25,15.0,35.25,182.0
2015-05-31,XAL,NO2,1,158.0,34.08227848101266,10.941631586825935,12.0,25.25,34.0,42.0,58.0
2015-05-31,XAL,NOX,1,158.0,64.69620253164557,40.38520080532109,14.0,35.0,49.5,81.75,220.0
2015-05-31,XAL,O3,1,159.0,21.037735849056602,18.111429635696076,2.0,6.0,16.0,33.5,80.0
2015-05-31,XAL,PM10,2,160.0,57.0,34.07428067874045,13.0,33.0,47.5,75.25,281.0
2015-05-31,XAL,PM2.5,2,160.0,27.125,16.149361807590193,1.0,15.0,23.0,38.0,77.0
2015-05-31,XAL,PMCO,2,160.0,29.8875,24.386816600355413,5.0,15.75,25.5,39.25,261.0
2015-05-31,XAL,SO2,1,159.0,3.30188679245283,2.88328820062484,0.0,1.0,2.0,4.0,19.0
2015-06-07,ACO,CO,15,159.0,0.15283018867924547,0.14399864659820946,0.0,0.1,0.1,0.2,0.7
2015-06-07,ACO,NO,1,159.0,5.773584905660377,9.594911974650405,0.0,1.0,2.0,5.0,68.0
2015-06-07,ACO,NO2,1,159.0,11.9937106918239,5.910189501283987,4.0,7.0,11.0,15.0,27.0
2015-06-07,ACO,NOX,1,159.0,17.71069182389937,13.61093469197602,5.0,9.0,13.0,20.5,89.0
2015-06-07,ACO,O3,1,159.0,30.962264150943398,20.293070087479425,1.0,15.0,30.0,42.5,83.0
2015-06-07,ACO,PM10,2,161.0,27.422360248447205,11.985741399446676,3.0,20.0,26.0,34.0,70.0
2015-06-07,ACO,SO2,1,159.0,2.050314465408805,3.589363227857872,0.0,1.0,1.0,2.0,23.0
2015-06-07,AJM,CO,15,154.0,0.6999999999999997,0.18890811128642382,0.4,0.6,0.7,0.8,1.3
2015-06-07,AJM,NO,1,154.0,5.863636363636363,7.13645541153033,0.0,1.0,3.0,8.0,41.0
2015-06-07,AJM,NO2,1,154.0,20.0,8.910594413980332,4.0,14.0,19.0,25.0,47.0
2015-06-07,AJM,NOX,1,154.0,25.896103896103895,13.44665997412455,4.0,16.0,25.0,33.0,71.0
2015-06-07,AJM,O3,1,152.0,44.078947368421055,28.07051818078193,9.0,23.0,35.0,55.25,124.0
2015-06-07,AJM,PM10,2,134.0,32.014925373134325,16.398691069453726,5.0,20.0,30.0,42.25,81.0
2015-06-07,AJM,PM2.5,2,134.0,22.73134328358209,12.515352484292334,4.0,13.0,20.0,30.0,59.0
2015-06-07,AJM,PMCO,2,134.0,9.23134328358209,5.738557335017695,1.0,5.0,8.0,13.0,25.0
2015-06-07,AJM,SO2,1,154.0,3.7142857142857144,5.084532851999534,0.0,1.0,2.0,4.0,37.0
2015-06-07,AJU,O3,1,159.0,40.930817610062896,28.4951960190262,4.0,19.0,34.0,58.5,132.0
2015-06-07,ATI,CO,15,159.0,0.4855345911949685,0.31699468469516945,0.1,0.3,0.4,0.6,1.7
2015-06-07,ATI,NO,1,159.0,9.534591194968554,15.365496393557496,1.0,2.0,4.0,8.0,78.0
2015-06-07,ATI,NO2,1,159.0,18.371069182389938,9.184159077647662,6.0,12.0,17.0,22.0,53.0
2015-06-07,ATI,NOX,1,159.0,27.90566037735849,20.471898755206368,7.0,14.0,21.0,33.0,109.0
2015-06-07,ATI,O3,1,159.0,29.9937106918239,22.01509748232511,1.0,12.5,24.0,46.5,98.0
2015-06-07,ATI,PM10,2,160.0,28.5125,20.525482704471823,1.0,14.0,26.5,40.0,118.0
2015-06-07,ATI,SO2,1,159.0,8.874213836477987,12.851509362354816,0.0,1.0,3.0,10.5,71.0
2015-06-07,CAM,CO,15,156.0,0.7801282051282054,0.3662221909371713,0.3,0.5,0.7,0.9,2.1
2015-06-07,CAM,NO,1,156.0,18.602564102564102,21.271116107993382,2.0,6.0,9.0,20.5,100.0
2015-06-07,CAM,NO2,1,156.0,32.09615384615385,9.61435676888498,12.0,26.0,32.0,38.0,73.0
2015-06-07,CAM,NOX,1,156.0,50.64102564102564,27.812493994014282,16.0,32.0,40.5,60.0,135.0
2015-06-07,CAM,O3,1,156.0,24.852564102564102,23.611042929563084,1.0,5.0,15.5,40.5,109.0
2015-06-07,CAM,PM10,2,156.0,45.30128205128205,18.598099060611567,9.0,30.75,44.0,57.25,118.0
2015-06-07,CAM,PM2.5,2,156.0,30.102564102564102,13.665676092326372,1.0,19.75,30.0,38.25,85.0
2015-06-07,CAM,PMCO,2,156.0,15.166666666666666,8.48287332128367,2.0,9.0,14.0,20.0,48.0
2015-06-07,CAM,SO2,1,156.0,8.41025641025641,10.431881526929555,1.0,2.0,4.0,10.0,48.0
2015-06-07,CCA,CO,15,157.0,0.6242038216560511,0.2732523192679273,0.2,0.4,0.6,0.8,1.4
2015-06-07,CCA,NO,1,157.0,10.006369426751592,13.945634743571574,1.0,2.0,3.0,12.0,76.0
2015-06-07,CCA,NO2,1,157.0,26.191082802547772,9.44357993692811,9.0,20.0,25.0,31.0,54.0
2015-06-07,CCA,NOX,1,157.0,36.15923566878981,19.529238288525285,9.0,22.0,29.0,46.0,103.0
2015-06-07,CCA,O3,1,157.0,31.764331210191084,27.18270097695254,2.0,11.0,22.0,46.0,104.0
2015-06-07,CCA,PM2.5,2,158.0,19.158227848101266,8.735695971164569,5.0,12.25,18.0,25.0,45.0
2015-06-07,CCA,SO2,1,157.0,3.78343949044586,4.762727175196331,1.0,1.0,2.0,5.0,43.0
2015-06-07,CHO,CO,15,159.0,0.593081761006289,0.3356685180834244,0.2,0.4,0.5,0.7,2.0
2015-06-07,CHO,NO,1,0.0,,,,,,,
2015-06-07,CHO,NO2,1,0.0,,,,,,,
2015-06-07,CHO,NOX,1,0.0,,,,,,,
2015-06-07,CHO,O3,1,159.0,32.742138364779876,22.729898293021762,1.0,14.0,28.0,47.0,90.0
2015-06-07,CHO,PM10,2,161.0,33.50931677018634,26.591379715149788,1.0,15.0,27.0,48.0,147.0
2015-06-07,CHO,SO2,1,159.0,2.509433962264151,2.184142865592879,1.0,1.0,2.0,3.0,13.0
2015-06-07,COY,NO,1,158.0,12.753164556962025,18.0373592163989,0.0,2.0,4.5,16.0,91.0
2015-06-07,COY,NO2,1,158.0,28.810126582278482,9.933634493547203,11.0,22.0,28.0,34.0,59.0
2015-06-07,COY,NOX,1,158.0,41.550632911392405,23.52029817728647,11.0,25.0,35.0,55.0,120.0
2015-06-07,COY,O3,1,158.0,29.9873417721519,26.43005125703178,2.0,9.25,21.0,45.75,104.0
2015-06-07,COY,PM2.5,2,158.0,34.607594936708864,14.745326558788873,8.0,26.0,32.0,40.0,98.0
2015-06-07,CUA,CO,15,159.0,0.5710691823899369,0.22085733752342218,0.2,0.4,0.5,0.6,1.5
2015-06-07,CUA,NO,1,159.0,11.534591194968554,17.43079621347282,1.0,3.0,5.0,11.5,97.0
2015-06-07,CUA,NO2,1,159.0,21.87421383647799,7.7195642776991535,6.0,16.0,21.0,27.0,38.0
2015-06-07,CUA,NOX,1,159.0,33.44654088050314,22.96437742164642,7.0,20.0,27.0,37.0,134.0
2015-06-07,CUA,O3,1,159.0,33.80503144654088,26.393919031968203,1.0,13.5,26.0,52.0,129.0
2015-06-07,CUA,PM10,2,161.0,30.006211180124225,15.186135491958586,1.0,17.0,28.0,42.0,72.0
2015-06-07,CUA,SO2,1,130.0,5.1692307692307695,8.582602252184413,0.0,1.0,2.0,5.0,50.0
2015-06-07,CUT,NO,1,158.0,11.20253164556962,21.97762599794075,1.0,2.0,3.0,8.0,163.0
2015-06-07,CUT,NO2,1,158.0,20.968354430379748,11.097954643755434,4.0,12.25,19.0,29.0,52.0
2015-06-07,CUT,NOX,1,158.0,32.221518987341774,27.71272636846694,5.0,15.0,23.0,38.0,181.0
2015-06-07,CUT,O3,1,158.0,30.348101265822784,14.94189476946555,3.0,22.25,30.0,39.0,74.0
2015-06-07,CUT,PM10,2,159.0,51.522012578616355,35.2491738798944,1.0,28.5,43.0,63.5,172.0
2015-06-07,CUT,SO2,1,158.0,7.8924050632911396,11.974806591546367,1.0,1.0,2.0,10.75,71.0
2015-06-07,FAC,CO,15,159.0,0.641509433962264,0.4064825788834662,0.2,0.4,0.5,0.8,2.3
2015-06-07,FAC,NO,1,157.0,17.636942675159236,27.97254901300836,1.0,4.0,8.0,17.0,169.0
2015-06-07,FAC,NO2,1,157.0,18.05732484076433,8.41948445207151,5.0,11.0,18.0,23.0,52.0
2015-06-07,FAC,NOX,1,157.0,35.72611464968153,31.67272778666702,5.0,14.0,26.0,40.0,186.0
2015-06-07,FAC,O3,1,148.0,32.78378378378378,22.509420715774436,4.0,16.75,27.0,49.25,102.0
2015-06-07,FAC,PM10,2,161.0,34.79503105590062,19.17326198525644,1.0,22.0,32.0,44.0,105.0
2015-06-07,FAC,SO2,1,159.0,8.251572327044025,11.14346522103399,1.0,2.0,4.0,7.5,56.0
2015-06-07,HGM,CO,15,157.0,0.7280254777070067,0.282351480111375,0.3,0.5,0.7,0.9,1.9
2015-06-07,HGM,NO,1,156.0,13.429487179487179,16.672601507432514,0.0,2.0,6.0,21.25,92.0
2015-06-07,HGM,NO2,1,156.0,30.596153846153847,10.42378102792428,9.0,23.0,31.0,37.0,69.0
2015-06-07,HGM,NOX,1,156.0,44.06410256410256,23.528617986416094,11.0,25.0,38.0,56.0,127.0
2015-06-07,HGM,O3,1,23.0,23.782608695652176,17.676272030192777,2.0,10.5,18.0,35.0,59.0
2015-06-07,HGM,PM10,2,158.0,46.677215189873415,20.357714695157938,10.0,31.0,45.0,58.75,103.0
2015-06-07,HGM,PM2.5,2,158.0,29.145569620253166,14.120873084899369,4.0,19.0,28.0,37.75,72.0
2015-06-07,HGM,PMCO,2,158.0,17.569620253164558,8.50055606169729,3.0,12.0,16.0,23.0,41.0
2015-06-07,HGM,SO2,1,158.0,5.7405063291139244,7.98579980140453,0.0,1.0,2.5,7.0,46.0
2015-06-07,IZT,CO,15,130.0,0.9907692307692306,0.4397755159990971,0.4,0.7,0.9,1.2,2.3
2015-06-07,IZT,NO,1,128.0,16.8984375,21.823500965467566,0.0,3.0,7.0,21.25,101.0
2015-06-07,IZT,NO2,1,128.0,33.859375,10.187791346493363,15.0,27.0,32.0,40.0,78.0
2015-06-07,IZT,NOX,1,128.0,50.71875,27.87964501745337,16.0,31.0,40.0,63.5,137.0
2015-06-07,IZT,O3,1,115.0,31.017391304347825,25.87689567890856,4.0,11.0,23.0,46.0,101.0
2015-06-07,IZT,PM10,2,129.0,34.093023255813954,13.03986787010388,10.0,24.0,32.0,43.0,70.0
2015-06-07,IZT,SO2,1,130.0,4.569230769230769,5.133773959049211,0.0,1.0,3.0,6.0,36.0
2015-06-07,LLA,CO,15,0.0,,,,,,,
2015-06-07,LLA,NO,1,146.0,11.006849315068493,18.56860404585172,0.0,1.0,3.0,12.75,123.0
2015-06-07,LLA,NO2,1,146.0,17.82191780821918,7.252761596757804,6.0,11.25,16.5,24.0,35.0
2015-06-07,LLA,NOX,1,146.0,28.876712328767123,23.78985307051463,7.0,14.0,20.0,36.0,149.0
2015-06-07,LLA,O3,1,149.0,27.120805369127517,21.397433778842988,1.0,10.0,24.0,40.0,90.0
2015-06-07,LLA,SO2,1,149.0,7.23489932885906,9.72694034123573,1.0,2.0,3.0,7.0,48.0
2015-06-07,LPR,CO,15,154.0,0.48961038961038955,0.40328209546023913,0.0,0.2,0.35,0.7,2.0
2015-06-07,LPR,NO,1,0.0,,,,,,,
2015-06-07,LPR,NO2,1,0.0,,,,,,,
2015-06-07,LPR,NOX,1,0.0,,,,,,,
2015-06-07,LPR,O3,1,154.0,24.194805194805195,17.063923616140844,1.0,9.25,22.0,36.0,75.0
2015-06-07,LPR,SO2,1,154.0,4.487012987012987,5.030933089543557,1.0,2.0,3.0,5.75,40.0
2015-06-07,MER,CO,15,159.0,0.9742138364779876,0.4228016616852349,0.4,0.6,0.9,1.2,2.5
2015-06-07,MER,NO,1,159.0,19.748427672955973,22.651729906682746,1.0,5.0,11.0,24.0,108.0
2015-06-07,MER,NO2,1,159.0,34.21383647798742,10.22986740319812,15.0,26.5,33.0,41.0,63.0
2015-06-07,MER,NOX,1,159.0,53.9559748427673,29.049356931366766,18.0,32.0,46.0,64.5,149.0
2015-06-07,MER,O3,1,159.0,26.71069182389937,25.66886157548951,2.0,5.0,18.0,40.0,99.0
2015-06-07,MER,PM10,2,160.0,46.88125,21.240572270477056,11.0,30.0,44.5,59.25,116.0
2015-06-07,MER,PM2.5,2,160.0,30.025,15.578145472173551,1.0,18.0,29.0,38.25,81.0
2015-06-07,MER,PMCO,2,160.0,16.90625,7.765264435999993,2.0,11.0,16.5,22.0,38.0
2015-06-07,MER,SO2,1,159.0,5.716981132075472,5.956734382162914,1.0,2.0,3.0,8.0,35.0
2015-06-07,MGH,CO,15,159.0,0.6937106918238997,0.29525477832791747,0.2,0.5,0.7,0.8500000000000001,1.7
2015-06-07,MGH,NO,1,159.0,17.0,21.778226264792693,1.0,4.0,6.0,22.5,147.0
2015-06-07,MGH,NO2,1,159.0,26.42138364779874,10.287256247968966,7.0,19.0,26.0,32.0,62.0
2015-06-07,MGH,NOX,1,159.0,43.41509433962264,27.10745188936211,8.0,25.5,35.0,58.0,173.0
2015-06-07,MGH,O3,1,159.0,27.345911949685533,25.642129945049046,0.0,8.5,17.0,43.5,126.0
2015-06-07,MGH,PM10,2,161.0,35.67701863354037,14.95434823240052,7.0,25.0,34.0,45.0,89.0
2015-06-07,MGH,PM2.5,2,161.0,24.925465838509318,11.201312866708445,3.0,17.0,24.0,31.0,68.0
2015-06-07,MGH,PMCO,2,161.0,10.720496894409937,5.598226482695461,2.0,6.0,9.0,15.0,26.0
2015-06-07,MGH,SO2,1,159.0,5.037735849056604,8.062168876491846,0.0,1.0,2.0,5.0,48.0
2015-06-07,MON,CO,15,131.0,0.2274809160305344,0.15193796057526163,0.1,0.1,0.2,0.3,1.0
2015-06-07,MON,NO,1,131.0,5.641221374045801,8.523333315344575,1.0,1.0,2.0,6.0,63.0
2015-06-07,MON,NO2,1,131.0,15.946564885496183,5.233491226410085,7.0,12.0,16.0,19.0,31.0
2015-06-07,MON,NOX,1,131.0,21.557251908396946,12.245665044818931,8.0,13.0,18.0,24.5,86.0
2015-06-07,MON,O3,1,131.0,28.908396946564885,18.977496950003054,1.0,15.0,26.0,40.0,74.0
2015-06-07,MON,SO2,1,131.0,2.16793893129771,3.466660267696643,0.0,1.0,1.0,2.0,26.0
2015-06-07,NEZ,CO,15,159.0,0.5874213836477988,0.2916001550512647,0.2,0.4,0.5,0.7,1.5
2015-06-07,NEZ,NO,1,159.0,7.69811320754717,11.190951768315959,0.0,1.0,3.0,7.5,53.0
2015-06-07,NEZ,NO2,1,159.0,21.232704402515722,8.123411212571034,7.0,15.0,20.0,26.0,46.0
2015-06-07,NEZ,NOX,1,159.0,28.955974842767297,17.290644983595303,8.0,17.0,23.0,36.5,84.0
2015-06-07,NEZ,O3,1,159.0,32.42767295597484,24.716739348956697,0.0,12.0,27.0,45.0,98.0
2015-06-07,NEZ,PM2.5,2,161.0,18.838509316770185,9.130923160555843,1.0,11.0,18.0,24.0,45.0
2015-06-07,NEZ,SO2,1,159.0,4.779874213836478,7.396242459230447,1.0,1.0,2.0,4.0,49.0
2015-06-07,PED,CO,15,157.0,0.5382165605095537,0.25205184444493567,0.1,0.3,0.5,0.7,1.4
2015-06-07,PED,NO,1,157.0,8.630573248407643,12.416534997169947,1.0,1.0,3.0,10.0,86.0
2015-06-07,PED,NO2,1,157.0,22.929936305732483,9.147028836424347,7.0,16.0,23.0,29.0,51.0
2015-06-07,PED,NOX,1,157.0,31.554140127388536,18.471875678522814,8.0,19.0,27.0,40.0,114.0
2015-06-07,PED,O3,1,157.0,33.82802547770701,27.829650841289123,0.0,14.0,24.0,51.0,124.0
2015-06-07,PED,PM10,2,150.0,38.03333333333333,18.67324708237838,4.0,24.0,37.0,47.75,98.0
2015-06-07,PED,PM2.5,2,150.0,23.746666666666666,12.76330029623614,1.0,15.0,21.5,31.0,67.0
2015-06-07,PED,PMCO,2,150.0,14.266666666666667,7.81554694498197,3.0,8.0,13.0,20.0,41.0
2015-06-07,PED,SO2,1,157.0,4.044585987261146,5.536989773964002,0.0,1.0,2.0,5.0,41.0
2015-06-07,SAG,CO,15,159.0,0.6484276729559747,0.3033265662806987,0.2,0.4,0.6,0.8,1.7
2015-06-07,SAG,NO,1,159.0,10.515723270440251,15.037865853967562,0.0,2.0,5.0,12.0,81.0
2015-06-07,SAG,NO2,1,159.0,19.0188679245283,7.183377170318516,6.0,13.0,19.0,25.0,36.0
2015-06-07,SAG,NOX,1,159.0,29.57861635220126,20.311617816574,7.0,16.0,24.0,35.5,109.0
2015-06-07,SAG,O3,1,159.0,30.031446540880502,22.353155522617524,2.0,13.0,24.0,44.0,107.0
2015-06-07,SAG,PM10,2,160.0,41.575,18.8147372987943,5.0,27.0,38.5,54.25,95.0
2015-06-07,SAG,PM2.5,2,160.0,24.8125,12.733942904175143,1.0,15.0,22.0,33.0,62.0
2015-06-07,SAG,PMCO,2,160.0,16.7,8.67860812536842,3.0,10.0,16.0,22.0,43.0
2015-06-07,SAG,SO2,1,159.0,7.981132075471698,10.240445808453046,2.0,3.0,3.0,8.0,61.0
2015-06-07,SFE,CO,15,159.0,0.5509433962264147,0.1799676217462471,0.3,0.4,0.5,0.7,1.1
2015-06-07,SFE,NO,1,158.0,10.20253164556962,14.971633259839935,1.0,1.0,3.0,12.75,84.0
2015-06-07,SFE,NO2,1,158.0,20.40506329113924,6.678263986140423,7.0,16.0,20.0,25.0,37.0
2015-06-07,SFE,NOX,1,158.0,30.626582278481013,19.184814913796444,8.0,18.0,25.0,36.0,114.0
2015-06-07,SFE,O3,1,159.0,34.069182389937104,28.15219025965636,0.0,14.5,26.0,53.5,136.0
2015-06-07,SFE,PM10,2,156.0,34.69871794871795,17.71692097031312,4.0,22.75,34.0,44.0,102.0
2015-06-07,SFE,PM2.5,2,156.0,21.384615384615383,12.164709157368895,1.0,12.0,19.5,29.0,62.0
2015-06-07,SFE,PMCO,2,156.0,13.294871794871796,8.309511028444728,1.0,7.0,11.0,19.0,41.0
2015-06-07,SFE,SO2,1,159.0,3.9622641509433962,7.740152414399672,0.0,1.0,1.0,4.0,41.0
2015-06-07,SJA,CO,15,132.0,0.4530303030303028,0.31073402237685993,0.1,0.2,0.4,0.6,1.6
2015-06-07,SJA,NO,1,132.0,14.469696969696969,22.86216227808755,1.0,2.0,5.0,15.0,108.0
2015-06-07,SJA,NO2,1,132.0,27.492424242424242,10.68600869662972,8.0,17.75,27.0,36.0,53.0
2015-06-07,SJA,NOX,1,132.0,41.99242424242424,30.01284615854021,9.0,20.0,34.5,52.0,147.0
2015-06-07,SJA,O3,1,132.0,32.03030303030303,25.989997898175485,3.0,13.0,24.0,44.75,100.0
2015-06-07,SJA,PM2.5,2,131.0,21.541984732824428,9.651033856125094,3.0,14.0,21.0,28.5,50.0
2015-06-07,SJA,SO2,1,132.0,5.181818181818182,5.192211110015136,1.0,2.0,3.0,7.0,29.0
2015-06-07,SUR,PM10,2,156.0,29.955128205128204,20.770743366173917,1.0,14.0,27.5,43.0,88.0
2015-06-07,TAH,CO,15,155.0,0.38064516129032244,0.2332984193959928,0.0,0.2,0.3,0.5,1.5
2015-06-07,TAH,NO,1,155.0,4.787096774193548,8.038856202782545,0.0,1.0,1.0,4.0,61.0
2015-06-07,TAH,NO2,1,155.0,15.129032258064516,6.637858437915785,1.0,10.5,15.0,19.0,38.0
2015-06-07,TAH,NOX,1,155.0,19.916129032258066,12.676266215966265,2.0,11.5,16.0,24.0,82.0
2015-06-07,TAH,O3,1,155.0,37.21935483870968,26.941560365089085,3.0,15.5,29.0,56.5,121.0
2015-06-07,TAH,PM10,2,154.0,27.538961038961038,21.062351604762828,1.0,11.25,25.0,36.75,97.0
2015-06-07,TAH,SO2,1,155.0,2.4064516129032256,2.0534948802694464,0.0,1.0,2.0,3.0,12.0
2015-06-07,TLA,CO,15,159.0,0.7672955974842771,0.3959441296966714,0.2,0.5,0.6,1.0,2.2
2015-06-07,TLA,NO,1,159.0,22.031446540880502,24.896855930740497,1.0,6.5,13.0,26.5,131.0
2015-06-07,TLA,NO2,1,159.0,29.761006289308177,10.54853707506453,11.0,22.0,29.0,36.0,74.0
2015-06-07,TLA,NOX,1,159.0,51.76100628930818,32.38796837073151,14.0,31.0,40.0,62.5,176.0
2015-06-07,TLA,O3,1,159.0,25.150943396226417,21.870791075517317,1.0,6.5,21.0,42.0,85.0
2015-06-07,TLA,PM10,2,161.0,51.12422360248447,22.825905722439355,13.0,34.0,47.0,64.0,144.0
2015-06-07,TLA,PM2.5,2,161.0,30.1055900621118,15.208386865670558,2.0,18.0,28.0,40.0,88.0
2015-06-07,TLA,PMCO,2,161.0,21.018633540372672,10.831938913284091,4.0,11.0,21.0,26.0,57.0
2015-06-07,TLA,SO2,1,159.0,11.786163522012579,14.439469808578075,1.0,3.0,6.0,15.0,81.0
2015-06-07,TLI,CO,15,158.0,0.5246835443037972,0.305925911862891,0.1,0.3,0.4,0.7,1.6
2015-06-07,TLI,NO,1,158.0,10.481012658227849,13.633847688369107,1.0,3.0,5.0,10.75,76.0
2015-06-07,TLI,NO2,1,158.0,22.09493670886076,9.67285780012538,7.0,15.0,20.0,29.0,53.0
2015-06-07,TLI,NOX,1,158.0,32.575949367088604,20.73714606207826,9.0,18.0,25.5,41.75,106.0
2015-06-07,TLI,O3,1,158.0,26.59493670886076,20.980742755119,0.0,9.0,21.0,44.75,79.0
2015-06-07,TLI,PM10,2,159.0,43.22641509433962,24.736055918104004,1.0,28.0,41.0,55.5,134.0
2015-06-07,TLI,SO2,1,158.0,10.018987341772151,14.021580963855445,0.0,2.0,3.0,14.75,67.0
2015-06-07,TPN,O3,1,159.0,33.83018867924528,27.074255029588763,6.0,13.0,24.0,45.0,110.0
2015-06-07,UAX,CO,15,148.0,0.5945945945945941,0.2666965418087753,0.2,0.4,0.5,0.8,1.5
2015-06-07,UAX,NO,1,147.0,8.517006802721088,13.131763093290623,1.0,1.0,2.0,10.0,72.0
2015-06-07,UAX,NO2,1,147.0,21.374149659863946,8.02240943920997,6.0,15.5,21.0,26.0,49.0
2015-06-07,UAX,NOX,1,147.0,29.931972789115648,18.23652058556532,9.0,17.0,24.0,37.0,98.0
2015-06-07,UAX,O3,1,148.0,31.33783783783784,27.57045496777279,0.0,9.0,21.0,48.25,108.0
2015-06-07,UAX,PM2.5,2,149.0,19.013422818791945,9.293987141638148,2.0,13.0,18.0,24.0,47.0
2015-06-07,UAX,SO2,1,145.0,2.8275862068965516,3.6729961044277974,0.0,1.0,1.0,3.0,24.0
2015-06-07,UIZ,CO,15,158.0,0.6753164556962022,0.3322739083547566,0.3,0.4,0.6,0.8,1.6
2015-06-07,UIZ,NO,1,157.0,10.681528662420382,15.323870358901386,0.0,1.0,3.0,13.0,77.0
2015-06-07,UIZ,NO2,1,157.0,25.477707006369428,10.02981835563026,8.0,18.0,25.0,32.0,66.0
2015-06-07,UIZ,NOX,1,157.0,36.17834394904459,22.639737921127775,8.0,20.0,28.0,47.0,118.0
2015-06-07,UIZ,O3,1,159.0,32.62264150943396,27.073196433560724,2.0,9.5,26.0,47.0,108.0
2015-06-07,UIZ,PM10,2,161.0,40.22981366459627,19.241637289743874,6.0,27.0,37.0,53.0,93.0
2015-06-07,UIZ,PM2.5,2,161.0,25.8944099378882,14.81831741649168,1.0,15.0,25.0,33.0,69.0
2015-06-07,UIZ,PMCO,2,161.0,14.273291925465838,7.0133689993110275,3.0,9.0,13.0,19.0,31.0
2015-06-07,UIZ,SO2,1,159.0,4.2075471698113205,4.728148233473406,1.0,2.0,2.0,5.0,28.0
2015-06-07,VIF,CO,15,134.0,0.373880597014925,0.2098797021989731,0.1,0.2,0.3,0.5,1.2
2015-06-07,VIF,NO,1,134.0,6.08955223880597,9.506992034411477,1.0,1.0,2.0,5.0,64.0
2015-06-07,VIF,NO2,1,134.0,15.64179104477612,8.649745083013848,3.0,8.25,15.0,22.0,45.0
2015-06-07,VIF,NOX,1,134.0,21.70149253731343,16.394584586704863,3.0,11.0,16.5,27.0,90.0
2015-06-07,VIF,O3,1,134.0,31.425373134328357,21.59830711330117,2.0,13.25,24.5,47.0,84.0
2015-06-07,VIF,PM10,2,133.0,48.142857142857146,27.578577230849344,1.0,31.0,47.0,62.0,131.0
2015-06-07,VIF,SO2,1,133.0,8.25563909774436,12.777616636097127,0.0,1.0,2.0,11.0,70.0
2015-06-07,XAL,CO,15,159.0,0.9591194968553459,0.4664997369961392,0.4,0.6,0.8,1.1,2.7
2015-06-07,XAL,NO,1,159.0,24.056603773584907,29.31955006886609,2.0,8.0,13.0,26.0,180.0
2015-06-07,XAL,NO2,1,159.0,28.90566037735849,9.563771601780077,7.0,22.0,28.0,34.0,57.0
2015-06-07,XAL,NOX,1,159.0,53.0188679245283,35.51973452156486,9.0,31.5,41.0,59.5,211.0
2015-06-07,XAL,O3,1,159.0,22.69811320754717,16.491944607104767,2.0,10.0,18.0,34.5,68.0
2015-06-07,XAL,PM10,2,157.0,63.197452229299365,31.591835907894893,6.0,40.0,58.0,84.0,142.0
2015-06-07,XAL,PM2.5,2,157.0,29.401273885350317,18.906266724124492,1.0,16.0,27.0,38.0,96.0
2015-06-07,XAL,PMCO,2,157.0,33.796178343949045,18.627846144092707,3.0,22.0,30.0,44.0,98.0
2015-06-07,XAL,SO2,1,159.0,5.490566037735849,6.124104609860133,1.0,2.0,3.0,7.0,35.0
2015-06-14,ACO,CO,15,159.0,0.2396226415094341,0.1807224839165793,0.0,0.1,0.2,0.3,1.0
2015-06-14,ACO,NO,1,159.0,6.220125786163522,9.184224090034851,0.0,1.0,2.0,7.0,52.0
2015-06-14,ACO,NO2,1,159.0,12.19496855345912,7.168388752650866,3.0,7.0,11.0,16.0,47.0
2015-06-14,ACO,NOX,1,159.0,18.40251572327044,14.173035325573034,4.0,9.0,13.0,22.0,75.0
2015-06-14,ACO,O3,1,159.0,33.886792452830186,24.893947495827295,1.0,12.0,29.0,56.5,85.0
2015-06-14,ACO,PM10,2,161.0,28.391304347826086,14.702964800102169,4.0,17.0,27.0,37.0,79.0
2015-06-14,ACO,SO2,1,159.0,3.056603773584906,5.835558050412357,1.0,1.0,2.0,2.0,58.0
2015-06-14,AJM,CO,15,89.0,0.6651685393258429,0.18592589163641737,0.4,0.5,0.6,0.8,1.2
2015-06-14,AJM,NO,1,89.0,5.674157303370786,7.5840371847999934,0.0,1.0,2.0,6.0,33.0
2015-06-14,AJM,NO2,1,89.0,17.40449438202247,8.778484934930912,3.0,12.0,18.0,23.0,43.0
2015-06-14,AJM,NOX,1,89.0,23.10112359550562,14.187898928168122,5.0,13.0,20.0,29.0,65.0
2015-06-14,AJM,O3,1,89.0,41.01123595505618,30.494595043452332,5.0,22.0,30.0,58.0,148.0
2015-06-14,AJM,PM10,2,81.0,27.728395061728396,14.22411011775343,5.0,17.0,26.0,35.0,70.0
2015-06-14,AJM,PM2.5,2,81.0,16.77777777777778,9.67470929795826,1.0,10.0,14.0,22.0,42.0
2015-06-14,AJM,PMCO,2,81.0,10.938271604938272,6.144806097454065,2.0,6.0,9.0,15.0,29.0
2015-06-14,AJM,SO2,1,89.0,2.606741573033708,3.6823225672494737,0.0,0.0,1.0,4.0,13.0
2015-06-14,AJU,O3,1,90.0,33.9,21.79684030292032,4.0,20.0,29.0,40.0,117.0
2015-06-14,ATI,CO,15,159.0,0.457861635220126,0.31690425975038916,0.1,0.3,0.4,0.6,2.3
2015-06-14,ATI,NO,1,159.0,9.528301886792454,17.83603638518391,1.0,2.0,4.0,7.0,136.0
2015-06-14,ATI,NO2,1,159.0,18.18867924528302,7.804712801599595,6.0,12.0,17.0,23.0,52.0
2015-06-14,ATI,NOX,1,159.0,27.69182389937107,22.142218590753068,7.0,14.0,21.0,31.0,161.0
2015-06-14,ATI,O3,1,159.0,37.0,30.517892655815846,2.0,13.5,25.0,58.0,120.0
2015-06-14,ATI,PM10,2,157.0,31.554140127388536,17.150687698127445,1.0,19.0,30.0,43.0,82.0
2015-06-14,ATI,SO2,1,159.0,7.59748427672956,9.832212299089731,0.0,1.0,3.0,11.0,48.0
2015-06-14,CAM,CO,15,157.0,0.7757961783439489,0.3547121031754449,0.3,0.5,0.6,0.9,1.9
2015-06-14,CAM,NO,1,156.0,18.294871794871796,23.275133608630174,2.0,5.0,7.0,20.25,108.0
2015-06-14,CAM,NO2,1,156.0,31.21153846153846,11.615901012299624,9.0,23.75,28.0,38.0,68.0
2015-06-14,CAM,NOX,1,156.0,49.506410256410255,31.455549137580366,13.0,28.0,36.0,60.25,150.0
2015-06-14,CAM,O3,1,156.0,32.833333333333336,31.413544096267973,2.0,7.75,21.0,50.25,121.0
2015-06-14,CAM,PM10,2,156.0,46.705128205128204,23.4356271239567,6.0,31.0,43.0,60.25,115.0
2015-06-14,CAM,PM2.5,2,156.0,29.53846153846154,16.339694242563006,1.0,18.0,26.0,40.0,79.0
2015-06-14,CAM,PMCO,2,156.0,17.166666666666668,9.631154644431072,2.0,9.0,16.0,24.0,39.0
2015-06-14,CAM,SO2,1,130.0,10.46923076923077,14.348480437891842,1.0,2.0,3.0,13.0,67.0
2015-06-14,CCA,CO,15,152.0,0.6078947368421057,0.2561886504275262,0.3,0.4,0.5,0.8,1.4
2015-06-14,CCA,NO,1,152.0,10.177631578947368,15.164922043274702,0.0,1.0,3.0,13.25,99.0
2015-06-14,CCA,NO2,1,152.0,21.960526315789473,9.48325926797711,4.0,15.0,21.0,27.0,49.0
2015-06-14,CCA,NOX,1,152.0,32.19736842105263,21.254073072425502,6.0,18.0,25.0,45.25,123.0
2015-06-14,CCA,O3,1,152.0,37.76973684210526,36.373607780596174,2.0,12.0,26.0,60.0,171.0
2015-06-14,CCA,PM2.5,2,155.0,18.2,9.927922056686203,1.0,11.0,17.0,25.0,45.0
2015-06-14,CCA,SO2,1,152.0,3.638157894736842,4.527399063429238,0.0,1.0,1.0,4.25,26.0
2015-06-14,CHO,CO,15,159.0,0.5999999999999994,0.42723722399812075,0.2,0.3,0.5,0.7,2.6
2015-06-14,CHO,NO,1,0.0,,,,,,,
2015-06-14,CHO,NO2,1,0.0,,,,,,,
2015-06-14,CHO,NOX,1,0.0,,,,,,,
2015-06-14,CHO,O3,1,159.0,34.83018867924528,28.521190777769004,1.0,12.5,27.0,51.5,116.0
2015-06-14,CHO,PM10,2,160.0,42.25,38.12871283086232,1.0,13.0,30.0,61.0,190.0
2015-06-14,CHO,SO2,1,138.0,2.0434782608695654,1.8278844427425691,1.0,1.0,1.0,2.0,13.0
2015-06-14,COY,NO,1,132.0,11.757575757575758,18.527520776921424,1.0,2.0,3.0,11.0,88.0
2015-06-14,COY,NO2,1,132.0,25.643939393939394,11.32795810128156,5.0,18.0,24.0,32.0,58.0
2015-06-14,COY,NOX,1,132.0,37.38636363636363,26.704103160511078,6.0,20.0,27.5,46.5,132.0
2015-06-14,COY,O3,1,135.0,39.303703703703704,35.99943491970977,2.0,12.5,28.0,63.0,155.0
2015-06-14,COY,PM2.5,2,90.0,37.62222222222222,18.394294289859893,1.0,25.0,32.5,50.75,95.0
2015-06-14,CUA,CO,15,159.0,0.5641509433962262,0.2053965041263658,0.3,0.4,0.5,0.6499999999999999,1.4
2015-06-14,CUA,NO,1,159.0,9.49056603773585,13.003829973564361,1.0,3.0,4.0,11.0,96.0
2015-06-14,CUA,NO2,1,159.0,22.867924528301888,9.029566909688773,6.0,17.0,22.0,28.0,55.0
2015-06-14,CUA,NOX,1,159.0,32.40880503144654,20.003548367656915,8.0,20.5,26.0,38.0,141.0
2015-06-14,CUA,O3,1,159.0,43.45283018867924,36.211876175041674,2.0,15.5,31.0,69.5,164.0
2015-06-14,CUA,PM10,2,161.0,31.31055900621118,16.109483241574168,1.0,20.0,30.0,43.0,79.0
2015-06-14,CUA,SO2,1,159.0,4.327044025157233,5.311197694846777,0.0,1.0,2.0,6.0,37.0
2015-06-14,CUT,NO,1,159.0,12.371069182389936,21.49051997625031,0.0,2.0,3.0,12.0,119.0
2015-06-14,CUT,NO2,1,159.0,20.31446540880503,10.589664393135363,4.0,13.0,19.0,26.5,57.0
2015-06-14,CUT,NOX,1,159.0,32.723270440251575,28.645125051857,5.0,15.0,23.0,42.0,176.0
2015-06-14,CUT,O3,1,159.0,33.61635220125786,21.84548696031738,3.0,15.0,30.0,50.5,90.0
2015-06-14,CUT,PM10,2,161.0,52.59627329192546,41.23308424099323,1.0,24.0,41.0,67.0,223.0
2015-06-14,CUT,SO2,1,159.0,6.333333333333333,12.784814304214553,0.0,1.0,1.0,5.0,94.0
2015-06-14,FAC,CO,15,159.0,0.6320754716981128,0.3931889671496714,0.2,0.4,0.5,0.7,2.3
2015-06-14,FAC,NO,1,157.0,14.802547770700636,23.132682920670494,1.0,3.0,6.0,13.0,134.0
2015-06-14,FAC,NO2,1,157.0,16.331210191082803,8.079245756107918,5.0,11.0,15.0,19.0,53.0
2015-06-14,FAC,NOX,1,157.0,31.15286624203822,27.24418677233439,6.0,15.0,22.0,33.0,153.0
2015-06-14,FAC,O3,1,159.0,38.899371069182386,32.288100831392136,4.0,13.0,28.0,64.5,127.0
2015-06-14,FAC,PM10,2,160.0,38.3125,25.259953514848895,1.0,19.75,32.0,52.5,113.0
2015-06-14,FAC,SO2,1,159.0,6.930817610062893,8.749769976618724,1.0,2.0,3.0,7.0,58.0
2015-06-14,HGM,CO,15,159.0,0.6849056603773582,0.3042294019623847,0.3,0.5,0.6,0.9,1.6
2015-06-14,HGM,NO,1,159.0,13.371069182389936,16.56767993624536,1.0,3.0,5.0,18.0,65.0
2015-06-14,HGM,NO2,1,159.0,27.937106918238992,11.42764000719596,7.0,19.0,26.0,35.0,67.0
2015-06-14,HGM,NOX,1,159.0,41.289308176100626,25.16963860976551,10.0,23.0,32.0,52.5,119.0
2015-06-14,HGM,O3,1,67.0,25.134328358208954,25.946270545569366,0.0,5.0,15.0,34.0,93.0
2015-06-14,HGM,PM10,2,161.0,48.38509316770186,25.55999366974717,3.0,31.0,46.0,67.0,143.0
2015-06-14,HGM,PM2.5,2,161.0,28.31055900621118,18.234320670388545,1.0,14.0,26.0,41.0,96.0
2015-06-14,HGM,PMCO,2,161.0,20.074534161490682,10.03341466988623,2.0,13.0,19.0,28.0,61.0
2015-06-14,HGM,SO2,1,159.0,8.515723270440251,11.7057031139223,1.0,2.0,3.0,10.0,66.0
2015-06-14,IZT,CO,15,98.0,0.9265306122448982,0.44084057955116024,0.4,0.6,0.8,1.2,2.2
2015-06-14,IZT,NO,1,98.0,17.93877551020408,25.247564474365227,1.0,3.0,5.0,21.0,116.0
2015-06-14,IZT,NO2,1,98.0,33.54081632653061,11.054847672342655,15.0,25.0,32.0,42.0,59.0
2015-06-14,IZT,NOX,1,98.0,51.46938775510204,32.4377926720627,18.0,29.0,37.5,66.75,161.0
2015-06-14,IZT,O3,1,0.0,,,,,,,
2015-06-14,IZT,PM10,2,97.0,40.45360824742268,16.98775332074839,16.0,29.0,36.0,49.0,113.0
2015-06-14,IZT,SO2,1,98.0,8.46938775510204,12.095158852306525,0.0,1.0,3.0,9.75,54.0
2015-06-14,LLA,CO,15,0.0,,,,,,,
2015-06-14,LLA,NO,1,159.0,12.371069182389936,20.98237761476523,0.0,2.0,3.0,11.0,119.0
2015-06-14,LLA,NO2,1,159.0,17.77358490566038,9.445328715056293,4.0,10.0,15.0,25.0,50.0
2015-06-14,LLA,NOX,1,159.0,30.11320754716981,27.756395347460003,6.0,12.0,18.0,38.0,150.0
2015-06-14,LLA,O3,1,159.0,31.830188679245282,26.09820973227853,0.0,11.0,24.0,52.5,90.0
2015-06-14,LLA,SO2,1,159.0,7.213836477987422,12.428206373781114,1.0,2.0,2.0,6.0,87.0
2015-06-14,LPR,CO,15,159.0,0.49811320754717003,0.4231395164648144,0.0,0.2,0.3,0.8,2.0
2015-06-14,LPR,NO,1,0.0,,,,,,,
2015-06-14,LPR,NO2,1,0.0,,,,,,,
2015-06-14,LPR,NOX,1,0.0,,,,,,,
2015-06-14,LPR,O3,1,159.0,29.232704402515722,23.210428409310214,1.0,9.5,25.0,47.5,97.0
2015-06-14,LPR,SO2,1,159.0,6.19496855345912,9.556280980061791,1.0,2.0,2.0,6.0,52.0
2015-06-14,MER,CO,15,158.0,0.9329113924050632,0.38481413132259684,0.4,0.6,0.8,1.2,2.2
2015-06-14,MER,NO,1,158.0,18.968354430379748,20.984805205294435,1.0,4.0,10.0,27.75,99.0
2015-06-14,MER,NO2,1,158.0,32.58860759493671,11.188671333171127,9.0,25.0,32.0,39.0,66.0
2015-06-14,MER,NOX,1,158.0,51.50632911392405,28.453503659746335,11.0,31.0,44.0,67.0,149.0
2015-06-14,MER,O3,1,158.0,33.06962025316456,33.59142237506049,2.0,7.0,19.5,51.75,146.0
2015-06-14,MER,PM10,2,158.0,48.20253164556962,25.502781038226125,5.0,30.0,44.0,66.0,123.0
2015-06-14,MER,PM2.5,2,158.0,28.563291139240505,18.336012230401252,1.0,14.0,25.0,41.0,85.0
2015-06-14,MER,PMCO,2,158.0,19.626582278481013,9.723229901105272,2.0,13.0,18.0,26.0,65.0
2015-06-14,MER,SO2,1,158.0,7.360759493670886,10.785233095426348,1.0,2.0,2.0,8.0,61.0
2015-06-14,MGH,CO,15,135.0,0.6407407407407407,0.2652220405443181,0.3,0.4,0.6,0.8,1.5
2015-06-14,MGH,NO,1,132.0,15.196969696969697,20.7968873896627,1.0,3.0,5.0,17.75,107.0
2015-06-14,MGH,NO2,1,132.0,24.96969696969697,11.008629088641712,4.0,18.0,23.0,31.0,70.0
2015-06-14,MGH,NOX,1,132.0,40.18181818181818,28.139190074396694,8.0,22.0,29.5,51.0,145.0
2015-06-14,MGH,O3,1,135.0,34.01481481481481,32.28603163265583,0.0,8.5,23.0,50.0,132.0
2015-06-14,MGH,PM10,2,132.0,34.00757575757576,18.06032986102063,6.0,22.75,29.0,44.0,96.0
2015-06-14,MGH,PM2.5,2,132.0,21.727272727272727,13.02322699487982,2.0,13.0,18.0,27.25,68.0
2015-06-14,MGH,PMCO,2,132.0,12.219696969696969,6.84318839346015,3.0,7.0,10.0,16.25,36.0
2015-06-14,MGH,SO2,1,135.0,5.0814814814814815,7.673419767167824,0.0,1.0,1.0,6.0,35.0
2015-06-14,MON,CO,15,94.0,0.2882978723404258,0.22136253676626602,0.1,0.1,0.2,0.375,1.1
2015-06-14,MON,NO,1,94.0,7.1063829787234045,13.710107789280356,0.0,1.0,2.0,5.0,74.0
2015-06-14,MON,NO2,1,94.0,14.52127659574468,6.411898756578087,6.0,10.0,13.0,18.0,44.0
2015-06-14,MON,NOX,1,94.0,21.627659574468087,17.391744452718676,7.0,12.0,15.0,23.75,94.0
2015-06-14,MON,O3,1,94.0,32.223404255319146,25.748641995851337,1.0,14.0,24.0,54.25,88.0
2015-06-14,MON,SO2,1,94.0,1.3936170212765957,2.1262217745441956,0.0,0.0,1.0,2.0,14.0
2015-06-14,NEZ,CO,15,159.0,0.5937106918238995,0.340268980458367,0.1,0.3,0.5,0.8,1.9
2015-06-14,NEZ,NO,1,159.0,8.157232704402515,11.091412227710213,0.0,1.0,3.0,9.0,46.0
2015-06-14,NEZ,NO2,1,159.0,21.40880503144654,10.519550115806373,7.0,13.0,19.0,27.0,65.0
2015-06-14,NEZ,NOX,1,159.0,29.635220125786162,19.138873352701086,9.0,15.0,22.0,44.0,100.0
2015-06-14,NEZ,O3,1,159.0,36.289308176100626,29.763911950240033,0.0,12.5,27.0,61.5,102.0
2015-06-14,NEZ,PM2.5,2,160.0,18.60625,12.120514796443988,1.0,9.0,16.0,25.25,52.0
2015-06-14,NEZ,SO2,1,159.0,5.062893081761007,11.759556057339568,0.0,1.0,1.0,4.0,105.0
2015-06-14,PED,CO,15,159.0,0.43144654088050277,0.24368956304424055,0.1,0.3,0.4,0.6,1.2
2015-06-14,PED,NO,1,159.0,7.0,9.830204036153322,1.0,1.0,2.0,8.5,53.0
2015-06-14,PED,NO2,1,159.0,21.10691823899371,9.735483315138946,3.0,14.0,20.0,28.0,51.0
2015-06-14,PED,NOX,1,159.0,28.069182389937108,17.441446163205388,5.0,16.0,24.0,36.0,89.0
2015-06-14,PED,O3,1,155.0,41.81290322580645,37.16945874766636,1.0,14.0,29.0,64.5,179.0
2015-06-14,PED,PM10,2,157.0,40.11464968152866,21.766820243165633,3.0,24.0,37.0,56.0,96.0
2015-06-14,PED,PM2.5,2,157.0,23.044585987261147,13.914732991276557,1.0,13.0,21.0,31.0,63.0
2015-06-14,PED,PMCO,2,157.0,17.038216560509554,10.184758188737586,1.0,9.0,15.0,24.0,64.0
2015-06-14,PED,SO2,1,159.0,4.037735849056604,4.781142801333657,1.0,1.0,2.0,6.0,35.0
2015-06-14,SAG,CO,15,159.0,0.7018867924528299,0.40728674595676634,0.3,0.4,0.6,0.8,2.1
2015-06-14,SAG,NO,1,159.0,13.616352201257861,20.812848618629896,0.0,2.0,5.0,13.0,106.0
2015-06-14,SAG,NO2,1,159.0,20.18867924528302,10.056907577218674,8.0,12.0,19.0,26.0,58.0
2015-06-14,SAG,NOX,1,159.0,33.84276729559748,27.6932872621185,9.0,15.0,23.0,40.5,136.0
2015-06-14,SAG,O3,1,159.0,32.44654088050314,26.92339056429833,1.0,11.5,23.0,54.0,95.0
2015-06-14,SAG,PM10,2,161.0,45.0,37.40404389902247,6.0,25.0,37.0,62.0,397.0
2015-06-14,SAG,PM2.5,2,161.0,24.180124223602483,16.977517559539496,1.0,12.0,19.0,36.0,74.0
2015-06-14,SAG,PMCO,2,161.0,20.81366459627329,30.12685782008804,1.0,10.0,17.0,24.0,376.0
2015-06-14,SAG,SO2,1,159.0,7.7924528301886795,12.353995649283187,2.0,2.0,3.0,6.0,88.0
2015-06-14,SFE,CO,15,159.0,0.5031446540880501,0.2017083317432822,0.2,0.3,0.5,0.6,1.2
2015-06-14,SFE,NO,1,159.0,8.867924528301886,13.383871461031278,1.0,2.0,3.0,10.0,77.0
2015-06-14,SFE,NO2,1,159.0,20.358490566037737,8.115684937883328,5.0,15.0,20.0,25.0,49.0
2015-06-14,SFE,NOX,1,159.0,29.238993710691823,18.701674980659845,7.0,17.0,23.0,35.0,118.0
2015-06-14,SFE,O3,1,159.0,43.119496855345915,38.54544659113187,0.0,13.0,29.0,70.5,165.0
2015-06-14,SFE,PM10,2,160.0,36.89375,22.77331464813352,2.0,21.75,33.0,48.0,113.0
2015-06-14,SFE,PM2.5,2,160.0,21.55,14.828919560976518,1.0,11.0,19.0,28.0,74.0
2015-06-14,SFE,PMCO,2,160.0,15.3125,9.832680396188259,1.0,8.0,13.0,21.0,44.0
2015-06-14,SFE,SO2,1,159.0,3.779874213836478,5.376516917233024,0.0,0.5,2.0,5.0,41.0
2015-06-14,SJA,CO,15,136.0,0.44999999999999984,0.3299831645537221,0.1,0.2,0.35,0.6,1.7
2015-06-14,SJA,NO,1,136.0,13.477941176470589,18.473190549095214,1.0,2.0,6.0,18.25,108.0
2015-06-14,SJA,NO2,1,136.0,25.345588235294116,12.30560166119515,8.0,15.0,23.0,33.0,68.0
2015-06-14,SJA,NOX,1,136.0,38.80882352941177,27.25395376166,10.0,17.0,29.0,54.25,142.0
2015-06-14,SJA,O3,1,136.0,36.60294117647059,34.85255278641504,2.0,9.0,24.0,56.75,131.0
2015-06-14,SJA,PM2.5,2,137.0,20.416058394160583,12.130201937947636,1.0,11.0,18.0,29.0,54.0
2015-06-14,SJA,SO2,1,136.0,5.764705882352941,9.111031404083029,1.0,1.0,2.0,4.0,52.0
2015-06-14,SUR,PM10,2,132.0,35.93939393939394,23.116947147740195,1.0,20.0,35.5,49.25,149.0
2015-06-14,TAH,CO,15,159.0,0.33396226415094354,0.2487513599426589,0.0,0.2,0.3,0.5,1.4
2015-06-14,TAH,NO,1,159.0,4.440251572327044,8.34204782781944,0.0,1.0,1.0,4.0,63.0
2015-06-14,TAH,NO2,1,159.0,13.729559748427674,8.031335414433215,2.0,8.0,13.0,19.0,41.0
2015-06-14,TAH,NOX,1,159.0,18.138364779874212,14.304322612776788,2.0,9.0,14.0,22.0,81.0
2015-06-14,TAH,O3,1,159.0,41.41509433962264,30.28457891544772,4.0,19.0,30.0,58.5,125.0
2015-06-14,TAH,PM10,2,154.0,31.81168831168831,26.689394598961556,1.0,12.0,25.0,47.0,138.0
2015-06-14,TAH,SO2,1,159.0,2.3270440251572326,1.9142928606348035,1.0,1.0,2.0,3.0,12.0
2015-06-14,TLA,CO,15,159.0,0.660377358490566,0.40173970852800717,0.2,0.4,0.5,0.9,2.1
2015-06-14,TLA,NO,1,158.0,21.069620253164558,28.027765371181612,1.0,5.0,9.0,23.75,145.0
2015-06-14,TLA,NO2,1,158.0,28.88607594936709,11.003169597513583,9.0,21.0,26.0,36.0,78.0
2015-06-14,TLA,NOX,1,158.0,50.00632911392405,35.62105883180112,13.0,27.0,35.0,63.75,193.0
2015-06-14,TLA,O3,1,159.0,32.59748427672956,29.93032404483033,1.0,9.0,21.0,51.5,114.0
2015-06-14,TLA,PM10,2,161.0,53.64596273291925,26.586747153866018,16.0,33.0,46.0,70.0,141.0
2015-06-14,TLA,PM2.5,2,161.0,29.782608695652176,16.09374709793136,5.0,17.0,25.0,39.0,78.0
2015-06-14,TLA,PMCO,2,161.0,23.763975155279503,13.867459900766933,4.0,11.0,23.0,33.0,73.0
2015-06-14,TLA,SO2,1,159.0,11.553459119496855,13.911859888372149,1.0,2.0,6.0,16.5,63.0
2015-06-14,TLI,CO,15,159.0,0.5415094339622643,0.33229198057352377,0.1,0.3,0.4,0.7,1.7
2015-06-14,TLI,NO,1,159.0,12.754716981132075,17.835648054761485,1.0,3.0,4.0,13.5,87.0
2015-06-14,TLI,NO2,1,159.0,22.48427672955975,11.10813098585381,7.0,13.0,19.0,29.5,57.0
2015-06-14,TLI,NOX,1,159.0,35.23899371069182,27.05817902493679,9.0,16.0,25.0,44.0,139.0
2015-06-14,TLI,O3,1,159.0,31.92452830188679,27.188173892666363,0.0,10.0,23.0,53.0,98.0
2015-06-14,TLI,PM10,2,160.0,46.89375,31.917463699262047,1.0,24.0,42.5,63.0,164.0
2015-06-14,TLI,SO2,1,159.0,9.622641509433961,15.18021665815057,0.0,1.0,1.0,10.5,69.0
2015-06-14,TPN,O3,1,155.0,42.8,36.84583537410416,6.0,15.5,28.0,62.0,157.0
2015-06-14,UAX,CO,15,155.0,0.661290322580645,0.34157524636851755,0.2,0.4,0.6,0.8500000000000001,1.7
2015-06-14,UAX,NO,1,156.0,11.602564102564102,17.95071370211278,1.0,1.0,3.0,14.25,106.0
2015-06-14,UAX,NO2,1,156.0,19.878205128205128,11.261892895795127,1.0,11.0,17.0,26.0,54.0
2015-06-14,UAX,NOX,1,156.0,31.46794871794872,24.98991277058054,3.0,13.0,21.0,47.25,131.0
2015-06-14,UAX,O3,1,156.0,37.794871794871796,36.05420971326336,0.0,8.75,25.5,67.0,141.0
2015-06-14,UAX,PM2.5,2,154.0,18.694805194805195,11.760312077401743,1.0,10.0,17.0,24.0,56.0
2015-06-14,UAX,SO2,1,156.0,2.9166666666666665,4.769470564157581,0.0,1.0,1.0,2.25,34.0
2015-06-14,UIZ,CO,15,156.0,0.730769230769231,0.4069739445754181,0.2,0.4,0.6,1.0,1.8
2015-06-14,UIZ,NO,1,156.0,12.916666666666666,19.359071669736093,0.0,1.0,3.0,17.25,93.0
2015-06-14,UIZ,NO2,1,156.0,25.44871794871795,12.560714419683181,4.0,16.0,23.5,33.25,61.0
2015-06-14,UIZ,NOX,1,156.0,38.32692307692308,28.27495494113257,5.0,18.0,27.0,54.25,132.0
2015-06-14,UIZ,O3,1,156.0,37.743589743589745,32.56752227343376,3.0,9.0,26.5,60.25,125.0
2015-06-14,UIZ,PM10,2,160.0,46.34375,26.50621070569769,2.0,28.0,39.0,60.0,161.0
2015-06-14,UIZ,PM2.5,2,160.0,26.5,17.301615876838948,1.0,15.0,21.5,35.25,88.0
2015-06-14,UIZ,PMCO,2,160.0,19.8125,13.479165147803517,1.0,11.0,17.0,26.25,131.0
2015-06-14,UIZ,SO2,1,46.0,3.6739130434782608,4.793766080725567,1.0,1.0,1.0,4.0,20.0
2015-06-14,VIF,CO,15,107.0,0.34018691588785044,0.1994614508952262,0.1,0.2,0.3,0.4,1.0
2015-06-14,VIF,NO,1,107.0,6.4672897196261685,10.431553871307361,0.0,1.0,2.0,6.5,54.0
2015-06-14,VIF,NO2,1,107.0,14.934579439252337,9.478148680823683,3.0,7.0,12.0,20.5,37.0
2015-06-14,VIF,NOX,1,107.0,21.364485981308412,18.184791760815827,4.0,8.0,13.0,29.5,84.0
2015-06-14,VIF,O3,1,107.0,40.36448598130841,28.01091179676453,3.0,16.5,30.0,68.5,100.0
2015-06-14,VIF,PM10,2,106.0,56.4622641509434,30.99867110156326,1.0,35.0,52.0,74.75,138.0
2015-06-14,VIF,SO2,1,107.0,9.345794392523365,15.353140422247535,0.0,0.0,3.0,13.0,85.0
2015-06-14,XAL,CO,15,159.0,0.9955974842767291,0.5980290319303951,0.3,0.6,0.7,1.3,3.5
2015-06-14,XAL,NO,1,159.0,27.433962264150942,38.47858656544595,2.0,7.0,11.0,26.0,188.0
2015-06-14,XAL,NO2,1,159.0,29.641509433962263,13.549386000787203,8.0,19.5,27.0,37.0,68.0
2015-06-14,XAL,NOX,1,159.0,57.132075471698116,46.67435167083741,10.0,27.0,38.0,68.5,226.0
2015-06-14,XAL,O3,1,159.0,25.9937106918239,20.631331971746988,2.0,8.0,22.0,41.5,75.0
2015-06-14,XAL,PM10,2,158.0,77.82911392405063,63.16676876050403,9.0,37.0,59.5,93.5,359.0
2015-06-14,XAL,PM2.5,2,158.0,29.50632911392405,20.50345530471377,1.0,14.0,23.0,42.0,85.0
2015-06-14,XAL,PMCO,2,158.0,48.28481012658228,49.413256914323256,5.0,18.25,34.0,57.0,308.0
2015-06-14,XAL,SO2,1,159.0,6.113207547169812,9.241473067463401,0.0,1.0,2.0,6.0,60.0
2015-06-21,ACO,CO,15,158.0,0.2632911392405062,0.18316204595991623,0.0,0.1,0.2,0.3,1.3
2015-06-21,ACO,NO,1,158.0,7.4113924050632916,12.241794208260236,0.0,2.0,3.0,7.0,101.0
2015-06-21,ACO,NO2,1,158.0,12.354430379746836,5.789377434123636,3.0,8.0,11.0,16.0,30.0
2015-06-21,ACO,NOX,1,158.0,19.79113924050633,15.68522116595984,4.0,10.0,15.0,24.0,119.0
2015-06-21,ACO,O3,1,158.0,25.70886075949367,19.065860975702616,1.0,9.0,23.0,39.0,91.0
2015-06-21,ACO,PM10,2,160.0,22.975,11.017967030458781,2.0,15.0,21.5,29.0,58.0
2015-06-21,ACO,SO2,1,158.0,2.7025316455696204,2.982986776782142,1.0,2.0,2.0,2.75,28.0
2015-06-21,AJM,CO,15,132.0,0.6416666666666667,0.18781250463074675,0.3,0.5,0.6,0.7,1.2
2015-06-21,AJM,NO,1,132.0,7.287878787878788,8.526143274085511,0.0,2.0,4.0,9.25,47.0
2015-06-21,AJM,NO2,1,132.0,19.393939393939394,7.699268901306115,3.0,14.0,19.0,25.0,44.0
2015-06-21,AJM,NOX,1,132.0,26.681818181818183,13.514661635117912,4.0,18.0,25.0,35.0,73.0
2015-06-21,AJM,O3,1,132.0,29.71212121212121,23.580795104410445,5.0,12.0,22.0,42.25,114.0
2015-06-21,AJM,PM10,2,127.0,26.480314960629922,12.606908155188007,5.0,18.0,23.0,32.5,62.0
2015-06-21,AJM,PM2.5,2,127.0,19.133858267716537,10.32669695092581,2.0,12.0,17.0,24.5,47.0
2015-06-21,AJM,PMCO,2,127.0,7.362204724409449,3.4380441360699265,2.0,5.0,7.0,9.0,25.0
2015-06-21,AJM,SO2,1,132.0,2.022727272727273,3.0403543111397027,0.0,0.0,1.0,2.0,21.0
2015-06-21,AJU,O3,1,156.0,27.487179487179485,16.5453383667667,2.0,14.75,24.5,35.0,82.0
2015-06-21,ATI,CO,15,159.0,0.5867924528301884,0.34109154781863554,0.1,0.4,0.5,0.7,2.3
2015-06-21,ATI,NO,1,159.0,14.69811320754717,20.631104303258063,1.0,3.0,6.0,19.0,150.0
2015-06-21,ATI,NO2,1,159.0,21.58490566037736,9.2922329664996,6.0,15.0,20.0,27.0,53.0
2015-06-21,ATI,NOX,1,159.0,36.276729559748425,24.13278455757537,7.0,21.0,30.0,46.0,167.0
2015-06-21,ATI,O3,1,159.0,22.842767295597483,22.104050431044634,1.0,6.0,16.0,32.0,105.0
2015-06-21,ATI,PM10,2,161.0,24.347826086956523,14.872063100644953,1.0,13.0,23.0,31.0,72.0
2015-06-21,ATI,SO2,1,159.0,4.169811320754717,6.491676800772956,0.0,1.0,2.0,4.0,37.0
2015-06-21,CAM,CO,15,157.0,0.8834394904458603,0.4569754431148297,0.3,0.6,0.7,1.1,2.5
2015-06-21,CAM,NO,1,158.0,24.069620253164558,27.367542514708262,2.0,6.25,13.0,31.0,132.0
2015-06-21,CAM,NO2,1,158.0,32.71518987341772,10.693823309279423,9.0,25.25,31.0,41.0,65.0
2015-06-21,CAM,NOX,1,158.0,56.879746835443036,32.057940696790546,11.0,34.0,48.0,69.5,167.0
2015-06-21,CAM,O3,1,158.0,20.424050632911392,22.36247263193363,1.0,4.0,11.5,29.75,100.0
2015-06-21,CAM,PM10,2,158.0,36.5253164556962,18.228101552409395,5.0,24.0,34.0,45.0,110.0
2015-06-21,CAM,PM2.5,2,158.0,25.354430379746834,14.068112721091579,1.0,16.0,23.0,31.0,89.0
2015-06-21,CAM,PMCO,2,158.0,11.08860759493671,6.293642274605882,2.0,6.0,10.0,14.75,36.0
2015-06-21,CAM,SO2,1,158.0,5.689873417721519,7.153371570430214,0.0,2.0,3.0,6.0,36.0
2015-06-21,CCA,CO,15,159.0,0.6962264150943398,0.25479870249178577,0.3,0.5,0.6,0.8,1.4
2015-06-21,CCA,NO,1,159.0,10.314465408805031,13.001527838544755,1.0,2.0,4.0,15.0,61.0
2015-06-21,CCA,NO2,1,159.0,22.044025157232703,8.671461932684474,6.0,15.0,22.0,29.0,44.0
2015-06-21,CCA,NOX,1,159.0,32.38993710691824,17.591321202274415,7.0,19.0,28.0,41.5,91.0
2015-06-21,CCA,O3,1,159.0,22.333333333333332,22.293118273648243,1.0,6.0,15.0,32.0,123.0
2015-06-21,CCA,PM2.5,2,161.0,14.136645962732919,8.136719927595156,1.0,9.0,12.0,19.0,37.0
2015-06-21,CCA,SO2,1,159.0,2.842767295597484,4.235974012893735,1.0,1.0,2.0,2.5,28.0
2015-06-21,CHO,CO,15,154.0,0.6305194805194806,0.3554115578241969,0.1,0.4,0.6,0.7,2.6
2015-06-21,CHO,NO,1,0.0,,,,,,,
2015-06-21,CHO,NO2,1,0.0,,,,,,,
2015-06-21,CHO,NOX,1,0.0,,,,,,,
2015-06-21,CHO,O3,1,154.0,23.025974025974026,15.962762243948802,2.0,10.0,23.0,31.75,92.0
2015-06-21,CHO,PM10,2,138.0,36.13768115942029,22.137655613085677,1.0,18.0,31.0,53.75,95.0
2015-06-21,CHO,SO2,1,141.0,1.4609929078014185,1.1052971836728156,0.0,1.0,1.0,2.0,6.0
2015-06-21,COY,NO,1,159.0,14.20754716981132,16.84293619419572,1.0,3.0,6.0,21.0,71.0
2015-06-21,COY,NO2,1,159.0,26.949685534591193,9.996074382728581,6.0,21.0,27.0,33.5,54.0
2015-06-21,COY,NOX,1,159.0,41.15094339622642,22.784401914980293,9.0,25.0,36.0,51.5,110.0
2015-06-21,COY,O3,1,159.0,22.50943396226415,21.857961479912078,2.0,6.0,15.0,31.5,119.0
2015-06-21,COY,PM2.5,2,66.0,27.545454545454547,16.96800774143172,1.0,17.0,24.0,32.0,91.0
2015-06-21,CUA,CO,15,157.0,0.618471337579618,0.20217460594393138,0.3,0.5,0.6,0.7,1.2
2015-06-21,CUA,NO,1,158.0,12.082278481012658,13.466620772496515,1.0,4.0,6.0,15.0,92.0
2015-06-21,CUA,NO2,1,158.0,22.32278481012658,7.592544941734087,7.0,16.0,22.0,26.75,45.0
2015-06-21,CUA,NOX,1,158.0,34.39873417721519,16.842068905324265,12.0,22.0,30.0,44.75,113.0
2015-06-21,CUA,O3,1,158.0,24.531645569620252,19.94504260871327,2.0,10.0,22.5,31.75,119.0
2015-06-21,CUA,PM10,2,160.0,22.7125,12.311158460579955,1.0,14.0,21.0,30.0,60.0
2015-06-21,CUA,SO2,1,158.0,2.3417721518987342,3.1678563788351526,0.0,1.0,1.0,2.0,23.0
2015-06-21,CUT,NO,1,159.0,9.471698113207546,12.713897171024161,1.0,2.0,4.0,11.0,86.0
2015-06-21,CUT,NO2,1,159.0,22.635220125786162,9.939959875404714,6.0,15.0,21.0,31.0,49.0
2015-06-21,CUT,NOX,1,159.0,32.062893081761004,19.549899004106756,7.0,17.0,28.0,41.5,124.0
2015-06-21,CUT,O3,1,159.0,28.767295597484278,15.757736684712283,8.0,17.0,24.0,37.0,88.0
2015-06-21,CUT,PM10,2,158.0,34.234177215189874,25.108216160162886,1.0,15.25,30.0,49.75,133.0
2015-06-21,CUT,SO2,1,159.0,2.289308176100629,4.421389196818442,0.0,1.0,1.0,2.0,49.0
2015-06-21,FAC,CO,15,154.0,0.7590909090909093,0.3890013418602854,0.2,0.5,0.7,1.0,2.2
2015-06-21,FAC,NO,1,76.0,19.894736842105264,22.060872722155803,1.0,5.75,11.0,30.25,128.0
2015-06-21,FAC,NO2,1,76.0,18.776315789473685,9.327520119460873,6.0,12.0,16.0,25.0,45.0
2015-06-21,FAC,NOX,1,76.0,38.64473684210526,24.26558822550619,8.0,19.0,33.5,55.25,135.0
2015-06-21,FAC,O3,1,154.0,24.766233766233768,19.86713784406125,3.0,9.0,20.0,33.75,90.0
2015-06-21,FAC,PM10,2,159.0,27.654088050314467,17.139778081286302,1.0,16.5,26.0,35.0,98.0
2015-06-21,FAC,SO2,1,154.0,6.0064935064935066,10.947585613339363,1.0,2.0,3.0,4.0,76.0
2015-06-21,HGM,CO,15,159.0,0.7132075471698114,0.27721791628110326,0.3,0.5,0.7,0.9,1.7
2015-06-21,HGM,NO,1,159.0,15.10062893081761,15.844255824743465,1.0,4.0,9.0,20.0,70.0
2015-06-21,HGM,NO2,1,159.0,29.09433962264151,9.773247165727847,9.0,23.0,29.0,36.0,60.0
2015-06-21,HGM,NOX,1,159.0,44.20125786163522,21.293542098876625,14.0,28.0,40.0,56.0,108.0
2015-06-21,HGM,O3,1,159.0,19.433962264150942,19.717796466447208,1.0,5.0,14.0,26.0,94.0
2015-06-21,HGM,PM10,2,158.0,36.12658227848101,19.29678834609736,4.0,21.0,33.5,47.0,93.0
2015-06-21,HGM,PM2.5,2,158.0,22.70886075949367,14.066404751851445,1.0,13.0,21.0,31.75,63.0
2015-06-21,HGM,PMCO,2,158.0,13.449367088607595,6.906608547984192,2.0,9.0,12.0,17.0,42.0
2015-06-21,HGM,SO2,1,151.0,5.251655629139073,6.992585161484852,1.0,2.0,2.0,4.0,37.0
2015-06-21,IZT,CO,15,135.0,1.0066666666666662,0.4731917663708804,0.4,0.7,0.9,1.25,3.1
2015-06-21,IZT,NO,1,135.0,19.74074074074074,21.554846033013323,1.0,5.0,10.0,26.5,121.0
2015-06-21,IZT,NO2,1,135.0,32.08888888888889,10.401253273127292,9.0,25.0,33.0,38.5,64.0
2015-06-21,IZT,NOX,1,135.0,51.72592592592593,27.535710769951308,12.0,31.0,46.0,67.0,164.0
2015-06-21,IZT,O3,1,135.0,22.88888888888889,23.035879433907706,3.0,6.5,14.0,32.0,112.0
2015-06-21,IZT,PM10,2,137.0,26.927007299270073,13.175643212614814,6.0,18.0,25.0,33.0,92.0
2015-06-21,IZT,SO2,1,135.0,3.859259259259259,5.047776166127788,0.0,1.0,2.0,4.0,27.0
2015-06-21,LLA,CO,15,0.0,,,,,,,
2015-06-21,LLA,NO,1,158.0,11.791139240506329,16.92736592518759,1.0,2.0,5.0,12.0,106.0
2015-06-21,LLA,NO2,1,158.0,18.974683544303797,8.907843367847065,3.0,11.25,20.0,26.0,42.0
2015-06-21,LLA,NOX,1,158.0,30.81645569620253,22.10825669539526,4.0,14.0,27.0,39.0,131.0
2015-06-21,LLA,O3,1,158.0,22.5126582278481,21.43267858575206,0.0,5.0,15.5,33.0,89.0
2015-06-21,LLA,SO2,1,158.0,3.518987341772152,3.5219448864623435,1.0,2.0,2.0,3.75,20.0
2015-06-21,LPR,CO,15,158.0,0.6227848101265823,0.3817323459855345,0.0,0.3,0.6,0.8,1.8
2015-06-21,LPR,NO,1,0.0,,,,,,,
2015-06-21,LPR,NO2,1,0.0,,,,,,,
2015-06-21,LPR,NOX,1,0.0,,,,,,,
2015-06-21,LPR,O3,1,158.0,19.253164556962027,17.76346236006186,1.0,5.25,15.0,28.0,78.0
2015-06-21,LPR,SO2,1,158.0,3.3354430379746836,4.101593227017928,1.0,1.0,2.0,3.0,32.0
2015-06-21,MER,CO,15,158.0,0.9569620253164558,0.40117138809388064,0.3,0.6,0.9,1.2,2.5
2015-06-21,MER,NO,1,158.0,22.10126582278481,19.958616380256387,1.0,7.0,17.0,30.0,107.0
2015-06-21,MER,NO2,1,158.0,32.70886075949367,11.018978299747099,12.0,24.0,34.0,40.0,63.0
2015-06-21,MER,NOX,1,158.0,54.84177215189873,26.2208946078681,15.0,35.0,51.0,72.5,146.0
2015-06-21,MER,O3,1,158.0,19.00632911392405,20.4236957532716,2.0,4.0,10.5,27.5,105.0
2015-06-21,MER,PM10,2,159.0,35.9496855345912,18.41291468278924,3.0,22.5,35.0,47.0,99.0
2015-06-21,MER,PM2.5,2,159.0,22.943396226415093,13.856061728373325,1.0,13.0,23.0,31.0,74.0
2015-06-21,MER,PMCO,2,159.0,13.056603773584905,6.346777596623213,1.0,9.0,12.0,16.0,31.0
2015-06-21,MER,SO2,1,158.0,4.430379746835443,5.461348948652731,1.0,2.0,2.0,4.0,35.0
2015-06-21,MGH,CO,15,159.0,0.7220125786163524,0.28051665686280686,0.3,0.5,0.7,0.9,1.7
2015-06-21,MGH,NO,1,155.0,18.84516129032258,18.581914799171972,0.0,6.0,10.0,26.5,89.0
2015-06-21,MGH,NO2,1,155.0,27.503225806451614,9.765014542084508,9.0,20.0,26.0,34.0,57.0
2015-06-21,MGH,NOX,1,155.0,46.354838709677416,23.268266650706106,12.0,29.0,40.0,62.0,130.0
2015-06-21,MGH,O3,1,159.0,19.79245283018868,21.786383934884746,0.0,4.0,13.0,27.0,107.0
2015-06-21,MGH,PM10,2,157.0,29.038216560509554,14.132108082315135,7.0,20.0,27.0,33.0,84.0
2015-06-21,MGH,PM2.5,2,157.0,20.426751592356688,11.547118533707355,3.0,13.0,18.0,24.0,66.0
2015-06-21,MGH,PMCO,2,157.0,8.64968152866242,4.176960988931314,2.0,6.0,7.0,11.0,21.0
2015-06-21,MGH,SO2,1,159.0,2.9622641509433962,4.6862130030046005,0.0,1.0,1.0,3.0,29.0
2015-06-21,MON,CO,15,159.0,0.2635220125786163,0.21944157656432778,0.0,0.1,0.2,0.4,1.2
2015-06-21,MON,NO,1,159.0,7.591194968553459,13.48802273959278,1.0,1.0,3.0,7.0,89.0
2015-06-21,MON,NO2,1,159.0,13.955974842767295,6.659290561626905,4.0,9.5,12.0,17.0,48.0
2015-06-21,MON,NOX,1,159.0,21.49685534591195,16.24958586184504,5.0,12.0,16.0,27.0,105.0
2015-06-21,MON,O3,1,159.0,22.358490566037737,15.318675215742937,1.0,9.0,22.0,34.0,71.0
2015-06-21,MON,SO2,1,159.0,0.9119496855345912,1.7873806866393707,0.0,0.0,0.0,1.0,15.0
2015-06-21,NEZ,CO,15,159.0,0.5635220125786161,0.371009806354379,0.0,0.3,0.5,0.7,2.1
2015-06-21,NEZ,NO,1,159.0,9.119496855345911,12.465326481974115,0.0,2.0,4.0,10.0,77.0
2015-06-21,NEZ,NO2,1,159.0,22.930817610062892,11.666309546776436,5.0,15.0,22.0,28.0,65.0
2015-06-21,NEZ,NOX,1,159.0,32.0062893081761,20.998642769687176,6.0,17.0,26.0,39.0,126.0
2015-06-21,NEZ,O3,1,159.0,23.534591194968552,18.334369700969287,0.0,10.0,20.0,31.5,91.0
2015-06-21,NEZ,PM2.5,2,161.0,14.826086956521738,9.743950185494143,1.0,8.0,12.0,22.0,49.0
2015-06-21,NEZ,SO2,1,159.0,2.69811320754717,3.3256858376732503,0.0,1.0,1.0,3.0,18.0
2015-06-21,PED,CO,15,157.0,0.5019108280254782,0.25406221163723325,0.1,0.3,0.5,0.7,1.3
2015-06-21,PED,NO,1,102.0,11.96078431372549,13.758829077962394,1.0,2.0,5.0,16.5,52.0
2015-06-21,PED,NO2,1,102.0,22.774509803921568,9.035580781242476,5.0,15.25,23.0,29.75,44.0
2015-06-21,PED,NOX,1,102.0,34.77450980392157,18.65630085623934,8.0,19.0,31.0,48.75,79.0
2015-06-21,PED,O3,1,44.0,21.818181818181817,21.95266866997303,2.0,7.0,15.0,24.25,96.0
2015-06-21,PED,PM10,2,158.0,29.468354430379748,17.477071744582922,4.0,17.0,26.0,37.0,92.0
2015-06-21,PED,PM2.5,2,158.0,18.81645569620253,12.478178970315426,1.0,10.0,16.0,25.0,64.0
2015-06-21,PED,PMCO,2,158.0,10.651898734177216,6.149856002860711,2.0,6.0,8.5,14.0,37.0
2015-06-21,PED,SO2,1,159.0,2.7169811320754715,3.743571833057559,1.0,1.0,2.0,3.0,28.0
2015-06-21,SAG,CO,15,159.0,0.768553459119497,0.3420227183178826,0.3,0.5,0.7,0.9,2.4
2015-06-21,SAG,NO,1,159.0,12.09433962264151,16.95294771158616,1.0,3.0,7.0,13.0,126.0
2015-06-21,SAG,NO2,1,159.0,20.270440251572328,8.425162384034916,3.0,13.5,20.0,26.0,43.0
2015-06-21,SAG,NOX,1,159.0,32.327044025157235,20.947945385895355,4.0,18.5,29.0,38.5,148.0
2015-06-21,SAG,O3,1,159.0,23.427672955974842,19.81990404742988,1.0,8.5,17.0,32.5,90.0
2015-06-21,SAG,PM10,2,158.0,33.9746835443038,15.852404172619519,7.0,20.25,33.0,44.75,76.0
2015-06-21,SAG,PM2.5,2,158.0,20.329113924050635,11.874847924188643,1.0,11.25,20.0,29.0,55.0
2015-06-21,SAG,PMCO,2,158.0,13.70253164556962,6.886254649959419,1.0,9.0,12.0,17.0,40.0
2015-06-21,SAG,SO2,1,159.0,4.345911949685535,3.7870322059505788,1.0,3.0,3.0,5.0,25.0
2015-06-21,SFE,CO,15,158.0,0.6044303797468358,0.18965101597671818,0.3,0.5,0.6,0.7,1.1
2015-06-21,SFE,NO,1,158.0,11.462025316455696,14.750854914639042,1.0,3.0,6.0,15.75,90.0
2015-06-21,SFE,NO2,1,158.0,20.341772151898734,6.788686872358991,6.0,16.0,20.0,24.0,39.0
2015-06-21,SFE,NOX,1,158.0,31.765822784810126,17.051128704078337,8.0,20.0,28.0,40.75,111.0
2015-06-21,SFE,O3,1,158.0,21.803797468354432,21.871209257939523,0.0,6.0,15.5,29.0,116.0
2015-06-21,SFE,PM10,2,157.0,28.420382165605094,16.7715140779954,4.0,17.0,24.0,36.0,92.0
2015-06-21,SFE,PM2.5,2,157.0,18.751592356687897,12.338004685832853,1.0,10.0,16.0,25.0,65.0
2015-06-21,SFE,PMCO,2,157.0,9.617834394904458,5.402438945711719,1.0,6.0,9.0,12.0,29.0
2015-06-21,SFE,SO2,1,158.0,1.8101265822784811,2.8556612645340573,0.0,1.0,1.0,2.0,17.0
2015-06-21,SJA,CO,15,159.0,0.5182389937106916,0.34307901180819117,0.0,0.3,0.4,0.7,2.1
2015-06-21,SJA,NO,1,159.0,17.830188679245282,24.138893335924955,1.0,4.0,8.0,20.5,156.0
2015-06-21,SJA,NO2,1,159.0,28.559748427672957,11.449167342986259,7.0,20.0,29.0,34.0,64.0
2015-06-21,SJA,NOX,1,159.0,46.45283018867924,30.033883420758983,9.0,26.0,40.0,57.0,202.0
2015-06-21,SJA,O3,1,159.0,22.0125786163522,22.075815113578642,2.0,5.0,15.0,30.5,99.0
2015-06-21,SJA,PM2.5,2,159.0,16.232704402515722,9.3071328088155,1.0,9.0,16.0,23.0,40.0
2015-06-21,SJA,SO2,1,159.0,2.89937106918239,2.8109077063447043,1.0,1.0,2.0,3.0,15.0
2015-06-21,SUR,PM10,2,151.0,26.490066225165563,17.418330402067394,1.0,12.0,24.0,36.5,101.0
2015-06-21,TAH,CO,15,155.0,0.3367741935483873,0.26653606632945176,0.0,0.1,0.3,0.5,1.2
2015-06-21,TAH,NO,1,155.0,6.096774193548387,8.973101357287838,0.0,2.0,3.0,5.5,50.0
2015-06-21,TAH,NO2,1,155.0,14.6,8.869618361019254,2.0,6.0,14.0,21.0,36.0
2015-06-21,TAH,NOX,1,155.0,20.703225806451613,14.533067620487676,4.0,8.0,18.0,28.5,68.0
2015-06-21,TAH,O3,1,151.0,25.99337748344371,18.020172655015163,2.0,11.5,23.0,35.0,107.0
2015-06-21,TAH,PM10,2,158.0,25.79746835443038,16.11058895113693,1.0,14.25,26.0,35.0,69.0
2015-06-21,TAH,SO2,1,155.0,2.0516129032258066,2.0726842762281317,1.0,1.0,2.0,2.0,21.0
2015-06-21,TLA,CO,15,159.0,0.7471698113207551,0.4032794867078304,0.1,0.5,0.7,0.9,2.0
2015-06-21,TLA,NO,1,154.0,24.967532467532468,27.690497374584666,1.0,7.0,14.0,32.75,144.0
2015-06-21,TLA,NO2,1,154.0,30.98701298701299,10.538436969709316,12.0,24.0,30.0,38.0,62.0
2015-06-21,TLA,NOX,1,154.0,55.967532467532465,32.48980108070292,14.0,31.25,47.5,70.0,171.0
2015-06-21,TLA,O3,1,159.0,20.943396226415093,21.90232785819429,1.0,4.0,13.0,32.0,92.0
2015-06-21,TLA,PM10,2,161.0,42.4472049689441,18.61984848928624,12.0,29.0,40.0,51.0,110.0
2015-06-21,TLA,PM2.5,2,161.0,26.111801242236027,13.126782635522252,6.0,17.0,24.0,32.0,82.0
2015-06-21,TLA,PMCO,2,161.0,16.316770186335404,8.117436756951395,2.0,10.0,15.0,22.0,39.0
2015-06-21,TLA,SO2,1,159.0,7.433962264150943,9.1544609737595,1.0,2.0,4.0,9.0,49.0
2015-06-21,TLI,CO,15,120.0,0.5866666666666667,0.2656633787565101,0.1,0.4,0.6,0.8,1.2
2015-06-21,TLI,NO,1,120.0,12.741666666666667,14.283148579124042,2.0,4.0,6.0,17.25,67.0
2015-06-21,TLI,NO2,1,120.0,24.408333333333335,8.275199186039417,6.0,18.0,24.0,30.0,46.0
2015-06-21,TLI,NOX,1,120.0,37.09166666666667,19.18945606549691,8.0,23.0,33.0,47.25,95.0
2015-06-21,TLI,O3,1,120.0,22.3,21.70179870948237,0.0,7.0,15.5,29.0,102.0
2015-06-21,TLI,PM10,2,121.0,31.90082644628099,18.80886535594216,1.0,17.0,30.0,45.0,89.0
2015-06-21,TLI,SO2,1,120.0,4.691666666666666,8.113476529858213,0.0,1.0,2.0,4.0,63.0
2015-06-21,TPN,O3,1,156.0,25.26923076923077,21.12401054108689,5.0,9.0,18.0,37.0,120.0
2015-06-21,UAX,CO,15,158.0,0.5892405063291137,0.3050708267012772,0.2,0.3,0.5,0.8,1.6
2015-06-21,UAX,NO,1,158.0,9.778481012658228,13.06847396181819,1.0,2.0,4.0,10.75,67.0
2015-06-21,UAX,NO2,1,158.0,19.753164556962027,11.25426272184184,2.0,10.0,21.0,28.0,55.0
2015-06-21,UAX,NOX,1,158.0,29.50632911392405,19.70086707505099,3.0,13.0,27.5,40.0,88.0
2015-06-21,UAX,O3,1,158.0,21.962025316455698,20.693974653380856,0.0,5.25,15.0,33.75,118.0
2015-06-21,UAX,PM2.5,2,158.0,15.39240506329114,10.681155167278966,1.0,7.0,14.0,23.0,62.0
2015-06-21,UAX,SO2,1,158.0,1.8734177215189873,3.1536737796534577,0.0,0.0,1.0,2.0,20.0
2015-06-21,UIZ,CO,15,154.0,0.805844155844156,0.40474909729733605,0.3,0.5,0.7,1.0,2.2
2015-06-21,UIZ,NO,1,154.0,12.7987012987013,17.35457968983541,0.0,2.0,6.0,15.0,100.0
2015-06-21,UIZ,NO2,1,154.0,25.915584415584416,13.74175988325025,4.0,13.0,26.5,35.75,64.0
2015-06-21,UIZ,NOX,1,154.0,38.65584415584416,26.327346023272995,5.0,17.25,34.0,50.75,128.0
2015-06-21,UIZ,O3,1,108.0,24.444444444444443,21.112663221076694,2.0,9.0,18.0,32.25,99.0
2015-06-21,UIZ,PM10,2,158.0,33.24050632911393,19.588580574252248,3.0,18.25,31.5,42.0,112.0
2015-06-21,UIZ,PM2.5,2,158.0,19.753164556962027,13.946525128869943,1.0,10.0,18.0,27.0,70.0
2015-06-21,UIZ,PMCO,2,158.0,13.481012658227849,8.197188829133793,2.0,8.0,12.0,17.0,67.0
2015-06-21,UIZ,SO2,1,90.0,3.522222222222222,3.883782986617701,1.0,2.0,2.0,3.0,19.0
2015-06-21,VIF,CO,15,67.0,0.4970149253731343,0.2492231258140477,0.1,0.3,0.5,0.6,1.4
2015-06-21,VIF,NO,1,67.0,7.537313432835821,10.012610772979267,0.0,2.0,3.0,10.0,43.0
2015-06-21,VIF,NO2,1,67.0,19.507462686567163,7.384203316269866,6.0,13.5,20.0,24.0,39.0
2015-06-21,VIF,NOX,1,67.0,26.970149253731343,15.116687697610306,7.0,16.0,23.0,33.5,78.0
2015-06-21,VIF,O3,1,67.0,28.417910447761194,22.0626856614946,2.0,12.0,23.0,39.0,83.0
2015-06-21,VIF,PM10,2,69.0,29.333333333333332,18.912854846145585,1.0,17.0,25.0,46.0,75.0
2015-06-21,VIF,SO2,1,67.0,0.7014925373134329,0.8167735002441254,0.0,0.0,1.0,1.0,3.0
2015-06-21,XAL,CO,15,156.0,1.1000000000000003,0.4625316031050935,0.4,0.8,0.95,1.4,2.7
2015-06-21,XAL,NO,1,158.0,27.753164556962027,26.804716456562225,2.0,9.0,17.5,37.75,132.0
2015-06-21,XAL,NO2,1,158.0,30.417721518987342,11.243237282223243,7.0,22.0,29.0,38.0,58.0
2015-06-21,XAL,NOX,1,158.0,58.20253164556962,33.94070503861257,10.0,32.25,47.0,76.0,174.0
2015-06-21,XAL,O3,1,158.0,18.5,16.25738440742239,2.0,6.0,13.5,26.0,68.0
2015-06-21,XAL,PM10,2,158.0,53.74050632911393,26.129559701377627,7.0,39.0,48.0,65.0,157.0
2015-06-21,XAL,PM2.5,2,158.0,24.246835443037973,13.42100583283925,1.0,15.0,22.5,32.0,73.0
2015-06-21,XAL,PMCO,2,158.0,29.468354430379748,16.28240850040976,5.0,18.25,26.0,35.0,97.0
2015-06-21,XAL,SO2,1,158.0,3.6835443037974684,2.992748364281571,0.0,2.0,3.0,4.0,23.0
2015-06-28,ACO,CO,15,152.0,0.24078947368421053,0.20011760223153807,0.0,0.1,0.2,0.3,1.2
2015-06-28,ACO,NO,1,152.0,7.296052631578948,10.94165067137633,0.0,1.0,3.0,8.0,61.0
2015-06-28,ACO,NO2,1,152.0,13.348684210526315,7.464050591827802,3.0,8.0,12.0,17.0,48.0
2015-06-28,ACO,NOX,1,152.0,20.74342105263158,14.921648218943005,4.0,11.0,15.0,26.25,78.0
2015-06-28,ACO,O3,1,152.0,26.38157894736842,20.370064456629386,1.0,9.0,21.5,39.0,80.0
2015-06-28,ACO,PM10,2,154.0,33.03896103896104,14.498989424726867,7.0,22.25,30.0,40.0,72.0
2015-06-28,ACO,SO2,1,152.0,3.164473684210526,2.579707049817682,1.0,2.0,2.0,4.0,16.0
2015-06-28,AJM,CO,15,159.0,0.5830188679245283,0.2365917134691209,0.2,0.4,0.5,0.7,1.3
2015-06-28,AJM,NO,1,159.0,6.672955974842767,8.363193060604047,0.0,1.0,3.0,8.5,35.0
2015-06-28,AJM,NO2,1,159.0,19.69182389937107,9.57379710230659,4.0,13.0,18.0,24.0,52.0
2015-06-28,AJM,NOX,1,159.0,26.452830188679247,15.627668628092382,4.0,15.0,23.0,34.0,76.0
2015-06-28,AJM,O3,1,159.0,41.0125786163522,30.747025670988915,4.0,18.0,33.0,58.5,143.0
2015-06-28,AJM,PM10,2,154.0,40.383116883116884,20.846215014184743,6.0,24.0,34.5,56.75,92.0
2015-06-28,AJM,PM2.5,2,154.0,25.571428571428573,13.42413062038526,3.0,17.0,22.0,31.0,75.0
2015-06-28,AJM,PMCO,2,154.0,14.88961038961039,11.597589161416938,1.0,5.25,11.0,22.0,45.0
2015-06-28,AJM,SO2,1,158.0,3.0443037974683542,3.51583304442791,0.0,1.0,2.0,4.0,19.0
2015-06-28,AJU,O3,1,156.0,36.77564102564103,25.350592973391453,0.0,17.0,33.0,53.0,107.0
2015-06-28,ATI,CO,15,154.0,0.45844155844155815,0.25532276092925166,0.1,0.3,0.4,0.6,1.3
2015-06-28,ATI,NO,1,152.0,10.052631578947368,13.496523699431913,1.0,2.0,4.0,9.0,74.0
2015-06-28,ATI,NO2,1,152.0,18.585526315789473,8.065496851171446,5.0,12.0,17.0,23.0,46.0
2015-06-28,ATI,NOX,1,152.0,28.67763157894737,17.94900870685429,6.0,17.0,23.0,35.25,89.0
2015-06-28,ATI,O3,1,154.0,26.5974025974026,20.566016604122417,2.0,10.0,22.5,37.75,91.0
2015-06-28,ATI,PM10,2,161.0,32.49068322981366,19.127571073068307,1.0,18.0,29.0,41.0,85.0
2015-06-28,ATI,SO2,1,154.0,6.4480519480519485,10.813355460309682,0.0,1.0,3.0,7.0,81.0
2015-06-28,CAM,CO,15,159.0,0.859119496855346,0.393975813123506,0.3,0.6,0.8,1.1,2.3
2015-06-28,CAM,NO,1,159.0,21.540880503144653,23.409330104227,1.0,6.5,11.0,29.0,97.0
2015-06-28,CAM,NO2,1,159.0,32.911949685534594,11.447946943126627,13.0,24.5,30.0,38.0,73.0
2015-06-28,CAM,NOX,1,159.0,54.528301886792455,29.9059308543091,14.0,32.0,44.0,70.5,149.0
2015-06-28,CAM,O3,1,159.0,23.446540880503143,22.976225411526865,1.0,5.0,14.0,37.0,92.0
2015-06-28,CAM,PM10,2,157.0,47.40764331210191,20.511708793163674,12.0,33.0,44.0,57.0,105.0
2015-06-28,CAM,PM2.5,2,157.0,29.872611464968152,13.359298171075976,5.0,21.0,29.0,36.0,80.0
2015-06-28,CAM,PMCO,2,157.0,17.503184713375795,11.778742371062684,4.0,8.0,14.0,24.0,53.0
2015-06-28,CAM,SO2,1,159.0,5.2578616352201255,5.6994490478544035,1.0,2.0,3.0,6.0,36.0
2015-06-28,CCA,CO,15,159.0,0.7088050314465406,0.28934313381942955,0.3,0.5,0.6,0.9,1.7
2015-06-28,CCA,NO,1,155.0,11.058064516129033,15.606042248793754,0.0,1.0,3.0,15.0,80.0
2015-06-28,CCA,NO2,1,155.0,23.651612903225807,10.50144921871924,6.0,16.0,22.0,27.0,58.0
2015-06-28,CCA,NOX,1,155.0,34.70322580645161,21.53709400309222,7.0,19.0,28.0,45.5,102.0
2015-06-28,CCA,O3,1,159.0,31.440251572327043,28.70993988216585,2.0,8.5,23.0,47.5,123.0
2015-06-28,CCA,PM2.5,2,161.0,22.503105590062113,10.123070324512767,4.0,15.0,20.0,29.0,49.0
2015-06-28,CCA,SO2,1,159.0,3.8867924528301887,3.7820045787738956,1.0,2.0,2.0,4.0,24.0
2015-06-28,CHO,CO,15,158.0,0.7335443037974684,0.357202641821186,0.3,0.5,0.6,0.8,2.1
2015-06-28,CHO,NO,1,0.0,,,,,,,
2015-06-28,CHO,NO2,1,0.0,,,,,,,
2015-06-28,CHO,NOX,1,0.0,,,,,,,
2015-06-28,CHO,O3,1,156.0,26.237179487179485,24.302425786125898,2.0,4.0,18.0,43.5,94.0
2015-06-28,CHO,PM10,2,160.0,50.18125,27.30882592259214,5.0,28.75,46.5,69.0,117.0
2015-06-28,CHO,SO2,1,158.0,3.632911392405063,5.095713735697396,1.0,1.0,2.0,3.75,32.0
2015-06-28,COY,NO,1,158.0,13.772151898734178,16.973527058850912,0.0,3.0,6.0,18.0,64.0
2015-06-28,COY,NO2,1,158.0,28.639240506329113,11.256827145393979,9.0,21.0,26.5,35.0,59.0
2015-06-28,COY,NOX,1,158.0,42.39873417721519,23.740620641659326,10.0,24.0,36.0,57.5,112.0
2015-06-28,COY,O3,1,159.0,29.78616352201258,25.98596621739458,2.0,9.0,22.0,42.0,111.0
2015-06-28,COY,PM2.5,2,161.0,37.962732919254655,22.83278569260597,1.0,23.0,33.0,50.0,128.0
2015-06-28,CUA,CO,15,155.0,0.6716129032258065,0.24699619816982551,0.3,0.5,0.6,0.8,1.5
2015-06-28,CUA,NO,1,155.0,13.490322580645161,16.81347934121917,1.0,3.0,5.0,19.0,85.0
2015-06-28,CUA,NO2,1,155.0,25.258064516129032,9.638153828228198,6.0,19.0,24.0,31.0,52.0
2015-06-28,CUA,NOX,1,155.0,38.76129032258064,22.28711230616548,7.0,23.0,34.0,47.0,117.0
2015-06-28,CUA,O3,1,155.0,33.18709677419355,28.3591958325654,2.0,10.5,25.0,49.5,126.0
2015-06-28,CUA,PM10,2,159.0,39.132075471698116,20.192150752068695,1.0,23.0,37.0,55.5,90.0
2015-06-28,CUA,SO2,1,155.0,3.0709677419354837,2.8492643785638174,0.0,1.0,2.0,4.0,15.0
2015-06-28,CUT,NO,1,145.0,9.820689655172414,15.274647188832056,0.0,2.0,3.0,11.0,107.0
2015-06-28,CUT,NO2,1,145.0,18.158620689655173,9.164148034345706,4.0,11.0,16.0,25.0,43.0
2015-06-28,CUT,NOX,1,145.0,28.02758620689655,20.351407550143318,5.0,14.0,20.0,36.0,135.0
2015-06-28,CUT,O3,1,147.0,27.163265306122447,17.110055049160277,2.0,15.0,26.0,37.0,67.0
2015-06-28,CUT,PM10,2,133.0,41.97744360902256,23.28462432119086,1.0,24.0,37.0,54.0,119.0
2015-06-28,CUT,SO2,1,147.0,6.204081632653061,11.35898580722032,0.0,1.0,2.0,6.0,72.0
2015-06-28,FAC,CO,15,157.0,0.7076433121019112,0.36960502155434855,0.2,0.5,0.6,0.9,2.4
2015-06-28,FAC,NO,1,132.0,19.96969696969697,24.949395927745027,1.0,5.0,11.0,22.0,143.0
2015-06-28,FAC,NO2,1,132.0,21.295454545454547,9.571537511087882,4.0,15.75,19.0,27.0,52.0
2015-06-28,FAC,NOX,1,132.0,41.32575757575758,28.636574119197522,5.0,23.0,34.0,51.25,164.0
2015-06-28,FAC,O3,1,157.0,30.063694267515924,22.21823042431552,4.0,13.0,25.0,43.0,93.0
2015-06-28,FAC,PM10,2,157.0,40.152866242038215,21.896951434311795,1.0,23.0,37.0,56.0,95.0
2015-06-28,FAC,SO2,1,157.0,5.789808917197452,5.618230224963125,1.0,3.0,4.0,7.0,47.0
2015-06-28,HGM,CO,15,153.0,0.7516339869281046,0.32058839309098164,0.3,0.5,0.7,1.0,1.6
2015-06-28,HGM,NO,1,152.0,17.138157894736842,18.634529418539145,1.0,4.0,8.0,23.0,91.0
2015-06-28,HGM,NO2,1,152.0,32.42763157894737,13.058504104711652,9.0,23.0,31.0,37.25,80.0
2015-06-28,HGM,NOX,1,152.0,49.50657894736842,25.76511238154147,10.0,28.0,43.5,66.0,120.0
2015-06-28,HGM,O3,1,153.0,24.954248366013072,23.49365532192206,1.0,6.0,18.0,36.0,107.0
2015-06-28,HGM,PM10,2,153.0,52.431372549019606,25.05041356573263,12.0,33.0,49.0,67.0,139.0
2015-06-28,HGM,PM2.5,2,153.0,30.241830065359476,15.330579238460684,3.0,20.0,29.0,38.0,87.0
2015-06-28,HGM,PMCO,2,153.0,22.15032679738562,15.373324145650408,4.0,10.0,17.0,30.0,75.0
2015-06-28,HGM,SO2,1,153.0,5.405228758169935,5.643391464098716,1.0,2.0,3.0,7.0,39.0
2015-06-28,IZT,CO,15,157.0,0.9318471337579617,0.4014458191498397,0.3,0.6,0.9,1.2,2.1
2015-06-28,IZT,NO,1,157.0,17.56050955414013,19.525570867132362,1.0,5.0,8.0,24.0,93.0
2015-06-28,IZT,NO2,1,157.0,32.93630573248408,11.234494459123752,12.0,26.0,32.0,37.0,65.0
2015-06-28,IZT,NOX,1,157.0,50.46496815286624,26.180960164960265,13.0,30.0,42.0,64.0,126.0
2015-06-28,IZT,O3,1,157.0,27.59235668789809,25.23173505777604,3.0,7.0,19.0,39.0,111.0
2015-06-28,IZT,PM10,2,157.0,38.71974522292994,18.66638085686797,2.0,25.0,33.0,51.0,85.0
2015-06-28,IZT,SO2,1,157.0,5.019108280254777,5.395239280332837,0.0,2.0,3.0,7.0,36.0
2015-06-28,LLA,CO,15,0.0,,,,,,,
2015-06-28,LLA,NO,1,153.0,15.431372549019608,18.78646093736348,1.0,3.0,7.0,18.0,93.0
2015-06-28,LLA,NO2,1,153.0,19.529411764705884,8.897115753470345,7.0,12.0,18.0,25.0,43.0
2015-06-28,LLA,NOX,1,153.0,34.89542483660131,24.40965172531597,8.0,16.0,28.0,46.0,117.0
2015-06-28,LLA,O3,1,153.0,22.313725490196077,21.023004501408778,0.0,5.0,16.0,34.0,85.0
2015-06-28,LLA,SO2,1,153.0,6.117647058823529,11.219661534714874,1.0,2.0,3.0,5.0,81.0
2015-06-28,LPR,CO,15,159.0,0.5452830188679246,0.41866244419361354,0.0,0.2,0.5,0.8,2.4
2015-06-28,LPR,NO,1,0.0,,,,,,,
2015-06-28,LPR,NO2,1,0.0,,,,,,,
2015-06-28,LPR,NOX,1,0.0,,,,,,,
2015-06-28,LPR,O3,1,159.0,21.79874213836478,16.931275783991964,1.0,7.0,19.0,34.0,67.0
2015-06-28,LPR,SO2,1,159.0,4.647798742138365,5.707133405316049,1.0,2.0,3.0,5.5,46.0
2015-06-28,MER,CO,15,132.0,0.963636363636364,0.37726875577953606,0.4,0.7,0.9,1.3,2.0
2015-06-28,MER,NO,1,133.0,21.31578947368421,20.87312627085313,2.0,7.0,13.0,34.0,95.0
2015-06-28,MER,NO2,1,133.0,34.89473684210526,11.638014486166586,15.0,27.0,33.0,41.0,71.0
2015-06-28,MER,NOX,1,133.0,56.278195488721806,26.540807169412137,20.0,34.0,49.0,73.0,139.0
2015-06-28,MER,O3,1,132.0,23.946969696969695,24.879960480178784,2.0,4.0,12.0,35.25,116.0
2015-06-28,MER,PM10,2,134.0,52.276119402985074,27.342547689471967,9.0,32.25,45.0,66.0,134.0
2015-06-28,MER,PM2.5,2,134.0,31.119402985074625,19.64881322866672,1.0,19.0,26.0,37.75,99.0
2015-06-28,MER,PMCO,2,134.0,21.171641791044777,12.549167134933523,5.0,12.0,18.0,28.75,62.0
2015-06-28,MER,SO2,1,133.0,6.075187969924812,5.822662179000536,1.0,3.0,4.0,8.0,34.0
2015-06-28,MGH,CO,15,158.0,0.7632911392405064,0.31081451047366965,0.3,0.6,0.7,0.9,1.7
2015-06-28,MGH,NO,1,158.0,17.582278481012658,22.105195858608262,1.0,4.0,7.0,21.0,96.0
2015-06-28,MGH,NO2,1,158.0,27.82278481012658,10.475642957840343,7.0,21.0,27.0,34.75,64.0
2015-06-28,MGH,NOX,1,158.0,45.379746835443036,27.764388040214424,9.0,26.25,37.5,56.5,131.0
2015-06-28,MGH,O3,1,158.0,26.373417721518987,26.08059145543217,0.0,6.25,18.0,37.75,113.0
2015-06-28,MGH,PM10,2,157.0,41.47133757961783,19.257885667406466,8.0,26.0,37.0,55.0,102.0
2015-06-28,MGH,PM2.5,2,157.0,27.101910828025478,13.462761895829258,3.0,17.0,25.0,33.0,82.0
2015-06-28,MGH,PMCO,2,157.0,14.382165605095542,10.032980889870254,3.0,6.0,11.0,21.0,38.0
2015-06-28,MGH,SO2,1,158.0,3.5443037974683542,4.392516706331293,0.0,1.0,2.0,4.0,26.0
2015-06-28,MON,CO,15,158.0,0.33481012658227877,0.24362632323808123,0.0,0.2,0.3,0.4,1.4
2015-06-28,MON,NO,1,158.0,11.069620253164556,19.51713834113108,1.0,2.0,3.0,10.0,107.0
2015-06-28,MON,NO2,1,158.0,16.151898734177216,5.120431429859839,8.0,13.0,15.0,18.0,40.0
2015-06-28,MON,NOX,1,158.0,27.20253164556962,20.768901143210353,9.0,15.0,19.5,30.0,121.0
2015-06-28,MON,O3,1,158.0,24.70886075949367,20.997210551003285,1.0,5.25,20.0,39.0,84.0
2015-06-28,MON,SO2,1,158.0,1.8924050632911393,2.872193602397952,0.0,0.0,1.0,3.0,16.0
2015-06-28,NEZ,CO,15,155.0,0.5670967741935483,0.3021803188816187,0.1,0.3,0.5,0.8,1.6
2015-06-28,NEZ,NO,1,155.0,9.896774193548387,12.17468855760402,0.0,2.0,5.0,14.0,74.0
2015-06-28,NEZ,NO2,1,155.0,25.07741935483871,10.960102073104512,9.0,16.0,24.0,31.0,54.0
2015-06-28,NEZ,NOX,1,155.0,34.92903225806452,18.706242335224555,10.0,18.0,32.0,47.5,109.0
2015-06-28,NEZ,O3,1,155.0,27.051612903225806,24.36753043682192,0.0,8.0,18.0,42.0,100.0
2015-06-28,NEZ,PM2.5,2,160.0,21.8875,9.317588359129669,3.0,15.0,19.5,27.25,54.0
2015-06-28,NEZ,SO2,1,155.0,5.374193548387097,7.018665639912846,1.0,1.0,2.0,7.0,43.0
2015-06-28,PED,CO,15,125.0,0.5879999999999999,0.3052233449829497,0.2,0.4,0.5,0.7,1.5
2015-06-28,PED,NO,1,0.0,,,,,,,
2015-06-28,PED,NO2,1,0.0,,,,,,,
2015-06-28,PED,NOX,1,0.0,,,,,,,
2015-06-28,PED,O3,1,158.0,32.35443037974684,29.955822238409656,1.0,10.0,21.5,47.75,130.0
2015-06-28,PED,PM10,2,161.0,45.2360248447205,24.502172232260932,11.0,24.0,39.0,65.0,107.0
2015-06-28,PED,PM2.5,2,161.0,25.73913043478261,14.72647349975989,2.0,15.0,23.0,32.0,75.0
2015-06-28,PED,PMCO,2,161.0,19.509316770186334,14.032158606404064,2.0,8.0,15.0,31.0,53.0
2015-06-28,PED,SO2,1,159.0,3.547169811320755,3.870855256961784,1.0,1.0,2.0,4.0,25.0
2015-06-28,SAG,CO,15,159.0,0.8056603773584902,0.37012575403483705,0.3,0.5,0.8,1.0,2.3
2015-06-28,SAG,NO,1,159.0,13.320754716981131,18.129743641047114,0.0,3.0,6.0,15.0,118.0
2015-06-28,SAG,NO2,1,159.0,21.18238993710692,9.28715960305175,6.0,13.0,20.0,26.0,49.0
2015-06-28,SAG,NOX,1,159.0,34.459119496855344,23.12972281936859,6.0,17.0,28.0,47.0,145.0
2015-06-28,SAG,O3,1,159.0,25.647798742138363,22.072130994600027,1.0,8.0,19.0,38.0,99.0
2015-06-28,SAG,PM10,2,157.0,45.5859872611465,19.764330920712354,7.0,30.0,43.0,57.0,110.0
2015-06-28,SAG,PM2.5,2,157.0,25.32484076433121,13.416989115655182,1.0,16.0,24.0,31.0,81.0
2015-06-28,SAG,PMCO,2,157.0,20.29936305732484,10.919557241982577,5.0,12.0,18.0,26.0,52.0
2015-06-28,SAG,SO2,1,159.0,7.132075471698113,10.258132437641464,2.0,3.0,4.0,7.0,69.0
2015-06-28,SFE,CO,15,156.0,0.583333333333333,0.23523038352503134,0.2,0.4,0.5,0.7,1.4
2015-06-28,SFE,NO,1,137.0,12.525547445255475,18.756598953266774,1.0,2.0,4.0,14.0,97.0
2015-06-28,SFE,NO2,1,137.0,20.67883211678832,8.230086757609817,7.0,15.0,19.0,24.0,48.0
2015-06-28,SFE,NOX,1,137.0,33.11678832116788,22.67321096562256,8.0,18.0,25.0,40.0,117.0
2015-06-28,SFE,O3,1,158.0,32.835443037974684,30.033921535425545,0.0,9.0,25.5,50.0,129.0
2015-06-28,SFE,PM10,2,158.0,44.5,23.61143790623519,5.0,26.0,37.0,63.0,121.0
2015-06-28,SFE,PM2.5,2,158.0,24.740506329113924,14.501561690443658,1.0,15.0,22.0,29.0,86.0
2015-06-28,SFE,PMCO,2,158.0,19.79746835443038,13.32100467399024,3.0,8.25,16.0,30.0,51.0
2015-06-28,SFE,SO2,1,158.0,2.9430379746835444,3.2774925767887626,0.0,1.0,2.0,4.0,18.0
2015-06-28,SJA,CO,15,159.0,0.4654088050314466,0.31802145883007793,0.0,0.2,0.4,0.6,1.5
2015-06-28,SJA,NO,1,159.0,14.314465408805031,19.568813462079643,1.0,2.0,6.0,17.0,107.0
2015-06-28,SJA,NO2,1,159.0,27.72327044025157,11.82622699480812,10.0,18.0,28.0,35.0,57.0
2015-06-28,SJA,NOX,1,159.0,41.9559748427673,26.102850591688664,12.0,20.5,35.0,57.0,137.0
2015-06-28,SJA,O3,1,159.0,28.635220125786162,26.44971857035983,2.0,6.5,20.0,44.5,131.0
2015-06-28,SJA,PM2.5,2,160.0,22.36875,10.278892015639734,3.0,15.75,19.0,28.25,60.0
2015-06-28,SJA,SO2,1,159.0,4.823899371069182,6.292988454304695,1.0,1.0,2.0,6.0,46.0
2015-06-28,SUR,PM10,2,65.0,49.58461538461538,24.73919733167154,7.0,29.0,50.0,70.0,96.0
2015-06-28,TAH,CO,15,159.0,0.38930817610062907,0.26685965471100187,0.1,0.2,0.3,0.5,1.6
2015-06-28,TAH,NO,1,159.0,5.981132075471698,10.645300679567253,0.0,1.0,2.0,6.5,79.0
2015-06-28,TAH,NO2,1,159.0,17.0188679245283,9.041725847714607,4.0,10.0,15.0,22.0,48.0
2015-06-28,TAH,NOX,1,159.0,22.949685534591193,15.97854524443117,5.0,11.0,17.0,31.0,100.0
2015-06-28,TAH,O3,1,159.0,33.088050314465406,25.707799054968064,2.0,12.0,26.0,49.5,115.0
2015-06-28,TAH,PM10,2,159.0,38.918238993710695,21.62510512258319,7.0,21.5,34.0,54.0,112.0
2015-06-28,TAH,SO2,1,159.0,4.213836477987422,5.521379367965045,1.0,1.0,2.0,4.0,45.0
2015-06-28,TLA,CO,15,159.0,0.6685534591194969,0.37822676956112217,0.1,0.4,0.6,0.9,2.1
2015-06-28,TLA,NO,1,156.0,24.23076923076923,27.240351036022957,0.0,8.0,12.0,30.0,130.0
2015-06-28,TLA,NO2,1,156.0,30.923076923076923,11.825362825526113,10.0,22.75,29.0,37.0,72.0
2015-06-28,TLA,NOX,1,156.0,55.23717948717949,34.942184908601966,10.0,31.0,45.0,68.25,192.0
2015-06-28,TLA,O3,1,159.0,22.79874213836478,20.907505730625175,1.0,6.0,16.0,36.5,86.0
2015-06-28,TLA,PM10,2,161.0,52.63975155279503,24.689712633764866,10.0,35.0,48.0,68.0,151.0
2015-06-28,TLA,PM2.5,2,161.0,28.683229813664596,13.655320556585467,6.0,20.0,26.0,36.0,90.0
2015-06-28,TLA,PMCO,2,161.0,23.91304347826087,14.258502421514956,3.0,12.0,21.0,33.0,61.0
2015-06-28,TLA,SO2,1,159.0,7.220125786163522,7.126033390520414,1.0,3.0,5.0,9.0,49.0
2015-06-28,TLI,CO,15,159.0,0.5232704402515725,0.3164668416156897,0.1,0.3,0.4,0.7,1.8
2015-06-28,TLI,NO,1,159.0,13.421383647798741,18.238706805075385,1.0,3.0,6.0,16.5,116.0
2015-06-28,TLI,NO2,1,159.0,22.232704402515722,11.253238616006412,7.0,12.0,20.0,29.5,50.0
2015-06-28,TLI,NOX,1,159.0,35.63522012578616,25.535138704416113,10.0,16.0,28.0,50.0,150.0
2015-06-28,TLI,O3,1,159.0,24.22641509433962,20.53614427971422,0.0,8.0,18.0,39.0,81.0
2015-06-28,TLI,PM10,2,159.0,43.22012578616352,21.937669988880767,1.0,29.0,38.0,55.0,113.0
2015-06-28,TLI,SO2,1,159.0,7.408805031446541,10.250788074970098,1.0,2.0,4.0,9.0,69.0
2015-06-28,TPN,O3,1,154.0,31.883116883116884,28.865237489402062,2.0,8.0,21.5,47.5,130.0
2015-06-28,UAX,CO,15,158.0,0.6145569620253163,0.293849033853175,0.2,0.4,0.55,0.8,1.5
2015-06-28,UAX,NO,1,159.0,10.440251572327044,14.481586385479613,1.0,2.0,3.0,13.0,65.0
2015-06-28,UAX,NO2,1,159.0,21.70440251572327,10.165437508326427,5.0,13.0,21.0,27.0,51.0
2015-06-28,UAX,NOX,1,159.0,32.15723270440252,20.594498033592192,6.0,15.0,28.0,45.0,85.0
2015-06-28,UAX,O3,1,159.0,30.79874213836478,28.507556154490707,0.0,8.0,20.0,48.5,130.0
2015-06-28,UAX,PM2.5,2,159.0,23.056603773584907,10.019755980643001,7.0,16.0,21.0,29.0,56.0
2015-06-28,UAX,SO2,1,159.0,3.8364779874213837,5.392064274206176,0.0,1.0,2.0,5.0,35.0
2015-06-28,UIZ,CO,15,159.0,0.7547169811320756,0.3476317914566145,0.3,0.4,0.7,1.0,1.7
2015-06-28,UIZ,NO,1,159.0,13.61006289308176,16.87290988450726,1.0,3.0,6.0,17.5,79.0
2015-06-28,UIZ,NO2,1,159.0,28.031446540880502,11.370860706680547,8.0,20.0,28.0,35.0,57.0
2015-06-28,UIZ,NOX,1,159.0,41.63522012578616,22.985802272753585,9.0,23.0,36.0,57.0,107.0
2015-06-28,UIZ,O3,1,159.0,28.27672955974843,26.07678825007131,2.0,6.0,19.0,44.0,105.0
2015-06-28,UIZ,PM10,2,158.0,48.25949367088607,24.1579674925804,10.0,29.0,42.0,60.0,124.0
2015-06-28,UIZ,PM2.5,2,158.0,26.68354430379747,16.253598761757832,1.0,16.0,22.5,31.75,95.0
2015-06-28,UIZ,PMCO,2,158.0,21.5126582278481,14.496534767914453,4.0,10.25,16.0,29.0,84.0
2015-06-28,UIZ,SO2,1,159.0,5.735849056603773,6.88187201330072,1.0,2.0,3.0,7.0,50.0
2015-06-28,VIF,CO,15,158.0,0.43101265822784807,0.23045286314503086,0.1,0.3,0.4,0.5,1.3
2015-06-28,VIF,NO,1,158.0,7.829113924050633,12.96894528807289,0.0,1.0,2.5,8.0,87.0
2015-06-28,VIF,NO2,1,158.0,17.60759493670886,10.46123291867778,5.0,9.0,15.0,24.0,48.0
2015-06-28,VIF,NOX,1,158.0,25.449367088607595,20.258692391940464,5.0,11.0,19.0,33.5,115.0
2015-06-28,VIF,O3,1,158.0,28.170886075949365,20.38739245672165,2.0,10.25,25.5,42.0,79.0
2015-06-28,VIF,PM10,2,155.0,44.29677419354839,24.73080370437372,1.0,26.0,41.0,59.0,131.0
2015-06-28,VIF,SO2,1,158.0,5.525316455696203,10.25701522686723,0.0,0.0,2.0,6.0,68.0
2015-06-28,XAL,CO,15,159.0,0.9798742138364781,0.4855871917447593,0.4,0.6,0.9,1.3,2.5
2015-06-28,XAL,NO,1,159.0,30.062893081761008,30.411874249617906,3.0,10.5,18.0,39.5,146.0
2015-06-28,XAL,NO2,1,159.0,30.534591194968552,11.828296834401257,13.0,21.0,29.0,36.5,72.0
2015-06-28,XAL,NOX,1,159.0,60.59119496855346,36.768212371124,18.0,33.5,49.0,79.0,178.0
2015-06-28,XAL,O3,1,159.0,20.056603773584907,16.25401422006458,2.0,5.0,16.0,32.0,76.0
2015-06-28,XAL,PM10,2,161.0,63.40372670807454,25.41391815570446,18.0,42.0,60.0,81.0,146.0
2015-06-28,XAL,PM2.5,2,161.0,27.080745341614907,13.379543693302615,6.0,19.0,25.0,33.0,93.0
2015-06-28,XAL,PMCO,2,161.0,36.27950310559006,16.578680277740833,8.0,24.0,34.0,49.0,85.0
2015-06-28,XAL,SO2,1,159.0,5.8742138364779874,7.110112372809908,1.0,2.0,3.0,8.0,52.0
2015-07-05,ACO,CO,15,109.0,0.2853211009174311,0.18197765841371763,0.0,0.2,0.2,0.4,0.9
2015-07-05,ACO,NO,1,109.0,7.155963302752293,9.96398543638129,0.0,1.0,3.0,7.0,50.0
2015-07-05,ACO,NO2,1,109.0,16.834862385321102,7.95882198786922,4.0,11.0,16.0,21.0,41.0
2015-07-05,ACO,NOX,1,109.0,24.027522935779817,14.167293264310196,5.0,14.0,20.0,32.0,74.0
2015-07-05,ACO,O3,1,108.0,27.296296296296298,20.643959655708695,1.0,10.75,22.0,41.25,80.0
2015-07-05,ACO,PM10,2,108.0,23.314814814814813,10.890833106781985,3.0,15.0,22.0,29.0,65.0
2015-07-05,ACO,SO2,1,109.0,2.3944954128440368,0.9331185132130784,1.0,2.0,2.0,3.0,5.0
2015-07-05,AJM,CO,15,159.0,0.7660377358490567,0.26974676091232197,0.3,0.6,0.7,1.0,1.7
2015-07-05,AJM,NO,1,159.0,7.823899371069182,8.793362421358173,0.0,2.0,4.0,11.0,38.0
2015-07-05,AJM,NO2,1,159.0,25.50314465408805,12.747734578504765,4.0,15.0,25.0,33.5,76.0
2015-07-05,AJM,NOX,1,159.0,33.283018867924525,18.559562711549685,4.0,18.5,30.0,46.0,97.0
2015-07-05,AJM,O3,1,159.0,33.0314465408805,22.32028690200793,3.0,15.0,28.0,45.5,114.0
2015-07-05,AJM,PM10,2,160.0,30.21875,16.13257647075958,3.0,16.75,29.0,43.0,79.0
2015-07-05,AJM,PM2.5,2,160.0,23.3875,13.029713261348313,1.0,12.75,22.5,33.0,62.0
2015-07-05,AJM,PMCO,2,160.0,6.84375,3.6730308548087858,1.0,4.0,6.0,9.25,18.0
2015-07-05,AJM,SO2,1,159.0,0.8553459119496856,0.8100357703261406,0.0,0.0,1.0,1.0,5.0
2015-07-05,AJU,O3,1,156.0,35.10897435897436,14.672147727625765,5.0,26.0,33.0,43.0,95.0
2015-07-05,ATI,CO,15,157.0,0.7598726114649679,0.34841396550718834,0.3,0.5,0.7,0.9,2.1
2015-07-05,ATI,NO,1,157.0,13.624203821656051,20.0998832796518,1.0,3.0,6.0,14.0,112.0
2015-07-05,ATI,NO2,1,157.0,25.980891719745223,11.394145672668708,7.0,17.0,23.0,31.0,67.0
2015-07-05,ATI,NOX,1,157.0,39.64331210191083,24.36869911694033,8.0,24.0,32.0,51.0,138.0
2015-07-05,ATI,O3,1,157.0,27.05732484076433,22.363042439628437,2.0,7.0,23.0,38.0,98.0
2015-07-05,ATI,PM10,2,156.0,22.48076923076923,14.496927885388132,1.0,13.0,20.0,31.0,70.0
2015-07-05,ATI,SO2,1,157.0,1.9490445859872612,1.4357887957314832,1.0,1.0,2.0,2.0,10.0
2015-07-05,CAM,CO,15,159.0,1.210062893081761,0.45062473772227957,0.4,0.8500000000000001,1.2,1.5,3.0
2015-07-05,CAM,NO,1,159.0,33.9874213836478,36.208605771504764,2.0,9.0,21.0,49.0,194.0
2015-07-05,CAM,NO2,1,159.0,43.742138364779876,12.460171401221679,17.0,36.0,43.0,50.0,84.0
2015-07-05,CAM,NOX,1,159.0,77.72327044025157,39.36552368582578,20.0,49.0,72.0,96.5,237.0
2015-07-05,CAM,O3,1,159.0,19.18867924528302,24.01638939634706,1.0,2.0,8.0,25.5,98.0
2015-07-05,CAM,PM10,2,158.0,42.050632911392405,19.408710851617958,6.0,28.5,38.5,51.0,102.0
2015-07-05,CAM,PM2.5,2,158.0,32.01898734177215,14.72268993655683,1.0,22.25,29.0,40.0,85.0
2015-07-05,CAM,PMCO,2,158.0,10.063291139240507,6.556645429676236,1.0,5.25,9.0,13.0,48.0
2015-07-05,CAM,SO2,1,159.0,3.6037735849056602,2.255847164464918,1.0,2.0,3.0,4.0,14.0
2015-07-05,CCA,CO,15,158.0,0.9094936708860757,0.3409966611121337,0.4,0.6,0.8,1.175,2.0
2015-07-05,CCA,NO,1,158.0,15.487341772151899,17.669556150194268,1.0,3.0,6.0,23.0,71.0
2015-07-05,CCA,NO2,1,158.0,31.20886075949367,12.532786961100703,11.0,21.25,30.0,39.0,79.0
2015-07-05,CCA,NOX,1,158.0,46.71518987341772,23.939438390932928,12.0,29.0,40.0,63.5,109.0
2015-07-05,CCA,O3,1,158.0,23.582278481012658,23.34352027275453,2.0,5.0,15.0,35.75,99.0
2015-07-05,CCA,PM2.5,2,160.0,16.975,8.835285176548824,1.0,10.75,16.0,21.0,50.0
2015-07-05,CCA,SO2,1,158.0,2.1582278481012658,0.8179682137528267,1.0,2.0,2.0,2.75,5.0
2015-07-05,CHO,CO,15,157.0,0.6541401273885349,0.3602866461831917,0.2,0.4,0.6,0.8,2.5
2015-07-05,CHO,NO,1,0.0,,,,,,,
2015-07-05,CHO,NO2,1,0.0,,,,,,,
2015-07-05,CHO,NOX,1,0.0,,,,,,,
2015-07-05,CHO,O3,1,157.0,25.044585987261147,16.446238736486062,2.0,12.0,26.0,35.0,90.0
2015-07-05,CHO,PM10,2,159.0,25.59119496855346,17.67255393221543,1.0,13.0,25.0,34.5,81.0
2015-07-05,CHO,SO2,1,157.0,1.7643312101910829,0.9944727206719669,0.0,1.0,2.0,2.0,5.0
2015-07-05,COY,NO,1,159.0,18.30817610062893,21.714181822531494,0.0,4.0,9.0,26.0,125.0
2015-07-05,COY,NO2,1,159.0,35.9685534591195,13.202618355408891,11.0,26.5,35.0,44.5,85.0
2015-07-05,COY,NOX,1,159.0,54.333333333333336,27.938147475954537,13.0,33.0,49.0,70.0,151.0
2015-07-05,COY,O3,1,159.0,23.88679245283019,23.682226720292473,2.0,6.0,15.0,32.0,104.0
2015-07-05,COY,PM2.5,2,161.0,33.41614906832298,18.831343222872867,1.0,21.0,30.0,44.0,100.0
2015-07-05,CUA,CO,15,159.0,0.8276729559748427,0.26455406704598977,0.3,0.6,0.8,1.0,1.5
2015-07-05,CUA,NO,1,159.0,16.21383647798742,17.809954825447583,1.0,4.5,9.0,21.5,93.0
2015-07-05,CUA,NO2,1,159.0,30.842767295597483,10.951292965219354,7.0,23.5,31.0,37.0,61.0
2015-07-05,CUA,NOX,1,159.0,47.094339622641506,23.29904448870078,10.0,31.0,43.0,61.5,127.0
2015-07-05,CUA,O3,1,159.0,25.169811320754718,22.5966860870366,2.0,7.0,21.0,36.0,128.0
2015-07-05,CUA,PM10,2,156.0,27.19871794871795,16.78610019141024,1.0,15.0,26.5,38.0,94.0
2015-07-05,CUA,SO2,1,159.0,1.5660377358490567,0.7422877899601718,0.0,1.0,1.0,2.0,4.0
2015-07-05,CUT,NO,1,155.0,12.96774193548387,18.365488298775258,0.0,2.0,5.0,17.5,109.0
2015-07-05,CUT,NO2,1,155.0,21.27741935483871,7.617082207051042,4.0,17.0,22.0,26.0,42.0
2015-07-05,CUT,NOX,1,155.0,34.23225806451613,21.828677478318532,5.0,20.0,28.0,41.5,139.0
2015-07-05,CUT,O3,1,155.0,22.43225806451613,20.305145965007064,2.0,4.0,17.0,37.0,78.0
2015-07-05,CUT,PM10,2,161.0,31.53416149068323,17.90810956518744,2.0,19.0,27.0,43.0,85.0
2015-07-05,CUT,SO2,1,155.0,2.638709677419355,3.845867863429226,1.0,1.0,1.0,2.0,28.0
2015-07-05,FAC,CO,15,158.0,0.9556962025316456,0.4146203344855711,0.3,0.6,0.9,1.2,2.2
2015-07-05,FAC,NO,1,0.0,,,,,,,
2015-07-05,FAC,NO2,1,0.0,,,,,,,
2015-07-05,FAC,NOX,1,0.0,,,,,,,
2015-07-05,FAC,O3,1,158.0,24.860759493670887,21.831861352622507,4.0,7.0,19.0,36.75,96.0
2015-07-05,FAC,PM10,2,158.0,27.21518987341772,18.31060455407448,1.0,14.0,24.0,37.0,79.0
2015-07-05,FAC,SO2,1,158.0,3.0126582278481013,1.3822687054865792,1.0,2.0,3.0,3.0,13.0
2015-07-05,HGM,CO,15,157.0,1.0242038216560507,0.33729718956413723,0.4,0.8,1.0,1.2,2.2
2015-07-05,HGM,NO,1,158.0,21.259493670886076,23.272186285758973,1.0,5.0,10.0,27.75,100.0
2015-07-05,HGM,NO2,1,158.0,42.65822784810127,13.600661351425604,13.0,33.0,41.5,51.0,86.0
2015-07-05,HGM,NOX,1,158.0,63.95569620253165,30.253776926228962,15.0,39.5,56.5,81.75,154.0
2015-07-05,HGM,O3,1,158.0,21.145569620253166,22.92297430412012,2.0,4.0,11.5,28.5,93.0
2015-07-05,HGM,PM10,2,156.0,41.33974358974359,19.262364037701246,12.0,26.75,38.0,54.0,107.0
2015-07-05,HGM,PM2.5,2,156.0,27.993589743589745,13.349155727742003,7.0,18.0,25.0,35.0,71.0
2015-07-05,HGM,PMCO,2,156.0,13.33974358974359,7.116991748395724,2.0,8.0,12.0,17.0,38.0
2015-07-05,HGM,SO2,1,157.0,2.961783439490446,2.105808055874403,1.0,2.0,2.0,4.0,15.0
2015-07-05,IZT,CO,15,155.0,1.2032258064516128,0.5085527408625318,0.4,0.8,1.1,1.5,2.6
2015-07-05,IZT,NO,1,153.0,27.202614379084967,30.316826897286848,2.0,6.0,13.0,41.0,132.0
2015-07-05,IZT,NO2,1,153.0,40.68627450980392,13.636479031315854,15.0,31.0,40.0,50.0,84.0
2015-07-05,IZT,NOX,1,153.0,67.9673202614379,37.19479630777699,17.0,40.0,57.0,88.0,185.0
2015-07-05,IZT,O3,1,155.0,22.53548387096774,24.020899293089844,3.0,4.0,12.0,28.5,99.0
2015-07-05,IZT,PM10,2,157.0,26.35031847133758,12.855641404596152,1.0,17.0,25.0,33.0,67.0
2015-07-05,IZT,SO2,1,155.0,2.7225806451612904,1.676946373973061,1.0,2.0,2.0,3.0,10.0
2015-07-05,LLA,CO,15,0.0,,,,,,,
2015-07-05,LLA,NO,1,137.0,14.598540145985401,20.152528615979225,1.0,2.0,7.0,17.0,101.0
2015-07-05,LLA,NO2,1,137.0,24.817518248175183,10.094566810405395,6.0,18.0,25.0,31.0,58.0
2015-07-05,LLA,NOX,1,137.0,39.52554744525548,25.08956904536074,7.0,21.0,34.0,51.0,130.0
2015-07-05,LLA,O3,1,158.0,22.145569620253166,23.3013561151969,0.0,5.0,13.5,31.0,89.0
2015-07-05,LLA,SO2,1,158.0,3.462025316455696,3.139305119974431,1.0,2.0,2.0,4.0,28.0
2015-07-05,LPR,CO,15,159.0,0.761635220125786,0.4121261239509464,0.1,0.5,0.7,1.0,2.2
2015-07-05,LPR,NO,1,0.0,,,,,,,
2015-07-05,LPR,NO2,1,0.0,,,,,,,
2015-07-05,LPR,NOX,1,0.0,,,,,,,
2015-07-05,LPR,O3,1,159.0,19.18238993710692,20.19708443237553,1.0,3.0,12.0,28.0,79.0
2015-07-05,LPR,SO2,1,159.0,2.088050314465409,1.1549762877654812,0.0,1.0,2.0,2.0,8.0
2015-07-05,MER,CO,15,158.0,1.2240506329113918,0.5034189325241958,0.4,0.8,1.1,1.5750000000000002,2.8
2015-07-05,MER,NO,1,158.0,31.0126582278481,28.179132935848223,2.0,10.0,20.0,45.0,137.0
2015-07-05,MER,NO2,1,158.0,41.20253164556962,13.425310962568698,13.0,33.0,40.0,49.0,80.0
2015-07-05,MER,NOX,1,158.0,72.22151898734177,35.30659587566694,14.0,46.25,65.0,93.75,189.0
2015-07-05,MER,O3,1,158.0,20.00632911392405,23.242147317243976,2.0,3.0,11.0,24.75,96.0
2015-07-05,MER,PM10,2,160.0,41.6375,21.245343551976497,7.0,27.0,38.0,54.0,112.0
2015-07-05,MER,PM2.5,2,160.0,27.8875,15.287182735051047,1.0,17.75,25.0,36.0,79.0
2015-07-05,MER,PMCO,2,160.0,13.725,6.929065570878559,2.0,9.0,13.0,17.0,34.0
2015-07-05,MER,SO2,1,158.0,3.278481012658228,2.4569501515919847,1.0,2.0,3.0,4.0,16.0
2015-07-05,MGH,CO,15,158.0,1.0297468354430375,0.3262427476648859,0.5,0.8,1.0,1.2,2.0
2015-07-05,MGH,NO,1,156.0,25.884615384615383,27.732817764183995,1.0,6.0,14.0,37.0,125.0
2015-07-05,MGH,NO2,1,156.0,36.05769230769231,11.147828016206036,16.0,29.0,35.5,43.0,80.0
2015-07-05,MGH,NOX,1,156.0,61.94230769230769,32.09145004908787,17.0,38.0,55.5,79.0,165.0
2015-07-05,MGH,O3,1,158.0,20.943037974683545,24.589688603485474,0.0,2.0,11.0,28.0,113.0
2015-07-05,MGH,PM10,2,159.0,36.0440251572327,16.564544227587938,9.0,24.0,33.0,44.5,90.0
2015-07-05,MGH,PM2.5,2,159.0,27.742138364779873,13.135715077160016,4.0,18.0,25.0,34.0,71.0
2015-07-05,MGH,PMCO,2,159.0,8.339622641509434,4.650888289565312,1.0,5.0,8.0,11.0,25.0
2015-07-05,MGH,SO2,1,158.0,1.1772151898734178,0.987301458501344,0.0,0.25,1.0,2.0,4.0
2015-07-05,MON,CO,15,159.0,0.35534591194968534,0.2499741249247934,0.1,0.2,0.3,0.4,1.1
2015-07-05,MON,NO,1,159.0,6.49685534591195,11.693270927557949,0.0,1.0,2.0,5.0,89.0
2015-07-05,MON,NO2,1,159.0,16.77987421383648,8.287284601124004,4.0,10.0,15.0,21.0,46.0
2015-07-05,MON,NOX,1,159.0,23.238993710691823,15.856340471817195,5.0,12.5,18.0,30.0,105.0
2015-07-05,MON,O3,1,159.0,24.89937106918239,16.533891150118528,1.0,10.0,25.0,36.0,66.0
2015-07-05,MON,SO2,1,159.0,0.7672955974842768,1.0505873496086409,0.0,0.0,0.0,1.0,6.0
2015-07-05,NEZ,CO,15,159.0,0.8509433962264156,0.5273372236137382,0.1,0.4,0.8,1.1,2.7
2015-07-05,NEZ,NO,1,159.0,16.91194968553459,21.191825402644913,1.0,3.0,9.0,20.5,94.0
2015-07-05,NEZ,NO2,1,159.0,33.0,14.346084015586918,10.0,20.5,34.0,42.0,80.0
2015-07-05,NEZ,NOX,1,159.0,49.83018867924528,30.785539829965664,11.0,24.0,47.0,65.0,141.0
2015-07-05,NEZ,O3,1,159.0,22.51572327044025,22.6854817080881,0.0,4.0,15.0,35.5,83.0
2015-07-05,NEZ,PM2.5,2,161.0,16.099378881987576,9.685817575806453,1.0,9.0,15.0,22.0,62.0
2015-07-05,NEZ,SO2,1,159.0,1.880503144654088,1.1438596658317093,0.0,1.0,2.0,2.0,9.0
2015-07-05,PED,CO,15,154.0,0.8214285714285716,0.3235756693864062,0.2,0.6,0.8,1.0750000000000002,1.7
2015-07-05,PED,NO,1,43.0,9.651162790697674,14.942562604424777,0.0,1.0,3.0,8.5,63.0
2015-07-05,PED,NO2,1,43.0,22.441860465116278,8.341811855207805,12.0,16.0,19.0,26.0,45.0
2015-07-05,PED,NOX,1,43.0,31.953488372093023,20.03087318113394,12.0,18.5,26.0,37.0,105.0
2015-07-05,PED,O3,1,154.0,22.428571428571427,23.54521644737394,1.0,4.0,14.0,32.75,109.0
2015-07-05,PED,PM10,2,158.0,35.90506329113924,17.81818579150042,10.0,22.25,33.0,46.75,84.0
2015-07-05,PED,PM2.5,2,158.0,24.21518987341772,12.434973164708907,5.0,15.0,21.5,31.75,63.0
2015-07-05,PED,PMCO,2,158.0,11.708860759493671,6.242757635667593,3.0,7.0,10.0,16.0,28.0
2015-07-05,PED,SO2,1,154.0,1.974025974025974,0.8240506674889075,1.0,1.0,2.0,2.0,6.0
2015-07-05,SAG,CO,15,159.0,0.9716981132075477,0.39891182291926597,0.3,0.7,0.9,1.2,2.6
2015-07-05,SAG,NO,1,159.0,14.371069182389936,19.314372381601828,0.0,3.5,8.0,17.0,129.0
2015-07-05,SAG,NO2,1,159.0,26.82389937106918,10.991098003911251,8.0,19.5,26.0,34.0,60.0
2015-07-05,SAG,NOX,1,159.0,41.15723270440252,24.45365924604037,9.0,24.5,36.0,53.5,163.0
2015-07-05,SAG,O3,1,159.0,23.48427672955975,22.40249063513058,1.0,7.0,15.0,32.0,93.0
2015-07-05,SAG,PM10,2,158.0,36.86708860759494,18.247800471373374,7.0,23.25,32.0,48.75,103.0
2015-07-05,SAG,PM2.5,2,158.0,24.417721518987342,13.304955826778516,2.0,15.0,22.0,32.0,77.0
2015-07-05,SAG,PMCO,2,158.0,12.39873417721519,6.988561968494441,1.0,8.0,11.0,15.75,35.0
2015-07-05,SAG,SO2,1,159.0,4.672955974842767,2.9284653935706078,2.0,3.0,4.0,5.0,25.0
2015-07-05,SFE,CO,15,135.0,0.7740740740740744,0.2756168016245665,0.3,0.6,0.7,1.0,1.6
2015-07-05,SFE,NO,1,0.0,,,,,,,
2015-07-05,SFE,NO2,1,0.0,,,,,,,
2015-07-05,SFE,NOX,1,0.0,,,,,,,
2015-07-05,SFE,O3,1,156.0,21.858974358974358,23.782196843084307,0.0,4.0,14.0,32.25,122.0
2015-07-05,SFE,PM10,2,157.0,35.382165605095544,20.206794691151483,2.0,20.0,34.0,48.0,97.0
2015-07-05,SFE,PM2.5,2,157.0,23.75796178343949,14.472963863650389,1.0,13.0,22.0,32.0,74.0
2015-07-05,SFE,PMCO,2,157.0,11.617834394904458,6.865498125472082,1.0,6.0,11.0,16.0,31.0
2015-07-05,SFE,SO2,1,156.0,0.8846153846153846,0.6811900257025385,0.0,0.0,1.0,1.0,3.0
2015-07-05,SJA,CO,15,157.0,0.7350318471337577,0.396275325493076,0.1,0.4,0.6,1.0,1.9
2015-07-05,SJA,NO,1,157.0,24.35031847133758,27.371580395721846,1.0,5.0,15.0,33.0,138.0
2015-07-05,SJA,NO2,1,157.0,37.12738853503185,13.509600629262712,8.0,28.0,37.0,45.0,78.0
2015-07-05,SJA,NOX,1,157.0,61.496815286624205,33.85122506661367,9.0,36.0,59.0,84.0,178.0
2015-07-05,SJA,O3,1,157.0,21.452229299363058,25.439834970606636,1.0,3.0,10.0,33.0,107.0
2015-07-05,SJA,PM2.5,2,158.0,18.075949367088608,10.971035580309923,1.0,10.25,17.0,23.0,56.0
2015-07-05,SJA,SO2,1,157.0,2.267515923566879,1.5080219919717532,0.0,1.0,2.0,3.0,9.0
2015-07-05,TAH,CO,15,151.0,0.43046357615894065,0.29843891110989385,0.0,0.2,0.4,0.6,1.6
2015-07-05,TAH,NO,1,151.0,4.953642384105961,8.079882629794703,0.0,1.0,1.0,6.0,62.0
2015-07-05,TAH,NO2,1,151.0,17.582781456953644,11.221620569771575,2.0,8.0,17.0,25.0,47.0
2015-07-05,TAH,NOX,1,151.0,22.549668874172184,16.112805980222422,2.0,8.5,19.0,32.0,86.0
2015-07-05,TAH,O3,1,151.0,27.00662251655629,19.200866886243002,2.0,13.5,23.0,38.0,93.0
2015-07-05,TAH,PM10,2,147.0,19.73469387755102,13.838266643876212,1.0,10.0,17.0,28.0,68.0
2015-07-05,TAH,SO2,1,151.0,1.966887417218543,0.8198960791307351,1.0,1.0,2.0,2.0,5.0
2015-07-05,TLA,CO,15,158.0,0.9696202531645561,0.45605744145410904,0.2,0.6,0.9,1.2,2.8
2015-07-05,TLA,NO,1,158.0,30.79113924050633,33.81309696082865,1.0,8.0,17.5,40.75,213.0
2015-07-05,TLA,NO2,1,158.0,40.86708860759494,13.344100741182405,15.0,31.0,38.0,49.0,87.0
2015-07-05,TLA,NOX,1,158.0,71.65189873417721,38.36082914813436,21.0,43.0,64.0,87.0,249.0
2015-07-05,TLA,O3,1,158.0,21.765822784810126,21.813385629718628,1.0,5.0,13.5,29.75,87.0
2015-07-05,TLA,PM10,2,157.0,47.031847133757964,21.98613210411416,12.0,31.0,42.0,58.0,128.0
2015-07-05,TLA,PM2.5,2,157.0,30.898089171974522,13.528310634851012,7.0,22.0,28.0,40.0,83.0
2015-07-05,TLA,PMCO,2,157.0,16.146496815286625,10.913303623667838,2.0,8.0,13.0,21.0,56.0
2015-07-05,TLA,SO2,1,158.0,4.189873417721519,2.899927296989344,1.0,2.0,3.0,5.0,17.0
2015-07-05,TLI,CO,15,159.0,0.7352201257861637,0.3190449285411571,0.2,0.5,0.7,0.9,2.1
2015-07-05,TLI,NO,1,159.0,15.955974842767295,19.6711399192035,2.0,4.0,7.0,22.5,113.0
2015-07-05,TLI,NO2,1,159.0,30.89308176100629,11.496609954357849,8.0,24.5,30.0,38.0,73.0
2015-07-05,TLI,NOX,1,159.0,46.83647798742138,25.22427859334915,10.0,29.0,41.0,61.0,147.0
2015-07-05,TLI,O3,1,158.0,23.544303797468356,22.508482459580303,0.0,5.0,18.0,36.5,98.0
2015-07-05,TLI,PM10,2,160.0,34.26875,19.25620764893409,1.0,20.75,31.0,46.0,95.0
2015-07-05,TLI,SO2,1,159.0,4.0251572327044025,3.7127043020708084,1.0,2.0,3.0,5.0,28.0
2015-07-05,TPN,O3,1,159.0,22.861635220125788,20.340916545640873,2.0,6.0,16.0,37.0,100.0
2015-07-05,UAX,CO,15,159.0,0.7402515723270437,0.33792357327374245,0.2,0.5,0.7,0.9,2.2
2015-07-05,UAX,NO,1,157.0,11.757961783439491,17.037816638849094,0.0,2.0,5.0,16.0,136.0
2015-07-05,UAX,NO2,1,157.0,26.445859872611464,13.53362143077456,5.0,15.0,25.0,35.0,75.0
2015-07-05,UAX,NOX,1,157.0,38.210191082802545,24.72101562284187,6.0,18.0,35.0,51.0,164.0
2015-07-05,UAX,O3,1,159.0,24.71698113207547,24.133104548162745,0.0,7.0,15.0,41.0,95.0
2015-07-05,UAX,PM2.5,2,136.0,15.360294117647058,9.65990015600395,1.0,8.0,14.0,20.25,44.0
2015-07-05,UAX,SO2,1,157.0,1.019108280254777,1.3935351539805936,0.0,0.0,1.0,1.0,11.0
2015-07-05,UIZ,CO,15,157.0,0.9687898089171978,0.5022836954000268,0.2,0.6,0.9,1.3,3.1
2015-07-05,UIZ,NO,1,157.0,20.318471337579616,24.227034649428766,0.0,3.0,10.0,28.0,120.0
2015-07-05,UIZ,NO2,1,157.0,33.54140127388535,15.328242094778908,5.0,24.0,34.0,42.0,78.0
2015-07-05,UIZ,NOX,1,157.0,53.86624203821656,35.01924297776745,6.0,29.0,47.0,74.0,188.0
2015-07-05,UIZ,O3,1,157.0,23.687898089171973,23.912729552608884,2.0,5.0,14.0,33.0,98.0
2015-07-05,UIZ,PM10,2,158.0,35.221518987341774,17.28023922698049,4.0,22.25,32.0,46.0,97.0
2015-07-05,UIZ,PM2.5,2,158.0,24.126582278481013,12.953485711052283,1.0,15.0,22.0,30.0,77.0
2015-07-05,UIZ,PMCO,2,158.0,11.08860759493671,5.5078169659482885,2.0,7.0,10.5,15.0,27.0
2015-07-05,UIZ,SO2,1,157.0,2.522292993630573,1.4788508500458626,1.0,2.0,2.0,3.0,10.0
2015-07-05,VIF,CO,15,159.0,0.6069182389937107,0.2744659940328191,0.2,0.4,0.6,0.7,1.9
2015-07-05,VIF,NO,1,159.0,10.08805031446541,15.55040137371148,0.0,2.0,4.0,12.0,99.0
2015-07-05,VIF,NO2,1,159.0,24.9748427672956,9.966367293657372,5.0,18.0,26.0,31.0,48.0
2015-07-05,VIF,NOX,1,159.0,35.081761006289305,20.855430204892162,6.0,21.5,31.0,45.0,132.0
2015-07-05,VIF,O3,1,159.0,28.459119496855347,24.666058814647617,1.0,8.0,20.0,41.5,101.0
2015-07-05,VIF,PM10,2,160.0,34.15,18.11986643848205,1.0,21.0,32.0,44.25,86.0
2015-07-05,VIF,SO2,1,159.0,3.0,5.183957727597611,0.0,1.0,1.0,4.0,47.0
2015-07-05,XAL,CO,15,159.0,1.2685534591194967,0.5265289207655316,0.5,0.9,1.1,1.6,3.1
2015-07-05,XAL,NO,1,158.0,39.620253164556964,37.27067589223682,2.0,14.0,26.0,54.5,182.0
2015-07-05,XAL,NO2,1,158.0,39.03164556962025,12.070082446631561,15.0,31.0,38.0,46.0,77.0
2015-07-05,XAL,NOX,1,158.0,78.70253164556962,42.742527859468765,18.0,47.25,70.0,104.5,221.0
2015-07-05,XAL,O3,1,159.0,18.553459119496857,18.984219895675697,2.0,3.5,11.0,24.5,83.0
2015-07-05,XAL,PM10,2,135.0,57.67407407407408,24.096147468636833,17.0,41.0,54.0,66.5,135.0
2015-07-05,XAL,PM2.5,2,135.0,30.992592592592594,13.725179114888284,10.0,21.0,28.0,37.0,79.0
2015-07-05,XAL,PMCO,2,135.0,26.711111111111112,13.50172275722381,4.0,18.0,25.0,34.0,93.0
2015-07-05,XAL,SO2,1,159.0,3.4276729559748427,1.7590961412433965,1.0,2.0,3.0,4.0,10.0
2015-07-12,ACO,CO,15,89.0,0.14606741573033685,0.12618184909025768,0.0,0.1,0.1,0.2,0.6
2015-07-12,ACO,NO,1,89.0,3.6853932584269664,6.050160601959211,0.0,1.0,1.0,3.0,33.0
2015-07-12,ACO,NO2,1,89.0,8.47191011235955,4.387714997686074,2.0,5.0,7.0,11.0,19.0
2015-07-12,ACO,NOX,1,89.0,12.280898876404494,9.447208298613146,3.0,6.0,9.0,14.0,52.0
2015-07-12,ACO,O3,1,89.0,28.528089887640448,16.23274600617281,3.0,16.0,26.0,40.0,66.0
2015-07-12,ACO,PM10,2,91.0,28.318681318681318,12.268187515212869,9.0,19.0,28.0,38.0,64.0
2015-07-12,ACO,SO2,1,89.0,1.3595505617977528,0.607663016123619,1.0,1.0,1.0,2.0,4.0
2015-07-12,AJM,CO,15,159.0,0.5515723270440251,0.16720159359362222,0.3,0.4,0.5,0.7,1.2
2015-07-12,AJM,NO,1,159.0,3.8867924528301887,4.918295902366368,0.0,1.0,2.0,5.0,27.0
2015-07-12,AJM,NO2,1,159.0,15.40880503144654,7.6317241249913215,3.0,10.0,14.0,20.5,37.0
2015-07-12,AJM,NOX,1,159.0,19.37735849056604,10.768378017610864,4.0,11.5,18.0,25.0,57.0
2015-07-12,AJM,O3,1,159.0,44.308176100628934,26.159672724101174,8.0,25.0,39.0,56.0,138.0
2015-07-12,AJM,PM10,2,161.0,30.84472049689441,13.116096506874278,8.0,21.0,29.0,40.0,66.0
2015-07-12,AJM,PM2.5,2,161.0,18.490683229813666,9.126279370876142,3.0,12.0,17.0,23.0,50.0
2015-07-12,AJM,PMCO,2,161.0,12.378881987577639,6.760125830355233,1.0,7.0,11.0,17.0,31.0
2015-07-12,AJM,SO2,1,159.0,1.5911949685534592,1.3464150077665806,0.0,1.0,1.0,2.0,7.0
2015-07-12,AJU,O3,1,111.0,32.648648648648646,20.287321902494423,3.0,15.5,30.0,49.0,83.0
2015-07-12,ATI,CO,15,159.0,0.4320754716981131,0.28336154717934375,0.1,0.3,0.4,0.5,1.8
2015-07-12,ATI,NO,1,159.0,8.855345911949685,13.703384261841618,1.0,3.0,4.0,7.0,89.0
2015-07-12,ATI,NO2,1,159.0,17.9811320754717,8.545093860809285,6.0,12.0,17.0,21.0,60.0
2015-07-12,ATI,NOX,1,159.0,26.937106918238992,19.102881197822388,7.0,16.0,21.0,29.0,121.0
2015-07-12,ATI,O3,1,159.0,30.22012578616352,23.060088760778086,3.0,12.5,23.0,40.5,97.0
2015-07-12,ATI,PM10,2,160.0,30.5875,17.47824793688991,1.0,18.0,30.0,40.0,79.0
2015-07-12,ATI,SO2,1,159.0,4.408805031446541,6.8521583373027966,1.0,1.0,2.0,5.0,52.0
2015-07-12,CAM,CO,15,159.0,0.8194968553459122,0.49573854728932476,0.3,0.5,0.7,0.9,2.9
2015-07-12,CAM,NO,1,159.0,22.42138364779874,30.69745869327462,3.0,6.0,10.0,23.0,180.0
2015-07-12,CAM,NO2,1,159.0,31.459119496855347,13.391732825910427,10.0,23.0,31.0,36.5,87.0
2015-07-12,CAM,NOX,1,159.0,53.893081761006286,37.28467143461163,13.0,31.5,42.0,57.0,214.0
2015-07-12,CAM,O3,1,159.0,24.144654088050313,25.006286925437543,1.0,4.0,14.0,37.5,112.0
2015-07-12,CAM,PM10,2,161.0,40.88819875776397,18.077954042431035,11.0,26.0,39.0,51.0,90.0
2015-07-12,CAM,PM2.5,2,161.0,24.32919254658385,13.509615278346905,1.0,14.0,20.0,32.0,71.0
2015-07-12,CAM,PMCO,2,161.0,16.565217391304348,8.166840429976308,3.0,10.0,15.0,21.0,47.0
2015-07-12,CAM,SO2,1,159.0,4.264150943396227,4.489725020742585,1.0,2.0,3.0,5.0,36.0
2015-07-12,CCA,CO,15,158.0,0.5702531645569623,0.2717036353010053,0.2,0.4,0.5,0.7,1.7
2015-07-12,CCA,NO,1,157.0,7.2165605095541405,13.024296069042327,1.0,1.0,3.0,7.0,90.0
2015-07-12,CCA,NO2,1,157.0,20.063694267515924,9.060821217566192,4.0,14.0,19.0,25.0,61.0
2015-07-12,CCA,NOX,1,157.0,27.235668789808916,17.794820669476483,6.0,17.0,24.0,32.0,119.0
2015-07-12,CCA,O3,1,158.0,32.62658227848101,28.299914288816026,2.0,13.0,21.5,45.75,120.0
2015-07-12,CCA,PM2.5,2,161.0,17.006211180124225,7.625202369781688,1.0,12.0,17.0,22.0,40.0
2015-07-12,CCA,SO2,1,158.0,2.810126582278481,1.8823751723839075,1.0,2.0,2.0,3.0,15.0
2015-07-12,CHO,CO,15,155.0,0.6503225806451612,0.3195723996884709,0.2,0.4,0.6,0.8,1.9
2015-07-12,CHO,NO,1,0.0,,,,,,,
2015-07-12,CHO,NO2,1,0.0,,,,,,,
2015-07-12,CHO,NOX,1,0.0,,,,,,,
2015-07-12,CHO,O3,1,150.0,24.446666666666665,21.41301638474861,1.0,5.0,19.0,40.5,85.0
2015-07-12,CHO,PM10,2,155.0,47.72258064516129,20.928925948289212,6.0,33.5,45.0,62.5,98.0
2015-07-12,CHO,SO2,1,155.0,2.464516129032258,2.0584870858303614,1.0,2.0,2.0,3.0,20.0
2015-07-12,COY,NO,1,154.0,14.422077922077921,23.38727168140338,0.0,2.0,5.0,13.0,146.0
2015-07-12,COY,NO2,1,154.0,25.948051948051948,11.855773920974439,6.0,17.0,25.0,31.0,71.0
2015-07-12,COY,NOX,1,154.0,40.357142857142854,29.174408736368825,7.0,21.5,33.0,46.5,168.0
2015-07-12,COY,O3,1,153.0,28.627450980392158,26.98754155866749,2.0,7.0,18.0,42.0,113.0
2015-07-12,COY,PM2.5,2,69.0,36.333333333333336,18.174535083192527,2.0,24.0,33.0,45.0,91.0
2015-07-12,CUA,CO,15,159.0,0.6433962264150942,0.2561962019814512,0.3,0.5,0.6,0.8,1.9
2015-07-12,CUA,NO,1,159.0,11.49685534591195,20.24341562396307,1.0,3.0,5.0,9.0,144.0
2015-07-12,CUA,NO2,1,159.0,24.264150943396228,10.951823633005793,4.0,17.0,24.0,31.5,60.0
2015-07-12,CUA,NOX,1,159.0,35.79874213836478,26.586800730650427,5.0,22.0,31.0,40.0,188.0
2015-07-12,CUA,O3,1,159.0,34.333333333333336,27.094926113518856,2.0,15.0,22.0,51.0,114.0
2015-07-12,CUA,PM10,2,161.0,31.012422360248447,14.80371050515704,1.0,20.0,31.0,41.0,70.0
2015-07-12,CUA,SO2,1,159.0,2.238993710691824,1.468914692341906,1.0,1.0,2.0,3.0,9.0
2015-07-12,CUT,NO,1,158.0,12.113924050632912,22.254456272715263,0.0,2.0,3.0,9.0,118.0
2015-07-12,CUT,NO2,1,158.0,13.930379746835444,7.48000910163927,3.0,8.0,12.5,19.0,42.0
2015-07-12,CUT,NOX,1,158.0,26.025316455696203,26.405931915860812,4.0,10.0,15.5,31.0,146.0
2015-07-12,CUT,O3,1,158.0,24.39240506329114,17.794236325510774,2.0,11.0,21.0,36.75,68.0
2015-07-12,CUT,PM10,2,114.0,42.74561403508772,22.517568913997252,5.0,30.25,40.0,55.5,142.0
2015-07-12,CUT,SO2,1,158.0,3.588607594936709,5.9361032349293055,1.0,1.0,2.0,3.0,52.0
2015-07-12,FAC,CO,15,158.0,0.7227848101265827,0.5531494924897641,0.2,0.4,0.5,0.8,3.6
2015-07-12,FAC,NO,1,135.0,18.288888888888888,36.28799946914459,0.0,4.0,7.0,13.0,242.0
2015-07-12,FAC,NO2,1,135.0,23.05925925925926,11.781444405633351,7.0,15.0,20.0,28.5,72.0
2015-07-12,FAC,NOX,1,135.0,41.407407407407405,41.3754733564114,7.0,21.0,29.0,41.5,276.0
2015-07-12,FAC,O3,1,158.0,30.335443037974684,23.699447911947846,4.0,13.25,21.5,43.0,104.0
2015-07-12,FAC,PM10,2,161.0,33.63975155279503,22.869890903497726,1.0,17.0,32.0,46.0,134.0
2015-07-12,FAC,SO2,1,158.0,4.487341772151899,4.163440122440626,1.0,2.0,3.0,5.0,30.0
2015-07-12,HGM,CO,15,158.0,0.7791139240506327,0.37485518179799765,0.3,0.5,0.7,0.9,2.1
2015-07-12,HGM,NO,1,158.0,21.031645569620252,27.816372598453587,0.0,4.0,10.0,28.0,146.0
2015-07-12,HGM,NO2,1,158.0,31.518987341772153,13.17434368202333,10.0,21.25,31.0,39.0,76.0
2015-07-12,HGM,NOX,1,158.0,52.51898734177215,34.254521579632666,12.0,29.25,43.0,63.75,180.0
2015-07-12,HGM,O3,1,158.0,26.89240506329114,24.112154464189683,2.0,7.0,19.0,41.75,106.0
2015-07-12,HGM,PM10,2,157.0,44.37579617834395,18.31820378494868,11.0,32.0,42.0,55.0,110.0
2015-07-12,HGM,PM2.5,2,157.0,24.29299363057325,12.45569643468546,1.0,16.0,21.0,31.0,63.0
2015-07-12,HGM,PMCO,2,157.0,20.101910828025478,8.868111059364793,6.0,14.0,19.0,26.0,49.0
2015-07-12,HGM,SO2,1,158.0,3.6392405063291138,3.3732147520494946,1.0,2.0,3.0,4.0,27.0
2015-07-12,IZT,CO,15,153.0,0.9522875816993459,0.5002742625853317,0.4,0.6,0.8,1.1,3.0
2015-07-12,IZT,NO,1,46.0,34.04347826086956,40.55611011466521,3.0,7.0,19.0,41.0,167.0
2015-07-12,IZT,NO2,1,46.0,42.65217391304348,15.646394531512646,23.0,31.0,38.5,52.5,89.0
2015-07-12,IZT,NOX,1,46.0,76.67391304347827,43.5706600301044,26.0,45.0,67.5,100.25,194.0
2015-07-12,IZT,O3,1,153.0,26.84313725490196,26.10886057680795,2.0,5.0,15.0,42.0,113.0
2015-07-12,IZT,PM10,2,161.0,31.285714285714285,11.51381158187232,5.0,23.0,29.0,41.0,59.0
2015-07-12,IZT,SO2,1,153.0,3.281045751633987,3.066065360351219,1.0,2.0,2.0,4.0,22.0
2015-07-12,LLA,CO,15,0.0,,,,,,,
2015-07-12,LLA,NO,1,0.0,,,,,,,
2015-07-12,LLA,NO2,1,0.0,,,,,,,
2015-07-12,LLA,NOX,1,0.0,,,,,,,
2015-07-12,LLA,O3,1,158.0,23.765822784810126,22.030137932936114,0.0,5.0,17.0,37.0,82.0
2015-07-12,LLA,SO2,1,157.0,2.78343949044586,2.155251402248016,1.0,2.0,2.0,3.0,12.0
2015-07-12,LPR,CO,15,159.0,0.5603773584905656,0.5044132909546625,0.0,0.2,0.4,0.75,2.6
2015-07-12,LPR,NO,1,0.0,,,,,,,
2015-07-12,LPR,NO2,1,0.0,,,,,,,
2015-07-12,LPR,NOX,1,0.0,,,,,,,
2015-07-12,LPR,O3,1,159.0,22.18238993710692,19.182618499044864,1.0,7.5,17.0,33.5,75.0
2015-07-12,LPR,SO2,1,159.0,2.1257861635220126,1.2565884010608876,1.0,1.0,2.0,3.0,7.0
2015-07-12,MER,CO,15,158.0,0.9962025316455695,0.5223521124876415,0.4,0.6,0.8,1.2,3.0
2015-07-12,MER,NO,1,158.0,26.462025316455698,30.859376152296228,2.0,6.25,13.0,36.75,148.0
2015-07-12,MER,NO2,1,158.0,33.0,13.550565833016142,11.0,22.0,33.0,39.0,75.0
2015-07-12,MER,NOX,1,158.0,59.436708860759495,38.048650309482696,13.0,32.25,47.0,77.25,197.0
2015-07-12,MER,O3,1,158.0,25.196202531645568,25.313187031993447,2.0,4.0,16.0,37.75,117.0
2015-07-12,MER,PM10,2,160.0,47.925,20.75934282354353,4.0,32.75,46.0,59.0,113.0
2015-07-12,MER,PM2.5,2,160.0,25.96875,14.940730651140763,1.0,16.0,22.5,32.0,80.0
2015-07-12,MER,PMCO,2,160.0,21.94375,9.097823967487841,2.0,16.0,21.0,28.0,47.0
2015-07-12,MER,SO2,1,158.0,3.7721518987341773,3.5832212212936074,1.0,2.0,3.0,4.0,31.0
2015-07-12,MGH,CO,15,159.0,0.7446540880503151,0.42525462197566233,0.2,0.5,0.7,0.8500000000000001,2.6
2015-07-12,MGH,NO,1,159.0,23.61006289308176,43.40097297364785,0.0,4.0,9.0,16.5,260.0
2015-07-12,MGH,NO2,1,159.0,26.371069182389938,12.203731250914638,4.0,17.0,26.0,32.5,66.0
2015-07-12,MGH,NOX,1,159.0,50.0062893081761,49.587985587485115,6.0,24.0,34.0,48.0,303.0
2015-07-12,MGH,O3,1,159.0,26.547169811320753,25.7509243076599,1.0,7.0,17.0,40.5,105.0
2015-07-12,MGH,PM10,2,161.0,34.62732919254658,13.631681790857831,10.0,24.0,34.0,44.0,70.0
2015-07-12,MGH,PM2.5,2,161.0,21.770186335403725,11.031913052143866,2.0,13.0,19.0,28.0,53.0
2015-07-12,MGH,PMCO,2,161.0,12.832298136645962,6.181864630559215,3.0,8.0,12.0,17.0,27.0
2015-07-12,MGH,SO2,1,159.0,1.9559748427672956,2.6703859104548004,0.0,1.0,1.0,2.0,20.0
2015-07-12,MON,CO,15,158.0,0.4088607594936711,0.266465362487864,0.1,0.2,0.3,0.5,1.4
2015-07-12,MON,NO,1,158.0,11.60126582278481,17.58000451925539,1.0,2.0,5.0,13.75,99.0
2015-07-12,MON,NO2,1,158.0,17.462025316455698,7.302068528106533,5.0,12.0,16.0,21.0,45.0
2015-07-12,MON,NOX,1,158.0,29.126582278481013,20.823105178236215,6.0,16.0,22.0,36.0,118.0
2015-07-12,MON,O3,1,158.0,24.417721518987342,22.628884982247552,1.0,2.25,20.0,42.25,77.0
2015-07-12,MON,SO2,1,158.0,0.9113924050632911,1.0906653543141387,0.0,0.0,1.0,1.0,6.0
2015-07-12,NEZ,CO,15,159.0,0.7735849056603775,0.5001838687478125,0.1,0.4,0.6,1.0,2.9
2015-07-12,NEZ,NO,1,159.0,18.88050314465409,24.64542599611649,1.0,3.0,9.0,26.5,130.0
2015-07-12,NEZ,NO2,1,159.0,31.57861635220126,15.22006655443737,8.0,20.0,28.0,40.0,94.0
2015-07-12,NEZ,NOX,1,159.0,50.503144654088054,33.41849601829072,10.0,24.0,43.0,67.0,178.0
2015-07-12,NEZ,O3,1,159.0,26.22641509433962,27.720787915150115,0.0,2.0,14.0,43.5,99.0
2015-07-12,NEZ,PM2.5,2,161.0,18.732919254658384,9.384666858748341,1.0,12.0,18.0,23.0,58.0
2015-07-12,NEZ,SO2,1,159.0,2.2264150943396226,1.2217673870770775,1.0,1.0,2.0,3.0,8.0
2015-07-12,PED,CO,15,158.0,0.43797468354430347,0.23610631172799548,0.1,0.3,0.4,0.5,1.2
2015-07-12,PED,NO,1,158.0,4.734177215189874,8.756011744818592,0.0,0.0,2.0,5.0,64.0
2015-07-12,PED,NO2,1,158.0,18.341772151898734,8.727854342589682,4.0,12.0,18.0,23.75,49.0
2015-07-12,PED,NOX,1,158.0,23.075949367088608,14.536816560621693,4.0,13.0,21.5,29.75,92.0
2015-07-12,PED,O3,1,158.0,34.449367088607595,28.15325381254917,2.0,15.0,24.0,46.0,127.0
2015-07-12,PED,PM10,2,161.0,34.69565217391305,15.93308016292709,5.0,22.0,34.0,46.0,70.0
2015-07-12,PED,PM2.5,2,161.0,18.161490683229815,10.564622935248334,1.0,11.0,16.0,25.0,46.0
2015-07-12,PED,PMCO,2,161.0,16.46583850931677,7.945148720996842,3.0,10.0,16.0,23.0,37.0
2015-07-12,PED,SO2,1,158.0,1.9873417721518987,1.5516062840784521,1.0,1.0,2.0,2.0,12.0
2015-07-12,SAG,CO,15,159.0,0.8264150943396227,0.4601118232531099,0.3,0.5,0.7,1.0,2.4
2015-07-12,SAG,NO,1,159.0,16.471698113207548,23.429347419761427,0.0,3.0,7.0,17.0,122.0
2015-07-12,SAG,NO2,1,159.0,22.32075471698113,11.46117317581572,7.0,13.0,20.0,30.0,61.0
2015-07-12,SAG,NOX,1,159.0,38.77358490566038,29.171453995410523,8.0,18.0,28.0,51.5,143.0
2015-07-12,SAG,O3,1,159.0,25.150943396226417,23.352605004512366,1.0,5.0,18.0,38.0,85.0
2015-07-12,SAG,PM10,2,159.0,46.465408805031444,20.316726249481675,9.0,32.0,43.0,57.0,110.0
2015-07-12,SAG,PM2.5,2,159.0,22.056603773584907,13.773137165511194,1.0,12.5,18.0,32.0,63.0
2015-07-12,SAG,PMCO,2,159.0,24.427672955974842,10.064638636320083,3.0,17.5,23.0,31.0,54.0
2015-07-12,SAG,SO2,1,159.0,3.9874213836477987,2.0219911898781615,1.0,3.0,3.0,5.0,13.0
2015-07-12,SFE,CO,15,90.0,0.3888888888888888,0.1231099302710217,0.2,0.3,0.4,0.5,0.7
2015-07-12,SFE,NO,1,0.0,,,,,,,
2015-07-12,SFE,NO2,1,0.0,,,,,,,
2015-07-12,SFE,NOX,1,0.0,,,,,,,
2015-07-12,SFE,O3,1,158.0,34.54430379746835,27.673849998076452,1.0,15.0,24.5,50.0,123.0
2015-07-12,SFE,PM10,2,115.0,35.25217391304348,15.821284507847675,13.0,21.0,34.0,44.5,82.0
2015-07-12,SFE,PM2.5,2,115.0,17.026086956521738,10.454966812238283,1.0,10.0,14.0,21.0,55.0
2015-07-12,SFE,PMCO,2,115.0,18.234782608695653,8.5853102149785,3.0,11.0,17.0,25.0,39.0
2015-07-12,SFE,SO2,1,158.0,1.5379746835443038,1.3526858206144179,0.0,1.0,1.0,2.0,9.0
2015-07-12,SJA,CO,15,158.0,0.5025316455696198,0.4015811690031191,0.0,0.2,0.35,0.6,1.9
2015-07-12,SJA,NO,1,158.0,20.449367088607595,28.579656804033977,1.0,3.0,7.0,24.0,134.0
2015-07-12,SJA,NO2,1,158.0,29.981012658227847,14.747760930771026,8.0,18.0,29.0,37.75,77.0
2015-07-12,SJA,NOX,1,158.0,50.41139240506329,36.85522195442603,9.0,22.0,41.0,66.0,174.0
2015-07-12,SJA,O3,1,158.0,27.088607594936708,28.059849536493292,1.0,3.0,16.5,44.25,113.0
2015-07-12,SJA,PM2.5,2,161.0,18.48447204968944,8.586403197834143,1.0,12.0,18.0,23.0,44.0
2015-07-12,SJA,SO2,1,158.0,2.367088607594937,1.8350946464761526,1.0,1.0,2.0,3.0,13.0
2015-07-12,TAH,CO,15,156.0,0.47179487179487156,0.2866480075486244,0.1,0.3,0.4,0.6,1.4
2015-07-12,TAH,NO,1,156.0,5.217948717948718,8.61154129683129,0.0,1.0,1.5,5.25,51.0
2015-07-12,TAH,NO2,1,156.0,16.955128205128204,8.870642373159322,3.0,10.0,16.0,22.0,44.0
2015-07-12,TAH,NOX,1,156.0,22.134615384615383,14.30185484855657,4.0,12.0,18.0,30.0,71.0
2015-07-12,TAH,O3,1,158.0,34.0,23.173123021579297,2.0,15.0,29.0,51.0,108.0
2015-07-12,TAH,PM10,2,153.0,33.76470588235294,14.989366716145268,1.0,22.0,32.0,44.0,79.0
2015-07-12,TAH,SO2,1,82.0,2.6219512195121952,0.7309767506130176,2.0,2.0,2.0,3.0,5.0
2015-07-12,TLA,CO,15,135.0,0.7925925925925923,0.4498141622289539,0.2,0.5,0.7,1.0,2.9
2015-07-12,TLA,NO,1,133.0,26.69924812030075,35.420201598079245,1.0,8.0,14.0,28.0,212.0
2015-07-12,TLA,NO2,1,133.0,30.31578947368421,14.328594224144643,9.0,20.0,28.0,37.0,77.0
2015-07-12,TLA,NOX,1,133.0,57.10526315789474,43.20884154013884,11.0,29.0,44.0,66.0,255.0
2015-07-12,TLA,O3,1,135.0,23.874074074074073,22.580677788708137,2.0,7.5,15.0,35.5,88.0
2015-07-12,TLA,PM10,2,69.0,57.869565217391305,27.569651389695892,14.0,34.0,57.0,76.0,137.0
2015-07-12,TLA,PM2.5,2,69.0,32.04347826086956,16.27469596951832,9.0,18.0,28.0,41.0,69.0
2015-07-12,TLA,PMCO,2,69.0,25.768115942028984,14.066172320537872,4.0,15.0,26.0,34.0,67.0
2015-07-12,TLA,SO2,1,135.0,6.007407407407407,6.6540261589375564,1.0,2.0,4.0,7.0,50.0
2015-07-12,TLI,CO,15,158.0,0.4936708860759493,0.3048824654612106,0.1,0.3,0.4,0.6,1.8
2015-07-12,TLI,NO,1,158.0,14.39240506329114,20.71118822631156,2.0,4.0,5.0,15.0,118.0
2015-07-12,TLI,NO2,1,158.0,22.443037974683545,10.841941250301161,6.0,13.25,20.0,30.0,57.0
2015-07-12,TLI,NOX,1,158.0,36.78481012658228,27.147237551021956,10.0,18.0,27.0,47.0,147.0
2015-07-12,TLI,O3,1,158.0,23.329113924050635,22.20330010416472,0.0,6.0,16.0,37.0,82.0
2015-07-12,TLI,PM10,2,159.0,43.60377358490566,21.404784413689224,1.0,29.5,40.0,54.5,104.0
2015-07-12,TLI,SO2,1,158.0,4.094936708860759,4.010794312237539,1.0,2.0,3.0,4.0,21.0
2015-07-12,TPN,O3,1,10.0,17.7,7.334090869963972,10.0,13.5,15.5,17.75,34.0
2015-07-12,UAX,CO,15,158.0,0.679113924050633,0.39277776045016766,0.3,0.4,0.55,0.8,2.5
2015-07-12,UAX,NO,1,158.0,15.41139240506329,25.470634958371516,1.0,2.0,4.5,15.75,145.0
2015-07-12,UAX,NO2,1,158.0,21.620253164556964,10.806112680935685,4.0,13.0,20.5,28.0,60.0
2015-07-12,UAX,NOX,1,158.0,36.99367088607595,30.933356933125456,6.0,16.0,26.5,46.5,172.0
2015-07-12,UAX,O3,1,158.0,29.873417721518987,30.316952894886494,0.0,4.0,17.0,52.0,113.0
2015-07-12,UAX,PM2.5,2,160.0,17.05625,7.487723180491714,1.0,11.0,16.0,23.0,41.0
2015-07-12,UAX,SO2,1,158.0,1.8987341772151898,2.3163497349263276,0.0,1.0,1.0,2.0,14.0
2015-07-12,UIZ,CO,15,159.0,0.89308176100629,0.5220601227385993,0.3,0.5,0.7,1.1,2.7
2015-07-12,UIZ,NO,1,159.0,21.89308176100629,28.71214430020958,1.0,3.0,10.0,27.5,149.0
2015-07-12,UIZ,NO2,1,159.0,29.930817610062892,15.358220285565032,5.0,20.0,28.0,37.0,89.0
2015-07-12,UIZ,NOX,1,159.0,51.855345911949684,37.237492416830534,7.0,24.5,41.0,70.0,186.0
2015-07-12,UIZ,O3,1,159.0,28.41509433962264,28.684733708613745,2.0,3.0,16.0,46.5,103.0
2015-07-12,UIZ,PM10,2,158.0,43.62658227848101,18.85022569167131,10.0,29.25,40.5,54.75,112.0
2015-07-12,UIZ,PM2.5,2,158.0,23.79113924050633,13.610624267879132,1.0,15.0,21.0,28.0,78.0
2015-07-12,UIZ,PMCO,2,158.0,19.77848101265823,8.247465094229188,5.0,15.0,19.0,25.0,41.0
2015-07-12,UIZ,SO2,1,159.0,3.088050314465409,2.705792304936287,1.0,2.0,2.0,3.0,21.0
2015-07-12,VIF,CO,15,154.0,0.38181818181818167,0.23247869969322282,0.1,0.2,0.3,0.475,1.6
2015-07-12,VIF,NO,1,154.0,7.474025974025974,13.293665527713543,0.0,1.25,3.0,6.0,98.0
2015-07-12,VIF,NO2,1,154.0,16.896103896103895,8.81039851403233,5.0,10.0,15.0,23.0,40.0
2015-07-12,VIF,NOX,1,154.0,24.350649350649352,19.050168533223403,7.0,12.0,18.0,28.75,131.0
2015-07-12,VIF,O3,1,154.0,27.506493506493506,20.271118819946164,2.0,12.0,22.5,39.0,82.0
2015-07-12,VIF,PM10,2,159.0,48.710691823899374,24.027765034566265,4.0,33.5,46.0,59.5,142.0
2015-07-12,VIF,SO2,1,154.0,2.3376623376623376,3.5262244046438123,0.0,0.0,1.0,2.0,17.0
2015-07-12,XAL,CO,15,152.0,1.1322368421052633,0.6808255578509621,0.3,0.7,0.9,1.3,3.6
2015-07-12,XAL,NO,1,152.0,39.21052631578947,47.8540318602735,3.0,10.0,19.5,41.75,232.0
2015-07-12,XAL,NO2,1,152.0,34.046052631578945,14.542624637078406,8.0,23.0,35.0,42.0,77.0
2015-07-12,XAL,NOX,1,152.0,73.25,54.95648489294125,11.0,35.0,56.0,90.0,277.0
2015-07-12,XAL,O3,1,152.0,21.138157894736842,18.620664068690196,2.0,5.0,16.0,31.0,73.0
2015-07-12,XAL,PM10,2,0.0,,,,,,,
2015-07-12,XAL,PM2.5,2,0.0,,,,,,,
2015-07-12,XAL,PMCO,2,0.0,,,,,,,
2015-07-12,XAL,SO2,1,140.0,3.407142857142857,2.056386537340635,1.0,2.0,3.0,5.0,9.0
2015-07-19,ACO,CO,15,157.0,0.23248407643312105,0.13969589705882932,0.1,0.1,0.2,0.3,0.7
2015-07-19,ACO,NO,1,157.0,5.821656050955414,9.091770852805016,0.0,1.0,2.0,5.0,52.0
2015-07-19,ACO,NO2,1,157.0,12.184713375796179,5.893087711029254,3.0,7.0,11.0,16.0,30.0
2015-07-19,ACO,NOX,1,157.0,17.980891719745223,13.20036486363434,3.0,9.0,13.0,23.0,79.0
2015-07-19,ACO,O3,1,157.0,35.33757961783439,25.298108305716998,1.0,13.0,31.0,53.0,96.0
2015-07-19,ACO,PM10,2,159.0,33.24528301886792,14.289819772420303,2.0,21.0,33.0,43.5,71.0
2015-07-19,ACO,SO2,1,157.0,2.484076433121019,3.4873491062685886,1.0,1.0,2.0,2.0,33.0
2015-07-19,AJM,CO,15,89.0,0.5752808988764049,0.18419412861805518,0.2,0.4,0.6,0.7,1.2
2015-07-19,AJM,NO,1,89.0,4.191011235955056,5.6263915541247975,0.0,1.0,2.0,6.0,35.0
2015-07-19,AJM,NO2,1,89.0,15.101123595505618,7.301999949920669,3.0,11.0,14.0,18.0,39.0
2015-07-19,AJM,NOX,1,89.0,19.348314606741575,11.478340396744393,3.0,12.0,17.0,24.0,68.0
2015-07-19,AJM,O3,1,89.0,48.21348314606742,29.287940393659532,14.0,26.0,39.0,63.0,131.0
2015-07-19,AJM,PM10,2,90.0,32.41111111111111,18.629983350782606,4.0,16.0,28.5,45.5,76.0
2015-07-19,AJM,PM2.5,2,90.0,20.655555555555555,11.745581154382364,2.0,12.0,18.5,27.75,58.0
2015-07-19,AJM,PMCO,2,90.0,11.7,9.111605144792366,2.0,4.0,9.0,17.0,37.0
2015-07-19,AJM,SO2,1,90.0,1.3444444444444446,1.3421524814251755,0.0,0.0,1.0,2.0,6.0
2015-07-19,AJU,O3,1,158.0,45.00632911392405,26.82011243497595,6.0,24.25,38.5,60.0,133.0
2015-07-19,ATI,CO,15,158.0,0.4455696202531642,0.2843239689614116,0.1,0.3,0.4,0.5,1.7
2015-07-19,ATI,NO,1,158.0,11.518987341772151,20.515559271353045,1.0,2.0,4.0,9.75,114.0
2015-07-19,ATI,NO2,1,158.0,18.21518987341772,7.32445669570688,5.0,13.0,17.0,22.0,46.0
2015-07-19,ATI,NOX,1,158.0,29.765822784810126,23.51857044312303,7.0,16.0,22.5,32.0,132.0
2015-07-19,ATI,O3,1,158.0,38.63291139240506,29.510951099242938,2.0,12.25,32.0,61.0,104.0
2015-07-19,ATI,PM10,2,158.0,33.24683544303797,23.688446674388764,1.0,15.0,31.5,46.0,127.0
2015-07-19,ATI,SO2,1,158.0,4.544303797468355,5.07848582768759,1.0,2.0,2.0,5.0,25.0
2015-07-19,CAM,CO,15,153.0,0.7758169934640524,0.400168738059145,0.2,0.5,0.7,0.9,2.2
2015-07-19,CAM,NO,1,153.0,20.58823529411765,30.1130609475105,1.0,5.0,7.0,22.0,157.0
2015-07-19,CAM,NO2,1,153.0,33.19607843137255,10.948479120244949,11.0,26.0,32.0,38.0,72.0
2015-07-19,CAM,NOX,1,153.0,53.849673202614376,35.826844397710545,12.0,31.0,41.0,63.0,193.0
2015-07-19,CAM,O3,1,153.0,31.784313725490197,31.032016823136964,1.0,6.0,21.0,51.0,118.0
2015-07-19,CAM,PM10,2,158.0,45.06962025316456,19.554632627071122,8.0,30.0,43.0,57.75,112.0
2015-07-19,CAM,PM2.5,2,158.0,28.126582278481013,12.47965691244847,3.0,19.0,26.5,34.0,62.0
2015-07-19,CAM,PMCO,2,158.0,16.90506329113924,10.470941272992867,1.0,9.0,15.5,22.75,50.0
2015-07-19,CAM,SO2,1,153.0,4.392156862745098,5.967274011902503,1.0,2.0,2.0,4.0,40.0
2015-07-19,CCA,CO,15,0.0,,,,,,,
2015-07-19,CCA,NO,1,0.0,,,,,,,
2015-07-19,CCA,NO2,1,0.0,,,,,,,
2015-07-19,CCA,NOX,1,0.0,,,,,,,
2015-07-19,CCA,O3,1,0.0,,,,,,,
2015-07-19,CCA,PM2.5,2,0.0,,,,,,,
2015-07-19,CCA,SO2,1,0.0,,,,,,,
2015-07-19,CHO,CO,15,158.0,0.5462025316455696,0.2689057979040542,0.2,0.4,0.5,0.6,1.9
2015-07-19,CHO,NO,1,0.0,,,,,,,
2015-07-19,CHO,NO2,1,0.0,,,,,,,
2015-07-19,CHO,NOX,1,0.0,,,,,,,
2015-07-19,CHO,O3,1,158.0,33.18987341772152,19.914195525387548,2.0,19.0,33.5,48.75,93.0
2015-07-19,CHO,PM10,2,161.0,41.60248447204969,26.443638058875717,1.0,22.0,38.0,62.0,122.0
2015-07-19,CHO,SO2,1,157.0,2.254777070063694,1.2905199637769056,1.0,1.0,2.0,3.0,10.0
2015-07-19,COY,NO,1,154.0,9.792207792207792,13.189754057117938,0.0,1.0,3.0,12.75,73.0
2015-07-19,COY,NO2,1,154.0,26.272727272727273,9.986443574089181,8.0,19.0,25.0,32.0,57.0
2015-07-19,COY,NOX,1,154.0,36.04545454545455,19.790517604321007,7.0,21.0,29.0,49.0,98.0
2015-07-19,COY,O3,1,158.0,38.74683544303797,32.51593175579119,1.0,11.0,30.0,58.75,133.0
2015-07-19,COY,PM2.5,2,46.0,19.652173913043477,14.320486322133599,5.0,10.0,14.5,23.0,56.0
2015-07-19,CUA,CO,15,154.0,0.5467532467532467,0.2309878844596995,0.2,0.4,0.5,0.6,1.7
2015-07-19,CUA,NO,1,156.0,10.871794871794872,17.14406431607685,1.0,3.0,4.0,12.0,142.0
2015-07-19,CUA,NO2,1,156.0,24.03205128205128,9.06778763201304,2.0,18.0,23.0,28.25,60.0
2015-07-19,CUA,NOX,1,156.0,34.88461538461539,22.70397479438391,7.0,21.0,28.0,40.0,173.0
2015-07-19,CUA,O3,1,158.0,46.050632911392405,35.759065924255,3.0,17.5,35.0,70.0,155.0
2015-07-19,CUA,PM10,2,161.0,35.11801242236025,18.564879100733318,1.0,22.0,34.0,47.0,81.0
2015-07-19,CUA,SO2,1,158.0,2.2911392405063293,1.6637912253750733,1.0,1.0,2.0,3.0,13.0
2015-07-19,CUT,NO,1,158.0,11.284810126582279,20.94520961973582,0.0,1.0,2.0,8.75,118.0
2015-07-19,CUT,NO2,1,158.0,14.221518987341772,7.3011851561476355,3.0,9.0,13.0,18.0,38.0
2015-07-19,CUT,NOX,1,158.0,25.550632911392405,24.71713799016582,4.0,11.0,16.0,28.75,135.0
2015-07-19,CUT,O3,1,158.0,30.60759493670886,22.998708200509952,3.0,10.0,27.0,48.75,83.0
2015-07-19,CUT,PM10,2,161.0,48.5527950310559,31.667590021407946,1.0,26.0,42.0,61.0,145.0
2015-07-19,CUT,SO2,1,158.0,5.386075949367089,8.750413772596533,0.0,1.0,2.0,4.0,54.0
2015-07-19,FAC,CO,15,157.0,0.6859872611464969,0.33348559318555626,0.2,0.5,0.7,0.8,2.2
2015-07-19,FAC,NO,1,157.0,17.197452229299362,26.05183183933913,0.0,3.0,7.0,19.0,182.0
2015-07-19,FAC,NO2,1,157.0,25.853503184713375,10.820099581645293,6.0,18.0,24.0,33.0,59.0
2015-07-19,FAC,NOX,1,157.0,43.07006369426752,30.35983232143519,6.0,23.0,36.0,57.0,201.0
2015-07-19,FAC,O3,1,157.0,40.57324840764331,31.923828376721367,4.0,14.0,32.0,62.0,119.0
2015-07-19,FAC,PM10,2,159.0,39.0377358490566,26.601581468276034,1.0,19.5,35.0,53.0,138.0
2015-07-19,FAC,SO2,1,157.0,4.1210191082802545,4.484089134374689,1.0,2.0,3.0,4.0,31.0
2015-07-19,HGM,CO,15,159.0,0.704402515723271,0.28625604011087713,0.2,0.5,0.7,0.9,1.7
2015-07-19,HGM,NO,1,158.0,13.41139240506329,19.190672411434655,0.0,1.25,5.0,19.0,113.0
2015-07-19,HGM,NO2,1,158.0,31.411392405063292,11.078831451426359,12.0,23.0,30.0,37.0,65.0
2015-07-19,HGM,NOX,1,158.0,44.81012658227848,26.04654136697091,13.0,26.0,36.0,57.0,145.0
2015-07-19,HGM,O3,1,159.0,35.80503144654088,29.48534885852856,2.0,11.0,27.0,55.0,118.0
2015-07-19,HGM,PM10,2,161.0,44.683229813664596,20.87774603502748,2.0,29.0,45.0,59.0,96.0
2015-07-19,HGM,PM2.5,2,161.0,24.53416149068323,11.970291901150853,1.0,17.0,23.0,31.0,57.0
2015-07-19,HGM,PMCO,2,161.0,20.198757763975156,11.449246632298783,1.0,11.0,20.0,29.0,51.0
2015-07-19,HGM,SO2,1,159.0,3.6855345911949686,3.0463473973872444,1.0,2.0,3.0,5.0,21.0
2015-07-19,IZT,CO,15,158.0,0.8981012658227847,0.3882791560922537,0.4,0.6,0.8,1.1,2.6
2015-07-19,IZT,NO,1,0.0,,,,,,,
2015-07-19,IZT,NO2,1,0.0,,,,,,,
2015-07-19,IZT,NOX,1,0.0,,,,,,,
2015-07-19,IZT,O3,1,158.0,37.68354430379747,30.797900624868863,2.0,12.0,33.0,56.0,121.0
2015-07-19,IZT,PM10,2,161.0,33.78260869565217,15.95959572333127,4.0,21.0,32.0,46.0,75.0
2015-07-19,IZT,SO2,1,158.0,3.1139240506329116,2.117487645890923,1.0,2.0,2.0,4.0,13.0
2015-07-19,LLA,CO,15,0.0,,,,,,,
2015-07-19,LLA,NO,1,0.0,,,,,,,
2015-07-19,LLA,NO2,1,0.0,,,,,,,
2015-07-19,LLA,NOX,1,0.0,,,,,,,
2015-07-19,LLA,O3,1,158.0,33.32911392405063,27.752188882048575,0.0,10.0,27.0,51.0,98.0
2015-07-19,LLA,SO2,1,158.0,3.7278481012658227,3.5362521709106485,1.0,2.0,2.0,4.0,24.0
2015-07-19,LPR,CO,15,153.0,0.5294117647058821,0.4212891170251606,0.0,0.2,0.5,0.7,3.0
2015-07-19,LPR,NO,1,0.0,,,,,,,
2015-07-19,LPR,NO2,1,0.0,,,,,,,
2015-07-19,LPR,NOX,1,0.0,,,,,,,
2015-07-19,LPR,O3,1,155.0,27.580645161290324,20.256431067220706,1.0,12.0,22.0,42.0,78.0
2015-07-19,LPR,SO2,1,155.0,2.587096774193548,2.734548318015418,0.0,1.0,2.0,3.0,23.0
2015-07-19,MER,CO,15,112.0,0.857142857142857,0.35709394774497033,0.3,0.6,0.8,1.1,2.0
2015-07-19,MER,NO,1,154.0,17.181818181818183,23.3256162435893,0.0,2.0,6.0,23.75,121.0
2015-07-19,MER,NO2,1,154.0,31.9025974025974,10.857225226301319,9.0,23.0,31.5,39.0,59.0
2015-07-19,MER,NOX,1,154.0,49.064935064935064,29.5631981352269,9.0,28.0,39.0,65.5,150.0
2015-07-19,MER,O3,1,154.0,33.12337662337662,28.845390864829852,1.0,8.0,26.5,53.5,112.0
2015-07-19,MER,PM10,2,155.0,47.47741935483871,22.97749759861652,4.0,30.0,45.0,63.0,128.0
2015-07-19,MER,PM2.5,2,155.0,26.161290322580644,15.190771237556996,1.0,17.0,24.0,32.5,89.0
2015-07-19,MER,PMCO,2,155.0,21.29032258064516,11.650186856500193,2.0,11.0,20.0,29.0,54.0
2015-07-19,MER,SO2,1,154.0,3.4415584415584415,2.1389234754467403,1.0,2.0,3.0,4.0,12.0
2015-07-19,MGH,CO,15,153.0,0.7019607843137253,0.29635296084125895,0.3,0.5,0.6,0.8,1.8
2015-07-19,MGH,NO,1,153.0,17.248366013071895,31.66462434346129,0.0,2.0,6.0,18.0,229.0
2015-07-19,MGH,NO2,1,153.0,27.052287581699346,9.658505148635905,12.0,21.0,26.0,31.0,70.0
2015-07-19,MGH,NOX,1,153.0,44.3202614379085,35.893235984024685,13.0,25.0,33.0,49.0,261.0
2015-07-19,MGH,O3,1,153.0,36.35947712418301,32.971202422697395,0.0,9.0,26.0,54.0,136.0
2015-07-19,MGH,PM10,2,153.0,37.93464052287582,17.444148922012417,10.0,24.0,37.0,49.0,83.0
2015-07-19,MGH,PM2.5,2,153.0,23.80392156862745,10.894263835621201,7.0,17.0,22.0,29.0,60.0
2015-07-19,MGH,PMCO,2,153.0,14.124183006535947,8.46923244319192,2.0,6.0,14.0,19.0,36.0
2015-07-19,MGH,SO2,1,153.0,2.196078431372549,2.8192450079517175,0.0,1.0,1.0,3.0,17.0
2015-07-19,MON,CO,15,158.0,0.34430379746835454,0.23199321066446005,0.1,0.2,0.3,0.4,1.8
2015-07-19,MON,NO,1,159.0,9.345911949685535,20.47597771931336,0.0,1.0,2.0,7.0,163.0
2015-07-19,MON,NO2,1,159.0,16.12578616352201,5.267216662688754,5.0,13.0,15.0,19.0,30.0
2015-07-19,MON,NOX,1,159.0,25.50943396226415,22.972429244069417,6.0,14.0,18.0,28.5,189.0
2015-07-19,MON,O3,1,159.0,32.38993710691824,21.890380509638902,1.0,13.0,31.0,48.0,91.0
2015-07-19,MON,SO2,1,55.0,0.7090909090909091,0.9163681791346969,0.0,0.0,0.0,1.0,3.0
2015-07-19,NEZ,CO,15,153.0,0.5267973856209153,0.29109740998226563,0.1,0.3,0.4,0.7,1.5
2015-07-19,NEZ,NO,1,153.0,9.084967320261438,13.339172483022306,0.0,1.0,3.0,9.0,65.0
2015-07-19,NEZ,NO2,1,153.0,25.058823529411764,10.847165100249667,7.0,17.0,23.0,34.0,62.0
2015-07-19,NEZ,NOX,1,153.0,34.150326797385624,20.5809605556325,8.0,18.0,30.0,43.0,106.0
2015-07-19,NEZ,O3,1,153.0,36.3202614379085,28.85276908966845,0.0,9.0,33.0,56.0,107.0
2015-07-19,NEZ,PM2.5,2,153.0,18.359477124183005,6.466120592308489,5.0,14.0,19.0,23.0,44.0
2015-07-19,NEZ,SO2,1,153.0,2.5294117647058822,2.305767435690831,1.0,1.0,2.0,3.0,17.0
2015-07-19,PED,CO,15,158.0,0.4430379746835444,0.1985190676101145,0.1,0.3,0.4,0.6,1.1
2015-07-19,PED,NO,1,156.0,4.948717948717949,8.417182788063693,0.0,0.0,1.0,6.25,54.0
2015-07-19,PED,NO2,1,156.0,21.083333333333332,8.8623584812093,4.0,15.0,19.0,26.0,42.0
2015-07-19,PED,NOX,1,156.0,26.076923076923077,14.928448037021282,4.0,16.75,23.0,32.25,94.0
2015-07-19,PED,O3,1,135.0,44.57037037037037,36.84630051717678,0.0,15.5,36.0,67.0,147.0
2015-07-19,PED,PM10,2,161.0,40.21739130434783,21.104707902555155,4.0,23.0,39.0,56.0,89.0
2015-07-19,PED,PM2.5,2,161.0,21.546583850931675,11.98329582719161,1.0,13.0,20.0,27.0,65.0
2015-07-19,PED,PMCO,2,161.0,18.677018633540374,11.261994985609816,2.0,8.0,18.0,27.0,45.0
2015-07-19,PED,SO2,1,158.0,2.0759493670886076,1.598344301761708,1.0,1.0,2.0,2.0,10.0
2015-07-19,SAG,CO,15,159.0,0.7427672955974841,0.33779986575396903,0.3,0.5,0.6,0.8,2.1
2015-07-19,SAG,NO,1,159.0,11.880503144654089,20.04089640857333,0.0,2.0,4.0,10.0,123.0
2015-07-19,SAG,NO2,1,159.0,20.30817610062893,8.342319810274212,4.0,14.0,20.0,24.5,42.0
2015-07-19,SAG,NOX,1,159.0,32.23899371069182,24.031218914680046,5.0,16.0,25.0,35.5,140.0
2015-07-19,SAG,O3,1,159.0,33.63522012578616,26.432005288862936,1.0,12.5,28.0,52.5,98.0
2015-07-19,SAG,PM10,2,161.0,43.72670807453416,20.429753907487406,7.0,30.0,42.0,54.0,101.0
2015-07-19,SAG,PM2.5,2,161.0,21.77639751552795,10.34466961487866,1.0,15.0,22.0,28.0,51.0
2015-07-19,SAG,PMCO,2,161.0,22.012422360248447,13.941389626593786,1.0,11.0,20.0,30.0,78.0
2015-07-19,SAG,SO2,1,159.0,4.465408805031447,3.0518304824885036,2.0,3.0,3.0,5.0,19.0
2015-07-19,SFE,CO,15,157.0,0.49554140127388535,0.16654249825094147,0.2,0.4,0.5,0.6,0.9
2015-07-19,SFE,NO,1,0.0,,,,,,,
2015-07-19,SFE,NO2,1,0.0,,,,,,,
2015-07-19,SFE,NOX,1,0.0,,,,,,,
2015-07-19,SFE,O3,1,157.0,45.10191082802548,36.65276858633299,0.0,16.0,34.0,65.0,155.0
2015-07-19,SFE,PM10,2,157.0,41.05095541401274,24.30489983794656,2.0,22.0,39.0,52.0,127.0
2015-07-19,SFE,PM2.5,2,157.0,23.43949044585987,14.685741200582452,1.0,15.0,20.0,28.0,80.0
2015-07-19,SFE,PMCO,2,157.0,17.573248407643312,12.019857406496698,1.0,7.0,17.0,26.0,51.0
2015-07-19,SFE,SO2,1,157.0,1.9363057324840764,1.4486135221989667,0.0,1.0,1.0,2.0,9.0
2015-07-19,SJA,CO,15,158.0,0.4537974683544304,0.3439441659527212,0.1,0.2,0.4,0.6,1.8
2015-07-19,SJA,NO,1,158.0,15.879746835443038,27.278081445072978,1.0,2.0,5.0,14.75,143.0
2015-07-19,SJA,NO2,1,158.0,27.696202531645568,11.709710087279971,8.0,18.25,27.0,36.0,64.0
2015-07-19,SJA,NOX,1,158.0,43.563291139240505,33.36660551542073,9.0,21.0,35.0,50.75,188.0
2015-07-19,SJA,O3,1,158.0,35.59493670886076,31.213062342935753,1.0,8.25,28.5,59.5,120.0
2015-07-19,SJA,PM2.5,2,161.0,19.77639751552795,8.256039573608753,1.0,15.0,20.0,25.0,44.0
2015-07-19,SJA,SO2,1,158.0,2.651898734177215,2.153140840754683,1.0,1.0,2.0,3.0,15.0
2015-07-19,TAH,CO,15,150.0,0.31533333333333347,0.2094212756467507,0.1,0.2,0.3,0.4,1.4
2015-07-19,TAH,NO,1,150.0,3.9266666666666667,7.9055639795306085,0.0,0.0,1.0,3.0,62.0
2015-07-19,TAH,NO2,1,150.0,13.186666666666667,6.7290681332435955,3.0,8.0,12.0,17.0,34.0
2015-07-19,TAH,NOX,1,150.0,17.2,12.49805353972687,4.0,9.0,13.0,21.0,80.0
2015-07-19,TAH,O3,1,150.0,37.906666666666666,22.7372935727993,4.0,18.0,36.0,56.75,104.0
2015-07-19,TAH,PM10,2,156.0,40.85897435897436,32.4968383013861,1.0,18.75,35.5,54.0,187.0
2015-07-19,TAH,SO2,1,139.0,1.7410071942446044,1.634492916518994,1.0,1.0,1.0,2.0,13.0
2015-07-19,TLA,CO,15,158.0,0.772151898734177,0.3785445505879211,0.2,0.5,0.7,1.0,2.1
2015-07-19,TLA,NO,1,157.0,21.063694267515924,30.11232849333548,0.0,5.0,9.0,23.0,179.0
2015-07-19,TLA,NO2,1,157.0,29.719745222929937,11.458864217951175,11.0,23.0,28.0,35.0,74.0
2015-07-19,TLA,NOX,1,157.0,50.7515923566879,35.971972004382025,13.0,29.0,38.0,59.0,217.0
2015-07-19,TLA,O3,1,158.0,35.06962025316456,29.602917115813128,0.0,11.25,26.0,56.5,108.0
2015-07-19,TLA,PM10,2,0.0,,,,,,,
2015-07-19,TLA,PM2.5,2,0.0,,,,,,,
2015-07-19,TLA,PMCO,2,0.0,,,,,,,
2015-07-19,TLA,SO2,1,110.0,6.1454545454545455,6.037856663936732,1.0,3.0,4.0,7.0,30.0
2015-07-19,TLI,CO,15,159.0,0.4842767295597483,0.2759413327839879,0.1,0.3,0.4,0.6,1.5
2015-07-19,TLI,NO,1,159.0,10.383647798742139,16.825913837969225,1.0,2.0,4.0,10.5,113.0
2015-07-19,TLI,NO2,1,159.0,19.88050314465409,9.296361599343552,6.0,12.0,18.0,25.5,49.0
2015-07-19,TLI,NOX,1,159.0,30.30817610062893,22.617890780556813,7.0,15.0,22.0,38.0,133.0
2015-07-19,TLI,O3,1,159.0,33.471698113207545,26.70011883554712,0.0,11.0,26.0,53.5,91.0
2015-07-19,TLI,PM10,2,161.0,44.285714285714285,27.22370946698589,1.0,26.0,41.0,59.0,175.0
2015-07-19,TLI,SO2,1,159.0,4.80503144654088,7.952770385394164,0.0,1.0,2.0,4.0,51.0
2015-07-19,UAX,CO,15,154.0,0.6006493506493504,0.19587135742549566,0.3,0.4,0.5,0.7,1.2
2015-07-19,UAX,NO,1,154.0,7.357142857142857,11.08828420835888,0.0,1.0,2.0,10.75,78.0
2015-07-19,UAX,NO2,1,154.0,18.538961038961038,7.980477090987688,5.0,13.0,17.0,24.0,41.0
2015-07-19,UAX,NOX,1,154.0,25.935064935064936,16.139779673349096,6.0,14.0,19.0,37.0,97.0
2015-07-19,UAX,O3,1,154.0,41.58441558441559,32.72218197869872,0.0,16.0,36.5,63.75,134.0
2015-07-19,UAX,PM2.5,2,160.0,18.3,7.679753664812515,1.0,13.0,18.5,24.0,48.0
2015-07-19,UAX,SO2,1,154.0,1.3571428571428572,1.6673667997228225,0.0,0.0,1.0,2.0,11.0
2015-07-19,UIZ,CO,15,158.0,0.711392405063291,0.3553010177164669,0.3,0.4,0.6,0.9,2.1
2015-07-19,UIZ,NO,1,158.0,11.683544303797468,19.922489486956636,0.0,1.0,3.5,12.75,120.0
2015-07-19,UIZ,NO2,1,158.0,24.829113924050635,10.757425542638442,5.0,17.0,24.0,32.0,55.0
2015-07-19,UIZ,NOX,1,158.0,36.5126582278481,26.837975125042203,6.0,18.0,29.0,47.0,143.0
2015-07-19,UIZ,O3,1,158.0,40.61392405063291,32.16254986475904,2.0,11.25,34.5,62.75,124.0
2015-07-19,UIZ,PM10,2,161.0,43.2360248447205,19.079935641908726,7.0,28.0,44.0,59.0,89.0
2015-07-19,UIZ,PM2.5,2,161.0,23.627329192546583,11.058266068747171,1.0,15.0,22.0,31.0,58.0
2015-07-19,UIZ,PMCO,2,161.0,19.60248447204969,11.141857735082594,3.0,10.0,19.0,27.0,47.0
2015-07-19,UIZ,SO2,1,158.0,2.892405063291139,2.082946966242304,1.0,2.0,2.0,4.0,17.0
2015-07-19,VIF,CO,15,155.0,0.385806451612903,0.2033609514668021,0.2,0.25,0.3,0.45,1.2
2015-07-19,VIF,NO,1,155.0,6.580645161290323,13.052775476235379,0.0,1.0,2.0,5.0,91.0
2015-07-19,VIF,NO2,1,155.0,15.025806451612903,7.58154662209994,4.0,9.0,13.0,19.0,46.0
2015-07-19,VIF,NOX,1,155.0,21.587096774193547,17.551329951744098,5.0,10.5,15.0,25.0,108.0
2015-07-19,VIF,O3,1,155.0,36.81290322580645,25.290978602248767,2.0,17.0,33.0,56.0,95.0
2015-07-19,VIF,PM10,2,156.0,47.38461538461539,28.004714243339762,3.0,28.75,40.5,60.0,146.0
2015-07-19,VIF,SO2,1,155.0,4.296774193548387,6.006678310996619,0.0,1.0,2.0,5.0,35.0
2015-07-19,XAL,CO,15,158.0,0.9626582278481007,0.47168004069680963,0.4,0.7,0.8,1.1,2.8
2015-07-19,XAL,NO,1,157.0,25.61783439490446,34.40958703465471,2.0,7.0,12.0,23.0,184.0
2015-07-19,XAL,NO2,1,157.0,30.866242038216562,9.505123814865001,11.0,24.0,29.0,35.0,67.0
2015-07-19,XAL,NOX,1,157.0,56.52229299363057,38.589819633212336,15.0,32.0,43.0,63.0,209.0
2015-07-19,XAL,O3,1,158.0,25.689873417721518,21.14460431655367,1.0,7.25,20.5,41.75,79.0
2015-07-19,XAL,PM10,2,0.0,,,,,,,
2015-07-19,XAL,PM2.5,2,0.0,,,,,,,
2015-07-19,XAL,PMCO,2,0.0,,,,,,,
2015-07-19,XAL,SO2,1,158.0,3.5569620253164556,2.550118445821825,1.0,2.0,3.0,4.75,16.0
2015-07-26,ACO,CO,15,158.0,0.26455696202531664,0.15478604479925595,0.1,0.2,0.2,0.3,0.8
2015-07-26,ACO,NO,1,158.0,8.525316455696203,11.774797315030346,1.0,1.0,3.0,10.75,65.0
2015-07-26,ACO,NO2,1,158.0,12.886075949367088,6.671523936665973,3.0,8.0,12.5,16.0,36.0
2015-07-26,ACO,NOX,1,158.0,21.443037974683545,15.229243437547298,3.0,10.0,17.0,29.0,77.0
2015-07-26,ACO,O3,1,158.0,27.949367088607595,22.68302697993961,1.0,5.25,23.0,46.75,80.0
2015-07-26,ACO,PM10,2,160.0,21.36875,8.835051601006798,1.0,16.0,21.0,27.0,50.0
2015-07-26,ACO,SO2,1,158.0,2.0759493670886076,1.2288687967854701,1.0,1.0,2.0,2.0,10.0
2015-07-26,AJM,CO,15,157.0,0.5923566878980893,0.2146975813682352,0.3,0.4,0.6,0.7,1.4
2015-07-26,AJM,NO,1,157.0,5.598726114649682,8.756579850290061,0.0,1.0,2.0,7.0,53.0
2015-07-26,AJM,NO2,1,157.0,17.777070063694268,8.512885200527924,4.0,11.0,16.0,23.0,38.0
2015-07-26,AJM,NOX,1,157.0,23.40764331210191,15.086483768172853,4.0,12.0,19.0,31.0,89.0
2015-07-26,AJM,O3,1,159.0,45.15723270440252,30.19274256648462,4.0,23.5,34.0,63.0,130.0
2015-07-26,AJM,PM10,2,161.0,25.248447204968944,13.569281049442438,3.0,15.0,24.0,33.0,73.0
2015-07-26,AJM,PM2.5,2,161.0,17.229813664596275,10.641456929859846,1.0,9.0,15.0,23.0,57.0
2015-07-26,AJM,PMCO,2,161.0,8.012422360248447,3.624547519414927,2.0,5.0,8.0,10.0,19.0
2015-07-26,AJM,SO2,1,159.0,1.7358490566037736,1.9501795768941845,0.0,1.0,1.0,2.0,13.0
2015-07-26,AJU,O3,1,112.0,39.607142857142854,26.763009682371052,2.0,18.5,36.0,57.0,109.0
2015-07-26,ATI,CO,15,157.0,0.5363057324840762,0.31238389971357583,0.1,0.3,0.5,0.6,2.1
2015-07-26,ATI,NO,1,157.0,13.13375796178344,20.09914385898362,1.0,2.0,4.0,13.0,118.0
2015-07-26,ATI,NO2,1,157.0,19.67515923566879,8.37825065924247,5.0,14.0,18.0,24.0,60.0
2015-07-26,ATI,NOX,1,157.0,32.81528662420382,24.451108111864563,7.0,18.0,27.0,39.0,137.0
2015-07-26,ATI,O3,1,157.0,33.59872611464968,28.80813183643249,2.0,9.0,26.0,53.0,106.0
2015-07-26,ATI,PM10,2,155.0,25.825806451612902,16.75420024371356,1.0,13.0,23.0,34.5,82.0
2015-07-26,ATI,SO2,1,157.0,3.8152866242038215,4.9000544947924105,1.0,2.0,2.0,4.0,28.0
2015-07-26,CAM,CO,15,138.0,0.9210144927536237,0.4144212213358969,0.3,0.6,0.8500000000000001,1.1,2.3
2015-07-26,CAM,NO,1,157.0,26.229299363057326,31.52916285605117,2.0,5.0,12.0,40.0,168.0
2015-07-26,CAM,NO2,1,157.0,32.24203821656051,10.3771205888955,12.0,25.0,31.0,39.0,69.0
2015-07-26,CAM,NOX,1,157.0,58.4203821656051,35.00808100639692,14.0,32.0,47.0,76.0,194.0
2015-07-26,CAM,O3,1,157.0,28.46496815286624,30.91189478601724,1.0,2.0,15.0,47.0,108.0
2015-07-26,CAM,PM10,2,134.0,37.365671641791046,15.814498461082499,6.0,26.0,36.5,47.0,88.0
2015-07-26,CAM,PM2.5,2,134.0,26.71641791044776,13.049133258629912,3.0,18.0,24.0,34.0,72.0
2015-07-26,CAM,PMCO,2,134.0,10.664179104477611,4.994649814018282,2.0,7.25,10.0,14.0,25.0
2015-07-26,CAM,SO2,1,157.0,3.4012738853503186,2.9457920283865877,1.0,2.0,3.0,4.0,20.0
2015-07-26,CCA,CO,15,0.0,,,,,,,
2015-07-26,CCA,NO,1,0.0,,,,,,,
2015-07-26,CCA,NO2,1,0.0,,,,,,,
2015-07-26,CCA,NOX,1,0.0,,,,,,,
2015-07-26,CCA,O3,1,0.0,,,,,,,
2015-07-26,CCA,PM2.5,2,0.0,,,,,,,
2015-07-26,CCA,SO2,1,0.0,,,,,,,
2015-07-26,CHO,CO,15,158.0,0.6544303797468356,0.37221919039108703,0.2,0.4,0.5,0.775,2.1
2015-07-26,CHO,NO,1,0.0,,,,,,,
2015-07-26,CHO,NO2,1,0.0,,,,,,,
2015-07-26,CHO,NOX,1,0.0,,,,,,,
2015-07-26,CHO,O3,1,158.0,29.955696202531644,25.647871476901436,1.0,6.0,26.5,44.5,103.0
2015-07-26,CHO,PM10,2,161.0,30.31055900621118,21.732532073151507,1.0,14.0,25.0,44.0,97.0
2015-07-26,CHO,SO2,1,158.0,2.3987341772151898,1.3399299982557864,1.0,2.0,2.0,3.0,15.0
2015-07-26,COY,NO,1,158.0,21.050632911392405,28.582832464589323,0.0,3.0,8.5,32.75,171.0
2015-07-26,COY,NO2,1,158.0,28.82278481012658,11.272264020350175,10.0,21.0,26.0,35.0,72.0
2015-07-26,COY,NOX,1,158.0,49.848101265822784,32.35121301640777,11.0,25.25,42.0,66.75,205.0
2015-07-26,COY,O3,1,67.0,31.71641791044776,27.657979269593255,1.0,9.0,23.0,52.0,102.0
2015-07-26,COY,PM2.5,2,160.0,19.91875,10.815765266585942,5.0,12.0,17.0,25.0,60.0
2015-07-26,CUA,CO,15,158.0,0.5867088607594939,0.21654626324369688,0.2,0.4,0.55,0.7,1.7
2015-07-26,CUA,NO,1,158.0,12.113924050632912,19.970671069723394,1.0,3.0,6.0,11.0,147.0
2015-07-26,CUA,NO2,1,158.0,24.00632911392405,8.490906965009462,7.0,17.25,24.0,29.0,48.0
2015-07-26,CUA,NOX,1,158.0,36.10126582278481,24.000315781738266,9.0,22.0,31.0,40.75,182.0
2015-07-26,CUA,O3,1,158.0,38.93037974683544,32.16619206491164,2.0,15.0,29.5,55.0,131.0
2015-07-26,CUA,PM10,2,160.0,24.1,15.186968925932286,1.0,13.0,23.0,32.0,74.0
2015-07-26,CUA,SO2,1,90.0,2.6333333333333333,1.9628573531370137,1.0,1.0,2.0,3.0,10.0
2015-07-26,CUT,NO,1,158.0,17.151898734177216,28.15859932803954,0.0,2.0,5.0,18.75,153.0
2015-07-26,CUT,NO2,1,158.0,15.58860759493671,8.193620127130169,3.0,9.0,14.0,21.75,41.0
2015-07-26,CUT,NOX,1,158.0,32.71518987341772,31.17325568029333,4.0,11.0,22.0,40.75,167.0
2015-07-26,CUT,O3,1,158.0,24.556962025316455,21.42844519145963,2.0,4.0,19.0,44.25,71.0
2015-07-26,CUT,PM10,2,155.0,32.096774193548384,24.180805469689506,1.0,14.5,24.0,41.5,123.0
2015-07-26,CUT,SO2,1,158.0,3.1392405063291138,5.128251156978315,1.0,1.0,2.0,2.0,46.0
2015-07-26,FAC,CO,15,130.0,0.8415384615384618,0.41944677765413396,0.2,0.6,0.8,1.0,2.4
2015-07-26,FAC,NO,1,130.0,27.161538461538463,37.378807544232096,0.0,4.0,12.5,34.5,180.0
2015-07-26,FAC,NO2,1,130.0,27.0,10.26924361095233,7.0,20.0,26.0,32.75,69.0
2015-07-26,FAC,NOX,1,130.0,54.215384615384615,39.45814868836271,7.0,27.0,45.0,66.0,208.0
2015-07-26,FAC,O3,1,130.0,33.06923076923077,30.609363835964572,4.0,6.0,23.5,50.75,119.0
2015-07-26,FAC,PM10,2,131.0,29.435114503816795,20.402902974686725,1.0,13.0,27.0,40.5,100.0
2015-07-26,FAC,SO2,1,130.0,3.830769230769231,4.259305292443798,0.0,2.0,3.0,4.0,27.0
2015-07-26,HGM,CO,15,156.0,1.023076923076923,0.3840104423724916,0.3,0.775,1.0,1.3,2.0
2015-07-26,HGM,NO,1,158.0,21.411392405063292,24.140546473435933,0.0,4.0,10.5,32.0,109.0
2015-07-26,HGM,NO2,1,158.0,33.35443037974684,10.635283153853406,12.0,26.0,32.0,39.0,74.0
2015-07-26,HGM,NOX,1,158.0,54.721518987341774,28.755918453174548,12.0,31.0,47.0,74.0,137.0
2015-07-26,HGM,O3,1,158.0,30.696202531645568,30.528197023618354,1.0,4.0,19.0,50.75,107.0
2015-07-26,HGM,PM10,2,160.0,36.575,16.787068248427367,8.0,24.0,35.0,48.0,88.0
2015-07-26,HGM,PM2.5,2,160.0,22.66875,12.261676183548019,1.0,13.0,21.0,31.0,65.0
2015-07-26,HGM,PMCO,2,160.0,13.875,5.807986260530901,1.0,10.0,14.0,18.0,28.0
2015-07-26,HGM,SO2,1,158.0,3.310126582278481,2.251402673138176,1.0,2.0,3.0,4.0,18.0
2015-07-26,IZT,CO,15,156.0,1.0782051282051281,0.4699066306426405,0.4,0.7,0.95,1.3,3.0
2015-07-26,IZT,NO,1,0.0,,,,,,,
2015-07-26,IZT,NO2,1,0.0,,,,,,,
2015-07-26,IZT,NOX,1,0.0,,,,,,,
2015-07-26,IZT,O3,1,156.0,29.378205128205128,29.828832760509165,2.0,2.75,16.0,55.25,96.0
2015-07-26,IZT,PM10,2,156.0,26.397435897435898,10.722709989176868,1.0,19.0,25.5,33.0,58.0
2015-07-26,IZT,SO2,1,156.0,3.16025641025641,2.1597395149738063,1.0,2.0,3.0,4.0,17.0
2015-07-26,LLA,CO,15,0.0,,,,,,,
2015-07-26,LLA,NO,1,0.0,,,,,,,
2015-07-26,LLA,NO2,1,0.0,,,,,,,
2015-07-26,LLA,NOX,1,0.0,,,,,,,
2015-07-26,LLA,O3,1,158.0,26.60759493670886,25.965885370925147,0.0,3.0,16.0,48.25,90.0
2015-07-26,LLA,SO2,1,158.0,3.3734177215189876,3.7628492003603027,1.0,2.0,2.0,4.0,39.0
2015-07-26,LPR,CO,15,158.0,0.561392405063291,0.4715774697816298,0.0,0.2,0.4,0.8,2.4
2015-07-26,LPR,NO,1,0.0,,,,,,,
2015-07-26,LPR,NO2,1,0.0,,,,,,,
2015-07-26,LPR,NOX,1,0.0,,,,,,,
2015-07-26,LPR,O3,1,158.0,24.09493670886076,21.503603008627564,1.0,3.0,18.0,43.5,74.0
2015-07-26,LPR,SO2,1,158.0,2.537974683544304,4.124860277038177,0.0,1.0,2.0,3.0,41.0
2015-07-26,MER,CO,15,23.0,0.9217391304347827,0.30593600302132473,0.5,0.75,0.9,1.1,1.6
2015-07-26,MER,NO,1,156.0,28.73076923076923,31.407282113023527,0.0,5.0,16.0,42.5,142.0
2015-07-26,MER,NO2,1,156.0,34.72435897435897,12.094559543620305,11.0,28.0,34.0,41.25,75.0
2015-07-26,MER,NOX,1,156.0,63.52564102564103,37.38456619928893,11.0,33.0,55.0,88.0,179.0
2015-07-26,MER,O3,1,156.0,27.641025641025642,28.85267331896564,2.0,3.0,14.0,49.25,97.0
2015-07-26,MER,PM10,2,152.0,41.473684210526315,21.05808660591616,4.0,26.0,38.0,55.0,103.0
2015-07-26,MER,PM2.5,2,152.0,25.5,15.615835060468639,1.0,14.0,22.0,33.0,81.0
2015-07-26,MER,PMCO,2,152.0,15.980263157894736,6.84692650605335,3.0,11.0,16.0,21.0,40.0
2015-07-26,MER,SO2,1,156.0,3.423076923076923,1.9968958540968482,1.0,2.0,3.0,4.0,14.0
2015-07-26,MGH,CO,15,157.0,0.7452229299363063,0.33654463259314926,0.2,0.5,0.7,0.9,2.1
2015-07-26,MGH,NO,1,157.0,25.261146496815286,37.04452388625301,0.0,3.0,8.0,35.0,212.0
2015-07-26,MGH,NO2,1,157.0,28.21656050955414,8.330757400338957,10.0,23.0,28.0,33.0,59.0
2015-07-26,MGH,NOX,1,157.0,53.50955414012739,39.362975222786176,12.0,28.0,39.0,66.0,243.0
2015-07-26,MGH,O3,1,157.0,31.598726114649683,32.92373858584985,0.0,4.0,20.0,52.0,119.0
2015-07-26,MGH,PM10,2,157.0,29.261146496815286,14.220852555141262,7.0,19.0,25.0,37.0,76.0
2015-07-26,MGH,PM2.5,2,157.0,20.254777070063696,11.00402284166948,4.0,12.0,17.0,26.0,59.0
2015-07-26,MGH,PMCO,2,157.0,9.019108280254777,4.372805438716305,2.0,6.0,9.0,11.0,30.0
2015-07-26,MGH,SO2,1,157.0,1.9681528662420382,2.692392849963281,0.0,1.0,1.0,2.0,19.0
2015-07-26,MON,CO,15,83.0,0.3228915662650602,0.22378414098696303,0.1,0.2,0.2,0.4,1.3
2015-07-26,MON,NO,1,83.0,10.349397590361447,20.34605117493724,1.0,1.5,3.0,8.5,139.0
2015-07-26,MON,NO2,1,83.0,14.72289156626506,5.0226638860756925,5.0,11.0,14.0,17.5,33.0
2015-07-26,MON,NOX,1,83.0,24.987951807228917,23.220834828747886,6.0,13.0,16.0,27.0,161.0
2015-07-26,MON,O3,1,83.0,26.14457831325301,18.333051939531856,0.0,12.0,26.0,40.0,65.0
2015-07-26,MON,SO2,1,0.0,,,,,,,
2015-07-26,NEZ,CO,15,157.0,0.704458598726115,0.47654525292215355,0.1,0.3,0.6,0.9,2.7
2015-07-26,NEZ,NO,1,157.0,17.318471337579616,25.26120929575837,0.0,2.0,6.0,22.0,147.0
2015-07-26,NEZ,NO2,1,157.0,27.50955414012739,12.220525941509807,7.0,18.0,29.0,35.0,69.0
2015-07-26,NEZ,NOX,1,157.0,44.802547770700635,33.17560879785449,8.0,21.0,38.0,59.0,188.0
2015-07-26,NEZ,O3,1,157.0,29.121019108280255,27.286549311221734,0.0,4.0,21.0,56.0,93.0
2015-07-26,NEZ,PM2.5,2,159.0,15.80503144654088,9.301203125811865,1.0,8.5,15.0,21.0,50.0
2015-07-26,NEZ,SO2,1,157.0,2.159235668789809,1.6622102760470787,1.0,1.0,2.0,3.0,12.0
2015-07-26,PED,CO,15,158.0,0.6025316455696205,0.29279008525567685,0.2,0.4,0.6,0.7,1.4
2015-07-26,PED,NO,1,158.0,11.227848101265822,17.861069908316622,0.0,1.0,3.0,12.0,94.0
2015-07-26,PED,NO2,1,158.0,23.854430379746834,10.499515275051781,7.0,16.0,23.0,29.75,69.0
2015-07-26,PED,NOX,1,158.0,35.14556962025316,22.769077798927068,7.0,18.0,29.0,45.0,115.0
2015-07-26,PED,O3,1,158.0,32.848101265822784,33.04352991106293,0.0,6.0,19.5,51.75,112.0
2015-07-26,PED,PM10,2,161.0,29.559006211180126,16.273384989184365,4.0,16.0,26.0,41.0,79.0
2015-07-26,PED,PM2.5,2,161.0,17.86335403726708,11.140296727651569,1.0,9.0,16.0,25.0,58.0
2015-07-26,PED,PMCO,2,161.0,11.763975155279503,6.62430706560157,1.0,7.0,11.0,16.0,49.0
2015-07-26,PED,SO2,1,158.0,2.0949367088607596,1.6072604959063734,0.0,1.0,2.0,2.0,11.0
2015-07-26,SAG,CO,15,159.0,0.8163522012578619,0.37006229613036196,0.3,0.5,0.7,1.0,2.1
2015-07-26,SAG,NO,1,157.0,17.961783439490446,22.338848921954984,1.0,3.0,7.0,26.0,108.0
2015-07-26,SAG,NO2,1,157.0,22.343949044585987,8.685172581279987,8.0,16.0,21.0,29.0,55.0
2015-07-26,SAG,NOX,1,157.0,40.34394904458599,26.814106834476515,11.0,19.0,33.0,54.0,130.0
2015-07-26,SAG,O3,1,159.0,27.30817610062893,25.829516450565972,1.0,5.0,17.0,50.0,82.0
2015-07-26,SAG,PM10,2,154.0,35.22727272727273,14.88892325356753,2.0,25.0,33.0,46.0,78.0
2015-07-26,SAG,PM2.5,2,154.0,19.850649350649352,9.813144757574106,1.0,13.0,20.0,26.0,51.0
2015-07-26,SAG,PMCO,2,154.0,15.409090909090908,7.996415566567944,1.0,9.0,15.0,20.0,42.0
2015-07-26,SAG,SO2,1,159.0,4.2075471698113205,2.776655559741697,2.0,3.0,3.0,5.0,25.0
2015-07-26,SFE,CO,15,158.0,0.5746835443037978,0.19383383416959643,0.2,0.4,0.55,0.7,1.2
2015-07-26,SFE,NO,1,0.0,,,,,,,
2015-07-26,SFE,NO2,1,0.0,,,,,,,
2015-07-26,SFE,NOX,1,0.0,,,,,,,
2015-07-26,SFE,O3,1,158.0,36.424050632911396,33.35569629325119,0.0,11.25,25.0,57.0,127.0
2015-07-26,SFE,PM10,2,156.0,28.833333333333332,18.232842870484713,2.0,16.0,25.0,38.0,83.0
2015-07-26,SFE,PM2.5,2,156.0,18.705128205128204,12.867171505972186,1.0,9.0,16.0,25.0,59.0
2015-07-26,SFE,PMCO,2,156.0,10.10897435897436,6.391096344889574,1.0,5.0,9.0,14.25,28.0
2015-07-26,SFE,SO2,1,158.0,1.7278481012658229,1.5584114653233114,0.0,1.0,1.0,2.0,9.0
2015-07-26,SJA,CO,15,102.0,0.6470588235294116,0.3746168689284172,0.1,0.4,0.5,0.875,2.1
2015-07-26,SJA,NO,1,151.0,24.271523178807946,31.455351166340407,1.0,3.0,10.0,38.0,169.0
2015-07-26,SJA,NO2,1,151.0,28.801324503311257,11.998344256632334,8.0,21.5,28.0,36.0,74.0
2015-07-26,SJA,NOX,1,151.0,53.03973509933775,36.34572524973686,9.0,25.0,42.0,74.5,194.0
2015-07-26,SJA,O3,1,151.0,28.47019867549669,29.915839271088448,1.0,2.0,16.0,48.0,102.0
2015-07-26,SJA,PM2.5,2,151.0,17.185430463576157,9.099746497208907,1.0,11.0,16.0,22.5,44.0
2015-07-26,SJA,SO2,1,151.0,2.357615894039735,1.8123442309558713,1.0,1.0,2.0,3.0,16.0
2015-07-26,TAH,CO,15,156.0,0.39230769230769214,0.26238077760494505,0.1,0.2,0.3,0.6,1.4
2015-07-26,TAH,NO,1,156.0,5.891025641025641,9.931750141679839,0.0,1.0,1.0,6.0,57.0
2015-07-26,TAH,NO2,1,156.0,16.58974358974359,9.2533319508107,3.0,10.0,15.0,21.0,49.0
2015-07-26,TAH,NOX,1,156.0,22.48076923076923,16.42872038833259,4.0,10.0,18.0,33.0,83.0
2015-07-26,TAH,O3,1,156.0,33.78846153846154,27.31489245587341,1.0,10.75,26.0,49.0,112.0
2015-07-26,TAH,PM10,2,150.0,24.74,16.996024011949533,1.0,12.0,24.5,35.75,119.0
2015-07-26,TAH,SO2,1,152.0,2.2171052631578947,1.1788296090294097,1.0,2.0,2.0,2.0,10.0
2015-07-26,TLA,CO,15,158.0,0.9784810126582284,0.4159773652820469,0.4,0.7,0.9,1.2,2.5
2015-07-26,TLA,NO,1,156.0,28.903846153846153,34.162378637090264,0.0,8.0,12.0,36.0,168.0
2015-07-26,TLA,NO2,1,156.0,31.262820512820515,10.305095626162364,11.0,24.0,30.0,38.0,66.0
2015-07-26,TLA,NOX,1,156.0,60.07051282051282,38.39793545852763,15.0,33.0,47.5,77.0,197.0
2015-07-26,TLA,O3,1,158.0,28.936708860759495,29.195951980186372,2.0,4.0,17.0,47.0,106.0
2015-07-26,TLA,PM10,2,92.0,41.02173913043478,18.055456854284067,4.0,27.0,36.5,51.0,93.0
2015-07-26,TLA,PM2.5,2,92.0,23.77173913043478,12.826914749741391,1.0,13.0,22.0,33.0,57.0
2015-07-26,TLA,PMCO,2,92.0,17.282608695652176,8.704332743211218,3.0,12.0,15.0,19.0,46.0
2015-07-26,TLA,SO2,1,135.0,6.007407407407407,5.7100282252175045,1.0,3.0,4.0,6.0,34.0
2015-07-26,TLI,CO,15,157.0,0.5796178343949043,0.3094119429645958,0.2,0.3,0.5,0.8,1.5
2015-07-26,TLI,NO,1,157.0,16.726114649681527,23.421612708320627,1.0,3.0,5.0,20.0,108.0
2015-07-26,TLI,NO2,1,157.0,22.681528662420384,10.764398953387914,5.0,12.0,21.0,32.0,47.0
2015-07-26,TLI,NOX,1,157.0,39.394904458598724,29.991400041230502,7.0,16.0,31.0,57.0,138.0
2015-07-26,TLI,O3,1,157.0,27.496815286624205,25.472364160918225,0.0,5.0,17.0,48.0,93.0
2015-07-26,TLI,PM10,2,155.0,34.980645161290326,23.008318926875226,1.0,19.0,32.0,49.0,112.0
2015-07-26,TLI,SO2,1,157.0,3.2802547770700636,5.329928073436437,0.0,1.0,2.0,4.0,49.0
2015-07-26,UAX,CO,15,157.0,0.7222929936305731,0.3481818575286982,0.2,0.5,0.7,0.9,2.1
2015-07-26,UAX,NO,1,157.0,13.815286624203821,20.710402952675533,1.0,2.0,5.0,19.0,122.0
2015-07-26,UAX,NO2,1,157.0,22.503184713375795,12.197952856735814,4.0,14.0,20.0,29.0,66.0
2015-07-26,UAX,NOX,1,157.0,36.29936305732484,27.20870547155556,5.0,16.0,30.0,49.0,163.0
2015-07-26,UAX,O3,1,157.0,33.29299363057325,32.39188350903324,1.0,5.0,21.0,58.0,111.0
2015-07-26,UAX,PM2.5,2,158.0,14.487341772151899,7.758896551144694,1.0,9.0,14.0,19.0,37.0
2015-07-26,UAX,SO2,1,157.0,1.3375796178343948,1.2276417883925055,0.0,1.0,1.0,2.0,7.0
2015-07-26,UIZ,CO,15,157.0,0.9407643312101918,0.4656062238014639,0.2,0.6,0.9,1.2,2.3
2015-07-26,UIZ,NO,1,157.0,21.286624203821656,26.567536329284867,1.0,3.0,8.0,33.0,131.0
2015-07-26,UIZ,NO2,1,157.0,29.203821656050955,13.742941709829973,4.0,21.0,28.0,36.0,74.0
2015-07-26,UIZ,NOX,1,157.0,50.46496815286624,34.38051189607505,5.0,24.0,41.0,70.0,160.0
2015-07-26,UIZ,O3,1,157.0,30.579617834394906,29.75931816762156,2.0,5.0,18.0,59.0,103.0
2015-07-26,UIZ,PM10,2,156.0,37.35897435897436,20.076289567851966,6.0,22.75,35.0,50.25,121.0
2015-07-26,UIZ,PM2.5,2,156.0,24.012820512820515,14.924751980210672,1.0,14.0,20.5,34.0,92.0
2015-07-26,UIZ,PMCO,2,156.0,13.365384615384615,6.253862330165656,2.0,9.0,13.0,18.0,34.0
2015-07-26,UIZ,SO2,1,157.0,2.7643312101910826,1.3873980784396884,1.0,2.0,2.0,3.0,9.0
2015-07-26,VIF,CO,15,150.0,0.4813333333333333,0.3024256892844091,0.2,0.3,0.4,0.6,1.7
2015-07-26,VIF,NO,1,150.0,13.213333333333333,23.24557738600936,1.0,1.0,4.0,12.75,128.0
2015-07-26,VIF,NO2,1,150.0,17.64666666666667,8.716363279161655,4.0,11.0,16.0,24.0,40.0
2015-07-26,VIF,NOX,1,150.0,30.80666666666667,28.32000660397552,5.0,13.0,20.5,36.75,151.0
2015-07-26,VIF,O3,1,150.0,29.833333333333332,24.604363847861247,1.0,8.0,23.5,51.75,93.0
2015-07-26,VIF,PM10,2,151.0,36.80794701986755,22.23442233168744,1.0,22.0,32.0,49.0,142.0
2015-07-26,VIF,SO2,1,150.0,3.1,4.620860200578304,0.0,1.0,2.0,3.0,28.0
2015-07-26,XAL,CO,15,158.0,1.2265822784810119,0.5874936206748368,0.5,0.8,1.05,1.5,3.8
2015-07-26,XAL,NO,1,135.0,37.77037037037037,44.401314479120366,3.0,9.0,17.0,51.5,257.0
2015-07-26,XAL,NO2,1,135.0,32.1037037037037,10.813392797459567,13.0,25.0,31.0,38.0,67.0
2015-07-26,XAL,NOX,1,135.0,69.88888888888889,49.23165870560806,18.0,35.0,55.0,93.5,287.0
2015-07-26,XAL,O3,1,135.0,22.40740740740741,21.502966229363302,1.0,3.0,14.0,43.0,71.0
2015-07-26,XAL,PM10,2,119.0,59.260504201680675,29.76246703167301,15.0,38.0,52.0,78.5,159.0
2015-07-26,XAL,PM2.5,2,119.0,26.201680672268907,14.455999770157465,1.0,16.0,22.0,33.0,69.0
2015-07-26,XAL,PMCO,2,119.0,33.08403361344538,18.156840160364634,7.0,21.5,30.0,42.0,100.0
2015-07-26,XAL,SO2,1,135.0,4.074074074074074,3.4155693339572384,1.0,2.0,3.0,5.0,32.0
2015-08-02,ACO,CO,15,158.0,0.21265822784810146,0.13341863486531244,0.1,0.1,0.2,0.3,0.7
2015-08-02,ACO,NO,1,158.0,5.841772151898734,8.39511698525769,0.0,1.0,2.0,6.75,40.0
2015-08-02,ACO,NO2,1,158.0,10.018987341772151,4.700550881101704,2.0,6.0,10.0,14.0,23.0
2015-08-02,ACO,NOX,1,158.0,15.860759493670885,11.9299806217804,3.0,8.0,11.5,20.75,60.0
2015-08-02,ACO,O3,1,158.0,30.658227848101266,19.887509171419527,1.0,13.25,28.0,45.75,75.0
2015-08-02,ACO,PM10,2,161.0,29.08695652173913,10.72461613785537,5.0,23.0,28.0,36.0,63.0
2015-08-02,ACO,SO2,1,158.0,1.7911392405063291,1.1061714398654225,1.0,1.0,2.0,2.0,9.0
2015-08-02,AJM,CO,15,129.0,0.503875968992248,0.1502098015980449,0.3,0.4,0.5,0.6,1.0
2015-08-02,AJM,NO,1,149.0,3.577181208053691,4.801718735154777,0.0,1.0,2.0,5.0,32.0
2015-08-02,AJM,NO2,1,149.0,14.114093959731544,6.466681969434918,2.0,10.0,14.0,17.0,38.0
2015-08-02,AJM,NOX,1,149.0,17.71812080536913,9.900914875085327,2.0,11.0,17.0,23.0,64.0
2015-08-02,AJM,O3,1,149.0,50.395973154362416,31.922164373199152,13.0,28.0,37.0,68.0,139.0
2015-08-02,AJM,PM10,2,156.0,31.384615384615383,12.583379482712719,12.0,22.0,29.0,39.0,89.0
2015-08-02,AJM,PM2.5,2,156.0,17.474358974358974,8.515222587546807,7.0,12.0,15.0,21.0,60.0
2015-08-02,AJM,PMCO,2,156.0,13.878205128205128,6.192964737629461,4.0,8.75,13.0,18.0,31.0
2015-08-02,AJM,SO2,1,149.0,1.74496644295302,1.907149997701068,0.0,0.0,1.0,2.0,8.0
2015-08-02,AJU,O3,1,157.0,44.24203821656051,34.47135586695456,4.0,13.0,35.0,70.0,130.0
2015-08-02,ATI,CO,15,155.0,0.44645161290322566,0.3207696546507858,0.2,0.3,0.4,0.5,2.1
2015-08-02,ATI,NO,1,155.0,10.987096774193548,20.09296158242762,1.0,2.0,3.0,9.0,135.0
2015-08-02,ATI,NO2,1,155.0,16.335483870967742,8.113862932040023,7.0,12.0,15.0,19.0,65.0
2015-08-02,ATI,NOX,1,155.0,27.283870967741937,25.163299093758425,8.0,14.0,20.0,29.0,161.0
2015-08-02,ATI,O3,1,155.0,32.54838709677419,24.938415978916833,2.0,10.0,26.0,52.5,91.0
2015-08-02,ATI,PM10,2,161.0,38.80124223602485,17.60604295255481,2.0,27.0,37.0,48.0,109.0
2015-08-02,ATI,SO2,1,155.0,7.554838709677419,8.206856442549839,1.0,2.0,5.0,10.0,56.0
2015-08-02,BJU,CO,15,46.0,0.5065217391304349,0.17179079513957082,0.3,0.4,0.5,0.6,1.0
2015-08-02,BJU,O3,1,46.0,37.56521739130435,32.67391223993237,1.0,16.0,23.0,59.75,113.0
2015-08-02,BJU,PM10,2,46.0,35.19565217391305,12.135566763704466,18.0,25.25,33.0,44.5,66.0
2015-08-02,BJU,PM2.5,2,46.0,21.32608695652174,8.786490508669385,6.0,14.25,19.5,26.75,44.0
2015-08-02,BJU,PMCO,2,46.0,13.891304347826088,5.078181042983207,6.0,10.0,12.0,18.0,26.0
2015-08-02,CAM,CO,15,89.0,0.6404494382022472,0.19407068834201735,0.3,0.5,0.6,0.8,1.2
2015-08-02,CAM,NO,1,156.0,15.237179487179487,20.459278888527418,2.0,5.0,7.5,16.25,171.0
2015-08-02,CAM,NO2,1,156.0,26.756410256410255,7.293277324178615,13.0,21.0,26.0,32.0,48.0
2015-08-02,CAM,NOX,1,156.0,42.0,24.926472519353087,17.0,26.0,34.0,49.25,205.0
2015-08-02,CAM,O3,1,158.0,29.189873417721518,26.921719950244942,1.0,8.0,19.0,49.75,101.0
2015-08-02,CAM,PM10,2,138.0,42.61594202898551,13.408420093287454,16.0,34.0,42.0,52.0,93.0
2015-08-02,CAM,PM2.5,2,138.0,23.536231884057973,9.385622970500012,4.0,17.0,23.0,29.0,47.0
2015-08-02,CAM,PMCO,2,138.0,19.10144927536232,8.142247985896255,6.0,13.0,18.0,23.0,70.0
2015-08-02,CAM,SO2,1,158.0,5.341772151898734,5.751512846563739,1.0,2.0,3.0,6.0,27.0
2015-08-02,CCA,CO,15,135.0,0.5022222222222219,0.19526738906901706,0.2,0.4,0.4,0.6,1.1
2015-08-02,CCA,NO,1,135.0,7.118518518518519,10.663126485489618,0.0,1.0,2.0,8.5,51.0
2015-08-02,CCA,NO2,1,135.0,18.651851851851852,7.111393547459144,7.0,13.5,17.0,22.0,40.0
2015-08-02,CCA,NOX,1,135.0,25.785185185185185,15.274300523929115,8.0,15.5,20.0,34.0,77.0
2015-08-02,CCA,O3,1,132.0,37.17424242424242,31.407320635451125,1.0,13.75,23.0,57.25,113.0
2015-08-02,CCA,PM2.5,2,138.0,16.86231884057971,6.159903341958394,6.0,13.0,16.0,20.0,34.0
2015-08-02,CCA,SO2,1,135.0,2.9703703703703703,3.206664563529545,1.0,1.0,2.0,4.0,22.0
2015-08-02,CHO,CO,15,158.0,0.6329113924050632,0.2721565299824011,0.3,0.42500000000000004,0.5,0.775,1.8
2015-08-02,CHO,NO,1,0.0,,,,,,,
2015-08-02,CHO,NO2,1,0.0,,,,,,,
2015-08-02,CHO,NOX,1,0.0,,,,,,,
2015-08-02,CHO,O3,1,158.0,33.322784810126585,28.225043987902012,1.0,8.0,26.0,59.75,103.0
2015-08-02,CHO,PM10,2,161.0,49.43478260869565,25.875853273055466,1.0,31.0,46.0,64.0,150.0
2015-08-02,CHO,SO2,1,158.0,2.329113924050633,0.8774821969971378,1.0,2.0,2.0,3.0,6.0
2015-08-02,COY,NO,1,158.0,9.886075949367088,13.375981270531472,0.0,2.0,3.0,10.75,59.0
2015-08-02,COY,NO2,1,158.0,23.246835443037973,8.738731932132124,6.0,17.0,21.5,28.75,56.0
2015-08-02,COY,NOX,1,158.0,33.177215189873415,19.570066505340808,6.0,19.0,25.0,41.75,91.0
2015-08-02,COY,O3,1,0.0,,,,,,,
2015-08-02,COY,PM2.5,2,161.0,19.273291925465838,9.050543890866281,6.0,13.0,17.0,23.0,54.0
2015-08-02,CUA,CO,15,158.0,0.5310126582278476,0.19250342001567033,0.3,0.4,0.5,0.6,1.5
2015-08-02,CUA,NO,1,158.0,9.082278481012658,14.045406434461613,1.0,2.0,3.0,8.0,84.0
2015-08-02,CUA,NO2,1,158.0,18.341772151898734,8.274565550893579,6.0,14.0,16.0,21.0,56.0
2015-08-02,CUA,NOX,1,158.0,27.39873417721519,21.057984815792253,7.0,16.25,20.0,28.0,129.0
2015-08-02,CUA,O3,1,158.0,45.24683544303797,31.18522570102233,2.0,21.0,34.0,64.75,119.0
2015-08-02,CUA,PM10,2,160.0,33.31875,15.417613008520583,1.0,21.0,33.0,45.0,71.0
2015-08-02,CUA,SO2,1,0.0,,,,,,,
2015-08-02,CUT,NO,1,156.0,15.775641025641026,28.996011676346466,0.0,1.0,3.0,13.25,139.0
2015-08-02,CUT,NO2,1,156.0,12.320512820512821,5.820971185444063,3.0,7.0,12.0,17.0,26.0
2015-08-02,CUT,NOX,1,156.0,28.057692307692307,32.64278616836723,3.0,9.0,14.0,31.25,157.0
2015-08-02,CUT,O3,1,156.0,26.05128205128205,19.8031587157184,2.0,6.0,23.5,40.5,67.0
2015-08-02,CUT,PM10,2,157.0,46.1656050955414,30.02709185559916,1.0,25.0,41.0,58.0,159.0
2015-08-02,CUT,SO2,1,156.0,4.92948717948718,6.832665544646238,1.0,1.75,2.0,5.0,49.0
2015-08-02,FAC,CO,15,66.0,0.5015151515151515,0.2586904442006816,0.2,0.3,0.5,0.6,1.5
2015-08-02,FAC,NO,1,66.0,14.848484848484848,21.70943958050891,0.0,2.0,8.0,17.0,123.0
2015-08-02,FAC,NO2,1,66.0,19.78787878787879,7.231374274145537,7.0,15.0,18.5,23.75,38.0
2015-08-02,FAC,NOX,1,66.0,34.515151515151516,24.869655544453508,7.0,17.25,29.5,41.0,142.0
2015-08-02,FAC,O3,1,66.0,34.10606060606061,27.71677014587644,1.0,12.75,23.5,49.75,100.0
2015-08-02,FAC,PM10,2,69.0,39.17391304347826,16.68034817817867,7.0,29.0,36.0,49.0,97.0
2015-08-02,FAC,SO2,1,66.0,7.863636363636363,9.778919813929994,1.0,3.0,4.5,8.0,51.0
2015-08-02,HGM,CO,15,158.0,0.7784810126582278,0.29633467311586703,0.3,0.6,0.7,1.0,1.8
2015-08-02,HGM,NO,1,158.0,13.246835443037975,17.316715060745253,0.0,2.0,4.0,19.0,73.0
2015-08-02,HGM,NO2,1,158.0,25.974683544303797,8.036500622528802,13.0,19.25,25.0,31.0,49.0
2015-08-02,HGM,NOX,1,158.0,39.19620253164557,23.14712260412596,16.0,22.0,29.5,50.5,115.0
2015-08-02,HGM,O3,1,158.0,31.955696202531644,29.003919115086976,1.0,9.0,18.5,55.5,110.0
2015-08-02,HGM,PM10,2,161.0,40.88198757763975,15.877019116472864,8.0,31.0,40.0,50.0,93.0
2015-08-02,HGM,PM2.5,2,161.0,20.86335403726708,9.700191296058252,2.0,14.0,20.0,25.0,56.0
2015-08-02,HGM,PMCO,2,161.0,20.062111801242235,8.126107186865207,1.0,15.0,19.0,25.0,42.0
2015-08-02,HGM,SO2,1,158.0,5.322784810126582,4.7608661998113995,1.0,2.0,3.0,7.0,21.0
2015-08-02,IZT,CO,15,158.0,0.7911392405063292,0.3721823652091379,0.4,0.5,0.7,0.975,2.4
2015-08-02,IZT,NO,1,43.0,11.0,14.133715179028647,1.0,2.0,4.0,13.5,52.0
2015-08-02,IZT,NO2,1,43.0,27.0,7.124738925876846,13.0,23.0,26.0,29.5,45.0
2015-08-02,IZT,NOX,1,43.0,38.04651162790697,18.201195000501755,15.0,25.5,34.0,43.0,91.0
2015-08-02,IZT,O3,1,158.0,31.71518987341772,28.945389338830058,2.0,8.25,19.5,54.75,97.0
2015-08-02,IZT,PM10,2,159.0,33.16352201257862,12.005206789079603,7.0,25.0,32.0,38.5,70.0
2015-08-02,IZT,SO2,1,158.0,4.177215189873418,4.205727043703289,1.0,1.0,2.5,5.0,18.0
2015-08-02,LLA,CO,15,0.0,,,,,,,
2015-08-02,LLA,NO,1,0.0,,,,,,,
2015-08-02,LLA,NO2,1,0.0,,,,,,,
2015-08-02,LLA,NOX,1,0.0,,,,,,,
2015-08-02,LLA,O3,1,158.0,27.468354430379748,21.9210136470253,1.0,10.0,20.5,44.0,82.0
2015-08-02,LLA,SO2,1,158.0,3.481012658227848,3.8585194332022263,1.0,2.0,2.0,3.0,23.0
2015-08-02,LPR,CO,15,158.0,0.3696202531645573,0.3570417843411899,0.0,0.1,0.2,0.5,2.1
2015-08-02,LPR,NO,1,0.0,,,,,,,
2015-08-02,LPR,NO2,1,0.0,,,,,,,
2015-08-02,LPR,NOX,1,0.0,,,,,,,
2015-08-02,LPR,O3,1,158.0,25.810126582278482,17.660330838752525,1.0,11.25,21.0,40.0,61.0
2015-08-02,LPR,SO2,1,158.0,1.6329113924050633,1.561293071717465,0.0,1.0,1.0,2.0,12.0
2015-08-02,MER,CO,15,0.0,,,,,,,
2015-08-02,MER,NO,1,157.0,20.452229299363058,22.456637948434853,1.0,5.0,10.0,28.0,110.0
2015-08-02,MER,NO2,1,157.0,29.019108280254777,9.442451426580305,12.0,22.0,29.0,35.0,64.0
2015-08-02,MER,NOX,1,157.0,49.49044585987261,28.559119481685094,15.0,29.0,38.0,68.0,145.0
2015-08-02,MER,O3,1,157.0,28.719745222929937,27.308971568695153,2.0,7.0,16.0,49.0,100.0
2015-08-02,MER,PM10,2,154.0,49.23376623376623,19.54408196798049,13.0,35.0,46.0,60.0,118.0
2015-08-02,MER,PM2.5,2,154.0,25.435064935064936,13.808648102332704,1.0,16.0,23.0,32.75,74.0
2015-08-02,MER,PMCO,2,154.0,23.863636363636363,8.142576058003288,10.0,18.0,23.0,29.0,52.0
2015-08-02,MER,SO2,1,157.0,5.012738853503185,4.4419146673630046,1.0,2.0,3.0,6.0,23.0
2015-08-02,MGH,CO,15,158.0,0.605696202531645,0.30935389230802407,0.3,0.4,0.5,0.7,2.2
2015-08-02,MGH,NO,1,158.0,17.77848101265823,38.269347701184564,0.0,3.0,5.5,18.75,257.0
2015-08-02,MGH,NO2,1,158.0,23.310126582278482,8.3283736483894,9.0,17.0,21.0,27.75,59.0
2015-08-02,MGH,NOX,1,158.0,41.107594936708864,42.7593749459833,12.0,21.0,28.0,45.0,298.0
2015-08-02,MGH,O3,1,158.0,34.620253164556964,30.449416673093708,1.0,11.25,23.0,52.5,117.0
2015-08-02,MGH,PM10,2,161.0,34.962732919254655,13.117206352134287,13.0,26.0,32.0,42.0,77.0
2015-08-02,MGH,PM2.5,2,161.0,19.51552795031056,8.966678307811451,4.0,14.0,17.0,24.0,52.0
2015-08-02,MGH,PMCO,2,161.0,15.422360248447205,7.1112936161017855,4.0,10.0,14.0,20.0,36.0
2015-08-02,MGH,SO2,1,158.0,3.518987341772152,4.490217986547838,0.0,1.0,2.0,5.0,29.0
2015-08-02,MON,CO,15,135.0,0.3170370370370374,0.27792964339509113,0.0,0.1,0.2,0.4,1.4
2015-08-02,MON,NO,1,158.0,14.373417721518987,26.760671822613993,1.0,1.0,2.0,13.75,142.0
2015-08-02,MON,NO2,1,158.0,15.79746835443038,5.5600479923590695,8.0,12.0,15.0,18.75,36.0
2015-08-02,MON,NOX,1,158.0,30.158227848101266,29.552182531597822,8.0,13.0,17.0,34.0,161.0
2015-08-02,MON,O3,1,158.0,28.196202531645568,22.665515449310284,1.0,8.0,23.0,48.0,75.0
2015-08-02,MON,SO2,1,0.0,,,,,,,
2015-08-02,NEZ,CO,15,158.0,0.44936708860759483,0.2276288283498566,0.1,0.3,0.4,0.6,1.2
2015-08-02,NEZ,NO,1,158.0,8.183544303797468,9.344666115497473,0.0,2.0,4.0,11.75,44.0
2015-08-02,NEZ,NO2,1,158.0,21.525316455696203,9.321367390388948,7.0,14.0,20.0,28.0,47.0
2015-08-02,NEZ,NOX,1,158.0,29.67721518987342,16.895809975943955,8.0,17.0,25.5,40.5,83.0
2015-08-02,NEZ,O3,1,158.0,31.89240506329114,26.949252957051684,0.0,10.0,22.0,57.75,88.0
2015-08-02,NEZ,PM2.5,2,161.0,16.304347826086957,6.420712069409505,4.0,12.0,15.0,19.0,40.0
2015-08-02,NEZ,SO2,1,158.0,2.5569620253164556,1.6645179516267141,1.0,2.0,2.0,3.0,10.0
2015-08-02,PED,CO,15,158.0,0.34430379746835416,0.17430249381045787,0.0,0.2,0.3,0.5,0.9
2015-08-02,PED,NO,1,158.0,4.3734177215189876,7.169009896384648,0.0,0.0,1.0,5.0,37.0
2015-08-02,PED,NO2,1,158.0,18.67721518987342,7.786374664245043,5.0,14.0,18.0,22.0,49.0
2015-08-02,PED,NOX,1,158.0,23.09493670886076,13.057339481195202,5.0,14.0,19.0,29.5,68.0
2015-08-02,PED,O3,1,158.0,38.936708860759495,31.85490264025979,1.0,16.25,25.5,57.25,122.0
2015-08-02,PED,PM10,2,159.0,33.59119496855346,13.495528484255134,12.0,23.0,31.0,42.0,80.0
2015-08-02,PED,PM2.5,2,159.0,16.77987421383648,8.487256119605076,4.0,11.0,15.0,20.0,48.0
2015-08-02,PED,PMCO,2,159.0,16.79874213836478,7.4168640155723216,5.0,10.0,17.0,22.0,40.0
2015-08-02,PED,SO2,1,158.0,2.6962025316455698,2.852440815933118,1.0,1.0,2.0,3.0,24.0
2015-08-02,SAG,CO,15,159.0,0.6257861635220124,0.3136582507895386,0.2,0.4,0.5,0.7,1.7
2015-08-02,SAG,NO,1,159.0,12.232704402515724,18.16980210301427,1.0,3.0,4.0,11.0,85.0
2015-08-02,SAG,NO2,1,159.0,17.58490566037736,6.890924031654321,7.0,12.0,17.0,22.5,44.0
2015-08-02,SAG,NOX,1,159.0,29.81132075471698,22.659887553577327,7.0,15.0,22.0,37.0,108.0
2015-08-02,SAG,O3,1,159.0,29.32075471698113,23.090718381552445,1.0,11.5,21.0,45.0,90.0
2015-08-02,SAG,PM10,2,158.0,39.550632911392405,14.184654608007346,9.0,28.25,38.5,49.0,79.0
2015-08-02,SAG,PM2.5,2,158.0,17.5126582278481,8.256815244654483,1.0,11.0,17.0,22.75,44.0
2015-08-02,SAG,PMCO,2,158.0,21.968354430379748,10.091568585235981,4.0,16.0,20.0,26.0,57.0
2015-08-02,SAG,SO2,1,159.0,4.0,2.963918036414347,2.0,3.0,3.0,4.0,22.0
2015-08-02,SFE,CO,15,156.0,0.4833333333333337,0.18026265186087215,0.2,0.4,0.4,0.6,1.3
2015-08-02,SFE,NO,1,0.0,,,,,,,
2015-08-02,SFE,NO2,1,0.0,,,,,,,
2015-08-02,SFE,NOX,1,0.0,,,,,,,
2015-08-02,SFE,O3,1,156.0,42.15384615384615,33.645237183168476,0.0,17.75,30.0,66.0,132.0
2015-08-02,SFE,PM10,2,149.0,35.29530201342282,17.833124112662667,4.0,24.0,32.0,43.0,102.0
2015-08-02,SFE,PM2.5,2,149.0,18.899328859060404,11.095862977804027,1.0,13.0,16.0,21.0,63.0
2015-08-02,SFE,PMCO,2,149.0,16.369127516778523,9.555915808353081,1.0,9.0,15.0,21.0,47.0
2015-08-02,SFE,SO2,1,156.0,2.1794871794871793,2.096039828134213,0.0,1.0,1.0,3.0,12.0
2015-08-02,SJA,CO,15,0.0,,,,,,,
2015-08-02,SJA,NO,1,115.0,17.31304347826087,31.131967329078243,1.0,2.0,3.0,14.5,135.0
2015-08-02,SJA,NO2,1,115.0,20.88695652173913,8.786717664899363,7.0,13.0,20.0,28.0,39.0
2015-08-02,SJA,NOX,1,115.0,38.23478260869565,36.76676856599802,8.0,15.0,23.0,45.5,166.0
2015-08-02,SJA,O3,1,158.0,32.81645569620253,28.183619628844262,1.0,9.25,21.0,53.75,101.0
2015-08-02,SJA,PM2.5,2,159.0,17.81761006289308,7.988801771587583,1.0,12.0,17.0,22.0,45.0
2015-08-02,SJA,SO2,1,158.0,2.6392405063291138,2.4133871707738486,1.0,1.0,2.0,3.0,13.0
2015-08-02,TAH,CO,15,158.0,0.23164556962025326,0.1741544111680531,0.0,0.1,0.2,0.3,0.8
2015-08-02,TAH,NO,1,158.0,4.449367088607595,7.353276030904911,0.0,1.0,1.0,3.75,48.0
2015-08-02,TAH,NO2,1,158.0,15.449367088607595,7.254734863578462,6.0,10.0,14.0,19.0,45.0
2015-08-02,TAH,NOX,1,158.0,19.88607594936709,13.087152587469062,6.0,11.0,15.5,23.0,68.0
2015-08-02,TAH,O3,1,158.0,39.81012658227848,29.290365342458657,1.0,15.0,29.0,66.75,107.0
2015-08-02,TAH,PM10,2,161.0,44.975155279503106,27.10925817653422,4.0,23.0,41.0,62.0,152.0
2015-08-02,TAH,SO2,1,158.0,3.240506329113924,2.5673857921419154,1.0,2.0,2.0,3.0,16.0
2015-08-02,TLA,CO,15,158.0,0.7246835443037974,0.3514640369676896,0.3,0.5,0.6,0.9,2.5
2015-08-02,TLA,NO,1,157.0,19.802547770700638,27.12044348836714,0.0,6.0,9.0,21.0,177.0
2015-08-02,TLA,NO2,1,157.0,25.878980891719745,8.813851510091384,13.0,20.0,24.0,30.0,60.0
2015-08-02,TLA,NOX,1,157.0,45.70700636942675,33.06195837547672,16.0,26.0,33.0,55.0,217.0
2015-08-02,TLA,O3,1,158.0,29.0,24.66359652667415,1.0,10.0,18.0,48.75,87.0
2015-08-02,TLA,PM10,2,159.0,47.82389937106918,17.39253971860428,10.0,36.0,46.0,58.5,99.0
2015-08-02,TLA,PM2.5,2,159.0,23.27672955974843,10.24504322858196,1.0,16.0,23.0,31.5,52.0
2015-08-02,TLA,PMCO,2,159.0,24.547169811320753,10.797736584907858,7.0,17.0,22.0,31.0,70.0
2015-08-02,TLA,SO2,1,158.0,8.151898734177216,7.511500494837727,1.0,3.0,5.0,12.0,37.0
2015-08-02,TLI,CO,15,159.0,0.411949685534591,0.24034910787220282,0.2,0.2,0.3,0.5,1.3
2015-08-02,TLI,NO,1,159.0,10.08805031446541,15.951819723899236,2.0,3.0,4.0,7.5,82.0
2015-08-02,TLI,NO2,1,159.0,15.974842767295597,7.308699243163597,6.0,10.0,15.0,21.0,39.0
2015-08-02,TLI,NOX,1,159.0,26.031446540880502,21.598881060928814,8.0,13.0,18.0,28.0,109.0
2015-08-02,TLI,O3,1,159.0,28.89937106918239,21.770144161606567,0.0,11.0,22.0,47.0,74.0
2015-08-02,TLI,PM10,2,157.0,43.37579617834395,26.452282634464176,1.0,25.0,38.0,55.0,162.0
2015-08-02,TLI,SO2,1,159.0,4.647798742138365,6.3206897203958246,0.0,1.0,2.0,6.0,44.0
2015-08-02,UAX,CO,15,159.0,0.5396226415094337,0.2577946557774398,0.2,0.3,0.5,0.7,1.3
2015-08-02,UAX,NO,1,154.0,10.116883116883116,16.88250362901292,1.0,1.0,2.0,10.0,80.0
2015-08-02,UAX,NO2,1,154.0,18.396103896103895,8.849813580377594,6.0,12.25,16.5,23.0,53.0
2015-08-02,UAX,NOX,1,154.0,28.584415584415584,21.982673301334838,7.0,14.0,20.0,37.0,105.0
2015-08-02,UAX,O3,1,158.0,37.58227848101266,32.39450594094041,1.0,12.25,24.5,64.0,122.0
2015-08-02,UAX,PM2.5,2,157.0,16.547770700636942,7.188350493602801,1.0,11.0,17.0,21.0,44.0
2015-08-02,UAX,SO2,1,158.0,2.3607594936708862,3.436815209252979,0.0,1.0,1.0,3.0,23.0
2015-08-02,UIZ,CO,15,150.0,0.6293333333333332,0.33986706178563547,0.2,0.4,0.55,0.8,2.2
2015-08-02,UIZ,NO,1,150.0,13.593333333333334,20.084752193978208,1.0,2.0,5.0,16.5,118.0
2015-08-02,UIZ,NO2,1,150.0,24.086666666666666,9.938695758401908,6.0,17.0,25.0,31.0,49.0
2015-08-02,UIZ,NOX,1,150.0,37.733333333333334,26.905668339855783,7.0,18.25,31.0,47.75,158.0
2015-08-02,UIZ,O3,1,150.0,31.94,29.30818196683892,3.0,7.0,18.5,56.0,101.0
2015-08-02,UIZ,PM10,2,136.0,41.23529411764706,14.851978441155838,15.0,30.75,39.0,50.0,96.0
2015-08-02,UIZ,PM2.5,2,136.0,20.24264705882353,10.229584056950385,1.0,13.0,18.0,25.0,60.0
2015-08-02,UIZ,PMCO,2,136.0,21.051470588235293,7.874308767256434,8.0,15.0,20.0,25.0,48.0
2015-08-02,UIZ,SO2,1,150.0,3.58,3.303993922350065,1.0,2.0,2.0,4.0,17.0
2015-08-02,VIF,CO,15,158.0,0.2993670886075949,0.16100671958246193,0.1,0.2,0.2,0.3,0.9
2015-08-02,VIF,NO,1,158.0,6.0,11.190874353231248,0.0,1.0,1.0,5.0,61.0
2015-08-02,VIF,NO2,1,158.0,12.322784810126583,6.176046792154032,4.0,7.0,11.0,15.75,28.0
2015-08-02,VIF,NOX,1,158.0,18.27848101265823,16.083727353324235,5.0,8.0,12.0,20.0,86.0
2015-08-02,VIF,O3,1,158.0,32.9873417721519,21.163298161372705,2.0,17.0,28.5,50.0,78.0
2015-08-02,VIF,PM10,2,160.0,48.29375,25.04752636577162,1.0,33.0,46.0,57.0,153.0
2015-08-02,VIF,SO2,1,155.0,3.8,4.848885264850916,0.0,1.0,2.0,4.0,23.0
2015-08-02,XAL,CO,15,154.0,0.9032467532467531,0.5072569872689588,0.4,0.5,0.7,1.1,3.1
2015-08-02,XAL,NO,1,154.0,27.883116883116884,35.30815752212462,1.0,8.0,13.0,31.25,236.0
2015-08-02,XAL,NO2,1,154.0,24.649350649350648,8.942468600650885,7.0,18.0,24.0,31.0,55.0
2015-08-02,XAL,NOX,1,154.0,52.532467532467535,40.242592600762755,8.0,26.0,36.5,65.75,267.0
2015-08-02,XAL,O3,1,153.0,22.908496732026144,18.03883219070086,1.0,8.0,18.0,37.0,70.0
2015-08-02,XAL,PM10,2,154.0,60.55194805194805,27.312292764423336,19.0,40.0,52.5,77.0,186.0
2015-08-02,XAL,PM2.5,2,154.0,21.623376623376622,10.591696045733267,2.0,13.0,18.0,29.75,53.0
2015-08-02,XAL,PMCO,2,154.0,38.85064935064935,20.227394375838877,12.0,25.25,32.0,47.75,145.0
2015-08-02,XAL,SO2,1,154.0,2.844155844155844,2.266925792944546,1.0,1.0,2.0,4.0,15.0
2015-08-09,ACO,CO,15,158.0,0.23544303797468366,0.14588886327930767,0.1,0.1,0.2,0.3,0.7
2015-08-09,ACO,NO,1,158.0,6.246835443037975,8.927654529578307,0.0,1.0,2.0,6.75,43.0
2015-08-09,ACO,NO2,1,158.0,11.341772151898734,5.351078410150261,3.0,7.0,10.0,15.0,26.0
2015-08-09,ACO,NOX,1,158.0,17.563291139240505,12.645299997601793,4.0,8.25,12.0,23.0,58.0
2015-08-09,ACO,O3,1,158.0,31.949367088607595,22.47795734660631,1.0,11.0,27.0,51.0,86.0
2015-08-09,ACO,PM10,2,161.0,27.149068322981368,9.62302653802601,1.0,20.0,28.0,33.0,59.0
2015-08-09,ACO,SO2,1,158.0,2.8544303797468356,1.8539884682341141,1.0,2.0,2.0,4.0,10.0
2015-08-09,AJM,CO,15,142.0,0.5514084507042252,0.18896354689658712,0.2,0.4,0.5,0.7,1.1
2015-08-09,AJM,NO,1,142.0,4.197183098591549,5.514956371707754,0.0,1.0,2.0,5.0,22.0
2015-08-09,AJM,NO2,1,142.0,15.985915492957746,7.6352912557533665,2.0,11.0,15.0,21.0,34.0
2015-08-09,AJM,NOX,1,142.0,20.239436619718308,11.753333359963143,2.0,12.0,17.5,26.75,52.0
2015-08-09,AJM,O3,1,142.0,53.88028169014085,30.355922318029542,15.0,30.0,44.5,73.0,139.0
2015-08-09,AJM,PM10,2,161.0,27.720496894409937,15.176137181494926,3.0,17.0,25.0,37.0,70.0
2015-08-09,AJM,PM2.5,2,161.0,18.074534161490682,10.579197036537703,2.0,10.0,16.0,23.0,51.0
2015-08-09,AJM,PMCO,2,161.0,9.590062111801242,5.596284537183398,1.0,5.0,9.0,13.0,26.0
2015-08-09,AJM,SO2,1,142.0,2.8450704225352115,2.9781611125032805,0.0,1.0,2.0,4.0,16.0
2015-08-09,AJU,O3,1,158.0,46.70886075949367,29.606184540144223,6.0,24.0,40.5,66.0,124.0
2015-08-09,ATI,CO,15,158.0,0.5006329113924052,0.2742672543488017,0.2,0.3,0.4,0.6,1.5
2015-08-09,ATI,NO,1,158.0,10.10126582278481,14.637091821335721,1.0,2.0,3.0,11.0,74.0
2015-08-09,ATI,NO2,1,158.0,18.227848101265824,8.121606579304927,5.0,12.0,16.0,24.0,41.0
2015-08-09,ATI,NOX,1,158.0,28.27848101265823,19.952131702187128,6.0,14.25,20.0,34.0,100.0
2015-08-09,ATI,O3,1,158.0,35.39873417721519,26.014924641827644,2.0,14.0,28.0,56.75,112.0
2015-08-09,ATI,PM10,2,161.0,34.52173913043478,18.30713213358449,1.0,21.0,31.0,46.0,93.0
2015-08-09,ATI,SO2,1,158.0,5.4113924050632916,4.7055053091527,1.0,2.0,4.0,6.0,26.0
2015-08-09,BJU,CO,15,155.0,0.5387096774193552,0.38059882699967906,0.0,0.3,0.5,0.7,1.7
2015-08-09,BJU,O3,1,159.0,34.937106918238996,32.448339766503004,1.0,9.5,23.0,59.5,118.0
2015-08-09,BJU,PM10,2,155.0,37.29032258064516,17.897241948853054,6.0,25.5,34.0,47.0,100.0
2015-08-09,BJU,PM2.5,2,155.0,23.574193548387097,12.67984820420877,1.0,15.0,20.0,30.0,59.0
2015-08-09,BJU,PMCO,2,155.0,13.741935483870968,6.691571272855631,2.0,9.0,13.0,18.0,41.0
2015-08-09,CAM,CO,15,158.0,0.8569620253164556,0.42521887786190676,0.3,0.5,0.7,1.0,2.4
2015-08-09,CAM,NO,1,135.0,20.45925925925926,30.11861202798004,1.0,4.5,8.0,19.0,155.0
2015-08-09,CAM,NO2,1,135.0,31.977777777777778,11.164620737799627,11.0,24.0,30.0,39.0,64.0
2015-08-09,CAM,NOX,1,135.0,52.50370370370371,35.413311030183394,14.0,28.5,38.0,62.5,189.0
2015-08-09,CAM,O3,1,158.0,30.341772151898734,28.476333262468035,0.0,7.0,21.0,51.25,104.0
2015-08-09,CAM,PM10,2,159.0,40.660377358490564,17.470347459710936,7.0,29.0,37.0,50.0,87.0
2015-08-09,CAM,PM2.5,2,159.0,25.968553459119498,12.462308431369355,2.0,18.0,24.0,31.0,62.0
2015-08-09,CAM,PMCO,2,159.0,14.69182389937107,7.122748087867677,1.0,10.0,14.0,19.0,45.0
2015-08-09,CAM,SO2,1,158.0,4.025316455696203,3.8868541585112766,0.0,2.0,3.0,4.75,25.0
2015-08-09,CCA,CO,15,158.0,0.6620253164556958,0.27591367498348635,0.2,0.5,0.6,0.8,1.5
2015-08-09,CCA,NO,1,158.0,11.246835443037975,16.895213473923214,0.0,1.0,3.0,12.0,81.0
2015-08-09,CCA,NO2,1,158.0,24.069620253164558,9.082156572518448,6.0,18.0,24.0,29.0,51.0
2015-08-09,CCA,NOX,1,158.0,35.35443037974684,21.396790029320197,7.0,20.25,30.0,40.0,106.0
2015-08-09,CCA,O3,1,158.0,37.21518987341772,33.19875329025795,1.0,10.0,28.0,62.0,125.0
2015-08-09,CCA,PM2.5,2,161.0,16.614906832298136,8.666791586135872,1.0,11.0,15.0,21.0,50.0
2015-08-09,CCA,SO2,1,158.0,2.930379746835443,2.338046134593004,1.0,1.0,2.0,3.0,13.0
2015-08-09,CHO,CO,15,154.0,0.6714285714285716,0.3858128310674056,0.2,0.4,0.55,0.8,2.7
2015-08-09,CHO,NO,1,0.0,,,,,,,
2015-08-09,CHO,NO2,1,0.0,,,,,,,
2015-08-09,CHO,NOX,1,0.0,,,,,,,
2015-08-09,CHO,O3,1,154.0,34.59090909090909,26.91055473287196,1.0,9.5,31.5,53.75,92.0
2015-08-09,CHO,PM10,2,147.0,40.054421768707485,25.16977484862511,3.0,22.0,34.0,56.0,125.0
2015-08-09,CHO,SO2,1,154.0,2.590909090909091,1.532282830100269,1.0,2.0,2.0,3.0,10.0
2015-08-09,COY,NO,1,155.0,13.561290322580644,19.416850317348967,1.0,2.0,4.0,17.5,117.0
2015-08-09,COY,NO2,1,155.0,27.870967741935484,10.503994093416898,10.0,20.0,27.0,34.0,65.0
2015-08-09,COY,NOX,1,155.0,41.42580645161291,24.93001851601898,10.0,23.0,34.0,51.0,134.0
2015-08-09,COY,O3,1,0.0,,,,,,,
2015-08-09,COY,PM2.5,2,158.0,20.88607594936709,10.916576936919036,4.0,14.0,18.0,25.0,54.0
2015-08-09,CUA,CO,15,158.0,0.6424050632911391,0.2007293401565338,0.3,0.5,0.6,0.7,1.6
2015-08-09,CUA,NO,1,158.0,10.784810126582279,17.139867398037744,1.0,3.0,4.0,13.0,120.0
2015-08-09,CUA,NO2,1,158.0,23.0,7.956890216084926,7.0,17.0,23.0,29.0,48.0
2015-08-09,CUA,NOX,1,158.0,33.79113924050633,22.418729032501332,8.0,20.0,27.0,42.0,153.0
2015-08-09,CUA,O3,1,158.0,43.936708860759495,31.539215008730437,2.0,20.0,33.5,64.5,132.0
2015-08-09,CUA,PM10,2,156.0,28.955128205128204,14.936140602996803,1.0,18.0,28.0,39.25,72.0
2015-08-09,CUA,SO2,1,0.0,,,,,,,
2015-08-09,CUT,NO,1,155.0,12.638709677419355,21.795949781913254,0.0,2.0,3.0,11.0,116.0
2015-08-09,CUT,NO2,1,155.0,15.670967741935485,7.763642937100911,4.0,10.0,14.0,21.0,38.0
2015-08-09,CUT,NOX,1,155.0,28.329032258064515,26.310856402667888,5.0,12.0,18.0,34.0,138.0
2015-08-09,CUT,O3,1,155.0,26.529032258064515,21.199212702061935,1.0,7.0,19.0,46.5,72.0
2015-08-09,CUT,PM10,2,142.0,41.61971830985915,30.700274306156917,1.0,20.0,32.0,57.75,143.0
2015-08-09,CUT,SO2,1,155.0,4.967741935483871,6.980882386490203,1.0,2.0,2.0,5.0,47.0
2015-08-09,FAC,CO,15,156.0,0.6711538461538467,0.4209067961168713,0.2,0.4,0.55,0.8,2.3
2015-08-09,FAC,NO,1,156.0,21.397435897435898,34.6498949376389,0.0,3.0,6.5,20.25,162.0
2015-08-09,FAC,NO2,1,156.0,23.794871794871796,10.097408130366885,6.0,16.0,22.0,30.0,57.0
2015-08-09,FAC,NOX,1,156.0,45.22435897435897,38.002983536177126,6.0,22.0,32.0,54.0,181.0
2015-08-09,FAC,O3,1,156.0,35.57692307692308,29.025247844022758,1.0,12.0,27.0,57.0,120.0
2015-08-09,FAC,PM10,2,154.0,34.54545454545455,20.10758349092018,1.0,20.0,31.5,47.0,113.0
2015-08-09,FAC,SO2,1,156.0,5.17948717948718,4.091670814948224,1.0,2.0,4.0,6.0,23.0
2015-08-09,HGM,CO,15,150.0,0.8340000000000001,0.34869459339526204,0.2,0.6,0.8,1.0,1.9
2015-08-09,HGM,NO,1,152.0,14.394736842105264,20.02652476017804,0.0,2.0,6.0,19.25,103.0
2015-08-09,HGM,NO2,1,152.0,31.598684210526315,11.258115464861177,12.0,22.0,30.0,39.0,71.0
2015-08-09,HGM,NOX,1,152.0,45.9671052631579,26.91153468031457,12.0,25.75,38.0,57.0,149.0
2015-08-09,HGM,O3,1,152.0,31.82894736842105,29.643528115754535,1.0,8.0,20.0,50.0,111.0
2015-08-09,HGM,PM10,2,157.0,41.36305732484077,20.952679550273196,7.0,28.0,37.0,48.0,142.0
2015-08-09,HGM,PM2.5,2,157.0,23.89171974522293,15.072295699877422,1.0,14.0,21.0,28.0,123.0
2015-08-09,HGM,PMCO,2,157.0,17.445859872611464,8.18644510092719,3.0,11.0,16.0,23.0,40.0
2015-08-09,HGM,SO2,1,152.0,4.4605263157894735,3.096423014180494,1.0,2.0,3.5,5.0,15.0
2015-08-09,IZT,CO,15,158.0,0.955063291139241,0.43296452074447644,0.4,0.6,0.9,1.1,2.8
2015-08-09,IZT,NO,1,158.0,16.70253164556962,24.039645994423644,0.0,3.0,6.0,17.0,115.0
2015-08-09,IZT,NO2,1,158.0,30.879746835443036,10.155076290102034,12.0,23.25,29.5,36.75,61.0
2015-08-09,IZT,NOX,1,158.0,47.563291139240505,29.357978015794007,12.0,27.0,38.0,59.0,141.0
2015-08-09,IZT,O3,1,158.0,34.360759493670884,31.074231722224464,2.0,9.0,24.0,59.0,119.0
2015-08-09,IZT,PM10,2,161.0,31.242236024844722,13.879290506684564,5.0,21.0,30.0,39.0,74.0
2015-08-09,IZT,SO2,1,158.0,3.740506329113924,2.8779424261510083,0.0,2.0,3.0,5.0,19.0
2015-08-09,LLA,CO,15,0.0,,,,,,,
2015-08-09,LLA,NO,1,0.0,,,,,,,
2015-08-09,LLA,NO2,1,0.0,,,,,,,
2015-08-09,LLA,NOX,1,0.0,,,,,,,
2015-08-09,LLA,O3,1,154.0,29.09090909090909,23.54979806093114,0.0,10.25,22.5,48.5,86.0
2015-08-09,LLA,SO2,1,155.0,4.638709677419355,6.372509822757392,1.0,2.0,3.0,5.0,53.0
2015-08-09,LPR,CO,15,156.0,0.46089743589743604,0.3713226087047736,0.0,0.2,0.3,0.7,1.7
2015-08-09,LPR,NO,1,0.0,,,,,,,
2015-08-09,LPR,NO2,1,0.0,,,,,,,
2015-08-09,LPR,NOX,1,0.0,,,,,,,
2015-08-09,LPR,O3,1,156.0,26.371794871794872,19.459542131906844,1.0,9.0,23.0,45.0,70.0
2015-08-09,LPR,SO2,1,156.0,2.5448717948717947,2.4947504852103775,0.0,1.0,2.0,3.0,14.0
2015-08-09,MER,CO,15,62.0,0.7774193548387097,0.3712713447366061,0.3,0.5,0.7,0.975,1.9
2015-08-09,MER,NO,1,115.0,21.0,22.575409693004854,3.0,6.0,10.0,27.5,99.0
2015-08-09,MER,NO2,1,115.0,32.48695652173913,10.268641770647298,16.0,24.5,31.0,40.0,60.0
2015-08-09,MER,NOX,1,115.0,53.573913043478264,29.179439068946085,20.0,30.0,44.0,70.5,139.0
2015-08-09,MER,O3,1,115.0,31.295652173913044,27.902704991503388,2.0,9.0,21.0,50.0,106.0
2015-08-09,MER,PM10,2,107.0,44.41121495327103,23.882950921868467,6.0,29.0,40.0,53.0,116.0
2015-08-09,MER,PM2.5,2,107.0,26.08411214953271,15.436492841075875,1.0,16.0,24.0,33.0,77.0
2015-08-09,MER,PMCO,2,107.0,18.327102803738317,9.628745976202579,1.0,12.0,17.0,23.5,41.0
2015-08-09,MER,SO2,1,115.0,4.626086956521739,2.7256445224107395,1.0,3.0,4.0,6.0,15.0
2015-08-09,MGH,CO,15,155.0,0.7593548387096778,0.3397280757895667,0.3,0.5,0.7,0.9,2.1
2015-08-09,MGH,NO,1,155.0,21.903225806451612,35.75162773399971,0.0,3.0,6.0,24.0,245.0
2015-08-09,MGH,NO2,1,155.0,28.858064516129033,9.607517828605863,11.0,22.0,29.0,34.0,63.0
2015-08-09,MGH,NOX,1,155.0,50.70967741935484,39.92866492086605,12.0,25.0,36.0,64.0,279.0
2015-08-09,MGH,O3,1,155.0,34.52903225806452,31.12090158223507,0.0,11.0,23.0,53.5,121.0
2015-08-09,MGH,PM10,2,157.0,33.99363057324841,14.922232945957461,9.0,23.0,31.0,42.0,80.0
2015-08-09,MGH,PM2.5,2,157.0,22.15286624203822,10.714335954090778,5.0,15.0,20.0,28.0,58.0
2015-08-09,MGH,PMCO,2,157.0,11.815286624203821,5.48754026449915,2.0,8.0,11.0,15.0,27.0
2015-08-09,MGH,SO2,1,155.0,2.903225806451613,3.159759553461839,0.0,1.0,2.0,4.0,15.0
2015-08-09,MON,CO,15,158.0,0.33924050632911446,0.29665554947899564,0.1,0.1,0.2,0.4,1.5
2015-08-09,MON,NO,1,158.0,14.265822784810126,26.245149438780793,0.0,1.0,3.0,11.75,152.0
2015-08-09,MON,NO2,1,158.0,16.911392405063292,5.425088859333242,6.0,13.0,16.0,20.0,35.0
2015-08-09,MON,NOX,1,158.0,31.20886075949367,28.057732519002254,7.0,14.0,22.0,35.0,170.0
2015-08-09,MON,O3,1,158.0,29.234177215189874,22.184853879965065,0.0,8.25,26.0,44.75,80.0
2015-08-09,MON,SO2,1,0.0,,,,,,,
2015-08-09,NEZ,CO,15,153.0,0.5908496732026146,0.3121149158150482,0.2,0.4,0.5,0.7,1.8
2015-08-09,NEZ,NO,1,153.0,8.967320261437909,12.603476076826045,0.0,1.0,3.0,10.0,67.0
2015-08-09,NEZ,NO2,1,153.0,23.65359477124183,10.29327850528396,7.0,15.0,23.0,30.0,57.0
2015-08-09,NEZ,NOX,1,153.0,32.6078431372549,20.185728183323526,9.0,17.0,26.0,42.0,108.0
2015-08-09,NEZ,O3,1,129.0,34.542635658914726,28.267142960052233,0.0,11.0,25.0,60.0,102.0
2015-08-09,NEZ,PM2.5,2,154.0,16.805194805194805,8.107188710356528,1.0,12.0,16.0,20.0,64.0
2015-08-09,NEZ,SO2,1,153.0,3.34640522875817,3.146259812601869,1.0,2.0,2.0,4.0,21.0
2015-08-09,PED,CO,15,117.0,0.5111111111111111,0.22390645282541155,0.2,0.3,0.5,0.7,1.1
2015-08-09,PED,NO,1,150.0,6.76,10.828547901931708,0.0,1.0,2.0,7.0,61.0
2015-08-09,PED,NO2,1,150.0,21.6,9.069456078345985,4.0,15.0,21.0,27.0,45.0
2015-08-09,PED,NOX,1,150.0,28.38,17.077663106561392,4.0,16.0,25.0,35.0,87.0
2015-08-09,PED,O3,1,150.0,37.21333333333333,32.64936491086426,0.0,10.25,27.0,53.0,125.0
2015-08-09,PED,PM10,2,152.0,32.1578947368421,16.856663061776203,6.0,20.0,28.5,39.25,94.0
2015-08-09,PED,PM2.5,2,152.0,18.86842105263158,10.533883651112875,3.0,12.0,16.0,22.25,58.0
2015-08-09,PED,PMCO,2,152.0,13.322368421052632,7.343602859816479,2.0,7.0,12.0,18.0,35.0
2015-08-09,PED,SO2,1,150.0,2.8066666666666666,2.7822463684199747,0.0,1.0,2.0,3.0,15.0
2015-08-09,SAG,CO,15,139.0,0.6568345323741005,0.3050422540729211,0.2,0.4,0.6,0.8,1.6
2015-08-09,SAG,NO,1,140.0,12.878571428571428,17.235344251557066,0.0,2.75,5.0,17.0,89.0
2015-08-09,SAG,NO2,1,140.0,20.464285714285715,7.708176275910787,7.0,14.0,20.5,25.25,48.0
2015-08-09,SAG,NOX,1,140.0,33.30714285714286,21.75365558581709,8.0,17.0,26.0,47.25,108.0
2015-08-09,SAG,O3,1,138.0,30.17391304347826,24.304309504463063,1.0,12.0,24.0,44.75,97.0
2015-08-09,SAG,PM10,2,115.0,36.71304347826087,14.970594110602589,7.0,27.0,35.0,45.0,97.0
2015-08-09,SAG,PM2.5,2,115.0,20.17391304347826,10.219744280081912,1.0,13.0,20.0,25.0,63.0
2015-08-09,SAG,PMCO,2,115.0,16.582608695652173,7.527706261276679,5.0,11.0,15.0,22.0,38.0
2015-08-09,SAG,SO2,1,135.0,3.259259259259259,1.9583840542459547,1.0,2.0,3.0,4.0,15.0
2015-08-09,SFE,CO,15,155.0,0.4832258064516132,0.16149438285382864,0.2,0.4,0.5,0.6,0.9
2015-08-09,SFE,NO,1,0.0,,,,,,,
2015-08-09,SFE,NO2,1,0.0,,,,,,,
2015-08-09,SFE,NOX,1,0.0,,,,,,,
2015-08-09,SFE,O3,1,155.0,42.651612903225804,33.70143808800794,2.0,16.5,32.0,64.5,132.0
2015-08-09,SFE,PM10,2,142.0,28.514084507042252,16.48843820821121,2.0,17.25,27.0,37.0,87.0
2015-08-09,SFE,PM2.5,2,142.0,18.366197183098592,10.884616558914786,1.0,10.0,17.0,23.75,56.0
2015-08-09,SFE,PMCO,2,142.0,10.147887323943662,6.829168960893699,1.0,5.0,8.0,15.0,35.0
2015-08-09,SFE,SO2,1,155.0,2.7225806451612904,2.9597636880726377,0.0,1.0,2.0,3.0,21.0
2015-08-09,SJA,CO,15,43.0,0.7790697674418605,0.35493670766093316,0.4,0.5,0.7,0.9,1.8
2015-08-09,SJA,NO,1,0.0,,,,,,,
2015-08-09,SJA,NO2,1,0.0,,,,,,,
2015-08-09,SJA,NOX,1,0.0,,,,,,,
2015-08-09,SJA,O3,1,155.0,34.9741935483871,30.549926857543483,1.0,9.0,26.0,59.0,118.0
2015-08-09,SJA,PM2.5,2,156.0,18.737179487179485,8.912558866104058,2.0,13.0,19.0,23.25,50.0
2015-08-09,SJA,SO2,1,155.0,3.3483870967741933,2.661884764322777,1.0,1.0,3.0,4.0,19.0
2015-08-09,TAH,CO,15,155.0,0.40064516129032235,0.20113211210207763,0.1,0.3,0.4,0.5,1.5
2015-08-09,TAH,NO,1,155.0,5.541935483870968,8.057616151676541,1.0,2.0,2.0,5.0,50.0
2015-08-09,TAH,NO2,1,155.0,15.896774193548387,6.873791930268795,6.0,10.0,15.0,20.0,42.0
2015-08-09,TAH,NOX,1,155.0,21.419354838709676,12.569738432297976,7.0,12.0,18.0,26.0,79.0
2015-08-09,TAH,O3,1,155.0,42.21290322580645,31.0244953697094,1.0,17.0,33.0,67.0,125.0
2015-08-09,TAH,PM10,2,129.0,37.51937984496124,28.8317047642418,1.0,15.0,30.0,55.0,163.0
2015-08-09,TAH,SO2,1,155.0,2.4838709677419355,1.877255660375376,1.0,1.0,2.0,3.0,11.0
2015-08-09,TLA,CO,15,158.0,0.8348101265822787,0.366760168288891,0.3,0.6,0.7,1.0,1.8
2015-08-09,TLA,NO,1,154.0,21.824675324675326,25.663771957184462,0.0,6.0,11.0,26.75,123.0
2015-08-09,TLA,NO2,1,154.0,29.974025974025974,10.314624462540676,11.0,23.0,28.0,37.0,62.0
2015-08-09,TLA,NOX,1,154.0,51.746753246753244,31.926296184845892,12.0,29.0,41.0,62.0,150.0
2015-08-09,TLA,O3,1,158.0,28.753164556962027,26.464177616698443,0.0,6.0,18.0,50.75,111.0
2015-08-09,TLA,PM10,2,161.0,42.36645962732919,17.305233832931076,9.0,31.0,40.0,52.0,104.0
2015-08-09,TLA,PM2.5,2,161.0,24.422360248447205,11.450240036541153,3.0,17.0,22.0,32.0,60.0
2015-08-09,TLA,PMCO,2,161.0,17.993788819875775,7.665260020385756,2.0,13.0,18.0,23.0,47.0
2015-08-09,TLA,SO2,1,158.0,6.69620253164557,5.91522795783177,1.0,3.0,5.0,8.0,47.0
2015-08-09,TLI,CO,15,154.0,0.49870129870129876,0.31849051924347066,0.1,0.3,0.4,0.6749999999999999,1.7
2015-08-09,TLI,NO,1,154.0,12.03896103896104,17.7638404539017,1.0,3.0,4.0,12.75,102.0
2015-08-09,TLI,NO2,1,154.0,20.974025974025974,9.985576560276881,6.0,12.0,20.0,28.0,44.0
2015-08-09,TLI,NOX,1,154.0,32.922077922077925,24.94949996683693,7.0,15.0,24.0,44.75,145.0
2015-08-09,TLI,O3,1,154.0,29.805194805194805,23.91435642926347,0.0,11.0,22.0,49.0,97.0
2015-08-09,TLI,PM10,2,157.0,45.3312101910828,22.70953389958292,1.0,30.0,42.0,57.0,118.0
2015-08-09,TLI,SO2,1,154.0,5.876623376623376,7.538422645014991,1.0,2.0,3.0,6.75,60.0
2015-08-09,UAX,CO,15,158.0,0.5721518987341769,0.2651458960771653,0.2,0.325,0.5,0.7,1.3
2015-08-09,UAX,NO,1,158.0,10.189873417721518,13.997794138656484,1.0,1.25,3.0,14.75,65.0
2015-08-09,UAX,NO2,1,158.0,22.196202531645568,9.301365464281087,7.0,15.0,21.0,28.0,51.0
2015-08-09,UAX,NOX,1,158.0,32.31645569620253,19.35194936035632,8.0,17.0,28.0,41.75,89.0
2015-08-09,UAX,O3,1,158.0,39.08860759493671,33.9635210351663,1.0,11.0,27.0,66.75,133.0
2015-08-09,UAX,PM2.5,2,159.0,17.49056603773585,9.148471494748819,1.0,11.0,17.0,22.0,55.0
2015-08-09,UAX,SO2,1,158.0,2.1265822784810124,1.6768721915191722,0.0,1.0,2.0,3.0,12.0
2015-08-09,UIZ,CO,15,89.0,0.7067415730337079,0.3343235207811402,0.3,0.4,0.7,0.9,2.1
2015-08-09,UIZ,NO,1,157.0,13.140127388535031,19.922110702821204,0.0,1.0,4.0,17.0,114.0
2015-08-09,UIZ,NO2,1,157.0,26.02547770700637,11.165393561900446,7.0,17.0,26.0,32.0,59.0
2015-08-09,UIZ,NOX,1,157.0,39.13375796178344,26.9895743264998,7.0,19.0,31.0,52.0,142.0
2015-08-09,UIZ,O3,1,157.0,36.904458598726116,30.545422973153478,2.0,12.0,28.0,66.0,107.0
2015-08-09,UIZ,PM10,2,119.0,43.134453781512605,21.46298523226611,10.0,29.0,39.0,54.0,115.0
2015-08-09,UIZ,PM2.5,2,119.0,25.142857142857142,15.015407744502188,4.0,16.0,22.0,30.0,75.0
2015-08-09,UIZ,PMCO,2,119.0,17.915966386554622,8.343859847301065,3.0,13.0,17.0,23.0,42.0
2015-08-09,UIZ,SO2,1,157.0,3.8535031847133756,2.3853594219960184,1.0,2.0,3.0,5.0,15.0
2015-08-09,VIF,CO,15,158.0,0.3803797468354428,0.22130443071064967,0.2,0.2,0.3,0.4,1.3
2015-08-09,VIF,NO,1,158.0,7.341772151898734,12.907200455213616,0.0,1.0,2.0,6.0,71.0
2015-08-09,VIF,NO2,1,158.0,15.158227848101266,7.726636987232412,5.0,9.0,13.0,20.0,37.0
2015-08-09,VIF,NOX,1,158.0,22.449367088607595,18.60468657769317,6.0,11.0,15.0,28.5,94.0
2015-08-09,VIF,O3,1,158.0,33.68987341772152,22.5422185364348,2.0,16.0,29.5,53.0,79.0
2015-08-09,VIF,PM10,2,157.0,45.955414012738856,25.843549001399765,1.0,29.0,42.0,58.0,123.0
2015-08-09,VIF,SO2,1,158.0,5.348101265822785,9.213619948217396,0.0,1.0,2.5,5.0,61.0
2015-08-09,XAL,CO,15,158.0,0.9455696202531646,0.47331261625036575,0.4,0.6,0.75,1.2,2.4
2015-08-09,XAL,NO,1,158.0,28.253164556962027,32.776396802791226,1.0,7.25,12.0,35.75,143.0
2015-08-09,XAL,NO2,1,158.0,28.867088607594937,9.474138066692312,13.0,21.0,28.0,35.0,55.0
2015-08-09,XAL,NOX,1,158.0,57.14556962025316,38.08469039741688,16.0,30.0,40.0,76.75,173.0
2015-08-09,XAL,O3,1,158.0,25.018987341772153,19.293400580881567,2.0,10.0,19.0,40.0,74.0
2015-08-09,XAL,PM10,2,161.0,56.8944099378882,24.059977785856333,11.0,39.0,52.0,73.0,120.0
2015-08-09,XAL,PM2.5,2,161.0,26.37888198757764,13.015828872654863,1.0,16.0,24.0,34.0,66.0
2015-08-09,XAL,PMCO,2,161.0,30.490683229813666,14.557265373526699,7.0,21.0,28.0,38.0,86.0
2015-08-09,XAL,SO2,1,158.0,4.544303797468355,4.4026554475591,1.0,2.0,4.0,6.0,31.0
2015-08-16,ACO,CO,15,121.0,0.23140495867768585,0.14550661946640064,0.0,0.1,0.2,0.3,0.7
2015-08-16,ACO,NO,1,153.0,5.052287581699346,8.08815805073038,0.0,1.0,1.0,5.0,45.0
2015-08-16,ACO,NO2,1,153.0,8.529411764705882,4.639729494623769,2.0,4.0,8.0,12.0,19.0
2015-08-16,ACO,NOX,1,153.0,13.607843137254902,11.466906212248157,3.0,6.0,9.0,17.0,62.0
2015-08-16,ACO,O3,1,153.0,27.333333333333332,16.343757862028905,1.0,16.0,26.0,39.0,80.0
2015-08-16,ACO,PM10,2,155.0,20.01290322580645,9.496401982196048,1.0,14.0,19.0,25.0,64.0
2015-08-16,ACO,SO2,1,153.0,1.4248366013071896,0.9297198959726115,1.0,1.0,1.0,2.0,9.0
2015-08-16,AJM,CO,15,158.0,0.49493670886075986,0.13859967020228509,0.2,0.4,0.5,0.6,0.9
2015-08-16,AJM,NO,1,158.0,4.056962025316456,4.750117224012568,0.0,1.0,2.0,6.0,25.0
2015-08-16,AJM,NO2,1,158.0,14.170886075949367,6.25182066523431,3.0,10.0,13.0,18.0,33.0
2015-08-16,AJM,NOX,1,158.0,18.29746835443038,9.379140355316402,3.0,11.25,17.0,24.75,49.0
2015-08-16,AJM,O3,1,154.0,40.883116883116884,25.949157945195065,7.0,23.0,32.0,53.0,120.0
2015-08-16,AJM,PM10,2,161.0,22.70807453416149,10.161594210280684,5.0,15.0,21.0,28.0,55.0
2015-08-16,AJM,PM2.5,2,161.0,13.385093167701863,7.256085473415784,1.0,8.0,12.0,17.0,40.0
2015-08-16,AJM,PMCO,2,161.0,9.341614906832298,5.031284117973898,2.0,5.0,8.0,12.0,27.0
2015-08-16,AJM,SO2,1,158.0,1.9367088607594938,3.783442883779989,0.0,0.0,1.0,2.0,37.0
2015-08-16,AJU,O3,1,158.0,38.06962025316456,26.923131221299883,3.0,17.0,30.5,55.5,115.0
2015-08-16,ATI,CO,15,156.0,0.3128205128205129,0.1702817205418805,0.1,0.2,0.3,0.4,1.3
2015-08-16,ATI,NO,1,156.0,7.269230769230769,10.047850775709106,1.0,2.0,4.0,8.0,88.0
2015-08-16,ATI,NO2,1,156.0,13.429487179487179,4.6574424374219685,5.0,10.0,12.0,17.0,28.0
2015-08-16,ATI,NOX,1,156.0,20.685897435897434,13.004616791704786,6.0,13.0,17.0,24.0,106.0
2015-08-16,ATI,O3,1,156.0,28.03205128205128,19.126208963448093,2.0,13.0,25.0,39.0,84.0
2015-08-16,ATI,PM10,2,155.0,27.63225806451613,16.756475528605723,1.0,17.0,23.0,35.0,86.0
2015-08-16,ATI,SO2,1,156.0,6.878205128205129,12.419725698865916,1.0,2.0,2.0,7.0,98.0
2015-08-16,BJU,CO,15,156.0,0.3596153846153848,0.1876093560339249,0.1,0.2,0.3,0.5,1.0
2015-08-16,BJU,O3,1,161.0,29.67080745341615,25.745576415550385,0.0,11.0,21.0,43.0,105.0
2015-08-16,BJU,PM10,2,120.0,28.558333333333334,14.748761995237325,7.0,18.75,23.5,35.25,92.0
2015-08-16,BJU,PM2.5,2,120.0,16.958333333333332,11.802574732155827,1.0,9.0,14.0,21.0,71.0
2015-08-16,BJU,PMCO,2,120.0,11.641666666666667,5.032325478333845,3.0,8.0,11.0,15.0,24.0
2015-08-16,CAM,CO,15,153.0,0.5437908496732027,0.2605232753920152,0.2,0.4,0.5,0.7,1.9
2015-08-16,CAM,NO,1,153.0,15.84967320261438,19.028638818560776,2.0,5.0,9.0,17.0,110.0
2015-08-16,CAM,NO2,1,153.0,23.73856209150327,7.083869038201905,12.0,19.0,23.0,27.0,51.0
2015-08-16,CAM,NOX,1,153.0,39.549019607843135,23.317020318482115,15.0,25.0,32.0,45.0,149.0
2015-08-16,CAM,O3,1,153.0,24.15686274509804,22.29146569260214,0.0,7.0,17.0,35.0,101.0
2015-08-16,CAM,PM10,2,161.0,31.714285714285715,12.696174902026875,7.0,23.0,32.0,39.0,69.0
2015-08-16,CAM,PM2.5,2,161.0,17.62111801242236,10.162396432054594,1.0,10.0,16.0,24.0,50.0
2015-08-16,CAM,PMCO,2,161.0,14.130434782608695,5.972991749097147,5.0,9.0,13.0,18.0,36.0
2015-08-16,CAM,SO2,1,152.0,4.690789473684211,7.134686795087393,0.0,1.0,2.0,5.0,36.0
2015-08-16,CCA,CO,15,158.0,0.3455696202531644,0.18393952783243164,0.1,0.2,0.3,0.4,0.9
2015-08-16,CCA,NO,1,158.0,6.974683544303797,9.4288818845866,0.0,1.0,3.0,10.0,57.0
2015-08-16,CCA,NO2,1,158.0,18.68354430379747,7.053109363189223,6.0,13.0,18.0,23.0,45.0
2015-08-16,CCA,NOX,1,158.0,25.696202531645568,14.109087671218635,7.0,15.0,22.0,33.0,79.0
2015-08-16,CCA,O3,1,158.0,30.930379746835442,25.69198171989927,1.0,12.0,23.0,45.0,110.0
2015-08-16,CCA,PM2.5,2,158.0,12.177215189873417,6.034422475748506,1.0,8.0,11.0,15.0,38.0
2015-08-16,CCA,SO2,1,158.0,3.4873417721518987,5.409048024572281,1.0,1.0,2.0,3.0,34.0
2015-08-16,CHO,CO,15,158.0,0.6234177215189877,0.29240224486991645,0.2,0.4,0.6,0.7,1.7
2015-08-16,CHO,NO,1,0.0,,,,,,,
2015-08-16,CHO,NO2,1,0.0,,,,,,,
2015-08-16,CHO,NOX,1,0.0,,,,,,,
2015-08-16,CHO,O3,1,158.0,32.21518987341772,26.37151082294562,1.0,8.0,28.0,51.0,108.0
2015-08-16,CHO,PM10,2,160.0,36.98125,19.732000595080986,1.0,23.0,33.5,47.5,108.0
2015-08-16,CHO,SO2,1,158.0,1.7468354430379747,1.3207636705275745,0.0,1.0,1.0,2.0,11.0
2015-08-16,COY,NO,1,87.0,11.471264367816092,15.35838463561007,0.0,2.0,5.0,15.5,94.0
2015-08-16,COY,NO2,1,87.0,20.32183908045977,8.533782733421658,6.0,13.0,19.0,27.0,47.0
2015-08-16,COY,NOX,1,87.0,31.770114942528735,21.383921991862866,6.0,16.0,23.0,46.5,125.0
2015-08-16,COY,O3,1,0.0,,,,,,,
2015-08-16,COY,PM2.5,2,88.0,12.840909090909092,6.566873262931961,2.0,9.0,11.0,15.75,34.0
2015-08-16,CUA,CO,15,158.0,0.48860759493670886,0.134956791171659,0.3,0.4,0.5,0.575,1.1
2015-08-16,CUA,NO,1,158.0,7.310126582278481,10.729981745750063,1.0,2.25,4.0,8.0,88.0
2015-08-16,CUA,NO2,1,158.0,15.417721518987342,5.653717777866462,5.0,11.0,15.0,20.0,31.0
2015-08-16,CUA,NOX,1,158.0,22.746835443037973,14.517696957632099,6.0,15.0,20.0,26.0,117.0
2015-08-16,CUA,O3,1,158.0,37.037974683544306,24.108535390490115,2.0,22.0,30.0,49.0,111.0
2015-08-16,CUA,PM10,2,158.0,23.68354430379747,11.454750972499301,1.0,15.25,24.0,31.0,60.0
2015-08-16,CUA,SO2,1,0.0,,,,,,,
2015-08-16,CUT,NO,1,157.0,12.356687898089172,24.27513572775003,0.0,2.0,3.0,8.0,127.0
2015-08-16,CUT,NO2,1,157.0,10.656050955414013,5.77984270901697,3.0,6.0,9.0,15.0,33.0
2015-08-16,CUT,NOX,1,157.0,23.038216560509554,28.035436676097408,4.0,8.0,12.0,21.0,156.0
2015-08-16,CUT,O3,1,157.0,21.770700636942674,15.588404883555388,1.0,7.0,22.0,32.0,58.0
2015-08-16,CUT,PM10,2,156.0,35.30769230769231,24.663310973763956,1.0,21.0,31.0,43.25,191.0
2015-08-16,CUT,SO2,1,157.0,3.464968152866242,12.306725627560523,1.0,1.0,1.0,2.0,138.0
2015-08-16,FAC,CO,15,158.0,0.5000000000000001,0.367293423026776,0.1,0.3,0.4,0.6,2.7
2015-08-16,FAC,NO,1,158.0,14.272151898734178,27.828100340990673,0.0,2.0,7.0,12.75,181.0
2015-08-16,FAC,NO2,1,158.0,17.563291139240505,6.233700830332381,5.0,13.0,17.0,22.75,34.0
2015-08-16,FAC,NOX,1,158.0,31.854430379746834,30.850745265413412,5.0,17.0,25.0,34.0,210.0
2015-08-16,FAC,O3,1,158.0,29.20253164556962,19.922703975046563,1.0,16.0,25.0,38.75,90.0
2015-08-16,FAC,PM10,2,161.0,26.62111801242236,14.819726760039678,2.0,16.0,25.0,36.0,73.0
2015-08-16,FAC,SO2,1,158.0,5.810126582278481,8.695962822518641,2.0,2.0,3.0,6.0,84.0
2015-08-16,HGM,CO,15,157.0,0.5821656050955414,0.2310797355763213,0.2,0.4,0.5,0.7,1.4
2015-08-16,HGM,NO,1,157.0,13.51592356687898,16.9367621309771,0.0,2.0,5.0,21.0,78.0
2015-08-16,HGM,NO2,1,157.0,23.547770700636942,8.041914126554673,7.0,17.0,23.0,29.0,44.0
2015-08-16,HGM,NOX,1,157.0,37.05732484076433,22.046059604375998,6.0,19.0,31.0,52.0,115.0
2015-08-16,HGM,O3,1,150.0,26.64666666666667,24.510547426017286,0.0,8.0,18.0,38.75,110.0
2015-08-16,HGM,PM10,2,157.0,32.00636942675159,13.397998709760783,7.0,23.0,30.0,42.0,74.0
2015-08-16,HGM,PM2.5,2,157.0,16.770700636942674,9.501600817530946,1.0,10.0,15.0,23.0,49.0
2015-08-16,HGM,PMCO,2,157.0,15.254777070063694,6.324458483557315,1.0,10.0,15.0,20.0,33.0
2015-08-16,HGM,SO2,1,157.0,5.082802547770701,6.416087336590943,1.0,2.0,2.0,5.0,35.0
2015-08-16,IZT,CO,15,157.0,0.8566878980891718,0.3948829565882617,0.4,0.6,0.8,1.0,2.4
2015-08-16,IZT,NO,1,157.0,16.14012738853503,20.858945876064578,1.0,4.0,8.0,19.0,112.0
2015-08-16,IZT,NO2,1,157.0,27.496815286624205,7.440037396361123,13.0,22.0,27.0,32.0,52.0
2015-08-16,IZT,NOX,1,157.0,43.63694267515923,25.12511075782247,15.0,27.0,37.0,51.0,140.0
2015-08-16,IZT,O3,1,0.0,,,,,,,
2015-08-16,IZT,PM10,2,159.0,25.42138364779874,10.685008809695722,6.0,18.0,23.0,31.0,62.0
2015-08-16,IZT,SO2,1,157.0,3.2229299363057327,3.047905388603809,1.0,2.0,2.0,4.0,18.0
2015-08-16,LLA,CO,15,0.0,,,,,,,
2015-08-16,LLA,NO,1,0.0,,,,,,,
2015-08-16,LLA,NO2,1,0.0,,,,,,,
2015-08-16,LLA,NOX,1,0.0,,,,,,,
2015-08-16,LLA,O3,1,157.0,23.343949044585987,18.207040542897687,0.0,8.0,19.0,35.0,79.0
2015-08-16,LLA,SO2,1,157.0,3.286624203821656,8.315918435650046,1.0,1.0,2.0,2.0,73.0
2015-08-16,LPR,CO,15,154.0,0.35519480519480534,0.3016387069248928,0.0,0.2,0.3,0.475,1.4
2015-08-16,LPR,NO,1,0.0,,,,,,,
2015-08-16,LPR,NO2,1,0.0,,,,,,,
2015-08-16,LPR,NOX,1,0.0,,,,,,,
2015-08-16,LPR,O3,1,154.0,23.175324675324674,13.163691953308895,1.0,15.0,21.5,31.0,59.0
2015-08-16,LPR,SO2,1,154.0,2.168831168831169,3.5623396784110386,0.0,1.0,2.0,2.0,30.0
2015-08-16,MER,CO,15,153.0,0.6666666666666665,0.3879772103996236,0.2,0.3,0.6,0.9,2.3
2015-08-16,MER,NO,1,150.0,24.326666666666668,25.946898966842376,3.0,7.0,15.5,29.5,129.0
2015-08-16,MER,NO2,1,150.0,25.84,9.404468450988473,8.0,18.25,25.0,32.0,54.0
2015-08-16,MER,NOX,1,150.0,50.14666666666667,31.462214829358082,11.0,25.25,41.5,65.75,153.0
2015-08-16,MER,O3,1,155.0,25.283870967741937,22.38991970505538,2.0,8.0,20.0,36.0,98.0
2015-08-16,MER,PM10,2,138.0,36.0,17.274934375106422,2.0,23.0,33.0,46.75,80.0
2015-08-16,MER,PM2.5,2,138.0,20.115942028985508,11.485358793888505,1.0,12.0,19.0,28.0,53.0
2015-08-16,MER,PMCO,2,138.0,15.905797101449275,7.559870698658112,1.0,10.0,16.0,20.0,39.0
2015-08-16,MER,SO2,1,153.0,4.241830065359477,5.269108263452636,1.0,2.0,2.0,4.0,36.0
2015-08-16,MGH,CO,15,158.0,0.5044303797468355,0.16942951739347575,0.2,0.4,0.5,0.6,1.1
2015-08-16,MGH,NO,1,158.0,11.037974683544304,12.355604765464703,1.0,4.0,7.0,14.0,83.0
2015-08-16,MGH,NO2,1,158.0,20.79746835443038,6.13516489811135,8.0,17.0,21.0,24.0,52.0
2015-08-16,MGH,NOX,1,158.0,31.88607594936709,15.796062834271664,10.0,21.0,29.0,37.75,111.0
2015-08-16,MGH,O3,1,158.0,28.5126582278481,24.943180613764067,0.0,11.0,20.0,38.75,121.0
2015-08-16,MGH,PM10,2,154.0,24.863636363636363,10.512406726680899,10.0,17.0,23.0,28.75,65.0
2015-08-16,MGH,PM2.5,2,154.0,14.558441558441558,8.314871324144777,1.0,9.0,13.0,19.0,48.0
2015-08-16,MGH,PMCO,2,154.0,10.285714285714286,4.9105918412711995,2.0,6.0,9.0,14.0,23.0
2015-08-16,MGH,SO2,1,158.0,3.189873417721519,6.364863640004351,0.0,0.0,1.0,3.75,43.0
2015-08-16,MON,CO,15,41.0,0.4146341463414635,0.26977859033822166,0.0,0.3,0.4,0.5,1.1
2015-08-16,MON,NO,1,133.0,10.353383458646617,19.84340035648899,0.0,1.0,3.0,8.0,107.0
2015-08-16,MON,NO2,1,133.0,12.451127819548873,5.065429721538088,3.0,9.0,13.0,15.0,29.0
2015-08-16,MON,NOX,1,133.0,22.774436090225564,22.03840193202482,3.0,10.0,15.0,24.0,124.0
2015-08-16,MON,O3,1,133.0,23.360902255639097,18.66504525393075,0.0,6.0,21.0,35.0,69.0
2015-08-16,MON,SO2,1,0.0,,,,,,,
2015-08-16,NEZ,CO,15,157.0,0.5598726114649685,0.27984883112766623,0.2,0.4,0.5,0.7,1.6
2015-08-16,NEZ,NO,1,157.0,8.382165605095542,10.91137669746296,0.0,2.0,4.0,11.0,66.0
2015-08-16,NEZ,NO2,1,157.0,19.777070063694268,8.837274442132735,5.0,13.0,18.0,26.0,55.0
2015-08-16,NEZ,NOX,1,157.0,28.133757961783438,17.26308331100156,6.0,15.0,24.0,37.0,97.0
2015-08-16,NEZ,O3,1,157.0,28.331210191082803,23.050220682805826,1.0,10.0,22.0,44.0,100.0
2015-08-16,NEZ,PM2.5,2,159.0,12.333333333333334,6.580241489419041,1.0,7.0,11.0,15.0,42.0
2015-08-16,NEZ,SO2,1,157.0,1.78343949044586,2.880790648543936,0.0,1.0,1.0,1.0,29.0
2015-08-16,PED,CO,15,158.0,0.353164556962025,0.17509629237088886,0.0,0.2,0.3,0.5,0.9
2015-08-16,PED,NO,1,158.0,5.69620253164557,7.768717984195029,0.0,1.0,2.0,6.75,45.0
2015-08-16,PED,NO2,1,158.0,17.253164556962027,7.127534041598798,5.0,12.0,17.0,22.0,39.0
2015-08-16,PED,NOX,1,158.0,22.911392405063292,12.825323152748467,5.0,13.0,20.0,29.0,71.0
2015-08-16,PED,O3,1,158.0,32.68354430379747,27.056461043033398,1.0,14.0,24.0,45.0,116.0
2015-08-16,PED,PM10,2,161.0,26.658385093167702,13.614838224370367,8.0,17.0,24.0,33.0,72.0
2015-08-16,PED,PM2.5,2,161.0,13.838509316770187,8.440157449003847,1.0,8.0,12.0,17.0,46.0
2015-08-16,PED,PMCO,2,161.0,12.826086956521738,7.606383188966442,1.0,7.0,12.0,18.0,42.0
2015-08-16,PED,SO2,1,158.0,2.7341772151898733,4.5265215923881925,0.0,1.0,1.0,2.0,32.0
2015-08-16,SAG,CO,15,154.0,0.5201298701298706,0.3419245550178666,0.1,0.3,0.4,0.6,2.0
2015-08-16,SAG,NO,1,154.0,12.545454545454545,20.260748268024884,0.0,3.0,5.0,10.75,133.0
2015-08-16,SAG,NO2,1,154.0,15.668831168831169,6.179298345012093,7.0,10.0,15.0,19.0,33.0
2015-08-16,SAG,NOX,1,154.0,28.214285714285715,24.156884913045953,7.0,14.0,20.0,33.0,153.0
2015-08-16,SAG,O3,1,154.0,25.09090909090909,18.186529395564556,1.0,11.25,21.0,35.0,91.0
2015-08-16,SAG,PM10,2,150.0,30.46,15.031791812710525,6.0,19.25,28.0,39.0,76.0
2015-08-16,SAG,PM2.5,2,150.0,12.553333333333333,8.59103377350707,1.0,6.0,11.0,19.0,42.0
2015-08-16,SAG,PMCO,2,150.0,17.913333333333334,10.07084746583372,3.0,11.0,16.0,23.0,53.0
2015-08-16,SAG,SO2,1,152.0,1.4736842105263157,1.206754546450179,0.0,1.0,1.0,2.0,7.0
2015-08-16,SFE,CO,15,158.0,0.4341772151898732,0.12657776336380205,0.2,0.3,0.4,0.5,0.8
2015-08-16,SFE,NO,1,0.0,,,,,,,
2015-08-16,SFE,NO2,1,0.0,,,,,,,
2015-08-16,SFE,NOX,1,0.0,,,,,,,
2015-08-16,SFE,O3,1,158.0,34.620253164556964,27.040334956970874,1.0,16.0,26.0,48.0,122.0
2015-08-16,SFE,PM10,2,159.0,27.0,16.618580420417185,2.0,15.0,23.0,34.0,79.0
2015-08-16,SFE,PM2.5,2,159.0,14.937106918238994,10.275130067605842,1.0,8.5,12.0,18.5,50.0
2015-08-16,SFE,PMCO,2,159.0,12.075471698113208,8.158669513190231,1.0,5.0,10.0,18.0,38.0
2015-08-16,SFE,SO2,1,158.0,2.069620253164557,2.9239121524519183,0.0,1.0,1.0,2.0,23.0
2015-08-16,SJA,CO,15,157.0,0.7089171974522288,0.36905558544895345,0.3,0.5,0.6,0.8,2.0
2015-08-16,SJA,NO,1,0.0,,,,,,,
2015-08-16,SJA,NO2,1,0.0,,,,,,,
2015-08-16,SJA,NOX,1,0.0,,,,,,,
2015-08-16,SJA,O3,1,157.0,28.980891719745223,22.69882842836281,1.0,11.0,25.0,43.0,94.0
2015-08-16,SJA,PM2.5,2,151.0,13.092715231788079,7.386790907538928,1.0,8.0,12.0,18.0,33.0
2015-08-16,SJA,SO2,1,157.0,2.178343949044586,2.5658086762251,0.0,1.0,1.0,2.0,19.0
2015-08-16,TAH,CO,15,149.0,0.3302013422818796,0.20225241721288856,0.1,0.2,0.3,0.4,1.0
2015-08-16,TAH,NO,1,149.0,6.563758389261745,9.101768574539406,1.0,2.0,2.0,7.0,49.0
2015-08-16,TAH,NO2,1,149.0,16.093959731543624,7.915382118347074,4.0,10.0,15.0,21.0,42.0
2015-08-16,TAH,NOX,1,149.0,22.671140939597315,14.889885444634087,5.0,12.0,18.0,32.0,70.0
2015-08-16,TAH,O3,1,149.0,34.577181208053695,26.611616343866793,1.0,14.0,25.0,50.0,123.0
2015-08-16,TAH,PM10,2,154.0,30.896103896103895,23.56139770568257,1.0,12.25,27.5,41.75,123.0
2015-08-16,TAH,SO2,1,149.0,1.832214765100671,1.327478225829256,0.0,1.0,1.0,2.0,10.0
2015-08-16,TLA,CO,15,158.0,0.615822784810127,0.2579987043612197,0.3,0.4,0.5,0.8,1.5
2015-08-16,TLA,NO,1,154.0,18.525974025974026,20.202632990875898,1.0,6.0,11.0,24.0,102.0
2015-08-16,TLA,NO2,1,154.0,22.292207792207794,6.581738774053064,11.0,17.0,22.0,26.0,47.0
2015-08-16,TLA,NOX,1,154.0,40.688311688311686,24.881554571917075,13.0,25.0,31.0,49.75,126.0
2015-08-16,TLA,O3,1,154.0,23.376623376623378,19.207187489817255,0.0,9.25,17.0,35.0,81.0
2015-08-16,TLA,PM10,2,160.0,35.00625,13.983591855992096,13.0,24.0,33.0,42.0,83.0
2015-08-16,TLA,PM2.5,2,160.0,16.8375,8.87147042047617,1.0,11.0,16.0,21.25,48.0
2015-08-16,TLA,PMCO,2,160.0,18.15625,8.62535889327139,5.0,12.0,17.0,23.0,52.0
2015-08-16,TLA,SO2,1,111.0,8.08108108108108,11.414611955444045,1.0,2.0,3.0,10.0,73.0
2015-08-16,TLI,CO,15,157.0,0.3394904458598725,0.20716584517756123,0.1,0.2,0.3,0.4,1.1
2015-08-16,TLI,NO,1,157.0,9.210191082802547,12.839258629015173,1.0,3.0,4.0,9.0,81.0
2015-08-16,TLI,NO2,1,157.0,14.426751592356688,6.857714934567894,4.0,9.0,13.0,19.0,34.0
2015-08-16,TLI,NOX,1,157.0,23.70063694267516,18.2263070538843,7.0,12.0,17.0,29.0,104.0
2015-08-16,TLI,O3,1,157.0,24.484076433121018,17.55051503939319,0.0,12.0,20.0,37.0,75.0
2015-08-16,TLI,PM10,2,159.0,31.22012578616352,16.426147648379278,4.0,20.0,28.0,38.5,91.0
2015-08-16,TLI,SO2,1,157.0,4.140127388535032,6.737246830528255,1.0,1.0,2.0,5.0,61.0
2015-08-16,UAX,CO,15,158.0,0.5126582278481013,0.3121191543693335,0.2,0.3,0.4,0.6,1.7
2015-08-16,UAX,NO,1,158.0,13.443037974683545,23.4777286173598,0.0,1.0,3.0,15.0,140.0
2015-08-16,UAX,NO2,1,158.0,18.848101265822784,9.100414503886414,5.0,11.0,18.0,24.0,46.0
2015-08-16,UAX,NOX,1,158.0,32.29746835443038,28.08665151900361,6.0,13.0,21.5,39.75,163.0
2015-08-16,UAX,O3,1,158.0,31.49367088607595,28.547813693758442,0.0,7.25,22.0,52.75,113.0
2015-08-16,UAX,PM2.5,2,159.0,12.836477987421384,6.614975543489793,1.0,8.0,13.0,16.5,37.0
2015-08-16,UAX,SO2,1,158.0,1.9873417721518987,2.6851498713279303,0.0,1.0,1.0,2.0,20.0
2015-08-16,UIZ,CO,15,157.0,0.6242038216560509,0.3450011657143722,0.2,0.4,0.5,0.9,1.7
2015-08-16,UIZ,NO,1,157.0,14.522292993630574,18.498990266020538,0.0,2.0,6.0,21.0,88.0
2015-08-16,UIZ,NO2,1,157.0,22.388535031847134,10.672063747700482,6.0,14.0,22.0,28.0,57.0
2015-08-16,UIZ,NOX,1,157.0,36.86624203821656,25.71069206435761,6.0,16.0,29.0,50.0,117.0
2015-08-16,UIZ,O3,1,157.0,29.063694267515924,25.179784710353943,2.0,9.0,20.0,48.0,96.0
2015-08-16,UIZ,PM10,2,0.0,,,,,,,
2015-08-16,UIZ,PM2.5,2,0.0,,,,,,,
2015-08-16,UIZ,PMCO,2,0.0,,,,,,,
2015-08-16,UIZ,SO2,1,157.0,3.0636942675159236,2.872686423984325,1.0,2.0,2.0,3.0,24.0
2015-08-16,VIF,CO,15,158.0,0.31202531645569603,0.1317967915370224,0.1,0.2,0.3,0.4,1.0
2015-08-16,VIF,NO,1,158.0,5.189873417721519,8.967849083326893,0.0,1.0,2.0,4.75,63.0
2015-08-16,VIF,NO2,1,158.0,11.310126582278482,5.721678408083678,3.0,7.0,10.0,15.0,27.0
2015-08-16,VIF,NOX,1,158.0,16.50632911392405,13.170003958737434,4.0,8.0,13.0,19.0,89.0
2015-08-16,VIF,O3,1,158.0,27.537974683544302,16.499232206011584,2.0,16.25,25.0,37.0,74.0
2015-08-16,VIF,PM10,2,154.0,35.05194805194805,20.39921573777379,1.0,20.0,32.0,47.75,120.0
2015-08-16,VIF,SO2,1,158.0,2.721518987341772,6.207529245523687,0.0,1.0,1.0,2.0,54.0
2015-08-16,XAL,CO,15,154.0,0.8272727272727268,0.4722734235287837,0.3,0.5,0.7,0.975,2.5
2015-08-16,XAL,NO,1,154.0,25.233766233766232,31.06977014873656,1.0,8.0,14.0,23.75,165.0
2015-08-16,XAL,NO2,1,154.0,21.896103896103895,9.532996587476964,6.0,15.0,19.5,28.0,54.0
2015-08-16,XAL,NOX,1,154.0,47.18181818181818,38.05112737767207,8.0,25.0,32.5,52.0,200.0
2015-08-16,XAL,O3,1,154.0,21.253246753246753,14.300492101917877,1.0,11.0,20.0,27.75,62.0
2015-08-16,XAL,PM10,2,157.0,42.49044585987261,22.586193262300437,9.0,26.0,37.0,52.0,114.0
2015-08-16,XAL,PM2.5,2,157.0,16.38216560509554,10.793240424906466,1.0,9.0,14.0,21.0,47.0
2015-08-16,XAL,PMCO,2,157.0,26.159235668789808,13.916191249736128,4.0,16.0,23.0,35.0,69.0
2015-08-16,XAL,SO2,1,154.0,2.1623376623376624,2.730775415316877,0.0,1.0,1.0,2.0,27.0
2015-08-23,ACO,CO,15,153.0,0.3509803921568626,0.17248861406314384,0.1,0.2,0.3,0.4,0.9
2015-08-23,ACO,NO,1,153.0,6.411764705882353,9.270446400826023,0.0,1.0,3.0,7.0,46.0
2015-08-23,ACO,NO2,1,153.0,14.843137254901961,8.483821791983988,3.0,8.0,14.0,19.0,49.0
2015-08-23,ACO,NOX,1,153.0,21.235294117647058,14.748668408173039,4.0,10.0,18.0,28.0,75.0
2015-08-23,ACO,O3,1,153.0,33.58169934640523,23.264105618981308,1.0,14.0,31.0,49.0,94.0
2015-08-23,ACO,PM10,2,153.0,23.973856209150327,12.486807623931863,3.0,16.0,21.0,30.0,89.0
2015-08-23,ACO,SO2,1,104.0,3.0865384615384617,3.5227708008059797,1.0,2.0,2.0,3.0,24.0
2015-08-23,AJM,CO,15,158.0,0.6335443037974686,0.22192291066820588,0.3,0.5,0.6,0.8,1.3
2015-08-23,AJM,NO,1,158.0,5.474683544303797,6.984696070594706,0.0,1.0,2.0,7.0,41.0
2015-08-23,AJM,NO2,1,158.0,20.531645569620252,10.051251394711686,5.0,12.0,20.0,27.75,49.0
2015-08-23,AJM,NOX,1,158.0,26.018987341772153,14.61674788430089,5.0,14.0,23.5,35.0,69.0
2015-08-23,AJM,O3,1,158.0,38.9746835443038,23.744647232422963,5.0,20.0,34.0,55.0,133.0
2015-08-23,AJM,PM10,2,161.0,27.608695652173914,13.514424660822359,9.0,18.0,26.0,33.0,82.0
2015-08-23,AJM,PM2.5,2,161.0,21.024844720496894,11.386917005141802,5.0,13.0,20.0,25.0,66.0
2015-08-23,AJM,PMCO,2,161.0,6.596273291925466,3.1905698589507065,1.0,4.0,6.0,8.0,20.0
2015-08-23,AJM,SO2,1,158.0,1.5759493670886076,2.272220227388005,0.0,1.0,1.0,2.0,15.0
2015-08-23,AJU,O3,1,134.0,37.02238805970149,17.69094174480833,4.0,25.0,37.5,50.0,83.0
2015-08-23,ATI,CO,15,158.0,0.6145569620253166,0.34967244897964916,0.1,0.325,0.6,0.8,1.6
2015-08-23,ATI,NO,1,158.0,13.234177215189874,18.443291539795645,1.0,2.0,5.0,14.0,92.0
2015-08-23,ATI,NO2,1,158.0,24.835443037974684,12.01000684646552,3.0,16.25,24.0,31.0,75.0
2015-08-23,ATI,NOX,1,158.0,38.075949367088604,25.715133293513222,4.0,19.0,33.0,46.75,117.0
2015-08-23,ATI,O3,1,158.0,34.5126582278481,26.922331634899646,2.0,12.0,27.5,51.0,117.0
2015-08-23,ATI,PM10,2,160.0,28.25625,20.810993368134877,1.0,13.0,23.5,41.0,102.0
2015-08-23,ATI,SO2,1,158.0,3.3354430379746836,2.530352709468442,1.0,2.0,3.0,4.0,19.0
2015-08-23,BJU,CO,15,138.0,0.5782608695652173,0.34677642315289076,0.1,0.3,0.5,0.7,1.9
2015-08-23,BJU,O3,1,138.0,32.02173913043478,25.200645163594068,1.0,12.0,24.5,51.75,90.0
2015-08-23,BJU,PM10,2,127.0,31.070866141732285,17.159004809989458,5.0,20.0,27.0,38.5,110.0
2015-08-23,BJU,PM2.5,2,127.0,22.968503937007874,14.380838777154416,1.0,14.0,20.0,30.5,90.0
2015-08-23,BJU,PMCO,2,127.0,8.078740157480315,4.453652503555054,1.0,5.0,7.0,10.0,25.0
2015-08-23,CAM,CO,15,158.0,1.1101265822784807,0.5796100021354923,0.2,0.7,1.0,1.3,3.5
2015-08-23,CAM,NO,1,158.0,27.348101265822784,45.923493178015185,1.0,4.0,9.5,26.75,232.0
2015-08-23,CAM,NO2,1,158.0,39.21518987341772,14.42721321579152,12.0,30.0,39.0,46.75,96.0
2015-08-23,CAM,NOX,1,158.0,66.55696202531645,52.050011921520216,14.0,35.25,51.0,78.0,273.0
2015-08-23,CAM,O3,1,158.0,28.272151898734176,27.594111975600942,0.0,5.0,22.0,42.0,121.0
2015-08-23,CAM,PM10,2,161.0,39.409937888198755,20.954257338811075,3.0,26.0,36.0,51.0,109.0
2015-08-23,CAM,PM2.5,2,161.0,28.956521739130434,16.24397881758306,1.0,18.0,28.0,37.0,84.0
2015-08-23,CAM,PMCO,2,161.0,10.48447204968944,7.686112143065334,1.0,5.0,9.0,12.0,43.0
2015-08-23,CAM,SO2,1,157.0,3.8343949044585988,5.754426538914952,1.0,2.0,2.0,3.0,42.0
2015-08-23,CCA,CO,15,121.0,0.8115702479338839,0.4201567331850953,0.1,0.5,0.8,1.1,2.1
2015-08-23,CCA,NO,1,108.0,15.703703703703704,28.656280569203687,0.0,2.0,6.0,16.0,173.0
2015-08-23,CCA,NO2,1,108.0,30.703703703703702,12.8581471748927,8.0,20.0,28.5,40.0,65.0
2015-08-23,CCA,NOX,1,108.0,46.425925925925924,33.01690411105459,9.0,26.75,37.0,60.0,198.0
2015-08-23,CCA,O3,1,121.0,26.619834710743802,27.724314298207364,1.0,4.0,18.0,41.0,138.0
2015-08-23,CCA,PM2.5,2,127.0,17.503937007874015,8.239350043471731,4.0,11.0,16.0,22.0,47.0
2015-08-23,CCA,SO2,1,121.0,2.652892561983471,2.7619761759823724,1.0,1.0,2.0,3.0,16.0
2015-08-23,CHO,CO,15,158.0,0.603164556962025,0.30939037779082224,0.3,0.4,0.5,0.7,2.5
2015-08-23,CHO,NO,1,0.0,,,,,,,
2015-08-23,CHO,NO2,1,0.0,,,,,,,
2015-08-23,CHO,NOX,1,0.0,,,,,,,
2015-08-23,CHO,O3,1,158.0,30.544303797468356,19.264367600997314,2.0,14.0,30.0,43.75,104.0
2015-08-23,CHO,PM10,2,159.0,30.72327044025157,20.79310741132273,1.0,16.0,26.0,43.5,111.0
2015-08-23,CHO,SO2,1,158.0,3.1202531645569622,4.596256570057037,1.0,1.0,1.0,3.0,28.0
2015-08-23,COY,NO,1,112.0,14.714285714285714,19.90944751584283,0.0,2.0,6.0,22.5,112.0
2015-08-23,COY,NO2,1,112.0,30.919642857142858,13.44534374197136,10.0,21.75,28.5,39.0,79.0
2015-08-23,COY,NOX,1,112.0,45.598214285714285,27.753568010672755,11.0,24.0,38.0,64.25,138.0
2015-08-23,COY,O3,1,112.0,33.6875,30.714621118458396,1.0,8.0,23.0,54.0,143.0
2015-08-23,COY,PM2.5,2,115.0,25.51304347826087,13.782371920090789,7.0,15.0,23.0,33.0,74.0
2015-08-23,CUA,CO,15,112.0,0.6517857142857143,0.21009742178552948,0.3,0.5,0.6,0.8,1.3
2015-08-23,CUA,NO,1,112.0,8.616071428571429,10.38384533237778,1.0,3.0,5.0,9.25,67.0
2015-08-23,CUA,NO2,1,112.0,23.866071428571427,9.985120042599501,7.0,18.0,22.5,30.25,63.0
2015-08-23,CUA,NOX,1,112.0,32.464285714285715,17.767227940069567,8.0,21.0,29.0,39.0,116.0
2015-08-23,CUA,O3,1,112.0,36.75892857142857,23.434495839213085,3.0,19.0,32.0,46.25,97.0
2015-08-23,CUA,PM10,2,115.0,21.808695652173913,13.776343601282415,1.0,11.5,21.0,29.5,61.0
2015-08-23,CUA,SO2,1,0.0,,,,,,,
2015-08-23,CUT,NO,1,153.0,12.84967320261438,25.454492738029455,0.0,1.0,2.0,10.0,165.0
2015-08-23,CUT,NO2,1,153.0,19.81045751633987,10.225581719385358,3.0,11.0,19.0,26.0,49.0
2015-08-23,CUT,NOX,1,153.0,32.63398692810458,29.985248924742564,4.0,13.0,24.0,42.0,193.0
2015-08-23,CUT,O3,1,153.0,26.202614379084967,21.8148185623793,1.0,5.0,23.0,40.0,80.0
2015-08-23,CUT,PM10,2,157.0,37.71337579617835,26.62514017187467,1.0,20.0,30.0,49.0,155.0
2015-08-23,CUT,SO2,1,153.0,2.189542483660131,2.2674807316158287,1.0,1.0,2.0,2.0,19.0
2015-08-23,FAC,CO,15,158.0,0.9120253164556968,0.6372070422096879,0.1,0.5,0.8,1.1,3.9
2015-08-23,FAC,NO,1,135.0,29.674074074074074,47.946305419993614,0.0,3.0,10.0,35.0,273.0
2015-08-23,FAC,NO2,1,135.0,31.414814814814815,14.11963023552099,7.0,21.0,28.0,41.5,79.0
2015-08-23,FAC,NOX,1,135.0,61.1037037037037,52.463814690240106,7.0,26.5,47.0,74.0,298.0
2015-08-23,FAC,O3,1,158.0,31.78481012658228,28.197741647872295,1.0,7.0,26.0,48.0,113.0
2015-08-23,FAC,PM10,2,157.0,29.961783439490446,20.768221949719255,1.0,13.0,27.0,40.0,93.0
2015-08-23,FAC,SO2,1,158.0,4.10126582278481,3.1465072606982853,2.0,3.0,3.0,4.0,25.0
2015-08-23,HGM,CO,15,155.0,0.8387096774193543,0.39614819094810183,0.0,0.55,0.8,1.0,2.5
2015-08-23,HGM,NO,1,158.0,13.41139240506329,19.277765069487096,0.0,2.0,5.5,14.0,100.0
2015-08-23,HGM,NO2,1,158.0,35.43037974683544,13.532394296512166,9.0,26.0,36.0,44.0,102.0
2015-08-23,HGM,NOX,1,158.0,48.79746835443038,28.941355043717422,9.0,29.0,42.0,57.75,179.0
2015-08-23,HGM,O3,1,135.0,33.0,29.089157850952166,1.0,10.0,24.0,51.0,141.0
2015-08-23,HGM,PM10,2,157.0,37.77070063694268,21.18080668770334,2.0,25.0,33.0,44.0,114.0
2015-08-23,HGM,PM2.5,2,157.0,25.337579617834393,14.985272316908013,1.0,16.0,22.0,30.0,77.0
2015-08-23,HGM,PMCO,2,157.0,12.509554140127388,7.65574849745895,1.0,7.0,11.0,16.0,38.0
2015-08-23,HGM,SO2,1,158.0,3.721518987341772,4.764349318592573,1.0,2.0,2.0,4.0,35.0
2015-08-23,INN,CO,15,112.0,0.45624999999999954,0.23815403070773825,0.1,0.3,0.4,0.6,1.3
2015-08-23,INN,O3,1,111.0,32.06306306306306,18.10990652015394,7.0,18.5,26.0,43.0,92.0
2015-08-23,INN,PM10,2,114.0,16.57894736842105,10.172750984811106,4.0,9.0,14.0,19.75,55.0
2015-08-23,INN,PM2.5,2,114.0,13.25438596491228,9.123354649584885,3.0,7.0,11.0,17.0,50.0
2015-08-23,INN,PMCO,2,114.0,3.280701754385965,1.747355888343262,1.0,2.0,3.0,4.0,9.0
2015-08-23,IZT,CO,15,132.0,1.0545454545454536,0.442988400648315,0.5,0.7,1.0,1.2,2.9
2015-08-23,IZT,NO,1,132.0,14.522727272727273,19.101363169887986,1.0,4.0,6.0,17.25,124.0
2015-08-23,IZT,NO2,1,132.0,33.96212121212121,11.558285949571665,13.0,25.0,34.0,42.0,74.0
2015-08-23,IZT,NOX,1,132.0,48.5,26.567643754320564,16.0,30.0,44.0,58.0,160.0
2015-08-23,IZT,O3,1,68.0,29.323529411764707,23.573600954970725,2.0,10.5,23.0,47.0,88.0
2015-08-23,IZT,PM10,2,160.0,27.93125,16.796646069450592,1.0,17.0,24.0,36.0,128.0
2015-08-23,IZT,SO2,1,64.0,1.890625,0.9939050368230469,1.0,1.0,2.0,2.0,5.0
2015-08-23,LLA,CO,15,0.0,,,,,,,
2015-08-23,LLA,NO,1,0.0,,,,,,,
2015-08-23,LLA,NO2,1,0.0,,,,,,,
2015-08-23,LLA,NOX,1,0.0,,,,,,,
2015-08-23,LLA,O3,1,157.0,28.643312101910826,25.167900989985487,0.0,8.0,22.0,45.0,86.0
2015-08-23,LLA,SO2,1,157.0,4.630573248407643,8.695921991638626,1.0,2.0,2.0,3.0,57.0
2015-08-23,LPR,CO,15,153.0,0.6248366013071894,0.39988173346227496,0.0,0.4,0.5,0.8,2.3
2015-08-23,LPR,NO,1,0.0,,,,,,,
2015-08-23,LPR,NO2,1,0.0,,,,,,,
2015-08-23,LPR,NOX,1,0.0,,,,,,,
2015-08-23,LPR,O3,1,153.0,24.92156862745098,20.29211974730609,1.0,7.0,23.0,38.0,79.0
2015-08-23,LPR,SO2,1,153.0,3.196078431372549,5.131249493274432,1.0,1.0,2.0,3.0,28.0
2015-08-23,MER,CO,15,125.0,0.9192000000000007,0.448778988640468,0.2,0.5,0.8,1.2,2.4
2015-08-23,MER,NO,1,125.0,20.96,22.642523511475964,2.0,6.0,12.0,26.0,128.0
2015-08-23,MER,NO2,1,125.0,37.912,13.73541220302823,10.0,29.0,40.0,47.0,71.0
2015-08-23,MER,NOX,1,125.0,58.952,32.02943605800059,14.0,35.0,55.0,74.0,199.0
2015-08-23,MER,O3,1,125.0,27.712,26.509528414783116,2.0,6.0,20.0,38.0,112.0
2015-08-23,MER,PM10,2,127.0,41.86614173228347,20.505269243334933,3.0,27.5,38.0,53.0,103.0
2015-08-23,MER,PM2.5,2,127.0,28.598425196850393,14.42564946821035,1.0,18.0,28.0,37.5,73.0
2015-08-23,MER,PMCO,2,127.0,13.220472440944881,7.513916597365915,1.0,8.0,12.0,17.0,39.0
2015-08-23,MER,SO2,1,44.0,3.090909090909091,1.1972484309853277,2.0,2.0,3.0,4.0,6.0
2015-08-23,MGH,CO,15,157.0,0.7687898089171981,0.333561493039988,0.2,0.5,0.7,1.0,1.9
2015-08-23,MGH,NO,1,158.0,18.88607594936709,26.482772836604823,0.0,3.0,7.5,25.75,172.0
2015-08-23,MGH,NO2,1,158.0,33.72784810126582,12.433081377409597,11.0,24.25,33.0,41.0,83.0
2015-08-23,MGH,NOX,1,158.0,52.651898734177216,33.0854764864227,13.0,29.0,43.5,67.0,209.0
2015-08-23,MGH,O3,1,158.0,29.259493670886076,27.94607646076485,0.0,6.25,20.0,44.75,125.0
2015-08-23,MGH,PM10,2,161.0,31.726708074534162,16.14697633368232,9.0,22.0,27.0,38.0,97.0
2015-08-23,MGH,PM2.5,2,161.0,23.900621118012424,13.1520934497821,2.0,16.0,20.0,28.0,81.0
2015-08-23,MGH,PMCO,2,161.0,7.850931677018633,4.379228214143764,1.0,5.0,7.0,10.0,23.0
2015-08-23,MGH,SO2,1,158.0,1.7025316455696202,3.04637090905764,0.0,0.0,1.0,2.0,21.0
2015-08-23,MON,CO,15,111.0,0.4018018018018017,0.27034724538569493,0.1,0.3,0.3,0.5,1.8
2015-08-23,MON,NO,1,111.0,7.27027027027027,21.02420507456106,0.0,1.0,2.0,4.0,150.0
2015-08-23,MON,NO2,1,111.0,14.603603603603604,7.768560506975041,4.0,9.0,13.0,19.5,39.0
2015-08-23,MON,NOX,1,111.0,21.873873873873872,23.848429381147604,5.0,10.0,15.0,23.0,168.0
2015-08-23,MON,O3,1,111.0,27.594594594594593,17.642087270026845,0.0,12.5,26.0,37.5,72.0
2015-08-23,MON,SO2,1,0.0,,,,,,,
2015-08-23,NEZ,CO,15,153.0,0.8189542483660128,0.464354622027476,0.2,0.5,0.7,1.0,2.9
2015-08-23,NEZ,NO,1,153.0,10.058823529411764,18.57638402229167,0.0,2.0,4.0,10.0,130.0
2015-08-23,NEZ,NO2,1,153.0,28.673202614379086,13.495530481061362,7.0,19.0,27.0,36.0,65.0
2015-08-23,NEZ,NOX,1,153.0,38.71895424836601,26.36571176346175,9.0,21.0,32.0,49.0,163.0
2015-08-23,NEZ,O3,1,151.0,31.39072847682119,25.571591922791658,0.0,12.0,25.0,46.5,103.0
2015-08-23,NEZ,PM2.5,2,152.0,18.42105263157895,10.860662545977982,1.0,10.0,16.0,25.0,54.0
2015-08-23,NEZ,SO2,1,153.0,3.019607843137255,6.1478179571840785,0.0,1.0,1.0,2.0,44.0
2015-08-23,PED,CO,15,158.0,0.5898734177215191,0.30162825084740297,0.1,0.4,0.5,0.8,1.9
2015-08-23,PED,NO,1,158.0,8.556962025316455,14.290656014006158,1.0,2.0,3.0,8.0,106.0
2015-08-23,PED,NO2,1,158.0,24.88607594936709,11.85043452859379,7.0,15.0,22.0,33.0,66.0
2015-08-23,PED,NOX,1,158.0,33.46835443037975,21.562432205694506,8.0,17.0,26.5,44.75,139.0
2015-08-23,PED,O3,1,158.0,31.772151898734176,26.480830401996975,1.0,11.0,25.0,50.5,127.0
2015-08-23,PED,PM10,2,160.0,32.68125,18.200964752576397,7.0,21.0,28.0,38.0,99.0
2015-08-23,PED,PM2.5,2,160.0,21.95,12.508512824543175,3.0,13.0,20.0,27.0,70.0
2015-08-23,PED,PMCO,2,160.0,10.74375,7.805212638975482,1.0,5.75,8.0,14.0,45.0
2015-08-23,PED,SO2,1,158.0,1.9367088607594938,1.8976470321551093,1.0,1.0,1.0,2.0,14.0
2015-08-23,SAG,CO,15,158.0,0.7462025316455697,0.3463432405119622,0.2,0.5,0.7,0.9,1.9
2015-08-23,SAG,NO,1,158.0,9.930379746835444,13.726220706615532,0.0,3.0,5.0,10.0,77.0
2015-08-23,SAG,NO2,1,158.0,24.917721518987342,10.964891970373186,5.0,16.0,24.0,31.0,62.0
2015-08-23,SAG,NOX,1,158.0,34.94303797468354,19.91518438417966,6.0,19.5,30.0,46.75,106.0
2015-08-23,SAG,O3,1,158.0,31.20886075949367,24.156088443391393,1.0,13.0,23.5,47.25,93.0
2015-08-23,SAG,PM10,2,159.0,35.0440251572327,15.747752868407163,9.0,24.0,34.0,46.0,80.0
2015-08-23,SAG,PM2.5,2,159.0,23.559748427672957,11.606191710128696,2.0,15.5,21.0,31.5,59.0
2015-08-23,SAG,PMCO,2,159.0,11.49685534591195,6.652185530112945,1.0,7.0,10.0,15.0,32.0
2015-08-23,SAG,SO2,1,158.0,3.9556962025316458,7.8378023508225,0.0,1.0,2.0,3.0,61.0
2015-08-23,SFE,CO,15,138.0,0.6239130434782614,0.20056647798522953,0.3,0.5,0.6,0.7,1.2
2015-08-23,SFE,NO,1,0.0,,,,,,,
2015-08-23,SFE,NO2,1,0.0,,,,,,,
2015-08-23,SFE,NOX,1,0.0,,,,,,,
2015-08-23,SFE,O3,1,138.0,30.08695652173913,23.313627561700624,0.0,9.0,25.5,45.0,97.0
2015-08-23,SFE,PM10,2,161.0,29.440993788819874,18.06026187534974,2.0,17.0,26.0,37.0,82.0
2015-08-23,SFE,PM2.5,2,161.0,20.720496894409937,13.057187283314612,1.0,11.0,19.0,26.0,61.0
2015-08-23,SFE,PMCO,2,161.0,8.751552795031056,5.944567957283166,1.0,4.0,7.0,12.0,29.0
2015-08-23,SFE,SO2,1,138.0,1.2173913043478262,1.3762274173106022,0.0,1.0,1.0,1.0,9.0
2015-08-23,SJA,CO,15,153.0,1.0150326797385623,0.3772775123081543,0.4,0.8,0.9,1.2,2.6
2015-08-23,SJA,NO,1,0.0,,,,,,,
2015-08-23,SJA,NO2,1,0.0,,,,,,,
2015-08-23,SJA,NOX,1,0.0,,,,,,,
2015-08-23,SJA,O3,1,154.0,30.59090909090909,27.934707635330998,1.0,6.0,23.5,47.75,107.0
2015-08-23,SJA,PM2.5,2,154.0,18.51298701298701,9.78677045744705,1.0,11.0,17.0,25.0,41.0
2015-08-23,SJA,SO2,1,154.0,2.8181818181818183,4.469876729821302,1.0,1.0,2.0,2.75,27.0
2015-08-23,TAH,CO,15,108.0,0.39537037037037037,0.2566441440671765,0.1,0.2,0.3,0.525,1.4
2015-08-23,TAH,NO,1,108.0,4.5092592592592595,7.900662897031507,1.0,2.0,2.0,3.25,55.0
2015-08-23,TAH,NO2,1,108.0,16.39814814814815,9.589655461261238,4.0,8.0,15.0,23.0,46.0
2015-08-23,TAH,NOX,1,108.0,20.824074074074073,13.790033448078896,5.0,10.0,18.0,28.0,78.0
2015-08-23,TAH,O3,1,108.0,37.31481481481482,22.579722996963266,2.0,21.25,34.0,50.0,121.0
2015-08-23,TAH,PM10,2,106.0,25.452830188679247,22.467810657099427,1.0,5.0,22.5,38.75,91.0
2015-08-23,TAH,SO2,1,108.0,3.7222222222222223,5.7369654509740355,1.0,1.0,2.0,3.0,32.0
2015-08-23,TLA,CO,15,155.0,0.9838709677419355,0.5012301582648954,0.2,0.7,0.9,1.2,3.3
2015-08-23,TLA,NO,1,153.0,24.235294117647058,36.715973274563375,0.0,5.0,11.0,26.0,234.0
2015-08-23,TLA,NO2,1,153.0,36.947712418300654,13.444227312196706,5.0,29.0,38.0,44.0,88.0
2015-08-23,TLA,NOX,1,153.0,61.150326797385624,42.210433239124725,5.0,35.0,50.0,74.0,278.0
2015-08-23,TLA,O3,1,155.0,28.696774193548386,26.020814394142143,0.0,6.5,21.0,43.0,103.0
2015-08-23,TLA,PM10,2,138.0,44.31884057971015,19.7941912541295,4.0,29.25,40.5,57.0,103.0
2015-08-23,TLA,PM2.5,2,138.0,29.41304347826087,13.906742712059131,1.0,19.0,27.0,36.0,69.0
2015-08-23,TLA,PMCO,2,138.0,14.91304347826087,8.444302930585645,2.0,10.0,13.5,19.0,53.0
2015-08-23,TLA,SO2,1,155.0,3.9870967741935486,4.658447287126639,1.0,2.0,3.0,4.0,33.0
2015-08-23,TLI,CO,15,158.0,0.712025316455696,0.3971807647212398,0.1,0.4,0.7,0.9,2.2
2015-08-23,TLI,NO,1,158.0,15.778481012658228,26.86830904242023,1.0,3.0,5.0,13.0,156.0
2015-08-23,TLI,NO2,1,158.0,30.234177215189874,13.368452130895259,7.0,19.0,31.0,38.0,65.0
2015-08-23,TLI,NOX,1,158.0,46.00632911392405,33.57328647574904,8.0,24.0,39.0,54.0,189.0
2015-08-23,TLI,O3,1,158.0,31.031645569620252,26.19219042602335,0.0,8.0,27.0,45.75,110.0
2015-08-23,TLI,PM10,2,160.0,37.95625,26.818830068189314,1.0,20.0,32.0,53.25,158.0
2015-08-23,TLI,SO2,1,158.0,4.917721518987341,8.149842865019071,1.0,2.0,3.0,4.0,55.0
2015-08-23,UAX,CO,15,158.0,0.5537974683544307,0.26243253933259936,0.2,0.3,0.5,0.7,1.4
2015-08-23,UAX,NO,1,158.0,6.056962025316456,8.453879123845272,1.0,1.0,2.0,7.0,56.0
2015-08-23,UAX,NO2,1,158.0,20.974683544303797,11.126344113800736,3.0,12.0,21.0,28.75,53.0
2015-08-23,UAX,NOX,1,158.0,27.044303797468356,16.30221935448182,4.0,14.0,24.5,37.0,80.0
2015-08-23,UAX,O3,1,158.0,34.924050632911396,26.45258811312741,1.0,12.0,29.0,52.0,131.0
2015-08-23,UAX,PM2.5,2,160.0,16.11875,9.040351105637848,1.0,10.0,15.0,22.0,43.0
2015-08-23,UAX,SO2,1,158.0,2.7658227848101267,5.809247757652972,0.0,1.0,1.0,2.0,45.0
2015-08-23,UIZ,CO,15,154.0,0.7915584415584414,0.4530147812015608,0.2,0.5,0.7,1.1,2.4
2015-08-23,UIZ,NO,1,154.0,13.071428571428571,19.189153779738348,1.0,2.0,5.0,15.0,115.0
2015-08-23,UIZ,NO2,1,154.0,28.98701298701299,14.708935087612392,5.0,18.25,29.5,38.0,79.0
2015-08-23,UIZ,NOX,1,154.0,42.0974025974026,29.00006073478416,6.0,20.0,34.5,58.0,149.0
2015-08-23,UIZ,O3,1,154.0,31.5,26.192412711702044,2.0,11.0,23.5,47.75,118.0
2015-08-23,UIZ,PM10,2,69.0,40.971014492753625,21.007681378411224,10.0,24.0,36.0,55.0,117.0
2015-08-23,UIZ,PM2.5,2,69.0,30.17391304347826,16.057760192632472,5.0,17.0,27.0,43.0,88.0
2015-08-23,UIZ,PMCO,2,69.0,10.927536231884059,5.811547431318276,3.0,7.0,9.0,14.0,29.0
2015-08-23,UIZ,SO2,1,154.0,4.279220779220779,6.149017407287193,1.0,2.0,3.0,4.0,46.0
2015-08-23,VIF,CO,15,158.0,0.5816455696202528,0.33988357084719334,0.1,0.3,0.5,0.7,2.1
2015-08-23,VIF,NO,1,158.0,11.670886075949367,23.941660260415436,0.0,1.0,3.0,11.0,177.0
2015-08-23,VIF,NO2,1,158.0,24.436708860759495,13.070330842602267,4.0,15.0,24.0,31.75,69.0
2015-08-23,VIF,NOX,1,158.0,36.107594936708864,29.68252084746774,4.0,16.0,28.0,46.0,202.0
2015-08-23,VIF,O3,1,158.0,35.563291139240505,27.471915837816052,1.0,13.0,31.0,52.75,113.0
2015-08-23,VIF,PM10,2,161.0,37.24223602484472,27.957060020126296,1.0,17.0,33.0,51.0,152.0
2015-08-23,VIF,SO2,1,158.0,4.367088607594937,7.919462786885425,1.0,2.0,2.0,3.0,44.0
2015-08-23,XAL,CO,15,158.0,1.2512658227848101,0.5527853434150927,0.5,0.9,1.1,1.5,3.6
2015-08-23,XAL,NO,1,158.0,28.962025316455698,37.9347220198787,1.0,7.0,14.0,34.5,225.0
2015-08-23,XAL,NO2,1,158.0,38.177215189873415,14.723143092217367,9.0,28.0,37.0,45.0,84.0
2015-08-23,XAL,NOX,1,158.0,67.25949367088607,45.40871438850869,11.0,37.0,55.0,90.0,265.0
2015-08-23,XAL,O3,1,158.0,23.955696202531644,19.764970924007564,1.0,8.0,18.0,37.75,72.0
2015-08-23,XAL,PM10,2,161.0,56.17391304347826,28.91076037079258,9.0,36.0,48.0,74.0,143.0
2015-08-23,XAL,PM2.5,2,161.0,31.633540372670808,16.17200105158364,1.0,20.0,28.0,41.0,80.0
2015-08-23,XAL,PMCO,2,161.0,24.53416149068323,15.723005062606758,3.0,14.0,21.0,31.0,82.0
2015-08-23,XAL,SO2,1,158.0,4.246835443037975,6.087144968771302,0.0,2.0,3.0,4.0,36.0
2015-08-30,ACO,CO,15,155.0,0.2548387096774193,0.12545685261656334,0.1,0.2,0.2,0.3,0.7
2015-08-30,ACO,NO,1,137.0,3.343065693430657,4.817916861607155,0.0,1.0,2.0,3.0,26.0
2015-08-30,ACO,NO2,1,137.0,7.37956204379562,4.832688003191992,2.0,4.0,6.0,9.0,25.0
2015-08-30,ACO,NOX,1,137.0,10.773722627737227,9.068361857327934,3.0,5.0,7.0,11.0,46.0
2015-08-30,ACO,O3,1,155.0,32.76129032258064,13.246456948968646,4.0,24.5,34.0,43.0,61.0
2015-08-30,ACO,PM10,2,158.0,16.556962025316455,10.041629064987589,1.0,10.0,15.0,21.0,72.0
2015-08-30,ACO,SO2,1,0.0,,,,,,,
2015-08-30,AJM,CO,15,154.0,0.4642857142857141,0.12349939611324476,0.2,0.4,0.5,0.5,0.9
2015-08-30,AJM,NO,1,154.0,3.3636363636363638,3.626010216357172,0.0,1.0,2.0,4.0,17.0
2015-08-30,AJM,NO2,1,154.0,16.006493506493506,6.2825588571914865,4.0,10.0,16.0,20.75,31.0
2015-08-30,AJM,NOX,1,154.0,19.396103896103895,8.53399111371721,4.0,13.0,19.0,25.0,42.0
2015-08-30,AJM,O3,1,154.0,39.75974025974026,22.470912263887048,7.0,24.0,34.0,47.0,133.0
2015-08-30,AJM,PM10,2,152.0,20.894736842105264,10.62868659516482,5.0,13.0,19.0,27.0,59.0
2015-08-30,AJM,PM2.5,2,152.0,12.697368421052632,7.559073731479049,2.0,7.0,11.0,16.0,43.0
2015-08-30,AJM,PMCO,2,152.0,8.18421052631579,4.627045533164893,1.0,4.0,7.0,11.0,23.0
2015-08-30,AJM,SO2,1,154.0,1.9090909090909092,3.843955676979568,0.0,0.0,1.0,1.0,34.0
2015-08-30,AJU,O3,1,154.0,39.08441558441559,21.76792366388257,7.0,26.0,32.0,45.0,115.0
2015-08-30,ATI,CO,15,152.0,0.2927631578947366,0.16839797299601592,0.1,0.2,0.3,0.3,1.1
2015-08-30,ATI,NO,1,152.0,5.467105263157895,6.79395695950853,1.0,2.0,3.5,5.0,45.0
2015-08-30,ATI,NO2,1,152.0,14.085526315789474,5.859213697384724,6.0,10.0,12.0,17.0,33.0
2015-08-30,ATI,NOX,1,152.0,19.598684210526315,11.213910394536898,7.0,13.0,16.0,22.0,70.0
2015-08-30,ATI,O3,1,152.0,32.60526315789474,16.440201854490173,3.0,22.0,30.5,42.0,77.0
2015-08-30,ATI,PM10,2,154.0,23.681818181818183,12.684561428500109,1.0,16.0,21.5,30.0,82.0
2015-08-30,ATI,SO2,1,152.0,4.881578947368421,5.13775044252055,2.0,2.0,2.0,5.0,24.0
2015-08-30,BJU,CO,15,159.0,0.41069182389937087,0.20794083718252968,0.0,0.3,0.4,0.5,1.0
2015-08-30,BJU,O3,1,159.0,32.36477987421384,20.81425430015429,2.0,18.0,28.0,39.5,103.0
2015-08-30,BJU,PM10,2,133.0,24.774436090225564,11.985860698638731,8.0,17.0,21.0,31.0,93.0
2015-08-30,BJU,PM2.5,2,133.0,13.93233082706767,8.905391190361081,1.0,8.0,12.0,17.0,70.0
2015-08-30,BJU,PMCO,2,133.0,10.759398496240602,5.546156703601766,1.0,6.0,11.0,14.0,29.0
2015-08-30,CAM,CO,15,158.0,0.6329113924050633,0.24687680673522439,0.3,0.5,0.6,0.7,1.9
2015-08-30,CAM,NO,1,158.0,12.39240506329114,15.086517135322161,1.0,5.0,8.0,11.0,115.0
2015-08-30,CAM,NO2,1,158.0,24.164556962025316,8.42717832467327,11.0,18.0,22.0,29.0,47.0
2015-08-30,CAM,NOX,1,158.0,36.550632911392405,21.249367909176677,12.0,24.0,30.0,39.75,155.0
2015-08-30,CAM,O3,1,158.0,27.056962025316455,18.400790508803347,1.0,15.0,23.0,36.0,90.0
2015-08-30,CAM,PM10,2,161.0,29.81366459627329,11.915433777743939,7.0,22.0,28.0,36.0,74.0
2015-08-30,CAM,PM2.5,2,161.0,16.17391304347826,8.39684852890603,1.0,11.0,15.0,21.0,48.0
2015-08-30,CAM,PMCO,2,161.0,13.614906832298137,7.510877205594266,1.0,8.0,13.0,17.0,38.0
2015-08-30,CAM,SO2,1,157.0,3.1847133757961785,5.572162559581041,0.0,1.0,2.0,3.0,45.0
2015-08-30,CCA,CO,15,135.0,0.4940740740740742,0.141296218412793,0.3,0.4,0.5,0.6,0.9
2015-08-30,CCA,NO,1,134.0,3.514925373134328,4.752102937144356,0.0,0.25,2.0,4.0,22.0
2015-08-30,CCA,NO2,1,134.0,20.05223880597015,7.390623163139588,8.0,14.0,18.0,24.0,41.0
2015-08-30,CCA,NOX,1,134.0,23.597014925373134,11.07738969481996,8.0,16.0,20.0,27.75,62.0
2015-08-30,CCA,O3,1,135.0,33.18518518518518,19.5727442173241,4.0,20.0,30.0,41.0,93.0
2015-08-30,CCA,PM2.5,2,136.0,10.330882352941176,4.1312811160862335,1.0,7.0,10.0,13.0,22.0
2015-08-30,CCA,SO2,1,135.0,1.9851851851851852,2.5362599835696056,0.0,1.0,1.0,2.0,23.0
2015-08-30,CHO,CO,15,158.0,0.5892405063291138,0.2800330833589814,0.2,0.4,0.5,0.6749999999999999,1.8
2015-08-30,CHO,NO,1,0.0,,,,,,,
2015-08-30,CHO,NO2,1,0.0,,,,,,,
2015-08-30,CHO,NOX,1,0.0,,,,,,,
2015-08-30,CHO,O3,1,158.0,30.246835443037973,20.29674339566728,2.0,13.25,28.0,46.0,85.0
2015-08-30,CHO,PM10,2,160.0,30.78125,18.08250548781836,1.0,18.0,29.0,42.0,95.0
2015-08-30,CHO,SO2,1,158.0,1.1139240506329113,0.4916459233433918,0.0,1.0,1.0,1.0,4.0
2015-08-30,COY,NO,1,158.0,8.126582278481013,11.044054328709198,0.0,2.0,4.0,10.0,64.0
2015-08-30,COY,NO2,1,158.0,21.468354430379748,8.0734454133122,10.0,15.0,19.0,26.0,42.0
2015-08-30,COY,NOX,1,158.0,29.563291139240505,17.340513860510168,10.0,18.0,23.0,39.75,96.0
2015-08-30,COY,O3,1,158.0,32.88607594936709,21.618868464277305,2.0,18.0,28.0,40.75,112.0
2015-08-30,COY,PM2.5,2,160.0,12.9875,7.5768494639092685,1.0,8.0,12.0,16.0,50.0
2015-08-30,CUA,CO,15,158.0,0.45316455696202484,0.10568001581263671,0.2,0.4,0.4,0.5,0.8
2015-08-30,CUA,NO,1,158.0,4.322784810126582,2.9372828280567576,1.0,2.0,3.0,5.75,14.0
2015-08-30,CUA,NO2,1,158.0,14.512658227848101,5.596560979712921,5.0,11.0,14.0,17.75,32.0
2015-08-30,CUA,NOX,1,158.0,18.81645569620253,7.552650530314278,5.0,14.0,18.0,23.75,42.0
2015-08-30,CUA,O3,1,158.0,40.436708860759495,19.706261265101915,3.0,26.25,35.5,48.0,112.0
2015-08-30,CUA,PM10,2,160.0,20.76875,11.119263060396108,1.0,12.0,19.0,29.0,54.0
2015-08-30,CUA,SO2,1,0.0,,,,,,,
2015-08-30,CUT,NO,1,148.0,5.081081081081081,10.315771897619742,0.0,1.0,2.0,3.0,70.0
2015-08-30,CUT,NO2,1,148.0,11.837837837837839,7.031565423151171,3.0,6.0,10.0,16.0,34.0
2015-08-30,CUT,NOX,1,148.0,16.93243243243243,15.349294633425432,4.0,8.0,12.0,18.25,98.0
2015-08-30,CUT,O3,1,148.0,24.0,12.35858785936124,1.0,14.0,24.0,33.0,54.0
2015-08-30,CUT,PM10,2,150.0,31.533333333333335,21.124007992010714,2.0,17.0,28.0,43.0,127.0
2015-08-30,CUT,SO2,1,148.0,3.675675675675676,9.608114637497573,1.0,1.0,1.0,2.0,77.0
2015-08-30,FAC,CO,15,158.0,0.41075949367088604,0.2863309392231826,0.1,0.2,0.4,0.5,2.6
2015-08-30,FAC,NO,1,158.0,8.924050632911392,16.782059082685432,0.0,1.0,6.0,10.0,167.0
2015-08-30,FAC,NO2,1,158.0,17.689873417721518,7.290952336364298,4.0,13.0,17.0,21.75,40.0
2015-08-30,FAC,NOX,1,158.0,26.60759493670886,21.59730917511668,4.0,14.25,23.0,31.75,206.0
2015-08-30,FAC,O3,1,158.0,34.37341772151899,17.053488044585414,2.0,23.0,31.0,43.0,84.0
2015-08-30,FAC,PM10,2,158.0,24.455696202531644,15.966762825235127,1.0,13.25,22.0,35.0,82.0
2015-08-30,FAC,SO2,1,158.0,6.1075949367088604,6.755592581077024,2.0,3.0,3.0,5.0,40.0
2015-08-30,HGM,CO,15,158.0,0.47215189873417707,0.1973949507680695,0.1,0.325,0.4,0.575,1.1
2015-08-30,HGM,NO,1,158.0,10.272151898734178,13.388201257803638,0.0,1.0,5.0,13.75,80.0
2015-08-30,HGM,NO2,1,158.0,22.037974683544302,9.025714203932825,9.0,16.0,19.0,26.75,44.0
2015-08-30,HGM,NOX,1,158.0,32.32911392405063,20.261489007214802,11.0,18.0,25.0,43.75,119.0
2015-08-30,HGM,O3,1,158.0,30.841772151898734,20.333375077994415,1.0,16.25,25.5,40.75,96.0
2015-08-30,HGM,PM10,2,158.0,25.803797468354432,10.905184217252948,7.0,18.0,24.0,31.75,72.0
2015-08-30,HGM,PM2.5,2,158.0,13.58860759493671,7.530092281546379,1.0,9.0,12.0,17.0,50.0
2015-08-30,HGM,PMCO,2,158.0,12.177215189873417,5.47433966275452,1.0,8.0,11.0,16.0,25.0
2015-08-30,HGM,SO2,1,158.0,3.3734177215189876,4.03879936945256,1.0,2.0,2.0,3.0,27.0
2015-08-30,INN,CO,15,138.0,0.41884057971014477,0.16852764058319153,0.0,0.3,0.4,0.5,0.9
2015-08-30,INN,O3,1,136.0,42.48529411764706,18.82550881477247,11.0,31.0,38.0,48.25,114.0
2015-08-30,INN,PM10,2,131.0,17.358778625954198,9.904209440970872,4.0,10.0,16.0,21.0,48.0
2015-08-30,INN,PM2.5,2,131.0,11.664122137404581,6.423048266292381,3.0,7.0,10.0,14.0,34.0
2015-08-30,INN,PMCO,2,131.0,5.702290076335878,4.349526334049841,1.0,2.0,4.0,9.0,18.0
2015-08-30,IZT,CO,15,158.0,0.6943037974683546,0.22804728275118905,0.3,0.5,0.7,0.8,1.4
2015-08-30,IZT,NO,1,158.0,8.310126582278482,9.20668678258022,0.0,3.0,6.0,9.0,57.0
2015-08-30,IZT,NO2,1,158.0,22.930379746835442,8.645249856297026,10.0,17.0,21.0,27.0,48.0
2015-08-30,IZT,NOX,1,158.0,31.259493670886076,16.10877846675664,10.0,20.0,26.0,38.75,91.0
2015-08-30,IZT,O3,1,158.0,30.20253164556962,19.597139884154515,2.0,17.0,25.0,39.0,88.0
2015-08-30,IZT,PM10,2,161.0,21.180124223602483,10.36634470218274,4.0,15.0,19.0,24.0,68.0
2015-08-30,IZT,SO2,1,135.0,1.4296296296296296,1.5954260215253793,0.0,1.0,1.0,1.0,10.0
2015-08-30,LLA,CO,15,0.0,,,,,,,
2015-08-30,LLA,NO,1,0.0,,,,,,,
2015-08-30,LLA,NO2,1,0.0,,,,,,,
2015-08-30,LLA,NOX,1,0.0,,,,,,,
2015-08-30,LLA,O3,1,154.0,26.896103896103895,15.593349022604762,0.0,14.25,24.5,37.0,71.0
2015-08-30,LLA,SO2,1,154.0,2.0324675324675323,2.7851586856349426,1.0,1.0,2.0,2.0,29.0
2015-08-30,LPR,CO,15,157.0,0.3656050955414014,0.274262034491857,0.0,0.1,0.3,0.5,1.4
2015-08-30,LPR,NO,1,0.0,,,,,,,
2015-08-30,LPR,NO2,1,0.0,,,,,,,
2015-08-30,LPR,NOX,1,0.0,,,,,,,
2015-08-30,LPR,O3,1,157.0,27.420382165605094,10.97907531283068,5.0,20.0,27.0,34.0,56.0
2015-08-30,LPR,SO2,1,157.0,1.3503184713375795,1.7969569792027127,0.0,1.0,1.0,2.0,20.0
2015-08-30,MER,CO,15,155.0,0.6129032258064518,0.2957951373860208,0.2,0.4,0.5,0.8,1.4
2015-08-30,MER,NO,1,155.0,15.070967741935483,14.884887165864283,2.0,5.0,10.0,19.0,84.0
2015-08-30,MER,NO2,1,155.0,24.258064516129032,9.201805800809462,10.0,17.0,23.0,31.0,45.0
2015-08-30,MER,NOX,1,155.0,39.30967741935484,22.361425430814187,12.0,22.0,31.0,51.0,123.0
2015-08-30,MER,O3,1,155.0,27.84516129032258,17.856623033908605,2.0,16.0,24.0,37.0,85.0
2015-08-30,MER,PM10,2,155.0,29.89677419354839,14.396596907381115,6.0,20.0,29.0,35.5,110.0
2015-08-30,MER,PM2.5,2,155.0,14.393548387096773,9.861703953154164,1.0,9.0,13.0,19.0,64.0
2015-08-30,MER,PMCO,2,155.0,15.516129032258064,6.797015042629817,3.0,10.5,15.0,20.0,46.0
2015-08-30,MER,SO2,1,0.0,,,,,,,
2015-08-30,MGH,CO,15,158.0,0.4683544303797467,0.16667929754067953,0.2,0.4,0.4,0.6,1.1
2015-08-30,MGH,NO,1,158.0,8.550632911392405,7.729130494149897,1.0,3.25,6.0,11.0,41.0
2015-08-30,MGH,NO2,1,158.0,21.854430379746834,7.270765078910319,9.0,17.0,21.0,26.75,51.0
2015-08-30,MGH,NOX,1,158.0,30.5126582278481,13.840647853919487,10.0,21.0,27.0,36.75,86.0
2015-08-30,MGH,O3,1,158.0,29.632911392405063,20.64635636039084,1.0,15.25,23.0,38.0,104.0
2015-08-30,MGH,PM10,2,160.0,22.78125,9.10088244736491,5.0,17.0,22.0,27.25,60.0
2015-08-30,MGH,PM2.5,2,160.0,12.95,6.734684464974383,2.0,9.0,12.0,16.0,44.0
2015-08-30,MGH,PMCO,2,160.0,9.7875,5.263362748413191,2.0,5.0,9.0,14.0,28.0
2015-08-30,MGH,SO2,1,158.0,2.6012658227848102,3.344240935111113,0.0,1.0,2.0,2.0,24.0
2015-08-30,MON,CO,15,103.0,0.2932038834951455,0.23232082951794877,0.1,0.2,0.2,0.4,1.3
2015-08-30,MON,NO,1,18.0,3.7222222222222223,6.350595669657857,0.0,0.0,1.0,5.5,26.0
2015-08-30,MON,NO2,1,18.0,10.055555555555555,7.083304498211205,4.0,6.0,7.0,10.0,28.0
2015-08-30,MON,NOX,1,18.0,13.88888888888889,12.85616761525899,5.0,7.0,8.0,13.0,54.0
2015-08-30,MON,O3,1,101.0,26.504950495049506,13.22696016655092,1.0,14.0,28.0,36.0,53.0
2015-08-30,MON,SO2,1,0.0,,,,,,,
2015-08-30,NEZ,CO,15,158.0,0.47341772151898726,0.287846766011112,0.1,0.3,0.4,0.575,1.7
2015-08-30,NEZ,NO,1,158.0,7.037974683544304,10.705011669907622,0.0,2.0,3.0,7.0,74.0
2015-08-30,NEZ,NO2,1,158.0,18.360759493670887,8.860718691236496,7.0,12.0,16.0,22.0,48.0
2015-08-30,NEZ,NOX,1,158.0,25.335443037974684,17.784130462276824,8.0,14.0,20.0,28.0,114.0
2015-08-30,NEZ,O3,1,158.0,30.145569620253166,17.704159772221477,0.0,19.0,26.5,40.0,77.0
2015-08-30,NEZ,PM2.5,2,157.0,9.949044585987261,5.236455272884742,1.0,7.0,9.0,12.0,37.0
2015-08-30,NEZ,SO2,1,158.0,0.8037974683544303,0.7267312802020589,0.0,0.0,1.0,1.0,4.0
2015-08-30,PED,CO,15,158.0,0.3658227848101261,0.14878366798715295,0.1,0.3,0.4,0.5,0.7
2015-08-30,PED,NO,1,158.0,3.9367088607594938,3.879857414649432,0.0,1.0,2.5,5.0,21.0
2015-08-30,PED,NO2,1,158.0,17.835443037974684,6.7990827027361185,5.0,13.0,18.0,22.0,36.0
2015-08-30,PED,NOX,1,158.0,21.810126582278482,9.680337875567606,5.0,15.0,20.0,27.75,52.0
2015-08-30,PED,O3,1,158.0,33.98101265822785,21.54020726233379,3.0,19.25,29.0,42.0,119.0
2015-08-30,PED,PM10,2,161.0,27.63975155279503,11.968475673112607,6.0,19.0,26.0,34.0,70.0
2015-08-30,PED,PM2.5,2,161.0,13.391304347826088,7.4247675999349285,1.0,8.0,12.0,17.0,45.0
2015-08-30,PED,PMCO,2,161.0,14.254658385093167,6.728000727468737,2.0,9.0,14.0,18.0,39.0
2015-08-30,PED,SO2,1,158.0,2.7151898734177213,4.063338924102457,1.0,1.0,1.0,2.0,34.0
2015-08-30,SAG,CO,15,158.0,0.49430379746835423,0.24604998479442045,0.1,0.3,0.4,0.6,1.3
2015-08-30,SAG,NO,1,158.0,6.955696202531645,7.806044478731496,0.0,3.0,4.0,7.0,41.0
2015-08-30,SAG,NO2,1,158.0,15.018987341772151,7.718347335550234,6.0,9.0,13.0,19.0,43.0
2015-08-30,SAG,NOX,1,158.0,21.911392405063292,14.314653196568575,7.0,13.0,17.0,25.0,76.0
2015-08-30,SAG,O3,1,158.0,29.962025316455698,15.641642149095924,1.0,20.0,27.0,38.0,71.0
2015-08-30,SAG,PM10,2,160.0,23.425,9.925857217864564,5.0,16.0,22.5,29.0,51.0
2015-08-30,SAG,PM2.5,2,160.0,11.00625,6.474426591253826,1.0,7.0,10.0,15.0,30.0
2015-08-30,SAG,PMCO,2,160.0,12.4,5.364922174375593,2.0,8.0,12.0,16.0,29.0
2015-08-30,SAG,SO2,1,158.0,1.5696202531645569,2.001168730515947,0.0,1.0,1.0,1.0,19.0
2015-08-30,SFE,CO,15,157.0,0.4050955414012736,0.10240453862634956,0.2,0.3,0.4,0.5,0.7
2015-08-30,SFE,NO,1,0.0,,,,,,,
2015-08-30,SFE,NO2,1,0.0,,,,,,,
2015-08-30,SFE,NOX,1,0.0,,,,,,,
2015-08-30,SFE,O3,1,157.0,38.89171974522293,20.93965065275482,5.0,25.0,33.0,47.0,123.0
2015-08-30,SFE,PM10,2,132.0,20.795454545454547,11.36402428206726,2.0,13.75,19.0,26.25,63.0
2015-08-30,SFE,PM2.5,2,132.0,11.151515151515152,7.802411888293124,1.0,6.0,9.0,15.25,39.0
2015-08-30,SFE,PMCO,2,132.0,9.643939393939394,5.452266950275108,1.0,5.0,9.0,14.0,25.0
2015-08-30,SFE,SO2,1,157.0,2.9044585987261144,5.22786351357265,0.0,1.0,1.0,2.0,33.0
2015-08-30,SJA,CO,15,155.0,0.7148387096774195,0.2085178208420418,0.5,0.6,0.6,0.8,1.5
2015-08-30,SJA,NO,1,0.0,,,,,,,
2015-08-30,SJA,NO2,1,0.0,,,,,,,
2015-08-30,SJA,NOX,1,0.0,,,,,,,
2015-08-30,SJA,O3,1,155.0,33.270967741935486,18.400419841843163,1.0,20.0,31.0,41.5,84.0
2015-08-30,SJA,PM2.5,2,150.0,10.873333333333333,6.17344026076578,1.0,7.0,10.0,14.0,41.0
2015-08-30,SJA,SO2,1,155.0,1.0451612903225806,0.8085736638800479,0.0,1.0,1.0,1.0,6.0
2015-08-30,TAH,CO,15,155.0,0.36193548387096774,0.21144861146661711,0.1,0.2,0.3,0.4,1.2
2015-08-30,TAH,NO,1,155.0,5.296774193548387,7.104209647906488,1.0,2.0,2.0,5.0,45.0
2015-08-30,TAH,NO2,1,155.0,16.032258064516128,7.135442318162722,5.0,11.0,14.0,19.5,34.0
2015-08-30,TAH,NOX,1,155.0,21.374193548387098,13.16584936275724,7.0,13.0,17.0,24.5,73.0
2015-08-30,TAH,O3,1,155.0,34.13548387096774,20.62846269062808,2.0,18.0,30.0,45.5,91.0
2015-08-30,TAH,PM10,2,151.0,22.066225165562916,10.673124424879648,1.0,12.0,22.0,30.0,60.0
2015-08-30,TAH,SO2,1,155.0,1.832258064516129,1.7125182901239964,1.0,1.0,1.0,2.0,10.0
2015-08-30,TLA,CO,15,152.0,0.5092105263157891,0.2522364241407203,0.1,0.3,0.4,0.6,1.6
2015-08-30,TLA,NO,1,112.0,11.330357142857142,12.023541767218868,0.0,4.0,8.0,13.25,62.0
2015-08-30,TLA,NO2,1,112.0,21.705357142857142,8.983105657771551,9.0,15.0,19.0,27.25,47.0
2015-08-30,TLA,NOX,1,112.0,33.026785714285715,19.53950022018396,10.0,21.75,27.0,38.0,106.0
2015-08-30,TLA,O3,1,152.0,26.644736842105264,15.890522767913398,1.0,15.75,24.0,35.25,75.0
2015-08-30,TLA,PM10,2,0.0,,,,,,,
2015-08-30,TLA,PM2.5,2,0.0,,,,,,,
2015-08-30,TLA,PMCO,2,0.0,,,,,,,
2015-08-30,TLA,SO2,1,152.0,4.802631578947368,4.763324947146552,1.0,2.0,3.0,5.0,41.0
2015-08-30,TLI,CO,15,158.0,0.355696202531645,0.20580544609299897,0.1,0.2,0.3,0.4,1.1
2015-08-30,TLI,NO,1,158.0,6.417721518987341,8.0691400735797,1.0,3.0,4.0,5.75,53.0
2015-08-30,TLI,NO2,1,158.0,15.917721518987342,8.999621499382371,6.0,10.0,13.0,19.0,47.0
2015-08-30,TLI,NOX,1,158.0,22.341772151898734,15.527568313525277,8.0,13.0,17.0,25.0,87.0
2015-08-30,TLI,O3,1,158.0,28.303797468354432,15.609367129236219,0.0,18.25,25.0,38.0,66.0
2015-08-30,TLI,PM10,2,157.0,27.9171974522293,16.05477873720178,1.0,18.0,26.0,36.0,112.0
2015-08-30,TLI,SO2,1,158.0,3.4683544303797467,7.067167187206133,1.0,2.0,2.0,2.0,62.0
2015-08-30,UAX,CO,15,152.0,0.4302631578947367,0.2071693403651048,0.2,0.275,0.4,0.6,1.0
2015-08-30,UAX,NO,1,152.0,5.453947368421052,6.999374442994042,0.0,1.0,2.0,8.0,44.0
2015-08-30,UAX,NO2,1,152.0,17.592105263157894,8.502711108862094,5.0,11.0,16.0,23.25,40.0
2015-08-30,UAX,NOX,1,152.0,23.013157894736842,14.096163040991526,6.0,12.0,18.0,31.25,73.0
2015-08-30,UAX,O3,1,152.0,31.44736842105263,20.747548957188087,1.0,18.0,29.0,41.0,92.0
2015-08-30,UAX,PM2.5,2,152.0,10.697368421052632,5.64518135219132,1.0,7.0,10.5,14.0,36.0
2015-08-30,UAX,SO2,1,149.0,1.3221476510067114,2.2338563685584565,0.0,0.0,1.0,1.0,16.0
2015-08-30,UIZ,CO,15,152.0,0.5203947368421052,0.2743659314546478,0.2,0.3,0.4,0.7,1.4
2015-08-30,UIZ,NO,1,152.0,9.171052631578947,13.553316993770773,1.0,2.0,3.0,12.0,92.0
2015-08-30,UIZ,NO2,1,152.0,21.236842105263158,10.404238083305742,6.0,12.75,20.0,28.0,49.0
2015-08-30,UIZ,NOX,1,152.0,30.42105263157895,21.61294875419632,8.0,15.0,23.5,38.25,129.0
2015-08-30,UIZ,O3,1,152.0,30.914473684210527,20.070387424680824,2.0,16.0,27.0,43.0,88.0
2015-08-30,UIZ,PM10,2,156.0,24.28205128205128,13.46191515483822,6.0,14.0,23.0,30.25,88.0
2015-08-30,UIZ,PM2.5,2,156.0,12.371794871794872,9.410507475752794,1.0,6.0,10.5,16.0,62.0
2015-08-30,UIZ,PMCO,2,156.0,11.89102564102564,5.887738727930322,3.0,7.0,11.0,16.25,29.0
2015-08-30,UIZ,SO2,1,152.0,1.881578947368421,1.5394770356828666,1.0,1.0,1.0,2.0,12.0
2015-08-30,VIF,CO,15,0.0,,,,,,,
2015-08-30,VIF,NO,1,0.0,,,,,,,
2015-08-30,VIF,NO2,1,0.0,,,,,,,
2015-08-30,VIF,NOX,1,0.0,,,,,,,
2015-08-30,VIF,O3,1,0.0,,,,,,,
2015-08-30,VIF,PM10,2,0.0,,,,,,,
2015-08-30,VIF,SO2,1,0.0,,,,,,,
2015-08-30,XAL,CO,15,158.0,0.7411392405063295,0.2992835919102155,0.4,0.6,0.7,0.8,2.3
2015-08-30,XAL,NO,1,158.0,14.746835443037975,14.306444456227345,1.0,7.0,12.0,17.75,97.0
2015-08-30,XAL,NO2,1,158.0,20.151898734177216,8.784161495961476,6.0,15.0,18.0,24.0,49.0
2015-08-30,XAL,NOX,1,158.0,34.91139240506329,21.3915215500722,7.0,22.0,30.0,41.0,132.0
2015-08-30,XAL,O3,1,157.0,25.872611464968152,11.240794589722261,1.0,19.0,25.0,34.0,55.0
2015-08-30,XAL,PM10,2,159.0,31.729559748427672,14.909297725436678,7.0,21.0,30.0,39.0,94.0
2015-08-30,XAL,PM2.5,2,159.0,12.0,7.147629508790779,1.0,8.0,11.0,15.0,48.0
2015-08-30,XAL,PMCO,2,159.0,19.754716981132077,10.321856484186986,2.0,11.0,19.0,25.5,62.0
2015-08-30,XAL,SO2,1,158.0,1.1645569620253164,0.7969748495074375,0.0,1.0,1.0,1.0,5.0
2015-09-06,ACO,CO,15,23.0,0.5304347826086958,0.17948102611467837,0.3,0.4,0.5,0.6,1.0
2015-09-06,ACO,NO,1,0.0,,,,,,,
2015-09-06,ACO,NO2,1,0.0,,,,,,,
2015-09-06,ACO,NOX,1,0.0,,,,,,,
2015-09-06,ACO,O3,1,23.0,22.08695652173913,23.206411816718127,1.0,2.0,14.0,37.0,72.0
2015-09-06,ACO,PM10,2,23.0,20.652173913043477,5.773046270480319,10.0,16.0,20.0,23.5,34.0
2015-09-06,ACO,SO2,1,0.0,,,,,,,
2015-09-06,AJM,CO,15,158.0,0.6227848101265826,0.2369924974429175,0.2,0.42500000000000004,0.6,0.7,1.4
2015-09-06,AJM,NO,1,158.0,5.379746835443038,7.711855043746231,0.0,1.0,2.0,6.75,41.0
2015-09-06,AJM,NO2,1,158.0,19.265822784810126,8.65945800919323,4.0,13.0,18.0,25.0,52.0
2015-09-06,AJM,NOX,1,158.0,24.658227848101266,14.206292743969916,4.0,15.0,21.0,31.75,80.0
2015-09-06,AJM,O3,1,158.0,45.11392405063291,28.667426350273146,5.0,25.0,37.0,61.0,130.0
2015-09-06,AJM,PM10,2,161.0,25.84472049689441,14.103438856450568,2.0,17.0,24.0,33.0,83.0
2015-09-06,AJM,PM2.5,2,161.0,20.19254658385093,11.742825217952403,1.0,13.0,18.0,26.0,67.0
2015-09-06,AJM,PMCO,2,161.0,5.614906832298137,3.2288970868572937,1.0,3.0,5.0,8.0,16.0
2015-09-06,AJM,SO2,1,158.0,1.4683544303797469,1.6147050610215243,0.0,1.0,1.0,2.0,13.0
2015-09-06,AJU,O3,1,157.0,34.904458598726116,19.26594692099763,4.0,20.0,34.0,46.0,106.0
2015-09-06,ATI,CO,15,21.0,0.7476190476190475,0.4955996848455895,0.1,0.5,0.7,0.9,2.4
2015-09-06,ATI,NO,1,21.0,23.142857142857142,33.47429717602106,1.0,3.0,10.0,27.0,143.0
2015-09-06,ATI,NO2,1,21.0,20.142857142857142,7.7928538693197265,4.0,17.0,20.0,26.0,34.0
2015-09-06,ATI,NOX,1,21.0,43.38095238095238,35.13612982454981,5.0,23.0,34.0,53.0,162.0
2015-09-06,ATI,O3,1,21.0,23.61904761904762,23.463751171703535,2.0,5.0,15.0,31.0,80.0
2015-09-06,ATI,PM10,2,21.0,22.666666666666668,14.402546071210233,2.0,13.0,20.0,33.0,48.0
2015-09-06,ATI,SO2,1,21.0,2.3333333333333335,0.9128709291752768,1.0,2.0,2.0,3.0,4.0
2015-09-06,BJU,CO,15,158.0,0.9854430379746835,0.546538143769064,0.3,0.6,0.8,1.2,2.7
2015-09-06,BJU,O3,1,157.0,32.49044585987261,34.7385136586209,0.0,3.0,19.0,52.0,127.0
2015-09-06,BJU,PM10,2,161.0,35.63354037267081,17.858712663919036,11.0,20.0,33.0,47.0,84.0
2015-09-06,BJU,PM2.5,2,161.0,25.981366459627328,14.867108011349014,5.0,14.0,21.0,35.0,64.0
2015-09-06,BJU,PMCO,2,161.0,9.639751552795031,5.036805529091646,1.0,6.0,9.0,12.0,24.0
2015-09-06,CAM,CO,15,154.0,1.1831168831168828,0.6652735635463206,0.5,0.8,1.0,1.3,3.7
2015-09-06,CAM,NO,1,154.0,30.857142857142858,41.85821517222512,1.0,5.0,13.0,36.0,239.0
2015-09-06,CAM,NO2,1,154.0,39.27272727272727,14.455825307599232,14.0,28.0,38.0,47.0,87.0
2015-09-06,CAM,NOX,1,154.0,70.11688311688312,48.31080584572536,15.0,40.0,53.5,81.0,281.0
2015-09-06,CAM,O3,1,154.0,25.98701298701299,31.391266220734188,1.0,2.0,11.0,43.75,127.0
2015-09-06,CAM,PM10,2,143.0,41.48251748251748,19.291993941461005,7.0,27.0,39.0,54.5,108.0
2015-09-06,CAM,PM2.5,2,143.0,30.20979020979021,15.915203620868517,1.0,19.0,29.0,43.5,76.0
2015-09-06,CAM,PMCO,2,143.0,11.286713286713287,7.177451367688008,2.0,7.0,10.0,14.0,57.0
2015-09-06,CAM,SO2,1,154.0,3.675324675324675,2.695634614024746,1.0,2.0,3.0,5.0,16.0
2015-09-06,CCA,CO,15,156.0,0.8378205128205126,0.4621608362293926,0.3,0.5,0.7,1.0,2.7
2015-09-06,CCA,NO,1,156.0,14.76923076923077,28.537885662994437,0.0,1.0,4.0,14.5,204.0
2015-09-06,CCA,NO2,1,156.0,27.916666666666668,12.734488772662809,10.0,18.0,24.5,33.5,70.0
2015-09-06,CCA,NOX,1,156.0,42.61538461538461,34.44255835884913,10.0,21.0,31.0,48.0,223.0
2015-09-06,CCA,O3,1,156.0,34.68589743589744,34.273812910843134,0.0,5.0,26.0,53.25,141.0
2015-09-06,CCA,PM2.5,2,158.0,16.31645569620253,8.874990702494411,1.0,10.0,15.0,22.0,47.0
2015-09-06,CCA,SO2,1,156.0,2.33974358974359,1.6323218961158663,1.0,1.0,2.0,3.0,8.0
2015-09-06,CHO,CO,15,158.0,0.7708860759493668,0.3978130978537461,0.3,0.5,0.7,0.9,2.9
2015-09-06,CHO,NO,1,0.0,,,,,,,
2015-09-06,CHO,NO2,1,0.0,,,,,,,
2015-09-06,CHO,NOX,1,0.0,,,,,,,
2015-09-06,CHO,O3,1,158.0,27.88607594936709,23.62660022108415,2.0,6.0,26.0,41.0,104.0
2015-09-06,CHO,PM10,2,158.0,32.27215189873418,22.39274471166951,1.0,13.25,29.5,45.75,97.0
2015-09-06,CHO,SO2,1,158.0,2.411392405063291,2.1918486710149137,1.0,1.0,2.0,3.0,15.0
2015-09-06,COY,NO,1,158.0,17.89240506329114,24.145943057858602,0.0,3.0,6.0,21.75,106.0
2015-09-06,COY,NO2,1,158.0,30.962025316455698,13.685682730340245,11.0,21.0,28.0,38.25,78.0
2015-09-06,COY,NOX,1,158.0,48.822784810126585,31.14983697851071,11.0,28.0,38.0,62.75,140.0
2015-09-06,COY,O3,1,158.0,33.68354430379747,34.946380877030506,1.0,4.0,21.0,52.5,138.0
2015-09-06,COY,PM2.5,2,161.0,25.018633540372672,15.518324671855463,5.0,12.0,21.0,34.0,68.0
2015-09-06,CUA,CO,15,158.0,0.6803797468354426,0.2235950789539419,0.3,0.5,0.6,0.8,1.4
2015-09-06,CUA,NO,1,158.0,11.683544303797468,14.337643032941749,1.0,4.0,6.0,13.75,88.0
2015-09-06,CUA,NO2,1,158.0,25.810126582278482,9.254471736281486,6.0,19.0,27.0,32.0,48.0
2015-09-06,CUA,NOX,1,158.0,37.49367088607595,20.143038447655627,7.0,24.25,33.5,47.0,119.0
2015-09-06,CUA,O3,1,158.0,38.177215189873415,31.846870675362613,2.0,11.25,30.0,55.75,143.0
2015-09-06,CUA,PM10,2,160.0,23.86875,14.510079721421674,1.0,13.0,24.0,33.0,74.0
2015-09-06,CUA,SO2,1,0.0,,,,,,,
2015-09-06,CUT,NO,1,150.0,12.306666666666667,22.833787124607735,0.0,1.0,2.0,13.75,178.0
2015-09-06,CUT,NO2,1,150.0,15.806666666666667,9.436966201920873,2.0,8.0,14.0,21.75,46.0
2015-09-06,CUT,NOX,1,150.0,28.08,26.794149416486807,3.0,9.0,20.0,39.5,199.0
2015-09-06,CUT,O3,1,150.0,22.513333333333332,18.175038811352874,1.0,5.25,20.0,37.0,62.0
2015-09-06,CUT,PM10,2,152.0,31.394736842105264,21.90834547050034,1.0,16.0,26.0,41.0,99.0
2015-09-06,CUT,SO2,1,150.0,2.0866666666666664,3.1451180165150503,0.0,1.0,1.0,1.0,19.0
2015-09-06,FAC,CO,15,126.0,0.9460317460317463,0.7521330513839468,0.2,0.4,0.7,1.2,3.7
2015-09-06,FAC,NO,1,126.0,31.793650793650794,47.07565272372844,0.0,3.25,11.0,39.25,260.0
2015-09-06,FAC,NO2,1,126.0,29.595238095238095,17.100258978824183,8.0,17.0,26.0,36.0,108.0
2015-09-06,FAC,NOX,1,126.0,61.44444444444444,53.76430868977009,9.0,26.25,42.0,80.75,280.0
2015-09-06,FAC,O3,1,126.0,30.58730158730159,32.220060792312566,1.0,4.0,21.0,41.5,123.0
2015-09-06,FAC,PM10,2,129.0,33.89922480620155,25.140183521990853,1.0,14.0,27.0,51.0,110.0
2015-09-06,FAC,SO2,1,126.0,2.738095238095238,2.113494060284331,1.0,1.0,2.0,3.0,11.0
2015-09-06,HGM,CO,15,157.0,1.0382165605095546,0.5375079047536967,0.2,0.7,0.9,1.3,2.8
2015-09-06,HGM,NO,1,157.0,24.43312101910828,30.66135835161301,0.0,3.0,10.0,38.0,144.0
2015-09-06,HGM,NO2,1,157.0,37.802547770700635,13.703564710503134,16.0,28.0,36.0,46.0,84.0
2015-09-06,HGM,NOX,1,157.0,62.28025477707006,36.85450158548016,18.0,37.0,51.0,81.0,184.0
2015-09-06,HGM,O3,1,157.0,31.1656050955414,34.48724162713191,1.0,3.0,15.0,50.0,137.0
2015-09-06,HGM,PM10,2,157.0,41.388535031847134,19.61182586771951,5.0,27.0,38.0,52.0,97.0
2015-09-06,HGM,PM2.5,2,157.0,27.94267515923567,14.596821764280095,1.0,18.0,25.0,36.0,66.0
2015-09-06,HGM,PMCO,2,157.0,13.503184713375797,6.710711112746485,2.0,9.0,13.0,17.0,39.0
2015-09-06,HGM,SO2,1,157.0,3.3694267515923566,2.1191635511350415,1.0,2.0,3.0,4.0,12.0
2015-09-06,INN,CO,15,157.0,0.39936305732484056,0.1949677209597368,0.1,0.3,0.4,0.5,0.9
2015-09-06,INN,O3,1,155.0,34.26451612903226,20.829261828094378,8.0,18.0,29.0,44.5,109.0
2015-09-06,INN,PM10,2,150.0,15.906666666666666,10.872258069312327,4.0,8.0,12.5,21.0,64.0
2015-09-06,INN,PM2.5,2,150.0,12.593333333333334,9.35152190654976,1.0,5.25,10.5,17.0,52.0
2015-09-06,INN,PMCO,2,150.0,3.2533333333333334,1.9871623782855248,1.0,2.0,3.0,4.0,12.0
2015-09-06,IZT,CO,15,158.0,1.3594936708860759,0.6530709401174802,0.5,0.9,1.1,1.6,3.6
2015-09-06,IZT,NO,1,158.0,27.20886075949367,33.25965283904988,1.0,4.0,10.0,43.0,152.0
2015-09-06,IZT,NO2,1,158.0,36.74683544303797,13.223187850445235,13.0,27.25,34.0,46.0,77.0
2015-09-06,IZT,NOX,1,158.0,63.98101265822785,38.74027044797189,15.0,34.0,55.0,79.75,185.0
2015-09-06,IZT,O3,1,158.0,30.10126582278481,32.53341053340795,2.0,3.0,16.0,46.75,119.0
2015-09-06,IZT,PM10,2,158.0,28.955696202531644,12.859527651630245,2.0,20.25,27.0,35.0,71.0
2015-09-06,IZT,SO2,1,131.0,3.5267175572519083,2.370745563594873,1.0,2.0,3.0,4.0,11.0
2015-09-06,LLA,CO,15,0.0,,,,,,,
2015-09-06,LLA,NO,1,0.0,,,,,,,
2015-09-06,LLA,NO2,1,0.0,,,,,,,
2015-09-06,LLA,NOX,1,0.0,,,,,,,
2015-09-06,LLA,O3,1,158.0,26.158227848101266,25.139742473154808,0.0,2.0,19.5,43.5,89.0
2015-09-06,LLA,SO2,1,158.0,4.284810126582278,7.209416853324008,1.0,2.0,2.0,3.0,59.0
2015-09-06,LPR,CO,15,157.0,0.7382165605095541,0.4654106309110455,0.0,0.4,0.6,0.9,2.7
2015-09-06,LPR,NO,1,0.0,,,,,,,
2015-09-06,LPR,NO2,1,0.0,,,,,,,
2015-09-06,LPR,NOX,1,0.0,,,,,,,
2015-09-06,LPR,O3,1,157.0,25.59235668789809,23.457259390823324,1.0,3.0,22.0,40.0,86.0
2015-09-06,LPR,SO2,1,157.0,2.828025477707006,2.831096426069887,1.0,2.0,2.0,3.0,19.0
2015-09-06,MER,CO,15,149.0,1.1966442953020144,0.6298236676634129,0.3,0.7,1.0,1.6,3.4
2015-09-06,MER,NO,1,149.0,33.11409395973154,36.303065577006144,1.0,6.0,19.0,48.0,176.0
2015-09-06,MER,NO2,1,149.0,38.93288590604027,14.78753329462346,11.0,29.0,36.0,48.0,88.0
2015-09-06,MER,NOX,1,149.0,72.14093959731544,43.6382580928875,12.0,38.0,62.0,94.0,227.0
2015-09-06,MER,O3,1,149.0,26.42953020134228,31.157892374328387,1.0,2.0,12.0,38.0,116.0
2015-09-06,MER,PM10,2,148.0,48.229729729729726,18.625596678419118,10.0,35.75,44.0,60.0,100.0
2015-09-06,MER,PM2.5,2,148.0,30.43918918918919,14.147534749000195,1.0,20.0,28.5,40.0,67.0
2015-09-06,MER,PMCO,2,148.0,17.85135135135135,7.638396441809172,3.0,12.0,17.0,23.0,40.0
2015-09-06,MER,SO2,1,88.0,2.3863636363636362,1.1490307577870342,0.0,2.0,2.0,3.0,5.0
2015-09-06,MGH,CO,15,155.0,1.0070967741935481,0.4435848177901745,0.4,0.7,0.9,1.2,2.6
2015-09-06,MGH,NO,1,156.0,31.442307692307693,47.14825490351315,0.0,4.0,8.0,43.5,343.0
2015-09-06,MGH,NO2,1,156.0,31.852564102564102,13.423525082519337,10.0,22.0,32.0,39.0,80.0
2015-09-06,MGH,NOX,1,156.0,63.30128205128205,52.01580651473165,13.0,29.0,44.5,87.25,382.0
2015-09-06,MGH,O3,1,154.0,31.5,34.217919473163406,0.0,2.0,19.0,49.75,131.0
2015-09-06,MGH,PM10,2,160.0,33.8875,16.401406405411443,6.0,21.0,32.0,44.0,81.0
2015-09-06,MGH,PM2.5,2,160.0,25.48125,13.442152734059608,3.0,15.0,24.5,33.25,66.0
2015-09-06,MGH,PMCO,2,160.0,8.475,4.376825764590696,2.0,5.0,8.0,11.0,23.0
2015-09-06,MGH,SO2,1,155.0,1.7806451612903227,1.5215805510297196,0.0,1.0,1.0,2.0,10.0
2015-09-06,MON,CO,15,135.0,0.5185185185185183,0.3453713522039166,0.1,0.3,0.4,0.6,1.9
2015-09-06,MON,NO,1,135.0,13.11111111111111,24.251686098227573,0.0,1.0,3.0,11.0,130.0
2015-09-06,MON,NO2,1,135.0,14.2,8.18881654562553,2.0,7.0,13.0,18.0,40.0
2015-09-06,MON,NOX,1,135.0,27.31111111111111,27.791727177390182,2.0,9.0,18.0,32.5,149.0
2015-09-06,MON,O3,1,135.0,24.511111111111113,19.421048231953407,1.0,4.0,23.0,39.0,71.0
2015-09-06,MON,SO2,1,0.0,,,,,,,
2015-09-06,NEZ,CO,15,157.0,0.8859872611464973,0.5672084814026874,0.2,0.4,0.8,1.1,3.1
2015-09-06,NEZ,NO,1,157.0,18.70700636942675,28.5606105718547,0.0,2.0,7.0,20.0,162.0
2015-09-06,NEZ,NO2,1,157.0,30.394904458598727,13.426799627163307,9.0,20.0,29.0,39.0,70.0
2015-09-06,NEZ,NOX,1,157.0,49.05732484076433,34.99051923575001,10.0,23.0,40.0,64.0,192.0
2015-09-06,NEZ,O3,1,157.0,29.273885350318473,29.199712736769317,0.0,3.0,23.0,44.0,108.0
2015-09-06,NEZ,PM2.5,2,160.0,18.29375,10.273980614783932,1.0,11.0,17.0,24.0,56.0
2015-09-06,NEZ,SO2,1,157.0,2.573248407643312,2.4131153968816594,0.0,1.0,2.0,3.0,17.0
2015-09-06,PED,CO,15,158.0,0.7253164556962025,0.38356967476102066,0.2,0.42500000000000004,0.6,0.9,2.0
2015-09-06,PED,NO,1,107.0,13.532710280373832,22.170147256559545,1.0,2.0,3.0,11.5,124.0
2015-09-06,PED,NO2,1,107.0,26.654205607476637,12.877582396258276,6.0,17.0,26.0,35.5,56.0
2015-09-06,PED,NOX,1,107.0,40.19626168224299,29.394338837682014,7.0,18.5,31.0,49.5,155.0
2015-09-06,PED,O3,1,158.0,35.25949367088607,33.477091773739076,1.0,9.0,25.0,51.75,136.0
2015-09-06,PED,PM10,2,160.0,41.06875,19.305267595095362,9.0,27.75,37.0,52.25,102.0
2015-09-06,PED,PM2.5,2,160.0,22.25625,13.466121887137561,3.0,12.0,18.5,30.0,64.0
2015-09-06,PED,PMCO,2,160.0,18.86875,7.763907687409497,1.0,14.0,18.0,24.0,44.0
2015-09-06,PED,SO2,1,158.0,1.9177215189873418,1.3257142762814835,1.0,1.0,2.0,2.0,8.0
2015-09-06,SAG,CO,15,153.0,0.8633986928104573,0.39615780248780175,0.3,0.6,0.8,1.1,2.0
2015-09-06,SAG,NO,1,153.0,16.0,19.702057065991333,0.0,3.0,7.0,20.0,88.0
2015-09-06,SAG,NO2,1,153.0,23.77124183006536,10.233778391104565,7.0,17.0,22.0,30.0,56.0
2015-09-06,SAG,NOX,1,153.0,39.8562091503268,24.05077367741596,8.0,21.0,35.0,52.0,112.0
2015-09-06,SAG,O3,1,153.0,26.790849673202615,24.860837305089863,1.0,4.0,18.0,42.0,86.0
2015-09-06,SAG,PM10,2,155.0,34.08387096774194,13.551707056274747,4.0,25.0,34.0,43.0,72.0
2015-09-06,SAG,PM2.5,2,155.0,21.780645161290323,10.177177783305746,1.0,14.0,22.0,29.0,48.0
2015-09-06,SAG,PMCO,2,155.0,12.290322580645162,5.618808560142067,1.0,8.0,12.0,15.5,32.0
2015-09-06,SAG,SO2,1,153.0,3.9084967320261437,5.774671871658002,1.0,1.0,2.0,4.0,37.0
2015-09-06,SFE,CO,15,0.0,,,,,,,
2015-09-06,SFE,NO,1,0.0,,,,,,,
2015-09-06,SFE,NO2,1,0.0,,,,,,,
2015-09-06,SFE,NOX,1,0.0,,,,,,,
2015-09-06,SFE,O3,1,0.0,,,,,,,
2015-09-06,SFE,PM10,2,0.0,,,,,,,
2015-09-06,SFE,PM2.5,2,0.0,,,,,,,
2015-09-06,SFE,PMCO,2,0.0,,,,,,,
2015-09-06,SFE,SO2,1,0.0,,,,,,,
2015-09-06,SJA,CO,15,23.0,1.1347826086956523,0.31277162108561213,0.8,0.9,1.1,1.25,1.9
2015-09-06,SJA,NO,1,0.0,,,,,,,
2015-09-06,SJA,NO2,1,0.0,,,,,,,
2015-09-06,SJA,NOX,1,0.0,,,,,,,
2015-09-06,SJA,O3,1,23.0,19.91304347826087,24.760512998574345,1.0,1.5,6.0,28.5,86.0
2015-09-06,SJA,PM2.5,2,23.0,15.652173913043478,6.07983773446877,7.0,10.5,14.0,18.5,34.0
2015-09-06,SJA,SO2,1,23.0,2.782608695652174,2.1096428336037105,1.0,2.0,2.0,3.0,9.0
2015-09-06,TAH,CO,15,0.0,,,,,,,
2015-09-06,TAH,NO,1,0.0,,,,,,,
2015-09-06,TAH,NO2,1,0.0,,,,,,,
2015-09-06,TAH,NOX,1,0.0,,,,,,,
2015-09-06,TAH,O3,1,0.0,,,,,,,
2015-09-06,TAH,PM10,2,0.0,,,,,,,
2015-09-06,TAH,SO2,1,0.0,,,,,,,
2015-09-06,TLA,CO,15,158.0,1.0082278481012656,0.5509650121104451,0.3,0.6,0.9,1.275,3.4
2015-09-06,TLA,NO,1,157.0,28.923566878980893,38.932476292585626,0.0,7.0,15.0,34.0,255.0
2015-09-06,TLA,NO2,1,157.0,35.77070063694268,14.11530929725747,11.0,25.0,35.0,43.0,88.0
2015-09-06,TLA,NOX,1,157.0,64.68789808917198,44.43402679501731,13.0,36.0,52.0,80.0,289.0
2015-09-06,TLA,O3,1,158.0,26.50632911392405,27.577972109537594,0.0,4.0,14.0,40.75,108.0
2015-09-06,TLA,PM10,2,0.0,,,,,,,
2015-09-06,TLA,PM2.5,2,0.0,,,,,,,
2015-09-06,TLA,PMCO,2,0.0,,,,,,,
2015-09-06,TLA,SO2,1,158.0,3.4873417721518987,2.6892978312420053,1.0,2.0,3.0,4.0,13.0
2015-09-06,TLI,CO,15,22.0,1.0136363636363634,0.512041157707217,0.4,0.7,0.9,1.15,2.3
2015-09-06,TLI,NO,1,22.0,35.90909090909091,40.15791340020058,2.0,7.25,18.0,50.5,132.0
2015-09-06,TLI,NO2,1,22.0,33.68181818181818,9.306354017993572,13.0,29.25,34.0,39.0,49.0
2015-09-06,TLI,NOX,1,22.0,69.63636363636364,40.941939673669886,16.0,43.0,55.5,80.75,160.0
2015-09-06,TLI,O3,1,22.0,16.954545454545453,24.633460157017307,0.0,0.0,4.0,23.75,71.0
2015-09-06,TLI,PM10,2,20.0,41.55,28.33349329160213,1.0,17.75,36.5,66.25,102.0
2015-09-06,TLI,SO2,1,22.0,2.409090909090909,0.6661253213344644,1.0,2.0,2.0,3.0,4.0
2015-09-06,UAX,CO,15,158.0,0.7689873417721519,0.32981405661472274,0.3,0.5,0.7,0.9,1.7
2015-09-06,UAX,NO,1,158.0,11.905063291139241,17.452314640233297,0.0,1.0,4.0,15.75,98.0
2015-09-06,UAX,NO2,1,158.0,22.335443037974684,10.44403389835475,5.0,16.0,21.0,28.0,64.0
2015-09-06,UAX,NOX,1,158.0,34.24050632911393,21.965065018584863,6.0,18.0,29.5,46.0,120.0
2015-09-06,UAX,O3,1,158.0,35.45569620253165,32.71213860224666,0.0,6.25,29.0,52.5,127.0
2015-09-06,UAX,PM2.5,2,153.0,17.535947712418302,9.338676047119177,1.0,11.0,16.0,22.0,58.0
2015-09-06,UAX,SO2,1,158.0,1.8860759493670887,1.7116114638293805,0.0,1.0,1.0,2.0,7.0
2015-09-06,UIZ,CO,15,157.0,0.9738853503184716,0.4958994026417265,0.3,0.6,0.9,1.2,2.7
2015-09-06,UIZ,NO,1,157.0,19.94267515923567,24.2072361607276,1.0,3.0,11.0,26.0,123.0
2015-09-06,UIZ,NO2,1,157.0,33.560509554140125,15.102359121036072,6.0,25.0,32.0,43.0,78.0
2015-09-06,UIZ,NOX,1,157.0,53.46496815286624,31.83038555201625,8.0,29.0,48.0,72.0,159.0
2015-09-06,UIZ,O3,1,157.0,30.923566878980893,31.985682173730424,2.0,3.0,21.0,50.0,117.0
2015-09-06,UIZ,PM10,2,159.0,41.515723270440255,19.12743914979905,12.0,27.0,37.0,53.5,106.0
2015-09-06,UIZ,PM2.5,2,159.0,27.962264150943398,15.300321330477301,6.0,16.0,25.0,36.5,77.0
2015-09-06,UIZ,PMCO,2,159.0,13.50943396226415,5.903086432063223,2.0,10.0,13.0,17.0,32.0
2015-09-06,UIZ,SO2,1,157.0,3.3630573248407645,1.99407091096953,1.0,2.0,3.0,4.0,11.0
2015-09-06,VIF,CO,15,0.0,,,,,,,
2015-09-06,VIF,NO,1,0.0,,,,,,,
2015-09-06,VIF,NO2,1,0.0,,,,,,,
2015-09-06,VIF,NOX,1,0.0,,,,,,,
2015-09-06,VIF,O3,1,0.0,,,,,,,
2015-09-06,VIF,PM10,2,0.0,,,,,,,
2015-09-06,VIF,SO2,1,0.0,,,,,,,
2015-09-06,XAL,CO,15,158.0,1.3246835443037965,0.5662128866211831,0.5,0.9,1.2,1.7,3.1
2015-09-06,XAL,NO,1,157.0,37.30573248407644,39.64112446663513,2.0,8.0,20.0,57.0,165.0
2015-09-06,XAL,NO2,1,157.0,36.01273885350319,12.371901197692614,13.0,27.0,35.0,44.0,72.0
2015-09-06,XAL,NOX,1,157.0,73.31847133757962,44.65236637950152,16.0,37.0,62.0,101.0,199.0
2015-09-06,XAL,O3,1,158.0,21.49367088607595,20.728683113893574,1.0,3.0,15.0,34.0,78.0
2015-09-06,XAL,PM10,2,161.0,59.84472049689441,26.873443909883218,16.0,40.0,56.0,79.0,150.0
2015-09-06,XAL,PM2.5,2,161.0,31.925465838509318,15.850296840686871,1.0,22.0,30.0,42.0,73.0
2015-09-06,XAL,PMCO,2,161.0,27.900621118012424,13.916808618063312,4.0,19.0,26.0,36.0,79.0
2015-09-06,XAL,SO2,1,158.0,4.3354430379746836,4.591061322829729,1.0,2.0,3.0,5.0,30.0
2015-09-13,ACO,CO,15,0.0,,,,,,,
2015-09-13,ACO,NO,1,0.0,,,,,,,
2015-09-13,ACO,NO2,1,0.0,,,,,,,
2015-09-13,ACO,NOX,1,0.0,,,,,,,
2015-09-13,ACO,O3,1,0.0,,,,,,,
2015-09-13,ACO,PM10,2,0.0,,,,,,,
2015-09-13,ACO,SO2,1,0.0,,,,,,,
2015-09-13,AJM,CO,15,147.0,0.6673469387755098,0.22880369803330436,0.3,0.5,0.6,0.8,1.3
2015-09-13,AJM,NO,1,147.0,6.115646258503402,8.115195459966566,0.0,1.0,2.0,7.0,45.0
2015-09-13,AJM,NO2,1,147.0,19.959183673469386,9.229106392739157,5.0,12.0,20.0,25.5,50.0
2015-09-13,AJM,NOX,1,147.0,26.07482993197279,14.921295086550629,5.0,15.0,22.0,35.0,76.0
2015-09-13,AJM,O3,1,147.0,44.61904761904762,30.167871264326973,2.0,24.0,40.0,56.5,147.0
2015-09-13,AJM,PM10,2,153.0,27.49673202614379,16.096797729512005,4.0,16.0,22.0,35.0,85.0
2015-09-13,AJM,PM2.5,2,153.0,18.464052287581698,12.000562565646032,1.0,10.0,15.0,24.0,63.0
2015-09-13,AJM,PMCO,2,153.0,9.07843137254902,5.3748064980649195,1.0,5.0,7.0,12.0,23.0
2015-09-13,AJM,SO2,1,146.0,1.6027397260273972,1.5379316699533314,0.0,1.0,1.0,2.0,11.0
2015-09-13,AJU,O3,1,155.0,36.516129032258064,26.612748346022006,4.0,16.0,33.0,46.5,126.0
2015-09-13,ATI,CO,15,0.0,,,,,,,
2015-09-13,ATI,NO,1,0.0,,,,,,,
2015-09-13,ATI,NO2,1,0.0,,,,,,,
2015-09-13,ATI,NOX,1,0.0,,,,,,,
2015-09-13,ATI,O3,1,0.0,,,,,,,
2015-09-13,ATI,PM10,2,0.0,,,,,,,
2015-09-13,ATI,SO2,1,0.0,,,,,,,
2015-09-13,BJU,CO,15,153.0,0.7366013071895425,0.36432194300669646,0.2,0.4,0.6,0.9,2.0
2015-09-13,BJU,O3,1,153.0,32.94117647058823,30.416242910940483,0.0,9.0,22.0,47.0,128.0
2015-09-13,BJU,PM10,2,160.0,33.4375,18.078336700638012,10.0,20.0,29.5,41.25,89.0
2015-09-13,BJU,PM2.5,2,160.0,21.1875,13.47589858849107,4.0,11.0,18.5,26.0,64.0
2015-09-13,BJU,PMCO,2,160.0,12.24375,6.529802866220246,2.0,7.0,11.0,16.25,32.0
2015-09-13,CAM,CO,15,76.0,1.0223684210526316,0.5591895764909611,0.4,0.6,0.8,1.3,2.9
2015-09-13,CAM,NO,1,76.0,34.473684210526315,39.17498306630921,3.0,6.0,13.0,52.75,160.0
2015-09-13,CAM,NO2,1,76.0,34.73684210526316,10.83865726130641,19.0,27.0,33.5,38.0,83.0
2015-09-13,CAM,NOX,1,76.0,69.19736842105263,43.08534777604164,22.0,36.75,49.5,97.25,205.0
2015-09-13,CAM,O3,1,76.0,26.513157894736842,31.67817057893449,1.0,1.75,8.0,49.5,111.0
2015-09-13,CAM,PM10,2,78.0,48.743589743589745,19.357495207609396,12.0,34.25,46.5,57.75,104.0
2015-09-13,CAM,PM2.5,2,78.0,29.871794871794872,13.46313771956884,2.0,19.0,27.5,39.0,66.0
2015-09-13,CAM,PMCO,2,78.0,18.91025641025641,8.830563655784067,5.0,13.0,18.0,23.0,48.0
2015-09-13,CAM,SO2,1,76.0,6.5131578947368425,6.9349230633610395,1.0,2.0,4.0,6.25,35.0
2015-09-13,CCA,CO,15,155.0,0.701935483870968,0.3183706423973653,0.2,0.5,0.6,0.9,1.7
2015-09-13,CCA,NO,1,155.0,13.625806451612902,22.71195931522248,0.0,1.0,4.0,13.5,131.0
2015-09-13,CCA,NO2,1,155.0,26.75483870967742,10.891639791323728,10.0,19.0,25.0,33.0,66.0
2015-09-13,CCA,NOX,1,155.0,40.34193548387097,26.961357318157578,10.0,21.0,32.0,52.0,157.0
2015-09-13,CCA,O3,1,155.0,32.3741935483871,32.249262225950844,1.0,6.5,22.0,46.5,130.0
2015-09-13,CCA,PM2.5,2,161.0,15.285714285714286,7.750345614413409,1.0,10.0,14.0,20.0,43.0
2015-09-13,CCA,SO2,1,155.0,2.6,1.7040821881282933,1.0,1.5,2.0,3.0,11.0
2015-09-13,CHO,CO,15,145.0,0.6089655172413793,0.37191644099240867,0.2,0.4,0.5,0.6,2.6
2015-09-13,CHO,NO,1,0.0,,,,,,,
2015-09-13,CHO,NO2,1,0.0,,,,,,,
2015-09-13,CHO,NOX,1,0.0,,,,,,,
2015-09-13,CHO,O3,1,144.0,27.368055555555557,19.48991007660361,1.0,10.0,27.0,42.0,77.0
2015-09-13,CHO,PM10,2,109.0,31.642201834862384,20.510847597822657,1.0,18.0,28.0,39.0,99.0
2015-09-13,CHO,SO2,1,128.0,1.5546875,1.1140377985218604,0.0,1.0,1.0,2.0,7.0
2015-09-13,COY,NO,1,155.0,13.393548387096773,20.642125876561558,0.0,2.0,4.0,14.5,93.0
2015-09-13,COY,NO2,1,155.0,26.335483870967742,10.852181191585313,6.0,19.0,25.0,32.0,76.0
2015-09-13,COY,NOX,1,155.0,39.72258064516129,26.31811767532682,7.0,20.5,31.0,51.5,123.0
2015-09-13,COY,O3,1,155.0,34.406451612903226,31.51019146083721,1.0,9.5,25.0,48.5,127.0
2015-09-13,COY,PM2.5,2,161.0,19.900621118012424,12.312699221202523,1.0,11.0,17.0,26.0,66.0
2015-09-13,CUA,CO,15,151.0,0.625165562913907,0.21235773058571342,0.2,0.5,0.6,0.8,1.4
2015-09-13,CUA,NO,1,151.0,12.178807947019868,15.459230723730611,1.0,3.0,5.0,14.0,80.0
2015-09-13,CUA,NO2,1,151.0,23.410596026490065,8.512165038483694,8.0,17.5,22.0,28.0,59.0
2015-09-13,CUA,NOX,1,151.0,35.57615894039735,20.846242534676833,9.0,22.0,28.0,47.0,113.0
2015-09-13,CUA,O3,1,149.0,37.033557046979865,27.821442272099475,2.0,17.0,31.0,51.0,135.0
2015-09-13,CUA,PM10,2,158.0,26.981012658227847,16.174002698750915,1.0,16.0,24.0,35.0,94.0
2015-09-13,CUA,SO2,1,0.0,,,,,,,
2015-09-13,CUT,NO,1,155.0,20.703225806451613,35.07638680942671,1.0,2.0,4.0,23.5,216.0
2015-09-13,CUT,NO2,1,155.0,15.619354838709677,7.709221133821171,4.0,10.5,14.0,19.0,41.0
2015-09-13,CUT,NOX,1,155.0,36.31612903225806,38.2961384304546,5.0,12.5,21.0,45.5,242.0
2015-09-13,CUT,O3,1,155.0,24.10967741935484,21.726328435745035,1.0,2.5,18.0,43.5,81.0
2015-09-13,CUT,PM10,2,147.0,41.993197278911566,26.284402531153695,1.0,24.0,36.0,54.5,156.0
2015-09-13,CUT,SO2,1,153.0,3.784313725490196,5.950388285064599,0.0,1.0,1.0,3.0,35.0
2015-09-13,FAC,CO,15,154.0,0.8454545454545453,0.6954653221119292,0.1,0.5,0.6,0.975,4.0
2015-09-13,FAC,NO,1,154.0,32.01298701298701,50.47046467084816,0.0,5.25,10.0,32.0,240.0
2015-09-13,FAC,NO2,1,154.0,26.98701298701299,10.732631211347218,7.0,19.0,25.0,33.0,61.0
2015-09-13,FAC,NOX,1,154.0,58.98051948051948,51.816225129359644,6.0,28.0,42.0,65.25,264.0
2015-09-13,FAC,O3,1,154.0,29.844155844155843,27.837091414748592,1.0,6.0,20.5,46.25,112.0
2015-09-13,FAC,PM10,2,159.0,36.0,21.836562070023174,1.0,21.0,31.0,47.0,114.0
2015-09-13,FAC,SO2,1,154.0,3.8636363636363638,3.6336628413602328,1.0,2.0,3.0,4.0,29.0
2015-09-13,HGM,CO,15,89.0,0.7876404494382026,0.4752559656550401,0.2,0.4,0.6,1.0,2.2
2015-09-13,HGM,NO,1,89.0,19.674157303370787,28.29382171593573,0.0,2.0,5.0,25.0,121.0
2015-09-13,HGM,NO2,1,89.0,33.53932584269663,12.674290530417796,15.0,25.0,31.0,37.0,81.0
2015-09-13,HGM,NOX,1,89.0,53.28089887640449,34.732087850510325,17.0,28.0,37.0,67.0,155.0
2015-09-13,HGM,O3,1,89.0,35.12359550561798,34.57035652928384,1.0,7.0,22.0,57.0,120.0
2015-09-13,HGM,PM10,2,92.0,43.04347826086956,23.65127278292374,5.0,25.75,36.0,50.25,102.0
2015-09-13,HGM,PM2.5,2,92.0,24.532608695652176,15.135614856224624,3.0,13.0,21.0,35.25,66.0
2015-09-13,HGM,PMCO,2,92.0,18.51086956521739,10.097866780724596,1.0,12.0,15.0,23.0,61.0
2015-09-13,HGM,SO2,1,89.0,4.426966292134831,3.0817927207797196,1.0,3.0,3.0,5.0,19.0
2015-09-13,INN,CO,15,155.0,0.34,0.19889304049775455,0.0,0.2,0.3,0.5,0.9
2015-09-13,INN,O3,1,154.0,34.357142857142854,23.810438357785785,3.0,17.0,28.0,45.0,134.0
2015-09-13,INN,PM10,2,154.0,16.285714285714285,9.892040958420187,2.0,8.0,14.5,24.0,50.0
2015-09-13,INN,PM2.5,2,154.0,12.0,7.5779176956012915,1.0,6.0,11.0,17.0,37.0
2015-09-13,INN,PMCO,2,154.0,4.240259740259741,2.968363019757082,1.0,2.0,3.0,5.0,15.0
2015-09-13,IZT,CO,15,152.0,0.9072368421052633,0.44826405027184696,0.4,0.6,0.8,1.0,2.7
2015-09-13,IZT,NO,1,152.0,15.901315789473685,24.09082149650436,1.0,3.0,6.0,14.25,132.0
2015-09-13,IZT,NO2,1,152.0,27.473684210526315,9.106396389948928,10.0,21.75,27.0,32.0,65.0
2015-09-13,IZT,NOX,1,152.0,43.401315789473685,28.872696116550834,14.0,25.0,33.0,49.25,158.0
2015-09-13,IZT,O3,1,152.0,32.51315789473684,28.30533304349872,2.0,9.0,23.0,49.5,129.0
2015-09-13,IZT,PM10,2,158.0,27.360759493670887,11.400758916760497,4.0,18.25,26.0,34.0,63.0
2015-09-13,IZT,SO2,1,109.0,2.6513761467889907,2.216838534644555,0.0,1.0,2.0,3.0,16.0
2015-09-13,LLA,CO,15,0.0,,,,,,,
2015-09-13,LLA,NO,1,0.0,,,,,,,
2015-09-13,LLA,NO2,1,0.0,,,,,,,
2015-09-13,LLA,NOX,1,0.0,,,,,,,
2015-09-13,LLA,O3,1,63.0,27.46031746031746,25.08683332645247,0.0,5.5,18.0,51.0,78.0
2015-09-13,LLA,SO2,1,63.0,5.142857142857143,7.634508123364223,1.0,2.0,2.0,4.0,37.0
2015-09-13,LPR,CO,15,149.0,0.5429530201342286,0.4069090863260933,0.0,0.2,0.4,0.7,2.0
2015-09-13,LPR,NO,1,0.0,,,,,,,
2015-09-13,LPR,NO2,1,0.0,,,,,,,
2015-09-13,LPR,NOX,1,0.0,,,,,,,
2015-09-13,LPR,O3,1,149.0,26.06040268456376,21.590234337673795,1.0,9.0,20.0,37.0,81.0
2015-09-13,LPR,SO2,1,149.0,2.738255033557047,2.574290700405471,0.0,1.0,2.0,3.0,15.0
2015-09-13,MER,CO,15,150.0,0.893333333333333,0.46956593788558726,0.3,0.6,0.7,1.0750000000000002,2.5
2015-09-13,MER,NO,1,150.0,22.226666666666667,28.1663673653399,1.0,5.0,9.0,26.0,146.0
2015-09-13,MER,NO2,1,150.0,31.793333333333333,10.213359238522996,13.0,26.0,29.0,36.75,69.0
2015-09-13,MER,NOX,1,150.0,54.013333333333335,33.434497047827165,17.0,32.0,42.0,65.0,188.0
2015-09-13,MER,O3,1,152.0,26.69078947368421,27.325420218197575,1.0,5.0,15.0,41.0,109.0
2015-09-13,MER,PM10,2,158.0,45.87341772151899,19.57501793353669,14.0,32.0,42.0,58.75,101.0
2015-09-13,MER,PM2.5,2,158.0,24.240506329113924,13.172752412135617,1.0,15.25,23.0,32.0,70.0
2015-09-13,MER,PMCO,2,158.0,21.626582278481013,10.129407385294735,6.0,15.0,19.0,26.0,75.0
2015-09-13,MER,SO2,1,150.0,3.32,2.2475042086245853,0.0,2.0,3.0,4.0,14.0
2015-09-13,MGH,CO,15,148.0,0.722972972972973,0.32389941215837903,0.2,0.5,0.6499999999999999,0.9,2.0
2015-09-13,MGH,NO,1,151.0,25.509933774834437,34.35614793107998,1.0,4.0,8.0,32.0,158.0
2015-09-13,MGH,NO2,1,151.0,27.4635761589404,9.412597823794158,6.0,21.0,27.0,33.0,53.0
2015-09-13,MGH,NOX,1,151.0,53.019867549668874,37.63800742134214,8.0,27.0,38.0,68.5,188.0
2015-09-13,MGH,O3,1,148.0,29.594594594594593,29.921402218460322,0.0,4.75,20.0,45.5,117.0
2015-09-13,MGH,PM10,2,157.0,32.76433121019108,15.366939257575234,9.0,20.0,29.0,42.0,80.0
2015-09-13,MGH,PM2.5,2,157.0,21.305732484076433,11.049226925261566,1.0,13.0,20.0,28.0,56.0
2015-09-13,MGH,PMCO,2,157.0,11.433121019108281,6.023749881319472,1.0,7.0,11.0,15.0,29.0
2015-09-13,MGH,SO2,1,151.0,2.9072847682119205,3.081884690418042,0.0,1.0,2.0,3.0,16.0
2015-09-13,MON,CO,15,101.0,0.4287128712871282,0.36642506291556154,0.1,0.2,0.3,0.5,1.9
2015-09-13,MON,NO,1,101.0,13.772277227722773,31.930825604145856,0.0,1.0,1.0,7.0,174.0
2015-09-13,MON,NO2,1,101.0,11.574257425742575,6.350348863886875,2.0,6.0,11.0,16.0,32.0
2015-09-13,MON,NOX,1,101.0,25.326732673267326,34.889284575895545,2.0,7.0,12.0,27.0,189.0
2015-09-13,MON,O3,1,101.0,29.77227722772277,21.123863845479974,1.0,10.0,31.0,46.0,74.0
2015-09-13,MON,SO2,1,0.0,,,,,,,
2015-09-13,NEZ,CO,15,155.0,0.5593548387096775,0.4638484938209255,0.1,0.2,0.4,0.7,3.0
2015-09-13,NEZ,NO,1,152.0,12.322368421052632,21.615729486668968,0.0,1.75,3.0,8.25,129.0
2015-09-13,NEZ,NO2,1,152.0,23.394736842105264,9.37600000475841,8.0,16.0,22.0,30.0,50.0
2015-09-13,NEZ,NOX,1,152.0,35.69078947368421,26.993556639221428,9.0,17.0,27.0,43.0,157.0
2015-09-13,NEZ,O3,1,150.0,28.86,23.924385919198382,0.0,8.25,22.5,44.0,93.0
2015-09-13,NEZ,PM2.5,2,160.0,15.71875,6.343591700320675,1.0,11.0,15.0,21.0,31.0
2015-09-13,NEZ,SO2,1,155.0,2.767741935483871,3.4787282249178926,0.0,1.0,2.0,3.0,29.0
2015-09-13,PED,CO,15,149.0,0.5865771812080537,0.2791535754114098,0.2,0.4,0.6,0.7,1.4
2015-09-13,PED,NO,1,111.0,10.072072072072071,16.81650256131633,0.0,1.0,3.0,11.5,82.0
2015-09-13,PED,NO2,1,111.0,22.37837837837838,10.352034542282938,6.0,13.0,22.0,29.0,49.0
2015-09-13,PED,NOX,1,111.0,32.486486486486484,22.636601441376417,6.0,15.0,27.0,43.0,108.0
2015-09-13,PED,O3,1,149.0,34.73154362416108,31.24200024578902,1.0,11.0,26.0,50.0,131.0
2015-09-13,PED,PM10,2,0.0,,,,,,,
2015-09-13,PED,PM2.5,2,0.0,,,,,,,
2015-09-13,PED,PMCO,2,0.0,,,,,,,
2015-09-13,PED,SO2,1,143.0,2.006993006993007,1.4016916514933844,0.0,1.0,2.0,2.0,9.0
2015-09-13,SAG,CO,15,154.0,0.57987012987013,0.3546847758405415,0.2,0.4,0.5,0.7,2.4
2015-09-13,SAG,NO,1,154.0,14.75974025974026,22.233771402570603,1.0,3.0,6.0,14.0,149.0
2015-09-13,SAG,NO2,1,154.0,18.928571428571427,6.368947484749112,7.0,14.0,18.0,22.0,36.0
2015-09-13,SAG,NOX,1,154.0,33.66883116883117,25.346502045551883,7.0,18.0,25.0,38.75,174.0
2015-09-13,SAG,O3,1,134.0,28.082089552238806,21.89965101087081,1.0,11.0,20.0,42.0,82.0
2015-09-13,SAG,PM10,2,159.0,32.76100628930818,14.25156403564133,9.0,23.0,31.0,40.0,81.0
2015-09-13,SAG,PM2.5,2,159.0,17.433962264150942,9.089239918847142,1.0,11.5,16.0,23.0,39.0
2015-09-13,SAG,PMCO,2,159.0,15.283018867924529,7.6985384733872735,3.0,10.0,14.0,17.0,44.0
2015-09-13,SAG,SO2,1,154.0,2.688311688311688,5.0248005592645635,0.0,1.0,1.0,3.0,45.0
2015-09-13,SFE,CO,15,0.0,,,,,,,
2015-09-13,SFE,NO,1,0.0,,,,,,,
2015-09-13,SFE,NO2,1,0.0,,,,,,,
2015-09-13,SFE,NOX,1,0.0,,,,,,,
2015-09-13,SFE,O3,1,0.0,,,,,,,
2015-09-13,SFE,PM10,2,0.0,,,,,,,
2015-09-13,SFE,PM2.5,2,0.0,,,,,,,
2015-09-13,SFE,PMCO,2,0.0,,,,,,,
2015-09-13,SFE,SO2,1,0.0,,,,,,,
2015-09-13,SJA,CO,15,0.0,,,,,,,
2015-09-13,SJA,NO,1,0.0,,,,,,,
2015-09-13,SJA,NO2,1,0.0,,,,,,,
2015-09-13,SJA,NOX,1,0.0,,,,,,,
2015-09-13,SJA,O3,1,0.0,,,,,,,
2015-09-13,SJA,PM2.5,2,0.0,,,,,,,
2015-09-13,SJA,SO2,1,0.0,,,,,,,
2015-09-13,TAH,CO,15,0.0,,,,,,,
2015-09-13,TAH,NO,1,0.0,,,,,,,
2015-09-13,TAH,NO2,1,0.0,,,,,,,
2015-09-13,TAH,NOX,1,0.0,,,,,,,
2015-09-13,TAH,O3,1,0.0,,,,,,,
2015-09-13,TAH,PM10,2,0.0,,,,,,,
2015-09-13,TAH,SO2,1,0.0,,,,,,,
2015-09-13,TLA,CO,15,121.0,0.9586776859504129,0.5358279297012556,0.3,0.6,0.9,1.1,3.1
2015-09-13,TLA,NO,1,121.0,39.52892561983471,45.73348051121215,1.0,10.0,17.0,43.0,220.0
2015-09-13,TLA,NO2,1,121.0,33.917355371900825,11.457593389581938,14.0,26.0,31.0,39.0,88.0
2015-09-13,TLA,NOX,1,121.0,73.54545454545455,50.70946657183448,18.0,40.0,54.0,89.0,266.0
2015-09-13,TLA,O3,1,154.0,25.993506493506494,25.9061899265992,1.0,4.0,17.0,41.75,107.0
2015-09-13,TLA,PM10,2,133.0,53.99248120300752,29.447821404369773,8.0,34.0,47.0,67.0,152.0
2015-09-13,TLA,PM2.5,2,133.0,26.082706766917294,13.624868702610051,2.0,17.0,23.0,32.0,70.0
2015-09-13,TLA,PMCO,2,133.0,27.902255639097746,17.838443615717242,3.0,16.0,24.0,36.0,96.0
2015-09-13,TLA,SO2,1,154.0,6.376623376623376,7.500830387213846,1.0,2.0,4.0,6.0,37.0
2015-09-13,TLI,CO,15,0.0,,,,,,,
2015-09-13,TLI,NO,1,0.0,,,,,,,
2015-09-13,TLI,NO2,1,0.0,,,,,,,
2015-09-13,TLI,NOX,1,0.0,,,,,,,
2015-09-13,TLI,O3,1,0.0,,,,,,,
2015-09-13,TLI,PM10,2,0.0,,,,,,,
2015-09-13,TLI,SO2,1,0.0,,,,,,,
2015-09-13,UAX,CO,15,155.0,0.6354838709677421,0.30445649583322765,0.3,0.4,0.5,0.8,2.5
2015-09-13,UAX,NO,1,155.0,9.290322580645162,16.512477667704346,1.0,1.0,2.0,11.0,134.0
2015-09-13,UAX,NO2,1,155.0,17.206451612903226,8.210459574110212,4.0,10.5,17.0,22.0,43.0
2015-09-13,UAX,NOX,1,155.0,26.561290322580646,20.893385478802017,5.0,12.0,20.0,36.5,158.0
2015-09-13,UAX,O3,1,152.0,34.00657894736842,26.240481518792613,1.0,11.75,30.0,49.25,103.0
2015-09-13,UAX,PM2.5,2,161.0,13.956521739130435,7.189704293368884,1.0,8.0,14.0,19.0,36.0
2015-09-13,UAX,SO2,1,155.0,1.5612903225806452,1.6557019579643637,0.0,1.0,1.0,2.0,10.0
2015-09-13,UIZ,CO,15,151.0,0.7463576158940397,0.44866837559413336,0.3,0.4,0.6,0.9,2.2
2015-09-13,UIZ,NO,1,99.0,16.67676767676768,24.721645593973847,1.0,2.0,3.0,21.0,85.0
2015-09-13,UIZ,NO2,1,99.0,23.505050505050505,12.151571442321004,8.0,14.0,20.0,29.0,71.0
2015-09-13,UIZ,NOX,1,99.0,40.16161616161616,33.322085300742216,10.0,16.5,24.0,52.5,130.0
2015-09-13,UIZ,O3,1,151.0,31.70198675496689,26.28251502475534,1.0,10.0,24.0,47.5,95.0
2015-09-13,UIZ,PM10,2,157.0,36.66242038216561,16.603426484532473,10.0,25.0,35.0,44.0,87.0
2015-09-13,UIZ,PM2.5,2,157.0,21.101910828025478,12.198772906644946,2.0,12.0,20.0,27.0,60.0
2015-09-13,UIZ,PMCO,2,157.0,15.611464968152866,7.483014682435614,3.0,10.0,14.0,20.0,39.0
2015-09-13,UIZ,SO2,1,151.0,3.119205298013245,2.825897267106221,1.0,2.0,2.0,3.0,18.0
2015-09-13,VIF,CO,15,0.0,,,,,,,
2015-09-13,VIF,NO,1,0.0,,,,,,,
2015-09-13,VIF,NO2,1,0.0,,,,,,,
2015-09-13,VIF,NOX,1,0.0,,,,,,,
2015-09-13,VIF,O3,1,0.0,,,,,,,
2015-09-13,VIF,PM10,2,0.0,,,,,,,
2015-09-13,VIF,SO2,1,0.0,,,,,,,
2015-09-13,XAL,CO,15,133.0,1.042105263157895,0.4509603433340543,0.5,0.7,0.9,1.2,3.0
2015-09-13,XAL,NO,1,132.0,26.477272727272727,33.4966025186356,2.0,8.75,12.5,26.25,179.0
2015-09-13,XAL,NO2,1,132.0,28.848484848484848,8.089654922848135,14.0,23.0,27.5,33.0,51.0
2015-09-13,XAL,NOX,1,132.0,55.38636363636363,37.35034212567439,16.0,31.75,41.5,69.25,212.0
2015-09-13,XAL,O3,1,133.0,22.954887218045112,18.73210849885675,2.0,7.0,18.0,37.0,67.0
2015-09-13,XAL,PM10,2,138.0,58.17391304347826,27.46408751123001,14.0,38.0,50.5,71.0,151.0
2015-09-13,XAL,PM2.5,2,138.0,24.934782608695652,12.447382113731496,1.0,16.25,23.0,32.0,66.0
2015-09-13,XAL,PMCO,2,138.0,33.231884057971016,19.554636112817533,3.0,20.0,28.0,41.0,107.0
2015-09-13,XAL,SO2,1,133.0,3.7593984962406015,4.208847780028671,1.0,2.0,2.0,4.0,26.0
2015-09-20,ACO,CO,15,0.0,,,,,,,
2015-09-20,ACO,NO,1,0.0,,,,,,,
2015-09-20,ACO,NO2,1,0.0,,,,,,,
2015-09-20,ACO,NOX,1,0.0,,,,,,,
2015-09-20,ACO,O3,1,0.0,,,,,,,
2015-09-20,ACO,PM10,2,0.0,,,,,,,
2015-09-20,ACO,SO2,1,0.0,,,,,,,
2015-09-20,AJM,CO,15,157.0,0.7745222929936307,0.23855990447993908,0.4,0.6,0.7,0.9,1.7
2015-09-20,AJM,NO,1,156.0,6.935897435897436,9.373042668569918,0.0,2.0,3.0,7.0,43.0
2015-09-20,AJM,NO2,1,156.0,19.326923076923077,7.990448702761566,6.0,14.0,18.0,23.0,57.0
2015-09-20,AJM,NOX,1,156.0,26.26923076923077,14.535982563345552,7.0,16.75,22.0,32.25,80.0
2015-09-20,AJM,O3,1,157.0,36.18471337579618,31.577503688229385,3.0,14.0,24.0,52.0,145.0
2015-09-20,AJM,PM10,2,155.0,26.529032258064515,11.532736959831652,8.0,18.0,25.0,33.5,59.0
2015-09-20,AJM,PM2.5,2,155.0,20.81935483870968,9.90570540552585,5.0,14.0,19.0,27.0,48.0
2015-09-20,AJM,PMCO,2,155.0,5.7612903225806456,2.9543801313676665,1.0,4.0,5.0,8.0,15.0
2015-09-20,AJM,SO2,1,157.0,2.140127388535032,3.251150878527508,0.0,1.0,1.0,2.0,21.0
2015-09-20,AJU,O3,1,157.0,33.49044585987261,23.803312049870797,3.0,17.0,28.0,41.0,136.0
2015-09-20,ATI,CO,15,0.0,,,,,,,
2015-09-20,ATI,NO,1,0.0,,,,,,,
2015-09-20,ATI,NO2,1,0.0,,,,,,,
2015-09-20,ATI,NOX,1,0.0,,,,,,,
2015-09-20,ATI,O3,1,0.0,,,,,,,
2015-09-20,ATI,PM10,2,0.0,,,,,,,
2015-09-20,ATI,SO2,1,0.0,,,,,,,
2015-09-20,BJU,CO,15,111.0,0.7522522522522528,0.4094001924871527,0.3,0.5,0.6,0.95,2.1
2015-09-20,BJU,O3,1,112.0,27.821428571428573,27.396065439117383,0.0,7.0,17.0,43.0,106.0
2015-09-20,BJU,PM10,2,114.0,27.657894736842106,13.45910156725445,7.0,17.0,24.5,35.75,72.0
2015-09-20,BJU,PM2.5,2,114.0,20.263157894736842,10.700304049587082,5.0,12.0,18.0,26.0,55.0
2015-09-20,BJU,PMCO,2,114.0,7.412280701754386,4.07628888028725,1.0,5.0,7.0,10.0,20.0
2015-09-20,BJU,SO2,1,43.0,4.767441860465116,7.933765122210036,1.0,1.0,2.0,3.0,34.0
2015-09-20,CAM,CO,15,66.0,0.8227272727272723,0.46864631720453137,0.3,0.5,0.6,1.0750000000000002,2.1
2015-09-20,CAM,NO,1,0.0,,,,,,,
2015-09-20,CAM,NO2,1,0.0,,,,,,,
2015-09-20,CAM,NOX,1,0.0,,,,,,,
2015-09-20,CAM,O3,1,66.0,30.560606060606062,33.13289269123023,1.0,3.0,15.5,55.5,131.0
2015-09-20,CAM,PM10,2,69.0,33.18840579710145,13.217941641748602,9.0,23.0,33.0,41.0,67.0
2015-09-20,CAM,PM2.5,2,69.0,23.18840579710145,11.559660286987421,1.0,15.0,22.0,29.0,55.0
2015-09-20,CAM,PMCO,2,69.0,10.014492753623188,3.708070505164407,4.0,8.0,9.0,11.0,26.0
2015-09-20,CAM,SO2,1,66.0,4.393939393939394,5.634724176933291,2.0,2.0,3.0,4.0,37.0
2015-09-20,CCA,CO,15,158.0,0.7683544303797475,0.3585335680781445,0.3,0.5,0.7,1.0,2.2
2015-09-20,CCA,NO,1,158.0,11.537974683544304,18.035575627870994,0.0,1.0,3.0,13.75,99.0
2015-09-20,CCA,NO2,1,158.0,26.164556962025316,12.063452600974994,8.0,18.0,23.5,31.75,67.0
2015-09-20,CCA,NOX,1,158.0,37.70253164556962,25.072000647732214,8.0,21.0,28.5,48.75,124.0
2015-09-20,CCA,O3,1,158.0,28.854430379746834,31.479409092408712,0.0,4.25,17.5,44.5,139.0
2015-09-20,CCA,PM2.5,2,161.0,16.633540372670808,7.128016414993893,5.0,11.0,16.0,20.0,40.0
2015-09-20,CCA,SO2,1,158.0,3.0759493670886076,3.8083788011385344,1.0,2.0,2.0,3.0,30.0
2015-09-20,CHO,CO,15,157.0,0.6783439490445858,0.30973902814482374,0.2,0.5,0.6,0.8,1.8
2015-09-20,CHO,NO,1,0.0,,,,,,,
2015-09-20,CHO,NO2,1,0.0,,,,,,,
2015-09-20,CHO,NOX,1,0.0,,,,,,,
2015-09-20,CHO,O3,1,157.0,22.853503184713375,20.519788849885852,1.0,5.0,17.0,36.0,90.0
2015-09-20,CHO,PM10,2,156.0,27.897435897435898,16.311950690167162,1.0,15.0,25.0,39.0,83.0
2015-09-20,CHO,SO2,1,157.0,2.0191082802547773,2.288408184798224,1.0,1.0,1.0,2.0,21.0
2015-09-20,COY,NO,1,150.0,14.766666666666667,18.862062583972634,0.0,2.0,6.0,22.75,95.0
2015-09-20,COY,NO2,1,150.0,27.22,12.353229613311436,9.0,18.0,24.0,32.0,75.0
2015-09-20,COY,NOX,1,150.0,41.913333333333334,26.31812009225121,10.0,21.25,33.0,59.0,132.0
2015-09-20,COY,O3,1,150.0,27.98,30.47751288977348,1.0,5.0,16.5,39.0,131.0
2015-09-20,COY,PM2.5,2,152.0,22.30921052631579,11.1529009397826,6.0,13.0,20.0,27.0,60.0
2015-09-20,CUA,CO,15,158.0,0.6392405063291141,0.2565909389303203,0.3,0.5,0.6,0.8,1.9
2015-09-20,CUA,NO,1,158.0,10.848101265822784,15.014293493558043,1.0,3.0,5.0,10.75,114.0
2015-09-20,CUA,NO2,1,158.0,22.60126582278481,10.891438742330273,6.0,15.0,20.5,28.0,63.0
2015-09-20,CUA,NOX,1,158.0,33.46835443037975,21.86777604426172,7.0,18.0,27.5,41.75,149.0
2015-09-20,CUA,O3,1,157.0,35.261146496815286,29.587364441169047,2.0,15.0,26.0,49.0,143.0
2015-09-20,CUA,PM10,2,154.0,22.61038961038961,15.646132428748341,1.0,12.0,19.5,31.0,83.0
2015-09-20,CUA,SO2,1,0.0,,,,,,,
2015-09-20,CUT,NO,1,158.0,8.968354430379748,16.726888565914138,0.0,1.0,3.0,9.0,116.0
2015-09-20,CUT,NO2,1,158.0,14.044303797468354,7.816644772501557,3.0,8.0,13.0,19.0,41.0
2015-09-20,CUT,NOX,1,158.0,23.025316455696203,20.32630292659119,4.0,9.25,16.5,30.0,130.0
2015-09-20,CUT,O3,1,158.0,22.082278481012658,18.265544881204733,1.0,7.0,16.0,36.0,64.0
2015-09-20,CUT,PM10,2,153.0,30.098039215686274,16.858452786082033,1.0,20.0,26.0,37.0,93.0
2015-09-20,CUT,SO2,1,156.0,3.5384615384615383,5.2724293419877295,1.0,1.0,2.0,3.25,35.0
2015-09-20,FAC,CO,15,149.0,0.7241610738255037,0.5326693369517046,0.1,0.3,0.6,0.9,2.7
2015-09-20,FAC,NO,1,149.0,22.22818791946309,33.09754641134194,0.0,4.0,8.0,24.0,165.0
2015-09-20,FAC,NO2,1,149.0,23.610738255033556,11.822854304725086,5.0,15.0,21.0,30.0,56.0
2015-09-20,FAC,NOX,1,149.0,45.85906040268456,37.00822044076523,4.0,21.0,34.0,57.0,187.0
2015-09-20,FAC,O3,1,89.0,30.337078651685392,25.67937969205533,1.0,12.0,20.0,44.0,103.0
2015-09-20,FAC,PM10,2,147.0,24.564625850340136,17.04509250356077,1.0,12.0,21.0,34.0,76.0
2015-09-20,FAC,SO2,1,149.0,4.832214765100671,6.518583294687623,1.0,2.0,2.0,5.0,42.0
2015-09-20,HGM,CO,15,43.0,0.6813953488372096,0.32164444578083595,0.4,0.5,0.6,0.75,1.7
2015-09-20,HGM,NO,1,0.0,,,,,,,
2015-09-20,HGM,NO2,1,0.0,,,,,,,
2015-09-20,HGM,NOX,1,0.0,,,,,,,
2015-09-20,HGM,O3,1,43.0,32.348837209302324,30.216586206073284,1.0,8.0,21.0,52.0,96.0
2015-09-20,HGM,PM10,2,0.0,,,,,,,
2015-09-20,HGM,PM2.5,2,0.0,,,,,,,
2015-09-20,HGM,PMCO,2,0.0,,,,,,,
2015-09-20,HGM,SO2,1,43.0,4.790697674418604,7.824132812239699,1.0,2.0,2.0,4.0,39.0
2015-09-20,INN,CO,15,158.0,0.2867088607594936,0.15561852360544925,0.0,0.2,0.3,0.4,0.8
2015-09-20,INN,O3,1,156.0,31.82051282051282,18.353337458466527,3.0,19.0,26.5,38.25,88.0
2015-09-20,INN,PM10,2,161.0,15.037267080745341,9.262753504464644,2.0,8.0,13.0,22.0,47.0
2015-09-20,INN,PM2.5,2,161.0,11.813664596273291,7.629060368865963,1.0,6.0,10.0,16.0,39.0
2015-09-20,INN,PMCO,2,161.0,3.2546583850931676,2.2618562705927783,1.0,2.0,2.0,4.0,13.0
2015-09-20,IZT,CO,15,155.0,1.0148387096774187,0.43615699967094484,0.4,0.7,0.9,1.2,2.4
2015-09-20,IZT,NO,1,155.0,17.65806451612903,23.00464061306045,1.0,4.0,8.0,18.5,128.0
2015-09-20,IZT,NO2,1,155.0,30.2,12.12189175583827,12.0,21.0,27.0,36.0,68.0
2015-09-20,IZT,NOX,1,155.0,47.83225806451613,28.49853478913917,15.0,28.0,39.0,60.5,158.0
2015-09-20,IZT,O3,1,155.0,27.83225806451613,31.460719552136204,2.0,6.0,14.0,42.0,138.0
2015-09-20,IZT,PM10,2,161.0,27.11801242236025,12.7276170599545,6.0,19.0,25.0,33.0,84.0
2015-09-20,IZT,SO2,1,155.0,3.1225806451612903,2.9637101262792167,1.0,2.0,2.0,4.0,22.0
2015-09-20,LLA,CO,15,0.0,,,,,,,
2015-09-20,LLA,NO,1,0.0,,,,,,,
2015-09-20,LLA,NO2,1,0.0,,,,,,,
2015-09-20,LLA,NOX,1,0.0,,,,,,,
2015-09-20,LLA,O3,1,0.0,,,,,,,
2015-09-20,LLA,SO2,1,0.0,,,,,,,
2015-09-20,LPR,CO,15,158.0,0.5670886075949365,0.43397775603782773,0.0,0.2,0.4,0.8,2.6
2015-09-20,LPR,NO,1,0.0,,,,,,,
2015-09-20,LPR,NO2,1,0.0,,,,,,,
2015-09-20,LPR,NOX,1,0.0,,,,,,,
2015-09-20,LPR,O3,1,158.0,24.145569620253166,21.595831736693558,1.0,9.0,18.0,35.0,88.0
2015-09-20,LPR,SO2,1,158.0,1.6645569620253164,1.3572675786941024,0.0,1.0,2.0,2.0,8.0
2015-09-20,MER,CO,15,155.0,0.9580645161290332,0.47068214765628114,0.3,0.6,0.8,1.3,2.7
2015-09-20,MER,NO,1,155.0,23.46451612903226,25.730692526896725,1.0,5.0,13.0,34.5,138.0
2015-09-20,MER,NO2,1,155.0,33.03225806451613,13.234851352492804,12.0,23.0,31.0,39.5,73.0
2015-09-20,MER,NOX,1,155.0,56.52258064516129,32.30964945403277,15.0,30.0,45.0,81.0,172.0
2015-09-20,MER,O3,1,155.0,23.4,28.650513922998805,1.0,3.0,11.0,33.5,129.0
2015-09-20,MER,PM10,2,158.0,42.265822784810126,20.1109716614053,4.0,27.0,39.0,56.25,93.0
2015-09-20,MER,PM2.5,2,158.0,27.582278481012658,15.110301539342373,1.0,17.25,25.0,36.0,68.0
2015-09-20,MER,PMCO,2,158.0,14.734177215189874,6.301771787573892,2.0,9.25,15.0,19.0,29.0
2015-09-20,MER,SO2,1,155.0,2.7870967741935484,1.7469345945360777,1.0,2.0,2.0,3.0,10.0
2015-09-20,MGH,CO,15,135.0,0.7451851851851856,0.334957898561497,0.2,0.5,0.6,1.0,1.8
2015-09-20,MGH,NO,1,133.0,17.157894736842106,19.586963082801212,1.0,4.0,7.0,27.0,90.0
2015-09-20,MGH,NO2,1,133.0,27.082706766917294,11.32244025040402,10.0,19.0,25.0,32.0,65.0
2015-09-20,MGH,NOX,1,133.0,44.24812030075188,25.68439156228567,11.0,23.0,35.0,59.0,124.0
2015-09-20,MGH,O3,1,135.0,25.62962962962963,27.222614814240174,0.0,5.0,14.0,40.0,118.0
2015-09-20,MGH,PM10,2,138.0,28.804347826086957,13.934077691200491,5.0,18.0,26.0,34.0,74.0
2015-09-20,MGH,PM2.5,2,138.0,21.702898550724637,11.16394706924103,4.0,14.25,20.0,26.0,59.0
2015-09-20,MGH,PMCO,2,138.0,7.1231884057971016,4.000826371848047,1.0,4.0,6.0,9.0,21.0
2015-09-20,MGH,SO2,1,135.0,3.0148148148148146,4.408243947906751,0.0,1.0,1.0,3.0,26.0
2015-09-20,MON,CO,15,114.0,0.3535087719298247,0.2369346366537956,0.0,0.2,0.3,0.5,1.2
2015-09-20,MON,NO,1,158.0,9.670886075949367,19.595736907356976,0.0,1.0,2.0,8.0,138.0
2015-09-20,MON,NO2,1,158.0,12.613924050632912,7.352563298028774,2.0,7.0,11.0,16.0,40.0
2015-09-20,MON,NOX,1,158.0,22.27848101265823,22.206005217996214,3.0,9.0,14.0,28.0,153.0
2015-09-20,MON,O3,1,158.0,22.518987341772153,21.16863486748036,1.0,5.0,16.0,36.5,89.0
2015-09-20,MON,SO2,1,0.0,,,,,,,
2015-09-20,NEZ,CO,15,157.0,0.6152866242038214,0.4584205891435403,0.1,0.3,0.5,0.9,2.4
2015-09-20,NEZ,NO,1,157.0,11.885350318471337,18.571403490335594,1.0,2.0,4.0,11.0,108.0
2015-09-20,NEZ,NO2,1,157.0,26.961783439490446,13.890545276590332,9.0,16.0,22.0,37.0,67.0
2015-09-20,NEZ,NOX,1,157.0,38.853503184713375,27.781384490112966,10.0,20.0,28.0,47.0,141.0
2015-09-20,NEZ,O3,1,155.0,27.696774193548386,29.098662037690758,0.0,8.0,16.0,42.0,128.0
2015-09-20,NEZ,PM2.5,2,160.0,18.275,11.424320300990454,3.0,11.0,16.0,23.0,86.0
2015-09-20,NEZ,SO2,1,157.0,2.8471337579617835,1.8713960409946753,1.0,2.0,3.0,3.0,12.0
2015-09-20,PED,CO,15,154.0,0.5831168831168835,0.30460629144026685,0.1,0.4,0.5,0.8,1.9
2015-09-20,PED,NO,1,154.0,9.006493506493506,12.85845351664915,0.0,1.0,3.0,12.0,56.0
2015-09-20,PED,NO2,1,154.0,22.5,10.601670851172532,7.0,14.0,21.0,27.0,56.0
2015-09-20,PED,NOX,1,154.0,31.48701298701299,19.543561871554562,7.0,17.0,27.0,40.75,110.0
2015-09-20,PED,O3,1,154.0,31.194805194805195,32.71726332141562,1.0,7.25,20.0,45.75,146.0
2015-09-20,PED,PM10,2,46.0,23.58695652173913,9.840000196378774,8.0,15.5,23.0,28.75,47.0
2015-09-20,PED,PM2.5,2,46.0,13.456521739130435,7.386794588961906,1.0,8.25,11.5,19.5,33.0
2015-09-20,PED,PMCO,2,46.0,10.173913043478262,3.773029126878102,5.0,7.0,9.0,12.75,21.0
2015-09-20,PED,SO2,1,153.0,2.758169934640523,3.7452182562197507,1.0,1.0,2.0,2.0,25.0
2015-09-20,SAG,CO,15,157.0,0.6783439490445863,0.33249609046045114,0.1,0.5,0.6,0.9,1.9
2015-09-20,SAG,NO,1,158.0,13.987341772151899,17.23349846438437,1.0,3.25,6.0,16.75,84.0
2015-09-20,SAG,NO2,1,158.0,21.056962025316455,9.414207768547323,6.0,15.0,18.0,26.0,53.0
2015-09-20,SAG,NOX,1,158.0,35.05696202531646,21.616885258786528,7.0,20.0,27.0,46.5,102.0
2015-09-20,SAG,O3,1,158.0,24.955696202531644,25.644891207677528,1.0,6.0,17.0,36.75,111.0
2015-09-20,SAG,PM10,2,158.0,31.936708860759495,15.652957452107913,7.0,21.25,30.0,39.0,116.0
2015-09-20,SAG,PM2.5,2,158.0,20.772151898734176,12.279078957854,2.0,12.0,19.0,25.0,88.0
2015-09-20,SAG,PMCO,2,158.0,11.139240506329115,4.861742439381568,2.0,8.0,11.5,14.0,28.0
2015-09-20,SAG,SO2,1,158.0,2.107594936708861,1.5083016265528904,0.0,1.0,2.0,3.0,8.0
2015-09-20,SFE,CO,15,0.0,,,,,,,
2015-09-20,SFE,NO,1,0.0,,,,,,,
2015-09-20,SFE,NO2,1,0.0,,,,,,,
2015-09-20,SFE,NOX,1,0.0,,,,,,,
2015-09-20,SFE,O3,1,0.0,,,,,,,
2015-09-20,SFE,PM10,2,0.0,,,,,,,
2015-09-20,SFE,PM2.5,2,0.0,,,,,,,
2015-09-20,SFE,PMCO,2,0.0,,,,,,,
2015-09-20,SFE,SO2,1,0.0,,,,,,,
2015-09-20,SJA,CO,15,0.0,,,,,,,
2015-09-20,SJA,NO,1,0.0,,,,,,,
2015-09-20,SJA,NO2,1,0.0,,,,,,,
2015-09-20,SJA,NOX,1,0.0,,,,,,,
2015-09-20,SJA,O3,1,0.0,,,,,,,
2015-09-20,SJA,PM2.5,2,0.0,,,,,,,
2015-09-20,SJA,SO2,1,0.0,,,,,,,
2015-09-20,TAH,CO,15,0.0,,,,,,,
2015-09-20,TAH,NO,1,0.0,,,,,,,
2015-09-20,TAH,NO2,1,0.0,,,,,,,
2015-09-20,TAH,NOX,1,0.0,,,,,,,
2015-09-20,TAH,O3,1,0.0,,,,,,,
2015-09-20,TAH,PM10,2,0.0,,,,,,,
2015-09-20,TAH,SO2,1,0.0,,,,,,,
2015-09-20,TLA,CO,15,129.0,0.9139534883720932,0.3928549720568234,0.4,0.6,0.8,1.2,1.8
2015-09-20,TLA,NO,1,129.0,23.441860465116278,24.69245424237186,1.0,7.0,12.0,33.0,121.0
2015-09-20,TLA,NO2,1,129.0,30.015503875968992,10.990041298918674,11.0,23.0,27.0,36.0,62.0
2015-09-20,TLA,NOX,1,129.0,53.35658914728682,30.595342386958084,17.0,30.0,44.0,73.0,148.0
2015-09-20,TLA,O3,1,152.0,24.45394736842105,24.612719162660458,0.0,6.0,14.0,39.0,112.0
2015-09-20,TLA,PM10,2,151.0,46.88741721854305,22.67790203299463,8.0,28.0,44.0,60.0,110.0
2015-09-20,TLA,PM2.5,2,151.0,26.079470198675498,12.122993678025212,3.0,18.0,24.0,32.0,63.0
2015-09-20,TLA,PMCO,2,151.0,20.781456953642383,12.380034485538987,1.0,11.0,19.0,31.0,61.0
2015-09-20,TLA,SO2,1,152.0,5.3618421052631575,6.675594913197087,1.0,2.0,3.0,6.0,59.0
2015-09-20,TLI,CO,15,0.0,,,,,,,
2015-09-20,TLI,NO,1,0.0,,,,,,,
2015-09-20,TLI,NO2,1,0.0,,,,,,,
2015-09-20,TLI,NOX,1,0.0,,,,,,,
2015-09-20,TLI,O3,1,0.0,,,,,,,
2015-09-20,TLI,PM10,2,0.0,,,,,,,
2015-09-20,TLI,SO2,1,0.0,,,,,,,
2015-09-20,UAX,CO,15,157.0,0.5656050955414011,0.28727574883951656,0.2,0.4,0.5,0.7,1.4
2015-09-20,UAX,NO,1,157.0,8.821656050955413,13.265292667242884,1.0,1.0,3.0,10.0,74.0
2015-09-20,UAX,NO2,1,157.0,19.840764331210192,9.861547672093662,5.0,13.0,18.0,24.0,64.0
2015-09-20,UAX,NOX,1,157.0,28.656050955414013,18.484128110283883,6.0,15.0,24.0,37.0,91.0
2015-09-20,UAX,O3,1,158.0,31.120253164556964,31.509852386003473,1.0,8.0,18.0,46.0,140.0
2015-09-20,UAX,PM2.5,2,159.0,17.09433962264151,10.159981344564615,2.0,11.0,16.0,20.5,80.0
2015-09-20,UAX,SO2,1,158.0,2.1202531645569622,3.6526887312425917,0.0,1.0,1.0,2.0,29.0
2015-09-20,UIZ,CO,15,158.0,0.8930379746835446,0.4083705524433395,0.4,0.6,0.8,1.1,2.0
2015-09-20,UIZ,NO,1,0.0,,,,,,,
2015-09-20,UIZ,NO2,1,0.0,,,,,,,
2015-09-20,UIZ,NOX,1,0.0,,,,,,,
2015-09-20,UIZ,O3,1,158.0,29.063291139240505,31.684086211152074,1.0,6.0,15.5,45.0,141.0
2015-09-20,UIZ,PM10,2,160.0,36.88125,18.32631262083919,5.0,23.0,34.5,46.0,110.0
2015-09-20,UIZ,PM2.5,2,160.0,25.54375,14.724235305981495,2.0,15.0,23.0,32.0,90.0
2015-09-20,UIZ,PMCO,2,160.0,11.30625,5.011931518603364,1.0,8.0,11.0,15.0,25.0
2015-09-20,UIZ,SO2,1,157.0,2.961783439490446,2.5137706643210156,1.0,2.0,2.0,3.0,22.0
2015-09-20,VIF,CO,15,0.0,,,,,,,
2015-09-20,VIF,NO,1,0.0,,,,,,,
2015-09-20,VIF,NO2,1,0.0,,,,,,,
2015-09-20,VIF,NOX,1,0.0,,,,,,,
2015-09-20,VIF,O3,1,0.0,,,,,,,
2015-09-20,VIF,PM10,2,0.0,,,,,,,
2015-09-20,VIF,SO2,1,0.0,,,,,,,
2015-09-20,XAL,CO,15,158.0,1.1702531645569616,0.5005105029117307,0.5,0.8,1.05,1.5,2.6
2015-09-20,XAL,NO,1,158.0,30.22151898734177,34.936087855119915,1.0,7.0,15.0,42.5,179.0
2015-09-20,XAL,NO2,1,158.0,30.955696202531644,12.711570002662812,9.0,21.0,28.0,42.0,66.0
2015-09-20,XAL,NOX,1,158.0,61.19620253164557,41.45866775457451,11.0,32.0,45.0,83.5,202.0
2015-09-20,XAL,O3,1,158.0,21.063291139240505,20.670506865279435,1.0,4.25,14.5,28.75,85.0
2015-09-20,XAL,PM10,2,161.0,51.49068322981366,24.237914001730424,10.0,34.0,47.0,67.0,121.0
2015-09-20,XAL,PM2.5,2,161.0,27.167701863354036,13.284500378657793,4.0,17.0,26.0,34.0,68.0
2015-09-20,XAL,PMCO,2,161.0,24.304347826086957,14.464198680820889,3.0,14.0,22.0,31.0,92.0
2015-09-20,XAL,SO2,1,158.0,2.810126582278481,1.7048148328918666,1.0,1.0,2.0,4.0,9.0
2015-09-27,ACO,CO,15,0.0,,,,,,,
2015-09-27,ACO,NO,1,0.0,,,,,,,
2015-09-27,ACO,NO2,1,0.0,,,,,,,
2015-09-27,ACO,NOX,1,0.0,,,,,,,
2015-09-27,ACO,O3,1,0.0,,,,,,,
2015-09-27,ACO,PM10,2,0.0,,,,,,,
2015-09-27,ACO,SO2,1,0.0,,,,,,,
2015-09-27,AJM,CO,15,154.0,0.5551948051948049,0.16170747727959808,0.2,0.4,0.5,0.6,1.1
2015-09-27,AJM,NO,1,154.0,5.922077922077922,6.506439713508646,0.0,2.0,4.0,8.0,37.0
2015-09-27,AJM,NO2,1,154.0,18.7987012987013,6.508295229864981,5.0,13.25,19.0,23.0,39.0
2015-09-27,AJM,NOX,1,154.0,24.7012987012987,11.234360149806214,6.0,17.0,24.0,31.0,63.0
2015-09-27,AJM,O3,1,154.0,32.032467532467535,23.82491112155341,3.0,17.0,24.0,40.75,114.0
2015-09-27,AJM,PM10,2,157.0,25.64968152866242,13.115300441360718,3.0,16.0,23.0,33.0,65.0
2015-09-27,AJM,PM2.5,2,157.0,16.280254777070063,8.691164386675183,2.0,10.0,14.0,20.0,49.0
2015-09-27,AJM,PMCO,2,157.0,9.369426751592357,6.772196765323207,1.0,4.0,7.0,14.0,34.0
2015-09-27,AJM,SO2,1,154.0,4.01948051948052,7.769111606433049,0.0,0.0,1.0,4.0,48.0
2015-09-27,AJU,O3,1,158.0,32.4873417721519,24.20526271717141,7.0,16.0,22.5,39.0,121.0
2015-09-27,ATI,CO,15,0.0,,,,,,,
2015-09-27,ATI,NO,1,0.0,,,,,,,
2015-09-27,ATI,NO2,1,0.0,,,,,,,
2015-09-27,ATI,NOX,1,0.0,,,,,,,
2015-09-27,ATI,O3,1,0.0,,,,,,,
2015-09-27,ATI,PM10,2,0.0,,,,,,,
2015-09-27,ATI,SO2,1,0.0,,,,,,,
2015-09-27,BJU,CO,15,158.0,0.581645569620253,0.23015879525058797,0.3,0.4,0.5,0.7,1.4
2015-09-27,BJU,O3,1,158.0,23.544303797468356,23.091508610187862,0.0,6.25,14.5,34.0,90.0
2015-09-27,BJU,PM10,2,161.0,28.180124223602483,11.932041002463581,3.0,20.0,26.0,36.0,63.0
2015-09-27,BJU,PM2.5,2,161.0,17.198757763975156,8.143877973496716,1.0,10.0,17.0,23.0,40.0
2015-09-27,BJU,PMCO,2,161.0,11.031055900621118,6.510013786706264,1.0,5.0,10.0,15.0,28.0
2015-09-27,BJU,SO2,1,158.0,5.512658227848101,9.582187124360994,0.0,1.0,1.0,3.0,52.0
2015-09-27,CAM,CO,15,154.0,0.6584415584415588,0.2542967487632163,0.3,0.5,0.6,0.8,1.7
2015-09-27,CAM,NO,1,0.0,,,,,,,
2015-09-27,CAM,NO2,1,0.0,,,,,,,
2015-09-27,CAM,NOX,1,0.0,,,,,,,
2015-09-27,CAM,O3,1,154.0,19.25974025974026,20.062909294114323,0.0,5.0,11.0,26.75,84.0
2015-09-27,CAM,PM10,2,155.0,33.94838709677419,11.81996635039659,14.0,26.0,33.0,41.0,67.0
2015-09-27,CAM,PM2.5,2,155.0,19.864516129032257,7.6532629654020985,6.0,14.0,19.0,24.0,41.0
2015-09-27,CAM,PMCO,2,155.0,14.04516129032258,8.595787200930854,1.0,7.0,13.0,19.0,50.0
2015-09-27,CAM,SO2,1,152.0,6.684210526315789,9.998291941962373,1.0,2.0,3.0,4.0,69.0
2015-09-27,CCA,CO,15,155.0,0.5690322580645162,0.16497451276409697,0.3,0.5,0.6,0.7,1.2
2015-09-27,CCA,NO,1,129.0,6.37984496124031,7.629295714597464,0.0,1.0,3.0,9.0,36.0
2015-09-27,CCA,NO2,1,129.0,23.11627906976744,6.602116027949798,9.0,18.0,23.0,27.0,39.0
2015-09-27,CCA,NOX,1,129.0,29.434108527131784,12.699560130940752,10.0,20.0,26.0,37.0,73.0
2015-09-27,CCA,O3,1,155.0,23.690322580645162,22.74350706315166,1.0,6.5,16.0,36.0,92.0
2015-09-27,CCA,PM2.5,2,158.0,13.784810126582279,6.281447531002511,1.0,9.0,13.0,18.0,37.0
2015-09-27,CCA,SO2,1,155.0,6.2709677419354835,10.187406076322253,1.0,2.0,2.0,4.0,60.0
2015-09-27,CHO,CO,15,158.0,0.6202531645569618,0.29122178246532054,0.3,0.4,0.5,0.7,1.8
2015-09-27,CHO,NO,1,0.0,,,,,,,
2015-09-27,CHO,NO2,1,0.0,,,,,,,
2015-09-27,CHO,NOX,1,0.0,,,,,,,
2015-09-27,CHO,O3,1,157.0,23.471337579617835,21.044080874822704,1.0,6.0,18.0,35.0,82.0
2015-09-27,CHO,PM10,2,161.0,33.869565217391305,21.483752708379008,1.0,20.0,31.0,44.0,122.0
2015-09-27,CHO,SO2,1,158.0,2.050632911392405,4.43322353761361,1.0,1.0,1.0,2.0,36.0
2015-09-27,COY,NO,1,157.0,11.885350318471337,13.257299949832303,0.0,3.0,6.0,19.0,56.0
2015-09-27,COY,NO2,1,157.0,24.777070063694268,6.266106145944156,12.0,20.0,24.0,29.0,41.0
2015-09-27,COY,NOX,1,157.0,36.63694267515923,17.599225240174214,12.0,24.0,31.0,48.0,86.0
2015-09-27,COY,O3,1,157.0,24.29299363057325,23.147869466811056,2.0,8.0,16.0,35.0,93.0
2015-09-27,COY,PM2.5,2,159.0,18.132075471698112,7.997715819118722,4.0,12.0,17.0,24.0,43.0
2015-09-27,CUA,CO,15,158.0,0.48987341772151866,0.15108519274642934,0.2,0.4,0.5,0.6,1.0
2015-09-27,CUA,NO,1,158.0,6.2215189873417724,7.511878845710357,1.0,3.0,5.0,7.0,62.0
2015-09-27,CUA,NO2,1,158.0,16.27848101265823,6.816870621224681,6.0,11.0,15.0,20.75,39.0
2015-09-27,CUA,NOX,1,158.0,22.474683544303797,12.130237718061013,7.0,15.0,21.0,26.0,88.0
2015-09-27,CUA,O3,1,158.0,32.879746835443036,21.24751243437394,3.0,20.0,26.5,41.0,102.0
2015-09-27,CUA,PM10,2,159.0,23.10691823899371,12.882424095224552,1.0,14.5,22.0,33.0,55.0
2015-09-27,CUA,SO2,1,0.0,,,,,,,
2015-09-27,CUT,NO,1,158.0,5.2594936708860756,7.79611235776295,0.0,1.0,2.0,4.0,43.0
2015-09-27,CUT,NO2,1,158.0,12.10126582278481,6.723084931707458,3.0,7.0,11.0,16.0,38.0
2015-09-27,CUT,NOX,1,158.0,17.367088607594937,12.854082813370642,4.0,9.0,13.0,19.0,66.0
2015-09-27,CUT,O3,1,158.0,21.39240506329114,14.938018628595115,2.0,11.0,18.0,32.0,64.0
2015-09-27,CUT,PM10,2,161.0,32.62732919254658,17.845804785640937,3.0,22.0,29.0,41.0,139.0
2015-09-27,CUT,SO2,1,158.0,4.670886075949367,8.245781038952744,1.0,1.0,2.0,3.75,57.0
2015-09-27,FAC,CO,15,154.0,0.44220779220779227,0.2680801917709148,0.1,0.3,0.4,0.6,1.9
2015-09-27,FAC,NO,1,154.0,10.2987012987013,12.935804226335907,0.0,3.0,6.0,13.0,91.0
2015-09-27,FAC,NO2,1,154.0,17.285714285714285,7.284789674216568,5.0,12.0,17.0,22.0,49.0
2015-09-27,FAC,NOX,1,154.0,27.584415584415584,18.10705322391282,4.0,15.0,23.0,35.75,117.0
2015-09-27,FAC,O3,1,135.0,27.703703703703702,20.070054203525434,1.0,14.0,22.0,37.0,88.0
2015-09-27,FAC,PM10,2,158.0,25.272151898734176,11.916722037945087,4.0,16.0,23.0,33.0,68.0
2015-09-27,FAC,SO2,1,154.0,7.467532467532467,12.214942542741182,1.0,2.0,3.0,7.0,87.0
2015-09-27,HGM,CO,15,156.0,0.6006410256410254,0.2120550126041688,0.3,0.475,0.5,0.7,1.3
2015-09-27,HGM,NO,1,0.0,,,,,,,
2015-09-27,HGM,NO2,1,0.0,,,,,,,
2015-09-27,HGM,NOX,1,0.0,,,,,,,
2015-09-27,HGM,O3,1,156.0,22.814102564102566,22.395795828733473,1.0,6.0,14.0,33.25,95.0
2015-09-27,HGM,PM10,2,0.0,,,,,,,
2015-09-27,HGM,PM2.5,2,0.0,,,,,,,
2015-09-27,HGM,PMCO,2,0.0,,,,,,,
2015-09-27,HGM,SO2,1,153.0,6.601307189542483,9.790126517434912,1.0,2.0,3.0,5.0,46.0
2015-09-27,INN,CO,15,158.0,0.362025316455696,0.16457147400333888,0.1,0.3,0.3,0.5,0.8
2015-09-27,INN,O3,1,156.0,33.71153846153846,20.47406214808562,4.0,21.0,26.0,42.0,110.0
2015-09-27,INN,PM10,2,152.0,19.5,11.754666538463079,3.0,10.0,16.5,27.25,53.0
2015-09-27,INN,PM2.5,2,152.0,14.157894736842104,8.22860884266199,2.0,7.75,12.0,18.0,44.0
2015-09-27,INN,PMCO,2,152.0,5.309210526315789,4.503469674340342,1.0,2.0,3.0,8.0,19.0
2015-09-27,IZT,CO,15,157.0,0.8031847133757967,0.32312980287867427,0.4,0.6,0.7,0.9,2.0
2015-09-27,IZT,NO,1,157.0,14.10828025477707,14.674493665241414,1.0,4.0,9.0,20.0,72.0
2015-09-27,IZT,NO2,1,157.0,25.687898089171973,7.339612844523632,9.0,21.0,25.0,30.0,47.0
2015-09-27,IZT,NOX,1,157.0,39.789808917197455,20.151360534056003,10.0,25.0,34.0,51.0,106.0
2015-09-27,IZT,O3,1,157.0,22.75796178343949,22.749302968720446,2.0,6.0,13.0,32.0,95.0
2015-09-27,IZT,PM10,2,157.0,23.821656050955415,9.158506753716114,5.0,17.0,24.0,30.0,49.0
2015-09-27,IZT,SO2,1,157.0,4.777070063694268,8.027675467514014,0.0,1.0,2.0,3.0,38.0
2015-09-27,LLA,CO,15,0.0,,,,,,,
2015-09-27,LLA,NO,1,0.0,,,,,,,
2015-09-27,LLA,NO2,1,0.0,,,,,,,
2015-09-27,LLA,NOX,1,0.0,,,,,,,
2015-09-27,LLA,O3,1,0.0,,,,,,,
2015-09-27,LLA,SO2,1,0.0,,,,,,,
2015-09-27,LPR,CO,15,154.0,0.4110389610389612,0.2997955050986338,0.0,0.2,0.4,0.6,1.4
2015-09-27,LPR,NO,1,0.0,,,,,,,
2015-09-27,LPR,NO2,1,0.0,,,,,,,
2015-09-27,LPR,NOX,1,0.0,,,,,,,
2015-09-27,LPR,O3,1,153.0,22.522875816993466,14.586892533385226,1.0,13.0,21.0,28.0,74.0
2015-09-27,LPR,SO2,1,154.0,3.9025974025974026,7.556125057802024,0.0,1.0,2.0,3.0,50.0
2015-09-27,MER,CO,15,134.0,0.780597014925373,0.3447735689196734,0.3,0.5,0.75,1.0,1.7
2015-09-27,MER,NO,1,134.0,22.507462686567163,19.158125651431586,2.0,8.0,16.5,32.75,86.0
2015-09-27,MER,NO2,1,134.0,28.05223880597015,7.436262668092001,12.0,23.25,27.5,32.0,50.0
2015-09-27,MER,NOX,1,134.0,50.58955223880597,24.00382572470611,13.0,32.0,46.0,62.75,119.0
2015-09-27,MER,O3,1,134.0,17.932835820895523,19.510628590280735,1.0,3.25,12.5,20.0,90.0
2015-09-27,MER,PM10,2,138.0,38.48550724637681,17.867000739750743,4.0,24.0,35.0,50.0,85.0
2015-09-27,MER,PM2.5,2,138.0,21.065217391304348,12.074106046151407,1.0,12.0,19.5,29.0,50.0
2015-09-27,MER,PMCO,2,138.0,17.391304347826086,8.359997540083365,1.0,11.25,17.0,22.75,41.0
2015-09-27,MER,SO2,1,134.0,5.2164179104477615,8.754257344779413,1.0,1.0,2.0,3.0,51.0
2015-09-27,MGH,CO,15,154.0,0.5493506493506496,0.20651061573522148,0.2,0.4,0.5,0.7,1.4
2015-09-27,MGH,NO,1,154.0,13.324675324675324,10.389086227334673,2.0,6.0,9.0,17.0,45.0
2015-09-27,MGH,NO2,1,154.0,23.876623376623378,6.33109137002927,10.0,20.0,23.0,27.0,49.0
2015-09-27,MGH,NOX,1,154.0,37.18181818181818,14.416065178636643,12.0,27.0,33.0,44.5,87.0
2015-09-27,MGH,O3,1,154.0,21.74025974025974,21.335418156341586,0.0,6.25,13.5,32.5,83.0
2015-09-27,MGH,PM10,2,161.0,28.024844720496894,10.395882785121595,7.0,20.0,27.0,34.0,58.0
2015-09-27,MGH,PM2.5,2,161.0,18.049689440993788,7.6703986550863394,4.0,13.0,18.0,23.0,37.0
2015-09-27,MGH,PMCO,2,161.0,9.925465838509316,5.476715250758267,1.0,5.0,10.0,14.0,26.0
2015-09-27,MGH,SO2,1,154.0,5.071428571428571,9.434401756758955,0.0,1.0,1.0,4.75,60.0
2015-09-27,MON,CO,15,11.0,0.47272727272727266,0.13483997249264842,0.3,0.35,0.5,0.55,0.7
2015-09-27,MON,NO,1,145.0,7.6689655172413795,20.868655114394002,0.0,0.0,1.0,3.0,136.0
2015-09-27,MON,NO2,1,145.0,8.144827586206896,5.4873330275088374,1.0,4.0,7.0,10.0,30.0
2015-09-27,MON,NOX,1,145.0,15.931034482758621,23.968339989224955,2.0,5.0,8.0,13.0,153.0
2015-09-27,MON,O3,1,145.0,21.544827586206896,16.409676731168595,1.0,9.0,19.0,31.0,76.0
2015-09-27,MON,SO2,1,0.0,,,,,,,
2015-09-27,NEZ,CO,15,158.0,0.41265822784810136,0.3042656769880853,0.0,0.2,0.3,0.575,1.5
2015-09-27,NEZ,NO,1,158.0,9.816455696202532,10.46610459147436,0.0,3.0,6.0,12.0,51.0
2015-09-27,NEZ,NO2,1,158.0,20.61392405063291,9.38675356369456,7.0,14.0,18.0,24.0,50.0
2015-09-27,NEZ,NOX,1,158.0,30.417721518987342,18.64287749784516,8.0,18.0,24.0,37.75,96.0
2015-09-27,NEZ,O3,1,158.0,23.22151898734177,20.149006524392693,0.0,8.25,17.0,32.0,85.0
2015-09-27,NEZ,PM2.5,2,160.0,12.625,8.321186115259042,1.0,7.0,11.0,16.0,69.0
2015-09-27,NEZ,SO2,1,158.0,3.759493670886076,10.215156953719896,1.0,1.0,1.0,2.0,69.0
2015-09-27,PED,CO,15,158.0,0.4253164556962023,0.15919251209095617,0.1,0.3,0.4,0.5,0.8
2015-09-27,PED,NO,1,158.0,5.974683544303797,6.406554532821873,0.0,1.25,3.0,9.0,30.0
2015-09-27,PED,NO2,1,158.0,20.974683544303797,6.70388172285244,7.0,16.0,21.0,26.0,37.0
2015-09-27,PED,NOX,1,158.0,26.943037974683545,11.492031950670718,7.0,18.25,25.0,35.0,60.0
2015-09-27,PED,O3,1,158.0,26.22151898734177,24.035966526228062,1.0,10.0,18.0,37.5,100.0
2015-09-27,PED,PM10,2,161.0,28.59006211180124,13.757485257892084,3.0,20.0,25.0,36.0,69.0
2015-09-27,PED,PM2.5,2,161.0,15.080745341614907,7.815029714658401,1.0,10.0,15.0,20.0,40.0
2015-09-27,PED,PMCO,2,161.0,13.459627329192546,8.560807342783065,1.0,6.0,12.0,19.0,55.0
2015-09-27,PED,SO2,1,158.0,5.215189873417722,9.211832443661145,1.0,1.0,2.0,4.75,62.0
2015-09-27,SAG,CO,15,157.0,0.5292993630573247,0.27602051821187273,0.2,0.4,0.5,0.6,1.7
2015-09-27,SAG,NO,1,158.0,9.544303797468354,11.885652077542613,1.0,4.0,6.0,10.0,81.0
2015-09-27,SAG,NO2,1,158.0,15.943037974683545,6.8293518552553705,6.0,11.0,15.0,19.0,41.0
2015-09-27,SAG,NOX,1,158.0,25.5126582278481,16.775299305054663,6.0,15.0,21.0,30.0,106.0
2015-09-27,SAG,O3,1,158.0,23.025316455696203,16.834885438683955,1.0,11.0,18.0,34.0,76.0
2015-09-27,SAG,PM10,2,158.0,25.462025316455698,10.996024803403367,3.0,18.0,24.5,32.0,81.0
2015-09-27,SAG,PM2.5,2,158.0,13.677215189873417,7.316562649955458,1.0,8.0,12.5,19.0,33.0
2015-09-27,SAG,PMCO,2,158.0,11.816455696202532,6.316330676727579,2.0,7.0,10.5,15.0,48.0
2015-09-27,SAG,SO2,1,158.0,5.050632911392405,16.47882156303743,0.0,1.0,1.0,2.0,105.0
2015-09-27,SFE,CO,15,0.0,,,,,,,
2015-09-27,SFE,NO,1,0.0,,,,,,,
2015-09-27,SFE,NO2,1,0.0,,,,,,,
2015-09-27,SFE,NOX,1,0.0,,,,,,,
2015-09-27,SFE,O3,1,0.0,,,,,,,
2015-09-27,SFE,PM10,2,0.0,,,,,,,
2015-09-27,SFE,PM2.5,2,0.0,,,,,,,
2015-09-27,SFE,PMCO,2,0.0,,,,,,,
2015-09-27,SFE,SO2,1,0.0,,,,,,,
2015-09-27,SJA,CO,15,0.0,,,,,,,
2015-09-27,SJA,NO,1,0.0,,,,,,,
2015-09-27,SJA,NO2,1,0.0,,,,,,,
2015-09-27,SJA,NOX,1,0.0,,,,,,,
2015-09-27,SJA,O3,1,0.0,,,,,,,
2015-09-27,SJA,PM2.5,2,0.0,,,,,,,
2015-09-27,SJA,SO2,1,0.0,,,,,,,
2015-09-27,TAH,CO,15,0.0,,,,,,,
2015-09-27,TAH,NO,1,0.0,,,,,,,
2015-09-27,TAH,NO2,1,0.0,,,,,,,
2015-09-27,TAH,NOX,1,0.0,,,,,,,
2015-09-27,TAH,O3,1,0.0,,,,,,,
2015-09-27,TAH,PM10,2,0.0,,,,,,,
2015-09-27,TAH,SO2,1,0.0,,,,,,,
2015-09-27,TLA,CO,15,158.0,0.6582278481012663,0.24552431609270828,0.3,0.5,0.6,0.8,1.4
2015-09-27,TLA,NO,1,158.0,16.050632911392405,13.882490217130309,0.0,8.0,11.0,22.0,59.0
2015-09-27,TLA,NO2,1,158.0,25.158227848101266,6.5846009816755,10.0,20.25,24.0,29.0,45.0
2015-09-27,TLA,NOX,1,158.0,41.19620253164557,18.071499488632288,10.0,29.0,36.0,49.0,89.0
2015-09-27,TLA,O3,1,158.0,21.40506329113924,19.54809126971127,2.0,7.25,14.0,30.75,93.0
2015-09-27,TLA,PM10,2,160.0,42.325,14.607893963119254,17.0,30.0,41.0,53.25,75.0
2015-09-27,TLA,PM2.5,2,160.0,19.45625,9.478109088145825,1.0,13.0,20.0,25.0,54.0
2015-09-27,TLA,PMCO,2,160.0,22.8625,10.64491935977444,5.0,13.75,23.0,30.0,49.0
2015-09-27,TLA,SO2,1,158.0,7.3544303797468356,10.277100851055488,1.0,2.0,3.0,6.0,53.0
2015-09-27,TLI,CO,15,0.0,,,,,,,
2015-09-27,TLI,NO,1,0.0,,,,,,,
2015-09-27,TLI,NO2,1,0.0,,,,,,,
2015-09-27,TLI,NOX,1,0.0,,,,,,,
2015-09-27,TLI,O3,1,0.0,,,,,,,
2015-09-27,TLI,PM10,2,0.0,,,,,,,
2015-09-27,TLI,SO2,1,0.0,,,,,,,
2015-09-27,UAX,CO,15,157.0,0.4554140127388534,0.23571900493927933,0.1,0.3,0.4,0.6,1.1
2015-09-27,UAX,NO,1,157.0,8.802547770700636,11.824268552455496,1.0,2.0,3.0,12.0,59.0
2015-09-27,UAX,NO2,1,157.0,19.88535031847134,7.1905994123259,5.0,15.0,19.0,25.0,40.0
2015-09-27,UAX,NOX,1,157.0,28.73248407643312,17.360204331482812,6.0,17.0,22.0,39.0,87.0
2015-09-27,UAX,O3,1,157.0,25.445859872611464,24.164339827272975,1.0,8.0,17.0,35.0,95.0
2015-09-27,UAX,PM2.5,2,159.0,13.748427672955975,6.270251800264725,1.0,9.0,14.0,17.0,33.0
2015-09-27,UAX,SO2,1,157.0,4.528662420382165,9.537080474057184,0.0,1.0,1.0,2.0,55.0
2015-09-27,UIZ,CO,15,157.0,0.6624203821656051,0.2889889565672047,0.3,0.4,0.6,0.8,1.6
2015-09-27,UIZ,NO,1,0.0,,,,,,,
2015-09-27,UIZ,NO2,1,0.0,,,,,,,
2015-09-27,UIZ,NOX,1,0.0,,,,,,,
2015-09-27,UIZ,O3,1,157.0,23.280254777070063,22.387563624987827,1.0,6.0,15.0,30.0,88.0
2015-09-27,UIZ,PM10,2,133.0,31.473684210526315,16.781834942908855,2.0,18.0,28.0,43.0,92.0
2015-09-27,UIZ,PM2.5,2,133.0,17.74436090225564,11.194326305969483,1.0,9.0,15.0,26.0,53.0
2015-09-27,UIZ,PMCO,2,133.0,13.75187969924812,8.615882106335173,1.0,7.0,13.0,20.0,40.0
2015-09-27,UIZ,SO2,1,157.0,4.67515923566879,10.20320246390091,1.0,2.0,2.0,2.0,69.0
2015-09-27,VIF,CO,15,0.0,,,,,,,
2015-09-27,VIF,NO,1,0.0,,,,,,,
2015-09-27,VIF,NO2,1,0.0,,,,,,,
2015-09-27,VIF,NOX,1,0.0,,,,,,,
2015-09-27,VIF,O3,1,0.0,,,,,,,
2015-09-27,VIF,PM10,2,0.0,,,,,,,
2015-09-27,VIF,SO2,1,0.0,,,,,,,
2015-09-27,XAL,CO,15,156.0,0.8358974358974357,0.28168816388127177,0.4,0.6,0.8,0.9,1.8
2015-09-27,XAL,NO,1,156.0,18.807692307692307,15.669207685103546,1.0,9.75,14.0,21.25,78.0
2015-09-27,XAL,NO2,1,156.0,21.03205128205128,8.116426888878777,7.0,16.0,20.0,25.0,47.0
2015-09-27,XAL,NOX,1,156.0,39.81410256410256,22.332618842193646,8.0,26.0,34.0,45.0,124.0
2015-09-27,XAL,O3,1,151.0,19.70860927152318,13.06679731429933,1.0,11.0,18.0,25.0,65.0
2015-09-27,XAL,PM10,2,158.0,38.19620253164557,15.915564973236682,5.0,26.0,38.0,46.0,88.0
2015-09-27,XAL,PM2.5,2,158.0,16.848101265822784,8.11397882809667,2.0,11.0,16.0,21.0,41.0
2015-09-27,XAL,PMCO,2,158.0,21.367088607594937,11.365583555584713,3.0,12.0,20.0,28.0,52.0
2015-09-27,XAL,SO2,1,156.0,3.0384615384615383,6.6311918019795,1.0,1.0,1.0,2.0,41.0
2015-10-04,ACO,CO,15,0.0,,,,,,,
2015-10-04,ACO,NO,1,0.0,,,,,,,
2015-10-04,ACO,NO2,1,0.0,,,,,,,
2015-10-04,ACO,NOX,1,0.0,,,,,,,
2015-10-04,ACO,O3,1,0.0,,,,,,,
2015-10-04,ACO,PM10,2,0.0,,,,,,,
2015-10-04,ACO,SO2,1,0.0,,,,,,,
2015-10-04,AJM,CO,15,132.0,0.6333333333333334,0.1868446988164956,0.3,0.5,0.6,0.7,1.3
2015-10-04,AJM,NO,1,132.0,4.909090909090909,5.88367458720832,0.0,1.0,3.0,6.0,31.0
2015-10-04,AJM,NO2,1,132.0,21.151515151515152,8.547563242319304,5.0,15.0,20.0,27.25,45.0
2015-10-04,AJM,NOX,1,132.0,26.075757575757574,12.448747576185768,5.0,18.0,24.0,32.0,67.0
2015-10-04,AJM,O3,1,132.0,37.71212121212121,25.581341692615656,5.0,20.0,32.0,46.0,124.0
2015-10-04,AJM,PM10,2,133.0,25.51127819548872,13.000359284868145,4.0,15.0,24.0,33.0,57.0
2015-10-04,AJM,PM2.5,2,133.0,16.25563909774436,8.064751339737207,2.0,10.0,14.0,22.0,37.0
2015-10-04,AJM,PMCO,2,133.0,9.270676691729323,5.9988986609776855,1.0,4.0,8.0,14.0,25.0
2015-10-04,AJM,SO2,1,135.0,1.1185185185185185,1.3160992332718253,0.0,0.0,1.0,2.0,10.0
2015-10-04,AJU,O3,1,0.0,,,,,,,
2015-10-04,ATI,CO,15,0.0,,,,,,,
2015-10-04,ATI,NO,1,0.0,,,,,,,
2015-10-04,ATI,NO2,1,0.0,,,,,,,
2015-10-04,ATI,NOX,1,0.0,,,,,,,
2015-10-04,ATI,O3,1,0.0,,,,,,,
2015-10-04,ATI,PM10,2,0.0,,,,,,,
2015-10-04,ATI,SO2,1,0.0,,,,,,,
2015-10-04,BJU,CO,15,134.0,0.7589552238805967,0.325879420148412,0.3,0.525,0.7,0.9,2.0
2015-10-04,BJU,O3,1,134.0,25.634328358208954,23.906314969274693,1.0,8.25,18.0,37.0,103.0
2015-10-04,BJU,PM10,2,137.0,28.48175182481752,12.828680064709001,3.0,20.0,26.0,34.0,67.0
2015-10-04,BJU,PM2.5,2,137.0,16.978102189781023,7.677763109905997,3.0,11.0,16.0,21.0,39.0
2015-10-04,BJU,PMCO,2,137.0,11.547445255474452,6.486378037313033,1.0,7.0,11.0,16.0,34.0
2015-10-04,BJU,SO2,1,134.0,1.3134328358208955,1.172478324007349,0.0,1.0,1.0,1.0,7.0
2015-10-04,CAM,CO,15,158.0,0.9898734177215192,0.41457366227787174,0.4,0.7,0.9,1.2,2.3
2015-10-04,CAM,NO,1,46.0,26.304347826086957,37.95076902468798,1.0,3.25,9.0,29.5,169.0
2015-10-04,CAM,NO2,1,46.0,42.5,12.945612727441251,18.0,36.0,40.0,48.0,72.0
2015-10-04,CAM,NOX,1,46.0,68.84782608695652,41.68771062784937,19.0,45.25,53.0,80.75,206.0
2015-10-04,CAM,O3,1,158.0,26.89240506329114,32.3560182419256,0.0,5.0,15.5,36.0,161.0
2015-10-04,CAM,PM10,2,158.0,38.53164556962025,17.239663527712427,5.0,26.0,36.0,50.0,92.0
2015-10-04,CAM,PM2.5,2,158.0,22.79113924050633,10.949248176771752,3.0,16.0,20.0,29.0,59.0
2015-10-04,CAM,PMCO,2,158.0,15.740506329113924,9.622942582485853,1.0,8.25,16.0,20.0,48.0
2015-10-04,CAM,SO2,1,158.0,3.5443037974683542,2.590022346284488,2.0,2.0,3.0,4.0,23.0
2015-10-04,CCA,CO,15,158.0,0.7037974683544304,0.2523484790879638,0.3,0.5,0.7,0.8,1.5
2015-10-04,CCA,NO,1,156.0,9.352564102564102,14.920781994200073,0.0,1.0,4.0,12.0,89.0
2015-10-04,CCA,NO2,1,156.0,28.814102564102566,9.883061095064003,12.0,22.0,28.0,34.0,58.0
2015-10-04,CCA,NOX,1,156.0,38.1025641025641,20.812272895106396,13.0,25.0,32.5,47.0,123.0
2015-10-04,CCA,O3,1,158.0,30.303797468354432,30.688014810399608,1.0,9.0,20.0,40.25,160.0
2015-10-04,CCA,PM2.5,2,161.0,13.75776397515528,5.98516540865364,2.0,9.0,13.0,18.0,31.0
2015-10-04,CCA,SO2,1,158.0,2.329113924050633,1.2841167773090858,1.0,2.0,2.0,2.0,10.0
2015-10-04,CHO,CO,15,158.0,0.7810126582278487,0.3971477766860177,0.2,0.5,0.7,1.0,2.4
2015-10-04,CHO,NO,1,0.0,,,,,,,
2015-10-04,CHO,NO2,1,0.0,,,,,,,
2015-10-04,CHO,NOX,1,0.0,,,,,,,
2015-10-04,CHO,O3,1,158.0,25.968354430379748,24.28923928503224,1.0,4.25,18.5,44.0,112.0
2015-10-04,CHO,PM10,2,160.0,35.04375,25.183439420960394,1.0,16.0,31.0,48.0,131.0
2015-10-04,CHO,SO2,1,158.0,1.2848101265822784,0.6965956539627057,0.0,1.0,1.0,1.0,5.0
2015-10-04,COY,NO,1,156.0,13.185897435897436,18.70959887750549,0.0,2.0,6.0,14.25,113.0
2015-10-04,COY,NO2,1,156.0,30.826923076923077,9.432383109088885,11.0,24.0,30.5,37.0,59.0
2015-10-04,COY,NOX,1,156.0,44.032051282051285,24.506067680973427,11.0,28.75,38.0,52.25,154.0
2015-10-04,COY,O3,1,157.0,31.59235668789809,30.56706695499149,2.0,10.0,21.0,43.0,161.0
2015-10-04,COY,PM2.5,2,158.0,19.037974683544302,8.120812356174458,5.0,13.0,17.0,25.0,40.0
2015-10-04,CUA,CO,15,158.0,0.5816455696202529,0.20622126747401845,0.2,0.4,0.5,0.7,1.3
2015-10-04,CUA,NO,1,158.0,6.89873417721519,6.180089123321786,1.0,2.25,5.0,8.0,31.0
2015-10-04,CUA,NO2,1,158.0,23.974683544303797,10.481982945021777,8.0,16.0,21.5,30.0,68.0
2015-10-04,CUA,NOX,1,158.0,30.90506329113924,14.55225067395066,9.0,20.25,26.5,39.0,77.0
2015-10-04,CUA,O3,1,158.0,41.278481012658226,31.59655577007539,4.0,22.0,33.5,49.0,176.0
2015-10-04,CUA,PM10,2,160.0,26.41875,14.212879213396253,1.0,15.0,26.0,37.0,64.0
2015-10-04,CUA,SO2,1,0.0,,,,,,,
2015-10-04,CUT,NO,1,158.0,15.227848101265822,24.08580699342562,0.0,2.0,4.0,16.75,137.0
2015-10-04,CUT,NO2,1,158.0,19.32278481012658,10.536723156209232,5.0,11.0,18.0,26.0,53.0
2015-10-04,CUT,NOX,1,158.0,34.55696202531646,29.959950692365872,6.0,13.0,24.0,47.5,160.0
2015-10-04,CUT,O3,1,158.0,22.189873417721518,20.286844878963084,1.0,5.0,16.5,34.0,83.0
2015-10-04,CUT,PM10,2,161.0,45.15527950310559,36.155663284990915,3.0,23.0,34.0,57.0,241.0
2015-10-04,CUT,SO2,1,158.0,1.8481012658227849,2.551825162206401,1.0,1.0,1.0,2.0,21.0
2015-10-04,FAC,CO,15,156.0,0.7717948717948723,0.49432846227856725,0.1,0.4,0.7,1.0,3.2
2015-10-04,FAC,NO,1,156.0,21.615384615384617,29.7420006135478,0.0,4.0,10.5,25.25,203.0
2015-10-04,FAC,NO2,1,156.0,29.557692307692307,13.686932965242333,6.0,19.0,28.0,36.0,74.0
2015-10-04,FAC,NOX,1,156.0,51.17948717948718,36.634988947987814,7.0,24.0,42.0,68.25,236.0
2015-10-04,FAC,O3,1,156.0,30.705128205128204,30.67881857268489,2.0,10.0,22.0,40.0,174.0
2015-10-04,FAC,PM10,2,161.0,30.596273291925467,19.221205373879254,1.0,15.0,27.0,45.0,81.0
2015-10-04,FAC,SO2,1,156.0,3.0576923076923075,3.4608229202546332,0.0,2.0,2.0,3.0,29.0
2015-10-04,HGM,CO,15,152.0,0.7743421052631577,0.3300605424147435,0.3,0.5,0.7,1.0,1.9
2015-10-04,HGM,NO,1,134.0,14.805970149253731,21.13240664727681,0.0,2.0,8.0,18.0,143.0
2015-10-04,HGM,NO2,1,134.0,35.985074626865675,12.273196588732175,13.0,27.0,35.0,43.0,66.0
2015-10-04,HGM,NOX,1,134.0,50.850746268656714,27.52265163138091,14.0,31.0,46.0,61.0,185.0
2015-10-04,HGM,O3,1,152.0,27.625,29.642642565704996,1.0,7.75,18.0,37.25,145.0
2015-10-04,HGM,PM10,2,0.0,,,,,,,
2015-10-04,HGM,PM2.5,2,0.0,,,,,,,
2015-10-04,HGM,PMCO,2,0.0,,,,,,,
2015-10-04,HGM,SO2,1,152.0,2.7565789473684212,1.4602762621976553,1.0,2.0,2.0,3.0,9.0
2015-10-04,INN,CO,15,156.0,0.2750000000000002,0.14618812449010862,0.0,0.2,0.2,0.4,0.6
2015-10-04,INN,O3,1,158.0,38.58860759493671,19.667014561013744,3.0,28.25,35.0,43.0,113.0
2015-10-04,INN,PM10,2,149.0,19.369127516778523,10.908928275752913,3.0,10.0,17.0,26.0,56.0
2015-10-04,INN,PM2.5,2,149.0,13.906040268456376,7.441975800093567,1.0,8.0,13.0,19.0,35.0
2015-10-04,INN,PMCO,2,149.0,5.429530201342282,4.396336056734502,1.0,2.0,4.0,7.0,21.0
2015-10-04,IZT,CO,15,154.0,1.0519480519480517,0.42690875166841236,0.4,0.8,1.0,1.275,3.4
2015-10-04,IZT,NO,1,154.0,16.571428571428573,22.85500106678707,0.0,5.0,8.0,19.5,147.0
2015-10-04,IZT,NO2,1,154.0,34.422077922077925,10.719100578996668,10.0,26.0,35.0,42.0,62.0
2015-10-04,IZT,NOX,1,154.0,51.0,27.93830738623661,11.0,32.25,46.5,59.75,194.0
2015-10-04,IZT,O3,1,154.0,27.90909090909091,28.24689551716603,2.0,8.0,17.0,39.75,140.0
2015-10-04,IZT,PM10,2,159.0,26.238993710691823,10.540734199380308,5.0,18.0,26.0,33.0,57.0
2015-10-04,IZT,SO2,1,154.0,1.8051948051948052,0.990661771805407,0.0,1.0,2.0,2.0,6.0
2015-10-04,LLA,CO,15,0.0,,,,,,,
2015-10-04,LLA,NO,1,0.0,,,,,,,
2015-10-04,LLA,NO2,1,0.0,,,,,,,
2015-10-04,LLA,NOX,1,0.0,,,,,,,
2015-10-04,LLA,O3,1,125.0,19.896,18.23804248126391,0.0,3.0,18.0,30.0,85.0
2015-10-04,LLA,SO2,1,133.0,1.8270676691729324,3.718323339558759,0.0,1.0,1.0,2.0,42.0
2015-10-04,LPR,CO,15,158.0,0.6582278481012658,0.40682320451161313,0.0,0.4,0.6,0.9,2.1
2015-10-04,LPR,NO,1,0.0,,,,,,,
2015-10-04,LPR,NO2,1,0.0,,,,,,,
2015-10-04,LPR,NOX,1,0.0,,,,,,,
2015-10-04,LPR,O3,1,158.0,27.550632911392405,25.160262742128165,1.0,6.0,25.0,38.0,109.0
2015-10-04,LPR,SO2,1,158.0,2.0632911392405062,2.892299339424982,1.0,1.0,1.0,2.0,34.0
2015-10-04,MER,CO,15,46.0,1.1195652173913049,0.44453199620744277,0.4,0.8,1.1,1.5,2.0
2015-10-04,MER,NO,1,144.0,24.21527777777778,26.971407599425135,1.0,6.0,14.0,30.0,142.0
2015-10-04,MER,NO2,1,144.0,37.94444444444444,11.999287728148946,16.0,28.0,37.0,46.0,65.0
2015-10-04,MER,NOX,1,144.0,62.111111111111114,32.33005294199692,20.0,38.0,56.0,74.25,185.0
2015-10-04,MER,O3,1,144.0,24.381944444444443,27.52341572145276,1.0,3.75,15.0,34.0,129.0
2015-10-04,MER,PM10,2,149.0,44.12751677852349,16.43878431036666,12.0,33.0,44.0,54.0,91.0
2015-10-04,MER,PM2.5,2,149.0,22.91946308724832,9.715908366460265,4.0,15.0,21.0,30.0,50.0
2015-10-04,MER,PMCO,2,149.0,21.187919463087248,10.177060271868969,4.0,14.0,20.0,28.0,52.0
2015-10-04,MER,SO2,1,144.0,1.8819444444444444,1.034350766124096,1.0,1.0,2.0,2.0,6.0
2015-10-04,MGH,CO,15,135.0,0.8518518518518521,0.3502348576316703,0.3,0.6,0.8,1.0,2.0
2015-10-04,MGH,NO,1,135.0,19.91111111111111,22.39251829566944,1.0,7.0,10.0,22.5,129.0
2015-10-04,MGH,NO2,1,135.0,34.94814814814815,14.978252154034147,16.0,24.0,32.0,39.0,84.0
2015-10-04,MGH,NOX,1,135.0,54.84444444444444,30.98527976618986,21.0,34.0,45.0,65.5,173.0
2015-10-04,MGH,O3,1,135.0,23.918518518518518,24.05623134336611,0.0,8.0,17.0,34.5,119.0
2015-10-04,MGH,PM10,2,138.0,29.507246376811594,13.868120443123745,9.0,18.0,26.0,39.0,78.0
2015-10-04,MGH,PM2.5,2,138.0,18.5,8.466550758828818,6.0,12.0,17.0,25.0,48.0
2015-10-04,MGH,PMCO,2,138.0,11.028985507246377,6.839069844324944,1.0,6.0,10.0,15.0,33.0
2015-10-04,MGH,SO2,1,135.0,1.385185185185185,1.8243182541202076,0.0,1.0,1.0,1.0,12.0
2015-10-04,MON,CO,15,155.0,0.3690322580645165,0.3226448616433679,0.0,0.1,0.3,0.5,1.9
2015-10-04,MON,NO,1,155.0,11.09032258064516,29.25578369767927,0.0,1.0,1.0,5.5,202.0
2015-10-04,MON,NO2,1,155.0,13.832258064516129,8.299444008008077,1.0,7.0,13.0,19.0,38.0
2015-10-04,MON,NOX,1,155.0,24.903225806451612,32.683006067840495,2.0,8.0,15.0,28.5,229.0
2015-10-04,MON,O3,1,155.0,26.387096774193548,19.29349096106249,1.0,10.0,24.0,41.0,75.0
2015-10-04,MON,SO2,1,0.0,,,,,,,
2015-10-04,NEZ,CO,15,158.0,0.6443037974683543,0.47944948139341786,0.0,0.3,0.5,0.9,2.4
2015-10-04,NEZ,NO,1,158.0,13.860759493670885,18.652186345585616,0.0,2.0,6.0,17.0,84.0
2015-10-04,NEZ,NO2,1,158.0,29.575949367088608,12.422649493185464,10.0,20.0,28.0,39.0,73.0
2015-10-04,NEZ,NOX,1,158.0,43.5,26.343093947486782,12.0,24.0,35.5,54.0,136.0
2015-10-04,NEZ,O3,1,158.0,27.879746835443036,24.771145530453644,0.0,8.0,21.0,42.75,118.0
2015-10-04,NEZ,PM2.5,2,160.0,13.675,5.921445939344427,2.0,9.0,13.5,17.25,32.0
2015-10-04,NEZ,SO2,1,158.0,1.3164556962025316,0.678032068036474,0.0,1.0,1.0,2.0,5.0
2015-10-04,PED,CO,15,157.0,0.5585987261146494,0.23643847413153574,0.2,0.4,0.5,0.7,1.3
2015-10-04,PED,NO,1,158.0,7.4113924050632916,8.917262830757435,0.0,1.0,4.0,9.0,43.0
2015-10-04,PED,NO2,1,158.0,26.664556962025316,9.636455964742895,8.0,19.0,25.5,33.0,58.0
2015-10-04,PED,NOX,1,158.0,34.08860759493671,16.23214540797594,11.0,21.0,31.0,41.0,81.0
2015-10-04,PED,O3,1,158.0,32.860759493670884,31.89702147595178,1.0,13.0,22.0,41.0,167.0
2015-10-04,PED,PM10,2,158.0,31.544303797468356,15.567234468673638,2.0,19.25,29.5,40.0,85.0
2015-10-04,PED,PM2.5,2,158.0,16.82278481012658,8.945353551270069,1.0,10.0,16.0,21.75,43.0
2015-10-04,PED,PMCO,2,158.0,14.715189873417721,8.405406034253263,1.0,9.0,14.0,19.75,56.0
2015-10-04,PED,SO2,1,157.0,1.8343949044585988,1.2343748223392892,1.0,1.0,2.0,2.0,9.0
2015-10-04,SAG,CO,15,154.0,0.7785714285714285,0.39439940038173915,0.1,0.5,0.7,1.0,2.3
2015-10-04,SAG,NO,1,154.0,14.967532467532468,20.56089912811342,0.0,3.0,7.0,19.0,130.0
2015-10-04,SAG,NO2,1,154.0,25.136363636363637,10.12798374131248,5.0,17.0,24.5,33.0,53.0
2015-10-04,SAG,NOX,1,154.0,40.16233766233766,26.43563419485018,6.0,21.0,33.5,53.75,170.0
2015-10-04,SAG,O3,1,154.0,27.61038961038961,25.772080878120576,1.0,7.0,21.0,42.75,134.0
2015-10-04,SAG,PM10,2,155.0,32.07741935483871,15.175824710199041,6.0,22.5,29.0,40.0,76.0
2015-10-04,SAG,PM2.5,2,155.0,17.741935483870968,8.682598442292282,1.0,12.0,17.0,22.5,52.0
2015-10-04,SAG,PMCO,2,155.0,14.341935483870968,8.425717210735902,2.0,9.0,12.0,18.0,47.0
2015-10-04,SAG,SO2,1,154.0,1.8506493506493507,1.763027949138646,0.0,1.0,2.0,2.0,17.0
2015-10-04,SFE,CO,15,0.0,,,,,,,
2015-10-04,SFE,NO,1,0.0,,,,,,,
2015-10-04,SFE,NO2,1,0.0,,,,,,,
2015-10-04,SFE,NOX,1,0.0,,,,,,,
2015-10-04,SFE,O3,1,0.0,,,,,,,
2015-10-04,SFE,PM10,2,0.0,,,,,,,
2015-10-04,SFE,PM2.5,2,0.0,,,,,,,
2015-10-04,SFE,PMCO,2,0.0,,,,,,,
2015-10-04,SFE,SO2,1,0.0,,,,,,,
2015-10-04,SJA,CO,15,0.0,,,,,,,
2015-10-04,SJA,NO,1,0.0,,,,,,,
2015-10-04,SJA,NO2,1,0.0,,,,,,,
2015-10-04,SJA,NOX,1,0.0,,,,,,,
2015-10-04,SJA,O3,1,0.0,,,,,,,
2015-10-04,SJA,PM2.5,2,0.0,,,,,,,
2015-10-04,SJA,SO2,1,0.0,,,,,,,
2015-10-04,TAH,CO,15,0.0,,,,,,,
2015-10-04,TAH,NO,1,0.0,,,,,,,
2015-10-04,TAH,NO2,1,0.0,,,,,,,
2015-10-04,TAH,NOX,1,0.0,,,,,,,
2015-10-04,TAH,O3,1,0.0,,,,,,,
2015-10-04,TAH,PM10,2,0.0,,,,,,,
2015-10-04,TAH,SO2,1,0.0,,,,,,,
2015-10-04,TLA,CO,15,156.0,0.932051282051282,0.38737948044432297,0.3,0.7,0.8,1.2,2.2
2015-10-04,TLA,NO,1,154.0,23.727272727272727,26.603423222470678,1.0,7.0,14.0,32.75,164.0
2015-10-04,TLA,NO2,1,154.0,35.58441558441559,13.28702807311339,13.0,27.0,33.5,41.75,87.0
2015-10-04,TLA,NOX,1,154.0,59.22727272727273,34.70219196468563,14.0,36.0,48.0,77.75,206.0
2015-10-04,TLA,O3,1,156.0,26.44871794871795,27.657419204535657,1.0,7.0,17.5,34.25,151.0
2015-10-04,TLA,PM10,2,154.0,49.12337662337662,24.506722546309675,12.0,29.0,45.5,64.0,121.0
2015-10-04,TLA,PM2.5,2,154.0,22.318181818181817,12.721606624321515,1.0,12.0,20.0,28.75,65.0
2015-10-04,TLA,PMCO,2,154.0,26.81168831168831,14.705283155605304,3.0,16.25,25.0,35.0,90.0
2015-10-04,TLA,SO2,1,156.0,3.8141025641025643,4.848417749460509,1.0,2.0,2.0,4.0,40.0
2015-10-04,TLI,CO,15,0.0,,,,,,,
2015-10-04,TLI,NO,1,0.0,,,,,,,
2015-10-04,TLI,NO2,1,0.0,,,,,,,
2015-10-04,TLI,NOX,1,0.0,,,,,,,
2015-10-04,TLI,O3,1,0.0,,,,,,,
2015-10-04,TLI,PM10,2,0.0,,,,,,,
2015-10-04,TLI,SO2,1,0.0,,,,,,,
2015-10-04,UAX,CO,15,149.0,0.5738255033557041,0.2558493996301926,0.1,0.4,0.5,0.7,1.3
2015-10-04,UAX,NO,1,147.0,8.136054421768707,12.800706024932538,1.0,2.0,3.0,9.5,71.0
2015-10-04,UAX,NO2,1,147.0,24.01360544217687,9.412165251416381,4.0,17.0,24.0,29.0,62.0
2015-10-04,UAX,NOX,1,147.0,32.16326530612245,18.625744746101798,4.0,19.0,27.0,39.5,99.0
2015-10-04,UAX,O3,1,149.0,32.89261744966443,29.272748358858358,2.0,14.0,23.0,47.0,148.0
2015-10-04,UAX,PM2.5,2,148.0,13.364864864864865,6.614916815154231,1.0,9.0,13.0,18.0,33.0
2015-10-04,UAX,SO2,1,149.0,0.7785234899328859,0.868717893312157,0.0,0.0,1.0,1.0,5.0
2015-10-04,UIZ,CO,15,158.0,0.7335443037974683,0.37545908365942915,0.1,0.5,0.7,0.9,2.0
2015-10-04,UIZ,NO,1,89.0,11.9438202247191,19.756678704221994,0.0,1.0,4.0,11.0,96.0
2015-10-04,UIZ,NO2,1,89.0,28.573033707865168,9.949746045696385,10.0,20.0,29.0,36.0,53.0
2015-10-04,UIZ,NOX,1,89.0,40.561797752808985,25.900576975049212,11.0,24.0,34.0,48.0,135.0
2015-10-04,UIZ,O3,1,158.0,28.531645569620252,26.89201593115942,1.0,9.0,21.0,41.75,134.0
2015-10-04,UIZ,PM10,2,152.0,36.16447368421053,16.27594986758125,2.0,24.0,35.0,46.25,87.0
2015-10-04,UIZ,PM2.5,2,152.0,20.855263157894736,11.069562046612285,1.0,13.0,20.0,29.0,59.0
2015-10-04,UIZ,PMCO,2,152.0,15.302631578947368,8.082389878093775,1.0,9.0,15.5,21.0,40.0
2015-10-04,UIZ,SO2,1,158.0,1.7088607594936709,0.9190399135261732,0.0,1.0,2.0,2.0,6.0
2015-10-04,VIF,CO,15,0.0,,,,,,,
2015-10-04,VIF,NO,1,0.0,,,,,,,
2015-10-04,VIF,NO2,1,0.0,,,,,,,
2015-10-04,VIF,NOX,1,0.0,,,,,,,
2015-10-04,VIF,O3,1,0.0,,,,,,,
2015-10-04,VIF,PM10,2,0.0,,,,,,,
2015-10-04,VIF,SO2,1,0.0,,,,,,,
2015-10-04,XAL,CO,15,158.0,1.0949367088607593,0.5358245587430243,0.4,0.7,0.9,1.3,3.2
2015-10-04,XAL,NO,1,158.0,30.867088607594937,37.69777645208785,1.0,11.0,17.0,31.0,235.0
2015-10-04,XAL,NO2,1,158.0,34.139240506329116,12.023579993189069,10.0,25.25,34.0,44.0,59.0
2015-10-04,XAL,NOX,1,158.0,65.0126582278481,44.11478763895637,12.0,39.0,52.5,73.75,272.0
2015-10-04,XAL,O3,1,158.0,23.449367088607595,20.107845370818435,2.0,6.0,19.0,33.0,92.0
2015-10-04,XAL,PM10,2,160.0,52.2875,25.480634526028915,11.0,34.75,47.5,64.0,148.0
2015-10-04,XAL,PM2.5,2,160.0,23.36875,10.972591281641828,1.0,15.0,22.0,30.0,57.0
2015-10-04,XAL,PMCO,2,160.0,28.925,17.285450310964716,2.0,18.0,26.0,36.0,102.0
2015-10-04,XAL,SO2,1,158.0,2.537974683544304,2.363836016463661,1.0,1.0,2.0,3.0,24.0
2015-10-11,ACO,CO,15,0.0,,,,,,,
2015-10-11,ACO,NO,1,0.0,,,,,,,
2015-10-11,ACO,NO2,1,0.0,,,,,,,
2015-10-11,ACO,NOX,1,0.0,,,,,,,
2015-10-11,ACO,O3,1,0.0,,,,,,,
2015-10-11,ACO,PM10,2,0.0,,,,,,,
2015-10-11,ACO,SO2,1,0.0,,,,,,,
2015-10-11,AJM,CO,15,151.0,0.7688741721854302,0.21731250323396037,0.4,0.6,0.7,0.8,1.8
2015-10-11,AJM,NO,1,151.0,5.086092715231788,7.3638218314052075,0.0,1.0,2.0,5.5,50.0
2015-10-11,AJM,NO2,1,151.0,19.33112582781457,9.094849717874862,6.0,13.0,18.0,23.5,69.0
2015-10-11,AJM,NOX,1,151.0,24.410596026490065,14.486900530331445,7.0,15.0,21.0,28.0,93.0
2015-10-11,AJM,O3,1,151.0,44.211920529801326,32.814551502145754,5.0,18.5,30.0,63.5,123.0
2015-10-11,AJM,PM10,2,135.0,37.592592592592595,16.889587137525417,12.0,24.0,34.0,48.5,103.0
2015-10-11,AJM,PM2.5,2,135.0,22.97037037037037,12.013636990620245,4.0,13.5,19.0,31.5,68.0
2015-10-11,AJM,PMCO,2,135.0,14.637037037037038,7.609506434077037,3.0,9.0,14.0,19.0,40.0
2015-10-11,AJM,SO2,1,151.0,3.5496688741721854,2.568238674583172,1.0,2.0,3.0,4.0,18.0
2015-10-11,AJU,O3,1,112.0,36.401785714285715,32.51374202096584,1.0,10.0,25.0,60.25,124.0
2015-10-11,ATI,CO,15,0.0,,,,,,,
2015-10-11,ATI,NO,1,0.0,,,,,,,
2015-10-11,ATI,NO2,1,0.0,,,,,,,
2015-10-11,ATI,NOX,1,0.0,,,,,,,
2015-10-11,ATI,O3,1,0.0,,,,,,,
2015-10-11,ATI,PM10,2,0.0,,,,,,,
2015-10-11,ATI,SO2,1,0.0,,,,,,,
2015-10-11,BJU,CO,15,154.0,0.7136363636363636,0.5013795584939407,0.3,0.4,0.5,0.775,2.4
2015-10-11,BJU,O3,1,154.0,31.435064935064936,30.77918941389048,1.0,9.0,17.5,56.25,120.0
2015-10-11,BJU,PM10,2,156.0,44.34615384615385,20.556657769687412,17.0,31.75,39.0,54.0,129.0
2015-10-11,BJU,PM2.5,2,156.0,25.78846153846154,14.827180627476066,6.0,15.0,23.0,30.25,85.0
2015-10-11,BJU,PMCO,2,156.0,18.602564102564102,8.195734128135818,1.0,13.0,18.0,23.0,43.0
2015-10-11,BJU,SO2,1,154.0,4.1558441558441555,5.051538133879374,0.0,1.0,2.0,5.0,27.0
2015-10-11,CAM,CO,15,154.0,0.866883116883117,0.6079059949263093,0.3,0.5,0.7,0.9,3.9
2015-10-11,CAM,NO,1,154.0,25.25974025974026,41.13135425925177,1.0,5.0,9.0,21.0,233.0
2015-10-11,CAM,NO2,1,154.0,29.058441558441558,13.321189083604263,9.0,20.0,27.0,34.0,85.0
2015-10-11,CAM,NOX,1,154.0,54.3051948051948,47.572624621314475,13.0,25.25,37.0,57.0,266.0
2015-10-11,CAM,O3,1,154.0,26.18831168831169,28.023045950083944,0.0,6.0,13.0,43.75,113.0
2015-10-11,CAM,PM10,2,161.0,48.807453416149066,22.671434539953115,17.0,33.0,44.0,61.0,132.0
2015-10-11,CAM,PM2.5,2,161.0,29.788819875776397,15.179513306545848,7.0,18.0,27.0,37.0,85.0
2015-10-11,CAM,PMCO,2,161.0,19.03726708074534,9.968630923274873,5.0,12.0,17.0,23.0,58.0
2015-10-11,CAM,SO2,1,154.0,5.792207792207792,5.5703173712698755,1.0,2.0,4.0,7.75,33.0
2015-10-11,CCA,CO,15,152.0,0.6677631578947367,0.42028088584246964,0.3,0.4,0.5,0.7,2.1
2015-10-11,CCA,NO,1,21.0,22.285714285714285,43.87384512114577,0.0,1.0,3.0,19.0,162.0
2015-10-11,CCA,NO2,1,21.0,29.904761904761905,10.944883562216466,18.0,23.0,27.0,33.0,62.0
2015-10-11,CCA,NOX,1,21.0,52.285714285714285,47.40901059623883,20.0,24.0,30.0,62.0,189.0
2015-10-11,CCA,O3,1,154.0,34.27922077922078,32.43001449138933,0.0,11.0,21.5,57.5,120.0
2015-10-11,CCA,PM2.5,2,156.0,20.256410256410255,9.818923004387381,4.0,13.0,20.0,24.0,67.0
2015-10-11,CCA,SO2,1,154.0,4.376623376623376,3.734799995656333,1.0,2.0,3.0,5.0,30.0
2015-10-11,CHO,CO,15,158.0,0.7417721518987342,0.45360764631910866,0.3,0.5,0.6,0.7,2.8
2015-10-11,CHO,NO,1,0.0,,,,,,,
2015-10-11,CHO,NO2,1,0.0,,,,,,,
2015-10-11,CHO,NOX,1,0.0,,,,,,,
2015-10-11,CHO,O3,1,158.0,36.234177215189874,30.694958552324255,1.0,6.0,31.0,62.5,118.0
2015-10-11,CHO,PM10,2,160.0,55.4375,31.993452061988673,2.0,32.0,48.0,73.0,185.0
2015-10-11,CHO,SO2,1,158.0,2.0253164556962027,1.6353942125457455,1.0,1.0,1.0,2.0,10.0
2015-10-11,COY,NO,1,158.0,14.835443037974683,24.014555235903565,0.0,2.0,4.0,14.75,123.0
2015-10-11,COY,NO2,1,158.0,27.60126582278481,13.185081259296,13.0,19.0,24.0,31.0,85.0
2015-10-11,COY,NOX,1,158.0,42.5126582278481,32.69970243573529,13.0,23.0,30.0,46.0,167.0
2015-10-11,COY,O3,1,158.0,34.962025316455694,31.761228231948184,2.0,10.25,21.0,58.75,121.0
2015-10-11,COY,PM2.5,2,161.0,26.17391304347826,14.771410400411712,7.0,15.0,23.0,32.0,87.0
2015-10-11,CUA,CO,15,158.0,0.6018987341772158,0.28068876137586735,0.3,0.4,0.5,0.6,1.6
2015-10-11,CUA,NO,1,158.0,13.113924050632912,22.561162357558867,1.0,3.0,4.0,8.0,129.0
2015-10-11,CUA,NO2,1,158.0,20.77848101265823,10.311469971085856,6.0,13.0,19.0,25.0,63.0
2015-10-11,CUA,NOX,1,158.0,33.86708860759494,30.455795350814554,7.0,17.0,22.5,32.75,164.0
2015-10-11,CUA,O3,1,158.0,39.74050632911393,29.365732527484408,3.0,19.0,28.0,60.0,118.0
2015-10-11,CUA,PM10,2,160.0,35.45,14.973687613768258,3.0,24.0,36.0,45.0,81.0
2015-10-11,CUA,SO2,1,0.0,,,,,,,
2015-10-11,CUT,NO,1,144.0,11.694444444444445,24.122147725233976,0.0,1.0,2.0,7.0,151.0
2015-10-11,CUT,NO2,1,144.0,12.659722222222221,6.506761619688147,3.0,8.0,12.0,16.0,32.0
2015-10-11,CUT,NOX,1,144.0,24.368055555555557,27.601496495300935,5.0,9.0,15.0,25.75,165.0
2015-10-11,CUT,O3,1,146.0,23.41780821917808,19.410184617543035,1.0,7.0,18.5,40.0,65.0
2015-10-11,CUT,PM10,2,147.0,55.142857142857146,42.41462012089701,1.0,28.0,47.0,68.0,283.0
2015-10-11,CUT,SO2,1,146.0,4.191780821917808,6.6325374231037015,1.0,1.0,2.0,4.0,53.0
2015-10-11,FAC,CO,15,158.0,0.6607594936708866,0.6423320810124864,0.1,0.3,0.4,0.7,3.5
2015-10-11,FAC,NO,1,156.0,22.294871794871796,43.73088049668924,0.0,2.0,7.0,11.0,213.0
2015-10-11,FAC,NO2,1,156.0,21.32051282051282,10.737325419054471,5.0,13.0,19.0,26.0,70.0
2015-10-11,FAC,NOX,1,156.0,43.58974358974359,48.32882954402184,5.0,17.0,26.0,39.5,241.0
2015-10-11,FAC,O3,1,158.0,32.61392405063291,26.115550357804267,2.0,13.0,23.0,51.25,111.0
2015-10-11,FAC,PM10,2,161.0,40.62732919254658,24.12722007292189,4.0,23.0,36.0,54.0,136.0
2015-10-11,FAC,SO2,1,158.0,4.987341772151899,5.796976305807286,1.0,1.0,3.0,6.0,36.0
2015-10-11,HGM,CO,15,155.0,0.745161290322581,0.49401529346786655,0.3,0.4,0.6,0.8,2.9
2015-10-11,HGM,NO,1,155.0,17.6,28.866373732554845,0.0,2.0,5.0,16.0,137.0
2015-10-11,HGM,NO2,1,155.0,29.38064516129032,14.331996248401024,12.0,19.0,27.0,34.0,76.0
2015-10-11,HGM,NOX,1,155.0,47.04516129032258,38.795056241388764,14.0,22.0,32.0,53.0,187.0
2015-10-11,HGM,O3,1,155.0,29.496774193548386,29.235358016582794,1.0,7.0,15.0,53.0,103.0
2015-10-11,HGM,PM10,2,0.0,,,,,,,
2015-10-11,HGM,PM2.5,2,0.0,,,,,,,
2015-10-11,HGM,PMCO,2,0.0,,,,,,,
2015-10-11,HGM,SO2,1,155.0,5.754838709677419,4.900757873386192,2.0,2.0,4.0,7.0,28.0
2015-10-11,INN,CO,15,120.0,0.34666666666666635,0.15170367695689152,0.0,0.3,0.3,0.4,0.8
2015-10-11,INN,O3,1,140.0,38.15714285714286,23.810484187551335,6.0,20.0,29.0,52.0,111.0
2015-10-11,INN,PM10,2,147.0,25.367346938775512,13.332461997435267,3.0,14.0,23.0,35.0,57.0
2015-10-11,INN,PM2.5,2,147.0,16.551020408163264,9.025218605077866,2.0,9.0,15.0,23.0,40.0
2015-10-11,INN,PMCO,2,147.0,8.850340136054422,5.908380096351884,1.0,4.0,7.0,13.0,27.0
2015-10-11,INN,SO2,1,126.0,4.476190476190476,3.4657507947670645,0.0,3.0,3.0,5.0,22.0
2015-10-11,IZT,CO,15,157.0,0.9560509554140127,0.5364099058840088,0.4,0.6,0.8,1.1,3.6
2015-10-11,IZT,NO,1,157.0,19.312101910828027,29.55283263424162,1.0,4.0,7.0,19.0,155.0
2015-10-11,IZT,NO2,1,157.0,29.127388535031848,12.047835274571156,12.0,21.0,27.0,34.0,86.0
2015-10-11,IZT,NOX,1,157.0,48.40127388535032,36.90595460825123,14.0,25.0,36.0,53.0,205.0
2015-10-11,IZT,O3,1,157.0,31.369426751592357,30.0805087723365,2.0,8.0,19.0,56.0,107.0
2015-10-11,IZT,PM10,2,135.0,34.25925925925926,12.122486176069634,9.0,25.0,34.0,42.0,77.0
2015-10-11,IZT,SO2,1,157.0,4.343949044585988,4.733559098709622,1.0,2.0,3.0,5.0,27.0
2015-10-11,LLA,CO,15,0.0,,,,,,,
2015-10-11,LLA,NO,1,0.0,,,,,,,
2015-10-11,LLA,NO2,1,0.0,,,,,,,
2015-10-11,LLA,NOX,1,0.0,,,,,,,
2015-10-11,LLA,O3,1,158.0,16.835443037974684,14.715069081819562,1.0,4.0,12.0,26.75,56.0
2015-10-11,LLA,SO2,1,158.0,5.487341772151899,9.668872731357416,0.0,1.0,2.0,4.75,51.0
2015-10-11,LPR,CO,15,149.0,0.651677852348993,0.5206030841200971,0.1,0.4,0.5,0.7,2.9
2015-10-11,LPR,NO,1,0.0,,,,,,,
2015-10-11,LPR,NO2,1,0.0,,,,,,,
2015-10-11,LPR,NOX,1,0.0,,,,,,,
2015-10-11,LPR,O3,1,149.0,25.993288590604028,20.05920178557115,1.0,12.0,21.0,37.0,76.0
2015-10-11,LPR,SO2,1,149.0,3.8322147651006713,4.357972942754526,0.0,1.0,3.0,4.0,26.0
2015-10-11,MER,CO,15,0.0,,,,,,,
2015-10-11,MER,NO,1,158.0,25.917721518987342,33.17968167876419,1.0,6.0,12.5,28.75,155.0
2015-10-11,MER,NO2,1,158.0,31.39873417721519,12.221386639048674,14.0,23.0,29.0,37.75,79.0
2015-10-11,MER,NOX,1,158.0,57.348101265822784,40.25380105724872,16.0,31.25,42.0,60.5,210.0
2015-10-11,MER,O3,1,158.0,25.77848101265823,26.541788567335473,1.0,5.0,14.0,43.75,99.0
2015-10-11,MER,PM10,2,148.0,60.29054054054054,27.863186982494927,13.0,42.0,55.0,73.0,157.0
2015-10-11,MER,PM2.5,2,148.0,30.08108108108108,18.014549491484267,1.0,17.0,27.5,39.25,92.0
2015-10-11,MER,PMCO,2,148.0,30.18243243243243,12.742898335488702,6.0,21.0,27.5,38.0,75.0
2015-10-11,MER,SO2,1,158.0,4.620253164556962,4.726409869443275,0.0,1.0,3.0,5.0,24.0
2015-10-11,MGH,CO,15,149.0,0.6107382550335578,0.46311824122030487,0.1,0.3,0.5,0.8,3.0
2015-10-11,MGH,NO,1,149.0,17.83221476510067,28.78400519727594,1.0,3.0,7.0,16.0,134.0
2015-10-11,MGH,NO2,1,149.0,26.953020134228186,13.95036353806547,10.0,18.0,24.0,32.0,89.0
2015-10-11,MGH,NOX,1,149.0,44.81208053691275,37.493849788911646,13.0,24.0,32.0,44.0,198.0
2015-10-11,MGH,O3,1,149.0,32.369127516778526,29.995348511756582,1.0,9.0,19.0,54.0,121.0
2015-10-11,MGH,PM10,2,161.0,39.09316770186335,18.895700980062912,16.0,24.0,37.0,48.0,126.0
2015-10-11,MGH,PM2.5,2,161.0,24.304347826086957,13.712240643974305,5.0,13.0,23.0,31.0,83.0
2015-10-11,MGH,PMCO,2,161.0,14.726708074534162,7.19547390520575,3.0,9.0,14.0,19.0,43.0
2015-10-11,MGH,SO2,1,149.0,3.966442953020134,4.270287203744837,0.0,1.0,2.0,5.0,25.0
2015-10-11,MON,CO,15,158.0,0.3120253164556966,0.30627359546418886,0.0,0.1,0.2,0.4,1.7
2015-10-11,MON,NO,1,158.0,15.487341772151899,28.07717692764704,0.0,1.0,2.0,13.75,152.0
2015-10-11,MON,NO2,1,158.0,11.272151898734178,5.851287336364823,2.0,7.0,11.0,15.0,27.0
2015-10-11,MON,NOX,1,158.0,26.765822784810126,31.511026827748665,2.0,8.0,14.0,29.75,172.0
2015-10-11,MON,O3,1,158.0,25.563291139240505,21.533689660002462,1.0,4.0,21.0,43.0,79.0
2015-10-11,MON,SO2,1,0.0,,,,,,,
2015-10-11,NEZ,CO,15,158.0,0.42531645569620263,0.5044940340857579,0.0,0.2,0.3,0.4,3.0
2015-10-11,NEZ,NO,1,158.0,12.727848101265822,23.834527418236462,0.0,2.0,4.0,10.0,142.0
2015-10-11,NEZ,NO2,1,158.0,21.936708860759495,9.445575612610998,9.0,15.0,20.0,26.0,64.0
2015-10-11,NEZ,NOX,1,158.0,34.67088607594937,30.60628199077831,10.0,17.25,25.5,37.0,194.0
2015-10-11,NEZ,O3,1,158.0,29.917721518987342,25.974256042109513,0.0,9.0,21.0,48.0,93.0
2015-10-11,NEZ,PM2.5,2,161.0,19.782608695652176,12.340834479571217,2.0,11.0,18.0,25.0,78.0
2015-10-11,NEZ,SO2,1,158.0,3.537974683544304,4.2570826348409705,1.0,1.0,2.0,4.0,25.0
2015-10-11,PED,CO,15,154.0,0.5025974025974026,0.35201530937222797,0.1,0.3,0.4,0.6,2.2
2015-10-11,PED,NO,1,154.0,8.831168831168831,17.957395183103795,0.0,1.0,2.0,5.0,126.0
2015-10-11,PED,NO2,1,154.0,22.57792207792208,11.533289395548442,8.0,15.0,19.5,28.0,64.0
2015-10-11,PED,NOX,1,154.0,31.350649350649352,25.27845771427104,8.0,17.0,22.5,33.0,162.0
2015-10-11,PED,O3,1,154.0,36.34415584415584,32.01927113150058,1.0,13.0,23.0,60.0,122.0
2015-10-11,PED,PM10,2,146.0,42.034246575342465,19.306748644490614,11.0,27.0,40.0,51.0,107.0
2015-10-11,PED,PM2.5,2,146.0,22.47945205479452,12.90988350495381,1.0,12.0,20.0,29.0,68.0
2015-10-11,PED,PMCO,2,146.0,19.52054794520548,9.070770927265595,5.0,13.0,18.5,24.0,46.0
2015-10-11,PED,SO2,1,154.0,3.435064935064935,3.063436757466638,1.0,1.0,2.0,4.0,22.0
2015-10-11,SAG,CO,15,158.0,0.6569620253164554,0.4185761562114329,0.2,0.4,0.5,0.7,2.6
2015-10-11,SAG,NO,1,158.0,14.556962025316455,24.24148512164648,0.0,3.0,5.0,12.0,151.0
2015-10-11,SAG,NO2,1,158.0,19.11392405063291,7.687341471448604,7.0,13.0,19.0,24.0,43.0
2015-10-11,SAG,NOX,1,158.0,33.70886075949367,28.989851902752893,9.0,16.0,25.0,35.75,178.0
2015-10-11,SAG,O3,1,158.0,28.018987341772153,22.340865848621018,1.0,9.25,21.0,42.5,79.0
2015-10-11,SAG,PM10,2,155.0,42.883870967741935,20.777408697694593,13.0,27.0,39.0,55.0,109.0
2015-10-11,SAG,PM2.5,2,155.0,22.677419354838708,13.905495262371305,1.0,12.0,19.0,31.0,66.0
2015-10-11,SAG,PMCO,2,155.0,20.2,10.101690741858805,5.0,13.0,18.0,25.0,64.0
2015-10-11,SAG,SO2,1,158.0,5.094936708860759,8.580668522263423,0.0,1.0,2.0,4.0,51.0
2015-10-11,SFE,CO,15,0.0,,,,,,,
2015-10-11,SFE,NO,1,0.0,,,,,,,
2015-10-11,SFE,NO2,1,0.0,,,,,,,
2015-10-11,SFE,NOX,1,0.0,,,,,,,
2015-10-11,SFE,O3,1,0.0,,,,,,,
2015-10-11,SFE,PM10,2,0.0,,,,,,,
2015-10-11,SFE,PM2.5,2,0.0,,,,,,,
2015-10-11,SFE,PMCO,2,0.0,,,,,,,
2015-10-11,SFE,SO2,1,0.0,,,,,,,
2015-10-11,SJA,CO,15,0.0,,,,,,,
2015-10-11,SJA,NO,1,0.0,,,,,,,
2015-10-11,SJA,NO2,1,0.0,,,,,,,
2015-10-11,SJA,NOX,1,0.0,,,,,,,
2015-10-11,SJA,O3,1,0.0,,,,,,,
2015-10-11,SJA,PM2.5,2,0.0,,,,,,,
2015-10-11,SJA,SO2,1,0.0,,,,,,,
2015-10-11,TAH,CO,15,0.0,,,,,,,
2015-10-11,TAH,NO,1,0.0,,,,,,,
2015-10-11,TAH,NO2,1,0.0,,,,,,,
2015-10-11,TAH,NOX,1,0.0,,,,,,,
2015-10-11,TAH,O3,1,0.0,,,,,,,
2015-10-11,TAH,PM10,2,0.0,,,,,,,
2015-10-11,TAH,SO2,1,0.0,,,,,,,
2015-10-11,TLA,CO,15,158.0,0.8854430379746833,0.5236843933787022,0.4,0.6,0.7,0.975,3.5
2015-10-11,TLA,NO,1,156.0,26.26923076923077,37.64834677496925,1.0,7.0,11.5,22.0,217.0
2015-10-11,TLA,NO2,1,156.0,28.846153846153847,12.30848322520736,10.0,20.75,27.0,33.25,76.0
2015-10-11,TLA,NOX,1,156.0,55.044871794871796,45.33578561581143,12.0,29.0,39.0,55.5,257.0
2015-10-11,TLA,O3,1,158.0,25.860759493670887,24.52957875330108,1.0,7.0,15.0,43.0,96.0
2015-10-11,TLA,PM10,2,160.0,64.06875,31.286085454747454,15.0,44.0,56.5,78.0,190.0
2015-10-11,TLA,PM2.5,2,160.0,30.0625,15.947905562295613,2.0,20.0,26.5,39.0,88.0
2015-10-11,TLA,PMCO,2,160.0,34.0625,18.088075052904244,6.0,22.75,31.0,42.0,113.0
2015-10-11,TLA,SO2,1,156.0,7.538461538461538,7.068681143023568,1.0,3.75,5.0,9.0,38.0
2015-10-11,TLI,CO,15,0.0,,,,,,,
2015-10-11,TLI,NO,1,0.0,,,,,,,
2015-10-11,TLI,NO2,1,0.0,,,,,,,
2015-10-11,TLI,NOX,1,0.0,,,,,,,
2015-10-11,TLI,O3,1,0.0,,,,,,,
2015-10-11,TLI,PM10,2,0.0,,,,,,,
2015-10-11,TLI,SO2,1,0.0,,,,,,,
2015-10-11,UAX,CO,15,158.0,0.5803797468354429,0.35842167472411246,0.2,0.4,0.5,0.7,2.2
2015-10-11,UAX,NO,1,157.0,11.401273885350319,21.667611381557442,1.0,1.0,2.0,11.0,145.0
2015-10-11,UAX,NO2,1,157.0,21.15286624203822,8.83333256296238,8.0,15.0,19.0,25.0,62.0
2015-10-11,UAX,NOX,1,157.0,31.910828025477706,26.07050986395143,8.0,16.0,22.0,38.0,169.0
2015-10-11,UAX,O3,1,158.0,38.4746835443038,33.85764491700461,2.0,11.0,23.5,71.0,112.0
2015-10-11,UAX,PM2.5,2,66.0,20.818181818181817,8.03628136527201,5.0,15.0,22.0,27.0,41.0
2015-10-11,UAX,SO2,1,158.0,2.778481012658228,3.372091183800712,0.0,1.0,1.0,3.0,18.0
2015-10-11,UIZ,CO,15,158.0,0.5569620253164556,0.46513707158645695,0.1,0.3,0.4,0.6,2.5
2015-10-11,UIZ,NO,1,156.0,14.10897435897436,22.36488426023108,1.0,2.0,4.0,13.25,113.0
2015-10-11,UIZ,NO2,1,156.0,26.108974358974358,11.196528101242762,9.0,19.0,25.0,30.0,90.0
2015-10-11,UIZ,NOX,1,156.0,40.217948717948715,30.005009231641676,11.0,22.75,29.5,43.25,165.0
2015-10-11,UIZ,O3,1,158.0,31.145569620253166,29.743452086638396,1.0,7.0,18.0,54.75,110.0
2015-10-11,UIZ,PM10,2,132.0,47.93939393939394,23.040872271894013,7.0,33.0,43.0,55.25,152.0
2015-10-11,UIZ,PM2.5,2,132.0,25.189393939393938,15.032348110199637,1.0,14.0,24.0,30.0,87.0
2015-10-11,UIZ,PMCO,2,132.0,22.727272727272727,10.789513504579809,4.0,15.0,20.0,28.25,65.0
2015-10-11,UIZ,SO2,1,158.0,3.867088607594937,4.694629578978346,1.0,1.0,2.0,4.75,29.0
2015-10-11,VIF,CO,15,0.0,,,,,,,
2015-10-11,VIF,NO,1,0.0,,,,,,,
2015-10-11,VIF,NO2,1,0.0,,,,,,,
2015-10-11,VIF,NOX,1,0.0,,,,,,,
2015-10-11,VIF,O3,1,0.0,,,,,,,
2015-10-11,VIF,PM10,2,0.0,,,,,,,
2015-10-11,VIF,SO2,1,0.0,,,,,,,
2015-10-11,XAL,CO,15,158.0,0.9278481012658226,0.5894911351630852,0.4,0.6,0.7,0.9,3.3
2015-10-11,XAL,NO,1,158.0,27.879746835443036,38.89645860043361,2.0,7.25,11.0,25.75,184.0
2015-10-11,XAL,NO2,1,158.0,27.00632911392405,12.35901220232057,11.0,18.0,26.0,32.0,87.0
2015-10-11,XAL,NOX,1,158.0,54.892405063291136,46.205796289419546,13.0,28.0,36.0,59.0,227.0
2015-10-11,XAL,O3,1,158.0,22.373417721518987,17.283136428475274,1.0,9.25,17.0,33.0,61.0
2015-10-11,XAL,PM10,2,161.0,65.70186335403727,38.7367468820784,12.0,41.0,53.0,80.0,180.0
2015-10-11,XAL,PM2.5,2,161.0,28.63975155279503,17.97587021364719,4.0,16.0,24.0,36.0,91.0
2015-10-11,XAL,PMCO,2,161.0,37.11801242236025,23.720871316729596,5.0,22.0,29.0,46.0,121.0
2015-10-11,XAL,SO2,1,158.0,4.784810126582278,5.71437094648544,1.0,2.0,3.0,6.0,35.0
2015-10-18,ACO,CO,15,0.0,,,,,,,
2015-10-18,ACO,NO,1,0.0,,,,,,,
2015-10-18,ACO,NO2,1,0.0,,,,,,,
2015-10-18,ACO,NOX,1,0.0,,,,,,,
2015-10-18,ACO,O3,1,0.0,,,,,,,
2015-10-18,ACO,PM10,2,0.0,,,,,,,
2015-10-18,ACO,SO2,1,0.0,,,,,,,
2015-10-18,AJM,CO,15,156.0,0.6141025641025637,0.20046678365310727,0.2,0.5,0.6,0.7,1.8
2015-10-18,AJM,NO,1,156.0,5.858974358974359,9.958914773076572,0.0,2.0,4.0,6.0,95.0
2015-10-18,AJM,NO2,1,156.0,16.807692307692307,6.317528492464579,4.0,12.0,17.0,20.0,41.0
2015-10-18,AJM,NOX,1,156.0,22.69871794871795,14.67032109145487,5.0,15.0,20.0,26.25,133.0
2015-10-18,AJM,O3,1,155.0,29.096774193548388,17.106152228717512,5.0,16.0,26.0,36.5,83.0
2015-10-18,AJM,PM10,2,149.0,22.70469798657718,12.963307550338302,2.0,12.0,19.0,35.0,50.0
2015-10-18,AJM,PM2.5,2,149.0,11.986577181208053,5.8632923335729465,1.0,8.0,11.0,16.0,28.0
2015-10-18,AJM,PMCO,2,149.0,10.758389261744966,8.33070760979425,1.0,4.0,8.0,17.0,34.0
2015-10-18,AJM,SO2,1,156.0,2.9166666666666665,3.9250368123744686,1.0,1.0,2.0,2.0,22.0
2015-10-18,AJU,O3,1,158.0,29.164556962025316,19.291218014361522,2.0,16.0,25.5,37.0,92.0
2015-10-18,ATI,CO,15,0.0,,,,,,,
2015-10-18,ATI,NO,1,0.0,,,,,,,
2015-10-18,ATI,NO2,1,0.0,,,,,,,
2015-10-18,ATI,NOX,1,0.0,,,,,,,
2015-10-18,ATI,O3,1,0.0,,,,,,,
2015-10-18,ATI,PM10,2,0.0,,,,,,,
2015-10-18,ATI,SO2,1,0.0,,,,,,,
2015-10-18,BJU,CO,15,157.0,0.5605095541401272,0.3874237661626089,0.3,0.4,0.5,0.5,3.0
2015-10-18,BJU,O3,1,157.0,21.993630573248407,16.86693655984783,1.0,10.0,18.0,29.0,77.0
2015-10-18,BJU,PM10,2,153.0,28.18300653594771,14.864492267647659,4.0,16.0,26.0,39.0,82.0
2015-10-18,BJU,PM2.5,2,153.0,12.830065359477125,7.094095812042358,1.0,8.0,11.0,17.0,43.0
2015-10-18,BJU,PMCO,2,153.0,15.294117647058824,9.719000891458618,2.0,7.0,13.0,22.0,49.0
2015-10-18,BJU,SO2,1,157.0,2.5031847133757963,6.150489040199227,0.0,0.0,1.0,2.0,41.0
2015-10-18,CAM,CO,15,158.0,0.7316455696202533,0.474319976869997,0.3,0.5,0.6,0.7,3.2
2015-10-18,CAM,NO,1,158.0,21.265822784810126,35.08523156770491,1.0,6.25,10.5,18.75,221.0
2015-10-18,CAM,NO2,1,158.0,23.841772151898734,7.1548141130528755,11.0,19.0,23.5,28.0,51.0
2015-10-18,CAM,NOX,1,158.0,45.120253164556964,39.43007316756074,12.0,26.0,34.0,46.0,259.0
2015-10-18,CAM,O3,1,158.0,17.803797468354432,14.25493941022875,0.0,8.0,15.0,23.75,59.0
2015-10-18,CAM,PM10,2,161.0,30.60248447204969,16.334885790504316,5.0,19.0,28.0,38.0,97.0
2015-10-18,CAM,PM2.5,2,161.0,14.416149068322982,6.751443369949848,1.0,10.0,14.0,18.0,35.0
2015-10-18,CAM,PMCO,2,161.0,16.211180124223603,10.850927343946346,2.0,8.0,13.0,21.0,64.0
2015-10-18,CAM,SO2,1,158.0,2.949367088607595,4.122020202799318,1.0,1.0,2.0,2.0,23.0
2015-10-18,CCA,CO,15,158.0,0.5405063291139244,0.3594117583797139,0.2,0.4,0.5,0.5,2.7
2015-10-18,CCA,NO,1,115.0,5.860869565217391,8.617492365869541,1.0,2.0,3.0,6.0,61.0
2015-10-18,CCA,NO2,1,115.0,18.83478260869565,4.982302776939434,8.0,16.0,18.0,21.5,33.0
2015-10-18,CCA,NOX,1,115.0,24.695652173913043,12.11796832679405,9.0,18.0,21.0,27.0,91.0
2015-10-18,CCA,O3,1,158.0,22.354430379746834,17.255323539064616,0.0,9.0,19.0,30.0,78.0
2015-10-18,CCA,PM2.5,2,158.0,10.60759493670886,5.322510114978704,1.0,7.0,10.0,14.0,32.0
2015-10-18,CCA,SO2,1,158.0,3.050632911392405,2.590520367651188,1.0,2.0,2.0,3.0,19.0
2015-10-18,CHO,CO,15,156.0,0.6570512820512817,0.42076921564802583,0.3,0.4,0.5,0.7,3.1
2015-10-18,CHO,NO,1,0.0,,,,,,,
2015-10-18,CHO,NO2,1,0.0,,,,,,,
2015-10-18,CHO,NOX,1,0.0,,,,,,,
2015-10-18,CHO,O3,1,156.0,24.307692307692307,15.756868603519722,1.0,12.75,23.0,34.0,63.0
2015-10-18,CHO,PM10,2,133.0,48.609022556390975,37.77963107333587,1.0,19.0,44.0,64.0,188.0
2015-10-18,CHO,SO2,1,156.0,1.5705128205128205,1.7856495320883845,0.0,1.0,1.0,1.0,13.0
2015-10-18,COY,NO,1,158.0,15.848101265822784,29.70924435581461,0.0,3.0,5.0,12.5,178.0
2015-10-18,COY,NO2,1,158.0,22.867088607594937,8.726637185385163,10.0,18.0,22.0,25.0,67.0
2015-10-18,COY,NOX,1,158.0,38.72784810126582,35.24304127621739,11.0,21.0,27.0,35.0,211.0
2015-10-18,COY,O3,1,158.0,22.550632911392405,16.880829011985874,2.0,11.0,18.0,30.0,77.0
2015-10-18,COY,PM2.5,2,161.0,13.06832298136646,7.263886893050511,1.0,8.0,10.0,18.0,42.0
2015-10-18,CUA,CO,15,152.0,0.4960526315789473,0.2686442732610229,0.2,0.4,0.4,0.5,2.0
2015-10-18,CUA,NO,1,153.0,10.72549019607843,23.382470743710904,1.0,3.0,4.0,8.0,138.0
2015-10-18,CUA,NO2,1,153.0,15.019607843137255,7.239757363842147,4.0,10.0,13.0,17.0,41.0
2015-10-18,CUA,NOX,1,153.0,25.797385620915033,29.101989323648283,5.0,14.0,18.0,24.0,179.0
2015-10-18,CUA,O3,1,153.0,27.980392156862745,15.341923380172913,3.0,18.0,25.0,36.0,74.0
2015-10-18,CUA,PM10,2,156.0,22.21153846153846,14.2176671628418,1.0,11.0,21.0,31.25,64.0
2015-10-18,CUA,SO2,1,0.0,,,,,,,
2015-10-18,CUT,NO,1,158.0,14.658227848101266,29.670971069852268,0.0,2.0,3.0,7.75,186.0
2015-10-18,CUT,NO2,1,158.0,11.556962025316455,5.218162390861578,3.0,8.0,11.0,15.0,27.0
2015-10-18,CUT,NOX,1,158.0,26.158227848101266,31.564618213343294,4.0,10.0,13.0,24.0,200.0
2015-10-18,CUT,O3,1,158.0,18.310126582278482,12.73387672880433,0.0,6.25,18.5,26.75,46.0
2015-10-18,CUT,PM10,2,161.0,39.7639751552795,36.57654910047391,1.0,16.0,33.0,52.0,271.0
2015-10-18,CUT,SO2,1,158.0,2.0569620253164556,4.307072647211529,1.0,1.0,1.0,2.0,49.0
2015-10-18,FAC,CO,15,157.0,0.5598726114649684,0.5615751511016169,0.1,0.3,0.4,0.6,3.5
2015-10-18,FAC,NO,1,157.0,16.43949044585987,34.12671289579507,0.0,3.0,6.0,10.0,202.0
2015-10-18,FAC,NO2,1,157.0,16.59235668789809,7.069214055263686,4.0,12.0,16.0,20.0,57.0
2015-10-18,FAC,NOX,1,157.0,33.07643312101911,38.38428187276825,4.0,15.0,23.0,31.0,232.0
2015-10-18,FAC,O3,1,155.0,24.916129032258066,14.76040457981643,2.0,15.0,23.0,33.0,65.0
2015-10-18,FAC,PM10,2,159.0,25.742138364779873,19.911581082908516,1.0,12.0,20.0,35.5,96.0
2015-10-18,FAC,SO2,1,157.0,2.8089171974522293,4.191159435021119,0.0,1.0,1.0,3.0,32.0
2015-10-18,HGM,CO,15,156.0,0.6019230769230767,0.42311763846494216,0.2,0.4,0.5,0.6,2.6
2015-10-18,HGM,NO,1,156.0,15.916666666666666,29.0583302882286,0.0,1.75,5.0,17.0,176.0
2015-10-18,HGM,NO2,1,156.0,21.673076923076923,9.65345564838494,9.0,16.0,20.0,25.0,82.0
2015-10-18,HGM,NOX,1,156.0,37.62820512820513,36.04678285474315,11.0,18.0,25.0,41.25,217.0
2015-10-18,HGM,O3,1,156.0,20.102564102564102,14.894545218096761,1.0,10.0,16.5,27.25,64.0
2015-10-18,HGM,PM10,2,0.0,,,,,,,
2015-10-18,HGM,PM2.5,2,0.0,,,,,,,
2015-10-18,HGM,PMCO,2,0.0,,,,,,,
2015-10-18,HGM,SO2,1,156.0,3.6666666666666665,5.467007594928928,1.0,2.0,2.0,3.0,43.0
2015-10-18,INN,CO,15,136.0,0.3198529411764704,0.11914501151564506,0.1,0.2,0.3,0.4,0.7
2015-10-18,INN,O3,1,137.0,31.583941605839417,12.80374619798625,10.0,23.0,29.0,38.0,70.0
2015-10-18,INN,PM10,2,91.0,18.428571428571427,10.871106308971152,2.0,9.0,18.0,26.0,46.0
2015-10-18,INN,PM2.5,2,91.0,10.87912087912088,6.020031681044663,1.0,7.0,10.0,15.0,33.0
2015-10-18,INN,PMCO,2,91.0,7.483516483516484,6.137974036661061,1.0,2.0,5.0,12.5,22.0
2015-10-18,INN,SO2,1,138.0,2.9782608695652173,3.509044396097909,1.0,1.0,1.0,4.0,26.0
2015-10-18,IZT,CO,15,158.0,0.8500000000000002,0.4976057324510569,0.4,0.6,0.7,0.8,3.5
2015-10-18,IZT,NO,1,158.0,18.31645569620253,33.40011987613314,0.0,4.0,6.5,13.75,216.0
2015-10-18,IZT,NO2,1,158.0,23.481012658227847,8.776576758904033,7.0,18.0,22.0,27.0,63.0
2015-10-18,IZT,NOX,1,158.0,41.86708860759494,38.79229426902356,8.0,22.0,30.0,40.75,246.0
2015-10-18,IZT,O3,1,158.0,21.158227848101266,16.024075100508473,1.0,11.0,17.0,28.75,70.0
2015-10-18,IZT,PM10,2,161.0,22.32919254658385,12.264163443502541,4.0,14.0,20.0,29.0,58.0
2015-10-18,IZT,SO2,1,158.0,2.8417721518987342,4.354545398693547,0.0,1.0,1.0,2.0,25.0
2015-10-18,LLA,CO,15,0.0,,,,,,,
2015-10-18,LLA,NO,1,0.0,,,,,,,
2015-10-18,LLA,NO2,1,0.0,,,,,,,
2015-10-18,LLA,NOX,1,0.0,,,,,,,
2015-10-18,LLA,O3,1,155.0,15.04516129032258,9.908897966090274,0.0,6.0,14.0,22.0,36.0
2015-10-18,LLA,SO2,1,155.0,2.496774193548387,6.70662997566579,0.0,1.0,1.0,1.0,61.0
2015-10-18,LPR,CO,15,130.0,0.48538461538461564,0.35198474651180933,0.1,0.3,0.4,0.6,2.2
2015-10-18,LPR,NO,1,0.0,,,,,,,
2015-10-18,LPR,NO2,1,0.0,,,,,,,
2015-10-18,LPR,NOX,1,0.0,,,,,,,
2015-10-18,LPR,O3,1,130.0,20.03076923076923,9.159176752500311,1.0,15.25,19.0,24.0,45.0
2015-10-18,LPR,SO2,1,130.0,2.2384615384615385,2.5052003158510665,1.0,1.0,1.0,2.0,14.0
2015-10-18,MER,CO,15,135.0,0.7666666666666665,0.4503729797573591,0.2,0.5,0.6,0.9,3.1
2015-10-18,MER,NO,1,158.0,26.860759493670887,32.0994609464095,1.0,10.0,17.0,28.0,184.0
2015-10-18,MER,NO2,1,158.0,26.18354430379747,8.857569800566631,9.0,21.0,25.0,29.0,69.0
2015-10-18,MER,NOX,1,158.0,53.164556962025316,38.429331413124956,11.0,31.25,42.0,56.0,223.0
2015-10-18,MER,O3,1,158.0,19.664556962025316,13.095733130893743,1.0,11.25,17.0,25.0,68.0
2015-10-18,MER,PM10,2,153.0,34.372549019607845,20.75194421866272,2.0,19.0,30.0,45.0,101.0
2015-10-18,MER,PM2.5,2,153.0,14.516339869281046,11.149170712117531,1.0,5.0,12.0,22.0,45.0
2015-10-18,MER,PMCO,2,153.0,19.84313725490196,11.62071519622724,1.0,12.0,18.0,25.0,60.0
2015-10-18,MER,SO2,1,158.0,2.810126582278481,3.4514870767829584,1.0,1.0,2.0,2.75,20.0
2015-10-18,MGH,CO,15,157.0,0.5114649681528668,0.4487829914829541,0.2,0.3,0.4,0.5,3.3
2015-10-18,MGH,NO,1,157.0,23.127388535031848,44.826835786145665,1.0,6.0,9.0,17.0,315.0
2015-10-18,MGH,NO2,1,157.0,23.03184713375796,7.949697931824283,10.0,19.0,22.0,26.0,66.0
2015-10-18,MGH,NOX,1,157.0,46.152866242038215,49.874222004740574,12.0,25.0,31.0,43.0,355.0
2015-10-18,MGH,O3,1,157.0,19.445859872611464,14.846390783214982,1.0,8.0,16.0,26.0,66.0
2015-10-18,MGH,PM10,2,157.0,24.05732484076433,12.64264356799605,5.0,13.0,23.0,32.0,78.0
2015-10-18,MGH,PM2.5,2,157.0,11.859872611464969,6.457413349256444,2.0,7.0,11.0,15.0,34.0
2015-10-18,MGH,PMCO,2,157.0,12.242038216560509,7.787565099440091,2.0,6.0,11.0,18.0,44.0
2015-10-18,MGH,SO2,1,157.0,2.515923566878981,4.768493144161522,0.0,1.0,1.0,2.0,31.0
2015-10-18,MON,CO,15,18.0,0.522222222222222,0.5012402917417549,0.1,0.1,0.4,0.6749999999999999,1.8
2015-10-18,MON,NO,1,69.0,8.46376811594203,26.750249976921584,0.0,0.0,1.0,1.0,147.0
2015-10-18,MON,NO2,1,69.0,6.971014492753623,6.3869605550793676,1.0,3.0,5.0,7.0,37.0
2015-10-18,MON,NOX,1,69.0,15.55072463768116,31.336192302138265,2.0,4.0,5.0,10.0,169.0
2015-10-18,MON,O3,1,68.0,25.13235294117647,10.439455026327174,2.0,21.0,25.5,30.25,47.0
2015-10-18,MON,SO2,1,0.0,,,,,,,
2015-10-18,NEZ,CO,15,153.0,0.46535947712418274,0.2976487380148457,0.1,0.3,0.4,0.6,2.5
2015-10-18,NEZ,NO,1,153.0,10.5359477124183,17.254681341820692,0.0,4.0,5.0,9.0,152.0
2015-10-18,NEZ,NO2,1,153.0,18.33986928104575,6.199706485723006,8.0,13.0,18.0,22.0,41.0
2015-10-18,NEZ,NOX,1,153.0,28.836601307189543,21.013610099778774,8.0,17.0,23.0,31.0,177.0
2015-10-18,NEZ,O3,1,152.0,22.05263157894737,14.46337666494615,0.0,12.75,19.0,28.25,59.0
2015-10-18,NEZ,PM2.5,2,135.0,10.607407407407408,8.054938502128932,1.0,5.0,9.0,14.0,62.0
2015-10-18,NEZ,SO2,1,153.0,1.7254901960784315,2.343061689434439,1.0,1.0,1.0,1.0,19.0
2015-10-18,PED,CO,15,158.0,0.34746835443037927,0.2747782816885658,0.1,0.2,0.3,0.4,2.1
2015-10-18,PED,NO,1,158.0,7.924050632911392,15.909595031336078,0.0,1.0,3.0,7.0,124.0
2015-10-18,PED,NO2,1,158.0,18.772151898734176,6.721861599684634,6.0,14.0,18.0,22.0,51.0
2015-10-18,PED,NOX,1,158.0,26.670886075949365,20.754385013751683,6.0,16.25,21.5,29.75,163.0
2015-10-18,PED,O3,1,158.0,23.746835443037973,16.450635172086987,1.0,12.0,20.0,31.75,75.0
2015-10-18,PED,PM10,2,159.0,23.52201257861635,15.006258811536892,2.0,11.0,21.0,35.5,64.0
2015-10-18,PED,PM2.5,2,159.0,9.427672955974844,7.542671117619259,1.0,4.0,8.0,13.0,43.0
2015-10-18,PED,PMCO,2,159.0,14.069182389937106,9.821907505612229,1.0,6.0,12.0,22.0,45.0
2015-10-18,PED,SO2,1,158.0,2.3417721518987342,2.94919216381235,1.0,1.0,1.5,2.0,29.0
2015-10-18,SAG,CO,15,157.0,0.5898089171974523,0.36850089819599685,0.2,0.4,0.5,0.6,2.3
2015-10-18,SAG,NO,1,157.0,13.598726114649681,23.34904046582013,0.0,3.0,5.0,10.0,130.0
2015-10-18,SAG,NO2,1,157.0,16.248407643312103,6.617436224984424,6.0,11.0,15.0,20.0,50.0
2015-10-18,SAG,NOX,1,157.0,29.923566878980893,27.280485511807175,6.0,15.0,22.0,29.0,151.0
2015-10-18,SAG,O3,1,157.0,22.522292993630572,13.563046509022671,1.0,12.0,22.0,31.0,55.0
2015-10-18,SAG,PM10,2,153.0,26.45098039215686,17.941036897391417,2.0,13.0,23.0,37.0,86.0
2015-10-18,SAG,PM2.5,2,153.0,11.764705882352942,9.9132850162921,1.0,4.0,9.0,17.0,53.0
2015-10-18,SAG,PMCO,2,153.0,14.732026143790849,10.00855327362006,1.0,6.0,13.0,20.0,51.0
2015-10-18,SAG,SO2,1,157.0,1.9617834394904459,2.2811528527076637,0.0,1.0,1.0,2.0,16.0
2015-10-18,SFE,CO,15,0.0,,,,,,,
2015-10-18,SFE,NO,1,0.0,,,,,,,
2015-10-18,SFE,NO2,1,0.0,,,,,,,
2015-10-18,SFE,NOX,1,0.0,,,,,,,
2015-10-18,SFE,O3,1,0.0,,,,,,,
2015-10-18,SFE,PM10,2,0.0,,,,,,,
2015-10-18,SFE,PM2.5,2,0.0,,,,,,,
2015-10-18,SFE,PMCO,2,0.0,,,,,,,
2015-10-18,SFE,SO2,1,0.0,,,,,,,
2015-10-18,SJA,CO,15,0.0,,,,,,,
2015-10-18,SJA,NO,1,0.0,,,,,,,
2015-10-18,SJA,NO2,1,0.0,,,,,,,
2015-10-18,SJA,NOX,1,0.0,,,,,,,
2015-10-18,SJA,O3,1,0.0,,,,,,,
2015-10-18,SJA,PM2.5,2,0.0,,,,,,,
2015-10-18,SJA,SO2,1,0.0,,,,,,,
2015-10-18,TAH,CO,15,0.0,,,,,,,
2015-10-18,TAH,NO,1,0.0,,,,,,,
2015-10-18,TAH,NO2,1,0.0,,,,,,,
2015-10-18,TAH,NOX,1,0.0,,,,,,,
2015-10-18,TAH,O3,1,0.0,,,,,,,
2015-10-18,TAH,PM10,2,0.0,,,,,,,
2015-10-18,TAH,SO2,1,0.0,,,,,,,
2015-10-18,TLA,CO,15,158.0,0.7550632911392401,0.436042928459072,0.3,0.525,0.6,0.8,3.3
2015-10-18,TLA,NO,1,157.0,20.993630573248407,31.945967366245355,0.0,7.0,11.0,17.0,190.0
2015-10-18,TLA,NO2,1,157.0,22.62420382165605,6.89612861734092,9.0,18.0,22.0,26.0,55.0
2015-10-18,TLA,NOX,1,157.0,43.681528662420384,36.141112007454765,11.0,26.0,34.0,44.0,219.0
2015-10-18,TLA,O3,1,158.0,19.49367088607595,13.231282578346821,2.0,9.0,18.0,27.75,57.0
2015-10-18,TLA,PM10,2,160.0,38.125,21.370569900253834,3.0,19.75,36.0,52.0,143.0
2015-10-18,TLA,PM2.5,2,160.0,14.04375,8.205188475868692,1.0,8.0,14.0,20.0,40.0
2015-10-18,TLA,PMCO,2,160.0,24.03125,15.699385829031817,1.0,12.0,22.5,33.0,103.0
2015-10-18,TLA,SO2,1,158.0,4.2974683544303796,6.636618636455151,1.0,2.0,2.0,4.0,66.0
2015-10-18,TLI,CO,15,0.0,,,,,,,
2015-10-18,TLI,NO,1,0.0,,,,,,,
2015-10-18,TLI,NO2,1,0.0,,,,,,,
2015-10-18,TLI,NOX,1,0.0,,,,,,,
2015-10-18,TLI,O3,1,0.0,,,,,,,
2015-10-18,TLI,PM10,2,0.0,,,,,,,
2015-10-18,TLI,SO2,1,0.0,,,,,,,
2015-10-18,UAX,CO,15,158.0,0.49620253164556966,0.366405517569881,0.2,0.3,0.4,0.5,2.2
2015-10-18,UAX,NO,1,157.0,12.019108280254777,22.890058120026698,0.0,2.0,3.0,11.0,146.0
2015-10-18,UAX,NO2,1,157.0,19.063694267515924,7.963604332035244,7.0,13.0,18.0,23.0,53.0
2015-10-18,UAX,NOX,1,157.0,30.15286624203822,27.513438582435132,7.0,15.0,22.0,33.0,167.0
2015-10-18,UAX,O3,1,158.0,25.050632911392405,19.520949866061983,2.0,10.0,19.5,33.5,89.0
2015-10-18,UAX,PM2.5,2,88.0,9.556818181818182,5.057958232706509,1.0,5.0,10.0,13.0,21.0
2015-10-18,UAX,SO2,1,158.0,1.6835443037974684,3.6434892767084763,0.0,0.0,1.0,1.0,28.0
2015-10-18,UIZ,CO,15,158.0,0.4329113924050633,0.37475138900830474,0.1,0.2,0.3,0.5,2.5
2015-10-18,UIZ,NO,1,158.0,13.886075949367088,22.78226337814436,1.0,3.0,5.5,13.0,144.0
2015-10-18,UIZ,NO2,1,158.0,21.525316455696203,7.726783072586564,8.0,16.0,21.0,26.0,51.0
2015-10-18,UIZ,NOX,1,158.0,35.360759493670884,27.08825358383303,9.0,20.0,27.0,39.75,169.0
2015-10-18,UIZ,O3,1,158.0,21.917721518987342,16.70766450986444,1.0,10.0,18.0,30.5,73.0
2015-10-18,UIZ,PM10,2,159.0,30.67924528301887,17.721588334505554,3.0,17.5,28.0,41.0,77.0
2015-10-18,UIZ,PM2.5,2,159.0,14.50943396226415,9.826255145471366,1.0,7.5,13.0,20.0,51.0
2015-10-18,UIZ,PMCO,2,159.0,16.12578616352201,10.504816338633194,2.0,7.0,15.0,24.0,50.0
2015-10-18,UIZ,SO2,1,158.0,2.1139240506329116,3.6953658077102065,0.0,1.0,1.0,2.0,22.0
2015-10-18,VIF,CO,15,0.0,,,,,,,
2015-10-18,VIF,NO,1,0.0,,,,,,,
2015-10-18,VIF,NO2,1,0.0,,,,,,,
2015-10-18,VIF,NOX,1,0.0,,,,,,,
2015-10-18,VIF,O3,1,0.0,,,,,,,
2015-10-18,VIF,PM10,2,0.0,,,,,,,
2015-10-18,VIF,SO2,1,0.0,,,,,,,
2015-10-18,XAL,CO,15,158.0,0.7683544303797467,0.5673818076191639,0.4,0.5,0.6,0.7,3.4
2015-10-18,XAL,NO,1,158.0,25.841772151898734,38.871095503333606,1.0,8.0,13.0,22.0,240.0
2015-10-18,XAL,NO2,1,158.0,19.72151898734177,10.579317292050522,7.0,14.0,18.0,22.0,78.0
2015-10-18,XAL,NOX,1,158.0,45.5126582278481,46.164030079095056,8.0,23.0,31.0,43.75,275.0
2015-10-18,XAL,O3,1,158.0,19.49367088607595,9.868399566578374,1.0,14.0,19.0,25.0,42.0
2015-10-18,XAL,PM10,2,161.0,40.98136645962733,34.16878547184724,4.0,17.0,32.0,49.0,176.0
2015-10-18,XAL,PM2.5,2,161.0,13.975155279503106,13.001418341165229,1.0,6.0,10.0,16.0,63.0
2015-10-18,XAL,PMCO,2,161.0,27.0,22.948856180646562,2.0,11.0,20.0,35.0,120.0
2015-10-18,XAL,SO2,1,158.0,2.6455696202531644,3.2360941097994775,1.0,1.0,1.0,2.0,18.0
2015-10-25,ACO,CO,15,0.0,,,,,,,
2015-10-25,ACO,NO,1,0.0,,,,,,,
2015-10-25,ACO,NO2,1,0.0,,,,,,,
2015-10-25,ACO,NOX,1,0.0,,,,,,,
2015-10-25,ACO,O3,1,0.0,,,,,,,
2015-10-25,ACO,PM10,2,0.0,,,,,,,
2015-10-25,ACO,SO2,1,0.0,,,,,,,
2015-10-25,AJM,CO,15,151.0,0.6225165562913905,0.23214138951092253,0.3,0.4,0.6,0.8,1.3
2015-10-25,AJM,NO,1,151.0,7.71523178807947,9.466697758242633,0.0,2.0,4.0,9.5,50.0
2015-10-25,AJM,NO2,1,151.0,16.417218543046356,9.499022838091673,1.0,9.0,17.0,23.0,42.0
2015-10-25,AJM,NOX,1,151.0,24.172185430463575,15.917605175571683,2.0,11.0,23.0,32.5,77.0
2015-10-25,AJM,O3,1,151.0,26.039735099337747,17.314687712922414,3.0,14.0,23.0,34.5,90.0
2015-10-25,AJM,PM10,2,154.0,22.142857142857142,12.671530836649703,2.0,12.0,19.5,32.0,65.0
2015-10-25,AJM,PM2.5,2,154.0,12.136363636363637,8.0692008511815,1.0,6.0,10.0,17.0,40.0
2015-10-25,AJM,PMCO,2,154.0,10.025974025974026,6.106835398760655,1.0,6.0,9.0,13.0,31.0
2015-10-25,AJM,SO2,1,151.0,2.8741721854304636,3.2604797924264424,1.0,1.0,2.0,3.0,25.0
2015-10-25,AJU,O3,1,149.0,24.06711409395973,16.667116204107383,1.0,13.0,22.0,34.0,81.0
2015-10-25,ATI,CO,15,0.0,,,,,,,
2015-10-25,ATI,NO,1,0.0,,,,,,,
2015-10-25,ATI,NO2,1,0.0,,,,,,,
2015-10-25,ATI,NOX,1,0.0,,,,,,,
2015-10-25,ATI,O3,1,0.0,,,,,,,
2015-10-25,ATI,PM10,2,0.0,,,,,,,
2015-10-25,ATI,SO2,1,0.0,,,,,,,
2015-10-25,BJU,CO,15,155.0,0.7180645161290327,0.4203386031108571,0.2,0.4,0.6,0.9,2.9
2015-10-25,BJU,O3,1,155.0,19.43225806451613,17.3025106484049,0.0,6.0,14.0,29.0,79.0
2015-10-25,BJU,PM10,2,160.0,27.78125,16.939281828575982,2.0,14.75,25.0,38.25,73.0
2015-10-25,BJU,PM2.5,2,160.0,14.425,10.54224803875776,1.0,6.75,11.5,20.0,52.0
2015-10-25,BJU,PMCO,2,160.0,13.40625,8.50401079994226,1.0,7.0,11.0,18.25,35.0
2015-10-25,BJU,SO2,1,153.0,2.183006535947712,3.245316277865392,0.0,0.0,1.0,3.0,23.0
2015-10-25,CAM,CO,15,153.0,0.8908496732026147,0.5767832162684449,0.2,0.5,0.7,1.1,3.2
2015-10-25,CAM,NO,1,153.0,29.601307189542485,46.00290892822934,1.0,6.0,12.0,26.0,219.0
2015-10-25,CAM,NO2,1,153.0,26.947712418300654,12.070947532725226,8.0,19.0,24.0,34.0,66.0
2015-10-25,CAM,NOX,1,153.0,56.5359477124183,51.617396361644786,9.0,26.0,41.0,61.0,263.0
2015-10-25,CAM,O3,1,153.0,16.73202614379085,17.366409855306014,0.0,2.0,10.0,28.0,81.0
2015-10-25,CAM,PM10,2,156.0,30.391025641025642,20.10924156602204,3.0,17.0,28.0,34.0,109.0
2015-10-25,CAM,PM2.5,2,156.0,17.102564102564102,12.699595872249049,1.0,9.0,14.0,19.25,76.0
2015-10-25,CAM,PMCO,2,156.0,13.294871794871796,8.834111269332151,1.0,7.0,11.0,17.25,48.0
2015-10-25,CAM,SO2,1,152.0,4.0131578947368425,4.374802689371328,1.0,1.0,2.0,5.0,24.0
2015-10-25,CCA,CO,15,148.0,0.6817567567567567,0.4379974780410985,0.2,0.4,0.6,0.8,2.9
2015-10-25,CCA,NO,1,146.0,21.21917808219178,39.39656787969103,0.0,3.0,8.0,19.75,262.0
2015-10-25,CCA,NO2,1,146.0,23.116438356164384,12.103866736949351,7.0,15.0,20.0,31.0,64.0
2015-10-25,CCA,NOX,1,146.0,44.34931506849315,43.470892753301165,8.0,20.25,31.5,49.0,288.0
2015-10-25,CCA,O3,1,148.0,19.29054054054054,18.06912403087774,0.0,5.0,13.0,28.25,84.0
2015-10-25,CCA,PM2.5,2,152.0,11.18421052631579,7.577783013460714,1.0,6.0,10.0,15.25,39.0
2015-10-25,CCA,SO2,1,148.0,3.4662162162162162,2.6481042905982615,1.0,2.0,2.0,4.0,22.0
2015-10-25,CHO,CO,15,135.0,0.7511111111111111,0.49533143836308835,0.2,0.4,0.6,0.9,2.9
2015-10-25,CHO,NO,1,0.0,,,,,,,
2015-10-25,CHO,NO2,1,0.0,,,,,,,
2015-10-25,CHO,NOX,1,0.0,,,,,,,
2015-10-25,CHO,O3,1,135.0,24.037037037037038,21.33157123734307,1.0,7.0,19.0,34.0,91.0
2015-10-25,CHO,PM10,2,155.0,41.18709677419355,33.38184962481396,1.0,18.5,33.0,54.0,204.0
2015-10-25,CHO,SO2,1,135.0,3.274074074074074,7.245615894868057,1.0,1.0,2.0,2.0,54.0
2015-10-25,COY,NO,1,151.0,19.91390728476821,31.549102554029666,0.0,3.0,7.0,21.0,191.0
2015-10-25,COY,NO2,1,151.0,24.47682119205298,13.398922562199342,4.0,15.0,21.0,33.0,58.0
2015-10-25,COY,NOX,1,151.0,44.370860927152314,38.69756510756024,4.0,20.0,33.0,57.0,222.0
2015-10-25,COY,O3,1,151.0,20.543046357615893,17.219653538650824,2.0,6.5,16.0,31.5,82.0
2015-10-25,COY,PM2.5,2,157.0,14.503184713375797,10.449281783576577,1.0,7.0,11.0,20.0,50.0
2015-10-25,CUA,CO,15,155.0,0.5445161290322578,0.2892313897489122,0.2,0.4,0.5,0.6,1.7
2015-10-25,CUA,NO,1,155.0,16.070967741935483,23.556814349655763,1.0,5.0,7.0,14.0,155.0
2015-10-25,CUA,NO2,1,155.0,18.883870967741935,8.501302298028424,6.0,12.5,18.0,24.0,51.0
2015-10-25,CUA,NOX,1,155.0,34.96774193548387,28.061948945756935,9.0,18.0,26.0,39.5,189.0
2015-10-25,CUA,O3,1,155.0,22.748387096774195,17.44549714849864,2.0,8.0,20.0,31.5,91.0
2015-10-25,CUA,PM10,2,160.0,24.79375,16.537396871425038,1.0,12.0,23.0,33.0,83.0
2015-10-25,CUA,SO2,1,0.0,,,,,,,
2015-10-25,CUT,NO,1,66.0,25.939393939393938,46.459205856943036,1.0,2.0,4.0,21.0,193.0
2015-10-25,CUT,NO2,1,66.0,14.090909090909092,6.126179064479745,5.0,9.25,14.0,17.0,32.0
2015-10-25,CUT,NOX,1,66.0,40.03030303030303,48.23052646388678,6.0,12.25,18.5,41.75,208.0
2015-10-25,CUT,O3,1,148.0,15.378378378378379,14.159636705726909,0.0,2.0,11.5,27.25,49.0
2015-10-25,CUT,PM10,2,158.0,44.10126582278481,31.124199500803734,1.0,26.0,38.0,51.75,201.0
2015-10-25,CUT,SO2,1,149.0,4.1879194630872485,8.544295653223044,1.0,1.0,2.0,2.0,56.0
2015-10-25,FAC,CO,15,152.0,0.7611842105263157,0.6661194672502097,0.1,0.4,0.5,0.8250000000000001,3.8
2015-10-25,FAC,NO,1,152.0,31.63157894736842,49.92334311941552,0.0,5.0,12.5,29.75,253.0
2015-10-25,FAC,NO2,1,152.0,20.69078947368421,8.732396523376494,5.0,15.75,19.0,25.0,59.0
2015-10-25,FAC,NOX,1,152.0,52.296052631578945,52.9965435353967,8.0,21.75,33.0,53.25,277.0
2015-10-25,FAC,O3,1,152.0,20.032894736842106,16.830836475519202,2.0,6.0,14.0,32.0,69.0
2015-10-25,FAC,PM10,2,160.0,27.65625,21.16751007332706,1.0,11.5,24.0,38.0,88.0
2015-10-25,FAC,SO2,1,152.0,5.190789473684211,9.595620933241259,0.0,2.0,2.0,5.0,98.0
2015-10-25,HGM,CO,15,144.0,0.7569444444444444,0.36328970461521376,0.3,0.5,0.6,0.9,2.3
2015-10-25,HGM,NO,1,144.0,18.666666666666668,26.135740339177723,1.0,4.75,8.0,18.25,141.0
2015-10-25,HGM,NO2,1,144.0,25.083333333333332,11.507674544692922,7.0,17.0,24.0,31.25,55.0
2015-10-25,HGM,NOX,1,144.0,43.71527777777778,32.75479214273704,8.0,22.0,33.0,55.5,187.0
2015-10-25,HGM,O3,1,144.0,18.069444444444443,15.82714883510736,1.0,4.0,13.5,30.25,70.0
2015-10-25,HGM,PM10,2,0.0,,,,,,,
2015-10-25,HGM,PM2.5,2,0.0,,,,,,,
2015-10-25,HGM,PMCO,2,0.0,,,,,,,
2015-10-25,HGM,SO2,1,145.0,4.096551724137931,3.7589229728352818,1.0,2.0,3.0,5.0,29.0
2015-10-25,INN,CO,15,141.0,0.4248226950354603,0.13264131459842823,0.2,0.3,0.4,0.5,0.8
2015-10-25,INN,O3,1,141.0,23.673758865248228,13.807604764818505,2.0,14.0,20.0,31.0,82.0
2015-10-25,INN,PM10,2,124.0,15.112903225806452,10.379944450106978,2.0,6.75,11.0,24.0,46.0
2015-10-25,INN,PM2.5,2,124.0,10.088709677419354,7.6636743154043625,1.0,4.0,7.0,15.0,34.0
2015-10-25,INN,PMCO,2,124.0,5.040322580645161,4.091234320969585,1.0,2.0,4.0,6.25,19.0
2015-10-25,INN,SO2,1,141.0,1.6524822695035462,2.077037091638114,0.0,1.0,1.0,2.0,16.0
2015-10-25,IZT,CO,15,153.0,1.0248366013071892,0.4996421147802263,0.4,0.7,0.9,1.2,3.0
2015-10-25,IZT,NO,1,20.0,10.8,10.660305120546875,1.0,4.75,7.0,13.25,43.0
2015-10-25,IZT,NO2,1,20.0,30.0,8.078561622884164,13.0,24.0,32.0,34.5,44.0
2015-10-25,IZT,NOX,1,20.0,40.8,17.252307244631307,13.0,31.0,38.5,42.25,88.0
2015-10-25,IZT,O3,1,153.0,18.477124183006534,17.044479337480304,1.0,4.0,13.0,26.0,72.0
2015-10-25,IZT,PM10,2,157.0,23.668789808917197,13.166774683928155,1.0,14.0,22.0,33.0,58.0
2015-10-25,IZT,SO2,1,153.0,3.1241830065359477,2.886721554758844,0.0,1.0,2.0,4.0,16.0
2015-10-25,LLA,CO,15,0.0,,,,,,,
2015-10-25,LLA,NO,1,0.0,,,,,,,
2015-10-25,LLA,NO2,1,0.0,,,,,,,
2015-10-25,LLA,NOX,1,0.0,,,,,,,
2015-10-25,LLA,O3,1,155.0,18.225806451612904,15.349414467912135,1.0,5.0,14.0,29.5,59.0
2015-10-25,LLA,SO2,1,155.0,3.858064516129032,7.6612015517534715,0.0,1.0,1.0,3.0,54.0
2015-10-25,LPR,CO,15,152.0,0.684868421052632,0.5316175327388775,0.1,0.4,0.5,0.8,2.8
2015-10-25,LPR,NO,1,0.0,,,,,,,
2015-10-25,LPR,NO2,1,0.0,,,,,,,
2015-10-25,LPR,NOX,1,0.0,,,,,,,
2015-10-25,LPR,O3,1,152.0,14.947368421052632,12.376965078407094,1.0,3.75,13.5,24.0,47.0
2015-10-25,LPR,SO2,1,152.0,2.625,3.327215688591678,1.0,1.0,2.0,2.0,26.0
2015-10-25,MER,CO,15,151.0,0.9198675496688744,0.49275008777941603,0.3,0.6,0.8,1.1,2.8
2015-10-25,MER,NO,1,151.0,30.927152317880793,33.267621764061275,1.0,11.0,18.0,35.5,176.0
2015-10-25,MER,NO2,1,151.0,30.543046357615893,14.010822055034344,8.0,21.0,28.0,38.0,76.0
2015-10-25,MER,NOX,1,151.0,61.47682119205298,40.8740886849825,12.0,34.0,50.0,75.0,212.0
2015-10-25,MER,O3,1,151.0,14.357615894039736,14.318447015818872,0.0,3.0,9.0,23.5,64.0
2015-10-25,MER,PM10,2,156.0,36.91025641025641,21.919315916707124,2.0,21.0,35.0,46.25,107.0
2015-10-25,MER,PM2.5,2,156.0,17.064102564102566,12.753584941765672,1.0,7.0,15.0,23.25,57.0
2015-10-25,MER,PMCO,2,156.0,19.82051282051282,11.071315555182016,1.0,12.0,19.0,25.25,52.0
2015-10-25,MER,SO2,1,151.0,3.642384105960265,3.1312284508606263,1.0,2.0,2.0,5.0,16.0
2015-10-25,MGH,CO,15,152.0,0.7026315789473689,0.37960372652918123,0.2,0.4,0.6,0.8250000000000001,2.5
2015-10-25,MGH,NO,1,152.0,27.486842105263158,41.14277947033281,1.0,6.0,12.0,31.25,276.0
2015-10-25,MGH,NO2,1,152.0,24.69078947368421,11.997369221907604,6.0,17.0,23.0,31.0,68.0
2015-10-25,MGH,NOX,1,152.0,52.17763157894737,46.49120147104161,8.0,24.0,39.0,61.5,315.0
2015-10-25,MGH,O3,1,151.0,17.311258278145694,16.912001825316672,0.0,5.0,12.0,27.5,90.0
2015-10-25,MGH,PM10,2,158.0,23.550632911392405,16.51077527658271,3.0,13.0,18.5,28.0,108.0
2015-10-25,MGH,PM2.5,2,158.0,14.221518987341772,12.11601215516983,1.0,7.0,11.0,17.75,81.0
2015-10-25,MGH,PMCO,2,158.0,9.291139240506329,5.965189675596155,1.0,5.0,7.0,13.0,35.0
2015-10-25,MGH,SO2,1,152.0,2.7302631578947367,4.162224307815166,0.0,1.0,1.0,3.0,26.0
2015-10-25,MON,CO,15,131.0,0.3366412213740463,0.3865440778667824,0.0,0.1,0.2,0.5,2.3
2015-10-25,MON,NO,1,153.0,15.281045751633988,32.02578268823327,0.0,1.0,2.0,14.0,204.0
2015-10-25,MON,NO2,1,153.0,11.4640522875817,8.242242081106564,1.0,5.0,10.0,16.0,42.0
2015-10-25,MON,NOX,1,153.0,26.830065359477125,35.72073532603358,2.0,7.0,13.0,33.0,226.0
2015-10-25,MON,O3,1,153.0,20.562091503267975,15.287520738618058,1.0,7.0,20.0,32.0,66.0
2015-10-25,MON,SO2,1,0.0,,,,,,,
2015-10-25,NEZ,CO,15,153.0,0.6686274509803924,0.41397790880471924,0.1,0.4,0.5,0.9,2.0
2015-10-25,NEZ,NO,1,153.0,15.326797385620916,17.96371711085822,1.0,4.0,7.0,19.0,84.0
2015-10-25,NEZ,NO2,1,153.0,26.058823529411764,14.165021454884476,6.0,17.0,25.0,32.0,81.0
2015-10-25,NEZ,NOX,1,153.0,41.42483660130719,25.608307865154732,7.0,22.0,36.0,55.0,121.0
2015-10-25,NEZ,O3,1,153.0,18.26797385620915,16.565661430528237,0.0,4.0,13.0,28.0,71.0
2015-10-25,NEZ,PM2.5,2,155.0,12.870967741935484,10.003057764594278,1.0,6.0,10.0,18.0,66.0
2015-10-25,NEZ,SO2,1,153.0,2.6666666666666665,2.7838821814150108,1.0,1.0,2.0,3.0,16.0
2015-10-25,PED,CO,15,155.0,0.5464516129032253,0.35607481691477155,0.1,0.3,0.5,0.7,1.9
2015-10-25,PED,NO,1,155.0,13.948387096774194,22.153770031361002,0.0,2.0,4.0,15.0,131.0
2015-10-25,PED,NO2,1,155.0,20.44516129032258,11.221582831314405,4.0,12.0,19.0,28.0,59.0
2015-10-25,PED,NOX,1,155.0,34.44516129032258,28.288895057561234,4.0,14.0,27.0,44.0,156.0
2015-10-25,PED,O3,1,155.0,20.032258064516128,17.855996611724184,1.0,6.0,15.0,31.0,89.0
2015-10-25,PED,PM10,2,160.0,24.20625,16.72647014343192,2.0,12.0,22.0,32.0,97.0
2015-10-25,PED,PM2.5,2,160.0,10.64375,9.925094854037182,1.0,3.0,8.0,15.0,62.0
2015-10-25,PED,PMCO,2,160.0,13.5875,9.08062246778907,1.0,7.0,11.0,19.25,46.0
2015-10-25,PED,SO2,1,155.0,3.1548387096774193,3.661207549507365,1.0,1.0,2.0,3.0,30.0
2015-10-25,SAG,CO,15,155.0,0.775483870967742,0.5318849030221116,0.2,0.5,0.6,0.8,2.9
2015-10-25,SAG,NO,1,155.0,21.787096774193547,36.47842043045397,0.0,4.0,8.0,17.0,186.0
2015-10-25,SAG,NO2,1,155.0,19.580645161290324,9.163642847165898,5.0,13.0,19.0,24.0,68.0
2015-10-25,SAG,NOX,1,155.0,41.354838709677416,40.92751621559404,7.0,18.5,27.0,39.5,210.0
2015-10-25,SAG,O3,1,155.0,18.916129032258066,15.494848259361726,1.0,6.0,15.0,28.5,61.0
2015-10-25,SAG,PM10,2,161.0,28.819875776397517,17.016495011737053,2.0,15.0,26.0,39.0,82.0
2015-10-25,SAG,PM2.5,2,161.0,12.453416149068323,9.74868600796987,1.0,4.0,11.0,19.0,47.0
2015-10-25,SAG,PMCO,2,161.0,16.40993788819876,9.699530948510754,1.0,10.0,15.0,21.0,52.0
2015-10-25,SAG,SO2,1,155.0,4.296774193548387,5.848936182047754,0.0,2.0,2.0,4.5,48.0
2015-10-25,SFE,CO,15,0.0,,,,,,,
2015-10-25,SFE,NO,1,0.0,,,,,,,
2015-10-25,SFE,NO2,1,0.0,,,,,,,
2015-10-25,SFE,NOX,1,0.0,,,,,,,
2015-10-25,SFE,O3,1,0.0,,,,,,,
2015-10-25,SFE,PM10,2,0.0,,,,,,,
2015-10-25,SFE,PM2.5,2,0.0,,,,,,,
2015-10-25,SFE,PMCO,2,0.0,,,,,,,
2015-10-25,SFE,SO2,1,0.0,,,,,,,
2015-10-25,SJA,CO,15,0.0,,,,,,,
2015-10-25,SJA,NO,1,0.0,,,,,,,
2015-10-25,SJA,NO2,1,0.0,,,,,,,
2015-10-25,SJA,NOX,1,0.0,,,,,,,
2015-10-25,SJA,O3,1,0.0,,,,,,,
2015-10-25,SJA,PM2.5,2,0.0,,,,,,,
2015-10-25,SJA,SO2,1,0.0,,,,,,,
2015-10-25,TAH,CO,15,0.0,,,,,,,
2015-10-25,TAH,NO,1,0.0,,,,,,,
2015-10-25,TAH,NO2,1,0.0,,,,,,,
2015-10-25,TAH,NOX,1,0.0,,,,,,,
2015-10-25,TAH,O3,1,0.0,,,,,,,
2015-10-25,TAH,PM10,2,0.0,,,,,,,
2015-10-25,TAH,SO2,1,0.0,,,,,,,
2015-10-25,TLA,CO,15,155.0,0.88258064516129,0.4802797327608982,0.3,0.6,0.7,1.0,3.1
2015-10-25,TLA,NO,1,155.0,30.490322580645163,44.12899740797347,1.0,8.0,14.0,27.0,214.0
2015-10-25,TLA,NO2,1,155.0,26.10967741935484,10.186295696922222,8.0,19.0,25.0,33.5,49.0
2015-10-25,TLA,NOX,1,155.0,56.619354838709675,49.2767523712388,13.0,28.5,41.0,59.5,254.0
2015-10-25,TLA,O3,1,155.0,17.87741935483871,15.810293985072764,2.0,4.0,12.0,30.5,64.0
2015-10-25,TLA,PM10,2,161.0,42.77018633540373,28.203556612421462,10.0,25.0,36.0,53.0,194.0
2015-10-25,TLA,PM2.5,2,161.0,17.546583850931675,13.97182446504349,1.0,9.0,15.0,22.0,90.0
2015-10-25,TLA,PMCO,2,161.0,25.18633540372671,16.649025860746367,4.0,13.0,21.0,32.0,104.0
2015-10-25,TLA,SO2,1,155.0,7.251612903225807,15.410231694823532,1.0,2.0,3.0,6.0,158.0
2015-10-25,TLI,CO,15,0.0,,,,,,,
2015-10-25,TLI,NO,1,0.0,,,,,,,
2015-10-25,TLI,NO2,1,0.0,,,,,,,
2015-10-25,TLI,NOX,1,0.0,,,,,,,
2015-10-25,TLI,O3,1,0.0,,,,,,,
2015-10-25,TLI,PM10,2,0.0,,,,,,,
2015-10-25,TLI,SO2,1,0.0,,,,,,,
2015-10-25,UAX,CO,15,151.0,0.6350993377483443,0.43208003510101184,0.2,0.3,0.5,0.7,2.1
2015-10-25,UAX,NO,1,18.0,9.055555555555555,9.097331361915797,1.0,3.25,6.0,10.5,38.0
2015-10-25,UAX,NO2,1,18.0,28.27777777777778,8.216236118059925,16.0,21.0,28.0,34.0,44.0
2015-10-25,UAX,NOX,1,18.0,36.166666666666664,15.08505298397761,18.0,27.5,31.5,40.75,81.0
2015-10-25,UAX,O3,1,151.0,21.00662251655629,18.782082486150365,0.0,6.0,15.0,30.0,92.0
2015-10-25,UAX,PM2.5,2,158.0,12.367088607594937,9.650817219203153,1.0,4.0,11.0,18.75,44.0
2015-10-25,UAX,SO2,1,151.0,1.3708609271523178,1.6677965265172894,0.0,0.0,1.0,2.0,9.0
2015-10-25,UIZ,CO,15,152.0,0.822368421052632,0.5578099760019465,0.1,0.5,0.6,1.0,3.1
2015-10-25,UIZ,NO,1,152.0,21.57236842105263,30.42950859000077,0.0,3.0,8.0,24.5,155.0
2015-10-25,UIZ,NO2,1,152.0,27.611842105263158,18.278221159883316,4.0,14.75,24.0,34.0,96.0
2015-10-25,UIZ,NOX,1,152.0,49.18421052631579,40.834737363322716,4.0,19.75,32.0,67.5,178.0
2015-10-25,UIZ,O3,1,152.0,18.592105263157894,17.102865746142314,1.0,4.5,13.0,28.25,78.0
2015-10-25,UIZ,PM10,2,160.0,34.225,21.876712870944203,2.0,18.0,31.5,45.0,110.0
2015-10-25,UIZ,PM2.5,2,160.0,17.9125,13.593555400544515,1.0,7.0,16.0,24.0,65.0
2015-10-25,UIZ,PMCO,2,160.0,16.29375,9.995342862094212,1.0,9.0,15.0,22.0,45.0
2015-10-25,UIZ,SO2,1,152.0,2.5526315789473686,2.189043982822471,0.0,1.0,2.0,3.0,13.0
2015-10-25,VIF,CO,15,0.0,,,,,,,
2015-10-25,VIF,NO,1,0.0,,,,,,,
2015-10-25,VIF,NO2,1,0.0,,,,,,,
2015-10-25,VIF,NOX,1,0.0,,,,,,,
2015-10-25,VIF,O3,1,0.0,,,,,,,
2015-10-25,VIF,PM10,2,0.0,,,,,,,
2015-10-25,VIF,SO2,1,0.0,,,,,,,
2015-10-25,XAL,CO,15,148.0,1.0527027027027025,0.6480159091380752,0.4,0.7,0.8,1.1,3.8
2015-10-25,XAL,NO,1,43.0,42.30232558139535,53.14335280017487,5.0,12.5,19.0,44.0,215.0
2015-10-25,XAL,NO2,1,43.0,31.906976744186046,17.013739480740085,14.0,20.5,28.0,37.5,85.0
2015-10-25,XAL,NOX,1,43.0,74.34883720930233,63.97018789320472,20.0,30.5,48.0,88.0,279.0
2015-10-25,XAL,O3,1,152.0,14.822368421052632,12.989604592366007,1.0,3.0,11.5,24.0,50.0
2015-10-25,XAL,PM10,2,161.0,54.11180124223603,33.29038783733599,3.0,32.0,47.0,64.0,168.0
2015-10-25,XAL,PM2.5,2,161.0,20.204968944099377,14.105459055106271,1.0,11.0,16.0,27.0,63.0
2015-10-25,XAL,PMCO,2,161.0,33.95652173913044,21.79000568669239,2.0,21.0,28.0,40.0,108.0
2015-10-25,XAL,SO2,1,152.0,4.046052631578948,4.007177031128143,0.0,2.0,2.0,4.25,22.0
2015-11-01,ACO,CO,15,0.0,,,,,,,
2015-11-01,ACO,NO,1,0.0,,,,,,,
2015-11-01,ACO,NO2,1,0.0,,,,,,,
2015-11-01,ACO,NOX,1,0.0,,,,,,,
2015-11-01,ACO,O3,1,0.0,,,,,,,
2015-11-01,ACO,PM10,2,0.0,,,,,,,
2015-11-01,ACO,SO2,1,0.0,,,,,,,
2015-11-01,AJM,CO,15,158.0,0.8898734177215195,0.3423764593628256,0.4,0.7,0.8,1.0750000000000002,1.9
2015-11-01,AJM,NO,1,158.0,11.835443037974683,12.485334459038718,0.0,3.0,7.0,16.5,60.0
2015-11-01,AJM,NO2,1,158.0,21.930379746835442,13.810416584024564,3.0,14.0,19.0,28.0,69.0
2015-11-01,AJM,NOX,1,158.0,33.721518987341774,21.373199903409464,4.0,17.25,29.0,47.0,94.0
2015-11-01,AJM,O3,1,158.0,22.632911392405063,22.988602667763487,3.0,8.0,16.0,27.0,132.0
2015-11-01,AJM,PM10,2,161.0,29.633540372670808,26.348076172890174,2.0,12.0,21.0,36.0,120.0
2015-11-01,AJM,PM2.5,2,161.0,21.099378881987576,20.58767986228175,1.0,7.0,15.0,26.0,91.0
2015-11-01,AJM,PMCO,2,161.0,8.565217391304348,6.331254426154085,1.0,4.0,7.0,10.0,34.0
2015-11-01,AJM,SO2,1,158.0,3.3797468354430378,4.7999569994580265,1.0,2.0,2.0,2.75,31.0
2015-11-01,AJU,O3,1,158.0,20.753164556962027,13.21439415379038,3.0,11.0,19.0,26.0,85.0
2015-11-01,ATI,CO,15,0.0,,,,,,,
2015-11-01,ATI,NO,1,0.0,,,,,,,
2015-11-01,ATI,NO2,1,0.0,,,,,,,
2015-11-01,ATI,NOX,1,0.0,,,,,,,
2015-11-01,ATI,O3,1,0.0,,,,,,,
2015-11-01,ATI,PM10,2,0.0,,,,,,,
2015-11-01,ATI,SO2,1,0.0,,,,,,,
2015-11-01,BJU,CO,15,157.0,1.0656050955414018,0.5382442224964351,0.3,0.7,0.9,1.4,2.7
2015-11-01,BJU,O3,1,157.0,15.140127388535031,24.134627373241262,1.0,1.0,5.0,17.0,117.0
2015-11-01,BJU,PM10,2,154.0,37.53896103896104,28.264422107721213,5.0,17.0,30.0,43.75,123.0
2015-11-01,BJU,PM2.5,2,154.0,25.83116883116883,22.668052205290316,1.0,8.25,19.5,33.75,91.0
2015-11-01,BJU,PMCO,2,154.0,11.75974025974026,7.109834112591137,2.0,7.0,10.0,13.0,37.0
2015-11-01,BJU,SO2,1,157.0,4.159235668789809,8.759251193072112,0.0,1.0,1.0,2.0,48.0
2015-11-01,CAM,CO,15,156.0,1.3634615384615385,0.6359231581152675,0.4,0.9,1.3,1.8,3.2
2015-11-01,CAM,NO,1,156.0,50.794871794871796,44.260332192493884,2.0,13.0,40.0,79.5,199.0
2015-11-01,CAM,NO2,1,156.0,34.083333333333336,16.779387636691805,9.0,22.0,29.0,47.0,83.0
2015-11-01,CAM,NOX,1,156.0,84.89102564102564,50.80901288067913,14.0,43.25,73.0,121.25,224.0
2015-11-01,CAM,O3,1,158.0,12.462025316455696,22.636601913503657,0.0,1.0,2.0,14.75,100.0
2015-11-01,CAM,PM10,2,112.0,43.160714285714285,27.63421093318233,8.0,19.0,38.5,55.0,126.0
2015-11-01,CAM,PM2.5,2,112.0,30.196428571428573,23.20913119687532,1.0,12.0,23.5,40.75,105.0
2015-11-01,CAM,PMCO,2,112.0,13.053571428571429,6.700597372473975,2.0,8.0,12.0,17.25,33.0
2015-11-01,CAM,SO2,1,158.0,5.993670886075949,8.829955410613028,1.0,2.0,3.0,5.0,46.0
2015-11-01,CCA,CO,15,158.0,0.9911392405063296,0.4952487307700603,0.2,0.6,0.8500000000000001,1.3,2.6
2015-11-01,CCA,NO,1,158.0,29.39873417721519,29.80722348082584,1.0,7.0,19.5,42.75,154.0
2015-11-01,CCA,NO2,1,158.0,26.70886075949367,16.428305461912846,3.0,17.0,21.5,31.75,91.0
2015-11-01,CCA,NOX,1,158.0,56.050632911392405,37.01089484430887,4.0,28.0,43.5,79.5,178.0
2015-11-01,CCA,O3,1,158.0,14.569620253164556,23.31516744473204,0.0,1.0,5.0,18.0,118.0
2015-11-01,CCA,PM2.5,2,113.0,17.13274336283186,18.24070429834387,1.0,5.0,10.0,22.0,74.0
2015-11-01,CCA,SO2,1,158.0,5.227848101265823,8.374893275621687,2.0,2.0,3.0,4.0,53.0
2015-11-01,CHO,CO,15,158.0,0.6835443037974687,0.3937183123625817,0.2,0.4,0.5,0.9,2.3
2015-11-01,CHO,NO,1,0.0,,,,,,,
2015-11-01,CHO,NO2,1,0.0,,,,,,,
2015-11-01,CHO,NOX,1,0.0,,,,,,,
2015-11-01,CHO,O3,1,157.0,15.968152866242038,12.111353214832386,1.0,5.0,14.0,23.0,57.0
2015-11-01,CHO,PM10,2,160.0,22.3875,15.43865421677541,1.0,12.0,20.0,30.0,72.0
2015-11-01,CHO,SO2,1,158.0,1.7341772151898733,1.8560204037389694,1.0,1.0,1.0,2.0,17.0
2015-11-01,COY,NO,1,158.0,28.670886075949365,27.312637479541397,1.0,5.25,20.0,44.75,106.0
2015-11-01,COY,NO2,1,158.0,28.60126582278481,17.971293412621097,6.0,18.25,22.5,37.75,99.0
2015-11-01,COY,NOX,1,158.0,57.37341772151899,38.191352637347876,9.0,26.25,51.5,77.5,184.0
2015-11-01,COY,O3,1,158.0,18.70886075949367,24.13135597866443,4.0,4.0,9.0,21.75,127.0
2015-11-01,COY,PM2.5,2,161.0,24.304347826086957,22.57765584550931,1.0,7.0,19.0,30.0,93.0
2015-11-01,CUA,CO,15,158.0,0.7145569620253164,0.3588420778867072,0.2,0.4,0.7,0.9,2.2
2015-11-01,CUA,NO,1,158.0,20.455696202531644,22.484982939563682,1.0,6.0,12.0,27.0,140.0
2015-11-01,CUA,NO2,1,158.0,22.670886075949365,12.819393666899323,3.0,14.0,20.0,28.0,69.0
2015-11-01,CUA,NOX,1,158.0,43.120253164556964,29.197407963424297,4.0,22.25,37.0,54.0,166.0
2015-11-01,CUA,O3,1,158.0,18.810126582278482,21.978898942166996,2.0,5.0,11.5,20.75,111.0
2015-11-01,CUA,PM10,2,158.0,24.936708860759495,20.2684793544422,1.0,12.0,19.0,31.5,97.0
2015-11-01,CUA,SO2,1,0.0,,,,,,,
2015-11-01,CUT,NO,1,0.0,,,,,,,
2015-11-01,CUT,NO2,1,0.0,,,,,,,
2015-11-01,CUT,NOX,1,0.0,,,,,,,
2015-11-01,CUT,O3,1,158.0,12.70253164556962,17.196692577009227,1.0,1.0,4.0,18.75,72.0
2015-11-01,CUT,PM10,2,161.0,46.92546583850932,35.90692008426632,1.0,20.0,40.0,62.0,217.0
2015-11-01,CUT,SO2,1,158.0,8.930379746835444,17.12863177858833,2.0,2.0,3.0,4.0,122.0
2015-11-01,FAC,CO,15,157.0,1.1980891719745215,0.7707365223402751,0.1,0.6,1.0,1.5,3.4
2015-11-01,FAC,NO,1,157.0,51.12738853503185,49.13282965785521,1.0,12.0,35.0,78.0,228.0
2015-11-01,FAC,NO2,1,157.0,27.878980891719745,14.964637940770583,5.0,17.0,23.0,39.0,71.0
2015-11-01,FAC,NOX,1,157.0,79.01273885350318,52.9066651878263,12.0,40.0,66.0,100.0,250.0
2015-11-01,FAC,O3,1,157.0,15.885350318471337,23.420341846698864,2.0,3.0,6.0,18.0,108.0
2015-11-01,FAC,PM10,2,157.0,33.681528662420384,28.72773122329633,1.0,11.0,26.0,47.0,140.0
2015-11-01,FAC,SO2,1,157.0,7.1210191082802545,12.90167466692485,1.0,2.0,3.0,4.0,64.0
2015-11-01,HGM,CO,15,115.0,1.271304347826087,0.5459203105831897,0.4,0.8,1.3,1.7,2.5
2015-11-01,HGM,NO,1,158.0,33.49367088607595,30.910132083503886,2.0,9.0,23.0,50.75,153.0
2015-11-01,HGM,NO2,1,158.0,33.936708860759495,18.296455938990942,7.0,21.0,29.0,41.75,93.0
2015-11-01,HGM,NOX,1,158.0,67.50632911392405,39.26096695913326,14.0,34.25,56.0,93.75,198.0
2015-11-01,HGM,O3,1,158.0,14.531645569620252,22.61662510262782,1.0,2.0,4.5,17.5,102.0
2015-11-01,HGM,PM10,2,89.0,25.48314606741573,18.124012424223885,5.0,12.0,23.0,29.0,96.0
2015-11-01,HGM,PM2.5,2,89.0,15.865168539325843,14.945500243487666,1.0,7.0,13.0,19.0,81.0
2015-11-01,HGM,PMCO,2,89.0,9.606741573033707,4.643220809876994,2.0,7.0,9.0,11.0,29.0
2015-11-01,HGM,SO2,1,158.0,6.151898734177215,10.056006992172533,1.0,2.0,3.0,4.0,57.0
2015-11-01,INN,CO,15,143.0,0.35314685314685307,0.15780367362340353,0.1,0.25,0.3,0.4,0.9
2015-11-01,INN,O3,1,142.0,18.760563380281692,10.01058275307877,3.0,11.0,19.0,25.0,52.0
2015-11-01,INN,PM10,2,91.0,12.406593406593407,9.420990773536898,3.0,7.0,9.0,14.0,62.0
2015-11-01,INN,PM2.5,2,91.0,9.54945054945055,8.051588851157454,1.0,5.0,7.0,11.0,51.0
2015-11-01,INN,PMCO,2,91.0,2.934065934065934,1.9933344359093808,1.0,2.0,2.0,4.0,12.0
2015-11-01,INN,SO2,1,144.0,0.4166666666666667,0.6423296759355068,0.0,0.0,0.0,1.0,4.0
2015-11-01,IZT,CO,15,154.0,1.307142857142856,0.6444440419844842,0.2,0.8,1.1,1.8,2.7
2015-11-01,IZT,NO,1,0.0,,,,,,,
2015-11-01,IZT,NO2,1,0.0,,,,,,,
2015-11-01,IZT,NOX,1,0.0,,,,,,,
2015-11-01,IZT,O3,1,154.0,14.915584415584416,23.065961481542256,1.0,2.0,5.0,16.75,110.0
2015-11-01,IZT,PM10,2,159.0,30.050314465408807,21.372168919668987,1.0,14.0,24.0,38.5,99.0
2015-11-01,IZT,SO2,1,154.0,5.025974025974026,7.9145337080787375,1.0,2.0,3.0,4.0,49.0
2015-11-01,LLA,CO,15,0.0,,,,,,,
2015-11-01,LLA,NO,1,0.0,,,,,,,
2015-11-01,LLA,NO2,1,0.0,,,,,,,
2015-11-01,LLA,NOX,1,0.0,,,,,,,
2015-11-01,LLA,O3,1,158.0,14.987341772151899,20.546355029316718,0.0,1.0,7.0,18.0,92.0
2015-11-01,LLA,SO2,1,158.0,5.025316455696203,9.446429155218853,0.0,1.0,2.0,3.0,55.0
2015-11-01,LPR,CO,15,158.0,0.879746835443038,0.5734863204151402,0.1,0.5,0.7,1.175,3.0
2015-11-01,LPR,NO,1,0.0,,,,,,,
2015-11-01,LPR,NO2,1,0.0,,,,,,,
2015-11-01,LPR,NOX,1,0.0,,,,,,,
2015-11-01,LPR,O3,1,158.0,12.518987341772151,17.461047282920898,1.0,2.0,6.0,14.0,82.0
2015-11-01,LPR,SO2,1,92.0,5.804347826086956,6.262112009756974,1.0,2.0,3.0,8.25,35.0
2015-11-01,MER,CO,15,155.0,1.183870967741935,0.6325052097693907,0.3,0.7,1.1,1.55,2.8
2015-11-01,MER,NO,1,155.0,43.87096774193548,36.01329294216114,3.0,12.0,32.0,66.5,158.0
2015-11-01,MER,NO2,1,155.0,35.42580645161291,18.86691200656839,8.0,21.0,31.0,46.0,95.0
2015-11-01,MER,NOX,1,155.0,79.30967741935484,46.68415117226067,15.0,42.0,68.0,107.5,207.0
2015-11-01,MER,O3,1,155.0,12.251612903225807,20.130932955711828,1.0,1.0,4.0,14.5,95.0
2015-11-01,MER,PM10,2,153.0,48.294117647058826,34.746617092615004,4.0,20.0,41.0,61.0,175.0
2015-11-01,MER,PM2.5,2,153.0,28.30718954248366,24.085724382360755,1.0,9.0,24.0,38.0,119.0
2015-11-01,MER,PMCO,2,153.0,19.915032679738562,12.226991126417971,3.0,12.0,16.0,26.0,67.0
2015-11-01,MER,SO2,1,155.0,5.232258064516129,7.294206342484183,1.0,2.0,3.0,5.0,41.0
2015-11-01,MGH,CO,15,158.0,1.2360759493670894,0.48966625244235507,0.4,0.9,1.15,1.5,2.8
2015-11-01,MGH,NO,1,158.0,49.70886075949367,40.6489247117624,1.0,18.0,37.0,73.75,209.0
2015-11-01,MGH,NO2,1,158.0,31.974683544303797,17.515761552540607,8.0,21.0,26.0,39.0,92.0
2015-11-01,MGH,NOX,1,158.0,81.67088607594937,44.98866708504322,16.0,43.0,74.5,112.75,236.0
2015-11-01,MGH,O3,1,158.0,13.012658227848101,23.608264595688247,0.0,1.0,3.0,13.0,112.0
2015-11-01,MGH,PM10,2,161.0,37.484472049689444,25.643982137643462,4.0,20.0,30.0,48.0,115.0
2015-11-01,MGH,PM2.5,2,161.0,27.614906832298136,21.98836684243547,1.0,13.0,20.0,38.0,92.0
2015-11-01,MGH,PMCO,2,161.0,9.84472049689441,5.314554315992994,1.0,6.0,9.0,12.0,26.0
2015-11-01,MGH,SO2,1,158.0,4.1265822784810124,8.523279606533464,0.0,1.0,1.0,2.0,43.0
2015-11-01,MON,CO,15,106.0,0.34056603773584926,0.28377667338840423,0.0,0.1,0.2,0.5,1.2
2015-11-01,MON,NO,1,106.0,11.38679245283019,18.78326040703313,0.0,1.0,3.0,11.0,106.0
2015-11-01,MON,NO2,1,106.0,12.943396226415095,7.579207382455722,3.0,8.0,12.0,17.0,47.0
2015-11-01,MON,NOX,1,106.0,24.330188679245282,21.660023171122994,3.0,9.25,15.5,31.75,119.0
2015-11-01,MON,O3,1,106.0,18.669811320754718,16.121397610518823,1.0,5.25,16.0,27.75,75.0
2015-11-01,MON,SO2,1,0.0,,,,,,,
2015-11-01,NEZ,CO,15,155.0,0.7883870967741938,0.5105325509178743,0.1,0.4,0.7,1.0,2.6
2015-11-01,NEZ,NO,1,155.0,17.47741935483871,20.360177417347245,0.0,4.0,9.0,24.5,103.0
2015-11-01,NEZ,NO2,1,155.0,26.232258064516127,14.121835057368273,7.0,17.0,23.0,33.0,97.0
2015-11-01,NEZ,NOX,1,155.0,43.70322580645161,30.002634991109026,9.0,22.0,35.0,57.0,170.0
2015-11-01,NEZ,O3,1,155.0,18.06451612903226,22.475290160169877,1.0,3.0,11.0,23.0,116.0
2015-11-01,NEZ,PM2.5,2,156.0,15.314102564102564,13.514056952612156,1.0,7.0,10.0,22.0,77.0
2015-11-01,NEZ,SO2,1,155.0,3.270967741935484,5.78658286600878,1.0,1.0,2.0,3.0,38.0
2015-11-01,PED,CO,15,158.0,0.7601265822784811,0.44620692600803963,0.1,0.4,0.7,1.0,2.2
2015-11-01,PED,NO,1,158.0,21.670886075949365,22.523997970169226,1.0,4.0,13.0,33.75,105.0
2015-11-01,PED,NO2,1,158.0,23.468354430379748,13.969334425133589,3.0,14.0,20.0,28.75,74.0
2015-11-01,PED,NOX,1,158.0,45.13291139240506,30.1719286650339,5.0,23.0,38.0,64.0,157.0
2015-11-01,PED,O3,1,158.0,16.569620253164558,24.4348521814387,1.0,1.0,5.0,21.0,121.0
2015-11-01,PED,PM10,2,158.0,33.265822784810126,29.0600997542396,2.0,14.25,24.0,42.75,126.0
2015-11-01,PED,PM2.5,2,158.0,20.481012658227847,20.612506721961218,1.0,6.0,14.0,27.75,87.0
2015-11-01,PED,PMCO,2,158.0,12.772151898734178,9.68148718255371,1.0,6.0,10.0,16.0,44.0
2015-11-01,PED,SO2,1,158.0,4.860759493670886,7.770160426276194,1.0,2.0,2.0,3.0,48.0
2015-11-01,SAG,CO,15,155.0,0.9735483870967737,0.5177470449105575,0.2,0.6,0.9,1.2,3.1
2015-11-01,SAG,NO,1,155.0,23.780645161290323,27.06084317509892,0.0,8.0,16.0,27.0,175.0
2015-11-01,SAG,NO2,1,155.0,24.096774193548388,13.745730951707595,9.0,14.5,21.0,28.0,84.0
2015-11-01,SAG,NOX,1,155.0,47.87096774193548,32.56436377420005,11.0,26.0,38.0,58.0,202.0
2015-11-01,SAG,O3,1,155.0,16.141935483870967,21.115464484245226,1.0,3.0,9.0,18.5,100.0
2015-11-01,SAG,PM10,2,152.0,37.18421052631579,28.067426160820908,3.0,17.75,29.5,46.25,157.0
2015-11-01,SAG,PM2.5,2,152.0,23.355263157894736,19.86057624219426,1.0,10.0,17.5,31.25,103.0
2015-11-01,SAG,PMCO,2,152.0,13.881578947368421,9.398417656396056,2.0,7.75,12.0,17.0,54.0
2015-11-01,SAG,SO2,1,155.0,4.651612903225806,7.559799307089362,0.0,1.0,2.0,4.5,49.0
2015-11-01,SFE,CO,15,0.0,,,,,,,
2015-11-01,SFE,NO,1,0.0,,,,,,,
2015-11-01,SFE,NO2,1,0.0,,,,,,,
2015-11-01,SFE,NOX,1,0.0,,,,,,,
2015-11-01,SFE,O3,1,0.0,,,,,,,
2015-11-01,SFE,PM10,2,0.0,,,,,,,
2015-11-01,SFE,PM2.5,2,0.0,,,,,,,
2015-11-01,SFE,PMCO,2,0.0,,,,,,,
2015-11-01,SFE,SO2,1,0.0,,,,,,,
2015-11-01,SJA,CO,15,0.0,,,,,,,
2015-11-01,SJA,NO,1,0.0,,,,,,,
2015-11-01,SJA,NO2,1,0.0,,,,,,,
2015-11-01,SJA,NOX,1,0.0,,,,,,,
2015-11-01,SJA,O3,1,0.0,,,,,,,
2015-11-01,SJA,PM2.5,2,0.0,,,,,,,
2015-11-01,SJA,SO2,1,0.0,,,,,,,
2015-11-01,TAH,CO,15,0.0,,,,,,,
2015-11-01,TAH,NO,1,0.0,,,,,,,
2015-11-01,TAH,NO2,1,0.0,,,,,,,
2015-11-01,TAH,NOX,1,0.0,,,,,,,
2015-11-01,TAH,O3,1,0.0,,,,,,,
2015-11-01,TAH,PM10,2,0.0,,,,,,,
2015-11-01,TAH,SO2,1,0.0,,,,,,,
2015-11-01,TLA,CO,15,157.0,1.2987261146496816,0.6017056164478908,0.4,0.9,1.2,1.6,3.3
2015-11-01,TLA,NO,1,156.0,45.07051282051282,40.10069779450585,3.0,14.75,31.5,62.5,190.0
2015-11-01,TLA,NO2,1,156.0,33.8974358974359,16.904734777543545,8.0,22.75,28.5,46.0,81.0
2015-11-01,TLA,NOX,1,156.0,78.98076923076923,46.32082666177571,17.0,45.75,68.5,101.25,226.0
2015-11-01,TLA,O3,1,157.0,13.78343949044586,20.640176924597508,1.0,2.0,4.0,17.0,100.0
2015-11-01,TLA,PM10,2,155.0,59.729032258064514,33.5023375182578,5.0,34.0,53.0,77.5,146.0
2015-11-01,TLA,PM2.5,2,155.0,32.33548387096774,20.894688761337886,1.0,17.0,30.0,44.5,89.0
2015-11-01,TLA,PMCO,2,155.0,27.34193548387097,15.844798691691425,4.0,16.0,23.0,34.0,84.0
2015-11-01,TLA,SO2,1,157.0,8.528662420382165,12.347303510023664,1.0,2.0,4.0,6.0,70.0
2015-11-01,TLI,CO,15,0.0,,,,,,,
2015-11-01,TLI,NO,1,0.0,,,,,,,
2015-11-01,TLI,NO2,1,0.0,,,,,,,
2015-11-01,TLI,NOX,1,0.0,,,,,,,
2015-11-01,TLI,O3,1,0.0,,,,,,,
2015-11-01,TLI,PM10,2,0.0,,,,,,,
2015-11-01,TLI,SO2,1,0.0,,,,,,,
2015-11-01,UAX,CO,15,158.0,0.7575949367088615,0.4807497202052066,0.2,0.4,0.7,1.0,2.6
2015-11-01,UAX,NO,1,66.0,8.606060606060606,11.961320724451523,0.0,1.25,3.0,9.5,53.0
2015-11-01,UAX,NO2,1,66.0,13.06060606060606,7.7158753187653275,3.0,7.25,12.0,15.0,31.0
2015-11-01,UAX,NOX,1,66.0,21.651515151515152,15.68388925886632,6.0,9.0,15.5,33.5,63.0
2015-11-01,UAX,O3,1,158.0,18.50632911392405,23.11608666863588,0.0,2.0,12.0,21.75,120.0
2015-11-01,UAX,PM2.5,2,160.0,16.9875,17.413212470806723,1.0,5.0,12.0,22.25,87.0
2015-11-01,UAX,SO2,1,158.0,1.6772151898734178,3.7044799652948597,0.0,0.0,1.0,1.0,25.0
2015-11-01,UIZ,CO,15,156.0,0.8955128205128213,0.5388569681210766,0.2,0.5,0.7,1.2,2.9
2015-11-01,UIZ,NO,1,156.0,19.19871794871795,23.41530237777242,0.0,4.0,8.0,26.0,104.0
2015-11-01,UIZ,NO2,1,156.0,26.974358974358974,16.32451104556451,5.0,15.0,23.0,36.0,99.0
2015-11-01,UIZ,NOX,1,156.0,46.1025641025641,34.78953856237476,6.0,20.0,34.5,62.0,183.0
2015-11-01,UIZ,O3,1,156.0,17.737179487179485,22.84283248339292,2.0,3.0,10.0,21.0,120.0
2015-11-01,UIZ,PM10,2,154.0,37.68181818181818,27.46660587882445,2.0,16.25,31.0,51.75,143.0
2015-11-01,UIZ,PM2.5,2,154.0,24.48701298701299,19.893256653964016,1.0,9.0,20.0,35.75,93.0
2015-11-01,UIZ,PMCO,2,154.0,13.14935064935065,8.581620782921044,1.0,7.0,11.0,17.0,50.0
2015-11-01,UIZ,SO2,1,23.0,11.173913043478262,9.063674620619304,2.0,3.5,7.0,16.5,29.0
2015-11-01,VIF,CO,15,0.0,,,,,,,
2015-11-01,VIF,NO,1,0.0,,,,,,,
2015-11-01,VIF,NO2,1,0.0,,,,,,,
2015-11-01,VIF,NOX,1,0.0,,,,,,,
2015-11-01,VIF,O3,1,0.0,,,,,,,
2015-11-01,VIF,PM10,2,0.0,,,,,,,
2015-11-01,VIF,SO2,1,0.0,,,,,,,
2015-11-01,XAL,CO,15,158.0,1.4113924050632916,0.6468911133671683,0.5,0.9,1.25,1.775,3.5
2015-11-01,XAL,NO,1,0.0,,,,,,,
2015-11-01,XAL,NO2,1,0.0,,,,,,,
2015-11-01,XAL,NOX,1,0.0,,,,,,,
2015-11-01,XAL,O3,1,158.0,12.89240506329114,17.61968551778683,1.0,2.0,6.0,15.0,79.0
2015-11-01,XAL,PM10,2,158.0,64.34810126582279,37.835030311403735,13.0,36.0,53.0,81.75,171.0
2015-11-01,XAL,PM2.5,2,158.0,34.0253164556962,23.786456931176353,3.0,15.0,30.0,46.0,102.0
2015-11-01,XAL,PMCO,2,158.0,30.29113924050633,16.850902486734395,7.0,17.25,24.5,42.0,82.0
2015-11-01,XAL,SO2,1,158.0,5.981012658227848,6.323015807689977,1.0,2.0,4.0,7.0,46.0
2015-11-08,ACO,CO,15,0.0,,,,,,,
2015-11-08,ACO,NO,1,0.0,,,,,,,
2015-11-08,ACO,NO2,1,0.0,,,,,,,
2015-11-08,ACO,NOX,1,0.0,,,,,,,
2015-11-08,ACO,O3,1,0.0,,,,,,,
2015-11-08,ACO,PM10,2,0.0,,,,,,,
2015-11-08,ACO,SO2,1,0.0,,,,,,,
2015-11-08,AJM,CO,15,157.0,0.5350318471337577,0.18287807415023702,0.2,0.4,0.5,0.6,1.2
2015-11-08,AJM,NO,1,157.0,6.942675159235669,8.919326493931052,0.0,2.0,3.0,8.0,46.0
2015-11-08,AJM,NO2,1,157.0,17.910828025477706,7.623660703042019,3.0,13.0,17.0,23.0,42.0
2015-11-08,AJM,NOX,1,157.0,24.84713375796178,14.133142357092435,5.0,15.0,22.0,31.0,70.0
2015-11-08,AJM,O3,1,157.0,27.872611464968152,23.232858614870995,3.0,12.0,19.0,37.0,119.0
2015-11-08,AJM,PM10,2,158.0,27.17721518987342,14.277289876169613,5.0,16.0,24.5,36.0,80.0
2015-11-08,AJM,PM2.5,2,158.0,16.60759493670886,9.461847924869115,1.0,9.0,15.0,21.75,54.0
2015-11-08,AJM,PMCO,2,158.0,10.575949367088608,6.048945061257201,2.0,6.0,9.0,14.0,25.0
2015-11-08,AJM,SO2,1,157.0,6.43312101910828,6.420394074244495,1.0,2.0,4.0,8.0,36.0
2015-11-08,AJU,O3,1,158.0,26.89240506329114,25.621842155721602,1.0,8.25,18.0,37.5,104.0
2015-11-08,ATI,CO,15,0.0,,,,,,,
2015-11-08,ATI,NO,1,0.0,,,,,,,
2015-11-08,ATI,NO2,1,0.0,,,,,,,
2015-11-08,ATI,NOX,1,0.0,,,,,,,
2015-11-08,ATI,O3,1,0.0,,,,,,,
2015-11-08,ATI,PM10,2,0.0,,,,,,,
2015-11-08,ATI,SO2,1,0.0,,,,,,,
2015-11-08,BJU,CO,15,158.0,0.6962025316455706,0.3634383004171553,0.2,0.4,0.6,0.875,1.9
2015-11-08,BJU,O3,1,158.0,20.82278481012658,23.88228002519454,1.0,3.0,10.5,28.75,109.0
2015-11-08,BJU,PM10,2,160.0,36.9875,23.703617402991924,6.0,21.0,31.5,45.0,138.0
2015-11-08,BJU,PM2.5,2,160.0,22.83125,17.695617150927543,2.0,13.0,18.5,27.0,106.0
2015-11-08,BJU,PMCO,2,160.0,14.19375,8.217558188331635,3.0,7.0,12.0,19.0,36.0
2015-11-08,BJU,SO2,1,158.0,6.246835443037975,7.098655752230291,0.0,1.0,3.5,9.0,31.0
2015-11-08,CAM,CO,15,158.0,0.8107594936708866,0.470206004865109,0.2,0.5,0.7,1.0,2.5
2015-11-08,CAM,NO,1,158.0,28.18354430379747,33.23528142361581,2.0,7.25,14.0,34.75,154.0
2015-11-08,CAM,NO2,1,158.0,29.18354430379747,12.812632404831444,6.0,20.25,26.0,35.75,73.0
2015-11-08,CAM,NOX,1,158.0,57.360759493670884,39.713338796938075,11.0,29.0,44.5,72.75,186.0
2015-11-08,CAM,O3,1,158.0,17.240506329113924,21.23134036641909,0.0,1.0,8.0,25.0,91.0
2015-11-08,CAM,PM10,2,157.0,43.29299363057325,25.73515532937157,4.0,27.0,39.0,55.0,160.0
2015-11-08,CAM,PM2.5,2,157.0,23.904458598726116,16.951583936086482,1.0,13.0,23.0,31.0,103.0
2015-11-08,CAM,PMCO,2,157.0,19.32484076433121,12.173013743370062,3.0,10.0,17.0,26.0,72.0
2015-11-08,CAM,SO2,1,158.0,8.531645569620252,10.597242091695934,0.0,2.0,4.0,12.0,59.0
2015-11-08,CCA,CO,15,154.0,0.6629870129870139,0.29966240235603553,0.3,0.4,0.6,0.8,1.5
2015-11-08,CCA,NO,1,154.0,16.31168831168831,25.05589033078307,0.0,2.0,4.0,19.25,129.0
2015-11-08,CCA,NO2,1,154.0,22.40909090909091,10.261046103687882,5.0,15.0,20.0,27.75,66.0
2015-11-08,CCA,NOX,1,154.0,38.701298701298704,28.849197691663424,8.0,19.25,28.0,47.0,151.0
2015-11-08,CCA,O3,1,154.0,19.11038961038961,22.741100877667673,0.0,2.0,10.0,25.5,107.0
2015-11-08,CCA,PM2.5,2,156.0,15.673076923076923,11.494269799052026,1.0,9.0,13.0,20.0,77.0
2015-11-08,CCA,SO2,1,154.0,5.441558441558442,5.969406768115984,1.0,2.0,3.0,7.0,42.0
2015-11-08,CHO,CO,15,158.0,0.7487341772151896,0.4155783847318401,0.3,0.5,0.6,0.8,3.0
2015-11-08,CHO,NO,1,0.0,,,,,,,
2015-11-08,CHO,NO2,1,0.0,,,,,,,
2015-11-08,CHO,NOX,1,0.0,,,,,,,
2015-11-08,CHO,O3,1,135.0,25.11111111111111,25.660430850684996,1.0,2.0,17.0,44.0,99.0
2015-11-08,CHO,PM10,2,160.0,42.675,30.130230958458693,1.0,21.0,34.0,56.0,153.0
2015-11-08,CHO,SO2,1,158.0,2.392405063291139,2.4749327805012546,1.0,1.0,2.0,2.0,18.0
2015-11-08,COY,NO,1,158.0,18.835443037974684,23.107299081060415,0.0,5.0,8.0,22.75,107.0
2015-11-08,COY,NO2,1,158.0,25.9873417721519,11.144098059117988,3.0,19.0,25.0,32.0,72.0
2015-11-08,COY,NOX,1,158.0,44.85443037974684,28.22291293686069,5.0,25.0,36.0,56.75,136.0
2015-11-08,COY,O3,1,158.0,22.740506329113924,23.81943230129574,2.0,5.0,11.0,32.0,108.0
2015-11-08,COY,PM2.5,2,161.0,21.645962732919255,17.72160049836364,1.0,12.0,17.0,28.0,103.0
2015-11-08,CUA,CO,15,158.0,0.5670886075949371,0.19400014379621833,0.3,0.4,0.5,0.6,1.5
2015-11-08,CUA,NO,1,158.0,13.974683544303797,18.72154294606574,1.0,4.0,6.0,15.75,126.0
2015-11-08,CUA,NO2,1,158.0,19.246835443037973,7.798159760756203,6.0,13.0,18.5,25.0,37.0
2015-11-08,CUA,NOX,1,158.0,33.22784810126582,23.434662860073633,7.0,18.0,28.0,39.0,162.0
2015-11-08,CUA,O3,1,158.0,25.32278481012658,22.13343120505297,2.0,8.0,19.5,32.75,120.0
2015-11-08,CUA,PM10,2,160.0,25.175,14.761223211232325,1.0,14.75,24.0,34.25,79.0
2015-11-08,CUA,SO2,1,0.0,,,,,,,
2015-11-08,CUT,NO,1,0.0,,,,,,,
2015-11-08,CUT,NO2,1,0.0,,,,,,,
2015-11-08,CUT,NOX,1,0.0,,,,,,,
2015-11-08,CUT,O3,1,153.0,16.705882352941178,18.28821965988416,1.0,2.0,9.0,26.0,72.0
2015-11-08,CUT,PM10,2,158.0,46.32911392405063,33.2263886834298,1.0,25.0,39.0,64.75,196.0
2015-11-08,CUT,SO2,1,153.0,12.928104575163399,20.17525339799238,2.0,3.0,4.0,11.0,143.0
2015-11-08,FAC,CO,15,158.0,0.6645569620253167,0.5701799860393943,0.1,0.3,0.5,0.8,3.6
2015-11-08,FAC,NO,1,158.0,25.075949367088608,42.246402523327646,0.0,5.0,9.0,24.75,250.0
2015-11-08,FAC,NO2,1,158.0,20.810126582278482,10.314266848439472,5.0,14.0,18.0,25.0,58.0
2015-11-08,FAC,NOX,1,158.0,45.86708860759494,45.178077152132914,5.0,20.0,28.0,52.5,274.0
2015-11-08,FAC,O3,1,158.0,22.544303797468356,21.600776978449733,2.0,5.0,16.0,35.75,105.0
2015-11-08,FAC,PM10,2,152.0,33.276315789473685,24.407738803277553,1.0,11.0,29.0,51.0,101.0
2015-11-08,FAC,SO2,1,158.0,9.10126582278481,11.824184367942884,1.0,2.0,5.0,11.0,100.0
2015-11-08,HGM,CO,15,0.0,,,,,,,
2015-11-08,HGM,NO,1,158.0,21.455696202531644,26.01435050726354,0.0,5.0,10.0,26.0,126.0
2015-11-08,HGM,NO2,1,158.0,28.00632911392405,12.086997190718893,5.0,21.0,26.0,34.0,70.0
2015-11-08,HGM,NOX,1,158.0,49.4873417721519,32.443726360422346,9.0,27.0,38.5,64.25,160.0
2015-11-08,HGM,O3,1,155.0,18.93548387096774,21.428733416508248,1.0,3.0,10.0,25.0,93.0
2015-11-08,HGM,PM10,2,161.0,36.41614906832298,23.401538145550177,5.0,21.0,31.0,46.0,136.0
2015-11-08,HGM,PM2.5,2,161.0,23.527950310559007,17.880178310003387,1.0,12.0,20.0,29.0,103.0
2015-11-08,HGM,PMCO,2,161.0,12.881987577639752,7.024402894541622,2.0,7.0,11.0,17.0,35.0
2015-11-08,HGM,SO2,1,158.0,9.613924050632912,9.697149547393476,1.0,3.0,5.0,12.75,54.0
2015-11-08,INN,CO,15,137.0,0.267153284671533,0.0858431273167162,0.1,0.2,0.3,0.3,0.5
2015-11-08,INN,O3,1,137.0,25.605839416058394,16.38523261975353,3.0,17.0,21.0,31.0,91.0
2015-11-08,INN,PM10,2,135.0,14.585185185185185,9.566253797552202,2.0,7.5,12.0,21.5,43.0
2015-11-08,INN,PM2.5,2,135.0,10.007407407407408,6.855106274469641,1.0,5.0,8.0,14.5,32.0
2015-11-08,INN,PMCO,2,135.0,4.54074074074074,3.6112654642352937,1.0,2.0,3.0,6.5,20.0
2015-11-08,INN,SO2,1,144.0,2.5416666666666665,3.571203789130004,0.0,1.0,1.0,3.0,28.0
2015-11-08,IZT,CO,15,158.0,0.7506329113924051,0.4378213048275478,0.3,0.5,0.6,0.9,2.8
2015-11-08,IZT,NO,1,0.0,,,,,,,
2015-11-08,IZT,NO2,1,0.0,,,,,,,
2015-11-08,IZT,NOX,1,0.0,,,,,,,
2015-11-08,IZT,O3,1,158.0,19.556962025316455,22.03254502760526,2.0,2.0,10.0,27.0,92.0
2015-11-08,IZT,PM10,2,161.0,31.91304347826087,20.116346370659553,1.0,18.0,29.0,39.0,115.0
2015-11-08,IZT,SO2,1,158.0,7.310126582278481,7.916685514659215,1.0,2.0,4.0,9.75,48.0
2015-11-08,LLA,CO,15,0.0,,,,,,,
2015-11-08,LLA,NO,1,0.0,,,,,,,
2015-11-08,LLA,NO2,1,0.0,,,,,,,
2015-11-08,LLA,NOX,1,0.0,,,,,,,
2015-11-08,LLA,O3,1,157.0,16.694267515923567,18.361631687026826,0.0,3.0,8.0,25.0,75.0
2015-11-08,LLA,SO2,1,157.0,8.605095541401274,10.168930787265593,1.0,2.0,4.0,11.0,51.0
2015-11-08,LPR,CO,15,158.0,0.6246835443037971,0.49011719758726785,0.0,0.3,0.5,0.8,3.3
2015-11-08,LPR,NO,1,0.0,,,,,,,
2015-11-08,LPR,NO2,1,0.0,,,,,,,
2015-11-08,LPR,NOX,1,0.0,,,,,,,
2015-11-08,LPR,O3,1,158.0,17.082278481012658,15.36517909213619,1.0,2.25,14.5,26.5,61.0
2015-11-08,LPR,SO2,1,0.0,,,,,,,
2015-11-08,MER,CO,15,158.0,0.8240506329113925,0.4385021377468011,0.3,0.5,0.7,1.0,2.6
2015-11-08,MER,NO,1,158.0,30.5126582278481,29.65228154007933,2.0,12.0,22.0,37.0,170.0
2015-11-08,MER,NO2,1,158.0,30.170886075949365,12.732521696977734,6.0,21.25,28.0,36.75,76.0
2015-11-08,MER,NOX,1,158.0,60.69620253164557,36.26489746345842,13.0,35.25,53.0,76.0,202.0
2015-11-08,MER,O3,1,158.0,16.20886075949367,19.76358802021328,1.0,2.0,8.0,21.75,84.0
2015-11-08,MER,PM10,2,156.0,51.72435897435897,29.900388112261254,6.0,29.0,48.0,62.0,156.0
2015-11-08,MER,PM2.5,2,156.0,28.21794871794872,19.922849540906828,1.0,15.0,24.0,35.0,95.0
2015-11-08,MER,PMCO,2,156.0,23.493589743589745,11.657752118224108,5.0,14.75,22.0,31.25,61.0
2015-11-08,MER,SO2,1,158.0,8.075949367088608,9.16274949959478,1.0,3.0,5.0,10.0,51.0
2015-11-08,MGH,CO,15,158.0,0.8999999999999988,0.345305182106798,0.5,0.7,0.8,1.0,2.4
2015-11-08,MGH,NO,1,158.0,28.696202531645568,37.75595601738545,3.0,7.0,12.5,32.0,199.0
2015-11-08,MGH,NO2,1,158.0,25.936708860759495,10.366336714100697,7.0,19.0,24.0,32.0,65.0
2015-11-08,MGH,NOX,1,158.0,54.59493670886076,41.07318898236028,13.0,28.0,40.5,71.75,228.0
2015-11-08,MGH,O3,1,158.0,18.727848101265824,22.0467507706614,0.0,2.0,9.5,24.5,108.0
2015-11-08,MGH,PM10,2,161.0,30.40993788819876,15.80327183279203,7.0,19.0,28.0,37.0,98.0
2015-11-08,MGH,PM2.5,2,161.0,20.875776397515526,12.066357033077107,2.0,12.0,19.0,26.0,66.0
2015-11-08,MGH,PMCO,2,161.0,9.521739130434783,5.2845138808145595,2.0,5.0,8.0,14.0,32.0
2015-11-08,MGH,SO2,1,158.0,6.879746835443038,8.041577937922256,0.0,2.0,3.0,9.0,35.0
2015-11-08,MON,CO,15,86.0,0.32093023255813974,0.2958999350216686,0.0,0.1,0.2,0.4,1.8
2015-11-08,MON,NO,1,86.0,15.94186046511628,27.697676543524608,1.0,1.0,2.0,18.75,158.0
2015-11-08,MON,NO2,1,86.0,10.732558139534884,5.5570292922931,2.0,6.0,11.0,14.75,24.0
2015-11-08,MON,NOX,1,86.0,26.651162790697676,30.33490222086859,3.0,7.25,13.0,32.0,173.0
2015-11-08,MON,O3,1,86.0,21.046511627906977,18.73964465526883,1.0,6.0,15.5,36.0,61.0
2015-11-08,MON,SO2,1,0.0,,,,,,,
2015-11-08,NEZ,CO,15,157.0,0.7222929936305739,0.3807210982203164,0.2,0.5,0.6,0.9,2.2
2015-11-08,NEZ,NO,1,157.0,15.070063694267516,18.070061175694807,0.0,4.0,8.0,19.0,105.0
2015-11-08,NEZ,NO2,1,157.0,22.89171974522293,10.066178213124866,7.0,17.0,21.0,27.0,69.0
2015-11-08,NEZ,NOX,1,157.0,37.97452229299363,24.221454000636466,10.0,21.0,30.0,50.0,142.0
2015-11-08,NEZ,O3,1,157.0,20.11464968152866,21.52874290781031,1.0,3.0,11.0,31.0,87.0
2015-11-08,NEZ,PM2.5,2,158.0,19.28481012658228,17.231688987958528,1.0,9.0,13.5,24.0,89.0
2015-11-08,NEZ,SO2,1,157.0,5.32484076433121,5.391370788666986,1.0,2.0,3.0,7.0,31.0
2015-11-08,PED,CO,15,154.0,0.4766233766233767,0.2797740002478209,0.1,0.3,0.4,0.6,1.3
2015-11-08,PED,NO,1,154.0,11.012987012987013,15.563064626284945,0.0,2.0,4.0,12.5,78.0
2015-11-08,PED,NO2,1,154.0,19.75974025974026,9.650124585064052,2.0,13.0,19.0,24.0,54.0
2015-11-08,PED,NOX,1,154.0,30.83116883116883,21.045796684897173,4.0,16.0,24.0,40.75,100.0
2015-11-08,PED,O3,1,154.0,21.558441558441558,23.276397485614627,1.0,6.0,13.0,27.0,112.0
2015-11-08,PED,PM10,2,68.0,24.735294117647058,17.065823092445658,2.0,11.75,21.0,35.25,72.0
2015-11-08,PED,PM2.5,2,68.0,14.661764705882353,12.418823332294236,1.0,5.0,12.5,21.0,52.0
2015-11-08,PED,PMCO,2,68.0,10.058823529411764,5.962275316812194,1.0,5.0,9.0,13.25,24.0
2015-11-08,PED,SO2,1,154.0,6.0064935064935066,6.918287552336946,1.0,2.0,3.0,7.0,47.0
2015-11-08,SAG,CO,15,156.0,0.7352564102564102,0.2976910039447135,0.3,0.5,0.7,0.9,1.7
2015-11-08,SAG,NO,1,156.0,18.243589743589745,19.66932171448786,1.0,6.0,9.5,22.0,87.0
2015-11-08,SAG,NO2,1,156.0,20.833333333333332,6.9522178715380685,7.0,16.0,20.5,25.25,39.0
2015-11-08,SAG,NOX,1,156.0,39.01923076923077,22.633253056522737,10.0,22.75,33.5,49.0,111.0
2015-11-08,SAG,O3,1,156.0,17.884615384615383,18.7980649444981,1.0,3.0,10.0,26.5,80.0
2015-11-08,SAG,PM10,2,153.0,40.294117647058826,21.0259496164987,4.0,25.0,38.0,50.0,98.0
2015-11-08,SAG,PM2.5,2,153.0,23.398692810457515,15.005849679235205,1.0,13.0,23.0,31.0,66.0
2015-11-08,SAG,PMCO,2,153.0,16.901960784313726,8.062881737908885,3.0,11.0,16.0,21.0,51.0
2015-11-08,SAG,SO2,1,153.0,7.392156862745098,8.728534040808222,0.0,2.0,4.0,9.0,48.0
2015-11-08,SFE,CO,15,0.0,,,,,,,
2015-11-08,SFE,NO,1,0.0,,,,,,,
2015-11-08,SFE,NO2,1,0.0,,,,,,,
2015-11-08,SFE,NOX,1,0.0,,,,,,,
2015-11-08,SFE,O3,1,0.0,,,,,,,
2015-11-08,SFE,PM10,2,0.0,,,,,,,
2015-11-08,SFE,PM2.5,2,0.0,,,,,,,
2015-11-08,SFE,PMCO,2,0.0,,,,,,,
2015-11-08,SFE,SO2,1,0.0,,,,,,,
2015-11-08,SJA,CO,15,0.0,,,,,,,
2015-11-08,SJA,NO,1,0.0,,,,,,,
2015-11-08,SJA,NO2,1,0.0,,,,,,,
2015-11-08,SJA,NOX,1,0.0,,,,,,,
2015-11-08,SJA,O3,1,0.0,,,,,,,
2015-11-08,SJA,PM2.5,2,0.0,,,,,,,
2015-11-08,SJA,SO2,1,0.0,,,,,,,
2015-11-08,TAH,CO,15,0.0,,,,,,,
2015-11-08,TAH,NO,1,0.0,,,,,,,
2015-11-08,TAH,NO2,1,0.0,,,,,,,
2015-11-08,TAH,NOX,1,0.0,,,,,,,
2015-11-08,TAH,O3,1,0.0,,,,,,,
2015-11-08,TAH,PM10,2,0.0,,,,,,,
2015-11-08,TAH,SO2,1,0.0,,,,,,,
2015-11-08,TLA,CO,15,157.0,0.8050955414012737,0.4252896717719475,0.3,0.5,0.7,1.0,2.6
2015-11-08,TLA,NO,1,111.0,24.07207207207207,30.07527275224667,2.0,8.0,14.0,25.0,202.0
2015-11-08,TLA,NO2,1,111.0,24.8018018018018,9.664198052436838,7.0,19.0,23.0,28.0,56.0
2015-11-08,TLA,NOX,1,111.0,49.0,33.935500317781994,12.0,29.0,38.0,63.0,232.0
2015-11-08,TLA,O3,1,137.0,18.065693430656935,19.89243293151283,0.0,3.0,9.0,29.0,91.0
2015-11-08,TLA,PM10,2,109.0,56.60550458715596,35.3246892855785,6.0,35.0,49.0,65.0,173.0
2015-11-08,TLA,PM2.5,2,109.0,27.238532110091743,18.28220095884033,1.0,13.0,25.0,36.0,81.0
2015-11-08,TLA,PMCO,2,109.0,29.293577981651374,19.298005439199223,5.0,15.0,25.0,35.0,96.0
2015-11-08,TLA,SO2,1,157.0,14.159235668789808,14.843417583760798,2.0,4.0,8.0,20.0,91.0
2015-11-08,TLI,CO,15,0.0,,,,,,,
2015-11-08,TLI,NO,1,0.0,,,,,,,
2015-11-08,TLI,NO2,1,0.0,,,,,,,
2015-11-08,TLI,NOX,1,0.0,,,,,,,
2015-11-08,TLI,O3,1,0.0,,,,,,,
2015-11-08,TLI,PM10,2,0.0,,,,,,,
2015-11-08,TLI,SO2,1,0.0,,,,,,,
2015-11-08,UAX,CO,15,158.0,0.6139240506329113,0.33774606117357625,0.2,0.325,0.5,0.8,1.9
2015-11-08,UAX,NO,1,158.0,15.246835443037975,21.36479833174628,0.0,2.0,5.0,19.0,125.0
2015-11-08,UAX,NO2,1,158.0,22.696202531645568,10.663772148859712,3.0,17.0,22.0,27.75,79.0
2015-11-08,UAX,NOX,1,158.0,38.037974683544306,25.27249860383582,5.0,21.0,32.0,46.0,150.0
2015-11-08,UAX,O3,1,158.0,22.981012658227847,26.098654459053765,0.0,3.0,12.0,35.0,106.0
2015-11-08,UAX,PM2.5,2,158.0,18.272151898734176,12.139134343147523,1.0,12.0,17.0,23.75,76.0
2015-11-08,UAX,SO2,1,158.0,3.759493670886076,4.536378616494547,0.0,1.0,2.0,5.0,36.0
2015-11-08,UIZ,CO,15,158.0,0.6810126582278486,0.3692222672609236,0.2,0.4,0.6,0.9,2.3
2015-11-08,UIZ,NO,1,158.0,16.39240506329114,20.21471855871674,0.0,3.0,9.0,20.75,121.0
2015-11-08,UIZ,NO2,1,158.0,24.556962025316455,11.6145601959919,4.0,16.25,24.0,30.0,68.0
2015-11-08,UIZ,NOX,1,158.0,40.949367088607595,26.736696190138193,7.0,19.0,35.0,53.75,149.0
2015-11-08,UIZ,O3,1,158.0,20.018987341772153,21.976673075730684,1.0,3.0,11.0,29.75,95.0
2015-11-08,UIZ,PM10,2,160.0,41.6875,29.608172316516402,6.0,23.0,34.0,55.75,156.0
2015-11-08,UIZ,PM2.5,2,160.0,24.5875,20.98708422822275,1.0,10.75,19.0,32.0,108.0
2015-11-08,UIZ,PMCO,2,160.0,17.1125,10.488680631216107,3.0,10.0,14.0,22.0,53.0
2015-11-08,UIZ,SO2,1,112.0,4.848214285714286,5.153866424815366,1.0,1.0,3.0,6.0,27.0
2015-11-08,VIF,CO,15,0.0,,,,,,,
2015-11-08,VIF,NO,1,0.0,,,,,,,
2015-11-08,VIF,NO2,1,0.0,,,,,,,
2015-11-08,VIF,NOX,1,0.0,,,,,,,
2015-11-08,VIF,O3,1,0.0,,,,,,,
2015-11-08,VIF,PM10,2,0.0,,,,,,,
2015-11-08,VIF,SO2,1,0.0,,,,,,,
2015-11-08,XAL,CO,15,158.0,1.0512658227848093,0.5419635616317577,0.4,0.7,0.8500000000000001,1.3,3.1
2015-11-08,XAL,NO,1,46.0,19.804347826086957,20.55087947857695,3.0,10.0,13.0,20.75,106.0
2015-11-08,XAL,NO2,1,46.0,17.97826086956522,7.835784383723977,8.0,12.0,18.0,21.0,45.0
2015-11-08,XAL,NOX,1,46.0,37.67391304347826,24.759334354565343,11.0,23.0,30.5,41.75,129.0
2015-11-08,XAL,O3,1,157.0,16.528662420382165,15.052711021502008,1.0,3.0,12.0,26.0,55.0
2015-11-08,XAL,PM10,2,156.0,62.37179487179487,42.35643195986359,12.0,34.5,53.5,73.0,211.0
2015-11-08,XAL,PM2.5,2,156.0,27.878205128205128,21.065594315243636,1.0,11.0,24.5,37.0,93.0
2015-11-08,XAL,PMCO,2,156.0,34.455128205128204,24.122360914978653,6.0,20.0,30.0,40.0,135.0
2015-11-08,XAL,SO2,1,158.0,7.6645569620253164,7.395652673353957,1.0,2.0,5.0,11.0,37.0
2015-11-15,ACO,CO,15,0.0,,,,,,,
2015-11-15,ACO,NO,1,0.0,,,,,,,
2015-11-15,ACO,NO2,1,0.0,,,,,,,
2015-11-15,ACO,NOX,1,0.0,,,,,,,
2015-11-15,ACO,O3,1,0.0,,,,,,,
2015-11-15,ACO,PM10,2,0.0,,,,,,,
2015-11-15,ACO,SO2,1,0.0,,,,,,,
2015-11-15,AJM,CO,15,157.0,0.5885350318471338,0.19180925115594777,0.3,0.5,0.6,0.7,1.2
2015-11-15,AJM,NO,1,158.0,6.1835443037974684,8.296909567845464,0.0,2.0,3.0,7.0,46.0
2015-11-15,AJM,NO2,1,158.0,18.056962025316455,8.310260460929308,3.0,11.0,18.0,24.0,40.0
2015-11-15,AJM,NOX,1,158.0,24.259493670886076,14.1413160676142,3.0,13.0,23.0,30.75,70.0
2015-11-15,AJM,O3,1,158.0,28.68354430379747,21.318359841666737,5.0,14.0,22.0,34.75,113.0
2015-11-15,AJM,PM10,2,158.0,24.40506329113924,15.058289282339423,2.0,12.0,23.0,33.0,77.0
2015-11-15,AJM,PM2.5,2,158.0,12.012658227848101,8.333026412687634,1.0,6.0,10.0,17.0,38.0
2015-11-15,AJM,PMCO,2,158.0,12.348101265822784,8.814382583079206,2.0,5.0,12.0,17.0,64.0
2015-11-15,AJM,SO2,1,158.0,4.949367088607595,6.773682181613526,1.0,2.0,2.0,4.0,48.0
2015-11-15,AJU,O3,1,158.0,26.639240506329113,25.128515117908577,1.0,10.0,18.0,37.75,121.0
2015-11-15,ATI,CO,15,0.0,,,,,,,
2015-11-15,ATI,NO,1,0.0,,,,,,,
2015-11-15,ATI,NO2,1,0.0,,,,,,,
2015-11-15,ATI,NOX,1,0.0,,,,,,,
2015-11-15,ATI,O3,1,0.0,,,,,,,
2015-11-15,ATI,PM10,2,0.0,,,,,,,
2015-11-15,ATI,SO2,1,0.0,,,,,,,
2015-11-15,BJU,CO,15,156.0,0.6294871794871799,0.3314129961665995,0.3,0.4,0.5,0.7,1.7
2015-11-15,BJU,O3,1,156.0,18.846153846153847,22.03169384089111,1.0,4.0,9.0,26.0,103.0
2015-11-15,BJU,PM10,2,159.0,32.9748427672956,21.189007684465462,3.0,17.0,28.0,43.0,113.0
2015-11-15,BJU,PM2.5,2,159.0,15.358490566037736,12.811823563554283,1.0,7.0,12.0,19.5,81.0
2015-11-15,BJU,PMCO,2,159.0,17.647798742138363,11.421797041422229,2.0,8.0,16.0,24.0,56.0
2015-11-15,BJU,SO2,1,156.0,5.7243589743589745,10.937106840387349,0.0,1.0,2.0,5.0,69.0
2015-11-15,CAM,CO,15,152.0,0.7039473684210532,0.38063759318283596,0.3,0.5,0.6,0.8,2.3
2015-11-15,CAM,NO,1,152.0,25.875,31.031774465699932,2.0,8.0,14.0,27.5,171.0
2015-11-15,CAM,NO2,1,152.0,27.789473684210527,9.746204273172312,13.0,22.0,26.0,30.0,64.0
2015-11-15,CAM,NOX,1,152.0,53.61842105263158,35.602465539022745,16.0,31.0,42.0,62.0,202.0
2015-11-15,CAM,O3,1,152.0,14.717105263157896,17.893880623007284,1.0,2.0,7.5,21.25,85.0
2015-11-15,CAM,PM10,2,42.0,39.666666666666664,20.8615256400993,8.0,26.25,37.0,47.75,103.0
2015-11-15,CAM,PM2.5,2,42.0,19.11904761904762,12.659137991214251,3.0,9.25,17.5,24.0,60.0
2015-11-15,CAM,PMCO,2,42.0,20.5,9.91980035204289,6.0,13.5,19.5,25.75,45.0
2015-11-15,CAM,SO2,1,152.0,6.940789473684211,12.100152455189525,0.0,1.0,2.0,7.0,89.0
2015-11-15,CCA,CO,15,158.0,0.6158227848101273,0.27635529423103206,0.3,0.4,0.5,0.7,1.5
2015-11-15,CCA,NO,1,158.0,14.613924050632912,25.704029445335582,0.0,2.0,4.0,14.0,168.0
2015-11-15,CCA,NO2,1,158.0,24.373417721518987,11.496598321162448,10.0,16.0,21.0,29.0,70.0
2015-11-15,CCA,NOX,1,158.0,38.9873417721519,31.29660597820569,12.0,20.25,27.0,42.5,189.0
2015-11-15,CCA,O3,1,158.0,20.126582278481013,22.983165862986414,1.0,4.0,11.5,27.5,109.0
2015-11-15,CCA,PM2.5,2,160.0,12.525,9.647204437510352,1.0,6.0,9.5,16.0,58.0
2015-11-15,CCA,SO2,1,158.0,5.322784810126582,9.881636437971789,1.0,1.0,2.0,5.0,69.0
2015-11-15,CHO,CO,15,154.0,0.7753246753246754,0.46079097785167433,0.3,0.5,0.6,0.9,3.4
2015-11-15,CHO,NO,1,0.0,,,,,,,
2015-11-15,CHO,NO2,1,0.0,,,,,,,
2015-11-15,CHO,NOX,1,0.0,,,,,,,
2015-11-15,CHO,O3,1,46.0,16.652173913043477,15.450591346186718,1.0,4.25,12.0,22.75,60.0
2015-11-15,CHO,PM10,2,157.0,52.605095541401276,25.788279478949402,6.0,35.0,50.0,67.0,129.0
2015-11-15,CHO,SO2,1,154.0,1.6688311688311688,1.5844637649028521,0.0,1.0,1.0,2.0,10.0
2015-11-15,COY,NO,1,132.0,15.068181818181818,19.691976582028232,0.0,4.0,8.0,16.0,108.0
2015-11-15,COY,NO2,1,132.0,26.606060606060606,11.048648548324385,10.0,20.0,23.0,29.5,72.0
2015-11-15,COY,NOX,1,132.0,41.68939393939394,26.249284272542116,15.0,26.0,31.5,45.0,147.0
2015-11-15,COY,O3,1,134.0,20.208955223880597,22.16583926854977,1.0,6.0,10.0,28.25,104.0
2015-11-15,COY,PM2.5,2,136.0,13.75,8.935779101351384,1.0,7.0,11.0,17.0,41.0
2015-11-15,CUA,CO,15,158.0,0.5493670886075949,0.27778625230069603,0.3,0.4,0.5,0.6,1.9
2015-11-15,CUA,NO,1,158.0,14.550632911392405,25.495484168233972,1.0,4.0,6.0,10.0,129.0
2015-11-15,CUA,NO2,1,158.0,18.265822784810126,9.223631876191883,5.0,12.0,16.0,22.75,47.0
2015-11-15,CUA,NOX,1,158.0,32.860759493670884,31.641194698798365,6.0,16.0,23.0,34.0,171.0
2015-11-15,CUA,O3,1,158.0,26.341772151898734,18.071609909954432,2.0,15.0,22.0,32.75,88.0
2015-11-15,CUA,PM10,2,154.0,26.623376623376622,16.689035155042582,1.0,14.0,24.0,35.0,78.0
2015-11-15,CUA,SO2,1,0.0,,,,,,,
2015-11-15,CUT,NO,1,0.0,,,,,,,
2015-11-15,CUT,NO2,1,0.0,,,,,,,
2015-11-15,CUT,NOX,1,0.0,,,,,,,
2015-11-15,CUT,O3,1,158.0,14.253164556962025,13.850400306413807,1.0,2.0,9.0,24.0,53.0
2015-11-15,CUT,PM10,2,158.0,45.936708860759495,39.729769285050736,1.0,20.0,35.0,57.0,242.0
2015-11-15,CUT,SO2,1,158.0,6.139240506329114,11.679078335085986,1.0,2.0,3.0,5.0,90.0
2015-11-15,FAC,CO,15,157.0,0.6006369426751599,0.5638122090625827,0.2,0.3,0.4,0.6,3.3
2015-11-15,FAC,NO,1,157.0,22.496815286624205,41.336738518308955,0.0,4.0,8.0,16.0,232.0
2015-11-15,FAC,NO2,1,157.0,18.687898089171973,9.090607651676924,6.0,13.0,16.0,21.0,52.0
2015-11-15,FAC,NOX,1,157.0,41.2484076433121,45.752211106853565,6.0,19.0,26.0,37.0,255.0
2015-11-15,FAC,O3,1,157.0,21.26751592356688,16.341853677301177,2.0,9.0,18.0,28.0,73.0
2015-11-15,FAC,PM10,2,154.0,30.09090909090909,22.313091100568517,1.0,14.0,25.0,38.0,106.0
2015-11-15,FAC,SO2,1,157.0,8.012738853503185,13.705691902546159,1.0,2.0,3.0,7.0,85.0
2015-11-15,HGM,CO,15,112.0,0.46428571428571347,0.3538353928021968,0.1,0.3,0.3,0.5,2.0
2015-11-15,HGM,NO,1,158.0,22.531645569620252,28.194201618740067,1.0,5.0,12.0,27.75,140.0
2015-11-15,HGM,NO2,1,158.0,26.746835443037973,10.678830006323668,12.0,20.0,24.0,28.75,66.0
2015-11-15,HGM,NOX,1,158.0,49.278481012658226,33.73083289994246,17.0,28.0,36.5,61.75,188.0
2015-11-15,HGM,O3,1,158.0,17.82278481012658,19.492124487500103,1.0,4.0,10.0,25.75,95.0
2015-11-15,HGM,PM10,2,158.0,31.550632911392405,19.01777494682494,7.0,18.25,25.5,40.0,100.0
2015-11-15,HGM,PM2.5,2,158.0,16.303797468354432,12.829458964995986,1.0,7.0,12.0,23.0,65.0
2015-11-15,HGM,PMCO,2,158.0,15.215189873417721,8.575139427773562,3.0,9.0,14.0,20.0,46.0
2015-11-15,HGM,SO2,1,158.0,8.265822784810126,12.165220196927471,2.0,3.0,4.0,8.0,82.0
2015-11-15,INN,CO,15,144.0,0.25486111111111126,0.09811500395736626,0.0,0.2,0.3,0.3,0.6
2015-11-15,INN,O3,1,144.0,28.95138888888889,14.911079027950246,8.0,19.75,24.5,32.0,84.0
2015-11-15,INN,PM10,2,92.0,17.532608695652176,9.467644248989188,3.0,10.0,16.0,25.0,44.0
2015-11-15,INN,PM2.5,2,92.0,10.804347826086957,5.789796121663939,1.0,7.0,9.0,14.0,30.0
2015-11-15,INN,PMCO,2,92.0,6.75,4.640066786180968,1.0,3.0,5.5,10.0,22.0
2015-11-15,INN,SO2,1,144.0,3.3125,6.344943198784698,0.0,1.0,1.0,2.0,48.0
2015-11-15,IZT,CO,15,149.0,0.7684563758389261,0.3841605886623086,0.4,0.5,0.7,0.8,2.6
2015-11-15,IZT,NO,1,69.0,9.217391304347826,6.265849468764583,2.0,5.0,8.0,12.0,37.0
2015-11-15,IZT,NO2,1,69.0,22.014492753623188,4.741843627632326,12.0,19.0,22.0,25.0,36.0
2015-11-15,IZT,NOX,1,69.0,31.3768115942029,9.04254884889042,17.0,24.0,31.0,35.0,65.0
2015-11-15,IZT,O3,1,154.0,18.441558441558442,21.482927410025052,1.0,3.0,9.0,26.75,102.0
2015-11-15,IZT,PM10,2,156.0,27.974358974358974,18.63363200028162,5.0,15.75,22.0,36.25,104.0
2015-11-15,IZT,SO2,1,154.0,6.259740259740259,9.158591947894726,1.0,2.0,2.0,6.0,56.0
2015-11-15,LLA,CO,15,0.0,,,,,,,
2015-11-15,LLA,NO,1,0.0,,,,,,,
2015-11-15,LLA,NO2,1,0.0,,,,,,,
2015-11-15,LLA,NOX,1,0.0,,,,,,,
2015-11-15,LLA,O3,1,158.0,15.765822784810126,14.719097054796608,1.0,3.0,10.0,25.75,57.0
2015-11-15,LLA,SO2,1,158.0,4.905063291139241,8.518087144112503,1.0,1.0,2.0,4.0,60.0
2015-11-15,LPR,CO,15,23.0,0.6130434782608696,0.5311260318042027,0.2,0.25,0.3,0.9500000000000001,1.8
2015-11-15,LPR,NO,1,0.0,,,,,,,
2015-11-15,LPR,NO2,1,0.0,,,,,,,
2015-11-15,LPR,NOX,1,0.0,,,,,,,
2015-11-15,LPR,O3,1,23.0,16.26086956521739,14.747010147836589,1.0,2.5,12.0,28.5,45.0
2015-11-15,LPR,SO2,1,0.0,,,,,,,
2015-11-15,MER,CO,15,158.0,0.8246835443037972,0.3658489314173339,0.4,0.6,0.7,0.9,2.5
2015-11-15,MER,NO,1,158.0,32.177215189873415,29.162299846253983,5.0,14.0,23.0,36.0,167.0
2015-11-15,MER,NO2,1,158.0,29.367088607594937,10.726094397493709,14.0,23.0,26.0,32.0,68.0
2015-11-15,MER,NOX,1,158.0,61.550632911392405,33.896911432937564,20.0,39.25,52.5,67.0,205.0
2015-11-15,MER,O3,1,158.0,14.550632911392405,17.3801803323982,1.0,2.25,7.0,20.0,85.0
2015-11-15,MER,PM10,2,154.0,46.95454545454545,27.280518296949715,12.0,27.0,40.0,58.0,143.0
2015-11-15,MER,PM2.5,2,154.0,20.38961038961039,16.838840756333145,1.0,8.25,18.0,26.0,88.0
2015-11-15,MER,PMCO,2,154.0,26.538961038961038,13.360332036147872,9.0,17.0,23.0,32.75,82.0
2015-11-15,MER,SO2,1,158.0,6.063291139240507,8.233598670156017,1.0,2.0,3.0,6.0,65.0
2015-11-15,MGH,CO,15,157.0,0.6108280254777073,0.3522054357234251,0.2,0.4,0.5,0.7,2.2
2015-11-15,MGH,NO,1,158.0,28.79113924050633,48.57747817615703,3.0,8.0,11.0,21.75,301.0
2015-11-15,MGH,NO2,1,158.0,25.31645569620253,9.622881838296722,11.0,19.0,22.5,29.75,61.0
2015-11-15,MGH,NOX,1,158.0,54.139240506329116,51.977759618522384,16.0,29.0,36.5,53.75,340.0
2015-11-15,MGH,O3,1,158.0,17.689873417721518,18.811130293361185,0.0,5.0,11.0,23.75,87.0
2015-11-15,MGH,PM10,2,160.0,25.325,13.089700209413781,4.0,16.0,22.0,33.25,63.0
2015-11-15,MGH,PM2.5,2,160.0,13.83125,8.725889963801825,1.0,7.0,12.0,18.25,42.0
2015-11-15,MGH,PMCO,2,160.0,11.44375,6.788583530619718,2.0,6.0,11.0,15.25,42.0
2015-11-15,MGH,SO2,1,158.0,6.158227848101266,11.852878471057801,0.0,1.0,2.0,5.0,80.0
2015-11-15,MON,CO,15,99.0,0.36464646464646466,0.2696608343347408,0.0,0.2,0.3,0.5,1.6
2015-11-15,MON,NO,1,149.0,18.671140939597315,29.28320313510161,0.0,1.0,5.0,23.0,162.0
2015-11-15,MON,NO2,1,149.0,11.691275167785236,5.996507236603318,1.0,7.0,12.0,15.0,29.0
2015-11-15,MON,NOX,1,149.0,30.322147651006713,31.819649813839092,2.0,8.0,21.0,38.0,178.0
2015-11-15,MON,O3,1,149.0,18.107382550335572,17.49406885574918,1.0,2.0,14.0,32.0,62.0
2015-11-15,MON,SO2,1,0.0,,,,,,,
2015-11-15,NEZ,CO,15,158.0,0.6658227848101265,0.3290155460479643,0.2,0.5,0.6,0.8,1.8
2015-11-15,NEZ,NO,1,158.0,16.841772151898734,18.826232596622983,1.0,6.0,9.0,19.0,87.0
2015-11-15,NEZ,NO2,1,158.0,22.39873417721519,7.923149886249217,11.0,16.0,21.5,27.75,58.0
2015-11-15,NEZ,NOX,1,158.0,39.30379746835443,23.140586359894574,13.0,22.25,33.5,48.0,125.0
2015-11-15,NEZ,O3,1,158.0,18.61392405063291,18.895867739396582,1.0,3.0,12.0,28.75,71.0
2015-11-15,NEZ,PM2.5,2,138.0,12.96376811594203,11.347471129116359,1.0,5.0,10.0,16.0,61.0
2015-11-15,NEZ,SO2,1,158.0,3.0822784810126582,3.5529931579659797,0.0,1.0,2.0,3.0,18.0
2015-11-15,PED,CO,15,158.0,0.44936708860759494,0.3165794162734372,0.1,0.2,0.35,0.6,1.4
2015-11-15,PED,NO,1,158.0,11.208860759493671,16.435960960850544,1.0,2.0,5.0,11.0,94.0
2015-11-15,PED,NO2,1,158.0,21.917721518987342,11.396147069245165,6.0,14.0,19.0,27.75,60.0
2015-11-15,PED,NOX,1,158.0,33.164556962025316,23.366332347676753,7.0,16.0,26.0,40.75,110.0
2015-11-15,PED,O3,1,158.0,21.955696202531644,21.427509236026136,1.0,7.25,14.0,28.75,103.0
2015-11-15,PED,PM10,2,0.0,,,,,,,
2015-11-15,PED,PM2.5,2,0.0,,,,,,,
2015-11-15,PED,PMCO,2,0.0,,,,,,,
2015-11-15,PED,SO2,1,158.0,5.189873417721519,6.886848815538102,1.0,2.0,3.0,5.0,61.0
2015-11-15,SAG,CO,15,157.0,0.7280254777070059,0.4269501854844275,0.2,0.5,0.6,0.8,2.8
2015-11-15,SAG,NO,1,157.0,21.662420382165607,32.01493124011554,1.0,5.0,9.0,22.0,198.0
2015-11-15,SAG,NO2,1,157.0,18.929936305732483,7.098315663051854,7.0,13.0,18.0,23.0,44.0
2015-11-15,SAG,NOX,1,157.0,40.54140127388535,35.58044162498509,8.0,18.0,28.0,47.0,218.0
2015-11-15,SAG,O3,1,158.0,17.037974683544302,15.670933813037543,1.0,3.0,12.5,27.5,63.0
2015-11-15,SAG,PM10,2,149.0,33.70469798657718,20.82439556752527,3.0,18.0,29.0,45.0,112.0
2015-11-15,SAG,PM2.5,2,149.0,14.550335570469798,11.702065099346111,1.0,6.0,11.0,22.0,54.0
2015-11-15,SAG,PMCO,2,149.0,19.187919463087248,10.78811228102788,2.0,12.0,17.0,25.0,58.0
2015-11-15,SAG,SO2,1,158.0,4.8924050632911396,7.245104161170922,0.0,1.0,2.0,4.0,38.0
2015-11-15,SFE,CO,15,0.0,,,,,,,
2015-11-15,SFE,NO,1,0.0,,,,,,,
2015-11-15,SFE,NO2,1,0.0,,,,,,,
2015-11-15,SFE,NOX,1,0.0,,,,,,,
2015-11-15,SFE,O3,1,0.0,,,,,,,
2015-11-15,SFE,PM10,2,0.0,,,,,,,
2015-11-15,SFE,PM2.5,2,0.0,,,,,,,
2015-11-15,SFE,PMCO,2,0.0,,,,,,,
2015-11-15,SFE,SO2,1,0.0,,,,,,,
2015-11-15,SJA,CO,15,0.0,,,,,,,
2015-11-15,SJA,NO,1,0.0,,,,,,,
2015-11-15,SJA,NO2,1,0.0,,,,,,,
2015-11-15,SJA,NOX,1,0.0,,,,,,,
2015-11-15,SJA,O3,1,0.0,,,,,,,
2015-11-15,SJA,PM2.5,2,0.0,,,,,,,
2015-11-15,SJA,SO2,1,0.0,,,,,,,
2015-11-15,TAH,CO,15,0.0,,,,,,,
2015-11-15,TAH,NO,1,0.0,,,,,,,
2015-11-15,TAH,NO2,1,0.0,,,,,,,
2015-11-15,TAH,NOX,1,0.0,,,,,,,
2015-11-15,TAH,O3,1,0.0,,,,,,,
2015-11-15,TAH,PM10,2,0.0,,,,,,,
2015-11-15,TAH,SO2,1,0.0,,,,,,,
2015-11-15,TLA,CO,15,158.0,0.7582278481012652,0.44438681576087685,0.3,0.5,0.6,0.8,3.1
2015-11-15,TLA,NO,1,158.0,30.911392405063292,38.53419025269669,1.0,12.0,16.5,29.75,284.0
2015-11-15,TLA,NO2,1,158.0,26.924050632911392,11.01564857029179,13.0,20.0,24.0,31.0,69.0
2015-11-15,TLA,NOX,1,158.0,57.91139240506329,44.35229257487809,15.0,33.0,40.5,66.0,321.0
2015-11-15,TLA,O3,1,106.0,13.632075471698114,13.036451073960793,0.0,3.0,9.0,21.0,52.0
2015-11-15,TLA,PM10,2,157.0,49.1656050955414,29.21161674739857,9.0,29.0,43.0,59.0,142.0
2015-11-15,TLA,PM2.5,2,157.0,19.713375796178344,13.590650517163153,1.0,10.0,17.0,26.0,76.0
2015-11-15,TLA,PMCO,2,157.0,29.528662420382165,18.261126046371388,6.0,17.0,26.0,36.0,109.0
2015-11-15,TLA,SO2,1,158.0,10.80379746835443,14.422407751828182,2.0,3.0,5.0,12.75,93.0
2015-11-15,TLI,CO,15,0.0,,,,,,,
2015-11-15,TLI,NO,1,0.0,,,,,,,
2015-11-15,TLI,NO2,1,0.0,,,,,,,
2015-11-15,TLI,NOX,1,0.0,,,,,,,
2015-11-15,TLI,O3,1,0.0,,,,,,,
2015-11-15,TLI,PM10,2,0.0,,,,,,,
2015-11-15,TLI,SO2,1,0.0,,,,,,,
2015-11-15,UAX,CO,15,153.0,0.5712418300653601,0.3493741025060268,0.2,0.3,0.4,0.7,1.7
2015-11-15,UAX,NO,1,152.0,15.506578947368421,22.29305023726325,0.0,3.0,6.5,17.0,118.0
2015-11-15,UAX,NO2,1,152.0,24.625,10.392185359985232,10.0,18.0,22.0,27.25,61.0
2015-11-15,UAX,NOX,1,152.0,40.18421052631579,27.010280371188678,11.0,22.0,30.0,46.25,136.0
2015-11-15,UAX,O3,1,153.0,20.941176470588236,24.884532104914,1.0,2.0,9.0,31.0,103.0
2015-11-15,UAX,PM2.5,2,153.0,14.705882352941176,11.210827914953457,1.0,7.0,13.0,19.0,66.0
2015-11-15,UAX,SO2,1,153.0,4.261437908496732,8.033459012672573,0.0,1.0,1.0,4.0,54.0
2015-11-15,UIZ,CO,15,152.0,0.7125000000000007,0.4137236016267942,0.3,0.4,0.6,0.8,2.4
2015-11-15,UIZ,NO,1,152.0,21.782894736842106,28.00045358269269,1.0,6.0,11.5,25.25,152.0
2015-11-15,UIZ,NO2,1,152.0,25.92763157894737,9.982834256056584,11.0,19.0,25.0,29.0,64.0
2015-11-15,UIZ,NOX,1,152.0,47.69736842105263,32.671967747177995,13.0,25.75,38.0,55.25,178.0
2015-11-15,UIZ,O3,1,154.0,17.57792207792208,19.705273660446938,1.0,2.0,9.5,26.5,80.0
2015-11-15,UIZ,PM10,2,154.0,39.14935064935065,22.521676549676922,6.0,24.0,34.5,48.0,136.0
2015-11-15,UIZ,PM2.5,2,154.0,17.5,13.758538644089896,1.0,8.0,15.0,21.75,74.0
2015-11-15,UIZ,PMCO,2,154.0,21.616883116883116,14.09686288373125,5.0,13.0,19.0,27.75,122.0
2015-11-15,UIZ,SO2,1,154.0,4.220779220779221,5.970785907748387,1.0,1.0,2.0,4.0,52.0
2015-11-15,VIF,CO,15,0.0,,,,,,,
2015-11-15,VIF,NO,1,0.0,,,,,,,
2015-11-15,VIF,NO2,1,0.0,,,,,,,
2015-11-15,VIF,NOX,1,0.0,,,,,,,
2015-11-15,VIF,O3,1,0.0,,,,,,,
2015-11-15,VIF,PM10,2,0.0,,,,,,,
2015-11-15,VIF,SO2,1,0.0,,,,,,,
2015-11-15,XAL,CO,15,153.0,0.9333333333333325,0.671212571239152,0.4,0.6,0.7,1.0,4.1
2015-11-15,XAL,NO,1,157.0,39.859872611464965,52.59063709673118,4.0,13.0,18.0,42.0,286.0
2015-11-15,XAL,NO2,1,157.0,22.681528662420384,12.877150413675247,7.0,14.0,19.0,26.0,87.0
2015-11-15,XAL,NOX,1,157.0,62.52866242038217,59.85394193791334,11.0,28.0,36.0,74.0,313.0
2015-11-15,XAL,O3,1,157.0,16.62420382165605,12.704942513285244,1.0,5.0,15.0,23.0,49.0
2015-11-15,XAL,PM10,2,153.0,62.111111111111114,49.4246576480377,11.0,32.0,44.0,73.0,246.0
2015-11-15,XAL,PM2.5,2,153.0,21.84313725490196,22.020958213011433,1.0,8.0,15.0,28.0,113.0
2015-11-15,XAL,PMCO,2,153.0,40.28104575163399,31.056920899234587,5.0,22.0,32.0,45.0,178.0
2015-11-15,XAL,SO2,1,157.0,4.936305732484076,6.29884149773757,1.0,2.0,2.0,6.0,48.0
2015-11-22,ACO,CO,15,0.0,,,,,,,
2015-11-22,ACO,NO,1,0.0,,,,,,,
2015-11-22,ACO,NO2,1,0.0,,,,,,,
2015-11-22,ACO,NOX,1,0.0,,,,,,,
2015-11-22,ACO,O3,1,0.0,,,,,,,
2015-11-22,ACO,PM10,2,0.0,,,,,,,
2015-11-22,ACO,SO2,1,0.0,,,,,,,
2015-11-22,AJM,CO,15,157.0,0.7248407643312099,0.24116598469471404,0.3,0.6,0.7,0.9,1.4
2015-11-22,AJM,NO,1,157.0,6.375796178343949,9.47358947808147,0.0,1.0,3.0,7.0,48.0
2015-11-22,AJM,NO2,1,157.0,21.32484076433121,10.682610216242738,3.0,14.0,19.0,25.0,59.0
2015-11-22,AJM,NOX,1,157.0,27.694267515923567,16.69817371419746,4.0,16.0,22.0,35.0,81.0
2015-11-22,AJM,O3,1,157.0,34.62420382165605,24.3598592720291,3.0,16.0,29.0,54.0,113.0
2015-11-22,AJM,PM10,2,158.0,38.0,21.218307201790488,5.0,25.0,34.0,47.75,111.0
2015-11-22,AJM,PM2.5,2,158.0,24.050632911392405,13.769160347201112,2.0,15.0,22.0,31.0,68.0
2015-11-22,AJM,PMCO,2,158.0,13.968354430379748,8.249625265433323,3.0,8.0,12.0,18.0,43.0
2015-11-22,AJM,SO2,1,155.0,7.116129032258065,7.24340706831174,1.0,2.0,4.0,8.5,40.0
2015-11-22,AJU,O3,1,155.0,27.98709677419355,23.014390500032295,0.0,9.0,20.0,46.5,88.0
2015-11-22,AJU,PM2.5,2,160.0,20.6625,14.685759799223977,1.0,10.0,17.0,27.25,78.0
2015-11-22,ATI,CO,15,0.0,,,,,,,
2015-11-22,ATI,NO,1,0.0,,,,,,,
2015-11-22,ATI,NO2,1,0.0,,,,,,,
2015-11-22,ATI,NOX,1,0.0,,,,,,,
2015-11-22,ATI,O3,1,0.0,,,,,,,
2015-11-22,ATI,PM10,2,0.0,,,,,,,
2015-11-22,ATI,SO2,1,0.0,,,,,,,
2015-11-22,BJU,CO,15,158.0,0.8645569620253167,0.4953382617464024,0.2,0.5,0.8,1.1,2.8
2015-11-22,BJU,O3,1,158.0,23.227848101265824,26.534414316327723,1.0,2.0,12.0,36.0,111.0
2015-11-22,BJU,PM10,2,161.0,49.453416149068325,25.12741289671476,5.0,31.0,45.0,61.0,134.0
2015-11-22,BJU,PM2.5,2,161.0,30.26086956521739,16.94753733552844,1.0,18.0,27.0,36.0,88.0
2015-11-22,BJU,PMCO,2,161.0,19.167701863354036,10.907128417258091,2.0,11.0,18.0,24.0,53.0
2015-11-22,BJU,SO2,1,158.0,6.620253164556962,8.535879758267539,1.0,2.0,3.0,8.0,63.0
2015-11-22,CAM,CO,15,135.0,1.0711111111111107,0.5928512771479203,0.4,0.6,0.9,1.4,3.1
2015-11-22,CAM,NO,1,135.0,31.42222222222222,38.66860091233471,0.0,5.0,16.0,43.0,216.0
2015-11-22,CAM,NO2,1,135.0,36.370370370370374,17.319103739495695,15.0,22.5,30.0,47.5,84.0
2015-11-22,CAM,NOX,1,135.0,67.71851851851852,45.94101537092124,15.0,31.0,53.0,95.5,252.0
2015-11-22,CAM,O3,1,135.0,21.340740740740742,25.780115837240462,0.0,1.0,8.0,36.0,105.0
2015-11-22,CAM,PM10,2,0.0,,,,,,,
2015-11-22,CAM,PM2.5,2,0.0,,,,,,,
2015-11-22,CAM,PMCO,2,0.0,,,,,,,
2015-11-22,CAM,SO2,1,135.0,7.207407407407407,8.099287140454202,1.0,3.0,4.0,9.5,57.0
2015-11-22,CCA,CO,15,156.0,0.813461538461539,0.3486539162979184,0.3,0.575,0.7,1.0,2.0
2015-11-22,CCA,NO,1,149.0,19.91275167785235,30.688481175134218,0.0,2.0,8.0,21.0,160.0
2015-11-22,CCA,NO2,1,149.0,29.29530201342282,14.060921193393424,10.0,19.0,26.0,37.0,76.0
2015-11-22,CCA,NOX,1,149.0,49.19463087248322,36.908520559575514,10.0,23.0,38.0,60.0,186.0
2015-11-22,CCA,O3,1,158.0,23.550632911392405,26.991989250022037,1.0,2.0,12.5,39.75,108.0
2015-11-22,CCA,PM2.5,2,161.0,21.37888198757764,11.271060342409491,2.0,13.0,21.0,26.0,65.0
2015-11-22,CCA,SO2,1,158.0,6.075949367088608,8.090683723005135,1.0,2.0,3.0,6.0,51.0
2015-11-22,CHO,CO,15,92.0,0.7065217391304346,0.3907739145202373,0.3,0.475,0.6,0.8250000000000001,2.6
2015-11-22,CHO,NO,1,0.0,,,,,,,
2015-11-22,CHO,NO2,1,0.0,,,,,,,
2015-11-22,CHO,NOX,1,0.0,,,,,,,
2015-11-22,CHO,O3,1,157.0,25.78343949044586,24.78660682380026,1.0,3.0,19.0,43.0,96.0
2015-11-22,CHO,PM10,2,157.0,64.52229299363057,41.034004970746466,1.0,33.0,57.0,88.0,187.0
2015-11-22,CHO,SO2,1,157.0,2.694267515923567,3.563818213841701,0.0,1.0,1.0,3.0,24.0
2015-11-22,COY,NO,1,137.0,23.37226277372263,28.730238041659923,0.0,3.0,13.0,35.0,167.0
2015-11-22,COY,NO2,1,137.0,32.1021897810219,14.665528144524355,9.0,21.0,29.0,40.0,73.0
2015-11-22,COY,NOX,1,137.0,55.53284671532847,36.773362141095504,9.0,26.0,49.0,73.0,217.0
2015-11-22,COY,O3,1,137.0,22.817518248175183,24.735429156582793,2.0,4.0,13.0,35.0,114.0
2015-11-22,COY,PM2.5,2,136.0,28.36764705882353,17.65211510714768,4.0,15.75,24.0,34.0,96.0
2015-11-22,CUA,CO,15,158.0,0.7082278481012658,0.33840487375716233,0.3,0.5,0.6,0.9,2.0
2015-11-22,CUA,NO,1,158.0,13.89873417721519,21.86268375709275,1.0,3.0,6.0,12.75,133.0
2015-11-22,CUA,NO2,1,158.0,25.11392405063291,14.434995817421356,7.0,13.25,22.0,35.0,75.0
2015-11-22,CUA,NOX,1,158.0,39.08860759493671,30.150868996325325,8.0,17.0,32.0,50.0,178.0
2015-11-22,CUA,O3,1,158.0,31.443037974683545,22.760591059144435,3.0,14.25,26.0,42.0,99.0
2015-11-22,CUA,PM10,2,161.0,35.86335403726708,21.11915507732552,1.0,20.0,32.0,45.0,103.0
2015-11-22,CUA,SO2,1,0.0,,,,,,,
2015-11-22,CUT,NO,1,0.0,,,,,,,
2015-11-22,CUT,NO2,1,0.0,,,,,,,
2015-11-22,CUT,NOX,1,0.0,,,,,,,
2015-11-22,CUT,O3,1,151.0,16.887417218543046,18.052347232925182,1.0,2.0,8.0,30.5,76.0
2015-11-22,CUT,PM10,2,159.0,63.21383647798742,46.03965885068021,1.0,28.0,52.0,88.5,299.0
2015-11-22,CUT,SO2,1,151.0,7.125827814569536,11.819929292378237,1.0,2.0,3.0,6.5,84.0
2015-11-22,FAC,CO,15,157.0,1.0000000000000007,0.7995190862204412,0.2,0.5,0.7,1.2,4.4
2015-11-22,FAC,NO,1,155.0,35.903225806451616,53.452585397064745,0.0,5.0,14.0,37.0,283.0
2015-11-22,FAC,NO2,1,155.0,30.683870967741935,16.955539583883652,7.0,17.0,27.0,41.0,98.0
2015-11-22,FAC,NOX,1,155.0,66.66451612903226,60.42923063002769,8.0,25.0,50.0,79.5,308.0
2015-11-22,FAC,O3,1,157.0,24.53503184713376,25.821758034257634,2.0,5.0,15.0,35.0,111.0
2015-11-22,FAC,PM10,2,159.0,48.81132075471698,30.75467851849881,1.0,24.5,41.0,72.0,126.0
2015-11-22,FAC,SO2,1,157.0,10.159235668789808,11.222978690797918,2.0,3.0,6.0,11.0,66.0
2015-11-22,HGM,CO,15,158.0,0.7132911392405066,0.4507749068092464,0.1,0.4,0.6,0.9,2.9
2015-11-22,HGM,NO,1,158.0,25.037974683544302,30.308369716183314,0.0,6.0,15.5,30.0,174.0
2015-11-22,HGM,NO2,1,158.0,34.67088607594937,14.07461600791929,13.0,23.0,32.0,45.0,86.0
2015-11-22,HGM,NOX,1,158.0,59.74683544303797,37.431370185958,14.0,35.0,48.0,75.0,239.0
2015-11-22,HGM,O3,1,152.0,20.539473684210527,22.293016035511382,1.0,2.0,11.5,30.0,108.0
2015-11-22,HGM,PM10,2,161.0,46.19875776397515,24.52035375860644,9.0,28.0,41.0,60.0,131.0
2015-11-22,HGM,PM2.5,2,161.0,29.273291925465838,18.084519477179835,1.0,16.0,24.0,41.0,91.0
2015-11-22,HGM,PMCO,2,161.0,16.900621118012424,8.707902279642395,3.0,9.0,16.0,21.0,42.0
2015-11-22,HGM,SO2,1,158.0,8.683544303797468,8.83903373079903,2.0,3.0,5.0,10.0,58.0
2015-11-22,INN,CO,15,144.0,0.3194444444444446,0.13704053699584212,0.1,0.2,0.3,0.4,0.8
2015-11-22,INN,O3,1,144.0,31.680555555555557,15.205194538312918,10.0,21.0,26.0,40.0,73.0
2015-11-22,INN,PM10,2,140.0,26.2,16.111660730998256,5.0,15.0,23.0,31.0,94.0
2015-11-22,INN,PM2.5,2,140.0,18.27857142857143,10.922926754297743,4.0,11.75,15.5,22.0,67.0
2015-11-22,INN,PMCO,2,140.0,7.878571428571429,5.9366776760570055,1.0,3.0,6.0,10.0,27.0
2015-11-22,INN,SO2,1,143.0,3.272727272727273,4.705678047835908,1.0,1.0,2.0,3.0,32.0
2015-11-22,IZT,CO,15,158.0,1.0803797468354424,0.559168953508766,0.4,0.6,0.9,1.3,3.7
2015-11-22,IZT,NO,1,158.0,28.0,36.756731694218466,1.0,5.0,13.0,33.0,205.0
2015-11-22,IZT,NO2,1,158.0,33.06962025316456,11.908417559527848,14.0,23.0,30.0,42.0,72.0
2015-11-22,IZT,NOX,1,158.0,61.120253164556964,41.575555899388085,17.0,31.0,49.5,77.5,240.0
2015-11-22,IZT,O3,1,158.0,23.49367088607595,25.389136258288694,1.0,2.25,14.0,35.5,106.0
2015-11-22,IZT,PM10,2,161.0,38.440993788819874,19.63824225856813,4.0,25.0,36.0,45.0,132.0
2015-11-22,IZT,SO2,1,158.0,7.670886075949367,8.567783708824942,1.0,3.0,4.0,9.0,46.0
2015-11-22,LLA,CO,15,0.0,,,,,,,
2015-11-22,LLA,NO,1,0.0,,,,,,,
2015-11-22,LLA,NO2,1,0.0,,,,,,,
2015-11-22,LLA,NOX,1,0.0,,,,,,,
2015-11-22,LLA,O3,1,154.0,21.7987012987013,24.46376001063424,1.0,2.0,11.5,36.75,95.0
2015-11-22,LLA,SO2,1,154.0,12.220779220779221,21.49882099009178,1.0,2.0,3.0,12.5,147.0
2015-11-22,LPR,CO,15,0.0,,,,,,,
2015-11-22,LPR,NO,1,0.0,,,,,,,
2015-11-22,LPR,NO2,1,0.0,,,,,,,
2015-11-22,LPR,NOX,1,0.0,,,,,,,
2015-11-22,LPR,O3,1,0.0,,,,,,,
2015-11-22,LPR,SO2,1,0.0,,,,,,,
2015-11-22,MER,CO,15,158.0,1.0594936708860763,0.5037487462244891,0.4,0.7,0.9,1.275,2.8
2015-11-22,MER,NO,1,158.0,34.56962025316456,37.071521008970855,1.0,11.0,18.0,43.0,168.0
2015-11-22,MER,NO2,1,158.0,37.27215189873418,12.936222159018467,16.0,26.0,36.0,47.0,74.0
2015-11-22,MER,NOX,1,158.0,71.86075949367088,42.87078323836001,24.0,43.0,58.5,90.0,209.0
2015-11-22,MER,O3,1,158.0,19.037974683544302,21.962877213375315,1.0,2.0,10.5,28.0,101.0
2015-11-22,MER,PM10,2,158.0,62.55696202531646,31.00492947675291,7.0,41.0,54.5,78.0,163.0
2015-11-22,MER,PM2.5,2,158.0,33.10126582278481,19.079181261866445,1.0,20.25,28.0,43.0,92.0
2015-11-22,MER,PMCO,2,158.0,29.449367088607595,14.591048415531612,3.0,20.25,27.0,36.0,98.0
2015-11-22,MER,SO2,1,158.0,7.189873417721519,6.20473611867146,2.0,3.0,5.0,8.0,34.0
2015-11-22,MGH,CO,15,158.0,0.9917721518987347,0.5218737907646445,0.4,0.6,0.9,1.3,3.6
2015-11-22,MGH,NO,1,158.0,40.70886075949367,56.70757526963553,2.0,6.25,16.5,52.5,337.0
2015-11-22,MGH,NO2,1,158.0,36.164556962025316,17.17829350188377,11.0,22.0,33.5,47.0,96.0
2015-11-22,MGH,NOX,1,158.0,76.89873417721519,61.79235723291533,13.0,32.25,57.0,99.5,376.0
2015-11-22,MGH,O3,1,158.0,20.373417721518987,24.17438876830627,0.0,1.0,10.0,32.0,94.0
2015-11-22,MGH,PM10,2,161.0,43.037267080745345,22.34107433595064,5.0,27.0,41.0,54.0,121.0
2015-11-22,MGH,PM2.5,2,161.0,29.229813664596275,15.985246497632186,1.0,17.0,27.0,37.0,87.0
2015-11-22,MGH,PMCO,2,161.0,13.906832298136646,8.283116293276963,4.0,8.0,12.0,19.0,48.0
2015-11-22,MGH,SO2,1,158.0,7.443037974683544,8.991498936901824,1.0,2.0,4.0,9.0,59.0
2015-11-22,MON,CO,15,154.0,0.36233766233766246,0.3286092544370734,0.0,0.2,0.3,0.4,1.9
2015-11-22,MON,NO,1,154.0,17.7012987012987,30.945266855950866,0.0,1.0,2.0,20.0,174.0
2015-11-22,MON,NO2,1,154.0,13.480519480519481,7.107228005661181,2.0,8.0,13.0,19.0,32.0
2015-11-22,MON,NOX,1,154.0,31.155844155844157,34.3233623195154,2.0,9.0,17.5,38.0,193.0
2015-11-22,MON,O3,1,154.0,23.90909090909091,21.755433138955823,1.0,2.25,19.0,38.0,87.0
2015-11-22,MON,SO2,1,0.0,,,,,,,
2015-11-22,NEZ,CO,15,155.0,0.7954838709677419,0.3636649548877231,0.3,0.5,0.7,1.0,2.2
2015-11-22,NEZ,NO,1,155.0,15.8,18.5687210813616,0.0,4.0,7.0,20.5,89.0
2015-11-22,NEZ,NO2,1,155.0,26.954838709677418,9.892501381233801,7.0,19.0,25.0,31.0,58.0
2015-11-22,NEZ,NOX,1,155.0,42.806451612903224,23.439642514835693,11.0,26.0,36.0,50.5,136.0
2015-11-22,NEZ,O3,1,155.0,25.38064516129032,26.37720162971861,1.0,4.0,16.0,38.5,103.0
2015-11-22,NEZ,PM2.5,2,161.0,24.385093167701864,17.049582880455333,1.0,14.0,22.0,28.0,112.0
2015-11-22,NEZ,SO2,1,155.0,4.929032258064516,6.963830187158224,1.0,1.0,2.0,5.0,45.0
2015-11-22,PED,CO,15,158.0,0.6050632911392406,0.3677782266450734,0.1,0.3,0.6,0.8,2.0
2015-11-22,PED,NO,1,158.0,12.981012658227849,19.32111201946277,1.0,3.0,5.0,14.75,118.0
2015-11-22,PED,NO2,1,158.0,26.670886075949365,12.845204333489763,7.0,17.0,24.0,33.75,68.0
2015-11-22,PED,NOX,1,158.0,39.65822784810127,27.096612276066445,8.0,21.0,31.5,50.75,156.0
2015-11-22,PED,O3,1,158.0,26.550632911392405,26.51896268262538,1.0,5.25,19.0,38.5,109.0
2015-11-22,PED,PM10,2,156.0,43.44230769230769,23.880411836459356,7.0,24.0,40.0,59.0,116.0
2015-11-22,PED,PM2.5,2,156.0,24.55128205128205,14.390092860690258,2.0,14.75,22.0,32.0,67.0
2015-11-22,PED,PMCO,2,156.0,18.923076923076923,11.789299939017122,1.0,9.0,16.5,26.25,51.0
2015-11-22,PED,SO2,1,158.0,7.379746835443038,8.404281283045208,2.0,3.0,4.5,8.0,50.0
2015-11-22,SAG,CO,15,153.0,0.8516339869281058,0.486002027172971,0.3,0.5,0.7,1.0,3.1
2015-11-22,SAG,NO,1,154.0,23.805194805194805,34.07893143290824,1.0,4.0,11.0,26.75,209.0
2015-11-22,SAG,NO2,1,154.0,25.103896103896105,10.26840374352876,9.0,17.0,23.0,32.0,54.0
2015-11-22,SAG,NOX,1,154.0,48.87012987012987,37.62173292417983,14.0,21.25,40.5,56.5,233.0
2015-11-22,SAG,O3,1,154.0,22.7012987012987,23.89988100447032,1.0,3.0,12.5,35.75,98.0
2015-11-22,SAG,PM10,2,154.0,58.214285714285715,33.45740913395789,5.0,32.0,52.5,76.75,164.0
2015-11-22,SAG,PM2.5,2,154.0,32.29220779220779,22.12410784720983,1.0,17.0,28.0,40.0,109.0
2015-11-22,SAG,PMCO,2,154.0,25.88961038961039,13.992790715367484,3.0,15.0,24.0,35.0,63.0
2015-11-22,SAG,SO2,1,154.0,10.285714285714286,16.58281427336818,0.0,3.0,4.0,9.75,114.0
2015-11-22,SFE,CO,15,0.0,,,,,,,
2015-11-22,SFE,NO,1,0.0,,,,,,,
2015-11-22,SFE,NO2,1,0.0,,,,,,,
2015-11-22,SFE,NOX,1,0.0,,,,,,,
2015-11-22,SFE,O3,1,0.0,,,,,,,
2015-11-22,SFE,PM10,2,0.0,,,,,,,
2015-11-22,SFE,PM2.5,2,0.0,,,,,,,
2015-11-22,SFE,PMCO,2,0.0,,,,,,,
2015-11-22,SFE,SO2,1,0.0,,,,,,,
2015-11-22,SJA,CO,15,0.0,,,,,,,
2015-11-22,SJA,NO,1,0.0,,,,,,,
2015-11-22,SJA,NO2,1,0.0,,,,,,,
2015-11-22,SJA,NOX,1,0.0,,,,,,,
2015-11-22,SJA,O3,1,0.0,,,,,,,
2015-11-22,SJA,PM2.5,2,0.0,,,,,,,
2015-11-22,SJA,SO2,1,0.0,,,,,,,
2015-11-22,TAH,CO,15,0.0,,,,,,,
2015-11-22,TAH,NO,1,0.0,,,,,,,
2015-11-22,TAH,NO2,1,0.0,,,,,,,
2015-11-22,TAH,NOX,1,0.0,,,,,,,
2015-11-22,TAH,O3,1,0.0,,,,,,,
2015-11-22,TAH,PM10,2,0.0,,,,,,,
2015-11-22,TAH,SO2,1,0.0,,,,,,,
2015-11-22,TLA,CO,15,153.0,1.0248366013071895,0.5294337896270874,0.4,0.6,0.9,1.2,3.5
2015-11-22,TLA,NO,1,152.0,35.2828947368421,39.705941931625155,1.0,10.0,21.0,47.0,262.0
2015-11-22,TLA,NO2,1,152.0,35.16447368421053,15.896787996174872,11.0,23.0,31.5,46.0,92.0
2015-11-22,TLA,NOX,1,152.0,70.45394736842105,45.58244678068266,12.0,37.75,60.5,88.0,315.0
2015-11-22,TLA,O3,1,128.0,19.8203125,23.036237660930357,0.0,1.0,11.0,29.25,97.0
2015-11-22,TLA,PM10,2,161.0,68.05590062111801,35.98632525821527,11.0,39.0,66.0,93.0,193.0
2015-11-22,TLA,PM2.5,2,161.0,34.285714285714285,20.023245419832847,1.0,20.0,33.0,47.0,104.0
2015-11-22,TLA,PMCO,2,161.0,33.70807453416149,18.16543412347775,7.0,19.0,33.0,45.0,88.0
2015-11-22,TLA,SO2,1,153.0,13.098039215686274,14.721432954549437,1.0,4.0,7.0,17.0,72.0
2015-11-22,TLI,CO,15,0.0,,,,,,,
2015-11-22,TLI,NO,1,0.0,,,,,,,
2015-11-22,TLI,NO2,1,0.0,,,,,,,
2015-11-22,TLI,NOX,1,0.0,,,,,,,
2015-11-22,TLI,O3,1,0.0,,,,,,,
2015-11-22,TLI,PM10,2,0.0,,,,,,,
2015-11-22,TLI,SO2,1,0.0,,,,,,,
2015-11-22,UAX,CO,15,153.0,0.6640522875817001,0.36967524494034787,0.1,0.4,0.6,0.9,1.8
2015-11-22,UAX,NO,1,153.0,18.058823529411764,23.891540920463463,0.0,2.0,7.0,26.0,107.0
2015-11-22,UAX,NO2,1,153.0,25.901960784313726,10.416816304394764,9.0,17.0,23.0,32.0,60.0
2015-11-22,UAX,NOX,1,153.0,44.03921568627451,29.015849197360446,9.0,21.0,36.0,58.0,136.0
2015-11-22,UAX,O3,1,153.0,27.084967320261438,28.08210417976898,1.0,3.0,16.0,46.0,105.0
2015-11-22,UAX,PM2.5,2,155.0,23.761290322580646,11.71528243279267,1.0,16.0,22.0,29.0,85.0
2015-11-22,UAX,SO2,1,153.0,4.313725490196078,6.647586214317206,1.0,1.0,2.0,4.0,42.0
2015-11-22,UIZ,CO,15,154.0,0.8538961038961039,0.4323719526922596,0.3,0.6,0.7,1.0,2.8
2015-11-22,UIZ,NO,1,154.0,20.792207792207794,27.331820934885968,1.0,4.0,9.0,27.0,161.0
2015-11-22,UIZ,NO2,1,154.0,29.045454545454547,10.410741630417402,12.0,22.0,28.0,35.0,67.0
2015-11-22,UIZ,NOX,1,154.0,49.85064935064935,32.093772422913425,13.0,27.0,42.0,63.25,192.0
2015-11-22,UIZ,O3,1,154.0,24.876623376623378,25.559447026779438,2.0,3.0,14.5,41.75,102.0
2015-11-22,UIZ,PM10,2,153.0,55.36601307189542,29.89405671304893,7.0,36.0,50.0,71.0,145.0
2015-11-22,UIZ,PM2.5,2,153.0,31.26797385620915,19.60800270832902,1.0,19.0,28.0,37.0,98.0
2015-11-22,UIZ,PMCO,2,153.0,24.0718954248366,13.014215191152465,4.0,14.0,22.0,32.0,71.0
2015-11-22,UIZ,SO2,1,154.0,5.818181818181818,6.359034071277434,1.0,2.0,3.0,7.75,31.0
2015-11-22,VIF,CO,15,0.0,,,,,,,
2015-11-22,VIF,NO,1,0.0,,,,,,,
2015-11-22,VIF,NO2,1,0.0,,,,,,,
2015-11-22,VIF,NOX,1,0.0,,,,,,,
2015-11-22,VIF,O3,1,0.0,,,,,,,
2015-11-22,VIF,PM10,2,0.0,,,,,,,
2015-11-22,VIF,SO2,1,0.0,,,,,,,
2015-11-22,XAL,CO,15,158.0,1.3284810126582283,0.8097409959542022,0.5,0.8,1.2,1.5,5.4
2015-11-22,XAL,NO,1,157.0,50.210191082802545,68.12761703720734,2.0,12.0,23.0,55.0,469.0
2015-11-22,XAL,NO2,1,157.0,34.00636942675159,14.944983214206218,9.0,22.0,31.0,46.0,79.0
2015-11-22,XAL,NOX,1,157.0,84.23566878980891,74.14894401857038,14.0,37.0,60.0,96.0,511.0
2015-11-22,XAL,O3,1,158.0,19.481012658227847,19.537232630047765,1.0,3.0,14.0,30.0,86.0
2015-11-22,XAL,PM10,2,161.0,89.24223602484471,51.14987492622973,8.0,56.0,81.0,108.0,247.0
2015-11-22,XAL,PM2.5,2,161.0,39.94409937888199,26.406260727146925,1.0,22.0,36.0,52.0,150.0
2015-11-22,XAL,PMCO,2,161.0,49.27950310559006,29.233587527902767,6.0,30.0,43.0,61.0,146.0
2015-11-22,XAL,SO2,1,158.0,9.613924050632912,10.981005420504546,1.0,3.0,5.0,10.0,61.0
2015-11-29,ACO,CO,15,0.0,,,,,,,
2015-11-29,ACO,NO,1,0.0,,,,,,,
2015-11-29,ACO,NO2,1,0.0,,,,,,,
2015-11-29,ACO,NOX,1,0.0,,,,,,,
2015-11-29,ACO,O3,1,0.0,,,,,,,
2015-11-29,ACO,PM10,2,0.0,,,,,,,
2015-11-29,ACO,SO2,1,0.0,,,,,,,
2015-11-29,AJM,CO,15,120.0,0.8349999999999999,0.31319712159403673,0.4,0.6,0.7,0.9,2.0
2015-11-29,AJM,NO,1,153.0,9.875816993464053,11.986461804797417,0.0,2.0,5.0,12.0,49.0
2015-11-29,AJM,NO2,1,153.0,26.22222222222222,13.728199091373847,5.0,19.0,24.0,30.0,93.0
2015-11-29,AJM,NOX,1,153.0,36.04575163398693,20.804648983644146,6.0,23.0,30.0,45.0,102.0
2015-11-29,AJM,O3,1,153.0,33.78431372549019,28.741575694011857,1.0,8.0,30.0,49.0,129.0
2015-11-29,AJM,PM10,2,92.0,54.69565217391305,36.701869620442075,10.0,30.75,46.0,60.25,175.0
2015-11-29,AJM,PM2.5,2,92.0,36.358695652173914,27.03826410390483,5.0,19.0,27.0,40.5,127.0
2015-11-29,AJM,PMCO,2,92.0,18.25,10.742362479843605,4.0,11.0,17.0,21.25,57.0
2015-11-29,AJM,SO2,1,153.0,11.72549019607843,12.445795788833168,1.0,3.0,6.0,16.0,63.0
2015-11-29,AJU,O3,1,155.0,28.548387096774192,26.098264247499294,1.0,5.0,21.0,45.5,104.0
2015-11-29,AJU,PM2.5,2,158.0,20.253164556962027,16.336406417421454,1.0,9.0,16.0,25.75,105.0
2015-11-29,ATI,CO,15,0.0,,,,,,,
2015-11-29,ATI,NO,1,0.0,,,,,,,
2015-11-29,ATI,NO2,1,0.0,,,,,,,
2015-11-29,ATI,NOX,1,0.0,,,,,,,
2015-11-29,ATI,O3,1,0.0,,,,,,,
2015-11-29,ATI,PM10,2,0.0,,,,,,,
2015-11-29,ATI,SO2,1,0.0,,,,,,,
2015-11-29,BJU,CO,15,158.0,0.9841772151898734,0.4344294379385558,0.4,0.7,0.9,1.2,3.4
2015-11-29,BJU,O3,1,158.0,23.474683544303797,31.039259990006897,1.0,2.0,5.0,34.75,125.0
2015-11-29,BJU,PM10,2,161.0,62.18633540372671,33.297936304098506,16.0,40.0,51.0,77.0,181.0
2015-11-29,BJU,PM2.5,2,161.0,40.98757763975155,25.861648143931127,11.0,24.0,32.0,50.0,134.0
2015-11-29,BJU,PMCO,2,161.0,21.161490683229815,10.090156478666476,5.0,14.0,19.0,26.0,55.0
2015-11-29,BJU,SO2,1,158.0,14.99367088607595,17.582742275572688,1.0,3.0,8.5,18.75,116.0
2015-11-29,CAM,CO,15,157.0,1.0987261146496816,0.48476630123560943,0.4,0.8,1.0,1.3,3.3
2015-11-29,CAM,NO,1,157.0,31.14012738853503,34.46188131960054,1.0,7.0,18.0,42.0,196.0
2015-11-29,CAM,NO2,1,157.0,39.617834394904456,15.447402500033464,16.0,29.0,36.0,48.0,105.0
2015-11-29,CAM,NOX,1,157.0,70.7452229299363,38.72799697207712,18.0,46.0,62.0,89.0,251.0
2015-11-29,CAM,O3,1,149.0,20.63758389261745,26.075828810932084,1.0,2.0,8.0,33.0,97.0
2015-11-29,CAM,PM10,2,0.0,,,,,,,
2015-11-29,CAM,PM2.5,2,0.0,,,,,,,
2015-11-29,CAM,PMCO,2,0.0,,,,,,,
2015-11-29,CAM,SO2,1,157.0,21.78980891719745,26.874836158626096,1.0,4.0,10.0,26.0,140.0
2015-11-29,CCA,CO,15,158.0,0.9664556962025308,0.3219389425621683,0.5,0.7,0.9,1.2,1.9
2015-11-29,CCA,NO,1,158.0,25.126582278481013,30.469308809482072,0.0,4.0,13.5,34.75,163.0
2015-11-29,CCA,NO2,1,158.0,35.21518987341772,15.07067924460124,11.0,25.0,31.0,40.0,109.0
2015-11-29,CCA,NOX,1,158.0,60.29746835443038,34.486129306854004,11.0,36.0,48.5,75.0,190.0
2015-11-29,CCA,O3,1,158.0,25.063291139240505,31.68690049507464,1.0,1.0,8.5,42.0,129.0
2015-11-29,CCA,PM2.5,2,159.0,30.38993710691824,19.807910435449873,2.0,20.0,25.0,31.0,101.0
2015-11-29,CCA,SO2,1,158.0,13.424050632911392,14.143168909405267,2.0,5.0,8.0,16.0,88.0
2015-11-29,CHO,CO,15,158.0,0.8898734177215178,0.45779725624332146,0.4,0.6,0.7,1.0,2.8
2015-11-29,CHO,NO,1,0.0,,,,,,,
2015-11-29,CHO,NO2,1,0.0,,,,,,,
2015-11-29,CHO,NOX,1,0.0,,,,,,,
2015-11-29,CHO,O3,1,158.0,22.563291139240505,24.60941602826604,1.0,2.0,11.5,40.75,88.0
2015-11-29,CHO,PM10,2,161.0,57.04347826086956,34.291097209422844,11.0,31.0,50.0,72.0,162.0
2015-11-29,CHO,SO2,1,158.0,2.9936708860759493,4.034085402850431,0.0,1.0,1.0,2.75,22.0
2015-11-29,COY,NO,1,134.0,28.78358208955224,32.41399538542872,1.0,6.0,18.0,38.75,195.0
2015-11-29,COY,NO2,1,134.0,35.8134328358209,11.767910943606687,15.0,28.0,34.0,41.75,73.0
2015-11-29,COY,NOX,1,134.0,64.55223880597015,36.28346361349983,16.0,39.0,55.0,81.25,226.0
2015-11-29,COY,O3,1,134.0,26.425373134328357,32.84787832968789,1.0,2.0,9.0,38.0,146.0
2015-11-29,COY,PM2.5,2,136.0,36.0514705882353,18.11785280914776,10.0,25.0,31.0,40.25,88.0
2015-11-29,CUA,CO,15,154.0,0.9467532467532465,0.3944332959948862,0.4,0.625,0.9,1.1,2.6
2015-11-29,CUA,NO,1,154.0,25.72077922077922,31.443381371420337,2.0,5.0,13.0,33.0,188.0
2015-11-29,CUA,NO2,1,154.0,36.5,18.012069301523237,13.0,26.0,33.5,41.0,117.0
2015-11-29,CUA,NOX,1,154.0,62.23376623376623,37.08809371653786,16.0,37.25,50.5,81.5,219.0
2015-11-29,CUA,O3,1,154.0,27.07792207792208,27.209555335145996,2.0,6.0,16.0,42.75,114.0
2015-11-29,CUA,PM10,2,159.0,52.283018867924525,28.345100278815337,7.0,31.5,47.0,63.0,174.0
2015-11-29,CUA,SO2,1,0.0,,,,,,,
2015-11-29,CUT,NO,1,0.0,,,,,,,
2015-11-29,CUT,NO2,1,0.0,,,,,,,
2015-11-29,CUT,NOX,1,0.0,,,,,,,
2015-11-29,CUT,O3,1,61.0,16.081967213114755,19.618269616157292,1.0,2.0,5.0,23.0,66.0
2015-11-29,CUT,PM10,2,63.0,74.53968253968254,41.615298596993725,19.0,48.5,63.0,92.0,213.0
2015-11-29,CUT,SO2,1,61.0,37.34426229508197,60.76207294189953,3.0,8.0,14.0,41.0,299.0
2015-11-29,FAC,CO,15,157.0,1.0114649681528665,0.7624158762225404,0.3,0.5,0.7,1.2,4.9
2015-11-29,FAC,NO,1,157.0,33.802547770700635,51.300327320698855,0.0,5.0,14.0,37.0,335.0
2015-11-29,FAC,NO2,1,157.0,34.9171974522293,16.984141088251548,12.0,22.0,30.0,46.0,90.0
2015-11-29,FAC,NOX,1,157.0,68.60509554140127,56.36531006742732,15.0,31.0,51.0,77.0,357.0
2015-11-29,FAC,O3,1,157.0,22.955414012738853,24.84654027121863,2.0,4.0,11.0,39.0,99.0
2015-11-29,FAC,PM10,2,151.0,52.75496688741722,31.22775835426279,1.0,29.0,49.0,73.5,164.0
2015-11-29,FAC,SO2,1,157.0,21.522292993630572,28.065762056938357,2.0,6.0,11.0,23.0,147.0
2015-11-29,HGM,CO,15,154.0,0.9577922077922076,0.36814008195099407,0.2,0.7,0.9,1.2,2.2
2015-11-29,HGM,NO,1,154.0,28.383116883116884,25.824242056704065,1.0,8.0,20.0,40.0,131.0
2015-11-29,HGM,NO2,1,154.0,39.16233766233766,14.593610733405912,18.0,29.25,35.0,43.0,103.0
2015-11-29,HGM,NOX,1,154.0,67.5909090909091,30.69065848303683,19.0,43.25,59.5,85.0,170.0
2015-11-29,HGM,O3,1,23.0,14.043478260869565,20.084997252290226,2.0,2.0,3.0,15.5,61.0
2015-11-29,HGM,PM10,2,158.0,57.177215189873415,28.435090680431344,13.0,39.0,48.0,70.75,155.0
2015-11-29,HGM,PM2.5,2,158.0,39.00632911392405,22.749675390822826,7.0,23.0,31.5,49.0,117.0
2015-11-29,HGM,PMCO,2,158.0,18.17721518987342,7.842818117047763,5.0,13.0,17.0,22.0,41.0
2015-11-29,HGM,SO2,1,154.0,20.61038961038961,21.83009605945101,2.0,5.0,11.5,28.75,108.0
2015-11-29,INN,CO,15,155.0,0.34193548387096784,0.2499015306704226,0.1,0.2,0.3,0.4,1.5
2015-11-29,INN,O3,1,155.0,30.038709677419355,18.45348095518072,2.0,16.0,26.0,38.0,95.0
2015-11-29,INN,PM10,2,157.0,29.197452229299362,22.226525931996584,2.0,15.0,24.0,38.0,116.0
2015-11-29,INN,PM2.5,2,157.0,20.21019108280255,16.18999051611739,1.0,10.0,16.0,25.0,83.0
2015-11-29,INN,PMCO,2,157.0,9.05732484076433,6.88759758478643,1.0,4.0,8.0,12.0,36.0
2015-11-29,INN,SO2,1,156.0,3.1025641025641026,5.746448538211749,0.0,1.0,2.0,3.0,54.0
2015-11-29,IZT,CO,15,80.0,1.3624999999999998,0.5478092156114762,0.6,1.0,1.25,1.625,2.8
2015-11-29,IZT,NO,1,82.0,39.48780487804878,36.219237744274416,2.0,11.25,25.0,58.0,136.0
2015-11-29,IZT,NO2,1,82.0,44.28048780487805,15.72312474067927,25.0,33.0,39.5,53.25,85.0
2015-11-29,IZT,NOX,1,82.0,83.7560975609756,38.60517491557277,29.0,51.25,79.0,108.0,185.0
2015-11-29,IZT,O3,1,82.0,20.21951219512195,28.199476569104153,2.0,2.0,4.0,27.75,119.0
2015-11-29,IZT,PM10,2,85.0,56.470588235294116,30.235420821759828,16.0,37.0,46.0,68.0,146.0
2015-11-29,IZT,SO2,1,82.0,17.865853658536587,19.187034070506165,2.0,3.0,10.0,23.0,84.0
2015-11-29,LLA,CO,15,0.0,,,,,,,
2015-11-29,LLA,NO,1,0.0,,,,,,,
2015-11-29,LLA,NO2,1,0.0,,,,,,,
2015-11-29,LLA,NOX,1,0.0,,,,,,,
2015-11-29,LLA,O3,1,158.0,20.670886075949365,25.19186074146791,1.0,2.0,7.0,33.0,110.0
2015-11-29,LLA,SO2,1,158.0,14.49367088607595,18.782274756735156,2.0,3.0,7.0,15.0,97.0
2015-11-29,LPR,CO,15,0.0,,,,,,,
2015-11-29,LPR,NO,1,0.0,,,,,,,
2015-11-29,LPR,NO2,1,0.0,,,,,,,
2015-11-29,LPR,NOX,1,0.0,,,,,,,
2015-11-29,LPR,O3,1,0.0,,,,,,,
2015-11-29,LPR,SO2,1,0.0,,,,,,,
2015-11-29,MER,CO,15,153.0,1.094117647058824,0.4743742823470958,0.5,0.8,1.0,1.3,2.9
2015-11-29,MER,NO,1,153.0,39.93464052287582,36.25778921806691,3.0,13.0,31.0,51.0,194.0
2015-11-29,MER,NO2,1,153.0,39.908496732026144,14.008624917079601,18.0,30.0,36.0,46.0,96.0
2015-11-29,MER,NOX,1,153.0,79.79084967320262,40.47378189623293,24.0,51.0,68.0,99.0,235.0
2015-11-29,MER,O3,1,153.0,18.320261437908496,25.01411538216479,0.0,1.0,4.0,27.0,93.0
2015-11-29,MER,PM10,2,155.0,71.4,31.354819012787733,12.0,50.0,65.0,84.5,182.0
2015-11-29,MER,PM2.5,2,155.0,38.89677419354839,21.679236039143255,3.0,25.0,35.0,47.0,110.0
2015-11-29,MER,PMCO,2,155.0,32.49677419354839,13.044566064546448,9.0,22.0,30.0,40.5,74.0
2015-11-29,MER,SO2,1,153.0,19.562091503267975,25.501762081884575,2.0,4.0,9.0,25.0,166.0
2015-11-29,MGH,CO,15,153.0,0.976470588235294,0.4476201258766004,0.4,0.7,0.9,1.1,2.8
2015-11-29,MGH,NO,1,153.0,44.43790849673203,55.123405820767694,2.0,9.0,22.0,59.0,300.0
2015-11-29,MGH,NO2,1,153.0,39.4640522875817,16.541425726033395,20.0,28.0,36.0,45.0,125.0
2015-11-29,MGH,NOX,1,153.0,83.86928104575163,57.35229229696531,25.0,46.0,66.0,100.0,335.0
2015-11-29,MGH,O3,1,153.0,21.856209150326798,28.260400577452415,0.0,1.0,7.0,34.0,107.0
2015-11-29,MGH,PM10,2,157.0,53.63694267515923,24.648855194262435,21.0,37.0,47.0,65.0,141.0
2015-11-29,MGH,PM2.5,2,157.0,38.24203821656051,19.885699433836592,14.0,25.0,33.0,45.0,106.0
2015-11-29,MGH,PMCO,2,157.0,15.445859872611464,6.444432007812277,3.0,11.0,14.0,19.0,40.0
2015-11-29,MGH,SO2,1,153.0,14.581699346405228,15.521044448664965,1.0,4.0,10.0,20.0,89.0
2015-11-29,MON,CO,15,153.0,0.4359477124183009,0.30340488388259584,0.1,0.2,0.4,0.5,1.8
2015-11-29,MON,NO,1,153.0,23.92156862745098,35.348365817167156,1.0,2.0,11.0,31.0,209.0
2015-11-29,MON,NO2,1,153.0,15.320261437908497,6.1469436080603685,4.0,11.0,15.0,19.0,39.0
2015-11-29,MON,NOX,1,153.0,39.26143790849673,36.5503926182797,4.0,16.0,29.0,48.0,225.0
2015-11-29,MON,O3,1,153.0,20.18954248366013,23.0382267095556,1.0,1.0,10.0,34.0,96.0
2015-11-29,MON,SO2,1,0.0,,,,,,,
2015-11-29,NEZ,CO,15,158.0,0.956329113924051,0.501771834399523,0.3,0.6,0.9,1.2,4.3
2015-11-29,NEZ,NO,1,158.0,22.373417721518987,29.636757212179884,1.0,5.0,13.0,29.75,275.0
2015-11-29,NEZ,NO2,1,158.0,29.746835443037973,12.365421640290936,12.0,22.0,26.0,37.0,74.0
2015-11-29,NEZ,NOX,1,158.0,52.08227848101266,33.96531861562331,14.0,30.0,44.5,68.5,311.0
2015-11-29,NEZ,O3,1,158.0,21.49367088607595,26.630461662344345,1.0,1.0,7.0,36.5,113.0
2015-11-29,NEZ,PM2.5,2,156.0,28.71153846153846,19.603491991556698,1.0,14.0,24.5,36.25,94.0
2015-11-29,NEZ,SO2,1,158.0,7.784810126582278,8.286541749580465,1.0,2.0,5.0,9.75,50.0
2015-11-29,PED,CO,15,112.0,0.7892857142857147,0.3874976647083697,0.2,0.5,0.7,1.0,2.2
2015-11-29,PED,NO,1,157.0,17.726114649681527,18.959677680699166,1.0,4.0,10.0,27.0,101.0
2015-11-29,PED,NO2,1,157.0,32.095541401273884,14.680697006915302,10.0,22.0,29.0,39.0,95.0
2015-11-29,PED,NOX,1,157.0,49.82802547770701,25.152911424476336,11.0,30.0,41.0,67.0,121.0
2015-11-29,PED,O3,1,157.0,27.21656050955414,31.631353820289252,1.0,2.0,14.0,44.0,136.0
2015-11-29,PED,PM10,2,160.0,58.475,34.37600999088,10.0,37.75,49.0,69.0,185.0
2015-11-29,PED,PM2.5,2,160.0,33.84375,23.049999488396836,2.0,19.0,25.5,40.0,113.0
2015-11-29,PED,PMCO,2,160.0,24.65,13.373304865248073,6.0,16.0,23.0,29.25,86.0
2015-11-29,PED,SO2,1,157.0,11.509554140127388,14.392224500819387,1.0,3.0,7.0,13.0,99.0
2015-11-29,SAG,CO,15,158.0,0.8683544303797466,0.4269710543143235,0.3,0.6,0.8,1.0,2.6
2015-11-29,SAG,NO,1,154.0,27.967532467532468,32.148840703474384,2.0,7.0,16.0,35.75,159.0
2015-11-29,SAG,NO2,1,154.0,26.662337662337663,9.28152341227232,11.0,20.0,25.0,33.0,55.0
2015-11-29,SAG,NOX,1,154.0,54.62337662337662,34.66932077360298,14.0,30.0,46.5,64.0,186.0
2015-11-29,SAG,O3,1,158.0,21.050632911392405,24.813648768409,1.0,2.0,9.0,36.0,97.0
2015-11-29,SAG,PM10,2,159.0,56.283018867924525,23.890343389839586,11.0,41.0,54.0,69.0,136.0
2015-11-29,SAG,PM2.5,2,159.0,32.459119496855344,18.09249866880102,3.0,20.0,31.0,40.5,100.0
2015-11-29,SAG,PMCO,2,159.0,23.79874213836478,9.884638301786119,5.0,16.0,23.0,31.5,50.0
2015-11-29,SAG,SO2,1,158.0,11.791139240506329,16.86894172354059,0.0,2.0,6.0,12.75,103.0
2015-11-29,SFE,CO,15,0.0,,,,,,,
2015-11-29,SFE,NO,1,0.0,,,,,,,
2015-11-29,SFE,NO2,1,0.0,,,,,,,
2015-11-29,SFE,NOX,1,0.0,,,,,,,
2015-11-29,SFE,O3,1,0.0,,,,,,,
2015-11-29,SFE,PM10,2,0.0,,,,,,,
2015-11-29,SFE,PM2.5,2,0.0,,,,,,,
2015-11-29,SFE,PMCO,2,0.0,,,,,,,
2015-11-29,SFE,SO2,1,0.0,,,,,,,
2015-11-29,SJA,CO,15,0.0,,,,,,,
2015-11-29,SJA,NO,1,0.0,,,,,,,
2015-11-29,SJA,NO2,1,0.0,,,,,,,
2015-11-29,SJA,NOX,1,0.0,,,,,,,
2015-11-29,SJA,O3,1,0.0,,,,,,,
2015-11-29,SJA,PM2.5,2,0.0,,,,,,,
2015-11-29,SJA,SO2,1,0.0,,,,,,,
2015-11-29,TAH,CO,15,0.0,,,,,,,
2015-11-29,TAH,NO,1,0.0,,,,,,,
2015-11-29,TAH,NO2,1,0.0,,,,,,,
2015-11-29,TAH,NOX,1,0.0,,,,,,,
2015-11-29,TAH,O3,1,0.0,,,,,,,
2015-11-29,TAH,PM10,2,0.0,,,,,,,
2015-11-29,TAH,SO2,1,0.0,,,,,,,
2015-11-29,TLA,CO,15,158.0,1.0905063291139239,0.5147243371667879,0.4,0.7,1.0,1.3,3.2
2015-11-29,TLA,NO,1,158.0,39.91772151898734,42.08740755891523,2.0,12.25,24.0,52.0,218.0
2015-11-29,TLA,NO2,1,158.0,39.664556962025316,15.852268120983105,17.0,27.0,36.5,48.75,113.0
2015-11-29,TLA,NOX,1,158.0,79.65822784810126,45.686800300308164,19.0,49.0,71.0,94.5,251.0
2015-11-29,TLA,O3,1,131.0,21.85496183206107,25.16105725350024,0.0,2.0,9.0,38.0,93.0
2015-11-29,TLA,PM10,2,161.0,73.32298136645963,32.68535652331027,15.0,47.0,69.0,95.0,164.0
2015-11-29,TLA,PM2.5,2,161.0,39.94409937888199,20.735913425505572,2.0,26.0,36.0,52.0,100.0
2015-11-29,TLA,PMCO,2,161.0,33.41614906832298,14.919181866900068,6.0,20.0,33.0,43.0,79.0
2015-11-29,TLA,SO2,1,132.0,25.325757575757574,33.07717005445011,1.0,6.0,13.0,29.0,172.0
2015-11-29,TLI,CO,15,0.0,,,,,,,
2015-11-29,TLI,NO,1,0.0,,,,,,,
2015-11-29,TLI,NO2,1,0.0,,,,,,,
2015-11-29,TLI,NOX,1,0.0,,,,,,,
2015-11-29,TLI,O3,1,0.0,,,,,,,
2015-11-29,TLI,PM10,2,0.0,,,,,,,
2015-11-29,TLI,SO2,1,0.0,,,,,,,
2015-11-29,UAX,CO,15,158.0,0.7803797468354429,0.3843198741957619,0.2,0.5,0.7,0.9,2.1
2015-11-29,UAX,NO,1,158.0,22.77848101265823,27.411612076980678,0.0,3.0,12.0,29.0,143.0
2015-11-29,UAX,NO2,1,158.0,30.40506329113924,12.195351507997296,8.0,23.0,28.0,36.0,76.0
2015-11-29,UAX,NOX,1,158.0,53.15822784810127,30.142025205080003,10.0,33.0,47.0,68.0,167.0
2015-11-29,UAX,O3,1,158.0,27.335443037974684,32.7282987388208,0.0,2.0,10.5,41.5,143.0
2015-11-29,UAX,PM2.5,2,159.0,31.20754716981132,23.331967387543514,1.0,18.0,26.0,34.0,123.0
2015-11-29,UAX,SO2,1,156.0,7.602564102564102,10.398932629581472,1.0,2.0,4.0,10.0,69.0
2015-11-29,UIZ,CO,15,157.0,1.052229299363058,0.4435558513181944,0.4,0.7,1.0,1.3,2.7
2015-11-29,UIZ,NO,1,157.0,25.222929936305732,24.4080164232864,1.0,6.0,18.0,38.0,124.0
2015-11-29,UIZ,NO2,1,157.0,32.76433121019108,13.024700462813216,8.0,24.0,30.0,39.0,78.0
2015-11-29,UIZ,NOX,1,157.0,58.05095541401274,29.281086084475433,10.0,36.0,56.0,77.0,157.0
2015-11-29,UIZ,O3,1,157.0,22.643312101910826,27.86897289994955,2.0,2.0,8.0,34.0,123.0
2015-11-29,UIZ,PM10,2,155.0,65.72258064516129,32.27107898338031,9.0,43.5,59.0,82.5,185.0
2015-11-29,UIZ,PM2.5,2,155.0,38.50967741935484,23.7219739607935,2.0,23.0,33.0,49.5,132.0
2015-11-29,UIZ,PMCO,2,155.0,27.219354838709677,11.178754761717537,1.0,19.0,25.0,34.0,61.0
2015-11-29,UIZ,SO2,1,157.0,9.757961783439491,11.358043164955472,1.0,3.0,6.0,12.0,80.0
2015-11-29,VIF,CO,15,0.0,,,,,,,
2015-11-29,VIF,NO,1,0.0,,,,,,,
2015-11-29,VIF,NO2,1,0.0,,,,,,,
2015-11-29,VIF,NOX,1,0.0,,,,,,,
2015-11-29,VIF,O3,1,0.0,,,,,,,
2015-11-29,VIF,PM10,2,0.0,,,,,,,
2015-11-29,VIF,SO2,1,0.0,,,,,,,
2015-11-29,XAL,CO,15,157.0,1.322292993630573,0.6578518582861921,0.4,0.9,1.1,1.6,3.7
2015-11-29,XAL,NO,1,156.0,50.07692307692308,51.82358890742378,4.0,13.0,32.5,66.5,240.0
2015-11-29,XAL,NO2,1,156.0,35.46153846153846,13.222846609432315,12.0,26.0,32.5,42.5,86.0
2015-11-29,XAL,NOX,1,156.0,85.4551282051282,56.65359857587478,18.0,43.75,68.5,107.0,275.0
2015-11-29,XAL,O3,1,157.0,17.32484076433121,19.36763642056906,1.0,2.0,9.0,30.0,78.0
2015-11-29,XAL,PM10,2,160.0,93.3625,42.539731705605604,15.0,63.0,85.5,118.5,246.0
2015-11-29,XAL,PM2.5,2,160.0,42.89375,23.554459011154886,5.0,26.75,36.5,60.0,116.0
2015-11-29,XAL,PMCO,2,160.0,50.4375,23.745952981905525,9.0,33.0,47.5,62.0,156.0
2015-11-29,XAL,SO2,1,157.0,14.611464968152866,15.721800021531703,2.0,5.0,9.0,16.0,77.0
2015-12-06,ACO,CO,15,0.0,,,,,,,
2015-12-06,ACO,NO,1,0.0,,,,,,,
2015-12-06,ACO,NO2,1,0.0,,,,,,,
2015-12-06,ACO,NOX,1,0.0,,,,,,,
2015-12-06,ACO,O3,1,0.0,,,,,,,
2015-12-06,ACO,PM10,2,131.0,38.541984732824424,22.569298254993264,6.0,22.0,35.0,50.0,115.0
2015-12-06,ACO,SO2,1,0.0,,,,,,,
2015-12-06,AJM,CO,15,155.0,0.8354838709677418,0.2862071576250799,0.4,0.6,0.8,1.0,1.8
2015-12-06,AJM,NO,1,155.0,10.529032258064516,12.209911705765483,1.0,2.0,5.0,14.0,64.0
2015-12-06,AJM,NO2,1,155.0,30.303225806451614,11.835657215989093,10.0,23.0,29.0,34.5,89.0
2015-12-06,AJM,NOX,1,155.0,40.83225806451613,19.687763803168046,11.0,27.0,37.0,53.0,107.0
2015-12-06,AJM,O3,1,155.0,35.6,31.951993210594384,1.0,10.0,26.0,52.5,125.0
2015-12-06,AJM,PM10,2,69.0,59.231884057971016,27.57777500704691,15.0,34.0,60.0,82.0,128.0
2015-12-06,AJM,PM2.5,2,69.0,43.27536231884058,21.498894676081957,8.0,26.0,43.0,62.0,88.0
2015-12-06,AJM,PMCO,2,69.0,15.91304347826087,7.339937350339263,4.0,10.0,16.0,21.0,40.0
2015-12-06,AJM,SO2,1,155.0,13.8,14.189075732050707,1.0,3.0,10.0,19.5,65.0
2015-12-06,AJU,O3,1,155.0,29.206451612903226,25.566490033867854,1.0,6.0,23.0,50.0,91.0
2015-12-06,AJU,PM2.5,2,153.0,23.00653594771242,16.296793651394538,1.0,11.0,21.0,31.0,78.0
2015-12-06,ATI,CO,15,0.0,,,,,,,
2015-12-06,ATI,NO,1,0.0,,,,,,,
2015-12-06,ATI,NO2,1,0.0,,,,,,,
2015-12-06,ATI,NOX,1,0.0,,,,,,,
2015-12-06,ATI,O3,1,0.0,,,,,,,
2015-12-06,ATI,PM10,2,128.0,56.3203125,32.062422775459176,3.0,31.75,49.0,78.25,137.0
2015-12-06,ATI,SO2,1,0.0,,,,,,,
2015-12-06,BJU,CO,15,84.0,1.014285714285715,0.34611191766897564,0.4,0.8,0.95,1.3,1.8
2015-12-06,BJU,O3,1,153.0,23.137254901960784,31.196123836381652,1.0,2.0,8.0,34.0,129.0
2015-12-06,BJU,PM10,2,158.0,66.0632911392405,28.807881870925886,11.0,42.25,66.5,86.0,142.0
2015-12-06,BJU,PM2.5,2,158.0,42.95569620253165,22.08130457949886,8.0,26.0,36.0,57.75,101.0
2015-12-06,BJU,PMCO,2,158.0,23.151898734177216,14.333683644398793,3.0,11.0,21.0,30.75,69.0
2015-12-06,BJU,SO2,1,153.0,11.437908496732026,14.388788611349407,1.0,3.0,6.0,14.0,88.0
2015-12-06,CAM,CO,15,148.0,1.25472972972973,0.8348965848591364,0.4,0.7,1.0,1.4,5.2
2015-12-06,CAM,NO,1,148.0,46.770270270270274,62.64760470629873,3.0,10.0,23.5,54.25,422.0
2015-12-06,CAM,NO2,1,148.0,46.9527027027027,20.72605066864347,19.0,31.0,41.0,57.0,120.0
2015-12-06,CAM,NOX,1,148.0,93.70945945945945,72.38523671954056,23.0,48.75,69.5,103.0,496.0
2015-12-06,CAM,O3,1,147.0,17.06122448979592,25.17261626151044,0.0,1.0,5.0,20.0,106.0
2015-12-06,CAM,PM10,2,0.0,,,,,,,
2015-12-06,CAM,PM2.5,2,0.0,,,,,,,
2015-12-06,CAM,PMCO,2,0.0,,,,,,,
2015-12-06,CAM,SO2,1,148.0,13.243243243243244,14.42013974364134,0.0,4.0,10.0,15.0,107.0
2015-12-06,CCA,CO,15,150.0,1.0326666666666666,0.3898884140257298,0.4,0.7,1.0,1.3,2.5
2015-12-06,CCA,NO,1,150.0,27.186666666666667,32.36523668786153,1.0,5.0,14.5,41.5,186.0
2015-12-06,CCA,NO2,1,150.0,39.346666666666664,14.074579239203787,16.0,29.0,37.0,49.0,90.0
2015-12-06,CCA,NOX,1,150.0,66.55333333333333,36.18864382419507,17.0,43.0,56.5,83.0,220.0
2015-12-06,CCA,O3,1,150.0,23.386666666666667,30.802637964837377,1.0,2.0,8.5,34.0,125.0
2015-12-06,CCA,PM2.5,2,153.0,31.18300653594771,13.933789821725087,4.0,21.0,29.0,38.0,81.0
2015-12-06,CCA,SO2,1,150.0,12.1,14.916658855433948,2.0,4.0,6.0,13.75,84.0
2015-12-06,CHO,CO,15,152.0,0.964473684210526,0.594612444847729,0.4,0.6,0.8,1.0,4.1
2015-12-06,CHO,NO,1,0.0,,,,,,,
2015-12-06,CHO,NO2,1,0.0,,,,,,,
2015-12-06,CHO,NOX,1,0.0,,,,,,,
2015-12-06,CHO,O3,1,150.0,25.86,28.132960916563434,1.0,2.0,9.5,48.0,101.0
2015-12-06,CHO,PM10,2,157.0,73.12738853503184,37.06175133107281,3.0,50.0,65.0,95.0,210.0
2015-12-06,CHO,SO2,1,152.0,4.006578947368421,7.319118311289497,0.0,1.0,2.0,4.0,52.0
2015-12-06,COY,NO,1,155.0,25.83225806451613,28.988089662318774,1.0,5.0,15.0,36.0,132.0
2015-12-06,COY,NO2,1,155.0,42.63870967741936,13.768910901562453,17.0,32.0,39.0,50.5,81.0
2015-12-06,COY,NOX,1,155.0,68.44516129032257,33.48718342452203,18.0,46.5,60.0,81.0,182.0
2015-12-06,COY,O3,1,155.0,24.787096774193547,31.61722921248777,1.0,2.0,9.0,37.0,133.0
2015-12-06,COY,PM2.5,2,161.0,43.20496894409938,20.750939139115594,11.0,27.0,38.0,58.0,93.0
2015-12-06,CUA,CO,15,155.0,0.9909677419354839,0.44871645834716256,0.4,0.7,0.9,1.1,3.3
2015-12-06,CUA,NO,1,155.0,25.303225806451614,38.66865138476144,2.0,6.0,12.0,26.0,321.0
2015-12-06,CUA,NO2,1,155.0,41.03225806451613,17.684617776672372,14.0,27.0,37.0,52.0,94.0
2015-12-06,CUA,NOX,1,155.0,66.36129032258064,45.74844882346097,17.0,39.5,56.0,79.5,368.0
2015-12-06,CUA,O3,1,155.0,30.690322580645162,32.279535502124695,2.0,6.0,18.0,46.0,143.0
2015-12-06,CUA,PM10,2,159.0,54.9748427672956,27.306731605157992,2.0,33.5,53.0,75.0,123.0
2015-12-06,CUA,SO2,1,0.0,,,,,,,
2015-12-06,CUT,NO,1,0.0,,,,,,,
2015-12-06,CUT,NO2,1,0.0,,,,,,,
2015-12-06,CUT,NOX,1,0.0,,,,,,,
2015-12-06,CUT,O3,1,153.0,18.947712418300654,22.722812224512122,1.0,2.0,9.0,30.0,108.0
2015-12-06,CUT,PM10,2,154.0,71.28571428571429,51.28998861219801,2.0,36.0,56.0,86.5,262.0
2015-12-06,CUT,SO2,1,110.0,27.327272727272728,34.76212984546298,1.0,6.0,15.0,28.5,158.0
2015-12-06,FAC,CO,15,149.0,1.0832214765100674,0.7675340193678677,0.3,0.6,0.9,1.2,3.7
2015-12-06,FAC,NO,1,149.0,36.557046979865774,50.64774781555758,0.0,6.0,17.0,40.0,289.0
2015-12-06,FAC,NO2,1,149.0,41.624161073825505,24.03220713679398,10.0,25.0,33.0,53.0,136.0
2015-12-06,FAC,NOX,1,149.0,78.21476510067114,61.60429124206928,10.0,37.0,59.0,92.0,326.0
2015-12-06,FAC,O3,1,146.0,21.931506849315067,24.382203101003256,1.0,4.0,12.5,32.25,110.0
2015-12-06,FAC,PM10,2,157.0,57.22929936305732,36.151545807192676,1.0,27.0,54.0,80.0,156.0
2015-12-06,FAC,SO2,1,149.0,16.966442953020135,20.001491872527687,1.0,4.0,12.0,21.0,120.0
2015-12-06,GAM,O3,1,135.0,26.962962962962962,32.57469199116874,0.0,4.0,10.0,43.0,120.0
2015-12-06,GAM,PM2.5,2,114.0,47.19298245614035,22.288882578574,5.0,30.0,49.5,60.75,95.0
2015-12-06,HGM,CO,15,155.0,1.1645161290322585,0.5744270929611305,0.5,0.8,1.0,1.3,3.7
2015-12-06,HGM,NO,1,155.0,31.296774193548387,38.423676107713824,1.0,7.0,18.0,36.5,221.0
2015-12-06,HGM,NO2,1,155.0,46.33548387096774,18.632215300511323,21.0,32.5,42.0,56.0,128.0
2015-12-06,HGM,NOX,1,155.0,77.65161290322581,48.218468406136665,28.0,48.5,66.0,92.5,313.0
2015-12-06,HGM,O3,1,0.0,,,,,,,
2015-12-06,HGM,PM10,2,161.0,63.285714285714285,26.748464575426706,14.0,43.0,63.0,80.0,142.0
2015-12-06,HGM,PM2.5,2,161.0,43.95652173913044,21.88331208537882,10.0,27.0,39.0,58.0,111.0
2015-12-06,HGM,PMCO,2,161.0,19.354037267080745,11.136881261089322,2.0,11.0,18.0,25.0,49.0
2015-12-06,HGM,SO2,1,155.0,13.670967741935485,14.006079235492734,2.0,5.0,9.0,17.0,84.0
2015-12-06,INN,CO,15,136.0,0.3345588235294117,0.2348770131983461,0.0,0.2,0.3,0.4,1.3
2015-12-06,INN,O3,1,136.0,34.904411764705884,19.760371370205903,7.0,19.0,29.0,46.25,89.0
2015-12-06,INN,PM10,2,146.0,35.205479452054796,21.013597505267104,2.0,21.25,32.0,46.0,126.0
2015-12-06,INN,PM2.5,2,146.0,24.71917808219178,17.078214858938512,1.0,14.0,22.0,31.0,105.0
2015-12-06,INN,PMCO,2,146.0,10.465753424657533,5.848860052283273,1.0,6.0,10.0,14.0,26.0
2015-12-06,INN,SO2,1,136.0,4.625,5.526954154163233,1.0,2.0,2.0,4.0,30.0
2015-12-06,IZT,CO,15,123.0,1.1853658536585368,0.560983171897642,0.5,0.9,1.1,1.3,4.0
2015-12-06,IZT,NO,1,123.0,28.024390243902438,33.09758631550095,2.0,7.0,16.0,33.0,199.0
2015-12-06,IZT,NO2,1,123.0,40.447154471544714,14.700397704017089,21.0,29.0,38.0,48.0,119.0
2015-12-06,IZT,NOX,1,123.0,68.48780487804878,39.86459990354616,25.0,46.0,59.0,77.0,298.0
2015-12-06,IZT,O3,1,123.0,23.21951219512195,29.9651536926756,2.0,3.0,7.0,34.5,132.0
2015-12-06,IZT,PM10,2,126.0,53.992063492063494,22.081484019601955,12.0,36.25,55.5,69.0,114.0
2015-12-06,IZT,SO2,1,123.0,10.43089430894309,11.514126249612541,1.0,4.0,6.0,12.0,71.0
2015-12-06,LLA,CO,15,0.0,,,,,,,
2015-12-06,LLA,NO,1,0.0,,,,,,,
2015-12-06,LLA,NO2,1,0.0,,,,,,,
2015-12-06,LLA,NOX,1,0.0,,,,,,,
2015-12-06,LLA,O3,1,155.0,21.438709677419354,24.983392892122914,1.0,2.5,10.0,30.0,104.0
2015-12-06,LLA,SO2,1,155.0,16.148387096774194,21.28220815012593,2.0,3.0,7.0,22.0,145.0
2015-12-06,LPR,CO,15,0.0,,,,,,,
2015-12-06,LPR,NO,1,0.0,,,,,,,
2015-12-06,LPR,NO2,1,0.0,,,,,,,
2015-12-06,LPR,NOX,1,0.0,,,,,,,
2015-12-06,LPR,O3,1,0.0,,,,,,,
2015-12-06,LPR,SO2,1,0.0,,,,,,,
2015-12-06,MER,CO,15,155.0,1.2109677419354836,0.6452189542726253,0.4,0.8,1.0,1.4,3.7
2015-12-06,MER,NO,1,155.0,44.45161290322581,47.29297929120974,3.0,13.0,30.0,55.0,264.0
2015-12-06,MER,NO2,1,155.0,46.21290322580645,16.844971925737525,23.0,32.0,45.0,56.0,96.0
2015-12-06,MER,NOX,1,155.0,90.69677419354839,55.54936662450568,31.0,54.0,77.0,108.5,328.0
2015-12-06,MER,O3,1,155.0,19.470967741935485,26.852243534267817,1.0,1.0,5.0,31.0,111.0
2015-12-06,MER,PM10,2,158.0,81.4873417721519,35.14405972977639,6.0,53.25,85.5,107.0,161.0
2015-12-06,MER,PM2.5,2,158.0,44.31012658227848,22.674349799660806,1.0,27.0,42.0,61.0,95.0
2015-12-06,MER,PMCO,2,158.0,37.151898734177216,20.39144856835322,3.0,21.25,35.0,46.75,96.0
2015-12-06,MER,SO2,1,155.0,11.477419354838709,11.43095335463,2.0,4.5,8.0,15.0,89.0
2015-12-06,MGH,CO,15,155.0,1.1580645161290328,0.5530166348384509,0.3,0.8,1.1,1.4,3.2
2015-12-06,MGH,NO,1,155.0,49.987096774193546,64.32385462628989,1.0,10.5,24.0,61.0,383.0
2015-12-06,MGH,NO2,1,155.0,46.92258064516129,21.042793591350804,15.0,29.5,43.0,59.0,112.0
2015-12-06,MGH,NOX,1,155.0,96.78709677419354,70.58779070109787,21.0,51.5,75.0,110.5,434.0
2015-12-06,MGH,O3,1,155.0,21.412903225806453,30.694512199722027,0.0,1.0,7.0,25.0,132.0
2015-12-06,MGH,PM10,2,161.0,60.93788819875776,28.228020086651888,10.0,38.0,62.0,78.0,136.0
2015-12-06,MGH,PM2.5,2,161.0,43.27950310559006,21.843251583762726,6.0,24.0,41.0,55.0,108.0
2015-12-06,MGH,PMCO,2,161.0,17.664596273291924,10.207805897558789,2.0,9.0,17.0,23.0,50.0
2015-12-06,MGH,SO2,1,155.0,14.083870967741936,16.76110015556261,1.0,4.0,10.0,16.0,105.0
2015-12-06,MON,CO,15,153.0,0.5241830065359478,0.4211553882180684,0.2,0.3,0.4,0.6,2.9
2015-12-06,MON,NO,1,153.0,25.359477124183005,49.38205171217327,0.0,1.0,4.0,26.0,295.0
2015-12-06,MON,NO2,1,153.0,17.751633986928105,9.132994728305626,6.0,12.0,15.0,20.0,51.0
2015-12-06,MON,NOX,1,153.0,43.03921568627451,53.43169303356798,8.0,14.0,21.0,54.0,322.0
2015-12-06,MON,O3,1,153.0,25.398692810457515,26.194701118758097,1.0,3.0,13.0,46.0,105.0
2015-12-06,MON,SO2,1,0.0,,,,,,,
2015-12-06,NEZ,CO,15,151.0,0.9443708609271521,0.5620955745054274,0.2,0.6499999999999999,0.8,1.1,3.3
2015-12-06,NEZ,NO,1,151.0,20.7682119205298,31.204581652616167,0.0,3.0,10.0,22.0,185.0
2015-12-06,NEZ,NO2,1,151.0,32.7682119205298,15.320767477995028,14.0,23.0,27.0,37.0,96.0
2015-12-06,NEZ,NOX,1,151.0,53.602649006622514,38.569085974857934,16.0,29.5,39.0,58.5,221.0
2015-12-06,NEZ,O3,1,151.0,26.483443708609272,31.674564833556015,1.0,4.0,9.0,45.0,127.0
2015-12-06,NEZ,PM2.5,2,152.0,31.69078947368421,18.272127491926412,3.0,17.0,32.0,44.25,77.0
2015-12-06,NEZ,SO2,1,151.0,6.185430463576159,6.8803139206579145,0.0,2.0,3.0,8.0,37.0
2015-12-06,PED,CO,15,135.0,0.8688888888888889,0.43322233557354933,0.2,0.5,0.8,1.1,2.4
2015-12-06,PED,NO,1,155.0,18.70967741935484,25.546740392865395,1.0,3.0,10.0,23.5,148.0
2015-12-06,PED,NO2,1,155.0,36.729032258064514,14.83866031575914,13.0,27.0,34.0,46.0,95.0
2015-12-06,PED,NOX,1,155.0,55.41935483870968,31.389027565840834,14.0,36.5,49.0,64.5,197.0
2015-12-06,PED,O3,1,155.0,29.387096774193548,34.037486419773835,1.0,4.0,16.0,42.0,132.0
2015-12-06,PED,PM10,2,131.0,60.45038167938932,30.933231754478502,9.0,34.5,59.0,82.5,155.0
2015-12-06,PED,PM2.5,2,131.0,37.12977099236641,20.820994192831456,2.0,21.0,31.0,50.0,101.0
2015-12-06,PED,PMCO,2,131.0,23.244274809160306,12.79127803986489,4.0,11.0,23.0,34.0,61.0
2015-12-06,PED,SO2,1,155.0,12.238709677419354,14.725666201483149,1.0,3.0,8.0,15.0,89.0
2015-12-06,SAG,CO,15,155.0,0.9316129032258065,0.5069330802821748,0.3,0.6,0.8,1.1,3.2
2015-12-06,SAG,NO,1,155.0,25.387096774193548,36.198476522576335,1.0,6.0,12.0,28.0,217.0
2015-12-06,SAG,NO2,1,155.0,30.587096774193547,13.13752783519198,11.0,20.5,27.0,37.0,73.0
2015-12-06,SAG,NOX,1,155.0,55.96774193548387,41.20150346437832,13.0,32.0,46.0,65.0,259.0
2015-12-06,SAG,O3,1,155.0,23.651612903225807,26.942120152110185,1.0,3.0,11.0,37.5,116.0
2015-12-06,SAG,PM10,2,161.0,66.16770186335404,32.38599929461124,13.0,41.0,63.0,90.0,160.0
2015-12-06,SAG,PM2.5,2,161.0,37.42857142857143,20.476118493782668,3.0,22.0,36.0,50.0,99.0
2015-12-06,SAG,PMCO,2,161.0,28.70807453416149,18.628150656852927,3.0,15.0,25.0,41.0,96.0
2015-12-06,SAG,SO2,1,152.0,10.842105263157896,11.958595934747862,0.0,3.0,6.0,15.0,70.0
2015-12-06,SFE,CO,15,0.0,,,,,,,
2015-12-06,SFE,NO,1,0.0,,,,,,,
2015-12-06,SFE,NO2,1,0.0,,,,,,,
2015-12-06,SFE,NOX,1,0.0,,,,,,,
2015-12-06,SFE,O3,1,0.0,,,,,,,
2015-12-06,SFE,PM10,2,0.0,,,,,,,
2015-12-06,SFE,PM2.5,2,0.0,,,,,,,
2015-12-06,SFE,PMCO,2,0.0,,,,,,,
2015-12-06,SFE,SO2,1,0.0,,,,,,,
2015-12-06,SJA,CO,15,0.0,,,,,,,
2015-12-06,SJA,NO,1,0.0,,,,,,,
2015-12-06,SJA,NO2,1,0.0,,,,,,,
2015-12-06,SJA,NOX,1,0.0,,,,,,,
2015-12-06,SJA,O3,1,0.0,,,,,,,
2015-12-06,SJA,PM2.5,2,0.0,,,,,,,
2015-12-06,SJA,SO2,1,0.0,,,,,,,
2015-12-06,TAH,CO,15,0.0,,,,,,,
2015-12-06,TAH,NO,1,0.0,,,,,,,
2015-12-06,TAH,NO2,1,0.0,,,,,,,
2015-12-06,TAH,NOX,1,0.0,,,,,,,
2015-12-06,TAH,O3,1,0.0,,,,,,,
2015-12-06,TAH,PM10,2,18.0,75.5,27.619792562154963,30.0,61.5,77.0,98.5,115.0
2015-12-06,TAH,SO2,1,0.0,,,,,,,
2015-12-06,TLA,CO,15,154.0,1.1636363636363647,0.6276648476870316,0.3,0.8,1.0,1.4,3.9
2015-12-06,TLA,NO,1,154.0,45.37012987012987,50.40890979689133,2.0,14.0,26.5,54.75,297.0
2015-12-06,TLA,NO2,1,154.0,45.13636363636363,20.364350557249264,16.0,32.0,39.0,54.75,133.0
2015-12-06,TLA,NOX,1,154.0,90.5,60.735605088697326,19.0,54.0,70.0,112.0,383.0
2015-12-06,TLA,O3,1,144.0,19.083333333333332,27.00595634895527,0.0,2.0,6.0,26.25,109.0
2015-12-06,TLA,PM10,2,157.0,83.47770700636943,41.310827100581236,14.0,50.0,83.0,109.0,230.0
2015-12-06,TLA,PM2.5,2,157.0,45.038216560509554,23.197835152731685,8.0,28.0,41.0,61.0,106.0
2015-12-06,TLA,PMCO,2,157.0,38.439490445859875,22.348159328672146,5.0,19.0,36.0,52.0,128.0
2015-12-06,TLA,SO2,1,125.0,19.392,20.13298368990709,2.0,7.0,14.0,23.0,143.0
2015-12-06,TLI,CO,15,0.0,,,,,,,
2015-12-06,TLI,NO,1,0.0,,,,,,,
2015-12-06,TLI,NO2,1,0.0,,,,,,,
2015-12-06,TLI,NOX,1,0.0,,,,,,,
2015-12-06,TLI,O3,1,0.0,,,,,,,
2015-12-06,TLI,PM10,2,122.0,74.09836065573771,49.12043048981978,7.0,38.75,64.0,98.75,234.0
2015-12-06,TLI,SO2,1,0.0,,,,,,,
2015-12-06,UAX,CO,15,127.0,0.8267716535433068,0.30458111201004545,0.3,0.6,0.8,1.0,1.8
2015-12-06,UAX,NO,1,127.0,17.96062992125984,22.11815370706998,0.0,3.0,8.0,27.5,108.0
2015-12-06,UAX,NO2,1,127.0,34.16535433070866,10.205634748873859,14.0,27.0,32.0,38.5,62.0
2015-12-06,UAX,NOX,1,127.0,52.110236220472444,23.933846773394542,16.0,34.0,47.0,64.0,133.0
2015-12-06,UAX,O3,1,127.0,30.04724409448819,35.86280255953334,0.0,2.0,16.0,46.0,139.0
2015-12-06,UAX,PM2.5,2,126.0,30.746031746031747,12.101528173209537,10.0,22.0,29.5,37.75,73.0
2015-12-06,UAX,SO2,1,127.0,5.31496062992126,7.543209694714689,1.0,1.0,2.0,5.5,56.0
2015-12-06,UIZ,CO,15,154.0,1.104545454545454,0.6148851754320741,0.4,0.8,0.9,1.175,3.8
2015-12-06,UIZ,NO,1,154.0,23.662337662337663,35.78717424233509,2.0,5.25,12.0,25.75,218.0
2015-12-06,UIZ,NO2,1,154.0,37.246753246753244,14.592195822842388,18.0,28.0,33.0,42.0,94.0
2015-12-06,UIZ,NOX,1,154.0,60.896103896103895,43.09787748305814,23.0,39.0,48.0,64.75,262.0
2015-12-06,UIZ,O3,1,154.0,26.467532467532468,33.394095370831565,1.0,3.0,9.0,40.75,133.0
2015-12-06,UIZ,PM10,2,159.0,73.0503144654088,33.82939302114312,9.0,44.0,71.0,97.5,149.0
2015-12-06,UIZ,PM2.5,2,159.0,44.20754716981132,25.58754529698565,4.0,26.5,42.0,58.5,124.0
2015-12-06,UIZ,PMCO,2,159.0,28.88050314465409,17.673324237920287,3.0,16.5,25.0,34.0,87.0
2015-12-06,UIZ,SO2,1,154.0,7.376623376623376,6.466684780728543,1.0,3.0,5.0,9.75,43.0
2015-12-06,VIF,CO,15,0.0,,,,,,,
2015-12-06,VIF,NO,1,0.0,,,,,,,
2015-12-06,VIF,NO2,1,0.0,,,,,,,
2015-12-06,VIF,NOX,1,0.0,,,,,,,
2015-12-06,VIF,O3,1,0.0,,,,,,,
2015-12-06,VIF,PM10,2,126.0,62.79365079365079,47.71101633129481,1.0,28.0,52.5,85.0,203.0
2015-12-06,VIF,SO2,1,0.0,,,,,,,
2015-12-06,XAL,CO,15,153.0,1.3803921568627457,0.7781606876009307,0.6,0.9,1.1,1.5,4.8
2015-12-06,XAL,NO,1,152.0,47.953947368421055,58.78632751070512,3.0,12.0,24.0,56.25,298.0
2015-12-06,XAL,NO2,1,152.0,41.75657894736842,16.138882631389095,18.0,29.0,38.0,50.5,95.0
2015-12-06,XAL,NOX,1,152.0,89.86184210526316,66.00973732525938,26.0,49.75,70.0,107.5,351.0
2015-12-06,XAL,O3,1,153.0,19.470588235294116,21.993736794922647,1.0,2.0,10.0,31.0,79.0
2015-12-06,XAL,PM10,2,159.0,111.27672955974843,57.44087901174205,10.0,71.0,110.0,141.0,330.0
2015-12-06,XAL,PM2.5,2,159.0,50.081761006289305,25.007838911145672,6.0,28.0,48.0,66.5,117.0
2015-12-06,XAL,PMCO,2,159.0,61.22012578616352,39.85506142892098,3.0,32.5,51.0,84.0,213.0
2015-12-06,XAL,SO2,1,153.0,14.065359477124183,13.214163654466793,2.0,5.0,10.0,17.0,89.0
2015-12-13,ACO,CO,15,0.0,,,,,,,
2015-12-13,ACO,NO,1,0.0,,,,,,,
2015-12-13,ACO,NO2,1,0.0,,,,,,,
2015-12-13,ACO,NOX,1,0.0,,,,,,,
2015-12-13,ACO,O3,1,0.0,,,,,,,
2015-12-13,ACO,PM10,2,160.0,38.0625,19.40229108561845,8.0,24.75,36.0,49.0,126.0
2015-12-13,ACO,SO2,1,0.0,,,,,,,
2015-12-13,AJM,CO,15,153.0,0.7215686274509803,0.3254432557197928,0.2,0.5,0.6,0.9,1.9
2015-12-13,AJM,NO,1,153.0,8.418300653594772,13.080527099413334,0.0,1.0,4.0,10.0,96.0
2015-12-13,AJM,NO2,1,153.0,24.941176470588236,13.784161054457838,3.0,14.0,23.0,34.0,64.0
2015-12-13,AJM,NOX,1,153.0,33.39869281045752,22.741782746533747,3.0,17.0,28.0,44.0,134.0
2015-12-13,AJM,O3,1,156.0,33.98076923076923,23.08399002628227,3.0,17.0,28.5,45.25,118.0
2015-12-13,AJM,PM10,2,152.0,47.11842105263158,23.949431883797157,3.0,28.75,44.5,62.0,106.0
2015-12-13,AJM,PM2.5,2,152.0,29.07236842105263,15.503087483006446,1.0,16.75,29.0,39.0,69.0
2015-12-13,AJM,PMCO,2,152.0,18.06578947368421,9.489395302845347,2.0,11.0,17.0,24.0,46.0
2015-12-13,AJM,SO2,1,156.0,7.173076923076923,7.114876247683515,1.0,2.0,4.0,9.0,39.0
2015-12-13,AJU,O3,1,155.0,30.238709677419354,24.770658142604177,1.0,8.0,25.0,48.5,97.0
2015-12-13,AJU,PM2.5,2,159.0,23.58490566037736,13.253278499000023,1.0,14.5,22.0,31.0,61.0
2015-12-13,ATI,CO,15,0.0,,,,,,,
2015-12-13,ATI,NO,1,0.0,,,,,,,
2015-12-13,ATI,NO2,1,0.0,,,,,,,
2015-12-13,ATI,NOX,1,0.0,,,,,,,
2015-12-13,ATI,O3,1,0.0,,,,,,,
2015-12-13,ATI,PM10,2,157.0,56.210191082802545,31.320721380322095,3.0,29.0,53.0,79.0,127.0
2015-12-13,ATI,SO2,1,0.0,,,,,,,
2015-12-13,BJU,CO,15,158.0,0.9272151898734179,0.62339207016419,0.2,0.4,0.7,1.3,2.7
2015-12-13,BJU,O3,1,158.0,22.28481012658228,24.846815216378126,1.0,2.0,14.0,31.0,101.0
2015-12-13,BJU,PM10,2,161.0,60.11801242236025,27.82835309580581,7.0,38.0,63.0,78.0,159.0
2015-12-13,BJU,PM2.5,2,161.0,37.65217391304348,19.48597600505464,1.0,22.0,40.0,49.0,107.0
2015-12-13,BJU,PMCO,2,161.0,22.453416149068325,10.20168510011888,4.0,15.0,23.0,29.0,52.0
2015-12-13,BJU,SO2,1,158.0,7.860759493670886,9.822286082073461,0.0,2.0,4.0,8.0,47.0
2015-12-13,CAM,CO,15,89.0,1.312359550561798,0.6586522438626095,0.3,0.9,1.1,1.7,3.0
2015-12-13,CAM,NO,1,89.0,43.359550561797754,42.58927713719073,1.0,10.0,30.0,66.0,168.0
2015-12-13,CAM,NO2,1,89.0,46.01123595505618,15.696333085109167,12.0,35.0,46.0,54.0,93.0
2015-12-13,CAM,NOX,1,89.0,89.34831460674157,48.32139116083145,13.0,54.0,75.0,120.0,215.0
2015-12-13,CAM,O3,1,89.0,20.46067415730337,24.362814520463946,1.0,2.0,10.0,30.0,91.0
2015-12-13,CAM,PM10,2,0.0,,,,,,,
2015-12-13,CAM,PM2.5,2,0.0,,,,,,,
2015-12-13,CAM,PMCO,2,0.0,,,,,,,
2015-12-13,CAM,SO2,1,89.0,16.59550561797753,20.669322404517775,1.0,3.0,7.0,18.0,82.0
2015-12-13,CCA,CO,15,158.0,1.0386075949367086,0.49477842735031297,0.3,0.7,0.9,1.3,2.5
2015-12-13,CCA,NO,1,158.0,28.09493670886076,35.498773276496415,0.0,3.25,14.0,37.5,177.0
2015-12-13,CCA,NO2,1,158.0,34.71518987341772,14.545816818123125,6.0,24.25,31.0,45.0,73.0
2015-12-13,CCA,NOX,1,158.0,62.77215189873418,40.92916029212936,9.0,34.0,53.5,76.75,224.0
2015-12-13,CCA,O3,1,158.0,22.765822784810126,25.35309067241218,2.0,2.0,13.0,36.75,106.0
2015-12-13,CCA,PM2.5,2,161.0,25.391304347826086,11.097394915611659,1.0,16.0,27.0,33.0,51.0
2015-12-13,CCA,SO2,1,158.0,5.7215189873417724,5.822068074050045,1.0,2.25,4.0,7.0,44.0
2015-12-13,CHO,CO,15,158.0,0.8512658227848107,0.5203792519219494,0.3,0.5,0.7,1.0,3.2
2015-12-13,CHO,NO,1,0.0,,,,,,,
2015-12-13,CHO,NO2,1,0.0,,,,,,,
2015-12-13,CHO,NOX,1,0.0,,,,,,,
2015-12-13,CHO,O3,1,158.0,25.39240506329114,23.128782477514967,1.0,3.0,19.0,42.0,80.0
2015-12-13,CHO,PM10,2,160.0,60.15,35.11709075212638,4.0,31.0,55.5,82.25,156.0
2015-12-13,CHO,SO2,1,158.0,2.8734177215189876,2.8368237760740818,1.0,1.0,2.0,3.0,22.0
2015-12-13,COY,NO,1,158.0,29.0,34.069804700888554,0.0,4.0,15.0,43.75,153.0
2015-12-13,COY,NO2,1,158.0,39.08860759493671,16.885292943685698,8.0,25.0,38.0,50.75,87.0
2015-12-13,COY,NOX,1,158.0,68.10126582278481,42.683428051582524,12.0,33.25,62.5,89.0,207.0
2015-12-13,COY,O3,1,158.0,23.044303797468356,25.45117592335651,1.0,2.0,13.0,35.75,102.0
2015-12-13,COY,PM2.5,2,161.0,37.72049689440994,18.915671802808188,2.0,21.0,40.0,50.0,83.0
2015-12-13,CUA,CO,15,158.0,0.7873417721518985,0.4921982637671922,0.2,0.5,0.7,0.9,3.4
2015-12-13,CUA,NO,1,158.0,23.240506329113924,41.06471983380164,1.0,4.0,8.0,20.75,235.0
2015-12-13,CUA,NO2,1,158.0,30.89240506329114,14.588445581942548,6.0,19.25,31.5,42.0,65.0
2015-12-13,CUA,NOX,1,158.0,54.13291139240506,50.486689225201076,7.0,25.0,42.0,60.75,287.0
2015-12-13,CUA,O3,1,156.0,28.166666666666668,22.10439551481262,2.0,9.0,24.0,44.0,93.0
2015-12-13,CUA,PM10,2,159.0,41.062893081761004,23.275642055507106,1.0,26.0,37.0,53.0,144.0
2015-12-13,CUA,SO2,1,0.0,,,,,,,
2015-12-13,CUT,NO,1,135.0,39.925925925925924,41.15199885057176,0.0,4.0,26.0,62.5,203.0
2015-12-13,CUT,NO2,1,135.0,30.651851851851852,13.340723490930712,4.0,22.0,27.0,39.5,70.0
2015-12-13,CUT,NOX,1,135.0,70.57777777777778,44.39518372873861,6.0,37.5,61.0,96.5,242.0
2015-12-13,CUT,O3,1,158.0,16.5,20.360993681406306,1.0,2.0,5.0,26.25,78.0
2015-12-13,CUT,PM10,2,161.0,81.1055900621118,48.66936953624839,8.0,47.0,72.0,105.0,286.0
2015-12-13,CUT,SO2,1,156.0,10.525641025641026,18.219609683135086,0.0,1.0,3.0,12.0,116.0
2015-12-13,FAC,CO,15,155.0,1.1270967741935483,0.8464831506534404,0.1,0.5,0.9,1.55,4.1
2015-12-13,FAC,NO,1,155.0,48.00645161290323,59.888586686022805,0.0,7.5,20.0,74.5,278.0
2015-12-13,FAC,NO2,1,155.0,38.3741935483871,22.566826701264258,4.0,24.0,33.0,50.0,126.0
2015-12-13,FAC,NOX,1,155.0,86.41935483870968,69.59258720859755,5.0,35.0,60.0,119.5,332.0
2015-12-13,FAC,O3,1,155.0,20.83225806451613,22.022957135042766,1.0,3.0,14.0,28.0,91.0
2015-12-13,FAC,PM10,2,154.0,52.92857142857143,32.99219696672143,1.0,29.0,48.5,69.0,178.0
2015-12-13,FAC,SO2,1,155.0,9.174193548387096,11.243554221007585,0.0,3.0,5.0,11.0,68.0
2015-12-13,GAM,O3,1,157.0,22.471337579617835,27.018170644850905,0.0,1.0,12.0,36.0,111.0
2015-12-13,GAM,PM2.5,2,156.0,39.705128205128204,20.715964842080027,1.0,24.75,39.5,53.0,104.0
2015-12-13,HGM,CO,15,157.0,1.2273885350318465,0.6824363842774361,0.4,0.7,1.1,1.6,3.6
2015-12-13,HGM,NO,1,157.0,35.394904458598724,43.51992734866548,0.0,6.0,17.0,45.0,184.0
2015-12-13,HGM,NO2,1,157.0,43.503184713375795,19.875453293918582,7.0,27.0,44.0,56.0,98.0
2015-12-13,HGM,NOX,1,157.0,78.87261146496816,55.4008384314332,9.0,40.0,63.0,102.0,268.0
2015-12-13,HGM,O3,1,66.0,23.59090909090909,20.188326613875937,4.0,5.25,23.0,30.0,98.0
2015-12-13,HGM,PM10,2,160.0,54.84375,27.766670866459474,10.0,30.75,59.0,73.0,127.0
2015-12-13,HGM,PM2.5,2,160.0,36.71875,20.586425238201272,2.0,19.0,37.0,50.25,98.0
2015-12-13,HGM,PMCO,2,160.0,18.0625,9.016189143239325,2.0,11.0,17.5,24.0,38.0
2015-12-13,HGM,SO2,1,157.0,11.101910828025478,14.774451577038459,2.0,4.0,6.0,11.0,79.0
2015-12-13,INN,CO,15,144.0,0.2326388888888889,0.12280512797151207,0.0,0.2,0.2,0.3,0.7
2015-12-13,INN,O3,1,140.0,34.378571428571426,16.433632760722315,2.0,23.0,33.0,41.0,79.0
2015-12-13,INN,PM10,2,105.0,29.02857142857143,11.827654314926802,9.0,19.0,25.0,38.0,62.0
2015-12-13,INN,PM2.5,2,105.0,20.885714285714286,7.461844334956398,8.0,15.0,20.0,26.0,43.0
2015-12-13,INN,PMCO,2,105.0,8.152380952380952,5.0740307001226865,1.0,4.0,7.0,12.0,20.0
2015-12-13,INN,SO2,1,144.0,3.1041666666666665,4.74189592073434,1.0,1.0,2.0,3.0,41.0
2015-12-13,IZT,CO,15,158.0,1.4360759493670887,0.8275678704385608,0.4,0.8,1.2,1.8,4.5
2015-12-13,IZT,NO,1,158.0,37.20253164556962,46.14112380135376,1.0,7.0,15.0,55.0,222.0
2015-12-13,IZT,NO2,1,158.0,41.0126582278481,19.992351194009505,7.0,25.0,40.5,51.0,119.0
2015-12-13,IZT,NOX,1,158.0,78.20253164556962,57.77010880426794,8.0,36.0,59.5,99.75,307.0
2015-12-13,IZT,O3,1,158.0,22.31645569620253,24.174021063204734,2.0,3.0,12.5,33.0,95.0
2015-12-13,IZT,PM10,2,161.0,49.72049689440994,24.08609847508626,8.0,31.0,51.0,64.0,126.0
2015-12-13,IZT,SO2,1,158.0,9.455696202531646,14.062007782959405,1.0,3.0,5.0,8.0,89.0
2015-12-13,LLA,CO,15,0.0,,,,,,,
2015-12-13,LLA,NO,1,0.0,,,,,,,
2015-12-13,LLA,NO2,1,0.0,,,,,,,
2015-12-13,LLA,NOX,1,0.0,,,,,,,
2015-12-13,LLA,O3,1,158.0,20.841772151898734,23.666881951327532,0.0,2.0,10.0,32.0,92.0
2015-12-13,LLA,SO2,1,158.0,9.208860759493671,14.635291870018037,2.0,3.0,4.5,8.0,89.0
2015-12-13,LPR,CO,15,0.0,,,,,,,
2015-12-13,LPR,NO,1,0.0,,,,,,,
2015-12-13,LPR,NO2,1,0.0,,,,,,,
2015-12-13,LPR,NOX,1,0.0,,,,,,,
2015-12-13,LPR,O3,1,0.0,,,,,,,
2015-12-13,LPR,SO2,1,0.0,,,,,,,
2015-12-13,MER,CO,15,158.0,1.2778481012658232,0.7231057765230184,0.3,0.7,1.2,1.675,3.6
2015-12-13,MER,NO,1,66.0,40.40909090909091,52.21817463525285,1.0,6.0,13.5,58.75,197.0
2015-12-13,MER,NO2,1,66.0,35.303030303030305,21.67733285961997,8.0,17.25,26.5,55.0,89.0
2015-12-13,MER,NOX,1,66.0,75.71212121212122,66.87365012906865,9.0,23.25,46.0,104.25,256.0
2015-12-13,MER,O3,1,158.0,18.525316455696203,22.05600842992679,1.0,2.0,10.5,27.5,89.0
2015-12-13,MER,PM10,2,161.0,72.3913043478261,35.17957040546463,7.0,41.0,77.0,96.0,178.0
2015-12-13,MER,PM2.5,2,161.0,38.869565217391305,22.773375473011967,1.0,18.0,40.0,53.0,120.0
2015-12-13,MER,PMCO,2,161.0,33.409937888198755,15.11517120713881,5.0,23.0,33.0,44.0,72.0
2015-12-13,MER,SO2,1,158.0,11.335443037974683,16.812798718770214,1.0,3.0,6.0,10.0,88.0
2015-12-13,MGH,CO,15,158.0,1.172784810126582,0.6394313491014165,0.3,0.7,1.0,1.6,3.1
2015-12-13,MGH,NO,1,158.0,48.38607594936709,56.04305950125948,3.0,8.25,21.5,73.25,212.0
2015-12-13,MGH,NO2,1,158.0,42.03164556962025,17.332058910142838,6.0,30.0,41.0,52.0,95.0
2015-12-13,MGH,NOX,1,158.0,90.39873417721519,63.92351519250041,10.0,44.25,63.5,124.75,264.0
2015-12-13,MGH,O3,1,158.0,19.18354430379747,23.427306895522708,0.0,2.0,8.5,26.75,97.0
2015-12-13,MGH,PM10,2,161.0,51.47204968944099,23.990899866355896,5.0,31.0,51.0,71.0,109.0
2015-12-13,MGH,PM2.5,2,161.0,35.701863354037265,17.943956057854447,1.0,20.0,35.0,50.0,80.0
2015-12-13,MGH,PMCO,2,161.0,15.73913043478261,7.39554066577491,4.0,11.0,15.0,20.0,35.0
2015-12-13,MGH,SO2,1,158.0,7.905063291139241,9.428097304640941,0.0,2.0,4.0,9.0,44.0
2015-12-13,MON,CO,15,151.0,0.4185430463576159,0.375305026791086,0.0,0.2,0.3,0.5,2.1
2015-12-13,MON,NO,1,151.0,21.735099337748345,39.073896143376864,0.0,1.0,3.0,23.0,196.0
2015-12-13,MON,NO2,1,151.0,17.350993377483444,9.715416392172248,3.0,10.0,17.0,23.0,49.0
2015-12-13,MON,NOX,1,151.0,39.05298013245033,43.26427133782489,4.0,11.0,22.0,50.5,231.0
2015-12-13,MON,O3,1,151.0,22.264900662251655,20.12086876413142,1.0,2.0,21.0,34.0,88.0
2015-12-13,MON,SO2,1,0.0,,,,,,,
2015-12-13,NEZ,CO,15,151.0,1.0218543046357624,0.7736402298859676,0.1,0.5,0.8,1.35,3.9
2015-12-13,NEZ,NO,1,151.0,26.490066225165563,39.03312568399118,0.0,2.5,8.0,36.0,189.0
2015-12-13,NEZ,NO2,1,151.0,31.721854304635762,16.809187543482423,7.0,19.0,30.0,41.5,101.0
2015-12-13,NEZ,NOX,1,151.0,58.205298013245034,48.85574928716779,9.0,22.5,42.0,78.5,230.0
2015-12-13,NEZ,O3,1,151.0,22.278145695364238,22.91146989039837,0.0,2.0,17.0,34.5,101.0
2015-12-13,NEZ,PM2.5,2,152.0,27.401315789473685,17.8949324538752,2.0,14.0,25.0,36.25,91.0
2015-12-13,NEZ,SO2,1,151.0,5.125827814569536,11.958430574709805,1.0,1.0,2.0,4.0,94.0
2015-12-13,PED,CO,15,152.0,0.8184210526315792,0.48724404761675394,0.1,0.5,0.7,1.1,2.5
2015-12-13,PED,NO,1,152.0,20.30263157894737,25.86312403948739,1.0,3.0,8.0,26.25,124.0
2015-12-13,PED,NO2,1,152.0,32.723684210526315,14.28341202879707,4.0,23.75,29.5,41.0,72.0
2015-12-13,PED,NOX,1,152.0,53.07236842105263,33.64010968745343,6.0,29.75,45.0,70.0,181.0
2015-12-13,PED,O3,1,152.0,22.19736842105263,23.435423313365018,1.0,3.0,14.0,33.0,93.0
2015-12-13,PED,PM10,2,137.0,56.832116788321166,23.687477873050568,16.0,39.0,54.0,74.0,127.0
2015-12-13,PED,PM2.5,2,137.0,32.81751824817518,13.722147715035991,7.0,23.0,31.0,41.0,70.0
2015-12-13,PED,PMCO,2,137.0,23.99270072992701,11.293866340502344,7.0,15.0,21.0,31.0,57.0
2015-12-13,PED,SO2,1,152.0,4.9605263157894735,6.301352297781793,0.0,2.0,3.0,5.25,47.0
2015-12-13,SAG,CO,15,157.0,1.1063694267515922,0.577758880665187,0.3,0.7,1.0,1.4,4.3
2015-12-13,SAG,NO,1,157.0,30.821656050955415,38.33581427613444,1.0,6.0,14.0,42.0,239.0
2015-12-13,SAG,NO2,1,157.0,30.076433121019107,12.769927314048248,7.0,21.0,28.0,38.0,61.0
2015-12-13,SAG,NOX,1,157.0,60.904458598726116,43.543197449154235,8.0,29.0,49.0,79.0,292.0
2015-12-13,SAG,O3,1,157.0,21.21656050955414,23.143454097892377,1.0,2.0,16.0,32.0,100.0
2015-12-13,SAG,PM10,2,159.0,56.9874213836478,25.734768733945653,10.0,39.0,55.0,71.0,132.0
2015-12-13,SAG,PM2.5,2,159.0,32.74842767295598,17.350069694333126,1.0,21.0,32.0,42.5,101.0
2015-12-13,SAG,PMCO,2,159.0,24.18867924528302,11.632108449406056,4.0,15.0,23.0,31.5,58.0
2015-12-13,SAG,SO2,1,157.0,8.178343949044587,12.665065613075436,1.0,3.0,4.0,8.0,96.0
2015-12-13,SFE,CO,15,0.0,,,,,,,
2015-12-13,SFE,NO,1,0.0,,,,,,,
2015-12-13,SFE,NO2,1,0.0,,,,,,,
2015-12-13,SFE,NOX,1,0.0,,,,,,,
2015-12-13,SFE,O3,1,0.0,,,,,,,
2015-12-13,SFE,PM10,2,0.0,,,,,,,
2015-12-13,SFE,PM2.5,2,0.0,,,,,,,
2015-12-13,SFE,PMCO,2,0.0,,,,,,,
2015-12-13,SFE,SO2,1,0.0,,,,,,,
2015-12-13,SJA,CO,15,0.0,,,,,,,
2015-12-13,SJA,NO,1,0.0,,,,,,,
2015-12-13,SJA,NO2,1,0.0,,,,,,,
2015-12-13,SJA,NOX,1,0.0,,,,,,,
2015-12-13,SJA,O3,1,0.0,,,,,,,
2015-12-13,SJA,PM2.5,2,0.0,,,,,,,
2015-12-13,SJA,SO2,1,0.0,,,,,,,
2015-12-13,TAH,CO,15,0.0,,,,,,,
2015-12-13,TAH,NO,1,0.0,,,,,,,
2015-12-13,TAH,NO2,1,0.0,,,,,,,
2015-12-13,TAH,NOX,1,0.0,,,,,,,
2015-12-13,TAH,O3,1,0.0,,,,,,,
2015-12-13,TAH,PM10,2,158.0,49.537974683544306,27.216900911658254,1.0,30.0,48.0,64.75,137.0
2015-12-13,TAH,SO2,1,0.0,,,,,,,
2015-12-13,TLA,CO,15,158.0,1.2531645569620253,0.675567313950627,0.3,0.725,1.1,1.7,3.2
2015-12-13,TLA,NO,1,154.0,44.91558441558441,49.840130207173324,1.0,10.0,24.5,59.5,212.0
2015-12-13,TLA,NO2,1,154.0,43.08441558441559,19.74012578470804,6.0,30.0,41.0,52.0,111.0
2015-12-13,TLA,NOX,1,154.0,87.94805194805195,58.679231297988,10.0,45.0,72.0,111.0,254.0
2015-12-13,TLA,O3,1,155.0,17.806451612903224,21.396108632176922,1.0,2.0,9.0,23.5,93.0
2015-12-13,TLA,PM10,2,161.0,71.51552795031056,34.86421976576812,8.0,43.0,70.0,98.0,162.0
2015-12-13,TLA,PM2.5,2,161.0,36.70807453416149,19.376093437388505,1.0,21.0,36.0,50.0,89.0
2015-12-13,TLA,PMCO,2,161.0,34.850931677018636,17.283377556240353,5.0,20.0,33.0,48.0,77.0
2015-12-13,TLA,SO2,1,158.0,14.5,20.17368848293166,1.0,4.0,7.0,15.5,108.0
2015-12-13,TLI,CO,15,0.0,,,,,,,
2015-12-13,TLI,NO,1,0.0,,,,,,,
2015-12-13,TLI,NO2,1,0.0,,,,,,,
2015-12-13,TLI,NOX,1,0.0,,,,,,,
2015-12-13,TLI,O3,1,0.0,,,,,,,
2015-12-13,TLI,PM10,2,158.0,68.9746835443038,40.42653939528878,1.0,37.0,64.0,90.75,195.0
2015-12-13,TLI,SO2,1,0.0,,,,,,,
2015-12-13,UAX,CO,15,135.0,0.741481481481482,0.4486106554428831,0.1,0.4,0.7,1.0,2.0
2015-12-13,UAX,NO,1,135.0,19.177777777777777,27.049944593059003,0.0,2.0,5.0,30.0,141.0
2015-12-13,UAX,NO2,1,135.0,29.59259259259259,15.02301532639036,3.0,15.0,32.0,40.0,68.0
2015-12-13,UAX,NOX,1,135.0,48.8,35.38778775775705,4.0,18.5,42.0,68.5,174.0
2015-12-13,UAX,O3,1,135.0,27.444444444444443,27.351134841436252,1.0,3.0,20.0,40.0,114.0
2015-12-13,UAX,PM2.5,2,130.0,30.630769230769232,14.381910721209625,1.0,21.0,31.0,41.75,65.0
2015-12-13,UAX,SO2,1,135.0,3.9185185185185185,4.381187482747434,0.0,1.0,2.0,5.0,24.0
2015-12-13,UIZ,CO,15,158.0,1.0601265822784804,0.7232217263077286,0.1,0.5,0.9,1.5,3.4
2015-12-13,UIZ,NO,1,158.0,27.32278481012658,34.28974870250271,1.0,4.0,11.0,41.5,149.0
2015-12-13,UIZ,NO2,1,158.0,36.0,19.141777433459566,6.0,22.25,34.5,49.0,94.0
2015-12-13,UIZ,NOX,1,158.0,63.27215189873418,46.836570274573475,8.0,26.0,51.0,89.75,214.0
2015-12-13,UIZ,O3,1,158.0,23.518987341772153,25.097699927346945,1.0,2.0,15.0,36.5,99.0
2015-12-13,UIZ,PM10,2,160.0,64.69375,32.783834963372726,9.0,36.75,64.5,89.0,184.0
2015-12-13,UIZ,PM2.5,2,160.0,37.9625,21.90599914959687,1.0,19.75,38.0,53.0,117.0
2015-12-13,UIZ,PMCO,2,160.0,26.6875,13.123596061480468,5.0,17.0,25.0,36.0,68.0
2015-12-13,UIZ,SO2,1,158.0,8.329113924050633,12.893213065753365,1.0,3.0,4.0,7.0,80.0
2015-12-13,VIF,CO,15,0.0,,,,,,,
2015-12-13,VIF,NO,1,0.0,,,,,,,
2015-12-13,VIF,NO2,1,0.0,,,,,,,
2015-12-13,VIF,NOX,1,0.0,,,,,,,
2015-12-13,VIF,O3,1,0.0,,,,,,,
2015-12-13,VIF,PM10,2,160.0,78.7375,52.01178960448906,1.0,37.75,70.5,108.25,234.0
2015-12-13,VIF,SO2,1,0.0,,,,,,,
2015-12-13,XAL,CO,15,158.0,1.5202531645569615,0.9002306494025181,0.5,0.9,1.2,1.8,5.3
2015-12-13,XAL,NO,1,156.0,57.87179487179487,69.44384762908695,1.0,10.0,27.0,79.25,367.0
2015-12-13,XAL,NO2,1,156.0,40.333333333333336,16.567489865097475,14.0,29.0,37.0,46.5,91.0
2015-12-13,XAL,NOX,1,156.0,98.26923076923077,77.39028414086917,18.0,43.0,69.5,127.0,420.0
2015-12-13,XAL,O3,1,158.0,16.031645569620252,16.803252978237555,1.0,2.0,9.0,26.0,68.0
2015-12-13,XAL,PM10,2,161.0,96.80745341614907,54.705063240063794,22.0,58.0,87.0,123.0,301.0
2015-12-13,XAL,PM2.5,2,161.0,42.49068322981366,24.52552701075513,1.0,25.0,40.0,60.0,118.0
2015-12-13,XAL,PMCO,2,161.0,54.36645962732919,33.11866721370929,10.0,30.0,49.0,65.0,183.0
2015-12-13,XAL,SO2,1,158.0,9.234177215189874,9.140912246994185,2.0,4.0,6.0,11.0,46.0
2015-12-20,ACO,CO,15,0.0,,,,,,,
2015-12-20,ACO,NO,1,0.0,,,,,,,
2015-12-20,ACO,NO2,1,0.0,,,,,,,
2015-12-20,ACO,NOX,1,0.0,,,,,,,
2015-12-20,ACO,O3,1,0.0,,,,,,,
2015-12-20,ACO,PM10,2,161.0,46.993788819875775,24.311904721352537,15.0,30.0,41.0,57.0,142.0
2015-12-20,ACO,SO2,1,0.0,,,,,,,
2015-12-20,AJM,CO,15,157.0,0.7764331210191083,0.3368671897222267,0.3,0.5,0.7,1.0,1.7
2015-12-20,AJM,NO,1,157.0,10.229299363057326,13.719195148827138,0.0,2.0,5.0,12.0,79.0
2015-12-20,AJM,NO2,1,157.0,26.261146496815286,16.174983254782784,5.0,15.0,22.0,34.0,81.0
2015-12-20,AJM,NOX,1,157.0,36.48407643312102,24.363593345647303,6.0,18.0,29.0,49.0,111.0
2015-12-20,AJM,O3,1,157.0,34.388535031847134,28.18088315514994,2.0,12.0,28.0,49.0,111.0
2015-12-20,AJM,PM10,2,152.0,45.26973684210526,34.18840870816474,4.0,17.0,37.5,59.5,158.0
2015-12-20,AJM,PM2.5,2,152.0,26.513157894736842,24.360968358536823,1.0,8.0,19.0,38.0,107.0
2015-12-20,AJM,PMCO,2,152.0,18.75657894736842,11.065725803427444,2.0,10.0,18.0,27.0,51.0
2015-12-20,AJM,SO2,1,157.0,6.229299363057325,7.54887715497033,1.0,2.0,2.0,9.0,40.0
2015-12-20,AJU,O3,1,154.0,26.0,23.808879543104066,1.0,4.0,20.0,40.0,97.0
2015-12-20,AJU,PM2.5,2,137.0,17.145985401459853,18.822522548479537,1.0,6.0,12.0,19.0,99.0
2015-12-20,ATI,CO,15,0.0,,,,,,,
2015-12-20,ATI,NO,1,0.0,,,,,,,
2015-12-20,ATI,NO2,1,0.0,,,,,,,
2015-12-20,ATI,NOX,1,0.0,,,,,,,
2015-12-20,ATI,O3,1,0.0,,,,,,,
2015-12-20,ATI,PM10,2,159.0,55.42138364779874,29.46965477408552,2.0,31.0,54.0,78.0,133.0
2015-12-20,ATI,SO2,1,0.0,,,,,,,
2015-12-20,BJU,CO,15,156.0,1.0506410256410257,0.484401432414679,0.2,0.7,1.0,1.3,3.2
2015-12-20,BJU,O3,1,151.0,21.973509933774835,29.123174511001267,1.0,2.0,6.0,40.0,123.0
2015-12-20,BJU,PM10,2,161.0,57.79503105590062,27.35418569717036,16.0,39.0,49.0,70.0,140.0
2015-12-20,BJU,PM2.5,2,161.0,32.38509316770186,21.90606711387317,7.0,18.0,24.0,42.0,101.0
2015-12-20,BJU,PMCO,2,161.0,25.440993788819874,9.23975427196044,7.0,19.0,25.0,31.0,65.0
2015-12-20,BJU,SO2,1,158.0,8.91139240506329,12.819859070359978,0.0,1.0,3.0,12.0,73.0
2015-12-20,CAM,CO,15,0.0,,,,,,,
2015-12-20,CAM,NO,1,0.0,,,,,,,
2015-12-20,CAM,NO2,1,0.0,,,,,,,
2015-12-20,CAM,NOX,1,0.0,,,,,,,
2015-12-20,CAM,O3,1,0.0,,,,,,,
2015-12-20,CAM,PM10,2,0.0,,,,,,,
2015-12-20,CAM,PM2.5,2,0.0,,,,,,,
2015-12-20,CAM,PMCO,2,0.0,,,,,,,
2015-12-20,CAM,SO2,1,94.0,18.22340425531915,25.900203119276238,1.0,3.0,8.0,19.5,127.0
2015-12-20,CCA,CO,15,135.0,0.8888888888888887,0.4091612583363471,0.3,0.6,0.8,1.2,3.0
2015-12-20,CCA,NO,1,135.0,25.28148148148148,32.741331734658914,1.0,3.0,10.0,40.0,211.0
2015-12-20,CCA,NO2,1,135.0,33.333333333333336,14.678138887271432,8.0,23.5,30.0,40.5,83.0
2015-12-20,CCA,NOX,1,135.0,58.63703703703704,36.69958871773438,9.0,33.5,51.0,80.0,256.0
2015-12-20,CCA,O3,1,135.0,27.42962962962963,32.218132639203716,1.0,2.0,11.0,49.0,116.0
2015-12-20,CCA,PM2.5,2,138.0,23.007246376811594,16.333877908956428,1.0,10.0,19.0,32.0,70.0
2015-12-20,CCA,SO2,1,135.0,6.955555555555556,9.450473151439015,0.0,1.0,3.0,10.0,50.0
2015-12-20,CHO,CO,15,157.0,0.9636942675159235,0.6284038455547146,0.3,0.5,0.8,1.1,3.8
2015-12-20,CHO,NO,1,0.0,,,,,,,
2015-12-20,CHO,NO2,1,0.0,,,,,,,
2015-12-20,CHO,NOX,1,0.0,,,,,,,
2015-12-20,CHO,O3,1,157.0,22.40764331210191,21.719941036779748,1.0,3.0,15.0,38.0,87.0
2015-12-20,CHO,PM10,2,160.0,67.20625,45.104364913794434,2.0,36.75,51.0,87.5,218.0
2015-12-20,CHO,SO2,1,157.0,3.159235668789809,3.106051896928298,1.0,1.0,2.0,3.0,17.0
2015-12-20,COY,NO,1,154.0,34.467532467532465,37.582531199851715,0.0,6.0,21.5,49.0,209.0
2015-12-20,COY,NO2,1,154.0,37.688311688311686,15.594753383067207,13.0,26.0,35.0,44.75,88.0
2015-12-20,COY,NOX,1,154.0,72.17532467532467,40.080659381175906,16.0,42.0,67.0,91.0,244.0
2015-12-20,COY,O3,1,154.0,23.363636363636363,29.77449410332163,2.0,2.0,6.5,41.25,122.0
2015-12-20,COY,PM2.5,2,161.0,31.347826086956523,21.983590718296348,4.0,17.0,24.0,40.0,97.0
2015-12-20,CUA,CO,15,158.0,0.7854430379746834,0.45327203195346333,0.2,0.4,0.7,1.0,2.2
2015-12-20,CUA,NO,1,157.0,21.248407643312103,26.28825809128075,2.0,5.0,10.0,29.0,163.0
2015-12-20,CUA,NO2,1,157.0,30.85987261146497,19.803670534785592,8.0,17.0,26.0,36.0,130.0
2015-12-20,CUA,NOX,1,157.0,52.05732484076433,35.52865258261437,10.0,24.0,40.0,71.0,196.0
2015-12-20,CUA,O3,1,157.0,29.286624203821656,28.830417287421387,2.0,8.0,22.0,40.0,142.0
2015-12-20,CUA,PM10,2,156.0,42.166666666666664,31.26367227791828,1.0,18.75,34.0,62.25,147.0
2015-12-20,CUA,SO2,1,0.0,,,,,,,
2015-12-20,CUT,NO,1,158.0,39.734177215189874,42.77469007605026,1.0,5.0,24.5,58.0,201.0
2015-12-20,CUT,NO2,1,158.0,26.99367088607595,12.105953073366877,4.0,18.0,25.0,33.0,74.0
2015-12-20,CUT,NOX,1,158.0,66.69620253164557,44.434695352758716,6.0,32.25,55.0,89.0,222.0
2015-12-20,CUT,O3,1,158.0,17.120253164556964,21.91423862954334,1.0,1.0,4.5,25.75,84.0
2015-12-20,CUT,PM10,2,155.0,81.18064516129033,45.42189971376184,9.0,49.0,71.0,95.5,244.0
2015-12-20,CUT,SO2,1,158.0,14.132911392405063,28.98453451672692,0.0,1.0,2.0,9.75,158.0
2015-12-20,FAC,CO,15,158.0,1.0943037974683543,0.7264119719409352,0.1,0.5,0.8,1.7,3.3
2015-12-20,FAC,NO,1,158.0,48.27215189873418,54.553619825857275,1.0,12.0,26.5,66.75,257.0
2015-12-20,FAC,NO2,1,158.0,36.95569620253165,21.291230495418297,8.0,25.0,31.0,44.0,131.0
2015-12-20,FAC,NOX,1,158.0,85.22784810126582,60.08496094402964,12.0,44.25,60.5,124.5,282.0
2015-12-20,FAC,O3,1,158.0,21.50632911392405,26.539418305953543,1.0,2.0,9.0,35.0,128.0
2015-12-20,FAC,PM10,2,160.0,52.06875,30.43399329882963,1.0,28.0,48.5,72.5,143.0
2015-12-20,FAC,SO2,1,158.0,7.582278481012659,9.636194500786406,1.0,2.0,4.0,9.0,54.0
2015-12-20,GAM,O3,1,154.0,20.844155844155843,28.81746245062534,0.0,1.0,4.0,32.5,112.0
2015-12-20,GAM,PM2.5,2,154.0,42.16883116883117,24.965284444265286,1.0,26.25,33.0,53.75,127.0
2015-12-20,HGM,CO,15,150.0,1.2039999999999995,0.4559642044115941,0.5,0.9,1.1,1.4,2.9
2015-12-20,HGM,NO,1,153.0,37.8235294117647,34.65926580125946,2.0,12.0,25.0,55.0,195.0
2015-12-20,HGM,NO2,1,153.0,44.869281045751634,17.582397301689014,16.0,34.0,41.0,53.0,119.0
2015-12-20,HGM,NOX,1,153.0,82.67320261437908,38.57627953762852,23.0,55.0,76.0,101.0,252.0
2015-12-20,HGM,O3,1,153.0,21.15032679738562,29.47183562805747,0.0,2.0,5.0,32.0,124.0
2015-12-20,HGM,PM10,2,125.0,57.384,28.69157007813248,17.0,34.0,50.0,78.0,147.0
2015-12-20,HGM,PM2.5,2,125.0,35.296,23.516989054586652,2.0,17.0,27.0,55.0,116.0
2015-12-20,HGM,PMCO,2,125.0,22.128,9.435670138773498,7.0,15.0,21.0,28.0,55.0
2015-12-20,HGM,SO2,1,153.0,12.84967320261438,17.178540484627167,2.0,2.0,4.0,17.0,87.0
2015-12-20,INN,CO,15,129.0,0.23333333333333317,0.1921642092933368,0.0,0.1,0.2,0.2,1.0
2015-12-20,INN,O3,1,136.0,33.536764705882355,14.601830472890764,3.0,25.0,32.0,41.0,89.0
2015-12-20,INN,PM10,2,0.0,,,,,,,
2015-12-20,INN,PM2.5,2,0.0,,,,,,,
2015-12-20,INN,PMCO,2,0.0,,,,,,,
2015-12-20,INN,SO2,1,136.0,1.9852941176470589,1.7679672115178429,1.0,1.0,1.0,2.0,10.0
2015-12-20,IZT,CO,15,158.0,1.4056962025316462,0.6762809191760021,0.5,0.9,1.3,1.675,4.0
2015-12-20,IZT,NO,1,158.0,39.24050632911393,42.52244523527057,1.0,10.25,25.5,52.5,251.0
2015-12-20,IZT,NO2,1,158.0,38.4873417721519,16.45288093246861,10.0,28.25,35.0,45.0,95.0
2015-12-20,IZT,NOX,1,158.0,77.70253164556962,47.865723743337625,13.0,48.0,69.0,94.75,284.0
2015-12-20,IZT,O3,1,158.0,22.436708860759495,28.56737115717678,2.0,3.0,6.0,38.5,120.0
2015-12-20,IZT,PM10,2,161.0,46.84472049689441,23.214370281737985,11.0,29.0,41.0,58.0,113.0
2015-12-20,IZT,SO2,1,158.0,11.746835443037975,17.514302329814253,1.0,2.0,4.0,14.0,94.0
2015-12-20,LLA,CO,15,0.0,,,,,,,
2015-12-20,LLA,NO,1,0.0,,,,,,,
2015-12-20,LLA,NO2,1,0.0,,,,,,,
2015-12-20,LLA,NOX,1,0.0,,,,,,,
2015-12-20,LLA,O3,1,155.0,21.251612903225805,26.307767246794644,1.0,2.0,9.0,33.0,115.0
2015-12-20,LLA,SO2,1,155.0,13.832258064516129,28.62879745237885,2.0,2.5,5.0,10.5,175.0
2015-12-20,LPR,CO,15,0.0,,,,,,,
2015-12-20,LPR,NO,1,0.0,,,,,,,
2015-12-20,LPR,NO2,1,0.0,,,,,,,
2015-12-20,LPR,NOX,1,0.0,,,,,,,
2015-12-20,LPR,O3,1,0.0,,,,,,,
2015-12-20,LPR,SO2,1,0.0,,,,,,,
2015-12-20,MER,CO,15,146.0,1.3698630136986307,0.6304207530950456,0.5,0.9,1.3,1.7,3.6
2015-12-20,MER,NO,1,146.0,60.02739726027397,52.85777210401245,4.0,23.0,50.0,82.5,281.0
2015-12-20,MER,NO2,1,146.0,43.62328767123287,17.883585388787505,13.0,32.0,39.0,50.0,107.0
2015-12-20,MER,NOX,1,146.0,103.63698630136986,56.79507993953122,18.0,64.5,99.0,124.75,321.0
2015-12-20,MER,O3,1,148.0,15.5,22.923267447643465,1.0,1.0,3.0,24.0,99.0
2015-12-20,MER,PM10,2,141.0,76.24113475177305,33.57335267934545,16.0,52.0,65.0,98.0,171.0
2015-12-20,MER,PM2.5,2,141.0,37.63120567375886,22.24102109279727,1.0,23.0,32.0,46.0,98.0
2015-12-20,MER,PMCO,2,141.0,38.51063829787234,15.444655581081667,13.0,27.0,34.0,49.0,80.0
2015-12-20,MER,SO2,1,148.0,13.236486486486486,16.80757906724989,2.0,3.0,5.0,18.25,89.0
2015-12-20,MGH,CO,15,115.0,1.2382608695652173,0.5684053731204693,0.3,0.8,1.2,1.5,4.1
2015-12-20,MGH,NO,1,115.0,59.78260869565217,72.7793809494188,1.0,8.0,36.0,83.5,463.0
2015-12-20,MGH,NO2,1,115.0,39.00869565217391,15.534057463077989,11.0,30.0,37.0,47.5,82.0
2015-12-20,MGH,NOX,1,115.0,98.78260869565217,73.01403164937825,14.0,53.0,86.0,117.5,507.0
2015-12-20,MGH,O3,1,115.0,23.843478260869563,31.923590601910416,0.0,1.0,5.0,38.0,135.0
2015-12-20,MGH,PM10,2,115.0,47.68695652173913,26.295675455738564,9.0,26.0,41.0,68.5,115.0
2015-12-20,MGH,PM2.5,2,115.0,31.321739130434782,21.79914203449581,1.0,14.0,24.0,47.5,89.0
2015-12-20,MGH,PMCO,2,115.0,16.382608695652173,5.858840386874443,4.0,12.0,16.0,20.0,30.0
2015-12-20,MGH,SO2,1,115.0,6.895652173913043,9.305133381439347,0.0,1.0,2.0,10.0,59.0
2015-12-20,MON,CO,15,158.0,0.5227848101265823,0.38505500213898897,0.1,0.3,0.4,0.6,2.1
2015-12-20,MON,NO,1,158.0,25.854430379746834,42.4553457354972,0.0,2.0,3.0,33.75,234.0
2015-12-20,MON,NO2,1,158.0,17.335443037974684,6.70260977738857,3.0,13.0,18.0,21.0,37.0
2015-12-20,MON,NOX,1,158.0,43.107594936708864,43.60163986909632,5.0,16.0,25.5,53.5,246.0
2015-12-20,MON,O3,1,158.0,22.09493670886076,20.473312743895264,1.0,3.0,18.0,33.0,99.0
2015-12-20,MON,SO2,1,0.0,,,,,,,
2015-12-20,NEZ,CO,15,158.0,0.972151898734177,0.7927918432451974,0.1,0.5,0.75,1.1,4.8
2015-12-20,NEZ,NO,1,158.0,30.11392405063291,51.411785147178804,1.0,4.0,9.0,32.75,318.0
2015-12-20,NEZ,NO2,1,158.0,31.582278481012658,12.909886198353513,8.0,23.0,30.0,40.0,70.0
2015-12-20,NEZ,NOX,1,158.0,61.69620253164557,55.34532113444316,12.0,30.0,46.0,72.0,355.0
2015-12-20,NEZ,O3,1,158.0,22.5126582278481,25.381606596083927,1.0,3.0,11.0,34.75,109.0
2015-12-20,NEZ,PM2.5,2,154.0,26.064935064935064,19.336941963649785,2.0,13.0,20.0,33.75,93.0
2015-12-20,NEZ,SO2,1,158.0,8.518987341772151,16.466032018460304,1.0,1.0,2.0,7.75,104.0
2015-12-20,PED,CO,15,157.0,0.7299363057324839,0.37080386828827305,0.2,0.4,0.7,1.0,1.9
2015-12-20,PED,NO,1,157.0,20.910828025477706,23.26171494112775,1.0,4.0,11.0,31.0,135.0
2015-12-20,PED,NO2,1,157.0,31.369426751592357,14.790973782632111,9.0,21.0,29.0,37.0,87.0
2015-12-20,PED,NOX,1,157.0,52.29936305732484,29.129785832865757,12.0,29.0,45.0,72.0,172.0
2015-12-20,PED,O3,1,157.0,26.738853503184714,31.499521057981934,1.0,3.0,12.0,44.0,124.0
2015-12-20,PED,PM10,2,0.0,,,,,,,
2015-12-20,PED,PM2.5,2,0.0,,,,,,,
2015-12-20,PED,PMCO,2,0.0,,,,,,,
2015-12-20,PED,SO2,1,157.0,5.515923566878981,7.50692423575062,0.0,1.0,2.0,8.0,45.0
2015-12-20,SAG,CO,15,157.0,1.164331210191083,0.650050563995178,0.4,0.7,1.0,1.4,4.2
2015-12-20,SAG,NO,1,157.0,38.49044585987261,54.87931021964971,2.0,8.0,17.0,47.0,313.0
2015-12-20,SAG,NO2,1,157.0,29.961783439490446,11.15444337720915,10.0,22.0,28.0,37.0,66.0
2015-12-20,SAG,NOX,1,157.0,68.43312101910828,55.58514765254991,16.0,33.0,53.0,82.0,350.0
2015-12-20,SAG,O3,1,157.0,21.522292993630572,25.71056502068431,1.0,2.0,10.0,34.0,106.0
2015-12-20,SAG,PM10,2,159.0,63.25157232704402,27.519146051628756,14.0,43.0,61.0,77.0,176.0
2015-12-20,SAG,PM2.5,2,159.0,33.16981132075472,19.629546170901843,3.0,19.0,29.0,41.0,129.0
2015-12-20,SAG,PMCO,2,159.0,30.169811320754718,13.169396604484206,6.0,21.0,27.0,37.0,79.0
2015-12-20,SAG,SO2,1,157.0,13.401273885350319,24.424624993213744,2.0,3.0,6.0,10.0,166.0
2015-12-20,SFE,CO,15,0.0,,,,,,,
2015-12-20,SFE,NO,1,0.0,,,,,,,
2015-12-20,SFE,NO2,1,0.0,,,,,,,
2015-12-20,SFE,NOX,1,0.0,,,,,,,
2015-12-20,SFE,O3,1,0.0,,,,,,,
2015-12-20,SFE,PM10,2,0.0,,,,,,,
2015-12-20,SFE,PM2.5,2,0.0,,,,,,,
2015-12-20,SFE,PMCO,2,0.0,,,,,,,
2015-12-20,SFE,SO2,1,0.0,,,,,,,
2015-12-20,SJA,CO,15,0.0,,,,,,,
2015-12-20,SJA,NO,1,0.0,,,,,,,
2015-12-20,SJA,NO2,1,0.0,,,,,,,
2015-12-20,SJA,NOX,1,0.0,,,,,,,
2015-12-20,SJA,O3,1,0.0,,,,,,,
2015-12-20,SJA,PM2.5,2,0.0,,,,,,,
2015-12-20,SJA,SO2,1,0.0,,,,,,,
2015-12-20,TAH,CO,15,0.0,,,,,,,
2015-12-20,TAH,NO,1,0.0,,,,,,,
2015-12-20,TAH,NO2,1,0.0,,,,,,,
2015-12-20,TAH,NOX,1,0.0,,,,,,,
2015-12-20,TAH,O3,1,0.0,,,,,,,
2015-12-20,TAH,PM10,2,159.0,48.9685534591195,28.975638257875147,1.0,28.5,44.0,64.0,140.0
2015-12-20,TAH,SO2,1,0.0,,,,,,,
2015-12-20,TLA,CO,15,158.0,1.262658227848101,0.6294759904676134,0.4,0.9,1.1,1.5,3.9
2015-12-20,TLA,NO,1,157.0,55.29936305732484,54.16469009823518,2.0,17.0,39.0,73.0,293.0
2015-12-20,TLA,NO2,1,157.0,40.560509554140125,17.087758993823556,15.0,31.0,36.0,46.0,108.0
2015-12-20,TLA,NOX,1,157.0,95.91082802547771,56.8831884267402,25.0,60.0,81.0,120.0,339.0
2015-12-20,TLA,O3,1,153.0,18.84313725490196,25.832995437052467,0.0,1.0,5.0,27.0,123.0
2015-12-20,TLA,PM10,2,160.0,71.9375,36.78335135773953,13.0,40.0,70.0,98.0,177.0
2015-12-20,TLA,PM2.5,2,160.0,35.49375,23.536402121878517,1.0,16.0,28.5,55.25,104.0
2015-12-20,TLA,PMCO,2,160.0,36.41875,15.899634850045452,9.0,24.0,34.0,49.0,77.0
2015-12-20,TLA,SO2,1,158.0,16.765822784810126,26.70221912138786,1.0,2.0,5.0,16.0,156.0
2015-12-20,TLI,CO,15,0.0,,,,,,,
2015-12-20,TLI,NO,1,0.0,,,,,,,
2015-12-20,TLI,NO2,1,0.0,,,,,,,
2015-12-20,TLI,NOX,1,0.0,,,,,,,
2015-12-20,TLI,O3,1,0.0,,,,,,,
2015-12-20,TLI,PM10,2,153.0,79.52287581699346,33.16269403841902,9.0,56.0,77.0,101.0,159.0
2015-12-20,TLI,SO2,1,0.0,,,,,,,
2015-12-20,UAX,CO,15,77.0,0.7610389610389607,0.26165256400719245,0.2,0.6,0.8,0.9,1.4
2015-12-20,UAX,NO,1,153.0,20.516339869281047,25.72887599953637,0.0,3.0,12.0,29.0,164.0
2015-12-20,UAX,NO2,1,153.0,29.209150326797385,12.742724237141454,7.0,18.0,29.0,37.0,66.0
2015-12-20,UAX,NOX,1,153.0,49.72549019607843,29.725993253760258,9.0,26.0,47.0,66.0,190.0
2015-12-20,UAX,O3,1,153.0,25.00653594771242,30.3985579497021,1.0,2.0,10.0,40.0,125.0
2015-12-20,UAX,PM2.5,2,147.0,27.156462585034014,15.54168089156493,2.0,17.0,23.0,34.0,72.0
2015-12-20,UAX,SO2,1,153.0,7.34640522875817,13.053694910192805,0.0,1.0,1.0,8.0,93.0
2015-12-20,UIZ,CO,15,154.0,0.9629870129870127,0.5205516554329899,0.2,0.5,0.9,1.2,3.1
2015-12-20,UIZ,NO,1,154.0,28.714285714285715,32.54714314053762,1.0,5.0,18.5,37.75,192.0
2015-12-20,UIZ,NO2,1,154.0,34.616883116883116,13.734741052898322,8.0,23.25,34.5,43.0,74.0
2015-12-20,UIZ,NOX,1,154.0,63.37662337662338,37.78128975022638,13.0,33.0,59.5,84.0,225.0
2015-12-20,UIZ,O3,1,154.0,22.123376623376622,27.059684195964525,2.0,3.0,7.0,35.75,116.0
2015-12-20,UIZ,PM10,2,157.0,63.0828025477707,32.420308960912436,13.0,39.0,58.0,78.0,154.0
2015-12-20,UIZ,PM2.5,2,157.0,32.34394904458599,22.77473672785325,1.0,15.0,25.0,44.0,106.0
2015-12-20,UIZ,PMCO,2,157.0,30.726114649681527,13.994784497826942,6.0,21.0,29.0,39.0,75.0
2015-12-20,UIZ,SO2,1,154.0,9.837662337662337,15.477358871489445,1.0,2.0,3.0,11.0,94.0
2015-12-20,VIF,CO,15,0.0,,,,,,,
2015-12-20,VIF,NO,1,0.0,,,,,,,
2015-12-20,VIF,NO2,1,0.0,,,,,,,
2015-12-20,VIF,NOX,1,0.0,,,,,,,
2015-12-20,VIF,O3,1,0.0,,,,,,,
2015-12-20,VIF,PM10,2,154.0,85.44805194805195,37.541270049967736,1.0,61.5,84.0,106.75,216.0
2015-12-20,VIF,SO2,1,0.0,,,,,,,
2015-12-20,XAL,CO,15,157.0,1.629936305732484,0.8434107318404839,0.6,1.0,1.5,1.9,5.3
2015-12-20,XAL,NO,1,156.0,66.69871794871794,70.82239666456846,2.0,15.0,37.5,94.5,391.0
2015-12-20,XAL,NO2,1,156.0,39.84615384615385,14.378816787498085,16.0,30.0,36.0,47.0,94.0
2015-12-20,XAL,NOX,1,156.0,106.48717948717949,72.33787097025673,25.0,52.0,90.0,134.25,434.0
2015-12-20,XAL,O3,1,157.0,16.78980891719745,20.0761472984203,1.0,2.0,5.0,28.0,78.0
2015-12-20,XAL,PM10,2,160.0,96.91875,41.050815552765464,27.0,64.0,91.5,125.25,226.0
2015-12-20,XAL,PM2.5,2,160.0,42.55625,23.87328890111237,2.0,24.0,38.0,58.25,130.0
2015-12-20,XAL,PMCO,2,160.0,54.31875,23.70955593116055,16.0,38.0,51.0,66.0,149.0
2015-12-20,XAL,SO2,1,157.0,13.987261146496815,18.954394410019965,3.0,4.0,7.0,13.0,116.0
2015-12-27,ACO,CO,15,0.0,,,,,,,
2015-12-27,ACO,NO,1,0.0,,,,,,,
2015-12-27,ACO,NO2,1,0.0,,,,,,,
2015-12-27,ACO,NOX,1,0.0,,,,,,,
2015-12-27,ACO,O3,1,0.0,,,,,,,
2015-12-27,ACO,PM10,2,161.0,64.6583850931677,38.69449340507996,5.0,40.0,52.0,82.0,191.0
2015-12-27,ACO,SO2,1,0.0,,,,,,,
2015-12-27,AJM,CO,15,157.0,0.6808917197452234,0.30490304427039905,0.3,0.5,0.6,0.8,1.9
2015-12-27,AJM,NO,1,157.0,5.076433121019108,8.581092364622235,0.0,1.0,2.0,5.0,53.0
2015-12-27,AJM,NO2,1,157.0,19.796178343949045,14.487721969496288,3.0,9.0,15.0,26.0,72.0
2015-12-27,AJM,NOX,1,157.0,24.878980891719745,20.97139392261098,3.0,10.0,18.0,32.0,125.0
2015-12-27,AJM,O3,1,157.0,43.611464968152866,22.53619586625397,7.0,27.0,40.0,54.0,111.0
2015-12-27,AJM,PM10,2,155.0,40.16129032258065,23.06441681464288,6.0,22.0,36.0,56.0,130.0
2015-12-27,AJM,PM2.5,2,155.0,25.54193548387097,18.050880005053763,2.0,10.5,22.0,35.0,118.0
2015-12-27,AJM,PMCO,2,155.0,14.651612903225807,7.725479473530194,3.0,9.0,13.0,19.0,39.0
2015-12-27,AJM,SO2,1,157.0,7.515923566878981,7.244454196798068,1.0,2.0,5.0,11.0,35.0
2015-12-27,AJU,O3,1,158.0,31.253164556962027,22.59303108518333,2.0,10.0,27.5,46.0,85.0
2015-12-27,AJU,PM2.5,2,158.0,18.5126582278481,11.114767442875243,1.0,9.0,16.5,26.75,48.0
2015-12-27,ATI,CO,15,0.0,,,,,,,
2015-12-27,ATI,NO,1,0.0,,,,,,,
2015-12-27,ATI,NO2,1,0.0,,,,,,,
2015-12-27,ATI,NOX,1,0.0,,,,,,,
2015-12-27,ATI,O3,1,0.0,,,,,,,
2015-12-27,ATI,PM10,2,156.0,52.1474358974359,29.114192190946124,1.0,31.0,48.0,73.0,148.0
2015-12-27,ATI,SO2,1,0.0,,,,,,,
2015-12-27,BJU,CO,15,149.0,1.1046979865771813,0.6994530266929814,0.2,0.6,0.9,1.5,3.9
2015-12-27,BJU,O3,1,146.0,22.71232876712329,27.018246428232228,1.0,2.0,10.0,36.5,107.0
2015-12-27,BJU,PM10,2,155.0,66.32903225806452,72.84497947540162,8.0,39.0,55.0,70.5,707.0
2015-12-27,BJU,PM2.5,2,156.0,45.506410256410255,71.70508568771267,3.0,21.0,33.0,47.25,690.0
2015-12-27,BJU,PMCO,2,156.0,21.044871794871796,9.670269001641193,3.0,15.0,19.0,27.0,48.0
2015-12-27,BJU,SO2,1,149.0,6.2885906040268456,10.913848939574759,1.0,2.0,4.0,7.0,118.0
2015-12-27,CAM,CO,15,69.0,1.0942028985507248,0.5020206399468565,0.4,0.7,1.0,1.5,2.5
2015-12-27,CAM,NO,1,69.0,18.956521739130434,27.110034382021237,1.0,4.0,8.0,22.0,153.0
2015-12-27,CAM,NO2,1,69.0,30.18840579710145,14.75413736820848,6.0,17.0,32.0,42.0,63.0
2015-12-27,CAM,NOX,1,69.0,49.21739130434783,36.125137722195205,8.0,20.0,44.0,60.0,193.0
2015-12-27,CAM,O3,1,69.0,26.028985507246375,28.03515178700438,1.0,2.0,16.0,38.0,105.0
2015-12-27,CAM,PM10,2,69.0,61.3768115942029,35.96980001631899,12.0,37.0,49.0,77.0,168.0
2015-12-27,CAM,PM2.5,2,69.0,36.69565217391305,31.3670416894521,3.0,14.0,29.0,44.0,128.0
2015-12-27,CAM,PMCO,2,69.0,24.73913043478261,10.631048000346803,9.0,17.0,22.0,32.0,52.0
2015-12-27,CAM,SO2,1,69.0,4.753623188405797,2.80967758827283,2.0,3.0,4.0,6.0,15.0
2015-12-27,CCA,CO,15,158.0,0.8544303797468354,0.4546427079998473,0.2,0.5,0.8,1.1,2.6
2015-12-27,CCA,NO,1,158.0,16.430379746835442,24.1661887000825,0.0,2.0,5.0,21.0,109.0
2015-12-27,CCA,NO2,1,158.0,31.348101265822784,16.874179278061238,5.0,21.0,29.0,39.0,104.0
2015-12-27,CCA,NOX,1,158.0,47.74683544303797,33.83548371273357,6.0,25.0,39.5,58.75,180.0
2015-12-27,CCA,O3,1,158.0,28.0126582278481,28.10126985406728,1.0,4.0,20.5,41.75,110.0
2015-12-27,CCA,PM2.5,2,160.0,27.95625,30.306473741247625,2.0,12.0,24.0,33.25,302.0
2015-12-27,CCA,SO2,1,158.0,4.322784810126582,4.128923900679468,1.0,1.25,3.0,6.0,28.0
2015-12-27,CHO,CO,15,158.0,1.010759493670887,0.6813797769137289,0.3,0.5,0.8,1.3,3.8
2015-12-27,CHO,NO,1,0.0,,,,,,,
2015-12-27,CHO,NO2,1,0.0,,,,,,,
2015-12-27,CHO,NOX,1,0.0,,,,,,,
2015-12-27,CHO,O3,1,158.0,29.00632911392405,27.667151954380675,2.0,5.0,25.0,44.75,138.0
2015-12-27,CHO,PM10,2,160.0,75.96875,47.68072826084221,1.0,37.75,70.0,104.5,227.0
2015-12-27,CHO,SO2,1,158.0,2.9430379746835444,2.501575734968741,1.0,1.0,2.0,3.0,17.0
2015-12-27,COY,NO,1,158.0,25.189873417721518,32.503042855836306,0.0,3.0,11.0,38.75,171.0
2015-12-27,COY,NO2,1,158.0,37.54430379746835,18.93824860804822,6.0,26.0,37.0,48.75,92.0
2015-12-27,COY,NOX,1,158.0,62.69620253164557,42.616899381300804,6.0,34.0,55.0,86.75,260.0
2015-12-27,COY,O3,1,158.0,25.417721518987342,27.61408649800689,1.0,3.0,14.0,39.75,105.0
2015-12-27,COY,PM2.5,2,161.0,42.745341614906835,56.92476169285927,4.0,19.0,32.0,46.0,544.0
2015-12-27,CUA,CO,15,158.0,0.782278481012658,0.37595212246705945,0.3,0.5,0.7,1.0,2.3
2015-12-27,CUA,NO,1,158.0,15.810126582278482,22.89025378747932,1.0,4.0,6.0,16.0,138.0
2015-12-27,CUA,NO2,1,158.0,31.158227848101266,17.407269201207175,6.0,18.0,30.0,40.0,88.0
2015-12-27,CUA,NOX,1,158.0,46.90506329113924,35.403909240173114,7.0,23.0,36.5,59.0,201.0
2015-12-27,CUA,O3,1,158.0,32.651898734177216,23.296462981634107,2.0,15.25,29.0,40.0,116.0
2015-12-27,CUA,PM10,2,161.0,40.60248447204969,24.867468584253206,1.0,23.0,38.0,53.0,153.0
2015-12-27,CUA,SO2,1,0.0,,,,,,,
2015-12-27,CUT,NO,1,154.0,37.72727272727273,50.03179025030609,1.0,2.0,15.0,52.0,266.0
2015-12-27,CUT,NO2,1,154.0,28.24025974025974,16.095326807186414,4.0,17.0,26.0,36.75,105.0
2015-12-27,CUT,NOX,1,154.0,65.91558441558442,57.11094023127853,5.0,23.0,48.5,89.5,314.0
2015-12-27,CUT,O3,1,154.0,18.87012987012987,19.905890118779716,1.0,2.25,8.0,31.0,80.0
2015-12-27,CUT,PM10,2,157.0,88.61146496815287,53.32984560088723,6.0,49.0,76.0,115.0,305.0
2015-12-27,CUT,SO2,1,154.0,5.876623376623376,15.035177888698527,0.0,1.0,1.0,4.0,119.0
2015-12-27,FAC,CO,15,158.0,1.0031645569620251,0.6815513295319329,0.2,0.5,0.8,1.4,2.9
2015-12-27,FAC,NO,1,158.0,36.835443037974684,47.38739394835379,0.0,5.25,16.5,41.5,208.0
2015-12-27,FAC,NO2,1,158.0,37.24050632911393,21.151088384983556,7.0,24.0,33.0,46.0,124.0
2015-12-27,FAC,NOX,1,158.0,74.15189873417721,58.09043873827232,8.0,32.0,51.5,100.0,241.0
2015-12-27,FAC,O3,1,158.0,23.063291139240505,21.854377207144342,2.0,5.0,18.0,34.0,98.0
2015-12-27,FAC,PM10,2,159.0,48.930817610062896,28.745967135277823,1.0,27.0,43.0,70.5,136.0
2015-12-27,FAC,SO2,1,158.0,7.139240506329114,8.414022534773345,0.0,2.0,5.0,8.0,51.0
2015-12-27,GAM,O3,1,157.0,24.573248407643312,28.32689304368574,1.0,2.0,12.0,39.0,110.0
2015-12-27,GAM,PM2.5,2,155.0,53.94193548387097,39.23393685859708,1.0,28.0,46.0,67.0,213.0
2015-12-27,HGM,CO,15,158.0,1.2683544303797472,0.7145519827131931,0.4,0.7,1.1,1.7,3.9
2015-12-27,HGM,NO,1,158.0,34.607594936708864,54.14004433456125,1.0,4.0,13.0,35.5,305.0
2015-12-27,HGM,NO2,1,158.0,45.28481012658228,21.73057131281994,10.0,30.0,44.0,56.0,111.0
2015-12-27,HGM,NOX,1,158.0,79.84810126582279,64.34532406364835,13.0,33.5,62.0,102.5,348.0
2015-12-27,HGM,O3,1,158.0,24.60759493670886,27.800663384615262,1.0,3.0,13.0,38.0,112.0
2015-12-27,HGM,PM10,2,160.0,59.7625,35.92435930110612,8.0,35.0,57.5,74.25,259.0
2015-12-27,HGM,PM2.5,2,160.0,40.18125,32.625928623618634,1.0,19.0,35.5,50.5,241.0
2015-12-27,HGM,PMCO,2,160.0,19.49375,8.987060492135802,4.0,13.0,18.0,26.0,45.0
2015-12-27,HGM,SO2,1,158.0,8.221518987341772,10.089802771658864,2.0,3.0,5.0,9.0,91.0
2015-12-27,INN,CO,15,7.0,0.34285714285714286,0.13972762620115436,0.2,0.25,0.3,0.4,0.6
2015-12-27,INN,O3,1,7.0,47.714285714285715,5.089672082242814,41.0,44.0,49.0,50.0,56.0
2015-12-27,INN,PM10,2,0.0,,,,,,,
2015-12-27,INN,PM2.5,2,0.0,,,,,,,
2015-12-27,INN,PMCO,2,0.0,,,,,,,
2015-12-27,INN,SO2,1,7.0,6.142857142857143,3.8047589248453675,2.0,3.0,5.0,9.5,11.0
2015-12-27,IZT,CO,15,155.0,1.5722580645161286,0.9909024801553618,0.4,0.9,1.2,2.05,5.1
2015-12-27,IZT,NO,1,154.0,40.51298701298701,58.15184507078933,1.0,5.0,14.0,47.75,311.0
2015-12-27,IZT,NO2,1,154.0,38.214285714285715,19.34514996747864,7.0,24.25,38.0,49.75,100.0
2015-12-27,IZT,NOX,1,154.0,78.76623376623377,68.06646042946538,11.0,30.0,58.0,94.75,348.0
2015-12-27,IZT,O3,1,155.0,24.55483870967742,26.081824774691526,2.0,4.0,15.0,38.0,106.0
2015-12-27,IZT,PM10,2,157.0,58.452229299363054,48.38314575423231,7.0,35.0,48.0,65.0,385.0
2015-12-27,IZT,SO2,1,155.0,6.806451612903226,7.2120901145711835,1.0,2.5,5.0,8.5,62.0
2015-12-27,LLA,CO,15,0.0,,,,,,,
2015-12-27,LLA,NO,1,0.0,,,,,,,
2015-12-27,LLA,NO2,1,0.0,,,,,,,
2015-12-27,LLA,NOX,1,0.0,,,,,,,
2015-12-27,LLA,O3,1,158.0,23.164556962025316,25.20713192969281,1.0,3.0,12.5,40.75,96.0
2015-12-27,LLA,SO2,1,158.0,6.379746835443038,5.936615942832832,2.0,3.0,5.0,7.0,54.0
2015-12-27,LPR,CO,15,0.0,,,,,,,
2015-12-27,LPR,NO,1,0.0,,,,,,,
2015-12-27,LPR,NO2,1,0.0,,,,,,,
2015-12-27,LPR,NOX,1,0.0,,,,,,,
2015-12-27,LPR,O3,1,0.0,,,,,,,
2015-12-27,LPR,SO2,1,0.0,,,,,,,
2015-12-27,MER,CO,15,155.0,1.3896774193548393,0.8914583261230307,0.3,0.7,1.1,1.9,3.9
2015-12-27,MER,NO,1,155.0,51.096774193548384,63.52387568256831,1.0,7.5,18.0,72.5,282.0
2015-12-27,MER,NO2,1,155.0,42.63225806451613,19.48959741004666,7.0,31.0,43.0,54.0,116.0
2015-12-27,MER,NOX,1,155.0,93.74193548387096,74.68608232015835,9.0,35.5,68.0,132.0,357.0
2015-12-27,MER,O3,1,155.0,18.916129032258066,23.404671206170722,0.0,1.0,9.0,29.5,95.0
2015-12-27,MER,PM10,2,154.0,80.94805194805195,41.68772678868137,8.0,54.25,79.0,99.75,232.0
2015-12-27,MER,PM2.5,2,154.0,42.935064935064936,31.200107952862364,1.0,23.0,39.5,54.0,167.0
2015-12-27,MER,PMCO,2,154.0,37.993506493506494,16.52112798743118,7.0,26.0,36.5,48.75,83.0
2015-12-27,MER,SO2,1,155.0,7.406451612903226,7.253925738928563,1.0,3.0,6.0,9.0,49.0
2015-12-27,MGH,CO,15,65.0,1.2692307692307698,0.65166207618555,0.4,0.8,1.1,1.6,3.3
2015-12-27,MGH,NO,1,93.0,62.17204301075269,70.9919811233932,3.0,13.0,34.0,97.0,356.0
2015-12-27,MGH,NO2,1,93.0,48.41935483870968,16.78205730550726,27.0,38.0,43.0,57.0,108.0
2015-12-27,MGH,NOX,1,93.0,110.48387096774194,74.61242070850649,32.0,55.0,88.0,150.0,393.0
2015-12-27,MGH,O3,1,93.0,16.129032258064516,22.16500659895135,0.0,2.0,5.0,20.0,90.0
2015-12-27,MGH,PM10,2,95.0,64.41052631578947,34.962135973760304,20.0,39.5,58.0,76.0,230.0
2015-12-27,MGH,PM2.5,2,95.0,43.61052631578947,33.363342967624874,8.0,24.0,33.0,52.0,215.0
2015-12-27,MGH,PMCO,2,95.0,20.789473684210527,9.848744100561385,9.0,13.0,18.0,26.5,54.0
2015-12-27,MGH,SO2,1,93.0,8.903225806451612,6.796841523712113,2.0,3.0,8.0,11.0,35.0
2015-12-27,MON,CO,15,158.0,0.6436708860759496,0.4454202258747555,0.1,0.3,0.5,0.9,1.9
2015-12-27,MON,NO,1,158.0,23.018987341772153,35.00017680009713,0.0,1.0,3.0,35.5,177.0
2015-12-27,MON,NO2,1,158.0,18.645569620253166,10.858719792560207,3.0,10.0,18.0,25.75,48.0
2015-12-27,MON,NOX,1,158.0,41.60126582278481,40.596655108897764,3.0,11.0,25.0,61.75,193.0
2015-12-27,MON,O3,1,158.0,24.227848101265824,21.392271577322656,1.0,3.0,23.0,37.0,95.0
2015-12-27,MON,SO2,1,0.0,,,,,,,
2015-12-27,NEZ,CO,15,158.0,1.2234177215189863,0.9076579872669845,0.1,0.6,1.0,1.675,4.3
2015-12-27,NEZ,NO,1,158.0,33.607594936708864,45.46628000077384,0.0,3.0,9.5,51.0,192.0
2015-12-27,NEZ,NO2,1,158.0,34.24050632911393,17.255454368821532,7.0,20.5,31.5,46.0,86.0
2015-12-27,NEZ,NOX,1,158.0,67.80379746835443,54.8501675221428,8.0,23.25,53.5,97.5,234.0
2015-12-27,NEZ,O3,1,158.0,24.68354430379747,27.10726243149374,0.0,2.0,15.0,39.75,121.0
2015-12-27,NEZ,PM2.5,2,161.0,39.16770186335404,43.76831559827908,1.0,15.0,30.0,44.0,267.0
2015-12-27,NEZ,SO2,1,158.0,3.7658227848101267,3.681884939436353,1.0,1.25,2.0,5.0,27.0
2015-12-27,PED,CO,15,158.0,0.6759493670886075,0.39461831591345825,0.1,0.4,0.6,0.9,2.1
2015-12-27,PED,NO,1,158.0,12.791139240506329,20.37891185454692,1.0,2.0,4.0,14.0,112.0
2015-12-27,PED,NO2,1,158.0,28.810126582278482,17.060832298278708,4.0,17.0,25.5,36.0,90.0
2015-12-27,PED,NOX,1,158.0,41.63291139240506,31.838836684246353,5.0,18.0,32.0,53.0,166.0
2015-12-27,PED,O3,1,158.0,30.253164556962027,26.551461079631654,1.0,9.0,23.5,43.0,114.0
2015-12-27,PED,PM10,2,0.0,,,,,,,
2015-12-27,PED,PM2.5,2,0.0,,,,,,,
2015-12-27,PED,PMCO,2,0.0,,,,,,,
2015-12-27,PED,SO2,1,157.0,5.337579617834395,4.488666840124493,1.0,2.0,4.0,7.0,24.0
2015-12-27,SAG,CO,15,154.0,1.3441558441558445,0.7706195634043879,0.4,0.8,1.1,1.775,4.1
2015-12-27,SAG,NO,1,154.0,38.1948051948052,50.20052312334232,1.0,6.0,16.5,51.0,273.0
2015-12-27,SAG,NO2,1,154.0,32.86363636363637,14.524294806688902,8.0,25.0,30.5,41.75,87.0
2015-12-27,SAG,NOX,1,154.0,71.1038961038961,55.717326816682245,13.0,32.25,54.0,94.75,316.0
2015-12-27,SAG,O3,1,154.0,21.772727272727273,24.98248346532161,1.0,2.0,12.5,36.75,109.0
2015-12-27,SAG,PM10,2,154.0,79.48051948051948,38.442252894068446,14.0,52.25,76.0,98.75,195.0
2015-12-27,SAG,PM2.5,2,154.0,42.811688311688314,28.372353633876493,5.0,22.0,38.5,53.0,144.0
2015-12-27,SAG,PMCO,2,154.0,36.753246753246756,19.20964888551396,6.0,23.25,35.0,47.0,153.0
2015-12-27,SAG,SO2,1,154.0,6.616883116883117,5.165493923764223,1.0,3.0,5.0,8.0,44.0
2015-12-27,SFE,CO,15,0.0,,,,,,,
2015-12-27,SFE,NO,1,0.0,,,,,,,
2015-12-27,SFE,NO2,1,0.0,,,,,,,
2015-12-27,SFE,NOX,1,0.0,,,,,,,
2015-12-27,SFE,O3,1,0.0,,,,,,,
2015-12-27,SFE,PM10,2,0.0,,,,,,,
2015-12-27,SFE,PM2.5,2,0.0,,,,,,,
2015-12-27,SFE,PMCO,2,0.0,,,,,,,
2015-12-27,SFE,SO2,1,0.0,,,,,,,
2015-12-27,SJA,CO,15,0.0,,,,,,,
2015-12-27,SJA,NO,1,0.0,,,,,,,
2015-12-27,SJA,NO2,1,0.0,,,,,,,
2015-12-27,SJA,NOX,1,0.0,,,,,,,
2015-12-27,SJA,O3,1,0.0,,,,,,,
2015-12-27,SJA,PM2.5,2,0.0,,,,,,,
2015-12-27,SJA,SO2,1,0.0,,,,,,,
2015-12-27,TAH,CO,15,0.0,,,,,,,
2015-12-27,TAH,NO,1,0.0,,,,,,,
2015-12-27,TAH,NO2,1,0.0,,,,,,,
2015-12-27,TAH,NOX,1,0.0,,,,,,,
2015-12-27,TAH,O3,1,0.0,,,,,,,
2015-12-27,TAH,PM10,2,156.0,59.69871794871795,37.266160360616176,1.0,33.75,50.5,82.25,211.0
2015-12-27,TAH,SO2,1,0.0,,,,,,,
2015-12-27,TLA,CO,15,158.0,1.160126582278481,0.7307565117166385,0.2,0.6,1.0,1.5,3.5
2015-12-27,TLA,NO,1,155.0,41.78064516129032,54.276620851059214,0.0,7.5,18.0,49.0,254.0
2015-12-27,TLA,NO2,1,155.0,40.91612903225806,21.518326480669845,7.0,25.0,38.0,49.5,99.0
2015-12-27,TLA,NOX,1,155.0,82.63225806451612,67.32447301647414,9.0,34.0,63.0,105.5,332.0
2015-12-27,TLA,O3,1,158.0,20.645569620253166,23.797199414887814,1.0,2.0,10.0,32.0,101.0
2015-12-27,TLA,PM10,2,160.0,67.925,34.291856854665674,7.0,44.0,59.5,86.0,186.0
2015-12-27,TLA,PM2.5,2,160.0,34.475,20.03297595930679,1.0,19.75,31.0,45.0,85.0
2015-12-27,TLA,PMCO,2,160.0,33.49375,19.464852011676797,4.0,19.75,28.5,41.25,130.0
2015-12-27,TLA,SO2,1,158.0,10.658227848101266,15.466327571832268,1.0,3.0,7.0,13.0,153.0
2015-12-27,TLI,CO,15,0.0,,,,,,,
2015-12-27,TLI,NO,1,0.0,,,,,,,
2015-12-27,TLI,NO2,1,0.0,,,,,,,
2015-12-27,TLI,NOX,1,0.0,,,,,,,
2015-12-27,TLI,O3,1,0.0,,,,,,,
2015-12-27,TLI,PM10,2,160.0,81.9375,55.87775150457959,1.0,45.0,67.5,110.0,309.0
2015-12-27,TLI,SO2,1,0.0,,,,,,,
2015-12-27,UAX,CO,15,158.0,0.8310126582278476,0.5346469635515819,0.1,0.4,0.8,1.2,2.4
2015-12-27,UAX,NO,1,158.0,19.639240506329113,26.48523644859465,0.0,2.0,8.0,30.75,140.0
2015-12-27,UAX,NO2,1,158.0,30.949367088607595,18.46387330522138,2.0,16.0,30.0,41.0,95.0
2015-12-27,UAX,NOX,1,158.0,50.50632911392405,38.24522730899206,2.0,17.25,46.0,74.0,185.0
2015-12-27,UAX,O3,1,158.0,29.09493670886076,28.65271698740453,0.0,3.0,21.0,46.0,111.0
2015-12-27,UAX,PM2.5,2,158.0,36.348101265822784,33.71648885301771,1.0,17.0,30.0,40.75,165.0
2015-12-27,UAX,SO2,1,158.0,3.7278481012658227,3.8880000494371365,0.0,1.0,2.0,5.0,25.0
2015-12-27,UIZ,CO,15,158.0,1.084810126582278,0.7603366012220814,0.2,0.5,0.8,1.5750000000000002,3.5
2015-12-27,UIZ,NO,1,158.0,30.5,42.686645236287454,1.0,3.0,11.0,41.0,194.0
2015-12-27,UIZ,NO2,1,158.0,37.54430379746835,21.447787270755413,5.0,22.0,36.5,48.0,111.0
2015-12-27,UIZ,NOX,1,158.0,68.07594936708861,56.53988438406137,7.0,25.0,53.0,90.75,278.0
2015-12-27,UIZ,O3,1,158.0,25.39240506329114,26.53343892977263,2.0,3.25,17.0,41.0,116.0
2015-12-27,UIZ,PM10,2,161.0,72.67080745341615,40.955887305355056,11.0,48.0,64.0,88.0,217.0
2015-12-27,UIZ,PM2.5,2,161.0,41.65217391304348,33.950379392129996,1.0,22.0,34.0,52.0,168.0
2015-12-27,UIZ,PMCO,2,161.0,31.0,14.772863635734272,7.0,20.0,29.0,40.0,99.0
2015-12-27,UIZ,SO2,1,158.0,5.284810126582278,4.6673984790721,1.0,2.0,4.0,7.0,32.0
2015-12-27,VIF,CO,15,0.0,,,,,,,
2015-12-27,VIF,NO,1,0.0,,,,,,,
2015-12-27,VIF,NO2,1,0.0,,,,,,,
2015-12-27,VIF,NOX,1,0.0,,,,,,,
2015-12-27,VIF,O3,1,0.0,,,,,,,
2015-12-27,VIF,PM10,2,158.0,105.51898734177215,98.91086648996672,1.0,49.25,84.0,131.0,742.0
2015-12-27,VIF,SO2,1,0.0,,,,,,,
2015-12-27,XAL,CO,15,158.0,1.7822784810126584,1.0651108005723007,0.5,0.9,1.5,2.5,5.4
2015-12-27,XAL,NO,1,158.0,63.74683544303797,73.287666058425,1.0,11.25,32.5,95.0,367.0
2015-12-27,XAL,NO2,1,158.0,41.962025316455694,18.48941376435915,9.0,31.0,40.0,51.0,111.0
2015-12-27,XAL,NOX,1,158.0,105.70886075949367,82.44923578479313,17.0,45.0,76.0,146.25,401.0
2015-12-27,XAL,O3,1,158.0,17.00632911392405,19.411893666979733,1.0,2.0,7.0,29.0,83.0
2015-12-27,XAL,PM10,2,161.0,114.98757763975155,66.0426933484734,22.0,66.0,103.0,150.0,344.0
2015-12-27,XAL,PM2.5,2,161.0,55.07453416149068,46.20437652363561,1.0,21.0,44.0,74.0,252.0
2015-12-27,XAL,PMCO,2,161.0,59.84472049689441,31.053695232252796,12.0,36.0,55.0,79.0,159.0
2015-12-27,XAL,SO2,1,158.0,8.20253164556962,5.814280129350411,2.0,4.0,7.0,11.0,41.0
2016-01-03,ACO,CO,15,0.0,,,,,,,
2016-01-03,ACO,NO,1,0.0,,,,,,,
2016-01-03,ACO,NO2,1,0.0,,,,,,,
2016-01-03,ACO,NOX,1,0.0,,,,,,,
2016-01-03,ACO,O3,1,0.0,,,,,,,
2016-01-03,ACO,PM10,2,92.0,50.22826086956522,21.600825819006722,14.0,34.0,45.5,62.0,108.0
2016-01-03,ACO,SO2,1,0.0,,,,,,,
2016-01-03,AJM,CO,15,88.0,0.49999999999999994,0.21549195253928954,0.2,0.3,0.4,0.625,1.1
2016-01-03,AJM,NO,1,89.0,4.191011235955056,5.191506184700293,0.0,1.0,2.0,5.0,29.0
2016-01-03,AJM,NO2,1,89.0,19.078651685393258,9.678026563374848,5.0,12.0,17.0,25.0,43.0
2016-01-03,AJM,NOX,1,89.0,23.235955056179776,12.425251480818947,5.0,14.0,21.0,32.0,58.0
2016-01-03,AJM,O3,1,89.0,40.97752808988764,23.982937840402045,10.0,25.0,33.0,51.0,123.0
2016-01-03,AJM,PM10,2,91.0,33.989010989010985,18.636579625084114,4.0,20.5,28.0,47.5,87.0
2016-01-03,AJM,PM2.5,2,91.0,16.516483516483518,11.465273788815646,2.0,8.0,12.0,21.0,53.0
2016-01-03,AJM,PMCO,2,91.0,17.428571428571427,8.328188888271576,2.0,12.0,15.0,22.5,35.0
2016-01-03,AJM,SO2,1,89.0,4.876404494382022,6.393925072639264,1.0,2.0,2.0,6.0,38.0
2016-01-03,AJU,O3,1,89.0,31.0561797752809,21.35062248962747,1.0,12.0,29.0,48.0,87.0
2016-01-03,AJU,PM2.5,2,90.0,12.7,7.707358223575498,1.0,5.0,13.5,18.0,31.0
2016-01-03,ATI,CO,15,0.0,,,,,,,
2016-01-03,ATI,NO,1,0.0,,,,,,,
2016-01-03,ATI,NO2,1,0.0,,,,,,,
2016-01-03,ATI,NOX,1,0.0,,,,,,,
2016-01-03,ATI,O3,1,0.0,,,,,,,
2016-01-03,ATI,PM10,2,90.0,57.06666666666667,30.84896152168323,1.0,38.0,50.0,74.0,143.0
2016-01-03,ATI,SO2,1,0.0,,,,,,,
2016-01-03,BJU,CO,15,0.0,,,,,,,
2016-01-03,BJU,O3,1,0.0,,,,,,,
2016-01-03,BJU,PM10,2,67.0,51.134328358208954,15.79594838960013,20.0,40.0,47.0,63.0,91.0
2016-01-03,BJU,PM2.5,2,67.0,26.64179104477612,10.922178565759802,7.0,19.5,26.0,34.0,60.0
2016-01-03,BJU,PMCO,2,67.0,24.492537313432837,7.112458412997359,10.0,19.0,24.0,30.0,42.0
2016-01-03,BJU,SO2,1,65.0,3.5384615384615383,2.5925188227192963,1.0,2.0,3.0,4.0,14.0
2016-01-03,CAM,CO,15,89.0,1.5123595505617977,0.7671997820763361,0.5,1.0,1.3,1.8,4.1
2016-01-03,CAM,NO,1,89.0,58.73033707865169,69.97057239312431,2.0,8.0,23.0,85.0,307.0
2016-01-03,CAM,NO2,1,89.0,43.21348314606742,17.80862400260587,9.0,33.0,42.0,52.0,97.0
2016-01-03,CAM,NOX,1,89.0,101.96629213483146,77.55268728686124,12.0,45.0,70.0,155.0,352.0
2016-01-03,CAM,O3,1,89.0,22.43820224719101,26.742439482190694,0.0,2.0,7.0,41.0,91.0
2016-01-03,CAM,PM10,2,92.0,68.58695652173913,32.49451421966045,13.0,44.5,65.0,85.5,143.0
2016-01-03,CAM,PM2.5,2,92.0,29.717391304347824,16.981778267305323,3.0,17.0,27.5,40.0,71.0
2016-01-03,CAM,PMCO,2,92.0,38.82608695652174,18.146902799737607,9.0,24.75,37.5,46.25,95.0
2016-01-03,CAM,SO2,1,89.0,6.415730337078652,6.020436764516879,2.0,3.0,5.0,8.0,52.0
2016-01-03,CCA,CO,15,89.0,0.7539325842696627,0.31946552658495114,0.2,0.5,0.8,1.0,1.6
2016-01-03,CCA,NO,1,89.0,17.573033707865168,23.76202453517407,1.0,2.0,7.0,28.0,107.0
2016-01-03,CCA,NO2,1,89.0,30.292134831460675,11.630878032194977,5.0,23.0,29.0,40.0,60.0
2016-01-03,CCA,NOX,1,89.0,47.8876404494382,27.560032904324263,6.0,28.0,42.0,60.0,137.0
2016-01-03,CCA,O3,1,89.0,27.269662921348313,29.352003201324116,1.0,4.0,15.0,44.0,103.0
2016-01-03,CCA,PM2.5,2,91.0,16.384615384615383,8.8490667816433,2.0,9.5,16.0,20.5,49.0
2016-01-03,CCA,SO2,1,89.0,3.966292134831461,7.170725584882427,1.0,1.0,2.0,4.0,48.0
2016-01-03,CHO,CO,15,89.0,0.838202247191011,0.4839481607234601,0.3,0.5,0.6,1.1,3.1
2016-01-03,CHO,NO,1,0.0,,,,,,,
2016-01-03,CHO,NO2,1,0.0,,,,,,,
2016-01-03,CHO,NOX,1,0.0,,,,,,,
2016-01-03,CHO,O3,1,89.0,32.842696629213485,24.241164686805575,2.0,8.0,34.0,43.0,97.0
2016-01-03,CHO,PM10,2,92.0,62.78260869565217,33.06365026647995,5.0,37.75,62.0,81.25,194.0
2016-01-03,CHO,SO2,1,89.0,1.853932584269663,0.9717669216169729,1.0,1.0,2.0,2.0,5.0
2016-01-03,COY,NO,1,89.0,23.359550561797754,28.496111054848427,1.0,4.0,11.0,31.0,141.0
2016-01-03,COY,NO2,1,89.0,34.53932584269663,12.907059537477295,7.0,26.0,34.0,44.0,65.0
2016-01-03,COY,NOX,1,89.0,57.92134831460674,32.764040959252426,13.0,33.0,53.0,73.0,187.0
2016-01-03,COY,O3,1,89.0,26.0561797752809,28.16887367877796,2.0,3.0,14.0,45.0,99.0
2016-01-03,COY,PM2.5,2,92.0,23.054347826086957,11.981087780546476,1.0,14.75,22.0,29.0,59.0
2016-01-03,CUA,CO,15,88.0,0.6249999999999999,0.34315975971791224,0.1,0.4,0.6,0.8,2.0
2016-01-03,CUA,NO,1,89.0,16.46067415730337,23.381255205717522,1.0,4.0,7.0,19.0,163.0
2016-01-03,CUA,NO2,1,89.0,28.471910112359552,13.552163436514858,6.0,18.0,29.0,36.0,75.0
2016-01-03,CUA,NOX,1,89.0,44.93258426966292,31.61228104018817,7.0,23.0,38.0,56.0,199.0
2016-01-03,CUA,O3,1,89.0,33.92134831460674,25.891919026767056,3.0,16.0,28.0,40.0,106.0
2016-01-03,CUA,PM10,2,92.0,34.80434782608695,19.142748393412887,1.0,22.75,32.0,47.0,89.0
2016-01-03,CUA,SO2,1,0.0,,,,,,,
2016-01-03,CUT,NO,1,89.0,39.82022471910113,50.48662329535527,1.0,3.0,18.0,59.0,210.0
2016-01-03,CUT,NO2,1,89.0,26.752808988764045,14.330736911583063,6.0,18.0,22.0,32.0,76.0
2016-01-03,CUT,NOX,1,89.0,66.56179775280899,56.36608326099928,7.0,24.0,49.0,92.0,243.0
2016-01-03,CUT,O3,1,89.0,20.471910112359552,20.089057337742382,1.0,2.0,13.0,40.0,60.0
2016-01-03,CUT,PM10,2,92.0,85.04347826086956,47.66248393214457,25.0,52.0,75.5,103.0,251.0
2016-01-03,CUT,SO2,1,89.0,3.3258426966292136,5.386800536536415,0.0,1.0,1.0,3.0,34.0
2016-01-03,FAC,CO,15,89.0,1.051685393258427,0.6580122200354923,0.2,0.6,0.9,1.4,3.1
2016-01-03,FAC,NO,1,89.0,41.359550561797754,47.91949859139028,0.0,8.0,17.0,66.0,184.0
2016-01-03,FAC,NO2,1,89.0,40.50561797752809,20.2816103423686,7.0,28.0,35.0,51.0,101.0
2016-01-03,FAC,NOX,1,89.0,81.85393258426966,58.390836485662746,11.0,39.0,59.0,123.0,268.0
2016-01-03,FAC,O3,1,89.0,24.573033707865168,26.656436899781504,2.0,3.0,13.0,36.0,99.0
2016-01-03,FAC,PM10,2,87.0,53.88505747126437,28.589079589923568,6.0,36.0,48.0,69.5,149.0
2016-01-03,FAC,SO2,1,89.0,8.887640449438202,19.794649301267334,0.0,2.0,3.0,7.0,112.0
2016-01-03,GAM,O3,1,89.0,26.921348314606742,30.872621262470325,1.0,2.0,11.0,44.0,112.0
2016-01-03,GAM,PM2.5,2,91.0,37.604395604395606,16.541449030225134,8.0,27.0,36.0,46.5,89.0
2016-01-03,HGM,CO,15,86.0,1.1093023255813952,0.4531271492708118,0.5,0.8,1.05,1.4,3.1
2016-01-03,HGM,NO,1,86.0,31.848837209302324,39.94275828993887,1.0,5.25,12.5,44.75,208.0
2016-01-03,HGM,NO2,1,86.0,41.05813953488372,13.316380581526861,14.0,32.0,40.0,48.0,83.0
2016-01-03,HGM,NOX,1,86.0,73.01162790697674,44.39514922788074,21.0,38.5,60.0,96.5,253.0
2016-01-03,HGM,O3,1,85.0,25.83529411764706,29.583154416155214,0.0,2.0,12.0,46.0,97.0
2016-01-03,HGM,PM10,2,87.0,46.0919540229885,20.01373492560247,11.0,33.5,45.0,56.5,105.0
2016-01-03,HGM,PM2.5,2,87.0,25.74712643678161,14.431247098203578,1.0,16.0,25.0,31.5,79.0
2016-01-03,HGM,PMCO,2,87.0,20.39080459770115,7.349033035331739,4.0,15.0,20.0,25.0,40.0
2016-01-03,HGM,SO2,1,86.0,4.709302325581396,5.830682089187422,2.0,2.0,3.0,5.0,43.0
2016-01-03,INN,CO,15,0.0,,,,,,,
2016-01-03,INN,O3,1,0.0,,,,,,,
2016-01-03,INN,PM10,2,0.0,,,,,,,
2016-01-03,INN,PM2.5,2,0.0,,,,,,,
2016-01-03,INN,PMCO,2,0.0,,,,,,,
2016-01-03,INN,SO2,1,0.0,,,,,,,
2016-01-03,IZT,CO,15,89.0,1.3932584269662922,0.6390329613082619,0.5,0.9,1.3,1.7,3.6
2016-01-03,IZT,NO,1,89.0,35.662921348314605,42.27532694896008,1.0,9.0,17.0,42.0,188.0
2016-01-03,IZT,NO2,1,89.0,37.853932584269664,14.214709540246867,10.0,28.0,37.0,44.0,72.0
2016-01-03,IZT,NOX,1,89.0,73.53932584269663,46.176306444031184,14.0,42.0,61.0,100.0,229.0
2016-01-03,IZT,O3,1,89.0,25.0561797752809,27.34932255707535,2.0,3.0,13.0,42.0,93.0
2016-01-03,IZT,PM10,2,92.0,40.108695652173914,17.021935764803008,11.0,30.5,39.0,50.5,87.0
2016-01-03,IZT,SO2,1,89.0,3.842696629213483,3.863873693365762,1.0,2.0,3.0,5.0,35.0
2016-01-03,LLA,CO,15,0.0,,,,,,,
2016-01-03,LLA,NO,1,0.0,,,,,,,
2016-01-03,LLA,NO2,1,0.0,,,,,,,
2016-01-03,LLA,NOX,1,0.0,,,,,,,
2016-01-03,LLA,O3,1,89.0,24.089887640449437,26.429855900889386,1.0,2.0,10.0,44.0,91.0
2016-01-03,LLA,SO2,1,89.0,4.157303370786517,2.6837002796533067,2.0,2.0,3.0,5.0,13.0
2016-01-03,LPR,CO,15,0.0,,,,,,,
2016-01-03,LPR,NO,1,0.0,,,,,,,
2016-01-03,LPR,NO2,1,0.0,,,,,,,
2016-01-03,LPR,NOX,1,0.0,,,,,,,
2016-01-03,LPR,O3,1,0.0,,,,,,,
2016-01-03,LPR,SO2,1,0.0,,,,,,,
2016-01-03,MER,CO,15,88.0,1.386363636363637,0.7880110008832755,0.4,0.9,1.1,1.7,4.5
2016-01-03,MER,NO,1,89.0,57.20224719101124,69.42182977593002,2.0,9.0,27.0,80.0,321.0
2016-01-03,MER,NO2,1,89.0,42.19101123595506,15.218018928301575,13.0,33.0,41.0,48.0,93.0
2016-01-03,MER,NOX,1,89.0,99.26966292134831,72.60552884734928,19.0,48.0,77.0,128.0,365.0
2016-01-03,MER,O3,1,89.0,20.089887640449437,23.629065522936617,1.0,1.0,12.0,33.0,83.0
2016-01-03,MER,PM10,2,82.0,69.14634146341463,28.40019211864227,15.0,45.25,72.0,87.75,139.0
2016-01-03,MER,PM2.5,2,82.0,32.96341463414634,17.836323821224642,1.0,17.25,35.0,46.0,82.0
2016-01-03,MER,PMCO,2,82.0,36.15853658536585,13.490252093110863,4.0,27.5,35.0,46.0,69.0
2016-01-03,MER,SO2,1,89.0,5.49438202247191,7.348660353340876,2.0,3.0,4.0,6.0,63.0
2016-01-03,MGH,CO,15,23.0,1.082608695652174,0.42174116783664994,0.6,0.8,1.0,1.25,2.1
2016-01-03,MGH,NO,1,66.0,60.59090909090909,83.62645464255863,1.0,6.0,17.5,81.75,448.0
2016-01-03,MGH,NO2,1,66.0,38.90909090909091,13.242968842983199,7.0,31.0,39.0,47.0,68.0
2016-01-03,MGH,NOX,1,66.0,99.54545454545455,88.48192893609263,11.0,40.25,60.0,126.75,487.0
2016-01-03,MGH,O3,1,66.0,25.257575757575758,29.83818441891614,0.0,1.0,12.0,36.75,99.0
2016-01-03,MGH,PM10,2,66.0,49.65151515151515,19.382380916097226,18.0,32.5,48.5,62.75,93.0
2016-01-03,MGH,PM2.5,2,66.0,26.151515151515152,13.705969978575505,4.0,16.25,23.0,34.0,70.0
2016-01-03,MGH,PMCO,2,66.0,23.606060606060606,8.52846597781406,11.0,17.0,22.0,31.0,42.0
2016-01-03,MGH,SO2,1,66.0,6.454545454545454,10.441311173458008,1.0,2.0,4.0,5.0,69.0
2016-01-03,MON,CO,15,89.0,0.49775280898876395,0.34310663863436763,0.2,0.3,0.4,0.6,1.6
2016-01-03,MON,NO,1,89.0,20.123595505617978,37.29636230882159,0.0,1.0,2.0,25.0,191.0
2016-01-03,MON,NO2,1,89.0,17.528089887640448,8.856289351796129,5.0,12.0,17.0,22.0,46.0
2016-01-03,MON,NOX,1,89.0,37.69662921348315,41.58408909404425,6.0,14.0,18.0,50.0,210.0
2016-01-03,MON,O3,1,86.0,28.558139534883722,22.789370407204576,1.0,5.75,28.0,43.5,83.0
2016-01-03,MON,SO2,1,0.0,,,,,,,
2016-01-03,NEZ,CO,15,89.0,0.9471910112359551,0.639084908222909,0.2,0.5,0.7,1.3,3.0
2016-01-03,NEZ,NO,1,89.0,27.640449438202246,38.01651769925184,1.0,3.0,5.0,36.0,159.0
2016-01-03,NEZ,NO2,1,89.0,30.573033707865168,14.776276779512488,8.0,22.0,29.0,37.0,78.0
2016-01-03,NEZ,NOX,1,89.0,58.168539325842694,45.67902740244252,12.0,25.0,44.0,75.0,196.0
2016-01-03,NEZ,O3,1,89.0,28.168539325842698,27.40779416145581,0.0,1.0,23.0,43.0,103.0
2016-01-03,NEZ,PM2.5,2,92.0,23.467391304347824,13.624840829360833,1.0,14.0,19.0,31.25,61.0
2016-01-03,NEZ,SO2,1,89.0,2.101123595505618,1.1778731200020183,1.0,1.0,2.0,3.0,6.0
2016-01-03,PED,CO,15,89.0,0.5820224719101124,0.284270117123265,0.1,0.4,0.6,0.8,1.3
2016-01-03,PED,NO,1,89.0,11.775280898876405,16.207288490191385,1.0,2.0,5.0,13.0,76.0
2016-01-03,PED,NO2,1,89.0,27.02247191011236,12.047234243225034,6.0,19.0,27.0,36.0,56.0
2016-01-03,PED,NOX,1,89.0,38.79775280898876,22.436364443425372,7.0,21.0,34.0,52.0,112.0
2016-01-03,PED,O3,1,89.0,31.471910112359552,28.62019705146273,1.0,10.0,21.0,47.0,106.0
2016-01-03,PED,PM10,2,0.0,,,,,,,
2016-01-03,PED,PM2.5,2,0.0,,,,,,,
2016-01-03,PED,PMCO,2,0.0,,,,,,,
2016-01-03,PED,SO2,1,89.0,5.0,9.554865490704437,1.0,2.0,2.0,4.0,72.0
2016-01-03,SAG,CO,15,89.0,1.1494382022471907,0.587390917437136,0.4,0.7,1.1,1.5,4.1
2016-01-03,SAG,NO,1,89.0,34.97752808988764,40.91564979767129,2.0,6.0,15.0,50.0,257.0
2016-01-03,SAG,NO2,1,89.0,30.53932584269663,12.529108090376875,10.0,21.0,29.0,38.0,68.0
2016-01-03,SAG,NOX,1,89.0,65.57303370786516,43.5414869146368,15.0,33.0,57.0,87.0,289.0
2016-01-03,SAG,O3,1,89.0,23.93258426966292,26.21493231347745,1.0,2.0,11.0,44.0,94.0
2016-01-03,SAG,PM10,2,89.0,60.853932584269664,25.425716474126666,15.0,43.0,57.0,76.0,137.0
2016-01-03,SAG,PM2.5,2,89.0,28.49438202247191,14.882970435661159,1.0,18.0,26.0,35.0,70.0
2016-01-03,SAG,PMCO,2,89.0,32.42696629213483,14.034768223990147,13.0,21.0,31.0,39.0,85.0
2016-01-03,SAG,SO2,1,89.0,3.438202247191011,2.3009635144858107,1.0,2.0,3.0,4.0,12.0
2016-01-03,SFE,CO,15,0.0,,,,,,,
2016-01-03,SFE,NO,1,0.0,,,,,,,
2016-01-03,SFE,NO2,1,0.0,,,,,,,
2016-01-03,SFE,NOX,1,0.0,,,,,,,
2016-01-03,SFE,O3,1,0.0,,,,,,,
2016-01-03,SFE,PM10,2,0.0,,,,,,,
2016-01-03,SFE,PM2.5,2,0.0,,,,,,,
2016-01-03,SFE,PMCO,2,0.0,,,,,,,
2016-01-03,SFE,SO2,1,0.0,,,,,,,
2016-01-03,SJA,CO,15,0.0,,,,,,,
2016-01-03,SJA,NO,1,0.0,,,,,,,
2016-01-03,SJA,NO2,1,0.0,,,,,,,
2016-01-03,SJA,NOX,1,0.0,,,,,,,
2016-01-03,SJA,O3,1,0.0,,,,,,,
2016-01-03,SJA,PM2.5,2,0.0,,,,,,,
2016-01-03,SJA,SO2,1,0.0,,,,,,,
2016-01-03,TAH,CO,15,0.0,,,,,,,
2016-01-03,TAH,NO,1,0.0,,,,,,,
2016-01-03,TAH,NO2,1,0.0,,,,,,,
2016-01-03,TAH,NOX,1,0.0,,,,,,,
2016-01-03,TAH,O3,1,0.0,,,,,,,
2016-01-03,TAH,PM10,2,88.0,50.13636363636363,32.4055415362412,1.0,25.75,44.0,71.25,170.0
2016-01-03,TAH,SO2,1,0.0,,,,,,,
2016-01-03,TLA,CO,15,89.0,1.108988764044944,0.4849180927646446,0.3,0.8,1.0,1.4,2.5
2016-01-03,TLA,NO,1,88.0,45.17045454545455,46.82670953876426,5.0,11.0,26.5,60.0,213.0
2016-01-03,TLA,NO2,1,88.0,41.96590909090909,14.676941696241043,14.0,32.0,41.0,48.0,87.0
2016-01-03,TLA,NOX,1,88.0,87.27272727272727,51.01402269980989,22.0,55.0,69.0,109.75,252.0
2016-01-03,TLA,O3,1,89.0,21.02247191011236,25.255502338414882,1.0,1.0,8.0,36.0,91.0
2016-01-03,TLA,PM10,2,82.0,70.10975609756098,26.354659014899603,23.0,50.0,67.0,84.75,163.0
2016-01-03,TLA,PM2.5,2,82.0,30.25609756097561,14.566841236016224,4.0,22.0,28.0,37.75,78.0
2016-01-03,TLA,PMCO,2,82.0,39.84146341463415,14.34536059747138,11.0,28.25,39.0,49.0,86.0
2016-01-03,TLA,SO2,1,89.0,7.53932584269663,10.398924966045202,1.0,2.0,4.0,8.0,53.0
2016-01-03,TLI,CO,15,0.0,,,,,,,
2016-01-03,TLI,NO,1,0.0,,,,,,,
2016-01-03,TLI,NO2,1,0.0,,,,,,,
2016-01-03,TLI,NOX,1,0.0,,,,,,,
2016-01-03,TLI,O3,1,0.0,,,,,,,
2016-01-03,TLI,PM10,2,92.0,72.05434782608695,33.664917706499445,6.0,44.75,70.5,92.25,170.0
2016-01-03,TLI,SO2,1,0.0,,,,,,,
2016-01-03,UAX,CO,15,88.0,0.5670454545454544,0.325795786439696,0.1,0.3,0.5,0.8,1.4
2016-01-03,UAX,NO,1,89.0,15.134831460674157,19.15557776070123,0.0,3.0,5.0,24.0,82.0
2016-01-03,UAX,NO2,1,89.0,27.820224719101123,11.636113258606121,5.0,21.0,27.0,37.0,58.0
2016-01-03,UAX,NOX,1,89.0,42.92134831460674,25.140615780003333,7.0,26.0,38.0,57.0,119.0
2016-01-03,UAX,O3,1,89.0,29.49438202247191,31.682058155820055,0.0,4.0,17.0,45.0,138.0
2016-01-03,UAX,PM2.5,2,88.0,24.40909090909091,13.648827463122144,1.0,13.0,24.5,32.0,73.0
2016-01-03,UAX,SO2,1,89.0,1.8876404494382022,1.4957379012562129,1.0,1.0,1.0,2.0,7.0
2016-01-03,UIZ,CO,15,88.0,1.1147727272727275,0.46671751103822734,0.4,0.7,1.0,1.4,2.4
2016-01-03,UIZ,NO,1,89.0,25.55056179775281,31.251549501932,2.0,3.0,10.0,36.0,117.0
2016-01-03,UIZ,NO2,1,89.0,34.50561797752809,15.547671263441247,7.0,26.0,35.0,42.0,81.0
2016-01-03,UIZ,NOX,1,89.0,60.07865168539326,38.63795376166628,10.0,30.0,50.0,83.0,161.0
2016-01-03,UIZ,O3,1,89.0,26.84269662921348,27.582067163452294,2.0,3.0,17.0,41.0,110.0
2016-01-03,UIZ,PM10,2,90.0,57.36666666666667,28.402187761912305,10.0,37.25,53.0,71.0,151.0
2016-01-03,UIZ,PM2.5,2,90.0,28.733333333333334,19.163284182888834,1.0,16.0,24.0,37.75,99.0
2016-01-03,UIZ,PMCO,2,90.0,28.6,11.093879272074794,9.0,21.25,27.5,35.0,52.0
2016-01-03,UIZ,SO2,1,89.0,2.6741573033707864,1.4598823185672787,1.0,2.0,2.0,4.0,7.0
2016-01-03,VIF,CO,15,0.0,,,,,,,
2016-01-03,VIF,NO,1,0.0,,,,,,,
2016-01-03,VIF,NO2,1,0.0,,,,,,,
2016-01-03,VIF,NOX,1,0.0,,,,,,,
2016-01-03,VIF,O3,1,0.0,,,,,,,
2016-01-03,VIF,PM10,2,89.0,96.97752808988764,46.76269334923696,16.0,64.0,93.0,125.0,264.0
2016-01-03,VIF,SO2,1,0.0,,,,,,,
2016-01-03,XAL,CO,15,89.0,1.5247191011235957,0.8383263764077815,0.7,0.9,1.3,1.8,5.5
2016-01-03,XAL,NO,1,88.0,58.36363636363637,66.6185197091174,5.0,11.75,24.0,80.5,239.0
2016-01-03,XAL,NO2,1,88.0,38.57954545454545,14.225379287842122,19.0,29.75,34.0,44.0,85.0
2016-01-03,XAL,NOX,1,88.0,96.94318181818181,69.17500012745377,25.0,47.0,70.5,126.0,267.0
2016-01-03,XAL,O3,1,89.0,18.213483146067414,19.396269504324067,1.0,2.0,9.0,30.0,66.0
2016-01-03,XAL,PM10,2,92.0,85.72826086956522,35.15713650870388,24.0,58.75,78.0,112.25,177.0
2016-01-03,XAL,PM2.5,2,92.0,33.76086956521739,17.651927370541944,7.0,21.0,27.0,46.0,83.0
2016-01-03,XAL,PMCO,2,92.0,51.96739130434783,21.57096699955168,5.0,34.75,49.5,65.5,109.0
2016-01-03,XAL,SO2,1,89.0,5.561797752808989,3.1404800450212567,2.0,3.0,4.0,7.0,14.0
