,,,,value,value,value,value,value,value,value,value
,,,,count,mean,std,min,25%,50%,75%,max
date,id_station,id_parameter,unit,,,,,,,,
2013-01-06,ACO,CO,15,137.0,0.6474452554744529,0.3267667570685826,0.2,0.4,0.6,0.8,2.4
2013-01-06,ACO,NO,1,137.0,11.08029197080292,13.433966166882733,2.0,3.0,5.0,14.0,72.0
2013-01-06,ACO,NO2,1,137.0,15.963503649635037,6.509505221014347,3.0,12.0,16.0,20.0,35.0
2013-01-06,ACO,NOX,1,137.0,27.05109489051095,17.171848185793216,5.0,16.0,22.0,34.0,91.0
2013-01-06,ACO,O3,1,137.0,19.854014598540147,18.40857382803291,1.0,3.0,16.0,31.0,71.0
2013-01-06,ACO,PM10,2,135.0,52.44444444444444,34.59740018415384,17.0,32.0,45.0,61.0,225.0
2013-01-06,ACO,SO2,1,137.0,4.248175182481752,5.046520382311503,1.0,1.0,2.0,5.0,30.0
2013-01-06,ATI,NO,1,138.0,22.963768115942027,25.29516540758197,2.0,5.25,14.0,32.5,144.0
2013-01-06,ATI,NO2,1,138.0,28.44927536231884,10.815690456693414,6.0,20.0,28.0,35.0,63.0
2013-01-06,ATI,NOX,1,138.0,51.41304347826087,29.710950145574955,8.0,30.25,44.5,68.5,176.0
2013-01-06,ATI,SO2,1,138.0,15.652173913043478,25.483829758912062,1.0,3.0,8.0,17.0,197.0
2013-01-06,CAM,CO,15,138.0,1.107246376811594,0.581168930446822,0.3,0.7,1.0,1.4,3.3
2013-01-06,CAM,NO,1,138.0,44.68115942028985,43.98921326095144,4.0,10.0,29.0,68.5,189.0
2013-01-06,CAM,NO2,1,138.0,32.56521739130435,14.662109925609078,8.0,22.0,29.0,41.0,68.0
2013-01-06,CAM,NOX,1,138.0,77.23913043478261,45.00471254283439,13.0,42.25,70.5,100.0,218.0
2013-01-06,CAM,O3,1,138.0,17.007246376811594,22.921795440820645,1.0,1.0,4.5,23.0,93.0
2013-01-06,CAM,PM10,2,137.0,62.09489051094891,36.652759147340106,12.0,37.0,52.0,81.0,198.0
2013-01-06,CAM,PM2.5,2,137.0,42.81751824817518,31.5762892657706,1.0,23.0,35.0,54.0,167.0
2013-01-06,CAM,PMCO,2,137.0,19.21167883211679,7.452230871015489,6.0,13.0,18.0,23.0,43.0
2013-01-06,CAM,SO2,1,138.0,18.60144927536232,22.751125697688156,2.0,6.0,10.0,24.75,149.0
2013-01-06,CHO,CO,15,0.0,,,,,,,
2013-01-06,CHO,NO,1,138.0,28.297101449275363,41.25979811441384,1.0,5.0,9.0,36.5,273.0
2013-01-06,CHO,NO2,1,138.0,15.695652173913043,11.084024602840888,0.0,5.25,15.5,23.0,53.0
2013-01-06,CHO,NOX,1,138.0,43.94927536231884,46.825241565273856,0.0,11.25,25.5,61.0,294.0
2013-01-06,CHO,O3,1,138.0,19.202898550724637,18.52012494648534,1.0,2.0,14.0,30.75,66.0
2013-01-06,CHO,SO2,1,138.0,3.789855072463768,2.429901618718939,2.0,2.0,3.0,4.0,15.0
2013-01-06,COY,NO,1,138.0,30.391304347826086,36.04142684996182,1.0,3.25,15.0,45.75,171.0
2013-01-06,COY,NO2,1,138.0,28.181159420289855,14.99695127521064,0.0,21.0,29.0,36.0,74.0
2013-01-06,COY,NOX,1,138.0,58.630434782608695,42.76554245777077,1.0,25.0,54.5,80.75,202.0
2013-01-06,COY,O3,1,138.0,19.485507246376812,20.348150620693485,2.0,3.0,10.5,28.0,77.0
2013-01-06,COY,PM2.5,2,135.0,40.53333333333333,29.772470505485437,3.0,16.5,35.0,51.5,126.0
2013-01-06,CUA,CO,15,132.0,0.9272727272727278,0.4096341523756353,0.3,0.6,0.9,1.2,2.4
2013-01-06,CUA,NO,1,132.0,18.810606060606062,24.18886646163042,0.0,4.0,9.0,23.25,118.0
2013-01-06,CUA,NO2,1,132.0,24.03787878787879,13.424032967590867,3.0,14.0,23.0,31.25,59.0
2013-01-06,CUA,NOX,1,132.0,42.84848484848485,30.498275473329585,4.0,19.0,36.5,59.0,142.0
2013-01-06,CUA,O3,1,132.0,22.848484848484848,21.05734984321665,1.0,7.0,16.0,32.25,94.0
2013-01-06,CUA,SO2,1,132.0,9.886363636363637,10.268641753893874,0.0,2.0,7.0,14.0,67.0
2013-01-06,CUT,NO,1,0.0,,,,,,,
2013-01-06,CUT,NO2,1,0.0,,,,,,,
2013-01-06,CUT,NOX,1,0.0,,,,,,,
2013-01-06,CUT,SO2,1,0.0,,,,,,,
2013-01-06,FAC,CO,15,56.0,0.6964285714285715,0.5363053016924003,0.1,0.275,0.6,1.0,2.3
2013-01-06,FAC,NO,1,131.0,37.80152671755725,36.87492786899403,1.0,10.5,26.0,55.5,181.0
2013-01-06,FAC,NO2,1,131.0,31.519083969465647,14.600501121557,11.0,21.0,28.0,38.0,78.0
2013-01-06,FAC,NOX,1,131.0,69.29770992366412,40.89154410548216,13.0,40.0,57.0,93.5,210.0
2013-01-06,FAC,O3,1,75.0,20.84,25.46860282248968,1.0,1.0,8.0,31.0,94.0
2013-01-06,FAC,PM10,2,130.0,53.184615384615384,32.74562154656833,1.0,30.0,43.5,68.25,160.0
2013-01-06,FAC,SO2,1,131.0,14.595419847328245,27.13294297059296,1.0,2.5,5.0,16.0,219.0
2013-01-06,HGM,CO,15,133.0,1.1548872180451124,0.5650779197293827,0.3,0.7,1.0,1.5,2.8
2013-01-06,HGM,NO,1,133.0,35.02255639097744,38.53343022533173,1.0,7.0,18.0,48.0,168.0
2013-01-06,HGM,NO2,1,133.0,36.24812030075188,15.83456423367143,6.0,27.0,34.0,43.0,79.0
2013-01-06,HGM,NOX,1,133.0,71.21804511278195,44.8545356555693,9.0,39.0,62.0,95.0,229.0
2013-01-06,HGM,O3,1,132.0,17.992424242424242,22.698655242180703,0.0,1.0,8.0,27.25,89.0
2013-01-06,HGM,PM10,2,124.0,66.2258064516129,37.43522073364693,14.0,38.75,57.0,90.0,186.0
2013-01-06,HGM,PM2.5,2,124.0,44.16129032258065,32.32743733774141,1.0,20.75,35.5,63.5,149.0
2013-01-06,HGM,PMCO,2,124.0,22.048387096774192,8.940503285800492,4.0,16.0,20.0,27.0,60.0
2013-01-06,HGM,SO2,1,133.0,20.887218045112782,28.93059985743792,1.0,3.0,8.0,24.0,122.0
2013-01-06,IZT,CO,15,138.0,0.960144927536232,0.5796474960858605,0.1,0.6,0.8500000000000001,1.3,3.4
2013-01-06,IZT,NO,1,138.0,35.95652173913044,37.721776236173355,2.0,8.0,20.0,51.75,173.0
2013-01-06,IZT,NO2,1,138.0,30.318840579710145,13.74745391543036,4.0,22.0,30.0,38.0,75.0
2013-01-06,IZT,NOX,1,138.0,66.2536231884058,43.88905415212231,8.0,30.5,56.0,90.5,215.0
2013-01-06,IZT,O3,1,138.0,18.333333333333332,21.532299056914454,0.0,2.0,10.0,26.75,81.0
2013-01-06,IZT,PM10,2,138.0,51.492753623188406,37.16156211640672,5.0,30.0,40.5,56.75,220.0
2013-01-06,IZT,SO2,1,138.0,16.956521739130434,27.65529992769496,0.0,1.0,6.0,19.75,128.0
2013-01-06,LLA,CO,15,0.0,,,,,,,
2013-01-06,LLA,NO,1,138.0,35.51449275362319,44.56918438995804,0.0,3.0,15.0,54.75,213.0
2013-01-06,LLA,NO2,1,138.0,28.391304347826086,10.93740303488777,7.0,23.25,28.0,34.0,64.0
2013-01-06,LLA,NOX,1,138.0,63.77536231884058,47.65953127550262,8.0,29.0,51.5,85.75,239.0
2013-01-06,LLA,O3,1,138.0,18.181159420289855,22.43245677348131,0.0,1.0,8.0,27.75,93.0
2013-01-06,LLA,SO2,1,138.0,21.318840579710145,38.05642861895836,1.0,4.0,7.0,12.75,201.0
2013-01-06,LPR,CO,15,137.0,1.232116788321168,0.8903844432875233,0.1,0.5,1.0,1.7,3.5
2013-01-06,LPR,NO,1,137.0,45.13138686131387,49.4556868671708,0.0,10.0,24.0,60.0,225.0
2013-01-06,LPR,NO2,1,137.0,35.85401459854015,15.128148746617521,11.0,28.0,33.0,41.0,98.0
2013-01-06,LPR,NOX,1,137.0,81.01459854014598,55.58657600873082,15.0,39.0,65.0,105.0,272.0
2013-01-06,LPR,O3,1,137.0,21.37956204379562,24.532430932417657,2.0,3.0,9.0,34.0,100.0
2013-01-06,LPR,SO2,1,137.0,7.927007299270073,10.487832611633932,0.0,2.0,4.0,8.0,54.0
2013-01-06,MER,CO,15,132.0,1.1810606060606064,0.6420545000478471,0.3,0.7,1.0,1.5,3.1
2013-01-06,MER,NO,1,125.0,40.168,41.456105040889824,1.0,9.0,28.0,50.0,186.0
2013-01-06,MER,NO2,1,125.0,36.896,15.343814557054916,8.0,28.0,36.0,45.0,96.0
2013-01-06,MER,NOX,1,125.0,77.032,48.91845354029698,9.0,39.0,70.0,103.0,227.0
2013-01-06,MER,O3,1,132.0,16.65909090909091,20.29094843717814,1.0,1.75,7.5,22.25,80.0
2013-01-06,MER,PM10,2,116.0,58.85344827586207,32.81973274679754,12.0,37.0,51.0,70.25,209.0
2013-01-06,MER,PM2.5,2,116.0,32.63793103448276,26.35391120274483,3.0,17.0,26.0,37.25,156.0
2013-01-06,MER,PMCO,2,116.0,26.25,9.285683229761732,5.0,19.75,25.0,30.25,62.0
2013-01-06,MER,SO2,1,132.0,17.363636363636363,25.639090124283076,0.0,2.75,7.0,18.25,122.0
2013-01-06,MON,CO,15,0.0,,,,,,,
2013-01-06,MON,NO,1,138.0,15.514492753623188,31.025357066884578,0.0,1.0,3.0,19.25,242.0
2013-01-06,MON,NO2,1,138.0,16.369565217391305,7.802372919006658,3.0,10.0,16.5,22.0,37.0
2013-01-06,MON,NOX,1,138.0,31.884057971014492,34.59506577697754,4.0,12.0,21.0,42.75,263.0
2013-01-06,MON,O3,1,138.0,23.181159420289855,20.237363546605202,1.0,4.0,20.0,34.75,79.0
2013-01-06,MON,SO2,1,0.0,,,,,,,
2013-01-06,NEZ,CO,15,138.0,1.1021739130434787,0.44810507619809825,0.5,0.8,1.0,1.3,3.2
2013-01-06,NEZ,NO,1,138.0,20.97826086956522,25.521843339858844,1.0,5.0,12.0,25.0,156.0
2013-01-06,NEZ,NO2,1,138.0,27.659420289855074,11.407192235514378,5.0,20.0,27.0,34.75,59.0
2013-01-06,NEZ,NOX,1,138.0,48.608695652173914,31.008930849786527,8.0,25.25,42.0,63.0,186.0
2013-01-06,NEZ,O3,1,138.0,19.471014492753625,21.86527828736076,1.0,3.0,9.5,31.0,89.0
2013-01-06,NEZ,PM2.5,2,137.0,30.2992700729927,26.448163775777473,3.0,14.0,23.0,31.0,148.0
2013-01-06,NEZ,SO2,1,138.0,13.282608695652174,26.3729537222425,0.0,2.0,4.0,9.0,165.0
2013-01-06,PED,CO,15,133.0,0.6127819548872182,0.3220233225683626,0.1,0.4,0.6,0.9,1.5
2013-01-06,PED,NO,1,133.0,16.49624060150376,18.213641266482007,1.0,3.0,8.0,25.0,83.0
2013-01-06,PED,NO2,1,133.0,27.0,12.976669040780049,5.0,19.0,26.0,33.0,58.0
2013-01-06,PED,NOX,1,133.0,43.5187969924812,25.493790540395647,6.0,24.0,41.0,60.0,118.0
2013-01-06,PED,O3,1,133.0,24.42105263157895,23.886160100319973,3.0,5.0,13.0,37.0,93.0
2013-01-06,PED,PM10,2,131.0,51.57251908396947,26.871497778057915,8.0,33.0,47.0,68.0,116.0
2013-01-06,PED,PM2.5,2,131.0,32.267175572519086,20.596797520854814,1.0,18.0,27.0,44.5,92.0
2013-01-06,PED,PMCO,2,131.0,19.259541984732824,8.89216404071978,4.0,13.0,17.0,24.5,42.0
2013-01-06,PED,SO2,1,133.0,4.669172932330827,3.2138945611470944,1.0,2.0,4.0,6.0,16.0
2013-01-06,SAG,CO,15,0.0,,,,,,,
2013-01-06,SAG,NO,1,0.0,,,,,,,
2013-01-06,SAG,NO2,1,0.0,,,,,,,
2013-01-06,SAG,NOX,1,0.0,,,,,,,
2013-01-06,SAG,O3,1,0.0,,,,,,,
2013-01-06,SAG,PM10,2,116.0,83.58620689655173,66.59325843481093,21.0,43.75,54.0,97.25,318.0
2013-01-06,SAG,PM2.5,2,116.0,42.293103448275865,42.604555225199015,7.0,18.0,26.0,46.25,217.0
2013-01-06,SAG,PMCO,2,116.0,41.21551724137931,38.101650320182195,9.0,21.75,30.0,50.0,250.0
2013-01-06,SAG,SO2,1,0.0,,,,,,,
2013-01-06,SFE,CO,15,133.0,0.6894736842105268,0.30656037961172916,0.2,0.4,0.7,0.9,1.4
2013-01-06,SFE,NO,1,133.0,13.601503759398497,16.696461179046146,1.0,3.0,6.0,20.0,95.0
2013-01-06,SFE,NO2,1,133.0,27.526315789473685,13.502849838015916,6.0,17.0,26.0,35.0,65.0
2013-01-06,SFE,NOX,1,133.0,41.12781954887218,23.929319385854278,10.0,20.0,35.0,59.0,126.0
2013-01-06,SFE,O3,1,133.0,23.51127819548872,22.919032894264642,1.0,6.0,15.0,33.0,95.0
2013-01-06,SFE,PM10,2,128.0,39.375,24.91339329265146,5.0,21.0,32.0,48.25,121.0
2013-01-06,SFE,PM2.5,2,128.0,25.15625,18.772755220869342,1.0,12.0,20.0,32.0,93.0
2013-01-06,SFE,PMCO,2,128.0,14.2734375,8.514660671939177,3.0,8.0,12.0,18.25,46.0
2013-01-06,SFE,SO2,1,133.0,7.135338345864661,8.108900791336994,0.0,1.0,4.0,10.0,37.0
2013-01-06,SJA,CO,15,138.0,1.1289855072463766,0.6868103467065495,0.4,0.6,0.9,1.5,3.5
2013-01-06,SJA,NO,1,138.0,44.55797101449275,55.10560771548195,0.0,6.0,19.5,63.5,212.0
2013-01-06,SJA,NO2,1,138.0,32.69565217391305,11.956495773319373,8.0,26.0,32.0,38.0,77.0
2013-01-06,SJA,NOX,1,138.0,77.26086956521739,58.301544889176085,9.0,36.0,55.0,105.25,246.0
2013-01-06,SJA,O3,1,138.0,16.840579710144926,21.695048503944175,1.0,1.0,4.5,25.5,81.0
2013-01-06,SJA,PM2.5,2,134.0,33.12686567164179,32.51637450815742,3.0,15.0,24.5,34.75,172.0
2013-01-06,SJA,SO2,1,138.0,13.427536231884059,17.08411465214348,2.0,4.0,7.0,12.0,86.0
2013-01-06,SUR,CO,15,138.0,1.0355072463768116,0.5991235355884561,0.1,0.5,1.0,1.4,3.7
2013-01-06,SUR,NO,1,138.0,25.108695652173914,30.43832696866275,0.0,3.0,13.0,37.75,174.0
2013-01-06,SUR,NO2,1,138.0,32.01449275362319,14.844195949611352,3.0,23.0,34.0,41.0,77.0
2013-01-06,SUR,NOX,1,138.0,57.07971014492754,38.29487236628955,3.0,26.0,52.5,79.75,216.0
2013-01-06,SUR,O3,1,138.0,17.731884057971016,19.480680999155,1.0,1.0,10.0,27.0,77.0
2013-01-06,SUR,PM10,2,134.0,51.6044776119403,35.98496316220442,3.0,28.0,44.5,58.0,186.0
2013-01-06,SUR,SO2,1,138.0,15.514492753623188,24.54051781654833,1.0,2.0,7.0,17.0,153.0
2013-01-06,TAH,CO,15,138.0,0.8724637681159415,0.49372235998652253,0.2,0.5,0.8500000000000001,1.2,2.8
2013-01-06,TAH,NO,1,138.0,8.340579710144928,13.928124347401042,0.0,0.0,3.0,9.75,99.0
2013-01-06,TAH,NO2,1,138.0,20.652173913043477,12.36055190575198,3.0,9.0,22.0,30.0,48.0
2013-01-06,TAH,NOX,1,138.0,29.0,22.46457064594312,2.0,9.0,25.0,43.0,133.0
2013-01-06,TAH,O3,1,138.0,23.231884057971016,21.976194770032432,1.0,4.0,17.0,37.5,97.0
2013-01-06,TAH,PM10,2,129.0,47.03875968992248,33.23199773485807,1.0,26.0,40.0,60.0,198.0
2013-01-06,TAH,SO2,1,138.0,7.188405797101449,7.7859603429418955,2.0,3.0,5.0,8.0,67.0
2013-01-06,TLA,CO,15,137.0,1.0948905109489044,0.5352735924799158,0.3,0.7,1.1,1.4,3.0
2013-01-06,TLA,NO,1,137.0,46.24087591240876,43.765169730963876,3.0,13.0,32.0,72.0,231.0
2013-01-06,TLA,NO2,1,137.0,35.394160583941606,14.735091001651952,9.0,25.0,31.0,44.0,93.0
2013-01-06,TLA,NOX,1,137.0,81.72992700729927,48.169202946432826,15.0,50.0,75.0,104.0,269.0
2013-01-06,TLA,O3,1,137.0,17.452554744525546,22.681286275292244,1.0,2.0,5.0,25.0,99.0
2013-01-06,TLA,PM10,2,121.0,78.50413223140495,40.00148413224651,15.0,53.0,67.0,95.0,231.0
2013-01-06,TLA,PM2.5,2,121.0,47.6198347107438,30.50198250342292,1.0,30.0,41.0,60.0,175.0
2013-01-06,TLA,PMCO,2,121.0,30.884297520661157,13.764198779590371,5.0,22.0,28.0,36.0,81.0
2013-01-06,TLA,SO2,1,137.0,20.37956204379562,28.29600142892292,0.0,4.0,8.0,27.0,192.0
2013-01-06,TLI,CO,15,138.0,0.8659420289855067,0.5989646025893169,0.3,0.5,0.6,1.0,3.5
2013-01-06,TLI,NO,1,138.0,34.47826086956522,39.66101201842448,1.0,5.0,18.5,50.75,195.0
2013-01-06,TLI,NO2,1,138.0,30.355072463768117,11.533385829011442,6.0,24.0,29.0,34.75,71.0
2013-01-06,TLI,NOX,1,138.0,64.85507246376811,43.51449976054843,7.0,31.25,51.0,90.75,232.0
2013-01-06,TLI,O3,1,138.0,20.536231884057973,25.301152398753725,0.0,2.25,8.0,28.0,107.0
2013-01-06,TLI,PM10,2,135.0,70.64444444444445,69.26861694542731,2.0,31.0,47.0,81.0,386.0
2013-01-06,TLI,SO2,1,138.0,26.166666666666668,41.19219388407189,1.0,5.0,10.0,27.75,261.0
2013-01-06,TPN,CO,15,0.0,,,,,,,
2013-01-06,TPN,NO,1,136.0,8.455882352941176,11.24729936115288,0.0,2.0,4.0,9.0,52.0
2013-01-06,TPN,NO2,1,136.0,14.294117647058824,13.62955266625992,0.0,4.0,10.0,18.0,64.0
2013-01-06,TPN,NOX,1,136.0,22.720588235294116,22.821591847770627,1.0,6.0,13.0,28.25,99.0
2013-01-06,TPN,O3,1,136.0,22.74264705882353,16.162598032599796,1.0,9.0,20.5,34.25,66.0
2013-01-06,TPN,SO2,1,136.0,4.1911764705882355,6.673901303260677,0.0,1.0,1.0,4.0,31.0
2013-01-06,UAX,CO,15,133.0,0.9481203007518798,0.49750917514904636,0.3,0.5,0.9,1.3,2.5
2013-01-06,UAX,NO,1,133.0,23.902255639097746,31.141384494060002,1.0,3.0,10.0,35.0,185.0
2013-01-06,UAX,NO2,1,133.0,28.48872180451128,14.99475491193473,2.0,15.0,30.0,39.0,64.0
2013-01-06,UAX,NOX,1,133.0,52.40601503759399,39.14503675996698,4.0,18.0,45.0,74.0,215.0
2013-01-06,UAX,O3,1,132.0,21.848484848484848,24.17129862204563,0.0,2.0,16.5,36.0,97.0
2013-01-06,UAX,PM2.5,2,135.0,33.148148148148145,31.596220848674072,2.0,13.0,26.0,39.0,163.0
2013-01-06,UAX,SO2,1,133.0,9.413533834586467,14.440645404210107,1.0,1.0,4.0,10.0,75.0
2013-01-06,UIZ,CO,15,0.0,,,,,,,
2013-01-06,UIZ,NO,1,133.0,29.849624060150376,39.13951274851199,0.0,3.0,13.0,44.0,217.0
2013-01-06,UIZ,NO2,1,133.0,30.473684210526315,12.666813564161217,4.0,23.0,32.0,38.0,65.0
2013-01-06,UIZ,NOX,1,133.0,60.34586466165413,45.19353083109954,5.0,27.0,49.0,83.0,247.0
2013-01-06,UIZ,O3,1,133.0,18.67669172932331,20.518487182176916,2.0,2.0,9.0,30.0,76.0
2013-01-06,UIZ,PM10,2,130.0,56.02307692307692,33.774552455360954,8.0,33.0,46.0,70.0,189.0
2013-01-06,UIZ,PM2.5,2,130.0,34.176923076923075,27.33044002023134,1.0,15.25,27.0,44.0,150.0
2013-01-06,UIZ,PMCO,2,130.0,21.79230769230769,9.202878007749627,3.0,16.0,20.0,29.0,46.0
2013-01-06,UIZ,SO2,1,131.0,13.961832061068701,23.764357467613195,0.0,2.0,5.0,13.0,130.0
2013-01-06,VIF,CO,15,138.0,1.2898550724637685,0.9181296328070002,0.6,0.8,1.0,1.375,6.1
2013-01-06,VIF,NO,1,138.0,26.818840579710145,34.639590763762925,2.0,5.0,11.0,36.0,194.0
2013-01-06,VIF,NO2,1,138.0,22.115942028985508,7.200032911287436,8.0,18.0,22.0,25.0,43.0
2013-01-06,VIF,NOX,1,138.0,48.8768115942029,37.713374052988065,10.0,25.0,36.5,61.5,227.0
2013-01-06,VIF,O3,1,0.0,,,,,,,
2013-01-06,VIF,PM10,2,134.0,97.76865671641791,122.96517718315934,1.0,41.0,62.0,96.25,830.0
2013-01-06,VIF,SO2,1,138.0,25.543478260869566,46.09956213121014,0.0,2.25,6.0,21.75,266.0
2013-01-06,XAL,CO,15,133.0,1.3969924812030075,1.0280121925954266,0.3,0.7,1.0,1.9,5.0
2013-01-06,XAL,NO,1,133.0,70.44360902255639,77.82083283568684,4.0,17.0,40.0,101.0,531.0
2013-01-06,XAL,NO2,1,133.0,33.30075187969925,13.758184871033885,9.0,25.0,30.0,39.0,89.0
2013-01-06,XAL,NOX,1,133.0,103.78195488721805,80.89586818922743,14.0,49.0,76.0,141.0,569.0
2013-01-06,XAL,O3,1,133.0,18.353383458646615,21.12201045323797,1.0,2.0,8.0,31.0,83.0
2013-01-06,XAL,PM10,2,138.0,88.3695652173913,66.92059529219787,13.0,48.25,63.5,107.0,376.0
2013-01-06,XAL,PM2.5,2,138.0,52.44202898550725,53.298500837018004,5.0,23.0,34.0,62.25,289.0
2013-01-06,XAL,PMCO,2,138.0,35.93478260869565,17.905349900571206,7.0,24.0,31.0,43.0,88.0
2013-01-06,XAL,SO2,1,133.0,14.654135338345865,19.779866222232734,2.0,5.0,8.0,12.0,95.0
2013-01-13,ACO,CO,15,159.0,0.5899371069182393,0.3048541814848409,0.0,0.4,0.5,0.7,1.6
2013-01-13,ACO,NO,1,159.0,11.364779874213836,15.905743482854783,1.0,3.0,4.0,14.0,91.0
2013-01-13,ACO,NO2,1,159.0,16.836477987421382,8.349087886085263,4.0,11.0,16.0,21.0,49.0
2013-01-13,ACO,NOX,1,159.0,28.18238993710692,20.300544154929135,7.0,13.0,22.0,36.5,106.0
2013-01-13,ACO,O3,1,159.0,21.62264150943396,18.76998656126081,1.0,4.0,19.0,32.0,74.0
2013-01-13,ACO,PM10,2,159.0,57.144654088050316,28.0245905757167,11.0,37.0,55.0,71.0,194.0
2013-01-13,ACO,SO2,1,159.0,2.9245283018867925,4.45021286620917,0.0,1.0,2.0,3.0,38.0
2013-01-13,ATI,NO,1,157.0,23.235668789808916,34.87599647090121,2.0,4.0,7.0,24.0,172.0
2013-01-13,ATI,NO2,1,157.0,29.955414012738853,14.428134885348216,4.0,22.0,29.0,38.0,73.0
2013-01-13,ATI,NOX,1,157.0,53.23566878980892,43.108560058892394,6.0,27.0,38.0,63.0,220.0
2013-01-13,ATI,SO2,1,157.0,5.6687898089171975,8.862473850839763,0.0,1.0,2.0,5.0,68.0
2013-01-13,CAM,CO,15,156.0,1.1807692307692306,0.6760526210303343,0.3,0.7,1.0,1.5,3.8
2013-01-13,CAM,NO,1,156.0,50.44230769230769,60.67430134474116,4.0,10.0,29.0,58.0,350.0
2013-01-13,CAM,NO2,1,156.0,36.82692307692308,16.359731625505383,8.0,26.75,35.0,46.0,108.0
2013-01-13,CAM,NOX,1,156.0,87.34615384615384,67.20509330219568,14.0,43.0,65.0,106.0,386.0
2013-01-13,CAM,O3,1,156.0,19.0,26.659380725087395,1.0,1.0,5.0,24.25,102.0
2013-01-13,CAM,PM10,2,150.0,53.53333333333333,30.044188187532622,11.0,33.0,47.0,66.75,188.0
2013-01-13,CAM,PM2.5,2,150.0,32.153333333333336,23.974745288180017,3.0,17.0,26.5,40.75,150.0
2013-01-13,CAM,PMCO,2,150.0,21.333333333333332,8.49055271808691,7.0,14.25,20.0,26.0,44.0
2013-01-13,CAM,SO2,1,32.0,23.03125,23.28017899138595,4.0,9.0,11.0,30.0,81.0
2013-01-13,CHO,CO,15,0.0,,,,,,,
2013-01-13,CHO,NO,1,157.0,32.64968152866242,61.28170202518082,1.0,5.0,7.0,27.0,417.0
2013-01-13,CHO,NO2,1,157.0,15.382165605095542,11.208132939880764,0.0,5.0,15.0,24.0,47.0
2013-01-13,CHO,NOX,1,157.0,48.02547770700637,67.80694210777769,2.0,11.0,22.0,60.0,455.0
2013-01-13,CHO,O3,1,157.0,22.745222929936304,17.55683242654636,1.0,4.0,22.0,36.0,63.0
2013-01-13,CHO,SO2,1,157.0,3.2420382165605095,1.6809691720862971,1.0,2.0,3.0,4.0,12.0
2013-01-13,COY,NO,1,160.0,28.89375,36.61968348516219,1.0,3.0,16.0,42.0,197.0
2013-01-13,COY,NO2,1,160.0,28.56875,16.877144634276544,1.0,17.0,28.5,38.25,98.0
2013-01-13,COY,NOX,1,160.0,57.45625,45.183183669126166,2.0,18.75,51.0,80.25,232.0
2013-01-13,COY,O3,1,160.0,23.0875,26.259562499049938,2.0,3.0,12.0,30.0,101.0
2013-01-13,COY,PM2.5,2,142.0,31.507042253521128,28.418290603677796,1.0,14.0,26.0,36.75,132.0
2013-01-13,CUA,CO,15,153.0,0.7490196078431373,0.4627033901373335,0.2,0.5,0.7,0.9,3.4
2013-01-13,CUA,NO,1,153.0,15.4640522875817,29.51249203477254,0.0,3.0,5.0,15.0,182.0
2013-01-13,CUA,NO2,1,153.0,19.575163398692812,10.162944047693378,3.0,12.0,20.0,25.0,65.0
2013-01-13,CUA,NOX,1,153.0,35.02614379084967,35.23883692454927,4.0,15.0,24.0,39.0,211.0
2013-01-13,CUA,O3,1,153.0,27.830065359477125,20.318772383682795,1.0,13.0,23.0,33.0,99.0
2013-01-13,CUA,SO2,1,153.0,4.0588235294117645,3.830685135430882,1.0,2.0,2.0,4.0,23.0
2013-01-13,CUT,NO,1,89.0,38.40449438202247,47.43409760852024,0.0,2.0,20.0,61.0,226.0
2013-01-13,CUT,NO2,1,89.0,32.842696629213485,15.491859208515478,10.0,23.0,29.0,39.0,98.0
2013-01-13,CUT,NOX,1,89.0,71.32584269662921,52.44906084628012,10.0,32.0,61.0,95.0,272.0
2013-01-13,CUT,SO2,1,89.0,4.887640449438202,8.388897156695743,0.0,1.0,2.0,5.0,51.0
2013-01-13,FAC,CO,15,114.0,0.937719298245614,0.7532102799477528,0.0,0.4,0.8,1.2,3.7
2013-01-13,FAC,NO,1,160.0,45.23125,63.800516734071884,0.0,9.0,22.0,53.0,355.0
2013-01-13,FAC,NO2,1,160.0,35.075,19.312572891722972,2.0,22.0,32.0,43.0,99.0
2013-01-13,FAC,NOX,1,160.0,80.30625,70.94377230325686,2.0,33.0,57.5,102.5,398.0
2013-01-13,FAC,O3,1,160.0,22.375,26.428912603125536,1.0,3.0,10.0,28.0,105.0
2013-01-13,FAC,PM10,2,158.0,47.06962025316456,32.26346893748954,1.0,26.0,40.5,59.75,169.0
2013-01-13,FAC,SO2,1,155.0,6.303225806451613,6.144762518577856,2.0,3.0,4.0,7.5,43.0
2013-01-13,HGM,CO,15,152.0,1.2342105263157894,0.550148115294995,0.4,0.8,1.1,1.6,2.7
2013-01-13,HGM,NO,1,152.0,40.453947368421055,40.37815270790841,2.0,9.0,25.0,66.25,168.0
2013-01-13,HGM,NO2,1,152.0,38.8421052631579,16.136875323537367,10.0,27.0,39.0,48.0,112.0
2013-01-13,HGM,NOX,1,152.0,79.26973684210526,46.9718769453739,17.0,39.75,70.5,111.0,207.0
2013-01-13,HGM,O3,1,152.0,20.026315789473685,28.02410206002107,0.0,0.0,8.0,25.0,109.0
2013-01-13,HGM,PM10,2,143.0,56.16083916083916,33.308978265531756,6.0,31.5,53.0,68.0,188.0
2013-01-13,HGM,PM2.5,2,143.0,30.965034965034967,26.739329209673073,1.0,12.0,25.0,36.5,144.0
2013-01-13,HGM,PMCO,2,143.0,25.125874125874127,10.562268170881744,4.0,17.0,25.0,32.0,58.0
2013-01-13,HGM,SO2,1,152.0,6.394736842105263,8.607064628530063,1.0,2.0,3.0,6.0,51.0
2013-01-13,IZT,CO,15,161.0,1.143478260869565,0.7014077459559149,0.1,0.7,1.0,1.4,4.2
2013-01-13,IZT,NO,1,161.0,43.18633540372671,47.599527961018715,2.0,11.0,26.0,58.0,263.0
2013-01-13,IZT,NO2,1,161.0,34.08074534161491,16.681192686405666,5.0,23.0,33.0,42.0,121.0
2013-01-13,IZT,NOX,1,161.0,77.32919254658385,54.616249459011236,7.0,36.0,64.0,105.0,296.0
2013-01-13,IZT,O3,1,161.0,21.48447204968944,27.043970120449707,0.0,1.0,12.0,27.0,109.0
2013-01-13,IZT,PM10,2,161.0,46.88198757763975,27.21612088496164,9.0,28.0,42.0,56.0,154.0
2013-01-13,IZT,SO2,1,161.0,4.596273291925466,7.343686814185682,0.0,1.0,2.0,4.0,40.0
2013-01-13,LLA,CO,15,0.0,,,,,,,
2013-01-13,LLA,NO,1,80.0,30.7,39.60354158821043,0.0,5.0,11.0,42.0,170.0
2013-01-13,LLA,NO2,1,80.0,24.9125,10.9488959619137,8.0,15.75,24.0,34.25,53.0
2013-01-13,LLA,NOX,1,80.0,55.5375,45.16970636851342,9.0,20.0,38.5,80.25,192.0
2013-01-13,LLA,O3,1,51.0,15.215686274509803,18.411207158130825,0.0,0.0,8.0,23.5,70.0
2013-01-13,LLA,SO2,1,74.0,9.067567567567568,17.622627951586242,1.0,2.0,3.0,6.0,93.0
2013-01-13,LPR,CO,15,161.0,1.0316770186335402,0.8121285581920245,0.0,0.5,0.8,1.4,4.4
2013-01-13,LPR,NO,1,161.0,40.03105590062112,48.5487412761969,0.0,12.0,18.0,52.0,297.0
2013-01-13,LPR,NO2,1,161.0,37.93167701863354,15.911129840304588,13.0,27.0,36.0,46.0,112.0
2013-01-13,LPR,NOX,1,161.0,78.04347826086956,57.491015366108165,16.0,40.0,58.0,100.0,339.0
2013-01-13,LPR,O3,1,161.0,23.403726708074533,26.101096452540933,2.0,3.0,12.0,31.0,112.0
2013-01-13,LPR,SO2,1,161.0,5.260869565217392,7.431791287376853,1.0,2.0,3.0,5.0,49.0
2013-01-13,MER,CO,15,153.0,1.3065359477124179,0.7643946007182124,0.2,0.8,1.1,1.8,4.2
2013-01-13,MER,NO,1,153.0,51.41830065359477,58.43773276104334,1.0,8.0,26.0,78.0,302.0
2013-01-13,MER,NO2,1,153.0,38.928104575163395,15.700362288463035,9.0,29.0,39.0,48.0,101.0
2013-01-13,MER,NOX,1,153.0,90.3529411764706,65.3207139094076,11.0,40.0,68.0,131.0,342.0
2013-01-13,MER,O3,1,153.0,20.607843137254903,26.49732739604368,1.0,1.0,10.0,25.0,106.0
2013-01-13,MER,PM10,2,157.0,58.388535031847134,30.714076302186278,9.0,36.0,57.0,73.0,169.0
2013-01-13,MER,PM2.5,2,157.0,27.904458598726116,21.785605527471482,3.0,13.0,24.0,36.0,113.0
2013-01-13,MER,PMCO,2,157.0,30.420382165605094,12.357976448605786,4.0,21.0,30.0,39.0,59.0
2013-01-13,MER,SO2,1,153.0,7.006535947712418,10.508453196322067,0.0,1.0,3.0,7.0,53.0
2013-01-13,MON,CO,15,0.0,,,,,,,
2013-01-13,MON,NO,1,161.0,17.63975155279503,40.41450123331835,0.0,1.0,2.0,13.0,259.0
2013-01-13,MON,NO2,1,161.0,15.93167701863354,7.964078904369985,4.0,9.0,15.0,21.0,35.0
2013-01-13,MON,NOX,1,161.0,33.590062111801245,44.990759058067894,5.0,11.0,17.0,38.0,292.0
2013-01-13,MON,O3,1,161.0,29.093167701863354,23.715448878904876,1.0,5.0,29.0,42.0,103.0
2013-01-13,MON,SO2,1,0.0,,,,,,,
2013-01-13,NEZ,CO,15,153.0,1.232679738562091,0.8350724886089291,0.4,0.7,1.1,1.3,5.5
2013-01-13,NEZ,NO,1,153.0,30.15686274509804,51.75475030918962,1.0,4.0,10.0,33.0,299.0
2013-01-13,NEZ,NO2,1,153.0,31.65359477124183,17.55304751671866,7.0,19.0,32.0,39.0,123.0
2013-01-13,NEZ,NOX,1,153.0,61.86274509803921,61.49979234277408,8.0,23.0,45.0,74.0,342.0
2013-01-13,NEZ,O3,1,153.0,22.58169934640523,25.10992003044471,1.0,2.0,14.0,31.0,109.0
2013-01-13,NEZ,PM2.5,2,150.0,26.253333333333334,19.090806201723584,3.0,13.0,22.0,32.75,105.0
2013-01-13,NEZ,SO2,1,153.0,5.124183006535947,6.904727843866645,0.0,2.0,3.0,5.0,42.0
2013-01-13,PED,CO,15,65.0,0.593846153846154,0.524367751164713,0.0,0.2,0.4,0.8,2.6
2013-01-13,PED,NO,1,143.0,17.993006993006993,30.951915570995528,1.0,2.0,5.0,18.5,206.0
2013-01-13,PED,NO2,1,143.0,24.503496503496503,13.096539767646687,4.0,14.5,21.0,34.0,62.0
2013-01-13,PED,NOX,1,143.0,42.50349650349651,38.44455933702382,5.0,16.5,28.0,53.0,243.0
2013-01-13,PED,O3,1,147.0,30.93877551020408,27.93442038643314,3.0,10.0,23.0,39.5,122.0
2013-01-13,PED,PM10,2,118.0,48.26271186440678,34.339289492348925,5.0,26.0,42.0,59.0,211.0
2013-01-13,PED,PM2.5,2,118.0,23.703389830508474,23.717464199803388,1.0,9.25,18.0,27.75,156.0
2013-01-13,PED,PMCO,2,118.0,24.584745762711865,13.431259794911293,3.0,14.0,23.0,31.0,67.0
2013-01-13,PED,SO2,1,127.0,2.031496062992126,1.906284543268664,0.0,1.0,1.0,3.0,9.0
2013-01-13,SAG,CO,15,0.0,,,,,,,
2013-01-13,SAG,NO,1,0.0,,,,,,,
2013-01-13,SAG,NO2,1,0.0,,,,,,,
2013-01-13,SAG,NOX,1,0.0,,,,,,,
2013-01-13,SAG,O3,1,0.0,,,,,,,
2013-01-13,SAG,PM10,2,159.0,71.8993710691824,31.999247413728035,19.0,51.5,67.0,81.0,206.0
2013-01-13,SAG,PM2.5,2,159.0,29.0125786163522,17.934475470368834,4.0,17.5,26.0,36.0,113.0
2013-01-13,SAG,PMCO,2,159.0,42.930817610062896,23.797170211745268,10.0,28.5,38.0,51.5,140.0
2013-01-13,SAG,SO2,1,0.0,,,,,,,
2013-01-13,SFE,CO,15,156.0,0.5506410256410255,0.2767313346846733,0.2,0.3,0.5,0.7,1.7
2013-01-13,SFE,NO,1,156.0,13.192307692307692,18.293702559894086,1.0,3.0,6.0,15.0,83.0
2013-01-13,SFE,NO2,1,156.0,24.576923076923077,10.71449934798242,5.0,17.0,25.0,31.0,74.0
2013-01-13,SFE,NOX,1,156.0,37.80769230769231,24.430313107104585,6.0,20.75,32.0,46.75,119.0
2013-01-13,SFE,O3,1,156.0,27.762820512820515,23.690235413116238,1.0,10.75,22.5,35.25,101.0
2013-01-13,SFE,PM10,2,145.0,33.48275862068966,23.871793981448494,5.0,20.0,27.0,39.0,138.0
2013-01-13,SFE,PM2.5,2,145.0,18.882758620689657,18.406484156509404,1.0,8.0,13.0,21.0,94.0
2013-01-13,SFE,PMCO,2,145.0,14.606896551724137,7.431442726427259,2.0,9.0,14.0,19.0,45.0
2013-01-13,SFE,SO2,1,156.0,2.5,3.1118918631183083,0.0,1.0,1.0,3.0,19.0
2013-01-13,SJA,CO,15,158.0,1.1158227848101263,0.7774302067430404,0.2,0.6,0.8,1.4,4.2
2013-01-13,SJA,NO,1,158.0,57.234177215189874,73.13787413778954,0.0,8.0,24.0,91.0,413.0
2013-01-13,SJA,NO2,1,158.0,37.0126582278481,14.49971989264793,12.0,28.0,36.0,45.75,107.0
2013-01-13,SJA,NOX,1,158.0,94.22151898734177,78.15993919197525,11.0,35.5,63.0,129.0,457.0
2013-01-13,SJA,O3,1,137.0,21.656934306569344,28.256034742262525,1.0,1.0,8.0,27.0,107.0
2013-01-13,SJA,PM2.5,2,157.0,26.070063694267517,19.757217003258983,1.0,14.0,23.0,31.0,106.0
2013-01-13,SJA,SO2,1,158.0,8.518987341772151,7.686303078785474,3.0,5.0,6.0,9.0,51.0
2013-01-13,SUR,CO,15,161.0,0.9260869565217391,0.624151598084395,0.0,0.4,0.8,1.3,3.8
2013-01-13,SUR,NO,1,161.0,25.018633540372672,33.62448364839402,0.0,2.0,10.0,36.0,170.0
2013-01-13,SUR,NO2,1,161.0,30.540372670807454,15.515312512490633,4.0,17.0,31.0,41.0,77.0
2013-01-13,SUR,NOX,1,161.0,55.56521739130435,42.1620063873708,4.0,19.0,46.0,79.0,211.0
2013-01-13,SUR,O3,1,161.0,22.757763975155278,25.80595289790601,0.0,1.0,14.0,30.0,95.0
2013-01-13,SUR,PM10,2,149.0,51.54362416107382,31.64487986881677,2.0,32.0,44.0,64.0,198.0
2013-01-13,SUR,SO2,1,161.0,4.614906832298137,5.110115106092575,1.0,2.0,3.0,5.0,26.0
2013-01-13,TAH,CO,15,161.0,0.7993788819875776,0.40148114750414143,0.3,0.5,0.7,1.1,1.9
2013-01-13,TAH,NO,1,161.0,6.062111801242236,10.750400830314307,0.0,0.0,1.0,7.0,63.0
2013-01-13,TAH,NO2,1,161.0,16.53416149068323,11.027256603469322,3.0,7.0,13.0,25.0,46.0
2013-01-13,TAH,NOX,1,161.0,22.58385093167702,19.30367808417971,3.0,7.0,14.0,36.0,86.0
2013-01-13,TAH,O3,1,161.0,28.981366459627328,21.57471669851352,0.0,9.0,25.0,45.0,80.0
2013-01-13,TAH,PM10,2,158.0,45.45569620253165,28.525682904726477,2.0,24.25,41.0,61.75,156.0
2013-01-13,TAH,SO2,1,161.0,4.53416149068323,2.2968213249527634,2.0,3.0,4.0,5.0,17.0
2013-01-13,TLA,CO,15,153.0,1.1274509803921566,0.6723129062890644,0.3,0.7,0.9,1.4,3.8
2013-01-13,TLA,NO,1,138.0,38.91304347826087,49.52865104039588,2.0,10.0,17.0,48.75,302.0
2013-01-13,TLA,NO2,1,138.0,34.666666666666664,17.335391979564772,7.0,23.0,30.0,41.0,85.0
2013-01-13,TLA,NOX,1,138.0,73.51449275362319,57.5271735863645,11.0,36.0,52.5,95.0,329.0
2013-01-13,TLA,O3,1,153.0,21.575163398692812,27.594024145793806,0.0,1.0,8.0,32.0,106.0
2013-01-13,TLA,PM10,2,141.0,62.226950354609926,34.301888493269004,8.0,37.0,59.0,81.0,193.0
2013-01-13,TLA,PM2.5,2,141.0,31.9645390070922,24.388935239312858,1.0,15.0,28.0,45.0,133.0
2013-01-13,TLA,PMCO,2,141.0,30.22695035460993,14.641120563246444,6.0,19.0,29.0,38.0,73.0
2013-01-13,TLA,SO2,1,153.0,7.313725490196078,12.361054390086423,0.0,1.0,3.0,6.0,84.0
2013-01-13,TLI,CO,15,161.0,0.7732919254658386,0.5376752928086747,0.0,0.4,0.7,0.9,3.1
2013-01-13,TLI,NO,1,161.0,36.50310559006211,58.79510228577747,0.0,3.0,11.0,41.0,338.0
2013-01-13,TLI,NO2,1,161.0,35.62732919254658,15.304745945202914,8.0,25.0,34.0,45.0,85.0
2013-01-13,TLI,NOX,1,161.0,72.16770186335404,65.35128499356809,10.0,32.0,52.0,87.0,372.0
2013-01-13,TLI,O3,1,161.0,26.29813664596273,30.931546340366037,1.0,2.0,14.0,35.0,124.0
2013-01-13,TLI,PM10,2,150.0,60.6,38.51575115778377,3.0,35.0,53.0,76.75,223.0
2013-01-13,TLI,SO2,1,161.0,11.322981366459627,18.151653672762162,1.0,2.0,4.0,10.0,109.0
2013-01-13,TPN,CO,15,0.0,,,,,,,
2013-01-13,TPN,NO,1,156.0,7.301282051282051,11.960375369983236,0.0,1.0,3.0,7.0,91.0
2013-01-13,TPN,NO2,1,156.0,10.807692307692308,10.866411927981819,0.0,4.0,7.0,14.0,53.0
2013-01-13,TPN,NOX,1,156.0,18.096153846153847,21.024648774222236,1.0,5.75,10.0,21.0,129.0
2013-01-13,TPN,O3,1,156.0,33.68589743589744,20.897848164322806,2.0,18.75,28.0,46.25,102.0
2013-01-13,TPN,SO2,1,156.0,2.2628205128205128,2.8355170877060982,0.0,1.0,1.0,2.0,15.0
2013-01-13,UAX,CO,15,156.0,0.6891025641025642,0.34145300870642975,0.3,0.4,0.6,0.9,1.8
2013-01-13,UAX,NO,1,156.0,12.878205128205128,17.34594605374946,1.0,2.0,4.0,17.25,82.0
2013-01-13,UAX,NO2,1,156.0,22.153846153846153,12.775558239758803,3.0,11.0,22.0,30.0,65.0
2013-01-13,UAX,NOX,1,156.0,35.02564102564103,26.071848300033945,4.0,13.0,27.0,51.0,113.0
2013-01-13,UAX,O3,1,156.0,30.012820512820515,27.64311433355328,0.0,4.0,25.0,46.25,111.0
2013-01-13,UAX,PM2.5,2,159.0,22.628930817610062,18.71557716439568,2.0,10.0,19.0,27.0,110.0
2013-01-13,UAX,SO2,1,156.0,3.551282051282051,5.58603659112193,1.0,1.0,2.0,2.0,29.0
2013-01-13,UIZ,CO,15,147.0,1.2346938775510203,0.75158764025871,0.4,0.7,1.1,1.6,4.7
2013-01-13,UIZ,NO,1,161.0,27.8944099378882,41.63931472846187,0.0,3.0,11.0,37.0,260.0
2013-01-13,UIZ,NO2,1,161.0,31.77639751552795,16.28725542996713,5.0,20.0,29.0,44.0,86.0
2013-01-13,UIZ,NOX,1,161.0,59.75776397515528,50.393424223493135,5.0,22.0,47.0,79.0,304.0
2013-01-13,UIZ,O3,1,161.0,23.11801242236025,24.336027531724334,1.0,3.0,15.0,30.0,97.0
2013-01-13,UIZ,PM10,2,161.0,55.2111801242236,30.239132332519112,8.0,35.0,50.0,67.0,183.0
2013-01-13,UIZ,PM2.5,2,161.0,29.055900621118013,22.313462429440712,1.0,14.0,24.0,38.0,128.0
2013-01-13,UIZ,PMCO,2,161.0,26.229813664596275,10.837578400642004,4.0,18.0,26.0,34.0,56.0
2013-01-13,UIZ,SO2,1,158.0,4.2025316455696204,5.910973810155347,1.0,2.0,2.0,3.0,36.0
2013-01-13,VIF,CO,15,157.0,1.0605095541401275,0.6481490373267713,0.2,0.6,0.9,1.4,3.6
2013-01-13,VIF,NO,1,157.0,31.94267515923567,40.4640140913799,2.0,6.0,12.0,44.0,192.0
2013-01-13,VIF,NO2,1,157.0,28.662420382165607,13.09460357636481,7.0,18.0,27.0,34.0,75.0
2013-01-13,VIF,NOX,1,157.0,60.5859872611465,46.118026480835184,9.0,25.0,45.0,83.0,219.0
2013-01-13,VIF,O3,1,147.0,24.462585034013607,27.88608729285458,1.0,2.0,15.0,34.0,109.0
2013-01-13,VIF,PM10,2,156.0,82.12820512820512,42.89818673492795,7.0,52.0,75.0,111.25,191.0
2013-01-13,VIF,SO2,1,157.0,9.280254777070065,16.73543545697791,2.0,2.0,3.0,7.0,119.0
2013-01-13,XAL,CO,15,156.0,1.1826923076923082,0.8555823115349069,0.2,0.6,0.9,1.4,4.9
2013-01-13,XAL,NO,1,156.0,57.35897435897436,70.95259196137975,4.0,13.0,25.5,70.25,432.0
2013-01-13,XAL,NO2,1,156.0,34.8525641025641,12.3255854992406,14.0,26.0,33.0,42.25,76.0
2013-01-13,XAL,NOX,1,156.0,92.24358974358974,75.63890207446565,20.0,39.0,67.5,117.0,465.0
2013-01-13,XAL,O3,1,156.0,21.352564102564102,24.727366186964833,1.0,3.0,11.0,29.0,103.0
2013-01-13,XAL,PM10,2,161.0,77.21739130434783,36.80110318526027,13.0,49.0,74.0,97.0,218.0
2013-01-13,XAL,PM2.5,2,161.0,37.254658385093165,24.302849499365713,1.0,20.0,33.0,47.0,151.0
2013-01-13,XAL,PMCO,2,161.0,40.006211180124225,18.091260629931906,9.0,27.0,37.0,51.0,95.0
2013-01-13,XAL,SO2,1,156.0,9.564102564102564,9.420759155205085,2.0,4.0,6.5,10.25,51.0
2013-01-20,ACO,CO,15,128.0,0.4023437500000002,0.29254916640417816,0.0,0.2,0.3,0.5,1.5
2013-01-20,ACO,NO,1,145.0,10.172413793103448,15.04361475269778,1.0,2.0,4.0,9.0,70.0
2013-01-20,ACO,NO2,1,145.0,17.43448275862069,7.437530385655436,4.0,12.0,18.0,23.0,40.0
2013-01-20,ACO,NOX,1,145.0,27.593103448275862,19.649178860325364,5.0,14.0,22.0,32.0,93.0
2013-01-20,ACO,O3,1,128.0,25.6796875,20.91788730609269,1.0,7.0,22.0,39.0,86.0
2013-01-20,ACO,PM10,2,133.0,61.2406015037594,25.96359641939829,17.0,45.0,56.0,72.0,166.0
2013-01-20,ACO,SO2,1,128.0,4.453125,5.252460053553309,0.0,2.0,3.0,4.0,32.0
2013-01-20,ATI,NO,1,161.0,20.987577639751553,30.266728345172993,1.0,4.0,9.0,24.0,187.0
2013-01-20,ATI,NO2,1,161.0,34.86335403726708,14.200130674755224,10.0,24.0,35.0,42.0,73.0
2013-01-20,ATI,NOX,1,161.0,55.83229813664596,38.59974676485014,12.0,29.0,45.0,71.0,225.0
2013-01-20,ATI,SO2,1,161.0,25.832298136645964,34.847926054652945,1.0,3.0,11.0,33.0,197.0
2013-01-20,CAM,CO,15,161.0,1.068944099378882,0.5748082315917107,0.4,0.7,0.9,1.2,3.7
2013-01-20,CAM,NO,1,161.0,41.36645962732919,51.574180730404464,4.0,10.0,18.0,51.0,281.0
2013-01-20,CAM,NO2,1,161.0,42.07453416149068,13.278531919526653,19.0,33.0,41.0,46.0,103.0
2013-01-20,CAM,NOX,1,161.0,83.40993788819875,57.1559786953309,24.0,46.0,60.0,105.0,322.0
2013-01-20,CAM,O3,1,161.0,21.049689440993788,24.757271972653808,1.0,2.0,10.0,33.0,112.0
2013-01-20,CAM,PM10,2,161.0,61.130434782608695,26.28857414229198,14.0,42.0,57.0,74.0,201.0
2013-01-20,CAM,PM2.5,2,161.0,30.73913043478261,12.95787489286459,10.0,22.0,29.0,38.0,77.0
2013-01-20,CAM,PMCO,2,161.0,30.366459627329192,19.638192839780913,4.0,19.0,27.0,36.0,175.0
2013-01-20,CAM,SO2,1,102.0,32.72549019607843,31.309745062774663,1.0,9.25,21.5,48.75,170.0
2013-01-20,CHO,CO,15,0.0,,,,,,,
2013-01-20,CHO,NO,1,146.0,27.027397260273972,47.30283146813902,0.0,4.0,7.0,24.75,272.0
2013-01-20,CHO,NO2,1,146.0,22.897260273972602,10.906960417347417,2.0,14.0,24.0,30.0,55.0
2013-01-20,CHO,NOX,1,146.0,49.92465753424658,52.15125027316527,8.0,18.0,32.0,60.0,302.0
2013-01-20,CHO,O3,1,146.0,26.636986301369863,23.551815256779378,1.0,4.25,20.5,45.0,79.0
2013-01-20,CHO,SO2,1,146.0,4.616438356164384,3.1409646529921735,1.0,2.0,4.0,6.0,15.0
2013-01-20,COY,NO,1,160.0,25.3375,31.432044598990938,1.0,4.0,12.5,36.5,175.0
2013-01-20,COY,NO2,1,160.0,36.575,16.01985795993846,10.0,26.75,36.0,43.25,98.0
2013-01-20,COY,NOX,1,160.0,61.9625,39.84212357945738,13.0,31.0,51.0,84.25,216.0
2013-01-20,COY,O3,1,160.0,24.31875,25.013800436242228,2.0,3.75,13.5,40.25,103.0
2013-01-20,COY,PM2.5,2,141.0,31.73049645390071,13.969803880729991,11.0,23.0,28.0,38.0,83.0
2013-01-20,CUA,CO,15,153.0,0.8686274509803922,0.45298288980050055,0.2,0.6,0.8,1.1,2.8
2013-01-20,CUA,NO,1,153.0,19.235294117647058,30.380214455144262,0.0,3.0,6.0,24.0,188.0
2013-01-20,CUA,NO2,1,153.0,30.26143790849673,15.369044093237202,5.0,19.0,29.0,40.0,82.0
2013-01-20,CUA,NOX,1,153.0,49.568627450980394,39.30360314035142,5.0,23.0,40.0,68.0,237.0
2013-01-20,CUA,O3,1,156.0,31.858974358974358,25.38921506313102,1.0,11.0,28.0,47.0,113.0
2013-01-20,CUA,SO2,1,153.0,15.117647058823529,16.40721165912247,1.0,4.0,10.0,18.0,82.0
2013-01-20,CUT,NO,1,161.0,27.714285714285715,41.07575753583683,0.0,1.0,6.0,37.0,201.0
2013-01-20,CUT,NO2,1,161.0,27.29192546583851,13.248886628483538,8.0,15.0,26.0,36.0,71.0
2013-01-20,CUT,NOX,1,161.0,54.98136645962733,48.462288437723586,8.0,18.0,39.0,75.0,234.0
2013-01-20,CUT,PM10,2,46.0,87.52173913043478,33.944228198904796,48.0,65.0,75.5,100.0,183.0
2013-01-20,CUT,SO2,1,161.0,25.677018633540374,41.600270805078914,0.0,2.0,7.0,31.0,260.0
2013-01-20,FAC,CO,15,159.0,1.1396226415094335,0.770748351445703,0.2,0.7,0.9,1.35,4.5
2013-01-20,FAC,NO,1,159.0,39.42138364779874,58.79522322453388,0.0,6.0,15.0,43.0,338.0
2013-01-20,FAC,NO2,1,159.0,38.672955974842765,16.47379847344319,8.0,29.0,37.0,45.5,90.0
2013-01-20,FAC,NOX,1,159.0,78.1006289308176,63.96114276974787,8.0,38.5,56.0,90.0,371.0
2013-01-20,FAC,O3,1,159.0,27.037735849056602,28.591378445668774,1.0,4.0,18.0,39.0,126.0
2013-01-20,FAC,PM10,2,156.0,59.84615384615385,32.512658347997295,3.0,38.75,54.0,80.25,207.0
2013-01-20,FAC,SO2,1,159.0,22.358490566037737,24.795182009248208,2.0,5.0,12.0,26.5,118.0
2013-01-20,HGM,CO,15,156.0,1.05448717948718,0.4695011695636879,0.3,0.7,0.9,1.225,2.3
2013-01-20,HGM,NO,1,156.0,25.94871794871795,30.44419429197751,0.0,5.0,13.0,35.0,145.0
2013-01-20,HGM,NO2,1,156.0,43.58974358974359,14.863191944280986,18.0,35.0,41.0,48.0,106.0
2013-01-20,HGM,NOX,1,156.0,69.53846153846153,38.12194095444242,18.0,41.75,55.0,85.25,189.0
2013-01-20,HGM,O3,1,156.0,23.641025641025642,26.293369388117284,0.0,2.0,12.0,40.25,113.0
2013-01-20,HGM,PM10,2,153.0,63.61437908496732,30.80288011632374,16.0,43.0,57.0,75.0,156.0
2013-01-20,HGM,PM2.5,2,153.0,28.431372549019606,17.626521847653912,1.0,18.0,25.0,33.0,95.0
2013-01-20,HGM,PMCO,2,153.0,35.169934640522875,21.542427797034318,4.0,22.0,32.0,40.0,128.0
2013-01-20,HGM,SO2,1,156.0,18.03205128205128,19.210353348262366,2.0,2.0,10.5,27.0,81.0
2013-01-20,IZT,CO,15,159.0,0.9371069182389937,0.5162613236713781,0.3,0.5,0.8,1.2,2.6
2013-01-20,IZT,NO,1,159.0,28.232704402515722,33.60458734668798,2.0,6.0,13.0,34.5,149.0
2013-01-20,IZT,NO2,1,159.0,39.496855345911946,14.646844484041678,13.0,30.0,37.0,46.5,88.0
2013-01-20,IZT,NOX,1,159.0,67.72327044025157,39.78182778792244,17.0,37.0,53.0,88.5,205.0
2013-01-20,IZT,O3,1,159.0,23.830188679245282,26.695471466142305,0.0,3.0,11.0,39.0,109.0
2013-01-20,IZT,PM10,2,158.0,49.96835443037975,18.66138793934213,17.0,37.0,46.0,60.0,133.0
2013-01-20,IZT,SO2,1,159.0,12.842767295597485,15.955450079214813,0.0,1.0,6.0,19.0,72.0
2013-01-20,LLA,CO,15,0.0,,,,,,,
2013-01-20,LLA,NO,1,146.0,40.47260273972603,65.03847086524536,0.0,6.0,15.0,43.75,331.0
2013-01-20,LLA,NO2,1,146.0,34.33561643835616,11.993260979722237,9.0,26.0,36.5,42.0,71.0
2013-01-20,LLA,NOX,1,146.0,74.8082191780822,70.64845607493714,9.0,33.25,51.5,88.0,367.0
2013-01-20,LLA,O3,1,122.0,24.475409836065573,27.132735592633065,0.0,3.0,15.0,39.0,120.0
2013-01-20,LLA,SO2,1,146.0,13.842465753424657,15.870461982352683,1.0,3.0,7.0,20.0,84.0
2013-01-20,LPR,CO,15,161.0,0.8111801242236024,0.7172860124124014,0.0,0.3,0.6,1.2,3.8
2013-01-20,LPR,NO,1,161.0,31.453416149068325,39.88545322397613,0.0,7.0,14.0,38.0,243.0
2013-01-20,LPR,NO2,1,161.0,40.15527950310559,18.557195035285908,10.0,28.0,39.0,46.0,110.0
2013-01-20,LPR,NOX,1,161.0,71.5776397515528,50.99848524117564,12.0,37.0,56.0,90.0,293.0
2013-01-20,LPR,O3,1,161.0,28.975155279503106,27.330145972570065,2.0,5.0,21.0,45.0,122.0
2013-01-20,LPR,SO2,1,161.0,11.726708074534162,11.385839658123457,1.0,2.0,6.0,20.0,52.0
2013-01-20,MER,CO,15,156.0,1.1769230769230767,0.6809714269829865,0.4,0.7,1.0,1.4,3.9
2013-01-20,MER,NO,1,156.0,39.81410256410256,47.25316913586814,1.0,8.75,22.5,50.0,230.0
2013-01-20,MER,NO2,1,156.0,45.37820512820513,14.571444876535374,16.0,37.0,43.0,51.0,105.0
2013-01-20,MER,NOX,1,156.0,85.1923076923077,52.67013788018421,19.0,48.0,70.0,107.25,272.0
2013-01-20,MER,O3,1,156.0,21.83974358974359,25.409547810494953,1.0,2.0,9.0,34.25,101.0
2013-01-20,MER,PM10,2,161.0,65.7080745341615,26.53997921804782,25.0,48.0,61.0,79.0,159.0
2013-01-20,MER,PM2.5,2,161.0,25.490683229813666,12.115134136908244,5.0,18.0,23.0,30.0,80.0
2013-01-20,MER,PMCO,2,161.0,40.18633540372671,20.310159086324298,13.0,27.0,37.0,48.0,148.0
2013-01-20,MER,SO2,1,156.0,16.48076923076923,19.51954228503757,0.0,2.75,7.5,24.0,84.0
2013-01-20,MON,CO,15,0.0,,,,,,,
2013-01-20,MON,NO,1,161.0,16.043478260869566,35.77924465141892,0.0,1.0,1.0,12.0,211.0
2013-01-20,MON,NO2,1,161.0,17.08695652173913,8.553063270217741,4.0,10.0,16.0,23.0,48.0
2013-01-20,MON,NOX,1,161.0,33.099378881987576,40.83276946414241,5.0,11.0,17.0,36.0,245.0
2013-01-20,MON,O3,1,161.0,31.546583850931675,24.259263774525138,1.0,8.0,29.0,48.0,95.0
2013-01-20,MON,SO2,1,0.0,,,,,,,
2013-01-20,NEZ,CO,15,159.0,1.0830188679245285,0.6802091587458576,0.5,0.7,0.9,1.2,4.9
2013-01-20,NEZ,NO,1,159.0,20.943396226415093,41.4177918845896,1.0,3.0,6.0,19.0,271.0
2013-01-20,NEZ,NO2,1,159.0,31.37735849056604,12.46853216076732,8.0,22.0,32.0,39.0,80.0
2013-01-20,NEZ,NOX,1,159.0,52.301886792452834,47.89555550282103,10.0,26.5,40.0,60.0,314.0
2013-01-20,NEZ,O3,1,159.0,27.32704402515723,24.375879563577794,1.0,8.0,19.0,44.0,98.0
2013-01-20,NEZ,PM2.5,2,159.0,24.28301886792453,10.465816614628507,7.0,17.0,22.0,29.0,61.0
2013-01-20,NEZ,SO2,1,159.0,7.427672955974843,7.641044331414633,1.0,2.0,5.0,9.0,35.0
2013-01-20,PED,CO,15,144.0,0.7131944444444444,0.4050807616579976,0.1,0.4,0.6,0.9,2.1
2013-01-20,PED,NO,1,155.0,20.65806451612903,28.703915907718397,1.0,3.0,7.0,29.5,159.0
2013-01-20,PED,NO2,1,155.0,35.86451612903226,17.81473103388887,8.0,22.5,35.0,44.5,103.0
2013-01-20,PED,NOX,1,155.0,56.6,38.31323395517396,10.0,25.5,45.0,82.5,203.0
2013-01-20,PED,O3,1,106.0,32.698113207547166,28.551764122403142,3.0,11.0,24.0,47.0,116.0
2013-01-20,PED,PM10,2,142.0,69.71126760563381,32.029149176388366,8.0,49.0,63.0,85.0,182.0
2013-01-20,PED,PM2.5,2,142.0,31.788732394366196,17.32453308486928,1.0,19.0,29.0,41.0,91.0
2013-01-20,PED,PMCO,2,142.0,37.91549295774648,21.161484133873426,6.0,25.25,36.0,47.0,131.0
2013-01-20,PED,SO2,1,156.0,12.371794871794872,15.481609464017648,0.0,3.0,7.0,15.0,81.0
2013-01-20,SAG,CO,15,0.0,,,,,,,
2013-01-20,SAG,NO,1,0.0,,,,,,,
2013-01-20,SAG,NO2,1,0.0,,,,,,,
2013-01-20,SAG,NOX,1,0.0,,,,,,,
2013-01-20,SAG,O3,1,0.0,,,,,,,
2013-01-20,SAG,PM10,2,145.0,72.48275862068965,33.862693223327135,20.0,50.0,64.0,91.0,210.0
2013-01-20,SAG,PM2.5,2,145.0,26.255172413793105,12.726164708946436,4.0,17.0,25.0,32.0,79.0
2013-01-20,SAG,PMCO,2,145.0,46.206896551724135,27.49744850580689,10.0,28.0,39.0,59.0,186.0
2013-01-20,SAG,SO2,1,0.0,,,,,,,
2013-01-20,SFE,CO,15,152.0,0.6717105263157893,0.3300447015996859,0.2,0.4,0.6,0.9,1.7
2013-01-20,SFE,NO,1,154.0,15.987012987012987,22.412352748547402,1.0,2.0,5.5,21.75,129.0
2013-01-20,SFE,NO2,1,154.0,34.83766233766234,15.448193320015097,8.0,23.0,33.0,43.0,97.0
2013-01-20,SFE,NOX,1,154.0,50.87662337662338,31.254872126776494,9.0,26.25,42.0,70.5,172.0
2013-01-20,SFE,O3,1,154.0,30.07792207792208,26.7712489588629,1.0,9.0,21.0,46.75,113.0
2013-01-20,SFE,PM10,2,150.0,50.02,27.482140631531504,9.0,28.25,43.5,64.75,129.0
2013-01-20,SFE,PM2.5,2,150.0,24.433333333333334,15.307328887607339,2.0,13.0,20.0,33.75,78.0
2013-01-20,SFE,PMCO,2,150.0,25.6,15.389353942420744,5.0,14.0,23.5,34.0,100.0
2013-01-20,SFE,SO2,1,154.0,11.545454545454545,15.197648127771862,0.0,2.0,7.0,14.0,76.0
2013-01-20,SJA,CO,15,161.0,0.8689440993788818,0.6980540832239224,0.2,0.4,0.7,1.1,4.1
2013-01-20,SJA,NO,1,161.0,40.962732919254655,60.94709675189187,0.0,3.0,17.0,55.0,343.0
2013-01-20,SJA,NO2,1,161.0,41.41614906832298,14.813658818051662,15.0,34.0,39.0,50.0,84.0
2013-01-20,SJA,NOX,1,161.0,82.36024844720497,65.60083391190915,16.0,37.0,70.0,101.0,388.0
2013-01-20,SJA,O3,1,161.0,23.229813664596275,27.459116984893406,1.0,2.0,9.0,41.0,106.0
2013-01-20,SJA,PM2.5,2,160.0,24.5,10.459265099188103,6.0,17.0,24.0,29.0,59.0
2013-01-20,SJA,SO2,1,161.0,14.385093167701863,13.47871568056525,4.0,6.0,9.0,18.0,82.0
2013-01-20,SUR,CO,15,159.0,0.8603773584905657,0.5112678294281467,0.1,0.5,0.8,1.2,2.8
2013-01-20,SUR,NO,1,159.0,19.955974842767297,27.292913234198547,0.0,1.5,8.0,29.0,158.0
2013-01-20,SUR,NO2,1,159.0,39.471698113207545,16.166386177339376,11.0,29.0,39.0,49.5,114.0
2013-01-20,SUR,NOX,1,159.0,59.38993710691824,36.085852613687514,12.0,32.5,53.0,79.0,200.0
2013-01-20,SUR,O3,1,159.0,24.044025157232703,25.16486044898887,1.0,4.0,14.0,40.0,95.0
2013-01-20,SUR,PM10,2,154.0,57.16883116883117,29.069851686176133,1.0,36.0,51.5,71.0,154.0
2013-01-20,SUR,SO2,1,159.0,13.144654088050315,14.930572016303259,2.0,3.0,8.0,15.0,75.0
2013-01-20,TAH,CO,15,128.0,0.8992187499999998,0.4385904576788339,0.4,0.6,0.8,1.0,3.2
2013-01-20,TAH,NO,1,157.0,7.802547770700637,14.20565050561809,0.0,0.0,2.0,8.0,93.0
2013-01-20,TAH,NO2,1,157.0,26.05732484076433,11.956246108322475,3.0,17.0,27.0,35.0,55.0
2013-01-20,TAH,NOX,1,157.0,33.789808917197455,21.407233335156064,4.0,18.0,32.0,44.0,129.0
2013-01-20,TAH,O3,1,157.0,32.452229299363054,26.49635820643084,1.0,10.0,21.0,57.0,91.0
2013-01-20,TAH,PM10,2,157.0,70.43312101910828,43.60108706674557,13.0,47.0,61.0,87.0,347.0
2013-01-20,TAH,SO2,1,157.0,7.713375796178344,6.174856954030902,1.0,4.0,5.0,9.0,36.0
2013-01-20,TLA,CO,15,156.0,1.0762820512820508,0.6410789473286603,0.2,0.7,0.9,1.4,4.0
2013-01-20,TLA,NO,1,156.0,43.26923076923077,55.54089991416625,1.0,12.0,21.0,51.5,358.0
2013-01-20,TLA,NO2,1,156.0,41.12820512820513,13.481991787718265,14.0,32.0,39.0,48.25,82.0
2013-01-20,TLA,NOX,1,156.0,84.34615384615384,60.9050719691166,17.0,44.0,64.5,105.5,415.0
2013-01-20,TLA,O3,1,156.0,23.237179487179485,27.078169323808932,1.0,3.0,13.0,37.0,122.0
2013-01-20,TLA,PM10,2,152.0,76.65131578947368,37.29695757853244,16.0,52.75,71.0,99.25,268.0
2013-01-20,TLA,PM2.5,2,152.0,33.223684210526315,17.410964562566726,2.0,20.0,31.0,45.0,90.0
2013-01-20,TLA,PMCO,2,152.0,43.38157894736842,26.669409569053787,6.0,27.0,39.0,53.0,223.0
2013-01-20,TLA,SO2,1,156.0,25.69871794871795,34.284280207020274,1.0,4.0,10.5,37.25,199.0
2013-01-20,TLI,CO,15,149.0,0.7489932885906038,0.5485382848577232,0.1,0.4,0.6,0.9,2.9
2013-01-20,TLI,NO,1,149.0,31.74496644295302,52.48644025177282,0.0,2.0,7.0,38.0,264.0
2013-01-20,TLI,NO2,1,149.0,34.18791946308725,13.264649793930943,12.0,25.0,33.0,41.0,87.0
2013-01-20,TLI,NOX,1,149.0,65.95302013422818,61.13878049717726,13.0,27.0,39.0,75.0,304.0
2013-01-20,TLI,O3,1,149.0,24.966442953020135,27.081562519140995,1.0,3.0,16.0,38.0,126.0
2013-01-20,TLI,PM10,2,146.0,64.61643835616438,36.51324941838615,4.0,39.25,59.0,80.75,187.0
2013-01-20,TLI,SO2,1,149.0,30.006711409395972,42.16817947289216,2.0,4.0,10.0,43.0,226.0
2013-01-20,TPN,CO,15,0.0,,,,,,,
2013-01-20,TPN,NO,1,161.0,13.099378881987578,15.7409517536838,0.0,2.0,7.0,19.0,98.0
2013-01-20,TPN,NO2,1,161.0,25.211180124223603,18.261438175116513,0.0,9.0,21.0,38.0,71.0
2013-01-20,TPN,NOX,1,161.0,38.32919254658385,30.40677893116836,1.0,13.0,29.0,62.0,157.0
2013-01-20,TPN,O3,1,161.0,33.27329192546584,24.002600790758006,2.0,17.0,25.0,51.0,99.0
2013-01-20,TPN,SO2,1,160.0,6.825,9.766809409307417,0.0,1.0,3.0,8.0,60.0
2013-01-20,UAX,CO,15,156.0,0.8557692307692306,0.388253389926066,0.3,0.6,0.8,1.1,2.2
2013-01-20,UAX,NO,1,156.0,16.756410256410255,21.015316010724266,1.0,2.0,6.0,27.0,96.0
2013-01-20,UAX,NO2,1,156.0,33.71153846153846,15.545981584458337,5.0,23.0,33.0,43.0,108.0
2013-01-20,UAX,NOX,1,156.0,50.455128205128204,30.415476312862445,7.0,25.0,41.5,70.25,131.0
2013-01-20,UAX,O3,1,156.0,30.775641025641026,29.671659926809642,0.0,4.0,20.0,53.5,110.0
2013-01-20,UAX,PM2.5,2,161.0,24.906832298136646,10.734175120983926,5.0,17.0,23.0,31.0,61.0
2013-01-20,UAX,SO2,1,156.0,9.237179487179487,11.694008490420565,1.0,1.0,5.0,12.0,59.0
2013-01-20,UIZ,CO,15,160.0,1.033125,0.6103635245290067,0.2,0.6,0.9,1.2,4.0
2013-01-20,UIZ,NO,1,160.0,23.09375,34.38842076490868,0.0,2.0,8.5,29.0,211.0
2013-01-20,UIZ,NO2,1,160.0,38.0875,14.60739344976462,9.0,27.75,40.0,45.0,82.0
2013-01-20,UIZ,NOX,1,160.0,61.175,42.79489624539459,11.0,30.0,50.0,80.0,268.0
2013-01-20,UIZ,O3,1,160.0,24.86875,23.940997145892283,0.0,5.0,15.5,44.25,94.0
2013-01-20,UIZ,PM10,2,159.0,60.0188679245283,23.234759997211412,18.0,41.5,57.0,73.0,120.0
2013-01-20,UIZ,PM2.5,2,159.0,27.18238993710692,12.447283952587961,8.0,18.0,24.0,33.5,67.0
2013-01-20,UIZ,PMCO,2,159.0,32.77987421383648,15.435307133749944,10.0,22.5,31.0,39.5,96.0
2013-01-20,UIZ,SO2,1,160.0,10.4625,13.530253777945097,1.0,2.0,5.0,11.25,66.0
2013-01-20,VIF,CO,15,161.0,0.7745341614906831,0.5015325890589751,0.2,0.4,0.6,1.0,2.9
2013-01-20,VIF,NO,1,161.0,19.770186335403725,29.197869881038606,1.0,3.0,6.0,26.0,156.0
2013-01-20,VIF,NO2,1,161.0,25.81366459627329,10.832938756948701,8.0,16.0,25.0,33.0,53.0
2013-01-20,VIF,NOX,1,161.0,45.590062111801245,34.913548954827235,11.0,19.0,35.0,61.0,179.0
2013-01-20,VIF,O3,1,161.0,25.96273291925466,25.970148295388544,1.0,3.0,18.0,38.0,110.0
2013-01-20,VIF,PM10,2,159.0,84.99371069182389,45.282306720908146,6.0,59.5,81.0,104.5,370.0
2013-01-20,VIF,SO2,1,161.0,21.53416149068323,31.78502616325425,2.0,4.0,8.0,24.0,203.0
2013-01-20,XAL,CO,15,142.0,1.1330985915492962,0.7868351031648687,0.2,0.6,0.9,1.4,4.2
2013-01-20,XAL,NO,1,142.0,54.232394366197184,65.59002967530897,3.0,13.0,24.0,71.0,354.0
2013-01-20,XAL,NO2,1,142.0,41.401408450704224,15.635048761524448,16.0,31.25,39.0,47.75,95.0
2013-01-20,XAL,NOX,1,142.0,95.77464788732394,71.09232777891067,20.0,45.25,71.0,122.0,390.0
2013-01-20,XAL,O3,1,142.0,24.535211267605632,23.62762596665813,1.0,4.0,17.0,40.0,103.0
2013-01-20,XAL,PM10,2,158.0,81.4493670886076,35.86076177754261,15.0,58.0,75.0,99.5,233.0
2013-01-20,XAL,PM2.5,2,158.0,35.4873417721519,18.484539017723282,2.0,22.25,32.0,44.5,86.0
2013-01-20,XAL,PMCO,2,158.0,45.9746835443038,24.02651119794711,13.0,32.0,41.0,58.75,215.0
2013-01-20,XAL,SO2,1,142.0,15.464788732394366,15.595808662181959,2.0,5.0,9.0,22.0,95.0
2013-01-27,ACO,CO,15,147.0,0.22993197278911562,0.17572353986842407,0.0,0.1,0.2,0.3,0.7
2013-01-27,ACO,NO,1,147.0,9.945578231292517,11.708668088054893,1.0,3.0,4.0,11.5,63.0
2013-01-27,ACO,NO2,1,147.0,16.401360544217688,7.105525405409915,4.0,10.5,16.0,21.5,32.0
2013-01-27,ACO,NOX,1,147.0,26.408163265306122,16.648976726974958,6.0,14.0,21.0,33.5,96.0
2013-01-27,ACO,O3,1,147.0,28.91156462585034,25.378754238797075,1.0,7.0,22.0,42.0,105.0
2013-01-27,ACO,PM10,2,154.0,44.62987012987013,19.66482254521148,13.0,30.0,41.0,57.75,134.0
2013-01-27,ACO,SO2,1,147.0,3.9863945578231292,4.715155388362995,1.0,2.0,2.0,4.5,40.0
2013-01-27,ATI,CO,15,46.0,1.0847826086956525,0.47979967639484605,0.4,0.725,0.95,1.3,2.8
2013-01-27,ATI,NO,1,156.0,16.083333333333332,26.42285382582802,1.0,3.0,7.0,16.0,174.0
2013-01-27,ATI,NO2,1,156.0,28.21153846153846,11.48463748940415,6.0,21.0,27.0,33.0,63.0
2013-01-27,ATI,NOX,1,156.0,44.25,31.147438148679363,8.0,25.75,35.5,51.5,198.0
2013-01-27,ATI,O3,1,46.0,33.43478260869565,30.006408333267775,1.0,9.25,21.5,55.25,103.0
2013-01-27,ATI,SO2,1,156.0,13.057692307692308,13.35096487252121,1.0,4.0,9.0,16.0,70.0
2013-01-27,CAM,CO,15,161.0,1.0298136645962734,0.46176897910330855,0.4,0.7,0.9,1.3,2.5
2013-01-27,CAM,NO,1,161.0,38.17391304347826,39.52966689990432,4.0,12.0,23.0,48.0,188.0
2013-01-27,CAM,NO2,1,161.0,39.857142857142854,14.064075308590834,14.0,31.0,38.0,45.0,95.0
2013-01-27,CAM,NOX,1,161.0,78.0,44.3353696274205,21.0,46.0,66.0,100.0,234.0
2013-01-27,CAM,O3,1,161.0,17.496894409937887,22.661675860249858,1.0,2.0,6.0,26.0,87.0
2013-01-27,CAM,PM10,2,161.0,57.316770186335404,16.843181988659552,27.0,44.0,56.0,69.0,101.0
2013-01-27,CAM,PM2.5,2,161.0,32.099378881987576,12.741273959530153,9.0,22.0,29.0,40.0,69.0
2013-01-27,CAM,PMCO,2,161.0,25.29192546583851,8.916725682357283,9.0,19.0,25.0,31.0,56.0
2013-01-27,CAM,SO2,1,161.0,16.540372670807454,25.979557778381224,0.0,3.0,7.0,15.0,165.0
2013-01-27,CHO,CO,15,0.0,,,,,,,
2013-01-27,CHO,NO,1,75.0,28.666666666666668,46.30519594139703,1.0,4.0,9.0,29.0,261.0
2013-01-27,CHO,NO2,1,75.0,22.013333333333332,9.885142185929146,5.0,16.5,21.0,26.0,55.0
2013-01-27,CHO,NOX,1,75.0,50.72,49.936868251931976,7.0,21.5,32.0,63.0,293.0
2013-01-27,CHO,O3,1,75.0,16.133333333333333,17.460637842698468,0.0,2.5,6.0,27.0,64.0
2013-01-27,CHO,SO2,1,75.0,5.56,11.633177158919695,0.0,1.0,2.0,4.0,60.0
2013-01-27,COY,NO,1,161.0,25.080745341614907,27.704010349424035,1.0,5.0,13.0,39.0,131.0
2013-01-27,COY,NO2,1,161.0,35.47204968944099,14.430030367172327,10.0,27.0,34.0,41.0,93.0
2013-01-27,COY,NOX,1,161.0,60.546583850931675,35.12975062368061,12.0,34.0,53.0,79.0,162.0
2013-01-27,COY,O3,1,161.0,21.67080745341615,24.273899665462576,2.0,4.0,12.0,29.0,100.0
2013-01-27,COY,PM2.5,2,161.0,33.254658385093165,12.02771772984467,12.0,24.0,30.0,42.0,66.0
2013-01-27,CUA,CO,15,154.0,0.7922077922077917,0.4026923228309538,0.3,0.6,0.7,1.0,3.3
2013-01-27,CUA,NO,1,154.0,18.467532467532468,34.70946996113017,1.0,4.0,7.5,19.0,274.0
2013-01-27,CUA,NO2,1,154.0,27.81168831168831,11.660093095133616,7.0,20.0,26.0,33.75,78.0
2013-01-27,CUA,NOX,1,154.0,46.311688311688314,39.716235214514406,8.0,25.0,35.0,57.0,306.0
2013-01-27,CUA,O3,1,154.0,27.11038961038961,23.602249169523724,1.0,8.0,21.0,38.0,102.0
2013-01-27,CUA,SO2,1,154.0,12.954545454545455,12.873614353555267,2.0,6.0,8.0,14.0,78.0
2013-01-27,CUT,NO,1,150.0,24.366666666666667,34.33538036077386,0.0,1.0,7.0,38.0,164.0
2013-01-27,CUT,NO2,1,150.0,24.606666666666666,9.795147865153629,5.0,18.25,25.0,32.0,55.0
2013-01-27,CUT,NOX,1,150.0,48.973333333333336,38.879774536498395,6.0,21.0,36.5,69.75,199.0
2013-01-27,CUT,O3,1,89.0,27.93258426966292,32.03222729207435,0.0,1.0,13.0,55.0,105.0
2013-01-27,CUT,PM10,2,157.0,73.01273885350318,34.03015014266977,10.0,53.0,67.0,94.0,190.0
2013-01-27,CUT,SO2,1,150.0,11.053333333333333,19.496957830729524,0.0,2.0,3.0,9.0,151.0
2013-01-27,FAC,CO,15,105.0,0.9552380952380947,0.6038308716948164,0.3,0.6,0.8,1.1,3.3
2013-01-27,FAC,NO,1,105.0,28.885714285714286,41.315464204309535,0.0,5.0,14.0,28.0,220.0
2013-01-27,FAC,NO2,1,105.0,29.942857142857143,15.15232183999723,6.0,21.0,28.0,34.0,98.0
2013-01-27,FAC,NOX,1,105.0,58.76190476190476,47.74723588647342,6.0,27.0,42.0,68.0,242.0
2013-01-27,FAC,O3,1,105.0,17.904761904761905,14.321530194299319,1.0,6.0,16.0,26.0,59.0
2013-01-27,FAC,PM10,2,105.0,44.76190476190476,21.22023880163781,5.0,30.0,44.0,58.0,123.0
2013-01-27,FAC,SO2,1,105.0,19.447619047619046,20.382392926051175,3.0,6.0,13.0,24.0,130.0
2013-01-27,HGM,CO,15,156.0,1.1275641025641026,0.4906314191047467,0.5,0.7,1.0,1.4249999999999998,2.9
2013-01-27,HGM,NO,1,156.0,31.173076923076923,32.78751994311022,1.0,8.0,15.5,50.0,133.0
2013-01-27,HGM,NO2,1,156.0,42.455128205128204,15.018415770031199,18.0,33.0,39.5,47.0,89.0
2013-01-27,HGM,NOX,1,156.0,73.63461538461539,39.98259081448091,18.0,44.0,62.5,96.0,196.0
2013-01-27,HGM,O3,1,156.0,20.102564102564102,25.404134661489454,0.0,2.0,8.5,28.5,97.0
2013-01-27,HGM,PM10,2,155.0,60.94838709677419,21.626340825750447,21.0,46.0,59.0,74.0,139.0
2013-01-27,HGM,PM2.5,2,155.0,31.55483870967742,17.643711191715692,1.0,20.0,28.0,41.0,97.0
2013-01-27,HGM,PMCO,2,155.0,29.34193548387097,10.247228773101446,9.0,22.5,28.0,37.0,60.0
2013-01-27,HGM,SO2,1,156.0,14.365384615384615,20.556165871460262,2.0,5.0,7.0,15.0,142.0
2013-01-27,IZT,CO,15,144.0,0.9729166666666664,0.551947442263282,0.2,0.5,0.9,1.3,2.7
2013-01-27,IZT,NO,1,144.0,34.19444444444444,38.41843194322112,2.0,9.0,18.0,49.25,207.0
2013-01-27,IZT,NO2,1,144.0,37.611111111111114,12.159264280691817,12.0,30.0,36.0,44.0,76.0
2013-01-27,IZT,NOX,1,144.0,71.86805555555556,43.1117018053838,14.0,40.0,62.0,93.0,248.0
2013-01-27,IZT,O3,1,144.0,17.72222222222222,24.364207510498,0.0,2.0,6.5,27.0,105.0
2013-01-27,IZT,PM10,2,144.0,48.625,12.778847798176134,21.0,39.75,49.0,57.0,93.0
2013-01-27,IZT,SO2,1,144.0,13.347222222222221,26.648795730920263,1.0,3.0,5.0,11.0,223.0
2013-01-27,LLA,CO,15,0.0,,,,,,,
2013-01-27,LLA,NO,1,161.0,34.559006211180126,42.28827330367382,0.0,6.0,19.0,46.0,232.0
2013-01-27,LLA,NO2,1,161.0,30.73913043478261,10.812331928826936,10.0,24.0,31.0,36.0,66.0
2013-01-27,LLA,NOX,1,161.0,65.38509316770187,47.56562074016814,12.0,29.0,58.0,83.0,272.0
2013-01-27,LLA,O3,1,150.0,21.6,25.876578511005697,0.0,1.0,11.0,34.75,106.0
2013-01-27,LLA,SO2,1,161.0,18.683229813664596,44.46718205039652,1.0,2.0,5.0,10.0,224.0
2013-01-27,LPR,CO,15,153.0,0.8366013071895426,0.7876306603374088,0.0,0.3,0.5,1.3,3.6
2013-01-27,LPR,NO,1,153.0,35.849673202614376,43.5371546168252,0.0,7.0,17.0,56.0,250.0
2013-01-27,LPR,NO2,1,153.0,34.6078431372549,17.063054615670005,7.0,24.0,32.0,41.0,98.0
2013-01-27,LPR,NOX,1,153.0,70.42483660130719,53.78731175101389,7.0,31.0,53.0,100.0,291.0
2013-01-27,LPR,O3,1,153.0,25.69934640522876,25.179640106359596,2.0,4.0,18.0,36.0,104.0
2013-01-27,LPR,SO2,1,153.0,11.555555555555555,22.669214253118756,1.0,2.0,4.0,8.0,116.0
2013-01-27,MER,CO,15,152.0,1.1513157894736836,0.5549281729197348,0.4,0.7,1.0,1.4,3.1
2013-01-27,MER,NO,1,156.0,42.756410256410255,43.302443020535605,0.0,12.0,26.5,56.5,198.0
2013-01-27,MER,NO2,1,156.0,42.583333333333336,13.563213213990702,13.0,33.0,41.0,48.0,82.0
2013-01-27,MER,NOX,1,156.0,85.39102564102564,48.67596263348175,14.0,49.75,74.0,105.0,242.0
2013-01-27,MER,O3,1,156.0,18.923076923076923,23.430208915549663,1.0,2.0,8.0,29.75,91.0
2013-01-27,MER,PM10,2,135.0,65.86666666666666,18.218327658887006,25.0,54.5,68.0,79.0,112.0
2013-01-27,MER,PM2.5,2,135.0,28.644444444444446,10.737343585062437,5.0,20.0,27.0,36.0,56.0
2013-01-27,MER,PMCO,2,135.0,37.15555555555556,13.2027058887968,8.0,27.5,37.0,44.5,68.0
2013-01-27,MER,SO2,1,156.0,14.346153846153847,28.38733335114593,0.0,3.0,6.0,11.25,226.0
2013-01-27,MON,CO,15,0.0,,,,,,,
2013-01-27,MON,NO,1,152.0,18.894736842105264,33.675734163540795,0.0,1.0,3.0,23.25,204.0
2013-01-27,MON,NO2,1,152.0,17.585526315789473,8.94089797921884,3.0,10.0,16.0,23.25,47.0
2013-01-27,MON,NOX,1,152.0,36.55263157894737,38.590873140130846,3.0,11.0,20.5,47.5,237.0
2013-01-27,MON,O3,1,151.0,28.105960264900663,27.872125219265406,1.0,3.5,20.0,42.0,113.0
2013-01-27,MON,SO2,1,0.0,,,,,,,
2013-01-27,NEZ,CO,15,160.0,1.1431250000000004,0.4857234602880675,0.5,0.8,1.0,1.4,3.4
2013-01-27,NEZ,NO,1,160.0,21.0375,25.549037200779075,1.0,5.0,9.0,28.25,134.0
2013-01-27,NEZ,NO2,1,160.0,32.33125,13.85083240011591,9.0,22.0,30.5,39.0,76.0
2013-01-27,NEZ,NOX,1,160.0,53.33125,33.66141472361149,10.0,29.0,41.0,75.25,182.0
2013-01-27,NEZ,O3,1,160.0,24.90625,26.361969194491536,1.0,4.0,15.0,38.0,108.0
2013-01-27,NEZ,PM2.5,2,160.0,26.8,10.833676820872935,9.0,19.0,25.5,33.25,64.0
2013-01-27,NEZ,SO2,1,160.0,11.71875,25.985039690865378,0.0,2.0,5.0,8.0,253.0
2013-01-27,PED,CO,15,155.0,0.6058064516129036,0.313596380030918,0.1,0.4,0.5,0.8,1.5
2013-01-27,PED,NO,1,155.0,16.322580645161292,20.034040992566393,1.0,3.0,9.0,21.0,116.0
2013-01-27,PED,NO2,1,155.0,34.354838709677416,13.834242259783798,11.0,24.0,33.0,42.0,76.0
2013-01-27,PED,NOX,1,155.0,50.696774193548386,27.729531867280958,12.0,30.5,46.0,65.5,158.0
2013-01-27,PED,O3,1,144.0,30.13888888888889,26.049874464111326,3.0,9.0,24.0,39.25,114.0
2013-01-27,PED,PM10,2,143.0,60.80419580419581,19.9503816692845,15.0,45.5,59.0,76.0,106.0
2013-01-27,PED,PM2.5,2,143.0,31.0,14.9426132299824,2.0,18.5,31.0,42.5,71.0
2013-01-27,PED,PMCO,2,143.0,29.804195804195803,11.161590793064104,7.0,22.0,29.0,36.0,63.0
2013-01-27,PED,SO2,1,155.0,12.6,20.54820117257401,1.0,4.0,6.0,10.5,151.0
2013-01-27,SAG,CO,15,0.0,,,,,,,
2013-01-27,SAG,NO,1,0.0,,,,,,,
2013-01-27,SAG,NO2,1,0.0,,,,,,,
2013-01-27,SAG,NOX,1,0.0,,,,,,,
2013-01-27,SAG,O3,1,0.0,,,,,,,
2013-01-27,SAG,PM10,2,161.0,65.96894409937889,27.900139417270047,20.0,47.0,62.0,81.0,187.0
2013-01-27,SAG,PM2.5,2,161.0,26.546583850931675,12.060239586425618,7.0,17.0,24.0,33.0,76.0
2013-01-27,SAG,PMCO,2,161.0,39.42857142857143,19.955172977737597,8.0,27.0,37.0,47.0,140.0
2013-01-27,SAG,SO2,1,0.0,,,,,,,
2013-01-27,SFE,CO,15,156.0,0.703846153846154,0.24675562297338366,0.3,0.5,0.6499999999999999,0.9,1.6
2013-01-27,SFE,NO,1,156.0,13.916666666666666,16.039450691798145,1.0,2.75,8.0,19.0,82.0
2013-01-27,SFE,NO2,1,156.0,32.006410256410255,13.090995080279196,9.0,24.0,29.0,37.0,95.0
2013-01-27,SFE,NOX,1,156.0,45.87820512820513,23.576736196108158,10.0,27.75,39.5,59.0,126.0
2013-01-27,SFE,O3,1,154.0,26.5974025974026,25.742952454070647,1.0,8.0,19.0,36.75,109.0
2013-01-27,SFE,PM10,2,154.0,50.01948051948052,19.007212521381224,12.0,35.25,47.0,64.0,114.0
2013-01-27,SFE,PM2.5,2,154.0,29.324675324675326,14.485910719420485,1.0,20.0,28.0,37.0,95.0
2013-01-27,SFE,PMCO,2,154.0,20.681818181818183,7.719514822248161,7.0,14.0,20.5,26.0,45.0
2013-01-27,SFE,SO2,1,156.0,10.35897435897436,13.134023149917313,1.0,4.0,6.0,11.0,87.0
2013-01-27,SJA,CO,15,161.0,0.7341614906832298,0.4756713137848068,0.1,0.4,0.6,1.0,2.2
2013-01-27,SJA,NO,1,161.0,31.875776397515526,41.3050780419271,0.0,3.0,14.0,46.0,231.0
2013-01-27,SJA,NO2,1,161.0,35.7639751552795,13.25307300588731,10.0,28.0,34.0,42.0,76.0
2013-01-27,SJA,NOX,1,161.0,67.6832298136646,46.45931316219714,10.0,33.0,55.0,91.0,266.0
2013-01-27,SJA,O3,1,154.0,22.233766233766232,25.578481613858287,1.0,2.0,10.0,34.5,96.0
2013-01-27,SJA,PM2.5,2,161.0,24.88198757763975,10.255717236002793,2.0,19.0,24.0,30.0,78.0
2013-01-27,SJA,SO2,1,161.0,13.627329192546584,23.654497425377773,3.0,5.0,7.0,10.0,208.0
2013-01-27,SUR,CO,15,153.0,0.9392156862745099,0.5455845843677131,0.1,0.5,0.8,1.2,2.9
2013-01-27,SUR,NO,1,153.0,23.065359477124183,25.224432913821342,0.0,5.0,13.0,34.0,132.0
2013-01-27,SUR,NO2,1,153.0,38.12418300653595,16.232812879051124,6.0,30.0,37.0,47.0,106.0
2013-01-27,SUR,NOX,1,153.0,61.21568627450981,34.8211485149604,8.0,39.0,57.0,80.0,163.0
2013-01-27,SUR,O3,1,153.0,21.143790849673202,25.114060409893064,1.0,2.0,11.0,30.0,95.0
2013-01-27,SUR,PM10,2,154.0,48.77272727272727,23.80682681440106,1.0,33.25,46.5,64.0,141.0
2013-01-27,SUR,SO2,1,153.0,14.5359477124183,27.671481173096574,2.0,4.0,7.0,14.0,260.0
2013-01-27,TAH,CO,15,159.0,0.7836477987421384,0.3274129923723822,0.2,0.5,0.7,1.0,1.9
2013-01-27,TAH,NO,1,159.0,7.962264150943396,11.901966007394542,0.0,1.0,3.0,9.0,68.0
2013-01-27,TAH,NO2,1,159.0,28.47798742138365,12.55259138004067,5.0,20.5,28.0,35.5,71.0
2013-01-27,TAH,NOX,1,159.0,36.44025157232704,20.942836966119827,5.0,22.5,35.0,45.5,107.0
2013-01-27,TAH,O3,1,159.0,29.40251572327044,26.43600333091394,1.0,6.5,20.0,49.5,99.0
2013-01-27,TAH,PM10,2,157.0,56.5796178343949,23.456486552582305,3.0,40.0,56.0,69.0,172.0
2013-01-27,TAH,SO2,1,159.0,9.257861635220126,10.670682559449123,1.0,3.0,6.0,10.0,69.0
2013-01-27,TLA,CO,15,154.0,0.9448051948051952,0.47251824431937833,0.2,0.6,0.8,1.2,2.4
2013-01-27,TLA,NO,1,154.0,36.41558441558441,36.53285767879515,2.0,12.0,22.0,45.75,190.0
2013-01-27,TLA,NO2,1,154.0,36.214285714285715,14.251689172084234,13.0,28.0,33.0,41.0,97.0
2013-01-27,TLA,NOX,1,154.0,72.64285714285714,42.468393256283065,15.0,42.0,61.0,94.25,232.0
2013-01-27,TLA,O3,1,74.0,25.37837837837838,28.51997747443956,1.0,3.0,13.0,48.75,98.0
2013-01-27,TLA,PM10,2,158.0,62.91772151898734,24.52139717912138,10.0,46.0,58.0,76.75,137.0
2013-01-27,TLA,PM2.5,2,158.0,29.556962025316455,14.584475504582661,2.0,19.0,27.0,37.0,87.0
2013-01-27,TLA,PMCO,2,158.0,33.39873417721519,14.686941152796367,8.0,23.25,31.0,41.75,80.0
2013-01-27,TLA,SO2,1,154.0,15.525974025974026,18.031272054985187,1.0,4.0,9.0,19.0,105.0
2013-01-27,TLI,CO,15,161.0,0.7099378881987571,0.34896363867602676,0.2,0.5,0.6,0.8,2.0
2013-01-27,TLI,NO,1,161.0,21.993788819875775,30.30810471111851,0.0,4.0,9.0,26.0,142.0
2013-01-27,TLI,NO2,1,161.0,31.198757763975156,11.48793926025051,9.0,22.0,31.0,39.0,65.0
2013-01-27,TLI,NOX,1,161.0,53.16770186335404,37.228389037273146,11.0,27.0,45.0,66.0,194.0
2013-01-27,TLI,O3,1,161.0,22.658385093167702,26.204986545994952,0.0,4.0,12.0,32.0,113.0
2013-01-27,TLI,PM10,2,161.0,53.7888198757764,28.285687621544614,4.0,33.0,47.0,70.0,139.0
2013-01-27,TLI,SO2,1,161.0,19.559006211180126,30.35865706855644,2.0,4.0,9.0,21.0,174.0
2013-01-27,TPN,CO,15,0.0,,,,,,,
2013-01-27,TPN,NO,1,128.0,15.3828125,15.001900716190105,1.0,4.0,12.0,22.0,74.0
2013-01-27,TPN,NO2,1,128.0,25.265625,12.324665988670178,4.0,17.0,24.0,35.0,57.0
2013-01-27,TPN,NOX,1,128.0,40.5859375,23.566801467268267,5.0,22.75,39.0,55.5,109.0
2013-01-27,TPN,O3,1,127.0,23.118110236220474,20.069567174186393,1.0,8.5,19.0,29.0,93.0
2013-01-27,TPN,SO2,1,128.0,6.40625,8.840170928621465,0.0,1.0,3.0,7.0,42.0
2013-01-27,UAX,CO,15,147.0,0.8972789115646255,0.390108095000743,0.3,0.6,0.8,1.1,2.4
2013-01-27,UAX,NO,1,147.0,18.217687074829932,20.951842043712862,1.0,3.0,9.0,28.0,97.0
2013-01-27,UAX,NO2,1,147.0,36.04761904761905,14.711533697894733,8.0,26.5,35.0,41.0,102.0
2013-01-27,UAX,NOX,1,147.0,54.27891156462585,29.71388271842734,10.0,32.0,49.0,69.5,145.0
2013-01-27,UAX,O3,1,147.0,26.34013605442177,29.844000016212032,0.0,3.0,15.0,41.0,110.0
2013-01-27,UAX,PM2.5,2,161.0,29.142857142857142,10.492173954224846,8.0,21.0,29.0,35.0,65.0
2013-01-27,UAX,SO2,1,147.0,12.700680272108844,26.043276671878914,1.0,2.0,5.0,11.0,247.0
2013-01-27,UIZ,CO,15,158.0,1.0664556962025316,0.6022897666346526,0.0,0.625,0.9,1.475,3.7
2013-01-27,UIZ,NO,1,158.0,26.645569620253166,34.71321559485108,0.0,6.0,11.0,34.5,230.0
2013-01-27,UIZ,NO2,1,158.0,37.38607594936709,12.695214346607022,10.0,30.0,36.5,44.75,95.0
2013-01-27,UIZ,NOX,1,158.0,64.07594936708861,41.192192739929915,10.0,39.0,53.0,74.75,279.0
2013-01-27,UIZ,O3,1,158.0,21.455696202531644,23.509747249901533,0.0,3.0,11.0,31.75,96.0
2013-01-27,UIZ,PM10,2,161.0,61.4472049689441,21.016333118885782,16.0,49.0,62.0,71.0,137.0
2013-01-27,UIZ,PM2.5,2,161.0,30.8944099378882,12.507798809378913,9.0,21.0,30.0,39.0,61.0
2013-01-27,UIZ,PMCO,2,161.0,30.496894409937887,12.986591269268123,5.0,23.0,29.0,38.0,88.0
2013-01-27,UIZ,SO2,1,158.0,12.341772151898734,26.858623056818544,0.0,2.0,5.0,9.0,234.0
2013-01-27,VIF,CO,15,160.0,0.6762499999999996,0.3997621147978797,0.2,0.4,0.6,0.8,1.9
2013-01-27,VIF,NO,1,160.0,15.18125,21.089766773926545,2.0,3.0,6.0,15.0,106.0
2013-01-27,VIF,NO2,1,160.0,22.34375,9.838984758052144,6.0,16.0,22.0,28.0,50.0
2013-01-27,VIF,NOX,1,160.0,37.5625,26.62709819883808,9.0,20.0,31.0,46.5,129.0
2013-01-27,VIF,O3,1,160.0,22.0375,21.226211249894725,1.0,6.0,14.5,32.0,82.0
2013-01-27,VIF,PM10,2,159.0,70.99371069182389,35.46802747338059,3.0,41.5,67.0,91.0,180.0
2013-01-27,VIF,SO2,1,160.0,16.725,30.327966212576683,2.0,3.0,6.0,14.25,218.0
2013-01-27,XAL,CO,15,156.0,1.0621794871794872,0.7763722875443406,0.2,0.5,0.8,1.5,3.9
2013-01-27,XAL,NO,1,156.0,51.94871794871795,60.21989756601939,1.0,13.0,24.0,72.5,305.0
2013-01-27,XAL,NO2,1,156.0,37.34615384615385,13.319233653317394,16.0,28.0,34.0,44.0,77.0
2013-01-27,XAL,NOX,1,156.0,89.28205128205128,65.82673198258465,19.0,41.5,62.0,118.75,346.0
2013-01-27,XAL,O3,1,156.0,25.44871794871795,25.555075216353448,2.0,5.75,18.0,38.0,104.0
2013-01-27,XAL,PM10,2,159.0,77.56603773584905,33.22926274468829,13.0,51.0,73.0,95.5,185.0
2013-01-27,XAL,PM2.5,2,159.0,36.691823899371066,19.6162389734236,1.0,22.0,32.0,50.0,100.0
2013-01-27,XAL,PMCO,2,159.0,40.886792452830186,17.983107802290558,7.0,27.0,39.0,52.0,100.0
2013-01-27,XAL,SO2,1,156.0,14.237179487179487,22.737523960720736,2.0,4.0,7.0,13.0,137.0
2013-02-03,ACO,CO,15,144.0,0.25555555555555576,0.1971041319963608,0.0,0.1,0.2,0.4,0.8
2013-02-03,ACO,NO,1,154.0,11.7987012987013,15.530017263700893,1.0,3.0,5.0,12.75,72.0
2013-02-03,ACO,NO2,1,154.0,20.441558441558442,9.637879389368454,4.0,13.0,21.0,27.75,49.0
2013-02-03,ACO,NOX,1,154.0,32.20779220779221,21.64076138364198,6.0,16.0,25.0,40.0,104.0
2013-02-03,ACO,O3,1,154.0,33.746753246753244,27.106076227935734,1.0,8.0,27.5,56.75,107.0
2013-02-03,ACO,PM10,2,161.0,69.85714285714286,23.007025324576716,23.0,52.0,65.0,86.0,143.0
2013-02-03,ACO,SO2,1,154.0,5.279220779220779,9.159799033990584,0.0,1.0,2.0,4.0,71.0
2013-02-03,ATI,CO,15,156.0,0.7833333333333338,0.8553311626787967,0.0,0.3,0.4,0.9,3.9
2013-02-03,ATI,NO,1,156.0,25.871794871794872,46.172009108817754,0.0,3.0,5.0,20.25,210.0
2013-02-03,ATI,NO2,1,156.0,30.455128205128204,15.432827578905679,6.0,18.75,29.0,38.0,78.0
2013-02-03,ATI,NOX,1,156.0,56.41025641025641,56.86519109827652,9.0,22.0,35.0,59.0,263.0
2013-02-03,ATI,O3,1,156.0,28.53846153846154,23.90313371691741,1.0,8.0,22.0,46.0,89.0
2013-02-03,ATI,PM10,2,46.0,62.41304347826087,23.502790460289813,23.0,48.25,63.0,73.75,115.0
2013-02-03,ATI,SO2,1,156.0,16.42948717948718,23.361703478401093,0.0,2.0,5.0,25.25,122.0
2013-02-03,CAM,CO,15,161.0,1.324844720496894,0.7878793575082278,0.5,0.8,1.1,1.5,4.5
2013-02-03,CAM,NO,1,161.0,53.18633540372671,72.16112223428763,4.0,9.0,20.0,58.0,328.0
2013-02-03,CAM,NO2,1,161.0,45.546583850931675,19.501907057567156,15.0,33.0,44.0,55.0,146.0
2013-02-03,CAM,NOX,1,161.0,98.70186335403727,81.81349557992381,22.0,45.0,69.0,113.0,402.0
2013-02-03,CAM,O3,1,161.0,23.726708074534162,27.936084992720374,0.0,2.0,9.0,47.0,115.0
2013-02-03,CAM,PM10,2,161.0,66.01863354037268,26.050785028883837,25.0,45.0,61.0,81.0,160.0
2013-02-03,CAM,PM2.5,2,161.0,33.42857142857143,14.98111906939627,10.0,22.0,31.0,43.0,98.0
2013-02-03,CAM,PMCO,2,161.0,32.59627329192546,14.680505305501061,10.0,22.0,29.0,40.0,109.0
2013-02-03,CAM,SO2,1,161.0,12.77639751552795,19.336809184583526,0.0,2.0,6.0,15.0,131.0
2013-02-03,CHO,CO,15,0.0,,,,,,,
2013-02-03,CHO,NO,1,100.0,36.86,57.559107959478574,0.0,3.75,9.5,43.25,250.0
2013-02-03,CHO,NO2,1,100.0,28.85,15.259621902460774,6.0,17.75,28.0,39.0,79.0
2013-02-03,CHO,NOX,1,100.0,65.7,64.22867920425607,8.0,19.75,43.5,89.25,288.0
2013-02-03,CHO,O3,1,100.0,33.02,31.99683696488725,1.0,2.0,24.0,62.25,106.0
2013-02-03,CHO,PM10,2,69.0,114.52173913043478,53.9214048668365,35.0,85.0,97.0,128.0,265.0
2013-02-03,CHO,SO2,1,100.0,9.73,11.11633160187426,2.0,4.0,6.0,10.0,61.0
2013-02-03,COY,NO,1,161.0,33.09316770186335,43.589677855289885,1.0,5.0,16.0,42.0,216.0
2013-02-03,COY,NO2,1,161.0,40.03105590062112,18.931594742733786,6.0,28.0,37.0,48.0,115.0
2013-02-03,COY,NOX,1,161.0,73.1863354037267,52.70699727846201,8.0,36.0,61.0,90.0,251.0
2013-02-03,COY,O3,1,161.0,28.888198757763973,30.88830559225043,3.0,4.0,13.0,52.0,114.0
2013-02-03,COY,PM2.5,2,161.0,34.2111801242236,14.923726887865595,2.0,24.0,31.0,42.0,80.0
2013-02-03,CUA,CO,15,156.0,0.8057692307692303,0.46298336688793523,0.1,0.5,0.7,1.0,2.4
2013-02-03,CUA,NO,1,156.0,16.506410256410255,28.771064495285785,0.0,3.0,5.5,13.25,157.0
2013-02-03,CUA,NO2,1,156.0,29.807692307692307,18.562576081170157,1.0,15.0,27.0,42.0,114.0
2013-02-03,CUA,NOX,1,156.0,46.30769230769231,41.02282848092855,1.0,19.75,32.0,57.25,200.0
2013-02-03,CUA,O3,1,156.0,35.467948717948715,24.619011764919083,2.0,17.75,30.0,49.0,122.0
2013-02-03,CUA,SO2,1,156.0,10.955128205128204,20.08733927971288,1.0,3.0,5.0,9.25,142.0
2013-02-03,CUT,NO,1,153.0,38.09803921568628,52.24685393523736,0.0,2.0,14.0,54.0,252.0
2013-02-03,CUT,NO2,1,153.0,28.790849673202615,13.9941969151367,4.0,17.0,29.0,40.0,56.0
2013-02-03,CUT,NOX,1,153.0,66.83660130718954,60.58296372443371,4.0,18.0,50.0,94.0,306.0
2013-02-03,CUT,O3,1,153.0,25.69934640522876,30.344314686288936,0.0,1.0,11.0,51.0,114.0
2013-02-03,CUT,PM10,2,152.0,92.29605263157895,44.31567058966591,7.0,58.0,86.5,117.5,240.0
2013-02-03,CUT,SO2,1,153.0,14.437908496732026,26.599324799839586,0.0,1.0,4.0,15.0,163.0
2013-02-03,FAC,CO,15,69.0,1.1144927536231881,0.7077876389556986,0.4,0.6,0.9,1.3,3.7
2013-02-03,FAC,NO,1,0.0,,,,,,,
2013-02-03,FAC,NO2,1,0.0,,,,,,,
2013-02-03,FAC,NOX,1,0.0,,,,,,,
2013-02-03,FAC,O3,1,0.0,,,,,,,
2013-02-03,FAC,PM10,2,69.0,61.768115942028984,29.13717300648588,23.0,42.0,55.0,74.0,174.0
2013-02-03,FAC,SO2,1,69.0,16.63768115942029,23.22902027161711,1.0,4.0,8.0,17.0,129.0
2013-02-03,HGM,CO,15,156.0,1.399999999999999,0.6413695024786237,0.6,0.9,1.2,1.6,3.6
2013-02-03,HGM,NO,1,153.0,37.588235294117645,47.56512563286876,1.0,5.0,16.0,51.0,232.0
2013-02-03,HGM,NO2,1,153.0,48.431372549019606,19.032439311082307,4.0,37.0,46.0,59.0,121.0
2013-02-03,HGM,NOX,1,153.0,86.09803921568627,57.179859895849496,21.0,44.0,72.0,106.0,293.0
2013-02-03,HGM,O3,1,153.0,27.797385620915033,31.373043968618944,0.0,1.0,11.0,56.0,115.0
2013-02-03,HGM,PM10,2,155.0,71.27096774193548,25.53487802615555,26.0,50.0,68.0,88.5,148.0
2013-02-03,HGM,PM2.5,2,155.0,33.8,16.714718609112687,7.0,22.0,33.0,41.0,92.0
2013-02-03,HGM,PMCO,2,155.0,37.458064516129035,14.708085376770022,13.0,27.0,34.0,46.0,91.0
2013-02-03,HGM,SO2,1,156.0,17.365384615384617,21.00693788266047,1.0,3.0,8.0,25.0,109.0
2013-02-03,IZT,CO,15,161.0,1.4316770186335404,0.7824977923489983,0.5,0.9,1.2,1.8,4.8
2013-02-03,IZT,NO,1,161.0,44.1055900621118,53.32701033300012,2.0,6.0,19.0,59.0,223.0
2013-02-03,IZT,NO2,1,161.0,43.98136645962733,18.141965180793342,14.0,32.0,41.0,55.0,105.0
2013-02-03,IZT,NOX,1,161.0,88.11180124223603,62.31041182948683,17.0,40.0,67.0,118.0,292.0
2013-02-03,IZT,O3,1,161.0,28.093167701863354,33.26293005025188,0.0,1.0,11.0,54.0,121.0
2013-02-03,IZT,PM10,2,161.0,58.27329192546584,20.354971007606398,21.0,41.0,55.0,74.0,106.0
2013-02-03,IZT,SO2,1,161.0,14.496894409937887,18.296216898447362,1.0,2.0,6.0,22.0,91.0
2013-02-03,LLA,CO,15,0.0,,,,,,,
2013-02-03,LLA,NO,1,157.0,47.50955414012739,65.98082645295767,0.0,5.0,18.0,58.0,338.0
2013-02-03,LLA,NO2,1,157.0,35.62420382165605,13.502333137769881,9.0,25.0,35.0,45.0,75.0
2013-02-03,LLA,NOX,1,157.0,83.20382165605096,73.35151920660338,12.0,29.0,59.0,102.0,393.0
2013-02-03,LLA,O3,1,157.0,23.579617834394906,28.28112702858322,0.0,1.0,8.0,48.0,113.0
2013-02-03,LLA,SO2,1,157.0,20.32484076433121,32.49757714055824,1.0,3.0,7.0,21.0,178.0
2013-02-03,LPR,CO,15,158.0,1.3670886075949364,0.9565358835701271,0.3,0.8,1.0,1.7,4.8
2013-02-03,LPR,NO,1,158.0,50.55696202531646,64.7397035731351,1.0,11.0,22.5,66.5,305.0
2013-02-03,LPR,NO2,1,158.0,48.00632911392405,22.722781529810643,14.0,36.25,45.5,54.0,136.0
2013-02-03,LPR,NOX,1,158.0,98.5379746835443,78.98590022332169,18.0,48.0,69.5,124.75,370.0
2013-02-03,LPR,O3,1,158.0,30.063291139240505,31.388602650652643,2.0,3.0,16.5,53.0,126.0
2013-02-03,LPR,SO2,1,158.0,10.0,11.828929236367124,1.0,2.0,5.0,12.75,56.0
2013-02-03,MER,CO,15,155.0,1.470967741935484,0.8991314526155392,0.4,0.9,1.1,1.7,4.4
2013-02-03,MER,NO,1,155.0,52.63225806451613,65.73816809790212,1.0,10.0,23.0,61.0,291.0
2013-02-03,MER,NO2,1,155.0,49.70967741935484,18.519195987545906,19.0,37.0,46.0,58.5,121.0
2013-02-03,MER,NOX,1,155.0,102.36774193548388,72.81144652366162,23.0,51.0,78.0,123.0,359.0
2013-02-03,MER,O3,1,155.0,24.612903225806452,28.11834616166458,1.0,2.0,10.0,48.0,98.0
2013-02-03,MER,PM10,2,159.0,82.71069182389937,28.443892341655125,31.0,59.5,81.0,100.0,155.0
2013-02-03,MER,PM2.5,2,159.0,32.867924528301884,13.971088233371358,8.0,22.0,30.0,41.0,73.0
2013-02-03,MER,PMCO,2,159.0,49.81761006289308,20.605964279118396,17.0,34.5,47.0,60.5,129.0
2013-02-03,MER,SO2,1,155.0,16.38064516129032,21.024188594915394,0.0,3.0,6.0,24.5,109.0
2013-02-03,MON,CO,15,0.0,,,,,,,
2013-02-03,MON,NO,1,157.0,27.191082802547772,45.14352237344315,0.0,1.0,4.0,33.0,213.0
2013-02-03,MON,NO2,1,157.0,21.318471337579616,11.745723835398245,3.0,11.0,22.0,31.0,49.0
2013-02-03,MON,NOX,1,157.0,48.54140127388535,52.83555650655322,5.0,12.0,27.0,70.0,254.0
2013-02-03,MON,O3,1,157.0,32.98089171974522,28.74522732683694,2.0,5.0,28.0,54.0,97.0
2013-02-03,MON,SO2,1,0.0,,,,,,,
2013-02-03,NEZ,CO,15,160.0,1.3206250000000006,0.8841793889386361,0.4,0.8,1.0,1.525,5.6
2013-02-03,NEZ,NO,1,160.0,33.025,55.70338675159241,1.0,3.0,9.5,38.25,307.0
2013-02-03,NEZ,NO2,1,160.0,37.15,15.924428447628753,10.0,24.5,37.0,48.0,80.0
2013-02-03,NEZ,NOX,1,160.0,70.1125,63.00144627470387,13.0,27.0,52.5,86.5,360.0
2013-02-03,NEZ,O3,1,160.0,29.6625,30.237401867523502,1.0,3.0,16.0,55.0,117.0
2013-02-03,NEZ,PM2.5,2,160.0,30.64375,13.00476297603663,7.0,20.0,29.0,40.0,73.0
2013-02-03,NEZ,SO2,1,160.0,13.01875,18.536882111824333,1.0,3.0,5.0,13.25,104.0
2013-02-03,PED,CO,15,156.0,0.6666666666666664,0.44422216663887165,0.1,0.3,0.5,0.9,2.0
2013-02-03,PED,NO,1,156.0,18.333333333333332,30.640966322952355,1.0,2.0,4.0,18.5,162.0
2013-02-03,PED,NO2,1,156.0,34.71153846153846,17.938968077411314,10.0,19.0,32.0,46.0,96.0
2013-02-03,PED,NOX,1,156.0,53.07692307692308,41.199207393180544,11.0,22.0,39.5,73.25,208.0
2013-02-03,PED,O3,1,156.0,40.794871794871796,30.653677977232107,3.0,17.0,31.0,61.25,146.0
2013-02-03,PED,PM10,2,142.0,62.95070422535211,26.862752684154557,17.0,41.0,60.5,78.75,134.0
2013-02-03,PED,PM2.5,2,142.0,27.887323943661972,14.873508551035314,3.0,16.25,25.0,39.0,70.0
2013-02-03,PED,PMCO,2,142.0,35.098591549295776,16.247339055088123,11.0,23.0,33.0,46.0,96.0
2013-02-03,PED,SO2,1,156.0,8.64102564102564,18.51135613719448,0.0,2.0,3.0,7.25,138.0
2013-02-03,SAG,CO,15,0.0,,,,,,,
2013-02-03,SAG,NO,1,0.0,,,,,,,
2013-02-03,SAG,NO2,1,0.0,,,,,,,
2013-02-03,SAG,NOX,1,0.0,,,,,,,
2013-02-03,SAG,O3,1,0.0,,,,,,,
2013-02-03,SAG,PM10,2,110.0,88.51818181818182,34.533783968687786,40.0,64.0,78.5,103.75,210.0
2013-02-03,SAG,PM2.5,2,110.0,31.227272727272727,12.423460413287991,11.0,23.0,27.0,37.0,79.0
2013-02-03,SAG,PMCO,2,110.0,57.29090909090909,27.612437516235147,20.0,38.0,50.5,68.75,184.0
2013-02-03,SAG,SO2,1,0.0,,,,,,,
2013-02-03,SFE,CO,15,156.0,0.733333333333333,0.32355551616841693,0.3,0.5,0.7,0.9,1.8
2013-02-03,SFE,NO,1,156.0,12.487179487179487,17.571049201965693,1.0,2.0,5.0,16.0,106.0
2013-02-03,SFE,NO2,1,156.0,32.31410256410256,17.488357228289097,8.0,19.0,28.5,42.25,106.0
2013-02-03,SFE,NOX,1,156.0,44.76282051282051,29.150800836559167,11.0,21.75,34.0,57.5,148.0
2013-02-03,SFE,O3,1,156.0,38.01282051282051,26.2159732592339,2.0,20.0,32.0,51.0,132.0
2013-02-03,SFE,PM10,2,151.0,46.11258278145695,23.194695671311752,6.0,30.0,41.0,59.5,108.0
2013-02-03,SFE,PM2.5,2,151.0,22.543046357615893,13.842800824177047,2.0,13.0,19.0,29.0,68.0
2013-02-03,SFE,PMCO,2,151.0,23.543046357615893,12.084554935584926,4.0,14.0,23.0,31.0,69.0
2013-02-03,SFE,SO2,1,156.0,9.282051282051283,23.716278572185015,0.0,1.0,3.0,7.0,178.0
2013-02-03,SJA,CO,15,158.0,1.1221518987341776,0.8599824778041291,0.3,0.5,0.9,1.2,5.3
2013-02-03,SJA,NO,1,157.0,54.72611464968153,74.89279615702397,0.0,4.0,27.0,70.0,402.0
2013-02-03,SJA,NO2,1,157.0,42.5859872611465,18.385489186879482,12.0,31.0,41.0,51.0,118.0
2013-02-03,SJA,NOX,1,157.0,97.35031847133757,81.97692500864059,12.0,35.0,80.0,122.0,443.0
2013-02-03,SJA,O3,1,158.0,26.025316455696203,30.791459930901087,1.0,1.0,8.5,52.25,109.0
2013-02-03,SJA,PM2.5,2,156.0,28.314102564102566,12.451093739846511,4.0,20.0,27.0,35.0,69.0
2013-02-03,SJA,SO2,1,158.0,15.335443037974683,17.291657264385158,3.0,6.0,8.0,16.25,105.0
2013-02-03,SUR,CO,15,157.0,1.0668789808917198,0.7379274975705606,0.2,0.5,0.9,1.4,3.8
2013-02-03,SUR,NO,1,159.0,31.49056603773585,46.29813511903431,0.0,3.0,9.0,44.0,276.0
2013-02-03,SUR,NO2,1,159.0,40.503144654088054,20.220579257073744,6.0,26.5,38.0,51.0,133.0
2013-02-03,SUR,NOX,1,159.0,71.94339622641509,56.67598840611752,8.0,30.0,57.0,93.5,335.0
2013-02-03,SUR,O3,1,159.0,28.748427672955973,31.710112701031836,1.0,2.0,12.0,51.5,119.0
2013-02-03,SUR,PM10,2,157.0,61.01910828025478,37.92747318602522,5.0,36.0,54.0,78.0,283.0
2013-02-03,SUR,SO2,1,159.0,10.49685534591195,12.760636771260936,2.0,3.0,6.0,12.0,87.0
2013-02-03,TAH,CO,15,161.0,0.9335403726708077,0.4732790006141837,0.3,0.6,0.8,1.2,2.5
2013-02-03,TAH,NO,1,161.0,8.68944099378882,15.727458482239241,0.0,0.0,2.0,10.0,72.0
2013-02-03,TAH,NO2,1,161.0,27.03726708074534,13.596823249732715,5.0,15.0,27.0,37.0,60.0
2013-02-03,TAH,NOX,1,161.0,35.683229813664596,25.013601889833968,6.0,16.0,30.0,47.0,120.0
2013-02-03,TAH,O3,1,161.0,38.93788819875776,30.693380687249526,3.0,12.0,27.0,62.0,130.0
2013-02-03,TAH,PM10,2,161.0,72.54658385093168,35.62915770660299,4.0,47.0,66.0,90.0,209.0
2013-02-03,TAH,SO2,1,161.0,7.714285714285714,7.539420212646139,0.0,3.0,5.0,10.0,42.0
2013-02-03,TLA,CO,15,154.0,1.124675324675324,0.7193235464554099,0.3,0.625,0.9,1.3,4.1
2013-02-03,TLA,NO,1,154.0,50.87662337662338,62.68849514718005,4.0,13.0,26.0,50.75,292.0
2013-02-03,TLA,NO2,1,154.0,43.11038961038961,15.709603943332304,9.0,33.0,42.0,53.0,92.0
2013-02-03,TLA,NOX,1,154.0,94.05194805194805,69.68386054903165,15.0,50.25,69.0,106.0,340.0
2013-02-03,TLA,O3,1,154.0,23.714285714285715,27.927945169344017,0.0,2.0,9.0,39.75,125.0
2013-02-03,TLA,PM10,2,137.0,73.23357664233576,29.313283169952207,28.0,49.0,70.0,93.0,181.0
2013-02-03,TLA,PM2.5,2,137.0,29.0,13.233202449098387,1.0,20.0,27.0,35.0,73.0
2013-02-03,TLA,PMCO,2,137.0,44.29197080291971,20.282983517029308,14.0,29.0,42.0,55.0,151.0
2013-02-03,TLA,SO2,1,154.0,18.642857142857142,25.109089719753314,1.0,4.0,8.5,18.75,142.0
2013-02-03,TLI,CO,15,161.0,0.9136645962732916,0.5052841891463083,0.4,0.6,0.8,1.0,3.0
2013-02-03,TLI,NO,1,161.0,34.77018633540373,50.679291683981376,1.0,3.0,11.0,39.0,247.0
2013-02-03,TLI,NO2,1,161.0,36.714285714285715,15.358396958760286,9.0,28.0,37.0,46.0,88.0
2013-02-03,TLI,NOX,1,161.0,71.55900621118012,59.60954671028971,10.0,30.0,54.0,85.0,306.0
2013-02-03,TLI,O3,1,161.0,26.937888198757765,30.27265462446963,1.0,3.0,10.0,52.0,118.0
2013-02-03,TLI,PM10,2,161.0,68.90062111801242,36.99614928761914,5.0,40.0,64.0,84.0,180.0
2013-02-03,TLI,SO2,1,161.0,21.496894409937887,28.386864088782872,2.0,4.0,7.0,28.0,149.0
2013-02-03,TPN,CO,15,0.0,,,,,,,
2013-02-03,TPN,NO,1,146.0,8.732876712328768,13.46222869077132,0.0,1.0,4.0,9.0,79.0
2013-02-03,TPN,NO2,1,146.0,20.595890410958905,16.41554299925291,0.0,7.0,16.0,32.75,72.0
2013-02-03,TPN,NOX,1,146.0,29.356164383561644,27.370192628056703,1.0,8.25,23.5,42.75,147.0
2013-02-03,TPN,O3,1,146.0,46.61643835616438,27.68598805918646,12.0,25.0,37.5,64.0,138.0
2013-02-03,TPN,SO2,1,146.0,6.47945205479452,9.505874175246397,0.0,1.0,3.0,7.5,71.0
2013-02-03,UAX,CO,15,156.0,0.9673076923076928,0.5414631863146333,0.3,0.6,0.8,1.2,2.7
2013-02-03,UAX,NO,1,156.0,23.147435897435898,32.44286381837768,1.0,2.0,8.0,27.25,156.0
2013-02-03,UAX,NO2,1,156.0,35.27564102564103,19.36327542205362,6.0,21.75,32.0,43.0,100.0
2013-02-03,UAX,NOX,1,156.0,58.416666666666664,44.4870344770152,8.0,24.75,43.5,77.0,190.0
2013-02-03,UAX,O3,1,156.0,36.21153846153846,36.18055254047394,0.0,4.0,22.5,63.25,135.0
2013-02-03,UAX,PM2.5,2,161.0,29.527950310559007,13.358079068395858,6.0,19.0,26.0,39.0,66.0
2013-02-03,UAX,SO2,1,156.0,7.596153846153846,10.718557224861481,1.0,1.75,4.0,7.0,67.0
2013-02-03,UIZ,CO,15,159.0,1.364150943396227,0.9021270938884309,0.4,0.7,1.0,1.8,5.3
2013-02-03,UIZ,NO,1,159.0,36.84905660377358,52.242640894056855,0.0,3.0,12.0,48.5,300.0
2013-02-03,UIZ,NO2,1,159.0,41.075471698113205,17.9187855494515,13.0,27.0,38.0,52.0,93.0
2013-02-03,UIZ,NOX,1,159.0,77.86792452830188,62.7455291874005,14.0,31.0,56.0,107.5,338.0
2013-02-03,UIZ,O3,1,159.0,27.157232704402517,27.93290663905684,2.0,3.0,18.0,48.5,104.0
2013-02-03,UIZ,PM10,2,159.0,72.37735849056604,27.35321683932766,33.0,50.0,68.0,88.5,145.0
2013-02-03,UIZ,PM2.5,2,159.0,33.42767295597484,15.18887797603385,8.0,22.0,31.0,41.0,92.0
2013-02-03,UIZ,PMCO,2,159.0,38.9748427672956,17.175913988369906,14.0,26.5,37.0,46.5,102.0
2013-02-03,UIZ,SO2,1,159.0,13.333333333333334,18.93548897219277,1.0,2.0,5.0,16.0,115.0
2013-02-03,VIF,CO,15,159.0,0.8993710691823901,0.5809743948851279,0.2,0.5,0.8,1.1,3.6
2013-02-03,VIF,NO,1,159.0,26.87421383647799,36.20261934337175,2.0,4.0,11.0,37.0,199.0
2013-02-03,VIF,NO2,1,159.0,27.79874213836478,12.427908504658989,5.0,18.0,29.0,36.0,59.0
2013-02-03,VIF,NOX,1,159.0,54.742138364779876,43.262111618916265,7.0,22.0,42.0,73.0,228.0
2013-02-03,VIF,O3,1,159.0,23.67924528301887,24.584990984445742,1.0,2.0,11.0,45.0,86.0
2013-02-03,VIF,PM10,2,156.0,98.06410256410257,44.5564056416756,2.0,66.0,90.0,123.0,234.0
2013-02-03,VIF,SO2,1,159.0,20.968553459119498,34.55511491634224,2.0,4.0,6.0,20.0,192.0
2013-02-03,XAL,CO,15,156.0,1.35897435897436,1.0568896420475167,0.2,0.6,1.0,1.7,4.7
2013-02-03,XAL,NO,1,154.0,64.07142857142857,78.07505247427554,4.0,11.25,28.0,85.0,325.0
2013-02-03,XAL,NO2,1,154.0,45.14935064935065,18.91286606634652,16.0,35.0,43.0,52.0,152.0
2013-02-03,XAL,NOX,1,154.0,109.16233766233766,87.44398549026222,20.0,47.25,73.5,142.75,383.0
2013-02-03,XAL,O3,1,156.0,29.762820512820515,29.04615063708258,2.0,4.0,18.0,52.0,114.0
2013-02-03,XAL,PM10,2,161.0,98.83850931677019,45.35401038236834,31.0,65.0,88.0,115.0,229.0
2013-02-03,XAL,PM2.5,2,161.0,41.88819875776397,23.28787071331874,10.0,26.0,34.0,50.0,124.0
2013-02-03,XAL,PMCO,2,161.0,56.869565217391305,26.679845022690497,20.0,38.0,51.0,67.0,151.0
2013-02-03,XAL,SO2,1,156.0,16.76923076923077,20.093923380560142,2.0,5.0,8.0,20.25,107.0
2013-02-10,ACO,CO,15,151.0,0.3317880794701987,0.2213205400701744,0.0,0.2,0.3,0.4,1.1
2013-02-10,ACO,NO,1,153.0,11.019607843137255,14.373527653767619,1.0,2.0,4.0,13.0,62.0
2013-02-10,ACO,NO2,1,153.0,18.784313725490197,9.185186283294613,3.0,12.0,17.0,25.0,52.0
2013-02-10,ACO,NOX,1,153.0,29.790849673202615,20.654951488295303,5.0,15.0,22.0,42.0,91.0
2013-02-10,ACO,O3,1,153.0,36.01960784313726,30.051156074669557,1.0,7.0,36.0,58.0,106.0
2013-02-10,ACO,PM10,2,158.0,61.537974683544306,22.052235635166547,20.0,44.25,60.0,75.0,150.0
2013-02-10,ACO,SO2,1,153.0,2.130718954248366,2.612451990134325,0.0,1.0,1.0,2.0,14.0
2013-02-10,ATI,CO,15,159.0,0.8446540880503145,0.7704714813919105,0.0,0.4,0.6,1.0,4.1
2013-02-10,ATI,NO,1,159.0,26.38364779874214,42.1774129279273,0.0,3.0,6.0,26.5,204.0
2013-02-10,ATI,NO2,1,159.0,32.35849056603774,14.45958270090822,5.0,24.0,31.0,40.5,87.0
2013-02-10,ATI,NOX,1,159.0,58.742138364779876,52.01207428422581,8.0,28.0,39.0,69.5,268.0
2013-02-10,ATI,O3,1,159.0,27.88679245283019,28.21750536930538,1.0,4.0,17.0,47.0,109.0
2013-02-10,ATI,PM10,2,158.0,61.96835443037975,30.479066824171394,19.0,39.25,55.0,77.75,184.0
2013-02-10,ATI,SO2,1,159.0,4.1069182389937104,6.311122585621447,0.0,1.0,1.0,4.0,40.0
2013-02-10,CAM,CO,15,156.0,1.2108974358974363,0.8051105889133983,0.2,0.7,1.0,1.4,5.3
2013-02-10,CAM,NO,1,156.0,54.12179487179487,74.2936061112645,3.0,7.0,18.5,71.5,432.0
2013-02-10,CAM,NO2,1,156.0,38.23717948717949,16.432113397340597,7.0,27.75,37.0,46.25,89.0
2013-02-10,CAM,NOX,1,156.0,92.33333333333333,82.00388136630968,11.0,39.5,62.5,119.25,484.0
2013-02-10,CAM,O3,1,156.0,24.91025641025641,27.581286735726188,1.0,1.0,11.0,49.0,98.0
2013-02-10,CAM,PM10,2,157.0,57.17197452229299,21.95133847444979,19.0,41.0,51.0,69.0,127.0
2013-02-10,CAM,PM2.5,2,157.0,30.796178343949045,12.902364548498408,7.0,21.0,28.0,40.0,66.0
2013-02-10,CAM,PMCO,2,157.0,26.37579617834395,11.564431550508463,9.0,19.0,22.0,31.0,74.0
2013-02-10,CAM,SO2,1,156.0,5.0576923076923075,14.904530761511534,0.0,1.0,2.0,4.0,133.0
2013-02-10,CHO,CO,15,0.0,,,,,,,
2013-02-10,CHO,NO,1,160.0,32.625,60.28952681871999,0.0,4.0,7.0,26.25,288.0
2013-02-10,CHO,NO2,1,160.0,19.78125,11.339069141411507,0.0,11.0,20.0,27.0,49.0
2013-02-10,CHO,NOX,1,160.0,52.44375,66.40704922752494,2.0,15.0,29.0,56.0,323.0
2013-02-10,CHO,O3,1,160.0,30.11875,27.223595914726296,1.0,5.0,22.0,52.75,104.0
2013-02-10,CHO,PM10,2,159.0,75.42138364779875,40.8629050386776,1.0,47.5,67.0,99.5,240.0
2013-02-10,CHO,SO2,1,160.0,4.25,2.8943666821199483,1.0,3.0,3.5,5.0,23.0
2013-02-10,COY,NO,1,161.0,25.527950310559007,40.77653462958217,0.0,3.0,8.0,29.0,221.0
2013-02-10,COY,NO2,1,161.0,30.869565217391305,15.387141724010426,2.0,20.0,30.0,41.0,75.0
2013-02-10,COY,NOX,1,161.0,56.36645962732919,48.27081020671211,3.0,24.0,45.0,70.0,254.0
2013-02-10,COY,O3,1,161.0,29.080745341614907,28.40201910852455,2.0,4.0,16.0,51.0,95.0
2013-02-10,COY,PM2.5,2,160.0,29.11875,11.786556607706366,4.0,21.0,27.0,38.0,68.0
2013-02-10,CUA,CO,15,147.0,0.5931972789115646,0.3733704069881043,0.2,0.4,0.5,0.7,2.3
2013-02-10,CUA,NO,1,147.0,12.07482993197279,26.431376237336682,0.0,2.0,4.0,8.0,162.0
2013-02-10,CUA,NO2,1,147.0,20.72108843537415,12.400719330066481,3.0,10.0,18.0,28.0,54.0
2013-02-10,CUA,NOX,1,147.0,32.7891156462585,35.64748089862791,3.0,14.0,23.0,36.0,216.0
2013-02-10,CUA,O3,1,53.0,36.924528301886795,17.78812163798745,2.0,24.0,38.0,46.0,84.0
2013-02-10,CUA,SO2,1,147.0,4.0,5.453414162467148,2.0,2.0,3.0,4.0,57.0
2013-02-10,CUT,NO,1,161.0,33.62111801242236,45.807060604695366,0.0,2.0,15.0,46.0,223.0
2013-02-10,CUT,NO2,1,161.0,27.316770186335404,12.928371107881519,5.0,16.0,27.0,36.0,62.0
2013-02-10,CUT,NOX,1,161.0,60.91925465838509,51.98436966474627,5.0,18.0,48.0,90.0,246.0
2013-02-10,CUT,O3,1,161.0,29.19254658385093,32.93222500984984,0.0,1.0,14.0,56.0,116.0
2013-02-10,CUT,PM10,2,160.0,84.2,48.46833888440822,6.0,48.0,70.5,114.25,253.0
2013-02-10,CUT,SO2,1,161.0,3.900621118012422,4.563722396443638,0.0,1.0,2.0,5.0,24.0
2013-02-10,FAC,CO,15,154.0,1.5292207792207793,0.9941610792982929,0.4,1.0,1.2,1.7,5.6
2013-02-10,FAC,NO,1,111.0,43.810810810810814,68.5284961979671,2.0,9.0,15.0,43.0,345.0
2013-02-10,FAC,NO2,1,111.0,37.03603603603604,15.205817025627775,6.0,29.0,36.0,43.5,87.0
2013-02-10,FAC,NOX,1,111.0,80.78378378378379,74.27484651988738,10.0,41.5,54.0,86.5,385.0
2013-02-10,FAC,O3,1,111.0,29.99099099099099,29.922170404839964,1.0,4.0,20.0,49.0,106.0
2013-02-10,FAC,PM10,2,154.0,56.23376623376623,27.76907392709605,11.0,40.0,49.0,66.0,162.0
2013-02-10,FAC,SO2,1,154.0,3.4025974025974026,3.785972527719504,0.0,1.0,2.0,5.0,32.0
2013-02-10,HGM,CO,15,154.0,1.2162337662337663,0.7774157608754907,0.3,0.7,1.1,1.4,4.2
2013-02-10,HGM,NO,1,154.0,37.36363636363637,53.07336372435073,1.0,4.0,14.0,48.0,261.0
2013-02-10,HGM,NO2,1,154.0,44.27272727272727,20.35510654474718,8.0,32.0,41.0,52.0,111.0
2013-02-10,HGM,NOX,1,154.0,81.73376623376623,65.28530069147547,12.0,37.0,59.5,97.75,327.0
2013-02-10,HGM,O3,1,154.0,27.246753246753247,30.18836543588191,0.0,1.0,13.0,50.0,97.0
2013-02-10,HGM,PM10,2,154.0,57.52597402597402,22.71338842513277,24.0,39.25,52.5,73.25,125.0
2013-02-10,HGM,PM2.5,2,154.0,28.538961038961038,15.535383655344127,1.0,18.0,26.0,36.5,72.0
2013-02-10,HGM,PMCO,2,154.0,29.006493506493506,11.186766664611103,10.0,21.0,26.0,35.75,64.0
2013-02-10,HGM,SO2,1,154.0,5.798701298701299,13.63740524556494,1.0,2.0,3.0,5.0,128.0
2013-02-10,IZT,CO,15,160.0,1.0118749999999994,0.7835070227617495,0.1,0.5,0.8,1.2,4.4
2013-02-10,IZT,NO,1,160.0,37.9,52.277946093919375,1.0,6.0,17.0,49.25,274.0
2013-02-10,IZT,NO2,1,160.0,38.76875,19.036615455154344,7.0,27.0,36.5,46.25,111.0
2013-02-10,IZT,NOX,1,160.0,76.6875,62.27067992736511,12.0,36.0,56.5,94.75,325.0
2013-02-10,IZT,O3,1,160.0,28.28125,31.290115761045413,0.0,1.0,13.5,49.25,102.0
2013-02-10,IZT,PM10,2,160.0,49.5125,17.007577852313815,23.0,37.0,45.0,61.25,107.0
2013-02-10,IZT,SO2,1,160.0,4.4875,6.6748259817610585,1.0,2.0,3.0,4.0,64.0
2013-02-10,LLA,CO,15,0.0,,,,,,,
2013-02-10,LLA,NO,1,159.0,53.710691823899374,77.15358231934678,1.0,3.0,21.0,72.5,375.0
2013-02-10,LLA,NO2,1,159.0,32.84905660377358,15.859026371716553,7.0,21.0,31.0,43.0,79.0
2013-02-10,LLA,NOX,1,159.0,86.55345911949685,84.5211117210745,8.0,23.0,57.0,123.5,426.0
2013-02-10,LLA,O3,1,159.0,26.962264150943398,31.988504025319525,0.0,0.0,9.0,52.0,110.0
2013-02-10,LLA,SO2,1,159.0,6.49685534591195,5.54255597693192,0.0,3.0,5.0,8.0,33.0
2013-02-10,LPR,CO,15,161.0,1.2751552795031058,0.8763583068514711,0.2,0.7,1.0,1.6,4.6
2013-02-10,LPR,NO,1,161.0,44.96894409937888,56.36603835203522,1.0,11.0,22.0,53.0,330.0
2013-02-10,LPR,NO2,1,161.0,47.62111801242236,23.804396678812008,13.0,33.0,44.0,55.0,151.0
2013-02-10,LPR,NOX,1,161.0,92.6086956521739,69.95785998665944,20.0,44.0,71.0,116.0,385.0
2013-02-10,LPR,O3,1,161.0,30.006211180124225,31.10014005081204,2.0,3.0,16.0,54.0,108.0
2013-02-10,LPR,SO2,1,161.0,3.62111801242236,2.6051489865717894,1.0,2.0,3.0,5.0,17.0
2013-02-10,MER,CO,15,152.0,1.4006578947368422,0.7981349709527765,0.3,0.8,1.2,1.7,4.4
2013-02-10,MER,NO,1,152.0,50.0328947368421,59.61748018729814,1.0,8.0,22.5,69.5,302.0
2013-02-10,MER,NO2,1,152.0,45.44736842105263,17.73752316780073,10.0,32.0,45.0,55.25,105.0
2013-02-10,MER,NOX,1,152.0,95.38815789473684,68.46675118461681,12.0,43.75,77.0,121.5,352.0
2013-02-10,MER,O3,1,152.0,24.80921052631579,27.352913946403568,1.0,1.0,11.5,45.5,88.0
2013-02-10,MER,PM10,2,157.0,69.23566878980891,25.42261766248066,26.0,51.0,66.0,80.0,174.0
2013-02-10,MER,PM2.5,2,157.0,30.53503184713376,14.892145865944538,3.0,20.0,28.0,37.0,111.0
2013-02-10,MER,PMCO,2,157.0,38.67515923566879,14.017030191561556,13.0,28.0,37.0,45.0,83.0
2013-02-10,MER,SO2,1,152.0,5.230263157894737,10.358136830810148,0.0,2.0,3.0,5.0,94.0
2013-02-10,MON,CO,15,0.0,,,,,,,
2013-02-10,MON,NO,1,160.0,27.99375,49.10641722080884,0.0,1.0,2.0,35.0,231.0
2013-02-10,MON,NO2,1,160.0,20.25,11.015141094572204,4.0,11.0,20.0,28.0,47.0
2013-02-10,MON,NOX,1,160.0,48.175,55.089812319372164,5.0,12.75,23.5,62.5,257.0
2013-02-10,MON,O3,1,160.0,36.3125,31.56388898805587,1.0,3.75,37.0,58.25,125.0
2013-02-10,MON,SO2,1,0.0,,,,,,,
2013-02-10,NEZ,CO,15,158.0,1.0189873417721513,0.6248721549483793,0.3,0.6,0.9,1.2,3.8
2013-02-10,NEZ,NO,1,158.0,26.21518987341772,39.10598725432839,1.0,3.0,8.0,33.0,228.0
2013-02-10,NEZ,NO2,1,158.0,36.436708860759495,17.056456850987622,6.0,25.25,36.0,49.0,105.0
2013-02-10,NEZ,NOX,1,158.0,62.67088607594937,48.39690507528264,9.0,28.0,48.5,77.0,274.0
2013-02-10,NEZ,O3,1,158.0,31.525316455696203,33.16503787364587,1.0,2.25,16.5,57.75,109.0
2013-02-10,NEZ,PM2.5,2,158.0,30.22151898734177,11.686795541750058,7.0,20.0,30.0,38.0,71.0
2013-02-10,NEZ,SO2,1,158.0,4.506329113924051,3.1334375731378556,2.0,3.0,3.0,5.0,24.0
2013-02-10,PED,CO,15,153.0,0.5614379084967324,0.3589319285644081,0.1,0.3,0.5,0.7,2.0
2013-02-10,PED,NO,1,153.0,13.72549019607843,20.92380767341786,0.0,2.0,4.0,18.0,111.0
2013-02-10,PED,NO2,1,153.0,26.352941176470587,14.198068154466842,3.0,15.0,25.0,37.0,80.0
2013-02-10,PED,NOX,1,153.0,40.09803921568628,31.53668805531824,4.0,17.0,31.0,53.0,183.0
2013-02-10,PED,O3,1,153.0,37.71895424836601,29.372932741668425,3.0,10.0,33.0,58.0,115.0
2013-02-10,PED,PM10,2,157.0,46.5859872611465,19.47386301805552,10.0,31.0,45.0,61.0,103.0
2013-02-10,PED,PM2.5,2,157.0,21.35031847133758,11.185995274562798,2.0,12.0,19.0,30.0,47.0
2013-02-10,PED,PMCO,2,157.0,25.261146496815286,11.165506922256833,7.0,16.0,25.0,31.0,76.0
2013-02-10,PED,SO2,1,153.0,1.1503267973856208,1.8944907725396045,0.0,0.0,1.0,1.0,15.0
2013-02-10,SAG,CO,15,0.0,,,,,,,
2013-02-10,SAG,NO,1,158.0,41.45569620253165,52.58763930916601,2.0,7.0,20.0,55.75,288.0
2013-02-10,SAG,NO2,1,158.0,34.550632911392405,14.49161737416375,10.0,24.25,34.0,43.75,78.0
2013-02-10,SAG,NOX,1,158.0,76.0253164556962,57.25659635651024,13.0,32.25,62.0,96.75,330.0
2013-02-10,SAG,O3,1,158.0,24.088607594936708,26.364031603305108,1.0,2.0,11.0,43.0,96.0
2013-02-10,SAG,PM10,2,158.0,80.59493670886076,30.758777520928156,29.0,58.25,76.5,97.75,221.0
2013-02-10,SAG,PM2.5,2,158.0,31.063291139240505,12.505124322546395,9.0,21.0,28.0,39.0,67.0
2013-02-10,SAG,PMCO,2,158.0,49.537974683544306,24.658078630173904,13.0,34.0,45.0,58.0,182.0
2013-02-10,SAG,SO2,1,0.0,,,,,,,
2013-02-10,SFE,CO,15,155.0,0.6819354838709679,0.27715412931265615,0.2,0.5,0.6,0.8,1.8
2013-02-10,SFE,NO,1,155.0,9.851612903225806,15.877695516482177,1.0,2.0,3.0,10.0,89.0
2013-02-10,SFE,NO2,1,155.0,24.870967741935484,12.077514622098562,5.0,16.0,23.0,34.0,71.0
2013-02-10,SFE,NOX,1,155.0,34.69032258064516,24.824466288696783,7.0,18.0,27.0,44.0,136.0
2013-02-10,SFE,O3,1,155.0,38.3741935483871,23.522895281615064,2.0,22.0,34.0,50.0,110.0
2013-02-10,SFE,PM10,2,8.0,26.875,6.577830732305077,15.0,24.0,26.0,31.0,36.0
2013-02-10,SFE,PM2.5,2,8.0,15.25,4.803272693844122,5.0,14.0,15.5,18.5,20.0
2013-02-10,SFE,PMCO,2,8.0,11.75,2.2519832529192065,10.0,10.0,11.0,12.5,16.0
2013-02-10,SFE,SO2,1,155.0,1.6516129032258065,2.1700246823274485,0.0,1.0,1.0,2.0,12.0
2013-02-10,SJA,CO,15,155.0,1.1935483870967742,0.9140091092895436,0.2,0.5,0.9,1.8,4.4
2013-02-10,SJA,NO,1,155.0,65.08387096774193,83.68827089991173,0.0,3.0,23.0,118.0,352.0
2013-02-10,SJA,NO2,1,155.0,40.41290322580645,18.05179672202109,10.0,25.0,41.0,51.5,99.0
2013-02-10,SJA,NOX,1,155.0,105.48387096774194,89.38174040253321,11.0,31.5,76.0,168.5,392.0
2013-02-10,SJA,O3,1,134.0,30.76865671641791,32.966584626579404,1.0,1.0,15.5,55.0,111.0
2013-02-10,SJA,PM2.5,2,156.0,27.96153846153846,11.794960441282305,2.0,21.0,28.0,37.0,58.0
2013-02-10,SJA,SO2,1,145.0,4.979310344827586,3.121317753941881,1.0,3.0,5.0,7.0,18.0
2013-02-10,SUR,CO,15,161.0,0.7975155279503104,0.6674532109592973,0.0,0.4,0.6,1.0,4.0
2013-02-10,SUR,NO,1,161.0,26.06832298136646,42.516191654415984,0.0,2.0,8.0,31.0,239.0
2013-02-10,SUR,NO2,1,161.0,31.1055900621118,14.987329016736126,2.0,20.0,30.0,43.0,69.0
2013-02-10,SUR,NOX,1,161.0,57.130434782608695,50.32334577941719,4.0,22.0,43.0,72.0,275.0
2013-02-10,SUR,O3,1,161.0,28.11801242236025,29.070900158489152,1.0,2.0,16.0,51.0,98.0
2013-02-10,SUR,PM10,2,153.0,51.712418300653596,34.82808780330036,1.0,30.0,45.0,68.0,218.0
2013-02-10,SUR,SO2,1,161.0,4.068322981366459,2.258661726560898,2.0,3.0,3.0,4.0,20.0
2013-02-10,TAH,CO,15,158.0,0.7424050632911395,0.5239845264158515,0.2,0.5,0.6,0.9,3.9
2013-02-10,TAH,NO,1,158.0,6.537974683544304,17.9839404919275,0.0,0.0,0.0,4.0,139.0
2013-02-10,TAH,NO2,1,158.0,19.031645569620252,11.494901049643481,3.0,10.0,16.0,26.75,52.0
2013-02-10,TAH,NOX,1,158.0,25.449367088607595,26.172029477772774,3.0,10.0,18.0,29.0,177.0
2013-02-10,TAH,O3,1,158.0,42.639240506329116,28.213295495769312,3.0,18.0,37.0,63.5,111.0
2013-02-10,TAH,PM10,2,146.0,54.965753424657535,29.18417482922756,1.0,32.25,53.0,69.75,143.0
2013-02-10,TAH,SO2,1,158.0,3.1582278481012658,2.8183252738157236,0.0,2.0,3.0,4.0,23.0
2013-02-10,TLA,CO,15,156.0,1.1012820512820516,0.6993994824582455,0.2,0.6,0.9,1.3,3.4
2013-02-10,TLA,NO,1,156.0,46.77564102564103,58.4868966541361,3.0,8.0,19.5,61.25,256.0
2013-02-10,TLA,NO2,1,156.0,39.48717948717949,16.394919425270896,8.0,28.0,37.5,48.0,97.0
2013-02-10,TLA,NOX,1,156.0,86.3076923076923,66.7150527469423,12.0,42.75,61.5,107.0,307.0
2013-02-10,TLA,O3,1,156.0,27.096153846153847,30.068476440189716,0.0,2.0,14.5,50.25,114.0
2013-02-10,TLA,PM10,2,161.0,68.95031055900621,27.354341803961404,18.0,49.0,64.0,85.0,150.0
2013-02-10,TLA,PM2.5,2,161.0,29.950310559006212,14.162362639332121,5.0,18.0,29.0,40.0,74.0
2013-02-10,TLA,PMCO,2,161.0,39.03105590062112,17.473344828712836,6.0,28.0,35.0,50.0,120.0
2013-02-10,TLA,SO2,1,156.0,4.82051282051282,4.873214716263002,0.0,2.0,3.0,6.25,31.0
2013-02-10,TLI,CO,15,161.0,0.9043478260869566,0.5025370416803814,0.4,0.6,0.7,1.1,2.7
2013-02-10,TLI,NO,1,161.0,38.099378881987576,54.392118566128694,0.0,3.0,11.0,55.0,287.0
2013-02-10,TLI,NO2,1,161.0,35.01863354037267,14.642178820828477,8.0,25.0,35.0,43.0,76.0
2013-02-10,TLI,NOX,1,161.0,73.2111801242236,62.80728559827753,10.0,29.0,51.0,103.0,333.0
2013-02-10,TLI,O3,1,161.0,28.987577639751553,32.042937517033245,0.0,1.0,15.0,53.0,115.0
2013-02-10,TLI,PM10,2,158.0,62.348101265822784,33.44449288974345,3.0,39.0,55.0,78.0,201.0
2013-02-10,TLI,SO2,1,161.0,7.037267080745342,8.503593504188226,1.0,3.0,3.0,7.0,55.0
2013-02-10,TPN,CO,15,0.0,,,,,,,
2013-02-10,TPN,NO,1,125.0,6.64,10.819188449679459,0.0,1.0,3.0,6.0,52.0
2013-02-10,TPN,NO2,1,125.0,14.376,12.390594768197268,2.0,5.0,10.0,20.0,57.0
2013-02-10,TPN,NOX,1,125.0,21.032,21.905197497839524,2.0,7.0,13.0,27.0,107.0
2013-02-10,TPN,O3,1,125.0,45.176,26.795842238868374,11.0,23.0,35.0,64.0,109.0
2013-02-10,TPN,SO2,1,125.0,1.792,3.0751239156779016,0.0,1.0,1.0,2.0,26.0
2013-02-10,UAX,CO,15,156.0,0.730769230769231,0.441202957410523,0.1,0.5,0.6,0.8,2.5
2013-02-10,UAX,NO,1,156.0,16.121794871794872,28.582950692782564,1.0,2.0,4.0,17.25,153.0
2013-02-10,UAX,NO2,1,156.0,27.294871794871796,13.771976196993453,3.0,17.0,27.0,36.0,73.0
2013-02-10,UAX,NOX,1,156.0,43.42948717948718,35.918206755203016,5.0,20.0,33.5,54.25,199.0
2013-02-10,UAX,O3,1,156.0,36.87179487179487,33.399964834580274,0.0,6.0,29.0,60.0,116.0
2013-02-10,UAX,PM2.5,2,161.0,26.459627329192546,9.341435776166769,10.0,20.0,26.0,31.0,55.0
2013-02-10,UAX,SO2,1,156.0,2.3076923076923075,2.55169869951406,1.0,1.0,2.0,2.0,22.0
2013-02-10,UIZ,CO,15,160.0,1.2962499999999997,0.8957543112726404,0.0,0.8,1.0,1.6,4.8
2013-02-10,UIZ,NO,1,160.0,29.7125,46.70560650762694,1.0,2.0,7.5,38.5,229.0
2013-02-10,UIZ,NO2,1,160.0,37.04375,18.258227016158628,6.0,24.0,34.5,47.0,95.0
2013-02-10,UIZ,NOX,1,160.0,66.76875,56.54554816513497,8.0,27.0,47.5,82.75,275.0
2013-02-10,UIZ,O3,1,160.0,28.0625,27.65913078394313,2.0,3.0,14.5,49.0,99.0
2013-02-10,UIZ,PM10,2,160.0,61.475,20.128502273482376,22.0,47.0,58.5,73.0,117.0
2013-02-10,UIZ,PM2.5,2,160.0,31.25625,13.186254933922287,10.0,21.0,31.0,39.25,66.0
2013-02-10,UIZ,PMCO,2,160.0,30.20625,10.5509228634485,10.0,23.0,29.0,37.25,55.0
2013-02-10,UIZ,SO2,1,160.0,3.45,2.4566685014031004,1.0,2.0,3.0,4.0,17.0
2013-02-10,VIF,CO,15,157.0,1.0904458598726117,0.7045441733790473,0.3,0.6,0.9,1.4,3.6
2013-02-10,VIF,NO,1,157.0,32.77707006369427,43.556564862744764,2.0,4.0,13.0,45.0,207.0
2013-02-10,VIF,NO2,1,157.0,30.14012738853503,15.470177513246584,5.0,18.0,27.0,40.0,98.0
2013-02-10,VIF,NOX,1,157.0,62.859872611464965,52.100797104823904,7.0,23.0,48.0,79.0,242.0
2013-02-10,VIF,O3,1,80.0,20.6,25.299021845302914,1.0,1.0,4.0,43.0,83.0
2013-02-10,VIF,PM10,2,155.0,88.6,46.53466798716116,21.0,51.0,80.0,114.0,251.0
2013-02-10,VIF,SO2,1,157.0,5.235668789808917,5.145498564701014,1.0,2.0,3.0,6.0,29.0
2013-02-10,XAL,CO,15,153.0,1.4091503267973857,1.1525349336596324,0.2,0.6,1.0,1.7,5.3
2013-02-10,XAL,NO,1,153.0,65.29411764705883,84.25469550814532,3.0,8.0,29.0,81.0,383.0
2013-02-10,XAL,NO2,1,153.0,44.63398692810458,19.413692818942224,12.0,31.0,42.0,54.0,109.0
2013-02-10,XAL,NOX,1,153.0,109.89542483660131,92.29943857093126,16.0,44.0,78.0,140.0,436.0
2013-02-10,XAL,O3,1,153.0,31.313725490196077,30.86397802161745,2.0,4.0,16.0,56.0,100.0
2013-02-10,XAL,PM10,2,157.0,91.98089171974522,50.547321232832154,24.0,56.0,75.0,118.0,256.0
2013-02-10,XAL,PM2.5,2,157.0,43.6687898089172,26.03163473275127,1.0,25.0,37.0,59.0,114.0
2013-02-10,XAL,PMCO,2,157.0,48.28025477707006,27.44711334009286,15.0,29.0,40.0,59.0,145.0
2013-02-10,XAL,SO2,1,153.0,9.032679738562091,7.407693636254133,2.0,4.0,6.0,11.0,42.0
2013-02-17,ACO,CO,15,155.0,0.4245161290322582,0.2513191005924155,0.1,0.2,0.3,0.55,1.3
2013-02-17,ACO,NO,1,155.0,12.593548387096774,18.225391440826325,2.0,2.0,4.0,12.5,98.0
2013-02-17,ACO,NO2,1,155.0,18.038709677419355,9.206776069666498,3.0,11.0,18.0,23.0,51.0
2013-02-17,ACO,NOX,1,155.0,30.651612903225807,23.772895607465852,5.0,13.0,23.0,39.5,128.0
2013-02-17,ACO,O3,1,155.0,32.05161290322581,26.621637900860023,1.0,5.5,28.0,52.5,102.0
2013-02-17,ACO,PM10,2,160.0,65.59375,26.02062483236455,19.0,48.0,61.0,79.25,172.0
2013-02-17,ACO,SO2,1,155.0,1.7548387096774194,2.51577344871216,0.0,1.0,1.0,2.0,23.0
2013-02-17,ATI,CO,15,159.0,1.0484276729559754,0.7233759939315442,0.1,0.7,0.9,1.1,4.0
2013-02-17,ATI,NO,1,159.0,25.20754716981132,42.11483329168067,1.0,4.0,7.0,25.0,213.0
2013-02-17,ATI,NO2,1,159.0,28.71698113207547,14.055555267108108,4.0,18.0,27.0,36.0,97.0
2013-02-17,ATI,NOX,1,159.0,53.911949685534594,50.9518739978834,8.0,22.5,36.0,62.0,258.0
2013-02-17,ATI,O3,1,159.0,23.9874213836478,24.38353548610876,0.0,3.0,14.0,40.5,99.0
2013-02-17,ATI,PM10,2,157.0,60.910828025477706,34.17758595925532,15.0,37.0,51.0,75.0,184.0
2013-02-17,ATI,SO2,1,159.0,7.735849056603773,14.897307899772247,0.0,1.0,3.0,8.5,125.0
2013-02-17,CAM,CO,15,160.0,0.978750000000001,0.9177760582417482,0.2,0.4,0.7,1.125,5.3
2013-02-17,CAM,NO,1,161.0,51.7888198757764,87.3529056427066,4.0,7.0,15.0,47.0,500.0
2013-02-17,CAM,NO2,1,161.0,37.2360248447205,20.91426412999938,11.0,24.0,32.0,45.0,127.0
2013-02-17,CAM,NOX,1,161.0,89.04968944099379,96.84535360835828,15.0,31.0,54.0,102.0,547.0
2013-02-17,CAM,O3,1,161.0,24.726708074534162,27.78218574411482,1.0,2.0,15.0,40.0,117.0
2013-02-17,CAM,PM10,2,161.0,52.87577639751553,24.548105263944304,10.0,35.0,46.0,69.0,121.0
2013-02-17,CAM,PM2.5,2,161.0,26.869565217391305,14.857292163607156,4.0,15.0,23.0,37.0,76.0
2013-02-17,CAM,PMCO,2,161.0,25.993788819875775,14.430651793322584,6.0,17.0,23.0,30.0,97.0
2013-02-17,CAM,SO2,1,160.0,8.4375,22.133865881673824,0.0,1.0,2.0,7.0,149.0
2013-02-17,CHO,CO,15,0.0,,,,,,,
2013-02-17,CHO,NO,1,150.0,37.62,65.08627934049741,1.0,5.0,8.0,36.0,371.0
2013-02-17,CHO,NO2,1,150.0,15.66,9.40000713979452,1.0,7.0,16.0,22.75,45.0
2013-02-17,CHO,NOX,1,150.0,53.32666666666667,70.34025613480247,2.0,12.0,26.0,57.75,406.0
2013-02-17,CHO,O3,1,150.0,25.12,21.502277076232815,0.0,3.25,21.0,44.0,92.0
2013-02-17,CHO,PM10,2,144.0,75.80555555555556,43.06723931002661,5.0,44.0,71.0,100.0,204.0
2013-02-17,CHO,SO2,1,150.0,2.86,2.6267340070178724,0.0,1.0,2.0,3.75,16.0
2013-02-17,COY,NO,1,155.0,32.851612903225806,45.85589986660885,0.0,3.0,12.0,45.5,210.0
2013-02-17,COY,NO2,1,155.0,32.55483870967742,14.321059751599435,5.0,24.5,32.0,38.0,94.0
2013-02-17,COY,NOX,1,155.0,65.4,52.363936236515066,7.0,29.0,49.0,85.0,242.0
2013-02-17,COY,O3,1,155.0,26.774193548387096,28.67881891532286,2.0,3.0,14.0,46.0,116.0
2013-02-17,COY,PM2.5,2,154.0,23.655844155844157,12.080546599615781,2.0,16.0,21.0,29.75,63.0
2013-02-17,CUA,CO,15,153.0,0.5816993464052287,0.37617148743637724,0.1,0.3,0.5,0.7,2.2
2013-02-17,CUA,NO,1,153.0,15.183006535947712,26.697978907463717,1.0,4.0,5.0,14.0,164.0
2013-02-17,CUA,NO2,1,153.0,22.22875816993464,11.990400070158175,5.0,13.0,20.0,28.0,74.0
2013-02-17,CUA,NOX,1,153.0,37.39869281045752,34.57911216731876,6.0,18.0,24.0,43.0,205.0
2013-02-17,CUA,O3,1,124.0,32.854838709677416,22.99936144337582,2.0,16.75,27.5,42.25,106.0
2013-02-17,CUA,SO2,1,153.0,6.241830065359477,8.558641480822063,1.0,2.0,3.0,6.0,48.0
2013-02-17,CUT,NO,1,160.0,35.06875,55.80605700484201,0.0,2.0,7.5,42.5,295.0
2013-02-17,CUT,NO2,1,160.0,25.56875,11.996132434923616,5.0,15.0,27.5,34.0,59.0
2013-02-17,CUT,NOX,1,160.0,60.6625,62.608083901452545,6.0,18.75,39.0,76.0,348.0
2013-02-17,CUT,O3,1,160.0,26.9875,29.952580447629185,0.0,1.0,16.5,45.25,113.0
2013-02-17,CUT,PM10,2,160.0,81.88125,48.333533533525944,4.0,47.0,67.0,107.25,254.0
2013-02-17,CUT,SO2,1,160.0,10.725,25.277317248782502,0.0,1.0,3.0,8.0,211.0
2013-02-17,FAC,CO,15,160.0,1.339375,0.9810850670584246,0.3,0.7,1.0,1.625,4.9
2013-02-17,FAC,NO,1,160.0,43.89375,65.68416874395915,2.0,8.0,17.5,42.5,301.0
2013-02-17,FAC,NO2,1,160.0,33.44375,17.52724630988985,7.0,21.0,28.0,42.25,111.0
2013-02-17,FAC,NOX,1,160.0,77.35,72.71934505105291,11.0,28.75,50.5,87.25,337.0
2013-02-17,FAC,O3,1,160.0,25.875,27.557544139376983,1.0,4.0,14.0,41.25,118.0
2013-02-17,FAC,PM10,2,159.0,60.0314465408805,33.10100028769787,14.0,37.0,52.0,76.5,185.0
2013-02-17,FAC,SO2,1,160.0,7.49375,17.13908948470659,0.0,1.0,3.0,7.0,158.0
2013-02-17,HGM,CO,15,156.0,1.0173076923076916,0.6062218758665483,0.3,0.6,0.8,1.3,3.1
2013-02-17,HGM,NO,1,154.0,37.40909090909091,48.33645880852823,1.0,6.0,18.0,43.75,219.0
2013-02-17,HGM,NO2,1,154.0,40.66233766233766,17.088474416937014,15.0,31.25,37.0,48.75,131.0
2013-02-17,HGM,NOX,1,154.0,78.07792207792208,55.68580538291795,17.0,37.0,57.0,98.75,266.0
2013-02-17,HGM,O3,1,156.0,25.314102564102566,30.151189884438676,0.0,1.0,11.5,46.25,119.0
2013-02-17,HGM,PM10,2,151.0,53.47019867549669,24.07981393810172,14.0,34.0,48.0,68.0,142.0
2013-02-17,HGM,PM2.5,2,151.0,24.185430463576157,16.2310007797876,3.0,12.5,19.0,29.0,82.0
2013-02-17,HGM,PMCO,2,151.0,29.29801324503311,15.587086408086558,10.0,20.0,27.0,34.0,129.0
2013-02-17,HGM,SO2,1,156.0,7.923076923076923,17.66664013606635,1.0,2.0,3.0,5.0,108.0
2013-02-17,IZT,CO,15,147.0,0.885714285714286,0.7081714829863371,0.2,0.4,0.7,1.1,4.5
2013-02-17,IZT,NO,1,148.0,34.54054054054054,51.6789379824929,3.0,6.0,15.0,33.0,317.0
2013-02-17,IZT,NO2,1,148.0,32.66891891891892,12.029096535033855,12.0,26.0,31.0,39.25,76.0
2013-02-17,IZT,NOX,1,148.0,67.25,57.01340992753043,15.0,32.0,49.0,77.25,362.0
2013-02-17,IZT,O3,1,148.0,25.39864864864865,29.688803144873194,0.0,2.0,12.0,42.25,118.0
2013-02-17,IZT,PM10,2,132.0,46.0,16.388415197076128,5.0,35.0,44.5,54.25,112.0
2013-02-17,IZT,SO2,1,93.0,3.4086021505376345,2.5801776107545003,1.0,2.0,3.0,4.0,18.0
2013-02-17,LLA,CO,15,0.0,,,,,,,
2013-02-17,LLA,NO,1,125.0,44.928,65.64483813822339,0.0,4.0,13.0,56.0,308.0
2013-02-17,LLA,NO2,1,125.0,30.648,13.030520005468057,9.0,21.0,30.0,37.0,75.0
2013-02-17,LLA,NOX,1,125.0,75.552,70.5972740038466,10.0,26.0,47.0,112.0,338.0
2013-02-17,LLA,O3,1,154.0,24.5,27.24693422821366,0.0,2.0,12.5,41.25,116.0
2013-02-17,LLA,SO2,1,154.0,7.084415584415584,12.675410448911824,0.0,1.0,3.0,7.0,85.0
2013-02-17,LPR,CO,15,159.0,0.9169811320754714,0.8632590255603283,0.0,0.4,0.7,1.0,4.1
2013-02-17,LPR,NO,1,159.0,39.138364779874216,57.190717799066135,0.0,7.0,17.0,40.0,295.0
2013-02-17,LPR,NO2,1,159.0,39.314465408805034,19.008372027848996,10.0,27.5,39.0,44.5,118.0
2013-02-17,LPR,NOX,1,159.0,78.43396226415095,69.75613291869553,10.0,34.0,53.0,90.0,372.0
2013-02-17,LPR,O3,1,159.0,27.67924528301887,28.540958965446546,1.0,4.0,18.0,45.0,133.0
2013-02-17,LPR,SO2,1,159.0,4.522012578616352,6.297313550174228,1.0,2.0,2.0,5.0,54.0
2013-02-17,MER,CO,15,154.0,1.411038961038961,0.9463076983254577,0.4,0.8,1.1,1.6,5.8
2013-02-17,MER,NO,1,154.0,59.27922077922078,81.81555030239834,1.0,10.0,26.0,65.25,455.0
2013-02-17,MER,NO2,1,154.0,41.52597402597402,17.528016062415276,16.0,31.0,37.0,48.75,124.0
2013-02-17,MER,NOX,1,154.0,100.88311688311688,87.44768356083644,22.0,46.25,67.0,116.75,510.0
2013-02-17,MER,O3,1,154.0,22.623376623376622,26.097874584052622,1.0,1.25,10.5,40.0,107.0
2013-02-17,MER,PM10,2,157.0,66.96815286624204,25.405284222736437,16.0,49.0,63.0,80.0,168.0
2013-02-17,MER,PM2.5,2,157.0,24.910828025477706,12.753770581814942,2.0,16.0,21.0,32.0,68.0
2013-02-17,MER,PMCO,2,157.0,42.02547770700637,20.27438356095552,9.0,30.0,39.0,48.0,155.0
2013-02-17,MER,SO2,1,154.0,8.162337662337663,19.582729078444324,0.0,1.0,3.0,6.0,130.0
2013-02-17,MON,CO,15,0.0,,,,,,,
2013-02-17,MON,NO,1,152.0,28.026315789473685,56.94716354080612,0.0,1.0,3.0,24.5,384.0
2013-02-17,MON,NO2,1,152.0,17.907894736842106,8.696772076186525,3.0,10.75,17.0,23.0,40.0
2013-02-17,MON,NOX,1,152.0,45.901315789473685,61.4436434691217,4.0,12.0,20.5,53.0,412.0
2013-02-17,MON,O3,1,152.0,30.486842105263158,25.860549832588212,2.0,4.75,26.5,49.0,137.0
2013-02-17,MON,SO2,1,0.0,,,,,,,
2013-02-17,NEZ,CO,15,157.0,1.0668789808917203,1.0697704363752734,0.2,0.5,0.7,1.1,5.8
2013-02-17,NEZ,NO,1,157.0,41.54140127388535,78.07199918663672,1.0,4.0,9.0,35.0,387.0
2013-02-17,NEZ,NO2,1,157.0,33.05732484076433,17.79233558637429,9.0,22.0,32.0,40.0,115.0
2013-02-17,NEZ,NOX,1,157.0,74.62420382165605,87.42853594564656,11.0,26.0,43.0,80.0,429.0
2013-02-17,NEZ,O3,1,157.0,26.89171974522293,27.91483835218549,1.0,3.0,16.0,50.0,118.0
2013-02-17,NEZ,PM2.5,2,158.0,25.31645569620253,13.86288111137854,7.0,16.25,24.0,30.0,100.0
2013-02-17,NEZ,SO2,1,157.0,5.445859872611465,5.616362204856078,2.0,3.0,4.0,6.0,40.0
2013-02-17,PED,CO,15,155.0,0.5232258064516131,0.38541921093903875,0.1,0.3,0.4,0.6,1.9
2013-02-17,PED,NO,1,155.0,15.012903225806452,28.669859981985923,0.0,2.0,4.0,12.0,176.0
2013-02-17,PED,NO2,1,155.0,23.916129032258066,11.307941605785995,6.0,14.0,24.0,31.0,53.0
2013-02-17,PED,NOX,1,155.0,38.851612903225806,36.18024745386921,6.0,17.0,28.0,41.0,211.0
2013-02-17,PED,O3,1,155.0,35.67741935483871,29.53952568530189,3.0,13.0,25.0,51.5,127.0
2013-02-17,PED,PM10,2,151.0,44.788079470198674,22.308327076534496,7.0,31.5,43.0,57.5,145.0
2013-02-17,PED,PM2.5,2,151.0,16.794701986754966,10.280932435529833,1.0,9.0,15.0,23.0,45.0
2013-02-17,PED,PMCO,2,151.0,27.966887417218544,17.100260122209853,4.0,19.5,26.0,33.5,143.0
2013-02-17,PED,SO2,1,155.0,4.058064516129032,6.935920719672113,1.0,1.0,2.0,4.0,50.0
2013-02-17,SAG,CO,15,0.0,,,,,,,
2013-02-17,SAG,NO,1,153.0,37.90196078431372,54.376219248990125,2.0,7.0,13.0,45.0,311.0
2013-02-17,SAG,NO2,1,153.0,29.73202614379085,11.009569124861404,9.0,22.0,30.0,36.0,64.0
2013-02-17,SAG,NOX,1,153.0,67.60130718954248,58.839136173540446,12.0,29.0,46.0,80.0,343.0
2013-02-17,SAG,O3,1,153.0,23.215686274509803,24.41336486232344,1.0,3.0,13.0,39.0,106.0
2013-02-17,SAG,PM10,2,145.0,67.75862068965517,28.88681837555097,12.0,49.0,61.0,87.0,199.0
2013-02-17,SAG,PM2.5,2,145.0,25.33103448275862,11.345615386824425,1.0,17.0,24.0,32.0,54.0
2013-02-17,SAG,PMCO,2,145.0,42.42758620689655,22.973639733515544,2.0,29.0,36.0,51.0,155.0
2013-02-17,SAG,SO2,1,0.0,,,,,,,
2013-02-17,SFE,CO,15,151.0,0.46688741721854277,0.28976354827218176,0.1,0.3,0.4,0.6,1.6
2013-02-17,SFE,NO,1,149.0,14.0,25.692832105893302,1.0,2.0,4.0,15.0,207.0
2013-02-17,SFE,NO2,1,149.0,24.114093959731544,11.24273350991189,4.0,16.0,23.0,30.0,78.0
2013-02-17,SFE,NOX,1,149.0,38.04697986577181,32.47688066885924,5.0,20.0,27.0,44.0,243.0
2013-02-17,SFE,O3,1,149.0,33.67785234899329,26.846980920498662,1.0,15.0,26.0,43.0,129.0
2013-02-17,SFE,PM10,2,95.0,46.82105263157895,24.8163376810813,5.0,30.0,45.0,56.0,148.0
2013-02-17,SFE,PM2.5,2,95.0,19.273684210526316,11.706919308103654,2.0,12.0,17.0,25.5,55.0
2013-02-17,SFE,PMCO,2,95.0,27.6,18.990143019864114,3.0,19.0,24.0,33.0,134.0
2013-02-17,SFE,SO2,1,151.0,3.4503311258278146,6.70491237001832,0.0,0.0,1.0,3.0,38.0
2013-02-17,SJA,CO,15,153.0,1.0718954248366013,0.9414754319641535,0.2,0.4,0.7,1.4,5.8
2013-02-17,SJA,NO,1,153.0,64.47712418300654,90.65050620865722,0.0,4.0,21.0,89.0,433.0
2013-02-17,SJA,NO2,1,153.0,37.13725490196079,15.258758840817594,10.0,29.0,36.0,43.0,91.0
2013-02-17,SJA,NOX,1,153.0,101.56862745098039,96.02766629205591,10.0,35.0,69.0,144.0,491.0
2013-02-17,SJA,O3,1,140.0,23.264285714285716,27.6916762067738,0.0,1.0,8.0,42.25,93.0
2013-02-17,SJA,PM2.5,2,153.0,23.62091503267974,10.623339830637386,1.0,16.0,23.0,32.0,52.0
2013-02-17,SJA,SO2,1,154.0,6.6103896103896105,11.077452627294637,1.0,2.0,3.0,6.0,73.0
2013-02-17,SUR,CO,15,158.0,0.9411392405063287,0.6164548063396796,0.2,0.6,0.7,1.0750000000000002,3.5
2013-02-17,SUR,NO,1,158.0,30.151898734177216,46.814061964817064,0.0,4.0,8.5,32.0,240.0
2013-02-17,SUR,NO2,1,158.0,28.968354430379748,10.095354854166386,8.0,23.0,29.5,36.0,53.0
2013-02-17,SUR,NOX,1,158.0,59.14556962025316,52.92451371738089,12.0,26.25,41.0,64.75,277.0
2013-02-17,SUR,O3,1,158.0,25.075949367088608,27.779510458650282,1.0,1.0,13.0,44.75,112.0
2013-02-17,SUR,PM10,2,159.0,57.23270440251572,28.506316192961197,6.0,38.5,51.0,65.0,210.0
2013-02-17,SUR,SO2,1,158.0,6.949367088607595,10.770209839136719,2.0,3.0,4.0,5.0,69.0
2013-02-17,TAH,CO,15,161.0,0.7248447204968941,0.4220531743602668,0.3,0.4,0.6,0.8,3.0
2013-02-17,TAH,NO,1,161.0,7.372670807453416,16.56495543148862,0.0,0.0,1.0,5.0,111.0
2013-02-17,TAH,NO2,1,161.0,18.167701863354036,9.923605711159581,4.0,9.0,17.0,27.0,47.0
2013-02-17,TAH,NOX,1,161.0,25.509316770186334,23.17571951753127,4.0,9.0,18.0,34.0,151.0
2013-02-17,TAH,O3,1,161.0,34.79503105590062,25.39786359431201,1.0,13.0,26.0,55.0,105.0
2013-02-17,TAH,PM10,2,152.0,58.598684210526315,30.492048658130777,1.0,34.75,60.5,79.0,159.0
2013-02-17,TAH,SO2,1,161.0,2.3664596273291925,2.961607335961734,0.0,1.0,1.0,3.0,27.0
2013-02-17,TLA,CO,15,107.0,1.0299065420560751,0.6193750583300283,0.4,0.6,0.9,1.2,3.2
2013-02-17,TLA,NO,1,107.0,40.83177570093458,53.47358472926863,4.0,13.0,20.0,40.0,244.0
2013-02-17,TLA,NO2,1,107.0,37.78504672897196,14.415026251707573,13.0,29.0,36.0,43.5,91.0
2013-02-17,TLA,NOX,1,107.0,78.54205607476635,60.824566842532725,24.0,42.0,59.0,88.5,305.0
2013-02-17,TLA,O3,1,107.0,23.934579439252335,25.94016010338766,0.0,2.0,14.0,38.5,103.0
2013-02-17,TLA,PM10,2,112.0,70.0,29.49759495464178,13.0,50.5,66.0,83.5,168.0
2013-02-17,TLA,PM2.5,2,112.0,26.705357142857142,12.161553949471028,7.0,18.0,26.0,33.25,57.0
2013-02-17,TLA,PMCO,2,112.0,43.339285714285715,25.173471511765477,1.0,28.0,37.0,48.5,153.0
2013-02-17,TLA,SO2,1,107.0,14.242990654205608,25.479122464041986,1.0,3.0,6.0,10.0,145.0
2013-02-17,TLI,CO,15,158.0,0.8215189873417722,0.5642583511994578,0.2,0.5,0.6,1.0,3.3
2013-02-17,TLI,NO,1,158.0,38.85443037974684,63.247147006410806,0.0,4.0,10.0,41.5,318.0
2013-02-17,TLI,NO2,1,158.0,32.31012658227848,14.473741608935088,8.0,21.0,33.0,40.0,92.0
2013-02-17,TLI,NOX,1,158.0,71.15189873417721,72.09708398170372,11.0,26.0,46.0,80.0,377.0
2013-02-17,TLI,O3,1,158.0,25.60759493670886,26.834912957088125,1.0,3.0,15.0,43.0,101.0
2013-02-17,TLI,PM10,2,154.0,62.66233766233766,35.94916904858764,5.0,36.0,54.5,79.5,175.0
2013-02-17,TLI,SO2,1,158.0,13.620253164556962,28.41785739713288,1.0,2.0,5.0,9.0,168.0
2013-02-17,TPN,CO,15,0.0,,,,,,,
2013-02-17,TPN,NO,1,149.0,9.134228187919463,13.230624649775768,0.0,2.0,5.0,10.0,77.0
2013-02-17,TPN,NO2,1,149.0,13.765100671140939,11.229419169683066,0.0,4.0,11.0,21.0,54.0
2013-02-17,TPN,NOX,1,149.0,22.91946308724832,22.869641383438314,0.0,6.0,16.0,31.0,129.0
2013-02-17,TPN,O3,1,148.0,39.66216216216216,25.42417138337743,2.0,22.0,33.0,55.25,108.0
2013-02-17,TPN,SO2,1,148.0,1.8918918918918919,4.017199645902084,0.0,0.0,1.0,2.0,24.0
2013-02-17,UAX,CO,15,146.0,0.65958904109589,0.36361760268518684,0.2,0.4,0.6,0.8,2.4
2013-02-17,UAX,NO,1,146.0,15.075342465753424,24.260109337229313,1.0,2.0,4.0,18.75,180.0
2013-02-17,UAX,NO2,1,146.0,24.315068493150687,9.191265287297675,6.0,18.0,26.0,30.75,51.0
2013-02-17,UAX,NOX,1,146.0,39.397260273972606,28.678354074844233,8.0,20.0,31.5,51.75,208.0
2013-02-17,UAX,O3,1,146.0,33.30821917808219,31.42908055277801,0.0,6.0,25.5,54.75,119.0
2013-02-17,UAX,PM2.5,2,154.0,23.551948051948052,12.273060038810133,5.0,16.0,22.0,28.75,94.0
2013-02-17,UAX,SO2,1,146.0,4.095890410958904,9.428005798663438,1.0,1.0,2.0,2.0,68.0
2013-02-17,UIZ,CO,15,159.0,1.1037735849056607,0.9649481387292619,0.1,0.4,0.7,1.5,5.2
2013-02-17,UIZ,NO,1,159.0,30.22641509433962,49.099347043571626,0.0,3.0,8.0,28.5,256.0
2013-02-17,UIZ,NO2,1,159.0,33.54716981132076,15.267529088591306,10.0,24.0,33.0,39.5,115.0
2013-02-17,UIZ,NOX,1,159.0,63.77358490566038,56.47133523204402,12.0,27.0,43.0,69.5,296.0
2013-02-17,UIZ,O3,1,159.0,26.0188679245283,25.935038539141388,1.0,4.0,13.0,45.5,113.0
2013-02-17,UIZ,PM10,2,156.0,58.72435897435897,21.69571794169969,20.0,44.0,54.0,68.25,138.0
2013-02-17,UIZ,PM2.5,2,156.0,24.82051282051282,12.354175044317651,4.0,16.0,22.0,30.25,78.0
2013-02-17,UIZ,PMCO,2,156.0,33.85897435897436,14.126364606854445,9.0,24.75,31.5,40.0,86.0
2013-02-17,UIZ,SO2,1,159.0,3.9371069182389937,5.1517301193553715,1.0,2.0,2.0,4.0,41.0
2013-02-17,VIF,CO,15,159.0,0.9591194968553457,0.6043318139286794,0.2,0.5,0.8,1.2,3.4
2013-02-17,VIF,NO,1,159.0,31.21383647798742,40.52571691396479,2.0,4.0,10.0,40.0,181.0
2013-02-17,VIF,NO2,1,159.0,26.9937106918239,13.699993927442947,5.0,16.0,28.0,35.0,73.0
2013-02-17,VIF,NOX,1,159.0,58.16352201257862,48.822446878075304,8.0,21.5,41.0,76.5,223.0
2013-02-17,VIF,O3,1,146.0,30.445205479452056,28.543017944950428,3.0,5.0,20.5,49.75,101.0
2013-02-17,VIF,PM10,2,159.0,86.16352201257861,45.30178332391611,9.0,49.0,82.0,114.0,223.0
2013-02-17,VIF,SO2,1,159.0,9.270440251572326,16.91702966962364,0.0,1.0,3.0,7.5,93.0
2013-02-17,XAL,CO,15,122.0,1.0557377049180332,0.8815884593303401,0.3,0.5,0.7,1.1,4.2
2013-02-17,XAL,NO,1,148.0,60.939189189189186,86.47442517219719,3.0,12.0,24.0,59.75,446.0
2013-02-17,XAL,NO2,1,148.0,40.32432432432432,14.426080037717883,16.0,31.0,40.0,47.0,89.0
2013-02-17,XAL,NOX,1,148.0,101.25675675675676,92.93389660241917,22.0,44.75,64.0,109.25,492.0
2013-02-17,XAL,O3,1,151.0,27.814569536423843,27.82550484082542,2.0,5.0,16.0,45.5,125.0
2013-02-17,XAL,PM10,2,154.0,82.6038961038961,44.4180112486281,17.0,52.0,68.0,102.25,239.0
2013-02-17,XAL,PM2.5,2,154.0,35.142857142857146,21.483365984072474,5.0,18.0,29.5,47.0,99.0
2013-02-17,XAL,PMCO,2,154.0,47.45454545454545,26.77333834004398,10.0,29.0,38.5,56.0,148.0
2013-02-17,XAL,SO2,1,151.0,10.42384105960265,11.670154004178189,2.0,3.0,6.0,13.0,75.0
2013-02-24,ACO,CO,15,155.0,0.38451612903225835,0.22219154468694985,0.1,0.2,0.3,0.5,1.1
2013-02-24,ACO,NO,1,155.0,11.038709677419355,14.44150038566602,1.0,2.0,4.0,12.5,66.0
2013-02-24,ACO,NO2,1,155.0,16.8,8.526810277383536,5.0,10.0,17.0,23.0,46.0
2013-02-24,ACO,NOX,1,155.0,27.81935483870968,20.328302504093834,7.0,12.0,22.0,37.0,90.0
2013-02-24,ACO,O3,1,155.0,30.65806451612903,25.053303877744664,1.0,6.5,26.0,51.0,96.0
2013-02-24,ACO,PM10,2,145.0,69.87586206896552,24.116293120414092,11.0,53.0,70.0,86.0,128.0
2013-02-24,ACO,SO2,1,155.0,1.4967741935483871,2.5055113109303413,0.0,1.0,1.0,1.5,27.0
2013-02-24,ATI,CO,15,156.0,1.168589743589743,0.7144413100055973,0.3,0.7,0.95,1.3,4.7
2013-02-24,ATI,NO,1,153.0,23.81045751633987,39.79234778889603,0.0,3.0,6.0,23.0,235.0
2013-02-24,ATI,NO2,1,153.0,27.529411764705884,14.258911721007747,4.0,16.0,29.0,36.0,71.0
2013-02-24,ATI,NOX,1,153.0,51.36601307189542,49.3864662414271,7.0,19.0,38.0,60.0,299.0
2013-02-24,ATI,O3,1,156.0,23.08974358974359,22.886077411576416,0.0,4.0,14.5,38.0,104.0
2013-02-24,ATI,PM10,2,156.0,62.23717948717949,33.90729528115897,9.0,39.0,56.0,73.25,257.0
2013-02-24,ATI,SO2,1,156.0,2.0705128205128207,3.239100192630532,0.0,1.0,1.0,2.0,31.0
2013-02-24,CAM,CO,15,161.0,0.9571428571428579,0.7663806402266995,0.3,0.5,0.7,1.1,4.6
2013-02-24,CAM,NO,1,161.0,48.29192546583851,67.21296747573646,3.0,7.0,15.0,58.0,356.0
2013-02-24,CAM,NO2,1,161.0,31.03105590062112,14.874232064315311,5.0,22.0,31.0,38.0,108.0
2013-02-24,CAM,NOX,1,161.0,79.35403726708074,75.70100807930898,9.0,28.0,50.0,107.0,394.0
2013-02-24,CAM,O3,1,161.0,24.577639751552795,26.826442121429572,1.0,2.0,14.0,44.0,113.0
2013-02-24,CAM,PM10,2,161.0,49.962732919254655,19.096429050596658,18.0,36.0,47.0,58.0,112.0
2013-02-24,CAM,PM2.5,2,161.0,23.51552795031056,10.43498058818398,5.0,15.0,22.0,30.0,67.0
2013-02-24,CAM,PMCO,2,161.0,26.472049689440993,11.220551519311135,10.0,18.0,24.0,33.0,72.0
2013-02-24,CAM,SO2,1,161.0,3.0559006211180124,3.487922818822417,0.0,1.0,1.0,4.0,20.0
2013-02-24,CHO,CO,15,0.0,,,,,,,
2013-02-24,CHO,NO,1,161.0,27.055900621118013,58.15348747573154,0.0,4.0,6.0,13.0,383.0
2013-02-24,CHO,NO2,1,161.0,18.049689440993788,11.567087599216592,3.0,8.0,16.0,26.0,57.0
2013-02-24,CHO,NOX,1,161.0,45.142857142857146,65.71670802988926,5.0,12.0,21.0,42.0,440.0
2013-02-24,CHO,O3,1,161.0,27.211180124223603,18.942481997446972,1.0,11.0,24.0,45.0,68.0
2013-02-24,CHO,PM10,2,158.0,81.48101265822785,47.445271390434044,9.0,48.25,73.5,105.0,275.0
2013-02-24,CHO,SO2,1,161.0,3.8322981366459627,3.3823734729563832,0.0,2.0,3.0,5.0,18.0
2013-02-24,COY,NO,1,159.0,29.28301886792453,42.70522039583221,0.0,2.0,9.0,40.5,243.0
2013-02-24,COY,NO2,1,159.0,31.42138364779874,16.40831205220439,5.0,18.0,33.0,39.0,119.0
2013-02-24,COY,NOX,1,159.0,60.57232704402516,53.47511655078661,5.0,19.0,44.0,81.5,283.0
2013-02-24,COY,O3,1,159.0,25.660377358490567,25.15668121957429,3.0,4.0,12.0,46.0,104.0
2013-02-24,COY,PM2.5,2,159.0,21.87421383647799,8.54899663841347,5.0,16.0,21.0,25.0,62.0
2013-02-24,CUA,CO,15,156.0,0.4705128205128203,0.289430575266488,0.2,0.3,0.4,0.525,1.7
2013-02-24,CUA,NO,1,155.0,10.90967741935484,18.48494218431865,1.0,3.0,4.0,10.0,122.0
2013-02-24,CUA,NO2,1,155.0,18.561290322580646,12.297230113083453,5.0,9.0,14.0,25.0,58.0
2013-02-24,CUA,NOX,1,155.0,29.47741935483871,28.743680385924748,7.0,12.0,18.0,34.0,177.0
2013-02-24,CUA,O3,1,155.0,32.83225806451613,17.508743402008772,3.0,23.0,32.0,41.0,98.0
2013-02-24,CUA,SO2,1,154.0,3.831168831168831,2.45430179841742,1.0,3.0,3.0,4.0,15.0
2013-02-24,CUT,NO,1,157.0,40.31210191082803,57.04259019535034,0.0,2.0,13.0,53.0,261.0
2013-02-24,CUT,NO2,1,157.0,25.662420382165607,11.199561655872273,3.0,18.0,27.0,33.0,61.0
2013-02-24,CUT,NOX,1,157.0,66.00636942675159,63.75066584019163,4.0,20.0,46.0,86.0,297.0
2013-02-24,CUT,O3,1,157.0,25.471337579617835,30.131881171659373,0.0,1.0,14.0,41.0,110.0
2013-02-24,CUT,PM10,2,154.0,89.18831168831169,48.00595952662702,2.0,56.5,81.0,114.5,238.0
2013-02-24,CUT,SO2,1,156.0,3.0,3.0522334498294956,0.0,1.0,2.0,4.0,20.0
2013-02-24,FAC,CO,15,126.0,1.1730158730158724,0.8435555890076436,0.4,0.6,0.9,1.5750000000000002,4.7
2013-02-24,FAC,NO,1,126.0,42.523809523809526,61.13443733748949,2.0,7.0,15.5,53.75,310.0
2013-02-24,FAC,NO2,1,126.0,28.11904761904762,14.611013458542645,5.0,19.0,27.5,34.75,90.0
2013-02-24,FAC,NOX,1,126.0,70.64285714285714,68.73781658280565,7.0,26.25,44.0,92.5,342.0
2013-02-24,FAC,O3,1,126.0,23.30952380952381,22.063712937115287,1.0,4.0,14.0,42.0,81.0
2013-02-24,FAC,PM10,2,134.0,55.514925373134325,29.007319551940224,7.0,33.25,50.0,68.75,148.0
2013-02-24,FAC,SO2,1,126.0,1.5952380952380953,1.6108560279730584,0.0,1.0,1.0,2.0,7.0
2013-02-24,HGM,CO,15,155.0,0.9954838709677424,0.7225803272187938,0.3,0.5,0.7,1.2,4.1
2013-02-24,HGM,NO,1,156.0,34.11538461538461,49.65415377985061,1.0,5.0,10.0,37.75,260.0
2013-02-24,HGM,NO2,1,156.0,35.21153846153846,16.382527913715645,9.0,23.0,36.0,44.0,108.0
2013-02-24,HGM,NOX,1,156.0,69.33333333333333,59.91082979630409,13.0,26.75,47.0,84.75,314.0
2013-02-24,HGM,O3,1,156.0,25.243589743589745,26.89822437954854,0.0,2.0,14.0,46.25,114.0
2013-02-24,HGM,PM10,2,147.0,55.63265306122449,19.680698294999825,22.0,42.0,50.0,65.0,134.0
2013-02-24,HGM,PM2.5,2,147.0,22.816326530612244,13.084038382158548,4.0,15.5,19.0,26.5,93.0
2013-02-24,HGM,PMCO,2,147.0,32.843537414965986,12.62672783796889,12.0,24.0,30.0,40.0,88.0
2013-02-24,HGM,SO2,1,156.0,3.4935897435897436,2.7297566826977144,1.0,2.0,2.0,4.0,16.0
2013-02-24,IZT,CO,15,156.0,0.9570512820512818,0.7771006643379446,0.0,0.4,0.7,1.225,4.3
2013-02-24,IZT,NO,1,156.0,38.35897435897436,54.823582013105685,1.0,6.0,14.5,45.75,332.0
2013-02-24,IZT,NO2,1,156.0,31.44871794871795,16.368851171304627,6.0,20.0,30.5,39.25,92.0
2013-02-24,IZT,NOX,1,156.0,69.78846153846153,65.49178816934126,9.0,25.0,47.5,86.0,403.0
2013-02-24,IZT,O3,1,156.0,24.80128205128205,25.877483018601303,0.0,2.0,13.0,46.25,112.0
2013-02-24,IZT,PM10,2,155.0,49.89677419354839,17.01075831988426,16.0,39.0,47.0,59.0,101.0
2013-02-24,IZT,SO2,1,144.0,3.2222222222222223,3.4162189143191175,0.0,1.0,2.0,4.0,16.0
2013-02-24,LLA,CO,15,0.0,,,,,,,
2013-02-24,LLA,NO,1,161.0,62.32919254658385,97.15913340993188,0.0,2.0,16.0,76.0,501.0
2013-02-24,LLA,NO2,1,161.0,34.18012422360248,15.093412552649323,9.0,19.0,36.0,44.0,66.0
2013-02-24,LLA,NOX,1,161.0,96.51552795031056,104.9776229483016,10.0,23.0,62.0,125.0,543.0
2013-02-24,LLA,O3,1,161.0,25.801242236024844,27.82014105728448,1.0,2.0,13.0,48.0,106.0
2013-02-24,LLA,SO2,1,161.0,3.658385093167702,3.919670888706909,0.0,1.0,2.0,5.0,24.0
2013-02-24,LPR,CO,15,159.0,0.8962264150943398,0.827676845797911,0.0,0.4,0.6,1.1,4.0
2013-02-24,LPR,NO,1,159.0,38.666666666666664,49.08461651127642,0.0,9.0,17.0,47.0,228.0
2013-02-24,LPR,NO2,1,159.0,38.40880503144654,18.607271559584614,12.0,26.0,37.0,45.5,131.0
2013-02-24,LPR,NOX,1,159.0,77.12578616352201,62.26400936745837,16.0,35.0,54.0,87.0,331.0
2013-02-24,LPR,O3,1,158.0,26.449367088607595,27.1186464790929,2.0,3.0,16.0,44.75,113.0
2013-02-24,LPR,SO2,1,159.0,3.7232704402515724,3.456624441223693,1.0,2.0,2.0,4.0,22.0
2013-02-24,MER,CO,15,153.0,1.3418300653594764,0.9895915145498548,0.4,0.7,0.9,1.7,5.5
2013-02-24,MER,NO,1,151.0,51.99337748344371,71.90285081865592,1.0,8.0,19.0,65.5,344.0
2013-02-24,MER,NO2,1,151.0,37.63576158940398,17.540613232802933,10.0,27.0,35.0,43.0,109.0
2013-02-24,MER,NOX,1,151.0,89.68211920529801,82.22468168467239,14.0,35.5,57.0,118.0,423.0
2013-02-24,MER,O3,1,153.0,21.88888888888889,23.934547689467937,1.0,2.0,10.0,40.0,100.0
2013-02-24,MER,PM10,2,157.0,66.01273885350318,24.211670014406135,25.0,49.0,60.0,75.0,144.0
2013-02-24,MER,PM2.5,2,157.0,22.089171974522294,10.870670842518832,4.0,15.0,20.0,25.0,64.0
2013-02-24,MER,PMCO,2,157.0,43.904458598726116,17.14709493205342,15.0,31.0,39.0,53.0,98.0
2013-02-24,MER,SO2,1,153.0,3.549019607843137,3.7380356093432625,0.0,1.0,2.0,5.0,20.0
2013-02-24,MON,CO,15,0.0,,,,,,,
2013-02-24,MON,NO,1,137.0,25.277372262773724,52.21980269059076,0.0,1.0,2.0,16.0,236.0
2013-02-24,MON,NO2,1,137.0,17.00729927007299,9.965009629555398,3.0,9.0,14.0,25.0,42.0
2013-02-24,MON,NOX,1,137.0,42.306569343065696,59.07118861317644,5.0,11.0,16.0,40.0,263.0
2013-02-24,MON,O3,1,137.0,31.67153284671533,22.40736141153665,2.0,12.0,31.0,49.0,100.0
2013-02-24,MON,SO2,1,0.0,,,,,,,
2013-02-24,NEZ,CO,15,159.0,0.8440251572327049,0.704289856447439,0.2,0.4,0.6,0.9,4.2
2013-02-24,NEZ,NO,1,159.0,27.09433962264151,46.34266870218945,1.0,3.0,8.0,26.0,283.0
2013-02-24,NEZ,NO2,1,159.0,28.566037735849058,14.87693325460117,6.0,14.0,30.0,39.5,72.0
2013-02-24,NEZ,NOX,1,159.0,55.64779874213836,54.82366881963769,9.0,18.0,40.0,69.0,330.0
2013-02-24,NEZ,O3,1,159.0,26.67924528301887,24.24461854805559,1.0,3.5,20.0,47.5,100.0
2013-02-24,NEZ,PM2.5,2,159.0,24.08805031446541,10.353488770408328,4.0,18.0,23.0,29.0,57.0
2013-02-24,NEZ,SO2,1,159.0,5.012578616352202,2.9766760439589457,2.0,3.0,4.0,6.0,25.0
2013-02-24,PED,CO,15,156.0,0.4942307692307692,0.34979079178115624,0.1,0.2,0.4,0.6,1.6
2013-02-24,PED,NO,1,156.0,14.096153846153847,21.868751854925513,1.0,2.0,3.0,19.0,100.0
2013-02-24,PED,NO2,1,156.0,22.147435897435898,13.487774386424551,3.0,11.0,17.5,30.0,74.0
2013-02-24,PED,NOX,1,156.0,36.23717948717949,32.29583258434383,4.0,13.75,21.0,51.25,142.0
2013-02-24,PED,O3,1,156.0,33.94230769230769,24.68857392362171,3.0,13.0,29.0,49.0,115.0
2013-02-24,PED,PM10,2,159.0,44.534591194968556,17.4122682903568,12.0,32.0,43.0,55.5,102.0
2013-02-24,PED,PM2.5,2,159.0,14.918238993710691,8.42537498955817,1.0,10.0,14.0,18.5,52.0
2013-02-24,PED,PMCO,2,159.0,29.635220125786162,11.971179200002801,8.0,21.0,30.0,38.0,68.0
2013-02-24,PED,SO2,1,156.0,2.358974358974359,1.9208489989475066,0.0,1.0,2.0,3.0,9.0
2013-02-24,SAG,CO,15,0.0,,,,,,,
2013-02-24,SAG,NO,1,145.0,45.93103448275862,62.08044234571046,2.0,7.0,16.0,59.0,315.0
2013-02-24,SAG,NO2,1,145.0,30.22758620689655,11.452040591810484,9.0,22.0,30.0,39.0,61.0
2013-02-24,SAG,NOX,1,145.0,76.1655172413793,66.57149600587152,13.0,31.0,55.0,95.0,346.0
2013-02-24,SAG,O3,1,145.0,21.041379310344826,23.07110863482391,1.0,2.0,10.0,38.0,96.0
2013-02-24,SAG,PM10,2,149.0,71.28859060402685,30.121442327103896,5.0,49.0,64.0,86.0,195.0
2013-02-24,SAG,PM2.5,2,149.0,24.28187919463087,10.146947708356356,1.0,18.0,23.0,31.0,57.0
2013-02-24,SAG,PMCO,2,149.0,47.006711409395976,24.519847626476228,3.0,30.0,42.0,58.0,138.0
2013-02-24,SAG,SO2,1,0.0,,,,,,,
2013-02-24,SFE,CO,15,156.0,0.4250000000000001,0.2594348696935384,0.1,0.2,0.3,0.5,1.4
2013-02-24,SFE,NO,1,156.0,11.576923076923077,17.786199239148583,1.0,2.0,4.0,12.25,101.0
2013-02-24,SFE,NO2,1,156.0,21.865384615384617,12.513263434716006,4.0,13.0,18.5,29.0,68.0
2013-02-24,SFE,NOX,1,156.0,33.51923076923077,28.02820495416812,6.0,15.75,23.0,43.0,141.0
2013-02-24,SFE,O3,1,156.0,33.34615384615385,21.25077724458001,1.0,20.0,29.5,46.0,112.0
2013-02-24,SFE,PM10,2,161.0,37.79503105590062,16.24773753958623,5.0,25.0,37.0,49.0,86.0
2013-02-24,SFE,PM2.5,2,161.0,13.596273291925465,6.772535420715399,2.0,9.0,12.0,18.0,39.0
2013-02-24,SFE,PMCO,2,161.0,24.242236024844722,12.545804277484333,3.0,15.0,24.0,31.0,69.0
2013-02-24,SFE,SO2,1,156.0,1.5961538461538463,2.285378054851764,0.0,0.0,1.0,2.0,11.0
2013-02-24,SJA,CO,15,160.0,1.049375,1.0048934907108098,0.2,0.4,0.7,1.3,5.7
2013-02-24,SJA,NO,1,160.0,59.95625,88.69624135853827,0.0,4.0,20.5,79.5,443.0
2013-02-24,SJA,NO2,1,160.0,35.4,14.770018927526687,8.0,23.75,37.0,45.0,76.0
2013-02-24,SJA,NOX,1,160.0,95.3125,95.24131466368955,8.0,27.0,58.5,124.5,479.0
2013-02-24,SJA,O3,1,160.0,23.3,26.483363711188932,1.0,1.0,9.0,46.25,110.0
2013-02-24,SJA,PM2.5,2,159.0,26.19496855345912,11.41145215768379,2.0,19.0,25.0,34.0,59.0
2013-02-24,SJA,SO2,1,160.0,4.54375,4.0683575333134,1.0,2.0,3.5,5.25,30.0
2013-02-24,SUR,CO,15,161.0,0.9136645962732926,0.6459002336284161,0.2,0.5,0.7,1.2,3.5
2013-02-24,SUR,NO,1,161.0,26.503105590062113,41.24986730639305,0.0,3.0,8.0,34.0,254.0
2013-02-24,SUR,NO2,1,161.0,27.832298136645964,15.067031901159533,4.0,14.0,29.0,39.0,102.0
2013-02-24,SUR,NOX,1,161.0,54.35403726708075,50.936530351247946,8.0,18.0,37.0,75.0,296.0
2013-02-24,SUR,O3,1,161.0,24.366459627329192,24.016580064872322,1.0,2.0,16.0,43.0,98.0
2013-02-24,SUR,PM10,2,161.0,59.11180124223603,31.51963550487613,7.0,41.0,51.0,71.0,270.0
2013-02-24,SUR,SO2,1,161.0,4.484472049689441,2.3105886427004694,3.0,3.0,3.0,5.0,16.0
2013-02-24,TAH,CO,15,154.0,0.6649350649350648,0.4846038025326264,0.1,0.3,0.5,0.8,2.6
2013-02-24,TAH,NO,1,154.0,5.876623376623376,12.938935476653121,0.0,0.0,0.5,5.0,77.0
2013-02-24,TAH,NO2,1,154.0,16.72077922077922,11.327851473103348,2.0,6.0,14.0,23.75,58.0
2013-02-24,TAH,NOX,1,154.0,22.435064935064936,21.998789427381347,2.0,6.0,15.0,29.0,113.0
2013-02-24,TAH,O3,1,154.0,32.6948051948052,20.572946231117935,3.0,15.25,27.5,50.0,82.0
2013-02-24,TAH,PM10,2,154.0,61.85064935064935,30.701127795923092,12.0,44.0,55.0,72.0,229.0
2013-02-24,TAH,SO2,1,154.0,4.0064935064935066,2.330521424016673,1.0,3.0,3.0,4.0,21.0
2013-02-24,TLA,CO,15,154.0,1.0961038961038967,0.7255273598696064,0.3,0.6,0.8500000000000001,1.3,4.0
2013-02-24,TLA,NO,1,154.0,49.68181818181818,64.05764403070187,4.0,13.0,22.0,57.5,334.0
2013-02-24,TLA,NO2,1,154.0,36.116883116883116,15.1480484957,10.0,28.0,35.0,42.0,99.0
2013-02-24,TLA,NOX,1,154.0,85.82467532467533,73.11698327582963,16.0,43.25,59.0,95.0,400.0
2013-02-24,TLA,O3,1,154.0,22.948051948051948,26.563474900597427,0.0,1.0,9.5,42.25,108.0
2013-02-24,TLA,PM10,2,159.0,65.34591194968553,26.760538541955565,26.0,46.0,59.0,77.0,178.0
2013-02-24,TLA,PM2.5,2,159.0,23.19496855345912,11.185138188528255,6.0,16.0,21.0,28.0,77.0
2013-02-24,TLA,PMCO,2,159.0,42.113207547169814,18.651358633810876,15.0,29.0,38.0,50.0,113.0
2013-02-24,TLA,SO2,1,154.0,4.220779220779221,4.4681103216418885,1.0,1.0,2.0,6.0,31.0
2013-02-24,TLI,CO,15,161.0,0.847826086956522,0.5384105028370246,0.2,0.5,0.7,1.0,3.0
2013-02-24,TLI,NO,1,161.0,41.4472049689441,58.1695690010161,1.0,4.0,13.0,59.0,323.0
2013-02-24,TLI,NO2,1,161.0,32.95652173913044,14.877981980970642,8.0,23.0,34.0,39.0,94.0
2013-02-24,TLI,NOX,1,161.0,74.45341614906832,67.037018720122,10.0,27.0,48.0,104.0,367.0
2013-02-24,TLI,O3,1,161.0,24.950310559006212,27.74815337149393,1.0,2.0,11.0,45.0,102.0
2013-02-24,TLI,PM10,2,161.0,63.06832298136646,34.12351173011111,4.0,37.0,56.0,88.0,173.0
2013-02-24,TLI,SO2,1,161.0,4.670807453416149,4.349966088252196,1.0,2.0,3.0,5.0,23.0
2013-02-24,TPN,CO,15,0.0,,,,,,,
2013-02-24,TPN,NO,1,160.0,8.54375,13.584974531402997,0.0,1.0,4.0,8.0,84.0
2013-02-24,TPN,NO2,1,160.0,12.1,11.440411656401372,0.0,5.0,8.0,15.25,65.0
2013-02-24,TPN,NOX,1,160.0,20.59375,23.918440262508653,0.0,7.0,11.0,23.0,143.0
2013-02-24,TPN,O3,1,160.0,37.80625,19.45984314641357,7.0,21.0,34.0,50.0,103.0
2013-02-24,TPN,SO2,1,160.0,1.05,1.8042577177193102,0.0,0.0,0.0,1.0,8.0
2013-02-24,UAX,CO,15,156.0,0.7250000000000008,0.4681638808738226,0.2,0.4,0.6,0.9,3.5
2013-02-24,UAX,NO,1,156.0,15.33974358974359,23.429646726749457,1.0,2.0,4.0,16.0,124.0
2013-02-24,UAX,NO2,1,156.0,23.96794871794872,16.346419109412885,4.0,12.0,22.0,31.0,120.0
2013-02-24,UAX,NOX,1,156.0,39.33974358974359,36.12103252817631,7.0,15.0,25.5,53.25,231.0
2013-02-24,UAX,O3,1,156.0,31.83974358974359,26.078911711627494,0.0,7.0,29.0,51.25,113.0
2013-02-24,UAX,PM2.5,2,149.0,21.40268456375839,10.108813028863995,1.0,16.0,20.0,26.0,60.0
2013-02-24,UAX,SO2,1,156.0,2.4358974358974357,2.570752336672961,1.0,1.0,2.0,2.0,14.0
2013-02-24,UIZ,CO,15,155.0,1.189677419354838,0.906052820451348,0.1,0.6,1.0,1.4,4.5
2013-02-24,UIZ,NO,1,151.0,29.43708609271523,51.97827445628162,1.0,2.0,6.0,22.5,278.0
2013-02-24,UIZ,NO2,1,151.0,30.56953642384106,16.04348670905625,5.0,18.0,30.0,39.5,107.0
2013-02-24,UIZ,NOX,1,151.0,60.033112582781456,61.83304588093576,7.0,21.5,37.0,69.5,321.0
2013-02-24,UIZ,O3,1,155.0,25.980645161290322,23.62352749970071,2.0,5.0,17.0,44.0,87.0
2013-02-24,UIZ,PM10,2,153.0,57.71895424836601,22.995553779721213,27.0,42.0,51.0,71.0,165.0
2013-02-24,UIZ,PM2.5,2,153.0,23.026143790849673,10.547478940747123,7.0,14.0,22.0,28.0,68.0
2013-02-24,UIZ,PMCO,2,153.0,34.751633986928105,17.286776603486185,16.0,23.0,32.0,41.0,135.0
2013-02-24,UIZ,SO2,1,155.0,3.2774193548387096,3.7024658050122903,0.0,1.0,2.0,4.0,25.0
2013-02-24,VIF,CO,15,159.0,1.152830188679245,0.5841591729452174,0.3,0.7,1.0,1.4,3.4
2013-02-24,VIF,NO,1,159.0,34.60377358490566,36.40750702737569,2.0,5.0,19.0,54.5,162.0
2013-02-24,VIF,NO2,1,159.0,28.572327044025158,12.747031979932762,7.0,19.5,28.0,35.0,71.0
2013-02-24,VIF,NOX,1,159.0,63.17610062893082,43.86739722309783,10.0,25.0,56.0,89.5,214.0
2013-02-24,VIF,O3,1,159.0,27.79874213836478,30.403776388155045,2.0,3.0,11.0,51.0,118.0
2013-02-24,VIF,PM10,2,158.0,94.63291139240506,41.41576585714068,19.0,61.25,92.0,122.25,222.0
2013-02-24,VIF,SO2,1,158.0,4.310126582278481,6.6485014821685375,0.0,1.0,2.0,4.0,53.0
2013-02-24,XAL,CO,15,144.0,1.3569444444444443,1.2116943449992603,0.3,0.6,0.9,1.7,6.9
2013-02-24,XAL,NO,1,122.0,85.8360655737705,109.35697558917852,4.0,13.5,35.0,108.25,648.0
2013-02-24,XAL,NO2,1,122.0,41.131147540983605,15.07992525776254,13.0,30.25,41.0,51.0,83.0
2013-02-24,XAL,NOX,1,122.0,126.93442622950819,117.09858371975385,17.0,45.0,84.5,158.0,715.0
2013-02-24,XAL,O3,1,125.0,23.352,24.123424568315873,2.0,4.0,12.0,41.0,106.0
2013-02-24,XAL,PM10,2,150.0,85.39333333333333,42.37320551788947,29.0,55.0,74.0,100.5,217.0
2013-02-24,XAL,PM2.5,2,150.0,33.95333333333333,20.441875912639244,1.0,20.0,28.0,43.0,125.0
2013-02-24,XAL,PMCO,2,150.0,51.446666666666665,26.5331340700532,16.0,33.25,44.0,62.75,133.0
2013-02-24,XAL,SO2,1,143.0,8.6993006993007,5.734790005653497,2.0,4.0,7.0,12.0,29.0
2013-03-03,ACO,CO,15,155.0,0.3038709677419359,0.22444270693677995,0.1,0.2,0.2,0.4,1.1
2013-03-03,ACO,NO,1,155.0,12.483870967741936,18.349547868986573,1.0,2.0,4.0,13.0,113.0
2013-03-03,ACO,NO2,1,155.0,15.09032258064516,8.251224027210393,3.0,9.0,13.0,21.0,42.0
2013-03-03,ACO,NOX,1,155.0,27.580645161290324,23.891494701286135,5.0,12.0,18.0,33.0,137.0
2013-03-03,ACO,O3,1,155.0,31.36774193548387,21.992920748501177,1.0,10.5,32.0,48.0,95.0
2013-03-03,ACO,PM10,2,148.0,66.3108108108108,40.087124733586734,12.0,42.75,58.0,79.25,245.0
2013-03-03,ACO,SO2,1,155.0,3.0387096774193547,5.671624370458709,0.0,1.0,1.0,2.0,44.0
2013-03-03,ATI,CO,15,155.0,0.8270967741935487,0.5938329903635128,0.0,0.4,0.7,1.1,3.3
2013-03-03,ATI,NO,1,155.0,17.135483870967743,30.232449544259012,0.0,3.0,5.0,16.0,174.0
2013-03-03,ATI,NO2,1,155.0,24.051612903225806,13.61664067330142,4.0,14.0,23.0,31.0,79.0
2013-03-03,ATI,NOX,1,155.0,41.116129032258065,38.7623386034591,7.0,17.0,29.0,50.0,222.0
2013-03-03,ATI,O3,1,155.0,24.193548387096776,20.407885149819606,0.0,7.0,21.0,34.0,92.0
2013-03-03,ATI,PM10,2,155.0,65.78064516129032,51.36908350205213,2.0,35.0,49.0,80.0,374.0
2013-03-03,ATI,SO2,1,155.0,16.496774193548386,32.40117325788745,0.0,1.0,1.0,16.5,192.0
2013-03-03,CAM,CO,15,161.0,0.9136645962732916,0.7841792599917714,0.3,0.5,0.7,1.0,5.7
2013-03-03,CAM,NO,1,161.0,44.58385093167702,76.84786586221915,4.0,8.0,15.0,41.0,498.0
2013-03-03,CAM,NO2,1,161.0,29.770186335403725,13.644251741669903,6.0,20.0,30.0,36.0,79.0
2013-03-03,CAM,NOX,1,161.0,74.40993788819875,83.5238343266227,13.0,27.0,47.0,82.0,547.0
2013-03-03,CAM,O3,1,161.0,22.472049689440993,22.63682346084617,1.0,2.0,16.0,35.0,96.0
2013-03-03,CAM,PM10,2,161.0,56.70807453416149,34.82180346987228,17.0,32.0,45.0,68.0,228.0
2013-03-03,CAM,PM2.5,2,161.0,25.869565217391305,17.75145431886589,5.0,13.0,19.0,33.0,88.0
2013-03-03,CAM,PMCO,2,161.0,30.850931677018632,22.537250048565213,9.0,17.0,25.0,36.0,188.0
2013-03-03,CAM,SO2,1,161.0,14.751552795031056,28.209269543870835,0.0,1.0,2.0,11.0,136.0
2013-03-03,CHO,CO,15,0.0,,,,,,,
2013-03-03,CHO,NO,1,33.0,33.90909090909091,65.83519368295902,1.0,6.0,9.0,11.0,250.0
2013-03-03,CHO,NO2,1,33.0,14.878787878787879,8.637699258763789,4.0,7.0,13.0,21.0,34.0
2013-03-03,CHO,NOX,1,33.0,48.72727272727273,71.56739512833023,5.0,14.0,20.0,36.0,278.0
2013-03-03,CHO,O3,1,33.0,21.696969696969695,16.616040534083414,1.0,9.0,17.0,32.0,61.0
2013-03-03,CHO,PM10,2,36.0,80.05555555555556,61.11485414222468,12.0,28.0,73.0,104.25,278.0
2013-03-03,CHO,SO2,1,33.0,2.787878787878788,1.7634762501515255,1.0,2.0,2.0,4.0,8.0
2013-03-03,COY,NO,1,161.0,18.440993788819874,27.49928288167185,0.0,3.0,7.0,22.0,190.0
2013-03-03,COY,NO2,1,161.0,27.93167701863354,12.814115373096616,6.0,17.0,26.0,36.0,70.0
2013-03-03,COY,NOX,1,161.0,46.26086956521739,33.71822981324985,9.0,21.0,37.0,61.0,219.0
2013-03-03,COY,O3,1,161.0,26.652173913043477,22.219996869251926,3.0,7.0,22.0,42.0,89.0
2013-03-03,COY,PM2.5,2,159.0,22.440251572327043,14.831795812541323,2.0,12.5,17.0,26.5,69.0
2013-03-03,CUA,CO,15,144.0,0.5229166666666668,0.29653447069049554,0.2,0.3,0.5,0.6,2.2
2013-03-03,CUA,NO,1,144.0,9.972222222222221,13.147333184048001,1.0,4.0,5.5,9.0,77.0
2013-03-03,CUA,NO2,1,144.0,17.555555555555557,12.57802377985835,3.0,8.0,15.0,22.25,88.0
2013-03-03,CUA,NOX,1,144.0,27.54861111111111,23.42278785850419,4.0,13.0,20.5,33.0,165.0
2013-03-03,CUA,O3,1,144.0,30.944444444444443,15.72080612257988,3.0,20.0,31.0,40.25,80.0
2013-03-03,CUA,PM10,2,61.0,42.68852459016394,29.287392613891367,2.0,18.0,41.0,61.0,135.0
2013-03-03,CUA,SO2,1,144.0,6.875,10.480668184538885,2.0,3.0,3.0,4.0,59.0
2013-03-03,CUT,NO,1,161.0,21.819875776397517,42.81309498838495,0.0,2.0,6.0,22.0,277.0
2013-03-03,CUT,NO2,1,161.0,22.906832298136646,12.053423394536102,4.0,12.0,24.0,33.0,55.0
2013-03-03,CUT,NOX,1,161.0,44.77018633540373,48.75618530596976,5.0,14.0,33.0,56.0,306.0
2013-03-03,CUT,O3,1,161.0,22.88198757763975,22.855901557909387,0.0,2.0,19.0,36.0,93.0
2013-03-03,CUT,PM10,2,157.0,80.50955414012739,46.094748829684825,13.0,48.0,69.0,108.0,291.0
2013-03-03,CUT,SO2,1,161.0,19.267080745341616,37.194044846583864,0.0,1.0,2.0,20.0,274.0
2013-03-03,FAC,CO,15,158.0,1.1772151898734171,0.9176887843875655,0.3,0.7,0.9,1.4,6.2
2013-03-03,FAC,NO,1,158.0,38.79113924050633,72.25644826512936,1.0,7.0,12.0,34.0,460.0
2013-03-03,FAC,NO2,1,158.0,27.196202531645568,14.416223548868443,3.0,16.25,26.0,34.0,76.0
2013-03-03,FAC,NOX,1,158.0,66.0,77.88371210635101,5.0,25.25,37.5,75.5,492.0
2013-03-03,FAC,O3,1,158.0,25.00632911392405,21.676691181517814,1.0,5.25,19.5,38.0,95.0
2013-03-03,FAC,PM10,2,153.0,63.96078431372549,43.522360005328714,1.0,35.0,53.0,84.0,229.0
2013-03-03,FAC,SO2,1,158.0,13.689873417721518,25.567421023995955,0.0,1.0,2.0,12.75,142.0
2013-03-03,HGM,CO,15,155.0,0.9219354838709675,0.5988377235839977,0.3,0.5,0.7,1.1,4.0
2013-03-03,HGM,NO,1,155.0,27.419354838709676,42.82611640499652,0.0,5.0,10.0,28.5,273.0
2013-03-03,HGM,NO2,1,155.0,33.24516129032258,15.052868706827459,11.0,23.0,31.0,42.0,80.0
2013-03-03,HGM,NOX,1,155.0,60.71612903225807,50.19167867580173,14.0,29.0,44.0,74.0,324.0
2013-03-03,HGM,O3,1,155.0,24.438709677419354,23.18392968689419,0.0,4.0,21.0,39.5,96.0
2013-03-03,HGM,PM10,2,152.0,61.848684210526315,38.9061972401274,12.0,36.75,50.0,78.0,223.0
2013-03-03,HGM,PM2.5,2,152.0,24.276315789473685,16.857877820616935,1.0,12.75,18.0,34.0,82.0
2013-03-03,HGM,PMCO,2,152.0,37.578947368421055,29.142610371790298,8.0,20.0,29.5,45.0,189.0
2013-03-03,HGM,SO2,1,155.0,13.458064516129033,23.129572544681977,1.0,2.0,3.0,11.5,144.0
2013-03-03,IZT,CO,15,137.0,0.8788321167883208,0.7537582949435598,0.0,0.5,0.6,1.0,5.6
2013-03-03,IZT,NO,1,137.0,29.45985401459854,50.35083015241511,1.0,6.0,10.0,30.0,353.0
2013-03-03,IZT,NO2,1,137.0,29.124087591240876,13.141450617995432,5.0,20.0,28.0,36.0,67.0
2013-03-03,IZT,NOX,1,137.0,58.583941605839414,55.94517304728514,8.0,27.0,39.0,73.0,389.0
2013-03-03,IZT,O3,1,137.0,25.51094890510949,23.530367359298634,0.0,4.0,19.0,42.0,94.0
2013-03-03,IZT,PM10,2,138.0,52.47826086956522,28.158886370467158,12.0,33.0,49.0,66.75,170.0
2013-03-03,IZT,SO2,1,137.0,10.489051094890511,15.600300142437472,1.0,2.0,3.0,12.0,68.0
2013-03-03,LLA,CO,15,0.0,,,,,,,
2013-03-03,LLA,NO,1,156.0,31.852564102564102,53.80032431694778,0.0,3.0,12.0,34.25,322.0
2013-03-03,LLA,NO2,1,156.0,31.493589743589745,13.884080833061685,6.0,22.75,33.0,38.0,101.0
2013-03-03,LLA,NOX,1,156.0,63.33974358974359,60.804233383483954,7.0,27.75,45.0,75.0,362.0
2013-03-03,LLA,O3,1,156.0,24.525641025641026,24.225139892521593,1.0,4.0,18.0,39.0,121.0
2013-03-03,LLA,SO2,1,156.0,16.544871794871796,31.524970737233943,0.0,2.0,4.0,10.0,195.0
2013-03-03,LPR,CO,15,144.0,0.6881944444444446,0.6820881685084924,0.0,0.3,0.5,0.8,3.9
2013-03-03,LPR,NO,1,137.0,24.56934306569343,39.53271088241132,0.0,6.0,10.0,21.0,237.0
2013-03-03,LPR,NO2,1,137.0,29.642335766423358,13.37344670819831,6.0,20.0,29.0,38.0,78.0
2013-03-03,LPR,NOX,1,137.0,54.153284671532845,48.06106570734485,6.0,26.0,38.0,59.0,288.0
2013-03-03,LPR,O3,1,144.0,28.42361111111111,24.149470411054995,2.0,5.0,26.5,43.25,100.0
2013-03-03,LPR,SO2,1,144.0,8.534722222222221,14.72684300240228,0.0,1.0,2.0,5.25,61.0
2013-03-03,MER,CO,15,155.0,1.1445161290322587,0.7952082089097076,0.4,0.7,0.9,1.3,5.8
2013-03-03,MER,NO,1,155.0,39.13548387096774,55.06561345038251,0.0,9.0,20.0,40.0,367.0
2013-03-03,MER,NO2,1,155.0,32.961290322580645,12.008051341727144,10.0,24.0,31.0,40.5,69.0
2013-03-03,MER,NOX,1,155.0,72.09032258064516,59.53568914829826,15.0,35.5,52.0,80.5,402.0
2013-03-03,MER,O3,1,155.0,22.780645161290323,20.748422242548713,1.0,3.0,19.0,34.0,96.0
2013-03-03,MER,PM10,2,159.0,70.46540880503144,36.16554410880958,15.0,46.0,62.0,89.0,228.0
2013-03-03,MER,PM2.5,2,159.0,22.641509433962263,12.626716210644435,3.0,13.0,19.0,28.5,60.0
2013-03-03,MER,PMCO,2,159.0,47.861635220125784,29.830211087279682,11.0,28.5,40.0,56.0,180.0
2013-03-03,MER,SO2,1,152.0,12.078947368421053,22.65711189482081,0.0,1.0,2.0,10.5,131.0
2013-03-03,MON,CO,15,0.0,,,,,,,
2013-03-03,MON,NO,1,160.0,4.9875,8.608163085009084,0.0,1.0,2.0,3.0,50.0
2013-03-03,MON,NO2,1,160.0,13.35625,7.917298054927957,2.0,7.0,12.0,19.0,46.0
2013-03-03,MON,NOX,1,160.0,18.40625,14.708615057789737,3.0,9.0,13.0,23.0,77.0
2013-03-03,MON,O3,1,160.0,34.50625,19.82216435421558,1.0,18.0,33.0,48.0,116.0
2013-03-03,MON,SO2,1,0.0,,,,,,,
2013-03-03,NEZ,CO,15,159.0,0.7207547169811325,0.8169932116057558,0.1,0.4,0.5,0.75,8.1
2013-03-03,NEZ,NO,1,159.0,20.10691823899371,58.61228445082057,1.0,3.0,5.0,13.5,529.0
2013-03-03,NEZ,NO2,1,159.0,23.38993710691824,11.413356571310104,7.0,14.0,21.0,30.5,66.0
2013-03-03,NEZ,NOX,1,159.0,43.39622641509434,63.417445476250634,9.0,17.5,27.0,46.0,573.0
2013-03-03,NEZ,O3,1,159.0,28.572327044025158,21.62846785525463,1.0,11.0,25.0,45.0,98.0
2013-03-03,NEZ,PM2.5,2,160.0,22.9875,12.743224861635847,3.0,13.0,20.0,30.0,76.0
2013-03-03,NEZ,SO2,1,152.0,8.06578947368421,10.171816050082192,0.0,3.0,4.0,7.0,61.0
2013-03-03,PED,CO,15,153.0,0.4954248366013069,0.33626036851183744,0.1,0.3,0.4,0.6,2.0
2013-03-03,PED,NO,1,153.0,14.032679738562091,23.9303865136527,1.0,2.0,5.0,12.0,154.0
2013-03-03,PED,NO2,1,153.0,22.797385620915033,13.157127084590124,5.0,13.0,22.0,30.0,74.0
2013-03-03,PED,NOX,1,153.0,36.81699346405229,31.297477178574297,6.0,15.0,29.0,46.0,188.0
2013-03-03,PED,O3,1,153.0,28.80392156862745,19.77872954501529,3.0,11.0,26.0,41.0,84.0
2013-03-03,PED,PM10,2,154.0,49.0,33.648121469576466,12.0,27.0,39.0,62.75,226.0
2013-03-03,PED,PM2.5,2,154.0,15.792207792207792,11.71930719397981,1.0,8.0,12.0,21.0,65.0
2013-03-03,PED,PMCO,2,154.0,33.214285714285715,25.920936672566313,5.0,17.25,27.5,39.0,161.0
2013-03-03,PED,SO2,1,153.0,7.222222222222222,14.407701806500217,1.0,1.0,2.0,6.0,96.0
2013-03-03,SAG,CO,15,0.0,,,,,,,
2013-03-03,SAG,NO,1,143.0,23.20979020979021,38.43081457776569,1.0,5.0,9.0,16.5,216.0
2013-03-03,SAG,NO2,1,143.0,27.244755244755243,12.690917670244042,8.0,19.0,27.0,33.5,89.0
2013-03-03,SAG,NOX,1,143.0,50.45454545454545,45.1928149706122,10.0,24.0,37.0,55.0,251.0
2013-03-03,SAG,O3,1,144.0,25.4375,21.044315130236463,1.0,8.75,23.0,37.0,101.0
2013-03-03,SAG,PM10,2,143.0,65.43356643356644,42.58554926503898,10.0,38.0,56.0,79.0,269.0
2013-03-03,SAG,PM2.5,2,143.0,22.04895104895105,15.467971757809872,4.0,11.0,18.0,28.0,70.0
2013-03-03,SAG,PMCO,2,143.0,43.43356643356643,33.61768469890396,7.0,22.0,36.0,50.0,217.0
2013-03-03,SAG,SO2,1,0.0,,,,,,,
2013-03-03,SFE,CO,15,156.0,0.4134615384615381,0.3192908550586276,0.0,0.2,0.3,0.5,2.0
2013-03-03,SFE,NO,1,156.0,11.461538461538462,19.367876502046148,1.0,2.0,4.0,11.0,122.0
2013-03-03,SFE,NO2,1,156.0,20.525641025641026,15.3023079507208,3.0,9.75,17.0,28.0,90.0
2013-03-03,SFE,NOX,1,156.0,31.942307692307693,30.486430695896203,6.0,13.0,23.0,34.0,162.0
2013-03-03,SFE,O3,1,156.0,29.17948717948718,18.735333938839585,1.0,15.0,27.0,40.0,90.0
2013-03-03,SFE,PM10,2,154.0,39.08441558441559,26.043942579437974,7.0,17.0,33.5,51.0,135.0
2013-03-03,SFE,PM2.5,2,154.0,14.071428571428571,12.457565694945547,1.0,7.0,10.0,17.75,81.0
2013-03-03,SFE,PMCO,2,154.0,25.032467532467532,17.771394666184527,3.0,11.0,21.0,34.0,94.0
2013-03-03,SFE,SO2,1,156.0,4.32051282051282,8.935602714106675,0.0,0.0,1.0,3.0,41.0
2013-03-03,SJA,CO,15,161.0,0.8242236024844724,0.887677897488408,0.1,0.4,0.5,1.0,6.5
2013-03-03,SJA,NO,1,161.0,40.745341614906835,76.38056685956725,0.0,3.0,7.0,43.0,462.0
2013-03-03,SJA,NO2,1,161.0,29.956521739130434,12.991029513710103,9.0,21.0,31.0,38.0,69.0
2013-03-03,SJA,NOX,1,161.0,70.6583850931677,83.06887997244083,11.0,22.0,42.0,82.0,519.0
2013-03-03,SJA,O3,1,161.0,25.279503105590063,24.382681143622268,1.0,2.0,21.0,40.0,117.0
2013-03-03,SJA,PM2.5,2,158.0,24.430379746835442,14.163902755107706,3.0,13.0,22.0,33.0,70.0
2013-03-03,SJA,SO2,1,161.0,8.751552795031056,12.724990695429128,1.0,1.0,3.0,9.0,60.0
2013-03-03,SUR,CO,15,128.0,0.8851562499999999,0.5393331904809221,0.2,0.6,0.7,1.1,3.5
2013-03-03,SUR,NO,1,128.0,15.6484375,27.20282229560853,0.0,2.0,6.0,15.25,188.0
2013-03-03,SUR,NO2,1,128.0,29.1328125,14.13175967095527,5.0,17.75,28.5,38.0,77.0
2013-03-03,SUR,NOX,1,128.0,44.7421875,34.50464902916684,10.0,21.0,36.0,52.25,221.0
2013-03-03,SUR,O3,1,36.0,15.527777777777779,14.798621771949115,1.0,2.75,10.0,26.25,44.0
2013-03-03,SUR,PM10,2,126.0,59.388888888888886,38.231081014739246,6.0,32.0,51.0,80.0,220.0
2013-03-03,SUR,SO2,1,128.0,9.0078125,13.794610435489982,0.0,1.0,3.0,10.0,67.0
2013-03-03,TAH,CO,15,156.0,0.6865384615384615,0.29883354703538034,0.2,0.5,0.6,0.8250000000000001,1.8
2013-03-03,TAH,NO,1,154.0,4.441558441558442,8.028533276694668,0.0,0.0,2.0,4.0,48.0
2013-03-03,TAH,NO2,1,154.0,15.116883116883116,10.153687022760929,1.0,7.0,13.0,22.0,54.0
2013-03-03,TAH,NOX,1,154.0,19.48051948051948,15.538365245405265,1.0,7.0,14.0,27.0,82.0
2013-03-03,TAH,O3,1,156.0,33.166666666666664,22.194400146195942,2.0,12.75,31.0,51.0,86.0
2013-03-03,TAH,PM10,2,155.0,62.52903225806452,48.00883437065331,9.0,33.0,53.0,80.0,469.0
2013-03-03,TAH,SO2,1,156.0,4.487179487179487,3.2118473821597098,1.0,3.0,4.0,4.0,20.0
2013-03-03,TLA,CO,15,149.0,1.0,0.577155185464107,0.3,0.6,0.8,1.2,3.3
2013-03-03,TLA,NO,1,149.0,40.50335570469799,50.61922294846499,3.0,12.0,20.0,48.0,292.0
2013-03-03,TLA,NO2,1,149.0,33.38926174496644,12.623290041757098,9.0,23.0,34.0,41.0,72.0
2013-03-03,TLA,NOX,1,149.0,73.88590604026845,56.527621829932556,17.0,36.0,58.0,90.0,330.0
2013-03-03,TLA,O3,1,149.0,21.335570469798657,21.566556547760953,0.0,4.0,14.0,30.0,90.0
2013-03-03,TLA,PM10,2,153.0,74.06535947712419,47.16386233718264,23.0,45.0,59.0,91.0,298.0
2013-03-03,TLA,PM2.5,2,153.0,25.908496732026144,17.35062545403972,1.0,13.0,21.0,33.0,90.0
2013-03-03,TLA,PMCO,2,153.0,48.13725490196079,35.35553608543569,14.0,27.0,39.0,57.0,261.0
2013-03-03,TLA,SO2,1,149.0,20.21476510067114,35.11055199793724,0.0,1.0,4.0,16.0,161.0
2013-03-03,TLI,CO,15,157.0,0.5796178343949043,0.49351419763735166,0.0,0.3,0.4,0.7,2.8
2013-03-03,TLI,NO,1,157.0,27.11464968152866,48.13295797045374,0.0,3.0,7.0,28.0,314.0
2013-03-03,TLI,NO2,1,157.0,25.866242038216562,13.360914841528645,6.0,16.0,25.0,35.0,85.0
2013-03-03,TLI,NOX,1,157.0,52.97452229299363,56.76762677168709,8.0,18.0,32.0,65.0,352.0
2013-03-03,TLI,O3,1,157.0,22.662420382165607,20.56651315451811,1.0,3.0,21.0,34.0,84.0
2013-03-03,TLI,PM10,2,152.0,62.625,44.26004020491167,1.0,34.0,51.0,71.25,303.0
2013-03-03,TLI,SO2,1,157.0,21.0,36.9604778523888,1.0,2.0,3.0,14.0,170.0
2013-03-03,TPN,CO,15,0.0,,,,,,,
2013-03-03,TPN,NO,1,140.0,8.242857142857142,10.326937206441023,0.0,2.0,5.0,11.0,57.0
2013-03-03,TPN,NO2,1,140.0,19.757142857142856,14.34561644553717,0.0,9.75,18.0,27.0,78.0
2013-03-03,TPN,NOX,1,140.0,28.021428571428572,21.703186735852046,0.0,13.0,22.5,40.0,99.0
2013-03-03,TPN,O3,1,68.0,33.89705882352941,17.589124613044405,6.0,19.0,31.0,44.25,79.0
2013-03-03,TPN,SO2,1,140.0,2.842857142857143,7.343838437835332,0.0,0.0,1.0,1.0,51.0
2013-03-03,UAX,CO,15,156.0,0.6807692307692303,0.3757341861742816,0.2,0.4,0.6,0.8,2.4
2013-03-03,UAX,NO,1,156.0,13.826923076923077,23.002430015120055,1.0,2.0,4.0,13.0,124.0
2013-03-03,UAX,NO2,1,156.0,23.916666666666668,12.560541560819546,4.0,13.0,21.5,33.0,65.0
2013-03-03,UAX,NOX,1,156.0,37.71153846153846,30.299155660626898,6.0,16.0,28.5,46.0,164.0
2013-03-03,UAX,O3,1,156.0,30.846153846153847,24.38485882572159,0.0,7.0,28.0,50.0,90.0
2013-03-03,UAX,PM2.5,2,153.0,18.392156862745097,11.088303044031798,1.0,10.0,17.0,23.0,57.0
2013-03-03,UAX,SO2,1,156.0,5.455128205128205,9.221533669041385,1.0,1.0,2.0,3.25,47.0
2013-03-03,UIZ,CO,15,158.0,1.3651898734177217,0.8158405626046461,0.3,1.0,1.1,1.4,5.5
2013-03-03,UIZ,NO,1,158.0,23.082278481012658,46.83756524780448,0.0,3.0,7.0,19.0,288.0
2013-03-03,UIZ,NO2,1,158.0,26.588607594936708,12.8058156308931,8.0,17.0,24.0,33.0,75.0
2013-03-03,UIZ,NOX,1,158.0,49.677215189873415,53.938779756518294,11.0,20.0,33.0,56.75,333.0
2013-03-03,UIZ,O3,1,158.0,28.22151898734177,23.556037920642456,1.0,6.25,25.0,43.75,95.0
2013-03-03,UIZ,PM10,2,156.0,59.07692307692308,37.387687892611595,12.0,33.0,51.0,74.25,236.0
2013-03-03,UIZ,PM2.5,2,156.0,19.66025641025641,10.095988852092278,4.0,11.0,17.0,25.0,50.0
2013-03-03,UIZ,PMCO,2,156.0,39.42307692307692,32.22081844769319,7.0,19.0,30.5,48.25,193.0
2013-03-03,UIZ,SO2,1,158.0,6.0886075949367084,10.11360926259142,0.0,1.0,2.0,6.75,53.0
2013-03-03,VIF,CO,15,161.0,0.9633540372670801,0.6838941293242862,0.4,0.6,0.8,1.1,5.6
2013-03-03,VIF,NO,1,161.0,22.391304347826086,41.0871290541581,1.0,3.0,6.0,24.0,314.0
2013-03-03,VIF,NO2,1,161.0,20.70186335403727,10.799215666251468,4.0,11.0,20.0,29.0,53.0
2013-03-03,VIF,NOX,1,161.0,43.08074534161491,47.71228551894152,6.0,15.0,27.0,56.0,348.0
2013-03-03,VIF,O3,1,161.0,28.664596273291924,23.6532091108635,2.0,7.0,26.0,43.0,108.0
2013-03-03,VIF,PM10,2,157.0,83.12101910828025,53.823232796798365,1.0,44.0,74.0,105.0,279.0
2013-03-03,VIF,SO2,1,160.0,16.91875,32.42969597171107,0.0,1.0,2.0,15.0,190.0
2013-03-03,XAL,CO,15,151.0,0.982781456953642,0.8731369949329425,0.2,0.45,0.7,1.2,5.5
2013-03-03,XAL,NO,1,147.0,48.35374149659864,69.06467117418626,3.0,12.0,20.0,56.5,424.0
2013-03-03,XAL,NO2,1,147.0,31.836734693877553,11.555726100211233,11.0,23.0,32.0,39.0,64.0
2013-03-03,XAL,NOX,1,147.0,80.22448979591837,75.55273907968784,14.0,35.5,52.0,93.0,475.0
2013-03-03,XAL,O3,1,151.0,26.225165562913908,20.779532296767567,2.0,7.0,25.0,39.0,92.0
2013-03-03,XAL,PM10,2,156.0,77.32051282051282,44.790550152472164,14.0,43.75,64.5,94.75,216.0
2013-03-03,XAL,PM2.5,2,156.0,29.128205128205128,24.465569737165385,2.0,12.75,22.0,39.0,137.0
2013-03-03,XAL,PMCO,2,156.0,48.205128205128204,29.46768989461836,9.0,28.0,41.5,58.0,171.0
2013-03-03,XAL,SO2,1,152.0,12.453947368421053,20.29609913121807,2.0,3.0,5.0,11.25,113.0
2013-03-10,ACO,CO,15,155.0,0.42580645161290276,0.23183029778502495,0.1,0.3,0.4,0.5,1.2
2013-03-10,ACO,NO,1,155.0,10.070967741935483,14.481116085556675,1.0,2.0,3.0,12.5,70.0
2013-03-10,ACO,NO2,1,155.0,18.174193548387098,9.90155988438761,4.0,10.0,16.0,25.0,62.0
2013-03-10,ACO,NOX,1,155.0,28.303225806451614,21.745390373907185,6.0,12.0,20.0,41.0,96.0
2013-03-10,ACO,O3,1,155.0,40.561290322580646,28.27717262794761,1.0,13.5,39.0,65.0,102.0
2013-03-10,ACO,PM10,2,160.0,79.38125,40.419322839516134,27.0,57.75,71.5,92.0,370.0
2013-03-10,ACO,SO2,1,155.0,2.9612903225806453,2.61584549905107,0.0,2.0,2.0,3.0,17.0
2013-03-10,ATI,CO,15,160.0,0.7906249999999998,0.7314839638079407,0.0,0.3,0.6,0.8,4.1
2013-03-10,ATI,NO,1,161.0,20.571428571428573,40.16897345677917,0.0,2.0,4.0,18.0,223.0
2013-03-10,ATI,NO2,1,161.0,30.51552795031056,17.023551917146328,5.0,18.0,29.0,38.0,98.0
2013-03-10,ATI,NOX,1,161.0,50.98136645962733,52.02949548689781,7.0,20.0,32.0,56.0,275.0
2013-03-10,ATI,O3,1,161.0,32.75776397515528,26.836490176044705,0.0,11.0,27.0,45.0,104.0
2013-03-10,ATI,PM10,2,161.0,81.50931677018633,53.53248056232105,14.0,51.0,72.0,94.0,498.0
2013-03-10,ATI,SO2,1,161.0,5.745341614906832,7.64712323614704,0.0,2.0,3.0,6.0,49.0
2013-03-10,CAM,CO,15,157.0,0.9815286624203825,0.814832187855577,0.2,0.5,0.7,1.1,4.9
2013-03-10,CAM,NO,1,157.0,47.64968152866242,77.48886323969384,3.0,6.0,11.0,50.0,407.0
2013-03-10,CAM,NO2,1,157.0,37.28662420382165,18.92835715419038,6.0,25.0,35.0,48.0,96.0
2013-03-10,CAM,NOX,1,157.0,84.94904458598727,88.95452570449748,9.0,32.0,48.0,102.0,473.0
2013-03-10,CAM,O3,1,157.0,28.802547770700638,28.286410502364557,1.0,3.0,18.0,48.0,97.0
2013-03-10,CAM,PM10,2,157.0,75.71974522292993,34.07774565097612,17.0,52.0,70.0,89.0,241.0
2013-03-10,CAM,PM2.5,2,157.0,35.67515923566879,17.68717359416485,5.0,23.0,32.0,45.0,90.0
2013-03-10,CAM,PMCO,2,157.0,40.06369426751592,23.934922862185044,12.0,26.0,35.0,49.0,202.0
2013-03-10,CAM,SO2,1,157.0,5.751592356687898,10.78261661963805,0.0,2.0,3.0,5.0,77.0
2013-03-10,CHO,CO,15,0.0,,,,,,,
2013-03-10,CHO,NO,1,0.0,,,,,,,
2013-03-10,CHO,NO2,1,0.0,,,,,,,
2013-03-10,CHO,NOX,1,0.0,,,,,,,
2013-03-10,CHO,O3,1,0.0,,,,,,,
2013-03-10,CHO,PM10,2,0.0,,,,,,,
2013-03-10,CHO,SO2,1,0.0,,,,,,,
2013-03-10,COY,NO,1,159.0,21.37735849056604,34.214638817821275,0.0,1.0,6.0,29.0,208.0
2013-03-10,COY,NO2,1,159.0,34.943396226415096,19.490746029788266,7.0,20.5,34.0,43.0,109.0
2013-03-10,COY,NOX,1,159.0,56.276729559748425,47.44269187157634,7.0,21.5,44.0,74.5,250.0
2013-03-10,COY,O3,1,159.0,30.69811320754717,26.835588197128036,2.0,5.5,22.0,53.0,91.0
2013-03-10,COY,PM2.5,2,158.0,33.74683544303797,15.059092396527202,7.0,23.0,31.0,41.0,89.0
2013-03-10,CUA,CO,15,156.0,0.6000000000000001,0.3541459513233346,0.3,0.4,0.5,0.7,1.9
2013-03-10,CUA,NO,1,156.0,12.0,22.325163005581985,1.0,3.0,4.0,9.0,167.0
2013-03-10,CUA,NO2,1,156.0,22.346153846153847,14.137414941943758,5.0,11.0,19.0,30.0,66.0
2013-03-10,CUA,NOX,1,156.0,34.37820512820513,34.13622481323302,6.0,15.0,22.0,39.0,233.0
2013-03-10,CUA,O3,1,156.0,38.967948717948715,20.572270679883285,3.0,24.0,37.0,49.25,92.0
2013-03-10,CUA,PM10,2,161.0,51.47826086956522,26.111799764790664,7.0,33.0,47.0,63.0,179.0
2013-03-10,CUA,SO2,1,156.0,4.512820512820513,3.3379290073186265,1.0,3.0,4.0,5.0,36.0
2013-03-10,CUT,NO,1,155.0,30.412903225806453,46.494488864415985,0.0,1.0,4.0,47.5,223.0
2013-03-10,CUT,NO2,1,155.0,27.55483870967742,15.048467987556666,4.0,15.0,27.0,37.0,70.0
2013-03-10,CUT,NOX,1,155.0,57.92258064516129,56.81475200372766,5.0,18.0,32.0,85.0,273.0
2013-03-10,CUT,O3,1,155.0,34.49032258064516,36.44536343801544,0.0,1.0,23.0,56.0,136.0
2013-03-10,CUT,PM10,2,160.0,98.2,59.456743961603905,19.0,62.0,81.0,116.25,438.0
2013-03-10,CUT,SO2,1,155.0,6.04516129032258,9.141273558920064,0.0,2.0,4.0,6.0,79.0
2013-03-10,FAC,CO,15,161.0,1.4236024844720492,0.8646180896753141,0.6,0.9,1.2,1.6,5.0
2013-03-10,FAC,NO,1,161.0,36.857142857142854,64.15916313579622,1.0,5.0,10.0,31.0,360.0
2013-03-10,FAC,NO2,1,161.0,34.47826086956522,18.600432440040795,6.0,21.0,32.0,43.0,110.0
2013-03-10,FAC,NOX,1,161.0,71.37267080745342,73.92164938938528,9.0,27.0,48.0,78.0,405.0
2013-03-10,FAC,O3,1,161.0,33.38509316770186,26.957620006178498,1.0,9.0,26.0,51.0,117.0
2013-03-10,FAC,PM10,2,159.0,77.11949685534591,47.82343114869375,1.0,49.0,67.0,91.5,436.0
2013-03-10,FAC,SO2,1,161.0,4.751552795031056,6.554608165158142,0.0,2.0,3.0,5.0,48.0
2013-03-10,HGM,CO,15,156.0,1.0730769230769228,0.6604344761370892,0.4,0.6,0.9,1.3,4.1
2013-03-10,HGM,NO,1,156.0,31.147435897435898,43.68875318286484,0.0,5.0,11.5,45.0,276.0
2013-03-10,HGM,NO2,1,156.0,42.84615384615385,22.015875165552952,8.0,25.75,42.0,52.25,138.0
2013-03-10,HGM,NOX,1,156.0,73.92948717948718,58.971848087304274,12.0,31.0,57.0,94.0,367.0
2013-03-10,HGM,O3,1,156.0,30.121794871794872,30.115978600740043,0.0,2.0,20.5,54.0,95.0
2013-03-10,HGM,PM10,2,157.0,75.26114649681529,32.860651104091225,24.0,56.0,72.0,87.0,293.0
2013-03-10,HGM,PM2.5,2,157.0,34.07006369426752,16.491689690327995,1.0,23.0,34.0,43.0,84.0
2013-03-10,HGM,PMCO,2,157.0,41.24203821656051,25.594821509960475,12.0,29.0,37.0,44.0,250.0
2013-03-10,HGM,SO2,1,156.0,9.474358974358974,20.944303627123684,2.0,3.0,4.0,6.0,127.0
2013-03-10,IZT,CO,15,158.0,0.9417721518987341,0.6945846203943289,0.1,0.5,0.7,1.2,4.5
2013-03-10,IZT,NO,1,158.0,31.525316455696203,46.99081077902275,2.0,5.0,11.0,39.75,289.0
2013-03-10,IZT,NO2,1,158.0,36.860759493670884,19.07126038488025,5.0,23.25,35.0,47.75,108.0
2013-03-10,IZT,NOX,1,158.0,68.36708860759494,59.01574381655626,7.0,28.0,49.0,87.0,352.0
2013-03-10,IZT,O3,1,158.0,30.0,28.709172062418556,1.0,3.0,21.5,51.75,93.0
2013-03-10,IZT,PM10,2,158.0,65.84810126582279,31.9506341384573,22.0,49.25,61.0,75.75,288.0
2013-03-10,IZT,SO2,1,158.0,8.968354430379748,20.609941601476066,2.0,3.0,3.0,5.0,131.0
2013-03-10,LLA,CO,15,0.0,,,,,,,
2013-03-10,LLA,NO,1,136.0,41.595588235294116,78.51618174113524,0.0,2.0,8.0,51.25,440.0
2013-03-10,LLA,NO2,1,136.0,35.654411764705884,18.141166068312224,10.0,20.0,34.0,47.25,82.0
2013-03-10,LLA,NOX,1,136.0,77.2720588235294,89.1257511037294,10.0,23.0,45.0,102.0,487.0
2013-03-10,LLA,O3,1,155.0,33.49032258064516,31.486003433794643,0.0,3.0,26.0,59.0,106.0
2013-03-10,LLA,SO2,1,155.0,9.935483870967742,29.43354333033377,0.0,2.0,3.0,5.0,219.0
2013-03-10,LPR,CO,15,159.0,1.0496855345911944,0.9704412550997379,0.1,0.4,0.6,1.35,5.1
2013-03-10,LPR,NO,1,159.0,38.57232704402516,57.410299777130234,0.0,5.0,13.0,51.5,328.0
2013-03-10,LPR,NO2,1,159.0,47.55974842767296,30.95966980390281,11.0,26.5,37.0,58.0,190.0
2013-03-10,LPR,NOX,1,159.0,86.00628930817611,80.10550770863101,9.0,33.0,51.0,113.5,459.0
2013-03-10,LPR,O3,1,159.0,35.094339622641506,30.400656316372597,2.0,6.0,31.0,56.5,110.0
2013-03-10,LPR,SO2,1,159.0,6.421383647798742,13.606301429107424,0.0,1.0,2.0,6.0,87.0
2013-03-10,MER,CO,15,150.0,1.3493333333333333,0.907518681129789,0.5,0.8,0.9,1.6,4.4
2013-03-10,MER,NO,1,150.0,48.22666666666667,70.65144110174904,2.0,7.0,15.0,53.25,350.0
2013-03-10,MER,NO2,1,150.0,42.78666666666667,20.024007961808902,12.0,28.0,39.5,51.0,114.0
2013-03-10,MER,NOX,1,150.0,91.03333333333333,81.74575223795144,20.0,37.0,56.5,109.75,424.0
2013-03-10,MER,O3,1,150.0,28.073333333333334,27.15950812205124,0.0,3.0,19.0,48.0,90.0
2013-03-10,MER,PM10,2,159.0,93.99371069182389,59.16523706239963,36.0,66.5,86.0,106.0,593.0
2013-03-10,MER,PM2.5,2,159.0,35.17610062893082,15.550055798343037,2.0,24.0,31.0,44.5,87.0
2013-03-10,MER,PMCO,2,159.0,58.81761006289308,53.902496988486746,18.0,40.0,50.0,63.0,545.0
2013-03-10,MER,SO2,1,150.0,9.34,22.777543986723327,0.0,2.0,3.0,6.0,139.0
2013-03-10,MON,CO,15,0.0,,,,,,,
2013-03-10,MON,NO,1,155.0,21.89677419354839,46.301408661854545,0.0,1.0,2.0,19.5,290.0
2013-03-10,MON,NO2,1,155.0,18.316129032258065,11.545367789110925,4.0,7.0,16.0,29.0,45.0
2013-03-10,MON,NOX,1,155.0,40.270967741935486,53.26694714500073,5.0,9.0,17.0,53.5,328.0
2013-03-10,MON,O3,1,155.0,36.18064516129032,27.035203353410985,1.0,7.5,33.0,61.0,95.0
2013-03-10,MON,SO2,1,0.0,,,,,,,
2013-03-10,NEZ,CO,15,161.0,1.0161490683229817,0.9165083620129988,0.3,0.5,0.7,1.1,5.1
2013-03-10,NEZ,NO,1,161.0,28.782608695652176,58.55816506391042,1.0,2.0,5.0,24.0,296.0
2013-03-10,NEZ,NO2,1,161.0,33.67080745341615,19.94234702759292,7.0,16.0,32.0,47.0,113.0
2013-03-10,NEZ,NOX,1,161.0,62.47204968944099,70.20782204567743,8.0,20.0,39.0,71.0,371.0
2013-03-10,NEZ,O3,1,161.0,33.608695652173914,29.462725161007143,1.0,5.0,24.0,61.0,106.0
2013-03-10,NEZ,PM2.5,2,161.0,40.285714285714285,15.282926982186924,11.0,30.0,38.0,49.0,85.0
2013-03-10,NEZ,SO2,1,161.0,7.527950310559007,20.303343970822034,0.0,2.0,2.0,5.0,165.0
2013-03-10,PED,CO,15,156.0,0.5634615384615382,0.3872294541019181,0.1,0.3,0.4,0.7,2.0
2013-03-10,PED,NO,1,156.0,13.198717948717949,24.844657989270136,1.0,1.75,3.0,14.0,157.0
2013-03-10,PED,NO2,1,156.0,26.16025641025641,15.958614538810867,3.0,14.0,23.0,34.0,78.0
2013-03-10,PED,NOX,1,156.0,39.37820512820513,36.920899396432944,4.0,15.0,26.0,50.0,213.0
2013-03-10,PED,O3,1,156.0,41.32051282051282,26.000493091971176,3.0,20.0,37.0,60.5,102.0
2013-03-10,PED,PM10,2,160.0,62.4625,34.24585316676306,20.0,40.0,57.0,73.0,270.0
2013-03-10,PED,PM2.5,2,160.0,24.8125,11.417292137298917,6.0,17.0,22.0,30.0,68.0
2013-03-10,PED,PMCO,2,160.0,37.63125,28.54206250012439,12.0,20.0,32.5,46.0,242.0
2013-03-10,PED,SO2,1,156.0,2.9294871794871793,3.03126116516665,1.0,1.0,2.0,3.0,20.0
2013-03-10,SAG,CO,15,0.0,,,,,,,
2013-03-10,SAG,NO,1,149.0,35.053691275167786,49.3332278291131,2.0,5.0,11.0,45.0,252.0
2013-03-10,SAG,NO2,1,149.0,33.5503355704698,14.728826415887127,9.0,20.0,34.0,44.0,75.0
2013-03-10,SAG,NOX,1,149.0,68.68456375838926,57.944181813693845,12.0,26.0,50.0,91.0,311.0
2013-03-10,SAG,O3,1,149.0,27.308724832214764,26.065898641934613,1.0,3.0,19.0,47.0,88.0
2013-03-10,SAG,PM10,2,157.0,91.23566878980891,49.350803402832064,23.0,60.0,82.0,111.0,370.0
2013-03-10,SAG,PM2.5,2,157.0,36.71974522292994,25.37256604340564,5.0,23.0,31.0,45.0,220.0
2013-03-10,SAG,PMCO,2,157.0,54.52866242038217,37.63106336007087,13.0,36.0,48.0,61.0,322.0
2013-03-10,SAG,SO2,1,0.0,,,,,,,
2013-03-10,SFE,CO,15,142.0,0.5112676056338027,0.28411829310179465,0.2,0.3,0.4,0.6,1.6
2013-03-10,SFE,NO,1,142.0,11.45774647887324,20.965227286373825,1.0,1.0,3.0,11.75,130.0
2013-03-10,SFE,NO2,1,142.0,25.704225352112676,14.071140795840757,4.0,16.0,21.0,31.5,68.0
2013-03-10,SFE,NOX,1,142.0,37.16197183098591,32.78657339012217,6.0,19.0,24.0,41.75,198.0
2013-03-10,SFE,O3,1,142.0,42.58450704225352,23.600169177704263,2.0,28.0,39.0,54.75,99.0
2013-03-10,SFE,PM10,2,150.0,51.9,26.910428107698284,13.0,32.0,47.0,64.0,177.0
2013-03-10,SFE,PM2.5,2,150.0,23.366666666666667,11.192289212114128,4.0,15.0,22.0,29.0,67.0
2013-03-10,SFE,PMCO,2,150.0,28.586666666666666,20.250838632619264,8.0,15.0,24.5,34.75,150.0
2013-03-10,SFE,SO2,1,142.0,2.8380281690140845,3.750436993816981,0.0,1.0,2.0,3.0,31.0
2013-03-10,SJA,CO,15,156.0,0.9858974358974363,0.9025732902382201,0.2,0.4,0.7,1.2,5.5
2013-03-10,SJA,NO,1,156.0,48.97435897435897,82.34396377728105,0.0,1.0,13.0,57.0,487.0
2013-03-10,SJA,NO2,1,156.0,39.6474358974359,20.28563912410166,8.0,20.75,37.5,52.0,107.0
2013-03-10,SJA,NOX,1,156.0,88.62179487179488,92.5317272840889,9.0,22.0,56.5,113.75,557.0
2013-03-10,SJA,O3,1,156.0,29.41025641025641,31.157844100099226,1.0,2.0,15.0,56.25,95.0
2013-03-10,SJA,PM2.5,2,156.0,37.42307692307692,20.778723131790194,4.0,20.75,35.0,47.0,108.0
2013-03-10,SJA,SO2,1,156.0,7.211538461538462,15.442718135882602,1.0,2.0,3.0,5.25,127.0
2013-03-10,SUR,CO,15,161.0,1.050310559006211,0.6353271031132787,0.4,0.6,0.8,1.3,3.7
2013-03-10,SUR,NO,1,156.0,22.30128205128205,35.59366015889673,0.0,3.0,5.0,25.5,227.0
2013-03-10,SUR,NO2,1,156.0,33.6474358974359,18.708909206726666,7.0,19.0,33.0,44.25,99.0
2013-03-10,SUR,NOX,1,156.0,55.82051282051282,46.924302415216296,9.0,22.0,39.0,74.0,287.0
2013-03-10,SUR,O3,1,69.0,29.956521739130434,28.21317734603955,2.0,4.0,21.0,57.0,83.0
2013-03-10,SUR,PM10,2,161.0,75.26708074534162,43.91536715148457,18.0,52.0,67.0,87.0,419.0
2013-03-10,SUR,SO2,1,161.0,3.130434782608696,3.8715798370668555,1.0,1.0,2.0,3.0,31.0
2013-03-10,TAH,CO,15,157.0,0.9082802547770699,0.48989294793960914,0.4,0.6,0.8,1.0,3.2
2013-03-10,TAH,NO,1,157.0,7.1847133757961785,16.996915880139873,0.0,1.0,1.0,4.0,112.0
2013-03-10,TAH,NO2,1,157.0,17.630573248407643,11.966988045218724,2.0,6.0,16.0,26.0,70.0
2013-03-10,TAH,NOX,1,157.0,24.828025477707005,25.518514732507306,3.0,7.0,18.0,31.0,154.0
2013-03-10,TAH,O3,1,157.0,41.29299363057325,26.177466613261505,4.0,17.0,39.0,61.0,108.0
2013-03-10,TAH,PM10,2,157.0,75.98726114649682,42.09253957607472,1.0,54.0,68.0,88.0,351.0
2013-03-10,TAH,SO2,1,157.0,5.10828025477707,2.330345021869889,2.0,4.0,5.0,6.0,17.0
2013-03-10,TLA,CO,15,155.0,1.1987096774193555,0.7421438843213689,0.4,0.7,1.0,1.4,4.1
2013-03-10,TLA,NO,1,155.0,44.18709677419355,59.02671496177717,2.0,8.0,15.0,58.0,272.0
2013-03-10,TLA,NO2,1,155.0,41.86451612903226,21.316744658806705,9.0,30.0,37.0,50.0,118.0
2013-03-10,TLA,NOX,1,155.0,86.02580645161291,72.37312663946948,13.0,37.0,56.0,109.5,330.0
2013-03-10,TLA,O3,1,155.0,30.225806451612904,28.977498746418043,1.0,5.0,17.0,52.0,112.0
2013-03-10,TLA,PM10,2,161.0,85.9751552795031,36.86223513139142,20.0,61.0,81.0,105.0,314.0
2013-03-10,TLA,PM2.5,2,161.0,35.8944099378882,16.66230869525291,4.0,25.0,33.0,45.0,96.0
2013-03-10,TLA,PMCO,2,161.0,50.037267080745345,29.160523014590673,14.0,33.0,42.0,62.0,282.0
2013-03-10,TLA,SO2,1,155.0,6.567741935483871,8.814848272252924,0.0,2.0,4.0,7.0,64.0
2013-03-10,TLI,CO,15,161.0,0.6962732919254663,0.5440459767746845,0.2,0.4,0.5,0.8,2.9
2013-03-10,TLI,NO,1,161.0,31.559006211180126,57.49661345684813,0.0,2.0,5.0,27.0,279.0
2013-03-10,TLI,NO2,1,161.0,34.87577639751553,18.627854735575145,7.0,20.0,33.0,45.0,106.0
2013-03-10,TLI,NOX,1,161.0,66.45341614906832,70.36689121228808,9.0,23.0,37.0,78.0,349.0
2013-03-10,TLI,O3,1,161.0,35.96894409937888,33.44948100498879,2.0,6.0,23.0,62.0,121.0
2013-03-10,TLI,PM10,2,156.0,76.87820512820512,52.56680455642877,6.0,46.75,65.5,95.0,464.0
2013-03-10,TLI,SO2,1,161.0,10.316770186335404,18.486286255035274,1.0,2.0,4.0,9.0,104.0
2013-03-10,TPN,CO,15,0.0,,,,,,,
2013-03-10,TPN,NO,1,160.0,7.79375,13.097648199763952,0.0,1.0,4.0,7.0,99.0
2013-03-10,TPN,NO2,1,160.0,16.46875,13.772144831885853,2.0,7.0,11.0,21.0,70.0
2013-03-10,TPN,NOX,1,160.0,24.25625,25.621396049680666,3.0,8.75,15.0,27.0,156.0
2013-03-10,TPN,O3,1,150.0,46.913333333333334,19.787778977641956,13.0,32.0,40.0,64.0,92.0
2013-03-10,TPN,SO2,1,160.0,1.50625,1.7302229288874305,0.0,0.0,1.0,2.0,9.0
2013-03-10,UAX,CO,15,156.0,0.7397435897435899,0.43739396682705595,0.2,0.4,0.6,0.9,2.2
2013-03-10,UAX,NO,1,156.0,13.66025641025641,21.87840201597317,1.0,2.0,3.0,13.0,111.0
2013-03-10,UAX,NO2,1,156.0,27.275641025641026,15.363792256134579,5.0,15.0,25.0,36.0,94.0
2013-03-10,UAX,NOX,1,156.0,40.96153846153846,32.51359707933313,7.0,18.0,28.5,51.0,151.0
2013-03-10,UAX,O3,1,156.0,38.91025641025641,29.140897277321063,1.0,10.75,36.5,61.25,102.0
2013-03-10,UAX,PM2.5,2,161.0,29.70186335403727,12.845643580849156,5.0,20.0,29.0,37.0,63.0
2013-03-10,UAX,SO2,1,156.0,2.923076923076923,2.7720691271426796,1.0,2.0,2.0,3.0,26.0
2013-03-10,UIZ,CO,15,154.0,1.1837662337662347,0.8506414941278895,0.0,0.625,0.9,1.4,4.6
2013-03-10,UIZ,NO,1,154.0,25.006493506493506,45.90691017704446,1.0,2.0,4.5,24.0,268.0
2013-03-10,UIZ,NO2,1,154.0,34.285714285714285,17.771135547195282,8.0,18.25,33.5,45.0,93.0
2013-03-10,UIZ,NOX,1,154.0,59.324675324675326,57.71134879125302,9.0,22.0,41.0,70.75,318.0
2013-03-10,UIZ,O3,1,154.0,31.51298701298701,28.268608195666296,1.0,6.0,22.0,55.0,107.0
2013-03-10,UIZ,PM10,2,159.0,75.68553459119497,46.98978321014532,23.0,53.0,70.0,87.0,539.0
2013-03-10,UIZ,PM2.5,2,159.0,32.867924528301884,14.842682725009002,4.0,22.5,31.0,42.0,71.0
2013-03-10,UIZ,PMCO,2,159.0,42.84276729559748,40.82961425103773,13.0,27.5,36.0,47.0,476.0
2013-03-10,UIZ,SO2,1,154.0,8.532467532467532,21.602822628200126,1.0,2.0,3.0,5.0,140.0
2013-03-10,VIF,CO,15,152.0,0.9717105263157892,0.5700491164103761,0.3,0.6,0.8,1.2,2.9
2013-03-10,VIF,NO,1,152.0,23.69736842105263,30.25784107750113,1.0,3.0,8.5,34.0,141.0
2013-03-10,VIF,NO2,1,152.0,28.348684210526315,15.09056977951719,5.0,16.0,28.0,39.0,80.0
2013-03-10,VIF,NOX,1,152.0,52.03947368421053,40.190585958917744,6.0,20.0,39.5,75.0,180.0
2013-03-10,VIF,O3,1,152.0,36.17763157894737,33.6292804407514,2.0,5.0,28.5,58.75,131.0
2013-03-10,VIF,PM10,2,155.0,105.28387096774193,65.71769166598386,13.0,65.5,92.0,130.5,496.0
2013-03-10,VIF,SO2,1,152.0,10.539473684210526,31.96290929471352,0.0,2.0,3.0,6.0,250.0
2013-03-10,XAL,CO,15,152.0,1.280263157894737,1.096837082669271,0.2,0.6,0.8,1.625,5.5
2013-03-10,XAL,NO,1,151.0,57.5364238410596,83.01644614849413,3.0,10.0,18.0,80.0,506.0
2013-03-10,XAL,NO2,1,151.0,44.503311258278146,21.566602010882605,15.0,28.0,39.0,56.5,131.0
2013-03-10,XAL,NOX,1,151.0,102.05960264900662,95.16779790020568,19.0,38.0,61.0,135.0,573.0
2013-03-10,XAL,O3,1,152.0,32.4671052631579,29.081961766261177,2.0,5.0,24.5,57.25,97.0
2013-03-10,XAL,PM10,2,156.0,105.28205128205128,57.469407836303816,25.0,65.25,93.5,135.5,311.0
2013-03-10,XAL,PM2.5,2,156.0,46.07051282051282,29.546707076934254,7.0,25.0,36.0,61.25,167.0
2013-03-10,XAL,PMCO,2,156.0,59.18589743589744,34.675789543710984,14.0,37.0,52.0,73.0,273.0
2013-03-10,XAL,SO2,1,152.0,9.427631578947368,11.712110658429065,2.0,4.0,5.0,11.0,90.0
2013-03-17,ACO,CO,15,151.0,0.417218543046357,0.15395306185283594,0.2,0.3,0.4,0.5,1.0
2013-03-17,ACO,NO,1,151.0,9.092715231788079,12.230209043390591,1.0,3.0,5.0,9.0,72.0
2013-03-17,ACO,NO2,1,151.0,14.556291390728477,7.0072683803694416,3.0,9.0,13.0,20.0,36.0
2013-03-17,ACO,NOX,1,151.0,23.662251655629138,16.681281892076345,6.0,12.0,18.0,30.0,94.0
2013-03-17,ACO,O3,1,151.0,26.781456953642383,18.81945590419131,1.0,10.0,26.0,38.0,77.0
2013-03-17,ACO,PM10,2,155.0,53.516129032258064,38.172090647472096,10.0,27.0,46.0,67.0,299.0
2013-03-17,ACO,SO2,1,151.0,3.0927152317880795,4.377748269567338,0.0,1.0,1.0,4.0,37.0
2013-03-17,ATI,CO,15,156.0,0.5512820512820512,0.5038544566461797,0.0,0.2,0.4,0.725,3.3
2013-03-17,ATI,NO,1,125.0,16.424,17.82905566221754,1.0,4.0,10.0,22.0,106.0
2013-03-17,ATI,NO2,1,125.0,23.352,11.205021915598037,6.0,16.0,22.0,28.0,62.0
2013-03-17,ATI,NOX,1,125.0,39.768,25.758536323874985,10.0,21.0,32.0,51.0,149.0
2013-03-17,ATI,O3,1,158.0,17.20886075949367,13.536011792783498,0.0,7.25,15.0,23.75,56.0
2013-03-17,ATI,PM10,2,160.0,54.69375,33.743202786290595,2.0,28.0,50.0,77.0,189.0
2013-03-17,ATI,SO2,1,156.0,13.128205128205128,17.20154454757384,0.0,1.0,4.0,23.0,78.0
2013-03-17,CAM,CO,15,161.0,0.7099378881987579,0.5111512702889547,0.2,0.3,0.5,0.9,3.2
2013-03-17,CAM,NO,1,161.0,32.06832298136646,44.75448639851686,3.0,7.0,15.0,37.0,279.0
2013-03-17,CAM,NO2,1,161.0,25.981366459627328,12.747289932417715,4.0,18.0,25.0,31.0,74.0
2013-03-17,CAM,NOX,1,161.0,58.037267080745345,50.23281897807918,7.0,26.0,41.0,77.0,316.0
2013-03-17,CAM,O3,1,161.0,16.527950310559007,14.951614508056164,1.0,5.0,12.0,24.0,60.0
2013-03-17,CAM,PM10,2,161.0,52.56521739130435,28.334559862625284,7.0,28.0,49.0,74.0,127.0
2013-03-17,CAM,PM2.5,2,161.0,26.229813664596275,16.582086888870837,1.0,14.0,23.0,34.0,75.0
2013-03-17,CAM,PMCO,2,161.0,26.347826086956523,17.64803844254554,3.0,14.0,21.0,37.0,78.0
2013-03-17,CAM,SO2,1,161.0,10.180124223602485,15.824383162843116,0.0,1.0,3.0,11.0,80.0
2013-03-17,CHO,CO,15,0.0,,,,,,,
2013-03-17,CHO,NO,1,0.0,,,,,,,
2013-03-17,CHO,NO2,1,0.0,,,,,,,
2013-03-17,CHO,NOX,1,0.0,,,,,,,
2013-03-17,CHO,O3,1,0.0,,,,,,,
2013-03-17,CHO,PM10,2,0.0,,,,,,,
2013-03-17,CHO,SO2,1,0.0,,,,,,,
2013-03-17,COY,NO,1,156.0,19.634615384615383,34.19471502995964,0.0,1.0,6.0,24.0,214.0
2013-03-17,COY,NO2,1,156.0,26.121794871794872,12.505659595516791,5.0,16.0,25.0,34.0,62.0
2013-03-17,COY,NOX,1,156.0,45.65384615384615,39.94474471407913,6.0,19.75,33.5,62.0,240.0
2013-03-17,COY,O3,1,156.0,19.03205128205128,15.9367377856626,3.0,6.0,14.0,28.0,63.0
2013-03-17,COY,PM2.5,2,121.0,20.049586776859503,15.257703649670123,2.0,10.0,16.0,24.0,76.0
2013-03-17,CUA,CO,15,149.0,0.5449664429530201,0.23057983363062515,0.2,0.4,0.5,0.7,1.5
2013-03-17,CUA,NO,1,149.0,11.697986577181208,16.870213915074075,1.0,4.0,6.0,12.0,127.0
2013-03-17,CUA,NO2,1,149.0,18.76510067114094,9.366695790062826,5.0,10.0,20.0,25.0,41.0
2013-03-17,CUA,NOX,1,149.0,30.463087248322147,22.790622624090098,6.0,15.0,27.0,39.0,164.0
2013-03-17,CUA,O3,1,149.0,22.83221476510067,15.335175377068767,2.0,11.0,20.0,31.0,71.0
2013-03-17,CUA,PM10,2,159.0,38.490566037735846,26.238407428064644,1.0,16.0,37.0,56.0,102.0
2013-03-17,CUA,SO2,1,149.0,11.644295302013424,15.160882197065208,1.0,2.0,3.0,18.0,86.0
2013-03-17,CUT,NO,1,161.0,16.82608695652174,28.805504078515813,0.0,1.0,5.0,18.0,200.0
2013-03-17,CUT,NO2,1,161.0,21.19254658385093,10.252753000993389,4.0,13.0,20.0,30.0,50.0
2013-03-17,CUT,NOX,1,161.0,38.11180124223603,34.88803408563243,6.0,16.0,25.0,50.0,230.0
2013-03-17,CUT,O3,1,161.0,20.84472049689441,17.51983126567261,0.0,4.0,20.0,32.0,69.0
2013-03-17,CUT,PM10,2,159.0,64.9874213836478,34.886069074353344,1.0,42.5,60.0,81.5,169.0
2013-03-17,CUT,SO2,1,161.0,14.559006211180124,19.459523606866917,0.0,2.0,6.0,21.0,119.0
2013-03-17,FAC,CO,15,155.0,0.9890322580645162,0.7284182955132134,0.3,0.6,0.7,1.2,5.7
2013-03-17,FAC,NO,1,155.0,28.941935483870967,50.52223873324688,1.0,5.0,10.0,33.5,402.0
2013-03-17,FAC,NO2,1,155.0,22.561290322580646,12.688620462183717,4.0,14.0,22.0,28.0,67.0
2013-03-17,FAC,NOX,1,155.0,51.47741935483871,56.82535736843431,7.0,19.0,30.0,64.0,430.0
2013-03-17,FAC,O3,1,155.0,19.26451612903226,15.720809857924744,0.0,6.0,16.0,27.5,70.0
2013-03-17,FAC,PM10,2,155.0,48.60645161290323,32.23684605882987,1.0,22.5,43.0,66.5,165.0
2013-03-17,FAC,SO2,1,156.0,11.153846153846153,15.162412713852998,0.0,1.0,3.0,15.0,68.0
2013-03-17,HGM,CO,15,156.0,0.8096153846153851,0.4126669900355639,0.2,0.5,0.7,0.9,2.4
2013-03-17,HGM,NO,1,156.0,22.724358974358974,27.474697736562415,1.0,6.0,12.0,30.0,160.0
2013-03-17,HGM,NO2,1,156.0,30.423076923076923,12.201025055582335,6.0,21.0,29.0,37.0,71.0
2013-03-17,HGM,NOX,1,156.0,53.17307692307692,33.53499153970727,9.0,30.75,43.0,68.0,192.0
2013-03-17,HGM,O3,1,156.0,17.5,17.328142316158193,0.0,4.0,12.0,24.5,68.0
2013-03-17,HGM,PM10,2,151.0,48.94039735099338,28.67850107381939,5.0,23.0,47.0,66.5,150.0
2013-03-17,HGM,PM2.5,2,151.0,22.60927152317881,16.138142606852767,1.0,11.0,18.0,32.5,89.0
2013-03-17,HGM,PMCO,2,151.0,26.311258278145694,20.08554552589617,3.0,12.5,20.0,34.0,117.0
2013-03-17,HGM,SO2,1,156.0,8.66025641025641,11.855852941315003,1.0,2.0,3.0,10.0,61.0
2013-03-17,IZT,CO,15,156.0,0.7147435897435896,0.5488762111076905,0.1,0.3,0.6,0.8250000000000001,3.6
2013-03-17,IZT,NO,1,156.0,28.358974358974358,40.87130845012359,2.0,6.0,14.0,28.0,247.0
2013-03-17,IZT,NO2,1,156.0,25.78846153846154,11.921252161653864,5.0,19.0,23.5,32.0,70.0
2013-03-17,IZT,NOX,1,156.0,54.16025641025641,46.54869067766348,7.0,26.0,37.0,66.0,281.0
2013-03-17,IZT,O3,1,156.0,18.012820512820515,17.61633669197419,0.0,4.0,13.0,23.25,69.0
2013-03-17,IZT,PM10,2,156.0,39.666666666666664,20.973511199677827,3.0,24.0,36.0,54.0,118.0
2013-03-17,IZT,SO2,1,156.0,8.878205128205128,11.84215703363472,2.0,2.0,3.0,9.0,54.0
2013-03-17,LLA,CO,15,0.0,,,,,,,
2013-03-17,LLA,NO,1,154.0,27.18831168831169,40.747712471263675,1.0,7.0,13.0,28.75,258.0
2013-03-17,LLA,NO2,1,154.0,28.61038961038961,11.265257881705564,9.0,21.0,29.0,33.0,67.0
2013-03-17,LLA,NOX,1,154.0,55.8051948051948,45.88264056115082,12.0,29.0,42.5,64.0,288.0
2013-03-17,LLA,O3,1,154.0,20.103896103896105,17.181145172166016,1.0,5.0,16.5,28.0,69.0
2013-03-17,LLA,SO2,1,154.0,10.337662337662337,20.312660908714758,0.0,1.0,3.0,6.0,130.0
2013-03-17,LPR,CO,15,160.0,0.60625,0.5986029332521794,0.0,0.2,0.4,0.8,3.0
2013-03-17,LPR,NO,1,160.0,23.14375,30.031398008620965,0.0,6.0,13.5,27.0,175.0
2013-03-17,LPR,NO2,1,160.0,31.6875,17.040531593267037,8.0,21.0,28.0,37.0,94.0
2013-03-17,LPR,NOX,1,160.0,54.71875,41.91248322397517,8.0,28.0,40.0,62.0,240.0
2013-03-17,LPR,O3,1,160.0,21.725,16.240701258212052,2.0,8.0,18.5,31.0,65.0
2013-03-17,LPR,SO2,1,160.0,5.99375,9.574925899182848,0.0,1.0,1.0,7.0,45.0
2013-03-17,MER,CO,15,152.0,1.06578947368421,0.5579177540514498,0.4,0.7,0.9,1.3,3.5
2013-03-17,MER,NO,1,152.0,32.57236842105263,41.34743791540174,1.0,9.0,19.0,35.25,255.0
2013-03-17,MER,NO2,1,152.0,31.69078947368421,12.082077774377783,7.0,24.0,30.0,38.0,81.0
2013-03-17,MER,NOX,1,152.0,64.34868421052632,45.567686335739396,11.0,35.0,48.0,77.75,284.0
2013-03-17,MER,O3,1,152.0,16.085526315789473,16.171655392437508,0.0,4.0,11.0,22.0,65.0
2013-03-17,MER,PM10,2,156.0,54.80128205128205,30.219929307958317,14.0,31.0,52.0,71.0,197.0
2013-03-17,MER,PM2.5,2,156.0,22.096153846153847,13.132465972962482,2.0,14.0,19.0,29.0,69.0
2013-03-17,MER,PMCO,2,156.0,32.76282051282051,25.04347501896735,4.0,17.75,24.0,41.25,181.0
2013-03-17,MER,SO2,1,152.0,8.736842105263158,14.050871077663803,0.0,1.0,2.0,7.25,66.0
2013-03-17,MON,CO,15,0.0,,,,,,,
2013-03-17,MON,NO,1,161.0,5.708074534161491,16.564132844625767,0.0,1.0,2.0,3.0,128.0
2013-03-17,MON,NO2,1,161.0,10.602484472049689,5.774166068690776,3.0,7.0,9.0,13.0,38.0
2013-03-17,MON,NOX,1,161.0,16.29192546583851,19.800138809978318,4.0,9.0,10.0,15.0,148.0
2013-03-17,MON,O3,1,161.0,29.422360248447205,15.836129479592223,2.0,19.0,27.0,37.0,70.0
2013-03-17,MON,SO2,1,0.0,,,,,,,
2013-03-17,NEZ,CO,15,160.0,0.7118750000000003,0.4697613304085063,0.2,0.475,0.6,0.8,3.3
2013-03-17,NEZ,NO,1,160.0,17.4375,30.57410576609276,1.0,4.0,7.5,14.0,194.0
2013-03-17,NEZ,NO2,1,160.0,23.1625,10.242891383753468,6.0,15.0,23.0,29.0,57.0
2013-03-17,NEZ,NOX,1,160.0,40.56875,35.07487442654266,8.0,19.0,32.5,44.25,226.0
2013-03-17,NEZ,O3,1,160.0,21.625,17.35125464442987,1.0,8.0,17.0,30.0,70.0
2013-03-17,NEZ,PM2.5,2,160.0,19.8375,13.708963922335608,3.0,9.0,17.0,26.0,76.0
2013-03-17,NEZ,SO2,1,160.0,6.475,14.0627300819752,0.0,1.0,2.0,4.0,75.0
2013-03-17,PED,CO,15,149.0,0.4503355704697989,0.309887547405512,0.0,0.2,0.4,0.6,1.6
2013-03-17,PED,NO,1,149.0,13.476510067114093,19.049219283362813,1.0,2.0,5.0,17.0,110.0
2013-03-17,PED,NO2,1,149.0,21.463087248322147,12.32801878491655,4.0,10.0,21.0,30.0,62.0
2013-03-17,PED,NOX,1,149.0,34.899328859060404,27.07440822303616,5.0,12.0,29.0,49.0,143.0
2013-03-17,PED,O3,1,149.0,23.483221476510067,18.3783818461174,3.0,9.0,19.0,34.0,84.0
2013-03-17,PED,PM10,2,154.0,46.077922077922075,28.399699084186096,7.0,23.25,42.0,62.75,128.0
2013-03-17,PED,PM2.5,2,154.0,20.766233766233768,15.056231076185895,1.0,10.0,18.0,28.0,74.0
2013-03-17,PED,PMCO,2,154.0,25.31168831168831,19.109084682224097,2.0,11.0,19.0,37.75,90.0
2013-03-17,PED,SO2,1,149.0,5.97986577181208,8.935557423482182,0.0,1.0,2.0,7.0,55.0
2013-03-17,SAG,CO,15,0.0,,,,,,,
2013-03-17,SAG,NO,1,159.0,22.534591194968552,33.984132536090385,2.0,7.0,12.0,22.5,276.0
2013-03-17,SAG,NO2,1,159.0,25.635220125786162,11.155643053849866,9.0,18.0,24.0,29.5,81.0
2013-03-17,SAG,NOX,1,159.0,48.16981132075472,39.147272654596115,11.0,26.0,34.0,55.5,306.0
2013-03-17,SAG,O3,1,156.0,19.21153846153846,15.459420185006149,1.0,6.0,17.5,26.0,65.0
2013-03-17,SAG,PM10,2,157.0,50.089171974522294,25.323389359818187,9.0,30.0,46.0,68.0,117.0
2013-03-17,SAG,PM2.5,2,157.0,20.363057324840764,12.634483169161332,1.0,13.0,18.0,25.0,70.0
2013-03-17,SAG,PMCO,2,157.0,29.687898089171973,19.42766118892336,5.0,15.0,25.0,40.0,94.0
2013-03-17,SAG,SO2,1,0.0,,,,,,,
2013-03-17,SFE,CO,15,150.0,0.5180000000000001,0.2167700665335657,0.2,0.3,0.5,0.7,1.0
2013-03-17,SFE,NO,1,150.0,10.953333333333333,14.760884582115406,1.0,2.0,5.0,13.0,83.0
2013-03-17,SFE,NO2,1,150.0,20.28,10.407870021731716,3.0,11.0,21.0,30.0,45.0
2013-03-17,SFE,NOX,1,150.0,31.28,21.28210011335581,4.0,14.25,25.5,44.0,114.0
2013-03-17,SFE,O3,1,150.0,21.473333333333333,16.554849516247277,1.0,8.0,18.0,31.75,74.0
2013-03-17,SFE,PM10,2,137.0,44.802919708029194,26.3756347612656,5.0,23.0,41.0,60.0,124.0
2013-03-17,SFE,PM2.5,2,137.0,23.05839416058394,15.565216889400649,1.0,11.0,20.0,32.0,77.0
2013-03-17,SFE,PMCO,2,137.0,21.744525547445257,16.33384666929032,2.0,8.0,17.0,33.0,68.0
2013-03-17,SFE,SO2,1,150.0,8.786666666666667,13.754114291922148,0.0,0.0,1.0,12.75,78.0
2013-03-17,SJA,CO,15,158.0,0.7177215189873415,0.5400541359207116,0.2,0.4,0.5,0.875,3.6
2013-03-17,SJA,NO,1,158.0,28.525316455696203,48.85474367140394,0.0,2.0,10.5,27.0,332.0
2013-03-17,SJA,NO2,1,158.0,29.126582278481013,12.384875806980613,9.0,21.0,27.0,34.0,76.0
2013-03-17,SJA,NOX,1,158.0,57.651898734177216,53.256730350088496,10.0,25.0,39.0,67.5,365.0
2013-03-17,SJA,O3,1,158.0,18.468354430379748,17.44497112800759,1.0,3.0,15.5,26.0,67.0
2013-03-17,SJA,PM2.5,2,153.0,18.77124183006536,10.473963164378853,1.0,11.0,17.0,26.0,52.0
2013-03-17,SJA,SO2,1,158.0,8.018987341772151,13.58880745834476,1.0,2.0,3.0,6.0,89.0
2013-03-17,SUR,CO,15,161.0,0.8546583850931682,0.5562093030684365,0.3,0.4,0.7,1.1,3.5
2013-03-17,SUR,NO,1,158.0,22.430379746835442,35.04162530924433,0.0,5.0,7.5,26.0,225.0
2013-03-17,SUR,NO2,1,158.0,25.436708860759495,12.303193901675042,6.0,16.0,24.0,33.75,57.0
2013-03-17,SUR,NOX,1,158.0,47.84177215189873,40.41465366960824,10.0,19.0,36.0,63.0,255.0
2013-03-17,SUR,O3,1,161.0,20.546583850931675,19.1829840974231,1.0,6.0,16.0,27.0,74.0
2013-03-17,SUR,PM10,2,156.0,44.27564102564103,30.520553353531938,1.0,21.0,37.0,62.0,141.0
2013-03-17,SUR,SO2,1,161.0,6.540372670807454,9.10631222615656,1.0,1.0,2.0,8.0,44.0
2013-03-17,TAH,CO,15,159.0,0.6245283018867932,0.2841191097017782,0.3,0.4,0.5,0.8,2.1
2013-03-17,TAH,NO,1,159.0,4.8742138364779874,9.813928450160555,0.0,1.0,2.0,4.0,90.0
2013-03-17,TAH,NO2,1,159.0,12.754716981132075,10.05536381904292,1.0,4.5,10.0,18.5,42.0
2013-03-17,TAH,NOX,1,159.0,17.59748427672956,16.74043066792298,1.0,6.0,13.0,25.0,119.0
2013-03-17,TAH,O3,1,159.0,27.553459119496857,15.52076917982626,5.0,16.0,25.0,35.0,74.0
2013-03-17,TAH,PM10,2,111.0,53.27927927927928,38.62692682364823,3.0,26.5,43.0,73.5,227.0
2013-03-17,TAH,SO2,1,159.0,5.119496855345912,6.736791840498361,1.0,2.0,3.0,4.0,44.0
2013-03-17,TLA,CO,15,157.0,0.9757961783439489,0.6372417801710412,0.4,0.5,0.8,1.2,4.3
2013-03-17,TLA,NO,1,156.0,38.62179487179487,54.35016015630236,3.0,10.0,17.0,46.25,362.0
2013-03-17,TLA,NO2,1,156.0,31.5,14.674313744464092,9.0,21.75,30.0,36.5,78.0
2013-03-17,TLA,NOX,1,156.0,70.01282051282051,61.929511145358305,14.0,32.0,48.0,91.25,410.0
2013-03-17,TLA,O3,1,157.0,16.802547770700638,15.366229827393582,1.0,4.0,12.0,24.0,66.0
2013-03-17,TLA,PM10,2,157.0,63.9171974522293,33.25830564925821,14.0,36.0,59.0,87.0,169.0
2013-03-17,TLA,PM2.5,2,157.0,27.54140127388535,18.20660997390215,4.0,13.0,22.0,40.0,72.0
2013-03-17,TLA,PMCO,2,157.0,36.4140127388535,21.68008792973087,9.0,19.0,31.0,47.0,100.0
2013-03-17,TLA,SO2,1,157.0,14.898089171974522,19.891753449600408,0.0,1.0,5.0,22.0,91.0
2013-03-17,TLI,CO,15,154.0,0.4045454545454549,0.3453407730841624,0.0,0.2,0.3,0.5,1.7
2013-03-17,TLI,NO,1,154.0,18.753246753246753,27.96176467083832,0.0,3.0,7.0,20.0,148.0
2013-03-17,TLI,NO2,1,154.0,23.857142857142858,11.399133421614655,6.0,16.0,22.5,30.0,81.0
2013-03-17,TLI,NOX,1,154.0,42.63636363636363,34.78408060901735,10.0,19.25,30.0,51.5,189.0
2013-03-17,TLI,O3,1,154.0,19.98701298701299,16.767532824852616,1.0,4.0,19.0,27.75,66.0
2013-03-17,TLI,PM10,2,159.0,50.61635220125786,28.414383668620623,2.0,26.5,47.0,71.0,133.0
2013-03-17,TLI,SO2,1,154.0,17.51948051948052,26.459790873355537,0.0,1.0,3.0,25.75,145.0
2013-03-17,TPN,CO,15,0.0,,,,,,,
2013-03-17,TPN,NO,1,154.0,13.474025974025974,15.343218489620623,0.0,3.0,8.0,17.0,75.0
2013-03-17,TPN,NO2,1,154.0,17.954545454545453,13.455975618935913,1.0,6.0,16.0,27.0,61.0
2013-03-17,TPN,NOX,1,154.0,31.396103896103895,25.550774474062994,2.0,10.25,23.0,45.75,122.0
2013-03-17,TPN,O3,1,154.0,22.474025974025974,16.449247773471175,1.0,10.0,19.0,29.0,81.0
2013-03-17,TPN,SO2,1,154.0,4.240259740259741,6.882824312760673,0.0,1.0,1.0,4.0,35.0
2013-03-17,UAX,CO,15,133.0,0.6225563909774439,0.37931687827521227,0.2,0.4,0.5,0.8,2.2
2013-03-17,UAX,NO,1,156.0,14.35897435897436,26.01735121226917,1.0,3.0,4.0,15.0,181.0
2013-03-17,UAX,NO2,1,156.0,22.378205128205128,12.19060608655906,4.0,11.75,21.0,30.25,60.0
2013-03-17,UAX,NOX,1,156.0,36.69230769230769,32.35181909122215,5.0,15.0,27.5,44.25,210.0
2013-03-17,UAX,O3,1,156.0,23.525641025641026,19.49241331918113,0.0,7.0,19.5,33.0,81.0
2013-03-17,UAX,PM2.5,2,158.0,18.32278481012658,11.739350228517475,1.0,10.0,17.0,25.0,55.0
2013-03-17,UAX,SO2,1,156.0,5.0,8.133562485754776,1.0,1.0,1.0,4.25,46.0
2013-03-17,UIZ,CO,15,157.0,0.8904458598726114,0.6298945210326722,0.2,0.5,0.7,1.1,5.1
2013-03-17,UIZ,NO,1,159.0,18.836477987421382,37.15855085227312,0.0,3.0,6.0,19.5,311.0
2013-03-17,UIZ,NO2,1,159.0,25.150943396226417,13.018579070048501,7.0,15.0,22.0,33.0,68.0
2013-03-17,UIZ,NOX,1,159.0,43.9685534591195,43.452639922664154,7.0,18.5,31.0,51.5,355.0
2013-03-17,UIZ,O3,1,159.0,18.748427672955973,14.88307532254153,1.0,6.5,16.0,24.0,67.0
2013-03-17,UIZ,PM10,2,155.0,45.10967741935484,29.721557994754004,9.0,22.0,35.0,64.0,146.0
2013-03-17,UIZ,PM2.5,2,155.0,20.270967741935483,15.52890462742057,1.0,9.0,16.0,24.0,76.0
2013-03-17,UIZ,PMCO,2,155.0,24.838709677419356,21.360688455929257,3.0,11.0,18.0,31.0,122.0
2013-03-17,UIZ,SO2,1,159.0,8.050314465408805,13.476091694880985,0.0,2.0,3.0,6.0,69.0
2013-03-17,VIF,CO,15,136.0,0.7139705882352942,0.40426848323354087,0.2,0.4,0.6,0.8250000000000001,2.2
2013-03-17,VIF,NO,1,136.0,14.977941176470589,21.673150110905596,1.0,3.0,7.0,13.25,134.0
2013-03-17,VIF,NO2,1,136.0,19.830882352941178,8.639748922156738,7.0,14.0,19.0,24.0,49.0
2013-03-17,VIF,NOX,1,136.0,34.845588235294116,25.966040122656683,9.0,17.0,26.0,44.0,155.0
2013-03-17,VIF,O3,1,136.0,22.566176470588236,17.71866653534768,1.0,6.0,20.5,31.0,71.0
2013-03-17,VIF,PM10,2,132.0,65.86363636363636,34.01453948827741,10.0,38.75,58.0,88.5,179.0
2013-03-17,VIF,SO2,1,136.0,9.154411764705882,13.90543654752853,0.0,0.0,2.0,13.25,65.0
2013-03-17,XAL,CO,15,153.0,0.8437908496732024,0.6637047204656246,0.2,0.4,0.6,1.0,4.2
2013-03-17,XAL,NO,1,153.0,38.06535947712418,51.44448632962147,3.0,12.0,21.0,41.0,286.0
2013-03-17,XAL,NO2,1,153.0,31.091503267973856,13.41560338459239,11.0,23.0,29.0,35.0,88.0
2013-03-17,XAL,NOX,1,153.0,69.24183006535948,56.863181379771795,19.0,36.0,50.0,82.0,325.0
2013-03-17,XAL,O3,1,153.0,19.50980392156863,16.24285982689123,2.0,6.0,15.0,29.0,59.0
2013-03-17,XAL,PM10,2,158.0,58.77215189873418,31.990623374277487,10.0,34.0,52.0,75.0,180.0
2013-03-17,XAL,PM2.5,2,158.0,24.99367088607595,17.069172434106513,1.0,13.0,21.0,30.75,91.0
2013-03-17,XAL,PMCO,2,158.0,33.75949367088607,22.087097533379172,6.0,18.0,28.0,44.75,114.0
2013-03-17,XAL,SO2,1,153.0,8.856209150326798,11.342408950398225,2.0,3.0,4.0,9.0,57.0
2013-03-24,ACO,CO,15,144.0,0.470833333333333,0.21217323704341817,0.2,0.3,0.4,0.6,1.1
2013-03-24,ACO,NO,1,144.0,11.868055555555555,16.08163028291387,1.0,2.0,5.0,15.25,85.0
2013-03-24,ACO,NO2,1,144.0,15.902777777777779,8.337563029144505,4.0,8.0,14.0,23.0,35.0
2013-03-24,ACO,NOX,1,144.0,27.694444444444443,22.253554058187387,6.0,12.0,18.0,39.0,110.0
2013-03-24,ACO,O3,1,144.0,34.736111111111114,28.16459765369569,1.0,6.75,32.5,51.25,109.0
2013-03-24,ACO,PM10,2,160.0,69.775,46.27535171233849,14.0,41.75,60.0,81.25,253.0
2013-03-24,ACO,SO2,1,144.0,2.486111111111111,3.7862210824871383,0.0,1.0,1.0,2.0,36.0
2013-03-24,ATI,CO,15,150.0,0.7246666666666667,0.5738059287318967,0.0,0.4,0.6,0.8,2.7
2013-03-24,ATI,NO,1,150.0,18.026666666666667,29.129644640263106,3.0,4.0,5.0,15.0,141.0
2013-03-24,ATI,NO2,1,150.0,23.35333333333333,13.781193618085114,3.0,14.0,20.5,30.75,83.0
2013-03-24,ATI,NOX,1,150.0,41.29333333333334,38.435432944001576,6.0,18.0,26.0,48.75,179.0
2013-03-24,ATI,O3,1,150.0,33.88,31.089591257585855,1.0,11.0,26.0,43.0,122.0
2013-03-24,ATI,PM10,2,145.0,64.42068965517241,53.21440763624667,6.0,34.0,50.0,79.0,409.0
2013-03-24,ATI,SO2,1,150.0,3.6266666666666665,5.8465232790010795,0.0,1.0,2.0,3.0,45.0
2013-03-24,CAM,CO,15,157.0,0.7898089171974525,0.5492634594333504,0.2,0.5,0.6,0.9,3.4
2013-03-24,CAM,NO,1,157.0,33.71974522292994,51.91003489703698,3.0,6.0,9.0,37.0,294.0
2013-03-24,CAM,NO2,1,157.0,29.063694267515924,15.435424428584524,5.0,17.0,28.0,38.0,76.0
2013-03-24,CAM,NOX,1,157.0,62.796178343949045,61.359673014780725,11.0,23.0,37.0,83.0,350.0
2013-03-24,CAM,O3,1,157.0,30.662420382165607,33.164228902834175,1.0,4.0,21.0,37.0,123.0
2013-03-24,CAM,PM10,2,157.0,57.48407643312102,27.88290651248295,11.0,37.0,54.0,73.0,168.0
2013-03-24,CAM,PM2.5,2,157.0,28.127388535031848,16.365507079913176,4.0,15.0,25.0,38.0,75.0
2013-03-24,CAM,PMCO,2,157.0,29.394904458598727,19.097173224094444,6.0,18.0,25.0,34.0,132.0
2013-03-24,CAM,SO2,1,157.0,3.3121019108280256,5.0241130141838175,1.0,1.0,2.0,3.0,40.0
2013-03-24,CHO,CO,15,0.0,,,,,,,
2013-03-24,CHO,NO,1,0.0,,,,,,,
2013-03-24,CHO,NO2,1,0.0,,,,,,,
2013-03-24,CHO,NOX,1,0.0,,,,,,,
2013-03-24,CHO,O3,1,0.0,,,,,,,
2013-03-24,CHO,PM10,2,0.0,,,,,,,
2013-03-24,CHO,SO2,1,0.0,,,,,,,
2013-03-24,COY,NO,1,160.0,18.34375,25.649315430932493,0.0,1.0,5.0,29.0,128.0
2013-03-24,COY,NO2,1,160.0,26.75625,14.802153028418857,6.0,14.75,25.0,35.0,68.0
2013-03-24,COY,NOX,1,160.0,45.01875,35.45419081330748,6.0,17.0,34.0,59.25,166.0
2013-03-24,COY,O3,1,160.0,31.2125,29.779564877222935,3.0,5.0,24.0,47.25,117.0
2013-03-24,COY,PM2.5,2,158.0,25.29746835443038,15.270182215269312,5.0,14.25,21.0,30.75,80.0
2013-03-24,CUA,CO,15,156.0,0.4532051282051274,0.23096428205771355,0.2,0.3,0.4,0.6,1.6
2013-03-24,CUA,NO,1,156.0,7.544871794871795,15.802957235998964,1.0,2.0,4.0,6.0,107.0
2013-03-24,CUA,NO2,1,156.0,15.596153846153847,11.215645090189055,4.0,8.0,12.0,20.0,56.0
2013-03-24,CUA,NOX,1,156.0,23.256410256410255,25.059380265454845,6.0,10.0,16.0,26.0,163.0
2013-03-24,CUA,O3,1,156.0,42.05769230769231,24.323157791758433,3.0,26.0,35.0,48.75,116.0
2013-03-24,CUA,PM10,2,160.0,38.20625,25.956930189118413,3.0,17.0,34.0,53.25,152.0
2013-03-24,CUA,SO2,1,156.0,2.2564102564102564,0.8641370476119025,1.0,2.0,2.0,2.25,6.0
2013-03-24,CUT,NO,1,155.0,18.89032258064516,27.66721716652078,0.0,1.0,3.0,31.5,149.0
2013-03-24,CUT,NO2,1,155.0,22.174193548387098,12.29567994406861,3.0,11.0,25.0,31.0,52.0
2013-03-24,CUT,NOX,1,155.0,41.07096774193548,36.435160283736224,5.0,12.0,27.0,63.5,191.0
2013-03-24,CUT,O3,1,155.0,31.929032258064517,33.3708227946579,0.0,1.0,25.0,52.0,133.0
2013-03-24,CUT,PM10,2,154.0,82.56493506493507,51.66747947806888,6.0,48.25,72.5,108.0,405.0
2013-03-24,CUT,SO2,1,155.0,2.858064516129032,3.7580022146296472,0.0,1.0,2.0,3.0,28.0
2013-03-24,FAC,CO,15,161.0,0.8956521739130427,0.6957323323382854,0.2,0.5,0.7,1.0,4.7
2013-03-24,FAC,NO,1,161.0,25.08695652173913,44.41303177339223,1.0,5.0,7.0,24.0,316.0
2013-03-24,FAC,NO2,1,161.0,24.925465838509318,15.667862328278487,2.0,13.0,23.0,32.0,87.0
2013-03-24,FAC,NOX,1,161.0,50.099378881987576,53.46718677948001,5.0,19.0,32.0,59.0,357.0
2013-03-24,FAC,O3,1,161.0,36.86335403726708,33.794692056299695,1.0,11.0,29.0,47.0,136.0
2013-03-24,FAC,PM10,2,161.0,55.69565217391305,39.09412415540551,1.0,31.0,47.0,70.0,265.0
2013-03-24,FAC,SO2,1,161.0,2.3354037267080745,2.5222611368048353,0.0,1.0,2.0,3.0,20.0
2013-03-24,HGM,CO,15,155.0,0.7503225806451614,0.47922748896021716,0.2,0.5,0.6,0.9,3.0
2013-03-24,HGM,NO,1,155.0,19.767741935483873,28.30304911178085,0.0,3.0,8.0,22.5,161.0
2013-03-24,HGM,NO2,1,155.0,31.045161290322582,16.087965145995053,6.0,20.0,28.0,40.0,91.0
2013-03-24,HGM,NOX,1,155.0,50.8,38.14963702572812,11.0,23.5,36.0,64.0,209.0
2013-03-24,HGM,O3,1,155.0,32.92258064516129,33.12932853049456,0.0,7.0,24.0,47.0,122.0
2013-03-24,HGM,PM10,2,140.0,57.385714285714286,44.7724198432787,10.0,31.0,45.0,72.0,370.0
2013-03-24,HGM,PM2.5,2,140.0,25.164285714285715,17.83885126890291,1.0,13.0,19.0,36.25,79.0
2013-03-24,HGM,PMCO,2,140.0,32.214285714285715,39.07450653094936,7.0,16.0,24.0,33.0,369.0
2013-03-24,HGM,SO2,1,155.0,2.703225806451613,1.6402969067174542,1.0,2.0,2.0,3.0,13.0
2013-03-24,IZT,CO,15,123.0,0.8731707317073171,0.5299355312989185,0.4,0.5,0.7,1.0,3.1
2013-03-24,IZT,NO,1,123.0,24.479674796747968,34.590662436013396,2.0,4.0,8.0,28.5,181.0
2013-03-24,IZT,NO2,1,123.0,23.691056910569106,13.632248459227544,3.0,12.0,24.0,31.5,79.0
2013-03-24,IZT,NOX,1,123.0,48.1869918699187,43.213603958782365,7.0,16.5,34.0,61.5,231.0
2013-03-24,IZT,O3,1,123.0,26.235772357723576,26.75575050824083,1.0,3.0,17.0,35.5,106.0
2013-03-24,IZT,PM10,2,122.0,43.0655737704918,20.35419330765178,9.0,30.0,37.5,50.75,106.0
2013-03-24,IZT,SO2,1,123.0,3.430894308943089,1.6047128378674238,2.0,3.0,3.0,4.0,12.0
2013-03-24,LLA,CO,15,0.0,,,,,,,
2013-03-24,LLA,NO,1,161.0,39.17391304347826,57.72624676191405,1.0,3.0,12.0,59.0,367.0
2013-03-24,LLA,NO2,1,161.0,29.788819875776397,13.961290206266847,8.0,16.0,30.0,40.0,69.0
2013-03-24,LLA,NOX,1,161.0,69.00621118012423,65.85319818490309,9.0,23.0,44.0,98.0,406.0
2013-03-24,LLA,O3,1,160.0,32.575,34.93201843509313,1.0,2.0,22.0,52.25,125.0
2013-03-24,LLA,SO2,1,161.0,4.105590062111801,1.9384352080739304,1.0,3.0,4.0,5.0,12.0
2013-03-24,LPR,CO,15,155.0,0.7974193548387094,0.8003204217968181,0.1,0.3,0.6,0.9,4.7
2013-03-24,LPR,NO,1,56.0,33.589285714285715,60.922238598431,0.0,3.0,7.5,35.5,310.0
2013-03-24,LPR,NO2,1,56.0,45.32142857142857,24.006140989230342,19.0,28.75,39.0,55.25,144.0
2013-03-24,LPR,NOX,1,56.0,78.75,78.43451234802653,24.0,32.75,46.0,99.75,422.0
2013-03-24,LPR,O3,1,155.0,33.729032258064514,33.359573807856265,2.0,5.5,25.0,46.0,121.0
2013-03-24,LPR,SO2,1,155.0,1.8838709677419354,1.933823474362595,0.0,1.0,1.0,2.0,13.0
2013-03-24,MER,CO,15,149.0,1.1798657718120797,0.698548675563361,0.5,0.7,0.9,1.4,4.4
2013-03-24,MER,NO,1,148.0,40.472972972972975,55.08983954445029,1.0,6.0,18.5,48.5,296.0
2013-03-24,MER,NO2,1,148.0,34.945945945945944,16.091483268890304,10.0,23.0,33.0,42.0,98.0
2013-03-24,MER,NOX,1,148.0,75.47297297297297,64.98858570067067,15.0,35.0,49.0,94.75,356.0
2013-03-24,MER,O3,1,149.0,30.348993288590606,33.849014152775844,0.0,3.0,18.0,46.0,121.0
2013-03-24,MER,PM10,2,152.0,64.92105263157895,41.12048623604301,17.0,39.75,58.0,79.25,358.0
2013-03-24,MER,PM2.5,2,152.0,25.69078947368421,13.943705908830028,3.0,15.0,21.5,35.0,64.0
2013-03-24,MER,PMCO,2,152.0,39.26315789473684,33.577376655632904,10.0,23.0,33.0,44.0,310.0
2013-03-24,MER,SO2,1,149.0,2.5436241610738257,2.598032575468615,0.0,1.0,1.0,3.0,17.0
2013-03-24,MON,CO,15,0.0,,,,,,,
2013-03-24,MON,NO,1,161.0,12.869565217391305,30.698967905041737,0.0,1.0,2.0,7.0,222.0
2013-03-24,MON,NO2,1,161.0,13.180124223602485,8.291477702103048,2.0,6.0,12.0,17.0,35.0
2013-03-24,MON,NOX,1,161.0,26.080745341614907,36.38989817849169,3.0,8.0,13.0,26.0,255.0
2013-03-24,MON,O3,1,161.0,36.8944099378882,27.586818066893855,1.0,10.0,35.0,58.0,106.0
2013-03-24,MON,SO2,1,0.0,,,,,,,
2013-03-24,NEZ,CO,15,156.0,0.91025641025641,0.6711741745175308,0.3,0.5,0.6,1.0,3.9
2013-03-24,NEZ,NO,1,156.0,27.78205128205128,48.03671913695306,1.0,2.0,7.0,28.5,273.0
2013-03-24,NEZ,NO2,1,156.0,27.128205128205128,14.501932217741661,8.0,15.0,26.0,37.0,99.0
2013-03-24,NEZ,NOX,1,156.0,54.916666666666664,55.73380954933656,10.0,19.75,33.0,63.25,302.0
2013-03-24,NEZ,O3,1,156.0,30.57051282051282,30.21367179947327,1.0,4.0,22.0,48.0,111.0
2013-03-24,NEZ,PM2.5,2,157.0,26.898089171974522,15.819569475071468,4.0,14.0,24.0,36.0,84.0
2013-03-24,NEZ,SO2,1,156.0,2.4935897435897436,2.2215855856740627,0.0,1.0,2.0,3.0,14.0
2013-03-24,PED,CO,15,153.0,0.4156862745098042,0.2774692128627742,0.1,0.2,0.4,0.5,1.5
2013-03-24,PED,NO,1,153.0,10.398692810457517,17.37411105991093,0.0,2.0,3.0,8.0,97.0
2013-03-24,PED,NO2,1,153.0,20.555555555555557,11.684385041634394,4.0,10.0,20.0,27.0,63.0
2013-03-24,PED,NOX,1,153.0,30.954248366013072,25.935481657496346,7.0,13.0,24.0,38.0,150.0
2013-03-24,PED,O3,1,153.0,39.21568627450981,32.362856628611866,3.0,13.0,33.0,53.0,146.0
2013-03-24,PED,PM10,2,151.0,48.94039735099338,28.304353443261324,9.0,27.5,43.0,66.0,206.0
2013-03-24,PED,PM2.5,2,151.0,18.774834437086092,12.569366033034688,1.0,9.0,16.0,28.0,62.0
2013-03-24,PED,PMCO,2,151.0,30.13907284768212,21.6142051238221,4.0,16.5,26.0,36.0,164.0
2013-03-24,PED,SO2,1,153.0,1.6470588235294117,0.8309046135268381,1.0,1.0,1.0,2.0,5.0
2013-03-24,SAG,CO,15,0.0,,,,,,,
2013-03-24,SAG,NO,1,161.0,27.093167701863354,39.18957151498278,1.0,4.0,8.0,33.0,209.0
2013-03-24,SAG,NO2,1,161.0,26.52173913043478,12.999561029377942,6.0,16.0,26.0,36.0,61.0
2013-03-24,SAG,NOX,1,161.0,53.683229813664596,46.95349059977441,10.0,19.0,39.0,70.0,253.0
2013-03-24,SAG,O3,1,161.0,32.37888198757764,32.48171487533001,1.0,5.0,24.0,45.0,121.0
2013-03-24,SAG,PM10,2,161.0,62.6583850931677,38.02993978269985,20.0,41.0,54.0,73.0,363.0
2013-03-24,SAG,PM2.5,2,161.0,23.763975155279503,11.971066957434447,3.0,15.0,22.0,30.0,63.0
2013-03-24,SAG,PMCO,2,161.0,38.8944099378882,33.22378712693512,7.0,22.0,30.0,43.0,321.0
2013-03-24,SAG,SO2,1,0.0,,,,,,,
2013-03-24,SFE,CO,15,125.0,0.49439999999999945,0.20371707135458814,0.2,0.3,0.4,0.6,1.1
2013-03-24,SFE,NO,1,154.0,6.220779220779221,10.162243816640428,1.0,1.0,3.0,5.0,62.0
2013-03-24,SFE,NO2,1,154.0,18.928571428571427,10.214757453863983,3.0,11.0,17.0,22.75,48.0
2013-03-24,SFE,NOX,1,154.0,25.162337662337663,18.537533301516866,7.0,14.0,20.0,27.0,107.0
2013-03-24,SFE,O3,1,154.0,41.857142857142854,27.37238448338499,6.0,23.25,33.5,50.75,122.0
2013-03-24,SFE,PM10,2,133.0,40.721804511278194,28.271238565941957,4.0,19.0,34.0,55.0,150.0
2013-03-24,SFE,PM2.5,2,133.0,19.736842105263158,14.981753921294185,1.0,8.0,15.0,27.0,70.0
2013-03-24,SFE,PMCO,2,133.0,21.022556390977442,16.854307140103156,2.0,9.0,17.0,29.0,108.0
2013-03-24,SFE,SO2,1,154.0,0.7207792207792207,0.6416558771362106,0.0,0.0,1.0,1.0,2.0
2013-03-24,SJA,CO,15,158.0,0.820253164556962,0.6858682250430325,0.2,0.4,0.6,1.0750000000000002,4.6
2013-03-24,SJA,NO,1,158.0,35.88607594936709,60.26797637933794,0.0,2.0,5.0,45.75,335.0
2013-03-24,SJA,NO2,1,158.0,29.848101265822784,14.792913269401982,6.0,16.25,28.0,41.75,66.0
2013-03-24,SJA,NOX,1,158.0,65.78481012658227,68.80854466382446,8.0,18.0,37.0,89.5,383.0
2013-03-24,SJA,O3,1,158.0,30.949367088607595,32.74467865911331,1.0,2.25,22.0,43.75,122.0
2013-03-24,SJA,PM2.5,2,153.0,21.045751633986928,12.479108789282611,1.0,12.0,19.0,27.0,60.0
2013-03-24,SJA,SO2,1,158.0,3.1202531645569622,2.1246433794026722,1.0,2.0,3.0,4.0,14.0
2013-03-24,SUR,CO,15,155.0,0.7793548387096776,0.4670572108499707,0.2,0.4,0.7,1.0,2.7
2013-03-24,SUR,NO,1,161.0,17.86335403726708,25.762738813645655,0.0,3.0,6.0,22.0,134.0
2013-03-24,SUR,NO2,1,161.0,24.559006211180126,12.82616696469414,4.0,13.0,25.0,33.0,57.0
2013-03-24,SUR,NOX,1,161.0,42.422360248447205,33.401654104166894,10.0,17.0,32.0,57.0,188.0
2013-03-24,SUR,O3,1,161.0,33.422360248447205,32.18494208312964,1.0,5.0,26.0,51.0,136.0
2013-03-24,SUR,PM10,2,161.0,58.88819875776397,48.053224890326014,1.0,38.0,49.0,65.0,420.0
2013-03-24,SUR,SO2,1,161.0,2.0372670807453415,0.9479464565427986,1.0,1.0,2.0,2.0,7.0
2013-03-24,TAH,CO,15,154.0,0.625974025974026,0.4664992969900195,0.1,0.3,0.5,0.7,3.5
2013-03-24,TAH,NO,1,154.0,6.9935064935064934,16.76032381223011,0.0,1.0,1.5,4.0,124.0
2013-03-24,TAH,NO2,1,154.0,13.116883116883116,8.587837616503093,1.0,5.0,12.0,18.75,36.0
2013-03-24,TAH,NOX,1,154.0,20.025974025974026,22.74580994293466,1.0,6.25,13.0,23.75,158.0
2013-03-24,TAH,O3,1,154.0,37.01948051948052,26.37920323146757,1.0,16.0,32.5,56.0,124.0
2013-03-24,TAH,PM10,2,154.0,53.40909090909091,38.69228590702075,5.0,29.0,44.0,65.75,314.0
2013-03-24,TAH,SO2,1,154.0,2.9805194805194803,1.411765590074136,0.0,2.0,3.0,4.0,9.0
2013-03-24,TLA,CO,15,156.0,0.9455128205128213,0.5607993084434956,0.3,0.6,0.8,1.2,3.0
2013-03-24,TLA,NO,1,156.0,32.06410256410256,46.5413696635279,3.0,8.0,11.0,29.75,236.0
2013-03-24,TLA,NO2,1,156.0,32.25,16.32556870520556,7.0,21.75,29.0,41.0,85.0
2013-03-24,TLA,NOX,1,156.0,64.23717948717949,56.66438970270905,17.0,29.75,40.0,78.75,288.0
2013-03-24,TLA,O3,1,156.0,33.08974358974359,33.57137255784609,1.0,8.0,22.0,42.25,131.0
2013-03-24,TLA,PM10,2,159.0,61.314465408805034,33.085646121860925,6.0,38.5,55.0,84.0,182.0
2013-03-24,TLA,PM2.5,2,159.0,25.735849056603772,16.221743819146994,1.0,13.0,23.0,33.5,86.0
2013-03-24,TLA,PMCO,2,159.0,35.56603773584906,22.93511163246222,3.0,21.5,30.0,46.5,149.0
2013-03-24,TLA,SO2,1,155.0,4.264516129032258,7.286419871039269,0.0,1.0,2.0,4.5,58.0
2013-03-24,TLI,CO,15,161.0,0.4490683229813666,0.36914055798949397,0.0,0.2,0.4,0.5,2.3
2013-03-24,TLI,NO,1,161.0,19.80745341614907,37.037568010054045,0.0,2.0,6.0,16.0,265.0
2013-03-24,TLI,NO2,1,161.0,27.41614906832298,15.298512593636014,6.0,16.0,24.0,38.0,83.0
2013-03-24,TLI,NOX,1,161.0,47.267080745341616,47.71029209771924,8.0,19.0,29.0,52.0,320.0
2013-03-24,TLI,O3,1,161.0,34.70807453416149,33.45082953970514,2.0,7.0,25.0,49.0,129.0
2013-03-24,TLI,PM10,2,158.0,57.41772151898734,45.831346209907466,1.0,28.25,43.0,71.75,263.0
2013-03-24,TLI,SO2,1,161.0,3.5093167701863353,6.53846122228155,0.0,1.0,2.0,3.0,59.0
2013-03-24,TPN,CO,15,0.0,,,,,,,
2013-03-24,TPN,NO,1,159.0,6.264150943396227,9.974304220642791,0.0,1.0,3.0,6.0,52.0
2013-03-24,TPN,NO2,1,159.0,11.383647798742139,10.574508841655854,0.0,4.0,7.0,14.0,55.0
2013-03-24,TPN,NOX,1,159.0,17.67295597484277,19.381740348287337,0.0,6.0,10.0,21.5,107.0
2013-03-24,TPN,O3,1,136.0,41.43382352941177,24.919931694182104,12.0,23.0,34.5,53.0,145.0
2013-03-24,TPN,SO2,1,159.0,1.150943396226415,0.7132443191509138,0.0,1.0,1.0,1.0,3.0
2013-03-24,UAX,CO,15,95.0,0.5557894736842106,0.3692187812106209,0.1,0.3,0.5,0.7,2.1
2013-03-24,UAX,NO,1,150.0,13.58,19.989013761087353,1.0,2.0,3.0,19.75,96.0
2013-03-24,UAX,NO2,1,150.0,21.46,11.832516907904205,4.0,11.0,21.5,28.0,62.0
2013-03-24,UAX,NOX,1,150.0,35.12,28.282828523005705,5.0,14.0,24.5,47.5,143.0
2013-03-24,UAX,O3,1,150.0,34.92,29.916106411409753,1.0,9.0,32.0,53.75,135.0
2013-03-24,UAX,PM2.5,2,140.0,20.65714285714286,12.946915095227986,1.0,11.0,20.0,25.0,61.0
2013-03-24,UAX,SO2,1,150.0,1.44,0.6073376823503411,0.0,1.0,1.0,2.0,3.0
2013-03-24,UIZ,CO,15,157.0,0.8547770700636945,0.6967365189989294,0.2,0.5,0.7,1.0,4.7
2013-03-24,UIZ,NO,1,157.0,18.43949044585987,36.150209698937445,0.0,1.0,5.0,17.0,243.0
2013-03-24,UIZ,NO2,1,157.0,26.02547770700637,14.669412204235345,7.0,14.0,24.0,34.0,89.0
2013-03-24,UIZ,NOX,1,157.0,44.40764331210191,46.1839903737899,9.0,18.0,29.0,48.0,318.0
2013-03-24,UIZ,O3,1,157.0,30.515923566878982,27.453831897210165,2.0,9.0,23.0,46.0,112.0
2013-03-24,UIZ,PM10,2,156.0,50.03846153846154,23.669194520109237,10.0,33.0,43.0,63.0,138.0
2013-03-24,UIZ,PM2.5,2,156.0,22.25,12.833738298316568,1.0,14.0,19.0,27.0,63.0
2013-03-24,UIZ,PMCO,2,156.0,27.762820512820515,15.641183099995235,5.0,17.0,24.0,33.0,96.0
2013-03-24,UIZ,SO2,1,157.0,3.0445859872611467,1.2927011525493375,2.0,2.0,3.0,3.0,10.0
2013-03-24,VIF,CO,15,159.0,0.7899371069182384,0.4736332727248829,0.2,0.5,0.6,1.0,2.7
2013-03-24,VIF,NO,1,159.0,20.761006289308177,30.674373735159826,1.0,3.0,5.0,27.0,151.0
2013-03-24,VIF,NO2,1,159.0,20.41509433962264,11.049544286835534,4.0,12.0,18.0,29.5,52.0
2013-03-24,VIF,NOX,1,159.0,41.23270440251572,37.600699388956215,6.0,14.0,26.0,56.0,184.0
2013-03-24,VIF,O3,1,159.0,34.672955974842765,33.09489555948146,1.0,4.0,26.0,50.5,132.0
2013-03-24,VIF,PM10,2,158.0,82.80379746835443,54.48618814766893,3.0,55.5,70.5,96.25,395.0
2013-03-24,VIF,SO2,1,159.0,2.050314465408805,2.9784006032852886,0.0,1.0,1.0,2.0,23.0
2013-03-24,XAL,CO,15,147.0,1.0530612244897968,0.9416035668198196,0.2,0.5,0.7,1.3,5.0
2013-03-24,XAL,NO,1,147.0,58.63945578231292,82.89025138726666,2.0,11.0,22.0,73.5,427.0
2013-03-24,XAL,NO2,1,147.0,35.795918367346935,15.495884904696203,11.0,25.0,34.0,45.5,94.0
2013-03-24,XAL,NOX,1,147.0,94.40136054421768,90.80331445461923,18.0,34.5,61.0,118.0,476.0
2013-03-24,XAL,O3,1,147.0,28.959183673469386,31.09197085074927,1.0,5.0,20.0,40.0,121.0
2013-03-24,XAL,PM10,2,127.0,78.2755905511811,44.144186042499754,17.0,45.0,64.0,100.5,242.0
2013-03-24,XAL,PM2.5,2,127.0,31.921259842519685,20.410317302003264,4.0,16.0,27.0,39.5,89.0
2013-03-24,XAL,PMCO,2,127.0,46.31496062992126,31.69164448176767,8.0,25.5,35.0,59.5,203.0
2013-03-24,XAL,SO2,1,146.0,5.63013698630137,4.702183936662703,2.0,3.0,4.0,6.0,29.0
2013-03-31,ACO,CO,15,34.0,0.4147058823529414,0.14591893337008918,0.2,0.3,0.4,0.5,0.8
2013-03-31,ACO,NO,1,34.0,5.117647058823529,5.4258902684251815,2.0,2.0,3.0,5.0,26.0
2013-03-31,ACO,NO2,1,34.0,13.970588235294118,4.509150925366791,6.0,10.0,15.0,17.0,22.0
2013-03-31,ACO,NOX,1,34.0,19.058823529411764,8.340994695680426,8.0,13.25,18.0,21.5,46.0
2013-03-31,ACO,O3,1,34.0,31.147058823529413,21.706209630930257,4.0,16.0,23.5,47.5,84.0
2013-03-31,ACO,PM10,2,33.0,71.48484848484848,29.485294228777434,28.0,42.0,78.0,91.0,127.0
2013-03-31,ACO,SO2,1,34.0,1.088235294117647,0.6682245611851774,0.0,1.0,1.0,1.0,3.0
2013-03-31,ATI,CO,15,124.0,0.5419354838709677,0.3195771530936445,0.0,0.3,0.5,0.7,1.6
2013-03-31,ATI,NO,1,124.0,12.5,15.87630027963397,3.0,4.0,5.0,13.0,87.0
2013-03-31,ATI,NO2,1,124.0,25.379032258064516,11.293996348830923,6.0,18.0,24.0,32.0,67.0
2013-03-31,ATI,NOX,1,124.0,37.87096774193548,23.489477921818562,10.0,21.75,31.5,46.5,121.0
2013-03-31,ATI,O3,1,124.0,28.64516129032258,23.624843458297416,1.0,9.75,19.0,49.0,89.0
2013-03-31,ATI,PM10,2,121.0,60.86776859504132,36.628755131444734,9.0,37.0,50.0,80.0,287.0
2013-03-31,ATI,SO2,1,124.0,11.258064516129032,13.991792581298506,1.0,2.0,6.0,13.25,66.0
2013-03-31,CAM,CO,15,161.0,0.7322981366459631,0.31376792468161274,0.4,0.5,0.7,0.9,2.2
2013-03-31,CAM,NO,1,161.0,21.596273291925467,22.939970270792514,3.0,6.0,11.0,30.0,130.0
2013-03-31,CAM,NO2,1,161.0,30.503105590062113,12.99428923777792,8.0,20.0,31.0,38.0,78.0
2013-03-31,CAM,NOX,1,161.0,52.06211180124224,33.007516083650124,12.0,27.0,43.0,69.0,196.0
2013-03-31,CAM,O3,1,161.0,31.385093167701864,30.898232577244862,1.0,3.0,20.0,56.0,113.0
2013-03-31,CAM,PM10,2,161.0,59.52173913043478,21.167807797609136,23.0,45.0,55.0,72.0,131.0
2013-03-31,CAM,PM2.5,2,161.0,31.559006211180126,14.695171281962358,4.0,22.0,29.0,37.0,83.0
2013-03-31,CAM,PMCO,2,161.0,27.925465838509318,11.708732208821248,12.0,21.0,25.0,34.0,85.0
2013-03-31,CAM,SO2,1,161.0,12.51552795031056,26.852864276940277,1.0,2.0,4.0,9.0,192.0
2013-03-31,CHO,CO,15,0.0,,,,,,,
2013-03-31,CHO,NO,1,0.0,,,,,,,
2013-03-31,CHO,NO2,1,0.0,,,,,,,
2013-03-31,CHO,NOX,1,0.0,,,,,,,
2013-03-31,CHO,O3,1,0.0,,,,,,,
2013-03-31,CHO,PM10,2,0.0,,,,,,,
2013-03-31,CHO,SO2,1,0.0,,,,,,,
2013-03-31,COY,NO,1,160.0,10.55625,15.798951830131584,0.0,1.0,3.0,14.0,77.0
2013-03-31,COY,NO2,1,160.0,29.55625,12.214408892418607,7.0,21.0,31.0,37.25,67.0
2013-03-31,COY,NOX,1,160.0,40.09375,24.555878230280776,7.0,22.75,34.0,54.25,121.0
2013-03-31,COY,O3,1,160.0,34.43125,30.699726890187073,3.0,6.0,24.0,60.5,113.0
2013-03-31,COY,PM2.5,2,157.0,31.62420382165605,15.51030013957593,6.0,21.0,29.0,36.0,91.0
2013-03-31,CUA,CO,15,154.0,0.6350649350649351,0.27044685064509844,0.2,0.5,0.6,0.7,2.1
2013-03-31,CUA,NO,1,154.0,9.928571428571429,15.5130588644363,1.0,3.0,4.0,9.0,108.0
2013-03-31,CUA,NO2,1,154.0,23.324675324675326,11.060075474504686,5.0,15.0,21.0,30.0,60.0
2013-03-31,CUA,NOX,1,154.0,33.22077922077922,23.905655182731223,6.0,18.0,26.0,39.75,154.0
2013-03-31,CUA,O3,1,154.0,39.87662337662338,25.34940870823672,3.0,20.0,37.5,55.75,100.0
2013-03-31,CUA,PM10,2,159.0,43.867924528301884,18.288515178584227,4.0,30.5,43.0,54.0,103.0
2013-03-31,CUA,SO2,1,154.0,5.707792207792208,6.5916617210019135,1.0,2.0,3.0,6.0,33.0
2013-03-31,CUT,NO,1,161.0,15.26086956521739,27.692625764617002,0.0,1.0,3.0,18.0,164.0
2013-03-31,CUT,NO2,1,161.0,21.60248447204969,11.467497276599627,3.0,12.0,21.0,31.0,54.0
2013-03-31,CUT,NOX,1,161.0,36.94409937888199,33.95313837615106,4.0,13.0,27.0,52.0,193.0
2013-03-31,CUT,O3,1,161.0,31.335403726708076,28.749770455470347,0.0,3.0,24.0,57.0,113.0
2013-03-31,CUT,PM10,2,161.0,74.83850931677019,30.518211903123927,8.0,52.0,73.0,89.0,162.0
2013-03-31,CUT,SO2,1,161.0,11.099378881987578,25.858800477048444,0.0,1.0,3.0,9.0,216.0
2013-03-31,FAC,CO,15,159.0,0.8283018867924531,0.3974813227793766,0.3,0.5,0.7,1.0,2.2
2013-03-31,FAC,NO,1,159.0,15.40251572327044,19.329625552783664,1.0,4.0,7.0,18.0,95.0
2013-03-31,FAC,NO2,1,159.0,26.88679245283019,11.951368298378517,7.0,19.0,25.0,31.5,65.0
2013-03-31,FAC,NOX,1,159.0,42.23899371069182,28.390687348053007,9.0,23.0,32.0,53.0,159.0
2013-03-31,FAC,O3,1,159.0,34.18238993710692,29.407838304535765,1.0,9.5,22.0,57.5,111.0
2013-03-31,FAC,PM10,2,159.0,52.44654088050314,24.51288676809805,1.0,34.5,47.0,68.0,126.0
2013-03-31,FAC,SO2,1,159.0,9.20754716981132,12.862995434209047,0.0,2.0,4.0,10.0,70.0
2013-03-31,HGM,CO,15,153.0,0.8267973856209153,0.3971951886514451,0.3,0.5,0.7,1.0,2.1
2013-03-31,HGM,NO,1,153.0,18.26797385620915,23.50699966749761,0.0,2.0,6.0,27.0,115.0
2013-03-31,HGM,NO2,1,153.0,35.549019607843135,14.5547700520946,8.0,23.0,36.0,46.0,69.0
2013-03-31,HGM,NOX,1,153.0,53.89542483660131,34.134055266407586,10.0,27.0,45.0,74.0,160.0
2013-03-31,HGM,O3,1,153.0,34.294117647058826,33.2719817233939,0.0,3.0,23.0,63.0,120.0
2013-03-31,HGM,PM10,2,144.0,63.770833333333336,29.082164469134497,20.0,44.75,56.5,77.5,248.0
2013-03-31,HGM,PM2.5,2,144.0,33.020833333333336,22.559778786174288,3.0,19.0,26.0,43.25,198.0
2013-03-31,HGM,PMCO,2,144.0,30.756944444444443,14.702288736614927,10.0,21.0,28.0,35.0,92.0
2013-03-31,HGM,SO2,1,153.0,9.941176470588236,17.520001837793423,2.0,3.0,4.0,7.0,130.0
2013-03-31,IZT,CO,15,161.0,0.8316770186335407,0.3936086826164482,0.3,0.5,0.7,1.1,2.3
2013-03-31,IZT,NO,1,161.0,20.391304347826086,26.314486008908535,1.0,3.0,8.0,28.0,131.0
2013-03-31,IZT,NO2,1,161.0,31.52173913043478,14.16954787410388,6.0,21.0,31.0,40.0,80.0
2013-03-31,IZT,NOX,1,161.0,51.92546583850932,35.55340222732402,9.0,25.0,42.0,74.0,176.0
2013-03-31,IZT,O3,1,161.0,34.41614906832298,34.73139052179801,0.0,3.0,20.0,62.0,124.0
2013-03-31,IZT,PM10,2,161.0,52.35403726708075,19.70545924924365,9.0,39.0,49.0,65.0,109.0
2013-03-31,IZT,SO2,1,161.0,8.329192546583851,10.860925603692497,3.0,3.0,4.0,7.0,56.0
2013-03-31,LLA,CO,15,0.0,,,,,,,
2013-03-31,LLA,NO,1,158.0,19.79113924050633,29.52857922505842,1.0,2.0,6.0,24.5,166.0
2013-03-31,LLA,NO2,1,158.0,28.21518987341772,12.620043592721457,7.0,18.0,27.0,39.0,59.0
2013-03-31,LLA,NOX,1,158.0,48.0,37.92516936465254,9.0,22.0,34.0,65.75,210.0
2013-03-31,LLA,O3,1,158.0,31.9873417721519,28.177324610192855,0.0,6.25,22.5,57.0,99.0
2013-03-31,LLA,SO2,1,158.0,9.613924050632912,18.800231968871216,1.0,3.0,4.0,8.0,139.0
2013-03-31,LPR,CO,15,161.0,0.7608695652173911,0.4863350070994628,0.1,0.4,0.7,1.0,2.8
2013-03-31,LPR,NO,1,0.0,,,,,,,
2013-03-31,LPR,NO2,1,0.0,,,,,,,
2013-03-31,LPR,NOX,1,0.0,,,,,,,
2013-03-31,LPR,O3,1,161.0,36.06832298136646,30.71952233995559,2.0,4.0,31.0,60.0,113.0
2013-03-31,LPR,SO2,1,161.0,8.211180124223603,17.17534931882326,0.0,2.0,3.0,6.0,103.0
2013-03-31,MER,CO,15,152.0,1.1638157894736838,0.471934070783473,0.5,0.8,1.05,1.5,2.5
2013-03-31,MER,NO,1,152.0,28.92763157894737,33.91303681295161,0.0,5.0,14.0,40.75,149.0
2013-03-31,MER,NO2,1,152.0,38.26315789473684,13.710699086182942,10.0,28.75,37.0,47.0,72.0
2013-03-31,MER,NOX,1,152.0,67.14473684210526,42.61725669423373,11.0,34.0,53.5,90.25,205.0
2013-03-31,MER,O3,1,152.0,32.07236842105263,33.96572132042848,0.0,3.0,17.0,56.5,126.0
2013-03-31,MER,PM10,2,157.0,70.28025477707007,28.400260561034873,28.0,51.0,67.0,85.0,256.0
2013-03-31,MER,PM2.5,2,157.0,31.73248407643312,14.992041549283737,7.0,22.0,29.0,39.0,93.0
2013-03-31,MER,PMCO,2,157.0,38.57324840764331,21.066805771303976,15.0,28.0,34.0,45.0,220.0
2013-03-31,MER,SO2,1,152.0,6.598684210526316,11.551359467266217,1.0,2.0,3.0,6.0,68.0
2013-03-31,MON,CO,15,0.0,,,,,,,
2013-03-31,MON,NO,1,156.0,9.788461538461538,16.197972639125727,0.0,1.0,2.0,12.0,101.0
2013-03-31,MON,NO2,1,156.0,14.544871794871796,8.489342805764178,3.0,7.0,13.5,22.0,33.0
2013-03-31,MON,NOX,1,156.0,24.378205128205128,21.722693039461834,3.0,8.0,15.0,35.0,119.0
2013-03-31,MON,O3,1,157.0,35.82802547770701,28.6931552509611,1.0,8.0,34.0,62.0,112.0
2013-03-31,MON,SO2,1,0.0,,,,,,,
2013-03-31,NEZ,CO,15,151.0,0.8192052980132449,0.29993671149940504,0.4,0.6,0.7,1.0,1.8
2013-03-31,NEZ,NO,1,151.0,9.245033112582782,12.128735513876245,0.0,2.0,4.0,12.5,71.0
2013-03-31,NEZ,NO2,1,151.0,26.258278145695364,14.127261388846245,6.0,15.0,23.0,34.0,71.0
2013-03-31,NEZ,NOX,1,151.0,35.56953642384106,23.681078222573912,7.0,18.0,28.0,51.0,118.0
2013-03-31,NEZ,O3,1,151.0,37.43046357615894,33.10941657268616,1.0,7.0,25.0,66.0,123.0
2013-03-31,NEZ,PM2.5,2,152.0,27.019736842105264,12.085495874241806,6.0,18.75,25.0,34.0,65.0
2013-03-31,NEZ,SO2,1,151.0,4.4635761589403975,8.68774986935596,0.0,1.0,2.0,3.0,69.0
2013-03-31,PED,CO,15,147.0,0.41088435374149673,0.24132319365244154,0.1,0.2,0.4,0.5,1.4
2013-03-31,PED,NO,1,147.0,6.6938775510204085,12.126396117842328,1.0,1.0,2.0,6.0,88.0
2013-03-31,PED,NO2,1,147.0,22.39455782312925,10.470806005223801,6.0,14.0,21.0,29.0,54.0
2013-03-31,PED,NOX,1,147.0,29.06122448979592,20.146798409712346,8.0,15.0,24.0,35.0,128.0
2013-03-31,PED,O3,1,147.0,44.46938775510204,30.90668813607172,3.0,20.0,35.0,69.0,121.0
2013-03-31,PED,PM10,2,155.0,52.25806451612903,24.060216316911813,16.0,37.5,46.0,61.0,145.0
2013-03-31,PED,PM2.5,2,155.0,24.748387096774195,13.960330415277731,1.0,16.5,22.0,29.0,86.0
2013-03-31,PED,PMCO,2,155.0,27.52258064516129,14.312983608966091,7.0,18.0,24.0,34.0,87.0
2013-03-31,PED,SO2,1,147.0,5.387755102040816,7.736631403515415,1.0,2.0,3.0,4.0,39.0
2013-03-31,SAG,CO,15,0.0,,,,,,,
2013-03-31,SAG,NO,1,160.0,18.05,26.359345483900434,2.0,4.0,7.0,17.25,176.0
2013-03-31,SAG,NO2,1,160.0,26.075,10.893740629630413,8.0,17.0,25.0,33.0,54.0
2013-03-31,SAG,NOX,1,160.0,44.13125,33.430322144413225,10.0,21.0,34.0,53.25,216.0
2013-03-31,SAG,O3,1,160.0,33.275,28.65890270757964,1.0,9.0,22.0,57.0,103.0
2013-03-31,SAG,PM10,2,159.0,64.83647798742139,36.05057527128154,11.0,44.0,57.0,72.5,331.0
2013-03-31,SAG,PM2.5,2,159.0,26.459119496855347,12.255581078604052,3.0,18.0,25.0,35.0,66.0
2013-03-31,SAG,PMCO,2,159.0,38.38993710691824,30.765530594820397,6.0,24.0,30.0,43.5,286.0
2013-03-31,SAG,SO2,1,0.0,,,,,,,
2013-03-31,SFE,CO,15,142.0,0.6626760563380281,0.21980299203868875,0.3,0.5,0.6,0.7,1.4
2013-03-31,SFE,NO,1,155.0,8.541935483870967,15.622676953410258,1.0,2.0,3.0,7.0,137.0
2013-03-31,SFE,NO2,1,155.0,23.26451612903226,10.473886773660743,4.0,15.0,22.0,30.0,54.0
2013-03-31,SFE,NOX,1,155.0,31.716129032258063,22.94169765758005,5.0,16.5,25.0,37.0,175.0
2013-03-31,SFE,O3,1,155.0,40.935483870967744,28.126725613868654,1.0,19.0,36.0,60.5,107.0
2013-03-31,SFE,PM10,2,151.0,53.788079470198674,25.30865708844127,12.0,35.0,50.0,65.5,147.0
2013-03-31,SFE,PM2.5,2,151.0,29.60927152317881,18.39781635953345,4.0,17.5,24.0,36.5,107.0
2013-03-31,SFE,PMCO,2,151.0,24.205298013245034,12.402858746162623,7.0,15.5,22.0,31.0,68.0
2013-03-31,SFE,SO2,1,155.0,4.264516129032258,6.046440854304986,0.0,1.0,2.0,4.0,32.0
2013-03-31,SJA,CO,15,161.0,0.736024844720497,0.42946955582308965,0.2,0.4,0.6,1.0,2.4
2013-03-31,SJA,NO,1,161.0,23.795031055900623,39.720133121066965,0.0,0.0,7.0,35.0,239.0
2013-03-31,SJA,NO2,1,161.0,31.5527950310559,13.714910053076366,9.0,20.0,31.0,41.0,69.0
2013-03-31,SJA,NOX,1,161.0,55.267080745341616,46.63016161294843,9.0,21.0,44.0,77.0,276.0
2013-03-31,SJA,O3,1,161.0,33.3416149068323,33.98549425675277,1.0,2.0,21.0,65.0,119.0
2013-03-31,SJA,PM2.5,2,161.0,26.51552795031056,12.577810615356572,5.0,18.0,25.0,34.0,63.0
2013-03-31,SJA,SO2,1,161.0,7.099378881987578,10.780888744060094,2.0,2.0,4.0,6.0,57.0
2013-03-31,SUR,CO,15,160.0,0.7831250000000003,0.35647150511964376,0.2,0.5,0.7,1.0,2.0
2013-03-31,SUR,NO,1,160.0,12.2625,16.810257238593138,0.0,2.0,4.0,13.75,80.0
2013-03-31,SUR,NO2,1,160.0,31.125,14.122442997810793,6.0,20.0,32.0,40.25,69.0
2013-03-31,SUR,NOX,1,160.0,43.4375,26.64480727490783,9.0,22.75,36.0,57.25,122.0
2013-03-31,SUR,O3,1,160.0,39.05625,35.345241889310024,1.0,7.5,28.0,67.25,127.0
2013-03-31,SUR,PM10,2,152.0,59.17763157894737,33.49609090045751,5.0,35.75,52.5,73.25,183.0
2013-03-31,SUR,SO2,1,160.0,6.39375,10.067131195288193,2.0,2.0,3.0,4.0,46.0
2013-03-31,TAH,CO,15,161.0,0.5397515527950314,0.24374153911099913,0.1,0.4,0.5,0.7,1.7
2013-03-31,TAH,NO,1,161.0,4.198757763975156,7.437086018542815,0.0,1.0,1.0,3.0,43.0
2013-03-31,TAH,NO2,1,161.0,17.403726708074533,10.054463487667785,2.0,10.0,16.0,25.0,69.0
2013-03-31,TAH,NOX,1,161.0,21.546583850931675,15.723370468254812,3.0,11.0,17.0,28.0,112.0
2013-03-31,TAH,O3,1,161.0,44.29192546583851,30.591591931352795,1.0,17.0,40.0,66.0,111.0
2013-03-31,TAH,PM10,2,155.0,65.2258064516129,37.29046192368467,6.0,38.0,57.0,85.5,221.0
2013-03-31,TAH,SO2,1,161.0,4.055900621118012,4.658659205185775,1.0,2.0,3.0,4.0,27.0
2013-03-31,TLA,CO,15,156.0,0.8461538461538467,0.3500017724166395,0.4,0.6,0.7,1.0,2.1
2013-03-31,TLA,NO,1,156.0,22.743589743589745,28.35076873165463,3.0,7.75,12.0,27.0,141.0
2013-03-31,TLA,NO2,1,156.0,33.31410256410256,13.111336875898038,12.0,24.0,34.0,40.0,83.0
2013-03-31,TLA,NOX,1,156.0,56.08974358974359,37.51410432303611,17.0,31.5,46.0,65.0,208.0
2013-03-31,TLA,O3,1,156.0,30.987179487179485,27.58470524776885,1.0,7.0,19.0,54.0,98.0
2013-03-31,TLA,PM10,2,161.0,63.1055900621118,26.968639770220154,24.0,43.0,55.0,78.0,153.0
2013-03-31,TLA,PM2.5,2,161.0,27.68944099378882,14.442660776690662,7.0,17.0,25.0,33.0,77.0
2013-03-31,TLA,PMCO,2,161.0,35.391304347826086,17.68762770732818,15.0,23.0,30.0,43.0,103.0
2013-03-31,TLA,SO2,1,156.0,14.044871794871796,31.10177734755693,1.0,2.0,4.0,10.25,222.0
2013-03-31,TLI,CO,15,158.0,0.5284810126582279,0.19875144422081464,0.2,0.4,0.5,0.6,1.2
2013-03-31,TLI,NO,1,158.0,11.367088607594937,18.386977678718818,0.0,1.0,3.0,12.0,89.0
2013-03-31,TLI,NO2,1,158.0,26.335443037974684,12.842312012560077,6.0,16.0,25.5,36.75,65.0
2013-03-31,TLI,NOX,1,158.0,37.65822784810127,27.703105703680283,7.0,16.25,31.0,49.75,155.0
2013-03-31,TLI,O3,1,158.0,33.879746835443036,27.339888871434326,1.0,8.25,27.5,58.0,95.0
2013-03-31,TLI,PM10,2,158.0,51.74683544303797,27.28498728830687,5.0,32.25,48.0,68.0,148.0
2013-03-31,TLI,SO2,1,158.0,12.955696202531646,30.551896943349632,1.0,2.0,4.0,9.75,218.0
2013-03-31,TPN,CO,15,0.0,,,,,,,
2013-03-31,TPN,NO,1,140.0,7.871428571428571,10.4308913496105,0.0,1.0,4.0,9.0,39.0
2013-03-31,TPN,NO2,1,140.0,17.785714285714285,11.63212230292899,3.0,9.0,16.0,24.0,59.0
2013-03-31,TPN,NOX,1,140.0,25.564285714285713,20.045348126199105,3.0,10.0,20.0,34.0,84.0
2013-03-31,TPN,O3,1,0.0,,,,,,,
2013-03-31,TPN,SO2,1,141.0,4.184397163120567,7.059545550812175,0.0,1.0,2.0,3.0,31.0
2013-03-31,UAX,CO,15,156.0,0.7179487179487181,0.3091063455140569,0.2,0.5,0.7,0.9,1.8
2013-03-31,UAX,NO,1,156.0,12.314102564102564,17.340537807331046,1.0,2.0,4.0,15.25,100.0
2013-03-31,UAX,NO2,1,156.0,27.71794871794872,12.97680057581413,5.0,17.75,28.0,35.0,68.0
2013-03-31,UAX,NOX,1,156.0,40.044871794871796,26.201044783088193,7.0,19.0,34.0,55.5,140.0
2013-03-31,UAX,O3,1,156.0,42.37179487179487,36.46371912245817,0.0,7.75,34.5,72.25,131.0
2013-03-31,UAX,PM2.5,2,160.0,27.975,12.74320635382244,3.0,21.0,27.0,34.0,76.0
2013-03-31,UAX,SO2,1,156.0,4.846153846153846,8.65254305049646,1.0,2.0,2.0,3.0,41.0
2013-03-31,UIZ,CO,15,151.0,0.637748344370861,0.5133863680639636,0.0,0.2,0.5,0.9,2.3
2013-03-31,UIZ,NO,1,158.0,14.018987341772151,21.832445766335155,0.0,2.0,4.5,16.0,141.0
2013-03-31,UIZ,NO2,1,158.0,30.90506329113924,13.689825118656852,8.0,20.25,30.0,40.0,68.0
2013-03-31,UIZ,NOX,1,158.0,44.90506329113924,31.424925798813533,10.0,22.25,38.0,57.0,186.0
2013-03-31,UIZ,O3,1,158.0,32.31012658227848,29.97895268026438,1.0,6.25,21.5,58.0,116.0
2013-03-31,UIZ,PM10,2,157.0,59.65605095541401,22.727683722324237,10.0,45.0,55.0,71.0,145.0
2013-03-31,UIZ,PM2.5,2,157.0,30.133757961783438,14.98422056416019,6.0,21.0,28.0,37.0,95.0
2013-03-31,UIZ,PMCO,2,157.0,29.484076433121018,13.39996416735613,4.0,21.0,27.0,34.0,98.0
2013-03-31,UIZ,SO2,1,158.0,6.943037974683544,9.51649166667321,2.0,3.0,4.0,5.0,50.0
2013-03-31,VIF,CO,15,161.0,0.7074534161490686,0.2461079019025639,0.3,0.5,0.7,0.9,1.4
2013-03-31,VIF,NO,1,161.0,5.801242236024844,7.303098551108635,1.0,2.0,3.0,6.0,49.0
2013-03-31,VIF,NO2,1,161.0,13.726708074534162,7.345906664292495,3.0,8.0,13.0,17.0,46.0
2013-03-31,VIF,NOX,1,161.0,19.527950310559007,12.429834125905119,5.0,11.0,17.0,25.0,75.0
2013-03-31,VIF,O3,1,161.0,36.47204968944099,27.756769920102656,0.0,12.0,30.0,60.0,113.0
2013-03-31,VIF,PM10,2,160.0,71.09375,41.32472981188331,6.0,49.75,64.0,81.0,263.0
2013-03-31,VIF,SO2,1,161.0,10.29192546583851,21.584902058948767,1.0,2.0,3.0,9.0,143.0
2013-03-31,XAL,CO,15,155.0,0.8554838709677419,0.5255969933451767,0.2,0.4,0.8,1.1,3.0
2013-03-31,XAL,NO,1,155.0,30.206451612903226,39.28710451895171,2.0,8.0,15.0,38.0,265.0
2013-03-31,XAL,NO2,1,155.0,36.29032258064516,13.341161645490631,13.0,26.0,37.0,45.0,80.0
2013-03-31,XAL,NOX,1,155.0,66.50967741935484,47.533087278851376,16.0,33.5,53.0,82.0,310.0
2013-03-31,XAL,O3,1,155.0,33.619354838709675,31.17009701032405,1.0,5.0,23.0,57.5,106.0
2013-03-31,XAL,PM10,2,160.0,80.35,31.348959037014332,28.0,56.0,74.0,98.0,160.0
2013-03-31,XAL,PM2.5,2,160.0,35.88125,17.495865414542198,7.0,21.75,33.0,48.0,96.0
2013-03-31,XAL,PMCO,2,160.0,44.475,22.085012989403893,18.0,29.0,38.0,54.0,137.0
2013-03-31,XAL,SO2,1,155.0,10.522580645161291,15.023071211363574,2.0,4.0,5.0,10.0,77.0
2013-04-07,ACO,CO,15,84.0,0.33214285714285696,0.16366341767699433,0.1,0.2,0.3,0.5,0.8
2013-04-07,ACO,NO,1,84.0,6.440476190476191,8.34692236836564,1.0,1.0,2.0,9.0,43.0
2013-04-07,ACO,NO2,1,84.0,17.047619047619047,8.526224269092488,5.0,10.0,15.0,24.0,40.0
2013-04-07,ACO,NOX,1,84.0,23.404761904761905,14.751858406609381,5.0,11.75,17.5,34.25,66.0
2013-04-07,ACO,O3,1,84.0,40.714285714285715,29.263477557541876,1.0,12.75,40.5,66.25,115.0
2013-04-07,ACO,PM10,2,82.0,50.01219512195122,23.855270350952072,16.0,36.25,44.0,60.0,161.0
2013-04-07,ACO,SO2,1,84.0,2.9404761904761907,2.905545966057337,0.0,1.0,2.0,3.25,16.0
2013-04-07,ATI,CO,15,132.0,0.6045454545454546,0.4364785587738043,0.0,0.3,0.5,0.8250000000000001,2.0
2013-04-07,ATI,NO,1,132.0,14.901515151515152,19.668186366279425,3.0,4.0,6.0,14.5,120.0
2013-04-07,ATI,NO2,1,132.0,25.87878787878788,13.843746516153638,5.0,15.0,25.0,35.0,79.0
2013-04-07,ATI,NOX,1,132.0,40.81060606060606,30.178130845187805,9.0,19.0,32.0,52.25,161.0
2013-04-07,ATI,O3,1,132.0,31.257575757575758,26.32840778842516,1.0,10.0,24.0,47.5,104.0
2013-04-07,ATI,PM10,2,134.0,59.23134328358209,27.23275178182686,16.0,41.25,52.5,70.75,177.0
2013-04-07,ATI,SO2,1,132.0,6.0606060606060606,11.198935047350366,1.0,2.0,2.0,5.0,85.0
2013-04-07,CAM,CO,15,161.0,0.8881987577639755,0.4565329782704063,0.3,0.6,0.7,1.0,3.1
2013-04-07,CAM,NO,1,161.0,29.52173913043478,43.32566891528073,4.0,6.0,11.0,34.0,271.0
2013-04-07,CAM,NO2,1,161.0,34.70807453416149,13.75074532141476,8.0,26.0,34.0,42.0,94.0
2013-04-07,CAM,NOX,1,161.0,64.26086956521739,51.583248460514085,13.0,32.0,50.0,77.0,325.0
2013-04-07,CAM,O3,1,161.0,33.13664596273292,34.45712859743429,1.0,3.0,22.0,55.0,131.0
2013-04-07,CAM,PM10,2,161.0,60.88819875776397,20.536246549947936,27.0,45.0,58.0,71.0,128.0
2013-04-07,CAM,PM2.5,2,161.0,33.35403726708075,12.546618039280643,13.0,25.0,32.0,39.0,76.0
2013-04-07,CAM,PMCO,2,161.0,27.571428571428573,12.193089377652761,11.0,20.0,24.0,33.0,84.0
2013-04-07,CAM,SO2,1,161.0,6.838509316770186,10.287067500700829,1.0,2.0,3.0,6.0,62.0
2013-04-07,CHO,CO,15,0.0,,,,,,,
2013-04-07,CHO,NO,1,0.0,,,,,,,
2013-04-07,CHO,NO2,1,0.0,,,,,,,
2013-04-07,CHO,NOX,1,0.0,,,,,,,
2013-04-07,CHO,O3,1,0.0,,,,,,,
2013-04-07,CHO,PM10,2,0.0,,,,,,,
2013-04-07,CHO,SO2,1,0.0,,,,,,,
2013-04-07,COY,NO,1,159.0,15.069182389937106,23.306466614142604,0.0,0.0,4.0,21.0,118.0
2013-04-07,COY,NO2,1,159.0,28.48427672955975,11.95553753690539,7.0,19.5,31.0,36.0,56.0
2013-04-07,COY,NOX,1,159.0,43.44654088050314,30.216653929044202,7.0,19.5,39.0,59.0,154.0
2013-04-07,COY,O3,1,160.0,32.625,28.79438056637541,3.0,5.0,24.5,53.5,101.0
2013-04-07,COY,PM2.5,2,153.0,33.509803921568626,13.8431617391037,5.0,24.0,30.0,41.0,85.0
2013-04-07,CUA,CO,15,156.0,0.5301282051282052,0.24975339367254082,0.1,0.3,0.5,0.7,1.4
2013-04-07,CUA,NO,1,153.0,6.098039215686274,6.727559878552152,1.0,3.0,3.0,6.0,35.0
2013-04-07,CUA,NO2,1,153.0,19.431372549019606,11.115875741409315,6.0,10.0,18.0,28.0,62.0
2013-04-07,CUA,NOX,1,153.0,25.529411764705884,16.079595939349826,7.0,12.0,21.0,35.0,81.0
2013-04-07,CUA,O3,1,156.0,42.705128205128204,20.47916894379795,6.0,30.0,41.0,53.0,103.0
2013-04-07,CUA,PM10,2,161.0,40.037267080745345,18.63863199069267,8.0,24.0,37.0,54.0,94.0
2013-04-07,CUA,SO2,1,156.0,4.423076923076923,5.845360400642502,1.0,2.0,2.0,3.0,34.0
2013-04-07,CUT,NO,1,160.0,22.39375,40.9589604199038,0.0,1.0,3.0,21.25,230.0
2013-04-07,CUT,NO2,1,160.0,23.35,12.583407263725503,4.0,12.0,21.0,35.0,53.0
2013-04-07,CUT,NOX,1,160.0,45.725,48.835360680865115,5.0,14.0,25.0,64.25,273.0
2013-04-07,CUT,O3,1,160.0,32.775,28.253780289174244,1.0,3.0,27.5,58.0,97.0
2013-04-07,CUT,PM10,2,157.0,82.63694267515923,36.84638117885475,24.0,56.0,75.0,105.0,213.0
2013-04-07,CUT,SO2,1,160.0,6.16875,11.679268239225163,0.0,1.0,2.0,5.0,65.0
2013-04-07,FAC,CO,15,145.0,0.9531034482758618,0.6039287085885815,0.3,0.6,0.8,1.1,3.4
2013-04-07,FAC,NO,1,105.0,24.561904761904763,43.18785526616069,1.0,4.0,9.0,20.0,219.0
2013-04-07,FAC,NO2,1,105.0,27.18095238095238,14.75816654782971,4.0,17.0,26.0,34.0,83.0
2013-04-07,FAC,NOX,1,105.0,51.65714285714286,52.34277346555049,7.0,20.0,36.0,51.0,257.0
2013-04-07,FAC,O3,1,145.0,33.8,30.128567100935204,1.0,10.0,24.0,51.0,118.0
2013-04-07,FAC,PM10,2,132.0,49.34848484848485,32.92670204576304,2.0,23.75,41.5,66.0,161.0
2013-04-07,FAC,SO2,1,145.0,5.710344827586207,9.379289567815619,1.0,2.0,2.0,5.0,64.0
2013-04-07,HGM,CO,15,153.0,0.9006535947712412,0.37688067566227196,0.3,0.6,0.8,1.2,2.2
2013-04-07,HGM,NO,1,153.0,17.41176470588235,23.406456995926728,1.0,2.0,7.0,25.0,139.0
2013-04-07,HGM,NO2,1,153.0,36.6078431372549,13.573016620698526,13.0,26.0,36.0,45.0,75.0
2013-04-07,HGM,NOX,1,153.0,53.98692810457516,31.5066799366889,15.0,30.0,45.0,73.0,191.0
2013-04-07,HGM,O3,1,153.0,35.66013071895425,34.00525566939168,0.0,5.0,27.0,59.0,131.0
2013-04-07,HGM,PM10,2,155.0,59.516129032258064,22.984567052277608,14.0,44.0,54.0,70.0,147.0
2013-04-07,HGM,PM2.5,2,155.0,30.303225806451614,15.256837595737402,1.0,22.0,28.0,36.0,97.0
2013-04-07,HGM,PMCO,2,155.0,29.148387096774194,14.543617133632974,8.0,20.0,26.0,34.0,123.0
2013-04-07,HGM,SO2,1,153.0,5.555555555555555,7.970248038873669,1.0,2.0,3.0,5.0,52.0
2013-04-07,IZT,CO,15,130.0,0.7269230769230767,0.38635414960977404,0.2,0.5,0.6,0.9,2.1
2013-04-07,IZT,NO,1,130.0,19.6,24.00148574212558,2.0,4.0,8.0,31.25,126.0
2013-04-07,IZT,NO2,1,130.0,30.43076923076923,13.535447840426498,5.0,21.0,29.5,39.0,83.0
2013-04-07,IZT,NOX,1,130.0,50.02307692307692,32.55703769751555,7.0,25.0,39.5,71.0,159.0
2013-04-07,IZT,O3,1,130.0,33.16153846153846,32.7529639693506,0.0,3.0,20.5,57.25,122.0
2013-04-07,IZT,PM10,2,131.0,53.74809160305343,19.077712938017243,20.0,41.5,51.0,64.0,141.0
2013-04-07,IZT,SO2,1,130.0,7.823076923076923,15.21243136314945,1.0,3.0,4.0,5.0,112.0
2013-04-07,LLA,CO,15,0.0,,,,,,,
2013-04-07,LLA,NO,1,158.0,26.854430379746834,44.906672641854,1.0,3.0,10.0,25.75,242.0
2013-04-07,LLA,NO2,1,158.0,32.35443037974684,12.977725134763263,8.0,22.0,33.0,43.0,64.0
2013-04-07,LLA,NOX,1,158.0,59.18987341772152,52.685722681824984,9.0,26.25,42.5,69.0,288.0
2013-04-07,LLA,O3,1,158.0,34.61392405063291,32.61895910025339,1.0,5.0,25.0,61.75,123.0
2013-04-07,LLA,SO2,1,158.0,9.00632911392405,23.38040358482042,0.0,2.0,3.0,6.0,206.0
2013-04-07,LPR,CO,15,157.0,0.6535031847133757,0.4811216412131536,0.0,0.3,0.5,0.8,3.1
2013-04-07,LPR,NO,1,148.0,17.533783783783782,22.400927926765522,0.0,6.0,11.0,19.0,164.0
2013-04-07,LPR,NO2,1,148.0,34.11486486486486,12.430226298501346,11.0,25.0,32.0,41.0,70.0
2013-04-07,LPR,NOX,1,148.0,51.695945945945944,29.885873345607806,15.0,31.75,46.5,61.25,200.0
2013-04-07,LPR,O3,1,157.0,37.802547770700635,33.45096669685995,2.0,8.0,28.0,60.0,118.0
2013-04-07,LPR,SO2,1,157.0,5.222929936305732,8.376247496920978,0.0,1.0,2.0,5.0,50.0
2013-04-07,MER,CO,15,156.0,1.2891025641025635,0.5338326085289911,0.6,0.9,1.15,1.6,3.2
2013-04-07,MER,NO,1,156.0,32.17307692307692,39.76368313270183,1.0,6.0,16.0,45.25,227.0
2013-04-07,MER,NO2,1,156.0,39.94871794871795,14.409134590115496,12.0,30.0,39.5,48.0,99.0
2013-04-07,MER,NOX,1,156.0,72.07051282051282,47.31215654728363,14.0,38.75,59.0,93.5,273.0
2013-04-07,MER,O3,1,156.0,32.583333333333336,33.91468581571256,0.0,1.0,22.0,55.0,128.0
2013-04-07,MER,PM10,2,159.0,70.39622641509433,25.407070397357117,31.0,54.0,65.0,82.0,229.0
2013-04-07,MER,PM2.5,2,159.0,31.11320754716981,12.621551356068188,9.0,24.5,29.0,36.0,90.0
2013-04-07,MER,PMCO,2,159.0,39.333333333333336,19.89868854741873,10.0,27.0,34.0,47.5,195.0
2013-04-07,MER,SO2,1,156.0,5.5576923076923075,10.437055810669856,1.0,1.0,2.0,5.0,85.0
2013-04-07,MON,CO,15,0.0,,,,,,,
2013-04-07,MON,NO,1,146.0,9.595890410958905,19.58203919046412,0.0,1.0,2.0,8.0,125.0
2013-04-07,MON,NO2,1,146.0,17.102739726027398,8.527221686077734,3.0,10.0,16.0,23.75,41.0
2013-04-07,MON,NOX,1,146.0,26.71232876712329,25.257831534987073,5.0,12.0,18.0,30.75,152.0
2013-04-07,MON,O3,1,147.0,38.87755102040816,28.132732838725758,1.0,15.0,32.0,62.5,119.0
2013-04-07,MON,SO2,1,0.0,,,,,,,
2013-04-07,NEZ,CO,15,158.0,0.7278481012658227,0.5029686923082112,0.2,0.4,0.6,0.9,4.0
2013-04-07,NEZ,NO,1,158.0,13.582278481012658,31.011445429739297,1.0,2.0,4.0,11.0,262.0
2013-04-07,NEZ,NO2,1,158.0,28.651898734177216,14.062611229370097,7.0,17.0,27.0,38.0,74.0
2013-04-07,NEZ,NOX,1,158.0,42.27215189873418,39.87602583137102,9.0,20.0,31.0,51.0,316.0
2013-04-07,NEZ,O3,1,158.0,36.765822784810126,30.91351563122141,1.0,8.0,30.5,59.0,138.0
2013-04-07,NEZ,PM2.5,2,158.0,28.468354430379748,12.274291337918507,8.0,21.0,26.5,31.0,102.0
2013-04-07,NEZ,SO2,1,158.0,6.170886075949367,16.043012661617645,1.0,1.25,2.0,5.0,134.0
2013-04-07,PED,CO,15,155.0,0.481290322580645,0.25906602898348485,0.1,0.3,0.4,0.7,1.4
2013-04-07,PED,NO,1,155.0,9.606451612903227,14.747879783426836,1.0,2.0,3.0,10.5,92.0
2013-04-07,PED,NO2,1,155.0,23.916129032258066,12.400227709843474,6.0,13.0,23.0,34.0,57.0
2013-04-07,PED,NOX,1,155.0,33.47741935483871,23.83175211522311,7.0,14.5,27.0,49.0,130.0
2013-04-07,PED,O3,1,155.0,40.78709677419355,28.987455212528868,3.0,17.0,35.0,61.5,117.0
2013-04-07,PED,PM10,2,146.0,57.56849315068493,32.969977468379774,13.0,35.25,48.0,69.75,193.0
2013-04-07,PED,PM2.5,2,146.0,32.42465753424658,31.300068440255316,2.0,12.25,24.0,38.5,179.0
2013-04-07,PED,PMCO,2,146.0,25.116438356164384,11.762306995139094,8.0,16.0,23.0,31.0,67.0
2013-04-07,PED,SO2,1,155.0,3.8645161290322583,7.447720316559916,0.0,1.0,2.0,3.0,47.0
2013-04-07,SAG,CO,15,0.0,,,,,,,
2013-04-07,SAG,NO,1,160.0,21.9375,34.85056824383555,2.0,4.0,7.0,21.25,193.0
2013-04-07,SAG,NO2,1,160.0,28.525,10.357114044016056,8.0,19.75,29.0,36.0,57.0
2013-04-07,SAG,NOX,1,160.0,50.41875,40.65740773166829,9.0,25.0,37.0,55.25,230.0
2013-04-07,SAG,O3,1,160.0,35.36875,31.623099167276376,2.0,6.75,29.5,58.25,117.0
2013-04-07,SAG,PM10,2,157.0,68.1656050955414,28.681461700976627,30.0,48.0,63.0,79.0,267.0
2013-04-07,SAG,PM2.5,2,157.0,30.94267515923567,11.281504058559268,13.0,23.0,28.0,36.0,67.0
2013-04-07,SAG,PMCO,2,157.0,37.17834394904459,23.9522771212091,9.0,23.0,31.0,45.0,225.0
2013-04-07,SAG,SO2,1,0.0,,,,,,,
2013-04-07,SFE,CO,15,155.0,0.4948387096774193,0.22871565412075048,0.2,0.3,0.5,0.7,1.1
2013-04-07,SFE,NO,1,155.0,7.341935483870968,10.1414916739321,1.0,2.0,3.0,9.0,64.0
2013-04-07,SFE,NO2,1,155.0,23.15483870967742,11.478462008092334,6.0,12.5,22.0,31.0,56.0
2013-04-07,SFE,NOX,1,155.0,30.52258064516129,18.948095707995652,7.0,14.5,25.0,41.5,104.0
2013-04-07,SFE,O3,1,155.0,39.45161290322581,23.986520443075243,2.0,22.0,37.0,51.0,102.0
2013-04-07,SFE,PM10,2,152.0,51.73684210526316,29.19442404397923,3.0,28.75,45.0,66.0,150.0
2013-04-07,SFE,PM2.5,2,152.0,28.99342105263158,20.64826747715884,1.0,14.0,24.0,38.0,109.0
2013-04-07,SFE,PMCO,2,152.0,22.782894736842106,12.953773013049691,1.0,12.0,20.0,30.25,62.0
2013-04-07,SFE,SO2,1,155.0,2.670967741935484,4.28089940395063,0.0,1.0,1.0,2.0,28.0
2013-04-07,SJA,CO,15,161.0,0.8826086956521746,0.6589352412596496,0.2,0.4,0.7,1.0,4.1
2013-04-07,SJA,NO,1,161.0,35.49689440993789,59.737040877457545,0.0,1.0,6.0,38.0,323.0
2013-04-07,SJA,NO2,1,161.0,35.17391304347826,14.073718954753618,10.0,23.0,36.0,44.0,73.0
2013-04-07,SJA,NOX,1,161.0,70.5776397515528,66.80715154004405,10.0,24.0,46.0,89.0,368.0
2013-04-07,SJA,O3,1,161.0,33.47204968944099,34.60203428120254,1.0,2.0,22.0,56.0,143.0
2013-04-07,SJA,PM2.5,2,161.0,27.31055900621118,10.01950349620973,8.0,20.0,26.0,34.0,61.0
2013-04-07,SJA,SO2,1,161.0,6.726708074534161,11.48313305333074,2.0,3.0,3.0,6.0,89.0
2013-04-07,SUR,CO,15,153.0,1.0078431372549026,0.43927712925308254,0.3,0.7,0.9,1.3,2.5
2013-04-07,SUR,NO,1,153.0,19.54901960784314,29.0383007460271,0.0,3.0,6.0,25.0,152.0
2013-04-07,SUR,NO2,1,153.0,31.464052287581698,13.211849816592503,8.0,21.0,33.0,41.0,61.0
2013-04-07,SUR,NOX,1,153.0,51.032679738562095,36.34220004286984,10.0,24.0,47.0,67.0,199.0
2013-04-07,SUR,O3,1,153.0,32.20261437908497,31.91690681266711,1.0,3.0,20.0,55.0,112.0
2013-04-07,SUR,PM10,2,154.0,54.84415584415584,22.155460788410515,3.0,41.0,54.5,68.75,129.0
2013-04-07,SUR,SO2,1,153.0,6.69281045751634,13.696081386251944,2.0,2.0,3.0,5.0,101.0
2013-04-07,TAH,CO,15,157.0,0.4859872611464966,0.28565233457288214,0.1,0.3,0.4,0.6,1.5
2013-04-07,TAH,NO,1,157.0,3.732484076433121,7.461338098873835,0.0,1.0,1.0,2.0,55.0
2013-04-07,TAH,NO2,1,157.0,15.012738853503185,10.860412267961253,1.0,6.0,13.0,22.0,53.0
2013-04-07,TAH,NOX,1,157.0,18.70700636942675,15.626760883955386,2.0,7.0,14.0,26.0,82.0
2013-04-07,TAH,O3,1,155.0,42.94838709677419,26.0902015613433,2.0,20.0,41.0,62.5,100.0
2013-04-07,TAH,PM10,2,142.0,61.00704225352113,35.42377622002128,2.0,35.0,55.5,81.75,164.0
2013-04-07,TAH,SO2,1,157.0,3.828025477707006,6.143767264836367,0.0,1.0,2.0,3.0,53.0
2013-04-07,TLA,CO,15,156.0,1.0141025641025634,0.44900588658382995,0.4,0.7,0.95,1.2,3.0
2013-04-07,TLA,NO,1,155.0,27.225806451612904,37.31187415661642,3.0,7.5,13.0,32.5,259.0
2013-04-07,TLA,NO2,1,155.0,36.251612903225805,12.94272776222637,12.0,27.0,36.0,43.0,76.0
2013-04-07,TLA,NOX,1,155.0,63.483870967741936,45.10224385219347,19.0,34.0,52.0,74.5,314.0
2013-04-07,TLA,O3,1,156.0,33.22435897435897,31.430327190921354,1.0,5.0,24.5,53.5,119.0
2013-04-07,TLA,PM10,2,161.0,64.32298136645963,19.875739761223997,26.0,50.0,61.0,77.0,139.0
2013-04-07,TLA,PM2.5,2,161.0,28.857142857142858,10.442016772909067,8.0,22.0,28.0,35.0,58.0
2013-04-07,TLA,PMCO,2,161.0,35.43478260869565,15.268751835323528,11.0,25.0,32.0,43.0,115.0
2013-04-07,TLA,SO2,1,156.0,7.75,11.932944368022612,1.0,2.0,3.0,8.0,74.0
2013-04-07,TLI,CO,15,146.0,0.597945205479452,0.3824547172803043,0.0,0.4,0.5,0.8,2.5
2013-04-07,TLI,NO,1,156.0,20.352564102564102,41.200188613282556,0.0,2.0,5.0,18.0,311.0
2013-04-07,TLI,NO2,1,156.0,31.326923076923077,14.83986064691482,9.0,18.0,31.0,41.0,78.0
2013-04-07,TLI,NOX,1,156.0,51.717948717948715,50.99548302220816,10.0,20.0,37.0,62.25,363.0
2013-04-07,TLI,O3,1,156.0,33.3525641025641,30.56538300993874,1.0,6.0,24.0,55.5,130.0
2013-04-07,TLI,PM10,2,157.0,56.02547770700637,28.555826798770138,3.0,37.0,52.0,70.0,140.0
2013-04-07,TLI,SO2,1,156.0,7.423076923076923,11.835451644646025,0.0,2.0,3.0,6.0,75.0
2013-04-07,TPN,CO,15,0.0,,,,,,,
2013-04-07,TPN,NO,1,20.0,6.95,6.8169679940263,0.0,1.5,6.0,10.25,26.0
2013-04-07,TPN,NO2,1,20.0,13.15,9.08019823572151,2.0,4.0,11.5,21.75,28.0
2013-04-07,TPN,NOX,1,20.0,20.05,15.544418527832459,2.0,4.75,21.0,32.5,54.0
2013-04-07,TPN,O3,1,0.0,,,,,,,
2013-04-07,TPN,SO2,1,20.0,1.9,0.6407232755171872,1.0,1.75,2.0,2.0,3.0
2013-04-07,UAX,CO,15,156.0,0.7442307692307693,0.35144684994671516,0.3,0.5,0.7,0.9,2.9
2013-04-07,UAX,NO,1,156.0,13.147435897435898,25.382951984500885,1.0,2.0,4.0,13.0,237.0
2013-04-07,UAX,NO2,1,156.0,27.057692307692307,14.318154676838631,5.0,14.0,26.5,35.0,78.0
2013-04-07,UAX,NOX,1,156.0,40.15384615384615,32.909485610932585,8.0,17.0,32.0,53.25,272.0
2013-04-07,UAX,O3,1,156.0,37.90384615384615,31.804397919896953,0.0,7.0,27.5,63.75,119.0
2013-04-07,UAX,PM2.5,2,161.0,28.111801242236027,11.636147230086445,3.0,21.0,28.0,33.0,78.0
2013-04-07,UAX,SO2,1,156.0,3.0256410256410255,4.567696840328258,1.0,1.0,2.0,2.0,41.0
2013-04-07,UIZ,CO,15,144.0,0.5131944444444445,0.5269315487156346,0.0,0.2,0.4,0.7,4.3
2013-04-07,UIZ,NO,1,153.0,13.967320261437909,24.158581972113684,0.0,2.0,4.0,15.0,162.0
2013-04-07,UIZ,NO2,1,153.0,29.96732026143791,13.715827536412082,7.0,19.0,29.0,41.0,64.0
2013-04-07,UIZ,NOX,1,153.0,43.967320261437905,32.04651600668153,8.0,20.0,37.0,59.0,203.0
2013-04-07,UIZ,O3,1,153.0,29.96732026143791,25.592561188097115,1.0,7.0,24.0,47.0,110.0
2013-04-07,UIZ,PM10,2,151.0,55.35761589403973,17.69042843681706,24.0,44.0,53.0,65.0,119.0
2013-04-07,UIZ,PM2.5,2,151.0,27.741721854304636,10.919379454992814,11.0,22.0,27.0,31.0,82.0
2013-04-07,UIZ,PMCO,2,151.0,27.56953642384106,12.422833779657438,9.0,18.5,25.0,34.0,72.0
2013-04-07,UIZ,SO2,1,150.0,7.226666666666667,15.988732050187943,2.0,2.0,3.0,5.0,131.0
2013-04-07,VIF,CO,15,159.0,0.9069182389937105,0.35544934956793983,0.3,0.7,0.8,1.1,2.1
2013-04-07,VIF,NO,1,159.0,12.679245283018869,18.94105471871027,1.0,3.0,4.0,13.5,120.0
2013-04-07,VIF,NO2,1,159.0,22.61635220125786,10.733715214479508,5.0,14.0,22.0,30.0,55.0
2013-04-07,VIF,NOX,1,159.0,35.295597484276726,26.06456284289814,7.0,18.0,27.0,47.0,151.0
2013-04-07,VIF,O3,1,159.0,37.301886792452834,31.549590203156416,1.0,9.5,32.0,60.5,130.0
2013-04-07,VIF,PM10,2,158.0,75.78481012658227,43.31051295158398,6.0,52.25,68.5,90.0,275.0
2013-04-07,VIF,SO2,1,159.0,8.584905660377359,22.302665415661476,1.0,2.0,3.0,5.0,223.0
2013-04-07,XAL,CO,15,148.0,1.0750000000000002,0.8023668219753372,0.3,0.6,0.8,1.2,4.8
2013-04-07,XAL,NO,1,148.0,46.9054054054054,73.22552413980257,2.0,8.75,17.5,43.25,455.0
2013-04-07,XAL,NO2,1,148.0,41.12162162162162,12.14140350145351,14.0,33.0,40.0,50.0,72.0
2013-04-07,XAL,NOX,1,148.0,88.04729729729729,79.51120525657494,17.0,42.75,57.5,88.0,510.0
2013-04-07,XAL,O3,1,148.0,33.554054054054056,32.47778597891637,1.0,3.75,20.0,55.0,119.0
2013-04-07,XAL,PM10,2,150.0,84.92,29.724353335405862,22.0,65.25,80.5,98.75,178.0
2013-04-07,XAL,PM2.5,2,150.0,41.0,15.398509472014865,14.0,30.0,39.0,48.0,92.0
2013-04-07,XAL,PMCO,2,150.0,43.88666666666666,20.20350712682611,6.0,30.0,39.5,53.75,115.0
2013-04-07,XAL,SO2,1,148.0,9.412162162162161,10.640014995420644,2.0,4.0,6.0,10.0,73.0
2013-04-14,ACO,CO,15,135.0,0.3822222222222223,0.22949219304078006,0.2,0.2,0.3,0.5,1.2
2013-04-14,ACO,NO,1,135.0,10.014814814814814,17.207246471244826,1.0,2.0,2.0,9.0,109.0
2013-04-14,ACO,NO2,1,135.0,17.40740740740741,7.970370781367826,5.0,11.0,17.0,23.0,39.0
2013-04-14,ACO,NOX,1,135.0,27.444444444444443,22.795871145747693,6.0,12.0,19.0,33.0,134.0
2013-04-14,ACO,O3,1,135.0,40.733333333333334,29.294235590060552,1.0,12.5,39.0,65.0,103.0
2013-04-14,ACO,PM10,2,140.0,69.72142857142858,33.35466010113859,25.0,48.0,60.5,85.0,198.0
2013-04-14,ACO,SO2,1,135.0,2.2074074074074073,1.8652209516441174,1.0,1.0,2.0,2.0,14.0
2013-04-14,ATI,CO,15,137.0,0.6985401459854012,0.6764945764597007,0.0,0.3,0.5,0.8,3.4
2013-04-14,ATI,NO,1,137.0,25.357664233576642,42.781719781295095,3.0,4.0,6.0,21.0,206.0
2013-04-14,ATI,NO2,1,137.0,25.226277372262775,14.374708539618096,5.0,14.0,23.0,33.0,85.0
2013-04-14,ATI,NOX,1,137.0,50.59124087591241,51.833380504056635,9.0,18.0,30.0,54.0,245.0
2013-04-14,ATI,O3,1,137.0,32.67153284671533,26.50058531236263,0.0,10.0,26.0,56.0,96.0
2013-04-14,ATI,PM10,2,137.0,54.824817518248175,27.654352335418295,7.0,35.0,49.0,67.0,156.0
2013-04-14,ATI,SO2,1,137.0,1.9635036496350364,1.0806367888758344,1.0,1.0,2.0,2.0,6.0
2013-04-14,CAM,CO,15,115.0,0.988695652173913,0.8334840443427292,0.3,0.5,0.6,1.0,3.8
2013-04-14,CAM,NO,1,115.0,42.55652173913043,72.46695451423015,3.0,5.0,8.0,36.5,321.0
2013-04-14,CAM,NO2,1,115.0,30.156521739130437,16.304445257781598,9.0,17.5,25.0,40.0,95.0
2013-04-14,CAM,NOX,1,115.0,72.74782608695652,82.71254847396015,14.0,23.0,32.0,73.5,381.0
2013-04-14,CAM,O3,1,115.0,32.23478260869565,27.21046316903443,1.0,7.0,29.0,53.5,92.0
2013-04-14,CAM,PM10,2,112.0,55.8125,24.32013633867071,17.0,39.0,49.0,68.25,139.0
2013-04-14,CAM,PM2.5,2,112.0,25.607142857142858,11.522291081342795,3.0,18.0,24.0,34.0,58.0
2013-04-14,CAM,PMCO,2,112.0,30.25,17.17136732633298,8.0,17.75,25.0,40.25,85.0
2013-04-14,CAM,SO2,1,115.0,2.8347826086956522,2.0855830720860973,1.0,2.0,2.0,3.0,12.0
2013-04-14,CHO,CO,15,0.0,,,,,,,
2013-04-14,CHO,NO,1,124.0,14.983870967741936,38.0179640617149,0.0,3.0,4.0,6.0,238.0
2013-04-14,CHO,NO2,1,124.0,13.32258064516129,8.117579425244374,2.0,7.0,10.0,18.25,36.0
2013-04-14,CHO,NOX,1,124.0,28.31451612903226,42.93109755366546,2.0,10.75,13.5,23.0,273.0
2013-04-14,CHO,O3,1,124.0,35.806451612903224,21.04415698962883,1.0,19.0,36.0,51.5,78.0
2013-04-14,CHO,PM10,2,138.0,89.0072463768116,59.62737043314063,12.0,43.25,66.5,123.0,268.0
2013-04-14,CHO,SO2,1,0.0,,,,,,,
2013-04-14,COY,NO,1,119.0,25.949579831932773,49.73384223425017,0.0,1.0,4.0,24.0,249.0
2013-04-14,COY,NO2,1,119.0,24.638655462184875,12.996564795436626,6.0,13.0,26.0,34.0,58.0
2013-04-14,COY,NOX,1,119.0,50.45378151260504,57.55509488692886,5.0,14.0,31.0,60.0,292.0
2013-04-14,COY,O3,1,119.0,32.890756302521005,29.07436109619562,3.0,4.5,27.0,55.5,93.0
2013-04-14,COY,PM2.5,2,99.0,22.828282828282827,13.660639423914692,1.0,15.0,21.0,30.0,66.0
2013-04-14,CUA,CO,15,153.0,0.40980392156862694,0.22471171762316228,0.1,0.3,0.4,0.5,1.8
2013-04-14,CUA,NO,1,153.0,6.882352941176471,15.501672735067654,1.0,2.0,3.0,4.0,136.0
2013-04-14,CUA,NO2,1,153.0,12.673202614379084,8.41898705102082,3.0,7.0,10.0,14.0,46.0
2013-04-14,CUA,NOX,1,153.0,19.562091503267975,22.562728367515955,3.0,10.0,13.0,18.0,179.0
2013-04-14,CUA,O3,1,153.0,43.56209150326797,14.64978447181116,6.0,36.0,41.0,54.0,78.0
2013-04-14,CUA,PM10,2,155.0,38.251612903225805,21.65508654694496,1.0,23.0,33.0,51.0,119.0
2013-04-14,CUA,SO2,1,153.0,2.0718954248366015,0.6081093993876978,1.0,2.0,2.0,2.0,6.0
2013-04-14,CUT,NO,1,160.0,26.78125,48.35100590486798,0.0,1.0,3.0,33.0,272.0
2013-04-14,CUT,NO2,1,160.0,23.88125,12.597979210519407,3.0,12.75,26.0,35.0,55.0
2013-04-14,CUT,NOX,1,160.0,50.675,56.076828475083175,3.0,14.0,29.0,67.0,327.0
2013-04-14,CUT,O3,1,160.0,33.26875,29.60722372227562,1.0,3.0,30.0,59.25,103.0
2013-04-14,CUT,PM10,2,160.0,78.0875,42.61283762925918,3.0,50.75,69.0,93.25,234.0
2013-04-14,CUT,SO2,1,160.0,1.23125,2.104866702781434,0.0,0.0,1.0,1.25,15.0
2013-04-14,FAC,CO,15,23.0,0.7130434782608697,0.43201888408440386,0.3,0.4,0.6,0.7,1.7
2013-04-14,FAC,NO,1,23.0,13.565217391304348,17.701633429911393,2.0,3.5,5.0,11.5,70.0
2013-04-14,FAC,NO2,1,23.0,21.043478260869566,12.069790466169376,10.0,12.0,18.0,23.5,45.0
2013-04-14,FAC,NOX,1,23.0,34.43478260869565,29.099868926534732,12.0,16.0,22.0,35.0,111.0
2013-04-14,FAC,O3,1,23.0,44.34782608695652,30.108302533070923,4.0,23.0,38.0,73.0,99.0
2013-04-14,FAC,PM10,2,23.0,47.08695652173913,21.972944196894552,23.0,30.5,38.0,64.5,98.0
2013-04-14,FAC,SO2,1,0.0,,,,,,,
2013-04-14,HGM,CO,15,155.0,0.8877419354838715,0.617003176639507,0.3,0.5,0.6,1.05,3.0
2013-04-14,HGM,NO,1,155.0,27.15483870967742,45.76324475592501,0.0,3.0,6.0,23.0,231.0
2013-04-14,HGM,NO2,1,155.0,31.006451612903227,14.139608535422086,6.0,19.5,29.0,40.0,71.0
2013-04-14,HGM,NOX,1,155.0,58.23225806451613,55.693481555072296,8.0,24.5,34.0,64.5,280.0
2013-04-14,HGM,O3,1,155.0,31.993548387096773,26.335866801461687,0.0,9.0,27.0,53.0,94.0
2013-04-14,HGM,PM10,2,139.0,51.49640287769784,21.53674786744922,20.0,36.0,48.0,61.5,138.0
2013-04-14,HGM,PM2.5,2,139.0,23.942446043165468,11.22159524179242,4.0,16.0,22.0,29.5,63.0
2013-04-14,HGM,PMCO,2,139.0,27.503597122302157,16.920690576204148,9.0,17.0,22.0,32.0,89.0
2013-04-14,HGM,SO2,1,155.0,2.0709677419354837,0.7482418997296947,1.0,2.0,2.0,2.0,4.0
2013-04-14,IZT,CO,15,134.0,0.696268656716418,0.6758349574318452,0.1,0.3,0.5,0.775,4.3
2013-04-14,IZT,NO,1,127.0,23.46456692913386,40.08261216569158,0.0,4.0,8.0,24.5,280.0
2013-04-14,IZT,NO2,1,127.0,25.480314960629922,11.833400666274418,4.0,16.0,26.0,35.0,68.0
2013-04-14,IZT,NOX,1,127.0,49.0,47.17074692093995,6.0,21.0,32.0,62.5,321.0
2013-04-14,IZT,O3,1,150.0,32.64,27.02056884929696,1.0,7.25,27.5,53.0,103.0
2013-04-14,IZT,PM10,2,155.0,47.0,20.168446488667236,18.0,32.0,44.0,54.5,149.0
2013-04-14,IZT,SO2,1,150.0,1.5333333333333334,1.3243545555531242,0.0,1.0,1.0,2.0,8.0
2013-04-14,LLA,CO,15,0.0,,,,,,,
2013-04-14,LLA,NO,1,155.0,46.096774193548384,77.3531095752147,1.0,4.0,10.0,45.5,361.0
2013-04-14,LLA,NO2,1,155.0,32.13548387096774,12.967530589977834,11.0,22.5,32.0,40.0,75.0
2013-04-14,LLA,NOX,1,155.0,78.12903225806451,85.24210819071554,14.0,27.0,42.0,88.5,408.0
2013-04-14,LLA,O3,1,155.0,32.41935483870968,31.415702701108582,0.0,3.0,20.0,59.5,107.0
2013-04-14,LLA,SO2,1,155.0,1.832258064516129,1.6028357777304731,0.0,1.0,1.0,2.0,8.0
2013-04-14,LPR,CO,15,157.0,0.7433121019108279,0.6443316837116239,0.0,0.3,0.6,1.0,3.2
2013-04-14,LPR,NO,1,157.0,25.21656050955414,29.965004903441983,1.0,7.0,14.0,24.0,152.0
2013-04-14,LPR,NO2,1,157.0,32.29936305732484,13.044040277889003,11.0,23.0,30.0,38.0,88.0
2013-04-14,LPR,NOX,1,157.0,57.53503184713376,38.56488516081603,15.0,32.0,43.0,63.0,187.0
2013-04-14,LPR,O3,1,157.0,33.796178343949045,28.267662700196706,2.0,11.0,24.0,56.0,100.0
2013-04-14,LPR,SO2,1,157.0,1.2802547770700636,0.8151953903305235,0.0,1.0,1.0,1.0,5.0
2013-04-14,MER,CO,15,154.0,1.1954545454545455,0.8049959127157161,0.5,0.8,0.9,1.3,4.7
2013-04-14,MER,NO,1,154.0,36.86363636363637,52.77948554012228,1.0,8.0,16.0,37.75,302.0
2013-04-14,MER,NO2,1,154.0,33.935064935064936,12.177164595153307,13.0,24.0,34.0,41.0,75.0
2013-04-14,MER,NOX,1,154.0,70.71428571428571,60.573373028705404,14.0,33.25,47.0,82.0,346.0
2013-04-14,MER,O3,1,154.0,27.474025974025974,26.135693683910336,0.0,3.25,18.5,48.75,97.0
2013-04-14,MER,PM10,2,157.0,66.78343949044586,26.91518455981574,22.0,48.0,61.0,79.0,155.0
2013-04-14,MER,PM2.5,2,157.0,23.45859872611465,8.473556488411822,7.0,18.0,22.0,27.0,51.0
2013-04-14,MER,PMCO,2,157.0,43.32484076433121,24.63508457061605,10.0,27.0,36.0,52.0,126.0
2013-04-14,MER,SO2,1,154.0,1.922077922077922,1.340824385631522,1.0,1.0,1.0,2.0,8.0
2013-04-14,MON,CO,15,0.0,,,,,,,
2013-04-14,MON,NO,1,127.0,8.346456692913385,26.871350753424817,1.0,1.0,2.0,3.0,230.0
2013-04-14,MON,NO2,1,127.0,14.220472440944881,7.583308096061377,3.0,9.0,13.0,17.5,37.0
2013-04-14,MON,NOX,1,127.0,22.511811023622048,31.29223904535982,5.0,10.0,14.0,20.0,261.0
2013-04-14,MON,O3,1,126.0,39.182539682539684,22.28700098035652,1.0,22.25,34.5,57.0,99.0
2013-04-14,MON,SO2,1,0.0,,,,,,,
2013-04-14,NEZ,CO,15,155.0,0.908387096774193,0.6965550517311357,0.4,0.6,0.7,0.9,5.2
2013-04-14,NEZ,NO,1,155.0,20.690322580645162,47.19626990295321,0.0,2.0,3.0,12.5,319.0
2013-04-14,NEZ,NO2,1,155.0,24.580645161290324,13.316268230291247,7.0,13.0,24.0,34.0,77.0
2013-04-14,NEZ,NOX,1,155.0,45.32258064516129,55.43744989120517,10.0,15.0,27.0,45.5,367.0
2013-04-14,NEZ,O3,1,155.0,33.81290322580645,26.246777686396964,1.0,10.0,30.0,58.0,96.0
2013-04-14,NEZ,PM2.5,2,154.0,26.16883116883117,11.147733551300322,9.0,19.0,24.0,30.0,78.0
2013-04-14,NEZ,SO2,1,154.0,2.6948051948051948,1.841170138293245,0.0,2.0,2.0,3.0,10.0
2013-04-14,PED,CO,15,155.0,0.41354838709677455,0.37883577968317694,0.0,0.2,0.3,0.5,2.1
2013-04-14,PED,NO,1,155.0,12.929032258064517,25.388950883789434,0.0,1.0,3.0,10.0,160.0
2013-04-14,PED,NO2,1,155.0,19.993548387096773,13.215740700477367,3.0,10.0,16.0,30.0,71.0
2013-04-14,PED,NOX,1,155.0,32.909677419354836,35.641681374396015,3.0,11.0,19.0,41.0,217.0
2013-04-14,PED,O3,1,155.0,37.83870967741935,25.189537064921133,3.0,14.5,37.0,56.0,97.0
2013-04-14,PED,PM10,2,121.0,49.35537190082645,28.21313509228525,7.0,29.0,45.0,61.0,148.0
2013-04-14,PED,PM2.5,2,121.0,21.15702479338843,21.523246449851538,1.0,10.0,15.0,23.0,127.0
2013-04-14,PED,PMCO,2,121.0,28.214876033057852,18.662442949933006,5.0,15.0,24.0,36.0,101.0
2013-04-14,PED,SO2,1,155.0,0.8,1.071471860597349,0.0,0.0,1.0,1.0,7.0
2013-04-14,SAG,CO,15,0.0,,,,,,,
2013-04-14,SAG,NO,1,151.0,28.86092715231788,52.70497000411497,2.0,4.0,7.0,18.0,253.0
2013-04-14,SAG,NO2,1,151.0,27.1523178807947,10.668800835064744,8.0,20.0,26.0,34.0,58.0
2013-04-14,SAG,NOX,1,151.0,56.00662251655629,59.23000328535549,10.0,24.5,33.0,54.0,300.0
2013-04-14,SAG,O3,1,151.0,32.390728476821195,28.82452046665218,2.0,7.5,21.0,57.0,108.0
2013-04-14,SAG,PM10,2,153.0,65.43137254901961,33.806485812224494,22.0,43.0,52.0,77.0,219.0
2013-04-14,SAG,PM2.5,2,153.0,27.424836601307188,10.955467759151565,10.0,19.0,26.0,33.0,65.0
2013-04-14,SAG,PMCO,2,153.0,37.97385620915033,27.519836795821693,12.0,20.0,29.0,45.0,164.0
2013-04-14,SAG,SO2,1,118.0,1.1694915254237288,1.5264342267669175,0.0,0.0,1.0,2.0,6.0
2013-04-14,SFE,CO,15,156.0,0.39487179487179497,0.2723363365979581,0.1,0.2,0.3,0.5,1.7
2013-04-14,SFE,NO,1,156.0,10.564102564102564,20.148538564525882,1.0,2.0,3.0,7.0,112.0
2013-04-14,SFE,NO2,1,156.0,18.134615384615383,12.57087598685641,4.0,9.0,13.0,25.0,72.0
2013-04-14,SFE,NOX,1,156.0,28.66025641025641,30.903908677491465,5.0,12.0,16.5,31.0,159.0
2013-04-14,SFE,O3,1,156.0,39.73076923076923,20.42400426880607,2.0,24.75,38.0,55.25,83.0
2013-04-14,SFE,PM10,2,134.0,46.47014925373134,25.745337645948084,7.0,27.0,44.0,59.75,119.0
2013-04-14,SFE,PM2.5,2,134.0,23.365671641791046,16.740182194989558,1.0,11.25,19.0,30.75,75.0
2013-04-14,SFE,PMCO,2,134.0,23.111940298507463,15.351353910441482,1.0,12.0,21.0,28.0,75.0
2013-04-14,SFE,SO2,1,156.0,0.5833333333333334,0.5674883353450437,0.0,0.0,1.0,1.0,2.0
2013-04-14,SJA,CO,15,141.0,1.04822695035461,0.9547327851198865,0.3,0.5,0.7,1.1,5.0
2013-04-14,SJA,NO,1,141.0,44.99290780141844,79.30308014680145,0.0,2.0,8.0,46.0,383.0
2013-04-14,SJA,NO2,1,141.0,33.90780141843972,14.307291202749871,10.0,21.0,35.0,42.0,87.0
2013-04-14,SJA,NOX,1,141.0,78.86524822695036,87.26996045589603,11.0,25.0,45.0,88.0,430.0
2013-04-14,SJA,O3,1,141.0,29.617021276595743,29.696719293183143,1.0,3.0,19.0,54.0,100.0
2013-04-14,SJA,PM2.5,2,140.0,24.821428571428573,10.167848790360635,3.0,18.0,24.0,32.0,66.0
2013-04-14,SJA,SO2,1,141.0,3.4397163120567376,2.201845960377795,1.0,2.0,2.0,4.0,12.0
2013-04-14,SUR,CO,15,159.0,1.0333333333333328,0.8379953979108906,0.2,0.6,0.7,1.1,4.8
2013-04-14,SUR,NO,1,159.0,27.51572327044025,54.99135206418358,1.0,3.0,5.0,19.0,308.0
2013-04-14,SUR,NO2,1,159.0,24.9811320754717,14.166939450489584,4.0,11.5,26.0,36.0,68.0
2013-04-14,SUR,NOX,1,159.0,52.44654088050314,63.554685691944066,6.0,14.5,32.0,57.5,358.0
2013-04-14,SUR,O3,1,159.0,32.59748427672956,27.91445329021939,1.0,4.0,31.0,55.5,97.0
2013-04-14,SUR,PM10,2,158.0,52.860759493670884,26.50597056990399,2.0,35.0,46.5,66.75,140.0
2013-04-14,SUR,SO2,1,159.0,2.7672955974842766,1.3556957602454858,1.0,2.0,2.0,3.0,10.0
2013-04-14,TAH,CO,15,122.0,0.6213114754098358,0.5299663965952172,0.2,0.3,0.4,0.7,3.4
2013-04-14,TAH,NO,1,122.0,8.024590163934427,19.416046492550816,0.0,1.0,1.0,4.0,112.0
2013-04-14,TAH,NO2,1,122.0,11.926229508196721,10.923602494187664,2.0,4.0,6.5,17.75,52.0
2013-04-14,TAH,NOX,1,122.0,19.942622950819672,27.8093566453849,2.0,5.0,7.0,22.0,157.0
2013-04-14,TAH,O3,1,122.0,39.114754098360656,23.148174060511266,1.0,17.0,38.5,58.0,90.0
2013-04-14,TAH,PM10,2,109.0,69.13761467889908,53.883356169000244,2.0,35.0,58.0,90.0,369.0
2013-04-14,TAH,SO2,1,122.0,1.7049180327868851,1.2377567324652454,0.0,1.0,1.0,2.75,5.0
2013-04-14,TLA,CO,15,155.0,1.0851612903225805,0.7774244481091428,0.3,0.6,0.8,1.25,4.1
2013-04-14,TLA,NO,1,155.0,40.380645161290325,67.47075085072262,2.0,6.0,10.0,30.5,353.0
2013-04-14,TLA,NO2,1,155.0,33.10967741935484,16.9703973512379,9.0,19.0,30.0,43.0,86.0
2013-04-14,TLA,NOX,1,155.0,73.46451612903226,77.70701529608114,13.0,28.0,40.0,79.5,422.0
2013-04-14,TLA,O3,1,155.0,33.23870967741936,27.18361898609895,1.0,9.0,28.0,55.0,97.0
2013-04-14,TLA,PM10,2,160.0,61.91875,26.23622055228085,21.0,42.0,55.5,77.0,165.0
2013-04-14,TLA,PM2.5,2,160.0,25.55,11.334702100104495,7.0,17.0,23.0,34.0,62.0
2013-04-14,TLA,PMCO,2,160.0,36.35,19.787614447795146,8.0,22.0,31.5,46.25,119.0
2013-04-14,TLA,SO2,1,155.0,3.3483870967741933,3.410437661648174,0.0,1.0,2.0,4.5,25.0
2013-04-14,TLI,CO,15,161.0,0.8304347826086957,0.4937159454409068,0.1,0.5,0.7,0.9,3.3
2013-04-14,TLI,NO,1,161.0,27.198757763975156,51.67165807720133,0.0,2.0,5.0,23.0,298.0
2013-04-14,TLI,NO2,1,161.0,31.043478260869566,15.153525920593099,7.0,19.0,31.0,41.0,91.0
2013-04-14,TLI,NOX,1,161.0,58.24844720496895,61.366830521045806,8.0,22.0,34.0,69.0,347.0
2013-04-14,TLI,O3,1,161.0,33.88819875776397,28.284490844988678,1.0,8.0,24.0,58.0,109.0
2013-04-14,TLI,PM10,2,158.0,54.12658227848101,33.818122412863254,3.0,29.0,46.0,70.0,202.0
2013-04-14,TLI,SO2,1,161.0,2.8260869565217392,1.164931421754648,1.0,2.0,2.0,3.0,7.0
2013-04-14,TPN,CO,15,0.0,,,,,,,
2013-04-14,TPN,NO,1,154.0,6.824675324675325,10.124798467700185,0.0,1.0,3.0,7.0,57.0
2013-04-14,TPN,NO2,1,154.0,15.071428571428571,10.381675121963788,5.0,9.0,12.0,16.0,70.0
2013-04-14,TPN,NOX,1,154.0,21.896103896103895,19.656583932888836,5.0,11.0,15.0,23.75,117.0
2013-04-14,TPN,O3,1,145.0,39.648275862068964,15.741634036706417,13.0,26.0,39.0,50.0,82.0
2013-04-14,TPN,SO2,1,154.0,1.1818181818181819,0.5653912458145519,0.0,1.0,1.0,1.0,3.0
2013-04-14,UAX,CO,15,154.0,0.5740259740259742,0.40613034303052337,0.2,0.3,0.4,0.6,2.5
2013-04-14,UAX,NO,1,154.0,12.792207792207792,24.714229534804907,1.0,2.0,3.0,9.0,165.0
2013-04-14,UAX,NO2,1,154.0,20.941558441558442,12.377101465716462,2.0,11.0,18.0,28.0,69.0
2013-04-14,UAX,NOX,1,154.0,33.675324675324674,33.254000322902456,6.0,14.0,21.0,36.75,202.0
2013-04-14,UAX,O3,1,154.0,37.57142857142857,25.645103532657977,1.0,15.0,33.5,59.0,97.0
2013-04-14,UAX,PM2.5,2,159.0,22.11949685534591,9.363519826577583,1.0,16.5,21.0,28.0,45.0
2013-04-14,UAX,SO2,1,154.0,1.2532467532467533,0.46528771493467225,1.0,1.0,1.0,1.0,3.0
2013-04-14,UIZ,CO,15,0.0,,,,,,,
2013-04-14,UIZ,NO,1,159.0,16.32075471698113,35.0970301954556,0.0,1.0,2.0,10.5,203.0
2013-04-14,UIZ,NO2,1,159.0,23.32075471698113,13.449069778531516,5.0,12.0,21.0,33.0,86.0
2013-04-14,UIZ,NOX,1,159.0,39.61006289308176,44.6756116672634,6.0,14.0,23.0,43.5,238.0
2013-04-14,UIZ,O3,1,159.0,33.075471698113205,24.64932462931095,2.0,11.0,31.0,52.0,91.0
2013-04-14,UIZ,PM10,2,156.0,51.73076923076923,22.508018973560148,21.0,35.0,45.0,61.25,137.0
2013-04-14,UIZ,PM2.5,2,156.0,23.064102564102566,9.0800593199565,9.0,16.0,21.0,27.0,62.0
2013-04-14,UIZ,PMCO,2,156.0,28.621794871794872,18.023405194972653,9.0,16.0,23.0,36.0,103.0
2013-04-14,UIZ,SO2,1,159.0,2.9559748427672954,1.0574983134300544,2.0,2.0,3.0,3.0,8.0
2013-04-14,VIF,CO,15,158.0,0.99113924050633,0.6092053659816377,0.3,0.6,0.8500000000000001,1.175,3.6
2013-04-14,VIF,NO,1,158.0,23.544303797468356,36.19437879724676,2.0,3.0,5.5,28.75,182.0
2013-04-14,VIF,NO2,1,158.0,26.468354430379748,11.41831743607749,5.0,18.0,28.5,34.0,63.0
2013-04-14,VIF,NOX,1,158.0,50.050632911392405,41.92772025416504,6.0,21.25,39.0,65.75,223.0
2013-04-14,VIF,O3,1,158.0,35.5253164556962,32.81286437314723,1.0,4.0,25.5,65.0,118.0
2013-04-14,VIF,PM10,2,157.0,89.56687898089172,48.544623125816614,1.0,55.0,79.0,113.0,256.0
2013-04-14,VIF,SO2,1,158.0,1.9620253164556962,1.471106329858551,1.0,1.0,2.0,2.0,10.0
2013-04-14,XAL,CO,15,155.0,1.0890322580645166,1.0484724659902482,0.3,0.5,0.6,1.2,5.3
2013-04-14,XAL,NO,1,155.0,58.89032258064516,91.05468370830759,2.0,9.0,16.0,57.0,484.0
2013-04-14,XAL,NO2,1,155.0,37.019354838709674,13.3107080064515,7.0,28.0,36.0,44.0,85.0
2013-04-14,XAL,NOX,1,155.0,95.93548387096774,98.5553887000087,19.0,37.0,53.0,99.5,538.0
2013-04-14,XAL,O3,1,155.0,31.864516129032257,28.510211754340506,2.0,5.5,22.0,54.5,99.0
2013-04-14,XAL,PM10,2,159.0,81.32075471698113,43.13671536040991,32.0,51.5,65.0,99.0,255.0
2013-04-14,XAL,PM2.5,2,159.0,34.289308176100626,17.03731790561779,10.0,21.0,28.0,45.0,94.0
2013-04-14,XAL,PMCO,2,159.0,47.0503144654088,30.792856055872775,13.0,26.0,35.0,59.0,180.0
2013-04-14,XAL,SO2,1,155.0,4.741935483870968,3.333884886640369,2.0,3.0,3.0,5.0,21.0
2013-04-21,ACO,CO,15,156.0,0.419230769230769,0.22863279041641857,0.2,0.2,0.3,0.5,1.1
2013-04-21,ACO,NO,1,156.0,7.794871794871795,12.641313707108202,0.0,1.0,2.0,7.0,65.0
2013-04-21,ACO,NO2,1,156.0,18.19871794871795,9.358397899692346,5.0,11.0,14.0,26.0,44.0
2013-04-21,ACO,NOX,1,156.0,25.94871794871795,20.332333973190426,6.0,12.0,16.0,32.0,96.0
2013-04-21,ACO,O3,1,156.0,45.94230769230769,32.70241983442961,2.0,13.75,47.0,74.0,117.0
2013-04-21,ACO,PM10,2,161.0,82.29813664596273,29.69297996170494,33.0,59.0,76.0,98.0,194.0
2013-04-21,ACO,SO2,1,156.0,2.8076923076923075,3.009909192961796,0.0,1.0,2.0,3.0,16.0
2013-04-21,ATI,CO,15,155.0,0.8638709677419352,0.6495636768289547,0.0,0.5,0.7,1.0,3.8
2013-04-21,ATI,NO,1,155.0,20.948387096774194,39.449917872017515,0.0,3.0,4.0,14.5,198.0
2013-04-21,ATI,NO2,1,155.0,30.129032258064516,15.735108267002087,8.0,17.0,27.0,39.0,90.0
2013-04-21,ATI,NOX,1,155.0,51.116129032258065,50.06864830769717,9.0,20.0,32.0,57.0,247.0
2013-04-21,ATI,O3,1,156.0,43.92948717948718,38.22330182383468,1.0,11.75,33.5,69.25,154.0
2013-04-21,ATI,PM10,2,158.0,87.65822784810126,38.79815022051621,20.0,63.0,76.5,103.0,235.0
2013-04-21,ATI,SO2,1,155.0,16.212903225806453,34.83597690565164,1.0,2.0,3.0,5.0,162.0
2013-04-21,CAM,CO,15,0.0,,,,,,,
2013-04-21,CAM,NO,1,0.0,,,,,,,
2013-04-21,CAM,NO2,1,0.0,,,,,,,
2013-04-21,CAM,NOX,1,0.0,,,,,,,
2013-04-21,CAM,O3,1,0.0,,,,,,,
2013-04-21,CAM,PM10,2,0.0,,,,,,,
2013-04-21,CAM,PM2.5,2,0.0,,,,,,,
2013-04-21,CAM,PMCO,2,0.0,,,,,,,
2013-04-21,CAM,SO2,1,0.0,,,,,,,
2013-04-21,CHO,CO,15,0.0,,,,,,,
2013-04-21,CHO,NO,1,152.0,30.026315789473685,71.52380675014481,0.0,2.0,4.0,9.0,396.0
2013-04-21,CHO,NO2,1,152.0,19.07894736842105,10.79767347751417,4.0,10.0,16.5,28.0,49.0
2013-04-21,CHO,NOX,1,152.0,49.05921052631579,77.84525604116365,5.0,13.0,19.0,36.0,434.0
2013-04-21,CHO,O3,1,152.0,40.26973684210526,29.20422957545451,1.0,14.75,35.0,64.25,120.0
2013-04-21,CHO,PM10,2,61.0,91.50819672131148,54.56910693509643,21.0,44.0,79.0,126.0,266.0
2013-04-21,CHO,SO2,1,0.0,,,,,,,
2013-04-21,COY,NO,1,149.0,22.174496644295303,46.35945507567839,0.0,0.0,2.0,15.0,225.0
2013-04-21,COY,NO2,1,149.0,33.12080536912752,16.606296734639237,7.0,18.0,33.0,43.0,84.0
2013-04-21,COY,NOX,1,149.0,55.07382550335571,54.91764029591994,6.0,18.0,37.0,60.0,280.0
2013-04-21,COY,O3,1,149.0,40.10738255033557,36.72158598919885,3.0,7.0,25.0,73.0,128.0
2013-04-21,COY,PM2.5,2,102.0,43.68627450980392,13.41639339486877,8.0,35.0,43.0,51.0,78.0
2013-04-21,CUA,CO,15,151.0,0.7536423841059603,0.26702679876424046,0.3,0.6,0.7,0.8,1.9
2013-04-21,CUA,NO,1,154.0,8.837662337662337,16.924465324664226,0.0,2.0,2.0,7.0,100.0
2013-04-21,CUA,NO2,1,154.0,20.01298701298701,12.289528468321572,5.0,11.0,16.0,25.75,57.0
2013-04-21,CUA,NOX,1,154.0,28.857142857142858,27.33319669296993,6.0,13.0,18.0,31.0,157.0
2013-04-21,CUA,O3,1,154.0,55.064935064935064,27.538843707404524,4.0,39.0,52.0,70.75,133.0
2013-04-21,CUA,PM10,2,157.0,62.50955414012739,24.06364899604927,14.0,45.0,60.0,77.0,161.0
2013-04-21,CUA,SO2,1,154.0,6.5064935064935066,10.274180312228948,0.0,2.0,3.0,5.0,76.0
2013-04-21,CUT,NO,1,155.0,21.670967741935485,43.55592161232441,0.0,1.0,3.0,22.0,228.0
2013-04-21,CUT,NO2,1,155.0,27.825806451612902,13.674389934917238,3.0,14.0,32.0,39.0,52.0
2013-04-21,CUT,NOX,1,155.0,49.41290322580645,51.642978564593285,4.0,16.0,35.0,59.5,277.0
2013-04-21,CUT,O3,1,124.0,40.45161290322581,41.85502560158219,1.0,3.0,26.5,70.25,159.0
2013-04-21,CUT,PM10,2,159.0,105.55345911949685,52.29476433830896,21.0,65.5,93.0,133.0,278.0
2013-04-21,CUT,SO2,1,155.0,13.348387096774193,39.4482389033586,0.0,1.0,2.0,5.0,269.0
2013-04-21,FAC,CO,15,160.0,1.23375,0.8435390779926136,0.4,0.7,0.9,1.4,4.5
2013-04-21,FAC,NO,1,160.0,34.74375,61.63579851681194,1.0,4.0,8.0,30.0,327.0
2013-04-21,FAC,NO2,1,160.0,36.1875,17.111248093600732,7.0,23.0,35.0,44.0,91.0
2013-04-21,FAC,NOX,1,160.0,70.9375,71.58551973143818,9.0,28.0,43.0,78.5,373.0
2013-04-21,FAC,O3,1,160.0,46.1875,42.541609302100674,1.0,9.75,31.5,72.25,163.0
2013-04-21,FAC,PM10,2,159.0,87.0125786163522,38.034292890938794,42.0,61.5,74.0,103.5,311.0
2013-04-21,FAC,SO2,1,149.0,14.174496644295303,28.46494561680901,1.0,2.0,2.0,6.0,121.0
2013-04-21,HGM,CO,15,153.0,1.0104575163398684,0.5539527101577894,0.4,0.7,0.8,1.1,3.1
2013-04-21,HGM,NO,1,153.0,20.287581699346404,35.27591865389906,0.0,1.0,4.0,20.0,158.0
2013-04-21,HGM,NO2,1,153.0,37.73202614379085,16.97172824680865,12.0,26.0,36.0,46.0,122.0
2013-04-21,HGM,NOX,1,153.0,57.967320261437905,46.64386605758654,12.0,27.0,40.0,68.0,236.0
2013-04-21,HGM,O3,1,153.0,47.745098039215684,43.17247073196259,0.0,8.0,36.0,81.0,155.0
2013-04-21,HGM,PM10,2,153.0,80.5359477124183,27.404865622489766,36.0,63.0,77.0,90.0,188.0
2013-04-21,HGM,PM2.5,2,153.0,41.73856209150327,16.243934593463234,9.0,32.0,40.0,50.0,107.0
2013-04-21,HGM,PMCO,2,153.0,38.81699346405229,20.248274100751587,14.0,26.0,34.0,44.0,157.0
2013-04-21,HGM,SO2,1,153.0,10.803921568627452,23.147143402113766,2.0,2.0,3.0,5.0,151.0
2013-04-21,IZT,CO,15,158.0,1.3588607594936704,0.7150012023361183,0.5,1.0,1.2,1.5,4.8
2013-04-21,IZT,NO,1,158.0,24.455696202531644,43.81469301540874,2.0,3.0,6.5,19.75,248.0
2013-04-21,IZT,NO2,1,158.0,35.139240506329116,15.376575929561964,10.0,23.25,33.0,43.0,106.0
2013-04-21,IZT,NOX,1,158.0,59.639240506329116,53.43133200832471,11.0,27.0,41.0,61.75,316.0
2013-04-21,IZT,O3,1,158.0,43.424050632911396,41.668894186473615,0.0,7.25,30.5,74.25,156.0
2013-04-21,IZT,PM10,2,158.0,73.40506329113924,22.694604419138745,36.0,56.25,68.5,82.0,165.0
2013-04-21,IZT,SO2,1,158.0,6.7594936708860756,11.806524364790551,1.0,2.0,2.0,4.75,56.0
2013-04-21,LLA,CO,15,0.0,,,,,,,
2013-04-21,LLA,NO,1,157.0,36.27388535031847,68.56464397484345,1.0,2.0,5.0,35.0,347.0
2013-04-21,LLA,NO2,1,157.0,33.28662420382165,16.545218131476204,8.0,19.0,31.0,44.0,86.0
2013-04-21,LLA,NOX,1,157.0,69.5732484076433,78.62212481569071,10.0,21.0,38.0,81.0,399.0
2013-04-21,LLA,O3,1,157.0,44.382165605095544,42.3025632720129,1.0,5.0,32.0,76.0,159.0
2013-04-21,LLA,SO2,1,157.0,7.777070063694268,18.99885243704331,0.0,1.0,2.0,4.0,117.0
2013-04-21,LPR,CO,15,161.0,1.0757763975155274,0.7988880082273366,0.0,0.6,0.8,1.2,4.6
2013-04-21,LPR,NO,1,161.0,27.52173913043478,42.69295711187644,1.0,6.0,10.0,27.0,269.0
2013-04-21,LPR,NO2,1,161.0,38.149068322981364,17.36383136728622,9.0,26.0,37.0,46.0,117.0
2013-04-21,LPR,NOX,1,161.0,65.65217391304348,54.35131793130287,10.0,32.0,48.0,75.0,355.0
2013-04-21,LPR,O3,1,161.0,45.869565217391305,41.8482571971018,1.0,8.0,35.0,78.0,157.0
2013-04-21,LPR,SO2,1,161.0,6.763975155279503,18.882371252027085,0.0,1.0,2.0,4.0,143.0
2013-04-21,MER,CO,15,156.0,1.296153846153846,0.7784090155782488,0.4,0.8,1.0,1.6,4.2
2013-04-21,MER,NO,1,156.0,31.916666666666668,51.949225624745836,0.0,3.0,10.0,31.0,237.0
2013-04-21,MER,NO2,1,156.0,41.01923076923077,16.24190961037412,11.0,29.0,39.5,50.0,102.0
2013-04-21,MER,NOX,1,156.0,72.89102564102564,61.108319872591416,13.0,32.0,52.5,86.0,297.0
2013-04-21,MER,O3,1,156.0,44.205128205128204,43.26821346106735,0.0,4.0,29.0,78.25,159.0
2013-04-21,MER,PM10,2,161.0,100.32919254658385,34.68443029615657,41.0,76.0,97.0,115.0,273.0
2013-04-21,MER,PM2.5,2,161.0,43.98757763975155,14.134172940801912,16.0,35.0,42.0,52.0,119.0
2013-04-21,MER,PMCO,2,161.0,56.27950310559006,29.811744996755102,23.0,38.0,50.0,63.0,246.0
2013-04-21,MER,SO2,1,156.0,8.974358974358974,20.167027934613166,1.0,2.0,3.0,5.0,162.0
2013-04-21,MON,CO,15,0.0,,,,,,,
2013-04-21,MON,NO,1,115.0,11.869565217391305,32.02535227606086,0.0,1.0,2.0,3.5,212.0
2013-04-21,MON,NO2,1,115.0,15.826086956521738,8.999279571131778,5.0,8.5,14.0,18.5,42.0
2013-04-21,MON,NOX,1,115.0,27.68695652173913,38.05037409443121,6.0,10.0,15.0,21.5,246.0
2013-04-21,MON,O3,1,133.0,48.962406015037594,35.59524270542547,2.0,16.0,51.0,75.0,149.0
2013-04-21,MON,SO2,1,0.0,,,,,,,
2013-04-21,NEZ,CO,15,155.0,0.9277419354838712,0.8210332011470911,0.3,0.5,0.7,1.0,4.6
2013-04-21,NEZ,NO,1,155.0,20.967741935483872,45.81192769240357,1.0,1.0,2.0,9.5,235.0
2013-04-21,NEZ,NO2,1,155.0,30.35483870967742,15.914847243957194,8.0,18.0,27.0,40.0,101.0
2013-04-21,NEZ,NOX,1,155.0,51.329032258064515,56.28938559689187,10.0,20.0,32.0,48.5,292.0
2013-04-21,NEZ,O3,1,155.0,43.89032258064516,37.26294209789895,1.0,12.0,31.0,71.5,164.0
2013-04-21,NEZ,PM2.5,2,157.0,47.33757961783439,22.043242507808223,21.0,32.0,41.0,56.0,139.0
2013-04-21,NEZ,SO2,1,155.0,5.916129032258064,10.477529969842935,1.0,2.0,3.0,5.0,69.0
2013-04-21,PED,CO,15,126.0,0.5936507936507932,0.3365105720172323,0.2,0.4,0.5,0.7,1.9
2013-04-21,PED,NO,1,126.0,9.698412698412698,19.407738597279106,0.0,1.0,2.0,7.0,108.0
2013-04-21,PED,NO2,1,126.0,26.158730158730158,15.322356319267712,5.0,13.0,24.0,37.75,66.0
2013-04-21,PED,NOX,1,126.0,35.833333333333336,31.325069832324388,6.0,13.25,25.5,48.0,155.0
2013-04-21,PED,O3,1,144.0,51.78472222222222,37.47878900254282,3.0,18.0,44.0,80.0,154.0
2013-04-21,PED,PM10,2,150.0,73.92666666666666,25.75128762446013,32.0,53.25,71.5,89.75,185.0
2013-04-21,PED,PM2.5,2,150.0,34.75333333333333,11.325528961774015,16.0,27.0,32.0,42.75,83.0
2013-04-21,PED,PMCO,2,150.0,39.2,20.489316253523754,13.0,26.0,38.0,46.0,158.0
2013-04-21,PED,SO2,1,138.0,6.913043478260869,12.9870672677504,0.0,1.0,2.0,4.0,61.0
2013-04-21,SAG,CO,15,0.0,,,,,,,
2013-04-21,SAG,NO,1,157.0,26.85987261146497,49.19824608593674,2.0,4.0,6.0,17.0,227.0
2013-04-21,SAG,NO2,1,157.0,29.777070063694268,11.603822715676698,10.0,21.0,28.0,38.0,69.0
2013-04-21,SAG,NOX,1,157.0,56.611464968152866,55.860821746313825,13.0,26.0,35.0,55.0,271.0
2013-04-21,SAG,O3,1,157.0,43.038216560509554,38.10207029678991,2.0,12.0,31.0,70.0,154.0
2013-04-21,SAG,PM10,2,156.0,93.3076923076923,35.584087669706534,38.0,67.0,88.5,112.0,215.0
2013-04-21,SAG,PM2.5,2,156.0,43.717948717948715,15.011735139354393,10.0,33.0,43.0,54.0,81.0
2013-04-21,SAG,PMCO,2,156.0,49.57051282051282,26.889765934150176,16.0,32.0,42.0,60.0,158.0
2013-04-21,SAG,SO2,1,157.0,6.535031847133758,15.87875885740266,0.0,1.0,2.0,4.0,87.0
2013-04-21,SFE,CO,15,156.0,0.6551282051282056,0.280160062958227,0.3,0.5,0.6,0.8,1.7
2013-04-21,SFE,NO,1,155.0,10.638709677419355,17.553585444592795,1.0,1.0,2.0,11.0,81.0
2013-04-21,SFE,NO2,1,155.0,25.438709677419354,14.965364285388654,7.0,14.0,20.0,33.5,70.0
2013-04-21,SFE,NOX,1,155.0,36.10967741935484,30.706521948195405,9.0,16.0,23.0,47.0,139.0
2013-04-21,SFE,O3,1,156.0,49.94230769230769,30.872315687854073,1.0,32.75,45.5,65.5,135.0
2013-04-21,SFE,PM10,2,155.0,70.97419354838709,28.228876342721914,27.0,49.0,65.0,85.5,188.0
2013-04-21,SFE,PM2.5,2,155.0,38.18709677419355,19.067476592209836,1.0,27.0,35.0,45.5,112.0
2013-04-21,SFE,PMCO,2,155.0,32.83225806451613,17.31106520796074,9.0,21.0,31.0,40.0,145.0
2013-04-21,SFE,SO2,1,156.0,5.782051282051282,10.675443556121385,0.0,1.0,2.0,3.0,65.0
2013-04-21,SJA,CO,15,158.0,1.3018987341772146,1.1999719486629694,0.4,0.7,0.9,1.4,7.7
2013-04-21,SJA,NO,1,158.0,47.449367088607595,95.07104600984367,0.0,1.0,7.0,44.25,572.0
2013-04-21,SJA,NO2,1,158.0,40.58227848101266,16.425944675108482,11.0,26.25,41.5,51.75,87.0
2013-04-21,SJA,NOX,1,158.0,87.9746835443038,101.66749534522737,12.0,28.25,55.0,95.0,633.0
2013-04-21,SJA,O3,1,158.0,38.322784810126585,41.68142279491158,1.0,2.0,21.5,70.25,156.0
2013-04-21,SJA,PM2.5,2,161.0,42.72670807453416,17.096413212147656,5.0,31.0,41.0,53.0,120.0
2013-04-21,SJA,SO2,1,158.0,6.10126582278481,9.943912693772623,0.0,2.0,3.0,6.0,69.0
2013-04-21,SUR,CO,15,156.0,1.1916666666666667,0.6482689936839819,0.4,0.8,1.0,1.4,4.8
2013-04-21,SUR,NO,1,133.0,19.736842105263158,40.94340046292322,0.0,1.0,3.0,16.0,311.0
2013-04-21,SUR,NO2,1,133.0,32.774436090225564,14.733808031578763,8.0,21.0,33.0,43.0,70.0
2013-04-21,SUR,NOX,1,133.0,52.4812030075188,49.86399707807642,10.0,21.0,37.0,64.0,378.0
2013-04-21,SUR,O3,1,156.0,45.544871794871796,42.78292438220107,1.0,7.0,32.0,81.0,154.0
2013-04-21,SUR,PM10,2,158.0,77.4873417721519,27.577507991639578,21.0,59.0,73.0,94.0,209.0
2013-04-21,SUR,SO2,1,156.0,8.897435897435898,13.972405749019,2.0,3.0,3.5,5.0,69.0
2013-04-21,TAH,CO,15,140.0,0.7585714285714286,0.5156522326889328,0.2,0.4,0.7,0.9,3.9
2013-04-21,TAH,NO,1,140.0,5.807142857142857,17.20711599016147,0.0,0.0,0.0,4.0,154.0
2013-04-21,TAH,NO2,1,140.0,19.257142857142856,11.540589257533586,5.0,9.0,17.0,29.0,47.0
2013-04-21,TAH,NOX,1,140.0,24.72142857142857,25.22818677623194,4.0,8.0,16.0,34.0,200.0
2013-04-21,TAH,O3,1,140.0,50.09285714285714,36.7705106329741,1.0,18.5,46.5,79.75,148.0
2013-04-21,TAH,PM10,2,145.0,97.73103448275862,57.14859471058442,3.0,63.0,86.0,114.0,345.0
2013-04-21,TAH,SO2,1,10.0,1.9,1.1972189997378646,0.0,1.0,2.0,2.75,4.0
2013-04-21,TLA,CO,15,156.0,1.3108974358974368,0.6659045478385713,0.5,0.9,1.1,1.5,4.5
2013-04-21,TLA,NO,1,155.0,36.70322580645161,55.153054358856856,3.0,6.5,14.0,35.5,284.0
2013-04-21,TLA,NO2,1,155.0,42.07741935483871,14.600540589471938,12.0,30.5,42.0,50.5,79.0
2013-04-21,TLA,NOX,1,155.0,78.72903225806452,63.89340856573788,16.0,37.5,54.0,93.5,344.0
2013-04-21,TLA,O3,1,156.0,42.48076923076923,41.2597548432737,1.0,7.0,28.5,71.25,156.0
2013-04-21,TLA,PM10,2,161.0,94.48447204968944,27.313711206567596,50.0,75.0,89.0,107.0,209.0
2013-04-21,TLA,PM2.5,2,161.0,45.608695652173914,12.783863810016262,17.0,37.0,44.0,51.0,102.0
2013-04-21,TLA,PMCO,2,161.0,48.857142857142854,22.161017898230995,23.0,35.0,44.0,55.0,178.0
2013-04-21,TLA,SO2,1,156.0,16.55128205128205,37.783303168803826,1.0,3.0,4.0,8.0,226.0
2013-04-21,TLI,CO,15,129.0,0.7441860465116277,0.5097344554925426,0.1,0.4,0.6,1.0,2.6
2013-04-21,TLI,NO,1,129.0,24.37984496124031,39.733328618437874,0.0,2.0,4.0,25.0,175.0
2013-04-21,TLI,NO2,1,129.0,35.775193798449614,17.636184531949116,11.0,21.0,34.0,47.0,89.0
2013-04-21,TLI,NOX,1,129.0,60.14728682170543,52.462352688498484,12.0,24.0,37.0,77.0,230.0
2013-04-21,TLI,O3,1,129.0,42.24031007751938,40.60033389521692,1.0,6.0,31.0,74.0,149.0
2013-04-21,TLI,PM10,2,128.0,87.0546875,41.154463902645766,26.0,59.0,75.0,103.5,231.0
2013-04-21,TLI,SO2,1,129.0,19.930232558139537,49.425478318138175,2.0,4.0,5.0,7.0,320.0
2013-04-21,TPN,CO,15,0.0,,,,,,,
2013-04-21,TPN,NO,1,160.0,7.78125,12.77904725486757,0.0,1.0,3.0,7.0,79.0
2013-04-21,TPN,NO2,1,160.0,20.34375,12.512658684647743,7.0,11.75,15.0,28.25,64.0
2013-04-21,TPN,NOX,1,160.0,28.1375,23.998031234762855,7.0,13.0,18.0,36.25,137.0
2013-04-21,TPN,O3,1,160.0,48.43125,25.7419760655822,0.0,31.0,41.0,67.0,119.0
2013-04-21,TPN,SO2,1,160.0,3.5,6.86619647898677,0.0,1.0,1.0,2.0,47.0
2013-04-21,UAX,CO,15,156.0,0.8243589743589745,0.4663339236754649,0.3,0.5,0.7,0.925,3.4
2013-04-21,UAX,NO,1,156.0,14.865384615384615,30.02624369070661,2.0,2.0,3.0,8.25,222.0
2013-04-21,UAX,NO2,1,156.0,25.96153846153846,13.303351319406076,6.0,16.0,23.0,36.25,62.0
2013-04-21,UAX,NOX,1,156.0,40.82692307692308,38.81738278085394,8.0,18.0,28.0,47.5,272.0
2013-04-21,UAX,O3,1,156.0,51.41025641025641,42.10645062754588,0.0,14.75,47.0,83.0,164.0
2013-04-21,UAX,PM2.5,2,161.0,46.20496894409938,15.868647552809268,15.0,36.0,44.0,55.0,107.0
2013-04-21,UAX,SO2,1,127.0,6.188976377952756,10.854545009192254,1.0,2.0,2.0,3.5,61.0
2013-04-21,UIZ,CO,15,0.0,,,,,,,
2013-04-21,UIZ,NO,1,152.0,17.289473684210527,33.83317694176549,0.0,1.0,2.0,14.0,175.0
2013-04-21,UIZ,NO2,1,152.0,29.467105263157894,14.09237159815088,6.0,18.75,29.0,40.0,69.0
2013-04-21,UIZ,NOX,1,152.0,46.796052631578945,43.48469150070079,7.0,19.0,31.0,54.25,224.0
2013-04-21,UIZ,O3,1,156.0,40.71153846153846,36.41393026875656,1.0,9.75,28.0,69.0,143.0
2013-04-21,UIZ,PM10,2,154.0,87.6948051948052,33.36220865442923,45.0,67.0,80.0,98.75,228.0
2013-04-21,UIZ,PM2.5,2,154.0,46.493506493506494,18.106167206013378,14.0,36.0,45.0,54.0,148.0
2013-04-21,UIZ,PMCO,2,154.0,41.27922077922078,25.966669625021037,16.0,27.0,36.0,46.0,196.0
2013-04-21,UIZ,SO2,1,76.0,3.4210526315789473,1.2139539573337677,2.0,3.0,3.0,4.0,7.0
2013-04-21,VIF,CO,15,158.0,1.027215189873417,0.5827289997557464,0.3,0.6,0.9,1.2,3.2
2013-04-21,VIF,NO,1,158.0,17.27848101265823,30.450518161054493,1.0,2.0,4.0,16.75,173.0
2013-04-21,VIF,NO2,1,158.0,25.544303797468356,13.546614467273868,5.0,12.0,25.0,36.0,62.0
2013-04-21,VIF,NOX,1,158.0,42.80379746835443,38.2123565003395,7.0,15.25,29.0,55.25,203.0
2013-04-21,VIF,O3,1,158.0,45.177215189873415,38.973863361443335,2.0,8.25,36.0,78.0,134.0
2013-04-21,VIF,PM10,2,157.0,111.19745222929936,53.434532132661985,27.0,74.0,93.0,141.0,298.0
2013-04-21,VIF,SO2,1,158.0,10.778481012658228,26.35587497027335,1.0,2.0,3.0,5.0,175.0
2013-04-21,XAL,CO,15,156.0,1.2525641025641012,1.0774790600733772,0.3,0.6,0.9,1.3,5.6
2013-04-21,XAL,NO,1,156.0,51.76282051282051,86.26419375903659,2.0,7.0,15.0,51.0,513.0
2013-04-21,XAL,NO2,1,156.0,41.756410256410255,13.749543943109792,18.0,30.0,42.5,50.0,86.0
2013-04-21,XAL,NOX,1,156.0,93.57051282051282,92.80837783230754,22.0,36.75,61.0,94.75,569.0
2013-04-21,XAL,O3,1,156.0,41.544871794871796,39.541133005242735,1.0,4.0,29.5,71.5,150.0
2013-04-21,XAL,PM10,2,161.0,124.72049689440993,87.44128109623938,35.0,86.0,107.0,141.0,1023.0
2013-04-21,XAL,PM2.5,2,161.0,62.45962732919255,79.82707825268471,16.0,37.0,53.0,67.0,988.0
2013-04-21,XAL,PMCO,2,161.0,62.27950310559006,32.26302279315366,19.0,42.0,51.0,75.0,203.0
2013-04-21,XAL,SO2,1,156.0,10.673076923076923,17.330250807536203,3.0,4.0,5.0,8.0,122.0
2013-04-28,ACO,CO,15,155.0,0.3670967741935481,0.2101668098833393,0.1,0.2,0.3,0.4,1.4
2013-04-28,ACO,NO,1,155.0,6.4,12.02680987810799,1.0,1.0,2.0,5.0,72.0
2013-04-28,ACO,NO2,1,155.0,17.193548387096776,8.518960346141832,5.0,10.0,14.0,24.5,43.0
2013-04-28,ACO,NOX,1,155.0,23.612903225806452,18.49583564810585,7.0,12.0,15.0,30.5,105.0
2013-04-28,ACO,O3,1,155.0,49.58064516129032,29.348747394174037,1.0,23.5,49.0,75.5,112.0
2013-04-28,ACO,PM10,2,109.0,61.57798165137615,33.11380309097414,24.0,42.0,53.0,73.0,234.0
2013-04-28,ACO,SO2,1,155.0,3.838709677419355,5.160393459991085,1.0,2.0,2.0,4.0,33.0
2013-04-28,ATI,CO,15,161.0,0.8832298136645965,0.46546160218173777,0.0,0.6,0.7,1.1,2.8
2013-04-28,ATI,NO,1,161.0,13.049689440993788,25.259355010133383,0.0,1.0,2.0,12.0,167.0
2013-04-28,ATI,NO2,1,161.0,27.757763975155278,13.730338851206255,5.0,17.0,25.0,36.0,66.0
2013-04-28,ATI,NOX,1,161.0,40.77018633540373,35.06676639768859,5.0,18.0,27.0,50.0,207.0
2013-04-28,ATI,O3,1,161.0,39.32298136645963,29.71186683895681,1.0,16.0,34.0,64.0,118.0
2013-04-28,ATI,PM10,2,159.0,63.339622641509436,39.80090167999016,6.0,37.0,52.0,79.0,228.0
2013-04-28,ATI,SO2,1,161.0,6.509316770186335,9.068570733874193,1.0,2.0,3.0,6.0,70.0
2013-04-28,CAM,CO,15,0.0,,,,,,,
2013-04-28,CAM,NO,1,0.0,,,,,,,
2013-04-28,CAM,NO2,1,0.0,,,,,,,
2013-04-28,CAM,NOX,1,0.0,,,,,,,
2013-04-28,CAM,O3,1,0.0,,,,,,,
2013-04-28,CAM,PM10,2,0.0,,,,,,,
2013-04-28,CAM,PM2.5,2,0.0,,,,,,,
2013-04-28,CAM,PMCO,2,0.0,,,,,,,
2013-04-28,CAM,SO2,1,0.0,,,,,,,
2013-04-28,CHO,CO,15,0.0,,,,,,,
2013-04-28,CHO,NO,1,160.0,9.44375,22.027925922343474,0.0,1.0,2.0,6.0,177.0
2013-04-28,CHO,NO2,1,160.0,18.85,9.200902334748742,4.0,11.0,17.0,26.25,44.0
2013-04-28,CHO,NOX,1,160.0,28.30625,26.960720758846154,4.0,13.0,20.0,32.25,204.0
2013-04-28,CHO,O3,1,160.0,44.2875,28.22670743424774,1.0,20.75,41.5,66.25,107.0
2013-04-28,CHO,PM10,2,137.0,67.77372262773723,39.30611251310777,11.0,45.0,61.0,81.0,307.0
2013-04-28,CHO,SO2,1,0.0,,,,,,,
2013-04-28,COY,NO,1,161.0,11.906832298136646,25.40885702915327,0.0,0.0,2.0,10.0,132.0
2013-04-28,COY,NO2,1,161.0,32.608695652173914,14.280307206535985,9.0,21.0,32.0,41.0,86.0
2013-04-28,COY,NOX,1,161.0,44.31055900621118,34.49424517670388,8.0,22.0,35.0,51.0,175.0
2013-04-28,COY,O3,1,161.0,45.43478260869565,34.88835454143252,3.0,15.0,35.0,73.0,140.0
2013-04-28,COY,PM2.5,2,146.0,62.06164383561644,22.884785671056722,1.0,47.0,62.0,76.0,134.0
2013-04-28,CUA,CO,15,160.0,0.9374999999999997,0.2941248611767869,0.5,0.7,0.9,1.1,2.2
2013-04-28,CUA,NO,1,160.0,8.31875,11.923958164212364,1.0,2.0,3.0,8.25,66.0
2013-04-28,CUA,NO2,1,160.0,25.21875,13.34245216870624,7.0,15.0,22.0,33.0,72.0
2013-04-28,CUA,NOX,1,160.0,33.55,23.466234272745936,8.0,17.0,25.0,43.25,131.0
2013-04-28,CUA,O3,1,160.0,52.21875,28.290868334713156,5.0,32.75,50.0,70.25,147.0
2013-04-28,CUA,PM10,2,159.0,47.80503144654088,19.785712140432757,5.0,34.0,46.0,59.0,116.0
2013-04-28,CUA,SO2,1,160.0,3.9625,3.0008122590119637,1.0,2.0,3.0,5.0,21.0
2013-04-28,CUT,NO,1,159.0,12.71069182389937,24.57444023389934,0.0,1.0,2.0,10.5,131.0
2013-04-28,CUT,NO2,1,159.0,23.68553459119497,11.77485970503101,5.0,13.0,24.0,32.5,49.0
2013-04-28,CUT,NOX,1,159.0,36.34591194968554,32.08946895777801,6.0,14.0,27.0,45.5,174.0
2013-04-28,CUT,O3,1,150.0,42.06666666666667,32.28473711460702,1.0,11.0,37.5,72.0,122.0
2013-04-28,CUT,PM10,2,150.0,72.83333333333333,40.996221247812045,5.0,43.0,64.5,97.75,237.0
2013-04-28,CUT,SO2,1,159.0,5.748427672955975,10.548842730611673,0.0,1.0,2.0,5.0,65.0
2013-04-28,FAC,CO,15,157.0,1.100636942675159,0.6683789052133394,0.3,0.6,0.9,1.4,3.9
2013-04-28,FAC,NO,1,157.0,30.356687898089174,45.19558815813398,1.0,5.0,10.0,38.0,254.0
2013-04-28,FAC,NO2,1,157.0,35.43312101910828,15.340692444735945,8.0,24.0,34.0,45.0,74.0
2013-04-28,FAC,NOX,1,157.0,65.828025477707,54.160040424362485,10.0,29.0,48.0,93.0,304.0
2013-04-28,FAC,O3,1,161.0,41.67701863354037,35.12897708524831,1.0,10.0,34.0,68.0,134.0
2013-04-28,FAC,PM10,2,160.0,59.175,36.11138429182269,4.0,36.75,51.0,75.5,208.0
2013-04-28,FAC,SO2,1,157.0,4.031847133757962,3.6381532053657244,0.0,2.0,3.0,5.0,24.0
2013-04-28,HGM,CO,15,156.0,0.9891025641025641,0.517883249758553,0.4,0.6,0.8,1.2,3.7
2013-04-28,HGM,NO,1,156.0,16.76923076923077,30.34507903004949,0.0,1.0,3.0,15.0,217.0
2013-04-28,HGM,NO2,1,156.0,39.006410256410255,16.377599491229475,11.0,26.75,36.0,49.25,86.0
2013-04-28,HGM,NOX,1,156.0,55.82051282051282,41.963807321269215,11.0,28.75,37.5,69.5,281.0
2013-04-28,HGM,O3,1,155.0,47.94838709677419,37.831786530072506,1.0,18.5,37.0,77.0,160.0
2013-04-28,HGM,PM10,2,160.0,66.025,24.126227280022373,17.0,47.75,63.0,80.25,132.0
2013-04-28,HGM,PM2.5,2,160.0,40.125,16.780772914935756,11.0,28.75,36.0,50.0,93.0
2013-04-28,HGM,PMCO,2,160.0,25.93125,12.086752389841253,5.0,18.0,24.0,32.0,72.0
2013-04-28,HGM,SO2,1,156.0,4.0,2.423007994608248,1.0,3.0,3.0,5.0,15.0
2013-04-28,IZT,CO,15,158.0,1.3664556962025316,0.619081995484404,0.4,0.925,1.2,1.7,3.6
2013-04-28,IZT,NO,1,158.0,20.740506329113924,34.61143369491006,1.0,3.0,5.0,20.0,215.0
2013-04-28,IZT,NO2,1,158.0,35.55696202531646,15.787802141033078,6.0,25.0,33.0,44.0,95.0
2013-04-28,IZT,NOX,1,158.0,56.31645569620253,45.544419223322464,7.0,30.0,37.0,68.5,269.0
2013-04-28,IZT,O3,1,158.0,47.4873417721519,41.250321340847904,0.0,13.0,35.0,74.5,161.0
2013-04-28,IZT,PM10,2,159.0,60.264150943396224,21.605921841244886,22.0,45.0,57.0,72.0,213.0
2013-04-28,IZT,SO2,1,158.0,2.9367088607594938,2.0180192859001425,0.0,2.0,2.0,4.0,11.0
2013-04-28,LLA,CO,15,0.0,,,,,,,
2013-04-28,LLA,NO,1,157.0,22.248407643312103,45.1325194105712,1.0,2.0,3.0,16.0,260.0
2013-04-28,LLA,NO2,1,157.0,31.808917197452228,13.977607438952449,9.0,21.0,30.0,43.0,83.0
2013-04-28,LLA,NOX,1,157.0,54.02547770700637,53.69703103149424,11.0,24.0,33.0,61.0,305.0
2013-04-28,LLA,O3,1,158.0,45.58227848101266,37.01406432469667,0.0,14.25,36.0,76.25,145.0
2013-04-28,LLA,SO2,1,157.0,3.178343949044586,5.433164050430408,0.0,0.0,2.0,3.0,42.0
2013-04-28,LPR,CO,15,159.0,0.8943396226415097,0.6153362035668875,0.1,0.5,0.7,1.1,4.0
2013-04-28,LPR,NO,1,159.0,20.19496855345912,31.588228457068727,1.0,4.0,9.0,20.5,241.0
2013-04-28,LPR,NO2,1,159.0,35.55974842767296,17.183886769100656,8.0,23.0,32.0,46.5,108.0
2013-04-28,LPR,NOX,1,159.0,55.80503144654088,43.75803405255513,12.0,29.0,41.0,70.5,309.0
2013-04-28,LPR,O3,1,159.0,48.069182389937104,36.13286303490819,1.0,16.5,41.0,73.5,152.0
2013-04-28,LPR,SO2,1,159.0,3.641509433962264,5.093161236214199,0.0,1.5,2.0,4.0,49.0
2013-04-28,MER,CO,15,148.0,1.2087837837837843,0.5616943577889851,0.5,0.8,1.0,1.5,3.1
2013-04-28,MER,NO,1,148.0,24.243243243243242,36.40543086151487,0.0,4.75,9.0,26.75,180.0
2013-04-28,MER,NO2,1,148.0,42.777027027027025,14.442388926490883,16.0,31.75,42.0,51.25,93.0
2013-04-28,MER,NOX,1,148.0,67.0,44.3337680915719,17.0,36.75,52.5,84.0,237.0
2013-04-28,MER,O3,1,148.0,43.939189189189186,39.58753778195146,0.0,11.0,29.0,72.75,175.0
2013-04-28,MER,PM10,2,156.0,74.9551282051282,24.31469566218643,27.0,60.0,71.0,88.0,158.0
2013-04-28,MER,PM2.5,2,156.0,40.032051282051285,12.184294423716327,19.0,32.0,39.0,48.0,82.0
2013-04-28,MER,PMCO,2,156.0,34.91025641025641,16.37873199821383,6.0,26.0,32.0,42.0,106.0
2013-04-28,MER,SO2,1,148.0,4.216216216216216,3.0451043357358953,1.0,2.0,3.0,5.0,22.0
2013-04-28,MON,CO,15,0.0,,,,,,,
2013-04-28,MON,NO,1,160.0,7.44375,16.920735251357755,0.0,1.0,1.0,4.0,113.0
2013-04-28,MON,NO2,1,160.0,15.46875,8.446592759526354,5.0,9.0,13.0,21.0,40.0
2013-04-28,MON,NOX,1,160.0,22.9375,22.529278644164688,6.0,10.0,14.0,25.0,144.0
2013-04-28,MON,O3,1,160.0,51.4,33.535150056443406,0.0,21.75,52.0,79.0,146.0
2013-04-28,MON,SO2,1,0.0,,,,,,,
2013-04-28,NEZ,CO,15,156.0,0.7653846153846151,0.38263160858823303,0.3,0.5,0.6499999999999999,0.9,2.6
2013-04-28,NEZ,NO,1,156.0,9.846153846153847,18.44089209449193,1.0,1.0,3.0,8.25,113.0
2013-04-28,NEZ,NO2,1,156.0,30.46153846153846,13.852394513112099,8.0,19.75,28.0,41.0,74.0
2013-04-28,NEZ,NOX,1,156.0,40.35897435897436,28.218033291004556,9.0,21.75,30.0,50.25,187.0
2013-04-28,NEZ,O3,1,156.0,50.32051282051282,38.10697797068012,1.0,21.75,40.5,80.0,180.0
2013-04-28,NEZ,PM2.5,2,155.0,41.354838709677416,14.042487447300164,18.0,32.0,39.0,49.0,113.0
2013-04-28,NEZ,SO2,1,156.0,3.8076923076923075,3.2351205484153374,0.0,2.0,3.0,5.0,22.0
2013-04-28,PED,CO,15,152.0,0.6098684210526318,0.30574193083005324,0.2,0.4,0.5,0.8,1.4
2013-04-28,PED,NO,1,152.0,7.967105263157895,12.21573069174403,0.0,1.0,3.0,6.0,61.0
2013-04-28,PED,NO2,1,152.0,28.29605263157895,13.84006986918659,6.0,18.75,25.5,38.0,74.0
2013-04-28,PED,NOX,1,152.0,36.276315789473685,23.10075752561444,7.0,20.0,29.0,47.0,110.0
2013-04-28,PED,O3,1,152.0,50.76315789473684,34.73070226799171,4.0,24.0,40.0,75.75,162.0
2013-04-28,PED,PM10,2,160.0,63.90625,24.554597585352855,20.0,47.75,59.0,78.25,136.0
2013-04-28,PED,PM2.5,2,160.0,38.95625,13.434371984909859,16.0,29.75,37.0,46.0,95.0
2013-04-28,PED,PMCO,2,160.0,24.8875,13.699831289417062,3.0,16.0,21.0,31.0,67.0
2013-04-28,PED,SO2,1,152.0,2.3947368421052633,2.226147727605638,0.0,1.0,2.0,3.0,12.0
2013-04-28,SAG,CO,15,0.0,,,,,,,
2013-04-28,SAG,NO,1,157.0,19.21019108280255,35.68649673647198,2.0,4.0,5.0,13.0,285.0
2013-04-28,SAG,NO2,1,157.0,29.503184713375795,11.764039187188791,9.0,20.0,27.0,37.0,62.0
2013-04-28,SAG,NOX,1,157.0,48.71337579617835,42.53174545234719,11.0,24.0,33.0,54.0,329.0
2013-04-28,SAG,O3,1,159.0,45.0314465408805,35.54590923136093,2.0,15.5,37.0,68.5,154.0
2013-04-28,SAG,PM10,2,158.0,71.0253164556962,24.339674138335646,29.0,54.0,66.0,79.0,145.0
2013-04-28,SAG,PM2.5,2,158.0,38.778481012658226,11.970570823099763,16.0,32.0,37.0,46.0,84.0
2013-04-28,SAG,PMCO,2,158.0,32.17088607594937,17.683773208188864,7.0,21.0,29.0,35.0,100.0
2013-04-28,SAG,SO2,1,157.0,3.375796178343949,4.996683531820362,0.0,1.0,2.0,4.0,38.0
2013-04-28,SFE,CO,15,150.0,0.6980000000000001,0.27623305013444194,0.3,0.5,0.7,0.9,1.6
2013-04-28,SFE,NO,1,150.0,10.193333333333333,15.316656138246051,1.0,2.0,3.0,12.75,114.0
2013-04-28,SFE,NO2,1,150.0,29.073333333333334,13.906252114596525,5.0,19.25,28.0,37.0,70.0
2013-04-28,SFE,NOX,1,150.0,39.27333333333333,26.522346325054457,7.0,21.0,30.5,53.5,175.0
2013-04-28,SFE,O3,1,150.0,46.593333333333334,30.71673934620405,3.0,22.25,40.0,66.75,133.0
2013-04-28,SFE,PM10,2,85.0,64.87058823529412,28.638879764642844,10.0,46.0,60.0,86.0,171.0
2013-04-28,SFE,PM2.5,2,85.0,41.89411764705882,20.285476583607537,2.0,29.0,38.0,54.0,112.0
2013-04-28,SFE,PMCO,2,85.0,22.96470588235294,12.634464447563682,4.0,13.0,20.0,32.0,58.0
2013-04-28,SFE,SO2,1,150.0,2.7133333333333334,2.2977569063969434,0.0,1.0,2.0,4.0,14.0
2013-04-28,SJA,CO,15,160.0,0.9631249999999996,0.576655055868861,0.4,0.6,0.8,1.2,3.7
2013-04-28,SJA,NO,1,160.0,25.18125,47.36913411022199,0.0,0.0,3.0,26.5,271.0
2013-04-28,SJA,NO2,1,160.0,38.19375,16.188161244113203,11.0,25.0,36.5,50.0,86.0
2013-04-28,SJA,NOX,1,160.0,63.25625,55.561201665399054,11.0,26.0,41.5,80.0,321.0
2013-04-28,SJA,O3,1,151.0,42.615894039735096,39.65465267820029,1.0,8.0,32.0,72.5,149.0
2013-04-28,SJA,PM2.5,2,158.0,36.01898734177215,10.796597434629295,13.0,29.0,35.5,42.0,70.0
2013-04-28,SJA,SO2,1,160.0,3.60625,3.4877988138706826,0.0,2.0,3.0,4.25,31.0
2013-04-28,SUR,CO,15,159.0,1.148427672955974,0.5521941671339012,0.5,0.7,1.0,1.4,3.2
2013-04-28,SUR,NO,1,159.0,15.484276729559749,28.177074653416422,0.0,1.0,3.0,15.5,157.0
2013-04-28,SUR,NO2,1,159.0,33.22012578616352,14.058488943570097,9.0,22.0,33.0,43.5,68.0
2013-04-28,SUR,NOX,1,159.0,48.710691823899374,37.48811557029803,10.0,23.0,37.0,61.0,195.0
2013-04-28,SUR,O3,1,159.0,48.943396226415096,38.5063278184707,1.0,17.0,40.0,77.5,147.0
2013-04-28,SUR,PM10,2,158.0,53.68987341772152,25.293664245009843,3.0,36.0,53.0,68.0,157.0
2013-04-28,SUR,SO2,1,159.0,4.559748427672956,2.3722851104307794,2.0,3.0,4.0,5.0,16.0
2013-04-28,TAH,CO,15,161.0,0.5552795031055899,0.3337103199479325,0.2,0.3,0.5,0.7,2.2
2013-04-28,TAH,NO,1,161.0,3.186335403726708,8.067841229957441,0.0,0.0,0.0,1.0,43.0
2013-04-28,TAH,NO2,1,161.0,18.565217391304348,9.650636383611996,5.0,11.0,16.0,26.0,44.0
2013-04-28,TAH,NOX,1,161.0,21.559006211180126,15.922799973817765,6.0,10.0,16.0,28.0,85.0
2013-04-28,TAH,O3,1,161.0,55.01863354037267,35.66817069350653,3.0,25.0,49.0,79.0,179.0
2013-04-28,TAH,PM10,2,160.0,61.0625,29.482472673921933,5.0,42.0,57.0,77.0,167.0
2013-04-28,TAH,SO2,1,0.0,,,,,,,
2013-04-28,TLA,CO,15,153.0,1.096078431372549,0.5766147068223626,0.4,0.7,0.9,1.3,3.4
2013-04-28,TLA,NO,1,153.0,27.49019607843137,41.997042133793386,2.0,6.0,11.0,24.0,202.0
2013-04-28,TLA,NO2,1,153.0,38.50326797385621,14.812478817664864,11.0,27.0,36.0,48.0,79.0
2013-04-28,TLA,NOX,1,153.0,65.98039215686275,51.91015398443071,14.0,35.0,46.0,81.0,268.0
2013-04-28,TLA,O3,1,153.0,41.052287581699346,33.94728708827253,1.0,9.0,33.0,69.0,117.0
2013-04-28,TLA,PM10,2,158.0,74.32911392405063,27.985993548177962,24.0,55.0,69.0,87.0,201.0
2013-04-28,TLA,PM2.5,2,158.0,39.22784810126582,11.512883248350766,12.0,33.0,38.0,45.75,73.0
2013-04-28,TLA,PMCO,2,158.0,35.139240506329116,21.168257799663117,5.0,23.0,30.0,41.75,157.0
2013-04-28,TLA,SO2,1,153.0,8.045751633986928,10.441150791888848,1.0,3.0,5.0,8.0,62.0
2013-04-28,TLI,CO,15,161.0,0.5906832298136651,0.33275389596442445,0.0,0.4,0.5,0.7,1.8
2013-04-28,TLI,NO,1,161.0,13.055900621118013,24.658732846398713,0.0,1.0,2.0,10.0,136.0
2013-04-28,TLI,NO2,1,161.0,29.59006211180124,13.634273014030407,8.0,19.0,27.0,40.0,66.0
2013-04-28,TLI,NOX,1,161.0,42.65217391304348,34.936954086891504,9.0,20.0,29.0,53.0,190.0
2013-04-28,TLI,O3,1,161.0,44.88819875776397,33.63758942552585,1.0,18.0,37.0,71.0,137.0
2013-04-28,TLI,PM10,2,156.0,60.493589743589745,37.1942584530101,1.0,38.0,53.0,74.5,258.0
2013-04-28,TLI,SO2,1,161.0,7.354037267080745,7.738224875486785,3.0,4.0,5.0,8.0,65.0
2013-04-28,TPN,CO,15,0.0,,,,,,,
2013-04-28,TPN,NO,1,79.0,8.20253164556962,8.622242772717435,0.0,1.0,6.0,11.5,34.0
2013-04-28,TPN,NO2,1,79.0,25.21518987341772,12.356531425676959,8.0,15.0,23.0,34.5,52.0
2013-04-28,TPN,NOX,1,79.0,33.265822784810126,19.324959853847236,9.0,16.5,28.0,48.5,83.0
2013-04-28,TPN,O3,1,156.0,44.955128205128204,26.38776425853661,6.0,23.0,38.0,63.5,126.0
2013-04-28,TPN,SO2,1,151.0,1.9867549668874172,2.0752084392236747,0.0,1.0,1.0,2.5,11.0
2013-04-28,UAX,CO,15,155.0,0.7819354838709679,0.39104770488899754,0.4,0.5,0.7,0.9,2.8
2013-04-28,UAX,NO,1,155.0,11.935483870967742,21.607982357223033,1.0,2.0,3.0,8.5,149.0
2013-04-28,UAX,NO2,1,155.0,28.45806451612903,12.560626333583633,8.0,18.0,27.0,38.0,63.0
2013-04-28,UAX,NOX,1,155.0,40.483870967741936,29.909464001656055,10.0,21.5,31.0,49.5,195.0
2013-04-28,UAX,O3,1,155.0,54.535483870967745,41.162219062793966,0.0,23.0,45.0,85.0,184.0
2013-04-28,UAX,PM2.5,2,159.0,38.76100628930818,11.17607023136558,9.0,32.0,37.0,45.5,76.0
2013-04-28,UAX,SO2,1,122.0,2.918032786885246,2.2548026390495655,1.0,2.0,2.0,3.0,12.0
2013-04-28,UIZ,CO,15,0.0,,,,,,,
2013-04-28,UIZ,NO,1,153.0,12.941176470588236,25.319857843960943,0.0,1.0,3.0,9.0,182.0
2013-04-28,UIZ,NO2,1,153.0,32.01307189542484,13.50340450643962,9.0,22.0,32.0,42.0,79.0
2013-04-28,UIZ,NOX,1,153.0,44.92156862745098,34.50467729769337,9.0,24.0,35.0,54.0,239.0
2013-04-28,UIZ,O3,1,153.0,42.64052287581699,35.98402686190758,2.0,15.0,31.0,65.0,162.0
2013-04-28,UIZ,PM10,2,153.0,68.20915032679738,22.225712230246454,31.0,52.0,64.0,85.0,132.0
2013-04-28,UIZ,PM2.5,2,153.0,43.24183006535948,14.878908661075128,15.0,33.0,40.0,52.0,90.0
2013-04-28,UIZ,PMCO,2,153.0,24.934640522875817,11.25813927940135,5.0,18.0,23.0,32.0,55.0
2013-04-28,UIZ,SO2,1,107.0,2.02803738317757,1.4695522609441007,0.0,1.0,2.0,2.5,9.0
2013-04-28,VIF,CO,15,155.0,0.8400000000000001,0.4120900166446428,0.3,0.55,0.7,1.0,2.5
2013-04-28,VIF,NO,1,99.0,12.02020202020202,19.09160505647026,1.0,2.0,3.0,8.5,80.0
2013-04-28,VIF,NO2,1,99.0,17.949494949494948,9.054679405151585,6.0,11.0,16.0,22.5,39.0
2013-04-28,VIF,NOX,1,99.0,30.0,25.850038487319864,7.0,14.0,20.0,35.5,114.0
2013-04-28,VIF,O3,1,158.0,46.86708860759494,34.51817658910569,0.0,16.25,43.5,75.75,151.0
2013-04-28,VIF,PM10,2,154.0,74.1103896103896,51.914530272766434,1.0,42.25,62.5,93.5,307.0
2013-04-28,VIF,SO2,1,155.0,6.380645161290323,10.30021495661584,1.0,2.0,3.0,6.0,74.0
2013-04-28,XAL,CO,15,130.0,1.0315384615384617,0.7713910334040829,0.3,0.525,0.8,1.2,4.8
2013-04-28,XAL,NO,1,130.0,37.34615384615385,59.15656686875161,2.0,7.0,12.0,33.0,370.0
2013-04-28,XAL,NO2,1,130.0,44.03846153846154,14.960622135093578,20.0,32.0,43.0,53.0,95.0
2013-04-28,XAL,NOX,1,130.0,81.4,66.54690017183837,22.0,39.25,58.5,89.75,428.0
2013-04-28,XAL,O3,1,130.0,43.56153846153846,36.917045882417995,1.0,10.5,34.5,73.0,142.0
2013-04-28,XAL,PM10,2,129.0,95.65116279069767,37.52013025588538,39.0,68.0,89.0,110.0,230.0
2013-04-28,XAL,PM2.5,2,129.0,49.945736434108525,19.93791538655033,16.0,37.0,46.0,58.0,107.0
2013-04-28,XAL,PMCO,2,129.0,45.674418604651166,23.305096944759775,9.0,32.0,40.0,54.0,146.0
2013-04-28,XAL,SO2,1,130.0,7.576923076923077,6.166759334667712,2.0,4.0,6.0,8.0,53.0
2013-05-05,ACO,CO,15,152.0,0.3815789473684211,0.22856333700760104,0.1,0.2,0.3,0.5,1.6
2013-05-05,ACO,NO,1,152.0,6.171052631578948,14.65984121946733,1.0,1.0,2.0,4.0,126.0
2013-05-05,ACO,NO2,1,152.0,17.54605263157895,8.833889302517445,4.0,11.0,14.0,24.0,43.0
2013-05-05,ACO,NOX,1,152.0,23.736842105263158,20.628770766556656,4.0,12.0,16.0,30.0,167.0
2013-05-05,ACO,O3,1,152.0,55.61184210526316,32.85711578199352,2.0,25.0,55.5,83.0,121.0
2013-05-05,ACO,PM10,2,113.0,73.82300884955752,56.381707723924,8.0,45.0,66.0,85.0,512.0
2013-05-05,ACO,SO2,1,152.0,1.9736842105263157,2.1156852518857927,0.0,1.0,2.0,2.0,19.0
2013-05-05,ATI,CO,15,160.0,1.0374999999999999,0.5294770173951703,0.3,0.6,0.9,1.3,3.0
2013-05-05,ATI,NO,1,160.0,13.575,29.264903744843743,0.0,1.0,1.0,9.25,167.0
2013-05-05,ATI,NO2,1,160.0,26.69375,17.237883129313595,5.0,11.0,22.0,38.0,78.0
2013-05-05,ATI,NOX,1,160.0,40.2875,41.44669798168371,5.0,12.0,25.0,53.25,208.0
2013-05-05,ATI,O3,1,160.0,46.6,32.27480275821621,1.0,16.75,43.5,73.25,125.0
2013-05-05,ATI,PM10,2,154.0,72.8961038961039,36.24466042823082,9.0,49.25,67.5,91.0,247.0
2013-05-05,ATI,SO2,1,150.0,10.18,27.990906960711747,1.0,2.0,2.0,5.0,179.0
2013-05-05,CAM,CO,15,46.0,0.8934782608695657,0.41814520280402506,0.5,0.6,0.7,1.0750000000000002,2.4
2013-05-05,CAM,NO,1,46.0,17.58695652173913,35.137555778496555,0.0,1.0,3.0,14.75,177.0
2013-05-05,CAM,NO2,1,46.0,31.282608695652176,16.980594209571844,9.0,15.25,34.0,43.5,75.0
2013-05-05,CAM,NOX,1,46.0,48.93478260869565,48.681916411612704,9.0,16.25,36.5,55.0,236.0
2013-05-05,CAM,O3,1,46.0,53.52173913043478,38.90314990413718,1.0,9.75,58.0,82.75,118.0
2013-05-05,CAM,PM10,2,69.0,71.21739130434783,25.698975468945314,14.0,56.0,67.0,87.0,134.0
2013-05-05,CAM,PM2.5,2,69.0,43.08695652173913,17.436219175338294,8.0,29.0,41.0,54.0,93.0
2013-05-05,CAM,PMCO,2,69.0,28.144927536231883,12.915193244345572,7.0,18.0,25.0,36.0,64.0
2013-05-05,CAM,SO2,1,46.0,6.195652173913044,9.272706820957927,2.0,3.0,3.0,5.0,59.0
2013-05-05,CHO,CO,15,0.0,,,,,,,
2013-05-05,CHO,NO,1,161.0,10.900621118012422,30.578015993713556,0.0,1.0,3.0,5.0,273.0
2013-05-05,CHO,NO2,1,161.0,17.74534161490683,11.8301941568522,4.0,9.0,14.0,24.0,60.0
2013-05-05,CHO,NOX,1,161.0,28.63975155279503,38.83145516122063,4.0,11.0,16.0,26.0,318.0
2013-05-05,CHO,O3,1,161.0,54.18633540372671,27.66206901357527,1.0,38.0,53.0,74.0,121.0
2013-05-05,CHO,PM10,2,161.0,94.45962732919254,50.11873324776124,12.0,62.0,79.0,117.0,319.0
2013-05-05,CHO,SO2,1,0.0,,,,,,,
2013-05-05,COY,NO,1,159.0,13.08805031446541,33.57579440944476,0.0,0.0,1.0,7.0,193.0
2013-05-05,COY,NO2,1,159.0,31.82389937106918,18.652225099284188,7.0,16.5,27.0,44.5,104.0
2013-05-05,COY,NOX,1,159.0,44.698113207547166,45.48511437084527,6.0,17.0,28.0,52.5,244.0
2013-05-05,COY,O3,1,159.0,52.54716981132076,37.20260949626707,3.0,21.0,46.0,79.0,153.0
2013-05-05,COY,PM2.5,2,149.0,38.288590604026844,17.692300700622926,2.0,26.0,37.0,52.0,91.0
2013-05-05,CUA,CO,15,161.0,0.9316770186335406,0.2840383689416905,0.5,0.7,0.9,1.0,2.7
2013-05-05,CUA,NO,1,161.0,5.217391304347826,12.851894632783669,1.0,2.0,2.0,4.0,152.0
2013-05-05,CUA,NO2,1,161.0,19.5527950310559,13.045066414701578,5.0,10.0,17.0,26.0,74.0
2013-05-05,CUA,NOX,1,161.0,24.763975155279503,23.057947525731322,6.0,12.0,19.0,29.0,225.0
2013-05-05,CUA,O3,1,161.0,60.83229813664596,23.28256751972512,5.0,47.0,62.0,75.0,154.0
2013-05-05,CUA,PM10,2,161.0,51.0,20.370014727535178,7.0,38.0,51.0,63.0,123.0
2013-05-05,CUA,SO2,1,161.0,3.1366459627329193,4.143514351383886,1.0,2.0,2.0,3.0,41.0
2013-05-05,CUT,NO,1,160.0,18.4125,36.1952058224332,0.0,1.0,2.0,14.5,195.0
2013-05-05,CUT,NO2,1,160.0,22.8625,13.920026521698151,4.0,11.0,19.0,35.25,53.0
2013-05-05,CUT,NOX,1,160.0,41.23125,45.29751015343592,5.0,12.0,20.0,55.0,237.0
2013-05-05,CUT,O3,1,160.0,45.725,35.92759140130841,2.0,8.0,42.5,76.0,128.0
2013-05-05,CUT,PM10,2,154.0,82.81818181818181,41.53972105624661,11.0,56.0,77.5,99.0,237.0
2013-05-05,CUT,SO2,1,160.0,5.825,22.12558495122698,0.0,0.0,1.0,4.0,266.0
2013-05-05,FAC,CO,15,152.0,1.1092105263157892,0.6345833761968686,0.3,0.7,0.95,1.325,4.0
2013-05-05,FAC,NO,1,152.0,22.467105263157894,39.03995537994781,1.0,4.0,7.0,20.5,249.0
2013-05-05,FAC,NO2,1,152.0,35.276315789473685,18.407527026663978,11.0,18.0,33.5,49.0,85.0
2013-05-05,FAC,NOX,1,152.0,57.73684210526316,51.87245397465198,13.0,22.0,41.0,71.0,316.0
2013-05-05,FAC,O3,1,152.0,50.36842105263158,33.80146244936128,2.0,21.0,47.5,78.25,124.0
2013-05-05,FAC,PM10,2,148.0,65.63513513513513,35.19627157291913,1.0,43.0,59.0,84.5,248.0
2013-05-05,FAC,SO2,1,152.0,6.855263157894737,18.855465557425074,0.0,1.0,1.0,3.0,120.0
2013-05-05,HGM,CO,15,154.0,0.9259740259740263,0.6098114135577114,0.2,0.6,0.7,1.2,4.1
2013-05-05,HGM,NO,1,154.0,15.902597402597403,35.8427519733962,0.0,1.0,2.0,12.0,240.0
2013-05-05,HGM,NO2,1,154.0,36.1948051948052,19.968300997657387,6.0,21.0,29.0,51.0,118.0
2013-05-05,HGM,NOX,1,154.0,52.201298701298704,49.6217562276146,6.0,23.0,30.5,65.25,303.0
2013-05-05,HGM,O3,1,154.0,54.66233766233766,37.4326795779032,1.0,26.0,48.0,79.75,145.0
2013-05-05,HGM,PM10,2,151.0,67.69536423841059,26.991848986310302,12.0,45.0,71.0,81.0,152.0
2013-05-05,HGM,PM2.5,2,151.0,39.152317880794705,19.379971910667944,3.0,25.0,38.0,51.0,106.0
2013-05-05,HGM,PMCO,2,151.0,28.52980132450331,14.677333067020895,6.0,19.0,26.0,36.0,91.0
2013-05-05,HGM,SO2,1,154.0,3.4740259740259742,4.917885262010625,1.0,2.0,2.0,3.0,42.0
2013-05-05,IZT,CO,15,156.0,1.1673076923076922,0.7545272787593966,0.4,0.7,0.9,1.3,6.0
2013-05-05,IZT,NO,1,156.0,21.487179487179485,46.18022020085914,1.0,2.0,4.0,15.25,351.0
2013-05-05,IZT,NO2,1,156.0,35.38461538461539,20.330324256323262,5.0,20.75,29.0,49.25,97.0
2013-05-05,IZT,NOX,1,156.0,56.83974358974359,58.34231539024758,6.0,23.75,32.5,73.0,399.0
2013-05-05,IZT,O3,1,156.0,52.61538461538461,40.06325024072705,1.0,17.75,43.0,86.0,166.0
2013-05-05,IZT,PM10,2,161.0,61.29192546583851,20.95609689074781,12.0,46.0,61.0,75.0,115.0
2013-05-05,IZT,SO2,1,156.0,1.6730769230769231,2.2637777775883268,0.0,0.0,1.0,2.0,16.0
2013-05-05,LLA,CO,15,0.0,,,,,,,
2013-05-05,LLA,NO,1,156.0,27.634615384615383,56.72196895195548,1.0,2.0,4.0,20.75,346.0
2013-05-05,LLA,NO2,1,156.0,33.3525641025641,16.436310898848514,8.0,18.75,31.0,47.25,70.0
2013-05-05,LLA,NOX,1,156.0,60.93589743589744,67.03861953763659,8.0,20.75,35.0,73.0,389.0
2013-05-05,LLA,O3,1,156.0,50.68589743589744,40.237809933216674,1.0,12.75,41.5,81.0,140.0
2013-05-05,LLA,SO2,1,146.0,4.1506849315068495,10.957814069548986,0.0,1.0,2.0,3.0,97.0
2013-05-05,LPR,CO,15,160.0,0.8368749999999998,0.6014261745187235,0.1,0.4,0.7,1.1,3.2
2013-05-05,LPR,NO,1,161.0,15.391304347826088,25.252518169739893,0.0,4.0,8.0,13.0,150.0
2013-05-05,LPR,NO2,1,161.0,31.354037267080745,18.386955273334475,2.0,19.0,27.0,40.0,126.0
2013-05-05,LPR,NOX,1,161.0,46.75155279503105,40.285858414569724,3.0,25.0,33.0,53.0,227.0
2013-05-05,LPR,O3,1,161.0,55.18012422360248,35.10856166926341,3.0,26.0,53.0,81.0,138.0
2013-05-05,LPR,SO2,1,161.0,2.248447204968944,3.8259493199410968,0.0,1.0,1.0,2.0,35.0
2013-05-05,MER,CO,15,156.0,1.1647435897435894,0.6773577210135778,0.3,0.8,1.0,1.3,4.8
2013-05-05,MER,NO,1,156.0,24.75,43.38895726913964,0.0,3.75,7.0,19.75,274.0
2013-05-05,MER,NO2,1,156.0,41.84615384615385,17.68256069842822,9.0,28.0,37.5,54.25,104.0
2013-05-05,MER,NOX,1,156.0,66.57692307692308,55.3137722407695,9.0,33.0,44.5,76.0,324.0
2013-05-05,MER,O3,1,156.0,48.82051282051282,38.848006081516104,1.0,13.75,43.0,76.25,146.0
2013-05-05,MER,PM10,2,160.0,80.1125,33.641466532246355,19.0,58.0,80.0,94.0,284.0
2013-05-05,MER,PM2.5,2,160.0,39.2125,15.11023956205333,2.0,29.0,38.0,50.0,78.0
2013-05-05,MER,PMCO,2,160.0,40.93125,26.521884134622017,9.0,28.75,36.0,47.25,238.0
2013-05-05,MER,SO2,1,156.0,3.1025641025641026,2.540458396989032,1.0,2.0,2.0,4.0,21.0
2013-05-05,MON,CO,15,0.0,,,,,,,
2013-05-05,MON,NO,1,160.0,5.5625,15.433235189929329,0.0,1.0,1.0,2.0,84.0
2013-05-05,MON,NO2,1,160.0,13.95625,8.925510661359258,4.0,8.0,11.0,16.0,47.0
2013-05-05,MON,NOX,1,160.0,19.50625,22.557821406416313,5.0,9.0,11.0,18.0,122.0
2013-05-05,MON,O3,1,161.0,61.58385093167702,31.25491141529024,2.0,40.0,61.0,82.0,144.0
2013-05-05,MON,SO2,1,0.0,,,,,,,
2013-05-05,NEZ,CO,15,161.0,0.7341614906832294,0.5143084665429529,0.2,0.5,0.6,0.7,4.3
2013-05-05,NEZ,NO,1,161.0,10.925465838509316,27.923456267766845,0.0,1.0,2.0,5.0,241.0
2013-05-05,NEZ,NO2,1,161.0,28.434782608695652,15.924738070332447,7.0,16.0,22.0,37.0,72.0
2013-05-05,NEZ,NOX,1,161.0,39.30434782608695,39.697771265881684,8.0,18.0,24.0,43.0,301.0
2013-05-05,NEZ,O3,1,161.0,57.07453416149068,35.28536396210032,2.0,28.0,53.0,85.0,144.0
2013-05-05,NEZ,PM2.5,2,161.0,39.745341614906835,14.853147605434344,6.0,30.0,38.0,51.0,73.0
2013-05-05,NEZ,SO2,1,161.0,2.8198757763975157,2.2469095407853055,0.0,1.0,2.0,4.0,13.0
2013-05-05,PED,CO,15,156.0,0.5544871794871794,0.33856298765335757,0.2,0.3,0.45,0.7,2.0
2013-05-05,PED,NO,1,156.0,7.621794871794871,15.428228401095193,0.0,1.0,2.0,6.0,103.0
2013-05-05,PED,NO2,1,156.0,24.42948717948718,16.9069988101844,3.0,11.0,19.0,33.0,92.0
2013-05-05,PED,NOX,1,156.0,31.974358974358974,29.225695437063322,3.0,12.0,20.0,39.5,165.0
2013-05-05,PED,O3,1,156.0,59.36538461538461,34.29569455503718,4.0,33.5,54.5,82.0,173.0
2013-05-05,PED,PM10,2,161.0,60.4472049689441,24.272129238366695,16.0,44.0,58.0,76.0,161.0
2013-05-05,PED,PM2.5,2,161.0,33.099378881987576,13.73917981947253,8.0,22.0,33.0,43.0,72.0
2013-05-05,PED,PMCO,2,161.0,27.37888198757764,14.55804936254291,6.0,18.0,24.0,34.0,124.0
2013-05-05,PED,SO2,1,156.0,1.891025641025641,4.023437333118519,0.0,1.0,1.0,1.0,39.0
2013-05-05,SAG,CO,15,0.0,,,,,,,
2013-05-05,SAG,NO,1,161.0,17.347826086956523,36.371908952783365,1.0,3.0,4.0,11.0,226.0
2013-05-05,SAG,NO2,1,161.0,28.279503105590063,12.603675644491677,5.0,19.0,25.0,37.0,63.0
2013-05-05,SAG,NOX,1,161.0,45.60248447204969,44.855222592122104,6.0,22.0,29.0,48.0,267.0
2013-05-05,SAG,O3,1,115.0,51.278260869565216,36.1368130873046,2.0,22.0,44.0,75.5,133.0
2013-05-05,SAG,PM10,2,161.0,77.50931677018633,31.221210340973002,15.0,58.0,75.0,96.0,209.0
2013-05-05,SAG,PM2.5,2,161.0,39.42857142857143,15.144187946913116,8.0,29.0,39.0,50.0,74.0
2013-05-05,SAG,PMCO,2,161.0,38.08074534161491,22.58898380717897,7.0,23.0,32.0,45.0,149.0
2013-05-05,SAG,SO2,1,159.0,2.106918238993711,4.669577265132787,0.0,0.0,1.0,2.0,38.0
2013-05-05,SFE,CO,15,152.0,0.5401315789473685,0.2604783852737908,0.2,0.4,0.5,0.6,1.5
2013-05-05,SFE,NO,1,152.0,6.0855263157894735,12.848554472742782,1.0,1.0,2.0,5.25,97.0
2013-05-05,SFE,NO2,1,152.0,21.32236842105263,14.62448367739027,3.0,10.0,16.5,28.0,70.0
2013-05-05,SFE,NOX,1,152.0,27.43421052631579,25.396894802273934,4.0,12.0,20.0,34.25,167.0
2013-05-05,SFE,O3,1,152.0,57.0921052631579,26.569004314059306,2.0,39.0,56.5,75.25,153.0
2013-05-05,SFE,PM10,2,124.0,59.11290322580645,25.08852932512936,15.0,41.0,55.5,72.75,120.0
2013-05-05,SFE,PM2.5,2,124.0,37.45967741935484,19.59649844014507,2.0,24.0,35.0,48.0,91.0
2013-05-05,SFE,PMCO,2,124.0,21.717741935483872,10.10719817863943,2.0,14.0,20.0,30.0,53.0
2013-05-05,SFE,SO2,1,152.0,2.1052631578947367,5.722221000216823,0.0,0.0,1.0,1.0,57.0
2013-05-05,SJA,CO,15,156.0,0.7698717948717946,0.6443220865369574,0.1,0.4,0.6,0.8,4.0
2013-05-05,SJA,NO,1,156.0,22.28846153846154,48.50979410458759,0.0,1.0,2.0,12.0,276.0
2013-05-05,SJA,NO2,1,156.0,34.68589743589744,17.43071241568872,3.0,18.0,34.5,49.0,71.0
2013-05-05,SJA,NOX,1,156.0,56.967948717948715,59.781475161953686,3.0,19.0,37.0,62.25,329.0
2013-05-05,SJA,O3,1,156.0,48.31410256410256,37.50712697645771,1.0,14.0,45.5,76.0,128.0
2013-05-05,SJA,PM2.5,2,160.0,38.5625,14.830144169920565,4.0,29.0,37.0,51.0,70.0
2013-05-05,SJA,SO2,1,156.0,2.5833333333333335,2.7800170185910558,0.0,1.0,2.0,4.0,21.0
2013-05-05,SUR,CO,15,161.0,1.0006211180124216,0.7313939511653362,0.3,0.6,0.8,1.1,5.1
2013-05-05,SUR,NO,1,161.0,17.720496894409937,47.787185936729465,1.0,2.0,3.0,9.0,390.0
2013-05-05,SUR,NO2,1,161.0,31.322981366459626,17.332989674487795,7.0,17.0,26.0,44.0,76.0
2013-05-05,SUR,NOX,1,161.0,49.04347826086956,58.546813302058425,8.0,18.0,28.0,53.0,446.0
2013-05-05,SUR,O3,1,161.0,55.37888198757764,38.0458513013211,2.0,22.0,48.0,87.0,168.0
2013-05-05,SUR,PM10,2,159.0,57.930817610062896,25.91737589683639,4.0,39.0,59.0,75.5,135.0
2013-05-05,SUR,SO2,1,161.0,3.8944099378881987,1.773423541035989,2.0,3.0,3.0,4.0,14.0
2013-05-05,TAH,CO,15,161.0,0.5062111801242242,0.40476682191630187,0.0,0.3,0.4,0.6,3.3
2013-05-05,TAH,NO,1,161.0,2.590062111801242,9.448857106609118,0.0,0.0,0.0,1.0,94.0
2013-05-05,TAH,NO2,1,161.0,14.5527950310559,10.812550936942458,4.0,7.0,10.0,19.0,51.0
2013-05-05,TAH,NOX,1,161.0,16.987577639751553,18.329616600477404,4.0,7.0,10.0,20.0,143.0
2013-05-05,TAH,O3,1,161.0,64.67080745341615,30.5492995822972,6.0,42.0,65.0,85.0,143.0
2013-05-05,TAH,PM10,2,161.0,66.2360248447205,35.81750890415719,3.0,40.0,62.0,87.0,195.0
2013-05-05,TAH,SO2,1,0.0,,,,,,,
2013-05-05,TLA,CO,15,156.0,1.0134615384615382,0.6560966233386115,0.3,0.6,0.8,1.225,4.0
2013-05-05,TLA,NO,1,155.0,28.509677419354837,46.14676864514754,2.0,6.0,9.0,25.5,268.0
2013-05-05,TLA,NO2,1,155.0,37.038709677419355,17.072376058952145,12.0,22.0,34.0,49.0,74.0
2013-05-05,TLA,NOX,1,155.0,65.50322580645161,57.01974756962035,14.0,26.5,44.0,80.0,319.0
2013-05-05,TLA,O3,1,156.0,46.205128205128204,34.79000930907309,1.0,12.75,43.0,73.0,135.0
2013-05-05,TLA,PM10,2,161.0,78.7888198757764,29.667619119565398,14.0,58.0,74.0,100.0,172.0
2013-05-05,TLA,PM2.5,2,161.0,40.04968944099379,15.743570609234434,6.0,30.0,38.0,50.0,89.0
2013-05-05,TLA,PMCO,2,161.0,38.714285714285715,19.166190470274913,8.0,25.0,34.0,46.0,138.0
2013-05-05,TLA,SO2,1,156.0,8.794871794871796,17.076192802513635,1.0,2.0,3.0,7.0,132.0
2013-05-05,TLI,CO,15,161.0,0.7242236024844722,0.40969140787846736,0.1,0.4,0.6,0.9,2.2
2013-05-05,TLI,NO,1,161.0,17.40993788819876,35.48599583809251,0.0,1.0,2.0,13.0,175.0
2013-05-05,TLI,NO2,1,161.0,29.677018633540374,15.999454086183706,5.0,17.0,26.0,40.0,74.0
2013-05-05,TLI,NOX,1,161.0,47.08695652173913,47.2684344071638,5.0,19.0,28.0,53.0,224.0
2013-05-05,TLI,O3,1,161.0,49.27329192546584,34.61213435661685,1.0,19.0,44.0,77.0,139.0
2013-05-05,TLI,PM10,2,155.0,67.51612903225806,38.51907182175106,3.0,40.0,60.0,88.5,249.0
2013-05-05,TLI,SO2,1,161.0,12.074534161490684,23.38577366558328,2.0,3.0,4.0,7.0,146.0
2013-05-05,TPN,CO,15,0.0,,,,,,,
2013-05-05,TPN,NO,1,146.0,6.6506849315068495,9.197895160834483,0.0,1.0,3.0,7.0,56.0
2013-05-05,TPN,NO2,1,146.0,14.547945205479452,12.464062652990258,2.0,6.0,10.5,19.0,59.0
2013-05-05,TPN,NOX,1,146.0,21.17808219178082,20.66937929485492,2.0,8.0,14.0,24.75,103.0
2013-05-05,TPN,O3,1,157.0,54.52229299363057,23.57328615932666,15.0,37.0,56.0,70.0,125.0
2013-05-05,TPN,SO2,1,155.0,0.864516129032258,0.8457488755253834,0.0,0.0,1.0,1.0,4.0
2013-05-05,UAX,CO,15,156.0,0.6839743589743593,0.39094538763424463,0.3,0.4,0.5,0.8,2.6
2013-05-05,UAX,NO,1,156.0,9.788461538461538,21.136426168258772,1.0,2.0,3.0,7.0,156.0
2013-05-05,UAX,NO2,1,156.0,24.21153846153846,14.275180182077188,7.0,12.0,19.5,33.25,66.0
2013-05-05,UAX,NOX,1,156.0,34.01923076923077,31.285464243844196,8.0,14.0,22.0,41.0,206.0
2013-05-05,UAX,O3,1,156.0,61.73076923076923,37.773919344307835,2.0,31.75,63.0,91.25,161.0
2013-05-05,UAX,PM2.5,2,161.0,36.67080745341615,16.98078929169502,3.0,27.0,36.0,48.0,119.0
2013-05-05,UAX,SO2,1,156.0,1.7564102564102564,0.8752643462206701,1.0,1.0,2.0,2.0,5.0
2013-05-05,UIZ,CO,15,0.0,,,,,,,
2013-05-05,UIZ,NO,1,161.0,9.919254658385093,23.17352345762278,0.0,1.0,1.0,6.0,149.0
2013-05-05,UIZ,NO2,1,161.0,27.763975155279503,16.262501163701078,6.0,15.0,23.0,38.0,80.0
2013-05-05,UIZ,NOX,1,161.0,37.732919254658384,35.445161475858576,7.0,16.0,25.0,42.0,194.0
2013-05-05,UIZ,O3,1,161.0,51.72670807453416,34.22553644167608,2.0,24.0,45.0,75.0,146.0
2013-05-05,UIZ,PM10,2,161.0,66.63975155279503,26.26179563430285,10.0,48.0,67.0,82.0,197.0
2013-05-05,UIZ,PM2.5,2,161.0,39.36645962732919,15.45505153703547,5.0,28.0,38.0,51.0,77.0
2013-05-05,UIZ,PMCO,2,161.0,27.285714285714285,15.337221297968458,5.0,17.0,25.0,34.0,135.0
2013-05-05,UIZ,SO2,1,161.0,0.8012422360248447,1.1662968949649868,0.0,0.0,0.0,1.0,6.0
2013-05-05,VIF,CO,15,161.0,0.9124223602484474,0.4498274341310167,0.4,0.6,0.8,1.1,2.8
2013-05-05,VIF,NO,1,136.0,13.852941176470589,24.95047818491209,1.0,2.0,3.0,12.0,144.0
2013-05-05,VIF,NO2,1,136.0,24.595588235294116,14.541067603818627,5.0,11.0,20.5,36.25,64.0
2013-05-05,VIF,NOX,1,136.0,38.411764705882355,34.489605645809945,6.0,15.0,24.0,52.0,194.0
2013-05-05,VIF,O3,1,161.0,51.54037267080745,38.15920494926812,2.0,19.0,48.0,80.0,157.0
2013-05-05,VIF,PM10,2,156.0,88.32051282051282,55.96830752736099,4.0,54.0,74.5,110.75,433.0
2013-05-05,VIF,SO2,1,156.0,9.057692307692308,28.402916793564252,0.0,1.0,2.0,4.0,195.0
2013-05-05,XAL,CO,15,156.0,0.9717948717948721,0.8336313776364128,0.1,0.5,0.7,1.0,4.9
2013-05-05,XAL,NO,1,156.0,33.82051282051282,68.71385146359592,2.0,4.75,9.0,22.25,484.0
2013-05-05,XAL,NO2,1,156.0,38.58974358974359,15.637371198457428,8.0,27.0,37.5,46.0,96.0
2013-05-05,XAL,NOX,1,156.0,72.40384615384616,78.56501551282874,9.0,32.0,47.5,68.0,542.0
2013-05-05,XAL,O3,1,156.0,51.02564102564103,36.17001943651742,1.0,21.75,47.0,77.0,130.0
2013-05-05,XAL,PM10,2,161.0,96.88198757763975,43.97277266701345,19.0,68.0,89.0,116.0,246.0
2013-05-05,XAL,PM2.5,2,161.0,49.18633540372671,20.291995025423233,6.0,35.0,45.0,64.0,102.0
2013-05-05,XAL,PMCO,2,161.0,47.65217391304348,30.156106527029724,7.0,29.0,39.0,55.0,183.0
2013-05-05,XAL,SO2,1,156.0,6.384615384615385,6.571160390933604,1.0,3.0,4.0,7.0,54.0
2013-05-12,ACO,CO,15,156.0,0.346794871794872,0.24027400267325774,0.1,0.2,0.3,0.4,1.1
2013-05-12,ACO,NO,1,156.0,6.0576923076923075,9.43311968005618,1.0,1.0,2.0,5.0,41.0
2013-05-12,ACO,NO2,1,156.0,19.275641025641026,10.963619438823033,7.0,11.0,15.0,26.0,50.0
2013-05-12,ACO,NOX,1,156.0,25.32051282051282,19.551746784263642,8.0,12.0,16.0,31.0,85.0
2013-05-12,ACO,O3,1,156.0,57.58974358974359,34.83618285723711,2.0,26.0,61.5,89.0,123.0
2013-05-12,ACO,PM10,2,161.0,87.3975155279503,34.65694005230151,9.0,66.0,84.0,107.0,205.0
2013-05-12,ACO,SO2,1,156.0,3.4423076923076925,5.4290026228496355,0.0,1.0,2.0,3.0,35.0
2013-05-12,ATI,CO,15,159.0,0.9150943396226415,0.507187414396481,0.0,0.6,0.8,1.0,3.4
2013-05-12,ATI,NO,1,159.0,11.132075471698114,27.21320258683719,0.0,0.0,1.0,6.5,158.0
2013-05-12,ATI,NO2,1,159.0,28.70440251572327,15.513796823717536,11.0,17.0,23.0,36.5,76.0
2013-05-12,ATI,NOX,1,159.0,39.943396226415096,39.5170601330261,11.0,18.0,25.0,43.0,223.0
2013-05-12,ATI,O3,1,159.0,50.63522012578616,35.14750497719751,1.0,23.5,40.0,79.5,137.0
2013-05-12,ATI,PM10,2,158.0,88.75316455696202,39.25544089171997,19.0,69.25,80.0,102.0,300.0
2013-05-12,ATI,SO2,1,159.0,7.138364779874214,15.420468883930557,1.0,2.0,3.0,5.0,123.0
2013-05-12,CAM,CO,15,161.0,1.1254658385093164,0.7334234369640763,0.4,0.8,0.9,1.1,4.9
2013-05-12,CAM,NO,1,161.0,29.96894409937888,59.42941426182082,0.0,1.0,3.0,19.0,331.0
2013-05-12,CAM,NO2,1,161.0,40.1055900621118,19.33442605964554,13.0,25.0,35.0,52.0,96.0
2013-05-12,CAM,NOX,1,161.0,70.03105590062111,74.39391964067428,14.0,27.0,38.0,77.0,397.0
2013-05-12,CAM,O3,1,161.0,51.67080745341615,43.444472663032116,1.0,16.0,38.0,85.0,152.0
2013-05-12,CAM,PM10,2,161.0,88.15527950310559,28.536502721560673,22.0,70.0,85.0,102.0,179.0
2013-05-12,CAM,PM2.5,2,161.0,54.52173913043478,17.51038511731029,10.0,42.0,53.0,65.0,136.0
2013-05-12,CAM,PMCO,2,161.0,33.59627329192546,15.50740906872727,9.0,24.0,30.0,39.0,122.0
2013-05-12,CAM,SO2,1,161.0,9.006211180124224,14.69119502219353,3.0,3.0,4.0,7.0,96.0
2013-05-12,CHO,CO,15,0.0,,,,,,,
2013-05-12,CHO,NO,1,134.0,13.313432835820896,30.987122697815007,0.0,2.0,3.0,6.0,207.0
2013-05-12,CHO,NO2,1,134.0,21.067164179104477,12.764611419060492,6.0,12.0,16.0,27.0,59.0
2013-05-12,CHO,NOX,1,134.0,34.350746268656714,40.72210193377868,6.0,14.0,19.5,33.75,255.0
2013-05-12,CHO,O3,1,155.0,50.87096774193548,27.40217776856415,1.0,32.0,53.0,76.0,95.0
2013-05-12,CHO,PM10,2,161.0,112.6583850931677,49.76571430086959,27.0,85.0,103.0,133.0,401.0
2013-05-12,CHO,SO2,1,0.0,,,,,,,
2013-05-12,COY,NO,1,97.0,15.54639175257732,30.971431936866125,0.0,0.0,0.0,12.0,140.0
2013-05-12,COY,NO2,1,97.0,35.92783505154639,17.85138149572301,10.0,22.0,30.0,48.0,107.0
2013-05-12,COY,NOX,1,97.0,51.07216494845361,45.32182316102448,9.0,22.0,31.0,70.0,202.0
2013-05-12,COY,O3,1,155.0,50.14193548387097,37.31690169445654,1.0,23.5,38.0,79.0,147.0
2013-05-12,COY,PM2.5,2,34.0,59.705882352941174,13.489680481793897,28.0,56.0,60.0,68.75,83.0
2013-05-12,CUA,CO,15,149.0,0.6657718120805366,0.24127247467937674,0.3,0.5,0.6,0.7,1.6
2013-05-12,CUA,NO,1,149.0,5.208053691275167,8.78671845379645,1.0,2.0,2.0,4.0,56.0
2013-05-12,CUA,NO2,1,149.0,22.28187919463087,12.332707850721729,7.0,14.0,19.0,26.0,67.0
2013-05-12,CUA,NOX,1,149.0,27.44295302013423,19.754364057819174,7.0,16.0,22.0,31.0,115.0
2013-05-12,CUA,O3,1,150.0,65.37333333333333,27.850402541080513,4.0,46.25,64.0,80.0,137.0
2013-05-12,CUA,PM10,2,160.0,65.98125,17.694639729512232,15.0,57.0,65.0,76.0,162.0
2013-05-12,CUA,SO2,1,149.0,5.6375838926174495,5.914040514239239,1.0,2.0,3.0,6.0,36.0
2013-05-12,CUT,NO,1,160.0,18.93125,37.16665203626639,0.0,1.0,1.0,14.0,155.0
2013-05-12,CUT,NO2,1,160.0,26.4875,14.964523035684588,6.0,12.0,24.5,40.0,64.0
2013-05-12,CUT,NOX,1,160.0,45.34375,47.84382965611681,7.0,14.0,26.5,54.5,211.0
2013-05-12,CUT,O3,1,150.0,50.02,37.72426808679744,2.0,12.25,45.0,82.0,140.0
2013-05-12,CUT,PM10,2,160.0,98.1125,50.77450302300068,2.0,65.0,84.0,121.75,314.0
2013-05-12,CUT,SO2,1,160.0,7.09375,13.189855485783347,0.0,1.0,3.0,7.0,108.0
2013-05-12,FAC,CO,15,161.0,1.3540372670807452,0.7660771655665533,0.7,0.9,1.1,1.4,5.0
2013-05-12,FAC,NO,1,161.0,28.29813664596273,57.2411395676764,1.0,3.0,6.0,19.0,330.0
2013-05-12,FAC,NO2,1,161.0,40.130434782608695,18.465552535323244,13.0,26.0,37.0,50.0,94.0
2013-05-12,FAC,NOX,1,161.0,68.43478260869566,69.31745655034305,15.0,31.0,43.0,70.0,394.0
2013-05-12,FAC,O3,1,161.0,57.07453416149068,43.60211474157978,2.0,25.0,43.0,88.0,153.0
2013-05-12,FAC,PM10,2,157.0,86.88535031847134,47.53122700311197,9.0,62.0,77.0,99.0,463.0
2013-05-12,FAC,SO2,1,161.0,5.944099378881988,10.31639983667084,1.0,2.0,3.0,6.0,89.0
2013-05-12,HGM,CO,15,156.0,0.8256410256410259,0.4821821092026024,0.2,0.5,0.7,0.9,2.9
2013-05-12,HGM,NO,1,156.0,15.89102564102564,29.921957353162913,0.0,1.0,2.0,12.0,141.0
2013-05-12,HGM,NO2,1,156.0,41.92948717948718,18.913082067280982,14.0,28.0,35.0,53.25,108.0
2013-05-12,HGM,NOX,1,156.0,57.86538461538461,45.4677605084918,14.0,29.0,39.0,64.0,243.0
2013-05-12,HGM,O3,1,156.0,55.92307692307692,43.58107586667944,0.0,22.0,42.0,87.25,161.0
2013-05-12,HGM,PM10,2,161.0,89.0807453416149,25.75120753364769,26.0,72.0,88.0,106.0,170.0
2013-05-12,HGM,PM2.5,2,161.0,54.857142857142854,18.885463041337225,3.0,43.0,55.0,66.0,103.0
2013-05-12,HGM,PMCO,2,161.0,34.24223602484472,12.321108106373556,11.0,26.0,33.0,41.0,106.0
2013-05-12,HGM,SO2,1,156.0,6.339743589743589,9.73884592412415,2.0,3.0,3.0,5.0,56.0
2013-05-12,IZT,CO,15,158.0,0.9284810126582284,0.5003300531225032,0.3,0.6,0.8,1.0,2.9
2013-05-12,IZT,NO,1,158.0,16.189873417721518,27.54524983584115,1.0,2.0,4.0,10.75,124.0
2013-05-12,IZT,NO2,1,158.0,38.36708860759494,16.64058213030454,11.0,27.0,33.0,50.0,91.0
2013-05-12,IZT,NOX,1,158.0,54.575949367088604,40.37298937886511,13.0,29.25,38.0,59.0,208.0
2013-05-12,IZT,O3,1,158.0,54.436708860759495,44.7423528027119,1.0,20.0,40.0,89.5,174.0
2013-05-12,IZT,PM10,2,158.0,79.53164556962025,18.707153468805085,21.0,71.25,79.5,90.75,149.0
2013-05-12,IZT,SO2,1,158.0,4.158227848101266,7.938074139443156,0.0,1.0,2.0,3.0,45.0
2013-05-12,LLA,CO,15,0.0,,,,,,,
2013-05-12,LLA,NO,1,161.0,22.956521739130434,44.73677846946613,1.0,1.0,3.0,14.0,253.0
2013-05-12,LLA,NO2,1,161.0,34.69565217391305,17.45101840805461,9.0,21.0,29.0,47.0,99.0
2013-05-12,LLA,NOX,1,161.0,57.75776397515528,57.52464432718332,11.0,24.0,32.0,65.0,307.0
2013-05-12,LLA,O3,1,161.0,56.63975155279503,45.16366803015326,1.0,16.0,48.0,92.0,158.0
2013-05-12,LLA,SO2,1,161.0,7.434782608695652,17.88916662700352,0.0,1.0,3.0,5.0,103.0
2013-05-12,LPR,CO,15,153.0,1.0601307189542493,0.5764386886282928,0.2,0.7,0.9,1.2,3.2
2013-05-12,LPR,NO,1,154.0,16.51298701298701,25.028150690115936,0.0,3.25,8.0,14.75,128.0
2013-05-12,LPR,NO2,1,154.0,38.41558441558441,16.910646102884726,8.0,25.25,36.0,51.0,90.0
2013-05-12,LPR,NOX,1,154.0,54.86363636363637,38.21919378556459,9.0,30.25,40.5,69.0,197.0
2013-05-12,LPR,O3,1,155.0,58.32258064516129,42.8114160469655,3.0,22.0,47.0,94.0,161.0
2013-05-12,LPR,SO2,1,148.0,4.493243243243243,9.04072164781218,0.0,1.0,2.0,3.0,51.0
2013-05-12,MER,CO,15,156.0,1.3467948717948715,0.6894055290301949,0.5,0.9,1.1,1.5,3.7
2013-05-12,MER,NO,1,156.0,26.91025641025641,44.85163668677228,0.0,2.0,6.0,27.75,200.0
2013-05-12,MER,NO2,1,156.0,46.60897435897436,18.055317764759366,17.0,32.75,42.5,61.0,107.0
2013-05-12,MER,NOX,1,156.0,73.5,57.94430028470333,19.0,36.0,49.0,93.25,268.0
2013-05-12,MER,O3,1,156.0,53.17307692307692,46.08591744340669,0.0,14.0,39.5,86.0,161.0
2013-05-12,MER,PM10,2,158.0,101.32911392405063,24.042542718197787,32.0,90.25,100.0,116.0,173.0
2013-05-12,MER,PM2.5,2,158.0,57.10126582278481,12.23974411362855,18.0,51.0,58.5,66.0,88.0
2013-05-12,MER,PMCO,2,158.0,44.221518987341774,16.31209289907475,12.0,36.0,41.0,51.0,122.0
2013-05-12,MER,SO2,1,156.0,6.288461538461538,10.831858396763845,1.0,2.0,3.0,5.0,81.0
2013-05-12,MON,CO,15,0.0,,,,,,,
2013-05-12,MON,NO,1,161.0,5.062111801242236,13.54238228719094,0.0,1.0,1.0,2.0,109.0
2013-05-12,MON,NO2,1,161.0,15.602484472049689,9.667134724871682,5.0,9.0,12.0,20.0,44.0
2013-05-12,MON,NOX,1,161.0,20.67080745341615,20.9552428993067,6.0,10.0,13.0,22.0,152.0
2013-05-12,MON,O3,1,161.0,64.35403726708074,35.14655209581166,1.0,34.0,68.0,94.0,142.0
2013-05-12,MON,SO2,1,0.0,,,,,,,
2013-05-12,NEZ,CO,15,148.0,0.9398648648648646,0.6165230424618175,0.3,0.6,0.7,0.9,3.8
2013-05-12,NEZ,NO,1,148.0,15.06081081081081,33.82271232065619,0.0,2.0,3.0,7.25,199.0
2013-05-12,NEZ,NO2,1,148.0,32.38513513513514,18.461404361586972,10.0,19.75,25.5,37.25,99.0
2013-05-12,NEZ,NOX,1,148.0,47.46621621621622,48.38724399574698,13.0,22.0,27.5,45.5,267.0
2013-05-12,NEZ,O3,1,149.0,58.422818791946305,40.51979516370775,2.0,26.0,50.0,86.0,153.0
2013-05-12,NEZ,PM2.5,2,157.0,60.12101910828026,16.779241723061105,14.0,50.0,60.0,70.0,108.0
2013-05-12,NEZ,SO2,1,148.0,5.378378378378378,6.738462455487822,1.0,2.0,3.0,6.0,50.0
2013-05-12,PED,CO,15,155.0,0.6580645161290329,0.3471350214014257,0.3,0.4,0.5,0.75,2.0
2013-05-12,PED,NO,1,152.0,7.828947368421052,17.18800456339782,0.0,1.0,1.0,4.0,100.0
2013-05-12,PED,NO2,1,152.0,26.848684210526315,16.64819456767588,8.0,16.0,21.0,32.5,88.0
2013-05-12,PED,NOX,1,152.0,34.6578947368421,31.775725931163596,8.0,17.0,22.0,37.0,164.0
2013-05-12,PED,O3,1,154.0,64.27922077922078,38.279928144332395,4.0,34.25,59.0,92.25,162.0
2013-05-12,PED,PM10,2,159.0,84.27672955974843,23.016755578008635,28.0,68.5,84.0,100.0,191.0
2013-05-12,PED,PM2.5,2,159.0,50.308176100628934,11.908910442108441,18.0,44.0,51.0,57.5,76.0
2013-05-12,PED,PMCO,2,159.0,33.924528301886795,14.564803756955476,9.0,23.0,33.0,41.5,136.0
2013-05-12,PED,SO2,1,155.0,3.1870967741935483,3.7238910957721867,0.0,1.0,2.0,3.0,19.0
2013-05-12,SAG,CO,15,0.0,,,,,,,
2013-05-12,SAG,NO,1,155.0,16.29032258064516,30.157372457354953,1.0,2.0,4.0,11.0,180.0
2013-05-12,SAG,NO2,1,155.0,32.24516129032258,15.415602627109116,10.0,19.0,29.0,44.0,85.0
2013-05-12,SAG,NOX,1,155.0,48.52903225806452,41.191713590695805,12.0,22.0,34.0,56.5,231.0
2013-05-12,SAG,O3,1,145.0,57.820689655172416,41.51951832932132,2.0,26.0,50.0,86.0,162.0
2013-05-12,SAG,PM10,2,155.0,97.96774193548387,31.850996305410224,16.0,80.0,96.0,113.5,226.0
2013-05-12,SAG,PM2.5,2,155.0,57.58709677419355,16.436729181679446,7.0,46.5,58.0,69.5,97.0
2013-05-12,SAG,PMCO,2,155.0,40.348387096774196,21.488019479418863,8.0,28.5,36.0,48.5,170.0
2013-05-12,SAG,SO2,1,155.0,5.858064516129033,13.970487775919267,0.0,1.0,2.0,4.5,99.0
2013-05-12,SFE,CO,15,137.0,0.7481751824817517,0.22690442072438324,0.4,0.6,0.7,0.8,1.5
2013-05-12,SFE,NO,1,137.0,7.240875912408759,12.054731526181438,1.0,1.0,2.0,6.0,67.0
2013-05-12,SFE,NO2,1,137.0,27.56934306569343,15.171468782106782,10.0,17.0,22.0,31.0,74.0
2013-05-12,SFE,NOX,1,137.0,34.88321167883212,26.187408765369835,11.0,18.0,24.0,38.0,141.0
2013-05-12,SFE,O3,1,137.0,59.81751824817518,29.083353581736873,4.0,43.0,54.0,73.0,134.0
2013-05-12,SFE,PM10,2,138.0,80.42028985507247,27.432415051099838,24.0,62.0,75.5,93.5,174.0
2013-05-12,SFE,PM2.5,2,138.0,52.231884057971016,22.545425306785223,1.0,39.0,50.0,63.0,136.0
2013-05-12,SFE,PMCO,2,138.0,28.253623188405797,11.59603606712722,12.0,19.0,28.0,35.0,84.0
2013-05-12,SFE,SO2,1,137.0,3.3503649635036497,4.077541143579911,0.0,1.0,2.0,4.0,28.0
2013-05-12,SJA,CO,15,160.0,0.9250000000000004,0.788278914977905,0.2,0.5,0.7,0.9,4.8
2013-05-12,SJA,NO,1,160.0,30.1375,64.0269683255109,0.0,1.0,2.0,15.25,314.0
2013-05-12,SJA,NO2,1,160.0,39.61875,18.51698926687149,11.0,23.0,40.0,55.25,92.0
2013-05-12,SJA,NOX,1,160.0,69.775,75.59798922486476,11.0,24.0,43.5,70.25,380.0
2013-05-12,SJA,O3,1,160.0,50.875,44.13839726595821,1.0,12.0,40.5,84.75,159.0
2013-05-12,SJA,PM2.5,2,160.0,60.2875,16.704756788743413,11.0,49.75,59.5,71.25,105.0
2013-05-12,SJA,SO2,1,160.0,5.20625,8.688962763147915,1.0,2.0,2.5,5.0,64.0
2013-05-12,SUR,CO,15,159.0,1.0509433962264159,0.4947660135540225,0.4,0.8,0.9,1.2,3.2
2013-05-12,SUR,NO,1,159.0,13.320754716981131,27.962751162776417,1.0,1.0,3.0,8.5,176.0
2013-05-12,SUR,NO2,1,159.0,33.886792452830186,16.647492353860432,10.0,21.0,27.0,47.0,88.0
2013-05-12,SUR,NOX,1,159.0,47.20754716981132,40.6617842964791,12.0,23.0,30.0,58.0,239.0
2013-05-12,SUR,O3,1,159.0,60.125786163522015,42.521437949530316,2.0,29.0,53.0,96.0,157.0
2013-05-12,SUR,PM10,2,158.0,77.0253164556962,31.02925460946433,4.0,62.0,74.0,88.0,272.0
2013-05-12,SUR,SO2,1,159.0,6.0754716981132075,5.578606479289997,3.0,4.0,4.0,5.5,37.0
2013-05-12,TAH,CO,15,150.0,0.5599999999999999,0.34968826001830666,0.1,0.3,0.5,0.6,2.2
2013-05-12,TAH,NO,1,150.0,2.4,6.536423503320849,0.0,0.0,0.0,1.0,52.0
2013-05-12,TAH,NO2,1,150.0,18.093333333333334,11.166432599637057,5.0,9.0,14.5,26.0,47.0
2013-05-12,TAH,NOX,1,150.0,20.166666666666668,16.384809082808673,4.0,8.0,14.5,27.0,96.0
2013-05-12,TAH,O3,1,150.0,59.973333333333336,33.06713664239875,3.0,27.0,54.5,93.5,121.0
2013-05-12,TAH,PM10,2,158.0,89.03164556962025,39.224719374569226,26.0,69.0,84.0,99.75,307.0
2013-05-12,TAH,SO2,1,118.0,2.940677966101695,1.7161494011893794,1.0,2.0,3.0,3.0,10.0
2013-05-12,TLA,CO,15,151.0,1.1549668874172188,0.5926987702278287,0.5,0.8,1.0,1.3,3.6
2013-05-12,TLA,NO,1,156.0,28.006410256410255,47.009332881868744,1.0,4.0,8.0,23.25,233.0
2013-05-12,TLA,NO2,1,156.0,42.12820512820513,15.319697608705184,14.0,31.0,39.0,53.0,89.0
2013-05-12,TLA,NOX,1,156.0,70.16025641025641,58.69906816811317,16.0,36.75,46.0,71.0,301.0
2013-05-12,TLA,O3,1,148.0,52.2972972972973,40.91628411245182,1.0,17.0,41.5,83.25,144.0
2013-05-12,TLA,PM10,2,161.0,100.37888198757764,31.28676719065484,30.0,84.0,96.0,113.0,278.0
2013-05-12,TLA,PM2.5,2,161.0,55.745341614906835,12.37955951513703,17.0,49.0,55.0,63.0,86.0
2013-05-12,TLA,PMCO,2,161.0,44.67080745341615,23.106215721509745,11.0,32.0,39.0,50.0,216.0
2013-05-12,TLA,SO2,1,156.0,8.224358974358974,16.174282142099628,1.0,3.0,4.0,7.0,130.0
2013-05-12,TLI,CO,15,124.0,0.8887096774193547,0.42963582185122934,0.4,0.6,0.7,1.1,2.6
2013-05-12,TLI,NO,1,159.0,16.87421383647799,34.23000056179248,0.0,1.0,2.0,12.5,195.0
2013-05-12,TLI,NO2,1,159.0,34.264150943396224,18.808647630773216,9.0,18.5,29.0,47.5,86.0
2013-05-12,TLI,NOX,1,159.0,51.144654088050316,49.18652646606903,10.0,20.0,30.0,58.5,267.0
2013-05-12,TLI,O3,1,159.0,53.314465408805034,39.86403130591834,2.0,18.0,46.0,86.5,151.0
2013-05-12,TLI,PM10,2,156.0,85.39102564102564,53.17779960241094,4.0,56.75,73.5,107.0,458.0
2013-05-12,TLI,SO2,1,159.0,14.050314465408805,32.731318711350895,2.0,4.0,5.0,6.5,180.0
2013-05-12,TPN,CO,15,0.0,,,,,,,
2013-05-12,TPN,NO,1,161.0,6.434782608695652,8.390308850614234,0.0,2.0,4.0,7.0,48.0
2013-05-12,TPN,NO2,1,161.0,16.403726708074533,11.992382416552799,3.0,7.0,13.0,21.0,61.0
2013-05-12,TPN,NOX,1,161.0,22.819875776397517,19.468528513590133,3.0,9.0,17.0,29.0,104.0
2013-05-12,TPN,O3,1,161.0,54.72049689440994,25.454177255443813,8.0,34.0,51.0,73.0,117.0
2013-05-12,TPN,SO2,1,161.0,1.9254658385093169,2.4252649211762827,0.0,1.0,1.0,2.0,15.0
2013-05-12,UAX,CO,15,156.0,0.8243589743589743,0.386943655958698,0.4,0.6,0.7,0.9,3.0
2013-05-12,UAX,NO,1,154.0,9.058441558441558,19.742206872482896,1.0,2.0,2.0,5.0,157.0
2013-05-12,UAX,NO2,1,154.0,26.707792207792206,13.926945399680804,6.0,16.25,22.0,36.0,67.0
2013-05-12,UAX,NOX,1,154.0,35.688311688311686,30.508869273057556,8.0,18.0,25.0,39.0,219.0
2013-05-12,UAX,O3,1,156.0,65.68589743589743,41.94663345131634,2.0,31.5,60.5,102.25,159.0
2013-05-12,UAX,PM2.5,2,161.0,53.98136645962733,12.091046299684654,26.0,46.0,56.0,61.0,80.0
2013-05-12,UAX,SO2,1,156.0,3.4294871794871793,3.8723372611835756,1.0,2.0,2.0,3.0,33.0
2013-05-12,UIZ,CO,15,0.0,,,,,,,
2013-05-12,UIZ,NO,1,158.0,12.721518987341772,30.26336066850252,0.0,1.0,1.0,6.0,195.0
2013-05-12,UIZ,NO2,1,158.0,31.189873417721518,16.99312408669792,10.0,19.0,26.0,37.75,102.0
2013-05-12,UIZ,NOX,1,158.0,43.93037974683544,43.68155130825413,11.0,20.0,27.5,40.75,259.0
2013-05-12,UIZ,O3,1,158.0,49.60126582278481,35.81159828373893,2.0,21.25,40.5,76.75,146.0
2013-05-12,UIZ,PM10,2,156.0,92.5576923076923,24.16855872345785,20.0,81.0,92.0,106.0,162.0
2013-05-12,UIZ,PM2.5,2,156.0,59.30769230769231,14.535658217001696,13.0,53.0,59.0,69.0,91.0
2013-05-12,UIZ,PMCO,2,156.0,33.18589743589744,12.905514943759757,7.0,25.0,31.0,39.0,97.0
2013-05-12,UIZ,SO2,1,158.0,3.2911392405063293,6.8032436975691395,0.0,1.0,1.5,3.0,54.0
2013-05-12,VIF,CO,15,149.0,1.013422818791946,0.47543120088303154,0.5,0.7,0.9,1.1,3.3
2013-05-12,VIF,NO,1,149.0,11.93288590604027,24.27173431968846,1.0,2.0,2.0,8.0,135.0
2013-05-12,VIF,NO2,1,149.0,27.013422818791945,14.467104613842194,6.0,14.0,26.0,38.0,66.0
2013-05-12,VIF,NOX,1,149.0,38.92617449664429,34.733754507086246,7.0,16.0,30.0,44.0,183.0
2013-05-12,VIF,O3,1,149.0,56.51677852348993,42.631133786592486,2.0,18.0,46.0,91.0,160.0
2013-05-12,VIF,PM10,2,143.0,97.0,49.49576735353734,9.0,66.5,85.0,123.5,256.0
2013-05-12,VIF,SO2,1,149.0,8.268456375838927,21.004385279733924,0.0,1.0,2.0,5.0,123.0
2013-05-12,XAL,CO,15,155.0,1.1290322580645156,0.8132800145519024,0.3,0.6,0.8,1.15,4.1
2013-05-12,XAL,NO,1,155.0,33.87741935483871,56.67855769502198,2.0,4.0,7.0,35.0,267.0
2013-05-12,XAL,NO2,1,155.0,44.81935483870968,18.036568542155383,14.0,31.0,42.0,58.0,95.0
2013-05-12,XAL,NOX,1,155.0,78.69032258064516,69.13872444171741,17.0,35.5,50.0,99.5,326.0
2013-05-12,XAL,O3,1,155.0,53.619354838709675,42.38311213663125,1.0,13.0,44.0,89.5,148.0
2013-05-12,XAL,PM10,2,159.0,120.81761006289308,40.75410289912919,51.0,94.5,112.0,133.0,274.0
2013-05-12,XAL,PM2.5,2,159.0,68.79245283018868,18.043925122294304,27.0,57.0,67.0,80.0,143.0
2013-05-12,XAL,PMCO,2,159.0,51.9685534591195,27.370274318112084,10.0,35.5,44.0,61.5,178.0
2013-05-12,XAL,SO2,1,155.0,8.148387096774194,9.857289180046067,2.0,4.0,5.0,8.0,65.0
2013-05-19,ACO,CO,15,149.0,0.1496644295302014,0.1604992889913633,0.0,0.0,0.1,0.2,0.6
2013-05-19,ACO,NO,1,149.0,6.194630872483222,10.220989170639877,0.0,1.0,2.0,5.0,53.0
2013-05-19,ACO,NO2,1,149.0,14.651006711409396,6.852624447430503,5.0,9.0,13.0,19.0,35.0
2013-05-19,ACO,NOX,1,149.0,20.80536912751678,15.253124559103517,5.0,11.0,15.0,24.0,75.0
2013-05-19,ACO,O3,1,149.0,39.852348993288594,26.66746571298174,2.0,18.0,34.0,60.0,103.0
2013-05-19,ACO,PM10,2,153.0,28.88888888888889,13.26776641831601,2.0,21.0,28.0,39.0,72.0
2013-05-19,ACO,SO2,1,149.0,2.3624161073825505,2.659035501579042,0.0,1.0,1.0,3.0,14.0
2013-05-19,ATI,CO,15,157.0,0.8343949044585983,0.47619126945175505,0.3,0.5,0.7,1.0,2.8
2013-05-19,ATI,NO,1,157.0,12.305732484076433,24.755642304378526,0.0,2.0,3.0,9.0,131.0
2013-05-19,ATI,NO2,1,157.0,22.43949044585987,12.375709034138792,6.0,14.0,20.0,28.0,82.0
2013-05-19,ATI,NOX,1,157.0,34.796178343949045,33.36621561213801,6.0,16.0,23.0,37.0,176.0
2013-05-19,ATI,O3,1,158.0,35.10126582278481,26.846150460835737,1.0,16.0,27.0,53.75,102.0
2013-05-19,ATI,PM10,2,151.0,42.0,33.48412559208717,1.0,17.0,33.0,57.0,190.0
2013-05-19,ATI,SO2,1,157.0,4.732484076433121,8.659796709289367,1.0,2.0,3.0,4.0,91.0
2013-05-19,CAM,CO,15,161.0,0.902484472049689,0.4842455873003658,0.4,0.6,0.8,1.0,3.8
2013-05-19,CAM,NO,1,161.0,19.391304347826086,35.324243430157765,1.0,3.0,6.0,14.0,281.0
2013-05-19,CAM,NO2,1,161.0,32.559006211180126,12.279477147102448,12.0,25.0,31.0,37.0,84.0
2013-05-19,CAM,NOX,1,161.0,51.900621118012424,42.74900656286413,13.0,29.0,37.0,55.0,335.0
2013-05-19,CAM,O3,1,161.0,37.50310559006211,36.34902409687269,1.0,10.0,24.0,61.0,136.0
2013-05-19,CAM,PM10,2,158.0,52.87341772151899,25.616409494278034,7.0,33.0,49.5,68.0,121.0
2013-05-19,CAM,PM2.5,2,158.0,34.164556962025316,17.7451386576947,1.0,21.0,31.0,46.0,78.0
2013-05-19,CAM,PMCO,2,158.0,18.740506329113924,10.300689717644902,3.0,12.0,16.0,23.75,56.0
2013-05-19,CAM,SO2,1,161.0,8.422360248447205,9.985389170904158,2.0,3.0,4.0,8.0,73.0
2013-05-19,CHO,CO,15,0.0,,,,,,,
2013-05-19,CHO,NO,1,161.0,14.583850931677018,23.825290923252968,1.0,3.0,5.0,13.0,135.0
2013-05-19,CHO,NO2,1,161.0,21.18633540372671,8.721528656823944,6.0,14.0,21.0,27.0,54.0
2013-05-19,CHO,NOX,1,161.0,35.80124223602485,28.286441070718055,7.0,18.0,26.0,43.0,156.0
2013-05-19,CHO,O3,1,161.0,36.22360248447205,29.87577931102373,0.0,12.0,26.0,64.0,106.0
2013-05-19,CHO,PM10,2,148.0,52.101351351351354,35.91443722074055,2.0,27.0,45.0,62.25,194.0
2013-05-19,CHO,SO2,1,0.0,,,,,,,
2013-05-19,COY,NO,1,148.0,10.972972972972974,20.177425907963915,0.0,0.0,2.0,11.0,108.0
2013-05-19,COY,NO2,1,148.0,31.135135135135137,11.557986695103923,8.0,23.0,30.0,37.25,68.0
2013-05-19,COY,NOX,1,148.0,41.99324324324324,27.27075047714471,7.0,25.0,34.0,51.25,159.0
2013-05-19,COY,O3,1,161.0,39.18012422360248,36.50169314544836,0.0,11.0,26.0,60.0,133.0
2013-05-19,COY,PM2.5,2,88.0,37.68181818181818,17.66582872956133,6.0,21.75,38.0,54.0,75.0
2013-05-19,CUA,CO,15,156.0,0.7615384615384613,0.22185771041921565,0.4,0.6,0.7,0.9,1.4
2013-05-19,CUA,NO,1,156.0,8.461538461538462,11.172191638392304,1.0,2.0,4.0,9.0,80.0
2013-05-19,CUA,NO2,1,156.0,25.923076923076923,11.117285849748237,6.0,19.0,25.0,33.0,65.0
2013-05-19,CUA,NOX,1,156.0,34.37820512820513,19.100529615598642,7.0,22.75,29.0,43.0,113.0
2013-05-19,CUA,O3,1,156.0,49.94871794871795,35.41619729168851,0.0,24.0,40.0,68.75,153.0
2013-05-19,CUA,PM10,2,161.0,34.88819875776397,17.165369857950875,2.0,23.0,35.0,46.0,88.0
2013-05-19,CUA,SO2,1,156.0,2.980769230769231,3.004236049842985,0.0,1.0,2.0,3.25,18.0
2013-05-19,CUT,NO,1,154.0,11.324675324675324,22.08713673999012,1.0,1.0,2.0,9.0,143.0
2013-05-19,CUT,NO2,1,154.0,20.214285714285715,10.889801120346949,5.0,11.0,19.0,27.75,53.0
2013-05-19,CUT,NOX,1,154.0,31.545454545454547,28.899892780652568,6.0,12.0,21.0,37.0,179.0
2013-05-19,CUT,O3,1,154.0,33.25974025974026,29.156957531284263,2.0,7.0,24.0,58.75,94.0
2013-05-19,CUT,PM10,2,143.0,49.87412587412587,39.964749808093146,1.0,20.0,39.0,65.5,190.0
2013-05-19,CUT,SO2,1,154.0,5.935064935064935,10.657272410167336,0.0,1.0,2.0,5.0,54.0
2013-05-19,FAC,CO,15,158.0,1.1430379746835446,0.6116040399911133,0.5,0.8,1.0,1.3,3.7
2013-05-19,FAC,NO,1,158.0,23.59493670886076,38.8013129291757,2.0,5.0,9.0,19.75,239.0
2013-05-19,FAC,NO2,1,158.0,30.917721518987342,16.530213676846685,9.0,20.0,28.0,37.75,104.0
2013-05-19,FAC,NOX,1,158.0,54.4873417721519,48.50014608183033,11.0,25.25,37.0,61.0,276.0
2013-05-19,FAC,O3,1,158.0,40.436708860759495,34.20273642427354,1.0,15.0,30.0,64.0,150.0
2013-05-19,FAC,PM10,2,112.0,46.294642857142854,42.86657245576715,2.0,17.0,33.5,62.0,283.0
2013-05-19,FAC,SO2,1,158.0,4.3164556962025316,4.999475905774486,0.0,1.0,3.0,5.0,40.0
2013-05-19,HGM,CO,15,156.0,0.8166666666666664,0.3720619673211462,0.3,0.6,0.7,1.0,2.1
2013-05-19,HGM,NO,1,156.0,12.871794871794872,19.033660488628055,0.0,2.0,4.0,15.0,121.0
2013-05-19,HGM,NO2,1,156.0,34.955128205128204,12.972597893733148,11.0,26.0,33.0,42.0,91.0
2013-05-19,HGM,NOX,1,156.0,47.794871794871796,27.781107051658605,12.0,29.0,38.0,59.0,171.0
2013-05-19,HGM,O3,1,156.0,44.52564102564103,40.25730928911342,1.0,13.0,31.5,69.25,150.0
2013-05-19,HGM,PM10,2,160.0,48.55625,23.872498551825668,2.0,30.75,47.5,63.25,121.0
2013-05-19,HGM,PM2.5,2,160.0,31.83125,18.74396234028004,1.0,20.0,29.0,41.0,99.0
2013-05-19,HGM,PMCO,2,160.0,16.7,7.780640383662147,1.0,11.0,17.0,22.0,35.0
2013-05-19,HGM,SO2,1,156.0,5.987179487179487,7.253908561095721,1.0,2.0,3.0,6.0,45.0
2013-05-19,IZT,CO,15,152.0,0.9164473684210526,0.4279079060025873,0.1,0.6,0.9,1.1,2.4
2013-05-19,IZT,NO,1,152.0,17.13157894736842,22.785403777527936,2.0,4.0,8.0,18.25,117.0
2013-05-19,IZT,NO2,1,152.0,31.960526315789473,11.728090227458557,11.0,22.75,31.5,38.25,69.0
2013-05-19,IZT,NOX,1,152.0,49.05921052631579,29.658371287919266,12.0,27.0,40.0,62.25,154.0
2013-05-19,IZT,O3,1,154.0,38.88961038961039,39.63271931586436,0.0,7.0,22.0,68.5,149.0
2013-05-19,IZT,PM10,2,154.0,40.27922077922078,15.717479863039607,6.0,29.25,39.0,50.75,97.0
2013-05-19,IZT,SO2,1,155.0,4.393548387096774,6.745365676255788,0.0,1.0,2.0,4.0,39.0
2013-05-19,LLA,CO,15,0.0,,,,,,,
2013-05-19,LLA,NO,1,103.0,16.058252427184467,22.233090178309265,1.0,2.0,6.0,18.0,113.0
2013-05-19,LLA,NO2,1,103.0,26.24271844660194,10.271286857744174,8.0,16.0,27.0,33.0,52.0
2013-05-19,LLA,NOX,1,103.0,42.320388349514566,28.967261301315435,10.0,20.0,35.0,53.5,142.0
2013-05-19,LLA,O3,1,103.0,32.66019417475728,32.32966021123159,1.0,9.5,21.0,44.0,130.0
2013-05-19,LLA,SO2,1,103.0,4.563106796116505,10.105977558358784,0.0,0.0,1.0,4.0,62.0
2013-05-19,LPR,CO,15,53.0,0.6811320754716982,0.4265499356525856,0.1,0.4,0.6,0.9,2.2
2013-05-19,LPR,NO,1,159.0,13.09433962264151,18.060654645896893,1.0,4.0,7.0,14.0,147.0
2013-05-19,LPR,NO2,1,159.0,26.0125786163522,11.684127186862543,5.0,17.0,24.0,34.0,59.0
2013-05-19,LPR,NOX,1,159.0,39.094339622641506,26.066563395488387,7.0,22.0,34.0,45.0,187.0
2013-05-19,LPR,O3,1,159.0,43.100628930817614,32.76714836936791,2.0,19.0,34.0,62.0,138.0
2013-05-19,LPR,SO2,1,102.0,6.892156862745098,7.542495926868879,1.0,3.0,4.0,8.0,41.0
2013-05-19,MER,CO,15,156.0,1.0762820512820512,0.5080147546101113,0.4,0.7,1.0,1.225,3.3
2013-05-19,MER,NO,1,156.0,19.557692307692307,27.221253647179243,0.0,3.75,9.0,22.0,144.0
2013-05-19,MER,NO2,1,156.0,37.0,12.509093466548194,12.0,28.75,36.5,44.25,89.0
2013-05-19,MER,NOX,1,156.0,56.55769230769231,34.98040749031643,14.0,33.0,45.5,68.25,194.0
2013-05-19,MER,O3,1,154.0,37.54545454545455,37.144496317150185,0.0,8.0,22.0,59.75,146.0
2013-05-19,MER,PM10,2,160.0,49.85625,21.375895104285895,7.0,35.0,47.0,65.0,113.0
2013-05-19,MER,PM2.5,2,160.0,32.55625,13.961198194691113,4.0,22.75,32.0,42.0,75.0
2013-05-19,MER,PMCO,2,160.0,17.30625,8.844567586160643,2.0,10.0,16.0,24.0,40.0
2013-05-19,MER,SO2,1,156.0,6.7756410256410255,8.797781038383395,0.0,2.0,3.0,6.25,56.0
2013-05-19,MON,CO,15,0.0,,,,,,,
2013-05-19,MON,NO,1,161.0,5.807453416149069,13.741595398620175,0.0,1.0,1.0,3.0,74.0
2013-05-19,MON,NO2,1,161.0,13.273291925465838,6.2489874956265465,5.0,8.0,12.0,17.0,34.0
2013-05-19,MON,NOX,1,161.0,19.055900621118013,17.871852326775254,6.0,9.0,13.0,20.0,103.0
2013-05-19,MON,O3,1,161.0,41.453416149068325,29.93262231883447,1.0,17.0,35.0,64.0,108.0
2013-05-19,MON,SO2,1,0.0,,,,,,,
2013-05-19,NEZ,CO,15,159.0,0.7427672955974847,0.4086809779136567,0.2,0.5,0.7,0.9,3.1
2013-05-19,NEZ,NO,1,159.0,10.9874213836478,18.838415982411448,2.0,3.0,5.0,10.5,150.0
2013-05-19,NEZ,NO2,1,159.0,25.11320754716981,11.92273709765042,9.0,16.0,24.0,32.0,69.0
2013-05-19,NEZ,NOX,1,159.0,36.0503144654088,26.433532296068968,11.0,20.0,30.0,44.5,199.0
2013-05-19,NEZ,O3,1,159.0,42.704402515723274,33.92071049887293,2.0,17.0,31.0,68.5,136.0
2013-05-19,NEZ,PM2.5,2,159.0,28.30188679245283,12.645985362342122,2.0,20.0,28.0,38.0,61.0
2013-05-19,NEZ,SO2,1,159.0,7.0251572327044025,8.414085301591797,2.0,2.0,5.0,8.0,62.0
2013-05-19,PED,CO,15,152.0,0.3802631578947368,0.25162767451274154,0.0,0.2,0.3,0.5,1.8
2013-05-19,PED,NO,1,152.0,8.947368421052632,15.782792823842065,1.0,1.75,3.0,10.25,133.0
2013-05-19,PED,NO2,1,152.0,25.75,10.230618892027367,7.0,17.75,24.5,32.0,59.0
2013-05-19,PED,NOX,1,152.0,34.67763157894737,23.153276189924902,8.0,20.0,29.0,42.25,189.0
2013-05-19,PED,O3,1,152.0,47.76315789473684,39.56932667866258,2.0,14.0,38.0,73.25,153.0
2013-05-19,PED,PM10,2,155.0,46.29032258064516,21.183480375149813,10.0,32.0,45.0,58.0,165.0
2013-05-19,PED,PM2.5,2,155.0,29.18064516129032,11.95960243863294,7.0,21.0,28.0,37.5,72.0
2013-05-19,PED,PMCO,2,155.0,17.09032258064516,11.572677036510171,2.0,10.0,17.0,21.0,112.0
2013-05-19,PED,SO2,1,152.0,2.9210526315789473,3.5106768385542497,0.0,1.0,2.0,4.0,24.0
2013-05-19,SAG,CO,15,0.0,,,,,,,
2013-05-19,SAG,NO,1,161.0,14.161490683229813,20.962138673426786,2.0,4.0,6.0,13.0,134.0
2013-05-19,SAG,NO2,1,161.0,23.37888198757764,9.12205027623922,7.0,15.0,23.0,30.0,49.0
2013-05-19,SAG,NOX,1,161.0,37.46583850931677,26.481840725273578,9.0,20.0,30.0,45.0,170.0
2013-05-19,SAG,O3,1,161.0,37.95652173913044,30.46418959739594,2.0,16.0,28.0,57.0,112.0
2013-05-19,SAG,PM10,2,161.0,45.850931677018636,22.95898821271427,4.0,30.0,44.0,56.0,158.0
2013-05-19,SAG,PM2.5,2,161.0,26.341614906832298,12.964907245166717,1.0,17.0,25.0,35.0,61.0
2013-05-19,SAG,PMCO,2,161.0,19.53416149068323,14.869865103583074,1.0,11.0,16.0,24.0,141.0
2013-05-19,SAG,SO2,1,161.0,4.105590062111801,6.132497945853764,0.0,1.0,2.0,6.0,41.0
2013-05-19,SFE,CO,15,117.0,0.7999999999999996,0.23452078799117146,0.4,0.6,0.8,0.9,1.5
2013-05-19,SFE,NO,1,117.0,8.256410256410257,13.806016833096923,1.0,1.0,3.0,9.0,82.0
2013-05-19,SFE,NO2,1,117.0,25.196581196581196,10.503069597486414,5.0,18.0,23.0,31.0,56.0
2013-05-19,SFE,NOX,1,117.0,33.47008547008547,21.236993037350985,6.0,20.0,27.0,38.0,138.0
2013-05-19,SFE,O3,1,117.0,54.282051282051285,38.39963320448162,3.0,26.0,41.0,80.0,152.0
2013-05-19,SFE,PM10,2,117.0,47.30769230769231,23.400361601413834,7.0,30.0,43.0,63.0,137.0
2013-05-19,SFE,PM2.5,2,117.0,32.76068376068376,18.75231000604789,4.0,20.0,28.0,44.0,102.0
2013-05-19,SFE,PMCO,2,117.0,14.555555555555555,7.632106009850353,3.0,8.0,14.0,19.0,37.0
2013-05-19,SFE,SO2,1,117.0,3.017094017094017,3.3630417932510968,0.0,1.0,2.0,4.0,22.0
2013-05-19,SJA,CO,15,156.0,0.7044871794871795,0.49804041146023204,0.2,0.4,0.5,0.9,3.8
2013-05-19,SJA,NO,1,156.0,17.92948717948718,33.2136995014712,0.0,1.0,3.0,21.25,241.0
2013-05-19,SJA,NO2,1,156.0,27.493589743589745,13.510567808736791,7.0,16.0,27.0,36.0,85.0
2013-05-19,SJA,NOX,1,156.0,45.44871794871795,40.86552216198327,7.0,18.75,32.5,59.0,274.0
2013-05-19,SJA,O3,1,156.0,37.32692307692308,34.92612728668408,1.0,9.75,24.0,60.5,136.0
2013-05-19,SJA,PM2.5,2,156.0,26.121794871794872,11.879145700095712,2.0,17.75,27.0,34.0,54.0
2013-05-19,SJA,SO2,1,156.0,5.737179487179487,9.930151010440733,0.0,1.0,2.0,6.0,66.0
2013-05-19,SUR,CO,15,156.0,0.9615384615384608,0.4961089290457372,0.2,0.6749999999999999,0.9,1.1,3.9
2013-05-19,SUR,NO,1,156.0,14.243589743589743,28.407489197647756,1.0,2.0,4.0,15.25,248.0
2013-05-19,SUR,NO2,1,156.0,30.173076923076923,12.87416190146032,10.0,20.0,29.0,36.0,79.0
2013-05-19,SUR,NOX,1,156.0,44.42948717948718,35.696410261282146,11.0,23.75,35.0,52.0,290.0
2013-05-19,SUR,O3,1,156.0,44.916666666666664,40.7049110666789,2.0,11.0,29.0,68.25,149.0
2013-05-19,SUR,PM10,2,138.0,39.70289855072464,35.196094968421264,1.0,17.0,31.0,49.0,208.0
2013-05-19,SUR,SO2,1,156.0,4.634615384615385,6.546199624861432,1.0,2.0,3.0,4.0,60.0
2013-05-19,TAH,CO,15,160.0,0.4043750000000001,0.30226542440784193,0.0,0.2,0.3,0.6,1.7
2013-05-19,TAH,NO,1,161.0,3.2236024844720497,7.448972374830888,0.0,0.0,0.0,2.0,51.0
2013-05-19,TAH,NO2,1,161.0,18.627329192546583,8.876105477471803,3.0,11.0,17.0,25.0,51.0
2013-05-19,TAH,NOX,1,161.0,21.720496894409937,13.930726461730298,3.0,11.0,17.0,29.0,82.0
2013-05-19,TAH,O3,1,161.0,47.683229813664596,32.79870850358449,3.0,21.0,37.0,71.0,134.0
2013-05-19,TAH,PM10,2,107.0,43.83177570093458,31.28610698398519,3.0,22.0,34.0,59.5,161.0
2013-05-19,TAH,SO2,1,161.0,3.9937888198757765,5.501700753414733,0.0,1.0,2.0,4.0,38.0
2013-05-19,TLA,CO,15,156.0,0.9974358974358969,0.5273119561418622,0.3,0.7,0.8,1.1,2.8
2013-05-19,TLA,NO,1,156.0,25.378205128205128,35.64671508165218,0.0,5.0,11.0,25.25,167.0
2013-05-19,TLA,NO2,1,156.0,34.40384615384615,14.421658821930947,12.0,25.0,31.0,39.25,96.0
2013-05-19,TLA,NOX,1,156.0,59.71153846153846,44.61433439766751,13.0,33.0,42.0,64.5,220.0
2013-05-19,TLA,O3,1,156.0,34.333333333333336,31.503677887353206,1.0,10.0,23.5,53.5,139.0
2013-05-19,TLA,PM10,2,161.0,59.66459627329193,28.899598634621835,10.0,40.0,56.0,74.0,144.0
2013-05-19,TLA,PM2.5,2,161.0,33.559006211180126,16.427052657315343,6.0,22.0,30.0,41.0,91.0
2013-05-19,TLA,PMCO,2,161.0,26.099378881987576,14.529368950914602,3.0,15.0,23.0,31.0,68.0
2013-05-19,TLA,SO2,1,156.0,9.173076923076923,12.862129187877782,1.0,3.0,5.0,9.0,112.0
2013-05-19,TLI,CO,15,0.0,,,,,,,
2013-05-19,TLI,NO,1,148.0,15.844594594594595,32.00334013984536,0.0,1.0,3.0,11.0,189.0
2013-05-19,TLI,NO2,1,148.0,27.074324324324323,14.959851583632176,8.0,15.0,24.0,35.0,85.0
2013-05-19,TLI,NOX,1,148.0,42.939189189189186,42.4782019091363,9.0,18.0,29.0,47.0,232.0
2013-05-19,TLI,O3,1,148.0,37.1554054054054,31.653247318733715,1.0,11.75,26.5,65.25,132.0
2013-05-19,TLI,PM10,2,121.0,55.04132231404959,47.406644522720455,1.0,20.0,46.0,78.0,257.0
2013-05-19,TLI,SO2,1,148.0,9.013513513513514,16.455665644054957,0.0,2.0,3.0,6.25,101.0
2013-05-19,TPN,CO,15,0.0,,,,,,,
2013-05-19,TPN,NO,1,66.0,13.833333333333334,13.45143210372136,1.0,4.0,8.0,19.5,48.0
2013-05-19,TPN,NO2,1,66.0,20.196969696969695,10.226992485152968,7.0,12.0,18.5,26.0,51.0
2013-05-19,TPN,NOX,1,66.0,34.121212121212125,20.13837908954721,10.0,17.25,31.5,47.25,90.0
2013-05-19,TPN,O3,1,66.0,34.45454545454545,28.410280814241453,2.0,14.5,23.5,46.5,113.0
2013-05-19,TPN,SO2,1,66.0,1.5606060606060606,2.4377088100148994,0.0,1.0,1.0,2.0,19.0
2013-05-19,UAX,CO,15,153.0,0.7254901960784313,0.2985776395029363,0.3,0.5,0.7,0.9,1.8
2013-05-19,UAX,NO,1,153.0,9.875816993464053,15.108955283399386,2.0,2.0,3.0,10.0,93.0
2013-05-19,UAX,NO2,1,153.0,26.058823529411764,11.765938402930217,8.0,18.0,25.0,34.0,69.0
2013-05-19,UAX,NOX,1,153.0,35.908496732026144,22.469968108661515,10.0,19.0,29.0,45.0,118.0
2013-05-19,UAX,O3,1,153.0,47.28104575163399,40.985468785055865,1.0,13.0,33.0,79.0,152.0
2013-05-19,UAX,PM2.5,2,158.0,27.71518987341772,12.180746932088812,3.0,20.0,28.0,35.0,64.0
2013-05-19,UAX,SO2,1,153.0,4.477124183006536,6.288131016070402,1.0,2.0,2.0,4.0,50.0
2013-05-19,UIZ,CO,15,76.0,1.0842105263157893,0.5571481267021535,0.4,0.7,0.9,1.225,3.5
2013-05-19,UIZ,NO,1,154.0,12.831168831168831,21.96098894007762,0.0,2.0,4.5,13.0,162.0
2013-05-19,UIZ,NO2,1,154.0,30.5974025974026,12.967792924785774,9.0,19.0,30.0,39.0,68.0
2013-05-19,UIZ,NOX,1,154.0,43.5,30.704420494588344,9.0,21.0,38.0,55.75,208.0
2013-05-19,UIZ,O3,1,154.0,38.02597402597402,35.42679980565432,2.0,11.0,21.0,62.5,131.0
2013-05-19,UIZ,PM10,2,155.0,50.94838709677419,20.12744896719663,10.0,38.0,47.0,63.0,103.0
2013-05-19,UIZ,PM2.5,2,155.0,35.483870967741936,13.920159555880268,7.0,26.0,34.0,43.5,66.0
2013-05-19,UIZ,PMCO,2,155.0,15.483870967741936,8.03107183310157,3.0,10.0,14.0,20.0,43.0
2013-05-19,UIZ,SO2,1,153.0,4.366013071895424,5.725924004940538,0.0,1.0,3.0,5.0,32.0
2013-05-19,VIF,CO,15,153.0,0.856209150326797,0.3276370876923279,0.4,0.6,0.7,1.0,2.4
2013-05-19,VIF,NO,1,152.0,8.480263157894736,15.838577430742541,1.0,2.0,3.0,5.25,117.0
2013-05-19,VIF,NO2,1,152.0,19.80921052631579,10.50243336838525,6.0,11.0,17.0,28.0,48.0
2013-05-19,VIF,NOX,1,152.0,28.263157894736842,22.50378535990274,8.0,12.75,20.5,36.25,146.0
2013-05-19,VIF,O3,1,153.0,40.26797385620915,31.067627112806104,1.0,14.0,33.0,66.0,120.0
2013-05-19,VIF,PM10,2,117.0,57.15384615384615,42.75987794420973,2.0,24.0,47.0,77.0,215.0
2013-05-19,VIF,SO2,1,156.0,7.794871794871795,16.670901033650818,0.0,1.0,2.0,5.0,112.0
2013-05-19,XAL,CO,15,148.0,0.8114864864864866,0.5136932630701182,0.1,0.4,0.6,1.1,2.4
2013-05-19,XAL,NO,1,146.0,26.034246575342465,31.56436541277514,2.0,7.0,13.0,29.0,151.0
2013-05-19,XAL,NO2,1,146.0,34.465753424657535,12.429755391141406,14.0,24.0,33.5,43.75,67.0
2013-05-19,XAL,NOX,1,146.0,60.47945205479452,39.594186124607965,16.0,33.25,45.0,74.75,209.0
2013-05-19,XAL,O3,1,148.0,38.236486486486484,33.17144938403976,1.0,12.0,28.0,61.25,146.0
2013-05-19,XAL,PM10,2,142.0,80.5774647887324,41.565009142504486,11.0,52.0,70.5,101.0,219.0
2013-05-19,XAL,PM2.5,2,142.0,42.774647887323944,19.402564123228363,4.0,27.0,41.0,57.75,91.0
2013-05-19,XAL,PMCO,2,142.0,37.83802816901409,27.963410065070498,3.0,18.25,29.0,51.5,134.0
2013-05-19,XAL,SO2,1,148.0,7.013513513513513,6.8233158560867615,0.0,3.0,5.0,9.0,43.0
2013-05-26,ACO,CO,15,153.0,0.18300653594771243,0.17910260572658604,0.0,0.0,0.1,0.3,0.8
2013-05-26,ACO,NO,1,153.0,6.908496732026144,10.088007130097456,0.0,1.0,2.0,7.0,50.0
2013-05-26,ACO,NO2,1,153.0,17.26143790849673,8.826374383682232,5.0,9.0,15.0,25.0,38.0
2013-05-26,ACO,NOX,1,153.0,24.163398692810457,16.54040408576107,7.0,11.0,18.0,34.0,77.0
2013-05-26,ACO,O3,1,153.0,41.326797385620914,28.043159890594833,2.0,17.0,36.0,62.0,97.0
2013-05-26,ACO,PM10,2,158.0,37.278481012658226,13.264037591147817,6.0,29.0,36.0,46.0,101.0
2013-05-26,ACO,SO2,1,153.0,3.6209150326797386,5.293996768868086,1.0,1.0,2.0,4.0,44.0
2013-05-26,ATI,CO,15,161.0,0.9149068322981367,0.5415499953979579,0.1,0.6,0.8,1.0,3.0
2013-05-26,ATI,NO,1,161.0,13.838509316770187,27.953287065459314,1.0,2.0,3.0,6.0,138.0
2013-05-26,ATI,NO2,1,161.0,23.236024844720497,13.716557297637733,6.0,13.0,19.0,31.0,66.0
2013-05-26,ATI,NOX,1,161.0,37.07453416149068,37.80584491765643,7.0,16.0,21.0,37.0,176.0
2013-05-26,ATI,O3,1,161.0,37.099378881987576,26.53351771084643,1.0,17.0,31.0,58.0,118.0
2013-05-26,ATI,PM10,2,152.0,55.51973684210526,41.10299942242286,1.0,30.0,46.5,71.25,342.0
2013-05-26,ATI,SO2,1,161.0,4.906832298136646,6.97477709521604,1.0,2.0,3.0,4.0,46.0
2013-05-26,CAM,CO,15,156.0,0.8685897435897434,0.43947248248538723,0.3,0.6,0.7,0.9,2.6
2013-05-26,CAM,NO,1,156.0,15.41025641025641,26.20289858254957,0.0,2.0,5.0,14.0,132.0
2013-05-26,CAM,NO2,1,156.0,31.814102564102566,12.950428807039048,9.0,23.0,30.0,38.25,79.0
2013-05-26,CAM,NOX,1,156.0,47.256410256410255,35.223868702705595,9.0,26.0,35.5,52.75,187.0
2013-05-26,CAM,O3,1,157.0,37.30573248407644,30.89408341422188,1.0,13.0,28.0,59.0,118.0
2013-05-26,CAM,PM10,2,158.0,53.79113924050633,21.189185379287558,9.0,38.0,53.0,63.75,125.0
2013-05-26,CAM,PM2.5,2,158.0,34.49367088607595,14.102331575506103,7.0,25.0,33.0,43.0,90.0
2013-05-26,CAM,PMCO,2,158.0,19.234177215189874,10.013473548346077,2.0,12.0,18.5,25.75,61.0
2013-05-26,CAM,SO2,1,156.0,6.480769230769231,8.367734617581567,2.0,3.0,4.0,7.0,68.0
2013-05-26,CHO,CO,15,0.0,,,,,,,
2013-05-26,CHO,NO,1,157.0,14.547770700636942,25.18430673843937,1.0,3.0,5.0,10.0,149.0
2013-05-26,CHO,NO2,1,157.0,21.038216560509554,8.90396436506455,6.0,14.0,20.0,27.0,44.0
2013-05-26,CHO,NOX,1,157.0,35.52866242038217,30.934289436529834,9.0,18.0,25.0,38.0,188.0
2013-05-26,CHO,O3,1,157.0,38.22929936305732,30.091712934402295,1.0,13.0,33.0,61.0,102.0
2013-05-26,CHO,PM10,2,131.0,57.725190839694655,43.05936035737615,2.0,27.0,51.0,72.5,249.0
2013-05-26,CHO,SO2,1,0.0,,,,,,,
2013-05-26,COY,NO,1,159.0,10.276729559748428,20.889374668636023,0.0,0.0,2.0,9.0,107.0
2013-05-26,COY,NO2,1,159.0,29.371069182389938,11.336930499628696,7.0,21.5,28.0,37.0,61.0
2013-05-26,COY,NOX,1,159.0,39.477987421383645,28.685072304930337,6.0,22.0,29.0,43.5,150.0
2013-05-26,COY,O3,1,159.0,42.144654088050316,34.803942101395755,1.0,15.5,31.0,62.5,138.0
2013-05-26,COY,PM2.5,2,97.0,43.144329896907216,15.912514526519715,2.0,34.0,45.0,55.0,74.0
2013-05-26,CUA,CO,15,150.0,0.815333333333334,0.2874877684393497,0.4,0.7,0.7,0.9,2.4
2013-05-26,CUA,NO,1,150.0,8.846666666666666,18.923986649052367,1.0,2.0,4.0,7.0,154.0
2013-05-26,CUA,NO2,1,150.0,23.006666666666668,10.507585413901001,7.0,16.0,21.0,26.0,58.0
2013-05-26,CUA,NOX,1,150.0,31.84,27.386147480532994,8.0,19.0,25.0,32.0,210.0
2013-05-26,CUA,O3,1,150.0,51.54,29.81590719980948,2.0,29.0,44.5,67.75,129.0
2013-05-26,CUA,PM10,2,155.0,37.58709677419355,17.356381773566593,1.0,24.0,39.0,49.0,84.0
2013-05-26,CUA,SO2,1,150.0,3.38,4.666991040180765,0.0,1.0,2.0,3.75,34.0
2013-05-26,CUT,NO,1,156.0,7.532051282051282,16.19893260991537,0.0,1.0,1.0,3.0,79.0
2013-05-26,CUT,NO2,1,156.0,18.737179487179485,10.21643974316107,5.0,9.0,17.0,25.0,50.0
2013-05-26,CUT,NOX,1,156.0,26.16025641025641,23.13787477202882,6.0,11.0,20.0,30.0,112.0
2013-05-26,CUT,O3,1,156.0,37.15384615384615,27.225498922210328,2.0,14.0,30.5,62.25,98.0
2013-05-26,CUT,PM10,2,146.0,55.513698630136986,36.95425621538996,2.0,32.0,46.0,67.75,205.0
2013-05-26,CUT,SO2,1,156.0,3.576923076923077,5.688742092984732,0.0,1.0,2.0,3.0,36.0
2013-05-26,FAC,CO,15,156.0,1.1846153846153853,0.6168759844157358,0.4,0.8,1.0,1.4,3.5
2013-05-26,FAC,NO,1,156.0,24.237179487179485,41.585995189057925,1.0,5.0,8.0,20.0,228.0
2013-05-26,FAC,NO2,1,156.0,29.673076923076923,14.442841049053962,8.0,19.0,26.0,40.0,72.0
2013-05-26,FAC,NOX,1,156.0,53.97435897435897,49.72348685226857,10.0,24.0,35.5,62.5,270.0
2013-05-26,FAC,O3,1,157.0,38.47770700636943,29.515442717517217,1.0,16.0,31.0,62.0,128.0
2013-05-26,FAC,PM10,2,132.0,55.92424242424242,45.843847341997325,3.0,29.75,43.0,70.0,268.0
2013-05-26,FAC,SO2,1,156.0,4.9423076923076925,6.474007966965098,1.0,2.0,3.0,5.0,45.0
2013-05-26,HGM,CO,15,155.0,0.90258064516129,0.4583919361806279,0.3,0.6,0.8,1.0,2.9
2013-05-26,HGM,NO,1,156.0,12.474358974358974,19.90216351278576,0.0,2.0,4.0,12.25,103.0
2013-05-26,HGM,NO2,1,156.0,35.217948717948715,15.338879494676002,12.0,23.0,32.5,41.25,84.0
2013-05-26,HGM,NOX,1,156.0,47.717948717948715,31.730680151264792,13.0,27.0,37.0,53.5,168.0
2013-05-26,HGM,O3,1,156.0,45.06410256410256,36.04042165933913,1.0,18.0,30.0,70.25,138.0
2013-05-26,HGM,PM10,2,157.0,49.98089171974522,23.021303216018016,6.0,33.0,46.0,62.0,118.0
2013-05-26,HGM,PM2.5,2,157.0,31.019108280254777,16.27467410268042,2.0,20.0,27.0,40.0,83.0
2013-05-26,HGM,PMCO,2,157.0,18.987261146496817,11.226106970228207,1.0,11.0,17.0,27.0,87.0
2013-05-26,HGM,SO2,1,156.0,5.211538461538462,9.061801868377886,1.0,2.0,3.0,5.0,82.0
2013-05-26,IZT,CO,15,97.0,0.7474226804123713,0.4996025052281469,0.1,0.4,0.6,1.0,2.3
2013-05-26,IZT,NO,1,149.0,15.181208053691275,23.80496589439794,2.0,3.0,6.0,13.0,130.0
2013-05-26,IZT,NO2,1,149.0,31.97986577181208,12.737723182490384,9.0,22.0,32.0,39.0,67.0
2013-05-26,IZT,NOX,1,149.0,47.12080536912752,32.50549075274402,10.0,26.0,38.0,53.0,177.0
2013-05-26,IZT,O3,1,152.0,41.32236842105263,35.89916008788625,0.0,14.0,26.5,66.0,146.0
2013-05-26,IZT,PM10,2,154.0,42.76623376623377,16.87392396290147,5.0,30.25,43.0,51.0,113.0
2013-05-26,IZT,SO2,1,149.0,4.221476510067114,7.33912657516334,0.0,1.0,2.0,5.0,55.0
2013-05-26,LLA,CO,15,0.0,,,,,,,
2013-05-26,LLA,NO,1,154.0,11.363636363636363,17.01011547640105,1.0,2.0,4.0,12.0,84.0
2013-05-26,LLA,NO2,1,154.0,27.266233766233768,12.067371990973252,7.0,18.0,25.0,36.75,55.0
2013-05-26,LLA,NOX,1,154.0,38.64935064935065,26.172263037742155,9.0,20.25,29.0,48.0,139.0
2013-05-26,LLA,O3,1,154.0,36.616883116883116,28.039467527775045,1.0,12.25,28.0,59.0,102.0
2013-05-26,LLA,SO2,1,154.0,3.3376623376623376,3.5483970038601447,0.0,1.0,2.0,4.0,22.0
2013-05-26,LPR,CO,15,0.0,,,,,,,
2013-05-26,LPR,NO,1,160.0,13.51875,16.27552542891999,1.0,4.0,8.0,17.0,109.0
2013-05-26,LPR,NO2,1,160.0,27.7,13.519517687054005,8.0,17.0,25.0,37.0,73.0
2013-05-26,LPR,NOX,1,160.0,41.25,26.723367392225747,9.0,22.0,35.0,52.25,157.0
2013-05-26,LPR,O3,1,160.0,42.43125,27.826421061996047,3.0,20.0,36.0,62.75,113.0
2013-05-26,LPR,SO2,1,160.0,3.8375,2.5914409192061165,1.0,2.0,3.0,5.0,14.0
2013-05-26,MER,CO,15,144.0,1.06736111111111,0.5334712634871618,0.4,0.7,0.9,1.2,3.2
2013-05-26,MER,NO,1,144.0,17.70138888888889,25.55429701556269,0.0,3.75,8.0,17.25,143.0
2013-05-26,MER,NO2,1,144.0,37.40972222222222,14.728030073718955,15.0,26.0,37.0,45.0,84.0
2013-05-26,MER,NOX,1,144.0,55.173611111111114,35.987824254336296,16.0,31.75,46.0,61.0,204.0
2013-05-26,MER,O3,1,152.0,38.67763157894737,33.51714041558739,0.0,11.0,28.0,60.75,130.0
2013-05-26,MER,PM10,2,143.0,55.19580419580419,22.113108323707877,8.0,38.0,55.0,67.0,116.0
2013-05-26,MER,PM2.5,2,143.0,31.55944055944056,13.260989265682275,5.0,21.5,29.0,40.0,71.0
2013-05-26,MER,PMCO,2,143.0,23.594405594405593,13.261847088566952,3.0,12.0,22.0,32.0,74.0
2013-05-26,MER,SO2,1,144.0,5.048611111111111,6.922477689252408,1.0,2.0,3.0,5.25,45.0
2013-05-26,MON,CO,15,0.0,,,,,,,
2013-05-26,MON,NO,1,131.0,8.86259541984733,17.92624348600874,1.0,2.0,2.0,5.0,96.0
2013-05-26,MON,NO2,1,131.0,15.50381679389313,8.61070357690092,5.0,8.5,13.0,21.5,38.0
2013-05-26,MON,NOX,1,131.0,24.480916030534353,24.114582611752752,7.0,11.0,15.0,29.5,126.0
2013-05-26,MON,O3,1,152.0,41.5328947368421,30.797978295039023,0.0,14.75,37.5,70.0,97.0
2013-05-26,MON,SO2,1,0.0,,,,,,,
2013-05-26,NEZ,CO,15,155.0,0.8490322580645159,0.5445560257553177,0.3,0.5,0.7,0.95,2.9
2013-05-26,NEZ,NO,1,155.0,14.935483870967742,23.852544153381707,2.0,3.0,5.0,12.5,120.0
2013-05-26,NEZ,NO2,1,155.0,27.883870967741935,13.490715825697912,10.0,18.0,25.0,37.0,82.0
2013-05-26,NEZ,NOX,1,155.0,42.81290322580645,34.35052072362339,12.0,21.0,30.0,48.0,175.0
2013-05-26,NEZ,O3,1,112.0,47.00892857142857,35.89361044689947,1.0,17.75,41.0,75.5,139.0
2013-05-26,NEZ,PM2.5,2,156.0,35.11538461538461,14.474431979923747,7.0,25.0,31.0,44.0,80.0
2013-05-26,NEZ,SO2,1,155.0,5.916129032258064,4.881657743114002,2.0,3.0,5.0,7.0,39.0
2013-05-26,PED,CO,15,153.0,0.4013071895424835,0.2643230997593507,0.0,0.2,0.3,0.5,1.5
2013-05-26,PED,NO,1,153.0,7.071895424836601,12.543662991811836,1.0,1.0,2.0,6.0,76.0
2013-05-26,PED,NO2,1,153.0,23.862745098039216,9.5704168799988,7.0,17.0,22.0,31.0,49.0
2013-05-26,PED,NOX,1,153.0,30.947712418300654,19.90629061168235,8.0,18.0,24.0,36.0,125.0
2013-05-26,PED,O3,1,153.0,49.091503267973856,36.358116352459774,2.0,21.0,37.0,70.0,147.0
2013-05-26,PED,PM10,2,158.0,46.620253164556964,19.30961530553111,9.0,32.0,46.0,59.0,96.0
2013-05-26,PED,PM2.5,2,158.0,28.854430379746834,11.502326515908061,6.0,19.0,28.5,37.0,59.0
2013-05-26,PED,PMCO,2,158.0,17.765822784810126,10.701013537043451,3.0,8.25,16.5,26.0,58.0
2013-05-26,PED,SO2,1,153.0,4.032679738562091,4.86585620292537,1.0,2.0,2.0,4.0,32.0
2013-05-26,SAG,CO,15,0.0,,,,,,,
2013-05-26,SAG,NO,1,55.0,14.472727272727273,21.206964741220126,2.0,3.0,5.0,13.0,94.0
2013-05-26,SAG,NO2,1,55.0,25.69090909090909,9.695116615868331,9.0,18.0,26.0,31.0,49.0
2013-05-26,SAG,NOX,1,55.0,40.236363636363635,28.69311676160241,12.0,21.0,32.0,43.5,134.0
2013-05-26,SAG,O3,1,55.0,44.018181818181816,31.19561395398927,2.0,16.0,40.0,72.0,105.0
2013-05-26,SAG,PM10,2,63.0,60.26984126984127,40.51571035361801,23.0,47.0,54.0,66.0,353.0
2013-05-26,SAG,PM2.5,2,63.0,32.666666666666664,9.207290239173908,14.0,25.5,33.0,37.5,54.0
2013-05-26,SAG,PMCO,2,63.0,27.61904761904762,37.5527279071959,8.0,15.0,22.0,28.0,310.0
2013-05-26,SAG,SO2,1,55.0,3.018181818181818,3.106092633488488,0.0,1.0,2.0,4.0,17.0
2013-05-26,SFE,CO,15,156.0,0.8083333333333336,0.2325062145082282,0.4,0.7,0.8,0.9,1.6
2013-05-26,SFE,NO,1,156.0,7.5256410256410255,12.745371692753215,1.0,1.0,2.0,7.0,87.0
2013-05-26,SFE,NO2,1,156.0,23.371794871794872,10.011102191079239,6.0,16.0,22.0,28.25,59.0
2013-05-26,SFE,NOX,1,156.0,30.80128205128205,20.780393945719343,7.0,17.75,25.0,34.0,147.0
2013-05-26,SFE,O3,1,156.0,49.08974358974359,30.679061220206588,3.0,25.0,42.0,65.25,119.0
2013-05-26,SFE,PM10,2,147.0,44.46938775510204,22.97267767339286,9.0,27.0,41.0,58.0,123.0
2013-05-26,SFE,PM2.5,2,147.0,29.34013605442177,16.930355569431786,1.0,17.5,24.0,39.5,85.0
2013-05-26,SFE,PMCO,2,147.0,15.081632653061224,9.493696686130313,3.0,6.5,13.0,20.0,46.0
2013-05-26,SFE,SO2,1,156.0,2.8974358974358974,4.724922920934012,0.0,1.0,1.0,2.25,33.0
2013-05-26,SJA,CO,15,147.0,0.6176870748299323,0.4514361679527964,0.1,0.3,0.5,0.7,2.7
2013-05-26,SJA,NO,1,147.0,15.73469387755102,28.55619946380484,0.0,1.0,4.0,15.5,168.0
2013-05-26,SJA,NO2,1,147.0,30.598639455782312,15.015361934587244,6.0,17.0,31.0,41.0,71.0
2013-05-26,SJA,NOX,1,147.0,46.29251700680272,38.83495299029303,7.0,19.5,36.0,57.0,230.0
2013-05-26,SJA,O3,1,148.0,35.891891891891895,32.05546535275116,1.0,8.75,25.0,60.25,136.0
2013-05-26,SJA,PM2.5,2,149.0,29.57718120805369,9.610088454787169,6.0,23.0,29.0,36.0,59.0
2013-05-26,SJA,SO2,1,147.0,4.421768707482993,4.873643358922869,1.0,2.0,3.0,5.0,38.0
2013-05-26,SUR,CO,15,161.0,0.888819875776398,0.405276724723348,0.2,0.6,0.8,1.0,2.3
2013-05-26,SUR,NO,1,161.0,10.732919254658386,19.272959607950444,1.0,2.0,3.0,9.0,108.0
2013-05-26,SUR,NO2,1,161.0,27.919254658385093,10.1519549566078,7.0,19.0,27.0,35.0,55.0
2013-05-26,SUR,NOX,1,161.0,38.61490683229814,25.988954892367545,8.0,22.0,31.0,43.0,146.0
2013-05-26,SUR,O3,1,161.0,50.54037267080745,39.6240132036149,2.0,21.0,36.0,74.0,154.0
2013-05-26,SUR,PM10,2,120.0,46.45,43.46250194857922,1.0,19.75,39.5,55.25,321.0
2013-05-26,SUR,SO2,1,161.0,4.3105590062111805,6.756696701092852,0.0,1.0,2.0,4.0,51.0
2013-05-26,TAH,CO,15,160.0,0.41937500000000005,0.29768432797091754,0.0,0.2,0.4,0.5,1.8
2013-05-26,TAH,NO,1,160.0,2.9125,6.911286457899482,0.0,0.0,0.0,2.0,42.0
2013-05-26,TAH,NO2,1,160.0,16.9375,7.820057665183324,5.0,11.0,15.0,22.0,43.0
2013-05-26,TAH,NOX,1,160.0,19.6625,13.393365249421157,4.0,11.0,16.0,23.25,74.0
2013-05-26,TAH,O3,1,160.0,53.20625,34.7982680251068,2.0,25.75,47.0,76.25,142.0
2013-05-26,TAH,PM10,2,131.0,47.68702290076336,39.82617692876144,1.0,23.0,40.0,60.5,307.0
2013-05-26,TAH,SO2,1,31.0,0.5483870967741935,0.7676244601548058,0.0,0.0,0.0,1.0,3.0
2013-05-26,TLA,CO,15,149.0,1.0308724832214766,0.4349431974188747,0.5,0.7,0.9,1.2,2.6
2013-05-26,TLA,NO,1,149.0,18.966442953020135,26.46298182096118,1.0,5.0,9.0,16.0,137.0
2013-05-26,TLA,NO2,1,149.0,34.288590604026844,13.09027661736376,14.0,24.0,32.0,41.0,89.0
2013-05-26,TLA,NOX,1,149.0,53.241610738255034,36.15631435390315,16.0,32.0,41.0,55.0,189.0
2013-05-26,TLA,O3,1,151.0,35.86092715231788,27.446442328068517,1.0,15.5,29.0,52.0,138.0
2013-05-26,TLA,PM10,2,154.0,59.324675324675326,26.002987037285116,5.0,39.25,58.5,74.0,166.0
2013-05-26,TLA,PM2.5,2,154.0,32.714285714285715,13.586187856306616,3.0,23.0,31.0,43.0,73.0
2013-05-26,TLA,PMCO,2,154.0,26.642857142857142,18.18376729642594,2.0,14.25,24.0,36.0,160.0
2013-05-26,TLA,SO2,1,148.0,6.547297297297297,7.984112165261437,0.0,3.0,4.0,7.0,56.0
2013-05-26,TLI,CO,15,0.0,,,,,,,
2013-05-26,TLI,NO,1,157.0,12.05732484076433,22.715419488559693,0.0,1.0,2.0,7.0,115.0
2013-05-26,TLI,NO2,1,157.0,26.18471337579618,13.609396101850498,8.0,13.0,25.0,35.0,65.0
2013-05-26,TLI,NOX,1,157.0,38.203821656050955,33.13429141165698,9.0,15.0,28.0,42.0,160.0
2013-05-26,TLI,O3,1,157.0,37.961783439490446,28.99577452644951,1.0,14.0,31.0,60.0,127.0
2013-05-26,TLI,PM10,2,126.0,60.43650793650794,50.209878873663264,1.0,28.25,48.0,78.75,364.0
2013-05-26,TLI,SO2,1,157.0,3.1847133757961785,5.103821665222724,0.0,1.0,2.0,4.0,34.0
2013-05-26,TPN,CO,15,0.0,,,,,,,
2013-05-26,TPN,NO,1,152.0,9.526315789473685,9.272152545486344,0.0,4.0,6.0,12.0,44.0
2013-05-26,TPN,NO2,1,152.0,17.901315789473685,9.205353947762688,3.0,10.0,18.0,25.0,42.0
2013-05-26,TPN,NOX,1,152.0,27.44078947368421,15.357433884980399,3.0,16.75,26.0,35.0,87.0
2013-05-26,TPN,O3,1,153.0,44.666666666666664,32.34355056511105,2.0,18.0,35.0,64.0,131.0
2013-05-26,TPN,SO2,1,139.0,2.676258992805755,2.0259756187572884,1.0,1.0,2.0,3.0,13.0
2013-05-26,UAX,CO,15,156.0,0.7589743589743589,0.3147701250061075,0.3,0.5,0.7,0.9,2.1
2013-05-26,UAX,NO,1,156.0,8.352564102564102,15.23146339830578,1.0,2.0,2.0,7.0,102.0
2013-05-26,UAX,NO2,1,156.0,24.506410256410255,10.020299908506246,8.0,17.0,23.5,31.0,67.0
2013-05-26,UAX,NOX,1,156.0,32.88461538461539,21.622855750775816,9.0,18.75,26.0,39.25,136.0
2013-05-26,UAX,O3,1,156.0,53.967948717948715,42.32659803919453,1.0,22.5,40.0,78.5,166.0
2013-05-26,UAX,PM2.5,2,160.0,27.35,11.244117959148474,3.0,20.0,26.5,34.0,70.0
2013-05-26,UAX,SO2,1,156.0,4.397435897435898,7.601086074502339,1.0,1.0,2.0,4.0,68.0
2013-05-26,UIZ,CO,15,156.0,1.003846153846154,0.4754467665170973,0.4,0.7,0.9,1.1,2.9
2013-05-26,UIZ,NO,1,155.0,10.76774193548387,19.025553341045587,0.0,1.0,3.0,10.5,110.0
2013-05-26,UIZ,NO2,1,155.0,30.135483870967743,12.149542997847963,8.0,21.0,29.0,39.0,63.0
2013-05-26,UIZ,NOX,1,155.0,40.92258064516129,28.032804411388376,8.0,23.0,32.0,51.0,170.0
2013-05-26,UIZ,O3,1,155.0,46.96774193548387,37.52789773627613,3.0,16.5,36.0,71.5,159.0
2013-05-26,UIZ,PM10,2,150.0,52.18,19.793250154480752,10.0,36.25,50.5,68.75,108.0
2013-05-26,UIZ,PM2.5,2,150.0,33.586666666666666,12.464277367373837,7.0,24.0,32.5,41.0,71.0
2013-05-26,UIZ,PMCO,2,150.0,18.64666666666667,11.360556198376266,2.0,10.0,17.0,26.0,70.0
2013-05-26,UIZ,SO2,1,154.0,4.415584415584416,6.202151533391799,1.0,2.0,3.0,5.0,48.0
2013-05-26,VIF,CO,15,160.0,0.8356250000000001,0.4017801387254151,0.4,0.6,0.7,0.9,2.4
2013-05-26,VIF,NO,1,160.0,9.4625,17.382087034804965,1.0,2.0,3.0,5.25,120.0
2013-05-26,VIF,NO2,1,160.0,21.19375,12.022775490840065,5.0,10.0,20.0,32.0,55.0
2013-05-26,VIF,NOX,1,160.0,30.6625,25.718086409246304,6.0,13.0,24.0,38.0,154.0
2013-05-26,VIF,O3,1,160.0,40.7625,29.610572542409717,1.0,16.0,35.0,68.0,115.0
2013-05-26,VIF,PM10,2,136.0,71.59558823529412,64.65639994978248,3.0,38.75,56.0,82.25,457.0
2013-05-26,VIF,SO2,1,160.0,3.91875,5.17124594185917,0.0,1.0,2.0,4.0,40.0
2013-05-26,XAL,CO,15,156.0,0.7865384615384616,0.5798872569467546,0.1,0.4,0.6,0.9,3.7
2013-05-26,XAL,NO,1,156.0,25.903846153846153,35.34507838096874,2.0,7.0,12.0,27.0,249.0
2013-05-26,XAL,NO2,1,156.0,34.82692307692308,12.30062335768367,11.0,25.0,33.0,43.25,71.0
2013-05-26,XAL,NOX,1,156.0,60.73717948717949,43.4567804842685,14.0,33.75,46.5,69.25,300.0
2013-05-26,XAL,O3,1,156.0,37.30769230769231,28.541902503357512,1.0,14.0,30.0,62.0,116.0
2013-05-26,XAL,PM10,2,161.0,75.6024844720497,36.60571668180832,8.0,50.0,68.0,92.0,217.0
2013-05-26,XAL,PM2.5,2,161.0,40.27950310559006,17.728935099197383,3.0,28.0,37.0,52.0,102.0
2013-05-26,XAL,PMCO,2,161.0,35.32919254658385,24.539452010363718,3.0,18.0,30.0,48.0,150.0
2013-05-26,XAL,SO2,1,156.0,5.852564102564102,3.180189661983533,1.0,3.0,5.0,8.0,21.0
2013-06-02,ACO,CO,15,153.0,0.11241830065359476,0.150140399835896,0.0,0.0,0.1,0.1,0.8
2013-06-02,ACO,NO,1,153.0,6.594771241830065,10.973915189461016,0.0,1.0,2.0,5.0,61.0
2013-06-02,ACO,NO2,1,153.0,11.379084967320262,6.35569216068693,2.0,7.0,10.0,16.0,27.0
2013-06-02,ACO,NOX,1,153.0,18.03267973856209,15.57343313933835,3.0,8.0,12.0,21.0,79.0
2013-06-02,ACO,O3,1,153.0,30.437908496732025,19.929094727294235,2.0,14.0,31.0,42.0,79.0
2013-06-02,ACO,PM10,2,158.0,26.575949367088608,12.632126823059258,6.0,16.0,24.0,35.75,65.0
2013-06-02,ACO,SO2,1,153.0,2.2222222222222223,5.192634234412978,1.0,1.0,1.0,2.0,57.0
2013-06-02,ATI,CO,15,149.0,0.7456375838926173,0.332980646600278,0.2,0.6,0.7,0.8,2.3
2013-06-02,ATI,NO,1,158.0,10.025316455696203,17.842891630740596,1.0,3.0,4.0,7.0,122.0
2013-06-02,ATI,NO2,1,158.0,15.89873417721519,6.640149903742747,6.0,11.0,15.0,19.0,37.0
2013-06-02,ATI,NOX,1,158.0,25.90506329113924,20.51992599243044,8.0,14.0,20.0,29.0,142.0
2013-06-02,ATI,O3,1,158.0,27.27848101265823,19.20783857299239,0.0,11.25,22.0,42.0,69.0
2013-06-02,ATI,PM10,2,144.0,44.763888888888886,31.264937377936786,1.0,22.0,40.5,59.0,188.0
2013-06-02,ATI,SO2,1,46.0,5.565217391304348,9.930093820554978,1.0,1.0,2.0,2.75,38.0
2013-06-02,CAM,CO,15,161.0,0.7577639751552795,0.396175426981658,0.4,0.5,0.6,0.9,2.3
2013-06-02,CAM,NO,1,161.0,21.726708074534162,31.078929272426624,1.0,5.0,9.0,24.0,164.0
2013-06-02,CAM,NO2,1,161.0,26.677018633540374,12.744902159526399,7.0,18.0,25.0,33.0,70.0
2013-06-02,CAM,NOX,1,161.0,48.4472049689441,38.11986041112919,10.0,24.0,36.0,57.0,206.0
2013-06-02,CAM,O3,1,161.0,26.049689440993788,23.818795425628693,1.0,5.0,20.0,42.0,98.0
2013-06-02,CAM,PM10,2,159.0,50.20125786163522,21.8393964869476,7.0,34.0,46.0,66.0,114.0
2013-06-02,CAM,PM2.5,2,159.0,28.842767295597483,15.794380746951846,2.0,17.0,25.0,39.0,76.0
2013-06-02,CAM,PMCO,2,159.0,21.333333333333332,9.435769988414389,3.0,15.0,20.0,26.0,51.0
2013-06-02,CAM,SO2,1,161.0,7.080745341614906,7.756428910329396,2.0,3.0,4.0,8.0,56.0
2013-06-02,CHO,CO,15,0.0,,,,,,,
2013-06-02,CHO,NO,1,156.0,21.852564102564102,35.40690737917043,1.0,4.0,7.0,22.25,261.0
2013-06-02,CHO,NO2,1,156.0,18.076923076923077,8.133196381170801,4.0,12.0,17.0,23.25,47.0
2013-06-02,CHO,NOX,1,156.0,39.90384615384615,40.285557941526,6.0,17.0,24.0,48.25,289.0
2013-06-02,CHO,O3,1,156.0,28.724358974358974,23.8345300387291,0.0,5.75,28.5,44.5,100.0
2013-06-02,CHO,PM10,2,147.0,48.5578231292517,30.794308594350976,1.0,25.5,42.0,67.0,189.0
2013-06-02,CHO,SO2,1,0.0,,,,,,,
2013-06-02,COY,NO,1,120.0,11.441666666666666,16.476005386664582,1.0,3.0,4.0,11.25,81.0
2013-06-02,COY,NO2,1,120.0,23.541666666666668,11.089320953768375,9.0,14.75,21.0,31.0,62.0
2013-06-02,COY,NOX,1,120.0,34.983333333333334,23.41728993259286,11.0,18.0,27.5,47.5,129.0
2013-06-02,COY,O3,1,120.0,25.458333333333332,21.81853958146117,0.0,7.75,19.0,41.25,80.0
2013-06-02,COY,PM2.5,2,89.0,25.573033707865168,15.73566276765892,4.0,11.0,23.0,39.0,63.0
2013-06-02,CUA,CO,15,143.0,0.8426573426573426,0.2091193844920972,0.6,0.7,0.8,0.9,1.5
2013-06-02,CUA,NO,1,143.0,8.475524475524475,11.400415218428046,1.0,3.0,4.0,9.0,71.0
2013-06-02,CUA,NO2,1,143.0,20.447552447552447,9.998364881585811,7.0,13.0,19.0,25.0,55.0
2013-06-02,CUA,NOX,1,143.0,28.965034965034967,18.945590213954986,8.0,16.0,24.0,33.5,117.0
2013-06-02,CUA,O3,1,143.0,35.38461538461539,22.882407005802474,1.0,20.0,28.0,50.0,112.0
2013-06-02,CUA,PM10,2,146.0,31.26027397260274,13.758034540121635,3.0,21.0,30.5,40.0,70.0
2013-06-02,CUA,SO2,1,143.0,4.678321678321678,8.052295096326857,0.0,1.0,1.0,4.0,47.0
2013-06-02,CUT,NO,1,160.0,15.625,27.442736262714504,0.0,2.0,2.0,19.5,139.0
2013-06-02,CUT,NO2,1,160.0,14.3125,8.457951861150228,3.0,8.0,13.0,19.0,43.0
2013-06-02,CUT,NOX,1,160.0,29.8875,33.155245181100206,4.0,10.0,16.0,39.5,183.0
2013-06-02,CUT,O3,1,160.0,26.5625,20.96468654096708,2.0,4.75,24.0,43.5,73.0
2013-06-02,CUT,PM10,2,145.0,55.4,46.8488112027521,1.0,23.0,48.0,71.0,240.0
2013-06-02,CUT,SO2,1,160.0,5.10625,16.402023527179924,0.0,1.0,1.0,2.0,123.0
2013-06-02,FAC,CO,15,160.0,1.0262499999999997,0.5410782968022658,0.5,0.7,0.8,1.1,3.3
2013-06-02,FAC,NO,1,160.0,22.29375,37.554588674396996,1.0,5.0,8.0,16.25,202.0
2013-06-02,FAC,NO2,1,160.0,20.225,10.378951850231982,6.0,13.0,18.0,24.0,60.0
2013-06-02,FAC,NOX,1,160.0,42.525,42.204496168718144,8.0,18.0,26.5,46.0,227.0
2013-06-02,FAC,O3,1,160.0,29.24375,21.409087259750187,1.0,11.75,25.0,45.0,86.0
2013-06-02,FAC,PM10,2,150.0,41.60666666666667,19.62257864912671,6.0,28.25,40.0,51.0,105.0
2013-06-02,FAC,SO2,1,160.0,9.14375,15.13247450323955,1.0,2.0,3.0,10.25,95.0
2013-06-02,HGM,CO,15,156.0,0.7333333333333336,0.3406508634257194,0.3,0.5,0.6,0.9,2.0
2013-06-02,HGM,NO,1,152.0,12.546052631578947,18.27017212872133,0.0,2.75,5.0,16.0,105.0
2013-06-02,HGM,NO2,1,152.0,26.61842105263158,13.199405069136885,6.0,16.0,24.0,34.0,74.0
2013-06-02,HGM,NOX,1,152.0,39.14473684210526,27.727483650687873,8.0,20.0,28.5,51.0,140.0
2013-06-02,HGM,O3,1,156.0,32.87179487179487,27.87477017378839,0.0,11.0,23.5,51.0,112.0
2013-06-02,HGM,PM10,2,146.0,47.14383561643836,20.244365661799673,11.0,30.0,44.5,62.75,96.0
2013-06-02,HGM,PM2.5,2,146.0,28.328767123287673,16.27696048429999,1.0,14.0,26.0,41.0,71.0
2013-06-02,HGM,PMCO,2,146.0,18.71917808219178,7.131999913633476,3.0,14.0,17.0,23.0,40.0
2013-06-02,HGM,SO2,1,156.0,4.628205128205129,6.736724530720563,1.0,2.0,2.0,5.0,62.0
2013-06-02,IZT,CO,15,161.0,0.7068322981366465,0.42295452231925657,0.1,0.4,0.6,0.9,2.0
2013-06-02,IZT,NO,1,161.0,17.322981366459626,21.419792974160625,2.0,5.0,8.0,20.0,107.0
2013-06-02,IZT,NO2,1,161.0,26.29192546583851,13.114228795259367,7.0,16.0,24.0,33.0,84.0
2013-06-02,IZT,NOX,1,161.0,43.63975155279503,30.341916714965265,11.0,21.0,34.0,55.0,152.0
2013-06-02,IZT,O3,1,161.0,27.956521739130434,25.480224642378776,0.0,6.0,19.0,44.0,108.0
2013-06-02,IZT,PM10,2,159.0,33.84276729559748,14.859057073170352,9.0,22.5,30.0,44.5,72.0
2013-06-02,IZT,SO2,1,161.0,3.5652173913043477,6.1854492649035375,0.0,1.0,2.0,4.0,56.0
2013-06-02,LLA,CO,15,0.0,,,,,,,
2013-06-02,LLA,NO,1,159.0,16.440251572327043,28.327781058232322,1.0,3.0,5.0,15.0,193.0
2013-06-02,LLA,NO2,1,159.0,20.0251572327044,10.700733256275331,3.0,11.5,18.0,27.0,50.0
2013-06-02,LLA,NOX,1,159.0,36.45283018867924,35.54720486318026,5.0,15.0,24.0,43.0,228.0
2013-06-02,LLA,O3,1,159.0,25.930817610062892,20.34018268368708,1.0,7.0,25.0,39.0,76.0
2013-06-02,LLA,SO2,1,159.0,2.9874213836477987,4.4380224547261795,0.0,1.0,1.0,2.0,28.0
2013-06-02,LPR,CO,15,0.0,,,,,,,
2013-06-02,LPR,NO,1,160.0,15.54375,22.33530833518249,1.0,4.0,8.0,15.25,136.0
2013-06-02,LPR,NO2,1,160.0,18.8875,11.80448028152791,4.0,10.0,15.0,25.0,56.0
2013-06-02,LPR,NOX,1,160.0,34.425,30.490445972426915,6.0,15.75,22.5,41.0,172.0
2013-06-02,LPR,O3,1,160.0,31.61875,19.275517066374675,2.0,17.5,30.0,42.25,76.0
2013-06-02,LPR,SO2,1,160.0,2.95625,3.2142506487056086,1.0,1.0,2.0,3.0,26.0
2013-06-02,MER,CO,15,124.0,0.9854838709677416,0.4757012023151513,0.4,0.6,0.9,1.3,2.3
2013-06-02,MER,NO,1,154.0,21.967532467532468,26.395290437314394,1.0,6.0,11.0,25.0,126.0
2013-06-02,MER,NO2,1,154.0,30.623376623376622,12.382824876520997,10.0,21.0,29.0,38.0,67.0
2013-06-02,MER,NOX,1,154.0,52.63636363636363,33.80312438315403,15.0,30.0,40.0,65.5,159.0
2013-06-02,MER,O3,1,154.0,25.01948051948052,23.57950555209583,0.0,7.0,18.0,38.0,96.0
2013-06-02,MER,PM10,2,158.0,47.44303797468354,21.049076313269918,15.0,31.0,41.5,61.0,100.0
2013-06-02,MER,PM2.5,2,158.0,24.00632911392405,15.715421788172474,1.0,12.0,20.0,35.0,66.0
2013-06-02,MER,PMCO,2,158.0,23.430379746835442,9.197318280300042,4.0,16.25,23.0,30.0,51.0
2013-06-02,MER,SO2,1,154.0,3.720779220779221,5.393650046745244,0.0,1.0,2.0,4.75,42.0
2013-06-02,MON,CO,15,0.0,,,,,,,
2013-06-02,MON,NO,1,157.0,16.1656050955414,30.170210969099532,2.0,3.0,4.0,8.0,157.0
2013-06-02,MON,NO2,1,157.0,13.101910828025478,8.382815689816479,2.0,7.0,11.0,19.0,36.0
2013-06-02,MON,NOX,1,157.0,29.26751592356688,35.21989206393082,5.0,10.0,14.0,31.0,184.0
2013-06-02,MON,O3,1,159.0,29.962264150943398,22.871652564773424,0.0,10.0,29.0,45.0,86.0
2013-06-02,MON,SO2,1,0.0,,,,,,,
2013-06-02,NEZ,CO,15,59.0,0.594915254237288,0.2909104192095492,0.3,0.4,0.5,0.6499999999999999,1.7
2013-06-02,NEZ,NO,1,59.0,10.23728813559322,11.51361859749792,3.0,4.0,6.0,9.0,48.0
2013-06-02,NEZ,NO2,1,59.0,19.983050847457626,9.287536189048591,7.0,13.0,17.0,26.0,42.0
2013-06-02,NEZ,NOX,1,59.0,30.10169491525424,19.213586173056203,14.0,18.5,22.0,35.0,88.0
2013-06-02,NEZ,O3,1,53.0,34.64150943396226,19.020327526524238,1.0,24.0,34.0,40.0,82.0
2013-06-02,NEZ,PM2.5,2,59.0,21.983050847457626,11.979136353395099,3.0,12.0,21.0,30.5,49.0
2013-06-02,NEZ,SO2,1,60.0,3.8666666666666667,4.0019769126070095,2.0,2.0,3.0,3.25,25.0
2013-06-02,PED,CO,15,156.0,0.3653846153846156,0.2498138264604642,0.1,0.2,0.3,0.42500000000000004,1.3
2013-06-02,PED,NO,1,156.0,8.371794871794872,12.550912034058834,1.0,2.0,3.0,8.25,72.0
2013-06-02,PED,NO2,1,156.0,21.98076923076923,10.690647799465122,8.0,15.0,21.0,27.0,76.0
2013-06-02,PED,NOX,1,156.0,30.365384615384617,19.992284491922266,9.0,17.0,24.0,36.25,108.0
2013-06-02,PED,O3,1,156.0,34.10897435897436,26.78024638349372,1.0,13.0,25.0,52.25,121.0
2013-06-02,PED,PM10,2,159.0,39.43396226415094,17.89156094890662,13.0,26.5,34.0,50.5,105.0
2013-06-02,PED,PM2.5,2,159.0,21.91823899371069,12.61101013503934,3.0,12.0,19.0,31.0,62.0
2013-06-02,PED,PMCO,2,159.0,17.49056603773585,8.130944115489848,3.0,11.5,16.0,22.0,45.0
2013-06-02,PED,SO2,1,156.0,5.17948717948718,7.396151727789237,1.0,2.0,3.0,5.0,46.0
2013-06-02,SAG,CO,15,0.0,,,,,,,
2013-06-02,SAG,NO,1,114.0,13.324561403508772,19.958140093721678,2.0,5.0,7.0,11.75,166.0
2013-06-02,SAG,NO2,1,114.0,18.87719298245614,9.27375242748706,6.0,11.0,17.0,24.75,47.0
2013-06-02,SAG,NOX,1,114.0,32.26315789473684,26.19297096536679,11.0,17.0,22.5,35.0,197.0
2013-06-02,SAG,O3,1,114.0,27.728070175438596,18.352634826977223,2.0,13.25,24.0,38.0,76.0
2013-06-02,SAG,PM10,2,112.0,44.035714285714285,19.685330236301002,14.0,30.0,38.0,54.0,109.0
2013-06-02,SAG,PM2.5,2,112.0,23.205357142857142,15.545422195059592,1.0,11.75,18.5,33.0,71.0
2013-06-02,SAG,PMCO,2,112.0,20.848214285714285,7.618386745388854,9.0,15.0,19.0,24.25,49.0
2013-06-02,SAG,SO2,1,114.0,2.3684210526315788,4.350288685151208,0.0,0.0,1.0,2.0,30.0
2013-06-02,SFE,CO,15,155.0,0.7851612903225803,0.2850822502382804,0.2,0.6,0.7,0.9,1.7
2013-06-02,SFE,NO,1,155.0,10.361290322580645,17.572811005526265,1.0,2.0,3.0,8.5,106.0
2013-06-02,SFE,NO2,1,155.0,20.606451612903225,10.16519192822145,6.0,13.5,18.0,26.5,61.0
2013-06-02,SFE,NOX,1,155.0,30.980645161290322,24.238123606102448,8.0,16.5,22.0,37.0,150.0
2013-06-02,SFE,O3,1,155.0,35.89032258064516,26.383182301171026,1.0,14.0,28.0,54.0,119.0
2013-06-02,SFE,PM10,2,126.0,39.333333333333336,20.171266692996753,9.0,25.0,34.0,52.0,105.0
2013-06-02,SFE,PM2.5,2,126.0,25.642857142857142,15.962187461981166,1.0,14.25,22.0,31.75,85.0
2013-06-02,SFE,PMCO,2,126.0,13.666666666666666,6.712376628288967,2.0,9.0,12.0,17.0,32.0
2013-06-02,SFE,SO2,1,155.0,3.174193548387097,5.694778181257311,0.0,0.0,1.0,3.0,45.0
2013-06-02,SJA,CO,15,161.0,0.46956521739130386,0.4910503383387569,0.1,0.2,0.3,0.6,3.1
2013-06-02,SJA,NO,1,161.0,18.012422360248447,37.52365713414005,0.0,2.0,3.0,14.0,232.0
2013-06-02,SJA,NO2,1,161.0,19.111801242236027,12.103715229641205,2.0,7.0,18.0,28.0,56.0
2013-06-02,SJA,NOX,1,161.0,37.13664596273292,43.053672447076146,4.0,10.0,25.0,43.0,249.0
2013-06-02,SJA,O3,1,161.0,27.012422360248447,22.501940910074776,0.0,7.0,23.0,44.0,83.0
2013-06-02,SJA,PM2.5,2,157.0,18.496815286624205,11.085694294797849,2.0,10.0,16.0,25.0,58.0
2013-06-02,SJA,SO2,1,161.0,3.093167701863354,4.395738337065831,1.0,1.0,1.0,4.0,34.0
2013-06-02,SUR,CO,15,161.0,0.7639751552795032,0.33157819496897245,0.3,0.5,0.7,1.0,1.9
2013-06-02,SUR,NO,1,161.0,10.211180124223603,12.828878525561107,1.0,3.0,5.0,11.0,67.0
2013-06-02,SUR,NO2,1,161.0,24.540372670807454,10.17656240388907,9.0,17.0,22.0,31.0,75.0
2013-06-02,SUR,NOX,1,161.0,34.7639751552795,19.433706391200285,13.0,20.0,28.0,45.0,101.0
2013-06-02,SUR,O3,1,161.0,34.30434782608695,28.20617030860909,1.0,12.0,25.0,50.0,122.0
2013-06-02,SUR,PM10,2,92.0,41.31521739130435,28.352928545303374,3.0,20.0,37.0,55.0,134.0
2013-06-02,SUR,SO2,1,161.0,5.260869565217392,9.183900137693703,1.0,1.0,2.0,5.0,67.0
2013-06-02,TAH,CO,15,148.0,0.41486486486486523,0.3235359204452404,0.1,0.2,0.3,0.5,1.8
2013-06-02,TAH,NO,1,148.0,5.331081081081081,11.493499205785024,0.0,0.0,1.0,5.0,87.0
2013-06-02,TAH,NO2,1,148.0,17.783783783783782,7.9106752470631205,6.0,11.0,17.0,22.0,40.0
2013-06-02,TAH,NOX,1,148.0,23.06081081081081,16.436737660385802,7.0,11.75,19.0,28.0,109.0
2013-06-02,TAH,O3,1,148.0,34.851351351351354,27.277950744161156,1.0,13.0,30.0,51.25,128.0
2013-06-02,TAH,PM10,2,134.0,37.56716417910448,21.16723520049307,2.0,20.0,35.5,53.0,129.0
2013-06-02,TAH,SO2,1,0.0,,,,,,,
2013-06-02,TLA,CO,15,156.0,0.9551282051282042,0.4352670476985845,0.5,0.7,0.8,1.1,2.8
2013-06-02,TLA,NO,1,156.0,24.53205128205128,33.40975709749298,2.0,8.0,13.0,25.0,188.0
2013-06-02,TLA,NO2,1,156.0,27.30128205128205,10.508012225268176,8.0,19.75,26.0,35.0,64.0
2013-06-02,TLA,NOX,1,156.0,51.78846153846154,38.45869331908474,16.0,28.0,39.5,58.5,223.0
2013-06-02,TLA,O3,1,137.0,28.27007299270073,18.99671165415487,1.0,12.0,23.0,42.0,70.0
2013-06-02,TLA,PM10,2,159.0,54.20125786163522,25.226011257774992,5.0,37.0,49.0,67.5,137.0
2013-06-02,TLA,PM2.5,2,159.0,26.60377358490566,15.825399736157417,2.0,15.0,23.0,38.5,67.0
2013-06-02,TLA,PMCO,2,159.0,27.59748427672956,14.27936436945417,2.0,18.0,26.0,32.5,87.0
2013-06-02,TLA,SO2,1,156.0,9.698717948717949,13.281284368417554,1.0,3.0,5.0,12.0,116.0
2013-06-02,TLI,CO,15,0.0,,,,,,,
2013-06-02,TLI,NO,1,160.0,11.2375,21.70311037616496,0.0,2.0,2.5,6.0,96.0
2013-06-02,TLI,NO2,1,160.0,17.4625,9.345827777963054,4.0,10.0,15.0,23.0,49.0
2013-06-02,TLI,NOX,1,160.0,28.71875,28.060844017618788,6.0,12.75,17.0,31.25,132.0
2013-06-02,TLI,O3,1,160.0,27.69375,20.34915258693319,1.0,10.0,22.0,43.0,74.0
2013-06-02,TLI,PM10,2,131.0,41.19847328244275,25.79129842745961,1.0,20.0,39.0,56.5,111.0
2013-06-02,TLI,SO2,1,160.0,4.36875,8.435192731354414,0.0,1.0,1.0,4.0,58.0
2013-06-02,TPN,CO,15,0.0,,,,,,,
2013-06-02,TPN,NO,1,89.0,11.539325842696629,10.095066504098199,1.0,5.0,9.0,15.0,59.0
2013-06-02,TPN,NO2,1,89.0,17.213483146067414,8.807888909835782,5.0,11.0,16.0,21.0,54.0
2013-06-02,TPN,NOX,1,89.0,28.831460674157302,15.09457755970078,8.0,18.0,27.0,35.0,78.0
2013-06-02,TPN,O3,1,83.0,30.14457831325301,27.257190830204028,2.0,9.0,18.0,48.0,114.0
2013-06-02,TPN,SO2,1,83.0,5.602409638554217,6.973713289895281,0.0,2.5,4.0,5.0,35.0
2013-06-02,UAX,CO,15,156.0,0.7339743589743595,0.34983808141662304,0.4,0.5,0.6,0.9,2.3
2013-06-02,UAX,NO,1,156.0,11.198717948717949,20.065512017870095,1.0,2.0,3.0,12.0,124.0
2013-06-02,UAX,NO2,1,156.0,22.147435897435898,11.118020528841242,6.0,13.75,20.0,28.0,71.0
2013-06-02,UAX,NOX,1,156.0,33.333333333333336,26.585791338142787,9.0,16.0,23.0,40.25,168.0
2013-06-02,UAX,O3,1,156.0,35.64102564102564,29.755335378002425,0.0,9.75,29.0,55.0,120.0
2013-06-02,UAX,PM2.5,2,150.0,21.346666666666668,11.101718028158245,1.0,14.0,20.0,28.0,59.0
2013-06-02,UAX,SO2,1,156.0,3.576923076923077,7.4053498199163466,1.0,1.0,1.0,3.0,61.0
2013-06-02,UIZ,CO,15,109.0,0.7926605504587161,0.48318128298354046,0.3,0.5,0.6,0.9,2.6
2013-06-02,UIZ,NO,1,152.0,13.868421052631579,22.905415713616584,1.0,2.0,3.0,16.25,124.0
2013-06-02,UIZ,NO2,1,152.0,23.94736842105263,12.600740792731935,7.0,15.0,21.0,29.0,84.0
2013-06-02,UIZ,NOX,1,152.0,37.776315789473685,31.57943780843744,8.0,17.75,25.0,48.0,164.0
2013-06-02,UIZ,O3,1,152.0,33.4671052631579,25.46596683932684,3.0,12.75,28.5,49.25,98.0
2013-06-02,UIZ,PM10,2,137.0,40.262773722627735,20.295345044743303,7.0,25.0,36.0,52.0,93.0
2013-06-02,UIZ,PM2.5,2,137.0,21.970802919708028,14.547559733629576,3.0,10.0,17.0,30.0,69.0
2013-06-02,UIZ,PMCO,2,137.0,18.284671532846716,10.663950339336989,2.0,10.0,16.0,24.0,50.0
2013-06-02,UIZ,SO2,1,145.0,2.779310344827586,3.2499336863261146,1.0,1.0,2.0,3.0,20.0
2013-06-02,VIF,CO,15,161.0,0.6118012422360255,0.269809859435209,0.3,0.4,0.5,0.7,1.6
2013-06-02,VIF,NO,1,160.0,7.0625,11.204046607246799,1.0,2.0,3.0,5.0,69.0
2013-06-02,VIF,NO2,1,160.0,13.06875,7.249482197947989,4.0,7.0,12.0,18.0,39.0
2013-06-02,VIF,NOX,1,160.0,20.15625,16.259509795963453,5.0,9.0,15.0,24.0,91.0
2013-06-02,VIF,O3,1,161.0,30.08695652173913,20.61231164387798,1.0,12.0,28.0,45.0,78.0
2013-06-02,VIF,PM10,2,145.0,58.06206896551724,29.989169500943536,5.0,36.0,54.0,79.0,174.0
2013-06-02,VIF,SO2,1,161.0,4.53416149068323,9.68183289458961,0.0,1.0,1.0,3.0,77.0
2013-06-02,XAL,CO,15,54.0,0.8481481481481483,0.5615815741550536,0.3,0.5,0.6,1.0,2.3
2013-06-02,XAL,NO,1,54.0,48.03703703703704,45.81215252918261,4.0,16.25,26.0,71.5,186.0
2013-06-02,XAL,NO2,1,54.0,29.425925925925927,7.844242815778975,15.0,23.25,29.0,35.75,47.0
2013-06-02,XAL,NOX,1,54.0,77.44444444444444,48.90293299328694,26.0,42.5,57.5,102.25,224.0
2013-06-02,XAL,O3,1,54.0,18.703703703703702,20.398510516868097,1.0,2.0,9.5,27.75,68.0
2013-06-02,XAL,PM10,2,53.0,73.26415094339623,38.34065473508818,21.0,45.0,68.0,94.0,188.0
2013-06-02,XAL,PM2.5,2,53.0,32.320754716981135,16.066895713889068,6.0,19.0,30.0,43.0,65.0
2013-06-02,XAL,PMCO,2,53.0,41.0,27.521320406606165,5.0,24.0,34.0,47.0,138.0
2013-06-02,XAL,SO2,1,54.0,5.481481481481482,3.6844432811624914,1.0,3.0,4.0,7.75,18.0
2013-06-09,ACO,CO,15,156.0,0.2096153846153845,0.14403352931952396,0.0,0.1,0.2,0.2,0.6
2013-06-09,ACO,NO,1,156.0,4.506410256410256,7.165776004054362,0.0,1.0,2.0,3.0,39.0
2013-06-09,ACO,NO2,1,156.0,10.544871794871796,6.853624375484232,2.0,5.0,8.0,14.0,34.0
2013-06-09,ACO,NOX,1,156.0,14.98076923076923,12.756514416157254,2.0,7.0,9.0,17.0,66.0
2013-06-09,ACO,O3,1,156.0,39.09615384615385,21.840116638632722,3.0,19.75,37.0,58.0,86.0
2013-06-09,ACO,PM10,2,161.0,34.33540372670807,16.622629191624167,1.0,23.0,33.0,44.0,77.0
2013-06-09,ACO,SO2,1,156.0,2.6858974358974357,4.254492103692342,0.0,1.0,2.0,2.0,39.0
2013-06-09,ATI,CO,15,89.0,0.5089887640449439,0.40916779438664025,0.1,0.3,0.4,0.6,2.4
2013-06-09,ATI,NO,1,127.0,11.653543307086615,22.445128135697328,1.0,2.0,4.0,8.0,159.0
2013-06-09,ATI,NO2,1,127.0,17.543307086614174,10.063099261865387,4.0,10.0,15.0,23.0,51.0
2013-06-09,ATI,NOX,1,127.0,29.078740157480315,28.96812870966786,5.0,12.5,20.0,29.5,195.0
2013-06-09,ATI,O3,1,127.0,32.8503937007874,22.45032567379909,1.0,17.5,28.0,50.0,86.0
2013-06-09,ATI,PM10,2,114.0,49.68421052631579,32.966949335452014,1.0,25.0,47.0,70.0,188.0
2013-06-09,ATI,SO2,1,0.0,,,,,,,
2013-06-09,CAM,CO,15,160.0,0.7231250000000004,0.3342544270650409,0.2,0.5,0.6,0.9,1.8
2013-06-09,CAM,NO,1,160.0,15.95,23.50586705832231,0.0,4.0,7.0,13.5,127.0
2013-06-09,CAM,NO2,1,160.0,28.2625,12.295874186595224,8.0,19.0,26.0,36.0,80.0
2013-06-09,CAM,NOX,1,160.0,44.1625,31.55366547695285,8.0,25.0,33.0,51.25,159.0
2013-06-09,CAM,O3,1,160.0,33.4875,25.786493344262812,1.0,13.75,27.0,54.0,106.0
2013-06-09,CAM,PM10,2,159.0,48.20754716981132,17.02197963754477,11.0,37.0,48.0,59.0,105.0
2013-06-09,CAM,PM2.5,2,159.0,26.232704402515722,11.333380163528284,2.0,18.0,26.0,34.0,59.0
2013-06-09,CAM,PMCO,2,159.0,22.0,8.98521993137563,4.0,15.0,22.0,28.0,55.0
2013-06-09,CAM,SO2,1,160.0,7.99375,7.543164572048408,2.0,3.0,4.0,10.25,41.0
2013-06-09,CHO,CO,15,0.0,,,,,,,
2013-06-09,CHO,NO,1,158.0,19.075949367088608,37.37510740521773,1.0,3.0,5.0,10.0,216.0
2013-06-09,CHO,NO2,1,158.0,16.259493670886076,7.484319386869661,4.0,11.0,15.0,21.0,39.0
2013-06-09,CHO,NOX,1,158.0,35.335443037974684,41.90793834465355,5.0,14.25,20.0,32.0,242.0
2013-06-09,CHO,O3,1,158.0,35.949367088607595,26.610614583546713,1.0,13.0,32.0,55.0,109.0
2013-06-09,CHO,PM10,2,159.0,57.672955974842765,38.85765924130324,8.0,32.0,50.0,71.5,217.0
2013-06-09,CHO,SO2,1,0.0,,,,,,,
2013-06-09,COY,NO,1,159.0,12.09433962264151,20.2952237484057,0.0,2.0,4.0,11.0,128.0
2013-06-09,COY,NO2,1,159.0,25.62264150943396,13.587819957819363,5.0,16.0,21.0,32.5,70.0
2013-06-09,COY,NOX,1,159.0,37.79245283018868,30.035016583327135,6.0,19.5,25.0,46.5,171.0
2013-06-09,COY,O3,1,159.0,36.55345911949686,27.049099238317176,1.0,16.0,28.0,52.5,120.0
2013-06-09,COY,PM2.5,2,157.0,22.598726114649683,10.909804971705945,4.0,15.0,20.0,29.0,53.0
2013-06-09,CUA,CO,15,147.0,0.5999999999999999,0.27273349930625596,0.3,0.4,0.5,0.7,2.2
2013-06-09,CUA,NO,1,147.0,10.156462585034014,21.60216271525446,1.0,3.0,4.0,8.0,172.0
2013-06-09,CUA,NO2,1,147.0,19.61904761904762,10.758452130183175,5.0,12.0,17.0,24.0,56.0
2013-06-09,CUA,NOX,1,147.0,29.741496598639454,29.9662112083461,7.0,15.0,21.0,29.0,220.0
2013-06-09,CUA,O3,1,147.0,40.51700680272109,24.223376500017444,2.0,24.0,34.0,57.0,117.0
2013-06-09,CUA,PM10,2,144.0,35.3125,14.75604356453049,3.0,26.0,34.5,45.0,93.0
2013-06-09,CUA,SO2,1,147.0,4.959183673469388,7.001836893058275,0.0,1.0,2.0,5.0,50.0
2013-06-09,CUT,NO,1,161.0,11.826086956521738,23.15074653693466,0.0,1.0,2.0,7.0,137.0
2013-06-09,CUT,NO2,1,161.0,15.68944099378882,9.64704360467801,3.0,8.0,13.0,21.0,48.0
2013-06-09,CUT,NOX,1,161.0,27.47826086956522,29.446580225155547,5.0,10.0,16.0,33.0,162.0
2013-06-09,CUT,O3,1,161.0,34.62732919254658,25.71595318955152,2.0,11.0,32.0,55.0,98.0
2013-06-09,CUT,PM10,2,151.0,60.59602649006622,40.2747528538574,2.0,34.0,48.0,78.0,212.0
2013-06-09,CUT,SO2,1,161.0,4.788819875776397,9.467978887999413,0.0,1.0,1.0,4.0,52.0
2013-06-09,FAC,CO,15,132.0,0.8340909090909092,0.4375206944644601,0.2,0.6,0.7,1.0,2.6
2013-06-09,FAC,NO,1,132.0,17.606060606060606,24.906468572022067,1.0,5.0,8.0,19.0,150.0
2013-06-09,FAC,NO2,1,132.0,21.96212121212121,13.026341663932389,5.0,12.75,19.0,28.0,79.0
2013-06-09,FAC,NOX,1,132.0,39.59848484848485,33.33747400837848,6.0,18.75,29.0,51.25,187.0
2013-06-09,FAC,O3,1,132.0,33.96969696969697,22.13143920837932,1.0,17.0,31.0,49.25,87.0
2013-06-09,FAC,PM10,2,123.0,40.959349593495936,22.27194014014699,5.0,24.0,37.0,55.5,100.0
2013-06-09,FAC,SO2,1,132.0,6.984848484848484,9.131762242648309,1.0,2.0,4.0,7.0,70.0
2013-06-09,HGM,CO,15,154.0,0.7824675324675321,0.4155684534006946,0.4,0.5,0.6,0.9,2.5
2013-06-09,HGM,NO,1,145.0,14.23448275862069,20.622942251929942,0.0,1.0,6.0,17.0,123.0
2013-06-09,HGM,NO2,1,145.0,28.47586206896552,16.63375198146356,5.0,17.0,23.0,36.0,79.0
2013-06-09,HGM,NOX,1,145.0,42.724137931034484,33.07892135959358,5.0,21.0,28.0,58.0,180.0
2013-06-09,HGM,O3,1,154.0,40.27272727272727,29.19335422789681,0.0,18.0,32.0,59.75,139.0
2013-06-09,HGM,PM10,2,154.0,50.467532467532465,21.601007248110584,13.0,34.25,47.5,63.0,120.0
2013-06-09,HGM,PM2.5,2,154.0,30.350649350649352,17.369695068282876,1.0,16.25,29.0,39.75,90.0
2013-06-09,HGM,PMCO,2,154.0,20.071428571428573,8.424293490949966,4.0,14.0,20.0,26.0,44.0
2013-06-09,HGM,SO2,1,154.0,5.311688311688312,6.059098360974761,1.0,2.0,3.0,6.0,38.0
2013-06-09,IZT,CO,15,160.0,0.6868750000000002,0.4536534952038746,0.2,0.4,0.5,0.8,2.4
2013-06-09,IZT,NO,1,161.0,16.86335403726708,27.762946730851972,1.0,4.0,6.0,14.0,159.0
2013-06-09,IZT,NO2,1,161.0,26.03726708074534,13.672457807010128,5.0,16.0,24.0,33.0,73.0
2013-06-09,IZT,NOX,1,161.0,42.92546583850932,37.48442223027971,7.0,21.0,31.0,47.0,213.0
2013-06-09,IZT,O3,1,161.0,36.43478260869565,29.323578952929594,1.0,16.0,28.0,53.0,139.0
2013-06-09,IZT,PM10,2,161.0,36.88198757763975,14.329331318133608,12.0,27.0,36.0,46.0,75.0
2013-06-09,IZT,SO2,1,161.0,3.4347826086956523,5.497479659689123,0.0,1.0,2.0,3.0,56.0
2013-06-09,LLA,CO,15,0.0,,,,,,,
2013-06-09,LLA,NO,1,158.0,17.455696202531644,36.24818817114255,1.0,3.0,5.0,11.0,210.0
2013-06-09,LLA,NO2,1,158.0,21.89873417721519,10.401610527807716,7.0,14.0,20.0,28.75,58.0
2013-06-09,LLA,NOX,1,158.0,39.335443037974684,42.86575262990936,9.0,17.25,25.0,39.0,249.0
2013-06-09,LLA,O3,1,158.0,31.99367088607595,21.36802088109871,1.0,14.0,30.0,45.75,77.0
2013-06-09,LLA,SO2,1,158.0,3.518987341772152,5.5851503740253685,0.0,1.0,2.0,3.0,51.0
2013-06-09,LPR,CO,15,0.0,,,,,,,
2013-06-09,LPR,NO,1,155.0,17.29032258064516,26.88551189572678,1.0,3.5,9.0,16.0,156.0
2013-06-09,LPR,NO2,1,155.0,23.683870967741935,17.28250930205016,3.0,11.0,17.0,32.0,91.0
2013-06-09,LPR,NOX,1,155.0,41.0,39.212044266837395,3.0,17.0,27.0,49.5,199.0
2013-06-09,LPR,O3,1,157.0,40.65605095541401,24.102801564951694,4.0,23.0,38.0,55.0,114.0
2013-06-09,LPR,SO2,1,155.0,5.116129032258065,9.013665554949846,1.0,2.0,3.0,5.0,90.0
2013-06-09,MER,CO,15,133.0,0.8766917293233082,0.3903935888936437,0.4,0.6,0.8,1.1,2.1
2013-06-09,MER,NO,1,156.0,18.544871794871796,24.10978731759338,0.0,4.0,10.0,20.25,105.0
2013-06-09,MER,NO2,1,156.0,32.166666666666664,13.77413814800875,7.0,22.75,29.0,41.25,80.0
2013-06-09,MER,NOX,1,156.0,50.73076923076923,33.20908273618319,7.0,28.0,40.0,61.0,158.0
2013-06-09,MER,O3,1,156.0,33.916666666666664,27.569257851719964,0.0,14.0,27.0,50.25,130.0
2013-06-09,MER,PM10,2,161.0,50.161490683229815,20.286356443777063,8.0,36.0,49.0,64.0,105.0
2013-06-09,MER,PM2.5,2,161.0,22.503105590062113,11.846478497639332,3.0,13.0,22.0,30.0,48.0
2013-06-09,MER,PMCO,2,161.0,27.67080745341615,13.362623431382934,4.0,18.0,26.0,35.0,90.0
2013-06-09,MER,SO2,1,156.0,4.615384615384615,6.804610902067507,1.0,1.0,2.0,5.0,59.0
2013-06-09,MON,CO,15,0.0,,,,,,,
2013-06-09,MON,NO,1,161.0,10.335403726708075,21.906604055449506,1.0,2.0,3.0,4.0,145.0
2013-06-09,MON,NO2,1,161.0,10.422360248447205,7.706847403083186,2.0,5.0,8.0,13.0,33.0
2013-06-09,MON,NOX,1,161.0,20.782608695652176,27.886980755402224,5.0,7.0,10.0,18.0,177.0
2013-06-09,MON,O3,1,161.0,38.099378881987576,24.547200698079635,0.0,19.0,37.0,55.0,88.0
2013-06-09,MON,SO2,1,0.0,,,,,,,
2013-06-09,NEZ,CO,15,0.0,,,,,,,
2013-06-09,NEZ,NO,1,0.0,,,,,,,
2013-06-09,NEZ,NO2,1,0.0,,,,,,,
2013-06-09,NEZ,NOX,1,0.0,,,,,,,
2013-06-09,NEZ,O3,1,0.0,,,,,,,
2013-06-09,NEZ,PM2.5,2,0.0,,,,,,,
2013-06-09,NEZ,SO2,1,0.0,,,,,,,
2013-06-09,PED,CO,15,156.0,0.35128205128205126,0.2497707799452824,0.0,0.2,0.3,0.5,1.2
2013-06-09,PED,NO,1,156.0,7.064102564102564,10.358527412579202,1.0,1.0,3.0,7.0,57.0
2013-06-09,PED,NO2,1,156.0,21.51923076923077,11.128847231173095,7.0,13.0,18.5,26.0,66.0
2013-06-09,PED,NOX,1,156.0,28.58974358974359,19.776124997931962,8.0,15.75,21.0,36.25,106.0
2013-06-09,PED,O3,1,156.0,41.19230769230769,26.05604762557062,2.0,21.75,33.0,59.25,116.0
2013-06-09,PED,PM10,2,161.0,40.82608695652174,16.910265084184555,10.0,28.0,38.0,52.0,93.0
2013-06-09,PED,PM2.5,2,161.0,20.58385093167702,10.722965428352351,1.0,13.0,19.0,25.0,54.0
2013-06-09,PED,PMCO,2,161.0,20.217391304347824,9.44040230351302,4.0,12.0,20.0,27.0,43.0
2013-06-09,PED,SO2,1,156.0,4.17948717948718,5.355114744696593,1.0,2.0,2.0,4.0,39.0
2013-06-09,SAG,CO,15,0.0,,,,,,,
2013-06-09,SAG,NO,1,161.0,14.012422360248447,23.15949793757406,2.0,4.0,6.0,10.0,135.0
2013-06-09,SAG,NO2,1,161.0,18.70186335403727,8.417128905167795,5.0,12.0,18.0,24.0,40.0
2013-06-09,SAG,NOX,1,161.0,32.732919254658384,28.784057602250755,7.0,16.0,24.0,35.0,172.0
2013-06-09,SAG,O3,1,161.0,34.006211180124225,21.70814849728379,2.0,17.0,31.0,50.0,92.0
2013-06-09,SAG,PM10,2,160.0,44.98125,19.004955287284893,3.0,31.75,43.0,53.5,116.0
2013-06-09,SAG,PM2.5,2,160.0,20.6,10.604496494975592,1.0,13.0,18.0,27.0,54.0
2013-06-09,SAG,PMCO,2,160.0,24.4125,12.630893294173807,2.0,17.0,23.0,29.0,75.0
2013-06-09,SAG,SO2,1,161.0,2.515527950310559,4.325947280744001,0.0,1.0,1.0,2.0,32.0
2013-06-09,SFE,CO,15,156.0,0.4641025641025637,0.20943817871405454,0.2,0.3,0.4,0.6,1.1
2013-06-09,SFE,NO,1,156.0,8.275641025641026,14.054995079444517,1.0,1.0,3.0,8.5,87.0
2013-06-09,SFE,NO2,1,156.0,19.493589743589745,9.123876365549329,6.0,12.0,17.0,24.0,46.0
2013-06-09,SFE,NOX,1,156.0,27.903846153846153,20.16793329765743,7.0,14.0,20.5,33.5,114.0
2013-06-09,SFE,O3,1,156.0,43.72435897435897,28.007504459306038,1.0,23.0,37.0,62.25,120.0
2013-06-09,SFE,PM10,2,124.0,40.92741935483871,21.78168596992966,8.0,25.0,37.0,52.25,117.0
2013-06-09,SFE,PM2.5,2,124.0,26.346774193548388,18.02258941847622,2.0,14.0,21.5,35.25,90.0
2013-06-09,SFE,PMCO,2,124.0,14.53225806451613,6.898138648281146,3.0,8.75,15.0,19.25,32.0
2013-06-09,SFE,SO2,1,156.0,3.4038461538461537,5.770647468736659,0.0,1.0,1.0,3.25,52.0
2013-06-09,SJA,CO,15,161.0,0.41304347826086985,0.4001765914541056,0.0,0.2,0.3,0.5,2.6
2013-06-09,SJA,NO,1,161.0,13.478260869565217,29.068472387735163,0.0,1.0,2.0,11.0,205.0
2013-06-09,SJA,NO2,1,161.0,19.937888198757765,12.575119005895024,2.0,10.0,17.0,29.0,49.0
2013-06-09,SJA,NOX,1,161.0,33.49689440993789,37.13659317701384,2.0,11.0,19.0,41.0,247.0
2013-06-09,SJA,O3,1,161.0,35.30434782608695,26.803228228671642,1.0,16.0,30.0,48.0,130.0
2013-06-09,SJA,PM2.5,2,153.0,19.88888888888889,9.366482485546364,2.0,13.0,21.0,27.0,42.0
2013-06-09,SJA,SO2,1,161.0,3.7950310559006213,6.0426794681895455,1.0,1.0,2.0,3.0,47.0
2013-06-09,SUR,CO,15,158.0,0.7544303797468354,0.39801976981095344,0.2,0.5,0.6,0.9,2.6
2013-06-09,SUR,NO,1,158.0,11.518987341772151,19.49284419381046,1.0,3.0,4.0,9.0,120.0
2013-06-09,SUR,NO2,1,158.0,24.696202531645568,12.461256574827747,6.0,17.0,22.0,30.0,101.0
2013-06-09,SUR,NOX,1,158.0,36.19620253164557,28.569606330321523,7.0,20.25,27.0,40.75,164.0
2013-06-09,SUR,O3,1,159.0,41.0188679245283,30.510108658539117,1.0,17.5,31.0,60.0,141.0
2013-06-09,SUR,PM10,2,147.0,40.38775510204081,18.81614323648124,7.0,28.5,39.0,48.0,130.0
2013-06-09,SUR,SO2,1,158.0,4.031645569620253,5.52633634998783,1.0,2.0,2.0,4.0,48.0
2013-06-09,TAH,CO,15,150.0,0.4846666666666668,0.29486355999963776,0.0,0.3,0.4,0.6,2.2
2013-06-09,TAH,NO,1,135.0,6.2592592592592595,11.280655058625202,0.0,2.0,3.0,4.0,85.0
2013-06-09,TAH,NO2,1,135.0,15.214814814814815,6.6628679060977385,4.0,10.0,14.0,19.0,40.0
2013-06-09,TAH,NOX,1,135.0,21.511111111111113,16.077641222010193,3.0,12.5,17.0,22.0,112.0
2013-06-09,TAH,O3,1,157.0,45.197452229299365,29.63548624114857,2.0,23.0,37.0,67.0,127.0
2013-06-09,TAH,PM10,2,156.0,42.794871794871796,24.823692623526593,1.0,25.0,38.0,58.0,124.0
2013-06-09,TAH,SO2,1,122.0,2.139344262295082,2.6169049088554193,0.0,1.0,1.0,2.0,19.0
2013-06-09,TLA,CO,15,155.0,0.7064516129032259,0.4304448649181383,0.2,0.4,0.5,0.9,2.4
2013-06-09,TLA,NO,1,155.0,21.864516129032257,30.470568601532744,1.0,5.0,10.0,20.0,178.0
2013-06-09,TLA,NO2,1,155.0,29.07741935483871,12.637573067534973,11.0,19.0,26.0,37.0,63.0
2013-06-09,TLA,NOX,1,155.0,51.012903225806454,39.45900175420846,13.0,26.5,34.0,56.0,229.0
2013-06-09,TLA,O3,1,155.0,32.561290322580646,22.68848436982032,0.0,15.0,28.0,51.0,83.0
2013-06-09,TLA,PM10,2,160.0,51.35625,21.059468619921514,12.0,37.75,51.5,60.0,132.0
2013-06-09,TLA,PM2.5,2,160.0,23.40625,11.993864718284225,2.0,15.0,21.5,30.0,70.0
2013-06-09,TLA,PMCO,2,160.0,27.96875,12.833928047152861,6.0,18.75,27.0,35.0,65.0
2013-06-09,TLA,SO2,1,155.0,9.664516129032258,10.585629452267458,1.0,3.0,6.0,13.0,77.0
2013-06-09,TLI,CO,15,68.0,0.42352941176470593,0.2172539933568531,0.1,0.3,0.4,0.5,1.3
2013-06-09,TLI,NO,1,154.0,10.071428571428571,20.69419644666824,0.0,1.0,2.0,6.0,117.0
2013-06-09,TLI,NO2,1,154.0,18.961038961038962,9.998616320535033,4.0,11.0,17.0,26.0,51.0
2013-06-09,TLI,NOX,1,154.0,29.07792207792208,28.182303924227842,4.0,13.0,19.0,32.75,160.0
2013-06-09,TLI,O3,1,154.0,34.35064935064935,23.680755946336827,1.0,16.0,30.5,51.0,95.0
2013-06-09,TLI,PM10,2,150.0,43.57333333333333,28.1232538110671,1.0,23.0,38.5,58.75,127.0
2013-06-09,TLI,SO2,1,154.0,6.142857142857143,8.41522784939518,1.0,2.0,3.0,6.0,66.0
2013-06-09,TPN,CO,15,0.0,,,,,,,
2013-06-09,TPN,NO,1,153.0,10.627450980392156,10.125451486321863,1.0,5.0,8.0,11.0,54.0
2013-06-09,TPN,NO2,1,153.0,17.751633986928105,9.067205980135537,3.0,11.0,16.0,23.0,58.0
2013-06-09,TPN,NOX,1,153.0,28.38562091503268,16.53271246212638,3.0,18.0,24.0,34.0,79.0
2013-06-09,TPN,O3,1,153.0,36.77124183006536,25.243940578834206,2.0,18.0,28.0,55.0,110.0
2013-06-09,TPN,SO2,1,153.0,2.823529411764706,5.404819544018613,0.0,1.0,1.0,2.0,46.0
2013-06-09,UAX,CO,15,156.0,0.6833333333333331,0.3043413476903498,0.3,0.5,0.6,0.8,1.9
2013-06-09,UAX,NO,1,156.0,9.653846153846153,17.912926976169974,1.0,2.0,3.0,7.0,109.0
2013-06-09,UAX,NO2,1,156.0,20.724358974358974,9.459982757911531,6.0,13.75,18.5,27.0,65.0
2013-06-09,UAX,NOX,1,156.0,30.423076923076923,24.275047180855363,8.0,16.0,21.5,35.25,144.0
2013-06-09,UAX,O3,1,156.0,43.94871794871795,32.49770113394026,0.0,20.0,34.5,66.25,147.0
2013-06-09,UAX,PM2.5,2,157.0,19.420382165605094,9.086568975716254,1.0,12.0,19.0,27.0,39.0
2013-06-09,UAX,SO2,1,156.0,3.0961538461538463,5.8769959916488,1.0,1.0,1.0,2.0,50.0
2013-06-09,UIZ,CO,15,148.0,0.6648648648648647,0.3885897868325847,0.2,0.4,0.5,0.8,2.3
2013-06-09,UIZ,NO,1,148.0,10.195945945945946,20.23893290718529,0.0,1.0,2.0,7.25,117.0
2013-06-09,UIZ,NO2,1,148.0,21.364864864864863,10.088147992252445,5.0,13.75,19.5,26.25,48.0
2013-06-09,UIZ,NOX,1,148.0,31.58108108108108,27.632676484692297,6.0,16.0,21.5,35.0,155.0
2013-06-09,UIZ,O3,1,150.0,38.00666666666667,27.020622665234832,3.0,18.0,30.0,54.0,125.0
2013-06-09,UIZ,PM10,2,103.0,38.70873786407767,17.945249558719674,3.0,27.5,38.0,47.0,91.0
2013-06-09,UIZ,PM2.5,2,103.0,18.932038834951456,10.073516176357678,3.0,11.0,18.0,26.0,52.0
2013-06-09,UIZ,PMCO,2,103.0,19.78640776699029,11.841809021045705,1.0,12.0,18.0,24.0,61.0
2013-06-09,UIZ,SO2,1,148.0,3.47972972972973,7.4271698261947225,1.0,1.0,2.0,3.0,85.0
2013-06-09,VIF,CO,15,153.0,0.5712418300653596,0.26746204910681853,0.3,0.4,0.5,0.7,1.5
2013-06-09,VIF,NO,1,153.0,6.379084967320262,9.781162437608874,1.0,2.0,2.0,6.0,60.0
2013-06-09,VIF,NO2,1,153.0,15.065359477124183,8.505163449197061,4.0,8.0,13.0,20.0,36.0
2013-06-09,VIF,NOX,1,153.0,21.49673202614379,16.41009164115601,5.0,10.0,16.0,27.0,97.0
2013-06-09,VIF,O3,1,155.0,37.76774193548387,22.817975186709315,2.0,19.5,33.0,57.0,83.0
2013-06-09,VIF,PM10,2,158.0,56.31645569620253,33.26502124324155,2.0,34.5,50.0,75.75,211.0
2013-06-09,VIF,SO2,1,153.0,2.7712418300653594,5.424720138338141,0.0,0.0,1.0,3.0,33.0
2013-06-09,XAL,CO,15,46.0,0.4956521739130435,0.33793919356997437,0.1,0.3,0.4,0.6749999999999999,1.6
2013-06-09,XAL,NO,1,46.0,11.978260869565217,15.471104435810917,2.0,4.0,6.0,11.75,79.0
2013-06-09,XAL,NO2,1,46.0,24.456521739130434,10.508634590953461,6.0,17.25,24.0,31.0,47.0
2013-06-09,XAL,NOX,1,46.0,36.41304347826087,24.047708217861448,8.0,24.0,29.5,42.5,122.0
2013-06-09,XAL,O3,1,46.0,41.369565217391305,22.56975232045676,4.0,26.0,39.5,57.75,99.0
2013-06-09,XAL,PM10,2,46.0,59.06521739130435,27.6288111892182,19.0,40.25,53.0,70.75,132.0
2013-06-09,XAL,PM2.5,2,46.0,31.97826086956522,17.428570580049534,9.0,19.75,28.5,37.5,79.0
2013-06-09,XAL,PMCO,2,46.0,27.02173913043478,14.389022251447699,9.0,16.0,24.0,33.75,69.0
2013-06-09,XAL,SO2,1,46.0,6.760869565217392,8.462163586245925,1.0,3.0,4.0,6.75,46.0
2013-06-16,ACO,CO,15,156.0,0.3262820512820513,0.19213979436595335,0.1,0.2,0.3,0.4,1.1
2013-06-16,ACO,NO,1,156.0,7.628205128205129,10.138535841812446,0.0,1.0,3.0,10.0,44.0
2013-06-16,ACO,NO2,1,156.0,15.955128205128204,8.97332458885812,3.0,9.0,14.5,21.0,49.0
2013-06-16,ACO,NOX,1,156.0,23.57051282051282,16.86267578333961,3.0,11.0,17.5,31.0,77.0
2013-06-16,ACO,O3,1,156.0,32.967948717948715,23.024088331724034,2.0,10.0,32.5,49.25,83.0
2013-06-16,ACO,PM10,2,159.0,29.07547169811321,13.602655720698055,2.0,20.5,27.0,34.0,70.0
2013-06-16,ACO,SO2,1,156.0,4.07051282051282,5.47028592693428,1.0,2.0,2.0,4.0,52.0
2013-06-16,ATI,CO,15,149.0,0.7429530201342279,0.4606480502035776,0.1,0.5,0.6,1.0,2.5
2013-06-16,ATI,NO,1,150.0,12.766666666666667,21.752240235370483,1.0,2.0,3.0,10.75,101.0
2013-06-16,ATI,NO2,1,150.0,22.413333333333334,9.406685232819857,7.0,16.0,21.0,27.0,60.0
2013-06-16,ATI,NOX,1,150.0,35.086666666666666,26.690856757547177,8.0,18.0,27.0,40.75,144.0
2013-06-16,ATI,O3,1,151.0,27.794701986754966,23.18255605142071,1.0,10.0,21.0,38.5,90.0
2013-06-16,ATI,PM10,2,156.0,40.30769230769231,20.357012070700605,6.0,24.75,37.5,55.25,100.0
2013-06-16,ATI,SO2,1,118.0,8.169491525423728,11.706748061122445,1.0,3.0,4.0,7.0,85.0
2013-06-16,CAM,CO,15,153.0,0.8137254901960785,0.47170726084943887,0.1,0.5,0.7,1.1,2.5
2013-06-16,CAM,NO,1,153.0,24.37908496732026,32.29408584766185,0.0,5.0,9.0,31.0,164.0
2013-06-16,CAM,NO2,1,153.0,36.31372549019608,13.038642258704101,9.0,27.0,35.0,45.0,78.0
2013-06-16,CAM,NOX,1,153.0,60.666666666666664,38.821453645605494,11.0,33.0,49.0,76.0,204.0
2013-06-16,CAM,O3,1,154.0,29.07792207792208,29.504742604823644,1.0,5.0,19.0,42.0,113.0
2013-06-16,CAM,PM10,2,152.0,52.71052631578947,23.141840659833658,9.0,36.75,48.0,63.0,137.0
2013-06-16,CAM,PM2.5,2,152.0,35.276315789473685,16.955023232858426,3.0,23.75,33.0,42.0,99.0
2013-06-16,CAM,PMCO,2,152.0,17.44736842105263,8.839098477961548,3.0,11.0,16.5,22.0,53.0
2013-06-16,CAM,SO2,1,153.0,7.477124183006536,11.503480575872551,0.0,3.0,4.0,8.0,93.0
2013-06-16,CHO,CO,15,0.0,,,,,,,
2013-06-16,CHO,NO,1,157.0,18.178343949044585,26.949026713958677,1.0,4.0,8.0,19.0,171.0
2013-06-16,CHO,NO2,1,157.0,21.515923566878982,12.287999720146713,5.0,12.0,19.0,29.0,64.0
2013-06-16,CHO,NOX,1,157.0,39.65605095541401,32.64999182781461,6.0,18.0,26.0,51.0,199.0
2013-06-16,CHO,O3,1,157.0,27.222929936305732,20.772762839252476,1.0,8.0,26.0,40.0,84.0
2013-06-16,CHO,PM10,2,154.0,46.0,24.658981314667567,4.0,28.0,43.0,55.0,121.0
2013-06-16,CHO,SO2,1,0.0,,,,,,,
2013-06-16,COY,NO,1,161.0,20.80745341614907,25.105157719069968,1.0,4.0,9.0,30.0,159.0
2013-06-16,COY,NO2,1,161.0,36.559006211180126,14.190157117037543,12.0,27.0,35.0,47.0,86.0
2013-06-16,COY,NOX,1,161.0,57.298136645962735,32.500162445843415,13.0,32.0,50.0,76.0,182.0
2013-06-16,COY,O3,1,161.0,29.714285714285715,30.21453056300656,0.0,6.0,19.0,49.0,121.0
2013-06-16,COY,PM2.5,2,161.0,31.19254658385093,14.714582702182856,10.0,21.0,29.0,37.0,101.0
2013-06-16,CUA,CO,15,156.0,0.8602564102564102,0.3026079092370803,0.3,0.7,0.8,1.0,2.4
2013-06-16,CUA,NO,1,156.0,13.538461538461538,19.846632806269643,1.0,3.75,6.0,13.25,155.0
2013-06-16,CUA,NO2,1,156.0,26.58974358974359,10.276733380120731,6.0,19.0,26.0,33.0,57.0
2013-06-16,CUA,NOX,1,156.0,40.14102564102564,26.197377046234315,7.0,23.75,33.5,46.25,197.0
2013-06-16,CUA,O3,1,156.0,36.42307692307692,27.891735037008537,1.0,12.75,32.0,50.0,111.0
2013-06-16,CUA,PM10,2,157.0,30.37579617834395,15.279621929784941,2.0,19.0,29.0,41.0,90.0
2013-06-16,CUA,SO2,1,156.0,3.1346153846153846,2.968841499830635,0.0,1.0,2.0,4.0,14.0
2013-06-16,CUT,NO,1,93.0,12.989247311827956,22.636299543785825,0.0,1.0,3.0,14.0,109.0
2013-06-16,CUT,NO2,1,93.0,19.946236559139784,8.07218195732276,6.0,14.0,20.0,25.0,39.0
2013-06-16,CUT,NOX,1,93.0,32.956989247311824,25.932149753478594,7.0,15.0,25.0,41.0,126.0
2013-06-16,CUT,O3,1,93.0,25.35483870967742,22.09300753105337,2.0,6.0,21.0,38.0,90.0
2013-06-16,CUT,PM10,2,100.0,41.38,22.608561889405326,5.0,27.0,37.5,50.5,161.0
2013-06-16,CUT,SO2,1,93.0,3.139784946236559,5.0917482217062915,0.0,1.0,2.0,4.0,44.0
2013-06-16,FAC,CO,15,161.0,0.9360248447204972,0.5530091313702532,0.2,0.6,0.7,1.2,2.7
2013-06-16,FAC,NO,1,161.0,28.074534161490682,37.32551955348898,1.0,5.0,11.0,38.0,219.0
2013-06-16,FAC,NO2,1,161.0,29.975155279503106,12.957599271546702,6.0,21.0,29.0,38.0,77.0
2013-06-16,FAC,NOX,1,161.0,58.08074534161491,42.701869858836304,8.0,29.0,45.0,77.0,247.0
2013-06-16,FAC,O3,1,161.0,30.770186335403725,27.8994284097374,1.0,8.0,23.0,47.0,108.0
2013-06-16,FAC,PM10,2,157.0,35.45859872611465,21.23056892780321,3.0,18.0,32.0,48.0,91.0
2013-06-16,FAC,SO2,1,161.0,7.329192546583851,9.533346997195904,2.0,3.0,4.0,8.0,71.0
2013-06-16,HGM,CO,15,157.0,1.1535031847133763,0.5109730112824193,0.4,0.8,1.0,1.5,2.6
2013-06-16,HGM,NO,1,157.0,22.343949044585987,29.85450045010956,0.0,3.0,8.0,30.0,149.0
2013-06-16,HGM,NO2,1,157.0,37.77070063694268,15.562064580033738,6.0,27.0,36.0,49.0,87.0
2013-06-16,HGM,NOX,1,157.0,60.15923566878981,38.26200323715089,8.0,30.0,50.0,79.0,183.0
2013-06-16,HGM,O3,1,157.0,29.286624203821656,29.67647150465913,0.0,5.0,20.0,46.0,106.0
2013-06-16,HGM,PM10,2,155.0,51.825806451612905,21.995320750045014,20.0,35.0,48.0,64.0,123.0
2013-06-16,HGM,PM2.5,2,155.0,35.6258064516129,17.80053566503817,3.0,23.5,34.0,44.0,93.0
2013-06-16,HGM,PMCO,2,155.0,16.161290322580644,8.078739028974903,2.0,11.0,15.0,21.5,43.0
2013-06-16,HGM,SO2,1,157.0,5.796178343949045,5.9697301119075,1.0,2.0,3.0,7.0,33.0
2013-06-16,IZT,CO,15,157.0,0.964968152866242,0.5160086266966982,0.1,0.6,0.8,1.3,2.5
2013-06-16,IZT,NO,1,157.0,26.751592356687897,33.127503495324866,1.0,5.0,9.0,38.0,145.0
2013-06-16,IZT,NO2,1,157.0,38.22292993630573,13.58949383319686,12.0,29.0,37.0,46.0,87.0
2013-06-16,IZT,NOX,1,157.0,65.05095541401273,39.00785525400275,13.0,36.0,51.0,89.0,187.0
2013-06-16,IZT,O3,1,158.0,29.11392405063291,31.297620976222227,0.0,3.25,18.5,46.0,128.0
2013-06-16,IZT,PM10,2,160.0,35.43125,15.389950929832148,2.0,23.0,34.5,44.0,102.0
2013-06-16,IZT,SO2,1,157.0,4.821656050955414,5.755157313354123,0.0,2.0,3.0,5.0,37.0
2013-06-16,LLA,CO,15,0.0,,,,,,,
2013-06-16,LLA,NO,1,161.0,16.527950310559007,22.25900438917958,1.0,3.0,7.0,18.0,118.0
2013-06-16,LLA,NO2,1,161.0,27.17391304347826,11.328926039894128,8.0,17.0,27.0,34.0,58.0
2013-06-16,LLA,NOX,1,161.0,43.66459627329193,29.513120831966187,10.0,21.0,35.0,55.0,153.0
2013-06-16,LLA,O3,1,161.0,28.19254658385093,24.350440326601476,1.0,8.0,23.0,41.0,100.0
2013-06-16,LLA,SO2,1,161.0,8.658385093167702,17.425235145494486,1.0,2.0,3.0,5.0,117.0
2013-06-16,LPR,CO,15,0.0,,,,,,,
2013-06-16,LPR,NO,1,161.0,22.472049689440993,27.86509064039655,1.0,7.0,14.0,23.0,191.0
2013-06-16,LPR,NO2,1,161.0,31.366459627329192,13.59627221014725,8.0,22.0,30.0,41.0,79.0
2013-06-16,LPR,NOX,1,161.0,53.8944099378882,36.84589571520688,10.0,29.0,45.0,69.0,248.0
2013-06-16,LPR,O3,1,161.0,31.53416149068323,25.49559546664399,2.0,9.0,26.0,49.0,107.0
2013-06-16,LPR,SO2,1,161.0,5.496894409937888,4.486262675661231,2.0,3.0,4.0,6.0,31.0
2013-06-16,MER,CO,15,122.0,1.4229508196721317,0.6360761539268425,0.4,0.9,1.4,1.875,3.0
2013-06-16,MER,NO,1,154.0,30.253246753246753,33.321872870712376,1.0,6.0,16.0,45.0,145.0
2013-06-16,MER,NO2,1,154.0,41.616883116883116,15.709868698855145,14.0,32.0,38.5,52.0,97.0
2013-06-16,MER,NOX,1,154.0,71.84415584415585,42.07635913790964,16.0,39.25,64.0,101.75,200.0
2013-06-16,MER,O3,1,154.0,27.18831168831169,29.462232272255044,0.0,3.25,15.5,41.0,110.0
2013-06-16,MER,PM10,2,157.0,51.53503184713376,21.282449933201658,13.0,36.0,48.0,63.0,135.0
2013-06-16,MER,PM2.5,2,157.0,31.248407643312103,14.467317743955043,9.0,20.0,29.0,38.0,93.0
2013-06-16,MER,PMCO,2,157.0,20.286624203821656,9.177767838930542,3.0,14.0,20.0,27.0,42.0
2013-06-16,MER,SO2,1,154.0,6.779220779220779,9.154624356098111,1.0,2.0,4.0,7.0,60.0
2013-06-16,MON,CO,15,0.0,,,,,,,
2013-06-16,MON,NO,1,156.0,12.307692307692308,17.241216701552016,2.0,2.0,4.0,14.0,86.0
2013-06-16,MON,NO2,1,156.0,16.96794871794872,9.698300397688493,5.0,10.0,15.0,22.0,53.0
2013-06-16,MON,NOX,1,156.0,29.256410256410255,22.742562568714515,7.0,13.0,20.0,41.25,109.0
2013-06-16,MON,O3,1,158.0,33.40506329113924,27.43400604314992,0.0,6.25,32.0,50.0,110.0
2013-06-16,MON,SO2,1,0.0,,,,,,,
2013-06-16,NEZ,CO,15,0.0,,,,,,,
2013-06-16,NEZ,NO,1,0.0,,,,,,,
2013-06-16,NEZ,NO2,1,0.0,,,,,,,
2013-06-16,NEZ,NOX,1,0.0,,,,,,,
2013-06-16,NEZ,O3,1,0.0,,,,,,,
2013-06-16,NEZ,PM2.5,2,0.0,,,,,,,
2013-06-16,NEZ,SO2,1,0.0,,,,,,,
2013-06-16,PED,CO,15,156.0,0.5814102564102566,0.30391095622481623,0.1,0.4,0.5,0.8,1.3
2013-06-16,PED,NO,1,156.0,12.333333333333334,15.086987913466205,1.0,2.0,6.0,17.0,85.0
2013-06-16,PED,NO2,1,156.0,29.80128205128205,11.779928184125728,9.0,21.75,29.0,37.0,62.0
2013-06-16,PED,NOX,1,156.0,42.15384615384615,22.516561316034895,10.0,25.0,37.5,57.25,118.0
2013-06-16,PED,O3,1,156.0,34.14102564102564,31.504930227167517,1.0,7.75,23.0,54.25,115.0
2013-06-16,PED,PM10,2,161.0,43.72049689440994,17.49078728221097,3.0,32.0,41.0,50.0,108.0
2013-06-16,PED,PM2.5,2,161.0,28.496894409937887,12.40469881919876,2.0,22.0,27.0,32.0,78.0
2013-06-16,PED,PMCO,2,161.0,15.236024844720497,6.876150383708814,2.0,10.0,15.0,20.0,33.0
2013-06-16,PED,SO2,1,156.0,3.519230769230769,3.768239349028039,1.0,2.0,2.0,4.0,24.0
2013-06-16,SAG,CO,15,0.0,,,,,,,
2013-06-16,SAG,NO,1,158.0,18.664556962025316,20.752595036714837,1.0,5.0,8.0,27.75,105.0
2013-06-16,SAG,NO2,1,158.0,25.563291139240505,10.504129333193497,5.0,19.0,24.0,31.0,67.0
2013-06-16,SAG,NOX,1,158.0,44.265822784810126,27.513613936858313,6.0,24.25,34.0,59.75,131.0
2013-06-16,SAG,O3,1,158.0,27.582278481012658,23.439368915515253,1.0,7.0,21.5,41.0,93.0
2013-06-16,SAG,PM10,2,159.0,43.471698113207545,21.277197433930645,5.0,29.0,38.0,55.0,111.0
2013-06-16,SAG,PM2.5,2,159.0,25.257861635220127,14.37614666267738,2.0,16.0,22.0,32.0,75.0
2013-06-16,SAG,PMCO,2,159.0,18.27672955974843,9.406375396362046,2.0,11.0,17.0,23.0,47.0
2013-06-16,SAG,SO2,1,158.0,6.132911392405063,11.892889504622865,0.0,2.0,3.0,4.0,111.0
2013-06-16,SFE,CO,15,152.0,0.6769736842105258,0.25121437370212046,0.2,0.5,0.6,0.8250000000000001,1.3
2013-06-16,SFE,NO,1,152.0,11.730263157894736,16.17535137124599,1.0,2.0,4.5,15.0,90.0
2013-06-16,SFE,NO2,1,152.0,26.42763157894737,9.552643941546394,8.0,20.0,27.0,33.0,54.0
2013-06-16,SFE,NOX,1,152.0,38.13157894736842,21.411355596593882,9.0,22.0,34.0,49.0,125.0
2013-06-16,SFE,O3,1,152.0,37.07236842105263,31.21302622742568,1.0,12.0,30.0,52.0,117.0
2013-06-16,SFE,PM10,2,148.0,39.229729729729726,18.879890534458184,10.0,26.0,34.0,51.0,101.0
2013-06-16,SFE,PM2.5,2,148.0,27.222972972972972,16.07077075730839,1.0,16.0,24.0,36.0,86.0
2013-06-16,SFE,PMCO,2,148.0,11.972972972972974,5.721359842576254,2.0,7.75,12.0,16.25,29.0
2013-06-16,SFE,SO2,1,152.0,2.3289473684210527,2.6713498727996936,0.0,1.0,1.5,3.0,16.0
2013-06-16,SJA,CO,15,156.0,0.7570512820512826,0.49135916559198234,0.1,0.4,0.6,1.0,2.2
2013-06-16,SJA,NO,1,78.0,19.58974358974359,31.125400283217928,0.0,2.0,6.0,19.0,146.0
2013-06-16,SJA,NO2,1,78.0,31.525641025641026,13.768705679084587,8.0,23.25,32.0,39.0,71.0
2013-06-16,SJA,NOX,1,78.0,51.05128205128205,37.97124593446359,8.0,26.25,39.0,70.0,186.0
2013-06-16,SJA,O3,1,156.0,26.044871794871796,28.18678320996194,0.0,2.0,16.0,41.5,103.0
2013-06-16,SJA,PM2.5,2,158.0,23.069620253164558,11.572049066612916,2.0,15.0,22.0,30.0,69.0
2013-06-16,SJA,SO2,1,156.0,4.903846153846154,5.472251227672145,1.0,2.0,3.0,5.0,33.0
2013-06-16,SUR,CO,15,161.0,1.1950310559006212,0.581033695476866,0.4,0.8,1.0,1.5,3.1
2013-06-16,SUR,NO,1,161.0,17.70186335403727,24.143540730518616,1.0,4.0,6.0,22.0,148.0
2013-06-16,SUR,NO2,1,161.0,34.559006211180126,14.661959589570937,11.0,24.0,33.0,42.0,81.0
2013-06-16,SUR,NOX,1,161.0,52.30434782608695,33.19695834678624,12.0,29.0,40.0,69.0,180.0
2013-06-16,SUR,O3,1,161.0,34.07453416149068,32.95272234486688,1.0,7.0,24.0,51.0,132.0
2013-06-16,SUR,PM10,2,157.0,31.121019108280255,17.0828862925141,1.0,18.0,28.0,40.0,97.0
2013-06-16,SUR,SO2,1,161.0,4.720496894409938,4.38778301099232,1.0,2.0,3.0,6.0,31.0
2013-06-16,TAH,CO,15,117.0,0.6512820512820512,0.3299987943069365,0.2,0.4,0.6,0.9,1.6
2013-06-16,TAH,NO,1,161.0,7.0,7.549006557157041,2.0,3.0,4.0,8.0,48.0
2013-06-16,TAH,NO2,1,161.0,20.91304347826087,11.1419204495611,5.0,12.0,19.0,27.0,55.0
2013-06-16,TAH,NOX,1,161.0,27.869565217391305,15.827638182457369,8.0,15.0,25.0,38.0,84.0
2013-06-16,TAH,O3,1,161.0,36.91304347826087,26.156832593117006,1.0,15.0,33.0,55.0,109.0
2013-06-16,TAH,PM10,2,156.0,31.66025641025641,16.92773894352938,2.0,20.75,29.0,41.0,94.0
2013-06-16,TAH,SO2,1,161.0,2.5031055900621118,2.9981749106800026,0.0,1.0,2.0,3.0,19.0
2013-06-16,TLA,CO,15,154.0,0.9941558441558439,0.47433985954296887,0.3,0.6,0.9,1.2,2.4
2013-06-16,TLA,NO,1,154.0,27.753246753246753,34.38826971461138,2.0,8.0,13.0,30.5,186.0
2013-06-16,TLA,NO2,1,154.0,36.993506493506494,10.67799444661395,14.0,30.0,36.0,44.75,69.0
2013-06-16,TLA,NOX,1,154.0,64.7012987012987,40.21854186085645,19.0,37.25,50.5,76.0,227.0
2013-06-16,TLA,O3,1,142.0,29.591549295774648,26.3689466327123,0.0,9.25,20.5,46.0,99.0
2013-06-16,TLA,PM10,2,158.0,54.4873417721519,21.78433298472676,7.0,37.0,51.0,70.5,111.0
2013-06-16,TLA,PM2.5,2,158.0,33.28481012658228,12.974787786957624,5.0,23.0,32.0,40.0,73.0
2013-06-16,TLA,PMCO,2,158.0,21.259493670886076,10.665845471157427,3.0,14.0,20.0,28.75,56.0
2013-06-16,TLA,SO2,1,154.0,9.837662337662337,13.473998576401621,2.0,4.0,5.0,9.0,99.0
2013-06-16,TLI,CO,15,154.0,0.6642857142857144,0.29719353335019394,0.2,0.4,0.6,0.8,1.7
2013-06-16,TLI,NO,1,159.0,13.377358490566039,20.690204141299482,0.0,2.0,4.0,17.5,125.0
2013-06-16,TLI,NO2,1,159.0,26.855345911949687,10.779631800144022,8.0,16.5,28.0,35.0,48.0
2013-06-16,TLI,NOX,1,159.0,40.18238993710692,27.5552047384174,10.0,19.0,35.0,53.0,168.0
2013-06-16,TLI,O3,1,159.0,29.37735849056604,24.388386747961412,1.0,8.5,22.0,45.5,93.0
2013-06-16,TLI,PM10,2,150.0,40.7,23.396710030866647,2.0,22.0,39.0,56.75,108.0
2013-06-16,TLI,SO2,1,159.0,10.90566037735849,15.953568884810934,2.0,3.0,5.0,9.0,101.0
2013-06-16,TPN,CO,15,0.0,,,,,,,
2013-06-16,TPN,NO,1,156.0,14.08974358974359,13.214054978169553,1.0,4.75,9.5,19.25,60.0
2013-06-16,TPN,NO2,1,156.0,19.942307692307693,12.214872153934838,3.0,11.0,18.0,27.0,66.0
2013-06-16,TPN,NOX,1,156.0,34.006410256410255,21.38962570209599,4.0,17.75,29.5,43.25,96.0
2013-06-16,TPN,O3,1,156.0,29.134615384615383,26.13885663725041,0.0,9.75,19.5,46.0,120.0
2013-06-16,TPN,SO2,1,156.0,1.8333333333333333,2.1397417189128025,0.0,1.0,1.0,3.0,13.0
2013-06-16,UAX,CO,15,156.0,1.0506410256410252,0.41309169408908825,0.5,0.8,0.95,1.3,2.4
2013-06-16,UAX,NO,1,156.0,13.282051282051283,16.561048303968725,1.0,2.75,5.0,17.5,80.0
2013-06-16,UAX,NO2,1,156.0,30.46153846153846,14.6372854064365,8.0,19.0,28.0,37.0,79.0
2013-06-16,UAX,NOX,1,156.0,43.69230769230769,26.707161147821047,10.0,22.75,37.0,57.0,128.0
2013-06-16,UAX,O3,1,92.0,36.141304347826086,29.454595910621528,1.0,11.75,29.0,58.0,114.0
2013-06-16,UAX,PM2.5,2,156.0,23.41025641025641,11.407904330951949,1.0,17.0,21.0,28.0,67.0
2013-06-16,UAX,SO2,1,156.0,3.301282051282051,4.391222728969418,1.0,1.0,2.0,4.0,32.0
2013-06-16,UIZ,CO,15,159.0,1.0238993710691824,0.5366868732662569,0.3,0.6,0.9,1.3,2.7
2013-06-16,UIZ,NO,1,159.0,19.849056603773583,24.9977691863543,1.0,2.5,9.0,26.0,134.0
2013-06-16,UIZ,NO2,1,159.0,34.57232704402516,15.611363566283837,10.0,24.0,32.0,44.5,86.0
2013-06-16,UIZ,NOX,1,159.0,54.38993710691824,34.7026996997599,11.0,26.5,45.0,75.5,171.0
2013-06-16,UIZ,O3,1,159.0,32.515723270440255,30.155263903462924,3.0,6.5,23.0,52.0,126.0
2013-06-16,UIZ,PM10,2,159.0,45.40880503144654,19.161278807142224,12.0,30.0,42.0,59.0,102.0
2013-06-16,UIZ,PM2.5,2,159.0,29.050314465408807,14.221484345492675,5.0,18.0,26.0,38.0,76.0
2013-06-16,UIZ,PMCO,2,159.0,16.32075471698113,7.496261308413178,2.0,11.0,16.0,21.0,37.0
2013-06-16,UIZ,SO2,1,159.0,5.471698113207547,5.5527519927597835,2.0,3.0,4.0,6.0,41.0
2013-06-16,VIF,CO,15,161.0,0.8068322981366458,0.3665931368019735,0.3,0.5,0.7,0.9,2.1
2013-06-16,VIF,NO,1,161.0,10.863354037267081,17.96541708895522,1.0,2.0,4.0,10.0,103.0
2013-06-16,VIF,NO2,1,161.0,21.695652173913043,10.209703398153193,5.0,13.0,22.0,28.0,51.0
2013-06-16,VIF,NOX,1,161.0,32.5527950310559,24.041344757812016,7.0,16.0,27.0,41.0,132.0
2013-06-16,VIF,O3,1,161.0,31.577639751552795,24.980402256457154,1.0,10.0,28.0,45.0,96.0
2013-06-16,VIF,PM10,2,153.0,49.30718954248366,32.61402689951049,4.0,28.0,43.0,62.0,202.0
2013-06-16,VIF,SO2,1,161.0,10.677018633540373,27.158700835200143,0.0,1.0,3.0,6.0,217.0
2013-06-16,XAL,CO,15,143.0,0.8055944055944058,0.5763870256596378,0.0,0.4,0.6,1.05,3.5
2013-06-16,XAL,NO,1,143.0,33.81818181818182,39.173258405903944,2.0,10.0,20.0,43.5,245.0
2013-06-16,XAL,NO2,1,143.0,34.36363636363637,12.540944465716667,9.0,25.0,33.0,41.5,80.0
2013-06-16,XAL,NOX,1,143.0,68.21678321678321,45.720698283723394,12.0,36.0,57.0,89.0,282.0
2013-06-16,XAL,O3,1,143.0,28.32867132867133,25.425609863965796,1.0,7.0,21.0,42.5,94.0
2013-06-16,XAL,PM10,2,132.0,62.265151515151516,31.789349565198634,4.0,41.0,59.5,76.75,166.0
2013-06-16,XAL,PM2.5,2,132.0,36.72727272727273,22.226828884845386,1.0,22.5,35.0,48.0,111.0
2013-06-16,XAL,PMCO,2,132.0,25.545454545454547,13.851096705477262,3.0,17.0,24.0,32.25,74.0
2013-06-16,XAL,SO2,1,120.0,5.716666666666667,4.367918438409058,2.0,4.0,5.0,6.0,31.0
2013-06-23,ACO,CO,15,151.0,0.20860927152317887,0.15617955365582437,0.0,0.1,0.2,0.25,1.2
2013-06-23,ACO,NO,1,151.0,6.33112582781457,11.332385364846852,0.0,1.0,2.0,5.0,78.0
2013-06-23,ACO,NO2,1,151.0,10.298013245033113,5.799764020471583,3.0,6.0,9.0,12.5,30.0
2013-06-23,ACO,NOX,1,151.0,16.582781456953644,15.63302385588237,5.0,8.0,11.0,17.0,101.0
2013-06-23,ACO,O3,1,151.0,25.99337748344371,16.40670460055552,2.0,14.0,24.0,34.0,75.0
2013-06-23,ACO,PM10,2,149.0,19.053691275167786,12.910704355615115,2.0,8.0,14.0,30.0,58.0
2013-06-23,ACO,SO2,1,151.0,2.271523178807947,1.2432954855782092,1.0,2.0,2.0,2.0,16.0
2013-06-23,ATI,CO,15,161.0,0.40310559006211166,0.25431829472347406,0.1,0.2,0.3,0.5,1.7
2013-06-23,ATI,NO,1,161.0,8.01863354037267,12.33362885046887,0.0,2.0,4.0,9.0,84.0
2013-06-23,ATI,NO2,1,161.0,16.391304347826086,6.29898197433867,6.0,12.0,16.0,20.0,37.0
2013-06-23,ATI,NOX,1,161.0,24.453416149068325,16.748488853684304,6.0,14.0,20.0,27.0,117.0
2013-06-23,ATI,O3,1,161.0,20.93167701863354,18.820575251437756,1.0,8.0,15.0,24.0,98.0
2013-06-23,ATI,PM10,2,153.0,30.666666666666668,22.67301897572716,1.0,12.0,25.0,42.0,106.0
2013-06-23,ATI,SO2,1,161.0,10.180124223602485,17.286515047414063,1.0,2.0,2.0,10.0,96.0
2013-06-23,CAM,CO,15,161.0,0.5838509316770187,0.3134287441185822,0.1,0.4,0.5,0.8,1.6
2013-06-23,CAM,NO,1,161.0,22.795031055900623,21.953108553352518,1.0,7.0,16.0,32.0,125.0
2013-06-23,CAM,NO2,1,161.0,24.73913043478261,7.543641145967271,11.0,20.0,23.0,30.0,43.0
2013-06-23,CAM,NOX,1,161.0,47.58385093167702,26.25870308255226,14.0,28.0,40.0,63.0,157.0
2013-06-23,CAM,O3,1,161.0,17.96894409937888,21.43111708481631,0.0,3.0,10.0,23.0,99.0
2013-06-23,CAM,PM10,2,159.0,34.81761006289308,18.327145028207784,7.0,22.0,29.0,42.5,98.0
2013-06-23,CAM,PM2.5,2,159.0,19.534591194968552,12.057761760000675,1.0,11.0,16.0,25.5,70.0
2013-06-23,CAM,PMCO,2,159.0,15.232704402515724,9.472274644651867,3.0,8.0,13.0,21.0,45.0
2013-06-23,CAM,SO2,1,161.0,6.6521739130434785,10.71229484608993,1.0,2.0,2.0,5.0,52.0
2013-06-23,CHO,CO,15,0.0,,,,,,,
2013-06-23,CHO,NO,1,156.0,15.647435897435898,23.1332199304529,1.0,4.0,7.0,17.0,152.0
2013-06-23,CHO,NO2,1,156.0,17.371794871794872,7.669140464701918,5.0,11.0,17.0,21.25,38.0
2013-06-23,CHO,NOX,1,156.0,33.08974358974359,26.467599619369516,8.0,16.75,25.0,39.0,174.0
2013-06-23,CHO,O3,1,156.0,21.19871794871795,21.256170222767988,0.0,3.75,13.5,27.25,75.0
2013-06-23,CHO,PM10,2,158.0,38.20253164556962,30.759548151218755,1.0,17.0,27.0,50.5,143.0
2013-06-23,CHO,SO2,1,0.0,,,,,,,
2013-06-23,COY,NO,1,158.0,21.170886075949365,21.894708384923145,0.0,4.0,13.0,33.0,102.0
2013-06-23,COY,NO2,1,158.0,24.265822784810126,9.070437542743038,6.0,18.0,23.0,29.0,49.0
2013-06-23,COY,NOX,1,158.0,45.41772151898734,27.68480812909644,8.0,24.0,37.5,61.75,135.0
2013-06-23,COY,O3,1,158.0,18.164556962025316,21.214362626522657,0.0,2.0,10.5,24.75,81.0
2013-06-23,COY,PM2.5,2,161.0,15.664596273291925,9.682422281755533,1.0,9.0,13.0,20.0,55.0
2013-06-23,CUA,CO,15,124.0,0.6774193548387091,0.2023595406384025,0.4,0.5,0.6,0.8,1.5
2013-06-23,CUA,NO,1,152.0,9.138157894736842,11.066355755024253,1.0,3.0,6.0,10.0,78.0
2013-06-23,CUA,NO2,1,152.0,16.50657894736842,6.971081904616982,5.0,11.0,15.0,21.0,35.0
2013-06-23,CUA,NOX,1,152.0,25.605263157894736,16.664654229612474,6.0,15.0,20.0,31.25,110.0
2013-06-23,CUA,O3,1,152.0,24.82894736842105,20.93280840591631,0.0,11.0,18.0,31.0,81.0
2013-06-23,CUA,PM10,2,139.0,23.27338129496403,14.959271157260948,1.0,11.5,21.0,32.5,71.0
2013-06-23,CUA,SO2,1,150.0,2.7466666666666666,4.690682849313219,0.0,1.0,1.0,2.0,25.0
2013-06-23,CUT,NO,1,0.0,,,,,,,
2013-06-23,CUT,NO2,1,0.0,,,,,,,
2013-06-23,CUT,NOX,1,0.0,,,,,,,
2013-06-23,CUT,O3,1,0.0,,,,,,,
2013-06-23,CUT,PM10,2,0.0,,,,,,,
2013-06-23,CUT,SO2,1,0.0,,,,,,,
2013-06-23,FAC,CO,15,161.0,0.5819875776397516,0.3396483841338281,0.1,0.3,0.5,0.7,1.7
2013-06-23,FAC,NO,1,161.0,18.161490683229815,21.376652164545675,1.0,5.0,10.0,21.0,117.0
2013-06-23,FAC,NO2,1,161.0,19.0,7.654247187019766,5.0,13.0,18.0,25.0,35.0
2013-06-23,FAC,NOX,1,161.0,37.161490683229815,26.853747555303613,6.0,20.0,30.0,43.0,145.0
2013-06-23,FAC,O3,1,161.0,22.242236024844722,20.66028085406741,1.0,8.0,15.0,28.0,97.0
2013-06-23,FAC,PM10,2,143.0,26.643356643356643,20.17333534832887,1.0,10.0,21.0,37.5,87.0
2013-06-23,FAC,SO2,1,161.0,7.22360248447205,11.140004014406513,1.0,2.0,3.0,7.0,79.0
2013-06-23,HGM,CO,15,156.0,0.5519230769230772,0.33048764631563105,0.1,0.3,0.4,0.7,1.7
2013-06-23,HGM,NO,1,156.0,22.25,21.12837108051941,0.0,5.0,15.5,36.0,97.0
2013-06-23,HGM,NO2,1,156.0,22.307692307692307,9.042990787462626,5.0,16.0,20.0,28.0,52.0
2013-06-23,HGM,NOX,1,156.0,44.6474358974359,26.356808384583868,7.0,23.0,37.0,62.25,134.0
2013-06-23,HGM,O3,1,156.0,18.44871794871795,21.913111371018122,0.0,2.0,10.0,25.25,90.0
2013-06-23,HGM,PM10,2,147.0,30.64625850340136,22.021721132980186,6.0,16.0,25.0,39.0,125.0
2013-06-23,HGM,PM2.5,2,147.0,18.1156462585034,17.21003092608347,1.0,8.0,14.0,22.0,100.0
2013-06-23,HGM,PMCO,2,147.0,12.496598639455783,7.598101916601709,2.0,7.0,10.0,17.0,34.0
2013-06-23,HGM,SO2,1,156.0,5.647435897435898,8.560075736158389,1.0,2.0,3.0,5.0,59.0
2013-06-23,IZT,CO,15,161.0,0.7850931677018639,0.3796727505570131,0.2,0.5,0.7,1.0,1.9
2013-06-23,IZT,NO,1,161.0,23.099378881987576,23.182214348758865,1.0,5.0,14.0,36.0,96.0
2013-06-23,IZT,NO2,1,161.0,25.51552795031056,9.237901270081665,11.0,20.0,23.0,30.0,72.0
2013-06-23,IZT,NOX,1,161.0,48.608695652173914,28.269500772264152,12.0,27.0,40.0,68.0,131.0
2013-06-23,IZT,O3,1,161.0,18.770186335403725,22.523112697628235,0.0,2.0,10.0,25.0,93.0
2013-06-23,IZT,PM10,2,161.0,24.956521739130434,13.823145366597535,3.0,14.0,21.0,34.0,68.0
2013-06-23,IZT,SO2,1,161.0,3.62111801242236,5.397851539477167,0.0,1.0,2.0,3.0,30.0
2013-06-23,LLA,CO,15,0.0,,,,,,,
2013-06-23,LLA,NO,1,155.0,18.72258064516129,22.21399333281912,1.0,5.0,10.0,26.0,152.0
2013-06-23,LLA,NO2,1,155.0,20.322580645161292,8.716259983629469,5.0,13.0,19.0,27.0,45.0
2013-06-23,LLA,NOX,1,155.0,39.019354838709674,28.16128662749856,8.0,19.0,29.0,54.0,185.0
2013-06-23,LLA,O3,1,155.0,18.54193548387097,18.0677795693671,0.0,5.0,13.0,25.0,70.0
2013-06-23,LLA,SO2,1,155.0,2.890322580645161,5.4099088284027,0.0,1.0,1.0,2.0,36.0
2013-06-23,LPR,CO,15,0.0,,,,,,,
2013-06-23,LPR,NO,1,154.0,17.175324675324674,19.586954814710353,1.0,5.25,11.0,20.75,124.0
2013-06-23,LPR,NO2,1,154.0,17.545454545454547,9.939089600140434,3.0,10.0,14.5,23.0,53.0
2013-06-23,LPR,NOX,1,154.0,34.753246753246756,26.93694202389807,4.0,17.0,25.0,44.75,166.0
2013-06-23,LPR,O3,1,154.0,25.22077922077922,19.261953000040645,2.0,11.0,21.0,34.75,85.0
2013-06-23,LPR,SO2,1,154.0,2.7142857142857144,3.6919171308197534,1.0,1.0,2.0,2.0,31.0
2013-06-23,MER,CO,15,130.0,1.0815384615384618,0.5291187078873456,0.3,0.6,1.0,1.4,2.5
2013-06-23,MER,NO,1,153.0,30.934640522875817,28.91586552364927,1.0,8.0,21.0,45.0,149.0
2013-06-23,MER,NO2,1,153.0,28.026143790849673,9.7979238619977,12.0,22.0,25.0,34.0,74.0
2013-06-23,MER,NOX,1,153.0,58.99346405228758,34.0938134401988,14.0,33.0,52.0,81.0,184.0
2013-06-23,MER,O3,1,154.0,17.7012987012987,21.89670637188018,0.0,2.0,8.5,23.75,100.0
2013-06-23,MER,PM10,2,159.0,34.534591194968556,18.245436354739738,5.0,20.0,32.0,43.5,89.0
2013-06-23,MER,PM2.5,2,159.0,16.32704402515723,10.16104303884645,1.0,9.0,14.0,21.0,53.0
2013-06-23,MER,PMCO,2,159.0,18.20125786163522,10.593035611714956,3.0,10.0,16.0,24.0,56.0
2013-06-23,MER,SO2,1,153.0,4.137254901960785,4.940513002781206,1.0,2.0,2.0,4.0,30.0
2013-06-23,MON,CO,15,0.0,,,,,,,
2013-06-23,MON,NO,1,161.0,8.316770186335404,15.140765486034905,1.0,2.0,3.0,7.0,104.0
2013-06-23,MON,NO2,1,161.0,12.198757763975156,8.006106947025188,3.0,6.0,10.0,17.0,41.0
2013-06-23,MON,NOX,1,161.0,20.527950310559007,20.194696739429283,5.0,8.0,13.0,25.0,121.0
2013-06-23,MON,O3,1,161.0,24.1055900621118,20.474558140675477,0.0,7.0,20.0,34.0,80.0
2013-06-23,MON,SO2,1,0.0,,,,,,,
2013-06-23,NEZ,CO,15,0.0,,,,,,,
2013-06-23,NEZ,NO,1,0.0,,,,,,,
2013-06-23,NEZ,NO2,1,0.0,,,,,,,
2013-06-23,NEZ,NOX,1,0.0,,,,,,,
2013-06-23,NEZ,O3,1,0.0,,,,,,,
2013-06-23,NEZ,PM2.5,2,0.0,,,,,,,
2013-06-23,NEZ,SO2,1,0.0,,,,,,,
2013-06-23,PED,CO,15,156.0,0.3179487179487182,0.22589954361352169,0.0,0.1,0.3,0.4,1.0
2013-06-23,PED,NO,1,156.0,10.897435897435898,11.124619304645162,1.0,2.0,7.0,16.0,63.0
2013-06-23,PED,NO2,1,156.0,20.58974358974359,8.356470774483531,5.0,14.0,20.0,26.0,41.0
2013-06-23,PED,NOX,1,156.0,31.455128205128204,17.29416942534361,6.0,18.75,28.5,42.0,95.0
2013-06-23,PED,O3,1,156.0,22.653846153846153,23.398829263835268,1.0,5.0,14.0,30.0,105.0
2013-06-23,PED,PM10,2,134.0,31.35820895522388,16.259365368352274,5.0,19.0,29.0,41.75,76.0
2013-06-23,PED,PM2.5,2,134.0,17.425373134328357,10.058009837428038,1.0,10.0,15.0,22.0,56.0
2013-06-23,PED,PMCO,2,134.0,13.940298507462687,9.461247588202145,2.0,6.0,12.0,20.0,38.0
2013-06-23,PED,SO2,1,156.0,2.75,4.036326979305686,1.0,1.0,1.0,3.0,28.0
2013-06-23,SAG,CO,15,0.0,,,,,,,
2013-06-23,SAG,NO,1,152.0,17.74342105263158,20.126914111770834,1.0,6.0,11.0,24.0,120.0
2013-06-23,SAG,NO2,1,152.0,18.79605263157895,7.93628502995462,5.0,13.0,18.0,24.0,42.0
2013-06-23,SAG,NOX,1,152.0,36.58552631578947,25.065858703998938,7.0,19.75,29.0,49.5,146.0
2013-06-23,SAG,O3,1,152.0,19.30263157894737,16.924076456039106,1.0,6.0,15.5,26.0,74.0
2013-06-23,SAG,PM10,2,147.0,30.01360544217687,15.613037401855886,6.0,19.5,28.0,37.0,89.0
2013-06-23,SAG,PM2.5,2,147.0,13.843537414965986,9.842388534218815,1.0,7.0,12.0,17.0,64.0
2013-06-23,SAG,PMCO,2,147.0,16.1156462585034,8.659081072763712,3.0,10.0,14.0,20.5,54.0
2013-06-23,SAG,SO2,1,152.0,1.6710526315789473,4.815505194198966,0.0,0.0,1.0,1.0,39.0
2013-06-23,SFE,CO,15,154.0,0.5272727272727273,0.18338599146531348,0.3,0.4,0.5,0.6,1.1
2013-06-23,SFE,NO,1,154.0,8.14935064935065,11.904732110988943,1.0,2.0,4.0,9.0,86.0
2013-06-23,SFE,NO2,1,154.0,17.883116883116884,7.33239570828323,5.0,12.0,17.0,22.75,35.0
2013-06-23,SFE,NOX,1,154.0,26.01948051948052,17.198370031910564,6.0,15.0,21.0,33.0,117.0
2013-06-23,SFE,O3,1,154.0,26.948051948051948,24.01464482591676,1.0,10.0,19.5,33.75,100.0
2013-06-23,SFE,PM10,2,146.0,24.746575342465754,18.002226545753416,2.0,12.25,20.0,31.0,90.0
2013-06-23,SFE,PM2.5,2,146.0,15.068493150684931,12.391130050186808,1.0,8.0,11.0,18.0,72.0
2013-06-23,SFE,PMCO,2,146.0,9.664383561643836,7.478039017577909,1.0,4.0,7.0,15.0,30.0
2013-06-23,SFE,SO2,1,154.0,1.9545454545454546,4.270802084577644,0.0,0.0,0.0,2.0,23.0
2013-06-23,SJA,CO,15,152.0,0.47039473684210514,0.3382539536955316,0.1,0.2,0.4,0.6,1.8
2013-06-23,SJA,NO,1,118.0,16.923728813559322,20.390276205948986,0.0,3.0,7.0,22.75,89.0
2013-06-23,SJA,NO2,1,118.0,21.093220338983052,8.822065661296811,6.0,15.0,20.0,26.75,48.0
2013-06-23,SJA,NOX,1,118.0,38.0,26.57966577063437,6.0,18.0,29.0,50.75,123.0
2013-06-23,SJA,O3,1,152.0,20.11842105263158,21.39008070244949,0.0,2.0,14.0,30.25,94.0
2013-06-23,SJA,PM2.5,2,146.0,13.67123287671233,8.726582132250387,1.0,8.0,13.0,17.0,47.0
2013-06-23,SJA,SO2,1,152.0,2.7039473684210527,3.9748194440886966,0.0,1.0,2.0,2.0,27.0
2013-06-23,SUR,CO,15,155.0,0.893548387096774,0.44933969150050745,0.1,0.55,0.9,1.1,2.1
2013-06-23,SUR,NO,1,155.0,16.509677419354837,16.39542529715185,0.0,4.0,11.0,25.0,78.0
2013-06-23,SUR,NO2,1,155.0,23.73548387096774,9.517637365994899,6.0,17.5,23.0,30.0,55.0
2013-06-23,SUR,NOX,1,155.0,40.23225806451613,22.571335503830454,7.0,22.5,36.0,56.5,109.0
2013-06-23,SUR,O3,1,155.0,22.058064516129033,24.167768250370223,1.0,4.0,13.0,30.0,94.0
2013-06-23,SUR,PM10,2,150.0,24.78,18.865781672668778,1.0,10.0,22.0,33.75,106.0
2013-06-23,SUR,SO2,1,155.0,3.8516129032258064,4.114897780660773,1.0,2.0,2.0,4.0,25.0
2013-06-23,TAH,CO,15,0.0,,,,,,,
2013-06-23,TAH,NO,1,156.0,8.673076923076923,8.818721625985557,2.0,3.0,4.5,10.25,47.0
2013-06-23,TAH,NO2,1,156.0,17.94871794871795,7.514969896099962,3.0,12.0,18.0,23.0,41.0
2013-06-23,TAH,NOX,1,156.0,26.66025641025641,14.188362698453332,6.0,16.0,23.0,33.0,77.0
2013-06-23,TAH,O3,1,156.0,24.724358974358974,21.928203585557586,0.0,8.0,19.0,32.0,90.0
2013-06-23,TAH,PM10,2,138.0,26.666666666666668,18.72869430226357,3.0,11.0,22.0,40.5,79.0
2013-06-23,TAH,SO2,1,156.0,1.6602564102564104,2.318221773664912,0.0,1.0,1.0,1.0,17.0
2013-06-23,TLA,CO,15,111.0,0.727927927927928,0.3125179765509269,0.2,0.5,0.7,0.9,1.6
2013-06-23,TLA,NO,1,111.0,20.936936936936938,15.334618754652244,2.0,9.0,18.0,30.0,69.0
2013-06-23,TLA,NO2,1,111.0,24.35135135135135,6.972215832272667,10.0,19.5,23.0,29.0,41.0
2013-06-23,TLA,NOX,1,111.0,45.171171171171174,20.035365946642663,12.0,30.0,43.0,57.5,105.0
2013-06-23,TLA,O3,1,100.0,15.5,18.36746134781931,0.0,3.0,10.0,18.25,96.0
2013-06-23,TLA,PM10,2,127.0,34.7007874015748,19.573352050330815,6.0,21.5,31.0,43.0,98.0
2013-06-23,TLA,PM2.5,2,127.0,18.015748031496063,11.095533387014678,3.0,10.5,15.0,21.5,56.0
2013-06-23,TLA,PMCO,2,127.0,16.68503937007874,10.065421546618706,1.0,10.0,15.0,20.5,44.0
2013-06-23,TLA,SO2,1,111.0,5.5675675675675675,5.585080159954766,2.0,3.0,4.0,6.0,39.0
2013-06-23,TLI,CO,15,150.0,0.5073333333333332,0.18358717427773683,0.3,0.4,0.5,0.6,1.1
2013-06-23,TLI,NO,1,161.0,8.22360248447205,10.754635718656107,0.0,2.0,4.0,11.0,75.0
2013-06-23,TLI,NO2,1,161.0,16.53416149068323,6.96332450764416,6.0,11.0,15.0,21.0,35.0
2013-06-23,TLI,NOX,1,161.0,24.770186335403725,15.769927253797405,7.0,14.0,19.0,32.0,102.0
2013-06-23,TLI,O3,1,161.0,21.403726708074533,20.03477566694583,1.0,6.0,16.0,26.0,90.0
2013-06-23,TLI,PM10,2,139.0,28.73381294964029,20.646990004008536,1.0,14.5,22.0,39.0,87.0
2013-06-23,TLI,SO2,1,161.0,8.149068322981366,13.962544171874724,1.0,2.0,2.0,5.0,79.0
2013-06-23,TPN,CO,15,0.0,,,,,,,
2013-06-23,TPN,NO,1,157.0,15.834394904458598,12.106814744320955,1.0,6.0,14.0,22.0,65.0
2013-06-23,TPN,NO2,1,157.0,16.29299363057325,8.188689155371117,3.0,10.0,15.0,20.0,44.0
2013-06-23,TPN,NOX,1,157.0,32.11464968152866,16.927813614129125,5.0,19.0,31.0,42.0,84.0
2013-06-23,TPN,O3,1,157.0,20.121019108280255,20.467406960157646,0.0,6.0,14.0,26.0,82.0
2013-06-23,TPN,SO2,1,157.0,1.8598726114649682,2.869956219459957,0.0,1.0,1.0,1.0,18.0
2013-06-23,UAX,CO,15,150.0,0.6499999999999999,0.3255867187239001,0.2,0.4,0.6,0.9,1.4
2013-06-23,UAX,NO,1,150.0,12.713333333333333,15.929516171516727,0.0,2.0,6.0,18.0,90.0
2013-06-23,UAX,NO2,1,150.0,22.893333333333334,10.024230152814706,6.0,15.25,22.0,28.0,62.0
2013-06-23,UAX,NOX,1,150.0,35.60666666666667,22.04354953410725,7.0,19.0,30.5,49.5,118.0
2013-06-23,UAX,O3,1,0.0,,,,,,,
2013-06-23,UAX,PM2.5,2,151.0,14.43046357615894,8.850242884633046,1.0,8.0,14.0,19.0,52.0
2013-06-23,UAX,SO2,1,150.0,2.7533333333333334,3.947536257666663,1.0,1.0,1.0,2.0,25.0
2013-06-23,UIZ,CO,15,151.0,0.7913907284768209,0.4389290599251764,0.2,0.4,0.7,1.1,2.2
2013-06-23,UIZ,NO,1,151.0,21.43046357615894,22.73221207413974,0.0,3.0,11.0,36.0,92.0
2013-06-23,UIZ,NO2,1,151.0,26.08609271523179,9.458640069517388,7.0,19.5,25.0,32.0,57.0
2013-06-23,UIZ,NOX,1,151.0,47.50993377483444,28.21225916740661,10.0,24.0,41.0,68.0,127.0
2013-06-23,UIZ,O3,1,151.0,22.039735099337747,23.547931485858655,1.0,5.0,12.0,29.0,91.0
2013-06-23,UIZ,PM10,2,152.0,29.57236842105263,18.05642443086685,4.0,15.0,27.0,38.25,90.0
2013-06-23,UIZ,PM2.5,2,152.0,15.05921052631579,10.086535220286853,1.0,9.0,14.0,19.0,57.0
2013-06-23,UIZ,PMCO,2,152.0,14.493421052631579,10.665284843907038,2.0,6.0,10.5,21.0,53.0
2013-06-23,UIZ,SO2,1,151.0,3.9536423841059603,4.046953995858072,1.0,2.0,3.0,4.0,29.0
2013-06-23,VIF,CO,15,159.0,0.5666666666666663,0.22716376367595728,0.3,0.4,0.5,0.6,1.5
2013-06-23,VIF,NO,1,159.0,6.421383647798742,8.346441406333073,1.0,2.0,4.0,7.0,69.0
2013-06-23,VIF,NO2,1,159.0,12.61006289308176,7.628985324709111,4.0,7.0,11.0,15.5,38.0
2013-06-23,VIF,NOX,1,159.0,19.0062893081761,14.261791415227867,5.0,10.0,15.0,22.0,96.0
2013-06-23,VIF,O3,1,159.0,23.547169811320753,18.341244285471372,1.0,10.5,20.0,29.5,79.0
2013-06-23,VIF,PM10,2,143.0,33.71328671328671,25.562853324841456,1.0,14.0,27.0,47.5,114.0
2013-06-23,VIF,SO2,1,159.0,3.610062893081761,9.23731559291486,0.0,0.0,0.0,1.5,68.0
2013-06-23,XAL,CO,15,152.0,0.4960526315789474,0.46619235136352244,0.0,0.2,0.4,0.7,3.2
2013-06-23,XAL,NO,1,152.0,28.81578947368421,31.812035094536903,2.0,11.75,20.0,35.0,238.0
2013-06-23,XAL,NO2,1,152.0,22.05263157894737,9.04937850391261,7.0,15.0,19.5,27.0,53.0
2013-06-23,XAL,NOX,1,152.0,50.875,37.18529092164202,9.0,29.0,39.0,64.5,270.0
2013-06-23,XAL,O3,1,152.0,22.026315789473685,18.65402939921477,1.0,8.5,17.0,31.0,83.0
2013-06-23,XAL,PM10,2,115.0,43.65217391304348,26.07514225231112,8.0,29.0,40.0,51.5,170.0
2013-06-23,XAL,PM2.5,2,115.0,20.8,13.008903833427643,1.0,11.5,20.0,28.5,77.0
2013-06-23,XAL,PMCO,2,115.0,22.878260869565217,16.628630892828987,2.0,12.0,20.0,27.0,115.0
2013-06-23,XAL,SO2,1,146.0,4.205479452054795,4.970142311456136,1.0,3.0,3.0,4.0,33.0
2013-06-30,ACO,CO,15,155.0,0.3148387096774196,0.1959968023815154,0.1,0.2,0.3,0.4,1.0
2013-06-30,ACO,NO,1,155.0,9.219354838709677,12.96512353016711,0.0,1.5,3.0,11.0,74.0
2013-06-30,ACO,NO2,1,155.0,14.980645161290322,8.384796822993522,3.0,8.0,14.0,19.0,44.0
2013-06-30,ACO,NOX,1,155.0,24.219354838709677,17.94083746461445,4.0,10.0,19.0,35.0,93.0
2013-06-30,ACO,O3,1,155.0,30.4,22.885258681847265,2.0,8.0,26.0,51.0,86.0
2013-06-30,ACO,PM10,2,160.0,25.74375,11.021560844958367,2.0,17.0,25.0,33.0,63.0
2013-06-30,ACO,SO2,1,153.0,2.915032679738562,2.0063967192401506,2.0,2.0,2.0,3.0,16.0
2013-06-30,ATI,CO,15,101.0,0.4940594059405941,0.29251385682672126,0.0,0.3,0.5,0.7,1.7
2013-06-30,ATI,NO,1,157.0,7.8152866242038215,10.95493195104084,0.0,2.0,3.0,9.0,68.0
2013-06-30,ATI,NO2,1,157.0,18.159235668789808,6.613418327624187,4.0,12.0,17.0,23.0,35.0
2013-06-30,ATI,NOX,1,157.0,25.923566878980893,14.131044838279301,4.0,15.0,25.0,33.0,85.0
2013-06-30,ATI,O3,1,157.0,28.43949044585987,24.965704060287784,0.0,9.0,20.0,45.0,100.0
2013-06-30,ATI,PM10,2,158.0,31.588607594936708,18.350143527384482,1.0,17.25,30.0,44.0,89.0
2013-06-30,ATI,SO2,1,157.0,5.687898089171974,6.673573508560684,1.0,2.0,3.0,5.0,42.0
2013-06-30,CAM,CO,15,158.0,0.6550632911392406,0.3637293506918356,0.2,0.4,0.6,0.8,2.4
2013-06-30,CAM,NO,1,77.0,33.23376623376623,35.86924210308738,4.0,10.0,19.0,43.0,164.0
2013-06-30,CAM,NO2,1,77.0,30.714285714285715,7.481305020651816,14.0,27.0,31.0,35.0,48.0
2013-06-30,CAM,NOX,1,77.0,63.94805194805195,36.848157885791416,19.0,40.0,53.0,72.0,186.0
2013-06-30,CAM,O3,1,158.0,25.367088607594937,28.12627450595714,1.0,1.25,13.0,42.0,113.0
2013-06-30,CAM,PM10,2,154.0,41.33766233766234,17.574945319868,11.0,28.25,38.0,53.0,91.0
2013-06-30,CAM,PM2.5,2,154.0,22.25974025974026,11.994445988565579,1.0,14.25,20.0,29.0,68.0
2013-06-30,CAM,PMCO,2,154.0,19.038961038961038,8.364946403012368,5.0,13.0,18.0,25.0,42.0
2013-06-30,CAM,SO2,1,158.0,4.544303797468355,5.810812386836918,1.0,2.0,2.0,4.0,36.0
2013-06-30,CHO,CO,15,0.0,,,,,,,
2013-06-30,CHO,NO,1,160.0,15.76875,27.125893748137035,1.0,4.0,6.0,12.25,164.0
2013-06-30,CHO,NO2,1,160.0,15.6375,6.872136338987696,4.0,9.75,15.5,20.0,41.0
2013-06-30,CHO,NOX,1,160.0,31.36875,30.460743243243698,6.0,15.0,21.0,37.25,199.0
2013-06-30,CHO,O3,1,160.0,30.34375,23.15059988763213,0.0,10.75,28.0,44.0,97.0
2013-06-30,CHO,PM10,2,158.0,36.68987341772152,21.749852301638985,3.0,21.0,32.5,47.0,112.0
2013-06-30,CHO,SO2,1,0.0,,,,,,,
2013-06-30,COY,NO,1,160.0,19.925,27.88172458865726,1.0,3.0,7.5,23.5,157.0
2013-06-30,COY,NO2,1,160.0,28.1125,11.339798840184473,4.0,19.0,28.0,34.0,64.0
2013-06-30,COY,NOX,1,160.0,48.05625,32.96524697103958,6.0,24.0,38.0,62.25,184.0
2013-06-30,COY,O3,1,160.0,27.15,26.92972452315623,0.0,4.0,18.0,43.25,96.0
2013-06-30,COY,PM2.5,2,159.0,19.534591194968552,10.790748425031833,1.0,11.5,17.0,23.0,54.0
2013-06-30,CUA,CO,15,147.0,0.7476190476190475,0.19385538082756223,0.5,0.6,0.7,0.8,1.6
2013-06-30,CUA,NO,1,147.0,10.646258503401361,15.275911165384493,1.0,3.5,5.0,11.0,100.0
2013-06-30,CUA,NO2,1,147.0,19.836734693877553,6.638452551494635,6.0,16.0,19.0,24.0,43.0
2013-06-30,CUA,NOX,1,147.0,30.517006802721088,19.70131549098425,8.0,20.0,26.0,35.0,142.0
2013-06-30,CUA,O3,1,147.0,31.86394557823129,27.404289099301838,0.0,11.0,25.0,43.0,123.0
2013-06-30,CUA,PM10,2,141.0,24.914893617021278,12.776367336220037,1.0,16.0,23.0,33.0,59.0
2013-06-30,CUA,SO2,1,147.0,2.993197278911565,4.414323818647975,0.0,1.0,1.0,3.0,32.0
2013-06-30,CUT,NO,1,0.0,,,,,,,
2013-06-30,CUT,NO2,1,0.0,,,,,,,
2013-06-30,CUT,NOX,1,0.0,,,,,,,
2013-06-30,CUT,O3,1,0.0,,,,,,,
2013-06-30,CUT,PM10,2,0.0,,,,,,,
2013-06-30,CUT,SO2,1,0.0,,,,,,,
2013-06-30,FAC,CO,15,161.0,0.665217391304348,0.3747100328195819,0.2,0.4,0.6,0.8,2.3
2013-06-30,FAC,NO,1,160.0,20.7,26.736967083142222,1.0,6.0,11.0,23.0,152.0
2013-06-30,FAC,NO2,1,160.0,23.08125,9.047722445264384,7.0,17.0,21.0,27.25,50.0
2013-06-30,FAC,NOX,1,160.0,43.7625,29.64368854309888,9.0,25.75,34.0,52.75,170.0
2013-06-30,FAC,O3,1,161.0,28.832298136645964,24.970291354138407,1.0,7.0,22.0,44.0,92.0
2013-06-30,FAC,PM10,2,152.0,28.92105263157895,17.211780316576366,1.0,16.0,26.0,40.0,83.0
2013-06-30,FAC,SO2,1,161.0,6.416149068322981,7.213320149393052,2.0,2.0,3.0,7.0,44.0
2013-06-30,HGM,CO,15,156.0,0.4224358974358975,0.3066097062934946,0.0,0.2,0.3,0.6,1.3
2013-06-30,HGM,NO,1,156.0,19.634615384615383,24.017221385433473,1.0,3.0,7.0,30.5,117.0
2013-06-30,HGM,NO2,1,156.0,26.75,10.099904183512288,5.0,19.0,26.5,33.0,63.0
2013-06-30,HGM,NOX,1,156.0,46.37179487179487,30.146998555725936,8.0,23.0,37.0,63.0,148.0
2013-06-30,HGM,O3,1,156.0,26.358974358974358,26.403799511030485,0.0,3.75,16.5,44.25,93.0
2013-06-30,HGM,PM10,2,144.0,38.84027777777778,19.910521235426156,8.0,24.0,35.0,51.25,112.0
2013-06-30,HGM,PM2.5,2,144.0,23.180555555555557,17.094821028103976,1.0,12.0,18.0,30.0,91.0
2013-06-30,HGM,PMCO,2,144.0,15.652777777777779,6.961753099328228,4.0,10.0,15.0,20.0,35.0
2013-06-30,HGM,SO2,1,156.0,5.044871794871795,5.2992305573155045,1.0,2.0,3.0,6.0,30.0
2013-06-30,IZT,CO,15,158.0,0.8145569620253162,0.4628664427979405,0.2,0.525,0.7,0.9,3.2
2013-06-30,IZT,NO,1,158.0,25.651898734177216,33.4979659455092,1.0,6.0,10.0,33.75,188.0
2013-06-30,IZT,NO2,1,158.0,31.544303797468356,9.594049998415027,10.0,25.0,31.0,37.0,70.0
2013-06-30,IZT,NOX,1,158.0,57.18987341772152,37.604910896726686,17.0,34.0,42.0,71.5,213.0
2013-06-30,IZT,O3,1,158.0,24.89873417721519,26.452021191944468,0.0,3.0,14.0,45.0,89.0
2013-06-30,IZT,PM10,2,158.0,30.99367088607595,12.610023732756243,11.0,22.0,29.0,39.0,69.0
2013-06-30,IZT,SO2,1,158.0,3.348101265822785,3.6728080081647563,0.0,1.0,2.0,4.0,26.0
2013-06-30,LLA,CO,15,0.0,,,,,,,
2013-06-30,LLA,NO,1,161.0,24.422360248447205,30.257362689011906,1.0,4.0,12.0,33.0,154.0
2013-06-30,LLA,NO2,1,161.0,25.63975155279503,9.846669992331835,7.0,17.0,26.0,33.0,55.0
2013-06-30,LLA,NOX,1,161.0,50.08695652173913,35.75199143130838,9.0,21.0,40.0,70.0,182.0
2013-06-30,LLA,O3,1,161.0,25.540372670807454,25.44552853371783,0.0,4.0,16.0,43.0,88.0
2013-06-30,LLA,SO2,1,161.0,4.670807453416149,13.070853260936879,0.0,1.0,1.0,3.0,123.0
2013-06-30,LPR,CO,15,0.0,,,,,,,
2013-06-30,LPR,NO,1,159.0,22.67924528301887,25.423830332856713,1.0,6.0,14.0,28.5,142.0
2013-06-30,LPR,NO2,1,159.0,26.245283018867923,11.535699668844243,6.0,16.5,27.0,34.0,57.0
2013-06-30,LPR,NOX,1,159.0,49.0062893081761,32.91271480199241,7.0,23.0,42.0,67.0,171.0
2013-06-30,LPR,O3,1,159.0,30.37735849056604,26.274278524169,2.0,5.5,24.0,48.5,95.0
2013-06-30,LPR,SO2,1,159.0,4.069182389937107,6.306636545509528,1.0,1.0,2.0,3.0,39.0
2013-06-30,MER,CO,15,104.0,1.013461538461538,0.503397716167118,0.5,0.6,0.9,1.3,2.5
2013-06-30,MER,NO,1,149.0,28.100671140939596,31.422307656590814,1.0,6.0,15.0,36.0,147.0
2013-06-30,MER,NO2,1,149.0,33.97315436241611,10.465481425584516,12.0,27.0,34.0,40.0,73.0
2013-06-30,MER,NOX,1,149.0,62.18120805369127,36.870858208309066,15.0,33.0,52.0,77.0,180.0
2013-06-30,MER,O3,1,149.0,24.758389261744966,26.36096905047089,1.0,2.0,15.0,39.0,98.0
2013-06-30,MER,PM10,2,154.0,43.11038961038961,16.683740935770892,15.0,31.0,39.5,53.75,96.0
2013-06-30,MER,PM2.5,2,154.0,21.246753246753247,10.30153975946504,2.0,14.0,19.0,25.75,52.0
2013-06-30,MER,PMCO,2,154.0,21.915584415584416,8.743214959393415,6.0,16.0,21.0,27.0,44.0
2013-06-30,MER,SO2,1,144.0,3.826388888888889,2.9691416694563864,1.0,2.0,3.0,5.0,20.0
2013-06-30,MON,CO,15,0.0,,,,,,,
2013-06-30,MON,NO,1,157.0,10.503184713375797,21.76053361307846,0.0,1.0,2.0,7.0,140.0
2013-06-30,MON,NO2,1,157.0,13.872611464968152,6.885255627760764,3.0,8.0,12.0,18.0,38.0
2013-06-30,MON,NOX,1,157.0,24.445859872611464,25.113178403864787,4.0,10.0,15.0,29.0,161.0
2013-06-30,MON,O3,1,157.0,32.12101910828026,24.416616430806286,0.0,9.0,30.0,52.0,87.0
2013-06-30,MON,SO2,1,0.0,,,,,,,
2013-06-30,NEZ,CO,15,0.0,,,,,,,
2013-06-30,NEZ,NO,1,0.0,,,,,,,
2013-06-30,NEZ,NO2,1,0.0,,,,,,,
2013-06-30,NEZ,NOX,1,0.0,,,,,,,
2013-06-30,NEZ,O3,1,0.0,,,,,,,
2013-06-30,NEZ,PM2.5,2,0.0,,,,,,,
2013-06-30,NEZ,SO2,1,0.0,,,,,,,
2013-06-30,PED,CO,15,151.0,0.37152317880794705,0.23927041423006706,0.0,0.2,0.3,0.5,1.3
2013-06-30,PED,NO,1,151.0,11.066225165562914,16.369756208395316,1.0,2.0,4.0,11.0,81.0
2013-06-30,PED,NO2,1,151.0,21.920529801324502,9.072686613352516,4.0,15.0,21.0,27.5,48.0
2013-06-30,PED,NOX,1,151.0,32.973509933774835,21.299122679856257,5.0,18.0,28.0,41.0,112.0
2013-06-30,PED,O3,1,85.0,35.01176470588236,28.427641694747212,1.0,13.0,27.0,53.0,112.0
2013-06-30,PED,PM10,2,130.0,31.884615384615383,16.626137364083515,7.0,19.0,27.0,41.0,77.0
2013-06-30,PED,PM2.5,2,130.0,17.346153846153847,10.287880684008535,2.0,10.25,14.0,21.75,45.0
2013-06-30,PED,PMCO,2,130.0,14.553846153846154,7.60565022368141,3.0,8.0,13.5,20.0,44.0
2013-06-30,PED,SO2,1,151.0,3.2317880794701987,3.5278769982512532,1.0,1.0,2.0,3.0,19.0
2013-06-30,SAG,CO,15,0.0,,,,,,,
2013-06-30,SAG,NO,1,151.0,20.251655629139073,24.08684801381488,3.0,5.0,10.0,24.5,125.0
2013-06-30,SAG,NO2,1,151.0,24.211920529801326,8.688390162757948,9.0,18.0,24.0,31.0,46.0
2013-06-30,SAG,NOX,1,151.0,44.4635761589404,29.381802720830937,11.0,23.0,35.0,59.0,156.0
2013-06-30,SAG,O3,1,157.0,27.044585987261147,25.313253837852333,2.0,5.0,18.0,45.0,84.0
2013-06-30,SAG,PM10,2,155.0,41.50967741935484,15.344260630960703,9.0,30.0,39.0,52.5,83.0
2013-06-30,SAG,PM2.5,2,155.0,19.974193548387095,8.90202690117867,2.0,14.0,19.0,27.0,50.0
2013-06-30,SAG,PMCO,2,155.0,21.54193548387097,9.317096915395672,6.0,14.0,19.0,27.0,55.0
2013-06-30,SAG,SO2,1,157.0,3.9554140127388533,9.510684914970827,0.0,1.0,2.0,4.0,77.0
2013-06-30,SFE,CO,15,141.0,0.5950354609929079,0.18758854714307663,0.3,0.5,0.5,0.7,1.3
2013-06-30,SFE,NO,1,141.0,11.893617021276595,18.511657380325673,1.0,2.0,4.0,13.0,105.0
2013-06-30,SFE,NO2,1,141.0,19.71631205673759,6.90892408528352,5.0,15.0,19.0,24.0,44.0
2013-06-30,SFE,NOX,1,141.0,31.673758865248228,22.51491456596865,7.0,18.0,23.0,37.0,130.0
2013-06-30,SFE,O3,1,101.0,29.722772277227723,28.816356054116625,0.0,7.0,21.0,42.0,124.0
2013-06-30,SFE,PM10,2,144.0,26.34722222222222,13.726763936705849,6.0,18.0,23.0,33.25,80.0
2013-06-30,SFE,PM2.5,2,144.0,15.63888888888889,10.392716055418191,1.0,8.75,13.0,21.0,59.0
2013-06-30,SFE,PMCO,2,144.0,10.597222222222221,5.023468620906971,2.0,7.0,10.0,14.0,23.0
2013-06-30,SFE,SO2,1,141.0,1.9219858156028369,3.6937609985058715,0.0,0.0,1.0,2.0,26.0
2013-06-30,SJA,CO,15,157.0,0.5286624203821659,0.4392667193108353,0.1,0.2,0.4,0.7,1.9
2013-06-30,SJA,NO,1,153.0,24.49019607843137,33.763908955978664,1.0,3.0,8.0,32.0,150.0
2013-06-30,SJA,NO2,1,153.0,27.836601307189543,10.346915073140776,8.0,20.0,28.0,34.0,54.0
2013-06-30,SJA,NOX,1,153.0,52.287581699346404,39.295887223295765,10.0,23.0,40.0,72.0,177.0
2013-06-30,SJA,O3,1,156.0,25.083333333333332,26.165468091171373,0.0,1.75,16.0,42.0,99.0
2013-06-30,SJA,PM2.5,2,158.0,17.145569620253166,7.3266166445983485,1.0,12.0,17.0,22.0,39.0
2013-06-30,SJA,SO2,1,157.0,3.5796178343949046,4.495193142844343,1.0,1.0,2.0,4.0,36.0
2013-06-30,SUR,CO,15,135.0,1.0281481481481483,0.5130610291957294,0.3,0.7,0.9,1.2,3.6
2013-06-30,SUR,NO,1,158.0,17.11392405063291,25.264706805768714,1.0,3.0,6.0,19.0,161.0
2013-06-30,SUR,NO2,1,158.0,26.5,10.748277894947003,5.0,19.0,26.0,32.75,63.0
2013-06-30,SUR,NOX,1,158.0,43.620253164556964,30.73880254826308,9.0,22.0,34.0,55.25,183.0
2013-06-30,SUR,O3,1,158.0,29.734177215189874,28.166117269825577,1.0,7.25,21.0,43.75,108.0
2013-06-30,SUR,PM10,2,139.0,28.654676258992804,20.94634699922216,1.0,13.0,25.0,37.5,143.0
2013-06-30,SUR,SO2,1,158.0,4.094936708860759,3.55267545129171,1.0,2.0,3.0,4.0,22.0
2013-06-30,TAH,CO,15,0.0,,,,,,,
2013-06-30,TAH,NO,1,145.0,7.296551724137931,8.201561621229208,2.0,3.0,4.0,7.0,46.0
2013-06-30,TAH,NO2,1,145.0,16.627586206896552,7.938080536588427,3.0,10.0,17.0,22.0,48.0
2013-06-30,TAH,NOX,1,145.0,23.96551724137931,13.905641237913047,6.0,13.0,21.0,31.0,70.0
2013-06-30,TAH,O3,1,145.0,36.751724137931035,26.918222616143517,1.0,15.0,31.0,50.0,116.0
2013-06-30,TAH,PM10,2,138.0,28.41304347826087,15.925798865417882,1.0,16.0,26.0,40.0,93.0
2013-06-30,TAH,SO2,1,30.0,1.6666666666666667,1.7485626280942346,1.0,1.0,1.0,1.75,10.0
2013-06-30,TLA,CO,15,156.0,0.8564102564102564,0.3925400307804225,0.2,0.6,0.8,1.1,2.1
2013-06-30,TLA,NO,1,156.0,28.544871794871796,30.37366069235688,2.0,10.0,16.0,33.5,147.0
2013-06-30,TLA,NO2,1,156.0,30.493589743589745,8.72334413152751,12.0,24.0,30.0,36.25,50.0
2013-06-30,TLA,NOX,1,156.0,59.05769230769231,34.09724998552936,17.0,35.0,49.5,68.25,186.0
2013-06-30,TLA,O3,1,156.0,25.91025641025641,26.606904705326883,0.0,3.75,14.5,42.25,95.0
2013-06-30,TLA,PM10,2,158.0,46.9746835443038,20.16017053533694,9.0,30.25,43.0,59.0,101.0
2013-06-30,TLA,PM2.5,2,158.0,22.848101265822784,11.660361956553183,3.0,14.0,19.0,28.0,57.0
2013-06-30,TLA,PMCO,2,158.0,24.189873417721518,10.874590203119643,5.0,16.0,23.0,30.0,55.0
2013-06-30,TLA,SO2,1,156.0,7.217948717948718,7.941150377211242,2.0,3.0,4.0,7.0,47.0
2013-06-30,TLI,CO,15,156.0,0.6346153846153846,0.23682138257694885,0.3,0.5,0.6,0.8,1.5
2013-06-30,TLI,NO,1,156.0,14.487179487179487,18.867444971042538,1.0,3.0,6.0,16.5,106.0
2013-06-30,TLI,NO2,1,156.0,22.775641025641026,8.619238584700128,6.0,17.0,22.5,28.0,49.0
2013-06-30,TLI,NOX,1,156.0,37.19230769230769,23.889831926552095,9.0,20.0,31.5,45.0,139.0
2013-06-30,TLI,O3,1,158.0,26.5126582278481,26.329547312451577,1.0,4.0,16.0,45.75,106.0
2013-06-30,TLI,PM10,2,151.0,32.94039735099338,21.6663277270144,2.0,17.5,29.0,44.0,111.0
2013-06-30,TLI,SO2,1,156.0,5.461538461538462,7.385587198254941,2.0,3.0,3.0,4.0,62.0
2013-06-30,TPN,CO,15,0.0,,,,,,,
2013-06-30,TPN,NO,1,155.0,11.006451612903225,11.326613169814602,0.0,3.5,7.0,13.0,62.0
2013-06-30,TPN,NO2,1,155.0,15.696774193548388,9.435615172443532,2.0,7.0,15.0,22.0,47.0
2013-06-30,TPN,NOX,1,155.0,26.761290322580646,17.435254578593348,2.0,11.0,25.0,37.0,82.0
2013-06-30,TPN,O3,1,155.0,29.72258064516129,24.5913445558241,0.0,10.5,24.0,40.0,99.0
2013-06-30,TPN,SO2,1,155.0,2.5161290322580645,2.594586869272949,0.0,1.0,2.0,3.0,16.0
2013-06-30,UAX,CO,15,155.0,0.7683870967741933,0.34031208723103357,0.2,0.5,0.7,0.95,1.8
2013-06-30,UAX,NO,1,155.0,11.761290322580646,19.123346671925546,0.0,0.0,2.0,15.5,91.0
2013-06-30,UAX,NO2,1,155.0,23.387096774193548,11.057927224555286,3.0,15.0,23.0,29.0,62.0
2013-06-30,UAX,NOX,1,155.0,35.090322580645164,25.676652627533176,3.0,16.0,28.0,48.5,130.0
2013-06-30,UAX,O3,1,109.0,37.84403669724771,30.61111342365184,1.0,11.0,30.0,58.0,114.0
2013-06-30,UAX,PM2.5,2,145.0,17.662068965517243,7.915544385061419,2.0,12.0,17.0,21.0,41.0
2013-06-30,UAX,SO2,1,155.0,2.6516129032258067,2.5976851543001462,1.0,1.0,2.0,3.0,15.0
2013-06-30,UIZ,CO,15,159.0,0.7641509433962265,0.4581585346740518,0.2,0.4,0.7,1.0,2.7
2013-06-30,UIZ,NO,1,159.0,16.855345911949687,25.746042212246458,1.0,2.0,5.0,23.5,164.0
2013-06-30,UIZ,NO2,1,159.0,27.91823899371069,11.263792419253804,5.0,19.0,28.0,36.0,58.0
2013-06-30,UIZ,NOX,1,159.0,44.76100628930818,32.264033178690724,6.0,21.0,36.0,60.0,204.0
2013-06-30,UIZ,O3,1,159.0,32.37106918238994,25.70070024636316,4.0,10.0,26.0,50.0,90.0
2013-06-30,UIZ,PM10,2,158.0,38.01898734177215,15.231325213447475,10.0,27.0,35.0,44.75,84.0
2013-06-30,UIZ,PM2.5,2,158.0,20.455696202531644,9.832738074780934,3.0,13.25,19.0,25.75,53.0
2013-06-30,UIZ,PMCO,2,158.0,17.550632911392405,8.146389508073739,4.0,12.0,17.0,21.0,57.0
2013-06-30,UIZ,SO2,1,159.0,3.981132075471698,3.2810767337992184,2.0,2.0,3.0,4.0,26.0
2013-06-30,VIF,CO,15,157.0,0.6840764331210196,0.2806835872861311,0.3,0.5,0.6,0.8,2.5
2013-06-30,VIF,NO,1,157.0,9.292993630573248,12.96259962575609,1.0,2.0,4.0,9.0,73.0
2013-06-30,VIF,NO2,1,157.0,16.726114649681527,8.167800652537483,3.0,10.0,17.0,21.0,43.0
2013-06-30,VIF,NOX,1,157.0,26.044585987261147,17.788408768808203,5.0,14.0,22.0,33.0,92.0
2013-06-30,VIF,O3,1,157.0,29.26751592356688,25.727711829257103,1.0,8.0,20.0,48.0,107.0
2013-06-30,VIF,PM10,2,154.0,42.0,23.11635812734989,1.0,26.0,37.0,53.75,121.0
2013-06-30,VIF,SO2,1,157.0,3.050955414012739,10.547691555892962,0.0,0.0,1.0,2.0,93.0
2013-06-30,XAL,CO,15,153.0,0.7614379084967317,0.5786922851757339,0.1,0.3,0.6,1.1,3.2
2013-06-30,XAL,NO,1,153.0,39.57516339869281,42.21665498393183,3.0,11.0,22.0,51.0,253.0
2013-06-30,XAL,NO2,1,153.0,30.483660130718953,9.754286895057854,13.0,23.0,30.0,36.0,53.0
2013-06-30,XAL,NOX,1,153.0,70.08496732026144,46.82160259858947,16.0,35.0,57.0,94.0,286.0
2013-06-30,XAL,O3,1,153.0,27.03921568627451,24.88311685950862,1.0,4.0,21.0,46.0,88.0
2013-06-30,XAL,PM10,2,148.0,66.93243243243244,30.81471116163505,15.0,45.0,62.5,84.5,153.0
2013-06-30,XAL,PM2.5,2,148.0,29.20945945945946,16.342113443942065,1.0,17.0,30.0,40.0,85.0
2013-06-30,XAL,PMCO,2,148.0,37.777027027027025,20.91408435563553,8.0,23.0,33.5,47.0,107.0
2013-06-30,XAL,SO2,1,153.0,5.660130718954249,5.516915851190402,2.0,3.0,4.0,6.0,36.0
2013-07-07,ACO,CO,15,154.0,0.1857142857142858,0.1285558658492786,0.0,0.1,0.1,0.2,0.8
2013-07-07,ACO,NO,1,154.0,5.435064935064935,9.01192044608001,0.0,1.0,2.0,5.0,64.0
2013-07-07,ACO,NO2,1,154.0,10.220779220779221,5.986091453704532,3.0,5.25,9.0,13.0,35.0
2013-07-07,ACO,NOX,1,154.0,15.662337662337663,13.736655213712048,3.0,8.0,11.0,18.0,86.0
2013-07-07,ACO,O3,1,154.0,28.116883116883116,15.60959485891455,3.0,17.0,26.5,38.0,69.0
2013-07-07,ACO,PM10,2,158.0,20.689873417721518,12.51134613658658,1.0,11.25,18.0,29.0,67.0
2013-07-07,ACO,SO2,1,122.0,1.1885245901639345,0.5352371408179629,0.0,1.0,1.0,1.0,5.0
2013-07-07,ATI,CO,15,0.0,,,,,,,
2013-07-07,ATI,NO,1,160.0,10.0375,15.616427207980015,0.0,2.0,5.0,11.0,100.0
2013-07-07,ATI,NO2,1,160.0,17.125,6.673659854162228,5.0,11.0,17.0,22.0,33.0
2013-07-07,ATI,NOX,1,160.0,27.2625,19.629104145623863,5.0,14.0,22.0,34.0,128.0
2013-07-07,ATI,O3,1,160.0,21.78125,18.85318046171554,0.0,6.75,18.0,28.0,77.0
2013-07-07,ATI,PM10,2,151.0,29.079470198675498,19.540222850591356,1.0,14.0,25.0,40.0,98.0
2013-07-07,ATI,SO2,1,160.0,4.2125,5.947767933958619,2.0,2.0,2.0,3.25,53.0
2013-07-07,CAM,CO,15,141.0,0.5723404255319148,0.33190066994696804,0.1,0.3,0.5,0.7,1.8
2013-07-07,CAM,NO,1,69.0,21.028985507246375,18.04322507243349,2.0,8.0,13.0,34.0,77.0
2013-07-07,CAM,NO2,1,69.0,20.47826086956522,8.895816425271086,7.0,14.0,19.0,27.0,40.0
2013-07-07,CAM,NOX,1,69.0,41.492753623188406,24.93203891311091,13.0,22.0,33.0,61.0,107.0
2013-07-07,CAM,O3,1,146.0,18.13013698630137,21.176846073867516,0.0,3.0,9.0,23.0,95.0
2013-07-07,CAM,PM10,2,135.0,34.074074074074076,21.301191063899246,3.0,18.5,30.0,44.5,92.0
2013-07-07,CAM,PM2.5,2,135.0,18.40740740740741,12.253111877845132,1.0,8.5,16.0,24.5,55.0
2013-07-07,CAM,PMCO,2,135.0,15.674074074074074,10.545445101205155,2.0,7.5,12.0,23.0,45.0
2013-07-07,CAM,SO2,1,146.0,3.4863013698630136,4.998256663484486,1.0,1.0,2.0,3.0,29.0
2013-07-07,CHO,CO,15,0.0,,,,,,,
2013-07-07,CHO,NO,1,159.0,13.924528301886792,24.3174020019449,1.0,4.0,6.0,11.0,196.0
2013-07-07,CHO,NO2,1,159.0,15.20125786163522,8.84234623928316,2.0,7.5,16.0,21.0,46.0
2013-07-07,CHO,NOX,1,159.0,29.132075471698112,28.92835173791878,3.0,14.0,22.0,30.0,218.0
2013-07-07,CHO,O3,1,159.0,27.08805031446541,22.365316629701937,0.0,13.0,19.0,34.0,93.0
2013-07-07,CHO,PM10,2,141.0,49.12056737588652,45.139699849832056,2.0,19.0,35.0,67.0,289.0
2013-07-07,CHO,SO2,1,0.0,,,,,,,
2013-07-07,COY,NO,1,132.0,18.12121212121212,23.5984312788984,1.0,3.0,8.0,25.25,137.0
2013-07-07,COY,NO2,1,132.0,27.174242424242426,11.537192570066477,3.0,18.0,27.0,35.0,58.0
2013-07-07,COY,NOX,1,132.0,45.29545454545455,30.414625508626255,5.0,24.0,38.5,57.25,165.0
2013-07-07,COY,O3,1,161.0,22.46583850931677,24.621898549842932,0.0,4.0,14.0,28.0,97.0
2013-07-07,COY,PM2.5,2,158.0,15.835443037974683,11.40837817034597,1.0,6.25,14.0,20.75,57.0
2013-07-07,CUA,CO,15,145.0,0.6855172413793105,0.27002554157606723,0.3,0.5,0.7,0.8,2.7
2013-07-07,CUA,NO,1,145.0,12.855172413793104,24.598718154934424,1.0,4.0,6.0,13.0,251.0
2013-07-07,CUA,NO2,1,145.0,18.44137931034483,7.533145150736775,6.0,13.0,17.0,24.0,40.0
2013-07-07,CUA,NOX,1,145.0,31.275862068965516,29.020462789838465,7.0,18.0,25.0,35.0,292.0
2013-07-07,CUA,O3,1,145.0,24.013793103448275,23.004524375923353,0.0,8.0,18.0,29.0,114.0
2013-07-07,CUA,PM10,2,144.0,20.770833333333332,15.960492635718522,1.0,10.0,16.5,27.25,87.0
2013-07-07,CUA,SO2,1,132.0,2.257575757575758,3.757173722830756,0.0,1.0,1.0,2.0,21.0
2013-07-07,CUT,NO,1,115.0,6.408695652173913,12.208636324968152,1.0,2.0,3.0,6.0,106.0
2013-07-07,CUT,NO2,1,115.0,13.660869565217391,5.821748330457822,5.0,9.0,12.0,18.0,29.0
2013-07-07,CUT,NOX,1,115.0,20.043478260869566,14.610373210135172,6.0,11.5,17.0,26.0,121.0
2013-07-07,CUT,O3,1,115.0,22.304347826086957,17.06909277902632,3.0,8.5,17.0,31.0,65.0
2013-07-07,CUT,PM10,2,109.0,30.119266055045873,19.537108457080965,3.0,16.0,27.0,40.0,109.0
2013-07-07,CUT,SO2,1,115.0,5.278260869565218,11.36210061046054,0.0,1.0,1.0,2.0,69.0
2013-07-07,FAC,CO,15,155.0,0.7793548387096774,0.4089417407135928,0.1,0.5,0.7,1.0,2.1
2013-07-07,FAC,NO,1,156.0,20.224358974358974,24.954558370313883,1.0,7.0,11.0,24.0,134.0
2013-07-07,FAC,NO2,1,156.0,19.596153846153847,7.9000031409988445,4.0,14.75,19.0,24.0,45.0
2013-07-07,FAC,NOX,1,156.0,39.782051282051285,28.612267811438546,4.0,22.0,33.0,46.25,162.0
2013-07-07,FAC,O3,1,156.0,21.596153846153847,19.559925735776254,1.0,7.75,17.0,28.0,87.0
2013-07-07,FAC,PM10,2,157.0,23.43949044585987,16.224126375918274,1.0,10.0,19.0,33.0,76.0
2013-07-07,FAC,SO2,1,156.0,3.269230769230769,7.159335123072988,0.0,0.0,1.0,2.0,42.0
2013-07-07,HGM,CO,15,153.0,0.5150326797385623,0.3302254496691907,0.0,0.3,0.5,0.7,1.5
2013-07-07,HGM,NO,1,153.0,16.202614379084967,19.67243579128321,0.0,4.0,7.0,21.0,115.0
2013-07-07,HGM,NO2,1,153.0,23.22222222222222,12.097858783045165,2.0,14.0,24.0,31.0,61.0
2013-07-07,HGM,NOX,1,153.0,39.45751633986928,28.318904539497392,5.0,18.0,32.0,53.0,160.0
2013-07-07,HGM,O3,1,153.0,20.54248366013072,22.724606107438216,0.0,5.0,12.0,26.0,84.0
2013-07-07,HGM,PM10,2,117.0,33.0940170940171,20.518277346686958,6.0,18.0,27.0,41.0,99.0
2013-07-07,HGM,PM2.5,2,117.0,17.752136752136753,13.799616425769907,1.0,8.0,14.0,23.0,68.0
2013-07-07,HGM,PMCO,2,117.0,15.35897435897436,8.811690450428026,3.0,8.0,13.0,21.0,37.0
2013-07-07,HGM,SO2,1,153.0,4.091503267973856,5.659597666940107,1.0,2.0,2.0,4.0,34.0
2013-07-07,IZT,CO,15,159.0,0.6345911949685537,0.39713968167059777,0.1,0.3,0.6,0.9,2.0
2013-07-07,IZT,NO,1,159.0,19.68553459119497,22.729320372977863,1.0,5.0,11.0,25.5,139.0
2013-07-07,IZT,NO2,1,159.0,26.71698113207547,12.910172652500172,6.0,15.0,28.0,35.0,76.0
2013-07-07,IZT,NOX,1,159.0,46.38993710691824,30.262336526139826,11.0,23.0,39.0,61.5,170.0
2013-07-07,IZT,O3,1,159.0,21.07547169811321,23.882504366329293,0.0,4.0,12.0,25.0,93.0
2013-07-07,IZT,PM10,2,159.0,25.07547169811321,15.78396364917964,1.0,14.0,23.0,32.5,71.0
2013-07-07,IZT,SO2,1,159.0,2.7044025157232703,4.714042393218047,0.0,1.0,1.0,2.0,29.0
2013-07-07,LLA,CO,15,0.0,,,,,,,
2013-07-07,LLA,NO,1,161.0,15.161490683229813,25.210588207417445,1.0,3.0,6.0,16.0,164.0
2013-07-07,LLA,NO2,1,161.0,18.36024844720497,8.908249543983832,5.0,11.0,17.0,25.0,40.0
2013-07-07,LLA,NOX,1,161.0,33.5527950310559,31.557071438331775,6.0,15.0,23.0,41.0,196.0
2013-07-07,LLA,O3,1,161.0,22.03105590062112,17.29249199806395,0.0,9.0,17.0,30.0,72.0
2013-07-07,LLA,SO2,1,161.0,3.453416149068323,12.053500689923556,0.0,0.0,1.0,1.0,84.0
2013-07-07,LPR,CO,15,0.0,,,,,,,
2013-07-07,LPR,NO,1,159.0,17.72327044025157,26.899228719281556,1.0,5.0,9.0,19.5,178.0
2013-07-07,LPR,NO2,1,159.0,20.22641509433962,12.422379013629056,3.0,12.0,16.0,27.0,75.0
2013-07-07,LPR,NOX,1,159.0,37.861635220125784,35.89902822763979,4.0,18.5,27.0,42.5,224.0
2013-07-07,LPR,O3,1,159.0,25.238993710691823,18.247753154388743,2.0,10.0,21.0,34.0,76.0
2013-07-07,LPR,SO2,1,159.0,3.0440251572327046,5.561333407123312,1.0,1.0,2.0,2.0,35.0
2013-07-07,MER,CO,15,127.0,0.8968503937007883,0.4566852634159243,0.3,0.5,0.8,1.25,2.4
2013-07-07,MER,NO,1,150.0,23.44,23.63437378398408,1.0,7.0,14.5,31.0,107.0
2013-07-07,MER,NO2,1,150.0,28.493333333333332,13.699922434829984,6.0,18.0,28.0,36.0,80.0
2013-07-07,MER,NOX,1,150.0,51.96,32.92270386116852,11.0,26.0,42.0,74.0,147.0
2013-07-07,MER,O3,1,150.0,20.34,22.10555215871367,0.0,4.0,11.0,25.75,89.0
2013-07-07,MER,PM10,2,137.0,37.32116788321168,21.72418491890376,6.0,21.0,34.0,47.0,97.0
2013-07-07,MER,PM2.5,2,137.0,17.364963503649633,12.632751500627219,1.0,8.0,15.0,24.0,55.0
2013-07-07,MER,PMCO,2,137.0,20.00729927007299,10.809511300895645,4.0,11.0,19.0,27.0,47.0
2013-07-07,MER,SO2,1,150.0,3.466666666666667,5.385372516035024,0.0,1.0,2.0,3.0,34.0
2013-07-07,MON,CO,15,0.0,,,,,,,
2013-07-07,MON,NO,1,161.0,6.3229813664596275,13.959137905182438,0.0,1.0,2.0,4.0,99.0
2013-07-07,MON,NO2,1,161.0,11.993788819875776,6.742122157015861,3.0,6.0,10.0,17.0,33.0
2013-07-07,MON,NOX,1,161.0,18.36024844720497,18.176066954594116,3.0,9.0,13.0,20.0,122.0
2013-07-07,MON,O3,1,161.0,27.167701863354036,20.258404436444618,0.0,13.0,21.0,39.0,78.0
2013-07-07,MON,SO2,1,0.0,,,,,,,
2013-07-07,NEZ,CO,15,0.0,,,,,,,
2013-07-07,NEZ,NO,1,89.0,5.775280898876405,5.468406800116725,0.0,2.0,4.0,7.0,24.0
2013-07-07,NEZ,NO2,1,89.0,17.640449438202246,9.97069249784683,4.0,9.0,16.0,23.0,48.0
2013-07-07,NEZ,NOX,1,89.0,23.415730337078653,13.286877487995477,6.0,13.0,21.0,31.0,65.0
2013-07-07,NEZ,O3,1,0.0,,,,,,,
2013-07-07,NEZ,PM2.5,2,80.0,10.85,9.47227800652575,1.0,3.0,8.5,17.25,42.0
2013-07-07,NEZ,SO2,1,0.0,,,,,,,
2013-07-07,PED,CO,15,156.0,0.3788461538461539,0.2251908482024613,0.1,0.2,0.3,0.5,1.3
2013-07-07,PED,NO,1,156.0,9.75,11.534869995212413,1.0,2.0,5.0,11.25,58.0
2013-07-07,PED,NO2,1,156.0,20.506410256410255,8.937414502995024,3.0,14.0,20.0,26.0,48.0
2013-07-07,PED,NOX,1,156.0,30.30128205128205,17.883284634358485,5.0,17.0,27.0,38.0,98.0
2013-07-07,PED,O3,1,156.0,27.69871794871795,26.236005762038936,3.0,8.75,18.5,34.0,106.0
2013-07-07,PED,PM10,2,134.0,28.932835820895523,18.98246034949661,4.0,14.0,24.5,39.0,89.0
2013-07-07,PED,PM2.5,2,134.0,15.694029850746269,10.82410816061935,1.0,7.25,13.0,20.75,49.0
2013-07-07,PED,PMCO,2,134.0,13.23134328358209,9.44546211537581,1.0,6.0,10.0,20.0,41.0
2013-07-07,PED,SO2,1,156.0,3.1346153846153846,3.767580790428645,1.0,2.0,2.0,3.0,27.0
2013-07-07,SAG,CO,15,0.0,,,,,,,
2013-07-07,SAG,NO,1,160.0,15.175,19.58646368664919,2.0,5.75,9.0,15.25,131.0
2013-07-07,SAG,NO2,1,160.0,18.2,7.847444803062133,6.0,12.0,17.0,24.0,42.0
2013-07-07,SAG,NOX,1,160.0,33.35,24.593346750747774,8.0,19.0,26.0,37.0,162.0
2013-07-07,SAG,O3,1,160.0,22.83125,17.537102402957668,2.0,9.0,18.0,30.25,76.0
2013-07-07,SAG,PM10,2,149.0,32.557046979865774,18.21507489369488,3.0,20.0,28.0,40.0,90.0
2013-07-07,SAG,PM2.5,2,149.0,13.25503355704698,8.230755082119702,1.0,8.0,12.0,16.0,37.0
2013-07-07,SAG,PMCO,2,149.0,19.302013422818792,12.07057215441562,1.0,10.0,16.0,25.0,60.0
2013-07-07,SAG,SO2,1,160.0,2.64375,9.179788350008042,0.0,0.0,0.0,1.0,65.0
2013-07-07,SFE,CO,15,155.0,0.6103225806451614,0.17880345211097978,0.3,0.5,0.6,0.7,1.1
2013-07-07,SFE,NO,1,155.0,9.245161290322581,11.910566047745696,1.0,2.0,4.0,13.0,68.0
2013-07-07,SFE,NO2,1,155.0,18.496774193548386,6.816113636891485,5.0,13.0,19.0,23.0,36.0
2013-07-07,SFE,NOX,1,155.0,27.716129032258063,16.100235877399996,6.0,18.0,24.0,32.5,98.0
2013-07-07,SFE,O3,1,145.0,30.131034482758622,28.25116889725632,0.0,11.0,22.0,38.0,111.0
2013-07-07,SFE,PM10,2,132.0,25.818181818181817,16.6016729506572,3.0,13.75,21.0,35.25,83.0
2013-07-07,SFE,PM2.5,2,132.0,15.636363636363637,11.113070996860545,1.0,8.0,13.0,19.0,56.0
2013-07-07,SFE,PMCO,2,132.0,10.227272727272727,7.003369863984737,1.0,4.75,8.0,15.0,32.0
2013-07-07,SFE,SO2,1,155.0,1.1806451612903226,2.85008764445308,0.0,0.0,0.0,1.0,15.0
2013-07-07,SJA,CO,15,161.0,0.47018633540372656,0.34674282986402455,0.0,0.2,0.4,0.7,2.1
2013-07-07,SJA,NO,1,161.0,17.96894409937888,23.1028738364539,1.0,4.0,9.0,23.0,157.0
2013-07-07,SJA,NO2,1,161.0,24.664596273291924,12.28105456555894,6.0,14.0,24.0,33.0,61.0
2013-07-07,SJA,NOX,1,161.0,42.62732919254658,30.70887898389007,6.0,19.0,32.0,55.0,185.0
2013-07-07,SJA,O3,1,161.0,20.08695652173913,21.22097762367106,0.0,4.0,10.0,27.0,82.0
2013-07-07,SJA,PM2.5,2,139.0,14.870503597122303,10.326436126654999,1.0,8.0,13.0,20.0,46.0
2013-07-07,SJA,SO2,1,161.0,4.0062111801242235,10.235048176736852,1.0,1.0,2.0,2.0,80.0
2013-07-07,SUR,CO,15,124.0,0.8330645161290332,0.41274842712784693,0.3,0.4,0.8,1.1,1.9
2013-07-07,SUR,NO,1,158.0,14.10126582278481,18.655505795251383,1.0,3.0,5.5,17.75,108.0
2013-07-07,SUR,NO2,1,158.0,22.70886075949367,11.584804343945347,4.0,14.0,22.0,30.0,64.0
2013-07-07,SUR,NOX,1,158.0,36.81012658227848,26.18069301237227,8.0,17.0,30.0,49.75,138.0
2013-07-07,SUR,O3,1,158.0,24.930379746835442,24.922840696636193,1.0,7.0,18.0,29.75,100.0
2013-07-07,SUR,PM10,2,108.0,32.0462962962963,24.810453125350605,2.0,16.0,25.5,39.5,129.0
2013-07-07,SUR,SO2,1,158.0,2.550632911392405,5.2644069455724445,0.0,0.0,1.0,3.0,32.0
2013-07-07,TAH,CO,15,55.0,0.15636363636363632,0.183347106920621,0.0,0.0,0.1,0.2,0.7
2013-07-07,TAH,NO,1,156.0,6.423076923076923,8.203098125620638,2.0,3.0,3.0,6.0,70.0
2013-07-07,TAH,NO2,1,156.0,14.442307692307692,9.305038790798408,2.0,6.75,13.0,20.25,48.0
2013-07-07,TAH,NOX,1,156.0,20.942307692307693,15.016223649929923,5.0,9.75,17.0,28.5,92.0
2013-07-07,TAH,O3,1,156.0,31.28205128205128,25.910464910806354,1.0,13.75,21.0,42.25,105.0
2013-07-07,TAH,PM10,2,149.0,25.892617449664428,23.058134795876892,1.0,8.0,18.0,36.0,117.0
2013-07-07,TAH,SO2,1,0.0,,,,,,,
2013-07-07,TLA,CO,15,155.0,0.7509677419354837,0.35113318262401977,0.2,0.5,0.7,1.0,2.0
2013-07-07,TLA,NO,1,156.0,23.07051282051282,26.015159892867224,1.0,7.0,13.0,26.25,150.0
2013-07-07,TLA,NO2,1,156.0,25.705128205128204,9.371348199711267,7.0,19.0,25.0,32.0,51.0
2013-07-07,TLA,NOX,1,156.0,48.73076923076923,32.43799965071753,12.0,26.0,39.0,62.25,187.0
2013-07-07,TLA,O3,1,156.0,20.057692307692307,19.785051504287146,0.0,4.0,14.5,28.0,80.0
2013-07-07,TLA,PM10,2,160.0,38.63125,21.1575764787187,7.0,23.0,34.0,51.0,120.0
2013-07-07,TLA,PM2.5,2,160.0,17.34375,9.960959562652839,1.0,10.0,16.0,22.25,49.0
2013-07-07,TLA,PMCO,2,160.0,21.2625,12.818759592264648,4.0,11.0,17.5,29.0,71.0
2013-07-07,TLA,SO2,1,156.0,5.583333333333333,5.827585493853519,1.0,2.75,4.0,6.0,36.0
2013-07-07,TLI,CO,15,160.0,0.5187499999999996,0.22880259817322363,0.2,0.3,0.5,0.625,1.3
2013-07-07,TLI,NO,1,160.0,10.3625,15.18046058747225,1.0,2.0,5.0,11.25,100.0
2013-07-07,TLI,NO2,1,160.0,17.4,8.953548890571213,4.0,10.0,15.0,24.0,47.0
2013-07-07,TLI,NOX,1,160.0,27.73125,22.2777554606558,6.0,14.0,21.5,34.25,138.0
2013-07-07,TLI,O3,1,160.0,22.9,18.001467445424534,1.0,9.0,18.5,31.0,73.0
2013-07-07,TLI,PM10,2,144.0,29.78472222222222,22.47116666732796,1.0,12.0,25.0,40.0,144.0
2013-07-07,TLI,SO2,1,160.0,4.53125,12.03345539494531,0.0,1.0,1.0,3.0,100.0
2013-07-07,TPN,CO,15,0.0,,,,,,,
2013-07-07,TPN,NO,1,161.0,12.98136645962733,12.446119902247364,1.0,4.0,9.0,19.0,63.0
2013-07-07,TPN,NO2,1,161.0,14.571428571428571,9.867062813797657,2.0,7.0,12.0,21.0,53.0
2013-07-07,TPN,NOX,1,161.0,27.571428571428573,18.513412126656412,3.0,11.0,23.0,40.0,82.0
2013-07-07,TPN,O3,1,161.0,23.857142857142858,22.357844580498227,0.0,8.0,18.0,30.0,95.0
2013-07-07,TPN,SO2,1,161.0,2.5031055900621118,2.581482673780911,1.0,2.0,2.0,2.0,20.0
2013-07-07,UAX,CO,15,154.0,0.6487012987012993,0.39856556738078913,0.1,0.3,0.6,0.9,1.9
2013-07-07,UAX,NO,1,154.0,8.987012987012987,16.290655332126978,0.0,1.0,2.0,9.75,90.0
2013-07-07,UAX,NO2,1,154.0,20.27922077922078,13.451193184311084,2.0,9.0,19.5,28.0,72.0
2013-07-07,UAX,NOX,1,154.0,29.253246753246753,24.828710370672514,3.0,11.0,21.0,41.0,120.0
2013-07-07,UAX,O3,1,154.0,26.753246753246753,25.63272818284424,1.0,8.0,19.5,36.0,105.0
2013-07-07,UAX,PM2.5,2,132.0,16.696969696969695,10.717709817132837,1.0,9.0,16.0,21.25,54.0
2013-07-07,UAX,SO2,1,154.0,2.720779220779221,5.178508571281255,0.0,1.0,1.0,2.0,33.0
2013-07-07,UIZ,CO,15,158.0,0.6227848101265819,0.3797247971244934,0.1,0.3,0.5,0.9,1.9
2013-07-07,UIZ,NO,1,161.0,11.788819875776397,17.621155587066433,0.0,2.0,5.0,12.0,117.0
2013-07-07,UIZ,NO2,1,161.0,23.925465838509318,13.684184664710141,4.0,12.0,24.0,33.0,64.0
2013-07-07,UIZ,NOX,1,161.0,35.683229813664596,27.250096871444427,5.0,15.0,27.0,49.0,150.0
2013-07-07,UIZ,O3,1,161.0,26.633540372670808,22.279948788370714,4.0,10.0,19.0,31.0,92.0
2013-07-07,UIZ,PM10,2,147.0,34.993197278911566,21.491475404212146,3.0,20.0,31.0,44.0,99.0
2013-07-07,UIZ,PM2.5,2,147.0,17.19047619047619,13.06744010384512,1.0,7.0,15.0,24.0,58.0
2013-07-07,UIZ,PMCO,2,147.0,17.85034013605442,11.219695098472737,2.0,8.0,16.0,24.0,52.0
2013-07-07,UIZ,SO2,1,161.0,3.869565217391304,6.4110553292560715,1.0,2.0,2.0,3.0,48.0
2013-07-07,VIF,CO,15,156.0,0.5275641025641022,0.1932986050209894,0.2,0.4,0.5,0.6,1.5
2013-07-07,VIF,NO,1,156.0,6.467948717948718,9.100457182273074,1.0,2.0,4.0,7.0,66.0
2013-07-07,VIF,NO2,1,156.0,12.551282051282051,5.727460588895674,4.0,8.0,12.0,16.0,27.0
2013-07-07,VIF,NOX,1,156.0,19.03846153846154,13.193783783323562,5.0,10.0,16.0,23.0,92.0
2013-07-07,VIF,O3,1,156.0,24.852564102564102,16.56222070476311,1.0,12.0,22.0,32.0,67.0
2013-07-07,VIF,PM10,2,152.0,36.99342105263158,24.046449727772337,1.0,20.0,31.5,47.0,136.0
2013-07-07,VIF,SO2,1,110.0,1.1272727272727272,0.8362113216638063,0.0,1.0,1.0,1.0,5.0
2013-07-07,XAL,CO,15,153.0,0.49281045751633973,0.49948718111724005,0.0,0.2,0.3,0.6,2.8
2013-07-07,XAL,NO,1,153.0,26.77124183006536,31.669447490740435,2.0,9.0,14.0,32.0,184.0
2013-07-07,XAL,NO2,1,153.0,23.58169934640523,12.059945873081027,6.0,15.0,24.0,30.0,74.0
2013-07-07,XAL,NOX,1,153.0,50.35947712418301,39.795631600235275,7.0,25.0,38.0,60.0,227.0
2013-07-07,XAL,O3,1,153.0,22.37908496732026,17.475172815931764,1.0,9.0,17.0,32.0,71.0
2013-07-07,XAL,PM10,2,133.0,58.8796992481203,30.120474661735617,3.0,41.0,53.0,68.0,183.0
2013-07-07,XAL,PM2.5,2,133.0,27.646616541353385,17.00543384133873,1.0,16.0,24.0,37.0,81.0
2013-07-07,XAL,PMCO,2,133.0,31.263157894736842,18.54065750887072,2.0,20.0,29.0,38.0,116.0
2013-07-07,XAL,SO2,1,127.0,3.9291338582677167,2.243796040734528,2.0,3.0,3.0,4.0,14.0
2013-07-14,ACO,CO,15,152.0,0.21973684210526315,0.13073377917652435,0.1,0.1,0.2,0.3,0.9
2013-07-14,ACO,NO,1,152.0,5.309210526315789,7.256176681617905,0.0,1.0,2.0,6.0,40.0
2013-07-14,ACO,NO2,1,152.0,11.980263157894736,6.647680863086135,3.0,7.0,10.5,16.0,47.0
2013-07-14,ACO,NOX,1,152.0,17.31578947368421,12.185878839099498,4.0,9.0,13.0,22.0,68.0
2013-07-14,ACO,O3,1,152.0,30.098684210526315,19.09500814363735,2.0,15.75,26.0,42.25,69.0
2013-07-14,ACO,PM10,2,156.0,19.544871794871796,9.440026618823833,5.0,12.75,17.0,24.0,52.0
2013-07-14,ACO,SO2,1,152.0,1.1907894736842106,0.9471711289086746,0.0,1.0,1.0,1.0,5.0
2013-07-14,ATI,CO,15,0.0,,,,,,,
2013-07-14,ATI,NO,1,136.0,9.698529411764707,16.830008407797543,0.0,2.0,3.0,9.25,101.0
2013-07-14,ATI,NO2,1,136.0,17.926470588235293,8.054106247808035,5.0,12.0,16.0,21.25,54.0
2013-07-14,ATI,NOX,1,136.0,27.727941176470587,21.186462103678107,6.0,15.75,21.5,29.0,122.0
2013-07-14,ATI,O3,1,136.0,25.75,20.565252967800557,0.0,9.0,21.0,36.5,75.0
2013-07-14,ATI,PM10,2,130.0,29.43846153846154,15.295033315636033,2.0,20.0,27.0,36.75,81.0
2013-07-14,ATI,SO2,1,136.0,5.080882352941177,4.847382106844922,2.0,2.0,3.0,5.25,36.0
2013-07-14,CAM,CO,15,157.0,0.5942675159235671,0.34589942925071326,0.1,0.4,0.5,0.7,1.8
2013-07-14,CAM,NO,1,157.0,19.94267515923567,25.061780596035103,2.0,6.0,10.0,21.0,125.0
2013-07-14,CAM,NO2,1,157.0,27.866242038216562,9.219610886027672,13.0,21.0,25.0,34.0,55.0
2013-07-14,CAM,NOX,1,157.0,47.78343949044586,29.365363879686203,16.0,29.0,38.0,56.0,150.0
2013-07-14,CAM,O3,1,157.0,23.687898089171973,25.161746887906776,1.0,5.0,13.0,34.0,95.0
2013-07-14,CAM,PM10,2,161.0,38.45962732919255,18.44823629402682,10.0,25.0,33.0,48.0,95.0
2013-07-14,CAM,PM2.5,2,161.0,23.024844720496894,12.206530173722076,3.0,14.0,19.0,28.0,58.0
2013-07-14,CAM,PMCO,2,161.0,15.4472049689441,9.106248281480969,3.0,9.0,13.0,20.0,62.0
2013-07-14,CAM,SO2,1,139.0,4.496402877697841,4.996192899467297,1.0,2.0,2.0,5.0,29.0
2013-07-14,CHO,CO,15,0.0,,,,,,,
2013-07-14,CHO,NO,1,156.0,14.60897435897436,19.58194484984993,1.0,4.0,7.0,14.25,120.0
2013-07-14,CHO,NO2,1,156.0,19.01923076923077,7.801961005638184,7.0,13.0,18.0,24.0,47.0
2013-07-14,CHO,NOX,1,156.0,33.55769230769231,22.756846650599645,9.0,18.75,27.0,38.0,150.0
2013-07-14,CHO,O3,1,156.0,26.69871794871795,22.335685282870045,1.0,7.0,22.5,43.25,96.0
2013-07-14,CHO,PM10,2,155.0,37.08387096774194,24.862467106717173,2.0,21.0,31.0,48.0,156.0
2013-07-14,CHO,SO2,1,0.0,,,,,,,
2013-07-14,COY,NO,1,124.0,12.75,17.18508759862334,0.0,2.0,5.0,16.0,93.0
2013-07-14,COY,NO2,1,124.0,27.39516129032258,10.028267809463744,9.0,19.0,27.0,34.0,56.0
2013-07-14,COY,NOX,1,124.0,40.20967741935484,24.14329653081307,10.0,22.0,33.0,50.25,134.0
2013-07-14,COY,O3,1,156.0,26.57051282051282,25.899834892857022,0.0,6.75,18.0,38.25,103.0
2013-07-14,COY,PM2.5,2,157.0,20.471337579617835,11.057866737719154,5.0,13.0,17.0,26.0,60.0
2013-07-14,CUA,CO,15,151.0,0.6543046357615896,0.26273817114832465,0.3,0.5,0.6,0.75,2.0
2013-07-14,CUA,NO,1,137.0,13.102189781021897,24.00100631209305,1.0,3.0,5.0,10.0,175.0
2013-07-14,CUA,NO2,1,137.0,20.153284671532848,8.084926525684645,5.0,15.0,19.0,24.0,42.0
2013-07-14,CUA,NOX,1,137.0,33.27007299270073,28.031364694075805,6.0,20.0,25.0,40.0,200.0
2013-07-14,CUA,O3,1,151.0,34.264900662251655,24.41548743093339,0.0,17.5,31.0,43.5,104.0
2013-07-14,CUA,PM10,2,149.0,25.221476510067113,19.238842198961436,1.0,13.0,22.0,33.0,158.0
2013-07-14,CUA,SO2,1,137.0,3.3065693430656933,3.090692963882766,0.0,1.0,2.0,4.0,17.0
2013-07-14,CUT,NO,1,161.0,8.906832298136646,14.031126666378235,0.0,1.0,2.0,9.0,74.0
2013-07-14,CUT,NO2,1,161.0,14.248447204968944,7.472475372910759,3.0,8.0,13.0,20.0,40.0
2013-07-14,CUT,NOX,1,161.0,23.149068322981368,18.773389138659883,5.0,10.0,15.0,32.0,95.0
2013-07-14,CUT,O3,1,161.0,25.36024844720497,18.915784676768986,3.0,8.0,22.0,40.0,66.0
2013-07-14,CUT,PM10,2,158.0,34.20253164556962,20.48792078295273,2.0,20.0,32.0,44.75,153.0
2013-07-14,CUT,SO2,1,161.0,3.3850931677018634,4.150394727916311,0.0,1.0,1.0,3.0,22.0
2013-07-14,FAC,CO,15,161.0,0.9074534161490686,0.5269668864159129,0.0,0.5,0.9,1.2,2.5
2013-07-14,FAC,NO,1,161.0,20.41614906832298,28.085485354140474,1.0,5.0,10.0,21.0,163.0
2013-07-14,FAC,NO2,1,161.0,21.975155279503106,10.96354773246268,6.0,15.0,19.0,29.0,56.0
2013-07-14,FAC,NOX,1,161.0,42.42857142857143,32.89998371688698,7.0,22.0,31.0,51.0,177.0
2013-07-14,FAC,O3,1,161.0,28.372670807453417,22.898640755451076,1.0,12.0,22.0,40.0,91.0
2013-07-14,FAC,PM10,2,154.0,23.272727272727273,13.54357418348996,1.0,13.0,21.5,31.0,67.0
2013-07-14,FAC,SO2,1,161.0,3.1490683229813663,4.406261425693304,0.0,1.0,2.0,4.0,35.0
2013-07-14,HGM,CO,15,156.0,0.6583333333333331,0.30878708257566606,0.2,0.4,0.6,0.8,1.6
2013-07-14,HGM,NO,1,156.0,14.705128205128204,18.38239618931321,0.0,3.0,6.0,20.0,93.0
2013-07-14,HGM,NO2,1,156.0,26.871794871794872,10.478683707485496,8.0,19.0,24.5,32.0,67.0
2013-07-14,HGM,NOX,1,156.0,41.583333333333336,24.91921355703415,8.0,24.0,33.5,53.25,130.0
2013-07-14,HGM,O3,1,156.0,25.685897435897434,25.433481739293207,0.0,6.0,16.0,37.5,106.0
2013-07-14,HGM,PM10,2,154.0,31.967532467532468,18.468987902235625,6.0,19.0,25.0,40.0,97.0
2013-07-14,HGM,PM2.5,2,154.0,19.448051948051948,14.931671041844545,2.0,9.25,15.0,25.0,79.0
2013-07-14,HGM,PMCO,2,154.0,12.46103896103896,6.750582755655677,2.0,7.0,11.5,16.0,37.0
2013-07-14,HGM,SO2,1,156.0,4.961538461538462,4.397777467099044,1.0,2.0,3.0,6.0,23.0
2013-07-14,IZT,CO,15,155.0,0.5980645161290321,0.335452973022065,0.1,0.4,0.5,0.8,1.8
2013-07-14,IZT,NO,1,155.0,16.322580645161292,17.24044455232987,1.0,4.0,9.0,23.5,79.0
2013-07-14,IZT,NO2,1,155.0,30.387096774193548,9.907616836892604,14.0,24.0,28.0,37.0,58.0
2013-07-14,IZT,NOX,1,155.0,46.75483870967742,23.175878059686386,15.0,28.5,41.0,60.0,106.0
2013-07-14,IZT,O3,1,155.0,24.470967741935485,25.771803195866703,0.0,5.0,14.0,37.0,97.0
2013-07-14,IZT,PM10,2,155.0,26.548387096774192,12.095503913195106,4.0,18.0,24.0,32.0,66.0
2013-07-14,IZT,SO2,1,155.0,4.019354838709678,4.776118850005274,0.0,1.0,2.0,4.0,24.0
2013-07-14,LLA,CO,15,0.0,,,,,,,
2013-07-14,LLA,NO,1,157.0,16.878980891719745,19.195468989425375,1.0,4.0,10.0,23.0,107.0
2013-07-14,LLA,NO2,1,157.0,23.668789808917197,9.517452615867343,7.0,16.0,23.0,29.0,59.0
2013-07-14,LLA,NOX,1,157.0,40.59235668789809,25.400877083083305,10.0,21.0,33.0,56.0,132.0
2013-07-14,LLA,O3,1,157.0,21.796178343949045,19.73047195996237,0.0,6.0,15.0,33.0,70.0
2013-07-14,LLA,SO2,1,157.0,2.961783439490446,6.68224335729657,0.0,0.0,1.0,2.0,46.0
2013-07-14,LPR,CO,15,0.0,,,,,,,
2013-07-14,LPR,NO,1,156.0,16.596153846153847,19.275851128408465,1.0,5.0,9.0,20.0,114.0
2013-07-14,LPR,NO2,1,156.0,22.358974358974358,11.502565614482158,6.0,13.0,21.0,29.25,60.0
2013-07-14,LPR,NOX,1,156.0,38.96153846153846,27.756518470764053,7.0,17.75,30.5,53.0,144.0
2013-07-14,LPR,O3,1,156.0,28.32051282051282,21.40093069410833,2.0,8.75,24.0,42.0,81.0
2013-07-14,LPR,SO2,1,156.0,3.3461538461538463,3.9654212584319293,1.0,2.0,2.0,3.0,30.0
2013-07-14,MER,CO,15,155.0,0.9625806451612903,0.4082188722669564,0.4,0.6,0.9,1.2,2.1
2013-07-14,MER,NO,1,155.0,23.806451612903224,21.68400475010356,2.0,6.0,17.0,36.0,91.0
2013-07-14,MER,NO2,1,155.0,33.76129032258064,11.216918964293592,14.0,26.0,31.0,41.0,68.0
2013-07-14,MER,NOX,1,155.0,57.60645161290323,28.351572203637986,17.0,36.5,50.0,79.5,135.0
2013-07-14,MER,O3,1,155.0,23.316129032258065,25.49070491113103,0.0,4.0,12.0,32.5,101.0
2013-07-14,MER,PM10,2,157.0,37.87898089171974,17.842742659732206,5.0,26.0,33.0,44.0,86.0
2013-07-14,MER,PM2.5,2,157.0,21.0,12.315822635109974,1.0,12.0,18.0,27.0,59.0
2013-07-14,MER,PMCO,2,157.0,16.878980891719745,8.800750491359869,2.0,10.0,16.0,22.0,58.0
2013-07-14,MER,SO2,1,155.0,4.561290322580645,4.4606269883785625,1.0,2.0,3.0,5.0,27.0
2013-07-14,MON,CO,15,0.0,,,,,,,
2013-07-14,MON,NO,1,155.0,6.374193548387097,13.04943069221286,0.0,1.0,2.0,4.5,71.0
2013-07-14,MON,NO2,1,155.0,14.335483870967742,8.516811045293407,3.0,8.0,13.0,19.0,51.0
2013-07-14,MON,NOX,1,155.0,20.716129032258063,17.123218397688294,4.0,9.0,15.0,26.0,86.0
2013-07-14,MON,O3,1,155.0,29.01290322580645,22.362708724940905,0.0,11.0,26.0,43.5,76.0
2013-07-14,MON,SO2,1,0.0,,,,,,,
2013-07-14,NEZ,CO,15,0.0,,,,,,,
2013-07-14,NEZ,NO,1,157.0,9.86624203821656,11.767564908005347,0.0,2.0,5.0,14.0,65.0
2013-07-14,NEZ,NO2,1,157.0,25.305732484076433,11.750429572279677,8.0,17.0,23.0,31.0,59.0
2013-07-14,NEZ,NOX,1,157.0,35.203821656050955,20.408249605686162,9.0,20.0,29.0,45.0,107.0
2013-07-14,NEZ,O3,1,0.0,,,,,,,
2013-07-14,NEZ,PM2.5,2,156.0,16.243589743589745,8.672813878954795,3.0,10.0,14.5,20.0,49.0
2013-07-14,NEZ,SO2,1,0.0,,,,,,,
2013-07-14,PED,CO,15,126.0,0.39920634920634906,0.19369916127687573,0.1,0.3,0.4,0.5,1.1
2013-07-14,PED,NO,1,126.0,8.0,9.619147571380742,1.0,2.0,4.0,10.75,47.0
2013-07-14,PED,NO2,1,126.0,22.00793650793651,8.589757651292409,7.0,17.0,21.0,26.0,59.0
2013-07-14,PED,NOX,1,126.0,30.023809523809526,15.3703425001341,7.0,20.0,28.0,37.0,92.0
2013-07-14,PED,O3,1,126.0,33.73015873015873,25.501188269855252,3.0,15.0,27.0,42.75,108.0
2013-07-14,PED,PM10,2,130.0,29.623076923076923,16.181272256979742,2.0,18.25,25.0,40.0,79.0
2013-07-14,PED,PM2.5,2,130.0,17.346153846153847,10.684852379127413,1.0,10.0,14.5,22.0,51.0
2013-07-14,PED,PMCO,2,130.0,12.323076923076924,6.813365097184013,1.0,7.0,11.0,17.0,32.0
2013-07-14,PED,SO2,1,126.0,4.317460317460317,3.570211856236644,1.0,2.0,3.0,5.0,28.0
2013-07-14,SAG,CO,15,0.0,,,,,,,
2013-07-14,SAG,NO,1,155.0,13.703225806451613,14.041762475654764,2.0,4.5,7.0,19.0,78.0
2013-07-14,SAG,NO2,1,155.0,21.81935483870968,8.812233945687757,9.0,15.0,21.0,26.0,53.0
2013-07-14,SAG,NOX,1,155.0,35.43225806451613,19.952221942742394,10.0,20.0,29.0,47.5,101.0
2013-07-14,SAG,O3,1,155.0,23.974193548387095,20.284005722344745,2.0,8.0,18.0,35.0,77.0
2013-07-14,SAG,PM10,2,161.0,32.11801242236025,15.807980137413024,7.0,21.0,29.0,39.0,83.0
2013-07-14,SAG,PM2.5,2,161.0,16.677018633540374,9.862557024215404,1.0,9.0,14.0,23.0,49.0
2013-07-14,SAG,PMCO,2,161.0,15.459627329192546,9.084322889475498,2.0,10.0,14.0,18.0,68.0
2013-07-14,SAG,SO2,1,155.0,3.0516129032258066,6.024617839242864,0.0,0.5,1.0,2.0,36.0
2013-07-14,SFE,CO,15,155.0,0.6587096774193549,0.18261701346544382,0.4,0.5,0.6,0.7,1.2
2013-07-14,SFE,NO,1,155.0,8.974193548387097,13.692328114059883,1.0,2.0,4.0,10.0,93.0
2013-07-14,SFE,NO2,1,155.0,19.509677419354837,7.128111297846486,6.0,15.5,18.0,23.0,46.0
2013-07-14,SFE,NOX,1,155.0,28.490322580645163,17.093086527544493,7.0,18.0,24.0,33.0,112.0
2013-07-14,SFE,O3,1,155.0,39.193548387096776,29.52306973229745,0.0,17.5,33.0,51.0,123.0
2013-07-14,SFE,PM10,2,153.0,29.013071895424837,16.409234774848972,4.0,17.0,26.0,36.0,87.0
2013-07-14,SFE,PM2.5,2,153.0,17.333333333333332,11.443223690073207,1.0,10.0,14.0,23.0,60.0
2013-07-14,SFE,PMCO,2,153.0,11.69281045751634,6.175376662017035,1.0,7.0,11.0,16.0,29.0
2013-07-14,SFE,SO2,1,84.0,2.9523809523809526,3.0096421830500484,0.0,1.0,2.0,4.0,14.0
2013-07-14,SJA,CO,15,161.0,0.5291925465838505,0.31257794059098193,0.1,0.3,0.5,0.7,1.9
2013-07-14,SJA,NO,1,161.0,16.40993788819876,19.506240043153326,1.0,3.0,7.0,25.0,132.0
2013-07-14,SJA,NO2,1,161.0,27.919254658385093,12.745575288742124,7.0,18.0,26.0,37.0,59.0
2013-07-14,SJA,NOX,1,161.0,44.32919254658385,27.514945120224098,9.0,21.0,38.0,64.0,173.0
2013-07-14,SJA,O3,1,161.0,22.720496894409937,23.327615389309575,0.0,5.0,13.0,35.0,85.0
2013-07-14,SJA,PM2.5,2,157.0,15.847133757961783,8.94152342114969,2.0,10.0,14.0,19.0,45.0
2013-07-14,SJA,SO2,1,161.0,3.7888198757763973,4.48526746399838,1.0,2.0,2.0,4.0,31.0
2013-07-14,SUR,CO,15,161.0,0.8118012422360245,0.3583606566692938,0.3,0.6,0.8,0.9,2.2
2013-07-14,SUR,NO,1,161.0,11.77639751552795,15.10379718617122,1.0,3.0,6.0,13.0,94.0
2013-07-14,SUR,NO2,1,161.0,25.391304347826086,9.929862733847003,8.0,19.0,23.0,30.0,66.0
2013-07-14,SUR,NOX,1,161.0,37.16770186335404,20.909099701100455,9.0,23.0,32.0,45.0,119.0
2013-07-14,SUR,O3,1,161.0,31.96894409937888,27.26752243059692,1.0,12.0,23.0,42.0,115.0
2013-07-14,SUR,PM10,2,154.0,25.051948051948052,13.41338333118981,1.0,16.0,24.0,32.0,82.0
2013-07-14,SUR,SO2,1,161.0,3.937888198757764,5.948413066728174,0.0,1.0,2.0,4.0,44.0
2013-07-14,TAH,CO,15,153.0,0.4169934640522877,0.2129958146590292,0.1,0.3,0.4,0.6,1.0
2013-07-14,TAH,NO,1,157.0,6.031847133757962,5.645988344545049,2.0,3.0,4.0,6.0,38.0
2013-07-14,TAH,NO2,1,157.0,16.745222929936304,8.057409759551579,3.0,10.0,16.0,21.0,39.0
2013-07-14,TAH,NOX,1,157.0,22.751592356687897,11.338416686688083,6.0,13.0,20.0,30.0,56.0
2013-07-14,TAH,O3,1,157.0,34.84076433121019,24.74057954727678,1.0,15.0,30.0,49.0,103.0
2013-07-14,TAH,PM10,2,151.0,24.264900662251655,13.186205917172163,2.0,14.0,21.0,34.0,63.0
2013-07-14,TAH,SO2,1,0.0,,,,,,,
2013-07-14,TLA,CO,15,145.0,0.7875862068965523,0.4056686453356101,0.3,0.5,0.7,0.9,2.9
2013-07-14,TLA,NO,1,149.0,21.221476510067113,29.04257025461723,1.0,7.0,11.0,25.0,189.0
2013-07-14,TLA,NO2,1,149.0,28.08053691275168,8.983104846474289,13.0,21.0,27.0,32.0,53.0
2013-07-14,TLA,NOX,1,149.0,49.38255033557047,33.086822173789216,15.0,30.0,36.0,60.0,220.0
2013-07-14,TLA,O3,1,149.0,24.12751677852349,20.94177532892284,1.0,8.0,18.0,34.0,84.0
2013-07-14,TLA,PM10,2,153.0,38.431372549019606,19.40522335605679,10.0,24.0,33.0,47.0,95.0
2013-07-14,TLA,PM2.5,2,153.0,20.15686274509804,11.270080118719342,2.0,13.0,18.0,23.0,52.0
2013-07-14,TLA,PMCO,2,153.0,18.248366013071895,10.21369117626436,3.0,10.0,15.0,24.0,55.0
2013-07-14,TLA,SO2,1,150.0,6.653333333333333,5.606787194090837,2.0,3.0,5.0,8.0,33.0
2013-07-14,TLI,CO,15,157.0,0.5598726114649681,0.22894962849082165,0.3,0.4,0.5,0.7,1.6
2013-07-14,TLI,NO,1,157.0,10.815286624203821,18.372157605397803,1.0,2.0,4.0,13.0,134.0
2013-07-14,TLI,NO2,1,157.0,19.70700636942675,9.706105101282319,5.0,12.0,18.0,25.0,52.0
2013-07-14,TLI,NOX,1,157.0,30.528662420382165,23.80760504155755,7.0,14.0,23.0,41.0,158.0
2013-07-14,TLI,O3,1,157.0,25.62420382165605,20.09765071509311,1.0,9.0,19.0,39.0,73.0
2013-07-14,TLI,PM10,2,147.0,28.19047619047619,21.27714489721703,1.0,12.5,24.0,40.0,132.0
2013-07-14,TLI,SO2,1,157.0,3.343949044585987,5.314124111677293,0.0,1.0,1.0,3.0,32.0
2013-07-14,TPN,CO,15,0.0,,,,,,,
2013-07-14,TPN,NO,1,158.0,13.259493670886076,11.12991056999732,0.0,6.0,10.5,18.0,51.0
2013-07-14,TPN,NO2,1,158.0,16.968354430379748,9.751316021636962,2.0,9.0,16.5,23.0,62.0
2013-07-14,TPN,NOX,1,158.0,30.189873417721518,16.512551450272234,2.0,19.25,28.5,39.0,94.0
2013-07-14,TPN,O3,1,158.0,26.79113924050633,23.12030397764496,0.0,7.25,22.0,37.75,98.0
2013-07-14,TPN,SO2,1,158.0,3.6455696202531644,5.705150147761054,1.0,1.0,2.0,3.0,42.0
2013-07-14,UAX,CO,15,156.0,0.6173076923076927,0.2702838320653504,0.2,0.4,0.6,0.8,1.4
2013-07-14,UAX,NO,1,156.0,9.173076923076923,12.791712771664098,0.0,1.0,3.0,11.5,60.0
2013-07-14,UAX,NO2,1,156.0,24.01923076923077,10.169829607381638,7.0,16.0,23.0,30.0,58.0
2013-07-14,UAX,NOX,1,156.0,33.18589743589744,18.903764597656373,8.0,18.0,29.0,42.5,83.0
2013-07-14,UAX,O3,1,156.0,31.21794871794872,27.731266823498395,1.0,8.5,24.0,47.0,107.0
2013-07-14,UAX,PM2.5,2,158.0,16.120253164556964,8.075564774820073,2.0,11.0,15.0,19.75,43.0
2013-07-14,UAX,SO2,1,156.0,5.012820512820513,7.61067771089996,1.0,1.0,2.0,4.25,52.0
2013-07-14,UIZ,CO,15,159.0,0.687421383647799,0.34120822892950964,0.2,0.4,0.6,1.0,1.7
2013-07-14,UIZ,NO,1,159.0,12.421383647798741,15.900156693678472,1.0,2.0,5.0,17.0,84.0
2013-07-14,UIZ,NO2,1,159.0,27.761006289308177,10.763545554556993,9.0,20.5,25.0,33.0,57.0
2013-07-14,UIZ,NOX,1,159.0,40.144654088050316,22.879662208156276,10.0,24.0,33.0,57.0,128.0
2013-07-14,UIZ,O3,1,159.0,28.553459119496857,24.60771922697628,2.0,8.5,20.0,43.5,110.0
2013-07-14,UIZ,PM10,2,158.0,34.62658227848101,16.505735030034923,12.0,23.0,30.5,42.75,86.0
2013-07-14,UIZ,PM2.5,2,158.0,20.0126582278481,11.403981504838669,3.0,12.0,17.0,24.0,58.0
2013-07-14,UIZ,PMCO,2,158.0,14.550632911392405,8.392859771155061,3.0,8.25,13.0,18.0,51.0
2013-07-14,UIZ,SO2,1,159.0,5.1257861635220126,7.323226564914753,0.0,2.0,3.0,5.0,51.0
2013-07-14,VIF,CO,15,159.0,0.5905660377358488,0.25353012774561445,0.3,0.4,0.5,0.7,1.7
2013-07-14,VIF,NO,1,159.0,7.509433962264151,10.81774674385948,1.0,2.0,3.0,7.0,62.0
2013-07-14,VIF,NO2,1,159.0,14.339622641509434,8.641839780591175,3.0,8.0,13.0,18.5,48.0
2013-07-14,VIF,NOX,1,159.0,21.88050314465409,17.065534435464592,4.0,10.0,16.0,28.5,90.0
2013-07-14,VIF,O3,1,159.0,28.40880503144654,19.496904602252673,1.0,13.0,25.0,39.0,73.0
2013-07-14,VIF,PM10,2,150.0,32.473333333333336,21.4415693188392,2.0,17.0,28.5,42.75,98.0
2013-07-14,VIF,SO2,1,159.0,2.6289308176100628,4.218034606095766,0.0,1.0,1.0,2.0,22.0
2013-07-14,XAL,CO,15,142.0,0.5295774647887322,0.42255365724062527,0.0,0.2,0.4,0.7,1.8
2013-07-14,XAL,NO,1,142.0,29.408450704225352,27.639050113918174,3.0,11.0,16.0,39.75,116.0
2013-07-14,XAL,NO2,1,142.0,26.718309859154928,9.439892863004765,11.0,19.0,26.0,32.0,64.0
2013-07-14,XAL,NOX,1,142.0,56.140845070422536,34.00700627630336,16.0,31.0,41.5,74.0,156.0
2013-07-14,XAL,O3,1,142.0,25.35211267605634,21.456932680230693,2.0,7.25,19.0,39.75,76.0
2013-07-14,XAL,PM10,2,108.0,58.101851851851855,26.085388116225314,8.0,38.75,57.5,74.25,140.0
2013-07-14,XAL,PM2.5,2,108.0,30.59259259259259,18.629710487332158,1.0,16.0,30.0,41.25,85.0
2013-07-14,XAL,PMCO,2,108.0,27.546296296296298,14.174733516596646,4.0,18.0,25.0,36.0,68.0
2013-07-14,XAL,SO2,1,142.0,5.640845070422535,4.807413821337347,2.0,3.0,4.0,6.0,43.0
2013-07-21,ACO,CO,15,151.0,0.2668874172185433,0.1374636215171784,0.1,0.2,0.2,0.4,0.7
2013-07-21,ACO,NO,1,150.0,6.433333333333334,9.466590257119867,0.0,1.0,2.0,6.0,54.0
2013-07-21,ACO,NO2,1,150.0,12.5,5.873098721339871,3.0,8.0,12.0,16.0,31.0
2013-07-21,ACO,NOX,1,150.0,18.893333333333334,12.666685505696577,3.0,9.25,14.0,24.75,69.0
2013-07-21,ACO,O3,1,151.0,29.4635761589404,19.816752116811706,2.0,12.0,28.0,44.0,74.0
2013-07-21,ACO,PM10,2,156.0,21.006410256410255,11.941522459197026,2.0,13.0,19.5,25.0,89.0
2013-07-21,ACO,SO2,1,151.0,1.1920529801324504,1.2946826215361542,0.0,1.0,1.0,1.0,11.0
2013-07-21,ATI,CO,15,0.0,,,,,,,
2013-07-21,ATI,NO,1,156.0,7.371794871794871,11.083389459860236,0.0,1.0,3.0,8.0,64.0
2013-07-21,ATI,NO2,1,156.0,18.102564102564102,7.192450779926881,5.0,13.0,17.0,23.0,39.0
2013-07-21,ATI,NOX,1,156.0,25.487179487179485,14.49559985717009,5.0,15.0,22.5,32.0,81.0
2013-07-21,ATI,O3,1,156.0,27.602564102564102,22.776241012802878,0.0,10.0,21.0,41.0,83.0
2013-07-21,ATI,PM10,2,156.0,28.692307692307693,15.366748930880421,4.0,17.0,27.0,38.0,78.0
2013-07-21,ATI,SO2,1,156.0,3.9423076923076925,4.124263976744933,2.0,2.0,3.0,4.0,32.0
2013-07-21,CAM,CO,15,160.0,0.7081249999999996,0.3383221409680163,0.2,0.5,0.6,0.8250000000000001,2.0
2013-07-21,CAM,NO,1,160.0,23.6875,26.42663690984496,2.0,7.0,12.0,30.5,147.0
2013-07-21,CAM,NO2,1,160.0,30.35,9.571446004463075,13.0,23.0,28.0,36.25,59.0
2013-07-21,CAM,NOX,1,160.0,53.94375,29.577155657575535,18.0,32.0,48.0,69.25,169.0
2013-07-21,CAM,O3,1,160.0,23.68125,26.868038077347343,0.0,2.0,10.5,37.25,100.0
2013-07-21,CAM,PM10,2,159.0,39.742138364779876,14.992071253224042,11.0,28.0,37.0,51.5,86.0
2013-07-21,CAM,PM2.5,2,159.0,24.729559748427672,9.489291455983285,6.0,18.0,23.0,31.5,49.0
2013-07-21,CAM,PMCO,2,159.0,15.09433962264151,7.756412172045821,4.0,9.0,13.0,19.0,42.0
2013-07-21,CAM,SO2,1,149.0,2.651006711409396,2.053099747766527,1.0,2.0,2.0,3.0,13.0
2013-07-21,CHO,CO,15,0.0,,,,,,,
2013-07-21,CHO,NO,1,161.0,16.17391304347826,24.259164561406294,1.0,5.0,8.0,15.0,153.0
2013-07-21,CHO,NO2,1,161.0,16.84472049689441,6.998713280142267,5.0,11.0,17.0,21.0,41.0
2013-07-21,CHO,NOX,1,161.0,33.0,27.522944973240055,6.0,18.0,25.0,37.0,173.0
2013-07-21,CHO,O3,1,161.0,25.683229813664596,17.098034375421797,1.0,10.0,26.0,36.0,67.0
2013-07-21,CHO,PM10,2,145.0,32.213793103448275,21.570358457491487,2.0,16.0,29.0,44.0,102.0
2013-07-21,CHO,SO2,1,0.0,,,,,,,
2013-07-21,COY,NO,1,159.0,16.18867924528302,19.54001730021414,1.0,3.0,7.0,23.5,90.0
2013-07-21,COY,NO2,1,159.0,28.31446540880503,11.763028524172876,4.0,19.5,27.0,37.0,60.0
2013-07-21,COY,NOX,1,159.0,44.55974842767296,26.145307489753854,5.0,24.5,38.0,60.5,124.0
2013-07-21,COY,O3,1,161.0,26.869565217391305,27.20687652845844,1.0,5.0,17.0,42.0,120.0
2013-07-21,COY,PM2.5,2,161.0,20.366459627329192,12.651427508879083,2.0,11.0,17.0,24.0,57.0
2013-07-21,CUA,CO,15,154.0,0.6240259740259738,0.18996222355974893,0.3,0.5,0.6,0.7,1.3
2013-07-21,CUA,NO,1,148.0,10.283783783783784,13.621232196022742,2.0,3.75,5.0,10.0,85.0
2013-07-21,CUA,NO2,1,148.0,21.85810810810811,7.458739233558141,7.0,16.0,22.0,27.0,43.0
2013-07-21,CUA,NOX,1,148.0,32.0945945945946,17.51280885478364,8.0,21.0,28.5,37.25,119.0
2013-07-21,CUA,O3,1,154.0,32.68181818181818,25.861800771722535,1.0,13.0,24.5,51.25,103.0
2013-07-21,CUA,PM10,2,154.0,22.928571428571427,12.212233844067384,2.0,13.0,22.0,30.0,72.0
2013-07-21,CUA,SO2,1,154.0,1.9285714285714286,1.7305677139342632,0.0,1.0,1.0,2.0,14.0
2013-07-21,CUT,NO,1,160.0,8.3125,14.604293113961065,0.0,1.0,2.5,9.0,78.0
2013-07-21,CUT,NO2,1,160.0,13.79375,6.436039325645691,4.0,8.0,14.0,18.0,30.0
2013-07-21,CUT,NOX,1,160.0,22.10625,18.087348118220238,5.0,10.0,17.0,27.0,99.0
2013-07-21,CUT,O3,1,160.0,26.68125,20.530196160838702,3.0,7.0,24.0,44.0,71.0
2013-07-21,CUT,PM10,2,160.0,36.45625,22.950821603248762,4.0,21.0,32.0,44.25,135.0
2013-07-21,CUT,SO2,1,160.0,2.70625,5.9638289956460175,0.0,1.0,1.0,2.0,49.0
2013-07-21,FAC,CO,15,157.0,0.8955414012738852,0.45437248204706865,0.1,0.6,0.8,1.2,2.7
2013-07-21,FAC,NO,1,157.0,21.694267515923567,25.025285269611064,1.0,7.0,14.0,25.0,174.0
2013-07-21,FAC,NO2,1,157.0,22.96815286624204,9.821105205813733,5.0,16.0,21.0,28.0,51.0
2013-07-21,FAC,NOX,1,157.0,44.70700636942675,28.89287489722825,6.0,27.0,39.0,55.0,189.0
2013-07-21,FAC,O3,1,157.0,27.171974522292995,25.101889382344297,1.0,6.0,19.0,44.0,100.0
2013-07-21,FAC,PM10,2,159.0,22.647798742138363,13.395700408250153,1.0,12.0,19.0,31.0,58.0
2013-07-21,FAC,SO2,1,157.0,2.2420382165605095,2.6923473551125254,0.0,1.0,1.0,2.0,23.0
2013-07-21,HGM,CO,15,155.0,0.7335483870967738,0.2711872452644758,0.3,0.6,0.7,0.9,1.6
2013-07-21,HGM,NO,1,156.0,16.03205128205128,18.173862788860294,0.0,3.0,8.5,23.0,80.0
2013-07-21,HGM,NO2,1,156.0,28.365384615384617,10.33883161706173,6.0,22.0,26.0,35.0,57.0
2013-07-21,HGM,NOX,1,156.0,44.41025641025641,23.709225588330504,7.0,25.0,38.5,60.0,121.0
2013-07-21,HGM,O3,1,156.0,24.358974358974358,26.852031512729685,0.0,4.0,12.0,39.0,120.0
2013-07-21,HGM,PM10,2,154.0,32.467532467532465,17.762105816085395,4.0,21.0,27.0,38.0,89.0
2013-07-21,HGM,PM2.5,2,154.0,20.214285714285715,14.154130225048718,2.0,11.0,16.0,24.75,70.0
2013-07-21,HGM,PMCO,2,154.0,12.305194805194805,6.287582868465106,2.0,8.0,11.0,15.75,32.0
2013-07-21,HGM,SO2,1,156.0,3.1923076923076925,2.294777758908075,1.0,2.0,2.0,4.0,20.0
2013-07-21,IZT,CO,15,56.0,0.7071428571428571,0.3779644730092272,0.2,0.475,0.6,0.8250000000000001,1.6
2013-07-21,IZT,NO,1,151.0,20.71523178807947,23.64864407203753,1.0,5.0,9.0,27.5,128.0
2013-07-21,IZT,NO2,1,151.0,30.56291390728477,9.79494846604813,9.0,24.0,28.0,36.5,58.0
2013-07-21,IZT,NOX,1,151.0,51.21854304635762,27.714471319687874,12.0,30.0,43.0,64.0,150.0
2013-07-21,IZT,O3,1,151.0,23.602649006622517,26.3178214575089,0.0,3.0,10.0,38.5,108.0
2013-07-21,IZT,PM10,2,156.0,25.737179487179485,10.737400526100304,7.0,18.0,24.0,31.0,58.0
2013-07-21,IZT,SO2,1,149.0,2.0939597315436242,2.1571448906943145,0.0,1.0,2.0,2.0,18.0
2013-07-21,LLA,CO,15,0.0,,,,,,,
2013-07-21,LLA,NO,1,161.0,15.79503105590062,22.50031055686297,1.0,3.0,7.0,20.0,143.0
2013-07-21,LLA,NO2,1,161.0,22.322981366459626,9.759996468027053,5.0,15.0,22.0,28.0,55.0
2013-07-21,LLA,NOX,1,161.0,38.08695652173913,27.565919017953096,6.0,19.0,29.0,50.0,166.0
2013-07-21,LLA,O3,1,161.0,25.316770186335404,23.21029468798502,0.0,6.0,16.0,44.0,78.0
2013-07-21,LLA,SO2,1,161.0,0.7391304347826086,1.5949989777835094,0.0,0.0,0.0,1.0,13.0
2013-07-21,LPR,CO,15,0.0,,,,,,,
2013-07-21,LPR,NO,1,159.0,16.647798742138363,20.239746072348908,1.0,5.0,10.0,17.5,138.0
2013-07-21,LPR,NO2,1,159.0,23.132075471698112,9.355234916809858,6.0,16.0,22.0,30.0,47.0
2013-07-21,LPR,NOX,1,159.0,39.78616352201258,26.499191480351463,7.0,21.0,32.0,51.0,167.0
2013-07-21,LPR,O3,1,159.0,28.9874213836478,23.357428390774803,2.0,9.0,21.0,46.5,91.0
2013-07-21,LPR,SO2,1,159.0,2.0314465408805034,1.7839700558301732,1.0,1.0,2.0,2.0,14.0
2013-07-21,MER,CO,15,154.0,1.0538961038961043,0.4259757145618584,0.3,0.7,0.95,1.375,2.3
2013-07-21,MER,NO,1,154.0,26.48701298701299,26.459794883328254,0.0,6.0,16.5,38.75,106.0
2013-07-21,MER,NO2,1,154.0,33.94155844155844,9.749970345513484,12.0,27.0,32.0,40.0,60.0
2013-07-21,MER,NOX,1,154.0,60.41558441558441,31.015218971114173,13.0,35.0,52.5,83.75,134.0
2013-07-21,MER,O3,1,154.0,24.0974025974026,27.403250959403447,0.0,2.25,11.5,36.75,108.0
2013-07-21,MER,PM10,2,155.0,36.3741935483871,15.788022908676478,8.0,25.0,32.0,44.5,79.0
2013-07-21,MER,PM2.5,2,155.0,20.15483870967742,10.077712283867498,1.0,13.0,18.0,25.5,47.0
2013-07-21,MER,PMCO,2,155.0,16.193548387096776,7.432026846121766,4.0,11.0,15.0,21.0,35.0
2013-07-21,MER,SO2,1,154.0,3.1818181818181817,2.087793798994104,2.0,2.0,3.0,3.0,19.0
2013-07-21,MON,CO,15,0.0,,,,,,,
2013-07-21,MON,NO,1,161.0,7.043478260869565,15.80638629877453,0.0,1.0,2.0,7.0,108.0
2013-07-21,MON,NO2,1,161.0,12.770186335403727,6.637251358059458,3.0,8.0,11.0,17.0,40.0
2013-07-21,MON,NOX,1,161.0,19.838509316770185,19.604814657730763,3.0,9.0,14.0,24.0,133.0
2013-07-21,MON,O3,1,161.0,29.68944099378882,19.867761582789313,1.0,12.0,29.0,45.0,73.0
2013-07-21,MON,SO2,1,0.0,,,,,,,
2013-07-21,NEZ,CO,15,0.0,,,,,,,
2013-07-21,NEZ,NO,1,159.0,10.515723270440251,16.07020016964805,0.0,2.0,4.0,11.5,96.0
2013-07-21,NEZ,NO2,1,159.0,23.842767295597483,10.609008944035246,7.0,15.5,23.0,30.0,60.0
2013-07-21,NEZ,NOX,1,159.0,34.339622641509436,23.240577289905936,7.0,18.0,27.0,41.5,136.0
2013-07-21,NEZ,O3,1,92.0,28.956521739130434,24.9381269701584,3.0,9.0,19.0,43.0,100.0
2013-07-21,NEZ,PM2.5,2,158.0,14.430379746835444,6.50268644985016,1.0,10.0,14.0,18.0,38.0
2013-07-21,NEZ,SO2,1,100.0,3.84,1.3612234544443067,2.0,3.0,3.0,4.0,12.0
2013-07-21,PED,CO,15,110.0,0.4836363636363634,0.20432357533137685,0.1,0.3,0.5,0.6,1.0
2013-07-21,PED,NO,1,110.0,9.881818181818181,11.593047440490555,1.0,2.0,5.0,14.0,54.0
2013-07-21,PED,NO2,1,110.0,22.37272727272727,8.613898616449971,4.0,16.0,23.0,28.0,43.0
2013-07-21,PED,NOX,1,110.0,32.24545454545454,16.450195260343246,5.0,20.0,31.0,41.0,84.0
2013-07-21,PED,O3,1,110.0,30.545454545454547,27.731556020764096,3.0,7.0,21.0,47.25,129.0
2013-07-21,PED,PM10,2,114.0,28.05263157894737,18.0107352968684,5.0,14.0,22.5,36.0,80.0
2013-07-21,PED,PM2.5,2,114.0,17.68421052631579,11.529351377095125,1.0,9.25,13.5,24.0,57.0
2013-07-21,PED,PMCO,2,114.0,10.37719298245614,7.6994314821465135,2.0,5.0,8.0,13.0,38.0
2013-07-21,PED,SO2,1,110.0,3.018181818181818,1.9907207591600562,1.0,2.0,2.5,3.0,19.0
2013-07-21,SAG,CO,15,0.0,,,,,,,
2013-07-21,SAG,NO,1,161.0,15.614906832298137,20.95055551524864,2.0,5.0,8.0,17.0,134.0
2013-07-21,SAG,NO2,1,161.0,21.273291925465838,8.568100414940114,6.0,16.0,21.0,25.0,50.0
2013-07-21,SAG,NOX,1,161.0,36.93167701863354,24.577460259250355,9.0,22.0,29.0,47.0,158.0
2013-07-21,SAG,O3,1,161.0,26.080745341614907,22.06637010115152,2.0,8.0,19.0,42.0,78.0
2013-07-21,SAG,PM10,2,155.0,30.703225806451613,13.14858848458617,6.0,20.0,28.0,41.0,67.0
2013-07-21,SAG,PM2.5,2,155.0,16.696774193548386,8.457974177599505,1.0,10.0,15.0,21.5,42.0
2013-07-21,SAG,PMCO,2,155.0,14.0,7.949516035256813,3.0,8.0,13.0,18.0,46.0
2013-07-21,SAG,SO2,1,161.0,1.68944099378882,1.7579676648217986,0.0,1.0,1.0,2.0,16.0
2013-07-21,SFE,CO,15,147.0,0.5748299319727889,0.18351347881330052,0.2,0.45,0.6,0.7,1.1
2013-07-21,SFE,NO,1,149.0,9.966442953020135,15.25655202952141,1.0,2.0,4.0,10.0,89.0
2013-07-21,SFE,NO2,1,149.0,21.348993288590606,7.771157844874512,5.0,16.0,19.0,26.0,45.0
2013-07-21,SFE,NOX,1,149.0,31.29530201342282,18.972776854313558,7.0,19.0,27.0,36.0,117.0
2013-07-21,SFE,O3,1,150.0,32.1,27.23320860652876,0.0,10.0,22.0,50.75,104.0
2013-07-21,SFE,PM10,2,83.0,25.626506024096386,14.538184242122192,3.0,15.0,21.0,34.0,59.0
2013-07-21,SFE,PM2.5,2,83.0,15.349397590361447,9.954082058767499,1.0,7.5,13.0,22.5,42.0
2013-07-21,SFE,PMCO,2,83.0,10.337349397590362,5.7599904904091,2.0,6.0,8.0,14.0,26.0
2013-07-21,SFE,SO2,1,118.0,1.0847457627118644,1.8424077111560295,0.0,0.0,0.0,1.0,10.0
2013-07-21,SJA,CO,15,156.0,0.7121794871794873,0.3662086394072505,0.1,0.5,0.6,0.9,2.0
2013-07-21,SJA,NO,1,156.0,21.384615384615383,26.509027443121127,1.0,4.0,9.0,30.0,159.0
2013-07-21,SJA,NO2,1,156.0,28.628205128205128,10.785425021142338,9.0,21.0,28.0,35.0,62.0
2013-07-21,SJA,NOX,1,156.0,49.916666666666664,31.149371315218126,12.0,25.75,40.5,65.25,184.0
2013-07-21,SJA,O3,1,156.0,22.814102564102566,25.086895303397085,0.0,3.0,13.0,34.0,92.0
2013-07-21,SJA,PM2.5,2,152.0,15.453947368421053,6.682822514882727,1.0,11.0,15.5,20.0,38.0
2013-07-21,SJA,SO2,1,156.0,2.7884615384615383,2.231763704062156,1.0,2.0,2.0,3.0,17.0
2013-07-21,SUR,CO,15,156.0,0.8435897435897436,0.3801832303880865,0.2,0.5,0.8,1.1,1.8
2013-07-21,SUR,NO,1,155.0,13.574193548387097,15.435642842534794,1.0,3.0,6.0,19.0,78.0
2013-07-21,SUR,NO2,1,155.0,26.690322580645162,11.066251340288398,7.0,18.0,25.0,35.0,54.0
2013-07-21,SUR,NOX,1,155.0,40.24516129032258,22.1972684453483,9.0,22.0,36.0,54.0,102.0
2013-07-21,SUR,O3,1,156.0,30.044871794871796,28.038301671617326,1.0,9.0,20.0,45.25,132.0
2013-07-21,SUR,PM10,2,149.0,23.731543624161073,15.76158127291631,1.0,10.0,21.0,35.0,64.0
2013-07-21,SUR,SO2,1,156.0,1.6666666666666667,2.6109776523507944,0.0,1.0,1.0,2.0,19.0
2013-07-21,TAH,CO,15,160.0,0.3725000000000003,0.2753956559127203,0.0,0.2,0.3,0.525,1.3
2013-07-21,TAH,NO,1,160.0,6.85,7.201676953557155,2.0,3.0,3.0,8.0,36.0
2013-07-21,TAH,NO2,1,160.0,14.94375,8.478049255718553,3.0,8.0,14.0,20.0,43.0
2013-07-21,TAH,NOX,1,160.0,21.75625,13.586779957835535,5.0,10.0,18.0,29.25,60.0
2013-07-21,TAH,O3,1,160.0,32.2375,22.87111481939087,1.0,13.75,29.0,48.0,97.0
2013-07-21,TAH,PM10,2,145.0,22.862068965517242,13.727314968529377,1.0,13.0,20.0,33.0,60.0
2013-07-21,TAH,SO2,1,0.0,,,,,,,
2013-07-21,TLA,CO,15,149.0,0.9973154362416106,0.32631155497279135,0.4,0.8,1.0,1.1,2.1
2013-07-21,TLA,NO,1,149.0,20.738255033557046,22.396728758831745,1.0,7.0,14.0,26.0,155.0
2013-07-21,TLA,NO2,1,149.0,30.44295302013423,8.850395128097595,12.0,24.0,30.0,35.0,61.0
2013-07-21,TLA,NOX,1,149.0,51.2751677852349,25.478358347026514,13.0,34.0,45.0,64.0,179.0
2013-07-21,TLA,O3,1,149.0,25.19463087248322,24.459474992804633,0.0,6.0,15.0,41.0,96.0
2013-07-21,TLA,PM10,2,160.0,38.85625,16.57908316004456,8.0,26.0,36.0,50.0,95.0
2013-07-21,TLA,PM2.5,2,160.0,20.06875,8.868091251945376,1.0,14.0,17.5,26.0,54.0
2013-07-21,TLA,PMCO,2,160.0,18.79375,9.375531431478516,4.0,12.0,17.0,24.0,55.0
2013-07-21,TLA,SO2,1,149.0,4.503355704697986,2.85369405231901,2.0,3.0,4.0,5.0,20.0
2013-07-21,TLI,CO,15,161.0,0.5919254658385089,0.21736350753964645,0.3,0.5,0.6,0.7,1.5
2013-07-21,TLI,NO,1,161.0,9.993788819875776,15.282136996510811,0.0,2.0,4.0,11.0,84.0
2013-07-21,TLI,NO2,1,161.0,20.490683229813666,9.867951923032434,6.0,12.0,19.0,27.0,48.0
2013-07-21,TLI,NOX,1,161.0,30.4472049689441,20.993421773593166,8.0,15.0,26.0,38.0,108.0
2013-07-21,TLI,O3,1,161.0,27.15527950310559,22.728715044578298,1.0,8.0,20.0,44.0,80.0
2013-07-21,TLI,PM10,2,145.0,29.875862068965517,18.621553655278017,1.0,18.0,27.0,41.0,93.0
2013-07-21,TLI,SO2,1,161.0,1.7826086956521738,2.3310288827412515,0.0,1.0,1.0,2.0,17.0
2013-07-21,TPN,CO,15,0.0,,,,,,,
2013-07-21,TPN,NO,1,61.0,12.639344262295081,10.628629241950325,0.0,3.0,11.0,20.0,42.0
2013-07-21,TPN,NO2,1,61.0,20.37704918032787,13.81564805383884,2.0,8.0,20.0,30.0,54.0
2013-07-21,TPN,NOX,1,61.0,32.91803278688525,21.19142521710705,2.0,13.0,30.0,49.0,81.0
2013-07-21,TPN,O3,1,61.0,28.131147540983605,23.9022142696976,3.0,9.0,20.0,38.0,86.0
2013-07-21,TPN,SO2,1,61.0,1.8032786885245902,0.702843560857074,1.0,1.0,2.0,2.0,4.0
2013-07-21,UAX,CO,15,156.0,0.6974358974358977,0.3493678564066205,0.2,0.4,0.6,0.9,2.3
2013-07-21,UAX,NO,1,156.0,11.0,15.531861114413152,0.0,1.0,3.0,15.25,101.0
2013-07-21,UAX,NO2,1,156.0,23.673076923076923,11.724891339499775,2.0,15.0,22.0,32.0,53.0
2013-07-21,UAX,NOX,1,156.0,34.62179487179487,22.932817152807512,3.0,17.0,30.5,47.0,140.0
2013-07-21,UAX,O3,1,156.0,29.73076923076923,26.929620615620276,1.0,7.75,20.5,45.0,117.0
2013-07-21,UAX,PM2.5,2,153.0,16.18954248366013,9.360999464454219,1.0,9.0,14.0,22.0,45.0
2013-07-21,UAX,SO2,1,92.0,1.9021739130434783,1.9558859188775932,1.0,1.0,1.0,2.0,15.0
2013-07-21,UIZ,CO,15,132.0,0.7242424242424242,0.40268587043440357,0.1,0.4,0.6,0.925,2.1
2013-07-21,UIZ,NO,1,156.0,13.294871794871796,17.914570731658245,0.0,2.0,5.0,17.0,85.0
2013-07-21,UIZ,NO2,1,156.0,26.974358974358974,11.230688783604371,6.0,19.0,26.0,33.25,57.0
2013-07-21,UIZ,NOX,1,156.0,40.23717948717949,25.375912423954773,6.0,21.0,33.5,55.0,136.0
2013-07-21,UIZ,O3,1,156.0,29.096153846153847,26.17479182433256,3.0,8.0,20.5,46.0,96.0
2013-07-21,UIZ,PM10,2,161.0,32.869565217391305,15.4499718587052,4.0,22.0,30.0,42.0,80.0
2013-07-21,UIZ,PM2.5,2,161.0,19.652173913043477,11.10025949559582,1.0,12.0,17.0,26.0,58.0
2013-07-21,UIZ,PMCO,2,161.0,13.192546583850932,6.787410706549213,2.0,9.0,12.0,16.0,32.0
2013-07-21,UIZ,SO2,1,156.0,1.8846153846153846,2.1878300885301685,0.0,1.0,1.0,2.0,15.0
2013-07-21,VIF,CO,15,157.0,0.651592356687898,0.2308304671324605,0.4,0.5,0.6,0.8,1.5
2013-07-21,VIF,NO,1,157.0,6.808917197452229,8.7750620992483,1.0,2.0,4.0,8.0,61.0
2013-07-21,VIF,NO2,1,157.0,16.203821656050955,8.968419559983074,4.0,9.0,15.0,21.0,46.0
2013-07-21,VIF,NOX,1,157.0,23.019108280254777,14.913198137452554,6.0,11.0,20.0,29.0,89.0
2013-07-21,VIF,O3,1,157.0,29.751592356687897,21.90529032546745,1.0,13.0,25.0,46.0,87.0
2013-07-21,VIF,PM10,2,148.0,34.445945945945944,19.269758402611526,1.0,20.75,30.5,45.5,112.0
2013-07-21,VIF,SO2,1,158.0,1.3227848101265822,1.4333115517408639,0.0,1.0,1.0,1.0,11.0
2013-07-21,XAL,CO,15,155.0,0.6593548387096775,0.4728604272525876,0.0,0.3,0.5,0.9,2.6
2013-07-21,XAL,NO,1,155.0,35.3741935483871,35.88476296172845,2.0,11.0,22.0,47.0,244.0
2013-07-21,XAL,NO2,1,155.0,29.27741935483871,9.210056251411734,9.0,23.5,27.0,34.0,64.0
2013-07-21,XAL,NOX,1,155.0,64.60645161290323,39.785707930222976,11.0,36.0,54.0,84.0,273.0
2013-07-21,XAL,O3,1,155.0,24.374193548387098,22.913203925207394,2.0,5.0,16.0,40.5,87.0
2013-07-21,XAL,PM10,2,145.0,54.50344827586207,24.27651017671513,11.0,36.0,52.0,71.0,121.0
2013-07-21,XAL,PM2.5,2,145.0,27.020689655172415,16.17846174767777,1.0,15.0,25.0,37.0,81.0
2013-07-21,XAL,PMCO,2,145.0,27.455172413793104,14.276524685234943,3.0,19.0,24.0,35.0,78.0
2013-07-21,XAL,SO2,1,155.0,4.212903225806452,2.2243840436603626,2.0,3.0,4.0,5.0,18.0
2013-07-28,ACO,CO,15,116.0,0.1706896551724138,0.12581369344102158,0.0,0.1,0.1,0.2,0.6
2013-07-28,ACO,NO,1,116.0,4.508620689655173,7.14385803653578,0.0,1.0,2.0,4.25,51.0
2013-07-28,ACO,NO2,1,116.0,11.336206896551724,6.475296153062428,2.0,5.75,10.0,16.25,26.0
2013-07-28,ACO,NOX,1,116.0,15.862068965517242,10.979741465020048,3.0,7.0,13.0,22.25,63.0
2013-07-28,ACO,O3,1,116.0,35.11206896551724,22.031902383559178,2.0,15.0,34.5,52.25,84.0
2013-07-28,ACO,PM10,2,121.0,24.8099173553719,15.99130703934004,3.0,17.0,24.0,29.0,130.0
2013-07-28,ACO,SO2,1,116.0,1.603448275862069,1.559706273043394,0.0,1.0,1.0,2.0,12.0
2013-07-28,ATI,CO,15,115.0,0.5130434782608693,0.26738556795890817,0.2,0.3,0.4,0.6,1.6
2013-07-28,ATI,NO,1,161.0,9.378881987577639,17.211894179381765,0.0,1.0,2.0,8.0,102.0
2013-07-28,ATI,NO2,1,161.0,16.577639751552795,7.012167774262818,5.0,11.0,15.0,21.0,40.0
2013-07-28,ATI,NOX,1,161.0,25.950310559006212,20.89910322305602,6.0,13.0,20.0,27.0,125.0
2013-07-28,ATI,O3,1,161.0,30.944099378881987,24.093632054757997,0.0,12.0,25.0,53.0,88.0
2013-07-28,ATI,PM10,2,156.0,31.608974358974358,17.564837939602505,2.0,19.0,29.0,42.25,101.0
2013-07-28,ATI,SO2,1,161.0,5.956521739130435,7.225257630430007,2.0,2.0,3.0,6.0,49.0
2013-07-28,CAM,CO,15,161.0,0.6018633540372671,0.3345653990047091,0.2,0.4,0.5,0.7,2.1
2013-07-28,CAM,NO,1,161.0,21.13664596273292,30.46360469773932,2.0,6.0,10.0,18.0,142.0
2013-07-28,CAM,NO2,1,161.0,27.74534161490683,9.233281853643366,11.0,21.0,27.0,33.0,55.0
2013-07-28,CAM,NOX,1,161.0,48.90683229813665,34.07378047014963,14.0,27.0,39.0,55.0,175.0
2013-07-28,CAM,O3,1,161.0,28.236024844720497,27.652196008624323,0.0,5.0,15.0,50.0,100.0
2013-07-28,CAM,PM10,2,158.0,43.72784810126582,16.82531029958784,16.0,30.0,41.0,56.0,89.0
2013-07-28,CAM,PM2.5,2,158.0,25.772151898734176,11.668400757239912,6.0,17.0,23.0,32.75,62.0
2013-07-28,CAM,PMCO,2,158.0,17.981012658227847,7.862246740516092,3.0,12.0,17.0,23.0,43.0
2013-07-28,CAM,SO2,1,151.0,4.6092715231788075,6.250305069817285,1.0,2.0,3.0,4.0,40.0
2013-07-28,CHO,CO,15,0.0,,,,,,,
2013-07-28,CHO,NO,1,155.0,19.032258064516128,30.316387783584275,2.0,4.0,7.0,19.0,184.0
2013-07-28,CHO,NO2,1,155.0,18.425806451612903,7.247882258634106,4.0,13.0,17.0,23.5,40.0
2013-07-28,CHO,NOX,1,155.0,37.464516129032255,32.7242071365968,8.0,18.0,25.0,44.5,203.0
2013-07-28,CHO,O3,1,155.0,29.148387096774194,25.339203635634334,0.0,6.0,22.0,51.5,86.0
2013-07-28,CHO,PM10,2,154.0,45.16233766233766,24.14809178761913,2.0,27.25,40.0,60.0,125.0
2013-07-28,CHO,SO2,1,0.0,,,,,,,
2013-07-28,COY,NO,1,156.0,17.73076923076923,26.335881607601966,1.0,3.0,6.0,18.25,139.0
2013-07-28,COY,NO2,1,156.0,28.666666666666668,12.001791980895524,11.0,20.0,26.0,35.25,66.0
2013-07-28,COY,NOX,1,156.0,46.36538461538461,30.96618062389615,11.0,24.75,36.0,62.25,162.0
2013-07-28,COY,O3,1,156.0,30.583333333333332,30.721004337861128,0.0,8.0,15.5,52.25,122.0
2013-07-28,COY,PM2.5,2,158.0,23.689873417721518,12.203112215929819,6.0,14.0,21.0,30.75,58.0
2013-07-28,CUA,CO,15,153.0,0.5777777777777777,0.2431217537253771,0.2,0.4,0.5,0.7,1.6
2013-07-28,CUA,NO,1,153.0,10.751633986928105,15.818161216974806,1.0,3.0,5.0,12.0,121.0
2013-07-28,CUA,NO2,1,153.0,21.666666666666668,8.503095411610255,8.0,15.0,20.0,27.0,47.0
2013-07-28,CUA,NOX,1,153.0,32.36601307189542,20.475515427606304,9.0,19.0,30.0,41.0,155.0
2013-07-28,CUA,O3,1,153.0,37.8562091503268,27.23059867053913,1.0,18.0,30.0,60.0,110.0
2013-07-28,CUA,PM10,2,158.0,26.310126582278482,13.535940316012475,1.0,17.0,24.5,34.0,69.0
2013-07-28,CUA,SO2,1,153.0,3.215686274509804,3.1517354794632966,1.0,1.0,2.0,4.0,23.0
2013-07-28,CUT,NO,1,158.0,11.189873417721518,20.482757048054033,0.0,1.0,2.0,11.25,105.0
2013-07-28,CUT,NO2,1,158.0,12.917721518987342,6.122908003454704,3.0,8.0,12.0,17.0,31.0
2013-07-28,CUT,NOX,1,158.0,24.082278481012658,24.08132854691316,4.0,9.0,15.0,27.75,121.0
2013-07-28,CUT,O3,1,158.0,29.044303797468356,22.833751121454963,3.0,9.25,23.0,49.0,98.0
2013-07-28,CUT,PM10,2,157.0,40.57324840764331,25.128950466736434,1.0,23.0,34.0,52.0,132.0
2013-07-28,CUT,SO2,1,158.0,5.2025316455696204,9.377951845210873,0.0,1.0,1.0,5.0,50.0
2013-07-28,FAC,CO,15,161.0,0.7658385093167703,0.4360483903854758,0.2,0.4,0.7,1.0,2.2
2013-07-28,FAC,NO,1,161.0,17.018633540372672,25.35361711119574,1.0,4.0,7.0,16.0,164.0
2013-07-28,FAC,NO2,1,161.0,19.5527950310559,8.219565545938249,6.0,13.0,18.0,25.0,43.0
2013-07-28,FAC,NOX,1,161.0,36.5527950310559,28.177761759301873,7.0,18.0,28.0,45.0,185.0
2013-07-28,FAC,O3,1,161.0,33.20496894409938,25.197499382980038,1.0,15.0,25.0,53.0,100.0
2013-07-28,FAC,PM10,2,152.0,24.282894736842106,14.569958098162937,1.0,13.0,23.0,33.0,67.0
2013-07-28,FAC,SO2,1,128.0,4.2421875,5.895074807683867,1.0,1.0,2.0,4.0,33.0
2013-07-28,HGM,CO,15,154.0,0.7383116883116881,0.3220031364171636,0.2,0.5,0.7,0.9,2.2
2013-07-28,HGM,NO,1,154.0,15.896103896103897,21.574667071150028,0.0,2.0,6.0,19.0,116.0
2013-07-28,HGM,NO2,1,154.0,27.24025974025974,12.88108264580942,6.0,18.0,26.0,34.0,89.0
2013-07-28,HGM,NOX,1,154.0,43.077922077922075,29.534854222675172,6.0,21.0,35.5,59.0,166.0
2013-07-28,HGM,O3,1,154.0,29.305194805194805,28.077234264591148,0.0,7.0,16.0,46.75,103.0
2013-07-28,HGM,PM10,2,140.0,40.16428571428571,24.27854271114254,11.0,24.0,31.5,49.5,134.0
2013-07-28,HGM,PM2.5,2,140.0,24.242857142857144,20.84746639492096,1.0,12.0,17.0,28.25,115.0
2013-07-28,HGM,PMCO,2,140.0,15.878571428571428,6.905808062411034,3.0,11.0,14.0,20.0,38.0
2013-07-28,HGM,SO2,1,154.0,4.415584415584416,5.205202649613782,1.0,2.0,3.0,4.0,38.0
2013-07-28,IZT,CO,15,0.0,,,,,,,
2013-07-28,IZT,NO,1,78.0,18.46153846153846,23.38980369911037,1.0,4.0,7.5,23.5,93.0
2013-07-28,IZT,NO2,1,78.0,30.55128205128205,11.28226678418587,12.0,24.0,29.0,35.75,63.0
2013-07-28,IZT,NOX,1,78.0,48.98717948717949,27.223697464336176,13.0,28.0,40.5,67.5,121.0
2013-07-28,IZT,O3,1,78.0,22.974358974358974,24.33263767200868,0.0,4.25,12.0,35.0,83.0
2013-07-28,IZT,PM10,2,77.0,30.363636363636363,11.414336657892692,13.0,20.0,29.0,39.0,60.0
2013-07-28,IZT,SO2,1,78.0,4.371794871794871,6.173064604127078,0.0,1.0,2.0,5.0,32.0
2013-07-28,LLA,CO,15,0.0,,,,,,,
2013-07-28,LLA,NO,1,161.0,18.124223602484474,25.511702648974453,1.0,3.0,6.0,21.0,151.0
2013-07-28,LLA,NO2,1,161.0,21.8944099378882,9.5541891888271,5.0,14.0,22.0,27.0,53.0
2013-07-28,LLA,NOX,1,161.0,40.04347826086956,30.85780853894337,7.0,19.0,28.0,52.0,181.0
2013-07-28,LLA,O3,1,161.0,27.043478260869566,23.32684821886761,1.0,7.0,19.0,46.0,77.0
2013-07-28,LLA,SO2,1,161.0,3.0869565217391304,6.4064335869770535,0.0,0.0,1.0,3.0,43.0
2013-07-28,LPR,CO,15,0.0,,,,,,,
2013-07-28,LPR,NO,1,161.0,15.496894409937887,21.21147219772902,1.0,4.0,8.0,15.0,145.0
2013-07-28,LPR,NO2,1,161.0,22.099378881987576,12.093492552269637,5.0,11.0,21.0,29.0,81.0
2013-07-28,LPR,NOX,1,161.0,37.54037267080745,29.106269468282047,7.0,17.0,30.0,46.0,174.0
2013-07-28,LPR,O3,1,161.0,32.8944099378882,23.19983903081874,2.0,14.0,28.0,53.0,85.0
2013-07-28,LPR,SO2,1,161.0,2.8260869565217392,2.81861051182871,1.0,1.0,2.0,3.0,21.0
2013-07-28,MER,CO,15,152.0,0.9848684210526312,0.42888425527947444,0.4,0.6,0.9,1.2,2.6
2013-07-28,MER,NO,1,152.0,26.04605263157895,30.66424429779458,0.0,7.75,14.5,32.0,195.0
2013-07-28,MER,NO2,1,152.0,34.671052631578945,11.885645143366549,15.0,27.0,33.0,40.25,75.0
2013-07-28,MER,NOX,1,152.0,60.7171052631579,36.10404716965373,17.0,34.0,52.0,77.5,238.0
2013-07-28,MER,O3,1,152.0,26.42763157894737,26.83666612413078,0.0,4.0,16.0,43.75,94.0
2013-07-28,MER,PM10,2,159.0,44.45283018867924,16.118115491664256,16.0,33.0,42.0,53.5,95.0
2013-07-28,MER,PM2.5,2,159.0,22.12578616352201,9.939527367188967,5.0,15.0,20.0,28.0,54.0
2013-07-28,MER,PMCO,2,159.0,22.30188679245283,8.291947227433734,3.0,17.0,21.0,27.0,50.0
2013-07-28,MER,SO2,1,152.0,4.6118421052631575,4.7730609142834535,1.0,2.0,3.0,5.0,28.0
2013-07-28,MON,CO,15,0.0,,,,,,,
2013-07-28,MON,NO,1,161.0,9.440993788819876,17.122662147172424,0.0,1.0,2.0,10.0,105.0
2013-07-28,MON,NO2,1,161.0,14.267080745341614,7.1857130508871165,3.0,8.0,14.0,19.0,31.0
2013-07-28,MON,NOX,1,161.0,23.683229813664596,20.83699305329599,3.0,9.0,16.0,31.0,121.0
2013-07-28,MON,O3,1,161.0,33.701863354037265,26.265196725062065,1.0,7.0,29.0,59.0,84.0
2013-07-28,MON,SO2,1,0.0,,,,,,,
2013-07-28,NEZ,CO,15,145.0,0.6724137931034484,0.29778878575181456,0.3,0.4,0.6,0.8,1.8
2013-07-28,NEZ,NO,1,154.0,9.467532467532468,11.644050252802444,0.0,2.0,5.0,12.75,59.0
2013-07-28,NEZ,NO2,1,154.0,24.337662337662337,12.270492146045083,7.0,16.0,23.0,29.0,71.0
2013-07-28,NEZ,NOX,1,154.0,33.75974025974026,20.113746866359566,8.0,18.0,30.0,43.0,99.0
2013-07-28,NEZ,O3,1,154.0,31.344155844155843,27.753909191797366,2.0,5.25,20.5,55.75,94.0
2013-07-28,NEZ,PM2.5,2,157.0,16.75796178343949,6.2176354581816575,3.0,12.0,16.0,21.0,34.0
2013-07-28,NEZ,SO2,1,154.0,4.0519480519480515,2.22226466303586,2.0,2.0,3.0,5.0,15.0
2013-07-28,PED,CO,15,121.0,0.44793388429752073,0.22102004945016457,0.1,0.3,0.4,0.6,1.0
2013-07-28,PED,NO,1,156.0,8.096153846153847,10.84303186154002,1.0,2.0,3.0,10.0,56.0
2013-07-28,PED,NO2,1,156.0,22.891025641025642,9.90117211565653,5.0,16.0,21.5,28.0,54.0
2013-07-28,PED,NOX,1,156.0,31.012820512820515,17.13889640723402,6.0,17.0,27.0,41.0,84.0
2013-07-28,PED,O3,1,156.0,38.666666666666664,30.207312366877453,3.0,16.0,26.5,61.0,123.0
2013-07-28,PED,PM10,2,158.0,34.38607594936709,17.884172514879346,7.0,19.25,31.0,45.75,88.0
2013-07-28,PED,PM2.5,2,158.0,20.227848101265824,11.906696041575145,4.0,10.25,18.0,27.0,60.0
2013-07-28,PED,PMCO,2,158.0,14.113924050632912,7.20842985239297,2.0,9.0,14.0,19.0,45.0
2013-07-28,PED,SO2,1,156.0,3.641025641025641,2.1907392122551888,2.0,2.0,3.0,4.0,18.0
2013-07-28,SAG,CO,15,0.0,,,,,,,
2013-07-28,SAG,NO,1,157.0,16.668789808917197,22.05453280202945,2.0,4.0,8.0,16.0,122.0
2013-07-28,SAG,NO2,1,157.0,21.286624203821656,7.959070744797568,8.0,16.0,21.0,26.0,41.0
2013-07-28,SAG,NOX,1,157.0,37.89808917197452,25.56569835194742,11.0,20.0,30.0,47.0,147.0
2013-07-28,SAG,O3,1,157.0,28.668789808917197,23.32034121859478,2.0,8.0,22.0,47.0,80.0
2013-07-28,SAG,PM10,2,161.0,37.61490683229814,14.733491656681913,11.0,27.0,36.0,46.0,100.0
2013-07-28,SAG,PM2.5,2,161.0,19.48447204968944,9.650197918995051,3.0,13.0,19.0,25.0,56.0
2013-07-28,SAG,PMCO,2,161.0,18.149068322981368,7.625787811862647,4.0,14.0,17.0,21.0,47.0
2013-07-28,SAG,SO2,1,157.0,3.031847133757962,4.670447711155317,0.0,1.0,1.0,3.0,28.0
2013-07-28,SFE,CO,15,138.0,0.467391304347826,0.1864626705672601,0.2,0.3,0.4,0.6,1.0
2013-07-28,SFE,NO,1,147.0,9.408163265306122,13.446369934354703,1.0,2.0,4.0,10.5,75.0
2013-07-28,SFE,NO2,1,147.0,21.19047619047619,8.773663371122217,7.0,15.0,20.0,25.0,50.0
2013-07-28,SFE,NOX,1,147.0,30.58503401360544,18.191464029215254,8.0,17.0,26.0,37.5,104.0
2013-07-28,SFE,O3,1,147.0,34.476190476190474,26.80557428568521,1.0,15.0,26.0,50.0,111.0
2013-07-28,SFE,PM10,2,152.0,31.42763157894737,15.557456836758549,5.0,18.0,30.0,41.25,91.0
2013-07-28,SFE,PM2.5,2,152.0,17.342105263157894,10.10416297601142,2.0,10.0,14.5,22.25,59.0
2013-07-28,SFE,PMCO,2,152.0,14.039473684210526,7.251290434549585,2.0,8.0,14.0,18.0,36.0
2013-07-28,SFE,SO2,1,147.0,1.7687074829931972,3.10118851986872,0.0,0.0,1.0,2.0,22.0
2013-07-28,SJA,CO,15,161.0,0.6819875776397516,0.32785061361040724,0.2,0.4,0.6,0.9,1.7
2013-07-28,SJA,NO,1,161.0,21.204968944099377,28.18024973550234,1.0,3.0,9.0,27.0,136.0
2013-07-28,SJA,NO2,1,161.0,28.981366459627328,12.349834032128449,8.0,22.0,29.0,36.0,65.0
2013-07-28,SJA,NOX,1,161.0,50.22360248447205,33.153049474233796,10.0,25.0,43.0,66.0,159.0
2013-07-28,SJA,O3,1,161.0,26.53416149068323,27.326505232077476,0.0,2.0,17.0,49.0,99.0
2013-07-28,SJA,PM2.5,2,151.0,19.218543046357617,8.003244375239417,2.0,14.0,19.0,24.0,45.0
2013-07-28,SJA,SO2,1,161.0,3.472049689440994,2.439421324313523,1.0,2.0,3.0,4.0,15.0
2013-07-28,SUR,CO,15,157.0,0.9273885350318469,0.438325991695584,0.3,0.6,0.8,1.1,3.0
2013-07-28,SUR,NO,1,157.0,14.904458598726114,22.96284162245786,1.0,3.0,5.0,15.0,149.0
2013-07-28,SUR,NO2,1,157.0,26.515923566878982,9.745219140516266,10.0,20.0,25.0,32.0,60.0
2013-07-28,SUR,NOX,1,157.0,41.394904458598724,26.818659300746766,11.0,23.0,33.0,50.0,178.0
2013-07-28,SUR,O3,1,157.0,35.031847133757964,32.859143905964636,1.0,10.0,19.0,58.0,131.0
2013-07-28,SUR,PM10,2,156.0,28.57051282051282,15.578360582712026,1.0,17.0,27.0,37.0,112.0
2013-07-28,SUR,SO2,1,157.0,2.694267515923567,2.872643784493982,0.0,1.0,2.0,3.0,16.0
2013-07-28,TAH,CO,15,152.0,0.4059210526315792,0.26550802300934023,0.1,0.2,0.4,0.525,1.3
2013-07-28,TAH,NO,1,152.0,7.815789473684211,9.596095406712182,2.0,3.0,4.0,10.0,54.0
2013-07-28,TAH,NO2,1,152.0,17.05263157894737,8.981798720786275,4.0,10.0,17.0,21.25,64.0
2013-07-28,TAH,NOX,1,152.0,24.855263157894736,14.922052614668164,7.0,13.0,22.0,32.0,75.0
2013-07-28,TAH,O3,1,152.0,37.0,29.540857327701733,1.0,11.0,26.5,60.25,103.0
2013-07-28,TAH,PM10,2,143.0,31.41958041958042,16.9711489180126,1.0,19.5,30.0,40.0,95.0
2013-07-28,TAH,SO2,1,0.0,,,,,,,
2013-07-28,TLA,CO,15,161.0,0.9217391304347821,0.398857062770285,0.4,0.6,0.8,1.1,2.8
2013-07-28,TLA,NO,1,161.0,24.366459627329192,33.83649831191789,1.0,7.0,12.0,22.0,214.0
2013-07-28,TLA,NO2,1,161.0,28.0,9.779442724409199,13.0,21.0,27.0,32.0,64.0
2013-07-28,TLA,NOX,1,161.0,52.39751552795031,38.51903417518175,14.0,29.0,42.0,61.0,254.0
2013-07-28,TLA,O3,1,161.0,27.211180124223603,25.38045752589189,0.0,6.0,15.0,50.0,85.0
2013-07-28,TLA,PM10,2,161.0,44.559006211180126,20.410121484356992,11.0,31.0,41.0,55.0,111.0
2013-07-28,TLA,PM2.5,2,161.0,21.366459627329192,11.33009788185532,2.0,14.0,19.0,27.0,54.0
2013-07-28,TLA,PMCO,2,161.0,23.229813664596275,11.245692757232082,5.0,16.0,21.0,29.0,74.0
2013-07-28,TLA,SO2,1,161.0,7.701863354037267,8.448257749750022,2.0,3.0,5.0,10.0,60.0
2013-07-28,TLI,CO,15,157.0,0.5490445859872609,0.21322247752623,0.2,0.4,0.5,0.6,1.3
2013-07-28,TLI,NO,1,157.0,11.738853503184714,18.49745183310785,1.0,2.0,4.0,11.0,95.0
2013-07-28,TLI,NO2,1,157.0,19.936305732484076,8.52047423191325,5.0,12.0,20.0,26.0,42.0
2013-07-28,TLI,NOX,1,157.0,31.70700636942675,23.647860299611875,7.0,15.0,26.0,38.0,123.0
2013-07-28,TLI,O3,1,157.0,28.496815286624205,24.244910701439807,1.0,8.0,21.0,49.0,85.0
2013-07-28,TLI,PM10,2,144.0,33.59722222222222,21.427816522019253,1.0,18.0,28.5,49.25,103.0
2013-07-28,TLI,SO2,1,157.0,4.732484076433121,7.070507693668048,0.0,1.0,1.0,5.0,44.0
2013-07-28,TPN,CO,15,0.0,,,,,,,
2013-07-28,TPN,NO,1,137.0,11.13138686131387,11.030584165539981,0.0,4.0,7.0,14.0,46.0
2013-07-28,TPN,NO2,1,137.0,17.21167883211679,9.719167430554506,2.0,9.0,17.0,23.0,48.0
2013-07-28,TPN,NOX,1,137.0,28.37226277372263,17.753213171999104,2.0,15.0,25.0,37.0,84.0
2013-07-28,TPN,O3,1,137.0,35.88321167883212,28.51755540153929,4.0,12.0,25.0,54.0,111.0
2013-07-28,TPN,SO2,1,137.0,1.7883211678832116,2.1775277972640095,0.0,1.0,1.0,2.0,12.0
2013-07-28,UAX,CO,15,153.0,0.6477124183006533,0.2870184679827976,0.2,0.4,0.6,0.8,1.6
2013-07-28,UAX,NO,1,153.0,10.986928104575163,17.246276077104064,0.0,1.0,3.0,13.0,92.0
2013-07-28,UAX,NO2,1,153.0,25.248366013071895,10.827767086323908,9.0,17.0,24.0,32.0,68.0
2013-07-28,UAX,NOX,1,153.0,36.22222222222222,21.445838211834648,11.0,19.0,31.0,46.0,116.0
2013-07-28,UAX,O3,1,153.0,34.28104575163399,32.21565031494783,1.0,7.0,21.0,59.0,125.0
2013-07-28,UAX,PM2.5,2,155.0,17.65806451612903,7.941702121913992,1.0,12.0,18.0,23.0,38.0
2013-07-28,UAX,SO2,1,98.0,2.1530612244897958,2.0726597326495555,1.0,1.0,2.0,2.0,16.0
2013-07-28,UIZ,CO,15,140.0,0.4457142857142858,0.3835411355671618,0.0,0.2,0.3,0.7,1.8
2013-07-28,UIZ,NO,1,155.0,14.987096774193548,20.485657667938725,0.0,2.0,8.0,18.0,127.0
2013-07-28,UIZ,NO2,1,155.0,27.490322580645163,10.489554323004679,10.0,21.0,27.0,33.0,74.0
2013-07-28,UIZ,NOX,1,155.0,42.41290322580645,25.516428905980376,11.0,23.0,36.0,54.0,154.0
2013-07-28,UIZ,O3,1,155.0,32.729032258064514,29.825316030683087,3.0,6.0,25.0,56.0,127.0
2013-07-28,UIZ,PM10,2,150.0,39.06,14.509996554100216,8.0,27.0,38.0,50.0,69.0
2013-07-28,UIZ,PM2.5,2,150.0,21.873333333333335,10.255983139445949,4.0,14.0,20.0,28.0,50.0
2013-07-28,UIZ,PMCO,2,150.0,17.2,6.3256163983276705,3.0,13.0,17.0,22.0,32.0
2013-07-28,UIZ,SO2,1,155.0,2.6258064516129034,2.470996400047761,1.0,1.0,2.0,3.0,23.0
2013-07-28,VIF,CO,15,161.0,0.5527950310559006,0.21391064483834188,0.3,0.4,0.5,0.6,1.7
2013-07-28,VIF,NO,1,161.0,7.0062111801242235,11.102081389546921,1.0,2.0,3.0,7.0,81.0
2013-07-28,VIF,NO2,1,161.0,13.84472049689441,8.060365226070079,3.0,7.0,13.0,19.0,44.0
2013-07-28,VIF,NOX,1,161.0,20.782608695652176,16.639071357866516,5.0,10.0,17.0,26.0,123.0
2013-07-28,VIF,O3,1,161.0,31.63975155279503,22.853761395837843,2.0,13.0,24.0,52.0,86.0
2013-07-28,VIF,PM10,2,154.0,41.12987012987013,27.251599772840894,1.0,24.0,35.0,53.75,165.0
2013-07-28,VIF,SO2,1,161.0,3.1180124223602483,4.028614653307598,1.0,1.0,1.0,3.0,27.0
2013-07-28,XAL,CO,15,156.0,0.6025641025641024,0.540005820512086,0.0,0.2,0.45,0.8,2.9
2013-07-28,XAL,NO,1,156.0,35.506410256410255,41.27976881575547,2.0,11.0,19.0,40.5,274.0
2013-07-28,XAL,NO2,1,156.0,29.307692307692307,10.852450524288695,11.0,22.0,28.0,33.0,66.0
2013-07-28,XAL,NOX,1,156.0,64.83333333333333,45.62594526933582,17.0,34.75,49.5,76.25,302.0
2013-07-28,XAL,O3,1,156.0,26.987179487179485,23.500168065147054,2.0,4.75,20.0,45.0,78.0
2013-07-28,XAL,PM10,2,151.0,71.13907284768212,41.94091713114205,13.0,45.5,64.0,86.0,327.0
2013-07-28,XAL,PM2.5,2,151.0,28.62251655629139,15.04780901963441,1.0,17.0,26.0,39.0,78.0
2013-07-28,XAL,PMCO,2,151.0,42.47019867549669,33.92438807053511,8.0,24.5,35.0,49.5,271.0
2013-07-28,XAL,SO2,1,156.0,5.346153846153846,3.5280513604517054,2.0,3.0,4.0,6.0,22.0
2013-08-04,ACO,CO,15,154.0,0.18766233766233767,0.11451969723998369,0.0,0.1,0.2,0.2,0.5
2013-08-04,ACO,NO,1,154.0,4.48051948051948,5.868071109990546,0.0,1.0,2.0,5.0,31.0
2013-08-04,ACO,NO2,1,154.0,10.357142857142858,5.0883418866983625,2.0,6.25,9.0,14.0,26.0
2013-08-04,ACO,NOX,1,154.0,14.811688311688311,10.00573004494328,3.0,8.0,11.0,19.0,50.0
2013-08-04,ACO,O3,1,154.0,32.701298701298704,19.11237147505224,3.0,18.0,29.0,48.5,75.0
2013-08-04,ACO,PM10,2,158.0,24.32278481012658,9.807230523414121,5.0,16.25,24.5,31.0,51.0
2013-08-04,ACO,SO2,1,154.0,1.0064935064935066,0.8440236130788539,0.0,1.0,1.0,1.0,6.0
2013-08-04,ATI,CO,15,156.0,0.44230769230769224,0.27073102031315427,0.1,0.3,0.4,0.5,1.7
2013-08-04,ATI,NO,1,156.0,8.025641025641026,13.630586439446008,0.0,1.0,3.0,7.25,83.0
2013-08-04,ATI,NO2,1,156.0,16.69871794871795,7.394348209444456,6.0,11.0,16.0,20.0,52.0
2013-08-04,ATI,NOX,1,156.0,24.69871794871795,18.812974202548094,6.0,13.0,19.0,28.0,109.0
2013-08-04,ATI,O3,1,156.0,29.365384615384617,23.553120891340168,1.0,10.75,23.0,47.5,91.0
2013-08-04,ATI,PM10,2,157.0,36.82802547770701,19.978571322842658,2.0,23.0,32.0,49.0,106.0
2013-08-04,ATI,SO2,1,156.0,7.391025641025641,8.829257608033396,2.0,3.0,4.0,7.0,52.0
2013-08-04,CAM,CO,15,124.0,0.5475806451612903,0.2852651625342251,0.2,0.375,0.5,0.7,1.4
2013-08-04,CAM,NO,1,124.0,16.322580645161292,20.017694768759767,2.0,5.0,8.0,20.0,98.0
2013-08-04,CAM,NO2,1,124.0,25.387096774193548,8.764961357605335,10.0,19.0,24.5,30.25,49.0
2013-08-04,CAM,NOX,1,124.0,41.693548387096776,26.090267761359378,12.0,24.0,33.0,50.0,135.0
2013-08-04,CAM,O3,1,124.0,27.330645161290324,25.965180491465233,1.0,6.75,17.0,45.0,89.0
2013-08-04,CAM,PM10,2,121.0,41.11570247933884,17.687184665101753,14.0,27.0,37.0,51.0,96.0
2013-08-04,CAM,PM2.5,2,121.0,23.702479338842974,12.065546422285218,5.0,15.0,21.0,31.0,60.0
2013-08-04,CAM,PMCO,2,121.0,17.43801652892562,8.38241468987653,5.0,11.0,15.0,22.0,55.0
2013-08-04,CAM,SO2,1,124.0,3.8548387096774195,5.205834044978309,1.0,2.0,2.0,4.0,38.0
2013-08-04,CHO,CO,15,0.0,,,,,,,
2013-08-04,CHO,NO,1,157.0,19.146496815286625,31.84795917597651,1.0,4.0,6.0,16.0,195.0
2013-08-04,CHO,NO2,1,157.0,18.076433121019107,6.54132955323489,5.0,14.0,18.0,22.0,40.0
2013-08-04,CHO,NOX,1,157.0,37.203821656050955,33.80292409850094,9.0,18.0,26.0,38.0,215.0
2013-08-04,CHO,O3,1,157.0,31.35031847133758,26.295867434421982,0.0,7.0,26.0,49.0,100.0
2013-08-04,CHO,PM10,2,157.0,44.859872611464965,25.418158913417987,5.0,24.0,40.0,58.0,133.0
2013-08-04,CHO,SO2,1,0.0,,,,,,,
2013-08-04,COY,NO,1,161.0,12.329192546583851,16.209864434008818,1.0,3.0,5.0,14.0,89.0
2013-08-04,COY,NO2,1,161.0,24.335403726708076,9.717216743606985,5.0,17.0,22.0,32.0,49.0
2013-08-04,COY,NOX,1,161.0,36.590062111801245,22.887898562802086,6.0,20.0,27.0,50.0,120.0
2013-08-04,COY,O3,1,161.0,30.981366459627328,27.141405649323286,1.0,10.0,20.0,50.0,103.0
2013-08-04,COY,PM2.5,2,161.0,19.453416149068325,10.925858267522397,2.0,12.0,16.0,27.0,56.0
2013-08-04,CUA,CO,15,145.0,0.524137931034482,0.1958868232158011,0.3,0.4,0.5,0.6,1.6
2013-08-04,CUA,NO,1,147.0,8.884353741496598,16.2937575267267,1.0,3.0,4.0,8.0,149.0
2013-08-04,CUA,NO2,1,147.0,17.612244897959183,7.401822229909054,7.0,13.0,17.0,21.0,40.0
2013-08-04,CUA,NOX,1,147.0,26.54421768707483,21.39684757619363,8.0,16.0,21.0,28.0,182.0
2013-08-04,CUA,O3,1,146.0,37.363013698630134,26.399028231066353,1.0,18.0,26.5,54.75,106.0
2013-08-04,CUA,PM10,2,92.0,25.315217391304348,11.915387915757961,4.0,17.0,24.0,33.5,55.0
2013-08-04,CUA,SO2,1,147.0,3.108843537414966,2.9075462792125495,0.0,1.0,2.0,4.0,15.0
2013-08-04,CUT,NO,1,161.0,10.869565217391305,21.268265806943027,0.0,1.0,2.0,7.0,129.0
2013-08-04,CUT,NO2,1,161.0,12.236024844720497,6.22245482903483,4.0,7.0,11.0,17.0,29.0
2013-08-04,CUT,NOX,1,161.0,23.1055900621118,25.339100833610896,4.0,9.0,13.0,25.0,145.0
2013-08-04,CUT,O3,1,161.0,28.950310559006212,20.7683055526432,3.0,9.0,26.0,47.0,72.0
2013-08-04,CUT,PM10,2,160.0,47.575,32.33133301210488,4.0,27.75,39.0,58.0,198.0
2013-08-04,CUT,SO2,1,161.0,5.062111801242236,9.922631607211011,0.0,1.0,1.0,4.0,70.0
2013-08-04,FAC,CO,15,160.0,0.6943749999999999,0.4407322202166606,0.0,0.4,0.7,0.9,2.4
2013-08-04,FAC,NO,1,160.0,14.2625,19.775942280502342,1.0,4.0,8.0,14.0,117.0
2013-08-04,FAC,NO2,1,160.0,19.11875,8.992919559367678,7.0,12.0,17.5,23.25,57.0
2013-08-04,FAC,NOX,1,160.0,33.4,25.0016854777745,8.0,17.0,27.0,42.25,146.0
2013-08-04,FAC,O3,1,160.0,32.91875,23.890729202431206,1.0,16.0,25.0,50.0,103.0
2013-08-04,FAC,PM10,2,155.0,30.12258064516129,16.37083861423687,1.0,16.0,29.0,40.0,105.0
2013-08-04,FAC,SO2,1,160.0,5.1375,7.0954742418658014,1.0,1.0,2.0,5.0,38.0
2013-08-04,HGM,CO,15,156.0,0.6461538461538461,0.28452214957365757,0.3,0.4,0.6,0.8,2.0
2013-08-04,HGM,NO,1,153.0,12.11111111111111,17.30970048828551,0.0,2.0,4.0,14.0,104.0
2013-08-04,HGM,NO2,1,153.0,22.202614379084967,10.469479123626684,6.0,14.0,19.0,29.0,54.0
2013-08-04,HGM,NOX,1,153.0,34.372549019607845,24.911126861024734,7.0,17.0,23.0,45.0,139.0
2013-08-04,HGM,O3,1,156.0,29.756410256410255,25.99463264571059,0.0,10.0,19.0,48.25,93.0
2013-08-04,HGM,PM10,2,138.0,37.731884057971016,21.948360048832228,8.0,22.0,32.0,47.75,127.0
2013-08-04,HGM,PM2.5,2,138.0,21.41304347826087,17.38139296277957,2.0,11.0,16.0,27.0,94.0
2013-08-04,HGM,PMCO,2,138.0,16.347826086956523,8.119232078600525,4.0,10.0,14.5,22.0,46.0
2013-08-04,HGM,SO2,1,156.0,4.5,5.3551301902791035,1.0,2.0,3.0,5.0,34.0
2013-08-04,IZT,CO,15,127.0,0.4440944881889763,0.27850323964576834,0.1,0.2,0.4,0.6,1.6
2013-08-04,IZT,NO,1,127.0,12.78740157480315,17.117534832742596,1.0,3.0,5.0,15.0,104.0
2013-08-04,IZT,NO2,1,127.0,26.086614173228348,9.006191540503785,10.0,19.5,24.0,32.0,56.0
2013-08-04,IZT,NOX,1,127.0,38.86614173228347,22.99598384698649,11.0,23.0,30.0,49.0,136.0
2013-08-04,IZT,O3,1,127.0,30.559055118110237,27.110196507138564,0.0,9.0,20.0,50.0,99.0
2013-08-04,IZT,PM10,2,138.0,28.782608695652176,12.331041555593073,6.0,20.0,26.5,35.0,78.0
2013-08-04,IZT,SO2,1,127.0,4.31496062992126,3.208868631661801,2.0,2.0,3.0,5.0,23.0
2013-08-04,LLA,CO,15,0.0,,,,,,,
2013-08-04,LLA,NO,1,156.0,13.262820512820513,18.74931815688831,1.0,3.0,5.0,14.25,103.0
2013-08-04,LLA,NO2,1,156.0,18.96794871794872,7.487985966173498,6.0,13.0,18.0,25.0,36.0
2013-08-04,LLA,NOX,1,156.0,32.23076923076923,24.678800136527304,8.0,16.75,22.5,40.0,136.0
2013-08-04,LLA,O3,1,156.0,26.858974358974358,20.765184484689982,1.0,10.75,20.0,41.0,79.0
2013-08-04,LLA,SO2,1,156.0,2.1538461538461537,5.618120275879066,0.0,0.0,0.0,1.0,42.0
2013-08-04,LPR,CO,15,0.0,,,,,,,
2013-08-04,LPR,NO,1,157.0,12.630573248407643,17.295800077195207,1.0,4.0,6.0,14.0,101.0
2013-08-04,LPR,NO2,1,157.0,17.987261146496817,10.985997650358074,4.0,10.0,14.0,25.0,54.0
2013-08-04,LPR,NOX,1,157.0,30.585987261146496,25.818162109107305,5.0,14.0,19.0,39.0,136.0
2013-08-04,LPR,O3,1,157.0,33.12738853503185,22.109786125051247,2.0,15.0,29.0,51.0,91.0
2013-08-04,LPR,SO2,1,128.0,2.0859375,1.770392294931481,1.0,1.0,2.0,2.0,11.0
2013-08-04,MER,CO,15,156.0,0.8679487179487176,0.37639841271599406,0.3,0.6,0.8,1.1,2.3
2013-08-04,MER,NO,1,156.0,21.108974358974358,22.101400836627388,0.0,6.0,12.0,26.25,118.0
2013-08-04,MER,NO2,1,156.0,30.487179487179485,9.646317819627027,13.0,23.0,29.0,36.25,61.0
2013-08-04,MER,NOX,1,156.0,51.64102564102564,28.57654095818495,15.0,30.0,43.5,69.25,160.0
2013-08-04,MER,O3,1,156.0,27.583333333333332,26.191098791650155,1.0,6.0,17.0,48.0,92.0
2013-08-04,MER,PM10,2,161.0,43.95031055900621,17.209663434476294,15.0,32.0,42.0,55.0,105.0
2013-08-04,MER,PM2.5,2,161.0,20.434782608695652,10.860353705505895,5.0,12.0,18.0,28.0,60.0
2013-08-04,MER,PMCO,2,161.0,23.559006211180126,9.588955052883042,6.0,17.0,22.0,30.0,51.0
2013-08-04,MER,SO2,1,156.0,4.019230769230769,4.247915851554251,1.0,2.0,2.0,5.0,27.0
2013-08-04,MON,CO,15,0.0,,,,,,,
2013-08-04,MON,NO,1,138.0,9.253623188405797,19.802698921785968,0.0,1.0,1.0,8.0,126.0
2013-08-04,MON,NO2,1,138.0,12.768115942028986,6.835170804600654,3.0,7.0,11.0,18.75,29.0
2013-08-04,MON,NOX,1,138.0,22.065217391304348,23.864338762072084,4.0,8.0,13.0,27.75,146.0
2013-08-04,MON,O3,1,138.0,33.91304347826087,25.416667403703904,1.0,9.0,31.0,56.75,88.0
2013-08-04,MON,SO2,1,0.0,,,,,,,
2013-08-04,NEZ,CO,15,159.0,0.70377358490566,0.408747204914816,0.2,0.4,0.6,0.9,2.6
2013-08-04,NEZ,NO,1,159.0,11.433962264150944,16.95210240569737,0.0,2.0,4.0,16.0,124.0
2013-08-04,NEZ,NO2,1,159.0,22.635220125786162,10.727004479791448,6.0,15.0,20.0,29.0,49.0
2013-08-04,NEZ,NOX,1,159.0,34.0440251572327,25.033735696776695,7.0,17.5,26.0,45.0,161.0
2013-08-04,NEZ,O3,1,159.0,31.78616352201258,26.962318942984446,2.0,8.0,22.0,55.0,90.0
2013-08-04,NEZ,PM2.5,2,159.0,15.79874213836478,7.84645358431489,3.0,11.0,15.0,19.0,40.0
2013-08-04,NEZ,SO2,1,159.0,3.3144654088050314,2.3976210909874327,1.0,2.0,3.0,3.5,16.0
2013-08-04,PED,CO,15,134.0,0.32761194029850765,0.20313031153764294,0.0,0.2,0.3,0.5,0.9
2013-08-04,PED,NO,1,154.0,6.51948051948052,9.962164226123027,1.0,1.0,3.0,5.0,59.0
2013-08-04,PED,NO2,1,154.0,18.733766233766232,8.321200742753739,5.0,12.0,18.5,25.0,40.0
2013-08-04,PED,NOX,1,154.0,25.25974025974026,16.08303827619433,6.0,14.0,22.0,32.0,92.0
2013-08-04,PED,O3,1,154.0,34.077922077922075,25.58454713031227,4.0,16.0,25.0,48.75,106.0
2013-08-04,PED,PM10,2,151.0,31.71523178807947,15.29068452073298,4.0,20.0,28.0,41.0,83.0
2013-08-04,PED,PM2.5,2,151.0,17.602649006622517,9.303819624361221,1.0,11.0,15.0,23.5,49.0
2013-08-04,PED,PMCO,2,151.0,14.152317880794701,7.981435413400158,2.0,7.5,12.0,19.0,46.0
2013-08-04,PED,SO2,1,9.0,2.2222222222222223,0.4409585518440984,2.0,2.0,2.0,2.0,3.0
2013-08-04,SAG,CO,15,0.0,,,,,,,
2013-08-04,SAG,NO,1,154.0,11.168831168831169,13.102314915359212,2.0,4.0,6.0,11.0,79.0
2013-08-04,SAG,NO2,1,154.0,18.058441558441558,6.609793697142483,7.0,12.25,17.0,23.0,38.0
2013-08-04,SAG,NOX,1,154.0,29.16883116883117,18.246964182923094,9.0,16.25,23.0,33.75,109.0
2013-08-04,SAG,O3,1,158.0,29.455696202531644,21.504138229121924,2.0,13.0,22.0,44.0,84.0
2013-08-04,SAG,PM10,2,158.0,34.84177215189873,14.372444509222658,11.0,24.0,32.5,44.0,80.0
2013-08-04,SAG,PM2.5,2,158.0,16.234177215189874,8.974960015537485,3.0,9.0,15.0,21.0,50.0
2013-08-04,SAG,PMCO,2,158.0,18.61392405063291,8.550877843372817,5.0,12.0,16.5,24.75,45.0
2013-08-04,SAG,SO2,1,158.0,1.8164556962025316,4.525706627579433,0.0,0.0,0.0,1.0,37.0
2013-08-04,SFE,CO,15,155.0,0.4316129032258064,0.18117754752874193,0.2,0.3,0.4,0.5,1.2
2013-08-04,SFE,NO,1,155.0,7.419354838709677,11.951129364522734,1.0,1.0,3.0,8.5,76.0
2013-08-04,SFE,NO2,1,155.0,18.193548387096776,7.038019916153689,6.0,13.0,17.0,22.0,47.0
2013-08-04,SFE,NOX,1,155.0,25.61935483870968,16.856256677906092,8.0,15.0,20.0,30.5,104.0
2013-08-04,SFE,O3,1,155.0,36.67741935483871,26.476879275212337,1.0,18.0,27.0,54.0,102.0
2013-08-04,SFE,PM10,2,154.0,31.48701298701299,15.508899832869322,7.0,19.0,29.0,40.75,79.0
2013-08-04,SFE,PM2.5,2,154.0,16.266233766233768,9.17302254360683,3.0,10.0,14.0,21.0,46.0
2013-08-04,SFE,PMCO,2,154.0,15.207792207792208,8.916955520097085,1.0,8.25,13.5,23.0,37.0
2013-08-04,SFE,SO2,1,155.0,1.8193548387096774,2.9309609428644006,0.0,0.0,1.0,2.0,16.0
2013-08-04,SJA,CO,15,153.0,0.45751633986928125,0.3247859235139837,0.0,0.3,0.4,0.6,2.0
2013-08-04,SJA,NO,1,123.0,14.75609756097561,24.759611964773224,1.0,2.0,4.0,17.5,159.0
2013-08-04,SJA,NO2,1,123.0,22.577235772357724,10.24695726935666,7.0,13.0,22.0,31.0,45.0
2013-08-04,SJA,NOX,1,123.0,37.38211382113821,31.68738703545118,9.0,16.0,25.0,54.5,197.0
2013-08-04,SJA,O3,1,123.0,27.70731707317073,22.859776294861234,0.0,11.0,20.0,44.5,81.0
2013-08-04,SJA,PM2.5,2,142.0,15.387323943661972,7.778720374217967,1.0,10.0,15.0,20.0,36.0
2013-08-04,SJA,SO2,1,152.0,2.736842105263158,2.2397281117669725,1.0,2.0,2.0,3.0,14.0
2013-08-04,SUR,CO,15,161.0,0.8086956521739134,0.3637291754086798,0.3,0.5,0.8,1.0,2.1
2013-08-04,SUR,NO,1,161.0,12.79503105590062,16.34782784211039,1.0,4.0,7.0,15.0,108.0
2013-08-04,SUR,NO2,1,161.0,23.838509316770185,8.603706048208245,9.0,18.0,23.0,30.0,46.0
2013-08-04,SUR,NOX,1,161.0,36.59627329192546,21.506504505029284,10.0,22.0,31.0,46.0,135.0
2013-08-04,SUR,O3,1,161.0,33.67080745341615,29.484270466961597,1.0,12.0,21.0,52.0,109.0
2013-08-04,SUR,PM10,2,150.0,27.513333333333332,18.099181140091243,1.0,16.0,24.0,36.0,110.0
2013-08-04,SUR,SO2,1,161.0,3.229813664596273,4.019092632679929,1.0,1.0,2.0,3.0,32.0
2013-08-04,TAH,CO,15,143.0,0.3153846153846154,0.22589655251398408,0.0,0.1,0.3,0.45,1.1
2013-08-04,TAH,NO,1,143.0,7.230769230769231,8.820344846259347,2.0,3.0,3.0,7.0,56.0
2013-08-04,TAH,NO2,1,143.0,15.034965034965035,6.748408876018389,3.0,9.5,14.0,20.0,34.0
2013-08-04,TAH,NOX,1,143.0,22.251748251748253,13.541521192903941,5.0,12.5,18.0,29.0,74.0
2013-08-04,TAH,O3,1,143.0,35.58041958041958,26.466937277229423,2.0,15.0,24.0,55.5,110.0
2013-08-04,TAH,PM10,2,140.0,29.05,15.768251957150254,4.0,17.0,26.0,41.25,71.0
2013-08-04,TAH,SO2,1,78.0,1.6666666666666667,1.0891038454377004,1.0,1.0,1.0,2.0,6.0
2013-08-04,TLA,CO,15,151.0,0.7741721854304635,0.3086451200886308,0.3,0.6,0.7,0.9,1.9
2013-08-04,TLA,NO,1,151.0,17.14569536423841,21.491206682732177,1.0,5.0,9.0,17.0,113.0
2013-08-04,TLA,NO2,1,151.0,25.23841059602649,9.257579675971124,11.0,18.0,23.0,31.0,69.0
2013-08-04,TLA,NOX,1,151.0,42.35099337748344,28.314236389843828,11.0,25.0,32.0,47.0,147.0
2013-08-04,TLA,O3,1,151.0,27.821192052980134,24.30064089489966,1.0,10.0,20.0,44.0,95.0
2013-08-04,TLA,PM10,2,154.0,46.13636363636363,17.40635755758395,11.0,34.0,43.0,56.75,95.0
2013-08-04,TLA,PM2.5,2,154.0,21.7012987012987,10.566397516291246,2.0,15.0,19.0,27.0,49.0
2013-08-04,TLA,PMCO,2,154.0,24.37012987012987,10.380947416496676,4.0,15.25,23.0,32.0,57.0
2013-08-04,TLA,SO2,1,151.0,7.026490066225166,8.213766509032297,1.0,3.0,4.0,7.0,47.0
2013-08-04,TLI,CO,15,161.0,0.44906832298136645,0.18409169332915337,0.1,0.3,0.4,0.5,1.3
2013-08-04,TLI,NO,1,161.0,7.440993788819876,13.77354562217771,0.0,1.0,3.0,7.0,89.0
2013-08-04,TLI,NO2,1,161.0,15.869565217391305,7.144167581655862,5.0,10.0,14.0,20.0,36.0
2013-08-04,TLI,NOX,1,161.0,23.26086956521739,19.589704483200624,6.0,13.0,17.0,25.0,124.0
2013-08-04,TLI,O3,1,161.0,30.335403726708076,21.496495092043165,1.0,13.0,24.0,48.0,78.0
2013-08-04,TLI,PM10,2,155.0,34.23225806451613,20.700655411808214,2.0,19.0,29.0,43.0,108.0
2013-08-04,TLI,SO2,1,161.0,4.279503105590062,9.058291215872485,0.0,0.0,1.0,3.0,51.0
2013-08-04,TPN,CO,15,0.0,,,,,,,
2013-08-04,TPN,NO,1,158.0,10.810126582278482,10.572860280272685,0.0,4.0,7.0,15.75,60.0
2013-08-04,TPN,NO2,1,158.0,15.424050632911392,9.04996343997786,3.0,7.0,16.0,22.0,40.0
2013-08-04,TPN,NOX,1,158.0,26.20253164556962,16.571312597174064,3.0,12.0,25.5,36.75,75.0
2013-08-04,TPN,O3,1,158.0,31.0,24.488395796017763,1.0,13.0,23.0,44.25,96.0
2013-08-04,TPN,SO2,1,158.0,2.018987341772152,2.9225055104203754,0.0,1.0,1.0,2.0,22.0
2013-08-04,UAX,CO,15,156.0,0.6019230769230771,0.29434917904753066,0.2,0.4,0.5,0.725,1.6
2013-08-04,UAX,NO,1,156.0,10.076923076923077,17.13082054097082,0.0,1.0,2.0,11.0,80.0
2013-08-04,UAX,NO2,1,156.0,22.243589743589745,8.66313792130236,5.0,15.0,22.0,28.0,46.0
2013-08-04,UAX,NOX,1,156.0,32.37820512820513,21.520985391973152,6.0,17.0,27.0,39.25,106.0
2013-08-04,UAX,O3,1,156.0,33.26923076923077,28.760938150127053,1.0,11.75,23.0,53.0,103.0
2013-08-04,UAX,PM2.5,2,150.0,15.733333333333333,7.677795638156667,1.0,11.0,15.0,20.0,41.0
2013-08-04,UAX,SO2,1,156.0,2.5064102564102564,2.8112602956607717,1.0,1.0,1.0,2.25,15.0
2013-08-04,UIZ,CO,15,157.0,0.5178343949044584,0.358862730829823,0.0,0.3,0.5,0.8,1.6
2013-08-04,UIZ,NO,1,157.0,12.044585987261147,15.936309110477048,0.0,2.0,5.0,15.0,70.0
2013-08-04,UIZ,NO2,1,157.0,25.03184713375796,9.995781406433416,6.0,17.0,25.0,31.0,52.0
2013-08-04,UIZ,NOX,1,157.0,37.10828025477707,22.950498463341173,7.0,19.0,31.0,49.0,99.0
2013-08-04,UIZ,O3,1,157.0,31.0,27.412097273340414,3.0,8.0,20.0,54.0,100.0
2013-08-04,UIZ,PM10,2,160.0,36.84375,17.521432293697952,8.0,23.0,33.0,49.0,104.0
2013-08-04,UIZ,PM2.5,2,160.0,19.16875,11.30326488983654,4.0,10.0,17.0,25.0,60.0
2013-08-04,UIZ,PMCO,2,160.0,17.6875,8.504669453642704,3.0,11.0,17.0,23.0,44.0
2013-08-04,UIZ,SO2,1,157.0,2.1528662420382165,2.7249220292198184,0.0,1.0,1.0,2.0,20.0
2013-08-04,VIF,CO,15,151.0,0.4284768211920526,0.1658824818734471,0.2,0.3,0.4,0.5,1.2
2013-08-04,VIF,NO,1,151.0,5.2781456953642385,7.704681642047129,1.0,2.0,2.0,5.0,55.0
2013-08-04,VIF,NO2,1,151.0,11.754966887417218,6.414532341921966,3.0,7.0,10.0,15.0,30.0
2013-08-04,VIF,NOX,1,151.0,17.04635761589404,12.78819129684068,5.0,9.0,12.0,20.0,82.0
2013-08-04,VIF,O3,1,151.0,32.16556291390729,21.34991973867073,2.0,15.0,27.0,52.5,84.0
2013-08-04,VIF,PM10,2,146.0,41.8013698630137,22.64223087065824,3.0,25.25,40.0,55.0,118.0
2013-08-04,VIF,SO2,1,151.0,2.8543046357615895,7.10342391713873,0.0,1.0,1.0,1.0,58.0
2013-08-04,XAL,CO,15,155.0,0.42903225806451634,0.4509683292844354,0.0,0.1,0.2,0.7,2.0
2013-08-04,XAL,NO,1,155.0,26.335483870967742,30.534689112751753,3.0,9.0,13.0,29.5,193.0
2013-08-04,XAL,NO2,1,155.0,24.10322580645161,9.268137145617725,0.0,17.0,23.0,30.5,49.0
2013-08-04,XAL,NOX,1,155.0,50.44516129032258,35.284767681408354,10.0,27.0,37.0,64.5,193.0
2013-08-04,XAL,O3,1,155.0,27.98709677419355,22.046582058849566,2.0,10.0,21.0,45.5,88.0
2013-08-04,XAL,PM10,2,140.0,60.364285714285714,30.098450141576635,13.0,37.0,52.0,76.0,156.0
2013-08-04,XAL,PM2.5,2,140.0,25.935714285714287,17.15490605175087,1.0,12.0,23.0,35.0,80.0
2013-08-04,XAL,PMCO,2,140.0,34.41428571428571,19.63735455021194,8.0,20.75,29.0,43.0,101.0
2013-08-04,XAL,SO2,1,155.0,3.935483870967742,2.5903853680982722,2.0,2.0,3.0,4.0,17.0
2013-08-11,ACO,CO,15,155.0,0.26322580645161303,0.1437075650923344,0.1,0.2,0.2,0.3,0.7
2013-08-11,ACO,NO,1,155.0,7.32258064516129,11.05296310031955,0.0,1.0,2.0,9.0,64.0
2013-08-11,ACO,NO2,1,155.0,12.793548387096774,5.4863428717507,3.0,8.0,12.0,17.0,30.0
2013-08-11,ACO,NOX,1,155.0,20.116129032258065,14.454116763462714,3.0,10.0,14.0,26.0,82.0
2013-08-11,ACO,O3,1,155.0,32.67741935483871,24.657902367013723,2.0,11.0,25.0,52.5,92.0
2013-08-11,ACO,PM10,2,160.0,32.50625,12.444592609648808,3.0,24.0,34.0,41.0,69.0
2013-08-11,ACO,SO2,1,155.0,1.1225806451612903,1.438503388360366,0.0,0.0,1.0,1.0,13.0
2013-08-11,ATI,CO,15,75.0,0.5733333333333333,0.3461499961285856,0.1,0.4,0.5,0.7,2.0
2013-08-11,ATI,NO,1,75.0,9.386666666666667,16.808856524393853,0.0,1.0,2.0,11.0,97.0
2013-08-11,ATI,NO2,1,75.0,21.0,10.258812954881439,5.0,14.5,19.0,23.5,58.0
2013-08-11,ATI,NOX,1,75.0,30.32,22.75436400080391,5.0,16.5,24.0,35.0,123.0
2013-08-11,ATI,O3,1,75.0,32.04,30.59431143026251,0.0,10.0,20.0,49.5,109.0
2013-08-11,ATI,PM10,2,69.0,46.26086956521739,23.366423984447678,3.0,29.0,40.0,61.0,112.0
2013-08-11,ATI,SO2,1,75.0,8.146666666666667,7.761118151075588,2.0,3.0,5.0,9.0,37.0
2013-08-11,CAM,CO,15,159.0,0.6786163522012582,0.35991644246088245,0.2,0.4,0.6,0.9,1.7
2013-08-11,CAM,NO,1,159.0,21.062893081761008,24.530189494587987,2.0,6.0,10.0,27.0,125.0
2013-08-11,CAM,NO2,1,159.0,30.855345911949687,11.16211748773356,8.0,22.0,29.0,37.0,58.0
2013-08-11,CAM,NOX,1,159.0,51.930817610062896,29.564586987774113,10.0,29.0,44.0,65.0,161.0
2013-08-11,CAM,O3,1,159.0,28.150943396226417,30.431327271154604,1.0,4.0,15.0,44.5,134.0
2013-08-11,CAM,PM10,2,156.0,52.02564102564103,20.758503494432603,11.0,37.5,51.0,66.0,97.0
2013-08-11,CAM,PM2.5,2,156.0,27.442307692307693,11.613251821346378,4.0,21.0,26.0,33.0,56.0
2013-08-11,CAM,PMCO,2,156.0,24.544871794871796,11.175054563606677,3.0,18.0,25.0,32.0,60.0
2013-08-11,CAM,SO2,1,159.0,5.433962264150943,6.910392377332398,1.0,2.0,3.0,6.0,45.0
2013-08-11,CHO,CO,15,0.0,,,,,,,
2013-08-11,CHO,NO,1,156.0,19.83974358974359,30.21033721712716,2.0,4.75,7.0,17.0,153.0
2013-08-11,CHO,NO2,1,156.0,16.224358974358974,6.904485421903197,3.0,11.0,16.0,21.0,40.0
2013-08-11,CHO,NOX,1,156.0,36.006410256410255,32.586856007445064,8.0,16.0,23.0,41.25,172.0
2013-08-11,CHO,O3,1,156.0,26.096153846153847,20.866326893224123,0.0,4.75,25.5,41.25,89.0
2013-08-11,CHO,PM10,2,157.0,46.7515923566879,25.25654422707707,1.0,30.0,44.0,57.0,128.0
2013-08-11,CHO,SO2,1,124.0,0.7741935483870968,0.9946091251481449,0.0,0.0,0.0,1.0,6.0
2013-08-11,COY,NO,1,157.0,15.445859872611464,20.11517952922765,1.0,3.0,7.0,19.0,121.0
2013-08-11,COY,NO2,1,157.0,28.197452229299362,11.073437547043838,6.0,20.0,26.0,36.0,57.0
2013-08-11,COY,NOX,1,157.0,43.66242038216561,25.57406392003916,8.0,25.0,39.0,55.0,151.0
2013-08-11,COY,O3,1,157.0,28.96815286624204,28.894685072040144,0.0,8.0,17.0,45.0,117.0
2013-08-11,COY,PM2.5,2,158.0,25.89873417721519,10.546946835907608,7.0,17.25,25.0,32.75,56.0
2013-08-11,CUA,CO,15,154.0,0.6616883116883115,0.2202785081883388,0.3,0.5,0.6,0.8,1.8
2013-08-11,CUA,NO,1,154.0,10.675324675324676,18.34665580713995,1.0,3.0,4.0,8.0,147.0
2013-08-11,CUA,NO2,1,154.0,20.727272727272727,7.805036690632989,7.0,14.0,20.0,26.75,46.0
2013-08-11,CUA,NOX,1,154.0,31.396103896103895,22.496599258225977,9.0,17.25,25.0,36.0,181.0
2013-08-11,CUA,O3,1,150.0,37.06666666666667,27.99560527991517,1.0,18.0,29.5,55.0,126.0
2013-08-11,CUA,PM10,2,157.0,32.0828025477707,16.055976514649238,2.0,21.0,31.0,41.0,69.0
2013-08-11,CUA,SO2,1,154.0,5.188311688311688,7.383756665170564,1.0,2.0,2.0,6.0,54.0
2013-08-11,CUT,NO,1,159.0,11.572327044025156,21.31572757423372,0.0,1.0,2.0,11.0,130.0
2013-08-11,CUT,NO2,1,159.0,14.09433962264151,6.93896761448074,4.0,8.0,13.0,18.0,46.0
2013-08-11,CUT,NOX,1,159.0,25.70440251572327,25.419655869932953,5.0,9.5,16.0,29.5,148.0
2013-08-11,CUT,O3,1,159.0,28.72327044025157,24.652499282671027,1.0,6.5,22.0,44.5,103.0
2013-08-11,CUT,PM10,2,155.0,59.10967741935484,31.446009748711276,3.0,33.5,57.0,79.5,165.0
2013-08-11,CUT,SO2,1,159.0,6.616352201257862,10.43472703914665,0.0,1.0,2.0,7.0,47.0
2013-08-11,FAC,CO,15,158.0,0.8424050632911388,0.589860644645486,0.0,0.42500000000000004,0.7,1.1,3.1
2013-08-11,FAC,NO,1,158.0,23.056962025316455,35.382395793857704,1.0,5.0,11.0,21.75,216.0
2013-08-11,FAC,NO2,1,158.0,23.341772151898734,12.127125016700557,5.0,14.0,20.0,30.0,62.0
2013-08-11,FAC,NOX,1,158.0,46.360759493670884,40.26587092318922,7.0,20.0,34.0,57.0,240.0
2013-08-11,FAC,O3,1,158.0,32.20886075949367,27.993869619498515,1.0,10.0,23.5,48.75,126.0
2013-08-11,FAC,PM10,2,161.0,38.62732919254658,20.701092928809462,2.0,23.0,38.0,50.0,98.0
2013-08-11,FAC,SO2,1,158.0,6.348101265822785,12.032825176248675,0.0,1.0,3.0,7.0,105.0
2013-08-11,HGM,CO,15,156.0,0.8288461538461541,0.3675568185850146,0.4,0.5,0.8,1.0,2.4
2013-08-11,HGM,NO,1,156.0,16.192307692307693,22.751707595500754,0.0,3.0,7.0,19.25,147.0
2013-08-11,HGM,NO2,1,156.0,28.775641025641026,11.498428345871654,5.0,20.0,27.0,37.0,59.0
2013-08-11,HGM,NOX,1,156.0,44.92948717948718,28.387437516753362,7.0,25.0,39.0,58.0,182.0
2013-08-11,HGM,O3,1,156.0,28.762820512820515,30.5696691719702,0.0,5.0,14.5,46.25,124.0
2013-08-11,HGM,PM10,2,155.0,42.94193548387097,19.522294517872734,5.0,30.0,41.0,54.0,100.0
2013-08-11,HGM,PM2.5,2,155.0,22.683870967741935,14.03555542496052,2.0,13.0,19.0,28.5,73.0
2013-08-11,HGM,PMCO,2,155.0,20.251612903225805,8.517814447736356,1.0,15.0,21.0,26.0,40.0
2013-08-11,HGM,SO2,1,156.0,5.134615384615385,6.717417455426711,1.0,2.0,3.0,5.0,39.0
2013-08-11,IZT,CO,15,67.0,0.5388059701492535,0.2696547871005473,0.1,0.35,0.5,0.7,1.2
2013-08-11,IZT,NO,1,153.0,18.908496732026144,24.57490147678601,1.0,4.0,8.0,23.0,131.0
2013-08-11,IZT,NO2,1,153.0,32.529411764705884,11.191549222239434,7.0,25.0,31.0,40.0,61.0
2013-08-11,IZT,NOX,1,153.0,51.45751633986928,28.816339235731252,11.0,30.0,46.0,67.0,155.0
2013-08-11,IZT,O3,1,153.0,28.49673202614379,31.52946078106669,0.0,4.0,13.0,47.0,131.0
2013-08-11,IZT,PM10,2,157.0,37.12738853503185,13.701359709172085,6.0,29.0,40.0,46.0,70.0
2013-08-11,IZT,SO2,1,74.0,5.891891891891892,6.835779294527796,2.0,3.0,3.0,4.75,32.0
2013-08-11,LLA,CO,15,0.0,,,,,,,
2013-08-11,LLA,NO,1,161.0,16.46583850931677,26.257863359358808,1.0,3.0,6.0,17.0,155.0
2013-08-11,LLA,NO2,1,161.0,22.770186335403725,8.735164886254985,7.0,16.0,22.0,27.0,50.0
2013-08-11,LLA,NOX,1,161.0,39.20496894409938,31.257222767790477,8.0,18.0,28.0,49.0,186.0
2013-08-11,LLA,O3,1,161.0,29.993788819875775,27.895003337159228,1.0,7.0,21.0,48.0,121.0
2013-08-11,LLA,SO2,1,161.0,2.37888198757764,3.46219601441571,0.0,1.0,1.0,3.0,21.0
2013-08-11,LPR,CO,15,0.0,,,,,,,
2013-08-11,LPR,NO,1,161.0,16.37888198757764,22.526080467809667,1.0,4.0,8.0,17.0,142.0
2013-08-11,LPR,NO2,1,161.0,23.41614906832298,11.211912752855323,4.0,15.0,22.0,30.0,70.0
2013-08-11,LPR,NOX,1,161.0,39.857142857142854,29.861525652345925,6.0,20.0,31.0,49.0,175.0
2013-08-11,LPR,O3,1,161.0,34.75776397515528,27.782588161813575,2.0,14.0,27.0,50.0,142.0
2013-08-11,LPR,SO2,1,0.0,,,,,,,
2013-08-11,MER,CO,15,156.0,1.0891025641025631,0.41837993505652143,0.4,0.7,1.05,1.4,2.5
2013-08-11,MER,NO,1,156.0,27.28846153846154,28.335776910149065,1.0,7.75,16.5,33.5,136.0
2013-08-11,MER,NO2,1,156.0,37.25,11.255751218104946,10.0,30.0,36.0,45.0,67.0
2013-08-11,MER,NOX,1,156.0,64.52564102564102,32.5273976266259,13.0,40.75,56.0,84.25,169.0
2013-08-11,MER,O3,1,156.0,27.28205128205128,31.376546587620105,1.0,2.0,14.0,47.25,143.0
2013-08-11,MER,PM10,2,161.0,51.900621118012424,20.56641831024064,11.0,38.0,51.0,65.0,115.0
2013-08-11,MER,PM2.5,2,161.0,24.937888198757765,10.889610553753624,8.0,17.0,24.0,31.0,57.0
2013-08-11,MER,PMCO,2,161.0,26.975155279503106,11.063425278004438,3.0,19.0,28.0,35.0,69.0
2013-08-11,MER,SO2,1,156.0,4.288461538461538,4.041733284179777,1.0,2.0,3.0,4.0,27.0
2013-08-11,MON,CO,15,0.0,,,,,,,
2013-08-11,MON,NO,1,156.0,9.365384615384615,22.447095232284404,0.0,0.0,1.0,7.0,149.0
2013-08-11,MON,NO2,1,156.0,13.352564102564102,5.963117270061819,4.0,8.75,12.5,18.0,30.0
2013-08-11,MON,NOX,1,156.0,22.78205128205128,25.224231788371323,5.0,9.0,14.5,26.25,169.0
2013-08-11,MON,O3,1,156.0,33.17307692307692,26.278204745853774,2.0,8.0,28.5,52.25,102.0
2013-08-11,MON,SO2,1,0.0,,,,,,,
2013-08-11,NEZ,CO,15,155.0,0.7400000000000002,0.3395183754566568,0.3,0.5,0.6,0.9,1.6
2013-08-11,NEZ,NO,1,155.0,10.154838709677419,12.927943125178205,0.0,1.0,4.0,16.0,53.0
2013-08-11,NEZ,NO2,1,155.0,23.483870967741936,9.884629836075279,5.0,16.0,23.0,29.0,66.0
2013-08-11,NEZ,NOX,1,155.0,33.645161290322584,20.022630681852682,6.0,18.0,28.0,43.5,86.0
2013-08-11,NEZ,O3,1,155.0,32.83225806451613,29.399359334577674,2.0,9.0,24.0,50.5,133.0
2013-08-11,NEZ,PM2.5,2,160.0,19.53125,9.05741426372086,2.0,14.0,18.0,23.0,62.0
2013-08-11,NEZ,SO2,1,155.0,1.6451612903225807,1.909449963242869,0.0,0.0,1.0,2.0,11.0
2013-08-11,PED,CO,15,156.0,0.3987179487179486,0.19509705756190546,0.1,0.3,0.4,0.5,1.0
2013-08-11,PED,NO,1,156.0,7.67948717948718,10.087352144329325,1.0,2.0,4.0,8.0,60.0
2013-08-11,PED,NO2,1,156.0,22.19871794871795,8.933026703624913,6.0,16.0,21.5,28.0,45.0
2013-08-11,PED,NOX,1,156.0,29.865384615384617,15.064629172640826,7.0,19.0,27.0,39.0,94.0
2013-08-11,PED,O3,1,156.0,33.6025641025641,28.807633282143204,3.0,12.0,21.0,51.0,125.0
2013-08-11,PED,PM10,2,160.0,37.7,16.820472701050715,5.0,24.0,35.5,48.25,88.0
2013-08-11,PED,PM2.5,2,160.0,21.175,9.771959627861422,2.0,13.0,21.0,27.25,57.0
2013-08-11,PED,PMCO,2,160.0,16.55,8.602179042354885,3.0,10.0,16.0,23.0,38.0
2013-08-11,PED,SO2,1,69.0,5.420289855072464,10.625172382133035,2.0,2.0,3.0,4.0,74.0
2013-08-11,SAG,CO,15,0.0,,,,,,,
2013-08-11,SAG,NO,1,158.0,13.765822784810126,18.480207253890278,2.0,4.0,7.0,12.75,113.0
2013-08-11,SAG,NO2,1,158.0,21.620253164556964,7.7217598031661465,9.0,15.0,20.5,26.0,52.0
2013-08-11,SAG,NOX,1,158.0,35.38607594936709,22.8073417287734,11.0,20.0,29.0,41.75,137.0
2013-08-11,SAG,O3,1,158.0,31.063291139240505,25.944498218804046,2.0,10.25,22.0,51.75,120.0
2013-08-11,SAG,PM10,2,158.0,43.49367088607595,18.684012320031,9.0,33.0,43.0,51.75,104.0
2013-08-11,SAG,PM2.5,2,158.0,21.753164556962027,10.99779173483532,3.0,15.25,20.5,25.0,67.0
2013-08-11,SAG,PMCO,2,158.0,21.658227848101266,9.189978030579377,3.0,16.0,21.0,27.0,47.0
2013-08-11,SAG,SO2,1,158.0,2.7151898734177213,2.6471755700652553,1.0,1.0,2.0,3.0,16.0
2013-08-11,SFE,CO,15,153.0,0.5372549019607843,0.18420610344093263,0.3,0.4,0.5,0.7,1.0
2013-08-11,SFE,NO,1,153.0,9.882352941176471,15.013564558193174,1.0,2.0,4.0,10.0,81.0
2013-08-11,SFE,NO2,1,153.0,22.15032679738562,8.588372833011888,6.0,16.0,21.0,26.0,50.0
2013-08-11,SFE,NOX,1,153.0,32.02614379084967,19.08428249427505,9.0,19.0,25.0,38.0,112.0
2013-08-11,SFE,O3,1,153.0,34.34640522875817,29.287890496854878,1.0,13.0,24.0,50.0,133.0
2013-08-11,SFE,PM10,2,149.0,39.14093959731544,17.818158113863824,6.0,25.0,38.0,53.0,84.0
2013-08-11,SFE,PM2.5,2,149.0,21.187919463087248,9.816126504942645,2.0,13.0,19.0,29.0,47.0
2013-08-11,SFE,PMCO,2,149.0,17.91275167785235,9.343976876233969,1.0,11.0,18.0,24.0,38.0
2013-08-11,SFE,SO2,1,153.0,3.0065359477124183,7.609288586314603,0.0,0.0,1.0,3.0,55.0
2013-08-11,SJA,CO,15,132.0,0.5727272727272729,0.43247749075978414,0.0,0.2,0.4,0.8250000000000001,2.3
2013-08-11,SJA,NO,1,46.0,14.108695652173912,25.228051636461775,0.0,2.0,3.0,16.75,119.0
2013-08-11,SJA,NO2,1,46.0,22.847826086956523,10.011032561472362,9.0,15.25,21.5,28.75,47.0
2013-08-11,SJA,NOX,1,46.0,36.84782608695652,30.269873098368027,9.0,17.25,24.5,46.75,144.0
2013-08-11,SJA,O3,1,115.0,26.617391304347827,26.470964765024185,0.0,3.0,18.0,43.5,93.0
2013-08-11,SJA,PM2.5,2,132.0,20.446969696969695,9.415201605994291,1.0,13.0,20.0,27.0,51.0
2013-08-11,SJA,SO2,1,132.0,3.0833333333333335,2.0750854545694977,1.0,2.0,2.0,4.0,15.0
2013-08-11,SUR,CO,15,155.0,0.8432258064516132,0.39608790753888684,0.3,0.6,0.8,1.0,2.3
2013-08-11,SUR,NO,1,155.0,13.516129032258064,18.907620548033996,1.0,3.0,6.0,13.5,115.0
2013-08-11,SUR,NO2,1,155.0,26.322580645161292,10.686157743688776,8.0,19.0,24.0,32.5,62.0
2013-08-11,SUR,NOX,1,155.0,39.825806451612905,24.146239627406047,10.0,23.0,34.0,48.5,144.0
2013-08-11,SUR,O3,1,155.0,31.703225806451613,31.089350536788803,1.0,9.0,19.0,49.0,123.0
2013-08-11,SUR,PM10,2,154.0,33.92857142857143,15.623891183812786,2.0,22.25,33.5,45.0,94.0
2013-08-11,SUR,SO2,1,155.0,3.3741935483870966,7.614194184493779,0.0,1.0,1.0,3.0,72.0
2013-08-11,TAH,CO,15,159.0,0.3496855345911953,0.2702259284087376,0.0,0.1,0.3,0.5,1.5
2013-08-11,TAH,NO,1,159.0,7.553459119496855,9.485930820345539,2.0,3.0,4.0,7.0,66.0
2013-08-11,TAH,NO2,1,159.0,15.540880503144654,7.845616480174425,3.0,9.0,16.0,21.0,38.0
2013-08-11,TAH,NOX,1,159.0,23.056603773584907,14.344868655622964,5.0,12.5,21.0,29.0,86.0
2013-08-11,TAH,O3,1,159.0,33.59119496855346,25.292770227442514,1.0,14.5,27.0,51.0,119.0
2013-08-11,TAH,PM10,2,154.0,32.70779220779221,15.72721936900237,1.0,21.25,30.5,42.75,74.0
2013-08-11,TAH,SO2,1,159.0,1.8364779874213837,1.5826360554486452,1.0,1.0,1.0,2.0,12.0
2013-08-11,TLA,CO,15,156.0,0.9833333333333326,0.3861862050180409,0.4,0.7,0.9,1.2,2.3
2013-08-11,TLA,NO,1,156.0,22.98076923076923,27.08278137759123,1.0,7.0,12.0,26.25,127.0
2013-08-11,TLA,NO2,1,156.0,31.044871794871796,11.163502137925056,12.0,22.75,29.0,37.5,67.0
2013-08-11,TLA,NOX,1,156.0,54.02564102564103,32.21178880931813,13.0,31.75,47.5,65.25,160.0
2013-08-11,TLA,O3,1,156.0,29.92948717948718,28.278821935467878,0.0,7.0,20.5,48.25,126.0
2013-08-11,TLA,PM10,2,159.0,55.35849056603774,23.37051128467644,4.0,39.5,56.0,68.0,141.0
2013-08-11,TLA,PM2.5,2,159.0,28.22641509433962,12.749248937075377,2.0,19.0,28.0,34.5,81.0
2013-08-11,TLA,PMCO,2,159.0,27.11949685534591,12.27396378872837,2.0,20.0,27.0,34.0,64.0
2013-08-11,TLA,SO2,1,156.0,7.602564102564102,10.002373581002104,0.0,2.0,4.0,9.0,70.0
2013-08-11,TLI,CO,15,158.0,0.5537974683544301,0.1914197960961691,0.3,0.4,0.5,0.7,1.2
2013-08-11,TLI,NO,1,158.0,7.727848101265823,12.043259993183078,0.0,1.0,2.0,8.0,62.0
2013-08-11,TLI,NO2,1,158.0,20.10759493670886,9.731153886475497,7.0,13.0,18.0,25.0,57.0
2013-08-11,TLI,NOX,1,158.0,27.829113924050635,18.822399258849817,7.0,14.0,22.0,37.0,91.0
2013-08-11,TLI,O3,1,158.0,31.835443037974684,28.090812868923216,1.0,9.25,23.5,47.75,132.0
2013-08-11,TLI,PM10,2,156.0,41.38461538461539,22.73421793271998,1.0,24.75,40.0,56.0,117.0
2013-08-11,TLI,SO2,1,158.0,6.0,11.737576437959527,0.0,1.0,1.0,7.0,79.0
2013-08-11,TPN,CO,15,0.0,,,,,,,
2013-08-11,TPN,NO,1,158.0,10.132911392405063,9.018808676379782,0.0,4.0,7.0,14.0,55.0
2013-08-11,TPN,NO2,1,158.0,15.91139240506329,8.847886319137194,2.0,8.0,15.0,23.0,38.0
2013-08-11,TPN,NOX,1,158.0,26.10126582278481,14.99179812852149,3.0,14.0,25.0,37.0,85.0
2013-08-11,TPN,O3,1,158.0,30.563291139240505,24.680231018208683,3.0,10.0,22.0,45.5,99.0
2013-08-11,TPN,SO2,1,157.0,2.6178343949044587,4.365563129074831,0.0,1.0,2.0,3.0,50.0
2013-08-11,UAX,CO,15,156.0,0.6737179487179487,0.28962983705839906,0.3,0.5,0.6,0.8,1.7
2013-08-11,UAX,NO,1,156.0,10.26923076923077,17.63623328734787,0.0,1.0,2.0,10.25,93.0
2013-08-11,UAX,NO2,1,156.0,23.23076923076923,10.906550948765373,4.0,16.0,22.0,29.0,59.0
2013-08-11,UAX,NOX,1,156.0,33.532051282051285,22.773901268577184,5.0,17.0,28.5,45.0,115.0
2013-08-11,UAX,O3,1,156.0,31.762820512820515,27.89614661318567,1.0,9.75,23.0,49.5,107.0
2013-08-11,UAX,PM2.5,2,160.0,17.81875,7.36631110585048,1.0,13.0,17.5,22.0,39.0
2013-08-11,UAX,SO2,1,156.0,2.7371794871794872,3.9985677750223845,1.0,1.0,1.0,3.0,27.0
2013-08-11,UIZ,CO,15,159.0,0.722641509433962,0.44121875631515206,0.1,0.4,0.6,0.9,2.4
2013-08-11,UIZ,NO,1,159.0,15.666666666666666,22.049618001417585,1.0,2.0,6.0,19.0,126.0
2013-08-11,UIZ,NO2,1,159.0,28.761006289308177,11.57882130350241,4.0,21.0,27.0,35.0,66.0
2013-08-11,UIZ,NOX,1,159.0,44.471698113207545,28.49890322578826,5.0,23.5,36.0,57.5,150.0
2013-08-11,UIZ,O3,1,159.0,31.47798742138365,30.038759029379968,3.0,6.0,20.0,50.0,122.0
2013-08-11,UIZ,PM10,2,159.0,47.36477987421384,20.19882857351825,4.0,33.0,46.0,60.0,105.0
2013-08-11,UIZ,PM2.5,2,159.0,23.68553459119497,10.258764924786204,1.0,17.0,23.0,28.0,57.0
2013-08-11,UIZ,PMCO,2,159.0,23.748427672955973,12.269117633804838,2.0,16.0,22.0,32.0,62.0
2013-08-11,UIZ,SO2,1,159.0,2.308176100628931,2.1107011419346993,0.0,1.0,2.0,3.0,14.0
2013-08-11,VIF,CO,15,159.0,0.4880503144654085,0.25689597458159913,0.2,0.3,0.4,0.6,1.5
2013-08-11,VIF,NO,1,159.0,7.685534591194968,12.094636516471592,1.0,2.0,3.0,6.5,72.0
2013-08-11,VIF,NO2,1,159.0,15.182389937106919,7.921174431776659,4.0,9.0,14.0,20.0,51.0
2013-08-11,VIF,NOX,1,159.0,22.849056603773583,17.0895588373799,6.0,11.0,17.0,29.0,93.0
2013-08-11,VIF,O3,1,159.0,33.62264150943396,27.538162069997625,1.0,13.0,24.0,51.5,127.0
2013-08-11,VIF,PM10,2,148.0,54.21621621621622,33.97308669519435,1.0,29.75,47.5,72.25,168.0
2013-08-11,VIF,SO2,1,159.0,2.7169811320754715,4.884918764430449,0.0,1.0,1.0,2.0,33.0
2013-08-11,XAL,CO,15,155.0,0.6509677419354837,0.5228999732927351,0.1,0.3,0.5,0.8,3.4
2013-08-11,XAL,NO,1,156.0,30.012820512820515,38.35016712408169,2.0,10.0,16.0,32.0,254.0
2013-08-11,XAL,NO2,1,156.0,29.21153846153846,10.274936380234479,9.0,22.0,28.0,35.0,69.0
2013-08-11,XAL,NOX,1,156.0,59.18589743589744,42.66838438048746,12.0,33.75,47.0,65.5,285.0
2013-08-11,XAL,O3,1,156.0,29.69871794871795,26.34275804792555,2.0,9.0,22.0,48.0,128.0
2013-08-11,XAL,PM10,2,150.0,66.07333333333334,31.25498009534843,5.0,43.25,66.0,81.75,167.0
2013-08-11,XAL,PM2.5,2,150.0,32.25333333333333,18.737389196870218,1.0,20.0,31.5,44.0,81.0
2013-08-11,XAL,PMCO,2,150.0,33.81333333333333,16.642061479601246,2.0,24.0,32.0,41.0,92.0
2013-08-11,XAL,SO2,1,156.0,5.256410256410256,3.687593489022512,2.0,3.0,4.0,6.0,28.0
2013-08-18,ACO,CO,15,156.0,0.19743589743589748,0.14544646191539182,0.1,0.1,0.1,0.2,0.7
2013-08-18,ACO,NO,1,156.0,4.5576923076923075,7.983240820308325,0.0,1.0,1.0,4.0,40.0
2013-08-18,ACO,NO2,1,156.0,8.512820512820513,5.893120296760677,2.0,4.0,6.0,12.0,28.0
2013-08-18,ACO,NOX,1,156.0,13.10897435897436,12.63868802804729,3.0,5.0,8.0,16.0,60.0
2013-08-18,ACO,O3,1,156.0,34.01282051282051,14.958000202496962,2.0,25.75,34.5,45.0,67.0
2013-08-18,ACO,PM10,2,161.0,18.70807453416149,19.68427029113373,2.0,10.0,15.0,22.0,190.0
2013-08-18,ACO,SO2,1,156.0,0.3269230769230769,0.5225676253624246,0.0,0.0,0.0,1.0,2.0
2013-08-18,ATI,CO,15,137.0,0.33795620437956203,0.21731360737467204,0.1,0.2,0.3,0.4,1.3
2013-08-18,ATI,NO,1,137.0,5.437956204379562,9.803856769501031,0.0,1.0,3.0,5.0,59.0
2013-08-18,ATI,NO2,1,137.0,13.102189781021897,5.9757902154453575,5.0,9.0,12.0,16.0,30.0
2013-08-18,ATI,NOX,1,137.0,18.525547445255473,14.70098050550031,5.0,10.0,15.0,21.0,87.0
2013-08-18,ATI,O3,1,137.0,30.978102189781023,16.063050014975307,1.0,21.0,29.0,40.0,71.0
2013-08-18,ATI,PM10,2,134.0,23.46268656716418,12.635227468439842,2.0,14.0,22.5,29.0,65.0
2013-08-18,ATI,SO2,1,137.0,3.27007299270073,1.857036101659895,2.0,2.0,3.0,3.0,14.0
2013-08-18,CAM,CO,15,156.0,0.4916666666666666,0.3445349054526533,0.1,0.3,0.4,0.6,1.8
2013-08-18,CAM,NO,1,156.0,18.012820512820515,22.2086839102555,2.0,6.0,10.0,16.0,115.0
2013-08-18,CAM,NO2,1,156.0,24.487179487179485,10.737024985617293,8.0,16.0,22.5,31.0,65.0
2013-08-18,CAM,NOX,1,156.0,42.47435897435897,30.17827646758802,12.0,23.0,32.5,48.0,151.0
2013-08-18,CAM,O3,1,156.0,25.78846153846154,19.88126354632701,1.0,9.75,21.0,39.0,81.0
2013-08-18,CAM,PM10,2,145.0,32.93793103448276,11.723800986819253,13.0,25.0,31.0,39.0,81.0
2013-08-18,CAM,PM2.5,2,145.0,18.56551724137931,8.571443053262717,1.0,13.0,18.0,23.0,54.0
2013-08-18,CAM,PMCO,2,145.0,14.379310344827585,6.047346715614263,4.0,10.0,13.0,17.0,33.0
2013-08-18,CAM,SO2,1,156.0,2.33974358974359,1.5303248437433155,1.0,1.0,2.0,3.0,11.0
2013-08-18,CHO,CO,15,0.0,,,,,,,
2013-08-18,CHO,NO,1,116.0,18.948275862068964,27.945239877018555,1.0,3.0,7.0,20.25,130.0
2013-08-18,CHO,NO2,1,116.0,17.92241379310345,8.726920729976088,4.0,11.0,17.0,23.25,41.0
2013-08-18,CHO,NOX,1,116.0,36.8448275862069,33.07320035480609,5.0,15.0,23.5,48.5,159.0
2013-08-18,CHO,O3,1,116.0,30.43103448275862,24.870874930128714,1.0,7.0,25.0,45.0,88.0
2013-08-18,CHO,PM10,2,112.0,39.0625,23.499772377659358,1.0,22.5,36.5,51.0,115.0
2013-08-18,CHO,SO2,1,116.0,1.0689655172413792,0.9392331555794493,0.0,0.0,1.0,2.0,5.0
2013-08-18,COY,NO,1,161.0,13.074534161490684,17.63361590649769,1.0,3.0,6.0,17.0,98.0
2013-08-18,COY,NO2,1,161.0,23.757763975155278,11.16902882836927,8.0,16.0,22.0,29.0,66.0
2013-08-18,COY,NOX,1,161.0,36.7888198757764,25.947882846652494,9.0,19.0,26.0,47.0,127.0
2013-08-18,COY,O3,1,161.0,28.788819875776397,22.65154794321135,0.0,11.0,22.0,39.0,98.0
2013-08-18,COY,PM2.5,2,160.0,16.36875,9.575664829046538,1.0,10.0,14.0,19.25,51.0
2013-08-18,CUA,CO,15,151.0,0.6006622516556289,0.18600956561127777,0.3,0.5,0.6,0.6499999999999999,1.4
2013-08-18,CUA,NO,1,151.0,6.490066225165563,9.620026021911354,0.0,3.0,4.0,7.0,75.0
2013-08-18,CUA,NO2,1,151.0,14.642384105960264,7.214193760322707,4.0,10.0,13.0,18.0,42.0
2013-08-18,CUA,NOX,1,151.0,21.119205298013245,14.707334747133418,5.0,14.0,17.0,24.0,102.0
2013-08-18,CUA,O3,1,151.0,37.35099337748344,19.846141077632428,2.0,24.0,34.0,48.0,90.0
2013-08-18,CUA,PM10,2,147.0,18.299319727891156,10.482480469542221,2.0,10.0,16.0,24.0,52.0
2013-08-18,CUA,SO2,1,151.0,1.900662251655629,1.1818345450325223,1.0,1.0,2.0,2.0,9.0
2013-08-18,CUT,NO,1,161.0,7.24223602484472,15.38537308513981,0.0,1.0,2.0,4.0,90.0
2013-08-18,CUT,NO2,1,161.0,11.22360248447205,6.789675208800035,3.0,6.0,8.0,16.0,31.0
2013-08-18,CUT,NOX,1,161.0,18.422360248447205,19.882353907281956,3.0,8.0,10.0,21.0,120.0
2013-08-18,CUT,O3,1,161.0,27.211180124223603,16.78295636124942,1.0,12.0,29.0,39.0,71.0
2013-08-18,CUT,PM10,2,161.0,32.52795031055901,20.7295266804989,6.0,18.0,27.0,40.0,122.0
2013-08-18,CUT,SO2,1,161.0,1.763975155279503,2.860322376827283,0.0,1.0,1.0,1.0,22.0
2013-08-18,FAC,CO,15,161.0,0.6546583850931674,0.42572736442455217,0.2,0.4,0.6,0.7,2.8
2013-08-18,FAC,NO,1,161.0,14.559006211180124,23.927454085343278,1.0,4.0,9.0,15.0,180.0
2013-08-18,FAC,NO2,1,161.0,17.130434782608695,8.70138669608371,3.0,12.0,16.0,21.0,51.0
2013-08-18,FAC,NOX,1,161.0,31.677018633540374,29.353577823766237,4.0,15.0,25.0,35.0,201.0
2013-08-18,FAC,O3,1,161.0,31.795031055900623,17.446388599228197,2.0,19.0,31.0,41.0,78.0
2013-08-18,FAC,PM10,2,153.0,20.30065359477124,12.046011005679468,1.0,12.0,19.0,27.0,55.0
2013-08-18,FAC,SO2,1,161.0,1.2422360248447204,1.2736581052009597,0.0,0.0,1.0,2.0,8.0
2013-08-18,HGM,CO,15,156.0,0.612820512820513,0.27113095246201796,0.3,0.4,0.5,0.7,1.6
2013-08-18,HGM,NO,1,156.0,13.371794871794872,16.46314278338246,0.0,2.0,7.0,16.25,79.0
2013-08-18,HGM,NO2,1,156.0,21.30128205128205,11.868320462635173,3.0,13.0,19.0,28.0,63.0
2013-08-18,HGM,NOX,1,156.0,34.62820512820513,25.53965113276721,4.0,16.0,25.0,48.0,115.0
2013-08-18,HGM,O3,1,156.0,27.006410256410255,21.078194448864735,0.0,11.0,21.0,40.25,86.0
2013-08-18,HGM,PM10,2,22.0,38.72727272727273,16.394487511941957,18.0,27.25,32.5,44.75,81.0
2013-08-18,HGM,PM2.5,2,22.0,25.454545454545453,13.450888703963278,10.0,18.25,21.0,30.0,66.0
2013-08-18,HGM,PMCO,2,22.0,13.363636363636363,5.516602254368212,6.0,9.0,11.5,17.0,25.0
2013-08-18,HGM,SO2,1,156.0,2.282051282051282,1.4087050644629304,1.0,1.0,2.0,3.0,10.0
2013-08-18,IZT,CO,15,0.0,,,,,,,
2013-08-18,IZT,NO,1,161.0,13.397515527950311,14.772135721987521,1.0,4.0,8.0,17.0,79.0
2013-08-18,IZT,NO2,1,161.0,25.751552795031056,11.570993397230755,8.0,17.0,25.0,32.0,68.0
2013-08-18,IZT,NOX,1,161.0,39.161490683229815,23.618028236158388,8.0,21.0,31.0,54.0,112.0
2013-08-18,IZT,O3,1,161.0,26.658385093167702,21.822896688473243,0.0,11.0,21.0,40.0,82.0
2013-08-18,IZT,PM10,2,161.0,21.22360248447205,8.35985582656745,1.0,16.0,20.0,26.0,56.0
2013-08-18,IZT,SO2,1,0.0,,,,,,,
2013-08-18,LLA,CO,15,0.0,,,,,,,
2013-08-18,LLA,NO,1,161.0,14.813664596273291,23.111740784973374,1.0,2.0,4.0,16.0,128.0
2013-08-18,LLA,NO2,1,161.0,18.422360248447205,10.802568995123796,4.0,10.0,15.0,26.0,54.0
2013-08-18,LLA,NOX,1,161.0,33.267080745341616,31.507887457741262,5.0,12.0,19.0,44.0,157.0
2013-08-18,LLA,O3,1,161.0,26.403726708074533,16.84242369805619,1.0,12.0,27.0,41.0,69.0
2013-08-18,LLA,SO2,1,161.0,0.8198757763975155,0.9739622602914599,0.0,0.0,1.0,1.0,6.0
2013-08-18,LPR,CO,15,0.0,,,,,,,
2013-08-18,LPR,NO,1,157.0,10.0828025477707,12.745015005090949,0.0,4.0,6.0,11.0,90.0
2013-08-18,LPR,NO2,1,157.0,14.764331210191083,9.973773382192933,2.0,8.0,10.0,19.0,49.0
2013-08-18,LPR,NOX,1,157.0,24.85987261146497,20.65139797798702,3.0,12.0,18.0,31.0,126.0
2013-08-18,LPR,O3,1,157.0,33.47770700636943,15.663769230403902,1.0,25.0,34.0,44.0,71.0
2013-08-18,LPR,SO2,1,102.0,1.9019607843137254,1.0000970638196895,1.0,1.0,2.0,2.0,6.0
2013-08-18,MER,CO,15,156.0,0.8775641025641019,0.43649242951698597,0.3,0.5,0.7,1.2,2.1
2013-08-18,MER,NO,1,156.0,21.935897435897434,21.83772394118371,1.0,6.0,13.5,30.0,102.0
2013-08-18,MER,NO2,1,156.0,28.602564102564102,11.322646155541834,9.0,20.0,26.5,36.0,70.0
2013-08-18,MER,NOX,1,156.0,50.5,30.569539973534905,10.0,27.0,38.0,68.0,140.0
2013-08-18,MER,O3,1,156.0,25.08974358974359,19.670633686062292,1.0,9.0,21.0,37.0,80.0
2013-08-18,MER,PM10,2,160.0,31.99375,11.469125563658652,7.0,23.75,31.0,39.0,71.0
2013-08-18,MER,PM2.5,2,160.0,14.44375,8.00844434441609,1.0,9.0,13.0,20.25,42.0
2013-08-18,MER,PMCO,2,160.0,17.5875,6.303026626477796,4.0,14.0,18.0,21.0,35.0
2013-08-18,MER,SO2,1,156.0,2.282051282051282,1.328568823935678,1.0,1.0,2.0,3.0,8.0
2013-08-18,MON,CO,15,0.0,,,,,,,
2013-08-18,MON,NO,1,154.0,8.642857142857142,20.088262293674333,0.0,0.0,1.0,5.0,114.0
2013-08-18,MON,NO2,1,154.0,10.415584415584416,6.6270403677140175,2.0,5.0,8.0,16.0,29.0
2013-08-18,MON,NOX,1,154.0,19.032467532467532,23.808445481056275,2.0,5.0,10.0,21.0,133.0
2013-08-18,MON,O3,1,154.0,32.04545454545455,21.046273608374808,2.0,13.5,33.0,47.0,85.0
2013-08-18,MON,SO2,1,0.0,,,,,,,
2013-08-18,NEZ,CO,15,157.0,0.6770700636942676,0.3881039728958727,0.2,0.4,0.5,0.9,2.1
2013-08-18,NEZ,NO,1,157.0,10.101910828025478,13.95008717617086,0.0,2.0,4.0,11.0,75.0
2013-08-18,NEZ,NO2,1,157.0,19.878980891719745,11.217174514242252,5.0,11.0,16.0,27.0,68.0
2013-08-18,NEZ,NOX,1,157.0,29.94267515923567,22.8027332027456,5.0,14.0,20.0,39.0,106.0
2013-08-18,NEZ,O3,1,157.0,30.719745222929937,19.76004593413912,2.0,15.0,29.0,44.0,78.0
2013-08-18,NEZ,PM2.5,2,154.0,10.837662337662337,6.714992278253467,1.0,6.0,9.0,14.0,34.0
2013-08-18,NEZ,SO2,1,33.0,0.9090909090909091,0.9139076937674138,0.0,0.0,1.0,1.0,4.0
2013-08-18,PED,CO,15,156.0,0.3153846153846156,0.20733449556720943,0.0,0.2,0.3,0.4,1.1
2013-08-18,PED,NO,1,156.0,6.5256410256410255,8.45591887984766,0.0,2.0,3.0,7.0,54.0
2013-08-18,PED,NO2,1,156.0,19.115384615384617,8.4669844869782,5.0,13.0,18.0,23.0,50.0
2013-08-18,PED,NOX,1,156.0,25.58974358974359,15.070103621396765,6.0,16.0,22.0,31.0,94.0
2013-08-18,PED,O3,1,156.0,32.743589743589745,22.323102973947016,3.0,16.0,26.5,43.0,100.0
2013-08-18,PED,PM10,2,156.0,22.98076923076923,11.95446800200319,5.0,15.0,20.0,29.0,63.0
2013-08-18,PED,PM2.5,2,156.0,13.044871794871796,8.504528546010588,1.0,7.0,11.0,16.25,46.0
2013-08-18,PED,PMCO,2,156.0,9.948717948717949,4.938061356306086,1.0,6.0,10.0,13.25,22.0
2013-08-18,PED,SO2,1,156.0,2.076923076923077,0.6771711704175432,1.0,2.0,2.0,2.0,7.0
2013-08-18,SAG,CO,15,0.0,,,,,,,
2013-08-18,SAG,NO,1,152.0,12.855263157894736,19.217268687936095,1.0,4.0,7.0,12.0,145.0
2013-08-18,SAG,NO2,1,152.0,17.664473684210527,8.33483401150274,6.0,10.0,16.0,23.0,45.0
2013-08-18,SAG,NOX,1,152.0,30.519736842105264,24.789970839735272,7.0,15.0,22.5,33.25,173.0
2013-08-18,SAG,O3,1,158.0,27.069620253164558,15.709998069551748,2.0,15.0,28.0,38.0,69.0
2013-08-18,SAG,PM10,2,146.0,23.513698630136986,10.329226229570793,8.0,17.0,22.0,27.75,77.0
2013-08-18,SAG,PM2.5,2,146.0,10.178082191780822,6.062530405477227,1.0,6.0,8.0,13.0,29.0
2013-08-18,SAG,PMCO,2,146.0,13.315068493150685,6.671352470704857,2.0,9.0,13.0,16.0,48.0
2013-08-18,SAG,SO2,1,158.0,1.4873417721518987,1.001510590091603,0.0,1.0,1.0,2.0,6.0
2013-08-18,SFE,CO,15,136.0,0.4352941176470581,0.19342121058943476,0.2,0.3,0.4,0.5,1.2
2013-08-18,SFE,NO,1,136.0,6.3088235294117645,11.245090916341026,1.0,1.0,3.0,6.0,100.0
2013-08-18,SFE,NO2,1,136.0,17.580882352941178,8.828871113659561,6.0,11.75,16.0,21.0,53.0
2013-08-18,SFE,NOX,1,136.0,23.801470588235293,16.962188823179705,7.0,15.0,18.0,26.25,127.0
2013-08-18,SFE,O3,1,136.0,31.433823529411764,19.699859824988174,0.0,18.0,27.0,39.5,89.0
2013-08-18,SFE,PM10,2,146.0,21.671232876712327,11.8671436234621,3.0,14.0,19.5,26.75,60.0
2013-08-18,SFE,PM2.5,2,146.0,11.801369863013699,7.713507957284126,1.0,6.25,10.0,13.75,38.0
2013-08-18,SFE,PMCO,2,146.0,9.89041095890411,5.902802709725949,1.0,5.0,9.0,13.0,26.0
2013-08-18,SFE,SO2,1,136.0,0.3088235294117647,0.9230762247916461,0.0,0.0,0.0,0.0,7.0
2013-08-18,SJA,CO,15,156.0,0.3057692307692314,0.3127898159829222,0.0,0.1,0.2,0.5,1.5
2013-08-18,SJA,NO,1,156.0,10.570512820512821,17.341024332391935,0.0,1.0,3.0,13.0,105.0
2013-08-18,SJA,NO2,1,156.0,19.19871794871795,11.724482172646601,5.0,10.0,15.0,27.25,62.0
2013-08-18,SJA,NOX,1,156.0,29.67948717948718,26.36811054908688,5.0,11.0,17.5,42.5,140.0
2013-08-18,SJA,O3,1,156.0,26.871794871794872,18.825760644776746,0.0,12.0,26.0,39.0,70.0
2013-08-18,SJA,PM2.5,2,149.0,10.677852348993289,6.067490304868521,1.0,7.0,10.0,14.0,29.0
2013-08-18,SJA,SO2,1,154.0,1.9870129870129871,1.041536151742123,1.0,1.0,2.0,2.0,7.0
2013-08-18,SUR,CO,15,161.0,0.6701863354037274,0.43829851706583733,0.1,0.4,0.5,0.9,2.6
2013-08-18,SUR,NO,1,161.0,11.397515527950311,14.950033237047327,0.0,3.0,5.0,13.0,99.0
2013-08-18,SUR,NO2,1,161.0,23.36024844720497,11.122360807755165,7.0,15.0,22.0,28.0,65.0
2013-08-18,SUR,NOX,1,161.0,34.7888198757764,23.157182994129546,8.0,19.0,27.0,44.0,130.0
2013-08-18,SUR,O3,1,161.0,31.596273291925467,24.41832787118817,1.0,14.0,26.0,42.0,107.0
2013-08-18,SUR,PM10,2,155.0,19.296774193548387,10.92011975669811,1.0,11.5,18.0,25.0,57.0
2013-08-18,SUR,SO2,1,161.0,1.0372670807453417,0.9211962247382735,0.0,1.0,1.0,1.0,8.0
2013-08-18,TAH,CO,15,139.0,0.38848920863309383,0.28718502259265444,0.0,0.2,0.3,0.5,1.7
2013-08-18,TAH,NO,1,139.0,7.532374100719425,7.840162448658405,2.0,3.0,4.0,9.0,50.0
2013-08-18,TAH,NO2,1,139.0,17.654676258992804,8.561552268689642,6.0,11.0,16.0,22.0,53.0
2013-08-18,TAH,NOX,1,139.0,25.136690647482013,14.812940601335043,9.0,14.0,20.0,31.0,84.0
2013-08-18,TAH,O3,1,139.0,36.66187050359712,25.867710821457106,0.0,18.0,30.0,56.0,100.0
2013-08-18,TAH,PM10,2,113.0,25.778761061946902,18.547590579600097,1.0,13.0,21.0,32.0,113.0
2013-08-18,TAH,SO2,1,139.0,1.064748201438849,0.567330809785832,0.0,1.0,1.0,1.0,5.0
2013-08-18,TLA,CO,15,149.0,0.7791946308724834,0.36396375817967813,0.3,0.5,0.7,0.9,2.4
2013-08-18,TLA,NO,1,148.0,18.905405405405407,22.936273098392704,1.0,6.0,12.0,19.25,154.0
2013-08-18,TLA,NO2,1,148.0,23.304054054054053,9.969107919194238,9.0,17.0,20.5,28.0,62.0
2013-08-18,TLA,NOX,1,148.0,42.24324324324324,30.228297240097202,11.0,23.75,31.0,48.0,191.0
2013-08-18,TLA,O3,1,146.0,28.294520547945204,17.71154613014529,0.0,17.0,26.0,40.75,71.0
2013-08-18,TLA,PM10,2,158.0,32.99367088607595,11.401473161851538,12.0,25.25,32.0,39.0,70.0
2013-08-18,TLA,PM2.5,2,158.0,16.170886075949365,7.629304079569182,2.0,11.0,15.5,21.0,39.0
2013-08-18,TLA,PMCO,2,158.0,16.89240506329114,6.490154663382368,4.0,13.0,16.0,21.0,36.0
2013-08-18,TLA,SO2,1,149.0,2.9798657718120807,2.2793722424603877,0.0,1.0,2.0,4.0,14.0
2013-08-18,TLI,CO,15,159.0,0.45094339622641455,0.20216171134818803,0.2,0.3,0.4,0.5,1.2
2013-08-18,TLI,NO,1,159.0,6.610062893081761,11.417237661483801,0.0,1.0,2.0,6.5,68.0
2013-08-18,TLI,NO2,1,159.0,15.89937106918239,9.909843571012741,5.0,8.0,12.0,21.0,50.0
2013-08-18,TLI,NOX,1,159.0,22.566037735849058,19.54563899751941,6.0,9.5,14.0,27.0,106.0
2013-08-18,TLI,O3,1,159.0,28.540880503144653,16.93948355225966,1.0,16.0,28.0,40.5,68.0
2013-08-18,TLI,PM10,2,139.0,23.712230215827336,14.032697120238707,1.0,14.5,22.0,31.0,72.0
2013-08-18,TLI,SO2,1,159.0,1.3396226415094339,1.6794747094664093,0.0,0.0,1.0,1.0,10.0
2013-08-18,TPN,CO,15,0.0,,,,,,,
2013-08-18,TPN,NO,1,160.0,10.225,8.025862284440532,0.0,5.0,8.0,14.25,37.0
2013-08-18,TPN,NO2,1,160.0,16.0875,7.597076150581608,3.0,11.0,16.0,20.0,41.0
2013-08-18,TPN,NOX,1,160.0,26.24375,13.668467533596479,4.0,17.75,24.0,33.0,64.0
2013-08-18,TPN,O3,1,160.0,30.50625,21.303142023253123,2.0,16.0,24.0,42.0,97.0
2013-08-18,TPN,SO2,1,159.0,1.509433962264151,1.3819263958870542,1.0,1.0,1.0,2.0,16.0
2013-08-18,UAX,CO,15,156.0,0.6179487179487175,0.36037385238418307,0.3,0.3,0.5,0.8,2.1
2013-08-18,UAX,NO,1,156.0,9.096153846153847,13.309603055642166,0.0,1.0,2.0,14.0,71.0
2013-08-18,UAX,NO2,1,156.0,23.128205128205128,12.010059197145592,5.0,14.0,22.5,30.0,70.0
2013-08-18,UAX,NOX,1,156.0,32.256410256410255,22.54568746256447,7.0,15.0,24.0,44.5,120.0
2013-08-18,UAX,O3,1,156.0,29.583333333333332,23.042725626563257,1.0,12.0,24.0,44.0,85.0
2013-08-18,UAX,PM2.5,2,148.0,12.06081081081081,6.747361642451957,1.0,7.75,11.0,15.25,38.0
2013-08-18,UAX,SO2,1,156.0,1.4679487179487178,0.9187640491433827,1.0,1.0,1.0,2.0,8.0
2013-08-18,UIZ,CO,15,152.0,0.6407894736842102,0.4845090726476301,0.1,0.3,0.4,0.9,2.2
2013-08-18,UIZ,NO,1,152.0,16.49342105263158,24.489218254886147,0.0,2.0,4.5,22.25,114.0
2013-08-18,UIZ,NO2,1,152.0,25.513157894736842,13.239508825298962,7.0,14.0,22.0,36.0,69.0
2013-08-18,UIZ,NOX,1,152.0,42.05263157894737,34.2046411539814,8.0,16.0,26.0,59.5,157.0
2013-08-18,UIZ,O3,1,152.0,26.638157894736842,21.611730118233965,1.0,6.75,22.0,39.25,76.0
2013-08-18,UIZ,PM10,2,153.0,27.908496732026144,13.344306630014332,8.0,19.0,24.0,37.0,75.0
2013-08-18,UIZ,PM2.5,2,153.0,14.699346405228757,9.251660567390806,1.0,8.0,12.0,19.0,49.0
2013-08-18,UIZ,PMCO,2,153.0,13.183006535947712,6.306260369556689,3.0,8.0,13.0,16.0,38.0
2013-08-18,UIZ,SO2,1,152.0,1.2171052631578947,1.2283503348547105,0.0,0.0,1.0,2.0,7.0
2013-08-18,VIF,CO,15,156.0,0.3730769230769231,0.2606062791920843,0.1,0.2,0.3,0.4,1.4
2013-08-18,VIF,NO,1,156.0,7.07051282051282,12.078833622117756,1.0,2.0,3.0,5.25,87.0
2013-08-18,VIF,NO2,1,156.0,12.0,8.787087300454369,3.0,6.0,9.0,15.0,43.0
2013-08-18,VIF,NOX,1,156.0,19.076923076923077,18.748088405449785,4.0,8.0,11.0,22.0,112.0
2013-08-18,VIF,O3,1,156.0,30.493589743589745,16.629742804393615,1.0,19.0,29.0,42.0,71.0
2013-08-18,VIF,PM10,2,151.0,30.748344370860927,19.93797667536214,1.0,19.0,28.0,39.0,126.0
2013-08-18,VIF,SO2,1,9.0,0.7777777777777778,0.44095855184409843,0.0,1.0,1.0,1.0,1.0
2013-08-18,XAL,CO,15,148.0,0.5256756756756757,0.4605707227959881,0.0,0.2,0.4,0.6,2.2
2013-08-18,XAL,NO,1,153.0,24.50980392156863,27.434159854731917,2.0,9.0,16.0,24.0,143.0
2013-08-18,XAL,NO2,1,153.0,21.797385620915033,10.137449770869257,7.0,14.0,19.0,29.0,54.0
2013-08-18,XAL,NOX,1,153.0,46.326797385620914,35.603782705848204,9.0,24.0,35.0,51.0,177.0
2013-08-18,XAL,O3,1,153.0,27.81699346405229,15.693796087566414,2.0,17.0,27.0,38.0,68.0
2013-08-18,XAL,PM10,2,108.0,40.629629629629626,19.40064195517145,8.0,26.0,38.0,52.0,109.0
2013-08-18,XAL,PM2.5,2,108.0,20.14814814814815,12.411793317688808,1.0,10.75,18.5,30.25,52.0
2013-08-18,XAL,PMCO,2,108.0,20.564814814814813,10.626429006177467,3.0,14.75,19.0,24.25,68.0
2013-08-18,XAL,SO2,1,153.0,3.111111111111111,1.2277255155450943,1.0,2.0,3.0,4.0,8.0
2013-08-25,ACO,CO,15,150.0,0.22866666666666693,0.16357444651464598,0.0,0.1,0.2,0.3,0.9
2013-08-25,ACO,NO,1,150.0,5.806666666666667,10.9542653067941,0.0,1.0,2.0,5.0,84.0
2013-08-25,ACO,NO2,1,150.0,9.766666666666667,5.454407326567784,3.0,5.0,8.5,13.0,29.0
2013-08-25,ACO,NOX,1,150.0,15.553333333333333,14.261948560199642,3.0,8.0,11.0,19.75,103.0
2013-08-25,ACO,O3,1,150.0,29.506666666666668,14.820513022968607,3.0,19.0,27.0,38.0,67.0
2013-08-25,ACO,PM10,2,155.0,16.16774193548387,7.4727377716001895,4.0,11.0,15.0,20.5,41.0
2013-08-25,ACO,SO2,1,150.0,0.24666666666666667,0.4625094472703429,0.0,0.0,0.0,0.0,2.0
2013-08-25,ATI,CO,15,137.0,0.289051094890511,0.17050048823320998,0.0,0.2,0.3,0.4,0.9
2013-08-25,ATI,NO,1,137.0,4.37956204379562,5.223154595111184,0.0,1.0,3.0,5.0,44.0
2013-08-25,ATI,NO2,1,137.0,14.467153284671532,7.008451929939466,4.0,9.0,13.0,18.0,38.0
2013-08-25,ATI,NOX,1,137.0,18.824817518248175,10.31125727643663,4.0,12.0,17.0,22.0,65.0
2013-08-25,ATI,O3,1,137.0,26.16788321167883,17.15138878919211,1.0,14.0,22.0,35.0,72.0
2013-08-25,ATI,PM10,2,155.0,22.329032258064515,12.293018648767786,2.0,12.5,21.0,29.5,69.0
2013-08-25,ATI,SO2,1,137.0,3.510948905109489,3.2269927457609255,2.0,2.0,3.0,3.0,23.0
2013-08-25,CAM,CO,15,161.0,0.45900621118012425,0.26936778985465243,0.1,0.3,0.4,0.6,1.3
2013-08-25,CAM,NO,1,161.0,15.24223602484472,15.95845246159364,2.0,7.0,10.0,18.0,96.0
2013-08-25,CAM,NO2,1,161.0,25.080745341614907,10.44986552262725,7.0,17.0,24.0,32.0,53.0
2013-08-25,CAM,NOX,1,161.0,40.36645962732919,22.546809486320278,10.0,23.0,35.0,51.0,124.0
2013-08-25,CAM,O3,1,161.0,23.006211180124225,18.847578390342992,2.0,9.0,19.0,33.0,90.0
2013-08-25,CAM,PM10,2,94.0,35.09574468085106,16.965536951807437,4.0,25.25,32.0,42.0,101.0
2013-08-25,CAM,PM2.5,2,94.0,21.319148936170212,14.525626421046912,1.0,12.0,19.0,25.75,95.0
2013-08-25,CAM,PMCO,2,94.0,13.787234042553191,6.580963652064671,3.0,9.0,14.0,18.0,35.0
2013-08-25,CAM,SO2,1,161.0,2.484472049689441,1.8778498011759088,1.0,1.0,2.0,3.0,12.0
2013-08-25,CHO,CO,15,0.0,,,,,,,
2013-08-25,CHO,NO,1,161.0,19.81366459627329,31.02523266813322,1.0,5.0,10.0,19.0,242.0
2013-08-25,CHO,NO2,1,161.0,19.124223602484474,8.676662494858808,3.0,13.0,19.0,24.0,48.0
2013-08-25,CHO,NOX,1,161.0,38.8944099378882,33.72065436873817,5.0,20.0,31.0,46.0,270.0
2013-08-25,CHO,O3,1,161.0,21.74534161490683,19.876895979725298,0.0,5.0,18.0,33.0,80.0
2013-08-25,CHO,PM10,2,158.0,36.53164556962025,24.58876313347397,1.0,20.0,32.5,49.5,181.0
2013-08-25,CHO,SO2,1,161.0,1.0372670807453417,0.8358244340003765,0.0,1.0,1.0,1.0,4.0
2013-08-25,COY,NO,1,157.0,13.242038216560509,14.86494813305886,0.0,4.0,8.0,16.0,88.0
2013-08-25,COY,NO2,1,157.0,24.878980891719745,10.648432121541106,7.0,16.0,23.0,31.0,52.0
2013-08-25,COY,NOX,1,157.0,38.05095541401274,21.63680274568522,10.0,22.0,32.0,52.0,111.0
2013-08-25,COY,O3,1,157.0,22.62420382165605,22.08474761201485,0.0,5.0,15.0,33.0,97.0
2013-08-25,COY,PM2.5,2,151.0,17.662251655629138,9.523925953246062,2.0,11.0,16.0,22.0,52.0
2013-08-25,CUA,CO,15,147.0,0.4986394557823131,0.17161057961360748,0.3,0.4,0.5,0.6,1.2
2013-08-25,CUA,NO,1,147.0,5.619047619047619,3.9627258733139716,1.0,3.0,5.0,7.0,19.0
2013-08-25,CUA,NO2,1,147.0,15.73469387755102,7.523776495092936,5.0,10.5,15.0,19.0,51.0
2013-08-25,CUA,NOX,1,147.0,21.374149659863946,10.32765331880088,6.0,14.0,19.0,26.0,63.0
2013-08-25,CUA,O3,1,150.0,30.933333333333334,18.77691952731126,7.0,19.0,24.0,36.0,104.0
2013-08-25,CUA,PM10,2,143.0,17.153846153846153,11.474593915492626,1.0,8.0,17.0,23.0,65.0
2013-08-25,CUA,SO2,1,147.0,2.5850340136054424,3.618528304141932,1.0,1.0,2.0,2.0,33.0
2013-08-25,CUT,NO,1,155.0,4.503225806451613,10.626708689831966,1.0,1.0,2.0,3.0,103.0
2013-08-25,CUT,NO2,1,155.0,11.245161290322581,5.919746764814423,2.0,6.0,11.0,15.0,29.0
2013-08-25,CUT,NOX,1,155.0,15.696774193548388,13.47261493411602,4.0,8.0,13.0,18.0,122.0
2013-08-25,CUT,O3,1,155.0,21.858064516129033,15.476181409985218,0.0,9.5,19.0,32.0,66.0
2013-08-25,CUT,PM10,2,154.0,28.506493506493506,16.631825053721688,3.0,16.25,25.0,36.75,97.0
2013-08-25,CUT,SO2,1,155.0,1.0516129032258064,0.7097973772250378,0.0,1.0,1.0,1.0,6.0
2013-08-25,FAC,CO,15,161.0,0.5944099378881987,0.23163776872656394,0.2,0.4,0.6,0.7,1.3
2013-08-25,FAC,NO,1,161.0,9.677018633540373,9.070971891473402,1.0,3.0,7.0,12.0,53.0
2013-08-25,FAC,NO2,1,161.0,17.130434782608695,8.616938576709398,4.0,11.0,16.0,21.0,48.0
2013-08-25,FAC,NOX,1,161.0,26.838509316770185,15.590021095687312,5.0,17.0,24.0,33.0,78.0
2013-08-25,FAC,O3,1,161.0,28.39751552795031,17.52971744748956,2.0,16.0,24.0,37.0,85.0
2013-08-25,FAC,PM10,2,147.0,19.92517006802721,11.73339014608284,1.0,11.0,18.0,27.0,66.0
2013-08-25,FAC,SO2,1,161.0,1.9627329192546583,3.850143177139275,0.0,1.0,1.0,2.0,37.0
2013-08-25,HGM,CO,15,151.0,0.5960264900662251,0.27516802011425345,0.3,0.4,0.5,0.8,1.4
2013-08-25,HGM,NO,1,151.0,12.794701986754967,16.953000867415646,0.0,2.0,8.0,14.0,97.0
2013-08-25,HGM,NO2,1,151.0,24.198675496688743,12.059308917484824,4.0,15.0,22.0,31.0,56.0
2013-08-25,HGM,NOX,1,151.0,36.95364238410596,25.0144858694169,4.0,17.0,31.0,49.5,137.0
2013-08-25,HGM,O3,1,151.0,22.821192052980134,21.05962522386228,0.0,6.0,17.0,34.0,94.0
2013-08-25,HGM,PM10,2,107.0,27.46728971962617,15.999597729028764,4.0,15.5,24.0,33.5,89.0
2013-08-25,HGM,PM2.5,2,107.0,16.485981308411215,10.94097757522307,1.0,9.0,15.0,20.5,61.0
2013-08-25,HGM,PMCO,2,107.0,10.934579439252337,5.779389254207466,2.0,7.0,10.0,14.0,31.0
2013-08-25,HGM,SO2,1,151.0,2.4304635761589406,2.038005344366019,1.0,1.0,2.0,3.0,14.0
2013-08-25,IZT,CO,15,0.0,,,,,,,
2013-08-25,IZT,NO,1,154.0,13.642857142857142,15.058352109509466,0.0,5.0,9.0,16.0,100.0
2013-08-25,IZT,NO2,1,154.0,24.824675324675326,10.61576895695699,6.0,17.25,23.5,30.0,55.0
2013-08-25,IZT,NOX,1,154.0,38.493506493506494,21.542554558482287,7.0,22.0,36.0,48.0,122.0
2013-08-25,IZT,O3,1,154.0,23.42207792207792,22.546910420503924,0.0,4.25,17.0,35.75,94.0
2013-08-25,IZT,PM10,2,157.0,21.089171974522294,9.993828734349886,2.0,14.0,19.0,25.0,56.0
2013-08-25,IZT,SO2,1,0.0,,,,,,,
2013-08-25,LLA,CO,15,0.0,,,,,,,
2013-08-25,LLA,NO,1,161.0,13.956521739130435,16.208928028283882,1.0,4.0,8.0,17.0,86.0
2013-08-25,LLA,NO2,1,161.0,19.217391304347824,9.63761877499696,4.0,12.0,19.0,24.0,52.0
2013-08-25,LLA,NOX,1,161.0,33.22981366459627,23.003328141598608,6.0,16.0,28.0,44.0,129.0
2013-08-25,LLA,O3,1,161.0,23.018633540372672,17.51765967876754,1.0,8.0,17.0,36.0,72.0
2013-08-25,LLA,SO2,1,153.0,0.6797385620915033,0.7665163400878047,0.0,0.0,1.0,1.0,6.0
2013-08-25,LPR,CO,15,0.0,,,,,,,
2013-08-25,LPR,NO,1,159.0,11.484276729559749,12.75913936321822,0.0,4.0,8.0,13.0,75.0
2013-08-25,LPR,NO2,1,159.0,15.446540880503145,9.36844136742947,2.0,8.0,13.0,22.0,49.0
2013-08-25,LPR,NOX,1,159.0,26.962264150943398,19.634923288943448,3.0,14.0,21.0,34.5,99.0
2013-08-25,LPR,O3,1,159.0,30.70440251572327,17.236094545422052,2.0,18.5,28.0,41.5,86.0
2013-08-25,LPR,SO2,1,159.0,1.3522012578616351,0.7886726934963327,1.0,1.0,1.0,2.0,8.0
2013-08-25,MER,CO,15,135.0,0.8429629629629629,0.39066356498409327,0.3,0.6,0.7,1.0,2.3
2013-08-25,MER,NO,1,151.0,17.662251655629138,18.10557461749228,0.0,5.0,11.0,23.0,100.0
2013-08-25,MER,NO2,1,151.0,26.24503311258278,10.514730548088059,9.0,17.5,25.0,33.0,54.0
2013-08-25,MER,NOX,1,151.0,44.00662251655629,25.17578113683644,9.0,25.0,38.0,58.5,133.0
2013-08-25,MER,O3,1,151.0,22.39072847682119,21.538484474674227,1.0,6.0,15.0,32.0,95.0
2013-08-25,MER,PM10,2,152.0,28.960526315789473,12.403738797032059,9.0,20.0,28.0,37.0,71.0
2013-08-25,MER,PM2.5,2,152.0,14.513157894736842,8.005781720421597,1.0,8.75,14.0,19.25,42.0
2013-08-25,MER,PMCO,2,152.0,14.368421052631579,6.258963596713462,3.0,10.0,14.0,19.0,33.0
2013-08-25,MER,SO2,1,151.0,2.1456953642384105,1.3779083229948075,1.0,1.0,2.0,2.0,9.0
2013-08-25,MON,CO,15,0.0,,,,,,,
2013-08-25,MON,NO,1,156.0,5.846153846153846,15.36655515623875,0.0,0.0,1.0,3.0,99.0
2013-08-25,MON,NO2,1,156.0,10.58974358974359,6.306035813073467,2.0,5.75,9.0,14.0,30.0
2013-08-25,MON,NOX,1,156.0,16.403846153846153,18.40959737295314,2.0,6.0,11.0,19.25,118.0
2013-08-25,MON,O3,1,156.0,32.05128205128205,21.081040211769828,3.0,13.0,30.0,44.25,83.0
2013-08-25,MON,SO2,1,0.0,,,,,,,
2013-08-25,NEZ,CO,15,159.0,0.6238993710691826,0.3759307638074025,0.1,0.3,0.5,0.8,2.3
2013-08-25,NEZ,NO,1,159.0,9.622641509433961,12.659453487355579,0.0,2.0,5.0,12.0,98.0
2013-08-25,NEZ,NO2,1,159.0,19.861635220125788,10.159162471348607,5.0,13.0,18.0,26.0,49.0
2013-08-25,NEZ,NOX,1,159.0,29.559748427672957,19.374259053196354,6.0,15.0,24.0,40.5,116.0
2013-08-25,NEZ,O3,1,159.0,27.61006289308176,20.94837293149595,2.0,12.0,22.0,37.5,88.0
2013-08-25,NEZ,PM2.5,2,155.0,12.206451612903226,7.518545706117718,2.0,7.0,11.0,15.0,46.0
2013-08-25,NEZ,SO2,1,0.0,,,,,,,
2013-08-25,PED,CO,15,156.0,0.3493589743589745,0.1972379584195748,0.1,0.2,0.3,0.5,1.0
2013-08-25,PED,NO,1,156.0,6.814102564102564,7.233260530292691,1.0,2.0,4.0,9.0,43.0
2013-08-25,PED,NO2,1,156.0,19.858974358974358,8.646795951772908,7.0,13.0,19.0,24.0,45.0
2013-08-25,PED,NOX,1,156.0,26.602564102564102,13.696092914583216,8.0,16.0,23.0,33.5,70.0
2013-08-25,PED,O3,1,156.0,26.69871794871795,21.025459182372476,3.0,11.0,19.5,35.25,100.0
2013-08-25,PED,PM10,2,156.0,23.75,13.228329814357494,6.0,14.0,20.0,29.25,67.0
2013-08-25,PED,PM2.5,2,156.0,14.314102564102564,8.778863536692217,1.0,8.0,12.0,19.0,46.0
2013-08-25,PED,PMCO,2,156.0,9.467948717948717,5.894141292126162,1.0,5.0,7.5,13.0,32.0
2013-08-25,PED,SO2,1,156.0,2.423076923076923,1.463704806915177,2.0,2.0,2.0,2.0,13.0
2013-08-25,SAG,CO,15,0.0,,,,,,,
2013-08-25,SAG,NO,1,155.0,12.219354838709677,14.767141027515063,1.0,4.0,7.0,13.0,85.0
2013-08-25,SAG,NO2,1,155.0,17.980645161290322,8.300736133638074,6.0,11.0,17.0,23.0,48.0
2013-08-25,SAG,NOX,1,155.0,30.29032258064516,20.01946057823032,7.0,17.0,25.0,37.0,115.0
2013-08-25,SAG,O3,1,155.0,24.116129032258065,17.49469486886443,2.0,11.0,18.0,34.5,74.0
2013-08-25,SAG,PM10,2,100.0,27.16,13.329332733153265,5.0,18.0,24.5,34.0,67.0
2013-08-25,SAG,PM2.5,2,100.0,14.98,8.565823564219224,1.0,8.75,13.0,20.0,40.0
2013-08-25,SAG,PMCO,2,100.0,12.22,6.784682689110756,3.0,7.0,11.0,15.0,35.0
2013-08-25,SAG,SO2,1,76.0,1.3421052631578947,0.809158106988531,0.0,1.0,1.0,2.0,5.0
2013-08-25,SFE,CO,15,133.0,0.37443609022556323,0.15058176845374896,0.2,0.3,0.3,0.4,1.0
2013-08-25,SFE,NO,1,133.0,4.533834586466165,4.411673344628296,1.0,1.0,3.0,6.0,22.0
2013-08-25,SFE,NO2,1,133.0,16.887218045112782,7.393336614344382,5.0,12.0,16.0,20.0,48.0
2013-08-25,SFE,NOX,1,133.0,21.428571428571427,10.233105599789845,7.0,14.0,20.0,26.0,59.0
2013-08-25,SFE,O3,1,133.0,26.06766917293233,16.983144713938373,4.0,15.0,20.0,32.0,102.0
2013-08-25,SFE,PM10,2,157.0,21.961783439490446,12.89349137649992,5.0,13.0,17.0,28.0,69.0
2013-08-25,SFE,PM2.5,2,157.0,12.668789808917197,8.121977571989193,1.0,7.0,11.0,16.0,46.0
2013-08-25,SFE,PMCO,2,157.0,9.210191082802547,6.314444011025952,1.0,4.0,8.0,13.0,29.0
2013-08-25,SFE,SO2,1,133.0,0.8646616541353384,3.1497521665064983,0.0,0.0,0.0,0.0,21.0
2013-08-25,SJA,CO,15,159.0,0.32138364779874246,0.32126427070193686,0.0,0.1,0.2,0.5,1.9
2013-08-25,SJA,NO,1,159.0,9.89308176100629,18.97286243024679,0.0,2.0,4.0,10.5,123.0
2013-08-25,SJA,NO2,1,159.0,18.77358490566038,10.46871440869938,4.0,10.0,17.0,25.0,58.0
2013-08-25,SJA,NOX,1,159.0,28.69182389937107,24.244782731348838,4.0,11.0,21.0,38.0,145.0
2013-08-25,SJA,O3,1,159.0,24.80503144654088,18.99182968482726,0.0,9.0,20.0,34.0,79.0
2013-08-25,SJA,PM2.5,2,157.0,11.184713375796179,7.017214781001404,1.0,7.0,10.0,14.0,57.0
2013-08-25,SJA,SO2,1,69.0,2.1594202898550723,1.1064408812493844,1.0,2.0,2.0,2.0,7.0
2013-08-25,SUR,CO,15,161.0,0.6695652173913043,0.3427906573735765,0.1,0.4,0.6,0.9,1.6
2013-08-25,SUR,NO,1,161.0,11.91304347826087,12.684829179155223,1.0,4.0,7.0,15.0,66.0
2013-08-25,SUR,NO2,1,161.0,23.37888198757764,9.724931940236699,8.0,16.0,22.0,29.0,52.0
2013-08-25,SUR,NOX,1,161.0,35.24223602484472,18.713890695655568,9.0,20.0,31.0,44.0,90.0
2013-08-25,SUR,O3,1,161.0,25.652173913043477,24.131996620038823,1.0,7.0,17.0,37.0,106.0
2013-08-25,SUR,PM10,2,156.0,18.5,10.682817074403236,1.0,11.0,16.0,25.0,54.0
2013-08-25,SUR,SO2,1,161.0,1.6459627329192548,1.8419077673983755,0.0,1.0,1.0,2.0,17.0
2013-08-25,TAH,CO,15,156.0,0.3923076923076926,0.28704017062660364,0.0,0.2,0.3,0.5,2.1
2013-08-25,TAH,NO,1,156.0,7.852564102564102,9.665238336049377,2.0,3.0,4.0,8.0,68.0
2013-08-25,TAH,NO2,1,156.0,17.147435897435898,7.877943474217187,4.0,11.0,16.0,22.0,42.0
2013-08-25,TAH,NOX,1,156.0,25.012820512820515,14.238062200285174,7.0,15.0,21.0,33.0,94.0
2013-08-25,TAH,O3,1,156.0,26.506410256410255,21.441743066744387,1.0,10.0,23.0,36.0,94.0
2013-08-25,TAH,PM10,2,151.0,19.00662251655629,11.716937420527444,1.0,11.0,16.0,25.5,65.0
2013-08-25,TAH,SO2,1,156.0,1.0384615384615385,0.5998345512170374,0.0,1.0,1.0,1.0,4.0
2013-08-25,TLA,CO,15,147.0,0.7918367346938774,0.3077782078326242,0.4,0.6,0.7,1.0,1.8
2013-08-25,TLA,NO,1,147.0,16.01360544217687,14.42647224013246,1.0,7.5,12.0,20.5,77.0
2013-08-25,TLA,NO2,1,147.0,25.197278911564627,9.666804840930348,9.0,18.0,24.0,31.0,57.0
2013-08-25,TLA,NOX,1,147.0,41.204081632653065,20.54461859196176,11.0,26.0,36.0,52.5,109.0
2013-08-25,TLA,O3,1,147.0,21.782312925170068,18.51046242726719,1.0,7.0,15.0,31.0,73.0
2013-08-25,TLA,PM10,2,150.0,32.513333333333335,12.509720605180867,9.0,23.25,30.5,41.0,65.0
2013-08-25,TLA,PM2.5,2,150.0,16.84,8.180907548808241,1.0,11.0,16.0,22.0,44.0
2013-08-25,TLA,PMCO,2,150.0,15.653333333333334,6.429782493076837,5.0,10.0,15.0,20.0,32.0
2013-08-25,TLA,SO2,1,147.0,3.068027210884354,2.1347094503961577,0.0,2.0,2.0,4.0,12.0
2013-08-25,TLI,CO,15,161.0,0.504347826086957,0.15903923497322772,0.3,0.4,0.5,0.6,1.0
2013-08-25,TLI,NO,1,161.0,4.627329192546584,5.692999951449585,0.0,1.0,2.0,6.0,27.0
2013-08-25,TLI,NO2,1,161.0,15.130434782608695,8.500831161409018,3.0,9.0,14.0,20.0,45.0
2013-08-25,TLI,NOX,1,161.0,19.714285714285715,12.5834358242436,3.0,10.0,16.0,27.0,59.0
2013-08-25,TLI,O3,1,161.0,26.0,17.284386017443605,1.0,13.0,22.0,36.0,73.0
2013-08-25,TLI,PM10,2,154.0,20.642857142857142,12.156215533508178,1.0,11.0,18.5,29.0,73.0
2013-08-25,TLI,SO2,1,161.0,0.40372670807453415,0.6743411783694662,0.0,0.0,0.0,1.0,5.0
2013-08-25,TPN,CO,15,0.0,,,,,,,
2013-08-25,TPN,NO,1,9.0,19.333333333333332,16.401219466856727,1.0,5.0,17.0,33.0,43.0
2013-08-25,TPN,NO2,1,9.0,20.555555555555557,12.91424708520701,8.0,9.0,17.0,30.0,39.0
2013-08-25,TPN,NOX,1,9.0,39.77777777777778,28.843447166461303,9.0,14.0,34.0,67.0,82.0
2013-08-25,TPN,O3,1,146.0,22.28767123287671,18.532342243283804,2.0,8.0,17.0,29.0,88.0
2013-08-25,TPN,SO2,1,144.0,1.7916666666666667,1.1211569948018012,1.0,1.0,2.0,2.0,9.0
2013-08-25,UAX,CO,15,156.0,0.6128205128205129,0.29918555009051,0.2,0.4,0.55,0.8,1.5
2013-08-25,UAX,NO,1,155.0,8.845161290322581,12.555405487451843,0.0,1.0,3.0,12.5,71.0
2013-08-25,UAX,NO2,1,155.0,22.174193548387098,10.950981920687793,5.0,14.0,20.0,28.0,56.0
2013-08-25,UAX,NOX,1,155.0,31.058064516129033,18.974089889601224,7.0,15.0,27.0,41.5,90.0
2013-08-25,UAX,O3,1,156.0,24.78205128205128,22.135155186262732,1.0,7.0,19.0,36.25,100.0
2013-08-25,UAX,PM2.5,2,148.0,12.182432432432432,7.202642336535711,1.0,7.0,12.0,15.0,45.0
2013-08-25,UAX,SO2,1,156.0,1.4615384615384615,1.297066742305515,1.0,1.0,1.0,1.0,10.0
2013-08-25,UIZ,CO,15,161.0,0.6360248447204971,0.41871123627015533,0.1,0.3,0.5,0.9,2.5
2013-08-25,UIZ,NO,1,161.0,13.385093167701863,19.284405005016765,0.0,2.0,6.0,17.0,131.0
2013-08-25,UIZ,NO2,1,161.0,24.503105590062113,12.215320413113652,5.0,15.0,22.0,32.0,62.0
2013-08-25,UIZ,NOX,1,161.0,37.90683229813665,27.293268685299505,8.0,17.0,28.0,52.0,155.0
2013-08-25,UIZ,O3,1,161.0,23.198757763975156,21.07629589010377,1.0,6.0,16.0,35.0,95.0
2013-08-25,UIZ,PM10,2,159.0,26.50943396226415,15.217356814235206,5.0,15.0,24.0,33.0,81.0
2013-08-25,UIZ,PM2.5,2,159.0,15.534591194968554,10.257926773910471,1.0,8.0,14.0,20.5,47.0
2013-08-25,UIZ,PMCO,2,159.0,11.025157232704403,6.40702708121522,3.0,6.0,10.0,15.0,35.0
2013-08-25,UIZ,SO2,1,161.0,1.3478260869565217,1.2954770818371182,0.0,1.0,1.0,2.0,9.0
2013-08-25,VIF,CO,15,158.0,0.363291139240506,0.1581559459302391,0.2,0.3,0.3,0.4,1.0
2013-08-25,VIF,NO,1,158.0,4.056962025316456,4.200763762654541,1.0,2.0,3.0,4.0,29.0
2013-08-25,VIF,NO2,1,158.0,10.430379746835444,6.23669752619267,3.0,6.0,9.0,13.0,35.0
2013-08-25,VIF,NOX,1,158.0,14.49367088607595,9.026321619583829,4.0,8.0,12.0,16.75,54.0
2013-08-25,VIF,O3,1,161.0,29.217391304347824,16.35607519095501,2.0,17.0,26.0,40.0,73.0
2013-08-25,VIF,PM10,2,152.0,25.355263157894736,13.383496753866414,2.0,15.75,24.5,33.0,67.0
2013-08-25,VIF,SO2,1,120.0,0.5583333333333333,0.7194282666203236,0.0,0.0,0.0,1.0,4.0
2013-08-25,XAL,CO,15,149.0,0.4838926174496642,0.40737576685181276,0.0,0.2,0.4,0.6,2.7
2013-08-25,XAL,NO,1,156.0,20.833333333333332,24.43050270390666,1.0,9.0,14.0,23.25,184.0
2013-08-25,XAL,NO2,1,156.0,20.641025641025642,9.291653360251887,5.0,14.75,19.0,26.25,54.0
2013-08-25,XAL,NOX,1,156.0,41.48717948717949,29.70597576017915,7.0,24.75,35.0,52.0,212.0
2013-08-25,XAL,O3,1,156.0,27.224358974358974,15.885304110504443,2.0,16.0,24.0,36.25,81.0
2013-08-25,XAL,PM10,2,160.0,38.15,19.145651590968836,7.0,24.0,35.0,50.0,114.0
2013-08-25,XAL,PM2.5,2,160.0,19.88125,11.3400120212242,1.0,12.0,17.0,25.0,55.0
2013-08-25,XAL,PMCO,2,160.0,18.2625,10.016644952309582,2.0,11.0,17.5,24.0,59.0
2013-08-25,XAL,SO2,1,156.0,2.871794871794872,1.422029212158317,1.0,2.0,2.0,3.0,12.0
2013-09-01,ACO,CO,15,154.0,0.2435064935064937,0.20225051594344276,0.0,0.1,0.2,0.3,1.1
2013-09-01,ACO,NO,1,154.0,6.766233766233766,11.038134852269726,0.0,2.0,3.0,7.0,73.0
2013-09-01,ACO,NO2,1,154.0,9.85064935064935,5.665839002454234,3.0,5.25,8.0,13.75,32.0
2013-09-01,ACO,NOX,1,154.0,16.584415584415584,14.377588450648673,4.0,7.0,11.0,21.0,89.0
2013-09-01,ACO,O3,1,154.0,23.954545454545453,14.75700383581771,3.0,13.0,20.0,36.0,69.0
2013-09-01,ACO,PM10,2,155.0,14.651612903225807,8.27497679079187,1.0,8.0,14.0,19.0,50.0
2013-09-01,ACO,SO2,1,154.0,0.5714285714285714,0.982574601649049,0.0,0.0,0.0,1.0,9.0
2013-09-01,ATI,CO,15,157.0,0.5299363057324843,0.28877836594001094,0.2,0.3,0.5,0.6,1.6
2013-09-01,ATI,NO,1,132.0,10.098484848484848,13.281370668989583,0.0,2.0,6.0,11.25,75.0
2013-09-01,ATI,NO2,1,132.0,15.613636363636363,6.880271305755683,3.0,10.0,15.0,20.0,43.0
2013-09-01,ATI,NOX,1,132.0,25.696969696969695,17.868450337528532,3.0,14.0,21.0,31.0,103.0
2013-09-01,ATI,O3,1,160.0,18.81875,17.46870404664245,0.0,5.0,13.0,30.0,64.0
2013-09-01,ATI,PM10,2,158.0,25.5126582278481,14.713717046414157,1.0,14.25,25.0,34.75,91.0
2013-09-01,ATI,SO2,1,160.0,6.74375,8.328360937900657,2.0,3.0,3.0,6.0,63.0
2013-09-01,CAM,CO,15,156.0,0.6237179487179486,0.41722774464502216,0.1,0.3,0.5,0.8,2.5
2013-09-01,CAM,NO,1,156.0,26.762820512820515,31.31012660661746,2.0,8.0,18.0,33.0,198.0
2013-09-01,CAM,NO2,1,156.0,24.46153846153846,9.077717927935211,8.0,18.0,24.0,29.0,59.0
2013-09-01,CAM,NOX,1,156.0,51.28846153846154,35.01760103339455,12.0,27.0,42.5,65.0,227.0
2013-09-01,CAM,O3,1,156.0,17.455128205128204,20.37688220436468,2.0,2.75,9.0,24.5,96.0
2013-09-01,CAM,PM10,2,142.0,34.056338028169016,15.521101923979884,6.0,22.0,33.0,44.0,82.0
2013-09-01,CAM,PM2.5,2,142.0,20.169014084507044,13.442798082901955,1.0,10.0,17.0,27.0,72.0
2013-09-01,CAM,PMCO,2,142.0,13.880281690140846,7.285935537573506,2.0,9.0,13.0,17.0,39.0
2013-09-01,CAM,SO2,1,156.0,3.923076923076923,3.9717363742200615,1.0,2.0,2.0,4.0,27.0
2013-09-01,CHO,CO,15,0.0,,,,,,,
2013-09-01,CHO,NO,1,155.0,18.561290322580646,27.684466053401113,1.0,5.0,9.0,17.0,181.0
2013-09-01,CHO,NO2,1,155.0,15.87741935483871,7.911306625191871,3.0,10.0,15.0,20.5,40.0
2013-09-01,CHO,NOX,1,155.0,34.464516129032255,29.87795030682453,4.0,17.0,28.0,38.5,200.0
2013-09-01,CHO,O3,1,155.0,19.496774193548386,18.996026308168464,0.0,5.0,14.0,27.0,86.0
2013-09-01,CHO,PM10,2,148.0,33.12837837837838,20.80269488213624,1.0,19.0,29.0,48.0,101.0
2013-09-01,CHO,SO2,1,155.0,1.4903225806451612,1.2554698087650566,0.0,1.0,1.0,2.0,11.0
2013-09-01,COY,NO,1,160.0,22.34375,27.848432286532937,1.0,5.0,11.0,30.0,176.0
2013-09-01,COY,NO2,1,160.0,24.7125,12.00177528796857,3.0,18.0,22.0,29.0,87.0
2013-09-01,COY,NOX,1,160.0,47.09375,31.991507692908268,7.0,23.75,41.5,62.0,204.0
2013-09-01,COY,O3,1,160.0,18.05625,22.859771282358913,0.0,2.0,9.0,23.25,105.0
2013-09-01,COY,PM2.5,2,151.0,18.205298013245034,11.358590218153367,1.0,11.0,15.0,23.5,64.0
2013-09-01,CUA,CO,15,155.0,0.629032258064516,0.25456041610228164,0.2,0.5,0.6,0.7,1.8
2013-09-01,CUA,NO,1,155.0,8.729032258064516,8.809167065169643,1.0,4.0,6.0,10.0,56.0
2013-09-01,CUA,NO2,1,155.0,18.135483870967743,9.92247705468308,4.0,12.0,16.0,22.0,70.0
2013-09-01,CUA,NOX,1,155.0,26.851612903225806,15.62872544611243,5.0,17.0,24.0,32.0,84.0
2013-09-01,CUA,O3,1,155.0,25.83225806451613,19.921540699179722,1.0,13.0,19.0,31.0,82.0
2013-09-01,CUA,PM10,2,142.0,21.45774647887324,13.091940696385793,1.0,13.0,18.0,29.75,56.0
2013-09-01,CUA,SO2,1,155.0,3.5161290322580645,3.613385717976827,1.0,2.0,2.0,4.0,22.0
2013-09-01,CUT,NO,1,161.0,7.46583850931677,16.05655281181978,1.0,2.0,3.0,6.0,143.0
2013-09-01,CUT,NO2,1,161.0,11.198757763975156,5.5043390563450005,3.0,7.0,10.0,15.0,31.0
2013-09-01,CUT,NOX,1,161.0,18.68944099378882,18.716047935142686,4.0,10.0,14.0,21.0,167.0
2013-09-01,CUT,O3,1,161.0,18.142857142857142,14.92935746392705,0.0,6.0,15.0,28.0,59.0
2013-09-01,CUT,PM10,2,157.0,30.38216560509554,18.947138012634912,1.0,17.0,27.0,40.0,105.0
2013-09-01,CUT,SO2,1,161.0,2.8322981366459627,4.2767336029450105,0.0,1.0,1.0,2.0,26.0
2013-09-01,FAC,CO,15,160.0,0.7756249999999996,0.5532916793066175,0.1,0.4,0.6,0.9,3.7
2013-09-01,FAC,NO,1,160.0,22.40625,30.410875428695284,1.0,5.75,13.0,26.75,208.0
2013-09-01,FAC,NO2,1,160.0,19.4375,9.010606957128307,2.0,14.0,18.0,24.0,52.0
2013-09-01,FAC,NOX,1,160.0,41.875,34.55280345232633,3.0,19.75,34.0,51.25,229.0
2013-09-01,FAC,O3,1,160.0,20.35,18.78919802078181,1.0,6.0,14.0,27.25,74.0
2013-09-01,FAC,PM10,2,146.0,24.198630136986303,13.880584238431354,1.0,15.0,22.0,31.0,79.0
2013-09-01,FAC,SO2,1,160.0,4.7875,8.475927807695026,0.0,1.0,2.0,4.0,58.0
2013-09-01,HGM,CO,15,155.0,0.7277419354838711,0.36636783089636843,0.2,0.4,0.6,0.95,2.1
2013-09-01,HGM,NO,1,155.0,21.335483870967742,22.826641253165388,0.0,5.0,13.0,31.0,122.0
2013-09-01,HGM,NO2,1,155.0,26.470967741935485,11.531047686385913,7.0,19.0,25.0,31.0,77.0
2013-09-01,HGM,NOX,1,155.0,47.696774193548386,27.525755163461188,10.0,26.0,45.0,64.5,144.0
2013-09-01,HGM,O3,1,155.0,17.490322580645163,21.55161962212642,0.0,1.5,9.0,24.0,100.0
2013-09-01,HGM,PM10,2,144.0,28.63888888888889,15.447004421891823,3.0,18.0,26.0,35.0,76.0
2013-09-01,HGM,PM2.5,2,144.0,17.006944444444443,11.273768382193841,1.0,8.0,14.5,22.0,52.0
2013-09-01,HGM,PMCO,2,144.0,11.54861111111111,5.836741428661245,1.0,8.0,10.5,15.0,33.0
2013-09-01,HGM,SO2,1,155.0,3.490322580645161,4.172214432635191,1.0,2.0,2.0,3.0,30.0
2013-09-01,IZT,CO,15,0.0,,,,,,,
2013-09-01,IZT,NO,1,159.0,24.339622641509433,27.18707580811036,1.0,6.0,14.0,34.5,167.0
2013-09-01,IZT,NO2,1,159.0,24.88050314465409,10.452644738233676,7.0,18.5,24.0,29.0,68.0
2013-09-01,IZT,NOX,1,159.0,49.18867924528302,31.568324496807012,8.0,26.0,41.0,65.0,191.0
2013-09-01,IZT,O3,1,159.0,18.540880503144653,23.656225165761867,0.0,2.0,8.0,25.0,107.0
2013-09-01,IZT,PM10,2,151.0,23.503311258278146,11.038643740475504,1.0,16.0,23.0,28.5,63.0
2013-09-01,IZT,SO2,1,0.0,,,,,,,
2013-09-01,LLA,CO,15,0.0,,,,,,,
2013-09-01,LLA,NO,1,152.0,18.88157894736842,20.751105997980478,1.0,4.0,9.5,29.0,127.0
2013-09-01,LLA,NO2,1,152.0,18.18421052631579,8.689966089167541,5.0,11.75,17.0,22.0,44.0
2013-09-01,LLA,NOX,1,152.0,37.06578947368421,26.802854215075502,8.0,16.0,26.5,54.25,151.0
2013-09-01,LLA,O3,1,75.0,13.866666666666667,11.50949470951998,0.0,5.0,10.0,21.0,47.0
2013-09-01,LLA,SO2,1,119.0,1.8235294117647058,1.6346204598794274,1.0,1.0,1.0,2.0,13.0
2013-09-01,LPR,CO,15,0.0,,,,,,,
2013-09-01,LPR,NO,1,153.0,17.431372549019606,17.840582325388894,1.0,5.0,11.0,22.0,80.0
2013-09-01,LPR,NO2,1,153.0,17.366013071895424,10.10064591081271,4.0,9.0,16.0,24.0,49.0
2013-09-01,LPR,NOX,1,153.0,34.810457516339866,25.99816583459275,4.0,15.0,28.0,45.0,110.0
2013-09-01,LPR,O3,1,153.0,22.405228758169933,17.185305040130224,2.0,10.0,18.0,29.0,86.0
2013-09-01,LPR,SO2,1,153.0,2.0718954248366015,2.9448987453851507,1.0,1.0,1.0,2.0,24.0
2013-09-01,MER,CO,15,156.0,1.0775641025641027,0.585367126924382,0.3,0.6,1.0,1.4,3.2
2013-09-01,MER,NO,1,156.0,30.044871794871796,33.69068847116183,1.0,7.0,17.0,43.25,180.0
2013-09-01,MER,NO2,1,156.0,27.057692307692307,12.16193977769696,7.0,20.0,26.0,31.25,75.0
2013-09-01,MER,NOX,1,156.0,57.083333333333336,38.67264738693202,8.0,25.0,51.0,76.25,206.0
2013-09-01,MER,O3,1,153.0,18.209150326797385,22.626444005902762,0.0,1.0,8.0,25.0,101.0
2013-09-01,MER,PM10,2,157.0,32.210191082802545,15.520884130552055,4.0,20.0,31.0,42.0,74.0
2013-09-01,MER,PM2.5,2,157.0,16.547770700636942,10.058448330576622,1.0,8.0,15.0,23.0,45.0
2013-09-01,MER,PMCO,2,157.0,15.713375796178344,7.29598673966091,2.0,10.0,16.0,20.0,33.0
2013-09-01,MER,SO2,1,156.0,3.230769230769231,3.3540464802329826,1.0,2.0,2.0,3.0,25.0
2013-09-01,MON,CO,15,0.0,,,,,,,
2013-09-01,MON,NO,1,153.0,8.784313725490197,17.26151071957438,0.0,0.0,2.0,6.0,102.0
2013-09-01,MON,NO2,1,153.0,10.607843137254902,6.222027185011463,2.0,6.0,9.0,14.0,31.0
2013-09-01,MON,NOX,1,153.0,19.522875816993466,20.347987410927562,2.0,7.0,12.0,19.0,117.0
2013-09-01,MON,O3,1,152.0,24.342105263157894,18.46138094149492,4.0,10.0,20.5,36.0,81.0
2013-09-01,MON,SO2,1,0.0,,,,,,,
2013-09-01,NEZ,CO,15,157.0,0.6407643312101912,0.5436056515164347,0.0,0.3,0.5,0.8,3.3
2013-09-01,NEZ,NO,1,157.0,14.656050955414013,22.369196246520247,0.0,3.0,6.0,17.0,157.0
2013-09-01,NEZ,NO2,1,157.0,18.70063694267516,10.13021943225069,5.0,11.0,18.0,22.0,57.0
2013-09-01,NEZ,NOX,1,157.0,33.4203821656051,28.775908591000707,5.0,15.0,26.0,41.0,186.0
2013-09-01,NEZ,O3,1,157.0,21.828025477707005,19.709485658495094,2.0,6.0,16.0,30.0,114.0
2013-09-01,NEZ,PM2.5,2,153.0,11.235294117647058,7.048483138313066,1.0,6.0,10.0,15.0,37.0
2013-09-01,NEZ,SO2,1,157.0,2.171974522292994,2.8242955644273775,0.0,1.0,2.0,2.0,27.0
2013-09-01,PED,CO,15,156.0,0.43974358974358996,0.28368075814071086,0.1,0.2,0.4,0.6,1.7
2013-09-01,PED,NO,1,156.0,11.807692307692308,14.98821704286636,1.0,3.0,6.0,17.25,94.0
2013-09-01,PED,NO2,1,156.0,20.423076923076923,10.204387709999072,3.0,14.0,19.0,24.0,65.0
2013-09-01,PED,NOX,1,156.0,32.18589743589744,20.62469690480855,6.0,17.0,28.0,43.0,118.0
2013-09-01,PED,O3,1,156.0,22.17948717948718,21.894611851376016,3.0,7.0,14.5,27.25,102.0
2013-09-01,PED,PM10,2,152.0,26.473684210526315,15.176640890553108,3.0,14.75,23.0,35.5,89.0
2013-09-01,PED,PM2.5,2,152.0,15.914473684210526,11.133711161354437,1.0,8.0,13.0,22.0,57.0
2013-09-01,PED,PMCO,2,152.0,10.532894736842104,5.694097982113227,2.0,6.0,10.0,14.0,32.0
2013-09-01,PED,SO2,1,156.0,3.6794871794871793,3.4020623337051363,2.0,2.0,3.0,3.0,21.0
2013-09-01,SAG,CO,15,0.0,,,,,,,
2013-09-01,SAG,NO,1,161.0,18.024844720496894,22.241557474286445,1.0,5.0,10.0,23.0,156.0
2013-09-01,SAG,NO2,1,161.0,16.763975155279503,8.073502591773837,5.0,11.0,16.0,20.0,49.0
2013-09-01,SAG,NOX,1,161.0,34.83229813664596,26.713581757423675,6.0,18.0,25.0,45.0,179.0
2013-09-01,SAG,O3,1,161.0,18.96273291925466,16.105080021051492,2.0,7.0,14.0,26.0,67.0
2013-09-01,SAG,PM10,2,112.0,28.455357142857142,10.719089978229961,5.0,22.0,27.5,36.0,61.0
2013-09-01,SAG,PM2.5,2,112.0,14.339285714285714,7.486388334571637,2.0,9.0,13.0,19.25,32.0
2013-09-01,SAG,PMCO,2,112.0,14.098214285714286,6.392506623120613,3.0,10.0,13.0,18.0,39.0
2013-09-01,SAG,SO2,1,150.0,2.66,4.054709748050975,0.0,1.0,2.0,2.0,35.0
2013-09-01,SFE,CO,15,155.0,0.4806451612903225,0.24417812696364444,0.2,0.3,0.4,0.6,1.6
2013-09-01,SFE,NO,1,155.0,7.774193548387097,8.746463765651475,1.0,2.0,5.0,9.5,52.0
2013-09-01,SFE,NO2,1,155.0,18.974193548387095,10.270338318822555,4.0,13.0,17.0,22.0,63.0
2013-09-01,SFE,NOX,1,155.0,26.690322580645162,16.45441074642751,6.0,16.0,24.0,32.0,96.0
2013-09-01,SFE,O3,1,155.0,23.070967741935483,21.13565021702326,0.0,9.0,16.0,29.0,87.0
2013-09-01,SFE,PM10,2,153.0,24.124183006535947,14.347345372208972,4.0,13.0,21.0,32.0,76.0
2013-09-01,SFE,PM2.5,2,153.0,13.908496732026144,9.60424760548287,1.0,7.0,11.0,18.0,48.0
2013-09-01,SFE,PMCO,2,153.0,10.215686274509803,6.319290825124904,1.0,5.0,9.0,14.0,28.0
2013-09-01,SFE,SO2,1,155.0,1.5870967741935484,3.4599510107901006,0.0,0.0,0.0,1.0,20.0
2013-09-01,SJA,CO,15,149.0,0.5208053691275167,0.49501230776198146,0.0,0.2,0.4,0.7,2.7
2013-09-01,SJA,NO,1,149.0,21.08724832214765,30.956144411676455,0.0,2.0,8.0,28.0,189.0
2013-09-01,SJA,NO2,1,149.0,20.42281879194631,11.329929991943777,4.0,12.0,19.0,24.0,54.0
2013-09-01,SJA,NOX,1,149.0,41.38255033557047,37.14191143901633,4.0,15.0,27.0,58.0,219.0
2013-09-01,SJA,O3,1,149.0,16.959731543624162,20.118191040405573,0.0,2.0,10.0,22.0,94.0
2013-09-01,SJA,PM2.5,2,143.0,13.13986013986014,8.15743107052963,1.0,6.0,12.0,18.5,40.0
2013-09-01,SJA,SO2,1,0.0,,,,,,,
2013-09-01,SUR,CO,15,155.0,0.7819354838709681,0.5564814051270712,0.1,0.4,0.7,1.05,3.8
2013-09-01,SUR,NO,1,155.0,20.35483870967742,26.70151071544087,1.0,4.0,10.0,26.0,175.0
2013-09-01,SUR,NO2,1,155.0,23.883870967741935,11.125001000268265,4.0,17.0,23.0,28.0,73.0
2013-09-01,SUR,NOX,1,155.0,44.27741935483871,30.986912923326265,8.0,22.0,37.0,60.5,197.0
2013-09-01,SUR,O3,1,155.0,21.051612903225806,24.835509127364727,1.0,3.0,11.0,24.0,104.0
2013-09-01,SUR,PM10,2,129.0,23.6046511627907,13.621799282681947,3.0,14.0,24.0,31.0,88.0
2013-09-01,SUR,SO2,1,155.0,2.9935483870967743,3.5428669405380946,1.0,1.0,2.0,3.0,23.0
2013-09-01,TAH,CO,15,160.0,0.3912499999999999,0.3299299525428172,0.0,0.1,0.3,0.6,1.6
2013-09-01,TAH,NO,1,160.0,8.5625,10.195995946121856,2.0,3.0,4.0,8.25,56.0
2013-09-01,TAH,NO2,1,160.0,15.94375,9.009601360030677,1.0,8.75,15.0,22.0,40.0
2013-09-01,TAH,NOX,1,160.0,24.49375,16.272443378977005,3.0,12.0,21.0,34.0,83.0
2013-09-01,TAH,O3,1,160.0,25.69375,22.53355202761278,1.0,9.0,21.0,37.25,111.0
2013-09-01,TAH,PM10,2,130.0,23.46153846153846,12.31193650732998,2.0,13.0,23.0,33.75,49.0
2013-09-01,TAH,SO2,1,160.0,1.39375,1.3786187372299528,0.0,1.0,1.0,1.0,13.0
2013-09-01,TLA,CO,15,151.0,0.9668874172185427,0.4356943660112575,0.4,0.7,0.9,1.1,2.9
2013-09-01,TLA,NO,1,151.0,28.013245033112582,28.278139202091985,2.0,10.5,21.0,35.5,176.0
2013-09-01,TLA,NO2,1,151.0,25.75496688741722,8.766578114191969,10.0,20.0,24.0,30.0,56.0
2013-09-01,TLA,NOX,1,151.0,53.76158940397351,33.020742694912535,14.0,30.5,47.0,66.5,211.0
2013-09-01,TLA,O3,1,150.0,16.913333333333334,17.883266771623568,0.0,3.0,10.0,25.5,68.0
2013-09-01,TLA,PM10,2,157.0,35.80891719745223,14.27259062156524,8.0,26.0,34.0,44.0,79.0
2013-09-01,TLA,PM2.5,2,157.0,18.394904458598727,8.706583098646325,4.0,12.0,18.0,24.0,45.0
2013-09-01,TLA,PMCO,2,157.0,17.45859872611465,8.74018896546577,1.0,12.0,17.0,22.0,53.0
2013-09-01,TLA,SO2,1,151.0,4.821192052980132,4.418274312768477,1.0,2.0,3.0,6.0,27.0
2013-09-01,TLI,CO,15,161.0,0.5490683229813665,0.23903922597095872,0.3,0.4,0.5,0.6,1.8
2013-09-01,TLI,NO,1,161.0,10.055900621118013,17.216724589481636,0.0,2.0,4.0,12.0,127.0
2013-09-01,TLI,NO2,1,161.0,15.136645962732919,7.900551321276522,3.0,10.0,13.0,19.0,53.0
2013-09-01,TLI,NOX,1,161.0,25.15527950310559,21.736650790258363,2.0,12.0,18.0,33.0,148.0
2013-09-01,TLI,O3,1,161.0,19.857142857142858,16.443029352455532,1.0,8.0,14.0,28.0,67.0
2013-09-01,TLI,PM10,2,151.0,22.966887417218544,16.213334930870147,1.0,9.5,19.0,34.5,75.0
2013-09-01,TLI,SO2,1,161.0,1.6770186335403727,1.9640598402036078,0.0,1.0,1.0,2.0,10.0
2013-09-01,TPN,CO,15,0.0,,,,,,,
2013-09-01,TPN,NO,1,0.0,,,,,,,
2013-09-01,TPN,NO2,1,0.0,,,,,,,
2013-09-01,TPN,NOX,1,0.0,,,,,,,
2013-09-01,TPN,O3,1,157.0,19.96815286624204,19.31965266920017,1.0,6.0,13.0,24.0,85.0
2013-09-01,TPN,SO2,1,157.0,2.254777070063694,2.5966064110353377,1.0,1.0,2.0,2.0,20.0
2013-09-01,UAX,CO,15,152.0,0.6980263157894738,0.365112773059554,0.2,0.4,0.7,1.0,1.7
2013-09-01,UAX,NO,1,152.0,13.381578947368421,16.423990775298908,0.0,2.0,5.0,19.0,80.0
2013-09-01,UAX,NO2,1,152.0,22.88157894736842,11.678323277615988,3.0,14.75,23.0,28.0,66.0
2013-09-01,UAX,NOX,1,152.0,36.28947368421053,22.60446875438963,6.0,16.75,31.0,51.25,108.0
2013-09-01,UAX,O3,1,152.0,19.585526315789473,22.836430775891504,0.0,2.0,10.5,24.75,97.0
2013-09-01,UAX,PM2.5,2,144.0,13.090277777777779,8.210442944742589,1.0,7.0,12.0,17.0,38.0
2013-09-01,UAX,SO2,1,152.0,1.75,2.2353274350130126,1.0,1.0,1.0,2.0,18.0
2013-09-01,UIZ,CO,15,160.0,0.7343749999999996,0.512736753107695,0.1,0.3,0.6,0.925,2.3
2013-09-01,UIZ,NO,1,160.0,19.7375,23.761256848997384,0.0,3.0,10.0,27.0,144.0
2013-09-01,UIZ,NO2,1,160.0,24.5375,12.438471209828633,4.0,17.0,23.0,29.25,77.0
2013-09-01,UIZ,NOX,1,160.0,44.25,31.51719107619417,6.0,21.0,36.0,63.5,172.0
2013-09-01,UIZ,O3,1,160.0,18.64375,21.734923025647394,1.0,3.0,10.0,24.0,108.0
2013-09-01,UIZ,PM10,2,124.0,29.411290322580644,17.909897384904017,2.0,15.0,25.5,41.25,89.0
2013-09-01,UIZ,PM2.5,2,124.0,16.233870967741936,11.292208171194387,1.0,7.0,14.0,22.0,48.0
2013-09-01,UIZ,PMCO,2,124.0,13.209677419354838,9.01243422316097,1.0,7.0,11.0,17.25,53.0
2013-09-01,UIZ,SO2,1,160.0,1.875,2.217001204244743,0.0,1.0,1.0,2.0,20.0
2013-09-01,VIF,CO,15,161.0,0.4341614906832295,0.3428019818463187,0.1,0.3,0.3,0.5,2.5
2013-09-01,VIF,NO,1,161.0,8.503105590062113,14.615969102150942,1.0,2.0,4.0,8.0,108.0
2013-09-01,VIF,NO2,1,161.0,11.720496894409937,7.735640875296164,3.0,6.0,10.0,15.0,47.0
2013-09-01,VIF,NOX,1,161.0,20.229813664596275,19.374354327049502,4.0,10.0,15.0,22.0,129.0
2013-09-01,VIF,O3,1,161.0,21.211180124223603,15.766027534658262,1.0,9.0,17.0,29.0,67.0
2013-09-01,VIF,PM10,2,151.0,29.350993377483444,15.90102666517551,2.0,19.0,29.0,37.0,103.0
2013-09-01,VIF,SO2,1,147.0,1.6462585034013606,1.5694110276833733,0.0,1.0,1.0,2.0,13.0
2013-09-01,XAL,CO,15,147.0,0.6054421768707482,0.49570515884979177,0.0,0.3,0.5,0.8,2.5
2013-09-01,XAL,NO,1,153.0,28.045751633986928,29.33906589777013,2.0,11.0,17.0,35.0,197.0
2013-09-01,XAL,NO2,1,153.0,20.26143790849673,9.993268288038271,7.0,13.0,18.0,25.0,56.0
2013-09-01,XAL,NOX,1,153.0,48.22875816993464,35.63770488726684,8.0,25.0,37.0,61.0,226.0
2013-09-01,XAL,O3,1,153.0,19.901960784313726,15.81753054195946,1.0,8.0,16.0,25.0,76.0
2013-09-01,XAL,PM10,2,152.0,38.63157894736842,15.235321547508532,9.0,28.0,37.0,49.25,89.0
2013-09-01,XAL,PM2.5,2,152.0,19.138157894736842,8.761784376389768,4.0,13.0,17.5,24.0,56.0
2013-09-01,XAL,PMCO,2,152.0,19.401315789473685,10.718715370061133,1.0,13.0,18.0,24.25,63.0
2013-09-01,XAL,SO2,1,98.0,3.63265306122449,2.2123726830490975,2.0,3.0,3.0,4.0,17.0
2013-09-08,ACO,CO,15,150.0,0.3026666666666665,0.1690663928465874,0.1,0.2,0.3,0.4,0.8
2013-09-08,ACO,NO,1,150.0,5.86,6.221881715408687,0.0,2.0,4.0,7.0,35.0
2013-09-08,ACO,NO2,1,150.0,13.273333333333333,6.515749290320927,4.0,8.25,12.0,17.0,37.0
2013-09-08,ACO,NOX,1,150.0,19.14666666666667,10.709956896915168,4.0,12.0,16.0,24.75,57.0
2013-09-08,ACO,O3,1,150.0,23.933333333333334,14.279880560225905,3.0,11.0,22.5,33.0,74.0
2013-09-08,ACO,PM10,2,154.0,16.844155844155843,8.643354672908988,2.0,10.0,16.0,22.0,51.0
2013-09-08,ACO,SO2,1,150.0,0.9466666666666667,0.7489291385612726,0.0,1.0,1.0,1.0,4.0
2013-09-08,ATI,CO,15,160.0,0.7618750000000001,0.33040319850889094,0.2,0.5,0.7,0.925,2.1
2013-09-08,ATI,NO,1,160.0,11.85625,14.349565275119165,0.0,3.0,6.0,16.25,91.0
2013-09-08,ATI,NO2,1,160.0,21.69375,9.376805905728808,6.0,15.0,20.0,27.0,51.0
2013-09-08,ATI,NOX,1,160.0,33.58125,20.49680811935753,6.0,18.75,27.0,47.0,115.0
2013-09-08,ATI,O3,1,160.0,16.2875,14.291391392181808,0.0,6.0,12.5,22.25,64.0
2013-09-08,ATI,PM10,2,154.0,22.57792207792208,13.93016310098458,1.0,12.0,20.0,30.0,65.0
2013-09-08,ATI,SO2,1,160.0,5.275,4.584565300408611,2.0,3.0,3.0,5.0,27.0
2013-09-08,CAM,CO,15,161.0,0.804968944099379,0.38239397913605155,0.1,0.5,0.8,1.1,1.8
2013-09-08,CAM,NO,1,161.0,27.242236024844722,23.129466162645087,2.0,10.0,20.0,35.0,117.0
2013-09-08,CAM,NO2,1,161.0,31.82608695652174,9.08058727271487,11.0,25.0,32.0,37.0,57.0
2013-09-08,CAM,NOX,1,161.0,59.05590062111801,27.309853635456605,14.0,38.0,54.0,75.0,147.0
2013-09-08,CAM,O3,1,161.0,13.819875776397515,16.297579651116063,2.0,3.0,7.0,17.0,83.0
2013-09-08,CAM,PM10,2,138.0,33.1231884057971,14.934139060149862,8.0,22.0,32.0,41.0,82.0
2013-09-08,CAM,PM2.5,2,138.0,22.681159420289855,12.271851065464404,1.0,14.0,22.0,28.0,63.0
2013-09-08,CAM,PMCO,2,138.0,10.44927536231884,6.16213118855287,2.0,5.0,9.0,14.0,39.0
2013-09-08,CAM,SO2,1,161.0,3.9254658385093166,4.726987406148677,2.0,2.0,3.0,4.0,39.0
2013-09-08,CHO,CO,15,0.0,,,,,,,
2013-09-08,CHO,NO,1,161.0,16.84472049689441,22.063986212324362,1.0,5.0,10.0,18.0,137.0
2013-09-08,CHO,NO2,1,161.0,18.62111801242236,8.878305088373349,3.0,12.0,18.0,23.0,49.0
2013-09-08,CHO,NOX,1,161.0,35.49068322981366,25.380631890386024,4.0,20.0,29.0,42.0,158.0
2013-09-08,CHO,O3,1,161.0,18.60248447204969,15.929249630438333,0.0,7.0,16.0,25.0,96.0
2013-09-08,CHO,PM10,2,152.0,29.960526315789473,17.70354908068671,1.0,17.0,26.5,43.0,93.0
2013-09-08,CHO,SO2,1,161.0,1.7267080745341614,1.0246193051552839,0.0,1.0,1.0,2.0,6.0
2013-09-08,COY,NO,1,160.0,24.83125,23.29823646388377,1.0,8.0,17.0,36.25,112.0
2013-09-08,COY,NO2,1,160.0,32.0875,9.664424485137786,8.0,27.0,31.0,38.0,61.0
2013-09-08,COY,NOX,1,160.0,56.875,26.855249068212405,9.0,38.75,54.0,72.0,142.0
2013-09-08,COY,O3,1,160.0,13.84375,17.271617345323236,0.0,1.0,7.0,19.0,75.0
2013-09-08,COY,PM2.5,2,158.0,21.373417721518987,11.311728976977886,2.0,12.25,19.0,28.75,65.0
2013-09-08,CUA,CO,15,143.0,0.7461538461538462,0.265841536716055,0.2,0.6,0.8,0.9,1.5
2013-09-08,CUA,NO,1,143.0,10.391608391608392,8.768569804075415,1.0,5.0,8.0,13.5,45.0
2013-09-08,CUA,NO2,1,143.0,22.81118881118881,9.855970556927861,5.0,17.0,22.0,28.5,52.0
2013-09-08,CUA,NOX,1,143.0,33.18881118881119,15.996897167866981,6.0,23.0,32.0,41.0,78.0
2013-09-08,CUA,O3,1,143.0,21.405594405594407,15.738281024590416,2.0,11.0,18.0,26.0,87.0
2013-09-08,CUA,PM10,2,77.0,23.935064935064936,12.83635632668897,1.0,14.0,24.0,32.0,58.0
2013-09-08,CUA,SO2,1,143.0,2.5384615384615383,3.375072729042622,0.0,1.0,2.0,3.0,22.0
2013-09-08,CUT,NO,1,155.0,7.606451612903226,11.335782200907426,1.0,1.5,3.0,8.0,73.0
2013-09-08,CUT,NO2,1,155.0,15.838709677419354,7.144595515318074,4.0,10.0,15.0,21.0,35.0
2013-09-08,CUT,NOX,1,155.0,23.38064516129032,15.588570141664164,5.0,12.0,19.0,30.0,89.0
2013-09-08,CUT,O3,1,155.0,15.296774193548387,12.827109174959991,0.0,4.0,12.0,24.0,50.0
2013-09-08,CUT,PM10,2,151.0,26.834437086092716,16.21539616684348,2.0,16.0,22.0,35.0,101.0
2013-09-08,CUT,SO2,1,155.0,2.6516129032258067,8.289089643737142,0.0,1.0,1.0,2.0,76.0
2013-09-08,FAC,CO,15,156.0,0.9141025641025644,0.5260257221662069,0.1,0.6,0.8,1.2,3.0
2013-09-08,FAC,NO,1,156.0,26.064102564102566,25.80864558498466,1.0,8.0,17.0,37.25,123.0
2013-09-08,FAC,NO2,1,156.0,25.275641025641026,10.490286578052142,4.0,19.75,25.0,31.25,64.0
2013-09-08,FAC,NOX,1,156.0,51.31410256410256,31.68530838695608,5.0,30.75,47.0,70.25,151.0
2013-09-08,FAC,O3,1,156.0,16.58974358974359,15.578261029653568,1.0,4.75,12.5,22.25,82.0
2013-09-08,FAC,PM10,2,144.0,21.305555555555557,14.47895882445449,1.0,10.75,19.0,31.0,86.0
2013-09-08,FAC,SO2,1,156.0,2.7948717948717947,3.605941242106133,0.0,1.0,2.0,3.0,27.0
2013-09-08,HGM,CO,15,156.0,0.9596153846153849,0.3559229431200045,0.3,0.7,0.9,1.2,1.9
2013-09-08,HGM,NO,1,156.0,25.173076923076923,23.122161820332835,0.0,8.0,18.0,33.25,107.0
2013-09-08,HGM,NO2,1,156.0,34.61538461538461,8.430713082350923,14.0,29.75,34.0,39.0,57.0
2013-09-08,HGM,NOX,1,156.0,59.83974358974359,26.939956365333778,14.0,41.0,54.0,73.5,146.0
2013-09-08,HGM,O3,1,156.0,13.025641025641026,17.3424516323008,0.0,1.75,6.0,16.0,78.0
2013-09-08,HGM,PM10,2,156.0,28.78846153846154,14.455720874621326,5.0,17.0,26.5,39.0,78.0
2013-09-08,HGM,PM2.5,2,156.0,19.275641025641026,10.07556848180768,1.0,11.0,17.5,25.25,44.0
2013-09-08,HGM,PMCO,2,156.0,9.525641025641026,5.848020032123051,2.0,5.0,8.0,13.0,34.0
2013-09-08,HGM,SO2,1,156.0,3.217948717948718,3.610548831115476,1.0,2.0,2.0,3.0,35.0
2013-09-08,IZT,CO,15,0.0,,,,,,,
2013-09-08,IZT,NO,1,154.0,25.324675324675326,23.67892063785078,1.0,8.0,16.5,36.0,117.0
2013-09-08,IZT,NO2,1,154.0,33.44805194805195,8.80882074841326,11.0,28.0,32.0,37.75,57.0
2013-09-08,IZT,NOX,1,154.0,58.798701298701296,27.227048227178358,13.0,38.0,51.5,73.75,150.0
2013-09-08,IZT,O3,1,154.0,13.318181818181818,17.450847703234864,0.0,2.0,6.0,15.75,71.0
2013-09-08,IZT,PM10,2,157.0,22.67515923566879,10.700597012166622,4.0,15.0,22.0,29.0,60.0
2013-09-08,IZT,SO2,1,0.0,,,,,,,
2013-09-08,LLA,CO,15,0.0,,,,,,,
2013-09-08,LLA,NO,1,35.0,20.457142857142856,20.947192507579143,2.0,5.0,11.0,32.5,97.0
2013-09-08,LLA,NO2,1,35.0,21.571428571428573,7.409396713894158,8.0,15.5,23.0,27.0,35.0
2013-09-08,LLA,NOX,1,35.0,42.02857142857143,26.406868217863895,9.0,22.5,32.0,60.0,132.0
2013-09-08,LLA,O3,1,0.0,,,,,,,
2013-09-08,LLA,SO2,1,0.0,,,,,,,
2013-09-08,LPR,CO,15,0.0,,,,,,,
2013-09-08,LPR,NO,1,161.0,21.652173913043477,19.617677254699778,1.0,8.0,16.0,31.0,96.0
2013-09-08,LPR,NO2,1,161.0,24.099378881987576,10.853113014789868,2.0,16.0,24.0,31.0,54.0
2013-09-08,LPR,NOX,1,161.0,45.80124223602485,27.56601618745816,2.0,27.0,39.0,62.0,137.0
2013-09-08,LPR,O3,1,161.0,18.906832298136646,16.267222120815532,2.0,5.0,15.0,28.0,76.0
2013-09-08,LPR,SO2,1,161.0,2.9751552795031055,6.485513000679868,1.0,1.0,2.0,2.0,59.0
2013-09-08,MER,CO,15,153.0,1.1862745098039214,0.45408363818177394,0.4,0.8,1.1,1.5,2.2
2013-09-08,MER,NO,1,153.0,28.45751633986928,23.314775902199813,0.0,11.0,21.0,41.0,95.0
2013-09-08,MER,NO2,1,153.0,33.35947712418301,8.890129342411289,11.0,28.0,33.0,39.0,57.0
2013-09-08,MER,NOX,1,153.0,61.8562091503268,27.70056485759185,12.0,41.0,55.0,81.0,129.0
2013-09-08,MER,O3,1,153.0,12.77124183006536,18.299948494328635,0.0,1.0,5.0,14.0,85.0
2013-09-08,MER,PM10,2,160.0,31.86875,14.174617173404668,6.0,20.75,31.0,38.25,83.0
2013-09-08,MER,PM2.5,2,160.0,19.1375,9.162054299866963,2.0,12.75,18.0,24.0,46.0
2013-09-08,MER,PMCO,2,160.0,12.7375,7.104332542927811,2.0,8.0,11.0,18.0,39.0
2013-09-08,MER,SO2,1,153.0,3.869281045751634,5.203355206091237,1.0,2.0,3.0,4.0,48.0
2013-09-08,MON,CO,15,0.0,,,,,,,
2013-09-08,MON,NO,1,150.0,6.866666666666666,14.45690966757643,0.0,1.0,2.0,6.0,89.0
2013-09-08,MON,NO2,1,150.0,14.126666666666667,7.412393636224705,4.0,9.0,13.0,16.0,41.0
2013-09-08,MON,NOX,1,150.0,21.046666666666667,17.7409913491106,5.0,11.0,15.0,23.0,105.0
2013-09-08,MON,O3,1,150.0,22.8,16.461466088165174,3.0,10.0,16.5,34.0,71.0
2013-09-08,MON,SO2,1,0.0,,,,,,,
2013-09-08,NEZ,CO,15,155.0,0.8354838709677419,0.49749266593613534,0.0,0.4,0.8,1.2,2.0
2013-09-08,NEZ,NO,1,155.0,16.258064516129032,17.335811860220264,0.0,3.0,10.0,23.5,83.0
2013-09-08,NEZ,NO2,1,155.0,26.651612903225807,11.575608900080576,8.0,17.0,26.0,33.0,61.0
2013-09-08,NEZ,NOX,1,155.0,42.903225806451616,25.24368872996642,8.0,23.0,37.0,58.5,125.0
2013-09-08,NEZ,O3,1,155.0,19.232258064516127,19.560037233000024,2.0,5.0,13.0,26.0,110.0
2013-09-08,NEZ,PM2.5,2,160.0,13.2125,7.394020616721538,2.0,8.0,12.0,17.0,38.0
2013-09-08,NEZ,SO2,1,155.0,2.458064516129032,2.204595877439587,1.0,1.0,2.0,3.0,14.0
2013-09-08,PED,CO,15,155.0,0.6270967741935484,0.2591969810578948,0.1,0.5,0.6,0.8,1.4
2013-09-08,PED,NO,1,155.0,15.219354838709677,14.087053542282787,1.0,6.0,10.0,21.0,75.0
2013-09-08,PED,NO2,1,155.0,28.07741935483871,9.09226550417025,5.0,23.0,27.0,34.0,53.0
2013-09-08,PED,NOX,1,155.0,43.354838709677416,18.471720026044398,6.0,31.0,42.0,53.5,100.0
2013-09-08,PED,O3,1,155.0,16.38064516129032,15.378037538714194,3.0,4.5,11.0,22.0,71.0
2013-09-08,PED,PM10,2,159.0,29.28301886792453,15.801831361366297,3.0,16.0,27.0,39.0,82.0
2013-09-08,PED,PM2.5,2,159.0,19.48427672955975,10.436580837060848,1.0,10.0,19.0,27.5,50.0
2013-09-08,PED,PMCO,2,159.0,9.786163522012579,7.45990530013722,1.0,4.5,7.0,13.0,47.0
2013-09-08,PED,SO2,1,155.0,3.6129032258064515,2.0493492688262935,2.0,3.0,3.0,4.0,23.0
2013-09-08,SAG,CO,15,0.0,,,,,,,
2013-09-08,SAG,NO,1,161.0,15.192546583850932,13.630166693748787,1.0,6.0,10.0,19.0,67.0
2013-09-08,SAG,NO2,1,161.0,21.937888198757765,8.916059556352366,6.0,15.0,22.0,27.0,48.0
2013-09-08,SAG,NOX,1,161.0,37.17391304347826,19.962015559992718,7.0,23.0,34.0,47.0,102.0
2013-09-08,SAG,O3,1,161.0,17.987577639751553,15.019981515318081,2.0,6.0,15.0,26.0,83.0
2013-09-08,SAG,PM10,2,154.0,25.467532467532468,12.661076594751123,4.0,16.25,23.0,34.0,67.0
2013-09-08,SAG,PM2.5,2,154.0,14.558441558441558,8.680220934047851,1.0,8.0,12.0,18.0,41.0
2013-09-08,SAG,PMCO,2,154.0,10.954545454545455,6.369187376051495,2.0,6.0,10.0,14.0,35.0
2013-09-08,SAG,SO2,1,161.0,3.0372670807453415,5.655625737659095,0.0,2.0,2.0,3.0,59.0
2013-09-08,SFE,CO,15,152.0,0.6598684210526315,0.27603144758481507,0.2,0.5,0.6,0.8,1.5
2013-09-08,SFE,NO,1,152.0,9.552631578947368,10.701110590184879,1.0,3.0,6.0,12.0,65.0
2013-09-08,SFE,NO2,1,152.0,24.539473684210527,10.360317555635422,5.0,18.0,24.0,30.0,56.0
2013-09-08,SFE,NOX,1,152.0,34.06578947368421,16.55641411596201,6.0,23.75,32.0,40.0,96.0
2013-09-08,SFE,O3,1,152.0,18.960526315789473,15.332034411367458,0.0,7.75,15.5,26.0,74.0
2013-09-08,SFE,PM10,2,148.0,25.006756756756758,15.692407550020503,3.0,12.0,21.0,35.25,70.0
2013-09-08,SFE,PM2.5,2,148.0,16.972972972972972,10.677043812343056,1.0,8.75,14.0,23.25,47.0
2013-09-08,SFE,PMCO,2,148.0,8.047297297297296,6.547923240857052,1.0,3.0,6.0,12.0,27.0
2013-09-08,SFE,SO2,1,152.0,2.1315789473684212,3.5316622927479115,0.0,1.0,1.0,2.0,26.0
2013-09-08,SJA,CO,15,154.0,0.69025974025974,0.39536026104758987,0.0,0.4,0.6,0.975,1.8
2013-09-08,SJA,NO,1,154.0,23.88961038961039,24.328514615089507,0.0,5.0,14.0,35.0,112.0
2013-09-08,SJA,NO2,1,154.0,27.993506493506494,9.716569469965386,6.0,22.25,27.0,34.0,52.0
2013-09-08,SJA,NOX,1,154.0,51.86363636363637,29.829815365329523,6.0,28.25,46.0,69.0,140.0
2013-09-08,SJA,O3,1,154.0,11.772727272727273,15.473157329456946,0.0,1.0,5.0,14.0,60.0
2013-09-08,SJA,PM2.5,2,157.0,13.394904458598726,7.698449695566781,2.0,8.0,12.0,17.0,39.0
2013-09-08,SJA,SO2,1,54.0,4.481481481481482,8.979517028531566,1.0,1.0,2.0,4.0,54.0
2013-09-08,SUR,CO,15,161.0,1.0012422360248447,0.49560412347454197,0.1,0.7,0.9,1.4,2.6
2013-09-08,SUR,NO,1,161.0,23.024844720496894,22.527469429165535,1.0,7.0,14.0,32.0,110.0
2013-09-08,SUR,NO2,1,161.0,32.546583850931675,10.964117788585986,6.0,27.0,32.0,38.0,63.0
2013-09-08,SUR,NOX,1,161.0,55.50931677018634,27.564723382527895,7.0,37.0,51.0,73.0,147.0
2013-09-08,SUR,O3,1,161.0,16.149068322981368,18.056235481172497,1.0,3.0,10.0,23.0,87.0
2013-09-08,SUR,PM10,2,147.0,21.64625850340136,14.36262402146743,1.0,11.5,19.0,28.5,66.0
2013-09-08,SUR,SO2,1,148.0,2.824324324324324,1.5981120503239732,1.0,2.0,2.0,3.0,13.0
2013-09-08,TAH,CO,15,156.0,0.5499999999999999,0.32338930897803425,0.0,0.3,0.5,0.8,1.4
2013-09-08,TAH,NO,1,156.0,8.762820512820513,8.167687854993527,2.0,3.0,5.5,11.0,40.0
2013-09-08,TAH,NO2,1,156.0,19.96153846153846,9.66328910503786,3.0,13.0,19.0,25.0,51.0
2013-09-08,TAH,NOX,1,156.0,28.724358974358974,14.714300140295261,7.0,16.0,27.0,38.0,70.0
2013-09-08,TAH,O3,1,156.0,23.141025641025642,19.59474870994241,1.0,9.0,16.0,33.0,87.0
2013-09-08,TAH,PM10,2,139.0,19.762589928057555,12.590877036490102,1.0,10.0,18.0,28.0,55.0
2013-09-08,TAH,SO2,1,156.0,1.5833333333333333,1.4456088496673483,0.0,1.0,1.0,2.0,11.0
2013-09-08,TLA,CO,15,145.0,1.1062068965517242,0.3977751824654734,0.4,0.8,1.1,1.4,2.3
2013-09-08,TLA,NO,1,155.0,30.690322580645162,25.18311322004703,1.0,14.0,25.0,40.0,130.0
2013-09-08,TLA,NO2,1,155.0,33.34193548387097,8.364612154147805,14.0,27.0,33.0,38.5,63.0
2013-09-08,TLA,NOX,1,155.0,64.12258064516129,29.689810986496845,15.0,42.0,60.0,79.5,171.0
2013-09-08,TLA,O3,1,146.0,13.23972602739726,15.055439981211759,0.0,2.0,8.0,17.0,71.0
2013-09-08,TLA,PM10,2,157.0,33.503184713375795,15.559490550877356,4.0,21.0,30.0,44.0,74.0
2013-09-08,TLA,PM2.5,2,157.0,19.73248407643312,9.97328621972608,3.0,13.0,18.0,25.0,57.0
2013-09-08,TLA,PMCO,2,157.0,13.80891719745223,9.198755321294751,1.0,6.0,12.0,20.0,46.0
2013-09-08,TLA,SO2,1,155.0,4.2,5.180382576254733,1.0,2.0,3.0,5.0,34.0
2013-09-08,TLI,CO,15,153.0,0.6993464052287581,0.2666795662514689,0.3,0.5,0.7,0.9,1.5
2013-09-08,TLI,NO,1,153.0,12.013071895424837,13.486829310237502,0.0,3.0,8.0,14.0,74.0
2013-09-08,TLI,NO2,1,153.0,23.601307189542485,9.467631747781104,8.0,16.0,22.0,31.0,52.0
2013-09-08,TLI,NOX,1,153.0,35.57516339869281,19.931030029387237,8.0,21.0,31.0,48.0,111.0
2013-09-08,TLI,O3,1,153.0,17.535947712418302,15.101422965276996,1.0,6.0,14.0,24.0,67.0
2013-09-08,TLI,PM10,2,148.0,24.14864864864865,13.745185855995128,2.0,13.75,22.0,33.0,71.0
2013-09-08,TLI,SO2,1,153.0,2.549019607843137,5.193545052920815,0.0,1.0,1.0,2.0,37.0
2013-09-08,TPN,CO,15,0.0,,,,,,,
2013-09-08,TPN,NO,1,136.0,18.875,12.856148550617933,0.0,10.0,18.0,24.25,65.0
2013-09-08,TPN,NO2,1,136.0,19.58823529411765,9.871373192955321,3.0,12.0,18.0,28.0,48.0
2013-09-08,TPN,NOX,1,136.0,38.44117647058823,19.643023341967297,3.0,24.75,37.5,50.0,85.0
2013-09-08,TPN,O3,1,154.0,15.941558441558442,12.916644282326976,1.0,6.25,14.0,22.0,69.0
2013-09-08,TPN,SO2,1,154.0,1.1948051948051948,1.7379949460200195,0.0,0.0,1.0,1.0,15.0
2013-09-08,UAX,CO,15,156.0,0.9378205128205125,0.3726700432351609,0.3,0.6,1.0,1.125,2.2
2013-09-08,UAX,NO,1,156.0,15.692307692307692,19.494123311204753,0.0,2.0,8.0,24.0,97.0
2013-09-08,UAX,NO2,1,156.0,29.653846153846153,10.889861426384455,8.0,22.75,30.0,36.0,60.0
2013-09-08,UAX,NOX,1,156.0,45.333333333333336,24.612174625273276,9.0,25.0,41.5,59.25,131.0
2013-09-08,UAX,O3,1,156.0,17.102564102564102,17.731393514431012,0.0,3.75,12.0,23.25,85.0
2013-09-08,UAX,PM2.5,2,152.0,15.802631578947368,9.591690300997756,1.0,9.0,13.5,21.25,59.0
2013-09-08,UAX,SO2,1,156.0,1.935897435897436,2.9417560855434814,1.0,1.0,1.0,2.0,31.0
2013-09-08,UIZ,CO,15,154.0,0.9558441558441562,0.47855815758837567,0.0,0.6,0.9,1.2,2.7
2013-09-08,UIZ,NO,1,157.0,23.681528662420384,25.064541870672073,1.0,5.0,14.0,32.0,120.0
2013-09-08,UIZ,NO2,1,157.0,32.50955414012739,10.219148588647576,11.0,26.0,32.0,39.0,67.0
2013-09-08,UIZ,NOX,1,157.0,56.19108280254777,30.43217211210939,13.0,33.0,51.0,70.0,159.0
2013-09-08,UIZ,O3,1,157.0,15.420382165605096,19.699709547687995,1.0,2.0,7.0,22.0,98.0
2013-09-08,UIZ,PM10,2,161.0,31.559006211180126,14.54812905518133,4.0,20.0,30.0,42.0,75.0
2013-09-08,UIZ,PM2.5,2,161.0,20.006211180124225,9.89728302010831,1.0,12.0,18.0,26.0,54.0
2013-09-08,UIZ,PMCO,2,161.0,11.583850931677018,7.158525517006957,2.0,5.0,11.0,16.0,46.0
2013-09-08,UIZ,SO2,1,137.0,2.1313868613138687,2.2842733374358297,0.0,1.0,1.0,2.0,19.0
2013-09-08,VIF,CO,15,158.0,0.5272151898734174,0.2738377254784057,0.1,0.3,0.5,0.7,1.3
2013-09-08,VIF,NO,1,158.0,7.60126582278481,7.281369537149688,1.0,3.0,4.5,11.0,38.0
2013-09-08,VIF,NO2,1,158.0,16.968354430379748,9.21050417098706,3.0,10.0,17.0,23.0,49.0
2013-09-08,VIF,NOX,1,158.0,24.59493670886076,14.598245237312176,5.0,13.0,21.0,33.75,69.0
2013-09-08,VIF,O3,1,158.0,20.841772151898734,14.929781356797136,1.0,10.0,18.0,29.0,73.0
2013-09-08,VIF,PM10,2,138.0,28.905797101449274,16.317062710285157,1.0,16.0,25.0,40.75,87.0
2013-09-08,VIF,SO2,1,158.0,2.930379746835443,7.62924067195878,1.0,1.0,1.0,2.0,72.0
2013-09-08,XAL,CO,15,152.0,0.8197368421052631,0.44677497390651455,0.0,0.5,0.75,1.1,2.1
2013-09-08,XAL,NO,1,152.0,35.10526315789474,28.385043607374307,2.0,15.75,25.5,47.0,132.0
2013-09-08,XAL,NO2,1,152.0,28.69078947368421,9.873527086150522,6.0,22.0,28.5,34.0,58.0
2013-09-08,XAL,NOX,1,152.0,63.76973684210526,33.958773290182286,9.0,40.75,55.0,84.25,173.0
2013-09-08,XAL,O3,1,152.0,16.664473684210527,14.998871515584918,1.0,5.0,13.0,22.25,73.0
2013-09-08,XAL,PM10,2,150.0,39.44,20.298933750554387,4.0,24.25,38.0,52.0,137.0
2013-09-08,XAL,PM2.5,2,150.0,20.3,10.192608191477118,1.0,13.25,19.5,26.0,50.0
2013-09-08,XAL,PMCO,2,150.0,19.18,14.31105547207585,3.0,9.0,15.5,26.0,109.0
2013-09-08,XAL,SO2,1,0.0,,,,,,,
2013-09-15,ACO,CO,15,121.0,0.2305785123966944,0.18701291185664665,0.0,0.1,0.2,0.3,0.8
2013-09-15,ACO,NO,1,121.0,5.809917355371901,5.749368153091219,0.0,2.0,3.0,8.0,35.0
2013-09-15,ACO,NO2,1,121.0,10.603305785123966,7.069275468347718,3.0,5.0,8.0,15.0,34.0
2013-09-15,ACO,NOX,1,121.0,16.446280991735538,11.436746633274648,4.0,7.0,12.0,24.0,53.0
2013-09-15,ACO,O3,1,121.0,21.537190082644628,12.807576743419013,2.0,13.0,20.0,29.0,61.0
2013-09-15,ACO,PM10,2,120.0,11.425,7.88964058569391,1.0,6.0,10.0,15.0,60.0
2013-09-15,ACO,SO2,1,121.0,1.0578512396694215,0.32397326693100836,0.0,1.0,1.0,1.0,3.0
2013-09-15,ATI,CO,15,155.0,0.7729032258064514,0.5648019624680035,0.1,0.4,0.6,0.9,3.8
2013-09-15,ATI,NO,1,155.0,18.490322580645163,27.457255503152457,0.0,4.5,10.0,23.5,197.0
2013-09-15,ATI,NO2,1,155.0,20.451612903225808,10.872456292080876,5.0,13.5,18.0,23.5,68.0
2013-09-15,ATI,NOX,1,155.0,38.89032258064516,33.44710259459238,6.0,18.0,29.0,48.0,224.0
2013-09-15,ATI,O3,1,155.0,13.638709677419355,15.448231046954884,0.0,2.0,11.0,18.0,93.0
2013-09-15,ATI,PM10,2,152.0,19.13157894736842,16.433967492867932,1.0,6.75,15.0,25.0,77.0
2013-09-15,ATI,SO2,1,155.0,2.6774193548387095,1.0564304260468342,2.0,2.0,2.0,3.0,10.0
2013-09-15,CAM,CO,15,155.0,0.7954838709677419,0.5385577101905582,0.1,0.4,0.6,1.0,3.9
2013-09-15,CAM,NO,1,155.0,32.935483870967744,37.20069776949186,3.0,14.5,20.0,42.0,272.0
2013-09-15,CAM,NO2,1,155.0,26.47741935483871,11.300118079989293,11.0,18.0,24.0,32.0,64.0
2013-09-15,CAM,NOX,1,155.0,59.464516129032255,41.98813645363133,13.0,32.5,45.0,77.0,312.0
2013-09-15,CAM,O3,1,155.0,12.670967741935485,15.991519537221661,1.0,2.0,8.0,15.0,87.0
2013-09-15,CAM,PM10,2,118.0,34.279661016949156,19.618099785665986,6.0,20.0,28.5,47.25,104.0
2013-09-15,CAM,PM2.5,2,118.0,23.39830508474576,17.69839426320567,2.0,11.0,17.0,32.75,75.0
2013-09-15,CAM,PMCO,2,118.0,10.822033898305085,7.1654815429551455,1.0,5.0,8.0,14.0,30.0
2013-09-15,CAM,SO2,1,155.0,2.735483870967742,1.5587100034124903,1.0,2.0,2.0,3.0,13.0
2013-09-15,CHO,CO,15,0.0,,,,,,,
2013-09-15,CHO,NO,1,141.0,17.51063829787234,26.888291934615214,1.0,5.0,10.0,16.0,189.0
2013-09-15,CHO,NO2,1,141.0,14.829787234042554,8.675875786840942,1.0,9.0,14.0,20.0,44.0
2013-09-15,CHO,NOX,1,141.0,32.36879432624114,30.05219539104722,3.0,16.0,24.0,39.0,203.0
2013-09-15,CHO,O3,1,141.0,13.134751773049645,12.2218889457493,0.0,4.0,11.0,17.0,74.0
2013-09-15,CHO,PM10,2,50.0,38.14,26.195505144889236,4.0,20.25,30.5,46.5,116.0
2013-09-15,CHO,SO2,1,141.0,1.4680851063829787,0.9223664556018129,0.0,1.0,1.0,2.0,6.0
2013-09-15,COY,NO,1,158.0,26.39240506329114,25.931520657408036,1.0,8.0,15.0,40.5,117.0
2013-09-15,COY,NO2,1,158.0,24.341772151898734,10.199145806557691,7.0,16.25,22.5,29.0,63.0
2013-09-15,COY,NOX,1,158.0,50.70886075949367,32.2496835115006,7.0,26.0,40.5,66.75,153.0
2013-09-15,COY,O3,1,158.0,12.670886075949367,17.76220959384639,0.0,1.0,7.0,17.75,108.0
2013-09-15,COY,PM2.5,2,148.0,15.574324324324325,11.346785463587624,1.0,8.0,13.0,20.0,71.0
2013-09-15,CUA,CO,15,154.0,0.7597402597402599,0.3827180877727478,0.3,0.5,0.7,0.9,2.8
2013-09-15,CUA,NO,1,154.0,15.032467532467532,24.087101972906304,1.0,6.0,8.5,13.0,194.0
2013-09-15,CUA,NO2,1,154.0,18.883116883116884,8.969773535623222,4.0,13.25,17.0,22.0,59.0
2013-09-15,CUA,NOX,1,154.0,33.91558441558441,28.20627828380672,5.0,20.25,26.0,37.0,221.0
2013-09-15,CUA,O3,1,154.0,17.603896103896105,15.344164474287009,1.0,9.0,15.0,22.0,101.0
2013-09-15,CUA,PM10,2,136.0,17.058823529411764,11.19375798670508,1.0,9.0,14.0,23.25,49.0
2013-09-15,CUA,SO2,1,154.0,1.1103896103896105,0.9535738645671157,0.0,1.0,1.0,1.0,10.0
2013-09-15,CUT,NO,1,156.0,10.243589743589743,17.71836000379699,1.0,3.0,4.0,11.0,116.0
2013-09-15,CUT,NO2,1,156.0,14.032051282051283,6.809310392628584,4.0,8.75,13.0,19.0,35.0
2013-09-15,CUT,NOX,1,156.0,24.256410256410255,20.567707791700997,5.0,12.0,19.0,30.0,132.0
2013-09-15,CUT,O3,1,156.0,14.33974358974359,15.03908747869677,0.0,3.0,11.0,21.0,82.0
2013-09-15,CUT,PM10,2,161.0,20.15527950310559,9.53713728419801,5.0,13.0,17.0,28.0,42.0
2013-09-15,CUT,SO2,1,156.0,0.6282051282051282,0.6447600075441812,0.0,0.0,1.0,1.0,5.0
2013-09-15,FAC,CO,15,23.0,1.6043478260869568,0.7106196149517335,0.8,1.1,1.5,2.0,3.5
2013-09-15,FAC,NO,1,161.0,29.490683229813666,35.63602776903284,1.0,10.0,19.0,35.0,213.0
2013-09-15,FAC,NO2,1,161.0,21.80745341614907,11.829790534890249,4.0,15.0,19.0,25.0,75.0
2013-09-15,FAC,NOX,1,161.0,51.285714285714285,40.5395529963375,5.0,28.0,39.0,61.0,228.0
2013-09-15,FAC,O3,1,161.0,14.546583850931677,14.776649785455007,1.0,3.0,11.0,17.0,82.0
2013-09-15,FAC,PM10,2,133.0,19.015037593984964,16.834751648502504,1.0,8.0,16.0,24.0,89.0
2013-09-15,FAC,SO2,1,161.0,1.639751552795031,1.126680938814623,1.0,1.0,1.0,2.0,9.0
2013-09-15,HGM,CO,15,155.0,0.9129032258064506,0.42544242478590255,0.3,0.6,0.8,1.2,2.1
2013-09-15,HGM,NO,1,155.0,24.870967741935484,23.788218648313958,0.0,7.0,13.0,40.5,103.0
2013-09-15,HGM,NO2,1,155.0,26.793548387096774,12.55620960580267,6.0,17.0,26.0,34.0,65.0
2013-09-15,HGM,NOX,1,155.0,51.63225806451613,31.933579475448543,5.0,24.0,43.0,74.0,134.0
2013-09-15,HGM,O3,1,155.0,12.470967741935484,17.637147072290404,0.0,2.0,7.0,18.0,108.0
2013-09-15,HGM,PM10,2,146.0,22.5,16.27956196987605,2.0,11.0,19.0,28.0,105.0
2013-09-15,HGM,PM2.5,2,146.0,14.445205479452055,12.655123439454547,1.0,6.25,10.5,19.0,81.0
2013-09-15,HGM,PMCO,2,146.0,8.027397260273972,4.988186327133274,1.0,5.0,6.0,11.0,24.0
2013-09-15,HGM,SO2,1,155.0,1.793548387096774,1.1378766634459614,1.0,1.0,2.0,2.0,11.0
2013-09-15,IZT,CO,15,0.0,,,,,,,
2013-09-15,IZT,NO,1,160.0,27.93125,29.321493152495215,1.0,11.0,18.0,32.25,181.0
2013-09-15,IZT,NO2,1,160.0,25.03125,10.799150837220093,7.0,16.75,23.5,31.0,59.0
2013-09-15,IZT,NOX,1,160.0,52.96875,35.30022571506578,7.0,29.0,41.0,66.0,215.0
2013-09-15,IZT,O3,1,160.0,12.68125,17.042813965470483,0.0,2.0,7.5,18.0,104.0
2013-09-15,IZT,PM10,2,158.0,18.120253164556964,11.613388712504575,1.0,11.0,14.0,21.0,62.0
2013-09-15,IZT,SO2,1,57.0,1.7543859649122806,1.1064857780117896,1.0,1.0,1.0,2.0,7.0
2013-09-15,LLA,CO,15,0.0,,,,,,,
2013-09-15,LLA,NO,1,0.0,,,,,,,
2013-09-15,LLA,NO2,1,0.0,,,,,,,
2013-09-15,LLA,NOX,1,0.0,,,,,,,
2013-09-15,LLA,O3,1,0.0,,,,,,,
2013-09-15,LLA,SO2,1,0.0,,,,,,,
2013-09-15,LPR,CO,15,0.0,,,,,,,
2013-09-15,LPR,NO,1,154.0,20.642857142857142,21.53418882882302,1.0,7.0,12.0,24.0,91.0
2013-09-15,LPR,NO2,1,154.0,18.396103896103895,13.167308910208167,1.0,8.25,14.0,28.0,60.0
2013-09-15,LPR,NOX,1,154.0,39.07142857142857,32.170320252297564,2.0,16.0,27.0,54.0,125.0
2013-09-15,LPR,O3,1,156.0,19.91025641025641,14.982300006414796,2.0,8.75,19.0,27.0,75.0
2013-09-15,LPR,SO2,1,156.0,1.5256410256410255,0.7313153677314803,0.0,1.0,1.0,2.0,5.0
2013-09-15,MER,CO,15,157.0,1.047770700636942,0.5880853316833984,0.3,0.6,0.9,1.5,2.9
2013-09-15,MER,NO,1,157.0,27.178343949044585,26.396266049244147,0.0,8.0,16.0,41.0,112.0
2013-09-15,MER,NO2,1,157.0,24.363057324840764,11.460161131369368,8.0,15.0,23.0,32.0,52.0
2013-09-15,MER,NOX,1,157.0,51.439490445859875,34.01193937798182,9.0,24.0,41.0,75.0,152.0
2013-09-15,MER,O3,1,157.0,13.420382165605096,17.424977426514833,0.0,2.0,8.0,18.0,102.0
2013-09-15,MER,PM10,2,155.0,25.6,14.150214536485699,5.0,16.0,23.0,32.0,87.0
2013-09-15,MER,PM2.5,2,155.0,13.716129032258065,10.84229023987,1.0,5.5,12.0,19.0,61.0
2013-09-15,MER,PMCO,2,155.0,11.896774193548387,6.206588658301409,2.0,7.0,11.0,16.0,34.0
2013-09-15,MER,SO2,1,157.0,2.1974522292993632,0.7200381974007707,0.0,2.0,2.0,3.0,4.0
2013-09-15,MON,CO,15,0.0,,,,,,,
2013-09-15,MON,NO,1,157.0,7.8152866242038215,19.454688201723865,0.0,0.0,1.0,4.0,116.0
2013-09-15,MON,NO2,1,157.0,9.92356687898089,6.661736704026045,2.0,5.0,8.0,13.0,37.0
2013-09-15,MON,NOX,1,157.0,17.70700636942675,21.762488647546117,2.0,6.0,9.0,20.0,127.0
2013-09-15,MON,O3,1,157.0,20.955414012738853,12.999183381178003,3.0,10.0,20.0,28.0,68.0
2013-09-15,MON,SO2,1,0.0,,,,,,,
2013-09-15,NEZ,CO,15,159.0,0.79685534591195,0.6313960204491018,0.1,0.4,0.6,0.95,3.8
2013-09-15,NEZ,NO,1,159.0,18.264150943396228,25.13342945822358,0.0,5.0,9.0,19.5,146.0
2013-09-15,NEZ,NO2,1,159.0,20.20125786163522,11.974011877106458,6.0,11.0,17.0,26.5,58.0
2013-09-15,NEZ,NOX,1,159.0,38.40251572327044,33.659711765889,7.0,16.0,27.0,45.5,177.0
2013-09-15,NEZ,O3,1,159.0,16.855345911949687,14.41818317439731,2.0,6.0,14.0,22.0,81.0
2013-09-15,NEZ,PM2.5,2,150.0,9.506666666666666,8.542626371578287,1.0,3.25,6.0,13.0,41.0
2013-09-15,NEZ,SO2,1,159.0,2.2138364779874213,0.9702197315668726,0.0,2.0,2.0,2.0,10.0
2013-09-15,PED,CO,15,151.0,0.5629139072847682,0.3377604464784148,0.1,0.3,0.5,0.7,1.5
2013-09-15,PED,NO,1,151.0,18.033112582781456,18.90270429278769,1.0,5.0,11.0,23.0,93.0
2013-09-15,PED,NO2,1,151.0,21.748344370860927,9.013485114387485,6.0,16.0,20.0,26.5,54.0
2013-09-15,PED,NOX,1,151.0,39.7682119205298,23.560827294079836,9.0,24.0,34.0,49.0,110.0
2013-09-15,PED,O3,1,151.0,13.947019867549669,17.572246329357053,1.0,3.0,9.0,17.0,117.0
2013-09-15,PED,PM10,2,150.0,19.913333333333334,15.129834816216452,3.0,11.0,17.0,23.0,100.0
2013-09-15,PED,PM2.5,2,150.0,11.8,11.186641122218749,1.0,6.0,9.0,13.75,70.0
2013-09-15,PED,PMCO,2,150.0,8.106666666666667,5.531055297765076,1.0,4.0,7.0,11.0,30.0
2013-09-15,PED,SO2,1,151.0,2.5231788079470197,0.7731704174897263,1.0,2.0,2.0,3.0,4.0
2013-09-15,SAG,CO,15,0.0,,,,,,,
2013-09-15,SAG,NO,1,150.0,18.386666666666667,15.570487772881698,1.0,9.0,14.0,23.75,84.0
2013-09-15,SAG,NO2,1,150.0,19.993333333333332,9.899831648400225,6.0,12.0,17.0,26.0,50.0
2013-09-15,SAG,NOX,1,150.0,38.35333333333333,23.19486655387139,7.0,22.0,31.0,51.0,128.0
2013-09-15,SAG,O3,1,150.0,13.366666666666667,10.681110885760667,2.0,5.0,12.0,18.0,57.0
2013-09-15,SAG,PM10,2,131.0,23.03053435114504,11.368606525324777,4.0,15.0,21.0,29.5,70.0
2013-09-15,SAG,PM2.5,2,131.0,13.274809160305344,9.764971491639434,1.0,6.0,11.0,19.0,47.0
2013-09-15,SAG,PMCO,2,131.0,9.801526717557252,5.003721457119141,1.0,5.0,10.0,13.0,22.0
2013-09-15,SAG,SO2,1,150.0,1.74,1.2501275102749754,0.0,1.0,2.0,2.75,5.0
2013-09-15,SFE,CO,15,149.0,0.5765100671140935,0.3188639593308259,0.2,0.4,0.5,0.7,1.8
2013-09-15,SFE,NO,1,148.0,13.054054054054054,19.165155379796758,1.0,4.0,7.0,14.0,111.0
2013-09-15,SFE,NO2,1,148.0,19.12837837837838,9.22012026822957,5.0,13.0,18.0,22.0,47.0
2013-09-15,SFE,NOX,1,148.0,32.108108108108105,24.11766370357721,6.0,18.0,26.0,36.0,138.0
2013-09-15,SFE,O3,1,149.0,15.261744966442953,15.011885369264045,0.0,6.0,12.0,19.0,96.0
2013-09-15,SFE,PM10,2,142.0,17.007042253521128,11.213907575175792,3.0,10.0,14.0,20.0,73.0
2013-09-15,SFE,PM2.5,2,142.0,9.788732394366198,8.097658348078506,1.0,5.0,8.0,12.0,51.0
2013-09-15,SFE,PMCO,2,142.0,7.23943661971831,5.447270873018851,1.0,3.0,5.0,10.0,26.0
2013-09-15,SFE,SO2,1,149.0,0.6308724832214765,0.5736204754415748,0.0,0.0,1.0,1.0,4.0
2013-09-15,SJA,CO,15,153.0,0.5392156862745097,0.5192650796175459,0.0,0.2,0.3,0.8,3.0
2013-09-15,SJA,NO,1,153.0,21.980392156862745,30.710333977394235,0.0,4.0,10.0,25.0,190.0
2013-09-15,SJA,NO2,1,153.0,20.352941176470587,12.320004372561646,4.0,11.0,17.0,29.0,57.0
2013-09-15,SJA,NOX,1,153.0,42.35294117647059,39.174956854884265,3.0,15.0,26.0,59.0,218.0
2013-09-15,SJA,O3,1,153.0,14.392156862745098,15.130674357131221,0.0,3.0,11.0,21.0,77.0
2013-09-15,SJA,PM2.5,2,129.0,10.953488372093023,8.056306211126895,1.0,4.0,8.0,17.0,30.0
2013-09-15,SJA,SO2,1,153.0,1.0065359477124183,0.7737190774889254,0.0,1.0,1.0,1.0,4.0
2013-09-15,SUR,CO,15,161.0,0.8453416149068322,0.5169562736052982,0.1,0.4,0.8,1.1,2.7
2013-09-15,SUR,NO,1,161.0,22.857142857142858,22.37935911248833,1.0,8.0,14.0,31.0,126.0
2013-09-15,SUR,NO2,1,161.0,24.40993788819876,10.519904972057398,8.0,16.0,23.0,29.0,60.0
2013-09-15,SUR,NOX,1,161.0,47.20496894409938,29.1288340850656,10.0,24.0,41.0,59.0,159.0
2013-09-15,SUR,O3,1,161.0,14.4472049689441,19.254837256231884,1.0,2.0,9.0,17.0,124.0
2013-09-15,SUR,PM10,2,128.0,18.15625,13.633237234065685,1.0,8.75,15.5,23.0,76.0
2013-09-15,SUR,SO2,1,161.0,2.267080745341615,0.5563021208744771,1.0,2.0,2.0,3.0,5.0
2013-09-15,TAH,CO,15,155.0,0.43806451612903174,0.40020627274657533,0.0,0.2,0.4,0.6,2.6
2013-09-15,TAH,NO,1,155.0,10.612903225806452,14.39263298961281,2.0,3.0,5.0,9.5,113.0
2013-09-15,TAH,NO2,1,155.0,15.374193548387098,9.163839428928192,2.0,10.0,13.0,20.0,41.0
2013-09-15,TAH,NOX,1,155.0,25.93548387096774,21.539657601782135,4.0,13.5,20.0,31.0,148.0
2013-09-15,TAH,O3,1,155.0,16.335483870967742,13.071371225158702,1.0,7.5,14.0,21.0,78.0
2013-09-15,TAH,PM10,2,138.0,16.05072463768116,12.248832784414866,1.0,7.0,14.0,21.0,58.0
2013-09-15,TAH,SO2,1,155.0,1.206451612903226,0.5184489128553454,0.0,1.0,1.0,1.0,4.0
2013-09-15,TLA,CO,15,155.0,1.1,0.680717726650793,0.3,0.7,0.9,1.3,4.4
2013-09-15,TLA,NO,1,155.0,35.07096774193548,46.36852796262817,1.0,14.0,20.0,38.5,319.0
2013-09-15,TLA,NO2,1,155.0,27.90967741935484,13.602600850398657,12.0,18.5,24.0,32.5,85.0
2013-09-15,TLA,NOX,1,155.0,62.987096774193546,53.76681097383189,14.0,33.0,48.0,73.5,354.0
2013-09-15,TLA,O3,1,131.0,13.908396946564885,15.52291129597666,0.0,2.5,9.0,19.0,75.0
2013-09-15,TLA,PM10,2,150.0,29.6,18.64648157609863,5.0,20.0,24.0,34.0,139.0
2013-09-15,TLA,PM2.5,2,150.0,16.78,11.867201430777927,2.0,9.0,14.0,20.0,84.0
2013-09-15,TLA,PMCO,2,150.0,12.84,8.753200756862194,2.0,7.0,11.0,17.75,55.0
2013-09-15,TLA,SO2,1,155.0,2.567741935483871,1.9870337967920044,0.0,1.0,2.0,3.0,17.0
2013-09-15,TLI,CO,15,161.0,0.6434782608695649,0.360863999433244,0.0,0.4,0.6,0.8,1.8
2013-09-15,TLI,NO,1,161.0,15.142857142857142,20.60911726119568,0.0,3.0,7.0,17.0,109.0
2013-09-15,TLI,NO2,1,161.0,18.993788819875775,10.557874368457139,5.0,11.0,17.0,25.0,62.0
2013-09-15,TLI,NOX,1,161.0,34.19875776397515,27.058459831394774,7.0,16.0,24.0,46.0,136.0
2013-09-15,TLI,O3,1,161.0,17.453416149068325,15.853213519094092,3.0,7.0,13.0,21.0,91.0
2013-09-15,TLI,PM10,2,137.0,20.0,14.096829013480093,1.0,9.0,16.0,27.0,69.0
2013-09-15,TLI,SO2,1,161.0,0.2608695652173913,0.7625757268169737,0.0,0.0,0.0,0.0,6.0
2013-09-15,TPN,CO,15,0.0,,,,,,,
2013-09-15,TPN,NO,1,160.0,12.1875,11.596023770913783,0.0,5.0,10.0,15.0,82.0
2013-09-15,TPN,NO2,1,160.0,10.89375,6.844726083433339,2.0,6.75,10.0,13.0,38.0
2013-09-15,TPN,NOX,1,160.0,23.025,16.22752921434794,2.0,13.0,20.0,29.25,109.0
2013-09-15,TPN,O3,1,160.0,15.2,16.430069075062356,1.0,5.0,11.0,19.25,104.0
2013-09-15,TPN,SO2,1,160.0,0.8125,0.4649677070006681,0.0,1.0,1.0,1.0,2.0
2013-09-15,UAX,CO,15,156.0,0.802564102564103,0.41735707894825724,0.3,0.5,0.7,1.0,2.6
2013-09-15,UAX,NO,1,156.0,15.192307692307692,18.976765210804622,1.0,3.0,7.5,23.0,124.0
2013-09-15,UAX,NO2,1,156.0,21.423076923076923,11.186996172998803,3.0,13.0,21.0,28.0,50.0
2013-09-15,UAX,NOX,1,156.0,36.57692307692308,27.466821853456732,6.0,16.0,31.0,50.0,167.0
2013-09-15,UAX,O3,1,156.0,14.756410256410257,18.3712158429085,1.0,2.0,10.0,19.0,111.0
2013-09-15,UAX,PM2.5,2,136.0,10.455882352941176,7.790656937125553,1.0,5.0,9.0,13.0,42.0
2013-09-15,UAX,SO2,1,156.0,1.1217948717948718,0.4865009858816888,1.0,1.0,1.0,1.0,5.0
2013-09-15,UIZ,CO,15,161.0,0.7652173913043481,0.6639146094910499,0.1,0.3,0.6,1.1,3.3
2013-09-15,UIZ,NO,1,161.0,23.285714285714285,31.493139842557092,0.0,4.0,9.0,31.0,165.0
2013-09-15,UIZ,NO2,1,161.0,22.48447204968944,12.109967790038766,4.0,12.0,21.0,31.0,56.0
2013-09-15,UIZ,NOX,1,161.0,45.75155279503105,40.304626138927986,5.0,16.0,32.0,65.0,200.0
2013-09-15,UIZ,O3,1,161.0,14.267080745341614,15.436465659265709,1.0,3.0,11.0,18.0,89.0
2013-09-15,UIZ,PM10,2,153.0,21.718954248366014,13.726394817601685,2.0,11.0,20.0,29.0,80.0
2013-09-15,UIZ,PM2.5,2,153.0,12.69281045751634,10.162030105503195,1.0,5.0,10.0,17.0,61.0
2013-09-15,UIZ,PMCO,2,153.0,9.065359477124183,6.10831314751331,1.0,4.0,8.0,12.0,33.0
2013-09-15,UIZ,SO2,1,161.0,1.3478260869565217,0.7005432674469277,0.0,1.0,1.0,2.0,4.0
2013-09-15,VIF,CO,15,152.0,0.5657894736842107,0.3868886355429737,0.1,0.3,0.5,0.7,2.2
2013-09-15,VIF,NO,1,152.0,10.697368421052632,12.708155317432034,1.0,3.75,6.0,11.25,76.0
2013-09-15,VIF,NO2,1,152.0,15.052631578947368,10.303210760210979,2.0,8.0,12.0,19.0,54.0
2013-09-15,VIF,NOX,1,152.0,25.82894736842105,20.548046205372874,3.0,11.75,18.0,33.0,109.0
2013-09-15,VIF,O3,1,152.0,16.05263157894737,13.311245792641223,1.0,6.0,14.5,22.25,72.0
2013-09-15,VIF,PM10,2,146.0,25.410958904109588,17.15916211798825,1.0,13.0,21.0,36.75,73.0
2013-09-15,VIF,SO2,1,152.0,0.8355263157894737,0.9727688272944776,0.0,0.0,1.0,1.0,9.0
2013-09-15,XAL,CO,15,154.0,0.7428571428571425,0.5035633992910016,0.1,0.4,0.5,1.1,2.2
2013-09-15,XAL,NO,1,156.0,33.032051282051285,25.338080450704727,3.0,15.0,25.0,42.5,111.0
2013-09-15,XAL,NO2,1,156.0,22.923076923076923,11.630071401072511,5.0,14.0,19.0,31.0,59.0
2013-09-15,XAL,NOX,1,156.0,55.98076923076923,34.531420223186196,8.0,31.0,43.5,75.0,152.0
2013-09-15,XAL,O3,1,156.0,15.955128205128204,12.972100557993032,2.0,6.0,14.0,21.0,69.0
2013-09-15,XAL,PM10,2,114.0,34.728070175438596,20.769397623877992,3.0,21.25,30.5,44.0,110.0
2013-09-15,XAL,PM2.5,2,114.0,18.850877192982455,13.921545316612097,1.0,7.25,18.0,27.0,67.0
2013-09-15,XAL,PMCO,2,114.0,15.894736842105264,10.435955902256959,1.0,8.0,14.0,21.0,61.0
2013-09-15,XAL,SO2,1,58.0,1.4310344827586208,0.6244174538598481,1.0,1.0,1.0,2.0,3.0
2013-09-22,ACO,CO,15,144.0,0.2527777777777779,0.17894189565387433,0.0,0.1,0.2,0.3,1.2
2013-09-22,ACO,NO,1,144.0,8.541666666666666,15.641470340271546,1.0,2.0,4.0,7.25,115.0
2013-09-22,ACO,NO2,1,144.0,11.92361111111111,7.051340061215078,2.0,7.0,10.0,16.0,38.0
2013-09-22,ACO,NOX,1,144.0,20.45138888888889,17.62500998803907,3.0,10.0,15.0,26.0,125.0
2013-09-22,ACO,O3,1,144.0,23.36111111111111,17.7317269721294,2.0,9.0,19.0,32.5,84.0
2013-09-22,ACO,PM10,2,148.0,16.344594594594593,10.069630260144855,3.0,8.0,15.0,22.25,54.0
2013-09-22,ACO,SO2,1,144.0,2.3958333333333335,3.8416538360196095,1.0,1.0,1.0,2.0,36.0
2013-09-22,ATI,CO,15,161.0,0.6509316770186336,0.4069886381126568,0.1,0.4,0.6,0.8,2.8
2013-09-22,ATI,NO,1,161.0,16.906832298136646,25.10149428874607,1.0,3.0,7.0,21.0,156.0
2013-09-22,ATI,NO2,1,161.0,17.919254658385093,7.373919543973461,5.0,12.0,17.0,23.0,43.0
2013-09-22,ATI,NOX,1,161.0,34.78260869565217,27.008030206813935,5.0,17.0,27.0,45.0,169.0
2013-09-22,ATI,O3,1,161.0,18.149068322981368,19.63963186395185,0.0,2.0,12.0,28.0,93.0
2013-09-22,ATI,PM10,2,145.0,27.124137931034483,18.665878985844095,2.0,15.0,23.0,35.0,105.0
2013-09-22,ATI,SO2,1,161.0,3.906832298136646,3.0959676238536993,2.0,2.0,3.0,4.0,24.0
2013-09-22,CAM,CO,15,153.0,0.868627450980392,0.5075055856881223,0.2,0.6,0.8,1.0,3.3
2013-09-22,CAM,NO,1,153.0,33.64052287581699,37.83788382502887,2.0,9.0,19.0,42.0,212.0
2013-09-22,CAM,NO2,1,153.0,27.9281045751634,11.930227296971887,10.0,19.0,24.0,35.0,66.0
2013-09-22,CAM,NOX,1,153.0,61.55555555555556,38.94089463345444,12.0,35.0,52.0,73.0,227.0
2013-09-22,CAM,O3,1,153.0,17.69281045751634,21.60174245096409,1.0,2.0,8.0,25.0,93.0
2013-09-22,CAM,PM10,2,59.0,41.47457627118644,20.43269517574577,2.0,26.0,38.0,54.5,92.0
2013-09-22,CAM,PM2.5,2,59.0,30.06779661016949,18.26327047682434,1.0,19.0,25.0,37.0,83.0
2013-09-22,CAM,PMCO,2,59.0,11.440677966101696,7.339715268461872,1.0,5.0,10.0,16.5,35.0
2013-09-22,CAM,SO2,1,153.0,3.588235294117647,1.7604179070409212,2.0,2.0,3.0,4.0,11.0
2013-09-22,CHO,CO,15,0.0,,,,,,,
2013-09-22,CHO,NO,1,159.0,21.836477987421382,37.8114700657033,1.0,6.0,9.0,19.0,267.0
2013-09-22,CHO,NO2,1,159.0,14.182389937106919,7.6711322633244325,1.0,9.0,13.0,18.0,41.0
2013-09-22,CHO,NOX,1,159.0,36.088050314465406,40.24063436092433,2.0,16.0,23.0,39.5,281.0
2013-09-22,CHO,O3,1,160.0,17.28125,15.341468395030617,0.0,3.0,15.0,27.0,63.0
2013-09-22,CHO,PM10,2,91.0,27.296703296703296,15.18441782112652,1.0,16.0,25.0,37.0,75.0
2013-09-22,CHO,SO2,1,160.0,1.1125,1.3126740675229194,0.0,0.0,1.0,2.0,9.0
2013-09-22,COY,NO,1,159.0,24.245283018867923,25.214451597871793,1.0,6.0,13.0,32.5,113.0
2013-09-22,COY,NO2,1,159.0,24.92452830188679,10.903806773302177,6.0,16.0,24.0,32.0,59.0
2013-09-22,COY,NOX,1,159.0,49.138364779874216,27.692588687141683,9.0,28.0,44.0,62.5,152.0
2013-09-22,COY,O3,1,159.0,18.660377358490567,26.198325917305432,0.0,1.0,6.0,24.0,119.0
2013-09-22,COY,PM2.5,2,153.0,19.22222222222222,11.493260165843552,1.0,11.0,17.0,26.0,62.0
2013-09-22,CUA,CO,15,91.0,0.6736263736263736,0.22252848248915355,0.3,0.5,0.7,0.8,1.4
2013-09-22,CUA,NO,1,153.0,12.69281045751634,16.608606300155753,1.0,4.0,8.0,14.0,160.0
2013-09-22,CUA,NO2,1,153.0,17.19607843137255,6.296468123949594,5.0,12.0,16.0,22.0,33.0
2013-09-22,CUA,NOX,1,153.0,29.869281045751634,18.817227832374606,7.0,18.0,27.0,36.0,182.0
2013-09-22,CUA,O3,1,153.0,23.169934640522875,21.03374195557212,1.0,9.0,17.0,30.0,98.0
2013-09-22,CUA,PM10,2,136.0,19.00735294117647,13.155759940339557,1.0,9.75,16.0,26.25,65.0
2013-09-22,CUA,SO2,1,155.0,1.4967741935483871,1.1129357080437268,0.0,1.0,1.0,2.0,10.0
2013-09-22,CUT,NO,1,129.0,16.73643410852713,24.350795475919803,1.0,3.0,7.0,20.0,140.0
2013-09-22,CUT,NO2,1,129.0,13.232558139534884,6.4897896103068335,3.0,8.0,12.0,17.0,30.0
2013-09-22,CUT,NOX,1,129.0,29.906976744186046,26.121842470809124,5.0,12.0,24.0,35.0,151.0
2013-09-22,CUT,O3,1,129.0,14.922480620155039,17.30047524776269,0.0,1.0,7.0,24.0,71.0
2013-09-22,CUT,PM10,2,128.0,25.921875,15.374387831100865,1.0,14.0,23.0,34.25,77.0
2013-09-22,CUT,SO2,1,129.0,2.697674418604651,7.113592459117863,1.0,1.0,1.0,2.0,66.0
2013-09-22,FAC,CO,15,115.0,0.8034782608695656,0.5254789686115795,0.1,0.5,0.6,1.0,2.9
2013-09-22,FAC,NO,1,154.0,30.545454545454547,33.92419286522148,1.0,9.0,17.0,38.75,178.0
2013-09-22,FAC,NO2,1,154.0,21.12987012987013,9.051559861744058,6.0,15.25,19.0,26.0,59.0
2013-09-22,FAC,NOX,1,154.0,51.66233766233766,34.93471423315075,9.0,28.25,39.5,63.5,197.0
2013-09-22,FAC,O3,1,155.0,18.212903225806453,20.42693253245281,1.0,2.5,10.0,26.0,84.0
2013-09-22,FAC,PM10,2,128.0,26.203125,20.10850855090283,2.0,12.75,19.5,33.0,108.0
2013-09-22,FAC,SO2,1,155.0,1.832258064516129,1.5783410444041468,0.0,1.0,1.0,2.0,9.0
2013-09-22,HGM,CO,15,155.0,1.0251612903225804,0.39371582282298656,0.5,0.7,0.9,1.25,2.2
2013-09-22,HGM,NO,1,155.0,23.729032258064517,26.991896253192518,0.0,5.0,12.0,32.0,131.0
2013-09-22,HGM,NO2,1,155.0,27.503225806451614,12.026687960233948,9.0,18.0,25.0,35.0,71.0
2013-09-22,HGM,NOX,1,155.0,51.29032258064516,30.851543930284574,10.0,28.0,43.0,69.0,168.0
2013-09-22,HGM,O3,1,155.0,17.4,24.19283998404294,0.0,1.0,6.0,23.0,102.0
2013-09-22,HGM,PM10,2,143.0,27.41958041958042,17.9758886193061,3.0,12.5,24.0,39.0,83.0
2013-09-22,HGM,PM2.5,2,143.0,17.95104895104895,12.668764222295804,1.0,8.0,14.0,26.0,59.0
2013-09-22,HGM,PMCO,2,143.0,9.482517482517483,6.332181551022896,1.0,4.0,8.0,14.0,27.0
2013-09-22,HGM,SO2,1,109.0,2.311926605504587,1.274371651314673,1.0,2.0,2.0,2.0,8.0
2013-09-22,IZT,CO,15,0.0,,,,,,,
2013-09-22,IZT,NO,1,155.0,27.587096774193547,30.52288626051594,3.0,8.5,17.0,32.0,178.0
2013-09-22,IZT,NO2,1,155.0,27.083870967741934,11.213949359747563,9.0,19.0,25.0,33.5,74.0
2013-09-22,IZT,NOX,1,155.0,54.66451612903226,31.854025295464442,13.0,33.5,45.0,66.0,194.0
2013-09-22,IZT,O3,1,155.0,17.825806451612902,26.308397846220572,0.0,1.0,5.0,22.0,120.0
2013-09-22,IZT,PM10,2,158.0,22.20886075949367,12.389667874137873,1.0,12.25,21.0,31.0,57.0
2013-09-22,IZT,SO2,1,155.0,2.3096774193548386,1.2667974855090292,1.0,2.0,2.0,3.0,8.0
2013-09-22,LLA,CO,15,0.0,,,,,,,
2013-09-22,LLA,NO,1,0.0,,,,,,,
2013-09-22,LLA,NO2,1,0.0,,,,,,,
2013-09-22,LLA,NOX,1,0.0,,,,,,,
2013-09-22,LLA,O3,1,0.0,,,,,,,
2013-09-22,LLA,SO2,1,0.0,,,,,,,
2013-09-22,LPR,CO,15,0.0,,,,,,,
2013-09-22,LPR,NO,1,160.0,23.125,34.19657381050562,2.0,7.0,11.0,22.0,240.0
2013-09-22,LPR,NO2,1,160.0,21.75625,11.329677661431923,4.0,13.0,20.0,28.25,65.0
2013-09-22,LPR,NOX,1,160.0,44.88125,38.96545347439713,6.0,23.0,33.5,52.0,264.0
2013-09-22,LPR,O3,1,160.0,21.0625,20.71176480307416,2.0,5.0,15.0,29.0,112.0
2013-09-22,LPR,SO2,1,160.0,1.83125,1.9785703338617406,0.0,1.0,1.0,2.0,16.0
2013-09-22,MER,CO,15,156.0,1.1519230769230764,0.5393510023371457,0.4,0.8,1.0,1.5,2.9
2013-09-22,MER,NO,1,153.0,25.73202614379085,26.441346842424984,1.0,8.0,15.0,30.0,122.0
2013-09-22,MER,NO2,1,153.0,28.836601307189543,11.971159155686953,8.0,20.0,26.0,36.0,71.0
2013-09-22,MER,NOX,1,153.0,54.50326797385621,30.56187084876188,9.0,33.0,47.0,71.0,159.0
2013-09-22,MER,O3,1,155.0,17.81290322580645,25.144720624472672,0.0,1.0,6.0,23.0,107.0
2013-09-22,MER,PM10,2,158.0,31.556962025316455,17.638078982768235,3.0,18.0,29.0,40.75,85.0
2013-09-22,MER,PM2.5,2,158.0,18.227848101265824,11.151475144016052,1.0,10.0,16.5,24.0,55.0
2013-09-22,MER,PMCO,2,158.0,13.348101265822784,7.856943227579008,2.0,6.0,12.0,19.0,34.0
2013-09-22,MER,SO2,1,154.0,2.909090909090909,1.1396802461993214,1.0,2.0,3.0,3.0,8.0
2013-09-22,MON,CO,15,0.0,,,,,,,
2013-09-22,MON,NO,1,153.0,7.875816993464053,14.373001124841995,0.0,1.0,2.0,6.0,80.0
2013-09-22,MON,NO2,1,153.0,9.96078431372549,5.905931845166549,2.0,6.0,9.0,12.0,39.0
2013-09-22,MON,NOX,1,153.0,17.862745098039216,16.95002671303958,1.0,7.0,11.0,22.0,93.0
2013-09-22,MON,O3,1,153.0,21.797385620915033,15.358162358003378,2.0,6.0,21.0,31.0,58.0
2013-09-22,MON,SO2,1,0.0,,,,,,,
2013-09-22,NEZ,CO,15,152.0,0.7585526315789476,0.6164891064760384,0.0,0.4,0.6,0.925,5.2
2013-09-22,NEZ,NO,1,152.0,19.230263157894736,33.92306652286018,0.0,3.0,8.5,19.5,304.0
2013-09-22,NEZ,NO2,1,152.0,21.95394736842105,10.903756455685063,5.0,15.0,20.0,27.0,63.0
2013-09-22,NEZ,NOX,1,152.0,41.19078947368421,38.21388630664738,6.0,19.75,30.0,51.0,337.0
2013-09-22,NEZ,O3,1,152.0,18.960526315789473,20.33067091498969,1.0,5.0,12.0,24.0,113.0
2013-09-22,NEZ,PM2.5,2,150.0,12.233333333333333,8.066349578695874,1.0,7.0,11.0,16.0,46.0
2013-09-22,NEZ,SO2,1,152.0,3.210526315789474,2.6981268433635646,0.0,2.0,2.0,4.0,20.0
2013-09-22,PED,CO,15,153.0,0.554901960784314,0.302607348605979,0.1,0.4,0.5,0.7,2.1
2013-09-22,PED,NO,1,153.0,16.705882352941178,23.81808312168155,1.0,3.0,7.0,21.0,155.0
2013-09-22,PED,NO2,1,153.0,20.627450980392158,8.931672172771323,6.0,15.0,20.0,25.0,48.0
2013-09-22,PED,NOX,1,153.0,37.31372549019608,25.75248342348326,7.0,23.0,30.0,46.0,177.0
2013-09-22,PED,O3,1,153.0,21.202614379084967,25.689788949657594,1.0,2.0,10.0,30.0,106.0
2013-09-22,PED,PM10,2,148.0,27.966216216216218,15.619809305124141,4.0,16.75,24.0,39.0,103.0
2013-09-22,PED,PM2.5,2,148.0,17.574324324324323,9.265612833105525,1.0,10.0,16.0,24.0,48.0
2013-09-22,PED,PMCO,2,148.0,10.364864864864865,7.944662905944927,1.0,4.0,8.0,15.0,62.0
2013-09-22,PED,SO2,1,153.0,2.3986928104575163,0.8836219517972426,1.0,2.0,2.0,3.0,7.0
2013-09-22,SAG,CO,15,0.0,,,,,,,
2013-09-22,SAG,NO,1,161.0,18.229813664596275,22.197479712572378,2.0,6.0,9.0,19.0,112.0
2013-09-22,SAG,NO2,1,161.0,19.60248447204969,9.072127302282519,6.0,13.0,18.0,23.0,66.0
2013-09-22,SAG,NOX,1,161.0,37.80124223602485,25.465618948833832,8.0,22.0,31.0,46.0,141.0
2013-09-22,SAG,O3,1,161.0,19.726708074534162,19.160176009642942,2.0,5.0,13.0,27.0,97.0
2013-09-22,SAG,PM10,2,152.0,28.04605263157895,16.113972718278493,3.0,16.0,25.0,34.25,91.0
2013-09-22,SAG,PM2.5,2,152.0,16.342105263157894,10.608696459585774,1.0,9.0,14.0,21.25,54.0
2013-09-22,SAG,PMCO,2,152.0,11.723684210526315,7.349548229951606,1.0,6.0,10.0,16.0,43.0
2013-09-22,SAG,SO2,1,161.0,2.813664596273292,4.028344835264385,0.0,1.0,2.0,3.0,35.0
2013-09-22,SFE,CO,15,155.0,0.5890322580645164,0.21609513956188542,0.2,0.4,0.6,0.7,1.4
2013-09-22,SFE,NO,1,155.0,12.27741935483871,17.08327027144262,1.0,3.0,7.0,14.0,114.0
2013-09-22,SFE,NO2,1,155.0,18.741935483870968,7.550555763218557,5.0,13.0,18.0,23.0,42.0
2013-09-22,SFE,NOX,1,155.0,31.038709677419355,19.565369575756666,6.0,19.5,27.0,36.0,135.0
2013-09-22,SFE,O3,1,155.0,21.741935483870968,22.98724624081951,0.0,5.0,13.0,28.0,100.0
2013-09-22,SFE,PM10,2,142.0,22.788732394366196,13.155820644167214,3.0,14.0,19.0,29.0,65.0
2013-09-22,SFE,PM2.5,2,142.0,14.23943661971831,8.685954732177091,1.0,8.0,13.0,18.0,49.0
2013-09-22,SFE,PMCO,2,142.0,8.485915492957746,6.113275770427027,1.0,3.25,7.0,12.0,26.0
2013-09-22,SFE,SO2,1,155.0,1.0064516129032257,0.8098161904122907,0.0,1.0,1.0,1.0,6.0
2013-09-22,SJA,CO,15,155.0,0.7180645161290321,0.5251432665055279,0.1,0.4,0.6,0.9,3.3
2013-09-22,SJA,NO,1,155.0,30.38064516129032,41.37087107624204,0.0,6.0,14.0,34.5,247.0
2013-09-22,SJA,NO2,1,155.0,25.361290322580643,11.565108671516953,6.0,16.0,22.0,31.5,61.0
2013-09-22,SJA,NOX,1,155.0,55.70967741935484,43.990991955989,6.0,26.5,41.0,69.0,266.0
2013-09-22,SJA,O3,1,155.0,15.2,21.24758198618704,0.0,1.0,7.0,17.0,112.0
2013-09-22,SJA,PM2.5,2,147.0,14.571428571428571,8.599139810437556,1.0,8.0,13.0,19.5,44.0
2013-09-22,SJA,SO2,1,154.0,2.0194805194805197,1.5231150537429174,0.0,1.0,2.0,3.0,8.0
2013-09-22,SUR,CO,15,156.0,0.9525641025641027,0.43676947753879486,0.2,0.6,0.9,1.225,2.4
2013-09-22,SUR,NO,1,156.0,21.237179487179485,24.332405627193683,1.0,6.0,11.0,26.25,133.0
2013-09-22,SUR,NO2,1,156.0,23.916666666666668,9.728546841944796,7.0,16.0,22.0,30.0,47.0
2013-09-22,SUR,NOX,1,156.0,45.10897435897436,27.120893913792912,11.0,27.0,36.5,55.0,150.0
2013-09-22,SUR,O3,1,156.0,19.67948717948718,26.672684391312096,1.0,2.0,9.0,24.0,127.0
2013-09-22,SUR,PM10,2,151.0,21.205298013245034,14.525984937710627,1.0,9.0,19.0,30.0,69.0
2013-09-22,SUR,SO2,1,156.0,2.769230769230769,0.9761422017385,2.0,2.0,2.5,3.0,7.0
2013-09-22,TAH,CO,15,158.0,0.4816455696202533,0.34931025896538326,0.0,0.2,0.4,0.7,2.0
2013-09-22,TAH,NO,1,158.0,10.360759493670885,12.515070331674385,2.0,3.0,5.0,12.0,85.0
2013-09-22,TAH,NO2,1,158.0,14.810126582278482,8.121805122952187,2.0,9.0,15.0,20.0,39.0
2013-09-22,TAH,NOX,1,158.0,25.20886075949367,17.034268120867704,4.0,12.0,23.0,32.75,100.0
2013-09-22,TAH,O3,1,158.0,22.28481012658228,24.036090637797813,1.0,5.0,15.0,28.0,124.0
2013-09-22,TAH,PM10,2,151.0,18.52980132450331,12.826954924179452,1.0,8.0,15.0,27.5,66.0
2013-09-22,TAH,SO2,1,158.0,1.6898734177215189,0.7563059632116619,1.0,1.0,2.0,2.0,5.0
2013-09-22,TLA,CO,15,152.0,1.0638157894736835,0.5225446325378095,0.3,0.8,0.9,1.2,4.0
2013-09-22,TLA,NO,1,152.0,32.401315789473685,44.87484580850059,1.0,10.0,18.0,37.0,363.0
2013-09-22,TLA,NO2,1,152.0,27.25657894736842,10.018193192457817,10.0,20.0,25.0,31.0,59.0
2013-09-22,TLA,NOX,1,152.0,59.74342105263158,46.950798074947805,12.0,34.0,46.0,69.0,395.0
2013-09-22,TLA,O3,1,97.0,19.31958762886598,20.979427617585568,0.0,3.0,12.0,28.0,91.0
2013-09-22,TLA,PM10,2,150.0,34.92666666666667,18.88612880654845,7.0,21.0,32.0,43.75,104.0
2013-09-22,TLA,PM2.5,2,150.0,19.026666666666667,10.262296056825775,1.0,12.0,17.0,24.0,54.0
2013-09-22,TLA,PMCO,2,150.0,15.906666666666666,10.721831624217764,2.0,7.0,14.0,23.0,57.0
2013-09-22,TLA,SO2,1,152.0,3.611842105263158,3.0406720721578715,0.0,2.0,2.5,5.0,17.0
2013-09-22,TLI,CO,15,85.0,0.6458823529411759,0.4343996791348872,0.3,0.4,0.5,0.7,3.0
2013-09-22,TLI,NO,1,85.0,22.576470588235296,40.90272329697918,1.0,4.0,8.0,25.0,272.0
2013-09-22,TLI,NO2,1,85.0,16.4,6.871611719170956,5.0,12.0,16.0,19.0,36.0
2013-09-22,TLI,NOX,1,85.0,38.976470588235294,43.82187333550512,7.0,19.0,28.0,43.0,298.0
2013-09-22,TLI,O3,1,55.0,16.70909090909091,17.567512869427716,3.0,5.0,9.0,18.5,74.0
2013-09-22,TLI,PM10,2,82.0,25.573170731707318,17.017805118666466,2.0,13.0,23.0,34.75,98.0
2013-09-22,TLI,SO2,1,85.0,1.388235294117647,1.8458068157638947,0.0,1.0,1.0,1.0,13.0
2013-09-22,TPN,CO,15,0.0,,,,,,,
2013-09-22,TPN,NO,1,128.0,12.9140625,11.592848286665266,0.0,6.0,9.5,16.25,55.0
2013-09-22,TPN,NO2,1,128.0,10.921875,7.574937306463361,1.0,5.0,9.0,16.0,35.0
2013-09-22,TPN,NOX,1,128.0,23.8984375,15.611846826013174,1.0,13.0,20.0,33.0,73.0
2013-09-22,TPN,O3,1,128.0,18.34375,23.212621295355135,0.0,3.0,7.0,26.0,102.0
2013-09-22,TPN,SO2,1,108.0,0.9629629629629629,0.5788471611734962,0.0,1.0,1.0,1.0,3.0
2013-09-22,UAX,CO,15,157.0,0.7477707006369425,0.3514778300739327,0.3,0.5,0.7,1.0,2.0
2013-09-22,UAX,NO,1,157.0,13.40764331210191,18.73053020387069,0.0,2.0,5.0,15.0,89.0
2013-09-22,UAX,NO2,1,157.0,21.0,10.62713025401954,2.0,13.0,19.0,27.0,47.0
2013-09-22,UAX,NOX,1,157.0,34.46496815286624,24.028703098484804,3.0,16.0,29.0,46.0,114.0
2013-09-22,UAX,O3,1,157.0,21.076433121019107,26.1211529866058,1.0,3.0,11.0,27.0,121.0
2013-09-22,UAX,PM2.5,2,149.0,13.10738255033557,8.926986825258686,1.0,6.0,11.0,19.0,53.0
2013-09-22,UAX,SO2,1,157.0,1.3439490445859872,0.8375282298815006,1.0,1.0,1.0,1.0,7.0
2013-09-22,UIZ,CO,15,160.0,0.8031250000000002,0.5513188162097483,0.1,0.4,0.7,1.0,3.9
2013-09-22,UIZ,NO,1,160.0,21.775,30.077248552737412,0.0,3.0,10.0,26.0,217.0
2013-09-22,UIZ,NO2,1,160.0,24.26875,11.228737769081285,4.0,16.75,22.0,31.0,58.0
2013-09-22,UIZ,NOX,1,160.0,46.025,34.345808932022095,4.0,23.0,38.0,60.0,234.0
2013-09-22,UIZ,O3,1,160.0,19.3,23.3977905746159,1.0,3.0,10.0,26.0,108.0
2013-09-22,UIZ,PM10,2,158.0,27.79746835443038,16.418398679712904,2.0,16.25,26.0,35.75,84.0
2013-09-22,UIZ,PM2.5,2,158.0,17.39240506329114,10.98860755917945,2.0,9.25,16.0,22.0,55.0
2013-09-22,UIZ,PMCO,2,158.0,10.424050632911392,6.959660200905624,1.0,4.0,9.0,16.0,29.0
2013-09-22,UIZ,SO2,1,160.0,1.88125,1.4639134034601187,1.0,1.0,1.0,2.0,11.0
2013-09-22,VIF,CO,15,161.0,0.6111801242236025,0.45400905674059433,0.2,0.3,0.5,0.7,3.5
2013-09-22,VIF,NO,1,161.0,15.099378881987578,27.46092791789457,1.0,3.0,5.0,13.0,225.0
2013-09-22,VIF,NO2,1,161.0,14.403726708074535,8.066426471793115,3.0,8.0,13.0,19.0,45.0
2013-09-22,VIF,NOX,1,161.0,29.503105590062113,29.74666456588084,4.0,12.0,22.0,35.0,240.0
2013-09-22,VIF,O3,1,161.0,20.13664596273292,20.062868966828354,1.0,4.0,14.0,30.0,97.0
2013-09-22,VIF,PM10,2,141.0,39.91489361702128,28.422196899531617,1.0,20.0,35.0,57.0,164.0
2013-09-22,VIF,SO2,1,161.0,2.3229813664596275,5.41248843471289,0.0,1.0,1.0,2.0,53.0
2013-09-22,XAL,CO,15,157.0,0.9318471337579619,0.613004184592789,0.2,0.5,0.7,1.1,3.6
2013-09-22,XAL,NO,1,157.0,38.59872611464968,46.83876597826648,3.0,12.0,21.0,42.0,289.0
2013-09-22,XAL,NO2,1,157.0,25.54140127388535,12.182632891854318,7.0,17.0,22.0,31.0,79.0
2013-09-22,XAL,NOX,1,157.0,64.14012738853503,50.779243008304974,10.0,33.0,47.0,77.0,311.0
2013-09-22,XAL,O3,1,157.0,19.808917197452228,20.10075064230502,2.0,5.0,12.0,28.0,104.0
2013-09-22,XAL,PM10,2,144.0,44.423611111111114,23.10770762978561,5.0,27.0,40.5,58.0,103.0
2013-09-22,XAL,PM2.5,2,144.0,25.38888888888889,15.375537337184301,1.0,14.0,23.5,35.25,70.0
2013-09-22,XAL,PMCO,2,144.0,18.98611111111111,11.797822550734388,1.0,9.75,18.0,26.25,66.0
2013-09-22,XAL,SO2,1,157.0,2.4394904458598727,2.2598433676656664,0.0,1.0,2.0,3.0,13.0
2013-09-29,ACO,CO,15,150.0,0.31266666666666676,0.2297640069319643,0.0,0.2,0.2,0.4,1.2
2013-09-29,ACO,NO,1,150.0,10.02,14.861088328541921,0.0,2.0,4.0,8.75,71.0
2013-09-29,ACO,NO2,1,150.0,10.7,5.628010007480021,2.0,7.0,10.0,13.0,35.0
2013-09-29,ACO,NOX,1,150.0,20.753333333333334,17.712444594473805,4.0,9.0,14.0,24.0,105.0
2013-09-29,ACO,O3,1,150.0,21.526666666666667,17.433554265200005,2.0,8.0,17.5,30.0,71.0
2013-09-29,ACO,PM10,2,154.0,18.805194805194805,8.770179660017941,2.0,12.0,19.0,24.0,44.0
2013-09-29,ACO,SO2,1,150.0,1.7266666666666666,1.7451626976197125,1.0,1.0,1.0,2.0,15.0
2013-09-29,ATI,CO,15,149.0,0.755704697986577,0.5119362489786398,0.1,0.4,0.6,1.0,2.5
2013-09-29,ATI,NO,1,149.0,19.899328859060404,30.104714761941835,0.0,2.0,6.0,23.0,132.0
2013-09-29,ATI,NO2,1,149.0,18.731543624161073,8.877264364719835,3.0,13.0,17.0,22.0,52.0
2013-09-29,ATI,NOX,1,149.0,38.63758389261745,33.141224178791695,4.0,16.0,25.0,52.0,151.0
2013-09-29,ATI,O3,1,149.0,20.953020134228186,22.09632951372969,0.0,4.0,14.0,31.0,107.0
2013-09-29,ATI,PM10,2,144.0,28.645833333333332,18.88036266615646,1.0,14.75,26.0,39.0,103.0
2013-09-29,ATI,SO2,1,149.0,5.906040268456376,7.637339180311704,2.0,2.0,3.0,5.0,52.0
2013-09-29,CAM,CO,15,156.0,0.8403846153846154,0.48736008363080496,0.2,0.5,0.7,1.0,3.1
2013-09-29,CAM,NO,1,156.0,33.14102564102564,39.8285760143188,3.0,8.75,17.5,38.25,264.0
2013-09-29,CAM,NO2,1,156.0,27.878205128205128,10.046564457704548,8.0,22.0,27.0,32.0,63.0
2013-09-29,CAM,NOX,1,156.0,60.93589743589744,41.94707563911081,17.0,34.0,47.0,75.5,282.0
2013-09-29,CAM,O3,1,156.0,17.987179487179485,22.8385602561551,1.0,2.0,7.5,23.25,109.0
2013-09-29,CAM,PM10,2,0.0,,,,,,,
2013-09-29,CAM,PM2.5,2,0.0,,,,,,,
2013-09-29,CAM,PMCO,2,0.0,,,,,,,
2013-09-29,CAM,SO2,1,156.0,6.32051282051282,7.1283053946807415,2.0,3.0,4.0,7.0,45.0
2013-09-29,CHO,CO,15,0.0,,,,,,,
2013-09-29,CHO,NO,1,159.0,20.91823899371069,29.819917002630756,1.0,5.5,10.0,19.0,171.0
2013-09-29,CHO,NO2,1,159.0,13.817610062893081,8.015692951489367,3.0,8.0,12.0,18.5,36.0
2013-09-29,CHO,NOX,1,159.0,34.76100628930818,32.81776670706281,5.0,16.0,23.0,41.5,188.0
2013-09-29,CHO,O3,1,161.0,18.093167701863354,16.842209342243375,0.0,6.0,13.0,27.0,72.0
2013-09-29,CHO,PM10,2,155.0,33.12258064516129,21.658307390267403,1.0,16.5,28.0,46.0,114.0
2013-09-29,CHO,SO2,1,161.0,1.15527950310559,1.4472344584205252,0.0,0.0,1.0,2.0,11.0
2013-09-29,COY,NO,1,158.0,21.10759493670886,29.14483608826697,1.0,4.0,10.0,24.75,189.0
2013-09-29,COY,NO2,1,158.0,23.531645569620252,10.767769130693829,3.0,16.0,23.0,31.0,57.0
2013-09-29,COY,NOX,1,158.0,44.63291139240506,32.45248450743756,6.0,21.25,37.5,53.75,209.0
2013-09-29,COY,O3,1,158.0,20.72151898734177,26.78360402955023,0.0,3.0,10.0,24.25,116.0
2013-09-29,COY,PM2.5,2,156.0,17.82051282051282,12.840202580799247,1.0,8.75,15.0,22.25,60.0
2013-09-29,CUA,CO,15,157.0,0.7535031847133754,0.29645959261574784,0.3,0.6,0.7,0.9,2.0
2013-09-29,CUA,NO,1,157.0,17.101910828025478,22.387377600168136,1.0,5.0,8.0,22.0,163.0
2013-09-29,CUA,NO2,1,157.0,20.46496815286624,8.096793178451598,5.0,14.0,20.0,25.0,48.0
2013-09-29,CUA,NOX,1,157.0,37.54140127388535,25.213318226139187,6.0,22.0,31.0,47.0,181.0
2013-09-29,CUA,O3,1,157.0,26.764331210191084,26.924190849777403,1.0,7.0,19.0,34.0,127.0
2013-09-29,CUA,PM10,2,147.0,21.258503401360546,14.063013003305976,1.0,12.0,18.0,27.0,66.0
2013-09-29,CUA,SO2,1,157.0,2.605095541401274,2.411930713443973,0.0,1.0,2.0,3.0,11.0
2013-09-29,CUT,NO,1,161.0,16.757763975155278,25.895167598780738,1.0,2.0,4.0,20.0,153.0
2013-09-29,CUT,NO2,1,161.0,14.043478260869565,6.379995911134031,4.0,9.0,13.0,18.0,35.0
2013-09-29,CUT,NOX,1,161.0,30.751552795031056,27.94862050618524,5.0,12.0,21.0,41.0,170.0
2013-09-29,CUT,O3,1,161.0,19.22360248447205,18.976292826603242,0.0,2.0,14.0,29.0,74.0
2013-09-29,CUT,PM10,2,161.0,38.453416149068325,27.75989695373503,7.0,19.0,33.0,45.0,171.0
2013-09-29,CUT,SO2,1,161.0,3.627329192546584,6.743348459571478,1.0,1.0,2.0,3.0,64.0
2013-09-29,FAC,CO,15,156.0,1.1301282051282056,0.7325976646810396,0.0,0.6,1.05,1.5,3.9
2013-09-29,FAC,NO,1,156.0,37.07051282051282,45.577882607259454,1.0,7.75,19.0,52.0,251.0
2013-09-29,FAC,NO2,1,156.0,21.55128205128205,10.663954886889348,3.0,14.0,19.0,26.25,65.0
2013-09-29,FAC,NOX,1,156.0,58.62820512820513,47.65957480198536,4.0,25.0,44.5,79.25,262.0
2013-09-29,FAC,O3,1,156.0,21.96153846153846,23.883017212367715,1.0,3.0,14.0,28.25,111.0
2013-09-29,FAC,PM10,2,140.0,28.82857142857143,22.668376494767557,1.0,13.75,23.0,37.0,132.0
2013-09-29,FAC,SO2,1,146.0,4.376712328767123,5.449631953354223,0.0,1.0,2.0,5.0,27.0
2013-09-29,HGM,CO,15,149.0,0.8322147651006712,0.39185429869039373,0.3,0.6,0.7,1.0,2.2
2013-09-29,HGM,NO,1,69.0,23.333333333333332,32.94588551775501,0.0,5.0,8.0,24.0,135.0
2013-09-29,HGM,NO2,1,69.0,24.18840579710145,10.050278547967244,6.0,15.0,24.0,30.0,51.0
2013-09-29,HGM,NOX,1,69.0,47.507246376811594,36.266425563989706,12.0,23.0,38.0,52.0,150.0
2013-09-29,HGM,O3,1,149.0,15.939597315436242,21.638063368130613,0.0,1.0,6.0,21.0,93.0
2013-09-29,HGM,PM10,2,61.0,31.475409836065573,16.315234759141582,5.0,21.0,30.0,41.0,86.0
2013-09-29,HGM,PM2.5,2,61.0,18.40983606557377,11.05347162536176,1.0,10.0,17.0,26.0,57.0
2013-09-29,HGM,PMCO,2,61.0,13.131147540983607,6.7267510975112526,3.0,9.0,13.0,16.0,35.0
2013-09-29,HGM,SO2,1,138.0,4.144927536231884,6.136584947039271,1.0,1.0,2.0,3.0,38.0
2013-09-29,IZT,CO,15,0.0,,,,,,,
2013-09-29,IZT,NO,1,158.0,29.867088607594937,34.184792765760015,1.0,7.0,17.0,37.0,217.0
2013-09-29,IZT,NO2,1,158.0,27.670886075949365,11.209324506756268,6.0,19.0,27.0,36.0,56.0
2013-09-29,IZT,NOX,1,158.0,57.56962025316456,36.42956157494585,10.0,32.0,49.5,71.5,235.0
2013-09-29,IZT,O3,1,158.0,18.31645569620253,26.25380496720401,0.0,2.0,6.0,22.0,118.0
2013-09-29,IZT,PM10,2,158.0,25.20253164556962,13.386350826659449,1.0,16.25,23.0,33.0,64.0
2013-09-29,IZT,SO2,1,158.0,3.7721518987341773,4.776399963751198,1.0,2.0,2.0,4.0,34.0
2013-09-29,LLA,CO,15,0.0,,,,,,,
2013-09-29,LLA,NO,1,0.0,,,,,,,
2013-09-29,LLA,NO2,1,0.0,,,,,,,
2013-09-29,LLA,NOX,1,0.0,,,,,,,
2013-09-29,LLA,O3,1,0.0,,,,,,,
2013-09-29,LLA,SO2,1,0.0,,,,,,,
2013-09-29,LPR,CO,15,0.0,,,,,,,
2013-09-29,LPR,NO,1,160.0,21.1875,21.804502304678202,1.0,7.0,15.0,25.25,123.0
2013-09-29,LPR,NO2,1,160.0,21.34375,9.489515482259899,3.0,14.0,19.0,29.0,48.0
2013-09-29,LPR,NOX,1,160.0,42.5,28.14093014961543,4.0,23.0,37.0,54.0,145.0
2013-09-29,LPR,O3,1,160.0,21.2875,21.05111703216453,1.0,4.0,15.0,31.0,96.0
2013-09-29,LPR,SO2,1,160.0,2.56875,2.445948710488351,0.0,1.0,2.0,3.0,17.0
2013-09-29,MER,CO,15,153.0,1.097385620915032,0.5948183836506097,0.5,0.7,0.9,1.3,4.4
2013-09-29,MER,NO,1,153.0,31.647058823529413,39.70921783949098,0.0,7.0,15.0,37.0,250.0
2013-09-29,MER,NO2,1,153.0,28.248366013071895,9.64452465729406,8.0,21.0,29.0,35.0,55.0
2013-09-29,MER,NOX,1,153.0,59.90196078431372,42.35637724709766,15.0,32.0,46.0,73.0,280.0
2013-09-29,MER,O3,1,153.0,17.522875816993466,23.515696036824405,0.0,2.0,7.0,23.0,108.0
2013-09-29,MER,PM10,2,156.0,36.42307692307692,18.02544383115638,5.0,23.0,34.0,46.25,99.0
2013-09-29,MER,PM2.5,2,156.0,18.365384615384617,10.734380423523433,2.0,11.0,17.0,23.0,62.0
2013-09-29,MER,PMCO,2,156.0,18.03205128205128,9.096202590726895,1.0,11.0,17.5,23.0,42.0
2013-09-29,MER,SO2,1,153.0,4.705882352941177,5.300052572903573,2.0,2.0,3.0,5.0,42.0
2013-09-29,MON,CO,15,0.0,,,,,,,
2013-09-29,MON,NO,1,157.0,10.738853503184714,24.180185386877945,0.0,0.0,2.0,7.0,128.0
2013-09-29,MON,NO2,1,157.0,10.178343949044587,5.34034377160211,2.0,6.0,10.0,13.0,36.0
2013-09-29,MON,NOX,1,157.0,20.89171974522293,26.82124579264862,2.0,7.0,12.0,19.0,142.0
2013-09-29,MON,O3,1,157.0,21.866242038216562,18.039165205186634,2.0,9.0,17.0,32.0,75.0
2013-09-29,MON,SO2,1,0.0,,,,,,,
2013-09-29,NEZ,CO,15,159.0,0.7930817610062891,0.5996960724807007,0.1,0.4,0.7,1.0,4.2
2013-09-29,NEZ,NO,1,159.0,20.49056603773585,29.69568607048103,0.0,3.0,8.0,26.0,215.0
2013-09-29,NEZ,NO2,1,159.0,22.78616352201258,9.981859989960151,5.0,15.5,21.0,29.0,48.0
2013-09-29,NEZ,NOX,1,159.0,43.257861635220124,34.73520335855947,8.0,21.0,33.0,54.0,244.0
2013-09-29,NEZ,O3,1,159.0,20.61006289308176,24.37079387914593,1.0,3.0,10.0,27.5,108.0
2013-09-29,NEZ,PM2.5,2,155.0,13.55483870967742,7.61333581808995,1.0,8.0,12.0,18.0,40.0
2013-09-29,NEZ,SO2,1,159.0,3.0377358490566038,1.9964740832842531,0.0,2.0,2.0,4.0,11.0
2013-09-29,PED,CO,15,154.0,0.4662337662337662,0.25106850853217816,0.1,0.3,0.4,0.6,1.5
2013-09-29,PED,NO,1,154.0,13.155844155844155,17.513815226630307,1.0,2.0,4.0,16.5,84.0
2013-09-29,PED,NO2,1,154.0,18.993506493506494,7.693896021532502,2.0,14.0,18.0,24.0,37.0
2013-09-29,PED,NOX,1,154.0,32.15584415584416,20.260760836525865,4.0,18.0,27.5,42.75,98.0
2013-09-29,PED,O3,1,154.0,22.88961038961039,27.13909022328983,1.0,4.25,11.0,29.0,113.0
2013-09-29,PED,PM10,2,96.0,22.5,13.206856273601941,4.0,13.0,19.0,30.0,76.0
2013-09-29,PED,PM2.5,2,96.0,12.25,8.585176943889667,1.0,6.0,10.0,17.25,45.0
2013-09-29,PED,PMCO,2,96.0,10.208333333333334,5.838018168895236,1.0,6.0,10.0,13.0,32.0
2013-09-29,PED,SO2,1,154.0,3.2662337662337664,2.414667077533246,1.0,2.0,2.0,3.0,16.0
2013-09-29,SAG,CO,15,0.0,,,,,,,
2013-09-29,SAG,NO,1,153.0,20.15032679738562,23.689818832989612,2.0,7.0,13.0,22.0,174.0
2013-09-29,SAG,NO2,1,153.0,18.49673202614379,6.950127017967043,8.0,13.0,17.0,24.0,38.0
2013-09-29,SAG,NOX,1,153.0,38.63398692810458,26.366533720745252,10.0,21.0,32.0,45.0,189.0
2013-09-29,SAG,O3,1,150.0,18.553333333333335,17.45772906911318,2.0,4.25,12.5,27.0,72.0
2013-09-29,SAG,PM10,2,152.0,23.611842105263158,12.436354176101897,5.0,15.0,20.0,31.0,60.0
2013-09-29,SAG,PM2.5,2,152.0,13.092105263157896,7.927949772261128,1.0,7.0,11.0,18.0,40.0
2013-09-29,SAG,PMCO,2,152.0,10.480263157894736,6.3579437664162946,1.0,6.0,9.0,13.0,40.0
2013-09-29,SAG,SO2,1,153.0,2.1633986928104574,3.5083687848896026,0.0,0.0,1.0,2.0,20.0
2013-09-29,SFE,CO,15,156.0,0.6403846153846154,0.24881106866620484,0.3,0.5,0.6,0.8,1.7
2013-09-29,SFE,NO,1,151.0,13.158940397350994,17.970380339225542,1.0,2.0,6.0,16.0,115.0
2013-09-29,SFE,NO2,1,151.0,20.158940397350992,8.317926596800264,4.0,15.0,20.0,24.0,50.0
2013-09-29,SFE,NOX,1,151.0,33.317880794701985,21.513521596406033,7.0,19.0,28.0,40.0,139.0
2013-09-29,SFE,O3,1,156.0,26.416666666666668,28.486320052044743,0.0,6.0,17.0,33.25,133.0
2013-09-29,SFE,PM10,2,158.0,24.22151898734177,17.31558828564543,4.0,13.0,19.0,30.0,103.0
2013-09-29,SFE,PM2.5,2,158.0,14.930379746835444,11.638458698383657,1.0,7.0,11.0,19.0,69.0
2013-09-29,SFE,PMCO,2,158.0,9.208860759493671,7.227912806241418,1.0,4.0,7.0,12.75,39.0
2013-09-29,SFE,SO2,1,156.0,1.8525641025641026,1.8379669244083774,0.0,1.0,1.0,2.0,10.0
2013-09-29,SJA,CO,15,161.0,0.6242236024844716,0.501968175972781,0.1,0.3,0.5,0.8,3.5
2013-09-29,SJA,NO,1,161.0,27.335403726708076,38.729663066469286,0.0,4.0,13.0,35.0,272.0
2013-09-29,SJA,NO2,1,161.0,23.142857142857142,9.488715101936313,7.0,16.0,22.0,29.0,69.0
2013-09-29,SJA,NOX,1,161.0,50.484472049689444,41.38962816788497,9.0,23.0,38.0,65.0,289.0
2013-09-29,SJA,O3,1,161.0,17.111801242236027,20.792725226873184,1.0,2.0,9.0,22.0,90.0
2013-09-29,SJA,PM2.5,2,154.0,14.12987012987013,9.089749522855538,1.0,8.0,13.0,18.0,63.0
2013-09-29,SJA,SO2,1,161.0,2.4782608695652173,1.7716057565163124,0.0,1.0,2.0,3.0,10.0
2013-09-29,SUR,CO,15,159.0,0.9081761006289307,0.5317714072341496,0.2,0.5,0.8,1.2,3.8
2013-09-29,SUR,NO,1,159.0,20.962264150943398,32.07031175568765,1.0,4.0,9.0,22.5,240.0
2013-09-29,SUR,NO2,1,159.0,21.67295597484277,9.471808173082358,3.0,14.5,20.0,30.0,45.0
2013-09-29,SUR,NOX,1,159.0,42.691823899371066,34.23854325348395,7.0,21.0,33.0,55.0,255.0
2013-09-29,SUR,O3,1,159.0,22.78616352201258,26.991176425056654,1.0,4.0,11.0,28.0,112.0
2013-09-29,SUR,PM10,2,111.0,25.045045045045047,15.01356198265566,4.0,14.0,23.0,35.0,89.0
2013-09-29,SUR,SO2,1,159.0,3.591194968553459,3.0610121526148037,1.0,2.0,3.0,4.0,21.0
2013-09-29,TAH,CO,15,148.0,0.38513513513513525,0.3008751102274882,0.0,0.1,0.4,0.6,1.8
2013-09-29,TAH,NO,1,148.0,8.31081081081081,8.853187558747319,2.0,3.0,4.0,10.0,63.0
2013-09-29,TAH,NO2,1,148.0,13.81081081081081,8.589149420838355,1.0,6.75,12.5,19.0,37.0
2013-09-29,TAH,NOX,1,148.0,22.12837837837838,14.549133459669827,4.0,9.0,20.0,29.0,82.0
2013-09-29,TAH,O3,1,148.0,24.2972972972973,21.800099687551974,1.0,7.0,17.0,35.5,91.0
2013-09-29,TAH,PM10,2,112.0,27.276785714285715,15.20384601735474,1.0,16.0,24.0,36.25,81.0
2013-09-29,TAH,SO2,1,148.0,2.364864864864865,2.4526776944333197,1.0,1.0,2.0,2.0,17.0
2013-09-29,TLA,CO,15,156.0,1.0314102564102556,0.51353355101995,0.4,0.7,0.9,1.3,2.9
2013-09-29,TLA,NO,1,156.0,33.916666666666664,38.361768322344126,1.0,9.75,18.5,43.5,218.0
2013-09-29,TLA,NO2,1,156.0,28.685897435897434,11.30275700719105,9.0,21.0,27.0,33.0,77.0
2013-09-29,TLA,NOX,1,156.0,62.544871794871796,43.267262890642535,13.0,32.75,49.5,77.25,245.0
2013-09-29,TLA,O3,1,135.0,20.57777777777778,23.882631754111344,0.0,2.0,13.0,31.0,104.0
2013-09-29,TLA,PM10,2,157.0,40.140127388535035,21.50267085340382,4.0,26.0,36.0,49.0,135.0
2013-09-29,TLA,PM2.5,2,157.0,20.802547770700638,12.463505438929648,1.0,13.0,18.0,27.0,69.0
2013-09-29,TLA,PMCO,2,157.0,19.29299363057325,11.659298669641668,1.0,11.0,19.0,25.0,73.0
2013-09-29,TLA,SO2,1,156.0,6.096153846153846,8.674604273695182,0.0,2.0,3.0,6.0,49.0
2013-09-29,TLI,CO,15,46.0,0.5826086956521739,0.3940131683225754,0.2,0.3,0.5,0.6749999999999999,1.7
2013-09-29,TLI,NO,1,46.0,24.369565217391305,40.82175819374988,0.0,2.25,5.0,21.5,170.0
2013-09-29,TLI,NO2,1,46.0,21.869565217391305,10.444793909252748,5.0,14.0,21.5,26.75,51.0
2013-09-29,TLI,NOX,1,46.0,46.23913043478261,45.727786244061804,6.0,16.5,28.5,54.5,197.0
2013-09-29,TLI,O3,1,46.0,27.065217391304348,27.62318042185507,0.0,4.5,17.0,45.25,97.0
2013-09-29,TLI,PM10,2,43.0,37.23255813953488,26.05839340998663,2.0,20.5,32.0,50.5,114.0
2013-09-29,TLI,SO2,1,46.0,3.0652173913043477,4.582101283681215,0.0,0.0,1.0,4.0,20.0
2013-09-29,TPN,CO,15,0.0,,,,,,,
2013-09-29,TPN,NO,1,58.0,10.120689655172415,8.443990048376662,0.0,4.0,8.0,15.0,35.0
2013-09-29,TPN,NO2,1,58.0,10.051724137931034,5.589534122987238,2.0,5.25,10.0,13.75,26.0
2013-09-29,TPN,NOX,1,58.0,20.24137931034483,11.386835034337398,3.0,11.25,19.0,29.0,49.0
2013-09-29,TPN,O3,1,161.0,22.149068322981368,21.816052341144424,0.0,6.0,15.0,32.0,94.0
2013-09-29,TPN,SO2,1,92.0,1.0217391304347827,1.068821481712762,0.0,0.0,1.0,1.0,5.0
2013-09-29,UAX,CO,15,154.0,0.6701298701298696,0.31293046067711433,0.2,0.5,0.6,0.8,1.8
2013-09-29,UAX,NO,1,154.0,12.253246753246753,18.700446217566586,0.0,1.0,3.5,14.75,94.0
2013-09-29,UAX,NO2,1,154.0,20.142857142857142,9.578999750904288,3.0,13.0,18.0,27.0,41.0
2013-09-29,UAX,NOX,1,154.0,32.46103896103896,22.702432312429263,4.0,15.25,26.5,41.0,110.0
2013-09-29,UAX,O3,1,154.0,21.558441558441558,23.61703910564314,1.0,4.0,12.5,30.0,88.0
2013-09-29,UAX,PM2.5,2,149.0,13.221476510067115,7.935419774301606,1.0,8.0,12.0,16.0,49.0
2013-09-29,UAX,SO2,1,154.0,2.220779220779221,3.455121713559902,1.0,1.0,1.0,2.0,24.0
2013-09-29,UIZ,CO,15,154.0,0.8519480519480519,0.47351015465859625,0.2,0.5,0.7,1.1,2.5
2013-09-29,UIZ,NO,1,154.0,20.551948051948052,26.258653651798806,0.0,3.0,8.5,27.75,116.0
2013-09-29,UIZ,NO2,1,154.0,25.01948051948052,11.309935928588118,5.0,17.0,24.0,32.75,59.0
2013-09-29,UIZ,NOX,1,154.0,45.616883116883116,31.410875692826064,6.0,21.25,35.0,60.75,151.0
2013-09-29,UIZ,O3,1,147.0,20.027210884353742,25.069750800142593,0.0,3.0,9.0,24.0,113.0
2013-09-29,UIZ,PM10,2,155.0,32.2,16.43025400756929,2.0,21.0,30.0,42.0,77.0
2013-09-29,UIZ,PM2.5,2,155.0,16.98709677419355,10.624638784860206,1.0,9.5,16.0,22.0,53.0
2013-09-29,UIZ,PMCO,2,155.0,15.251612903225807,7.905770987963046,1.0,10.0,14.0,20.0,39.0
2013-09-29,UIZ,SO2,1,154.0,2.4740259740259742,4.299563820327885,1.0,1.0,1.0,2.0,35.0
2013-09-29,VIF,CO,15,157.0,0.505732484076433,0.3961743397339883,0.1,0.2,0.4,0.6,2.4
2013-09-29,VIF,NO,1,157.0,13.89171974522293,21.966635427928377,1.0,2.0,5.0,17.0,146.0
2013-09-29,VIF,NO2,1,157.0,15.375796178343949,7.556126748895222,2.0,10.0,15.0,20.0,43.0
2013-09-29,VIF,NOX,1,157.0,29.312101910828027,24.915203242296297,4.0,12.0,23.0,37.0,157.0
2013-09-29,VIF,O3,1,153.0,20.73856209150327,20.397617005370112,0.0,4.0,15.0,30.0,85.0
2013-09-29,VIF,PM10,2,155.0,37.49032258064516,23.67786180181089,6.0,19.5,32.0,50.5,115.0
2013-09-29,VIF,SO2,1,157.0,3.140127388535032,5.293269309573072,1.0,1.0,2.0,3.0,42.0
2013-09-29,XAL,CO,15,152.0,0.8703947368421053,0.5219472983202151,0.1,0.5,0.7,1.1,2.7
2013-09-29,XAL,NO,1,153.0,39.3921568627451,39.355872178400524,2.0,13.0,26.0,45.0,228.0
2013-09-29,XAL,NO2,1,153.0,24.69934640522876,8.589379126603374,5.0,19.0,24.0,31.0,49.0
2013-09-29,XAL,NOX,1,153.0,64.11111111111111,43.38225982860111,7.0,35.0,52.0,75.0,248.0
2013-09-29,XAL,O3,1,155.0,19.174193548387098,19.550516778999274,2.0,4.0,10.0,28.0,83.0
2013-09-29,XAL,PM10,2,157.0,48.11464968152866,22.995252618431145,13.0,32.0,41.0,59.0,128.0
2013-09-29,XAL,PM2.5,2,157.0,23.038216560509554,11.892620719092388,8.0,14.0,20.0,29.0,66.0
2013-09-29,XAL,PMCO,2,157.0,25.191082802547772,14.268098609225653,3.0,16.0,22.0,31.0,76.0
2013-09-29,XAL,SO2,1,155.0,3.2774193548387096,2.4509088795764318,0.0,1.0,3.0,4.0,13.0
2013-10-06,ACO,CO,15,155.0,0.3283870967741934,0.20505141537992078,0.1,0.2,0.3,0.4,1.2
2013-10-06,ACO,NO,1,155.0,10.258064516129032,17.057899381064253,0.0,2.0,3.0,8.5,92.0
2013-10-06,ACO,NO2,1,155.0,12.916129032258064,4.583928501048318,4.0,9.5,14.0,16.0,25.0
2013-10-06,ACO,NOX,1,155.0,23.15483870967742,18.938431323114106,6.0,11.5,17.0,24.5,108.0
2013-10-06,ACO,O3,1,155.0,32.14193548387097,26.214261685389822,2.0,8.0,24.0,59.0,85.0
2013-10-06,ACO,PM10,2,160.0,34.31875,13.889669422512062,10.0,25.0,31.5,42.25,77.0
2013-10-06,ACO,SO2,1,155.0,2.7225806451612904,2.729196361118971,1.0,1.0,2.0,3.0,20.0
2013-10-06,ATI,CO,15,161.0,0.6664596273291923,0.49294321419648357,0.2,0.4,0.5,0.8,2.7
2013-10-06,ATI,NO,1,161.0,17.490683229813666,33.736685894664866,0.0,2.0,3.0,15.0,169.0
2013-10-06,ATI,NO2,1,161.0,20.13664596273292,9.047442245194173,6.0,13.0,19.0,26.0,48.0
2013-10-06,ATI,NOX,1,161.0,37.63354037267081,36.43790770629431,6.0,15.0,25.0,42.0,188.0
2013-10-06,ATI,O3,1,161.0,29.888198757763973,26.98402161206236,0.0,9.0,19.0,51.0,115.0
2013-10-06,ATI,PM10,2,154.0,47.42857142857143,27.774266818266327,3.0,25.0,46.0,63.0,117.0
2013-10-06,ATI,SO2,1,161.0,7.217391304347826,8.079059082106895,2.0,3.0,5.0,8.0,76.0
2013-10-06,CAM,CO,15,161.0,0.9018633540372667,0.5467485767802054,0.3,0.6,0.7,1.0,3.1
2013-10-06,CAM,NO,1,161.0,33.1055900621118,45.58941797233104,3.0,7.0,14.0,27.0,210.0
2013-10-06,CAM,NO2,1,161.0,34.63354037267081,14.582819275175234,15.0,25.0,31.0,38.0,93.0
2013-10-06,CAM,NOX,1,161.0,67.74534161490683,51.229176196663715,18.0,33.0,47.0,77.0,251.0
2013-10-06,CAM,O3,1,161.0,28.875776397515526,32.93606643255519,1.0,4.0,12.0,51.0,141.0
2013-10-06,CAM,PM10,2,0.0,,,,,,,
2013-10-06,CAM,PM2.5,2,0.0,,,,,,,
2013-10-06,CAM,PMCO,2,0.0,,,,,,,
2013-10-06,CAM,SO2,1,161.0,6.24223602484472,4.370034893332557,2.0,3.0,5.0,7.0,28.0
2013-10-06,CHO,CO,15,0.0,,,,,,,
2013-10-06,CHO,NO,1,161.0,32.161490683229815,49.20047009698155,2.0,5.0,9.0,30.0,256.0
2013-10-06,CHO,NO2,1,161.0,18.677018633540374,6.107989117205483,6.0,13.0,19.0,22.0,37.0
2013-10-06,CHO,NOX,1,161.0,50.84472049689441,50.88658455406139,11.0,20.0,30.0,58.0,281.0
2013-10-06,CHO,O3,1,161.0,28.509316770186334,27.2493389856576,1.0,3.0,21.0,50.0,104.0
2013-10-06,CHO,PM10,2,159.0,66.38993710691824,39.21619917641332,14.0,37.0,54.0,85.5,283.0
2013-10-06,CHO,SO2,1,161.0,2.3167701863354035,1.6786242888465515,0.0,1.0,2.0,3.0,9.0
2013-10-06,COY,NO,1,157.0,23.05095541401274,31.221457976588745,1.0,4.0,8.0,29.0,152.0
2013-10-06,COY,NO2,1,157.0,32.02547770700637,12.877603816657606,10.0,24.0,30.0,37.0,82.0
2013-10-06,COY,NOX,1,157.0,55.07643312101911,36.35042083508975,11.0,30.0,42.0,71.0,177.0
2013-10-06,COY,O3,1,157.0,33.12738853503185,35.704220485038256,0.0,5.0,17.0,57.0,134.0
2013-10-06,COY,PM2.5,2,158.0,29.537974683544302,12.64439458192064,11.0,20.0,26.0,35.0,77.0
2013-10-06,CUA,CO,15,155.0,0.8032258064516127,0.34742454190329664,0.4,0.6,0.7,0.9,2.3
2013-10-06,CUA,NO,1,155.0,17.348387096774193,25.254700873556583,2.0,4.0,7.0,17.5,131.0
2013-10-06,CUA,NO2,1,155.0,25.006451612903227,9.077227660608354,8.0,18.5,24.0,30.0,66.0
2013-10-06,CUA,NOX,1,155.0,42.43225806451613,30.193105636633643,10.0,24.0,33.0,49.0,163.0
2013-10-06,CUA,O3,1,155.0,37.36774193548387,31.95126551867169,1.0,12.0,28.0,60.5,126.0
2013-10-06,CUA,PM10,2,156.0,31.762820512820515,15.165798609939861,4.0,21.0,30.5,41.0,99.0
2013-10-06,CUA,SO2,1,155.0,3.729032258064516,4.053713509023341,0.0,2.0,2.0,4.0,30.0
2013-10-06,CUT,NO,1,115.0,26.817391304347826,40.23823411089361,1.0,2.0,8.0,39.5,233.0
2013-10-06,CUT,NO2,1,115.0,17.234782608695653,10.230098724277632,3.0,11.0,15.0,21.0,59.0
2013-10-06,CUT,NOX,1,115.0,44.052173913043475,44.54937010566585,4.0,13.0,27.0,61.5,257.0
2013-10-06,CUT,O3,1,115.0,25.026086956521738,25.04958621697163,2.0,2.0,16.0,46.5,93.0
2013-10-06,CUT,PM10,2,0.0,,,,,,,
2013-10-06,CUT,SO2,1,115.0,4.539130434782609,8.33433708676461,0.0,1.0,2.0,4.0,49.0
2013-10-06,FAC,CO,15,158.0,0.9221518987341777,0.8158168441976582,0.1,0.4,0.6,1.2,4.1
2013-10-06,FAC,NO,1,158.0,32.90506329113924,51.12900979864168,1.0,6.0,9.0,32.25,244.0
2013-10-06,FAC,NO2,1,158.0,25.00632911392405,12.999998449506545,7.0,16.0,22.0,30.0,77.0
2013-10-06,FAC,NOX,1,158.0,57.9873417721519,54.28164196148928,10.0,24.0,38.0,74.5,264.0
2013-10-06,FAC,O3,1,158.0,32.278481012658226,29.3194297477851,2.0,9.0,20.0,54.75,130.0
2013-10-06,FAC,PM10,2,143.0,46.04895104895105,32.608287348794185,2.0,19.5,41.0,61.0,153.0
2013-10-06,FAC,SO2,1,158.0,4.620253164556962,4.498559705721966,0.0,2.0,3.0,5.0,24.0
2013-10-06,HGM,CO,15,144.0,0.8763888888888887,0.49670045722884565,0.2,0.5,0.7,1.1,2.6
2013-10-06,HGM,NO,1,152.0,21.526315789473685,30.391038102255234,0.0,2.0,7.0,27.25,154.0
2013-10-06,HGM,NO2,1,152.0,31.06578947368421,12.022975275360983,12.0,23.0,28.0,35.25,75.0
2013-10-06,HGM,NOX,1,152.0,52.61184210526316,36.76559890453766,13.0,26.75,38.0,66.75,181.0
2013-10-06,HGM,O3,1,152.0,31.973684210526315,34.744659386344935,0.0,3.0,15.0,58.25,138.0
2013-10-06,HGM,PM10,2,68.0,45.73529411764706,19.238966713696218,19.0,33.0,40.0,53.0,104.0
2013-10-06,HGM,PM2.5,2,68.0,25.676470588235293,12.104570712480902,2.0,18.0,23.0,30.25,63.0
2013-10-06,HGM,PMCO,2,68.0,20.044117647058822,9.264655712895644,5.0,14.75,19.0,24.0,48.0
2013-10-06,HGM,SO2,1,152.0,5.190789473684211,4.157070976986446,1.0,3.0,4.0,6.0,26.0
2013-10-06,IZT,CO,15,0.0,,,,,,,
2013-10-06,IZT,NO,1,46.0,27.47826086956522,41.00880075216094,1.0,4.0,8.0,25.5,187.0
2013-10-06,IZT,NO2,1,46.0,32.45652173913044,12.391227222405968,13.0,23.0,32.5,38.75,76.0
2013-10-06,IZT,NOX,1,46.0,59.84782608695652,46.400654876271524,14.0,27.75,42.0,73.75,215.0
2013-10-06,IZT,O3,1,46.0,31.695652173913043,31.78809669966794,1.0,8.0,16.5,59.5,95.0
2013-10-06,IZT,PM10,2,46.0,36.19565217391305,12.106232674338345,17.0,28.25,33.5,44.0,69.0
2013-10-06,IZT,SO2,1,46.0,4.326086956521739,2.4042032436370633,2.0,3.0,3.0,5.75,11.0
2013-10-06,LLA,CO,15,0.0,,,,,,,
2013-10-06,LLA,NO,1,0.0,,,,,,,
2013-10-06,LLA,NO2,1,0.0,,,,,,,
2013-10-06,LLA,NOX,1,0.0,,,,,,,
2013-10-06,LLA,O3,1,0.0,,,,,,,
2013-10-06,LLA,SO2,1,0.0,,,,,,,
2013-10-06,LPR,CO,15,0.0,,,,,,,
2013-10-06,LPR,NO,1,157.0,25.878980891719745,35.644676359884585,1.0,6.0,10.0,34.0,199.0
2013-10-06,LPR,NO2,1,157.0,27.171974522292995,14.700941162941572,5.0,16.0,25.0,33.0,80.0
2013-10-06,LPR,NOX,1,157.0,53.031847133757964,44.45170533808193,6.0,23.0,35.0,72.0,232.0
2013-10-06,LPR,O3,1,158.0,33.05696202531646,28.31808489487237,2.0,8.0,24.0,54.5,108.0
2013-10-06,LPR,SO2,1,158.0,3.3354430379746836,3.4926870999651998,0.0,1.0,2.0,4.0,19.0
2013-10-06,MER,CO,15,148.0,1.0756756756756753,0.4865009905704931,0.4,0.7,0.9,1.3,2.5
2013-10-06,MER,NO,1,148.0,27.945945945945947,35.80479650606322,1.0,5.0,11.5,31.25,156.0
2013-10-06,MER,NO2,1,148.0,36.17567567567568,11.276196237258958,15.0,29.0,34.0,41.25,81.0
2013-10-06,MER,NOX,1,148.0,64.12162162162163,40.551286986531245,17.0,37.0,49.0,73.25,189.0
2013-10-06,MER,O3,1,148.0,31.04054054054054,34.70730448680566,0.0,2.0,13.5,58.0,127.0
2013-10-06,MER,PM10,2,156.0,57.493589743589745,18.77798875996345,12.0,44.0,53.5,69.0,124.0
2013-10-06,MER,PM2.5,2,156.0,28.41025641025641,10.843087165962853,7.0,20.0,26.0,36.0,65.0
2013-10-06,MER,PMCO,2,156.0,29.108974358974358,10.573596890336717,5.0,22.0,28.0,36.0,59.0
2013-10-06,MER,SO2,1,148.0,5.844594594594595,4.523127022958886,2.0,3.0,4.0,7.0,36.0
2013-10-06,MON,CO,15,0.0,,,,,,,
2013-10-06,MON,NO,1,161.0,20.795031055900623,40.07214088559881,0.0,0.0,1.0,20.0,176.0
2013-10-06,MON,NO2,1,161.0,14.06832298136646,6.182762553667338,3.0,9.0,14.0,18.0,32.0
2013-10-06,MON,NOX,1,161.0,34.857142857142854,42.52408981137297,3.0,10.0,17.0,38.0,195.0
2013-10-06,MON,O3,1,161.0,31.987577639751553,28.281837718233533,2.0,4.0,25.0,60.0,98.0
2013-10-06,MON,SO2,1,0.0,,,,,,,
2013-10-06,NEZ,CO,15,160.0,0.6681250000000001,0.4658625428224846,0.1,0.4,0.6,0.8,3.3
2013-10-06,NEZ,NO,1,160.0,11.5625,20.386111778834128,0.0,2.0,4.0,13.0,166.0
2013-10-06,NEZ,NO2,1,160.0,24.65,10.311012614291357,10.0,17.0,24.0,29.0,74.0
2013-10-06,NEZ,NOX,1,160.0,36.225,26.971904786253827,10.0,19.0,29.5,42.5,204.0
2013-10-06,NEZ,O3,1,160.0,33.4,30.269273708128686,2.0,7.0,23.5,57.25,106.0
2013-10-06,NEZ,PM2.5,2,160.0,21.3875,9.279033985179344,1.0,15.0,20.0,26.0,54.0
2013-10-06,NEZ,SO2,1,160.0,4.31875,4.612495845475452,1.0,2.0,3.0,4.0,30.0
2013-10-06,PED,CO,15,152.0,0.55,0.3224492362121128,0.1,0.4,0.5,0.7,1.8
2013-10-06,PED,NO,1,152.0,12.302631578947368,19.05726451454339,1.0,2.0,4.0,13.0,104.0
2013-10-06,PED,NO2,1,152.0,27.848684210526315,12.035686378499703,8.0,20.0,25.0,34.25,68.0
2013-10-06,PED,NOX,1,152.0,40.18421052631579,25.63870755713748,9.0,23.0,31.0,51.25,151.0
2013-10-06,PED,O3,1,152.0,37.60526315789474,35.671822388449264,1.0,9.75,23.0,62.25,142.0
2013-10-06,PED,PM10,2,157.0,40.97452229299363,21.071292004180986,4.0,25.0,37.0,52.0,122.0
2013-10-06,PED,PM2.5,2,157.0,21.64968152866242,12.930715887353813,1.0,13.0,19.0,27.0,75.0
2013-10-06,PED,PMCO,2,157.0,19.35031847133758,10.19858351278042,3.0,10.0,19.0,26.0,66.0
2013-10-06,PED,SO2,1,152.0,4.171052631578948,2.0255857326031594,2.0,3.0,4.0,5.0,11.0
2013-10-06,SAG,CO,15,0.0,,,,,,,
2013-10-06,SAG,NO,1,84.0,23.511904761904763,31.521839454467596,1.0,4.0,8.0,29.0,132.0
2013-10-06,SAG,NO2,1,84.0,20.285714285714285,7.036174050347348,6.0,14.0,22.0,25.0,41.0
2013-10-06,SAG,NOX,1,84.0,43.76190476190476,35.831472686485924,7.0,19.0,32.0,53.25,170.0
2013-10-06,SAG,O3,1,84.0,26.083333333333332,22.731119973750616,2.0,6.0,19.5,46.0,79.0
2013-10-06,SAG,PM10,2,82.0,32.5609756097561,15.576254134534247,12.0,21.0,27.5,39.5,81.0
2013-10-06,SAG,PM2.5,2,82.0,21.304878048780488,11.288242571601423,4.0,13.0,17.0,26.0,51.0
2013-10-06,SAG,PMCO,2,82.0,11.28048780487805,5.8653079029276665,2.0,7.0,11.0,14.75,34.0
2013-10-06,SAG,SO2,1,84.0,5.023809523809524,6.917719852905414,0.0,1.0,3.0,6.0,38.0
2013-10-06,SFE,CO,15,156.0,0.6461538461538455,0.2669745947523402,0.3,0.4,0.6,0.8,1.7
2013-10-06,SFE,NO,1,156.0,15.128205128205128,21.873453626070226,1.0,2.0,4.5,18.0,97.0
2013-10-06,SFE,NO2,1,156.0,25.243589743589745,10.184980589635355,9.0,18.0,23.0,30.0,67.0
2013-10-06,SFE,NOX,1,156.0,40.3974358974359,26.388824488769664,10.0,21.0,32.0,50.25,130.0
2013-10-06,SFE,O3,1,156.0,37.19230769230769,33.982939815606976,1.0,9.75,23.5,62.0,138.0
2013-10-06,SFE,PM10,2,157.0,38.11464968152866,18.89205780516431,5.0,23.0,37.0,48.0,124.0
2013-10-06,SFE,PM2.5,2,157.0,20.401273885350317,11.208890629140976,2.0,13.0,18.0,24.0,77.0
2013-10-06,SFE,PMCO,2,157.0,17.73248407643312,9.70354294641322,3.0,9.0,18.0,24.0,49.0
2013-10-06,SFE,SO2,1,156.0,2.7756410256410255,2.8950986789103785,1.0,1.0,2.0,3.0,21.0
2013-10-06,SJA,CO,15,160.0,0.6875000000000002,0.456504355307914,0.1,0.4,0.5,0.9,2.2
2013-10-06,SJA,NO,1,160.0,28.54375,39.91025259978465,0.0,2.0,8.0,39.75,181.0
2013-10-06,SJA,NO2,1,160.0,27.45625,9.149249462293092,10.0,21.0,26.5,33.0,53.0
2013-10-06,SJA,NOX,1,160.0,56.01875,42.255656742376644,11.0,24.75,40.5,73.0,205.0
2013-10-06,SJA,O3,1,160.0,29.15,31.730429019888188,1.0,2.0,15.0,56.5,113.0
2013-10-06,SJA,PM2.5,2,159.0,23.0125786163522,9.606160616482862,1.0,17.0,22.0,28.5,45.0
2013-10-06,SJA,SO2,1,160.0,3.75625,3.6493246984499725,1.0,2.0,3.0,4.0,27.0
2013-10-06,SUR,CO,15,102.0,0.9039215686274505,0.614498357533506,0.1,0.5,0.7,1.275,3.3
2013-10-06,SUR,NO,1,129.0,22.015503875968992,35.56617610528212,1.0,4.0,6.0,25.0,238.0
2013-10-06,SUR,NO2,1,129.0,29.503875968992247,10.537970059954437,9.0,24.0,28.0,34.0,71.0
2013-10-06,SUR,NOX,1,129.0,51.542635658914726,38.91457144983139,10.0,28.0,38.0,67.0,265.0
2013-10-06,SUR,O3,1,102.0,34.15686274509804,35.16038080253106,1.0,7.0,18.5,54.0,125.0
2013-10-06,SUR,PM10,2,148.0,40.560810810810814,19.69710305415161,7.0,24.0,39.5,52.0,90.0
2013-10-06,SUR,SO2,1,152.0,4.177631578947368,2.087813818055556,2.0,3.0,4.0,5.0,14.0
2013-10-06,TAH,CO,15,161.0,0.5397515527950312,0.36129619135578883,0.1,0.3,0.5,0.7,1.9
2013-10-06,TAH,NO,1,161.0,9.863354037267081,14.339411116922633,2.0,3.0,4.0,8.0,82.0
2013-10-06,TAH,NO2,1,161.0,17.51552795031056,7.171214672269714,5.0,11.0,17.0,23.0,38.0
2013-10-06,TAH,NOX,1,161.0,27.36024844720497,18.048044490688966,7.0,15.0,22.0,33.0,101.0
2013-10-06,TAH,O3,1,161.0,37.47826086956522,31.03870304887951,1.0,10.0,28.0,63.0,122.0
2013-10-06,TAH,PM10,2,156.0,43.60897435897436,24.822875432707743,3.0,23.75,40.5,56.0,132.0
2013-10-06,TAH,SO2,1,161.0,2.6459627329192545,1.305804052529508,1.0,2.0,2.0,3.0,10.0
2013-10-06,TLA,CO,15,153.0,1.00718954248366,0.5935070361800132,0.4,0.7,0.8,1.1,3.5
2013-10-06,TLA,NO,1,153.0,38.22875816993464,53.028728154010274,3.0,11.0,17.0,34.0,280.0
2013-10-06,TLA,NO2,1,153.0,34.18300653594771,10.249799682571934,17.0,27.0,32.0,40.0,63.0
2013-10-06,TLA,NOX,1,153.0,72.38562091503267,55.6878192510202,22.0,40.0,52.0,78.0,320.0
2013-10-06,TLA,O3,1,132.0,29.939393939393938,28.3623655533624,0.0,5.0,17.5,53.5,108.0
2013-10-06,TLA,PM10,2,158.0,56.550632911392405,24.86871194878771,21.0,38.0,54.0,68.5,161.0
2013-10-06,TLA,PM2.5,2,158.0,25.39240506329114,11.638851828502418,6.0,17.0,23.0,30.0,72.0
2013-10-06,TLA,PMCO,2,158.0,31.139240506329113,15.635770012317717,7.0,21.0,30.0,40.0,89.0
2013-10-06,TLA,SO2,1,153.0,7.209150326797386,6.112598718147241,1.0,3.0,5.0,10.0,37.0
2013-10-06,TLI,CO,15,161.0,0.5093167701863356,0.365171405342071,0.1,0.3,0.4,0.6,1.9
2013-10-06,TLI,NO,1,161.0,21.093167701863354,29.83638744097465,1.0,2.0,8.0,24.0,130.0
2013-10-06,TLI,NO2,1,161.0,23.248447204968944,10.271946660626593,5.0,16.0,23.0,29.0,66.0
2013-10-06,TLI,NOX,1,161.0,44.35403726708075,35.264254199168924,6.0,18.0,35.0,55.0,164.0
2013-10-06,TLI,O3,1,161.0,26.53416149068323,27.36787145904404,0.0,2.0,15.0,54.0,98.0
2013-10-06,TLI,PM10,2,151.0,51.145695364238414,31.05873947882053,1.0,29.0,46.0,65.0,161.0
2013-10-06,TLI,SO2,1,161.0,4.838509316770186,6.036245336628986,0.0,1.0,2.0,6.0,35.0
2013-10-06,TPN,CO,15,0.0,,,,,,,
2013-10-06,TPN,NO,1,0.0,,,,,,,
2013-10-06,TPN,NO2,1,0.0,,,,,,,
2013-10-06,TPN,NOX,1,0.0,,,,,,,
2013-10-06,TPN,O3,1,161.0,36.03105590062112,32.78422302729021,1.0,9.0,22.0,56.0,122.0
2013-10-06,TPN,SO2,1,161.0,2.0745341614906834,1.4472076346841862,0.0,1.0,2.0,3.0,7.0
2013-10-06,UAX,CO,15,153.0,0.8150326797385622,0.36684487647872743,0.3,0.5,0.7,1.0,2.2
2013-10-06,UAX,NO,1,153.0,14.856209150326798,24.895946166693815,0.0,0.0,4.0,18.0,143.0
2013-10-06,UAX,NO2,1,153.0,27.03267973856209,9.253319675046349,10.0,21.0,26.0,33.0,60.0
2013-10-06,UAX,NOX,1,153.0,41.83660130718954,27.741157319504975,10.0,21.0,34.0,52.0,166.0
2013-10-06,UAX,O3,1,153.0,35.42483660130719,35.84665674979466,1.0,4.0,22.0,59.0,138.0
2013-10-06,UAX,PM2.5,2,160.0,21.49375,8.036079706176709,4.0,16.0,21.0,27.0,45.0
2013-10-06,UAX,SO2,1,153.0,2.588235294117647,2.0213642206919316,1.0,1.0,2.0,3.0,11.0
2013-10-06,UIZ,CO,15,133.0,0.893984962406015,0.4473422184169724,0.3,0.6,0.8,1.1,2.5
2013-10-06,UIZ,NO,1,133.0,16.706766917293233,24.125235735977235,0.0,2.0,6.0,19.0,106.0
2013-10-06,UIZ,NO2,1,133.0,29.669172932330827,10.493664614330386,13.0,21.0,28.0,35.0,69.0
2013-10-06,UIZ,NOX,1,133.0,46.3609022556391,29.114023057174823,14.0,24.0,38.0,61.0,142.0
2013-10-06,UIZ,O3,1,133.0,38.744360902255636,37.25397154653413,3.0,6.0,24.0,65.0,134.0
2013-10-06,UIZ,PM10,2,133.0,51.330827067669176,17.42200011328035,18.0,39.0,48.0,62.0,102.0
2013-10-06,UIZ,PM2.5,2,133.0,28.789473684210527,11.897957955412851,10.0,20.0,24.0,34.0,65.0
2013-10-06,UIZ,PMCO,2,133.0,22.473684210526315,8.425771205929644,7.0,17.0,22.0,28.0,47.0
2013-10-06,UIZ,SO2,1,133.0,3.406015037593985,3.4024002089099303,1.0,2.0,2.0,3.0,28.0
2013-10-06,VIF,CO,15,160.0,0.3937500000000002,0.2683955355850999,0.1,0.2,0.3,0.6,1.4
2013-10-06,VIF,NO,1,160.0,11.7375,15.39561625918235,1.0,2.0,4.0,15.0,76.0
2013-10-06,VIF,NO2,1,160.0,15.5875,7.509647882607726,3.0,8.75,16.0,22.0,34.0
2013-10-06,VIF,NOX,1,160.0,27.2875,20.105191137908243,5.0,11.0,21.5,38.0,98.0
2013-10-06,VIF,O3,1,160.0,28.75625,25.870686375162386,1.0,6.75,20.5,56.0,89.0
2013-10-06,VIF,PM10,2,155.0,64.52903225806452,33.69656610456342,7.0,39.5,58.0,87.5,210.0
2013-10-06,VIF,SO2,1,160.0,6.99375,7.99095154557788,1.0,2.0,4.0,9.0,55.0
2013-10-06,XAL,CO,15,153.0,0.947058823529412,0.6962360103035062,0.2,0.5,0.7,1.3,3.3
2013-10-06,XAL,NO,1,153.0,43.05882352941177,52.642942658676546,3.0,12.0,19.0,50.0,240.0
2013-10-06,XAL,NO2,1,153.0,30.431372549019606,9.802500154956677,11.0,24.0,29.0,35.0,59.0
2013-10-06,XAL,NOX,1,153.0,73.37908496732027,56.22019754781285,14.0,34.0,53.0,92.0,274.0
2013-10-06,XAL,O3,1,153.0,29.673202614379086,26.953866548468046,1.0,5.0,18.0,54.0,98.0
2013-10-06,XAL,PM10,2,158.0,71.67721518987342,37.63032876750946,18.0,44.0,59.0,95.25,190.0
2013-10-06,XAL,PM2.5,2,158.0,32.037974683544306,17.305014212391594,11.0,20.0,26.0,43.5,84.0
2013-10-06,XAL,PMCO,2,158.0,39.56962025316456,23.199870164530065,6.0,24.0,34.0,50.0,117.0
2013-10-06,XAL,SO2,1,153.0,5.091503267973856,5.738099214351319,0.0,2.0,3.0,6.0,37.0
2013-10-13,ACO,CO,15,154.0,0.23896103896103926,0.19977493490402373,0.0,0.1,0.2,0.3,1.1
2013-10-13,ACO,NO,1,154.0,7.577922077922078,12.817360810154293,0.0,1.0,2.0,6.75,67.0
2013-10-13,ACO,NO2,1,154.0,10.285714285714286,5.208984553125162,1.0,6.0,10.0,14.0,31.0
2013-10-13,ACO,NOX,1,154.0,17.87012987012987,15.567983442943254,2.0,8.0,13.0,20.0,82.0
2013-10-13,ACO,O3,1,154.0,24.7012987012987,17.8399309291615,2.0,10.0,20.0,38.0,69.0
2013-10-13,ACO,PM10,2,159.0,21.10062893081761,10.959762406503431,1.0,13.0,20.0,27.5,57.0
2013-10-13,ACO,SO2,1,154.0,2.1948051948051948,2.07404729551308,1.0,1.0,2.0,2.0,17.0
2013-10-13,ATI,CO,15,156.0,0.6769230769230773,0.4109542245674405,0.2,0.4,0.6,0.8,2.3
2013-10-13,ATI,NO,1,156.0,13.833333333333334,23.229245563779397,0.0,2.0,5.0,13.0,138.0
2013-10-13,ATI,NO2,1,156.0,19.41025641025641,8.163547453809763,5.0,14.0,19.0,23.0,42.0
2013-10-13,ATI,NOX,1,156.0,33.31410256410256,25.44666895931364,5.0,19.0,26.0,39.25,152.0
2013-10-13,ATI,O3,1,156.0,22.596153846153847,24.219101724413086,1.0,6.0,14.0,30.5,111.0
2013-10-13,ATI,PM10,2,138.0,36.91304347826087,25.34736147482262,3.0,17.25,31.0,50.0,114.0
2013-10-13,ATI,SO2,1,156.0,5.756410256410256,7.187239404417406,2.0,2.0,3.0,5.25,57.0
2013-10-13,CAM,CO,15,161.0,0.8248447204968951,0.44173394932648946,0.2,0.5,0.7,1.0,2.4
2013-10-13,CAM,NO,1,161.0,30.248447204968944,37.09970199609099,2.0,8.0,16.0,37.0,219.0
2013-10-13,CAM,NO2,1,161.0,29.571428571428573,10.849950625299112,8.0,23.0,28.0,37.0,71.0
2013-10-13,CAM,NOX,1,161.0,59.78260869565217,41.554737343077676,12.0,35.0,48.0,72.0,258.0
2013-10-13,CAM,O3,1,161.0,20.683229813664596,25.06177925653136,1.0,3.0,9.0,31.0,102.0
2013-10-13,CAM,PM10,2,106.0,45.216981132075475,23.952733104608185,10.0,29.0,40.0,56.0,142.0
2013-10-13,CAM,PM2.5,2,106.0,26.556603773584907,15.53556913523915,1.0,16.25,22.0,35.0,98.0
2013-10-13,CAM,PMCO,2,106.0,18.68867924528302,10.791851606473125,3.0,12.25,15.0,22.75,63.0
2013-10-13,CAM,SO2,1,161.0,7.434782608695652,14.050259165178971,2.0,3.0,4.0,6.0,106.0
2013-10-13,CHO,CO,15,0.0,,,,,,,
2013-10-13,CHO,NO,1,156.0,22.557692307692307,35.67401519035235,2.0,6.0,9.0,21.25,221.0
2013-10-13,CHO,NO2,1,156.0,14.788461538461538,5.848638788844985,4.0,10.0,15.0,19.0,31.0
2013-10-13,CHO,NOX,1,156.0,37.333333333333336,37.33515740551559,6.0,18.0,25.5,38.0,238.0
2013-10-13,CHO,O3,1,156.0,19.057692307692307,17.505110916203456,0.0,3.0,13.5,30.0,73.0
2013-10-13,CHO,PM10,2,152.0,38.223684210526315,27.343340017092725,2.0,20.0,31.5,45.0,145.0
2013-10-13,CHO,SO2,1,156.0,0.8653846153846154,1.022877273006276,0.0,0.0,1.0,1.0,5.0
2013-10-13,COY,NO,1,160.0,18.0875,25.651850865584514,1.0,4.0,10.0,22.25,161.0
2013-10-13,COY,NO2,1,160.0,25.7375,10.785785836026458,8.0,18.0,23.0,31.0,71.0
2013-10-13,COY,NOX,1,160.0,43.8875,30.20058467092001,10.0,25.0,37.0,52.25,189.0
2013-10-13,COY,O3,1,160.0,23.8,26.47148697450729,1.0,4.0,12.0,38.75,96.0
2013-10-13,COY,PM2.5,2,160.0,19.8625,10.906975149794699,6.0,11.0,17.0,26.0,62.0
2013-10-13,CUA,CO,15,150.0,0.6653333333333329,0.23601463572711956,0.3,0.5,0.6,0.8,1.8
2013-10-13,CUA,NO,1,150.0,13.113333333333333,16.996461008130336,1.0,4.0,7.0,15.75,130.0
2013-10-13,CUA,NO2,1,150.0,21.9,7.920536555616612,6.0,16.0,22.0,27.0,46.0
2013-10-13,CUA,NOX,1,150.0,35.04666666666667,20.566584178892516,8.0,21.0,30.5,43.75,161.0
2013-10-13,CUA,O3,1,150.0,27.3,24.804402618522072,0.0,9.0,19.0,38.5,95.0
2013-10-13,CUA,PM10,2,143.0,25.58041958041958,14.614488560296952,1.0,15.5,23.0,33.5,68.0
2013-10-13,CUA,SO2,1,150.0,2.88,3.9746174523615942,1.0,1.0,2.0,3.0,37.0
2013-10-13,CUT,NO,1,161.0,11.975155279503106,22.479143197239253,1.0,1.0,3.0,10.0,144.0
2013-10-13,CUT,NO2,1,161.0,13.614906832298137,6.54700514720399,2.0,8.0,14.0,18.0,32.0
2013-10-13,CUT,NOX,1,161.0,25.60248447204969,25.772873215627698,4.0,11.0,17.0,31.0,162.0
2013-10-13,CUT,O3,1,161.0,23.732919254658384,22.517425964121426,2.0,5.0,17.0,37.0,90.0
2013-10-13,CUT,PM10,2,138.0,44.630434782608695,24.2746078281616,1.0,28.0,41.5,61.0,117.0
2013-10-13,CUT,SO2,1,161.0,2.62111801242236,3.7264998647841145,0.0,1.0,1.0,3.0,20.0
2013-10-13,FAC,CO,15,157.0,0.7579617834394905,0.5470348262169736,0.0,0.4,0.6,1.1,2.6
2013-10-13,FAC,NO,1,153.0,23.437908496732025,30.433237989806514,1.0,5.0,11.0,26.0,150.0
2013-10-13,FAC,NO2,1,153.0,21.84967320261438,11.050584196173128,4.0,14.0,20.0,28.0,62.0
2013-10-13,FAC,NOX,1,153.0,45.26143790849673,33.91141153254083,5.0,21.0,37.0,53.0,166.0
2013-10-13,FAC,O3,1,157.0,26.10828025477707,25.576326097367907,2.0,7.0,18.0,32.0,120.0
2013-10-13,FAC,PM10,2,92.0,28.097826086956523,16.366717623629352,2.0,17.0,25.0,40.0,69.0
2013-10-13,FAC,SO2,1,157.0,5.732484076433121,9.97392894166579,1.0,1.0,2.0,4.0,46.0
2013-10-13,HGM,CO,15,156.0,0.860897435897436,0.41263491915919076,0.3,0.6,0.8,1.0,2.3
2013-10-13,HGM,NO,1,23.0,15.434782608695652,11.276790673996672,0.0,5.5,12.0,28.0,33.0
2013-10-13,HGM,NO2,1,23.0,20.869565217391305,6.355415356042915,8.0,16.0,21.0,25.0,34.0
2013-10-13,HGM,NOX,1,23.0,36.04347826086956,16.291320223496495,8.0,24.0,34.0,49.5,67.0
2013-10-13,HGM,O3,1,156.0,22.03205128205128,26.11745674319835,0.0,3.0,10.5,35.25,99.0
2013-10-13,HGM,PM10,2,110.0,37.86363636363637,18.44977177090995,8.0,25.0,34.0,47.0,117.0
2013-10-13,HGM,PM2.5,2,110.0,23.21818181818182,13.716247526388946,1.0,13.5,21.0,30.0,76.0
2013-10-13,HGM,PMCO,2,110.0,14.60909090909091,6.613990529597445,3.0,11.0,14.0,17.0,41.0
2013-10-13,HGM,SO2,1,156.0,3.7115384615384617,3.2329146250256464,1.0,2.0,3.0,4.0,20.0
2013-10-13,IZT,CO,15,115.0,0.7286956521739132,0.4688105923207779,0.2,0.4,0.6,0.9,2.7
2013-10-13,IZT,NO,1,115.0,23.53913043478261,27.19626101640281,1.0,6.0,13.0,29.0,137.0
2013-10-13,IZT,NO2,1,115.0,27.582608695652173,8.97753786499771,9.0,22.0,25.0,32.0,59.0
2013-10-13,IZT,NOX,1,115.0,51.19130434782609,30.586631540356112,13.0,31.0,39.0,62.0,162.0
2013-10-13,IZT,O3,1,115.0,23.469565217391306,29.822375250787452,0.0,1.5,7.0,45.5,112.0
2013-10-13,IZT,PM10,2,138.0,27.579710144927535,11.40547415898538,6.0,19.25,27.0,34.75,57.0
2013-10-13,IZT,SO2,1,115.0,3.7130434782608694,3.0543762604169005,1.0,2.0,3.0,4.0,17.0
2013-10-13,LLA,CO,15,0.0,,,,,,,
2013-10-13,LLA,NO,1,0.0,,,,,,,
2013-10-13,LLA,NO2,1,0.0,,,,,,,
2013-10-13,LLA,NOX,1,0.0,,,,,,,
2013-10-13,LLA,O3,1,0.0,,,,,,,
2013-10-13,LLA,SO2,1,0.0,,,,,,,
2013-10-13,LPR,CO,15,0.0,,,,,,,
2013-10-13,LPR,NO,1,157.0,19.713375796178344,25.275926256941244,1.0,6.0,10.0,23.0,149.0
2013-10-13,LPR,NO2,1,157.0,20.070063694267517,10.08115444757777,2.0,12.0,20.0,27.0,68.0
2013-10-13,LPR,NOX,1,157.0,39.81528662420382,31.905071869140375,4.0,21.0,29.0,47.0,176.0
2013-10-13,LPR,O3,1,157.0,26.10828025477707,23.023839266890736,2.0,8.0,20.0,39.0,108.0
2013-10-13,LPR,SO2,1,157.0,4.318471337579618,5.93235178055142,0.0,2.0,2.0,4.0,37.0
2013-10-13,MER,CO,15,155.0,1.0270967741935482,0.47115631142405523,0.3,0.7,0.9,1.2,2.7
2013-10-13,MER,NO,1,155.0,25.361290322580643,26.707867382897472,1.0,6.0,15.0,34.5,133.0
2013-10-13,MER,NO2,1,155.0,29.303225806451614,9.696949710215403,9.0,24.0,27.0,34.5,60.0
2013-10-13,MER,NOX,1,155.0,54.67741935483871,31.925834403942126,9.0,32.0,45.0,70.5,171.0
2013-10-13,MER,O3,1,155.0,20.374193548387098,25.607209918935443,0.0,1.5,8.0,29.0,101.0
2013-10-13,MER,PM10,2,159.0,40.22641509433962,17.860898714507545,4.0,27.5,38.0,49.5,102.0
2013-10-13,MER,PM2.5,2,159.0,20.92452830188679,12.26683661872624,3.0,12.0,19.0,26.5,58.0
2013-10-13,MER,PMCO,2,159.0,19.333333333333332,8.105839953404644,2.0,15.0,19.0,24.0,48.0
2013-10-13,MER,SO2,1,155.0,4.167741935483871,3.725690653028127,1.0,2.0,3.0,4.0,25.0
2013-10-13,MON,CO,15,0.0,,,,,,,
2013-10-13,MON,NO,1,115.0,10.147826086956522,23.17297407949155,0.0,0.0,2.0,5.5,141.0
2013-10-13,MON,NO2,1,115.0,11.173913043478262,5.993067441702395,3.0,6.0,11.0,14.5,35.0
2013-10-13,MON,NOX,1,115.0,21.42608695652174,25.363691713959795,4.0,7.0,13.0,21.5,154.0
2013-10-13,MON,O3,1,115.0,26.417391304347827,21.848353990229555,1.0,5.5,23.0,38.5,82.0
2013-10-13,MON,SO2,1,0.0,,,,,,,
2013-10-13,NEZ,CO,15,159.0,0.6100628930817611,0.4621352435826521,0.0,0.3,0.5,0.7,2.8
2013-10-13,NEZ,NO,1,159.0,13.50314465408805,19.02292894092813,0.0,2.0,7.0,18.5,100.0
2013-10-13,NEZ,NO2,1,159.0,20.21383647798742,8.120426486799921,6.0,14.0,20.0,25.5,47.0
2013-10-13,NEZ,NOX,1,159.0,33.65408805031446,23.80511258282148,6.0,18.0,27.0,43.5,127.0
2013-10-13,NEZ,O3,1,159.0,25.459119496855347,26.390385221349074,1.0,4.0,16.0,39.0,117.0
2013-10-13,NEZ,PM2.5,2,156.0,14.115384615384615,8.79953190724373,2.0,7.75,13.0,19.0,49.0
2013-10-13,NEZ,SO2,1,159.0,2.7672955974842766,3.186591704399878,0.0,1.0,2.0,3.0,26.0
2013-10-13,PED,CO,15,154.0,0.4727272727272727,0.26377667501888147,0.1,0.3,0.4,0.6,1.3
2013-10-13,PED,NO,1,154.0,9.88961038961039,12.136781285741732,1.0,2.0,6.0,12.0,59.0
2013-10-13,PED,NO2,1,154.0,23.207792207792206,10.725740417896368,7.0,16.0,21.0,28.75,57.0
2013-10-13,PED,NOX,1,154.0,33.15584415584416,18.175301013457855,8.0,19.0,29.0,41.75,91.0
2013-10-13,PED,O3,1,154.0,25.72077922077922,24.66706325946327,1.0,6.0,16.5,39.75,88.0
2013-10-13,PED,PM10,2,146.0,30.315068493150687,18.97175883895724,4.0,17.0,25.0,41.75,104.0
2013-10-13,PED,PM2.5,2,146.0,17.232876712328768,11.220695839195084,1.0,10.0,14.5,21.75,60.0
2013-10-13,PED,PMCO,2,146.0,13.068493150684931,9.30825183353483,2.0,6.25,11.0,18.75,61.0
2013-10-13,PED,SO2,1,154.0,3.2857142857142856,1.35141797095232,2.0,2.25,3.0,3.0,9.0
2013-10-13,SAG,CO,15,0.0,,,,,,,
2013-10-13,SAG,NO,1,115.0,17.791304347826088,23.78356193801071,2.0,5.0,10.0,19.5,146.0
2013-10-13,SAG,NO2,1,115.0,18.77391304347826,6.225387847517723,6.0,14.0,20.0,23.0,31.0
2013-10-13,SAG,NOX,1,115.0,36.51304347826087,26.471886847891422,8.0,19.5,32.0,42.0,167.0
2013-10-13,SAG,O3,1,115.0,23.0,23.52564856387337,2.0,4.0,12.0,39.5,95.0
2013-10-13,SAG,PM10,2,136.0,23.529411764705884,11.083481988290028,4.0,16.75,21.0,28.0,64.0
2013-10-13,SAG,PM2.5,2,136.0,15.926470588235293,9.551135168477934,1.0,10.0,14.5,19.0,56.0
2013-10-13,SAG,PMCO,2,136.0,7.588235294117647,3.562085506980621,2.0,4.0,7.0,10.0,17.0
2013-10-13,SAG,SO2,1,115.0,4.373913043478261,8.431832821469747,0.0,0.0,1.0,3.0,48.0
2013-10-13,SFE,CO,15,148.0,0.5736486486486487,0.2524334589998941,0.2,0.4,0.55,0.7,1.4
2013-10-13,SFE,NO,1,147.0,12.326530612244898,17.725132402970175,1.0,2.0,5.0,13.0,84.0
2013-10-13,SFE,NO2,1,147.0,21.92517006802721,9.609561758837193,6.0,16.0,21.0,26.0,60.0
2013-10-13,SFE,NOX,1,147.0,34.244897959183675,21.36043963323632,7.0,19.5,28.0,43.0,102.0
2013-10-13,SFE,O3,1,148.0,25.70945945945946,24.644755862912554,1.0,7.75,18.0,33.75,93.0
2013-10-13,SFE,PM10,2,151.0,28.39072847682119,17.36739224713324,3.0,16.0,25.0,40.0,89.0
2013-10-13,SFE,PM2.5,2,151.0,17.271523178807946,11.331333416583977,1.0,9.5,14.0,23.5,61.0
2013-10-13,SFE,PMCO,2,151.0,11.132450331125828,7.203402433747303,1.0,5.0,10.0,16.0,32.0
2013-10-13,SFE,SO2,1,148.0,1.8918918918918919,2.6293351249160852,0.0,1.0,1.0,2.0,24.0
2013-10-13,SJA,CO,15,155.0,0.5058064516129029,0.36966792920158,0.1,0.3,0.4,0.7,1.9
2013-10-13,SJA,NO,1,155.0,19.29032258064516,25.164902311291097,0.0,2.0,8.0,27.0,143.0
2013-10-13,SJA,NO2,1,155.0,20.4,8.267130974253071,5.0,14.0,21.0,26.0,40.0
2013-10-13,SJA,NOX,1,155.0,39.670967741935485,29.73303503569754,5.0,17.0,32.0,55.0,164.0
2013-10-13,SJA,O3,1,155.0,19.303225806451614,21.108678031271896,1.0,2.0,12.0,27.5,87.0
2013-10-13,SJA,PM2.5,2,149.0,14.046979865771812,7.976600551469281,1.0,8.0,14.0,19.0,45.0
2013-10-13,SJA,SO2,1,155.0,2.3741935483870966,3.9512424268250785,0.0,1.0,1.0,2.0,23.0
2013-10-13,SUR,CO,15,148.0,0.8148648648648645,0.4576433071511629,0.2,0.5,0.7,1.0,2.9
2013-10-13,SUR,NO,1,157.0,16.923566878980893,24.733331968676243,1.0,4.0,9.0,18.0,146.0
2013-10-13,SUR,NO2,1,157.0,23.73248407643312,9.599934672323856,7.0,17.0,23.0,29.0,53.0
2013-10-13,SUR,NOX,1,157.0,40.64331210191083,28.509785260964847,9.0,24.0,34.0,48.0,174.0
2013-10-13,SUR,O3,1,148.0,26.10135135135135,26.818295071506302,1.0,5.0,14.0,46.25,94.0
2013-10-13,SUR,PM10,2,148.0,23.554054054054053,17.699027139482357,1.0,10.0,20.0,35.0,102.0
2013-10-13,SUR,SO2,1,157.0,3.6178343949044587,1.8064522244072279,2.0,2.0,3.0,4.0,10.0
2013-10-13,TAH,CO,15,151.0,0.494039735099338,0.34433158206966163,0.0,0.2,0.4,0.7,1.8
2013-10-13,TAH,NO,1,151.0,9.688741721854305,12.734826490357625,2.0,3.0,5.0,9.0,75.0
2013-10-13,TAH,NO2,1,151.0,15.410596026490067,7.240876119346152,3.0,10.0,15.0,19.0,34.0
2013-10-13,TAH,NOX,1,151.0,25.066225165562916,16.470850564627664,5.0,13.5,21.0,32.0,93.0
2013-10-13,TAH,O3,1,151.0,25.05960264900662,22.869843837997514,1.0,8.5,16.0,36.0,100.0
2013-10-13,TAH,PM10,2,119.0,28.89075630252101,20.67988046877496,2.0,11.5,26.0,42.0,94.0
2013-10-13,TAH,SO2,1,151.0,1.8476821192052981,0.838636547187246,1.0,1.0,2.0,2.0,6.0
2013-10-13,TLA,CO,15,156.0,0.9442307692307695,0.452839127543373,0.3,0.6,0.9,1.2,2.8
2013-10-13,TLA,NO,1,156.0,31.55128205128205,38.57900061780139,1.0,10.0,18.0,32.0,231.0
2013-10-13,TLA,NO2,1,156.0,30.17948717948718,10.202774562224556,9.0,23.75,29.0,35.0,68.0
2013-10-13,TLA,NOX,1,156.0,61.69230769230769,42.56177527594682,16.0,35.0,51.0,72.25,266.0
2013-10-13,TLA,O3,1,130.0,25.723076923076924,28.003603141538154,0.0,5.0,13.0,43.25,125.0
2013-10-13,TLA,PM10,2,160.0,46.88125,23.47228309942114,11.0,30.75,42.0,58.25,124.0
2013-10-13,TLA,PM2.5,2,160.0,23.875,14.588592941924084,3.0,13.0,21.0,31.25,74.0
2013-10-13,TLA,PMCO,2,160.0,22.95625,12.080623747381017,4.0,16.0,20.0,28.0,73.0
2013-10-13,TLA,SO2,1,156.0,8.756410256410257,15.219839257712392,1.0,3.0,4.0,8.0,117.0
2013-10-13,TLI,CO,15,161.0,0.5285714285714286,0.2916394545128822,0.2,0.3,0.4,0.6,1.7
2013-10-13,TLI,NO,1,161.0,13.950310559006212,22.613270783501235,0.0,2.0,5.0,14.0,152.0
2013-10-13,TLI,NO2,1,161.0,19.22360248447205,8.883956857222675,4.0,12.0,19.0,25.0,54.0
2013-10-13,TLI,NOX,1,161.0,33.161490683229815,28.142694571841822,6.0,15.0,23.0,41.0,190.0
2013-10-13,TLI,O3,1,161.0,22.919254658385093,25.443804539435412,0.0,5.0,12.0,30.0,104.0
2013-10-13,TLI,PM10,2,150.0,35.38666666666666,25.991425190727618,1.0,17.25,32.0,51.75,155.0
2013-10-13,TLI,SO2,1,161.0,5.732919254658385,12.848520228014182,0.0,1.0,1.0,4.0,89.0
2013-10-13,TPN,CO,15,0.0,,,,,,,
2013-10-13,TPN,NO,1,0.0,,,,,,,
2013-10-13,TPN,NO2,1,0.0,,,,,,,
2013-10-13,TPN,NOX,1,0.0,,,,,,,
2013-10-13,TPN,O3,1,161.0,23.51552795031056,19.809437646631366,1.0,9.0,17.0,35.0,84.0
2013-10-13,TPN,SO2,1,161.0,1.5093167701863355,0.837541136470026,0.0,1.0,1.0,2.0,5.0
2013-10-13,UAX,CO,15,156.0,0.6217948717948715,0.3197367610404357,0.2,0.4,0.6,0.8,1.8
2013-10-13,UAX,NO,1,156.0,11.256410256410257,18.8897896280476,0.0,1.0,3.0,13.0,98.0
2013-10-13,UAX,NO2,1,156.0,20.724358974358974,9.121101884445489,5.0,14.0,20.0,26.0,46.0
2013-10-13,UAX,NOX,1,156.0,31.903846153846153,22.27360041471165,5.0,16.0,27.0,38.0,117.0
2013-10-13,UAX,O3,1,156.0,23.352564102564102,23.232292455498243,1.0,5.0,13.5,40.0,88.0
2013-10-13,UAX,PM2.5,2,21.0,5.571428571428571,3.1554940749655764,2.0,3.0,5.0,6.0,13.0
2013-10-13,UAX,SO2,1,156.0,1.5769230769230769,1.0351154620867746,1.0,1.0,1.0,2.0,6.0
2013-10-13,UIZ,CO,15,156.0,0.8025641025641027,0.3962646098576569,0.3,0.5,0.7,1.0,2.7
2013-10-13,UIZ,NO,1,157.0,15.248407643312103,19.35420713918832,0.0,2.0,7.0,21.0,101.0
2013-10-13,UIZ,NO2,1,157.0,24.171974522292995,8.573347447810871,8.0,19.0,24.0,29.0,49.0
2013-10-13,UIZ,NOX,1,157.0,39.439490445859875,24.100307897708095,8.0,23.0,33.0,49.0,130.0
2013-10-13,UIZ,O3,1,157.0,27.248407643312103,27.925876257618825,3.0,6.0,17.0,35.0,131.0
2013-10-13,UIZ,PM10,2,158.0,32.61392405063291,16.02057780375507,5.0,22.0,30.0,43.0,80.0
2013-10-13,UIZ,PM2.5,2,158.0,17.335443037974684,11.12042406255848,1.0,9.0,15.0,23.0,50.0
2013-10-13,UIZ,PMCO,2,158.0,15.322784810126583,7.24394672605748,2.0,11.0,15.0,20.0,36.0
2013-10-13,UIZ,SO2,1,157.0,2.1464968152866244,2.3337415942034894,0.0,1.0,1.0,2.0,16.0
2013-10-13,VIF,CO,15,161.0,0.41366459627329144,0.3669974275131125,0.0,0.2,0.3,0.5,2.5
2013-10-13,VIF,NO,1,161.0,10.763975155279503,17.71881610321013,1.0,2.0,4.0,7.0,109.0
2013-10-13,VIF,NO2,1,161.0,13.161490683229813,6.858298459820423,2.0,7.0,12.0,18.0,36.0
2013-10-13,VIF,NOX,1,161.0,23.888198757763973,22.38135211197591,3.0,10.0,16.0,27.0,130.0
2013-10-13,VIF,O3,1,161.0,25.204968944099377,22.664707700636235,1.0,8.0,18.0,36.0,94.0
2013-10-13,VIF,PM10,2,152.0,44.08552631578947,26.00457017371818,2.0,26.0,39.0,55.0,172.0
2013-10-13,VIF,SO2,1,161.0,6.136645962732919,11.44634051477258,1.0,2.0,2.0,4.0,74.0
2013-10-13,XAL,CO,15,156.0,0.7705128205128207,0.5667357521259799,0.1,0.4,0.6,0.9,3.1
2013-10-13,XAL,NO,1,156.0,33.32051282051282,39.65479870558518,2.0,10.0,19.0,40.25,242.0
2013-10-13,XAL,NO2,1,156.0,23.724358974358974,9.817412915866816,6.0,18.0,23.0,28.25,69.0
2013-10-13,XAL,NOX,1,156.0,57.05128205128205,45.07896940056091,8.0,30.0,43.0,68.0,273.0
2013-10-13,XAL,O3,1,156.0,23.03205128205128,20.87610761884222,2.0,5.0,17.0,31.25,95.0
2013-10-13,XAL,PM10,2,160.0,47.2,28.80771210508671,5.0,30.0,42.0,58.0,179.0
2013-10-13,XAL,PM2.5,2,160.0,22.625,15.727934528357558,1.0,11.0,20.0,29.0,76.0
2013-10-13,XAL,PMCO,2,160.0,24.61875,15.374925218409953,2.0,16.0,22.0,30.25,105.0
2013-10-13,XAL,SO2,1,156.0,4.294871794871795,8.244034362137423,0.0,1.0,1.0,3.0,50.0
2013-10-20,ACO,CO,15,155.0,0.2800000000000002,0.19685844343905293,0.0,0.1,0.2,0.4,1.0
2013-10-20,ACO,NO,1,155.0,9.264516129032257,13.847067024696107,0.0,2.0,4.0,9.0,78.0
2013-10-20,ACO,NO2,1,155.0,13.787096774193548,5.405609276151772,2.0,10.0,14.0,17.0,33.0
2013-10-20,ACO,NOX,1,155.0,23.10322580645161,16.44122716118123,4.0,12.0,18.0,28.0,92.0
2013-10-20,ACO,O3,1,155.0,28.35483870967742,24.880426233321213,2.0,7.0,20.0,47.0,94.0
2013-10-20,ACO,PM10,2,160.0,34.4625,17.232369533770683,6.0,21.0,33.0,44.5,93.0
2013-10-20,ACO,SO2,1,155.0,4.15483870967742,3.4114816362302127,1.0,2.0,3.0,5.0,20.0
2013-10-20,ATI,CO,15,152.0,0.656578947368421,0.5175939051801897,0.1,0.4,0.5,0.7,2.9
2013-10-20,ATI,NO,1,152.0,14.743421052631579,29.516298496942564,0.0,2.0,5.0,13.0,190.0
2013-10-20,ATI,NO2,1,152.0,20.888157894736842,8.038441862547318,6.0,14.0,20.0,26.0,43.0
2013-10-20,ATI,NOX,1,152.0,35.6578947368421,31.904058423386935,7.0,18.75,28.0,39.0,210.0
2013-10-20,ATI,O3,1,152.0,26.625,26.74872343305402,0.0,5.0,15.0,43.25,95.0
2013-10-20,ATI,PM10,2,152.0,44.38157894736842,23.449236198330993,2.0,27.75,41.0,58.25,123.0
2013-10-20,ATI,SO2,1,152.0,8.776315789473685,9.070144145134842,2.0,4.0,6.0,9.25,73.0
2013-10-20,CAM,CO,15,154.0,0.7967532467532469,0.5249860043162594,0.2,0.5,0.6,0.9,3.0
2013-10-20,CAM,NO,1,154.0,30.792207792207794,40.34713348820099,3.0,8.0,13.5,35.75,230.0
2013-10-20,CAM,NO2,1,154.0,35.142857142857146,12.95362697911666,15.0,28.0,31.5,40.0,83.0
2013-10-20,CAM,NOX,1,154.0,66.0,43.84181309165257,19.0,40.0,49.5,80.75,269.0
2013-10-20,CAM,O3,1,154.0,24.058441558441558,29.164226679561104,1.0,2.0,9.5,42.75,116.0
2013-10-20,CAM,PM10,2,154.0,55.23376623376623,27.848984024789306,4.0,34.0,52.5,72.75,137.0
2013-10-20,CAM,PM2.5,2,154.0,30.038961038961038,18.148221655035577,1.0,18.0,25.5,41.0,102.0
2013-10-20,CAM,PMCO,2,154.0,25.16883116883117,14.479106061853223,2.0,13.5,24.0,34.75,66.0
2013-10-20,CAM,SO2,1,154.0,9.857142857142858,8.77342136810573,2.0,4.0,7.0,12.0,45.0
2013-10-20,CHO,CO,15,0.0,,,,,,,
2013-10-20,CHO,NO,1,153.0,30.124183006535947,50.431861308293186,2.0,5.0,8.0,25.0,242.0
2013-10-20,CHO,NO2,1,153.0,18.725490196078432,6.060262385883843,6.0,14.0,18.0,23.0,39.0
2013-10-20,CHO,NOX,1,153.0,48.888888888888886,52.572700985291696,9.0,20.0,28.0,50.0,269.0
2013-10-20,CHO,O3,1,153.0,25.45751633986928,25.21381903057605,0.0,2.0,19.0,47.0,107.0
2013-10-20,CHO,PM10,2,146.0,60.47945205479452,45.56453841615205,2.0,28.0,48.0,80.75,211.0
2013-10-20,CHO,SO2,1,153.0,2.477124183006536,2.949319652412858,0.0,1.0,2.0,3.0,19.0
2013-10-20,COY,NO,1,158.0,21.18354430379747,29.447100061085443,1.0,4.0,8.0,21.0,133.0
2013-10-20,COY,NO2,1,158.0,32.360759493670884,11.228500109369884,11.0,24.0,31.0,37.75,61.0
2013-10-20,COY,NOX,1,158.0,53.53164556962025,32.21141762326412,11.0,32.0,43.5,66.0,160.0
2013-10-20,COY,O3,1,158.0,27.639240506329113,32.10318125284865,0.0,3.0,13.5,43.75,130.0
2013-10-20,COY,PM2.5,2,159.0,30.666666666666668,16.23001854927174,8.0,19.0,27.0,39.5,85.0
2013-10-20,CUA,CO,15,152.0,0.7861842105263155,0.409012595881962,0.3,0.5,0.7,1.0,2.6
2013-10-20,CUA,NO,1,152.0,18.782894736842106,34.22382845254328,2.0,4.75,7.0,13.0,253.0
2013-10-20,CUA,NO2,1,152.0,28.07236842105263,12.192225279551739,9.0,19.0,27.0,34.0,70.0
2013-10-20,CUA,NOX,1,152.0,46.83552631578947,39.560908539736154,11.0,25.75,34.0,47.25,289.0
2013-10-20,CUA,O3,1,152.0,32.75657894736842,28.028130786251317,0.0,13.75,22.0,47.5,102.0
2013-10-20,CUA,PM10,2,151.0,34.443708609271525,19.760443909180246,1.0,20.0,33.0,46.0,114.0
2013-10-20,CUA,SO2,1,152.0,4.8618421052631575,3.4392540044833075,1.0,2.75,4.0,6.0,21.0
2013-10-20,CUT,NO,1,115.0,17.695652173913043,29.031191306074337,0.0,1.0,4.0,19.0,168.0
2013-10-20,CUT,NO2,1,115.0,16.704347826086956,7.348438088063077,4.0,10.5,17.0,22.0,35.0
2013-10-20,CUT,NOX,1,115.0,34.43478260869565,31.292936940539903,5.0,13.5,24.0,42.0,187.0
2013-10-20,CUT,O3,1,115.0,23.408695652173915,23.133061194177856,2.0,3.0,14.0,42.0,74.0
2013-10-20,CUT,PM10,2,113.0,57.902654867256636,47.2098212772682,6.0,27.0,46.0,76.0,275.0
2013-10-20,CUT,SO2,1,115.0,4.6173913043478265,6.526037739211128,0.0,1.0,2.0,4.0,47.0
2013-10-20,FAC,CO,15,159.0,0.9874213836477982,0.7834314441232949,0.1,0.5,0.7,1.25,4.1
2013-10-20,FAC,NO,1,159.0,33.61635220125786,51.00307743782068,1.0,6.0,12.0,31.0,244.0
2013-10-20,FAC,NO2,1,159.0,27.044025157232703,12.455158004246902,4.0,19.0,24.0,32.0,68.0
2013-10-20,FAC,NOX,1,159.0,60.716981132075475,53.588579464813236,5.0,28.0,41.0,76.5,268.0
2013-10-20,FAC,O3,1,159.0,29.18238993710692,28.942950289616995,2.0,6.0,19.0,43.5,107.0
2013-10-20,FAC,PM10,2,156.0,41.58974358974359,27.971153757299234,1.0,19.0,37.0,57.25,141.0
2013-10-20,FAC,SO2,1,159.0,6.8742138364779874,6.380093783649405,1.0,3.0,5.0,8.0,53.0
2013-10-20,HGM,CO,15,156.0,0.977564102564103,0.4528866151554173,0.3,0.7,0.9,1.125,2.9
2013-10-20,HGM,NO,1,0.0,,,,,,,
2013-10-20,HGM,NO2,1,0.0,,,,,,,
2013-10-20,HGM,NOX,1,0.0,,,,,,,
2013-10-20,HGM,O3,1,156.0,25.82051282051282,31.528479123870685,0.0,2.0,10.5,43.5,130.0
2013-10-20,HGM,PM10,2,160.0,48.5375,24.464552073890523,11.0,29.0,45.5,64.5,134.0
2013-10-20,HGM,PM2.5,2,160.0,28.3875,16.34455557227989,5.0,16.75,25.0,37.25,95.0
2013-10-20,HGM,PMCO,2,160.0,20.14375,10.533472776921124,1.0,10.75,20.0,28.25,44.0
2013-10-20,HGM,SO2,1,156.0,8.929487179487179,9.425505671032896,1.0,3.0,5.0,10.25,49.0
2013-10-20,IZT,CO,15,160.0,0.8143750000000003,0.46349056763790614,0.1,0.5,0.7,1.0,2.7
2013-10-20,IZT,NO,1,160.0,26.6375,33.646046521707135,1.0,6.0,12.0,29.5,149.0
2013-10-20,IZT,NO2,1,160.0,35.15,12.044571312969484,14.0,27.0,33.0,41.0,74.0
2013-10-20,IZT,NOX,1,160.0,61.775,36.861452313584515,17.0,39.0,51.0,69.25,188.0
2013-10-20,IZT,O3,1,160.0,26.25,32.27300992797729,0.0,2.0,10.0,42.0,129.0
2013-10-20,IZT,PM10,2,159.0,40.23270440251572,17.63813294482037,10.0,28.5,39.0,52.5,90.0
2013-10-20,IZT,SO2,1,160.0,8.7125,11.10067565511216,1.0,2.75,4.0,9.0,65.0
2013-10-20,LLA,CO,15,0.0,,,,,,,
2013-10-20,LLA,NO,1,0.0,,,,,,,
2013-10-20,LLA,NO2,1,0.0,,,,,,,
2013-10-20,LLA,NOX,1,0.0,,,,,,,
2013-10-20,LLA,O3,1,0.0,,,,,,,
2013-10-20,LLA,SO2,1,0.0,,,,,,,
2013-10-20,LPR,CO,15,0.0,,,,,,,
2013-10-20,LPR,NO,1,161.0,28.29192546583851,37.30644042111775,1.0,6.0,11.0,31.0,150.0
2013-10-20,LPR,NO2,1,161.0,28.86335403726708,14.735796930608275,6.0,19.0,26.0,35.0,72.0
2013-10-20,LPR,NOX,1,161.0,57.09316770186335,45.619321734632926,7.0,25.0,38.0,74.0,199.0
2013-10-20,LPR,O3,1,161.0,29.82608695652174,27.69985677250682,3.0,6.0,21.0,49.0,124.0
2013-10-20,LPR,SO2,1,161.0,7.236024844720497,6.604463952462672,2.0,3.0,5.0,9.0,35.0
2013-10-20,MER,CO,15,154.0,1.1987012987012995,0.47292539905380165,0.4,0.9,1.1,1.4,2.8
2013-10-20,MER,NO,1,154.0,30.785714285714285,37.24007334254803,1.0,7.0,15.5,34.75,175.0
2013-10-20,MER,NO2,1,154.0,39.12987012987013,11.662296827953105,16.0,31.0,36.5,46.0,75.0
2013-10-20,MER,NOX,1,154.0,69.90259740259741,39.62467203311948,23.0,43.0,56.5,78.0,218.0
2013-10-20,MER,O3,1,154.0,25.33116883116883,31.950544953222813,0.0,2.0,9.5,41.0,136.0
2013-10-20,MER,PM10,2,159.0,58.496855345911946,25.621854351867466,9.0,40.0,56.0,75.5,134.0
2013-10-20,MER,PM2.5,2,159.0,30.962264150943398,15.24520542702069,4.0,19.0,29.0,39.0,82.0
2013-10-20,MER,PMCO,2,159.0,27.48427672955975,13.586504541067768,3.0,15.0,29.0,37.0,63.0
2013-10-20,MER,SO2,1,154.0,8.64935064935065,8.312155417228611,2.0,3.0,5.5,10.0,51.0
2013-10-20,MON,CO,15,0.0,,,,,,,
2013-10-20,MON,NO,1,112.0,18.196428571428573,34.70930484734379,0.0,0.0,1.0,19.0,162.0
2013-10-20,MON,NO2,1,112.0,14.214285714285714,5.670261559387375,3.0,10.0,15.0,17.0,36.0
2013-10-20,MON,NOX,1,112.0,32.419642857142854,37.0598829733369,3.0,11.75,16.0,37.25,183.0
2013-10-20,MON,O3,1,112.0,34.714285714285715,28.99842449011021,2.0,6.75,30.5,51.25,104.0
2013-10-20,MON,SO2,1,0.0,,,,,,,
2013-10-20,NEZ,CO,15,9.0,0.35555555555555557,0.2743679605525721,0.1,0.1,0.2,0.7,0.7
2013-10-20,NEZ,NO,1,154.0,15.441558441558442,24.965332044483883,0.0,2.0,5.0,18.5,132.0
2013-10-20,NEZ,NO2,1,154.0,26.123376623376622,10.186065017956551,8.0,19.25,25.0,31.75,65.0
2013-10-20,NEZ,NOX,1,154.0,41.55844155844156,30.779202513374305,11.0,22.25,33.0,47.75,171.0
2013-10-20,NEZ,O3,1,154.0,30.071428571428573,29.861796509190494,1.0,4.0,18.5,50.5,107.0
2013-10-20,NEZ,PM2.5,2,156.0,22.506410256410255,11.030454495869266,1.0,14.0,22.0,29.0,61.0
2013-10-20,NEZ,SO2,1,154.0,7.525974025974026,10.59670564910152,0.0,2.0,3.0,7.0,57.0
2013-10-20,PED,CO,15,156.0,0.6596153846153844,0.33210547219974007,0.1,0.475,0.6,0.8,2.0
2013-10-20,PED,NO,1,110.0,14.554545454545455,24.192874211956088,1.0,3.0,5.0,15.0,145.0
2013-10-20,PED,NO2,1,110.0,29.39090909090909,10.941123044637525,9.0,22.0,28.0,36.0,56.0
2013-10-20,PED,NOX,1,110.0,43.836363636363636,28.420023717854917,10.0,28.0,35.0,53.0,176.0
2013-10-20,PED,O3,1,156.0,31.346153846153847,31.855247979278705,1.0,7.0,17.5,51.5,130.0
2013-10-20,PED,PM10,2,155.0,43.2,25.669072805641,4.0,23.5,39.0,60.0,135.0
2013-10-20,PED,PM2.5,2,155.0,24.051612903225806,15.535377953589395,1.0,12.0,21.0,34.5,77.0
2013-10-20,PED,PMCO,2,155.0,19.129032258064516,12.173374009356648,2.0,8.0,18.0,28.0,67.0
2013-10-20,PED,SO2,1,156.0,5.615384615384615,3.5477599265279927,2.0,3.0,5.0,7.0,23.0
2013-10-20,SAG,CO,15,0.0,,,,,,,
2013-10-20,SAG,NO,1,161.0,23.832298136645964,28.75787631781176,2.0,5.0,10.0,32.0,131.0
2013-10-20,SAG,NO2,1,161.0,23.509316770186334,8.8685666911446,7.0,17.0,23.0,28.0,62.0
2013-10-20,SAG,NOX,1,161.0,47.29192546583851,32.42272346510098,8.0,24.0,38.0,60.0,175.0
2013-10-20,SAG,O3,1,161.0,25.608695652173914,25.889711738701216,2.0,3.0,16.0,44.0,91.0
2013-10-20,SAG,PM10,2,161.0,36.77018633540373,18.99514689572213,4.0,23.0,34.0,49.0,101.0
2013-10-20,SAG,PM2.5,2,161.0,24.32919254658385,13.904485066659035,2.0,14.0,23.0,33.0,69.0
2013-10-20,SAG,PMCO,2,161.0,12.48447204968944,7.032163242969861,1.0,7.0,12.0,17.0,40.0
2013-10-20,SAG,SO2,1,161.0,9.236024844720497,16.246736413796423,0.0,1.0,3.0,10.0,103.0
2013-10-20,SFE,CO,15,155.0,0.6561290322580641,0.2927886234944224,0.2,0.4,0.6,0.8,1.5
2013-10-20,SFE,NO,1,155.0,16.283870967741937,23.109214117448907,1.0,3.0,6.0,18.5,117.0
2013-10-20,SFE,NO2,1,155.0,28.651612903225807,11.850033452956836,11.0,21.0,26.0,33.0,80.0
2013-10-20,SFE,NOX,1,155.0,44.92258064516129,27.615997500947707,12.0,26.0,35.0,56.5,147.0
2013-10-20,SFE,O3,1,155.0,30.761290322580646,29.532303218496036,1.0,8.0,19.0,46.0,110.0
2013-10-20,SFE,PM10,2,129.0,42.775193798449614,20.19755566510366,6.0,29.0,42.0,54.0,110.0
2013-10-20,SFE,PM2.5,2,129.0,23.92248062015504,12.643929128180435,4.0,16.0,21.0,28.0,70.0
2013-10-20,SFE,PMCO,2,129.0,18.914728682170544,9.904253353793207,2.0,11.0,19.0,27.0,40.0
2013-10-20,SFE,SO2,1,155.0,3.412903225806452,2.312549323515247,1.0,2.0,3.0,4.0,13.0
2013-10-20,SJA,CO,15,161.0,0.6987577639751551,0.4072756403284745,0.1,0.4,0.6,0.9,2.1
2013-10-20,SJA,NO,1,161.0,28.385093167701864,35.99775376877725,1.0,3.0,13.0,39.0,147.0
2013-10-20,SJA,NO2,1,161.0,30.15527950310559,11.766774731320375,8.0,23.0,29.0,37.0,68.0
2013-10-20,SJA,NOX,1,161.0,58.54037267080745,39.49904963869698,9.0,30.0,49.0,73.0,185.0
2013-10-20,SJA,O3,1,161.0,23.869565217391305,29.043960309069117,1.0,2.0,10.0,41.0,123.0
2013-10-20,SJA,PM2.5,2,159.0,23.10062893081761,12.12915462870376,1.0,13.0,22.0,30.0,60.0
2013-10-20,SJA,SO2,1,161.0,6.937888198757764,8.858392518534187,1.0,2.0,4.0,9.0,56.0
2013-10-20,SUR,CO,15,159.0,0.9018867924528304,0.46991403713105967,0.0,0.6,0.9,1.1,2.5
2013-10-20,SUR,NO,1,159.0,20.572327044025158,30.99192608608373,1.0,4.0,8.0,20.5,153.0
2013-10-20,SUR,NO2,1,159.0,30.69182389937107,9.85460740763759,8.0,24.0,30.0,36.0,57.0
2013-10-20,SUR,NOX,1,159.0,51.35849056603774,33.12314633339721,9.0,32.5,42.0,56.0,181.0
2013-10-20,SUR,O3,1,159.0,31.68553459119497,34.55341459702166,1.0,4.5,17.0,51.0,138.0
2013-10-20,SUR,PM10,2,111.0,36.21621621621622,23.39518419963057,1.0,17.5,32.0,49.0,110.0
2013-10-20,SUR,SO2,1,159.0,7.182389937106918,6.528278647557202,2.0,3.0,5.0,8.0,45.0
2013-10-20,TAH,CO,15,161.0,0.6211180124223602,0.4022452513529834,0.1,0.4,0.5,0.7,2.7
2013-10-20,TAH,NO,1,161.0,11.024844720496894,16.004276893442825,2.0,3.0,4.0,10.0,96.0
2013-10-20,TAH,NO2,1,161.0,18.490683229813666,6.843900580464293,5.0,13.0,19.0,23.0,53.0
2013-10-20,TAH,NOX,1,161.0,29.496894409937887,19.600741128718354,8.0,17.0,24.0,34.0,122.0
2013-10-20,TAH,O3,1,161.0,34.47204968944099,30.140309825838145,2.0,10.0,26.0,52.0,123.0
2013-10-20,TAH,PM10,2,148.0,43.527027027027025,28.60556197901587,1.0,20.0,40.5,61.25,155.0
2013-10-20,TAH,SO2,1,161.0,3.658385093167702,3.010617856151194,1.0,2.0,3.0,5.0,16.0
2013-10-20,TLA,CO,15,18.0,0.7722222222222221,0.3409425612406868,0.5,0.525,0.6,0.95,1.6
2013-10-20,TLA,NO,1,15.0,29.933333333333334,31.10917794447408,9.0,11.0,12.0,34.0,102.0
2013-10-20,TLA,NO2,1,15.0,26.333333333333332,7.197883286739498,16.0,19.0,29.0,32.0,37.0
2013-10-20,TLA,NOX,1,15.0,56.333333333333336,36.05881439035531,28.0,31.0,43.0,62.5,141.0
2013-10-20,TLA,O3,1,17.0,26.941176470588236,22.123151301959943,2.0,6.0,21.0,52.0,57.0
2013-10-20,TLA,PM10,2,17.0,53.294117647058826,15.135903945100011,14.0,48.0,52.0,61.0,79.0
2013-10-20,TLA,PM2.5,2,17.0,18.235294117647058,7.996322684246068,3.0,14.0,19.0,22.0,35.0
2013-10-20,TLA,PMCO,2,17.0,35.0,10.253048327204938,11.0,30.0,33.0,40.0,51.0
2013-10-20,TLA,SO2,1,18.0,10.666666666666666,9.203579866168443,3.0,4.25,7.0,13.25,34.0
2013-10-20,TLI,CO,15,157.0,0.6617834394904456,0.4390454435691863,0.2,0.4,0.6,0.8,2.5
2013-10-20,TLI,NO,1,157.0,24.03184713375796,39.622484613547904,1.0,3.0,6.0,27.0,221.0
2013-10-20,TLI,NO2,1,157.0,26.044585987261147,11.346717558251166,7.0,20.0,24.0,30.0,68.0
2013-10-20,TLI,NOX,1,157.0,50.01910828025478,46.46648521157682,9.0,23.0,33.0,61.0,277.0
2013-10-20,TLI,O3,1,157.0,24.477707006369428,28.250161330889718,0.0,2.0,10.0,48.0,108.0
2013-10-20,TLI,PM10,2,156.0,47.493589743589745,29.197104760325853,1.0,25.0,43.0,63.0,159.0
2013-10-20,TLI,SO2,1,157.0,9.726114649681529,11.641334107707928,0.0,2.0,6.0,12.0,87.0
2013-10-20,TPN,CO,15,0.0,,,,,,,
2013-10-20,TPN,NO,1,0.0,,,,,,,
2013-10-20,TPN,NO2,1,0.0,,,,,,,
2013-10-20,TPN,NOX,1,0.0,,,,,,,
2013-10-20,TPN,O3,1,157.0,31.101910828025478,28.13160115430364,3.0,10.0,19.0,46.0,115.0
2013-10-20,TPN,SO2,1,157.0,3.445859872611465,2.8854073712713713,1.0,1.0,2.0,4.0,14.0
2013-10-20,UAX,CO,15,156.0,0.7762820512820512,0.3548942922103807,0.2,0.5,0.7,0.9,2.2
2013-10-20,UAX,NO,1,156.0,15.506410256410257,25.561941668607922,0.0,0.0,3.0,20.25,113.0
2013-10-20,UAX,NO2,1,156.0,27.237179487179485,9.706075370104909,8.0,21.0,25.0,33.0,70.0
2013-10-20,UAX,NOX,1,156.0,42.75,28.11901549233302,9.0,23.0,35.0,51.0,139.0
2013-10-20,UAX,O3,1,156.0,29.064102564102566,29.402145957928788,1.0,5.75,17.5,46.25,115.0
2013-10-20,UAX,PM2.5,2,0.0,,,,,,,
2013-10-20,UAX,SO2,1,156.0,4.416666666666667,5.285352044713687,1.0,1.0,2.0,5.0,28.0
2013-10-20,UIZ,CO,15,161.0,0.9279503105590059,0.4551388771743497,0.3,0.6,0.8,1.1,2.8
2013-10-20,UIZ,NO,1,161.0,18.795031055900623,26.05717703734001,1.0,3.0,6.0,23.0,139.0
2013-10-20,UIZ,NO2,1,161.0,31.285714285714285,11.789523194042124,12.0,23.0,29.0,37.0,82.0
2013-10-20,UIZ,NOX,1,161.0,50.07453416149068,31.504276057987557,13.0,27.0,41.0,59.0,174.0
2013-10-20,UIZ,O3,1,161.0,32.05590062111801,32.32186729738958,3.0,6.0,17.0,54.0,121.0
2013-10-20,UIZ,PM10,2,159.0,50.716981132075475,23.29370319529024,6.0,34.5,48.0,61.5,121.0
2013-10-20,UIZ,PM2.5,2,159.0,28.534591194968552,14.498703510006033,5.0,18.0,26.0,36.0,78.0
2013-10-20,UIZ,PMCO,2,159.0,22.163522012578618,11.61561270028376,1.0,12.5,21.0,32.0,50.0
2013-10-20,UIZ,SO2,1,161.0,7.329192546583851,10.656439600961653,1.0,2.0,3.0,8.0,58.0
2013-10-20,VIF,CO,15,157.0,0.5350318471337577,0.43024534474130727,0.1,0.3,0.4,0.7,2.3
2013-10-20,VIF,NO,1,157.0,15.859872611464969,23.577058220707762,1.0,3.0,5.0,17.0,121.0
2013-10-20,VIF,NO2,1,157.0,19.159235668789808,9.991348535903404,3.0,13.0,18.0,26.0,58.0
2013-10-20,VIF,NOX,1,157.0,35.06369426751592,29.756852589084293,5.0,16.0,25.0,46.0,152.0
2013-10-20,VIF,O3,1,157.0,25.777070063694268,27.31595728012611,1.0,2.0,15.0,47.0,96.0
2013-10-20,VIF,PM10,2,155.0,59.68387096774194,35.97812373534381,6.0,33.5,56.0,77.0,208.0
2013-10-20,VIF,SO2,1,157.0,12.987261146496815,20.79909615305265,0.0,2.0,5.0,13.0,135.0
2013-10-20,XAL,CO,15,156.0,0.9846153846153844,0.7004287945808025,0.2,0.5,0.7,1.3,3.7
2013-10-20,XAL,NO,1,156.0,44.30769230769231,52.01793926101627,4.0,11.0,22.5,59.5,285.0
2013-10-20,XAL,NO2,1,156.0,32.36538461538461,13.258758049395388,11.0,24.0,29.0,38.0,86.0
2013-10-20,XAL,NOX,1,156.0,76.69871794871794,56.9367979964423,19.0,36.0,54.5,92.75,324.0
2013-10-20,XAL,O3,1,156.0,25.192307692307693,25.462715407641063,2.0,3.75,15.0,42.75,92.0
2013-10-20,XAL,PM10,2,161.0,70.01242236024845,39.566397924507825,11.0,44.0,58.0,94.0,196.0
2013-10-20,XAL,PM2.5,2,161.0,34.037267080745345,20.26107357679923,7.0,18.0,28.0,45.0,101.0
2013-10-20,XAL,PMCO,2,161.0,35.98757763975155,22.16697644516493,3.0,22.0,31.0,50.0,133.0
2013-10-20,XAL,SO2,1,156.0,9.044871794871796,12.126932409347246,0.0,2.0,4.0,10.25,68.0
2013-10-27,ACO,CO,15,156.0,0.16666666666666685,0.13646851620054512,0.0,0.1,0.1,0.2,0.7
2013-10-27,ACO,NO,1,156.0,6.198717948717949,8.57108407476604,0.0,2.0,3.0,6.25,46.0
2013-10-27,ACO,NO2,1,156.0,9.628205128205128,4.3865159202881365,2.0,6.0,10.0,13.0,21.0
2013-10-27,ACO,NOX,1,156.0,15.846153846153847,11.273236273555366,3.0,8.0,13.0,19.0,58.0
2013-10-27,ACO,O3,1,156.0,21.596153846153847,12.138862595468426,2.0,12.75,21.0,31.25,51.0
2013-10-27,ACO,PM10,2,158.0,14.329113924050633,7.806124525114131,1.0,8.0,13.0,19.0,37.0
2013-10-27,ACO,SO2,1,156.0,2.2756410256410255,1.3371791104903792,1.0,2.0,2.0,2.0,14.0
2013-10-27,ATI,CO,15,161.0,0.6192546583850935,0.38641226817194685,0.2,0.4,0.5,0.7,2.6
2013-10-27,ATI,NO,1,161.0,13.490683229813664,22.954334561369443,0.0,3.0,6.0,13.0,143.0
2013-10-27,ATI,NO2,1,161.0,17.770186335403725,8.065550544758997,7.0,13.0,17.0,22.0,67.0
2013-10-27,ATI,NOX,1,161.0,31.242236024844722,25.695762393222438,7.0,17.0,23.0,36.0,166.0
2013-10-27,ATI,O3,1,161.0,14.937888198757763,12.023773035633301,0.0,6.0,13.0,20.0,51.0
2013-10-27,ATI,PM10,2,157.0,26.006369426751593,17.30254791348796,1.0,14.0,22.0,35.0,119.0
2013-10-27,ATI,SO2,1,161.0,6.204968944099379,7.359617867476504,2.0,2.0,3.0,7.0,48.0
2013-10-27,CAM,CO,15,161.0,0.5496894409937891,0.37668359129421985,0.1,0.3,0.4,0.7,2.0
2013-10-27,CAM,NO,1,161.0,31.86335403726708,34.4424332935425,3.0,11.0,20.0,35.0,211.0
2013-10-27,CAM,NO2,1,161.0,28.84472049689441,9.373205832458805,14.0,23.0,27.0,33.0,66.0
2013-10-27,CAM,NOX,1,161.0,60.683229813664596,39.1186372398516,18.0,33.0,51.0,76.0,249.0
2013-10-27,CAM,O3,1,161.0,11.5527950310559,12.839830908698726,1.0,2.0,7.0,15.0,62.0
2013-10-27,CAM,PM10,2,155.0,38.50322580645161,22.450341794045354,7.0,22.0,34.0,49.5,111.0
2013-10-27,CAM,PM2.5,2,155.0,20.36774193548387,14.042153308640374,1.0,11.0,16.0,26.0,80.0
2013-10-27,CAM,PMCO,2,155.0,18.025806451612905,11.513937566010325,2.0,9.5,15.0,24.5,57.0
2013-10-27,CAM,SO2,1,161.0,8.012422360248447,12.272931382538447,2.0,3.0,4.0,7.0,83.0
2013-10-27,CHO,CO,15,0.0,,,,,,,
2013-10-27,CHO,NO,1,157.0,22.21019108280255,34.84894727599822,1.0,5.0,10.0,23.0,207.0
2013-10-27,CHO,NO2,1,157.0,18.515923566878982,8.503095285248657,2.0,13.0,17.0,23.0,48.0
2013-10-27,CHO,NOX,1,157.0,40.77070063694268,36.4369621808336,3.0,21.0,29.0,47.0,226.0
2013-10-27,CHO,O3,1,157.0,15.51592356687898,15.400468314366703,0.0,4.0,12.0,20.0,77.0
2013-10-27,CHO,PM10,2,126.0,44.04761904761905,29.359525103204827,8.0,22.0,39.0,52.5,159.0
2013-10-27,CHO,SO2,1,157.0,1.694267515923567,3.1330791366791964,0.0,0.0,1.0,2.0,16.0
2013-10-27,COY,NO,1,161.0,25.15527950310559,28.31067797806404,1.0,6.0,16.0,31.0,141.0
2013-10-27,COY,NO2,1,161.0,27.024844720496894,10.087709298051147,7.0,20.0,26.0,31.0,67.0
2013-10-27,COY,NOX,1,161.0,52.17391304347826,33.82243434789092,8.0,29.0,45.0,65.0,173.0
2013-10-27,COY,O3,1,161.0,11.894409937888199,13.798823538834773,0.0,2.0,7.0,15.0,73.0
2013-10-27,COY,PM2.5,2,161.0,16.53416149068323,10.548715002253013,3.0,8.0,14.0,21.0,47.0
2013-10-27,CUA,CO,15,155.0,0.6380645161290323,0.3406012574695843,0.2,0.5,0.5,0.7,2.7
2013-10-27,CUA,NO,1,155.0,15.735483870967743,24.795547730678358,1.0,5.0,8.0,13.0,199.0
2013-10-27,CUA,NO2,1,155.0,18.767741935483873,8.072576114709323,6.0,13.0,18.0,22.5,56.0
2013-10-27,CUA,NOX,1,155.0,34.50967741935484,29.15929553554119,8.0,18.0,26.0,35.5,237.0
2013-10-27,CUA,O3,1,155.0,18.612903225806452,14.126233814300546,0.0,9.5,17.0,24.0,73.0
2013-10-27,CUA,PM10,2,151.0,19.264900662251655,11.143130611430507,1.0,11.0,18.0,27.0,52.0
2013-10-27,CUA,SO2,1,155.0,2.7419354838709675,3.3975520402107886,1.0,1.0,2.0,3.0,22.0
2013-10-27,CUT,NO,1,161.0,12.136645962732919,22.24901595981547,0.0,1.0,3.0,10.0,136.0
2013-10-27,CUT,NO2,1,161.0,14.863354037267081,7.104133386988466,3.0,9.0,14.0,19.0,36.0
2013-10-27,CUT,NOX,1,161.0,27.049689440993788,25.41008688548605,5.0,11.0,17.0,34.0,154.0
2013-10-27,CUT,O3,1,161.0,16.577639751552795,13.583832187361931,1.0,4.0,15.0,25.0,63.0
2013-10-27,CUT,PM10,2,156.0,37.39102564102564,29.828233803638113,1.0,17.75,27.0,47.75,138.0
2013-10-27,CUT,SO2,1,161.0,4.254658385093168,8.427098776495969,0.0,1.0,1.0,3.0,62.0
2013-10-27,FAC,CO,15,158.0,0.7177215189873425,0.5755660727666029,0.2,0.4,0.6,0.8,3.5
2013-10-27,FAC,NO,1,158.0,23.81645569620253,40.75651463811728,1.0,5.0,11.0,19.0,256.0
2013-10-27,FAC,NO2,1,158.0,19.930379746835442,9.81686906942388,5.0,14.0,18.0,24.0,77.0
2013-10-27,FAC,NOX,1,158.0,43.79746835443038,42.73034386175219,6.0,22.0,31.5,45.0,274.0
2013-10-27,FAC,O3,1,158.0,18.0126582278481,13.059875508703355,2.0,7.0,16.0,24.0,60.0
2013-10-27,FAC,PM10,2,146.0,25.027397260273972,20.56878961636963,1.0,11.0,20.0,31.0,121.0
2013-10-27,FAC,SO2,1,158.0,4.708860759493671,5.984378600063355,1.0,2.0,2.0,6.0,41.0
2013-10-27,HGM,CO,15,156.0,0.7525641025641022,0.3470518633638936,0.3,0.5,0.7,0.9,2.4
2013-10-27,HGM,NO,1,0.0,,,,,,,
2013-10-27,HGM,NO2,1,0.0,,,,,,,
2013-10-27,HGM,NOX,1,0.0,,,,,,,
2013-10-27,HGM,O3,1,156.0,11.0,13.498864946309734,0.0,2.0,6.0,15.25,65.0
2013-10-27,HGM,PM10,2,151.0,31.417218543046356,18.81643169002173,3.0,17.0,27.0,41.0,87.0
2013-10-27,HGM,PM2.5,2,151.0,17.3841059602649,12.161064058243321,1.0,9.0,14.0,23.5,59.0
2013-10-27,HGM,PMCO,2,151.0,13.993377483443709,8.491954379483143,2.0,7.5,12.0,18.0,45.0
2013-10-27,HGM,SO2,1,156.0,5.871794871794871,8.95055806421458,1.0,2.0,2.0,6.0,51.0
2013-10-27,IZT,CO,15,157.0,0.60063694267516,0.4228257832553077,0.1,0.3,0.5,0.7,2.4
2013-10-27,IZT,NO,1,157.0,26.063694267515924,30.83240085810963,2.0,8.0,16.0,30.0,168.0
2013-10-27,IZT,NO2,1,157.0,28.146496815286625,9.296963445969595,12.0,23.0,27.0,31.0,79.0
2013-10-27,IZT,NOX,1,157.0,54.2484076433121,35.52980981188415,18.0,31.0,45.0,63.0,213.0
2013-10-27,IZT,O3,1,157.0,11.210191082802547,14.230714276149575,0.0,2.0,5.0,14.0,72.0
2013-10-27,IZT,PM10,2,155.0,24.980645161290322,12.804458926961066,5.0,15.0,22.0,30.5,68.0
2013-10-27,IZT,SO2,1,157.0,5.031847133757962,7.517006685838694,1.0,2.0,2.0,5.0,45.0
2013-10-27,LLA,CO,15,0.0,,,,,,,
2013-10-27,LLA,NO,1,0.0,,,,,,,
2013-10-27,LLA,NO2,1,0.0,,,,,,,
2013-10-27,LLA,NOX,1,0.0,,,,,,,
2013-10-27,LLA,O3,1,0.0,,,,,,,
2013-10-27,LLA,SO2,1,0.0,,,,,,,
2013-10-27,LPR,CO,15,0.0,,,,,,,
2013-10-27,LPR,NO,1,158.0,24.00632911392405,28.831046790746765,1.0,8.0,14.0,28.5,165.0
2013-10-27,LPR,NO2,1,158.0,19.645569620253166,12.399956826186953,3.0,12.0,18.0,23.0,85.0
2013-10-27,LPR,NOX,1,158.0,43.639240506329116,37.90773551873481,4.0,20.0,31.5,52.0,223.0
2013-10-27,LPR,O3,1,158.0,18.126582278481013,12.279512312778714,2.0,6.25,17.0,25.75,54.0
2013-10-27,LPR,SO2,1,158.0,3.5,3.4783223132207977,1.0,2.0,2.0,3.0,24.0
2013-10-27,MER,CO,15,155.0,1.0670967741935484,0.4578478278108186,0.5,0.7,1.0,1.3,3.1
2013-10-27,MER,NO,1,155.0,33.61290322580645,32.473043185453704,2.0,14.0,24.0,42.0,210.0
2013-10-27,MER,NO2,1,155.0,30.451612903225808,8.673884934052507,13.0,24.5,29.0,35.0,63.0
2013-10-27,MER,NOX,1,155.0,64.13548387096775,37.11286356251431,19.0,39.0,55.0,77.5,253.0
2013-10-27,MER,O3,1,155.0,10.419354838709678,12.936343131157201,0.0,1.0,6.0,15.0,64.0
2013-10-27,MER,PM10,2,157.0,37.56687898089172,18.701526704903923,9.0,24.0,32.0,46.0,92.0
2013-10-27,MER,PM2.5,2,157.0,18.980891719745223,11.347919349321838,3.0,11.0,16.0,24.0,55.0
2013-10-27,MER,PMCO,2,157.0,18.61783439490446,9.592688877237503,2.0,12.0,17.0,23.0,44.0
2013-10-27,MER,SO2,1,155.0,5.961290322580645,9.337735112196906,2.0,2.0,3.0,5.0,69.0
2013-10-27,MON,CO,15,0.0,,,,,,,
2013-10-27,MON,NO,1,114.0,10.078947368421053,24.172369488111254,0.0,0.0,1.0,8.5,144.0
2013-10-27,MON,NO2,1,114.0,11.68421052631579,5.260162165597538,3.0,8.0,11.0,15.0,24.0
2013-10-27,MON,NOX,1,114.0,21.596491228070175,26.215147718074242,3.0,8.0,14.0,24.0,162.0
2013-10-27,MON,O3,1,114.0,19.93859649122807,13.817575756356192,2.0,6.25,19.5,29.0,62.0
2013-10-27,MON,SO2,1,0.0,,,,,,,
2013-10-27,NEZ,CO,15,135.0,0.5955555555555562,0.3578264956581959,0.0,0.35,0.5,0.8,1.5
2013-10-27,NEZ,NO,1,158.0,16.70886075949367,21.747041323756594,0.0,4.0,9.0,17.0,137.0
2013-10-27,NEZ,NO2,1,158.0,21.59493670886076,7.569666228523907,7.0,16.25,20.5,27.0,40.0
2013-10-27,NEZ,NOX,1,158.0,38.278481012658226,26.556243263622726,7.0,21.0,29.5,43.75,162.0
2013-10-27,NEZ,O3,1,158.0,15.80379746835443,13.84972066712704,1.0,5.0,12.0,23.0,65.0
2013-10-27,NEZ,PM2.5,2,154.0,11.636363636363637,7.976123013370638,1.0,6.0,9.5,15.0,47.0
2013-10-27,NEZ,SO2,1,158.0,3.2531645569620253,7.0167558410748425,0.0,1.0,1.0,2.0,41.0
2013-10-27,PED,CO,15,156.0,0.5416666666666671,0.27892844112570714,0.2,0.3,0.5,0.7,1.6
2013-10-27,PED,NO,1,156.0,16.942307692307693,21.208409891457435,1.0,4.0,10.0,21.0,116.0
2013-10-27,PED,NO2,1,156.0,22.685897435897434,8.462291680138149,7.0,17.0,22.0,27.0,51.0
2013-10-27,PED,NOX,1,156.0,39.57692307692308,25.480172800735378,10.0,21.0,34.5,49.0,137.0
2013-10-27,PED,O3,1,156.0,14.147435897435898,14.474361978107488,1.0,3.0,9.0,19.25,74.0
2013-10-27,PED,PM10,2,101.0,28.0,15.786069808536892,3.0,15.0,25.0,40.0,67.0
2013-10-27,PED,PM2.5,2,101.0,14.990099009900991,10.353255574460578,1.0,6.0,13.0,22.0,40.0
2013-10-27,PED,PMCO,2,101.0,13.03960396039604,7.253855239910994,2.0,7.0,13.0,18.0,31.0
2013-10-27,PED,SO2,1,156.0,4.019230769230769,2.095990500613031,2.0,3.0,3.0,4.0,13.0
2013-10-27,SAG,CO,15,0.0,,,,,,,
2013-10-27,SAG,NO,1,152.0,19.32894736842105,24.123242156262105,2.0,8.0,11.0,21.0,142.0
2013-10-27,SAG,NO2,1,152.0,19.144736842105264,6.9104085950222105,6.0,14.75,18.0,24.0,40.0
2013-10-27,SAG,NOX,1,152.0,38.453947368421055,27.774598623309625,8.0,23.0,31.0,45.25,168.0
2013-10-27,SAG,O3,1,152.0,15.888157894736842,11.75103171015421,2.0,6.0,13.0,23.25,49.0
2013-10-27,SAG,PM10,2,127.0,27.236220472440944,19.178549812313417,2.0,14.0,22.0,33.0,112.0
2013-10-27,SAG,PM2.5,2,127.0,13.834645669291339,11.060270512154062,1.0,6.0,10.0,18.0,49.0
2013-10-27,SAG,PMCO,2,127.0,13.417322834645669,10.09749375228776,1.0,7.0,12.0,18.0,63.0
2013-10-27,SAG,SO2,1,91.0,5.791208791208791,14.435693789674783,0.0,0.0,0.0,4.0,65.0
2013-10-27,SFE,CO,15,156.0,0.4833333333333334,0.2609741881522395,0.2,0.3,0.4,0.5,1.5
2013-10-27,SFE,NO,1,156.0,15.801282051282051,27.088009458250294,1.0,3.0,6.0,13.0,185.0
2013-10-27,SFE,NO2,1,156.0,20.16025641025641,7.822627885218865,7.0,14.0,20.5,24.0,51.0
2013-10-27,SFE,NOX,1,156.0,35.92307692307692,30.264327657094583,8.0,19.0,27.0,37.25,214.0
2013-10-27,SFE,O3,1,156.0,16.57051282051282,14.096035672159827,0.0,6.75,14.0,22.0,71.0
2013-10-27,SFE,PM10,2,134.0,22.880597014925375,12.561454812612839,6.0,13.0,21.0,30.0,64.0
2013-10-27,SFE,PM2.5,2,134.0,13.253731343283581,7.1046808325069835,1.0,8.0,12.5,18.0,39.0
2013-10-27,SFE,PMCO,2,134.0,9.686567164179104,7.49176782338556,1.0,4.0,8.5,13.0,39.0
2013-10-27,SFE,SO2,1,156.0,1.8205128205128205,2.1326560132384986,0.0,1.0,1.0,2.0,15.0
2013-10-27,SJA,CO,15,158.0,0.5322784810126583,0.4342456652063945,0.1,0.3,0.4,0.6,2.7
2013-10-27,SJA,NO,1,158.0,22.354430379746834,33.90001708835356,0.0,4.0,9.0,21.0,212.0
2013-10-27,SJA,NO2,1,158.0,22.651898734177216,10.137856916955418,8.0,16.0,21.0,26.75,79.0
2013-10-27,SJA,NOX,1,158.0,45.04430379746835,39.76432881776707,10.0,21.0,32.0,46.75,239.0
2013-10-27,SJA,O3,1,158.0,13.79746835443038,12.999147200676362,1.0,3.0,10.5,20.0,56.0
2013-10-27,SJA,PM2.5,2,150.0,12.573333333333334,9.392519275706542,1.0,6.0,10.0,15.75,51.0
2013-10-27,SJA,SO2,1,158.0,3.2088607594936707,6.592848661309793,0.0,1.0,1.0,2.0,47.0
2013-10-27,SUR,CO,15,23.0,0.8869565217391304,0.7344164955478643,0.0,0.5,0.7,1.05,2.6
2013-10-27,SUR,NO,1,23.0,29.91304347826087,42.36627415493073,1.0,6.5,13.0,20.0,144.0
2013-10-27,SUR,NO2,1,23.0,19.304347826086957,9.152420358515682,7.0,12.0,18.0,23.5,42.0
2013-10-27,SUR,NOX,1,23.0,49.30434782608695,48.215835556578014,8.0,16.5,32.0,45.0,165.0
2013-10-27,SUR,O3,1,23.0,12.130434782608695,13.325656551541625,1.0,2.0,6.0,18.0,41.0
2013-10-27,SUR,PM10,2,18.0,22.0,13.092431581103732,2.0,10.5,22.0,29.75,44.0
2013-10-27,SUR,SO2,1,23.0,3.217391304347826,0.8504823091062897,2.0,3.0,3.0,3.0,5.0
2013-10-27,TAH,CO,15,157.0,0.6305732484076431,0.38541725979976516,0.1,0.3,0.5,0.9,1.9
2013-10-27,TAH,NO,1,157.0,14.394904458598726,16.37021919319107,2.0,4.0,8.0,16.0,87.0
2013-10-27,TAH,NO2,1,157.0,22.038216560509554,11.344198421422107,4.0,15.0,20.0,28.0,59.0
2013-10-27,TAH,NOX,1,157.0,36.4203821656051,23.388066042029777,6.0,22.0,29.0,45.0,118.0
2013-10-27,TAH,O3,1,157.0,14.980891719745223,16.500765847642135,1.0,4.0,9.0,20.0,94.0
2013-10-27,TAH,PM10,2,126.0,27.293650793650794,18.36913387629039,4.0,15.0,21.0,32.75,108.0
2013-10-27,TAH,SO2,1,157.0,2.917197452229299,4.025498509405291,1.0,1.0,2.0,3.0,22.0
2013-10-27,TLA,CO,15,115.0,0.8113043478260871,0.3573207359141978,0.3,0.6,0.7,1.0,2.2
2013-10-27,TLA,NO,1,115.0,26.556521739130435,31.5920241167858,2.0,10.0,17.0,29.0,177.0
2013-10-27,TLA,NO2,1,115.0,26.547826086956523,8.318488685126443,10.0,20.0,26.0,33.0,51.0
2013-10-27,TLA,NOX,1,115.0,53.10434782608696,37.13379647409769,14.0,30.5,44.0,60.5,212.0
2013-10-27,TLA,O3,1,97.0,15.721649484536082,13.054167811502154,1.0,6.0,12.0,23.0,52.0
2013-10-27,TLA,PM10,2,110.0,40.60909090909091,24.09122397389695,9.0,22.0,35.5,51.75,149.0
2013-10-27,TLA,PM2.5,2,110.0,18.990909090909092,13.441340757819006,1.0,10.0,15.5,24.0,70.0
2013-10-27,TLA,PMCO,2,110.0,21.581818181818182,13.08082272907141,5.0,12.0,20.0,28.75,79.0
2013-10-27,TLA,SO2,1,115.0,9.321739130434782,14.791858729321078,1.0,2.0,3.0,9.0,87.0
2013-10-27,TLI,CO,15,161.0,0.70248447204969,0.32499044419778855,0.3,0.5,0.6,0.8,2.0
2013-10-27,TLI,NO,1,161.0,20.819875776397517,29.33809132313267,0.0,4.0,9.0,25.0,160.0
2013-10-27,TLI,NO2,1,161.0,23.161490683229815,10.421672503200968,6.0,15.0,21.0,28.0,62.0
2013-10-27,TLI,NOX,1,161.0,44.04347826086956,35.28674464761643,8.0,20.0,30.0,58.0,184.0
2013-10-27,TLI,O3,1,161.0,13.695652173913043,13.112038113057057,0.0,3.0,10.0,21.0,49.0
2013-10-27,TLI,PM10,2,149.0,31.93288590604027,25.07196787992578,2.0,14.0,25.0,41.0,129.0
2013-10-27,TLI,SO2,1,161.0,6.3354037267080745,14.441668921639074,0.0,1.0,1.0,4.0,94.0
2013-10-27,TPN,CO,15,0.0,,,,,,,
2013-10-27,TPN,NO,1,0.0,,,,,,,
2013-10-27,TPN,NO2,1,0.0,,,,,,,
2013-10-27,TPN,NOX,1,0.0,,,,,,,
2013-10-27,TPN,O3,1,161.0,14.496894409937887,13.094428311118856,1.0,5.0,11.0,19.0,69.0
2013-10-27,TPN,SO2,1,161.0,2.049689440993789,1.2980814797039169,1.0,1.0,2.0,2.0,9.0
2013-10-27,UAX,CO,15,156.0,0.7166666666666668,0.40542026515438195,0.2,0.4,0.6,0.925,2.2
2013-10-27,UAX,NO,1,156.0,18.48076923076923,25.686313954434116,0.0,2.0,8.0,23.25,135.0
2013-10-27,UAX,NO2,1,156.0,25.878205128205128,12.000721993719981,4.0,18.75,24.5,32.0,85.0
2013-10-27,UAX,NOX,1,156.0,44.32051282051282,31.890535997172133,3.0,22.75,32.5,58.5,165.0
2013-10-27,UAX,O3,1,156.0,12.647435897435898,14.046376865953032,1.0,3.0,8.0,17.0,70.0
2013-10-27,UAX,PM2.5,2,0.0,,,,,,,
2013-10-27,UAX,SO2,1,156.0,3.1666666666666665,4.740808877945231,1.0,1.0,1.0,3.0,29.0
2013-10-27,UIZ,CO,15,161.0,0.8819875776397519,0.4887341044419966,0.2,0.5,0.7,1.1,2.8
2013-10-27,UIZ,NO,1,161.0,26.03105590062112,28.774863674796183,0.0,7.0,14.0,32.0,159.0
2013-10-27,UIZ,NO2,1,161.0,27.347826086956523,11.24403223357018,5.0,21.0,26.0,32.0,89.0
2013-10-27,UIZ,NOX,1,161.0,53.38509316770186,34.76565512682761,7.0,30.0,42.0,71.0,179.0
2013-10-27,UIZ,O3,1,161.0,15.111801242236025,14.528847936441778,3.0,4.0,8.0,21.0,73.0
2013-10-27,UIZ,PM10,2,156.0,34.52564102564103,19.841451793249774,4.0,20.75,31.0,40.25,117.0
2013-10-27,UIZ,PM2.5,2,156.0,17.564102564102566,12.493187556362265,1.0,9.0,14.0,22.0,68.0
2013-10-27,UIZ,PMCO,2,156.0,16.987179487179485,9.731881215540136,2.0,11.0,14.5,23.0,49.0
2013-10-27,UIZ,SO2,1,161.0,3.937888198757764,6.94054162241121,1.0,1.0,2.0,3.0,47.0
2013-10-27,VIF,CO,15,154.0,0.40649350649350685,0.33697526618866,0.1,0.2,0.3,0.5,2.2
2013-10-27,VIF,NO,1,154.0,10.818181818181818,16.757187335336525,1.0,3.0,4.0,9.0,113.0
2013-10-27,VIF,NO2,1,154.0,14.623376623376624,7.4842561744423675,2.0,8.25,14.0,19.0,42.0
2013-10-27,VIF,NOX,1,154.0,25.37012987012987,20.92218739695302,4.0,12.0,18.5,31.0,135.0
2013-10-27,VIF,O3,1,154.0,17.506493506493506,13.237521811221765,1.0,7.0,15.0,26.0,53.0
2013-10-27,VIF,PM10,2,147.0,37.83673469387755,28.47807154861018,2.0,16.5,30.0,50.0,142.0
2013-10-27,VIF,SO2,1,154.0,7.318181818181818,18.326631411550533,0.0,1.0,1.0,3.0,117.0
2013-10-27,XAL,CO,15,156.0,0.7166666666666668,0.6038407537703783,0.1,0.4,0.5,0.8250000000000001,3.2
2013-10-27,XAL,NO,1,156.0,37.85897435897436,41.19167606453748,5.0,14.0,21.0,41.0,213.0
2013-10-27,XAL,NO2,1,156.0,21.775641025641026,10.908164280644653,9.0,15.0,20.0,25.0,85.0
2013-10-27,XAL,NOX,1,156.0,59.666666666666664,47.72965985744634,13.0,30.0,42.0,67.25,243.0
2013-10-27,XAL,O3,1,156.0,17.012820512820515,11.793922535254183,2.0,6.75,16.0,24.25,47.0
2013-10-27,XAL,PM10,2,155.0,42.30967741935484,30.59954327431316,4.0,21.5,34.0,54.0,165.0
2013-10-27,XAL,PM2.5,2,155.0,18.116129032258065,15.01512433995408,1.0,8.5,13.0,21.0,84.0
2013-10-27,XAL,PMCO,2,155.0,24.2,17.973790442117174,1.0,11.0,20.0,32.5,88.0
2013-10-27,XAL,SO2,1,156.0,3.0128205128205128,5.057077033466585,0.0,0.0,1.0,3.0,31.0
2013-11-03,ACO,CO,15,152.0,0.15394736842105275,0.11673345363830767,0.0,0.1,0.1,0.2,0.7
2013-11-03,ACO,NO,1,152.0,6.381578947368421,9.54802029376509,0.0,2.0,3.0,6.0,70.0
2013-11-03,ACO,NO2,1,152.0,11.75,4.6410920158231885,2.0,8.75,11.0,14.0,26.0
2013-11-03,ACO,NOX,1,152.0,18.098684210526315,11.867792615667447,4.0,11.0,15.0,22.0,86.0
2013-11-03,ACO,O3,1,152.0,26.276315789473685,21.374056617087867,2.0,8.0,20.5,38.0,87.0
2013-11-03,ACO,PM10,2,155.0,23.193548387096776,12.496803110257419,2.0,15.0,22.0,30.0,72.0
2013-11-03,ACO,SO2,1,152.0,2.598684210526316,1.1694786772052685,1.0,2.0,2.0,3.0,12.0
2013-11-03,ATI,CO,15,153.0,0.5346405228758172,0.3399536077942937,0.1,0.3,0.4,0.8,1.7
2013-11-03,ATI,NO,1,153.0,12.045751633986928,16.802780107251465,0.0,2.0,6.0,14.0,82.0
2013-11-03,ATI,NO2,1,153.0,21.209150326797385,8.578318442423413,5.0,15.0,19.0,27.0,54.0
2013-11-03,ATI,NOX,1,153.0,33.28104575163399,20.222921308941242,6.0,19.0,26.0,44.0,101.0
2013-11-03,ATI,O3,1,153.0,19.751633986928105,19.57585820050313,0.0,5.0,13.0,26.0,79.0
2013-11-03,ATI,PM10,2,153.0,34.60130718954248,18.619224597061052,4.0,20.0,32.0,45.0,94.0
2013-11-03,ATI,SO2,1,153.0,7.96078431372549,9.225167487383565,2.0,3.0,4.0,7.0,45.0
2013-11-03,CAM,CO,15,160.0,0.5668750000000001,0.3523009496431948,0.1,0.3,0.5,0.7,2.8
2013-11-03,CAM,NO,1,160.0,21.79375,22.52269208609466,3.0,8.0,14.0,24.75,145.0
2013-11-03,CAM,NO2,1,160.0,30.36875,9.84063062035606,16.0,23.0,29.0,34.25,83.0
2013-11-03,CAM,NOX,1,160.0,52.21875,26.113605667226352,19.0,33.0,44.5,64.0,174.0
2013-11-03,CAM,O3,1,160.0,19.6375,22.400440106862447,1.0,3.0,10.0,26.0,86.0
2013-11-03,CAM,PM10,2,153.0,37.07843137254902,17.448996884063614,5.0,24.0,34.0,49.0,99.0
2013-11-03,CAM,PM2.5,2,153.0,20.790849673202615,12.709638693553577,1.0,11.0,19.0,28.0,66.0
2013-11-03,CAM,PMCO,2,153.0,16.254901960784313,8.131751779100483,1.0,11.0,15.0,21.0,55.0
2013-11-03,CAM,SO2,1,160.0,6.5375,6.417240438285556,2.0,3.0,4.0,6.25,36.0
2013-11-03,CHO,CO,15,0.0,,,,,,,
2013-11-03,CHO,NO,1,161.0,19.093167701863354,24.291922845422313,2.0,6.0,9.0,18.0,135.0
2013-11-03,CHO,NO2,1,161.0,15.372670807453416,6.536264104762368,3.0,11.0,16.0,20.0,33.0
2013-11-03,CHO,NOX,1,161.0,34.52795031055901,25.87954358943595,7.0,18.0,28.0,38.0,151.0
2013-11-03,CHO,O3,1,161.0,20.77639751552795,19.404244108982795,1.0,4.0,15.0,30.0,91.0
2013-11-03,CHO,PM10,2,161.0,33.72670807453416,20.861443974962448,1.0,19.0,30.0,43.0,114.0
2013-11-03,CHO,SO2,1,161.0,1.7267080745341614,1.7356107629583575,0.0,1.0,1.0,2.0,10.0
2013-11-03,COY,NO,1,138.0,14.028985507246377,15.185924153437256,1.0,3.0,9.0,18.75,75.0
2013-11-03,COY,NO2,1,138.0,25.528985507246375,10.44428529453581,3.0,18.0,25.0,32.0,75.0
2013-11-03,COY,NOX,1,138.0,39.55072463768116,20.09033339249084,5.0,23.0,38.0,52.0,96.0
2013-11-03,COY,O3,1,138.0,20.804347826086957,24.55021925828685,0.0,5.0,10.0,28.75,96.0
2013-11-03,COY,PM2.5,2,137.0,17.73722627737226,9.380259366313089,1.0,11.0,16.0,25.0,44.0
2013-11-03,CUA,CO,15,153.0,0.6771241830065358,0.25585170767307674,0.2,0.5,0.7,0.8,1.6
2013-11-03,CUA,NO,1,154.0,12.474025974025974,16.851212811785363,2.0,5.0,7.5,12.0,122.0
2013-11-03,CUA,NO2,1,154.0,22.51948051948052,10.075026251913304,8.0,15.0,19.0,28.0,59.0
2013-11-03,CUA,NOX,1,154.0,34.97402597402598,20.140664829245996,10.0,21.0,30.0,43.0,144.0
2013-11-03,CUA,O3,1,154.0,23.928571428571427,22.740682827527074,0.0,8.0,18.0,28.0,96.0
2013-11-03,CUA,PM10,2,150.0,26.073333333333334,13.207226345470588,2.0,17.0,24.5,33.0,66.0
2013-11-03,CUA,SO2,1,153.0,3.3594771241830066,3.151053247234564,1.0,2.0,2.0,4.0,19.0
2013-11-03,CUT,NO,1,161.0,13.24223602484472,22.813312012264753,0.0,1.0,3.0,16.0,128.0
2013-11-03,CUT,NO2,1,161.0,16.788819875776397,7.4878317438095845,4.0,11.0,16.0,22.0,43.0
2013-11-03,CUT,NOX,1,161.0,30.074534161490682,25.382955106486094,5.0,13.0,23.0,39.0,148.0
2013-11-03,CUT,O3,1,161.0,20.74534161490683,20.602572504151507,1.0,3.0,13.0,31.0,91.0
2013-11-03,CUT,PM10,2,156.0,53.044871794871796,35.48145230120678,2.0,27.75,49.0,70.25,251.0
2013-11-03,CUT,SO2,1,161.0,4.6521739130434785,7.076599527284651,0.0,1.0,2.0,4.0,44.0
2013-11-03,FAC,CO,15,160.0,0.786875,0.493367567442139,0.2,0.4,0.7,1.0,2.9
2013-11-03,FAC,NO,1,160.0,22.95625,27.086710723133994,1.0,4.0,13.0,32.5,157.0
2013-11-03,FAC,NO2,1,160.0,24.3875,10.75512895051186,6.0,17.0,23.0,30.25,61.0
2013-11-03,FAC,NOX,1,160.0,47.31875,32.12189282137142,7.0,22.0,38.5,64.25,172.0
2013-11-03,FAC,O3,1,160.0,25.225,23.807390111042647,2.0,9.0,17.0,29.25,95.0
2013-11-03,FAC,PM10,2,155.0,28.941935483870967,17.473259239116476,1.0,15.0,25.0,40.0,82.0
2013-11-03,FAC,SO2,1,160.0,6.34375,8.107025352303586,1.0,2.0,3.0,6.0,53.0
2013-11-03,HGM,CO,15,156.0,0.7724358974358979,0.27464316272591355,0.3,0.6,0.7,1.0,1.7
2013-11-03,HGM,NO,1,0.0,,,,,,,
2013-11-03,HGM,NO2,1,0.0,,,,,,,
2013-11-03,HGM,NOX,1,0.0,,,,,,,
2013-11-03,HGM,O3,1,156.0,20.25,23.170232571542197,0.0,2.75,11.0,27.25,88.0
2013-11-03,HGM,PM10,2,154.0,34.02597402597402,15.860481597229418,6.0,21.0,32.5,45.75,72.0
2013-11-03,HGM,PM2.5,2,154.0,20.09090909090909,11.77865779960981,1.0,10.0,18.0,28.0,50.0
2013-11-03,HGM,PMCO,2,154.0,13.844155844155845,5.901290287769376,2.0,9.0,13.0,17.75,30.0
2013-11-03,HGM,SO2,1,156.0,4.846153846153846,5.37275546071984,1.0,2.0,2.0,5.0,25.0
2013-11-03,IZT,CO,15,161.0,0.652795031055901,0.3811269656888046,0.1,0.4,0.6,0.8,2.0
2013-11-03,IZT,NO,1,161.0,19.77639751552795,20.526804170181816,1.0,7.0,13.0,24.0,111.0
2013-11-03,IZT,NO2,1,161.0,29.267080745341616,10.769608723147252,12.0,22.0,27.0,35.0,69.0
2013-11-03,IZT,NOX,1,161.0,49.006211180124225,24.69020476181038,14.0,30.0,44.0,60.0,139.0
2013-11-03,IZT,O3,1,161.0,19.627329192546583,23.829818472812686,0.0,2.0,10.0,25.0,83.0
2013-11-03,IZT,PM10,2,161.0,28.47826086956522,12.880744813733473,4.0,19.0,27.0,36.0,67.0
2013-11-03,IZT,SO2,1,161.0,4.316770186335404,4.728137001304599,1.0,2.0,2.0,4.0,22.0
2013-11-03,LLA,CO,15,0.0,,,,,,,
2013-11-03,LLA,NO,1,0.0,,,,,,,
2013-11-03,LLA,NO2,1,0.0,,,,,,,
2013-11-03,LLA,NOX,1,0.0,,,,,,,
2013-11-03,LLA,O3,1,0.0,,,,,,,
2013-11-03,LLA,SO2,1,0.0,,,,,,,
2013-11-03,LPR,CO,15,0.0,,,,,,,
2013-11-03,LPR,NO,1,158.0,17.145569620253166,18.194569760831012,1.0,5.25,11.0,21.0,111.0
2013-11-03,LPR,NO2,1,158.0,21.829113924050635,9.360571215336407,8.0,15.0,21.0,27.0,66.0
2013-11-03,LPR,NOX,1,158.0,38.99367088607595,23.315476076102865,9.0,22.0,33.0,49.0,138.0
2013-11-03,LPR,O3,1,155.0,23.6,21.546265533534076,1.0,8.0,17.0,30.0,92.0
2013-11-03,LPR,SO2,1,158.0,4.031645569620253,4.640476702499998,1.0,2.0,3.0,4.0,46.0
2013-11-03,MER,CO,15,156.0,1.0160256410256407,0.40329238490875724,0.5,0.7,0.9,1.2,2.6
2013-11-03,MER,NO,1,156.0,23.115384615384617,24.77953409920568,0.0,8.0,15.0,29.0,140.0
2013-11-03,MER,NO2,1,156.0,31.08974358974359,11.304793042788583,12.0,23.75,28.0,36.25,76.0
2013-11-03,MER,NOX,1,156.0,54.23717948717949,29.350850332131603,18.0,34.75,48.0,64.25,180.0
2013-11-03,MER,O3,1,156.0,19.23076923076923,22.23738385455422,0.0,2.0,10.5,25.25,82.0
2013-11-03,MER,PM10,2,161.0,41.56521739130435,17.717146570729035,12.0,30.0,39.0,51.0,122.0
2013-11-03,MER,PM2.5,2,161.0,22.043478260869566,11.18724040262329,5.0,14.0,20.0,27.0,69.0
2013-11-03,MER,PMCO,2,161.0,19.5527950310559,8.6767653975416,4.0,14.0,18.0,24.0,53.0
2013-11-03,MER,SO2,1,156.0,4.660256410256411,4.202145066467369,2.0,3.0,3.0,4.25,25.0
2013-11-03,MON,CO,15,0.0,,,,,,,
2013-11-03,MON,NO,1,115.0,9.617391304347827,17.387524570187427,0.0,0.0,2.0,8.5,85.0
2013-11-03,MON,NO2,1,115.0,11.878260869565217,4.943803184932641,3.0,9.0,12.0,15.0,25.0
2013-11-03,MON,NOX,1,115.0,21.469565217391306,19.937323607152578,3.0,9.0,14.0,23.0,100.0
2013-11-03,MON,O3,1,115.0,23.443478260869565,21.426001298777734,0.0,4.5,20.0,33.0,95.0
2013-11-03,MON,SO2,1,0.0,,,,,,,
2013-11-03,NEZ,CO,15,155.0,0.5503225806451615,0.35609246456218696,0.0,0.3,0.5,0.7,2.0
2013-11-03,NEZ,NO,1,155.0,12.64516129032258,15.502719466288488,0.0,3.0,6.0,16.0,87.0
2013-11-03,NEZ,NO2,1,155.0,22.0,9.31971796017148,6.0,14.5,21.0,26.0,52.0
2013-11-03,NEZ,NOX,1,155.0,34.70967741935484,20.650136863775714,10.0,18.0,30.0,45.5,128.0
2013-11-03,NEZ,O3,1,155.0,22.703225806451613,22.995531523452176,1.0,4.0,16.0,30.0,96.0
2013-11-03,NEZ,PM2.5,2,154.0,14.584415584415584,9.441046038963105,1.0,8.25,13.0,19.0,60.0
2013-11-03,NEZ,SO2,1,155.0,1.896774193548387,2.943569247735282,0.0,1.0,1.0,2.0,21.0
2013-11-03,PED,CO,15,156.0,0.5320512820512826,0.2409623660850663,0.1,0.4,0.5,0.7,1.2
2013-11-03,PED,NO,1,156.0,9.487179487179487,11.280864288260766,1.0,2.0,5.0,12.25,79.0
2013-11-03,PED,NO2,1,156.0,23.621794871794872,9.901021745070588,4.0,17.75,22.0,29.0,56.0
2013-11-03,PED,NOX,1,156.0,33.14102564102564,16.10828226878804,5.0,21.75,32.0,43.0,95.0
2013-11-03,PED,O3,1,156.0,23.371794871794872,24.634153566115096,1.0,6.0,14.0,31.0,93.0
2013-11-03,PED,PM10,2,129.0,32.21705426356589,17.659081074049265,6.0,21.0,28.0,40.0,102.0
2013-11-03,PED,PM2.5,2,129.0,18.51937984496124,10.734800865055815,1.0,11.0,17.0,24.0,63.0
2013-11-03,PED,PMCO,2,129.0,13.674418604651162,9.116573841342543,1.0,8.0,12.0,17.0,57.0
2013-11-03,PED,SO2,1,156.0,4.833333333333333,4.935497926749266,2.0,2.0,3.0,5.0,26.0
2013-11-03,SAG,CO,15,0.0,,,,,,,
2013-11-03,SAG,NO,1,161.0,16.906832298136646,20.637587444465268,2.0,5.0,9.0,18.0,100.0
2013-11-03,SAG,NO2,1,161.0,19.763975155279503,6.333951696956558,9.0,15.0,19.0,24.0,38.0
2013-11-03,SAG,NOX,1,161.0,36.72670807453416,22.917784463610293,12.0,22.0,30.0,42.0,122.0
2013-11-03,SAG,O3,1,161.0,22.58385093167702,21.26721626301006,2.0,6.0,15.0,30.0,89.0
2013-11-03,SAG,PM10,2,157.0,33.89808917197452,16.307613729669345,4.0,22.0,31.0,43.0,95.0
2013-11-03,SAG,PM2.5,2,157.0,17.821656050955415,10.292829956914968,1.0,11.0,16.0,24.0,51.0
2013-11-03,SAG,PMCO,2,157.0,16.159235668789808,8.30084144185529,2.0,11.0,14.0,20.0,44.0
2013-11-03,SAG,SO2,1,149.0,2.2348993288590604,3.8614331146941208,0.0,1.0,1.0,2.0,25.0
2013-11-03,SFE,CO,15,153.0,0.5594771241830068,0.2326726604211693,0.2,0.4,0.5,0.7,1.3
2013-11-03,SFE,NO,1,156.0,10.583333333333334,13.924662888527662,1.0,3.0,6.0,12.0,92.0
2013-11-03,SFE,NO2,1,156.0,23.314102564102566,11.070917721192437,6.0,16.0,21.0,29.0,77.0
2013-11-03,SFE,NOX,1,156.0,33.8974358974359,18.312054724188403,10.0,20.0,30.5,42.0,116.0
2013-11-03,SFE,O3,1,156.0,22.07051282051282,22.559487576966777,0.0,6.0,15.0,27.0,97.0
2013-11-03,SFE,PM10,2,158.0,28.974683544303797,15.14681836515894,4.0,19.0,26.0,37.75,75.0
2013-11-03,SFE,PM2.5,2,158.0,17.556962025316455,9.771591262812109,2.0,10.0,16.0,23.0,50.0
2013-11-03,SFE,PMCO,2,158.0,11.449367088607595,7.3688511824936445,1.0,7.0,10.0,14.0,41.0
2013-11-03,SFE,SO2,1,156.0,2.6025641025641026,2.7207197510229295,1.0,1.0,1.0,3.0,16.0
2013-11-03,SJA,CO,15,161.0,0.5590062111801242,0.33212799672894205,0.1,0.3,0.5,0.7,2.4
2013-11-03,SJA,NO,1,161.0,18.341614906832298,24.919898071135375,0.0,4.0,10.0,20.0,157.0
2013-11-03,SJA,NO2,1,161.0,24.944099378881987,11.001845553817876,9.0,18.0,22.0,30.0,69.0
2013-11-03,SJA,NOX,1,161.0,43.2360248447205,28.693752701579125,11.0,22.0,36.0,56.0,182.0
2013-11-03,SJA,O3,1,161.0,19.546583850931675,20.74215222396142,1.0,2.0,12.0,27.0,76.0
2013-11-03,SJA,PM2.5,2,158.0,15.082278481012658,9.848511924760281,1.0,8.0,14.0,20.0,54.0
2013-11-03,SJA,SO2,1,161.0,2.527950310559006,2.768262342610532,0.0,1.0,2.0,2.0,18.0
2013-11-03,SUR,CO,15,161.0,0.9167701863354033,0.37084970420048846,0.4,0.6,0.9,1.1,1.9
2013-11-03,SUR,NO,1,161.0,13.546583850931677,15.480613000846812,1.0,4.0,9.0,17.0,87.0
2013-11-03,SUR,NO2,1,161.0,25.770186335403725,11.398052710444102,6.0,19.0,24.0,30.0,72.0
2013-11-03,SUR,NOX,1,161.0,39.32919254658385,20.22089772905605,10.0,26.0,36.0,51.0,109.0
2013-11-03,SUR,O3,1,161.0,22.869565217391305,25.697307844106597,1.0,6.0,12.0,32.0,103.0
2013-11-03,SUR,PM10,2,152.0,30.138157894736842,16.6741459632583,1.0,17.0,29.5,43.0,76.0
2013-11-03,SUR,SO2,1,161.0,5.6397515527950315,4.493819081570619,3.0,3.0,4.0,6.0,25.0
2013-11-03,TAH,CO,15,161.0,0.49130434782608773,0.2606221652958133,0.0,0.3,0.4,0.7,1.3
2013-11-03,TAH,NO,1,161.0,8.919254658385093,8.919763978995958,2.0,3.0,5.0,12.0,55.0
2013-11-03,TAH,NO2,1,161.0,15.26086956521739,7.6268618539429704,2.0,10.0,15.0,20.0,36.0
2013-11-03,TAH,NOX,1,161.0,24.17391304347826,13.490536135283554,4.0,14.0,22.0,33.0,68.0
2013-11-03,TAH,O3,1,161.0,24.043478260869566,23.614706177000944,1.0,5.0,17.0,34.0,102.0
2013-11-03,TAH,PM10,2,153.0,24.50326797385621,14.522271545079764,1.0,12.0,24.0,36.0,65.0
2013-11-03,TAH,SO2,1,161.0,2.229813664596273,2.062305891487025,1.0,1.0,2.0,2.0,13.0
2013-11-03,TLA,CO,15,156.0,0.9173076923076923,0.3146249096096783,0.3,0.7,0.9,1.1,2.0
2013-11-03,TLA,NO,1,156.0,23.852564102564102,23.474847070766277,2.0,10.0,16.0,26.25,119.0
2013-11-03,TLA,NO2,1,156.0,30.346153846153847,8.6953111919336,12.0,24.0,30.0,35.0,71.0
2013-11-03,TLA,NOX,1,156.0,54.22435897435897,26.498587599110362,14.0,38.0,47.0,64.25,152.0
2013-11-03,TLA,O3,1,143.0,21.412587412587413,23.03161595283743,1.0,3.0,12.0,30.5,85.0
2013-11-03,TLA,PM10,2,160.0,42.05625,16.96398214605204,14.0,30.0,41.0,53.0,99.0
2013-11-03,TLA,PM2.5,2,160.0,21.5,9.858112899389361,2.0,14.0,20.0,28.25,51.0
2013-11-03,TLA,PMCO,2,160.0,20.54375,9.634089679999052,5.0,15.0,19.0,24.0,56.0
2013-11-03,TLA,SO2,1,156.0,7.115384615384615,8.331023666692326,1.0,3.0,3.0,7.0,41.0
2013-11-03,TLI,CO,15,158.0,0.6607594936708858,0.2290482782358326,0.4,0.5,0.6,0.8,1.6
2013-11-03,TLI,NO,1,158.0,13.145569620253164,17.773101392637038,0.0,3.0,6.0,14.0,107.0
2013-11-03,TLI,NO2,1,158.0,22.139240506329113,8.709368522254522,7.0,16.0,21.5,27.0,47.0
2013-11-03,TLI,NOX,1,158.0,35.31645569620253,22.62913082467354,7.0,19.0,29.5,46.75,135.0
2013-11-03,TLI,O3,1,158.0,21.28481012658228,22.28337810505031,0.0,4.25,13.0,30.25,85.0
2013-11-03,TLI,PM10,2,148.0,34.21621621621622,21.807924834462938,1.0,16.0,32.0,47.5,103.0
2013-11-03,TLI,SO2,1,158.0,6.639240506329114,10.13741154315496,0.0,1.25,2.5,6.0,64.0
2013-11-03,TPN,CO,15,0.0,,,,,,,
2013-11-03,TPN,NO,1,0.0,,,,,,,
2013-11-03,TPN,NO2,1,0.0,,,,,,,
2013-11-03,TPN,NOX,1,0.0,,,,,,,
2013-11-03,TPN,O3,1,123.0,19.422764227642276,19.645634450232258,2.0,5.0,12.0,26.5,89.0
2013-11-03,TPN,SO2,1,123.0,2.5365853658536586,1.4726617082674511,1.0,2.0,2.0,3.0,10.0
2013-11-03,UAX,CO,15,154.0,0.6227272727272727,0.27404563507016505,0.2,0.4,0.6,0.8,1.4
2013-11-03,UAX,NO,1,156.0,8.576923076923077,13.437088039735132,0.0,0.0,2.5,10.25,71.0
2013-11-03,UAX,NO2,1,156.0,21.80128205128205,9.82059709885292,3.0,16.0,21.0,27.0,52.0
2013-11-03,UAX,NOX,1,156.0,30.352564102564102,17.93493778586815,4.0,18.0,26.0,41.25,87.0
2013-11-03,UAX,O3,1,156.0,20.608974358974358,21.822620320459947,1.0,4.0,12.0,29.25,94.0
2013-11-03,UAX,PM2.5,2,66.0,16.257575757575758,8.688295585814293,3.0,9.0,14.0,24.75,38.0
2013-11-03,UAX,SO2,1,156.0,3.0,3.8268996969247286,1.0,1.0,1.0,3.0,22.0
2013-11-03,UIZ,CO,15,157.0,0.8178343949044586,0.4403528865658121,0.3,0.5,0.7,1.0,2.7
2013-11-03,UIZ,NO,1,157.0,16.719745222929937,19.937027269503574,0.0,2.0,8.0,25.0,112.0
2013-11-03,UIZ,NO2,1,157.0,23.75796178343949,10.286536678818775,4.0,17.0,23.0,28.0,68.0
2013-11-03,UIZ,NOX,1,157.0,40.46496815286624,25.45094040437265,6.0,20.0,34.0,54.0,135.0
2013-11-03,UIZ,O3,1,157.0,24.64968152866242,26.164143168054228,3.0,4.0,14.0,33.0,110.0
2013-11-03,UIZ,PM10,2,156.0,36.23076923076923,19.89548373256739,5.0,21.0,34.0,47.0,118.0
2013-11-03,UIZ,PM2.5,2,156.0,19.743589743589745,12.839893374530545,2.0,11.0,16.5,26.25,70.0
2013-11-03,UIZ,PMCO,2,156.0,16.46153846153846,9.328682523157601,1.0,9.75,14.0,21.0,63.0
2013-11-03,UIZ,SO2,1,157.0,2.6815286624203822,3.295370133213916,0.0,1.0,2.0,2.0,20.0
2013-11-03,VIF,CO,15,153.0,0.40522875816993453,0.25151929131652845,0.0,0.2,0.3,0.5,1.4
2013-11-03,VIF,NO,1,153.0,9.18954248366013,11.85590660809319,1.0,2.0,4.0,10.0,73.0
2013-11-03,VIF,NO2,1,153.0,15.300653594771243,7.414499457251472,3.0,10.0,14.0,19.0,34.0
2013-11-03,VIF,NOX,1,153.0,24.535947712418302,16.192113960924424,5.0,13.0,19.0,34.0,92.0
2013-11-03,VIF,O3,1,153.0,22.18300653594771,20.10414918830149,1.0,7.0,16.0,30.0,87.0
2013-11-03,VIF,PM10,2,152.0,39.53947368421053,24.267789018102114,3.0,22.75,34.0,52.25,128.0
2013-11-03,VIF,SO2,1,153.0,5.313725490196078,8.159165485768051,0.0,1.0,2.0,5.0,58.0
2013-11-03,XAL,CO,15,155.0,0.7516129032258065,0.4296411729510608,0.2,0.5,0.6,0.9,2.3
2013-11-03,XAL,NO,1,155.0,28.89677419354839,30.398900824615076,2.0,10.0,19.0,33.0,162.0
2013-11-03,XAL,NO2,1,155.0,25.47741935483871,9.444530805084728,11.0,20.0,23.0,29.0,66.0
2013-11-03,XAL,NOX,1,155.0,54.39354838709677,34.351411013608896,14.0,30.5,43.0,64.0,188.0
2013-11-03,XAL,O3,1,155.0,22.574193548387097,20.61267684182897,2.0,5.5,18.0,28.5,85.0
2013-11-03,XAL,PM10,2,160.0,50.5875,23.646874751953828,11.0,35.0,45.0,59.25,136.0
2013-11-03,XAL,PM2.5,2,160.0,23.53125,12.517621227492409,1.0,15.75,21.0,30.0,74.0
2013-11-03,XAL,PMCO,2,160.0,27.0,14.370654935334027,7.0,17.75,23.0,33.0,79.0
2013-11-03,XAL,SO2,1,155.0,2.554838709677419,2.89006793494923,0.0,1.0,2.0,3.0,17.0
2013-11-10,ACO,CO,15,143.0,0.19160839160839163,0.15174872832680775,0.0,0.1,0.2,0.25,0.9
2013-11-10,ACO,NO,1,148.0,7.966216216216216,10.3031700692914,0.0,2.0,3.0,9.0,47.0
2013-11-10,ACO,NO2,1,148.0,11.10135135135135,5.429498498364251,2.0,6.0,11.0,15.0,26.0
2013-11-10,ACO,NOX,1,148.0,19.08783783783784,13.819501676463211,3.0,8.0,14.5,25.25,63.0
2013-11-10,ACO,O3,1,148.0,22.7972972972973,16.656170624023733,2.0,7.0,22.0,33.25,73.0
2013-11-10,ACO,PM10,2,153.0,21.163398692810457,11.679073456141358,1.0,13.0,20.0,29.0,68.0
2013-11-10,ACO,SO2,1,148.0,3.141891891891892,2.692923796409236,2.0,2.0,2.0,3.0,18.0
2013-11-10,ATI,CO,15,161.0,0.34099378881987596,0.32238797466900065,0.0,0.1,0.2,0.4,1.7
2013-11-10,ATI,NO,1,161.0,12.546583850931677,18.99044177690417,0.0,3.0,5.0,13.0,116.0
2013-11-10,ATI,NO2,1,161.0,17.06832298136646,7.034845612736008,8.0,11.0,16.0,21.0,46.0
2013-11-10,ATI,NOX,1,161.0,29.577639751552795,23.255547658449366,9.0,15.0,21.0,33.0,136.0
2013-11-10,ATI,O3,1,161.0,18.012422360248447,15.089726462745995,1.0,4.0,15.0,29.0,55.0
2013-11-10,ATI,PM10,2,161.0,36.2111801242236,21.19976707946581,2.0,20.0,35.0,47.0,140.0
2013-11-10,ATI,SO2,1,161.0,8.453416149068323,10.111843495722606,2.0,3.0,4.0,9.0,60.0
2013-11-10,CAM,CO,15,158.0,0.559493670886076,0.3520708481616908,0.1,0.4,0.4,0.6,2.1
2013-11-10,CAM,NO,1,158.0,31.651898734177216,33.22878178698407,3.0,11.0,19.0,36.0,173.0
2013-11-10,CAM,NO2,1,158.0,28.626582278481013,8.89606237750148,13.0,22.25,28.0,32.0,60.0
2013-11-10,CAM,NOX,1,158.0,60.30379746835443,37.40818209159874,17.0,35.0,48.5,68.75,200.0
2013-11-10,CAM,O3,1,158.0,14.955696202531646,15.99336842533954,1.0,2.0,9.0,22.75,64.0
2013-11-10,CAM,PM10,2,145.0,45.5448275862069,21.95638963894136,7.0,31.0,42.0,58.0,113.0
2013-11-10,CAM,PM2.5,2,145.0,24.09655172413793,14.774379164401003,2.0,14.0,21.0,30.0,67.0
2013-11-10,CAM,PMCO,2,145.0,21.47586206896552,9.3934690363251,3.0,15.0,20.0,25.0,53.0
2013-11-10,CAM,SO2,1,158.0,8.721518987341772,10.171067632567459,2.0,3.0,4.0,10.0,58.0
2013-11-10,CHO,CO,15,0.0,,,,,,,
2013-11-10,CHO,NO,1,161.0,27.62111801242236,40.57060883499578,1.0,6.0,10.0,29.0,223.0
2013-11-10,CHO,NO2,1,161.0,19.84472049689441,6.716173581559649,6.0,15.0,19.0,24.0,44.0
2013-11-10,CHO,NOX,1,161.0,47.42857142857143,41.154695097539324,8.0,25.0,33.0,53.0,239.0
2013-11-10,CHO,O3,1,161.0,22.472049689440993,20.690294255943183,1.0,4.0,15.0,40.0,73.0
2013-11-10,CHO,PM10,2,159.0,46.40251572327044,30.742523943899062,1.0,26.0,44.0,60.5,163.0
2013-11-10,CHO,SO2,1,161.0,2.0559006211180124,1.5051928747048022,0.0,1.0,2.0,3.0,9.0
2013-11-10,COY,NO,1,155.0,19.406451612903226,21.15640481272553,1.0,6.0,11.0,28.0,148.0
2013-11-10,COY,NO2,1,155.0,27.083870967741934,8.766787116548395,11.0,21.0,26.0,31.0,66.0
2013-11-10,COY,NOX,1,155.0,46.52258064516129,24.592876036335888,12.0,29.0,42.0,57.0,173.0
2013-11-10,COY,O3,1,155.0,16.690322580645162,17.491210312810107,0.0,3.0,11.0,23.0,68.0
2013-11-10,COY,PM2.5,2,159.0,22.29559748427673,12.23429163816151,4.0,14.0,20.0,29.0,62.0
2013-11-10,CUA,CO,15,150.0,0.568,0.28575110021689787,0.2,0.4,0.5,0.6,2.6
2013-11-10,CUA,NO,1,150.0,14.74,20.141256200701136,1.0,5.0,8.0,15.0,173.0
2013-11-10,CUA,NO2,1,150.0,19.993333333333332,6.643861441555364,7.0,15.0,20.0,24.0,43.0
2013-11-10,CUA,NOX,1,150.0,34.75333333333333,24.29790961447322,9.0,21.25,29.0,38.75,208.0
2013-11-10,CUA,O3,1,150.0,20.873333333333335,16.383121395712926,0.0,8.0,18.0,28.75,63.0
2013-11-10,CUA,PM10,2,156.0,27.262820512820515,14.175450009122281,1.0,17.0,26.5,36.0,76.0
2013-11-10,CUA,SO2,1,150.0,3.7933333333333334,4.456044332835666,1.0,1.0,2.0,4.0,30.0
2013-11-10,CUT,NO,1,157.0,16.21656050955414,25.44786487223652,0.0,2.0,4.0,19.0,142.0
2013-11-10,CUT,NO2,1,157.0,15.439490445859873,7.477605522764276,4.0,9.0,15.0,20.0,38.0
2013-11-10,CUT,NOX,1,157.0,31.62420382165605,28.895792882652735,6.0,12.0,20.0,43.0,157.0
2013-11-10,CUT,O3,1,157.0,17.471337579617835,15.67562230783434,1.0,2.0,15.0,29.0,60.0
2013-11-10,CUT,PM10,2,159.0,56.704402515723274,36.7274521303732,3.0,31.0,51.0,70.0,227.0
2013-11-10,CUT,SO2,1,157.0,6.439490445859873,11.592624522878056,1.0,1.0,2.0,6.0,94.0
2013-11-10,FAC,CO,15,161.0,0.761490683229814,0.5447547741646277,0.2,0.5,0.6,0.8,3.5
2013-11-10,FAC,NO,1,161.0,25.52173913043478,37.547484429140155,1.0,7.0,12.0,27.0,210.0
2013-11-10,FAC,NO2,1,161.0,20.832298136645964,9.285900619248466,6.0,15.0,19.0,24.0,63.0
2013-11-10,FAC,NOX,1,161.0,46.391304347826086,41.57270347130485,8.0,23.0,32.0,48.0,232.0
2013-11-10,FAC,O3,1,161.0,20.354037267080745,16.34411588993429,2.0,6.0,17.0,32.0,58.0
2013-11-10,FAC,PM10,2,159.0,32.874213836477985,21.40943307367719,2.0,18.0,29.0,42.0,119.0
2013-11-10,FAC,SO2,1,161.0,6.627329192546584,7.959915103014915,2.0,2.0,3.0,7.0,44.0
2013-11-10,HGM,CO,15,152.0,0.6861842105263155,0.38550720732738525,0.2,0.5,0.6,0.8,2.2
2013-11-10,HGM,NO,1,96.0,20.322916666666668,27.432402965400975,0.0,4.0,8.0,22.25,123.0
2013-11-10,HGM,NO2,1,96.0,27.375,8.098407900712077,11.0,22.0,26.0,32.0,55.0
2013-11-10,HGM,NOX,1,96.0,47.552083333333336,31.679270921856,11.0,26.0,37.5,57.0,170.0
2013-11-10,HGM,O3,1,152.0,16.598684210526315,17.62946805642748,0.0,2.0,10.0,26.0,68.0
2013-11-10,HGM,PM10,2,150.0,40.026666666666664,19.22349885628017,7.0,27.0,38.5,51.75,96.0
2013-11-10,HGM,PM2.5,2,150.0,21.746666666666666,13.961686147793376,3.0,11.25,19.0,30.0,71.0
2013-11-10,HGM,PMCO,2,150.0,18.206666666666667,7.849504465757173,4.0,13.0,18.0,23.0,42.0
2013-11-10,HGM,SO2,1,152.0,5.776315789473684,6.554102267692972,1.0,2.0,3.0,7.0,35.0
2013-11-10,IZT,CO,15,159.0,0.5993710691823901,0.40713523013048925,0.0,0.3,0.5,0.8,2.3
2013-11-10,IZT,NO,1,159.0,25.345911949685533,28.670318842823505,1.0,7.0,15.0,31.5,155.0
2013-11-10,IZT,NO2,1,159.0,28.339622641509433,9.97835010123293,9.0,21.5,27.0,34.0,67.0
2013-11-10,IZT,NOX,1,159.0,53.666666666666664,33.0141256048298,10.0,31.0,45.0,62.5,197.0
2013-11-10,IZT,O3,1,159.0,17.18867924528302,19.39664913359148,0.0,2.0,9.0,27.0,73.0
2013-11-10,IZT,PM10,2,159.0,31.71698113207547,15.522597686277301,2.0,22.0,30.0,40.0,89.0
2013-11-10,IZT,SO2,1,159.0,4.245283018867925,4.7703156241039775,1.0,2.0,2.0,5.0,34.0
2013-11-10,LLA,CO,15,0.0,,,,,,,
2013-11-10,LLA,NO,1,0.0,,,,,,,
2013-11-10,LLA,NO2,1,0.0,,,,,,,
2013-11-10,LLA,NOX,1,0.0,,,,,,,
2013-11-10,LLA,O3,1,0.0,,,,,,,
2013-11-10,LLA,SO2,1,0.0,,,,,,,
2013-11-10,LPR,CO,15,0.0,,,,,,,
2013-11-10,LPR,NO,1,157.0,25.229299363057326,34.28628951731193,1.0,8.0,12.0,24.0,195.0
2013-11-10,LPR,NO2,1,157.0,21.808917197452228,12.065065992764671,4.0,12.0,20.0,28.0,62.0
2013-11-10,LPR,NOX,1,157.0,46.99363057324841,41.977481267095044,4.0,21.0,33.0,54.0,225.0
2013-11-10,LPR,O3,1,138.0,21.608695652173914,16.3940681735486,2.0,5.5,20.5,32.0,59.0
2013-11-10,LPR,SO2,1,157.0,5.789808917197452,7.050215351442453,2.0,2.0,3.0,6.0,43.0
2013-11-10,MER,CO,15,155.0,0.9580645161290324,0.4227109429210302,0.3,0.7,0.9,1.2,2.7
2013-11-10,MER,NO,1,155.0,30.18064516129032,29.34556117405194,1.0,10.0,18.0,37.5,128.0
2013-11-10,MER,NO2,1,155.0,31.677419354838708,10.04789535620437,12.0,25.0,30.0,36.0,66.0
2013-11-10,MER,NOX,1,155.0,61.85806451612903,33.975437787509854,14.0,37.0,51.0,79.0,178.0
2013-11-10,MER,O3,1,155.0,15.993548387096775,17.54826249370485,0.0,2.0,10.0,25.0,65.0
2013-11-10,MER,PM10,2,160.0,48.6875,19.74688495456448,6.0,34.0,46.0,62.25,97.0
2013-11-10,MER,PM2.5,2,160.0,24.78125,13.429373548284785,1.0,14.75,22.0,33.0,69.0
2013-11-10,MER,PMCO,2,160.0,23.875,9.815755528932737,4.0,17.75,24.0,31.0,49.0
2013-11-10,MER,SO2,1,155.0,4.961290322580645,6.331619139024308,1.0,2.0,3.0,6.0,38.0
2013-11-10,MON,CO,15,0.0,,,,,,,
2013-11-10,MON,NO,1,115.0,12.391304347826088,21.428664051232758,0.0,1.0,2.0,14.5,125.0
2013-11-10,MON,NO2,1,115.0,12.704347826086957,6.053814098658271,4.0,8.0,12.0,15.0,31.0
2013-11-10,MON,NOX,1,115.0,25.026086956521738,24.050189067924162,4.0,10.0,16.0,30.5,143.0
2013-11-10,MON,O3,1,157.0,22.484076433121018,20.559359056513255,1.0,4.0,18.0,33.0,78.0
2013-11-10,MON,SO2,1,0.0,,,,,,,
2013-11-10,NEZ,CO,15,160.0,0.5906250000000004,0.498651877534371,0.0,0.3,0.5,0.7,3.1
2013-11-10,NEZ,NO,1,160.0,17.09375,25.676457384858956,0.0,4.0,7.0,18.0,159.0
2013-11-10,NEZ,NO2,1,160.0,23.125,9.186913032634106,8.0,17.0,21.5,28.0,52.0
2013-11-10,NEZ,NOX,1,160.0,40.18125,30.067821006233427,9.0,22.0,30.5,46.25,187.0
2013-11-10,NEZ,O3,1,160.0,20.875,20.08965752875448,1.0,4.0,13.5,30.5,75.0
2013-11-10,NEZ,PM2.5,2,159.0,16.452830188679247,10.818817475102778,1.0,8.0,15.0,22.0,63.0
2013-11-10,NEZ,SO2,1,160.0,2.76875,2.9699159825483674,0.0,1.0,2.0,3.0,15.0
2013-11-10,PED,CO,15,156.0,0.5275641025641029,0.21479884601982266,0.2,0.4,0.5,0.6,1.4
2013-11-10,PED,NO,1,156.0,12.576923076923077,13.982956658842825,1.0,4.0,8.0,16.0,77.0
2013-11-10,PED,NO2,1,156.0,23.294871794871796,8.215813193778828,9.0,17.0,21.5,28.0,65.0
2013-11-10,PED,NOX,1,156.0,35.87179487179487,18.60375194510694,10.0,24.75,33.0,41.0,117.0
2013-11-10,PED,O3,1,156.0,18.98076923076923,18.50352055563626,1.0,4.0,12.5,31.0,70.0
2013-11-10,PED,PM10,2,150.0,32.56,15.667895615561598,6.0,21.0,31.0,42.0,86.0
2013-11-10,PED,PM2.5,2,150.0,17.093333333333334,10.267788079026278,1.0,10.0,15.0,22.0,52.0
2013-11-10,PED,PMCO,2,150.0,15.54,8.044865801976568,1.0,8.25,15.0,20.0,36.0
2013-11-10,PED,SO2,1,156.0,3.198717948717949,2.9499477782034327,1.0,2.0,2.0,3.0,17.0
2013-11-10,SAG,CO,15,0.0,,,,,,,
2013-11-10,SAG,NO,1,157.0,20.40764331210191,23.002495799372806,2.0,6.0,11.0,24.0,117.0
2013-11-10,SAG,NO2,1,157.0,19.503184713375795,6.590226061082812,7.0,14.0,19.0,24.0,42.0
2013-11-10,SAG,NOX,1,157.0,39.93630573248408,26.162137823497382,9.0,21.0,31.0,50.0,136.0
2013-11-10,SAG,O3,1,157.0,19.019108280254777,16.172733994002503,2.0,5.0,16.0,27.0,65.0
2013-11-10,SAG,PM10,2,158.0,36.54430379746835,19.002043113987646,5.0,24.0,33.5,47.0,105.0
2013-11-10,SAG,PM2.5,2,158.0,17.968354430379748,12.51059214210864,1.0,9.0,15.0,25.0,57.0
2013-11-10,SAG,PMCO,2,158.0,18.531645569620252,8.346532050789289,3.0,13.0,18.0,24.0,54.0
2013-11-10,SAG,SO2,1,157.0,4.872611464968153,7.834609373412964,0.0,1.0,2.0,5.0,50.0
2013-11-10,SFE,CO,15,156.0,0.5166666666666665,0.20472903676475346,0.2,0.4,0.5,0.6,1.2
2013-11-10,SFE,NO,1,156.0,12.237179487179487,20.71157138926782,1.0,3.0,5.0,10.0,128.0
2013-11-10,SFE,NO2,1,156.0,20.403846153846153,6.9419517996801074,8.0,16.0,20.0,24.0,54.0
2013-11-10,SFE,NOX,1,156.0,32.58974358974359,23.932397206775214,9.0,20.75,26.0,34.0,153.0
2013-11-10,SFE,O3,1,156.0,20.48076923076923,16.607604614072727,1.0,8.0,14.0,30.5,64.0
2013-11-10,SFE,PM10,2,161.0,30.229813664596275,14.579201130036655,3.0,19.0,29.0,41.0,71.0
2013-11-10,SFE,PM2.5,2,161.0,16.472049689440993,8.83392757483983,2.0,10.0,15.0,21.0,42.0
2013-11-10,SFE,PMCO,2,161.0,13.782608695652174,7.809205827238381,1.0,7.0,13.0,20.0,32.0
2013-11-10,SFE,SO2,1,156.0,2.5,2.682079116487203,1.0,1.0,2.0,3.0,20.0
2013-11-10,SJA,CO,15,159.0,0.5647798742138367,0.40301684557873935,0.1,0.3,0.5,0.7,2.3
2013-11-10,SJA,NO,1,159.0,22.358490566037737,31.56373560436289,0.0,3.5,8.0,27.5,158.0
2013-11-10,SJA,NO2,1,159.0,22.352201257861637,9.397776713090831,6.0,15.5,22.0,28.0,56.0
2013-11-10,SJA,NOX,1,159.0,44.723270440251575,36.4726205529027,6.0,19.0,33.0,57.0,187.0
2013-11-10,SJA,O3,1,159.0,18.358490566037737,18.16356173558421,1.0,3.0,13.0,27.5,69.0
2013-11-10,SJA,PM2.5,2,149.0,18.436241610738254,11.695646075801847,1.0,9.0,17.0,23.0,64.0
2013-11-10,SJA,SO2,1,158.0,3.651898734177215,5.135026733772555,0.0,1.0,2.0,4.0,41.0
2013-11-10,SUR,CO,15,161.0,0.8913043478260865,0.38330655230960814,0.2,0.7,0.8,1.0,2.2
2013-11-10,SUR,NO,1,161.0,18.84472049689441,22.699823514239913,1.0,5.0,10.0,23.0,143.0
2013-11-10,SUR,NO2,1,161.0,25.925465838509318,9.593326322912622,9.0,20.0,25.0,30.0,67.0
2013-11-10,SUR,NOX,1,161.0,44.745341614906835,26.123810858847143,10.0,26.0,39.0,55.0,163.0
2013-11-10,SUR,O3,1,161.0,20.987577639751553,20.353742769340897,1.0,5.0,14.0,30.0,77.0
2013-11-10,SUR,PM10,2,158.0,31.018987341772153,19.116961994801027,1.0,16.25,29.0,43.0,102.0
2013-11-10,SUR,SO2,1,161.0,5.204968944099379,3.3505932542281975,3.0,3.0,4.0,5.0,21.0
2013-11-10,TAH,CO,15,159.0,0.6125786163522012,0.36138659449277566,0.1,0.4,0.6,0.7,2.9
2013-11-10,TAH,NO,1,159.0,11.49685534591195,16.611675859427592,2.0,4.0,6.0,11.0,129.0
2013-11-10,TAH,NO2,1,159.0,19.72327044025157,6.939988645601859,6.0,14.0,19.0,24.0,48.0
2013-11-10,TAH,NOX,1,159.0,31.18867924528302,19.612115156269976,8.0,18.5,27.0,36.5,148.0
2013-11-10,TAH,O3,1,159.0,26.47798742138365,23.164201013247123,1.0,8.0,19.0,44.5,89.0
2013-11-10,TAH,PM10,2,153.0,32.26143790849673,19.554502524264027,2.0,16.0,30.0,48.0,80.0
2013-11-10,TAH,SO2,1,159.0,2.3836477987421385,1.4617431164402024,1.0,2.0,2.0,3.0,8.0
2013-11-10,TLA,CO,15,154.0,0.8487012987012984,0.34871135562350974,0.3,0.6,0.8,1.0,2.3
2013-11-10,TLA,NO,1,156.0,31.525641025641026,31.748294080246108,1.0,12.0,18.0,36.25,173.0
2013-11-10,TLA,NO2,1,156.0,26.435897435897434,8.748957163426804,11.0,20.0,25.5,31.0,62.0
2013-11-10,TLA,NOX,1,156.0,57.967948717948715,36.388480962151164,12.0,34.0,44.5,66.25,203.0
2013-11-10,TLA,O3,1,139.0,17.323741007194243,15.077200287591424,1.0,4.0,13.0,27.0,55.0
2013-11-10,TLA,PM10,2,156.0,50.37179487179487,24.643318259158345,10.0,36.0,45.0,57.0,155.0
2013-11-10,TLA,PM2.5,2,156.0,24.205128205128204,15.20217214900468,2.0,13.75,21.0,29.0,85.0
2013-11-10,TLA,PMCO,2,156.0,26.07051282051282,11.493118378312264,6.0,19.0,24.0,32.0,73.0
2013-11-10,TLA,SO2,1,156.0,11.551282051282051,15.503296162240058,1.0,3.0,5.5,12.5,97.0
2013-11-10,TLI,CO,15,161.0,0.6242236024844722,0.2609541141454582,0.3,0.4,0.5,0.7,1.9
2013-11-10,TLI,NO,1,155.0,17.483870967741936,23.20192413614883,0.0,3.0,7.0,23.5,143.0
2013-11-10,TLI,NO2,1,155.0,21.2,9.681552950455192,6.0,12.5,22.0,28.0,57.0
2013-11-10,TLI,NOX,1,155.0,38.76129032258064,30.287815018320437,7.0,16.0,31.0,50.0,191.0
2013-11-10,TLI,O3,1,161.0,16.608695652173914,16.286180458076824,0.0,2.0,12.0,28.0,56.0
2013-11-10,TLI,PM10,2,156.0,40.0,24.503061033266842,1.0,23.75,37.5,53.0,116.0
2013-11-10,TLI,SO2,1,161.0,9.919254658385093,16.28380144318254,1.0,2.0,3.0,10.0,110.0
2013-11-10,TPN,CO,15,0.0,,,,,,,
2013-11-10,TPN,NO,1,67.0,15.507462686567164,13.785558027557766,1.0,4.5,12.0,21.5,65.0
2013-11-10,TPN,NO2,1,67.0,17.611940298507463,8.893230697491544,5.0,9.0,17.0,24.0,42.0
2013-11-10,TPN,NOX,1,67.0,33.149253731343286,18.72791930663567,6.0,15.0,32.0,42.5,89.0
2013-11-10,TPN,O3,1,140.0,17.992857142857144,17.30700212957916,2.0,6.0,10.5,25.0,76.0
2013-11-10,TPN,SO2,1,142.0,2.823943661971831,2.2131114638475484,1.0,2.0,2.0,3.0,13.0
2013-11-10,UAX,CO,15,156.0,0.7294871794871793,0.3025094930460221,0.3,0.5,0.7,0.9,1.9
2013-11-10,UAX,NO,1,156.0,13.121794871794872,18.697366710821644,0.0,1.0,4.0,19.5,97.0
2013-11-10,UAX,NO2,1,156.0,24.256410256410255,9.31933252135082,7.0,19.0,23.0,28.0,67.0
2013-11-10,UAX,NOX,1,156.0,37.3974358974359,22.410734607348896,6.0,20.0,33.0,48.0,114.0
2013-11-10,UAX,O3,1,156.0,19.891025641025642,18.571422277060165,1.0,5.0,13.0,33.25,71.0
2013-11-10,UAX,PM2.5,2,159.0,17.440251572327043,11.210071869917508,1.0,9.0,16.0,22.0,58.0
2013-11-10,UAX,SO2,1,156.0,2.5576923076923075,2.4710984487519543,1.0,1.0,2.0,3.0,15.0
2013-11-10,UIZ,CO,15,153.0,0.8653594771241828,0.47742735207043563,0.2,0.6,0.8,1.0,3.2
2013-11-10,UIZ,NO,1,153.0,21.797385620915033,28.04774113175139,0.0,4.0,11.0,28.0,171.0
2013-11-10,UIZ,NO2,1,153.0,26.718954248366014,10.334827116637593,8.0,20.0,25.0,31.0,69.0
2013-11-10,UIZ,NOX,1,153.0,48.509803921568626,32.99224742409768,8.0,27.0,40.0,59.0,205.0
2013-11-10,UIZ,O3,1,153.0,20.405228758169933,20.213803877970676,3.0,5.0,12.0,26.0,86.0
2013-11-10,UIZ,PM10,2,154.0,41.298701298701296,21.3841703930826,5.0,25.0,41.5,53.0,121.0
2013-11-10,UIZ,PM2.5,2,154.0,21.7987012987013,13.792287259364736,1.0,11.0,18.0,30.0,75.0
2013-11-10,UIZ,PMCO,2,154.0,19.506493506493506,11.081543717079867,1.0,12.0,18.0,26.0,62.0
2013-11-10,UIZ,SO2,1,153.0,3.0065359477124183,3.6082812864921228,1.0,1.0,2.0,3.0,30.0
2013-11-10,VIF,CO,15,158.0,0.37848101265822803,0.2835942585082438,0.1,0.2,0.3,0.5,1.8
2013-11-10,VIF,NO,1,158.0,11.082278481012658,13.978129044716399,1.0,3.0,5.0,13.75,84.0
2013-11-10,VIF,NO2,1,158.0,14.955696202531646,7.881563536490124,4.0,7.0,16.0,21.0,34.0
2013-11-10,VIF,NOX,1,158.0,25.955696202531644,19.36651024162501,6.0,11.0,20.5,37.0,111.0
2013-11-10,VIF,O3,1,158.0,20.158227848101266,17.534142182108717,1.0,3.0,17.0,32.0,64.0
2013-11-10,VIF,PM10,2,152.0,55.18421052631579,31.0657113959775,4.0,36.25,50.0,70.25,166.0
2013-11-10,VIF,SO2,1,160.0,9.93125,17.85339383376864,0.0,1.0,2.0,6.0,108.0
2013-11-10,XAL,CO,15,137.0,0.7832116788321167,0.5868120932664717,0.1,0.4,0.6,0.9,3.2
2013-11-10,XAL,NO,1,137.0,41.40875912408759,43.55516359347978,2.0,15.0,23.0,49.0,224.0
2013-11-10,XAL,NO2,1,137.0,24.81021897810219,9.99230059972304,5.0,18.0,23.0,29.0,62.0
2013-11-10,XAL,NOX,1,137.0,66.2043795620438,48.5706184918249,7.0,34.0,51.0,81.0,271.0
2013-11-10,XAL,O3,1,137.0,18.48175182481752,15.520907241989004,2.0,3.0,16.0,28.0,56.0
2013-11-10,XAL,PM10,2,154.0,57.616883116883116,32.728272851104045,5.0,36.0,51.0,69.75,175.0
2013-11-10,XAL,PM2.5,2,154.0,24.227272727272727,17.979480943481903,2.0,12.0,19.0,31.0,85.0
2013-11-10,XAL,PMCO,2,154.0,33.41558441558441,18.696650043760258,3.0,21.0,28.0,40.75,108.0
2013-11-10,XAL,SO2,1,137.0,5.562043795620438,7.296112294620677,0.0,1.0,2.0,7.0,43.0
2013-11-17,ACO,CO,15,114.0,0.3131578947368423,0.19710881855729026,0.0,0.2,0.2,0.4,0.8
2013-11-17,ACO,NO,1,156.0,8.365384615384615,12.946084992201701,0.0,2.0,3.0,9.0,84.0
2013-11-17,ACO,NO2,1,156.0,12.275641025641026,8.669988070050737,1.0,6.0,10.0,16.0,44.0
2013-11-17,ACO,NOX,1,156.0,20.685897435897434,18.73509884860051,1.0,8.0,14.0,26.5,109.0
2013-11-17,ACO,O3,1,156.0,27.98076923076923,19.044081682937666,2.0,14.75,28.0,38.0,83.0
2013-11-17,ACO,PM10,2,158.0,21.740506329113924,15.228275903829179,1.0,9.0,17.0,33.75,64.0
2013-11-17,ACO,SO2,1,156.0,2.7435897435897436,1.4227270264861516,1.0,2.0,2.0,3.0,15.0
2013-11-17,ATI,CO,15,156.0,0.5653846153846154,0.45289802970445087,0.0,0.2,0.5,0.8,2.5
2013-11-17,ATI,NO,1,156.0,13.923076923076923,20.913196470183518,0.0,3.0,6.0,15.0,137.0
2013-11-17,ATI,NO2,1,156.0,21.705128205128204,12.30746846363855,5.0,13.0,19.0,26.25,65.0
2013-11-17,ATI,NOX,1,156.0,35.57692307692308,26.856617725111143,5.0,17.0,26.5,45.25,156.0
2013-11-17,ATI,O3,1,156.0,20.006410256410255,19.201981347656943,0.0,6.0,15.0,27.25,86.0
2013-11-17,ATI,PM10,2,148.0,31.486486486486488,20.428899926258758,1.0,16.0,29.0,42.25,91.0
2013-11-17,ATI,SO2,1,156.0,4.871794871794871,5.260587418098612,2.0,3.0,3.0,6.0,53.0
2013-11-17,CAM,CO,15,155.0,0.7309677419354839,0.5349557260398193,0.0,0.4,0.6,0.9,2.9
2013-11-17,CAM,NO,1,155.0,34.645161290322584,43.63986946536775,2.0,10.0,22.0,38.0,249.0
2013-11-17,CAM,NO2,1,155.0,32.89032258064516,15.090018952048673,9.0,23.5,30.0,37.0,91.0
2013-11-17,CAM,NOX,1,155.0,67.50967741935484,47.683802654670394,11.0,40.0,53.0,81.0,279.0
2013-11-17,CAM,O3,1,155.0,16.09032258064516,19.350951432005544,1.0,2.0,10.0,20.0,94.0
2013-11-17,CAM,PM10,2,149.0,37.31543624161074,23.70741908289303,5.0,20.0,32.0,47.0,138.0
2013-11-17,CAM,PM2.5,2,149.0,20.879194630872483,16.763825577583614,1.0,9.0,15.0,29.0,91.0
2013-11-17,CAM,PMCO,2,149.0,16.51006711409396,8.515183140390121,2.0,11.0,15.0,20.0,47.0
2013-11-17,CAM,SO2,1,155.0,4.212903225806452,5.44272073957644,1.0,2.0,3.0,4.0,43.0
2013-11-17,CHO,CO,15,0.0,,,,,,,
2013-11-17,CHO,NO,1,156.0,24.16025641025641,44.257530329894955,1.0,5.0,7.0,17.25,279.0
2013-11-17,CHO,NO2,1,156.0,18.737179487179485,8.733407995690422,2.0,12.75,19.0,23.0,49.0
2013-11-17,CHO,NOX,1,156.0,42.86538461538461,45.908617019305986,2.0,17.0,30.0,46.25,297.0
2013-11-17,CHO,O3,1,156.0,21.128205128205128,18.355527583991787,2.0,7.0,15.5,31.0,73.0
2013-11-17,CHO,PM10,2,151.0,41.854304635761586,28.895996804861714,1.0,22.0,34.0,54.5,160.0
2013-11-17,CHO,SO2,1,156.0,2.4166666666666665,2.2345045877527703,0.0,1.0,2.0,3.0,15.0
2013-11-17,COY,NO,1,161.0,26.60248447204969,32.41205013245568,0.0,5.0,17.0,33.0,210.0
2013-11-17,COY,NO2,1,161.0,29.726708074534162,15.580030318343308,5.0,21.0,26.0,33.0,91.0
2013-11-17,COY,NOX,1,161.0,56.37888198757764,39.121915868758734,5.0,30.0,48.0,70.0,235.0
2013-11-17,COY,O3,1,161.0,18.726708074534162,22.472757835221227,0.0,2.0,11.0,27.0,108.0
2013-11-17,COY,PM2.5,2,161.0,18.36024844720497,12.323530741548387,2.0,10.0,15.0,22.0,72.0
2013-11-17,CUA,CO,15,153.0,0.6758169934640523,0.3948727549528571,0.2,0.5,0.6,0.7,2.7
2013-11-17,CUA,NO,1,153.0,15.549019607843137,22.289937892900237,1.0,5.0,8.0,15.0,173.0
2013-11-17,CUA,NO2,1,153.0,21.313725490196077,13.326107433113592,4.0,15.0,18.0,24.0,93.0
2013-11-17,CUA,NOX,1,153.0,36.87581699346405,30.78347990430776,6.0,20.0,27.0,39.0,209.0
2013-11-17,CUA,O3,1,153.0,23.215686274509803,19.005865153070992,1.0,12.0,20.0,30.0,123.0
2013-11-17,CUA,PM10,2,141.0,22.72340425531915,16.840048516632997,1.0,11.0,20.0,30.0,87.0
2013-11-17,CUA,SO2,1,153.0,2.496732026143791,2.8633900202348834,0.0,1.0,2.0,2.0,15.0
2013-11-17,CUT,NO,1,161.0,16.925465838509318,29.40887467989702,0.0,1.0,3.0,22.0,193.0
2013-11-17,CUT,NO2,1,161.0,17.48447204968944,9.883765470496376,2.0,10.0,15.0,23.0,49.0
2013-11-17,CUT,NOX,1,161.0,34.409937888198755,33.421264198427885,3.0,12.0,23.0,48.0,213.0
2013-11-17,CUT,O3,1,161.0,23.217391304347824,20.93104621494525,2.0,4.0,19.0,34.0,86.0
2013-11-17,CUT,PM10,2,148.0,55.2027027027027,42.31320847788934,2.0,20.0,49.0,79.0,276.0
2013-11-17,CUT,SO2,1,161.0,3.1366459627329193,8.118264049667525,0.0,1.0,1.0,2.0,75.0
2013-11-17,FAC,CO,15,161.0,0.9285714285714286,0.6270395293987225,0.2,0.5,0.8,1.1,3.8
2013-11-17,FAC,NO,1,161.0,28.67080745341615,36.88305444196486,1.0,9.0,16.0,36.0,259.0
2013-11-17,FAC,NO2,1,161.0,24.869565217391305,15.321198727083422,5.0,16.0,21.0,30.0,87.0
2013-11-17,FAC,NOX,1,161.0,53.546583850931675,43.22484099313713,6.0,26.0,41.0,68.0,280.0
2013-11-17,FAC,O3,1,138.0,22.41304347826087,19.375553963682066,3.0,7.0,18.0,30.5,96.0
2013-11-17,FAC,PM10,2,143.0,28.62937062937063,20.901741393077156,1.0,13.5,23.0,41.0,94.0
2013-11-17,FAC,SO2,1,161.0,4.316770186335404,5.590642136920021,1.0,2.0,3.0,4.0,56.0
2013-11-17,HGM,CO,15,155.0,0.90258064516129,0.537665515089506,0.2,0.5,0.7,1.3,2.4
2013-11-17,HGM,NO,1,144.0,31.36111111111111,35.88221039084719,0.0,6.75,18.5,41.25,194.0
2013-11-17,HGM,NO2,1,144.0,36.78472222222222,18.452040724952536,12.0,25.0,32.0,40.25,110.0
2013-11-17,HGM,NOX,1,144.0,68.1875,43.36299359230995,14.0,33.75,55.5,91.5,226.0
2013-11-17,HGM,O3,1,151.0,18.0,21.78103150296912,1.0,2.0,10.0,23.5,97.0
2013-11-17,HGM,PM10,2,153.0,35.712418300653596,21.824260161878275,3.0,21.0,31.0,43.0,109.0
2013-11-17,HGM,PM2.5,2,153.0,20.163398692810457,15.515890630482788,1.0,10.0,17.0,25.0,80.0
2013-11-17,HGM,PMCO,2,153.0,15.581699346405228,7.851093101135464,1.0,10.0,15.0,19.0,40.0
2013-11-17,HGM,SO2,1,155.0,3.806451612903226,4.248906313353646,1.0,2.0,3.0,4.0,33.0
2013-11-17,IZT,CO,15,154.0,0.77987012987013,0.6594095071017645,0.0,0.3,0.6,1.1,4.5
2013-11-17,IZT,NO,1,154.0,28.766233766233768,39.88181760232672,0.0,7.0,14.0,38.0,290.0
2013-11-17,IZT,NO2,1,154.0,31.350649350649352,15.267348416806467,5.0,23.0,28.5,36.0,108.0
2013-11-17,IZT,NOX,1,154.0,60.116883116883116,47.45192931220289,5.0,33.0,48.0,72.5,323.0
2013-11-17,IZT,O3,1,154.0,18.4025974025974,22.59230000139861,0.0,2.0,10.0,26.0,102.0
2013-11-17,IZT,PM10,2,156.0,26.94871794871795,16.743142986172515,1.0,15.0,23.5,35.25,76.0
2013-11-17,IZT,SO2,1,154.0,2.6363636363636362,2.4004851955581574,0.0,1.0,2.0,3.0,16.0
2013-11-17,LLA,CO,15,0.0,,,,,,,
2013-11-17,LLA,NO,1,0.0,,,,,,,
2013-11-17,LLA,NO2,1,0.0,,,,,,,
2013-11-17,LLA,NOX,1,0.0,,,,,,,
2013-11-17,LLA,O3,1,0.0,,,,,,,
2013-11-17,LLA,SO2,1,0.0,,,,,,,
2013-11-17,LPR,CO,15,0.0,,,,,,,
2013-11-17,LPR,NO,1,157.0,30.993630573248407,40.10698781996541,0.0,8.0,15.0,41.0,230.0
2013-11-17,LPR,NO2,1,157.0,27.78343949044586,19.153000190549776,2.0,13.0,25.0,36.0,99.0
2013-11-17,LPR,NOX,1,157.0,58.68789808917197,51.53426212839138,2.0,22.0,40.0,84.0,270.0
2013-11-17,LPR,O3,1,157.0,25.84713375796178,21.280834523440223,2.0,10.0,22.0,35.0,115.0
2013-11-17,LPR,SO2,1,157.0,2.8471337579617835,2.8648300730372704,1.0,1.0,2.0,3.0,17.0
2013-11-17,MER,CO,15,156.0,1.1596153846153845,0.7058080563488544,0.1,0.6,1.0,1.6,3.7
2013-11-17,MER,NO,1,155.0,42.16129032258065,48.99940151648392,0.0,9.0,25.0,50.0,268.0
2013-11-17,MER,NO2,1,155.0,36.89677419354839,18.775908228001718,7.0,24.5,32.0,44.0,108.0
2013-11-17,MER,NOX,1,155.0,79.11612903225806,55.41484104727659,7.0,38.5,68.0,104.5,302.0
2013-11-17,MER,O3,1,156.0,18.07051282051282,21.00326001715499,0.0,2.0,11.0,28.0,111.0
2013-11-17,MER,PM10,2,159.0,41.522012578616355,24.142466518456185,6.0,24.5,38.0,52.5,108.0
2013-11-17,MER,PM2.5,2,159.0,21.0125786163522,15.484163989311607,1.0,9.5,17.0,28.5,68.0
2013-11-17,MER,PMCO,2,159.0,20.58490566037736,10.380301382659427,1.0,14.0,20.0,25.0,56.0
2013-11-17,MER,SO2,1,156.0,2.9935897435897436,3.603755737796412,0.0,1.0,2.0,3.0,29.0
2013-11-17,MON,CO,15,0.0,,,,,,,
2013-11-17,MON,NO,1,161.0,10.5527950310559,25.54160836290414,0.0,1.0,2.0,6.0,176.0
2013-11-17,MON,NO2,1,161.0,11.024844720496894,5.70411070036229,3.0,6.0,10.0,15.0,27.0
2013-11-17,MON,NOX,1,161.0,21.559006211180126,27.70375532317255,3.0,7.0,12.0,24.0,190.0
2013-11-17,MON,O3,1,161.0,29.652173913043477,21.00811178734456,2.0,13.0,29.0,40.0,86.0
2013-11-17,MON,SO2,1,0.0,,,,,,,
2013-11-17,NEZ,CO,15,161.0,0.7360248447204971,0.64513107147221,0.0,0.3,0.6,1.0,3.9
2013-11-17,NEZ,NO,1,161.0,22.111801242236027,34.128432755698704,0.0,3.0,8.0,22.0,203.0
2013-11-17,NEZ,NO2,1,161.0,26.96273291925466,14.403510075133488,4.0,17.0,24.0,34.0,70.0
2013-11-17,NEZ,NOX,1,161.0,49.130434782608695,41.66895283583189,4.0,22.0,38.0,65.0,262.0
2013-11-17,NEZ,O3,1,161.0,23.503105590062113,23.610147242129408,1.0,6.0,17.0,31.0,125.0
2013-11-17,NEZ,PM2.5,2,148.0,14.547297297297296,13.770882452844504,1.0,5.0,10.0,19.0,86.0
2013-11-17,NEZ,SO2,1,161.0,1.8881987577639752,2.31298991788733,0.0,1.0,1.0,2.0,22.0
2013-11-17,PED,CO,15,155.0,0.619354838709677,0.37016963015632603,0.2,0.4,0.5,0.8,2.3
2013-11-17,PED,NO,1,155.0,16.490322580645163,23.653716037079647,1.0,3.5,9.0,19.5,168.0
2013-11-17,PED,NO2,1,155.0,23.864516129032257,12.010318842267257,7.0,16.5,22.0,28.0,67.0
2013-11-17,PED,NOX,1,155.0,40.270967741935486,30.485318944293777,8.0,21.0,32.0,49.5,208.0
2013-11-17,PED,O3,1,155.0,19.8,21.11668263990075,1.0,5.0,14.0,24.5,112.0
2013-11-17,PED,PM10,2,132.0,29.613636363636363,18.794853821920775,5.0,17.0,25.0,38.0,107.0
2013-11-17,PED,PM2.5,2,132.0,16.803030303030305,12.248969044599763,1.0,9.0,13.0,22.0,74.0
2013-11-17,PED,PMCO,2,132.0,12.795454545454545,8.332534081495988,2.0,7.0,11.0,16.0,41.0
2013-11-17,PED,SO2,1,155.0,2.2129032258064516,1.4814309367783793,1.0,1.0,2.0,2.0,8.0
2013-11-17,SAG,CO,15,0.0,,,,,,,
2013-11-17,SAG,NO,1,161.0,23.664596273291924,36.131347902371914,1.0,6.0,11.0,23.0,258.0
2013-11-17,SAG,NO2,1,161.0,24.161490683229815,12.196772432245155,3.0,15.0,22.0,31.0,74.0
2013-11-17,SAG,NOX,1,161.0,47.807453416149066,42.04439848659247,5.0,23.0,35.0,58.0,289.0
2013-11-17,SAG,O3,1,161.0,22.770186335403725,19.776642930236218,2.0,8.0,19.0,31.0,102.0
2013-11-17,SAG,PM10,2,150.0,34.873333333333335,22.05706347674146,5.0,18.25,33.0,46.75,128.0
2013-11-17,SAG,PM2.5,2,150.0,17.573333333333334,13.732021396469989,1.0,6.25,15.0,25.0,74.0
2013-11-17,SAG,PMCO,2,150.0,17.3,10.22022603146468,2.0,11.0,16.0,22.0,56.0
2013-11-17,SAG,SO2,1,161.0,2.5962732919254656,4.627875973364532,0.0,1.0,2.0,3.0,49.0
2013-11-17,SFE,CO,15,154.0,0.5974025974025974,0.2990066455964756,0.3,0.4,0.5,0.7,1.8
2013-11-17,SFE,NO,1,154.0,11.805194805194805,16.355558277329145,1.0,3.0,6.0,13.75,96.0
2013-11-17,SFE,NO2,1,154.0,21.7012987012987,11.396668398700252,6.0,16.0,20.5,25.75,76.0
2013-11-17,SFE,NOX,1,154.0,33.51298701298701,23.64006707713823,7.0,22.0,25.5,38.0,119.0
2013-11-17,SFE,O3,1,154.0,20.51948051948052,18.28396947048581,0.0,9.0,15.0,26.0,109.0
2013-11-17,SFE,PM10,2,147.0,23.367346938775512,16.983505951949525,2.0,12.0,20.0,31.0,94.0
2013-11-17,SFE,PM2.5,2,147.0,12.891156462585034,10.612818078038629,1.0,6.0,10.0,16.5,59.0
2013-11-17,SFE,PMCO,2,147.0,10.462585034013605,8.508072000297142,1.0,4.0,8.0,15.0,48.0
2013-11-17,SFE,SO2,1,154.0,1.8376623376623376,1.8416771953235715,1.0,1.0,1.0,2.0,10.0
2013-11-17,SJA,CO,15,149.0,0.8805369127516776,0.6839548993694583,0.1,0.4,0.6,1.2,4.2
2013-11-17,SJA,NO,1,149.0,35.22818791946309,58.682853613135265,0.0,3.0,8.0,45.0,377.0
2013-11-17,SJA,NO2,1,149.0,27.268456375838927,15.900718525530587,4.0,17.0,24.0,34.0,84.0
2013-11-17,SJA,NOX,1,149.0,62.49664429530201,64.19676511184439,4.0,20.0,35.0,90.0,405.0
2013-11-17,SJA,O3,1,149.0,19.644295302013422,21.26031508802109,1.0,3.0,15.0,27.0,121.0
2013-11-17,SJA,PM2.5,2,115.0,19.36521739130435,25.859719552753532,1.0,6.5,13.0,22.5,201.0
2013-11-17,SJA,SO2,1,149.0,2.4093959731543624,2.6123754924909726,0.0,1.0,1.0,3.0,18.0
2013-11-17,SUR,CO,15,155.0,1.0045161290322577,0.6298156744866501,0.1,0.6,0.9,1.3,3.7
2013-11-17,SUR,NO,1,155.0,27.225806451612904,36.183074967699206,0.0,4.0,15.0,33.0,201.0
2013-11-17,SUR,NO2,1,155.0,28.55483870967742,13.511487145255842,5.0,22.0,27.0,33.0,77.0
2013-11-17,SUR,NOX,1,155.0,55.78064516129032,40.182581832156416,6.0,30.0,47.0,73.5,235.0
2013-11-17,SUR,O3,1,155.0,20.948387096774194,24.90287459242539,1.0,3.0,13.0,29.0,119.0
2013-11-17,SUR,PM10,2,126.0,29.634920634920636,21.076471497706887,1.0,16.0,26.0,37.75,129.0
2013-11-17,SUR,SO2,1,155.0,4.458064516129032,2.016937081471762,3.0,3.0,4.0,5.0,18.0
2013-11-17,TAH,CO,15,125.0,0.6176000000000004,0.356294550128981,0.1,0.4,0.6,0.8,2.3
2013-11-17,TAH,NO,1,125.0,10.76,12.575193194180665,2.0,3.0,6.0,13.0,106.0
2013-11-17,TAH,NO2,1,125.0,20.368,8.82859722901991,3.0,14.0,19.0,26.0,45.0
2013-11-17,TAH,NOX,1,125.0,31.088,17.610488077352677,5.0,19.0,30.0,38.0,134.0
2013-11-17,TAH,O3,1,125.0,26.496,26.693488392876738,2.0,7.0,13.0,44.0,120.0
2013-11-17,TAH,PM10,2,105.0,30.761904761904763,20.16829376174577,1.0,16.0,27.0,44.0,95.0
2013-11-17,TAH,SO2,1,125.0,1.736,2.0718699672736043,0.0,1.0,1.0,2.0,18.0
2013-11-17,TLA,CO,15,156.0,1.067948717948718,0.5365345408100177,0.3,0.7,0.95,1.3,3.7
2013-11-17,TLA,NO,1,156.0,34.282051282051285,41.59432263861373,1.0,12.0,19.5,41.25,290.0
2013-11-17,TLA,NO2,1,156.0,31.987179487179485,15.589900444337376,11.0,21.75,27.0,39.0,95.0
2013-11-17,TLA,NOX,1,156.0,66.41025641025641,46.510196148159615,12.0,35.0,55.5,86.25,321.0
2013-11-17,TLA,O3,1,152.0,18.723684210526315,20.94559251822091,1.0,3.75,11.0,25.25,93.0
2013-11-17,TLA,PM10,2,139.0,43.17985611510792,24.52246878561507,8.0,25.0,37.0,59.5,121.0
2013-11-17,TLA,PM2.5,2,139.0,22.244604316546763,15.691704503999905,2.0,10.0,19.0,31.0,71.0
2013-11-17,TLA,PMCO,2,139.0,20.97841726618705,10.903707404271294,1.0,13.0,20.0,26.0,60.0
2013-11-17,TLA,SO2,1,152.0,5.019736842105263,6.07401412678704,0.0,2.0,3.0,6.0,45.0
2013-11-17,TLI,CO,15,157.0,0.7420382165605093,0.4293894575119887,0.3,0.4,0.6,0.9,2.2
2013-11-17,TLI,NO,1,157.0,23.96815286624204,38.22108767893841,0.0,3.0,6.0,21.0,197.0
2013-11-17,TLI,NO2,1,157.0,26.878980891719745,14.349283158398155,4.0,16.0,27.0,35.0,91.0
2013-11-17,TLI,NOX,1,157.0,50.89808917197452,46.08829106452535,5.0,19.0,35.0,62.0,229.0
2013-11-17,TLI,O3,1,157.0,19.127388535031848,20.49537975284814,0.0,5.0,13.0,28.0,97.0
2013-11-17,TLI,PM10,2,142.0,35.232394366197184,23.477668729627396,2.0,14.5,32.5,50.75,102.0
2013-11-17,TLI,SO2,1,156.0,4.358974358974359,8.414234266771544,1.0,1.0,2.0,3.25,55.0
2013-11-17,TPN,CO,15,0.0,,,,,,,
2013-11-17,TPN,NO,1,160.0,14.525,13.754336080170837,1.0,3.0,10.0,21.0,66.0
2013-11-17,TPN,NO2,1,160.0,17.68125,10.46008999504318,3.0,9.0,18.0,24.0,72.0
2013-11-17,TPN,NOX,1,160.0,32.18125,21.314025817308202,4.0,13.0,30.0,46.0,105.0
2013-11-17,TPN,O3,1,160.0,20.6375,15.736624549161043,2.0,9.0,16.0,26.25,73.0
2013-11-17,TPN,SO2,1,160.0,2.4125,1.5596625179221686,1.0,2.0,2.0,3.0,14.0
2013-11-17,UAX,CO,15,156.0,0.7006410256410254,0.36570687978070837,0.2,0.4,0.6,0.8250000000000001,2.2
2013-11-17,UAX,NO,1,156.0,12.0,18.11575681999762,0.0,1.75,5.5,15.25,141.0
2013-11-17,UAX,NO2,1,156.0,26.544871794871796,12.409332049668958,4.0,18.75,25.0,31.25,69.0
2013-11-17,UAX,NOX,1,156.0,38.51923076923077,23.450007539402097,4.0,21.75,33.0,49.0,156.0
2013-11-17,UAX,O3,1,156.0,20.025641025641026,21.444286017777358,1.0,4.0,13.0,28.25,101.0
2013-11-17,UAX,PM2.5,2,147.0,14.46938775510204,10.080026447595888,1.0,7.0,12.0,20.5,47.0
2013-11-17,UAX,SO2,1,156.0,1.7179487179487178,1.53158097442615,1.0,1.0,1.0,2.0,11.0
2013-11-17,UIZ,CO,15,159.0,1.0157232704402517,0.6189552846975777,0.2,0.55,0.9,1.3,4.1
2013-11-17,UIZ,NO,1,159.0,23.150943396226417,31.769778784893667,0.0,5.0,13.0,31.0,248.0
2013-11-17,UIZ,NO2,1,159.0,30.91194968553459,15.207170047652252,6.0,21.5,28.0,37.5,103.0
2013-11-17,UIZ,NOX,1,159.0,54.0440251572327,39.57709123702969,6.0,27.5,43.0,69.5,280.0
2013-11-17,UIZ,O3,1,159.0,23.767295597484278,24.697202980195566,3.0,5.0,13.0,35.0,120.0
2013-11-17,UIZ,PM10,2,131.0,40.7557251908397,23.983356922619183,6.0,23.0,35.0,53.5,130.0
2013-11-17,UIZ,PM2.5,2,131.0,22.549618320610687,16.533980739191925,2.0,8.5,19.0,33.5,79.0
2013-11-17,UIZ,PMCO,2,131.0,18.221374045801525,9.052233108538537,2.0,12.0,17.0,22.0,51.0
2013-11-17,UIZ,SO2,1,159.0,1.8427672955974843,1.8020192302707057,0.0,1.0,1.0,2.0,14.0
2013-11-17,VIF,CO,15,156.0,0.5730769230769232,0.4873028009883757,0.1,0.2,0.4,0.9,2.6
2013-11-17,VIF,NO,1,156.0,18.141025641025642,29.676415903487367,1.0,3.0,4.5,15.25,167.0
2013-11-17,VIF,NO2,1,156.0,18.596153846153847,12.015999466385587,3.0,9.0,16.0,25.0,61.0
2013-11-17,VIF,NOX,1,156.0,36.78846153846154,36.116837216471374,4.0,12.0,20.0,50.25,206.0
2013-11-17,VIF,O3,1,156.0,24.153846153846153,22.00884099369742,1.0,7.0,20.0,34.0,101.0
2013-11-17,VIF,PM10,2,130.0,56.34615384615385,35.81016085905426,3.0,27.25,55.0,76.75,197.0
2013-11-17,VIF,SO2,1,156.0,3.717948717948718,7.4883090574100075,0.0,1.0,2.0,3.0,69.0
2013-11-17,XAL,CO,15,110.0,1.2636363636363637,0.8194568880216365,0.1,0.6,1.2,1.6,3.7
2013-11-17,XAL,NO,1,110.0,62.57272727272727,67.69378694281244,2.0,15.0,33.0,88.0,304.0
2013-11-17,XAL,NO2,1,110.0,36.68181818181818,18.657675115098982,5.0,25.5,34.0,44.5,113.0
2013-11-17,XAL,NOX,1,110.0,99.3,72.60886164230111,8.0,41.25,81.0,134.75,340.0
2013-11-17,XAL,O3,1,110.0,22.845454545454544,23.57077430140214,1.0,3.0,17.0,34.0,110.0
2013-11-17,XAL,PM10,2,134.0,68.27611940298507,43.295520925335474,2.0,32.0,67.0,90.75,192.0
2013-11-17,XAL,PM2.5,2,134.0,27.492537313432837,19.461064374703188,1.0,11.0,25.0,39.0,83.0
2013-11-17,XAL,PMCO,2,134.0,40.76865671641791,25.684293254565787,1.0,22.0,38.5,54.75,120.0
2013-11-17,XAL,SO2,1,110.0,5.527272727272727,5.7989386737101505,1.0,2.0,4.0,6.0,38.0
2013-11-24,ACO,CO,15,161.0,0.3099378881987576,0.18614677305291233,0.1,0.2,0.3,0.4,1.1
2013-11-24,ACO,NO,1,161.0,9.211180124223603,14.021149176283751,0.0,2.0,4.0,11.0,93.0
2013-11-24,ACO,NO2,1,161.0,14.888198757763975,7.600159364134968,3.0,10.0,14.0,18.0,38.0
2013-11-24,ACO,NOX,1,161.0,24.099378881987576,17.97783530105338,5.0,12.0,19.0,31.0,113.0
2013-11-24,ACO,O3,1,161.0,24.15527950310559,19.720090962712103,2.0,6.0,18.0,37.0,69.0
2013-11-24,ACO,PM10,2,160.0,28.7,14.71011289500009,3.0,20.0,26.0,35.25,83.0
2013-11-24,ACO,SO2,1,161.0,5.24223602484472,11.359894584411602,1.0,2.0,2.0,3.0,77.0
2013-11-24,ATI,CO,15,161.0,0.5596273291925467,0.4702896556893927,0.1,0.3,0.4,0.7,2.7
2013-11-24,ATI,NO,1,161.0,15.341614906832298,24.20255812668935,1.0,2.0,5.0,17.0,137.0
2013-11-24,ATI,NO2,1,161.0,22.403726708074533,11.115517802821637,9.0,15.0,20.0,26.0,67.0
2013-11-24,ATI,NOX,1,161.0,37.732919254658384,30.372841026971614,10.0,18.0,27.0,44.0,159.0
2013-11-24,ATI,O3,1,161.0,18.84472049689441,17.304103200618044,0.0,5.0,14.0,28.0,66.0
2013-11-24,ATI,PM10,2,161.0,41.39751552795031,24.725816342212443,6.0,22.0,35.0,60.0,122.0
2013-11-24,ATI,SO2,1,161.0,6.9813664596273295,8.180366777909056,3.0,3.0,4.0,7.0,64.0
2013-11-24,CAM,CO,15,161.0,0.8472049689440998,0.49472999098008547,0.2,0.5,0.7,1.0,2.8
2013-11-24,CAM,NO,1,161.0,38.559006211180126,45.00372827895718,3.0,11.0,22.0,43.0,229.0
2013-11-24,CAM,NO2,1,161.0,37.17391304347826,14.717152075635806,14.0,27.0,34.0,44.0,92.0
2013-11-24,CAM,NOX,1,161.0,75.80745341614907,49.321967155613116,18.0,43.0,60.0,92.0,259.0
2013-11-24,CAM,O3,1,161.0,16.975155279503106,21.302274030769276,1.0,1.0,8.0,24.0,91.0
2013-11-24,CAM,PM10,2,158.0,50.4746835443038,24.658611593019504,9.0,31.0,46.5,63.0,132.0
2013-11-24,CAM,PM2.5,2,158.0,29.455696202531644,16.394653057484078,3.0,18.0,26.0,37.0,94.0
2013-11-24,CAM,PMCO,2,158.0,20.9873417721519,11.295671535441695,3.0,13.0,19.0,27.0,63.0
2013-11-24,CAM,SO2,1,161.0,4.9937888198757765,6.345763246460133,1.0,2.0,3.0,5.0,51.0
2013-11-24,CHO,CO,15,0.0,,,,,,,
2013-11-24,CHO,NO,1,161.0,29.677018633540374,38.59235715858648,1.0,7.0,14.0,34.0,197.0
2013-11-24,CHO,NO2,1,161.0,20.888198757763973,7.9976510526684335,6.0,15.0,20.0,27.0,47.0
2013-11-24,CHO,NOX,1,161.0,50.5527950310559,40.06009557856765,7.0,25.0,40.0,58.0,222.0
2013-11-24,CHO,O3,1,161.0,20.857142857142858,21.589018372443757,1.0,2.0,12.0,36.0,90.0
2013-11-24,CHO,PM10,2,153.0,48.091503267973856,29.783508214129302,1.0,24.0,43.0,65.0,151.0
2013-11-24,CHO,SO2,1,161.0,2.857142857142857,1.474182582217781,1.0,2.0,3.0,4.0,8.0
2013-11-24,COY,NO,1,151.0,32.66887417218543,34.026405795951,1.0,7.0,20.0,47.0,196.0
2013-11-24,COY,NO2,1,151.0,33.264900662251655,13.537455195003709,14.0,24.0,30.0,40.0,90.0
2013-11-24,COY,NOX,1,151.0,65.81456953642385,35.60868882234784,16.0,38.0,60.0,85.0,221.0
2013-11-24,COY,O3,1,151.0,17.47019867549669,22.95090643003592,0.0,1.0,6.0,27.0,90.0
2013-11-24,COY,PM2.5,2,151.0,29.278145695364238,16.161748643178996,6.0,19.0,26.0,36.0,111.0
2013-11-24,CUA,CO,15,156.0,0.8141025641025639,0.33242970985365156,0.2,0.6,0.7,1.0,2.3
2013-11-24,CUA,NO,1,156.0,18.44871794871795,20.862775886745723,1.0,6.0,11.0,19.0,149.0
2013-11-24,CUA,NO2,1,156.0,28.256410256410255,12.491995783040714,6.0,21.0,26.0,35.0,74.0
2013-11-24,CUA,NOX,1,156.0,46.756410256410255,26.087043328274074,7.0,27.0,40.0,59.0,190.0
2013-11-24,CUA,O3,1,156.0,23.205128205128204,19.495481014416068,0.0,7.0,17.0,34.25,75.0
2013-11-24,CUA,PM10,2,154.0,30.83116883116883,17.801301705654957,1.0,18.25,28.5,42.5,98.0
2013-11-24,CUA,SO2,1,156.0,2.782051282051282,2.323220433891275,1.0,2.0,2.0,3.0,17.0
2013-11-24,CUT,NO,1,114.0,23.096491228070175,35.96482285726971,0.0,2.0,6.0,24.75,188.0
2013-11-24,CUT,NO2,1,114.0,18.473684210526315,8.274291699029801,5.0,13.0,17.0,22.75,39.0
2013-11-24,CUT,NOX,1,114.0,41.578947368421055,39.37069004069387,6.0,15.0,27.0,51.0,207.0
2013-11-24,CUT,O3,1,114.0,20.63157894736842,20.35014868415371,2.0,2.0,13.5,36.0,67.0
2013-11-24,CUT,PM10,2,117.0,56.93162393162393,32.88373628399432,6.0,34.0,51.0,78.0,183.0
2013-11-24,CUT,SO2,1,114.0,4.157894736842105,7.609471214599131,0.0,1.0,2.0,3.0,58.0
2013-11-24,FAC,CO,15,155.0,0.9767741935483866,0.7281732485124565,0.2,0.5,0.7,1.2,4.1
2013-11-24,FAC,NO,1,155.0,32.65806451612903,41.819718009706804,1.0,8.5,18.0,39.0,235.0
2013-11-24,FAC,NO2,1,155.0,26.406451612903226,14.246757103865415,8.0,17.0,21.0,34.0,85.0
2013-11-24,FAC,NOX,1,155.0,59.10322580645161,47.49725544956137,10.0,27.5,43.0,71.5,261.0
2013-11-24,FAC,O3,1,155.0,20.38064516129032,18.953556006600714,2.0,4.5,14.0,29.0,81.0
2013-11-24,FAC,PM10,2,160.0,35.23125,21.18330358156939,3.0,19.0,29.5,47.5,108.0
2013-11-24,FAC,SO2,1,155.0,5.483870967741935,5.094375353562282,2.0,3.0,4.0,6.0,39.0
2013-11-24,HGM,CO,15,156.0,1.0519230769230767,0.5376737413238449,0.4,0.7,0.9,1.3,3.4
2013-11-24,HGM,NO,1,155.0,32.29677419354839,34.29856954223434,0.0,9.0,20.0,38.5,163.0
2013-11-24,HGM,NO2,1,155.0,40.81290322580645,17.117541354880043,17.0,30.0,36.0,45.5,105.0
2013-11-24,HGM,NOX,1,155.0,73.08387096774193,41.45909497742177,20.0,44.0,61.0,91.0,245.0
2013-11-24,HGM,O3,1,156.0,18.128205128205128,21.71329842217792,1.0,2.0,8.0,27.5,89.0
2013-11-24,HGM,PM10,2,158.0,46.46835443037975,27.065777598659075,9.0,27.0,38.5,58.0,151.0
2013-11-24,HGM,PM2.5,2,158.0,29.449367088607595,20.554896968989873,5.0,16.0,23.5,35.0,117.0
2013-11-24,HGM,PMCO,2,158.0,17.056962025316455,8.240218034718207,2.0,11.0,15.0,22.75,39.0
2013-11-24,HGM,SO2,1,156.0,4.865384615384615,4.834134727207556,1.0,2.0,3.0,5.0,35.0
2013-11-24,IZT,CO,15,159.0,0.9308176100628934,0.49796417002092797,0.1,0.6,0.8,1.2,3.1
2013-11-24,IZT,NO,1,159.0,34.23270440251572,33.00022918381359,1.0,9.0,24.0,51.5,187.0
2013-11-24,IZT,NO2,1,159.0,37.0377358490566,14.194350272249224,15.0,27.0,34.0,43.0,92.0
2013-11-24,IZT,NOX,1,159.0,71.28301886792453,36.43446206919753,18.0,44.0,64.0,89.5,218.0
2013-11-24,IZT,O3,1,159.0,17.9874213836478,22.13393849232602,0.0,1.0,8.0,27.5,81.0
2013-11-24,IZT,PM10,2,160.0,38.18125,22.063622091835256,5.0,24.0,34.0,48.0,121.0
2013-11-24,IZT,SO2,1,159.0,4.836477987421383,5.691292720759772,1.0,2.0,3.0,4.0,37.0
2013-11-24,LLA,CO,15,0.0,,,,,,,
2013-11-24,LLA,NO,1,0.0,,,,,,,
2013-11-24,LLA,NO2,1,0.0,,,,,,,
2013-11-24,LLA,NOX,1,0.0,,,,,,,
2013-11-24,LLA,O3,1,0.0,,,,,,,
2013-11-24,LLA,SO2,1,0.0,,,,,,,
2013-11-24,LPR,CO,15,0.0,,,,,,,
2013-11-24,LPR,NO,1,156.0,32.416666666666664,35.939547510629815,1.0,9.0,20.5,46.5,254.0
2013-11-24,LPR,NO2,1,156.0,29.621794871794872,13.575282542639389,9.0,20.0,26.5,38.0,88.0
2013-11-24,LPR,NOX,1,156.0,62.07051282051282,43.61771054610393,13.0,28.0,54.5,81.0,314.0
2013-11-24,LPR,O3,1,156.0,21.852564102564102,21.365877072106823,0.0,4.0,15.0,32.0,88.0
2013-11-24,LPR,SO2,1,156.0,3.2051282051282053,3.8733463880115244,0.0,1.0,2.0,4.0,28.0
2013-11-24,MER,CO,15,156.0,1.2256410256410262,0.6336654042154947,0.4,0.8,1.1,1.5,3.7
2013-11-24,MER,NO,1,156.0,45.92948717948718,45.43753062626465,2.0,15.0,33.5,57.0,252.0
2013-11-24,MER,NO2,1,156.0,41.13461538461539,15.800402828046378,17.0,31.0,39.0,45.25,103.0
2013-11-24,MER,NOX,1,156.0,87.0448717948718,49.65771134589762,18.0,53.25,76.0,100.75,297.0
2013-11-24,MER,O3,1,156.0,16.243589743589745,21.236721633535673,0.0,1.0,6.0,24.25,82.0
2013-11-24,MER,PM10,2,161.0,55.37888198757764,25.719628715092995,9.0,38.0,49.0,67.0,153.0
2013-11-24,MER,PM2.5,2,161.0,32.546583850931675,18.529351820341365,4.0,21.0,27.0,39.0,108.0
2013-11-24,MER,PMCO,2,161.0,22.93167701863354,8.909351985135118,3.0,17.0,22.0,29.0,46.0
2013-11-24,MER,SO2,1,156.0,4.923076923076923,5.566650074516017,1.0,2.0,3.0,5.0,32.0
2013-11-24,MON,CO,15,0.0,,,,,,,
2013-11-24,MON,NO,1,156.0,17.724358974358974,29.694047131879923,1.0,1.0,5.0,22.25,249.0
2013-11-24,MON,NO2,1,156.0,14.935897435897436,6.835089245640057,3.0,11.0,14.5,18.0,42.0
2013-11-24,MON,NOX,1,156.0,32.666666666666664,31.844447195771867,4.0,12.0,21.5,41.5,266.0
2013-11-24,MON,O3,1,156.0,23.91025641025641,23.924982703299573,1.0,2.0,16.5,39.0,93.0
2013-11-24,MON,SO2,1,0.0,,,,,,,
2013-11-24,NEZ,CO,15,156.0,0.8705128205128202,0.6140524248626785,0.1,0.5,0.7,1.1,3.1
2013-11-24,NEZ,NO,1,156.0,21.58974358974359,30.224295246699086,0.0,4.0,12.0,24.25,169.0
2013-11-24,NEZ,NO2,1,156.0,29.897435897435898,13.317550625895278,6.0,21.0,28.5,36.25,91.0
2013-11-24,NEZ,NOX,1,156.0,51.532051282051285,36.082239375428735,9.0,30.0,42.5,60.25,205.0
2013-11-24,NEZ,O3,1,156.0,19.756410256410255,21.985734904448112,1.0,2.0,10.0,31.25,81.0
2013-11-24,NEZ,PM2.5,2,161.0,23.732919254658384,16.947624377761315,2.0,13.0,20.0,28.0,86.0
2013-11-24,NEZ,SO2,1,156.0,4.884615384615385,8.754693884563123,1.0,2.0,2.0,4.0,54.0
2013-11-24,PED,CO,15,156.0,0.637820512820513,0.2794794582371118,0.2,0.4,0.6,0.8,1.4
2013-11-24,PED,NO,1,156.0,12.846153846153847,14.7950095536403,1.0,3.0,7.0,17.0,91.0
2013-11-24,PED,NO2,1,156.0,27.57051282051282,13.151775143026809,6.0,18.0,25.0,34.25,68.0
2013-11-24,PED,NOX,1,156.0,40.46153846153846,20.766096629621302,7.0,25.0,35.5,54.0,127.0
2013-11-24,PED,O3,1,156.0,22.07051282051282,21.879468112744625,1.0,6.0,15.0,32.0,100.0
2013-11-24,PED,PM10,2,152.0,37.703947368421055,22.947633681925915,7.0,20.75,29.0,53.25,118.0
2013-11-24,PED,PM2.5,2,152.0,23.81578947368421,15.742725031759395,1.0,13.0,19.0,33.0,88.0
2013-11-24,PED,PMCO,2,152.0,13.881578947368421,8.715468634382482,2.0,6.0,12.5,20.0,48.0
2013-11-24,PED,SO2,1,156.0,2.7884615384615383,2.789403024084051,1.0,1.0,2.0,3.0,21.0
2013-11-24,SAG,CO,15,0.0,,,,,,,
2013-11-24,SAG,NO,1,153.0,25.424836601307188,30.662572078242043,2.0,7.0,15.0,29.0,193.0
2013-11-24,SAG,NO2,1,153.0,24.751633986928105,8.861716185925268,7.0,19.0,23.0,27.0,53.0
2013-11-24,SAG,NOX,1,153.0,50.1764705882353,33.705012442915525,9.0,28.0,44.0,59.0,216.0
2013-11-24,SAG,O3,1,153.0,18.986928104575163,18.776029976690673,2.0,3.0,12.0,26.0,74.0
2013-11-24,SAG,PM10,2,121.0,46.3801652892562,23.661239823230993,11.0,30.0,42.0,55.0,128.0
2013-11-24,SAG,PM2.5,2,121.0,28.421487603305785,17.12928878953419,2.0,16.0,24.0,35.0,89.0
2013-11-24,SAG,PMCO,2,121.0,17.925619834710744,8.139579523595591,2.0,11.0,17.0,22.0,42.0
2013-11-24,SAG,SO2,1,153.0,6.0588235294117645,8.895027657509775,1.0,2.0,3.0,5.0,62.0
2013-11-24,SFE,CO,15,155.0,0.5800000000000004,0.27737170896662294,0.2,0.4,0.5,0.7,1.4
2013-11-24,SFE,NO,1,155.0,13.374193548387098,17.162382749799267,1.0,3.0,7.0,15.5,98.0
2013-11-24,SFE,NO2,1,155.0,26.43225806451613,13.247405702817744,10.0,17.0,24.0,32.5,71.0
2013-11-24,SFE,NOX,1,155.0,39.84516129032258,23.56454025869561,12.0,22.0,35.0,50.0,130.0
2013-11-24,SFE,O3,1,155.0,21.73548387096774,17.804157335666854,0.0,8.0,16.0,32.5,71.0
2013-11-24,SFE,PM10,2,156.0,34.30769230769231,22.004872007343128,6.0,19.0,26.0,42.25,127.0
2013-11-24,SFE,PM2.5,2,156.0,21.935897435897434,15.717128313251733,3.0,11.0,17.0,28.0,93.0
2013-11-24,SFE,PMCO,2,156.0,12.33974358974359,8.684800809179215,1.0,5.0,11.0,17.0,42.0
2013-11-24,SFE,SO2,1,155.0,1.9806451612903226,1.9355557869616467,1.0,1.0,1.0,2.0,14.0
2013-11-24,SJA,CO,15,153.0,0.8522875816993466,0.6025259294835654,0.3,0.5,0.7,1.0,5.2
2013-11-24,SJA,NO,1,153.0,38.03921568627451,52.336321587168705,1.0,6.0,20.0,50.0,386.0
2013-11-24,SJA,NO2,1,153.0,30.45098039215686,11.620049130518579,10.0,23.0,28.0,36.0,73.0
2013-11-24,SJA,NOX,1,153.0,68.57516339869281,54.371370757341914,11.0,36.0,55.0,85.0,416.0
2013-11-24,SJA,O3,1,153.0,16.99346405228758,20.38785007509508,1.0,2.0,7.0,28.0,74.0
2013-11-24,SJA,PM2.5,2,150.0,24.253333333333334,15.553409460992711,2.0,14.0,22.0,29.0,90.0
2013-11-24,SJA,SO2,1,153.0,3.9281045751633985,3.991940194355106,1.0,2.0,3.0,4.0,20.0
2013-11-24,SUR,CO,15,161.0,1.2385093167701866,0.6279990159030148,0.3,0.8,1.1,1.5,3.7
2013-11-24,SUR,NO,1,161.0,31.503105590062113,37.708607144722684,2.0,7.0,17.0,39.0,234.0
2013-11-24,SUR,NO2,1,161.0,33.06832298136646,12.581297738907184,9.0,24.0,31.0,39.0,82.0
2013-11-24,SUR,NOX,1,161.0,64.51552795031056,38.79015751290237,11.0,38.0,57.0,75.0,265.0
2013-11-24,SUR,O3,1,161.0,20.48447204968944,24.864660059525786,1.0,2.0,9.0,31.0,90.0
2013-11-24,SUR,PM10,2,155.0,36.8,26.463991708411196,1.0,17.0,31.0,49.0,126.0
2013-11-24,SUR,SO2,1,161.0,4.192546583850931,3.2567536135512136,1.0,2.0,3.0,4.0,17.0
2013-11-24,TAH,CO,15,161.0,0.6111801242236024,0.3711458252526688,0.0,0.3,0.5,0.8,2.1
2013-11-24,TAH,NO,1,161.0,11.22360248447205,11.651166870360832,2.0,3.0,6.0,15.0,64.0
2013-11-24,TAH,NO2,1,161.0,20.60248447204969,11.470766922434604,5.0,13.0,18.0,26.0,72.0
2013-11-24,TAH,NOX,1,161.0,31.82608695652174,18.52989652473514,8.0,17.0,26.0,45.0,89.0
2013-11-24,TAH,O3,1,161.0,27.366459627329192,25.777822212367408,1.0,6.0,19.0,44.0,105.0
2013-11-24,TAH,PM10,2,142.0,36.267605633802816,24.871275833825603,1.0,18.0,30.0,51.75,109.0
2013-11-24,TAH,SO2,1,161.0,2.0372670807453415,1.6312885963164363,1.0,1.0,2.0,2.0,10.0
2013-11-24,TLA,CO,15,147.0,1.0625850340136052,0.5212223363249838,0.4,0.7,1.0,1.2,3.2
2013-11-24,TLA,NO,1,146.0,35.38356164383562,43.95801449407934,1.0,11.25,20.0,39.75,240.0
2013-11-24,TLA,NO2,1,146.0,31.746575342465754,10.795792056253706,13.0,25.0,31.0,37.0,69.0
2013-11-24,TLA,NOX,1,146.0,67.11643835616438,48.309420838072214,15.0,37.25,56.0,75.75,270.0
2013-11-24,TLA,O3,1,136.0,17.41176470588235,20.264718688632506,0.0,2.0,8.0,26.0,76.0
2013-11-24,TLA,PM10,2,83.0,50.9277108433735,26.315062519925046,12.0,31.5,43.0,63.0,141.0
2013-11-24,TLA,PM2.5,2,83.0,25.771084337349397,17.553628838369562,1.0,14.5,22.0,32.5,88.0
2013-11-24,TLA,PMCO,2,83.0,25.120481927710845,11.657089950170956,5.0,15.5,25.0,31.0,57.0
2013-11-24,TLA,SO2,1,147.0,6.755102040816326,7.62439473163365,1.0,3.0,4.0,8.0,52.0
2013-11-24,TLI,CO,15,161.0,0.5975155279503106,0.3959088137688725,0.2,0.4,0.5,0.7,2.5
2013-11-24,TLI,NO,1,161.0,21.049689440993788,38.608418972135475,0.0,4.0,7.0,19.0,212.0
2013-11-24,TLI,NO2,1,161.0,26.509316770186334,11.661431093792885,6.0,19.0,25.0,35.0,67.0
2013-11-24,TLI,NOX,1,161.0,47.546583850931675,45.091566604876206,7.0,23.0,35.0,54.0,255.0
2013-11-24,TLI,O3,1,161.0,18.937888198757765,19.105525850193764,0.0,2.0,14.0,27.0,66.0
2013-11-24,TLI,PM10,2,155.0,40.49677419354839,22.037563620006257,1.0,24.0,36.0,56.0,108.0
2013-11-24,TLI,SO2,1,161.0,5.633540372670807,10.194783862957687,0.0,1.0,2.0,5.0,67.0
2013-11-24,TPN,CO,15,0.0,,,,,,,
2013-11-24,TPN,NO,1,161.0,11.75776397515528,12.658384769351262,0.0,3.0,8.0,15.0,63.0
2013-11-24,TPN,NO2,1,161.0,18.819875776397517,13.03595422224518,3.0,7.0,17.0,28.0,55.0
2013-11-24,TPN,NOX,1,161.0,30.596273291925467,22.54284223483908,3.0,12.0,27.0,44.0,111.0
2013-11-24,TPN,O3,1,161.0,23.40993788819876,18.916088406991495,3.0,9.0,16.0,34.0,81.0
2013-11-24,TPN,SO2,1,161.0,2.8322981366459627,1.4328120290390503,2.0,2.0,2.0,3.0,10.0
2013-11-24,UAX,CO,15,125.0,0.9471999999999999,0.5231073411094328,0.2,0.6,0.8,1.1,3.2
2013-11-24,UAX,NO,1,156.0,22.314102564102566,30.148194080013933,0.0,2.0,9.5,30.25,182.0
2013-11-24,UAX,NO2,1,156.0,30.346153846153847,12.598337753208577,12.0,22.0,27.0,36.0,79.0
2013-11-24,UAX,NOX,1,156.0,52.60897435897436,32.94366133518071,12.0,29.0,45.5,68.0,202.0
2013-11-24,UAX,O3,1,156.0,19.67948717948718,22.16797666483654,1.0,2.0,9.5,33.25,79.0
2013-11-24,UAX,PM2.5,2,155.0,24.967741935483872,18.58865013117424,3.0,14.0,22.0,28.0,100.0
2013-11-24,UAX,SO2,1,154.0,2.8376623376623376,3.2868738335471983,1.0,1.0,2.0,2.0,19.0
2013-11-24,UIZ,CO,15,156.0,1.0833333333333333,0.5399920349870563,0.3,0.7,0.95,1.4,2.9
2013-11-24,UIZ,NO,1,156.0,27.955128205128204,28.961452233396866,1.0,5.75,17.5,42.25,149.0
2013-11-24,UIZ,NO2,1,156.0,34.333333333333336,15.202433308343226,12.0,24.0,31.0,42.0,95.0
2013-11-24,UIZ,NOX,1,156.0,62.30769230769231,34.43247068133281,13.0,35.75,58.0,82.25,179.0
2013-11-24,UIZ,O3,1,156.0,21.19871794871795,23.13645911286391,2.0,3.75,10.5,35.25,83.0
2013-11-24,UIZ,PM10,2,161.0,50.75776397515528,27.929101399238466,6.0,32.0,46.0,64.0,150.0
2013-11-24,UIZ,PM2.5,2,161.0,31.695652173913043,20.740673650541364,3.0,18.0,26.0,38.0,111.0
2013-11-24,UIZ,PMCO,2,161.0,19.055900621118013,9.114033442448086,2.0,12.0,19.0,26.0,40.0
2013-11-24,UIZ,SO2,1,156.0,4.1923076923076925,5.76319287023724,1.0,2.0,2.0,4.0,35.0
2013-11-24,VIF,CO,15,158.0,0.5354430379746837,0.4594480140629413,0.1,0.3,0.4,0.6,2.9
2013-11-24,VIF,NO,1,158.0,16.639240506329113,26.788441835612705,1.0,3.0,6.0,14.0,164.0
2013-11-24,VIF,NO2,1,158.0,18.455696202531644,9.252711729702767,3.0,11.25,17.5,25.0,45.0
2013-11-24,VIF,NOX,1,158.0,35.05696202531646,32.454621660790416,6.0,15.0,24.0,39.0,186.0
2013-11-24,VIF,O3,1,158.0,21.955696202531644,20.719339234203964,1.0,4.0,16.0,34.0,69.0
2013-11-24,VIF,PM10,2,157.0,54.197452229299365,28.178105587368634,1.0,36.0,49.0,68.0,148.0
2013-11-24,VIF,SO2,1,158.0,8.151898734177216,13.912454767068638,1.0,2.0,2.0,5.0,71.0
2013-11-24,XAL,CO,15,156.0,1.100641025641026,0.8112512672983231,0.2,0.575,0.9,1.3,4.4
2013-11-24,XAL,NO,1,156.0,57.06410256410256,64.30257903694313,2.0,16.0,32.0,72.5,327.0
2013-11-24,XAL,NO2,1,156.0,32.48717948717949,12.682976744051736,11.0,23.0,30.0,39.25,81.0
2013-11-24,XAL,NOX,1,156.0,89.59615384615384,68.48826401429889,14.0,44.75,67.5,108.0,366.0
2013-11-24,XAL,O3,1,156.0,19.01923076923077,18.356846715597715,2.0,3.0,12.5,32.0,71.0
2013-11-24,XAL,PM10,2,147.0,72.10884353741497,34.15037841538082,25.0,46.0,67.0,88.5,184.0
2013-11-24,XAL,PM2.5,2,147.0,33.83673469387755,16.793280136944595,8.0,20.0,32.0,42.0,83.0
2013-11-24,XAL,PMCO,2,147.0,38.244897959183675,20.747203751756853,7.0,25.0,34.0,47.0,116.0
2013-11-24,XAL,SO2,1,156.0,5.660256410256411,4.7688462050456195,1.0,2.75,4.0,7.0,24.0
2013-12-01,ACO,CO,15,153.0,0.40718954248366,0.2242251497594721,0.1,0.2,0.3,0.5,1.5
2013-12-01,ACO,NO,1,153.0,14.006535947712418,17.15544133873156,0.0,3.0,6.0,22.0,103.0
2013-12-01,ACO,NO2,1,153.0,18.54901960784314,7.632980014445787,6.0,13.0,18.0,23.0,45.0
2013-12-01,ACO,NOX,1,153.0,32.627450980392155,20.834839986799558,6.0,17.0,28.0,43.0,148.0
2013-12-01,ACO,O3,1,153.0,24.941176470588236,23.26173594410199,2.0,4.0,18.0,39.0,105.0
2013-12-01,ACO,PM10,2,156.0,37.794871794871796,15.940501448670627,7.0,28.0,37.0,45.0,88.0
2013-12-01,ACO,SO2,1,153.0,5.973856209150327,13.639121225173477,0.0,1.0,2.0,5.0,139.0
2013-12-01,ATI,CO,15,156.0,0.8224358974358977,0.6760009274615437,0.0,0.4,0.6,1.0,4.2
2013-12-01,ATI,NO,1,156.0,25.564102564102566,39.408559654320314,0.0,3.0,7.0,30.5,229.0
2013-12-01,ATI,NO2,1,156.0,30.865384615384617,14.874566532458552,7.0,21.75,27.0,39.0,79.0
2013-12-01,ATI,NOX,1,156.0,56.43589743589744,44.74215440141138,8.0,27.0,42.0,68.25,257.0
2013-12-01,ATI,O3,1,156.0,21.75,22.771126312687898,0.0,3.0,14.0,35.5,90.0
2013-12-01,ATI,PM10,2,160.0,57.13125,30.89933378919927,3.0,32.0,52.5,79.0,144.0
2013-12-01,ATI,SO2,1,156.0,22.01923076923077,30.348826018394664,1.0,4.0,11.0,26.0,170.0
2013-12-01,CAM,CO,15,156.0,1.0134615384615395,0.6113007325432719,0.2,0.7,0.9,1.2,3.7
2013-12-01,CAM,NO,1,156.0,49.48717948717949,57.459717971921314,4.0,13.0,28.5,60.75,332.0
2013-12-01,CAM,NO2,1,156.0,44.69230769230769,17.032650006769405,16.0,32.75,41.0,54.5,91.0
2013-12-01,CAM,NOX,1,156.0,94.18589743589743,60.5712381961007,20.0,57.0,78.5,111.75,365.0
2013-12-01,CAM,O3,1,156.0,18.134615384615383,23.425953772977895,0.0,1.0,5.0,30.5,79.0
2013-12-01,CAM,PM10,2,153.0,70.45098039215686,33.3306681081029,2.0,45.0,68.0,89.0,196.0
2013-12-01,CAM,PM2.5,2,153.0,39.52287581699346,20.947328986657617,1.0,23.0,37.0,51.0,106.0
2013-12-01,CAM,PMCO,2,153.0,30.9281045751634,14.927502247777863,1.0,20.0,31.0,39.0,92.0
2013-12-01,CAM,SO2,1,156.0,26.544871794871796,33.24558528998671,1.0,3.0,9.0,37.25,185.0
2013-12-01,CHO,CO,15,0.0,,,,,,,
2013-12-01,CHO,NO,1,134.0,40.276119402985074,51.4935417209098,2.0,7.0,17.0,51.75,235.0
2013-12-01,CHO,NO2,1,134.0,25.67910447761194,13.735197498391837,7.0,17.0,22.0,29.0,84.0
2013-12-01,CHO,NOX,1,134.0,65.90298507462687,55.16180838047541,11.0,27.0,48.0,85.75,256.0
2013-12-01,CHO,O3,1,134.0,23.604477611940297,25.083625146237104,1.0,2.0,13.0,41.0,84.0
2013-12-01,CHO,PM10,2,90.0,52.81111111111111,35.10558534403132,1.0,30.5,46.5,70.0,160.0
2013-12-01,CHO,SO2,1,133.0,4.150375939849624,3.8992933326389,1.0,2.0,3.0,4.0,22.0
2013-12-01,COY,NO,1,158.0,38.38607594936709,38.62933848963844,1.0,10.0,24.5,52.0,190.0
2013-12-01,COY,NO2,1,158.0,42.38607594936709,18.798876739564896,13.0,28.0,38.0,56.0,98.0
2013-12-01,COY,NOX,1,158.0,80.77848101265823,45.29192268052179,18.0,49.0,66.5,102.75,225.0
2013-12-01,COY,O3,1,158.0,20.00632911392405,26.680820859287465,0.0,1.0,5.5,33.75,93.0
2013-12-01,COY,PM2.5,2,155.0,38.31612903225806,20.425587097925256,1.0,22.0,35.0,53.0,97.0
2013-12-01,CUA,CO,15,154.0,1.0727272727272734,0.5948881069362645,0.3,0.7,1.0,1.3,4.0
2013-12-01,CUA,NO,1,154.0,24.850649350649352,31.258731061088255,2.0,7.0,13.5,30.0,166.0
2013-12-01,CUA,NO2,1,154.0,36.13636363636363,18.955423519617828,6.0,23.0,35.0,45.0,90.0
2013-12-01,CUA,NOX,1,154.0,60.94805194805195,42.27714229800983,9.0,32.25,55.5,74.75,246.0
2013-12-01,CUA,O3,1,154.0,26.116883116883116,25.43168422992396,0.0,5.0,18.0,36.0,101.0
2013-12-01,CUA,PM10,2,156.0,44.55769230769231,24.36714879600505,1.0,27.0,42.5,64.0,111.0
2013-12-01,CUA,SO2,1,154.0,12.876623376623376,13.365318460235144,1.0,3.0,9.0,17.0,61.0
2013-12-01,CUT,NO,1,156.0,24.96794871794872,37.059745985898076,0.0,2.0,7.5,34.5,238.0
2013-12-01,CUT,NO2,1,156.0,22.102564102564102,9.967805910694878,3.0,13.75,21.5,28.0,53.0
2013-12-01,CUT,NOX,1,156.0,46.98076923076923,41.18760714863482,5.0,18.0,31.5,65.0,255.0
2013-12-01,CUT,O3,1,156.0,23.358974358974358,24.25428428212319,2.0,3.0,14.0,37.25,104.0
2013-12-01,CUT,PM10,2,154.0,70.53896103896103,44.45915112971617,5.0,44.0,61.0,87.0,234.0
2013-12-01,CUT,SO2,1,156.0,21.333333333333332,44.92263361327656,1.0,3.0,6.5,19.25,348.0
2013-12-01,FAC,CO,15,161.0,1.1900621118012427,0.8076358220869181,0.2,0.7,0.9,1.5,4.2
2013-12-01,FAC,NO,1,161.0,39.79503105590062,54.05079994926329,1.0,9.0,18.0,41.0,280.0
2013-12-01,FAC,NO2,1,161.0,38.70807453416149,19.853727531484104,7.0,24.0,33.0,48.0,107.0
2013-12-01,FAC,NOX,1,161.0,78.63354037267081,60.70005039546855,10.0,38.0,60.0,107.0,309.0
2013-12-01,FAC,O3,1,161.0,23.385093167701864,23.055113888192253,2.0,4.0,14.0,37.0,88.0
2013-12-01,FAC,PM10,2,160.0,53.56875,31.597631842438986,4.0,31.0,49.5,74.0,202.0
2013-12-01,FAC,SO2,1,161.0,21.74534161490683,26.182121644145273,2.0,5.0,11.0,25.0,165.0
2013-12-01,HGM,CO,15,156.0,1.1564102564102565,0.44982856765797363,0.3,0.9,1.1,1.4,2.3
2013-12-01,HGM,NO,1,156.0,36.93589743589744,32.397865219830706,2.0,12.0,26.5,53.0,144.0
2013-12-01,HGM,NO2,1,156.0,46.51923076923077,16.747641587976055,13.0,33.0,44.0,57.0,98.0
2013-12-01,HGM,NOX,1,156.0,83.48717948717949,34.67554445082477,26.0,59.0,77.0,101.0,196.0
2013-12-01,HGM,O3,1,156.0,20.46794871794872,25.303173298835507,1.0,1.0,7.0,36.0,87.0
2013-12-01,HGM,PM10,2,159.0,60.55974842767296,26.964249936162787,16.0,40.0,56.0,81.0,149.0
2013-12-01,HGM,PM2.5,2,159.0,36.144654088050316,18.658434302144318,4.0,23.5,34.0,47.0,108.0
2013-12-01,HGM,PMCO,2,159.0,24.40251572327044,10.826666268609179,7.0,16.0,23.0,33.0,55.0
2013-12-01,HGM,SO2,1,156.0,23.641025641025642,28.495828493341246,2.0,3.0,12.0,33.25,146.0
2013-12-01,IZT,CO,15,161.0,1.0509316770186339,0.6981330471713793,0.1,0.6,0.9,1.3,5.4
2013-12-01,IZT,NO,1,161.0,39.130434782608695,42.67378153427209,1.0,10.0,25.0,51.0,298.0
2013-12-01,IZT,NO2,1,161.0,42.22981366459627,16.93157126760721,10.0,29.0,37.0,51.0,92.0
2013-12-01,IZT,NOX,1,161.0,81.3416149068323,47.975919166554554,14.0,47.0,73.0,105.0,367.0
2013-12-01,IZT,O3,1,161.0,20.869565217391305,27.24957119726441,1.0,2.0,6.0,38.0,100.0
2013-12-01,IZT,PM10,2,159.0,50.660377358490564,22.182451208756245,3.0,34.0,50.0,63.0,111.0
2013-12-01,IZT,SO2,1,161.0,20.099378881987576,24.46558934732212,1.0,3.0,9.0,25.0,110.0
2013-12-01,LLA,CO,15,0.0,,,,,,,
2013-12-01,LLA,NO,1,0.0,,,,,,,
2013-12-01,LLA,NO2,1,0.0,,,,,,,
2013-12-01,LLA,NOX,1,0.0,,,,,,,
2013-12-01,LLA,O3,1,0.0,,,,,,,
2013-12-01,LLA,SO2,1,0.0,,,,,,,
2013-12-01,LPR,CO,15,0.0,,,,,,,
2013-12-01,LPR,NO,1,161.0,46.86335403726708,52.77718457041948,1.0,13.0,28.0,69.0,317.0
2013-12-01,LPR,NO2,1,161.0,38.84472049689441,17.537302745223958,7.0,28.0,35.0,46.0,95.0
2013-12-01,LPR,NOX,1,161.0,85.72670807453416,60.23661548195164,8.0,44.0,70.0,113.0,357.0
2013-12-01,LPR,O3,1,161.0,25.111801242236027,25.500488669048053,1.0,3.0,17.0,43.0,99.0
2013-12-01,LPR,SO2,1,161.0,16.341614906832298,18.6340097637566,0.0,2.0,7.0,27.0,100.0
2013-12-01,MER,CO,15,151.0,1.335099337748344,0.6922618652404774,0.2,0.9,1.2,1.7,4.1
2013-12-01,MER,NO,1,151.0,48.64238410596027,46.6142101897209,1.0,13.0,36.0,64.5,246.0
2013-12-01,MER,NO2,1,151.0,46.370860927152314,17.24011442113605,13.0,33.0,44.0,57.0,93.0
2013-12-01,MER,NOX,1,151.0,95.00662251655629,50.583330151179474,15.0,56.5,88.0,123.0,311.0
2013-12-01,MER,O3,1,151.0,19.695364238410598,25.8307293425185,0.0,2.0,5.0,28.0,97.0
2013-12-01,MER,PM10,2,156.0,76.42948717948718,30.163877602081975,22.0,53.75,72.0,95.5,179.0
2013-12-01,MER,PM2.5,2,156.0,40.76282051282051,19.373114785947873,13.0,26.0,38.0,50.25,110.0
2013-12-01,MER,PMCO,2,156.0,35.60897435897436,15.183001410936502,9.0,25.0,35.5,45.0,97.0
2013-12-01,MER,SO2,1,151.0,21.019867549668874,24.87474494306102,1.0,3.0,11.0,28.5,126.0
2013-12-01,MON,CO,15,0.0,,,,,,,
2013-12-01,MON,NO,1,161.0,21.937888198757765,32.1886411333629,1.0,2.0,5.0,31.0,154.0
2013-12-01,MON,NO2,1,161.0,18.577639751552795,9.055826681999271,5.0,12.0,18.0,22.0,59.0
2013-12-01,MON,NOX,1,161.0,40.58385093167702,36.398756676260795,7.0,15.0,25.0,54.0,173.0
2013-12-01,MON,O3,1,161.0,27.74534161490683,27.84404772637809,1.0,3.0,17.0,47.0,87.0
2013-12-01,MON,SO2,1,0.0,,,,,,,
2013-12-01,NEZ,CO,15,158.0,1.065822784810126,0.7762208097344511,0.1,0.6,0.8,1.3,4.9
2013-12-01,NEZ,NO,1,158.0,26.67721518987342,39.23459882631244,0.0,4.0,11.5,34.0,247.0
2013-12-01,NEZ,NO2,1,158.0,31.930379746835442,13.26079278672964,8.0,23.25,30.0,38.0,96.0
2013-12-01,NEZ,NOX,1,158.0,58.721518987341774,45.078399281190265,8.0,30.25,44.0,70.5,280.0
2013-12-01,NEZ,O3,1,158.0,24.968354430379748,28.571604291623977,1.0,3.0,11.0,45.0,118.0
2013-12-01,NEZ,PM2.5,2,157.0,27.445859872611464,18.90237907440612,2.0,15.0,23.0,34.0,114.0
2013-12-01,NEZ,SO2,1,64.0,4.171875,11.4580735901296,1.0,1.0,1.0,2.0,78.0
2013-12-01,PED,CO,15,156.0,0.8596153846153846,0.3717055453002389,0.2,0.575,0.9,1.1,1.9
2013-12-01,PED,NO,1,156.0,19.653846153846153,22.341817827145128,1.0,5.0,11.0,25.0,116.0
2013-12-01,PED,NO2,1,156.0,37.22435897435897,16.276868097711734,8.0,26.0,33.5,47.0,86.0
2013-12-01,PED,NOX,1,156.0,56.8525641025641,27.20028569280215,9.0,37.75,54.5,71.0,153.0
2013-12-01,PED,O3,1,156.0,22.55128205128205,25.202481923809287,1.0,4.0,12.0,33.25,100.0
2013-12-01,PED,PM10,2,160.0,56.575,29.50781795990203,6.0,34.75,51.0,80.5,156.0
2013-12-01,PED,PM2.5,2,160.0,32.24375,19.442463698155333,1.0,16.0,29.0,46.0,98.0
2013-12-01,PED,PMCO,2,160.0,24.25625,13.568483123648328,2.0,14.75,21.5,32.0,97.0
2013-12-01,PED,SO2,1,156.0,10.743589743589743,12.850440833342999,1.0,3.0,7.0,12.0,94.0
2013-12-01,SAG,CO,15,0.0,,,,,,,
2013-12-01,SAG,NO,1,149.0,32.59060402684564,38.259076545915185,2.0,9.0,18.0,37.0,191.0
2013-12-01,SAG,NO2,1,149.0,30.20805369127517,10.133750918232273,9.0,23.0,29.0,36.0,62.0
2013-12-01,SAG,NOX,1,149.0,62.81208053691275,40.180735118912054,11.0,37.0,52.0,73.0,237.0
2013-12-01,SAG,O3,1,149.0,20.026845637583893,22.7673148569079,2.0,3.0,9.0,29.0,85.0
2013-12-01,SAG,PM10,2,127.0,62.77952755905512,26.364331780859136,10.0,43.5,58.0,81.0,127.0
2013-12-01,SAG,PM2.5,2,127.0,37.20472440944882,20.04492517127115,4.0,23.5,33.0,49.0,97.0
2013-12-01,SAG,PMCO,2,127.0,25.511811023622048,11.053883998670692,6.0,17.5,25.0,31.0,53.0
2013-12-01,SAG,SO2,1,149.0,21.677852348993287,29.823188070824717,1.0,2.0,7.0,29.0,161.0
2013-12-01,SFE,CO,15,153.0,0.7098039215686269,0.37394847412485793,0.1,0.4,0.6,1.0,1.9
2013-12-01,SFE,NO,1,153.0,17.313725490196077,18.964811802053468,1.0,5.0,10.0,24.0,104.0
2013-12-01,SFE,NO2,1,153.0,34.42483660130719,17.93140908340854,5.0,24.0,31.0,44.0,89.0
2013-12-01,SFE,NOX,1,153.0,51.68627450980392,29.72051183155181,8.0,30.0,50.0,67.0,145.0
2013-12-01,SFE,O3,1,153.0,22.235294117647058,22.54141355544056,0.0,5.0,14.0,30.0,90.0
2013-12-01,SFE,PM10,2,156.0,50.26282051282051,27.560868046512145,3.0,27.0,47.0,72.0,131.0
2013-12-01,SFE,PM2.5,2,156.0,29.01923076923077,17.5486314708937,1.0,15.0,26.5,43.0,85.0
2013-12-01,SFE,PMCO,2,156.0,21.32051282051282,11.44861573798176,1.0,11.0,21.0,29.0,52.0
2013-12-01,SFE,SO2,1,153.0,9.777777777777779,10.408259765447308,1.0,2.0,7.0,12.0,59.0
2013-12-01,SJA,CO,15,153.0,0.9882352941176478,0.704304544668616,0.1,0.5,0.8,1.2,4.6
2013-12-01,SJA,NO,1,153.0,48.947712418300654,62.718438366878296,0.0,7.0,27.0,62.0,439.0
2013-12-01,SJA,NO2,1,153.0,37.13725490196079,14.996516623400023,10.0,25.0,33.0,47.0,77.0
2013-12-01,SJA,NOX,1,153.0,86.05228758169935,65.45798078173519,10.0,45.0,67.0,108.0,469.0
2013-12-01,SJA,O3,1,153.0,19.84967320261438,25.785239362306648,1.0,2.0,5.0,32.0,116.0
2013-12-01,SJA,PM2.5,2,159.0,29.867924528301888,16.150445072656698,2.0,18.5,27.0,40.0,90.0
2013-12-01,SJA,SO2,1,153.0,16.594771241830067,18.7726837903041,1.0,3.0,8.0,25.0,93.0
2013-12-01,SUR,CO,15,158.0,1.4493670886075947,0.8804853059204273,0.1,0.9,1.3,1.9,5.4
2013-12-01,SUR,NO,1,158.0,40.63291139240506,47.80165421415803,1.0,9.0,25.0,53.25,266.0
2013-12-01,SUR,NO2,1,158.0,41.95569620253165,19.235167148863013,11.0,28.0,39.0,53.0,110.0
2013-12-01,SUR,NOX,1,158.0,82.57594936708861,53.41584181435573,16.0,48.25,67.5,99.75,326.0
2013-12-01,SUR,O3,1,158.0,21.911392405063292,28.47132421415375,1.0,2.0,6.5,39.75,108.0
2013-12-01,SUR,PM10,2,156.0,48.59615384615385,27.795051508091667,2.0,25.75,45.0,65.25,134.0
2013-12-01,SUR,SO2,1,158.0,15.132911392405063,19.75683528590527,2.0,4.0,8.0,18.0,135.0
2013-12-01,TAH,CO,15,154.0,0.918831168831169,0.5076885310033606,0.1,0.6,0.8,1.2,2.6
2013-12-01,TAH,NO,1,154.0,14.019480519480519,17.07900548880249,3.0,4.0,7.0,16.0,106.0
2013-12-01,TAH,NO2,1,154.0,27.772727272727273,13.300215108227896,5.0,19.0,26.0,34.75,78.0
2013-12-01,TAH,NOX,1,154.0,41.81818181818182,23.758714822269784,8.0,25.0,37.5,51.0,140.0
2013-12-01,TAH,O3,1,154.0,28.66883116883117,30.34379375654826,1.0,4.0,14.0,47.75,113.0
2013-12-01,TAH,PM10,2,152.0,44.026315789473685,24.990580309738657,1.0,26.0,42.0,60.5,147.0
2013-12-01,TAH,SO2,1,154.0,7.090909090909091,8.56300267747399,0.0,1.0,5.0,9.0,50.0
2013-12-01,TLA,CO,15,156.0,1.36474358974359,0.6581307338681801,0.3,0.9,1.2,1.6,3.8
2013-12-01,TLA,NO,1,155.0,55.748387096774195,59.777574037186056,2.0,17.0,33.0,67.0,350.0
2013-12-01,TLA,NO2,1,155.0,45.619354838709675,17.645230755426034,15.0,33.0,41.0,55.5,103.0
2013-12-01,TLA,NOX,1,155.0,101.30322580645161,63.12586624773242,19.0,59.0,85.0,119.5,386.0
2013-12-01,TLA,O3,1,142.0,20.049295774647888,23.032917383355777,0.0,2.0,8.0,39.5,81.0
2013-12-01,TLA,PM10,2,161.0,76.5031055900621,35.39264122377745,11.0,54.0,74.0,97.0,184.0
2013-12-01,TLA,PM2.5,2,161.0,40.037267080745345,21.735595287096974,3.0,24.0,37.0,51.0,107.0
2013-12-01,TLA,PMCO,2,161.0,36.50931677018634,15.796011368547422,6.0,25.0,37.0,45.0,80.0
2013-12-01,TLA,SO2,1,156.0,34.34615384615385,39.72577839366562,1.0,6.0,17.5,52.0,232.0
2013-12-01,TLI,CO,15,156.0,0.8608974358974368,0.44859259740325175,0.2,0.6,0.7,1.0,3.2
2013-12-01,TLI,NO,1,156.0,38.52564102564103,50.45463612036112,0.0,6.0,18.0,51.5,340.0
2013-12-01,TLI,NO2,1,156.0,36.59615384615385,13.845590352470953,10.0,28.0,35.0,44.25,82.0
2013-12-01,TLI,NOX,1,156.0,75.07692307692308,55.70296088285277,11.0,38.75,61.5,94.5,398.0
2013-12-01,TLI,O3,1,156.0,18.692307692307693,24.27174525793324,0.0,1.0,7.0,29.5,88.0
2013-12-01,TLI,PM10,2,156.0,58.38461538461539,31.70396567002234,1.0,39.5,55.0,75.0,165.0
2013-12-01,TLI,SO2,1,156.0,31.75,43.08560496080692,1.0,3.0,13.0,46.0,232.0
2013-12-01,TPN,CO,15,0.0,,,,,,,
2013-12-01,TPN,NO,1,156.0,14.044871794871796,14.968501529811649,0.0,4.0,8.0,18.0,71.0
2013-12-01,TPN,NO2,1,156.0,27.743589743589745,16.28174191951922,4.0,15.0,24.0,40.25,77.0
2013-12-01,TPN,NOX,1,156.0,41.83974358974359,25.95268568236008,4.0,20.0,36.0,57.0,118.0
2013-12-01,TPN,O3,1,156.0,23.82051282051282,22.444623518709527,1.0,8.75,15.0,31.75,99.0
2013-12-01,TPN,SO2,1,156.0,6.903846153846154,7.201952106472286,1.0,2.0,5.0,9.0,50.0
2013-12-01,UAX,CO,15,156.0,1.1615384615384619,0.6572142124846445,0.3,0.7,1.0,1.5,4.0
2013-12-01,UAX,NO,1,156.0,25.01923076923077,31.34232861922411,0.0,3.0,12.5,34.5,169.0
2013-12-01,UAX,NO2,1,156.0,37.82692307692308,19.11161223142535,7.0,25.0,33.0,47.0,112.0
2013-12-01,UAX,NOX,1,156.0,62.81410256410256,41.259337865807986,8.0,34.0,50.0,80.0,220.0
2013-12-01,UAX,O3,1,156.0,21.352564102564102,24.96495724324707,0.0,2.0,8.0,41.0,88.0
2013-12-01,UAX,PM2.5,2,157.0,29.898089171974522,14.880801912400416,1.0,19.0,30.0,38.0,73.0
2013-12-01,UAX,SO2,1,156.0,10.51923076923077,14.962521416739955,1.0,2.0,5.0,13.0,105.0
2013-12-01,UIZ,CO,15,158.0,1.1297468354430382,0.7692754050892776,0.2,0.6,0.9,1.375,4.9
2013-12-01,UIZ,NO,1,158.0,33.13291139240506,43.42958345250781,1.0,5.0,16.5,44.5,278.0
2013-12-01,UIZ,NO2,1,158.0,39.0253164556962,17.04768485209694,13.0,26.0,35.0,47.25,98.0
2013-12-01,UIZ,NOX,1,158.0,72.23417721518987,52.532933888650135,14.0,38.0,56.0,93.75,340.0
2013-12-01,UIZ,O3,1,135.0,24.118518518518517,27.14693348775942,3.0,4.0,9.0,40.5,99.0
2013-12-01,UIZ,PM10,2,158.0,62.107594936708864,27.471951055863695,14.0,43.0,59.5,79.0,143.0
2013-12-01,UIZ,PM2.5,2,158.0,34.835443037974684,18.365316508010686,7.0,22.0,30.5,43.0,96.0
2013-12-01,UIZ,PMCO,2,158.0,27.29746835443038,12.356957087179927,5.0,18.0,26.0,35.0,60.0
2013-12-01,UIZ,SO2,1,158.0,13.772151898734178,18.514892863860144,1.0,2.0,7.0,18.0,106.0
2013-12-01,VIF,CO,15,152.0,0.8809210526315788,0.6555654303432539,0.0,0.5,0.8,1.1,3.8
2013-12-01,VIF,NO,1,152.0,26.875,37.75931313565994,1.0,3.0,7.0,36.0,182.0
2013-12-01,VIF,NO2,1,152.0,25.151315789473685,10.83088536212212,7.0,18.0,24.0,32.0,58.0
2013-12-01,VIF,NOX,1,152.0,51.94078947368421,42.6400665905062,8.0,21.75,39.5,70.25,223.0
2013-12-01,VIF,O3,1,152.0,23.657894736842106,25.56231323237728,1.0,3.0,14.0,38.25,89.0
2013-12-01,VIF,PM10,2,151.0,73.91390728476821,45.32298024878049,4.0,47.5,63.0,93.5,378.0
2013-12-01,VIF,SO2,1,152.0,24.276315789473685,43.57929476290394,1.0,3.0,6.5,21.0,239.0
2013-12-01,XAL,CO,15,156.0,1.330128205128205,0.8969065022509225,0.1,0.775,1.1,1.625,5.2
2013-12-01,XAL,NO,1,156.0,63.02564102564103,66.37109249470942,4.0,16.75,41.0,79.5,383.0
2013-12-01,XAL,NO2,1,156.0,39.455128205128204,14.848196566377348,9.0,29.0,36.5,48.25,85.0
2013-12-01,XAL,NOX,1,156.0,102.42948717948718,69.99429582099712,14.0,55.75,80.0,124.0,436.0
2013-12-01,XAL,O3,1,156.0,22.115384615384617,22.566307039467123,2.0,3.0,14.5,39.0,92.0
2013-12-01,XAL,PM10,2,147.0,94.74829931972789,45.24921001920197,20.0,63.5,85.0,119.5,264.0
2013-12-01,XAL,PM2.5,2,147.0,46.93877551020408,26.922828448011177,1.0,26.5,43.0,57.0,128.0
2013-12-01,XAL,PMCO,2,147.0,47.74149659863946,22.450886560086946,8.0,33.5,43.0,59.0,135.0
2013-12-01,XAL,SO2,1,156.0,18.923076923076923,20.695811781859963,1.0,3.75,10.0,28.0,84.0
2013-12-08,ACO,CO,15,150.0,0.45133333333333314,0.2946358614081802,0.1,0.225,0.4,0.6,1.4
2013-12-08,ACO,NO,1,150.0,13.353333333333333,18.071125942817275,1.0,2.25,5.5,16.5,87.0
2013-12-08,ACO,NO2,1,150.0,24.133333333333333,10.418534508151286,6.0,17.0,23.0,29.0,55.0
2013-12-08,ACO,NOX,1,150.0,37.46666666666667,23.777680207762906,8.0,20.0,31.5,45.75,127.0
2013-12-08,ACO,O3,1,150.0,31.766666666666666,27.022093040774074,2.0,7.0,26.5,53.0,99.0
2013-12-08,ACO,PM10,2,156.0,53.42948717948718,21.41995216388357,17.0,37.0,52.0,66.25,164.0
2013-12-08,ACO,SO2,1,150.0,3.5866666666666664,4.855200860057066,0.0,1.0,2.0,4.0,31.0
2013-12-08,ATI,CO,15,161.0,1.0987577639751558,0.7287821671836985,0.0,0.6,0.9,1.4,3.5
2013-12-08,ATI,NO,1,161.0,37.962732919254655,47.01367995046201,1.0,5.0,20.0,48.0,241.0
2013-12-08,ATI,NO2,1,161.0,41.52795031055901,17.039315608248923,10.0,30.0,36.0,52.0,98.0
2013-12-08,ATI,NOX,1,161.0,79.50931677018633,53.467293508791705,11.0,39.0,66.0,104.0,277.0
2013-12-08,ATI,O3,1,161.0,23.211180124223603,28.81458179852004,0.0,1.0,10.0,41.0,111.0
2013-12-08,ATI,PM10,2,160.0,63.0125,35.630703228797174,4.0,35.75,55.0,88.0,170.0
2013-12-08,ATI,SO2,1,161.0,3.670807453416149,3.474507874353445,0.0,1.0,3.0,5.0,21.0
2013-12-08,CAM,CO,15,161.0,1.3919254658385085,0.8385236397442456,0.2,0.8,1.1,1.8,4.5
2013-12-08,CAM,NO,1,161.0,76.38509316770187,84.31592836705006,4.0,15.0,51.0,104.0,498.0
2013-12-08,CAM,NO2,1,161.0,54.31055900621118,21.99211109262954,14.0,40.0,48.0,65.0,126.0
2013-12-08,CAM,NOX,1,161.0,130.6583850931677,91.00756188293244,19.0,67.0,109.0,167.0,566.0
2013-12-08,CAM,O3,1,161.0,20.124223602484474,27.73530191019543,1.0,1.0,3.0,36.0,109.0
2013-12-08,CAM,PM10,2,161.0,67.77018633540372,31.37739003789291,13.0,42.0,66.0,87.0,183.0
2013-12-08,CAM,PM2.5,2,161.0,34.19875776397515,16.90592347217995,5.0,23.0,32.0,44.0,92.0
2013-12-08,CAM,PMCO,2,161.0,33.56521739130435,17.33449689517108,7.0,20.0,30.0,45.0,114.0
2013-12-08,CAM,SO2,1,161.0,5.826086956521739,4.528472724593949,1.0,3.0,5.0,7.0,31.0
2013-12-08,CHO,CO,15,0.0,,,,,,,
2013-12-08,CHO,NO,1,161.0,51.45962732919255,78.14721634428354,1.0,6.0,17.0,60.0,447.0
2013-12-08,CHO,NO2,1,161.0,26.03726708074534,11.494503142131546,5.0,18.0,26.0,34.0,62.0
2013-12-08,CHO,NOX,1,161.0,77.49068322981367,81.95914515876359,10.0,24.0,54.0,92.0,482.0
2013-12-08,CHO,O3,1,161.0,24.74534161490683,24.211639634457228,1.0,2.0,16.0,43.0,95.0
2013-12-08,CHO,PM10,2,114.0,67.21052631578948,32.23708458793055,16.0,43.0,63.0,83.75,210.0
2013-12-08,CHO,SO2,1,161.0,3.3975155279503104,2.679271130143399,0.0,2.0,3.0,4.0,15.0
2013-12-08,COY,NO,1,64.0,62.078125,56.12579541275371,1.0,13.75,52.0,109.75,231.0
2013-12-08,COY,NO2,1,64.0,35.84375,17.493961543235155,6.0,28.0,32.0,46.5,78.0
2013-12-08,COY,NOX,1,64.0,98.078125,62.37554076172374,8.0,53.75,94.0,145.5,263.0
2013-12-08,COY,O3,1,64.0,16.4375,22.561995718323562,0.0,1.0,1.5,34.0,79.0
2013-12-08,COY,PM2.5,2,64.0,25.234375,12.876386887854617,6.0,16.0,23.0,32.0,62.0
2013-12-08,CUA,CO,15,17.0,1.0999999999999999,0.518411033833193,0.4,0.8,1.0,1.3,2.4
2013-12-08,CUA,NO,1,17.0,26.058823529411764,24.112938923520122,3.0,12.0,16.0,34.0,88.0
2013-12-08,CUA,NO2,1,17.0,44.705882352941174,18.2577541947331,22.0,28.0,47.0,56.0,82.0
2013-12-08,CUA,NOX,1,17.0,70.58823529411765,39.397110972013884,26.0,43.0,60.0,83.0,165.0
2013-12-08,CUA,O3,1,17.0,28.58823529411765,21.06258182040313,2.0,14.0,22.0,45.0,66.0
2013-12-08,CUA,PM10,2,16.0,41.4375,19.204057730941482,12.0,26.25,40.5,53.0,76.0
2013-12-08,CUA,SO2,1,17.0,4.117647058823529,1.45268514057488,2.0,3.0,4.0,5.0,7.0
2013-12-08,CUT,NO,1,157.0,44.40764331210191,51.64386867745795,0.0,3.0,27.0,71.0,234.0
2013-12-08,CUT,NO2,1,157.0,31.24203821656051,15.744108085527946,4.0,21.0,28.0,39.0,111.0
2013-12-08,CUT,NOX,1,157.0,75.64968152866243,57.30450224425676,5.0,30.0,61.0,107.0,285.0
2013-12-08,CUT,O3,1,157.0,23.636942675159236,30.980587980515914,1.0,1.0,3.0,44.0,107.0
2013-12-08,CUT,PM10,2,92.0,100.32608695652173,51.750480954531454,23.0,65.5,90.0,122.5,295.0
2013-12-08,CUT,SO2,1,157.0,4.369426751592357,4.599730516359185,1.0,2.0,3.0,5.0,33.0
2013-12-08,FAC,CO,15,152.0,1.5203947368421062,0.8844752861966497,0.3,0.8,1.2,2.025,4.4
2013-12-08,FAC,NO,1,152.0,63.48026315789474,63.05300728024482,2.0,15.0,37.0,98.25,308.0
2013-12-08,FAC,NO2,1,152.0,46.0328947368421,19.575433233187766,17.0,32.0,40.0,56.0,104.0
2013-12-08,FAC,NOX,1,152.0,109.46052631578948,68.81233540839112,19.0,57.5,84.0,151.0,336.0
2013-12-08,FAC,O3,1,152.0,23.019736842105264,28.99611081359697,2.0,3.0,9.0,35.25,122.0
2013-12-08,FAC,PM10,2,153.0,59.45751633986928,34.27404782509888,4.0,32.0,56.0,79.0,182.0
2013-12-08,FAC,SO2,1,152.0,4.7631578947368425,4.665977807711527,0.0,2.0,3.5,6.0,25.0
2013-12-08,HGM,CO,15,156.0,1.5929487179487183,0.7800837158951582,0.5,1.1,1.4,1.9249999999999998,4.2
2013-12-08,HGM,NO,1,156.0,58.03846153846154,67.64202593400479,3.0,10.75,34.0,73.5,327.0
2013-12-08,HGM,NO2,1,156.0,54.833333333333336,23.1775289766266,14.0,41.75,51.0,63.25,147.0
2013-12-08,HGM,NOX,1,156.0,112.92948717948718,77.10061396178179,17.0,64.25,87.0,132.25,406.0
2013-12-08,HGM,O3,1,156.0,22.935897435897434,29.04361114292901,0.0,1.0,5.0,43.25,105.0
2013-12-08,HGM,PM10,2,158.0,60.436708860759495,23.92808587325803,11.0,45.25,59.5,73.0,136.0
2013-12-08,HGM,PM2.5,2,158.0,32.79746835443038,15.833432134814673,3.0,21.0,33.0,41.75,81.0
2013-12-08,HGM,PMCO,2,158.0,27.626582278481013,11.468308132828176,7.0,19.0,25.5,35.75,54.0
2013-12-08,HGM,SO2,1,156.0,5.608974358974359,4.169897837301516,1.0,3.0,4.0,7.0,26.0
2013-12-08,IZT,CO,15,157.0,1.374522292993631,0.8603744309071553,0.2,0.8,1.1,1.8,5.2
2013-12-08,IZT,NO,1,157.0,53.23566878980892,61.076889343593784,3.0,12.0,31.0,77.0,379.0
2013-12-08,IZT,NO2,1,157.0,49.254777070063696,21.36823200952302,11.0,36.0,46.0,58.0,131.0
2013-12-08,IZT,NOX,1,157.0,102.54140127388536,71.19218215919463,14.0,57.0,80.0,130.0,428.0
2013-12-08,IZT,O3,1,157.0,21.78343949044586,28.69743097394483,0.0,1.0,4.0,37.0,109.0
2013-12-08,IZT,PM10,2,161.0,54.962732919254655,20.910490249740008,12.0,40.0,54.0,69.0,116.0
2013-12-08,IZT,SO2,1,157.0,5.2993630573248405,4.114491226536016,1.0,2.0,4.0,6.0,21.0
2013-12-08,LLA,CO,15,0.0,,,,,,,
2013-12-08,LLA,NO,1,0.0,,,,,,,
2013-12-08,LLA,NO2,1,0.0,,,,,,,
2013-12-08,LLA,NOX,1,0.0,,,,,,,
2013-12-08,LLA,O3,1,0.0,,,,,,,
2013-12-08,LLA,SO2,1,0.0,,,,,,,
2013-12-08,LPR,CO,15,0.0,,,,,,,
2013-12-08,LPR,NO,1,152.0,74.0657894736842,75.42968929531114,2.0,15.0,56.0,106.0,457.0
2013-12-08,LPR,NO2,1,152.0,50.10526315789474,23.84807262950636,18.0,38.0,46.0,54.0,143.0
2013-12-08,LPR,NOX,1,152.0,124.19736842105263,86.7828254954628,20.0,54.5,110.5,159.5,513.0
2013-12-08,LPR,O3,1,152.0,23.855263157894736,30.039137361785585,0.0,2.0,7.0,41.25,126.0
2013-12-08,LPR,SO2,1,152.0,5.197368421052632,5.393200862705399,0.0,2.0,3.0,6.0,36.0
2013-12-08,MER,CO,15,157.0,1.9203821656050966,1.1075926107891692,0.4,1.1,1.6,2.4,5.0
2013-12-08,MER,NO,1,157.0,83.39490445859873,88.83323168044768,1.0,12.0,48.0,130.0,351.0
2013-12-08,MER,NO2,1,157.0,54.84076433121019,22.03915791184716,14.0,42.0,52.0,65.0,138.0
2013-12-08,MER,NOX,1,157.0,138.18471337579618,96.93665798993206,19.0,63.0,107.0,200.0,408.0
2013-12-08,MER,O3,1,157.0,21.203821656050955,27.821716949521136,0.0,1.0,4.0,38.0,98.0
2013-12-08,MER,PM10,2,160.0,81.2875,32.748015927225445,9.0,59.0,76.5,103.25,157.0
2013-12-08,MER,PM2.5,2,160.0,40.04375,19.45462286010527,2.0,26.75,39.0,55.0,94.0
2013-12-08,MER,PMCO,2,160.0,41.3,17.016750903764052,7.0,29.0,37.0,53.25,91.0
2013-12-08,MER,SO2,1,157.0,5.547770700636943,5.140894190244521,0.0,2.0,4.0,7.0,33.0
2013-12-08,MON,CO,15,0.0,,,,,,,
2013-12-08,MON,NO,1,158.0,37.677215189873415,58.030550814758094,1.0,2.0,8.0,52.5,299.0
2013-12-08,MON,NO2,1,158.0,21.936708860759495,9.931410342564904,6.0,13.0,22.0,27.75,47.0
2013-12-08,MON,NOX,1,158.0,59.56962025316456,62.19133893132895,8.0,15.25,32.5,84.5,325.0
2013-12-08,MON,O3,1,158.0,32.0253164556962,30.705701739676446,0.0,2.0,29.0,55.0,123.0
2013-12-08,MON,SO2,1,0.0,,,,,,,
2013-12-08,NEZ,CO,15,156.0,1.4705128205128213,1.1104906180323182,0.3,0.6,1.1,2.025,5.5
2013-12-08,NEZ,NO,1,156.0,49.044871794871796,62.20469258812762,1.0,3.0,17.5,86.0,282.0
2013-12-08,NEZ,NO2,1,156.0,39.06410256410256,19.212791265760178,9.0,26.0,36.0,47.25,106.0
2013-12-08,NEZ,NOX,1,156.0,88.00641025641026,72.20977476454786,12.0,30.0,60.0,130.0,355.0
2013-12-08,NEZ,O3,1,156.0,26.28205128205128,28.154365930107268,1.0,2.75,13.0,45.25,115.0
2013-12-08,NEZ,PM2.5,2,160.0,30.4125,16.665554994372087,2.0,17.0,29.0,42.0,105.0
2013-12-08,NEZ,SO2,1,77.0,4.662337662337662,4.932732747490801,1.0,2.0,3.0,5.0,24.0
2013-12-08,PED,CO,15,149.0,0.8100671140939597,0.508009492149421,0.1,0.4,0.7,1.1,2.6
2013-12-08,PED,NO,1,149.0,28.993288590604028,41.83098176870487,1.0,4.0,12.0,38.0,237.0
2013-12-08,PED,NO2,1,149.0,34.8255033557047,16.905433135783138,5.0,23.0,31.0,44.0,77.0
2013-12-08,PED,NOX,1,149.0,63.81208053691275,50.25641940003675,6.0,27.0,49.0,83.0,288.0
2013-12-08,PED,O3,1,149.0,22.697986577181208,25.31095924853303,1.0,3.0,11.0,33.0,97.0
2013-12-08,PED,PM10,2,147.0,42.48299319727891,22.46652113259468,5.0,24.0,42.0,59.5,110.0
2013-12-08,PED,PM2.5,2,147.0,20.891156462585034,12.30387468300445,1.0,11.0,19.0,28.0,58.0
2013-12-08,PED,PMCO,2,147.0,21.564625850340136,12.156551887661628,3.0,11.0,20.0,31.0,56.0
2013-12-08,PED,SO2,1,149.0,3.6711409395973154,3.4336233974341464,0.0,1.0,3.0,4.0,21.0
2013-12-08,SAG,CO,15,0.0,,,,,,,
2013-12-08,SAG,NO,1,159.0,47.84905660377358,57.70507608578638,2.0,8.0,21.0,68.0,245.0
2013-12-08,SAG,NO2,1,159.0,36.9748427672956,12.921353970249733,13.0,29.0,36.0,44.5,83.0
2013-12-08,SAG,NOX,1,159.0,84.87421383647799,61.34997571913776,18.0,39.5,64.0,117.5,292.0
2013-12-08,SAG,O3,1,159.0,24.67924528301887,26.954326290150735,2.0,3.0,11.0,43.5,102.0
2013-12-08,SAG,PM10,2,142.0,76.25352112676056,35.477979709269285,20.0,53.0,70.5,92.0,226.0
2013-12-08,SAG,PM2.5,2,142.0,40.75352112676056,22.790500266719736,1.0,26.0,37.0,48.75,145.0
2013-12-08,SAG,PMCO,2,142.0,35.528169014084504,17.503674857102048,12.0,24.0,31.5,43.0,115.0
2013-12-08,SAG,SO2,1,159.0,8.522012578616351,6.624500437804631,3.0,5.0,7.0,10.0,40.0
2013-12-08,SFE,CO,15,156.0,0.6820512820512815,0.39143856758359197,0.1,0.4,0.6,0.9,2.0
2013-12-08,SFE,NO,1,156.0,19.192307692307693,22.793070646117606,1.0,4.0,9.0,25.25,108.0
2013-12-08,SFE,NO2,1,156.0,35.42307692307692,16.231406617851842,5.0,24.0,33.0,45.0,83.0
2013-12-08,SFE,NOX,1,156.0,54.57692307692308,33.815636478875625,8.0,29.0,48.5,69.0,163.0
2013-12-08,SFE,O3,1,156.0,25.923076923076923,22.39197392544738,0.0,9.0,17.0,38.25,99.0
2013-12-08,SFE,PM10,2,157.0,39.63694267515923,21.449748329837334,7.0,23.0,37.0,55.0,105.0
2013-12-08,SFE,PM2.5,2,157.0,20.611464968152866,12.77148751527916,2.0,12.0,19.0,26.0,64.0
2013-12-08,SFE,PMCO,2,157.0,19.076433121019107,10.6671923355691,3.0,11.0,17.0,26.0,50.0
2013-12-08,SFE,SO2,1,156.0,4.012820512820513,3.5577941326272877,1.0,2.0,3.0,4.0,17.0
2013-12-08,SJA,CO,15,147.0,1.5204081632653053,1.1105927564223685,0.1,0.6,1.2,2.1500000000000004,5.2
2013-12-08,SJA,NO,1,147.0,95.51020408163265,99.95960604348652,1.0,9.5,57.0,165.5,420.0
2013-12-08,SJA,NO2,1,147.0,44.40136054421769,17.83933619685609,12.0,32.5,42.0,53.5,97.0
2013-12-08,SJA,NOX,1,147.0,139.87074829931973,104.05137509435062,16.0,55.5,115.0,207.0,462.0
2013-12-08,SJA,O3,1,147.0,19.14965986394558,25.3083325228865,1.0,2.0,4.0,30.5,94.0
2013-12-08,SJA,PM2.5,2,143.0,31.6013986013986,14.998187618274292,2.0,20.0,34.0,41.0,81.0
2013-12-08,SJA,SO2,1,147.0,6.333333333333333,5.022324590489696,1.0,3.0,5.0,8.0,36.0
2013-12-08,SUR,CO,15,78.0,1.762820512820512,0.9810025317836685,0.6,1.1,1.4,2.3,5.0
2013-12-08,SUR,NO,1,161.0,51.63354037267081,62.646197953366794,2.0,7.0,26.0,69.0,414.0
2013-12-08,SUR,NO2,1,161.0,41.37267080745342,17.457383780143143,9.0,31.0,40.0,49.0,106.0
2013-12-08,SUR,NOX,1,161.0,93.08695652173913,67.80674665034702,12.0,45.0,76.0,129.0,454.0
2013-12-08,SUR,O3,1,161.0,25.043478260869566,29.534587314301294,1.0,2.0,7.0,44.0,102.0
2013-12-08,SUR,PM10,2,157.0,48.4140127388535,20.16440268685847,4.0,37.0,49.0,59.0,106.0
2013-12-08,SUR,SO2,1,161.0,4.720496894409938,3.5885428451605264,1.0,2.0,4.0,6.0,27.0
2013-12-08,TAH,CO,15,158.0,0.8664556962025317,0.46228603375568567,0.3,0.5,0.8,1.1,3.1
2013-12-08,TAH,NO,1,158.0,11.044303797468354,15.519186783765834,2.0,3.0,5.5,11.0,130.0
2013-12-08,TAH,NO2,1,158.0,21.740506329113924,11.62425554345095,3.0,12.0,21.0,29.75,53.0
2013-12-08,TAH,NOX,1,158.0,32.72784810126582,22.389900115609514,6.0,15.25,28.5,44.0,162.0
2013-12-08,TAH,O3,1,158.0,30.949367088607595,24.162875527076626,2.0,11.0,24.0,45.0,110.0
2013-12-08,TAH,PM10,2,154.0,46.08441558441559,25.1195706060833,4.0,28.0,43.5,59.75,162.0
2013-12-08,TAH,SO2,1,158.0,3.037974683544304,3.065913016306696,1.0,1.0,2.0,3.0,17.0
2013-12-08,TLA,CO,15,155.0,1.7103225806451607,0.8781750700786167,0.5,1.1,1.5,1.95,4.7
2013-12-08,TLA,NO,1,153.0,68.03921568627452,79.18980217049325,3.0,16.0,37.0,82.0,427.0
2013-12-08,TLA,NO2,1,153.0,51.77777777777778,19.762478477042183,14.0,37.0,47.0,65.0,127.0
2013-12-08,TLA,NOX,1,153.0,119.86274509803921,84.43909817323724,18.0,64.0,98.0,144.0,483.0
2013-12-08,TLA,O3,1,138.0,23.905797101449274,31.02033420244735,0.0,1.0,6.5,41.5,111.0
2013-12-08,TLA,PM10,2,159.0,70.42767295597484,29.697943311880312,10.0,46.0,69.0,92.5,152.0
2013-12-08,TLA,PM2.5,2,159.0,32.710691823899374,16.227943516791438,2.0,21.0,31.0,43.0,82.0
2013-12-08,TLA,PMCO,2,159.0,37.691823899371066,17.213826384747684,7.0,23.0,35.0,48.5,89.0
2013-12-08,TLA,SO2,1,155.0,7.470967741935484,5.860177823439253,1.0,4.0,5.0,9.0,35.0
2013-12-08,TLI,CO,15,161.0,1.0596273291925462,0.7052817594752095,0.1,0.5,1.0,1.5,3.7
2013-12-08,TLI,NO,1,161.0,68.66459627329192,79.10127559807258,1.0,6.0,39.0,113.0,388.0
2013-12-08,TLI,NO2,1,161.0,46.45962732919255,17.839910940367623,12.0,37.0,45.0,54.0,125.0
2013-12-08,TLI,NOX,1,161.0,115.09937888198758,86.31390422238934,15.0,44.0,93.0,160.0,445.0
2013-12-08,TLI,O3,1,161.0,24.285714285714285,31.204051934690426,0.0,0.0,7.0,46.0,116.0
2013-12-08,TLI,PM10,2,158.0,73.69620253164557,36.25207375764067,4.0,50.25,73.5,95.0,172.0
2013-12-08,TLI,SO2,1,161.0,6.956521739130435,6.827653171191913,1.0,3.0,5.0,8.0,45.0
2013-12-08,TPN,CO,15,0.0,,,,,,,
2013-12-08,TPN,NO,1,158.0,12.151898734177216,18.341827599341002,0.0,3.0,5.0,10.0,103.0
2013-12-08,TPN,NO2,1,158.0,20.145569620253166,15.838687598178762,4.0,8.0,15.0,29.5,66.0
2013-12-08,TPN,NOX,1,158.0,32.24683544303797,31.375410613977273,5.0,12.0,20.0,41.75,158.0
2013-12-08,TPN,O3,1,158.0,29.088607594936708,18.232881246758925,7.0,15.0,24.0,38.75,91.0
2013-12-08,TPN,SO2,1,158.0,3.9683544303797467,3.354663805715135,1.0,2.0,3.0,4.75,23.0
2013-12-08,UAX,CO,15,152.0,1.0171052631578945,0.5497472406309898,0.1,0.6,0.9,1.4,2.6
2013-12-08,UAX,NO,1,152.0,23.638157894736842,29.76832160902948,0.0,2.0,10.5,37.5,138.0
2013-12-08,UAX,NO2,1,152.0,34.5,17.09730624381227,7.0,24.0,33.5,42.0,97.0
2013-12-08,UAX,NOX,1,152.0,58.16447368421053,38.082768709336776,8.0,29.0,48.0,80.5,175.0
2013-12-08,UAX,O3,1,152.0,23.092105263157894,24.422428965975463,1.0,2.0,14.0,39.0,97.0
2013-12-08,UAX,PM2.5,2,157.0,25.668789808917197,12.770854505791718,2.0,17.0,25.0,34.0,58.0
2013-12-08,UAX,SO2,1,152.0,3.1052631578947367,3.118324169430355,1.0,1.0,2.0,4.0,23.0
2013-12-08,UIZ,CO,15,157.0,1.2700636942675154,1.052010588334698,0.0,0.5,0.9,1.8,4.9
2013-12-08,UIZ,NO,1,157.0,45.5859872611465,60.24022897532711,1.0,4.0,21.0,61.0,309.0
2013-12-08,UIZ,NO2,1,157.0,44.78343949044586,23.244055890655524,7.0,29.0,41.0,53.0,134.0
2013-12-08,UIZ,NOX,1,157.0,90.38216560509554,74.53398252938283,9.0,37.0,66.0,119.0,374.0
2013-12-08,UIZ,O3,1,147.0,27.816326530612244,31.001330154441796,2.0,3.0,10.0,49.0,114.0
2013-12-08,UIZ,PM10,2,161.0,71.19875776397515,28.68859091079945,14.0,52.0,65.0,85.0,158.0
2013-12-08,UIZ,PM2.5,2,161.0,36.22360248447205,16.60909959753971,4.0,26.0,36.0,46.0,86.0
2013-12-08,UIZ,PMCO,2,161.0,34.98136645962733,15.233381128991615,10.0,23.0,31.0,44.0,72.0
2013-12-08,UIZ,SO2,1,157.0,5.0,4.353012514192665,1.0,2.0,4.0,6.0,34.0
2013-12-08,VIF,CO,15,157.0,1.44968152866242,0.8725606439744075,0.3,0.7,1.3,1.8,4.6
2013-12-08,VIF,NO,1,157.0,54.46496815286624,60.37102470454834,2.0,6.0,36.0,77.0,286.0
2013-12-08,VIF,NO2,1,157.0,36.42675159235669,15.472143629205686,8.0,28.0,34.0,46.0,112.0
2013-12-08,VIF,NOX,1,157.0,90.89808917197452,65.64289411358538,10.0,37.0,81.0,122.0,331.0
2013-12-08,VIF,O3,1,157.0,26.56687898089172,30.95639486673984,1.0,2.0,11.0,50.0,119.0
2013-12-08,VIF,PM10,2,156.0,108.51923076923077,52.044084433927324,9.0,70.0,104.0,146.25,257.0
2013-12-08,VIF,SO2,1,157.0,6.859872611464968,7.414866043645478,2.0,3.0,4.0,7.0,56.0
2013-12-08,XAL,CO,15,157.0,1.9165605095541411,1.3077602272665465,0.4,0.9,1.5,2.4,5.8
2013-12-08,XAL,NO,1,157.0,102.43312101910828,115.77820716758568,4.0,17.0,48.0,153.0,549.0
2013-12-08,XAL,NO2,1,157.0,48.46496815286624,19.73884906317293,15.0,37.0,44.0,57.0,132.0
2013-12-08,XAL,NOX,1,157.0,150.94904458598725,120.54703285643984,22.0,60.0,104.0,215.0,592.0
2013-12-08,XAL,O3,1,151.0,23.350993377483444,25.061311132366757,2.0,2.0,10.0,44.0,98.0
2013-12-08,XAL,PM10,2,160.0,112.40625,56.894948640609655,22.0,70.75,97.0,141.0,264.0
2013-12-08,XAL,PM2.5,2,160.0,52.70625,27.47659881980304,6.0,34.0,47.0,66.5,129.0
2013-12-08,XAL,PMCO,2,160.0,59.7375,34.4393528562491,14.0,33.0,48.0,77.25,169.0
2013-12-08,XAL,SO2,1,157.0,8.821656050955413,7.175906254491363,1.0,4.0,6.0,12.0,44.0
2013-12-15,ACO,CO,15,155.0,0.2251612903225808,0.19493373778849668,0.0,0.1,0.2,0.3,0.8
2013-12-15,ACO,NO,1,155.0,7.180645161290323,10.948801136851046,0.0,1.0,3.0,7.0,55.0
2013-12-15,ACO,NO2,1,155.0,15.219354838709677,8.059253750170395,3.0,9.0,14.0,20.5,46.0
2013-12-15,ACO,NOX,1,155.0,22.425806451612903,15.82163092184971,5.0,11.0,17.0,29.0,74.0
2013-12-15,ACO,O3,1,155.0,28.038709677419355,19.853647599360205,2.0,14.0,24.0,41.0,74.0
2013-12-15,ACO,PM10,2,159.0,34.327044025157235,19.252978351001317,1.0,21.0,33.0,44.5,149.0
2013-12-15,ACO,SO2,1,155.0,2.6,6.004976291355388,0.0,1.0,1.0,2.0,62.0
2013-12-15,ATI,CO,15,158.0,0.5962025316455691,0.4430476496565146,0.1,0.3,0.5,0.7,2.3
2013-12-15,ATI,NO,1,158.0,16.21518987341772,26.25386638729979,1.0,2.25,5.5,14.0,149.0
2013-12-15,ATI,NO2,1,158.0,23.981012658227847,11.533099151488091,9.0,14.0,23.0,28.0,74.0
2013-12-15,ATI,NOX,1,158.0,40.20886075949367,31.662844426317776,11.0,19.0,32.0,47.0,177.0
2013-12-15,ATI,O3,1,158.0,21.61392405063291,21.26200662931472,0.0,5.0,14.0,33.0,84.0
2013-12-15,ATI,PM10,2,154.0,50.5974025974026,27.340391121442593,3.0,26.0,50.0,71.0,112.0
2013-12-15,ATI,SO2,1,158.0,18.481012658227847,34.15452362891788,0.0,1.0,6.0,21.75,304.0
2013-12-15,CAM,CO,15,158.0,0.8291139240506326,0.5987570775314955,0.1,0.42500000000000004,0.7,1.0,4.3
2013-12-15,CAM,NO,1,158.0,39.65822784810127,57.48783002219802,3.0,9.0,15.5,37.0,347.0
2013-12-15,CAM,NO2,1,158.0,36.063291139240505,15.316484414900685,12.0,26.0,33.0,45.0,83.0
2013-12-15,CAM,NOX,1,158.0,75.67088607594937,61.83452780210449,17.0,39.0,57.0,80.0,393.0
2013-12-15,CAM,O3,1,158.0,19.411392405063292,21.594741559393853,1.0,2.0,11.0,31.0,80.0
2013-12-15,CAM,PM10,2,160.0,51.0875,22.686096232365564,10.0,35.75,51.5,66.25,110.0
2013-12-15,CAM,PM2.5,2,160.0,24.89375,13.350427819211447,3.0,15.0,23.0,35.0,60.0
2013-12-15,CAM,PMCO,2,160.0,26.125,12.36842703909368,5.0,17.0,26.0,32.25,67.0
2013-12-15,CAM,SO2,1,158.0,11.487341772151899,17.955265481020138,0.0,2.0,4.0,13.0,131.0
2013-12-15,CHO,CO,15,0.0,,,,,,,
2013-12-15,CHO,NO,1,158.0,37.177215189873415,58.225513591206465,2.0,7.0,12.0,43.5,377.0
2013-12-15,CHO,NO2,1,158.0,23.088607594936708,8.726838131954963,5.0,17.0,21.0,28.0,50.0
2013-12-15,CHO,NOX,1,158.0,60.29113924050633,59.57987774253053,9.0,26.0,41.5,69.25,403.0
2013-12-15,CHO,O3,1,158.0,21.22151898734177,21.37223134904769,1.0,3.0,12.0,37.0,77.0
2013-12-15,CHO,PM10,2,160.0,63.5,33.12450308159378,7.0,43.0,56.0,78.0,161.0
2013-12-15,CHO,SO2,1,158.0,4.0886075949367084,3.617684354262506,1.0,2.0,3.0,4.0,25.0
2013-12-15,COY,NO,1,160.0,28.275,40.66645272652249,1.0,6.0,11.0,30.0,229.0
2013-12-15,COY,NO2,1,160.0,34.9625,14.747726612992668,13.0,24.0,32.0,43.0,84.0
2013-12-15,COY,NOX,1,160.0,63.26875,45.225601069951146,14.0,33.75,48.0,81.0,263.0
2013-12-15,COY,O3,1,160.0,22.23125,24.871802597829703,0.0,2.75,11.0,35.0,94.0
2013-12-15,COY,PM2.5,2,159.0,26.559748427672957,14.166546078152285,2.0,16.0,24.0,34.0,68.0
2013-12-15,CUA,CO,15,67.0,0.7671641791044775,0.34262270958251484,0.2,0.5,0.8,1.0,1.7
2013-12-15,CUA,NO,1,67.0,14.104477611940299,15.518448774748437,1.0,4.0,8.0,20.0,87.0
2013-12-15,CUA,NO2,1,67.0,31.955223880597014,16.410854534119398,6.0,19.5,31.0,40.5,79.0
2013-12-15,CUA,NOX,1,67.0,46.059701492537314,24.143435394260194,8.0,27.0,45.0,62.0,109.0
2013-12-15,CUA,O3,1,67.0,29.432835820895523,22.450770305065678,2.0,12.5,22.0,44.5,85.0
2013-12-15,CUA,PM10,2,64.0,39.03125,17.907140324551392,6.0,26.75,38.0,52.25,73.0
2013-12-15,CUA,SO2,1,68.0,8.676470588235293,15.762643516901381,1.0,3.0,5.0,9.0,112.0
2013-12-15,CUT,NO,1,161.0,22.41614906832298,38.30854327141195,0.0,2.0,4.0,26.0,228.0
2013-12-15,CUT,NO2,1,161.0,18.58385093167702,9.268602245087433,5.0,11.0,17.0,23.0,50.0
2013-12-15,CUT,NOX,1,161.0,40.96894409937888,43.05540360399731,6.0,13.0,25.0,52.0,253.0
2013-12-15,CUT,O3,1,161.0,21.043478260869566,21.21448438746714,0.0,1.0,14.0,35.0,76.0
2013-12-15,CUT,PM10,2,160.0,66.35625,40.72771171539506,4.0,37.75,60.5,84.0,221.0
2013-12-15,CUT,SO2,1,161.0,12.937888198757763,24.018922082650217,1.0,2.0,3.0,10.0,155.0
2013-12-15,FAC,CO,15,156.0,0.9012820512820514,0.6684587163151517,0.1,0.5,0.7,1.125,3.5
2013-12-15,FAC,NO,1,156.0,29.833333333333332,44.397738003021566,1.0,5.75,11.0,29.25,226.0
2013-12-15,FAC,NO2,1,156.0,29.98076923076923,16.74841202057431,9.0,18.0,25.5,38.0,94.0
2013-12-15,FAC,NOX,1,156.0,59.82692307692308,51.52114047294328,10.0,24.0,41.0,74.5,268.0
2013-12-15,FAC,O3,1,156.0,26.166666666666668,22.160654856206623,2.0,8.0,20.0,39.25,86.0
2013-12-15,FAC,PM10,2,135.0,41.68888888888889,25.47327152505258,1.0,23.0,39.0,57.0,130.0
2013-12-15,FAC,SO2,1,156.0,17.0,31.123686654503864,0.0,2.0,5.0,16.0,179.0
2013-12-15,HGM,CO,15,152.0,0.9796052631578958,0.6457542246455792,0.2,0.5,0.8,1.225,3.4
2013-12-15,HGM,NO,1,140.0,36.22857142857143,50.45324680387191,1.0,6.0,12.5,48.5,251.0
2013-12-15,HGM,NO2,1,140.0,37.75714285714286,15.36644547233566,9.0,26.0,38.0,47.0,93.0
2013-12-15,HGM,NOX,1,140.0,73.95714285714286,56.03735540165237,14.0,39.75,54.0,103.0,297.0
2013-12-15,HGM,O3,1,152.0,20.598684210526315,22.52247144767947,1.0,4.0,11.0,31.25,90.0
2013-12-15,HGM,PM10,2,152.0,49.86842105263158,24.130079113426387,10.0,31.0,48.0,68.5,110.0
2013-12-15,HGM,PM2.5,2,152.0,25.348684210526315,15.313613330109915,2.0,14.0,24.0,34.0,71.0
2013-12-15,HGM,PMCO,2,152.0,24.44078947368421,12.6185680239579,5.0,15.0,24.0,31.0,69.0
2013-12-15,HGM,SO2,1,152.0,10.342105263157896,17.68379557680113,0.0,1.0,3.5,10.0,129.0
2013-12-15,IZT,CO,15,161.0,0.8739130434782612,0.6763432689036717,0.1,0.4,0.7,1.1,4.4
2013-12-15,IZT,NO,1,161.0,33.192546583850934,48.00813935260751,2.0,6.0,14.0,37.0,266.0
2013-12-15,IZT,NO2,1,161.0,35.83229813664596,13.342243076430552,14.0,26.0,33.0,45.0,71.0
2013-12-15,IZT,NOX,1,161.0,69.01863354037268,52.241323687490144,16.0,37.0,52.0,86.0,310.0
2013-12-15,IZT,O3,1,161.0,22.31055900621118,26.581298883059862,0.0,2.0,9.0,36.0,99.0
2013-12-15,IZT,PM10,2,161.0,40.49689440993789,18.072120871525595,6.0,28.0,39.0,52.0,93.0
2013-12-15,IZT,SO2,1,161.0,9.79503105590062,13.244865992348869,1.0,2.0,4.0,10.0,87.0
2013-12-15,LLA,CO,15,0.0,,,,,,,
2013-12-15,LLA,NO,1,0.0,,,,,,,
2013-12-15,LLA,NO2,1,0.0,,,,,,,
2013-12-15,LLA,NOX,1,0.0,,,,,,,
2013-12-15,LLA,O3,1,0.0,,,,,,,
2013-12-15,LLA,SO2,1,0.0,,,,,,,
2013-12-15,LPR,CO,15,0.0,,,,,,,
2013-12-15,LPR,NO,1,161.0,38.79503105590062,50.35301853072249,2.0,10.0,18.0,51.0,259.0
2013-12-15,LPR,NO2,1,161.0,32.838509316770185,19.85758690687202,5.0,18.0,29.0,43.0,115.0
2013-12-15,LPR,NOX,1,161.0,71.69565217391305,62.718821285785154,7.0,30.0,51.0,89.0,324.0
2013-12-15,LPR,O3,1,161.0,25.167701863354036,23.661211936639233,0.0,5.0,20.0,38.0,96.0
2013-12-15,LPR,SO2,1,161.0,5.77639751552795,10.081527138335431,0.0,1.0,2.0,5.0,76.0
2013-12-15,MER,CO,15,157.0,1.2643312101910829,0.7547297647514183,0.3,0.7,1.0,1.6,3.6
2013-12-15,MER,NO,1,157.0,44.77707006369427,57.842691039966844,2.0,9.0,18.0,44.0,266.0
2013-12-15,MER,NO2,1,157.0,39.452229299363054,15.906959394486861,10.0,28.0,37.0,48.0,89.0
2013-12-15,MER,NOX,1,157.0,84.26114649681529,64.0209447395443,13.0,45.0,62.0,95.0,320.0
2013-12-15,MER,O3,1,157.0,20.02547770700637,23.54454290428284,0.0,2.0,9.0,32.0,91.0
2013-12-15,MER,PM10,2,160.0,60.98125,25.67074341755732,17.0,42.0,59.0,81.0,120.0
2013-12-15,MER,PM2.5,2,160.0,27.65625,14.649380983766761,6.0,15.75,25.0,37.0,72.0
2013-12-15,MER,PMCO,2,160.0,33.3,16.216615440720087,7.0,22.0,30.5,42.0,104.0
2013-12-15,MER,SO2,1,157.0,8.770700636942674,13.1592185740765,0.0,2.0,4.0,10.0,102.0
2013-12-15,MON,CO,15,0.0,,,,,,,
2013-12-15,MON,NO,1,161.0,21.900621118012424,39.412276794316284,1.0,2.0,3.0,25.0,203.0
2013-12-15,MON,NO2,1,161.0,16.354037267080745,7.3946010185541775,4.0,9.0,16.0,22.0,35.0
2013-12-15,MON,NOX,1,161.0,38.267080745341616,42.443161664156094,5.0,12.0,21.0,46.0,225.0
2013-12-15,MON,O3,1,161.0,27.68944099378882,26.21026421672546,0.0,2.0,20.0,45.0,89.0
2013-12-15,MON,SO2,1,0.0,,,,,,,
2013-12-15,NEZ,CO,15,161.0,0.8515527950310562,0.6347347467704632,0.1,0.4,0.7,1.1,3.9
2013-12-15,NEZ,NO,1,161.0,22.03726708074534,33.02023777147089,1.0,3.0,8.0,27.0,189.0
2013-12-15,NEZ,NO2,1,161.0,29.08695652173913,13.038113026981621,7.0,19.0,26.0,36.0,80.0
2013-12-15,NEZ,NOX,1,161.0,51.1055900621118,39.747264447454754,9.0,25.0,36.0,65.0,230.0
2013-12-15,NEZ,O3,1,161.0,25.180124223602483,26.55981179309206,1.0,4.0,14.0,41.0,101.0
2013-12-15,NEZ,PM2.5,2,161.0,18.422360248447205,10.797939474474282,3.0,9.0,17.0,25.0,64.0
2013-12-15,NEZ,SO2,1,161.0,5.590062111801243,7.627640567116279,1.0,2.0,3.0,5.0,42.0
2013-12-15,PED,CO,15,156.0,0.6294871794871796,0.4053223247384089,0.1,0.3,0.5,0.9,1.9
2013-12-15,PED,NO,1,156.0,17.057692307692307,25.820282196457782,1.0,3.75,6.0,16.0,138.0
2013-12-15,PED,NO2,1,156.0,30.294871794871796,14.746992235146035,9.0,20.0,27.0,39.0,83.0
2013-12-15,PED,NOX,1,156.0,47.333333333333336,32.65801948310921,10.0,23.75,38.0,58.0,183.0
2013-12-15,PED,O3,1,156.0,22.628205128205128,21.318239335614802,1.0,7.0,14.5,37.25,87.0
2013-12-15,PED,PM10,2,153.0,44.11764705882353,22.793391579367967,5.0,27.0,40.0,62.0,99.0
2013-12-15,PED,PM2.5,2,153.0,23.013071895424837,14.826623869573174,1.0,12.0,20.0,32.0,68.0
2013-12-15,PED,PMCO,2,153.0,21.163398692810457,11.000871685760965,3.0,12.0,20.0,29.0,47.0
2013-12-15,PED,SO2,1,156.0,8.538461538461538,13.10177757719853,0.0,2.0,3.0,9.0,100.0
2013-12-15,SAG,CO,15,0.0,,,,,,,
2013-12-15,SAG,NO,1,154.0,27.941558441558442,38.33243596784045,2.0,6.0,11.0,30.5,206.0
2013-12-15,SAG,NO2,1,154.0,27.98051948051948,12.367187653113804,8.0,19.0,26.0,35.75,71.0
2013-12-15,SAG,NOX,1,154.0,55.90909090909091,43.49718098240986,10.0,26.25,41.0,70.75,231.0
2013-12-15,SAG,O3,1,154.0,22.123376623376622,21.182780009150157,2.0,6.0,15.5,30.5,88.0
2013-12-15,SAG,PM10,2,145.0,53.51034482758621,26.21415998860246,8.0,39.0,50.0,66.0,148.0
2013-12-15,SAG,PM2.5,2,145.0,23.820689655172412,16.928226331878214,2.0,13.0,21.0,30.0,90.0
2013-12-15,SAG,PMCO,2,145.0,29.662068965517243,14.843732632577057,2.0,19.0,28.0,37.0,72.0
2013-12-15,SAG,SO2,1,154.0,8.577922077922079,17.081038092595143,0.0,1.0,2.0,6.0,88.0
2013-12-15,SFE,CO,15,151.0,0.5821192052980131,0.3096419637183633,0.1,0.4,0.5,0.8,1.8
2013-12-15,SFE,NO,1,151.0,14.483443708609272,20.494179435353757,1.0,3.0,6.0,13.5,120.0
2013-12-15,SFE,NO2,1,151.0,29.072847682119207,15.456217449189975,6.0,19.0,26.0,36.0,91.0
2013-12-15,SFE,NOX,1,151.0,43.58278145695364,27.550767107503933,9.0,22.5,37.0,59.0,147.0
2013-12-15,SFE,O3,1,151.0,24.397350993377483,21.382883955849252,0.0,8.0,16.0,39.5,89.0
2013-12-15,SFE,PM10,2,149.0,40.45637583892618,21.71077800013865,4.0,25.0,35.0,55.0,98.0
2013-12-15,SFE,PM2.5,2,149.0,21.751677852348994,13.704362118855034,1.0,12.0,19.0,28.0,57.0
2013-12-15,SFE,PMCO,2,149.0,18.758389261744966,10.50331415310438,2.0,11.0,17.0,27.0,50.0
2013-12-15,SFE,SO2,1,152.0,10.546052631578947,16.60680416516053,1.0,2.0,5.0,11.0,125.0
2013-12-15,SJA,CO,15,158.0,0.8329113924050633,0.768772952159021,0.0,0.3,0.6,1.0750000000000002,4.8
2013-12-15,SJA,NO,1,158.0,46.25949367088607,70.96380887778385,0.0,4.0,10.5,62.75,415.0
2013-12-15,SJA,NO2,1,158.0,31.303797468354432,14.043929649840715,8.0,21.0,29.0,39.0,73.0
2013-12-15,SJA,NOX,1,158.0,77.5506329113924,75.23250986773036,10.0,26.25,49.0,106.5,444.0
2013-12-15,SJA,O3,1,158.0,21.259493670886076,23.818897486008964,1.0,2.0,13.0,30.5,98.0
2013-12-15,SJA,PM2.5,2,157.0,21.61783439490446,10.876070552580417,2.0,13.0,20.0,30.0,49.0
2013-12-15,SJA,SO2,1,158.0,6.620253164556962,7.457401397557284,1.0,2.0,4.0,7.0,39.0
2013-12-15,SUR,CO,15,113.0,1.0778761061946904,0.5407888605140934,0.2,0.6,1.0,1.5,2.4
2013-12-15,SUR,NO,1,155.0,29.361290322580643,43.34756600829782,1.0,6.0,11.0,33.5,241.0
2013-12-15,SUR,NO2,1,155.0,34.05806451612903,14.566568515182256,11.0,23.0,31.0,42.0,79.0
2013-12-15,SUR,NOX,1,155.0,63.458064516129035,47.98772011612828,12.0,33.0,46.0,82.5,270.0
2013-12-15,SUR,O3,1,155.0,23.44516129032258,26.709145749997237,1.0,3.0,12.0,35.0,107.0
2013-12-15,SUR,PM10,2,157.0,40.80891719745223,19.89592593200472,4.0,26.0,41.0,55.0,92.0
2013-12-15,SUR,SO2,1,155.0,9.019354838709678,13.129955325658617,0.0,2.0,4.0,10.0,104.0
2013-12-15,TAH,CO,15,156.0,0.7897435897435903,0.5000876680794027,0.2,0.5,0.7,0.925,3.7
2013-12-15,TAH,NO,1,156.0,12.121794871794872,18.970381991058677,2.0,3.0,5.0,13.0,143.0
2013-12-15,TAH,NO2,1,156.0,23.07051282051282,10.99625283946818,7.0,15.0,21.0,29.0,77.0
2013-12-15,TAH,NOX,1,156.0,35.19230769230769,25.086975256962,9.0,19.0,29.5,40.25,182.0
2013-12-15,TAH,O3,1,156.0,29.685897435897434,27.559625562131586,1.0,7.75,19.0,50.75,103.0
2013-12-15,TAH,PM10,2,157.0,42.210191082802545,25.125845271438706,2.0,24.0,39.0,56.0,193.0
2013-12-15,TAH,SO2,1,156.0,5.166666666666667,6.062931616383786,1.0,2.0,3.0,5.0,30.0
2013-12-15,TLA,CO,15,157.0,1.020382165605096,0.5830664796400968,0.3,0.6,0.9,1.3,3.2
2013-12-15,TLA,NO,1,157.0,38.30573248407644,49.78371971818959,2.0,11.0,17.0,36.0,228.0
2013-12-15,TLA,NO2,1,157.0,34.318471337579616,14.335288275995849,13.0,24.0,31.0,41.0,73.0
2013-12-15,TLA,NOX,1,157.0,72.59872611464968,54.525559740670985,16.0,38.0,53.0,80.0,276.0
2013-12-15,TLA,O3,1,136.0,22.772058823529413,21.781054258661047,0.0,4.75,15.0,39.25,82.0
2013-12-15,TLA,PM10,2,160.0,53.45,27.595414804619146,6.0,30.0,51.5,75.25,132.0
2013-12-15,TLA,PM2.5,2,160.0,23.08125,13.986953433546612,1.0,12.0,20.0,33.25,56.0
2013-12-15,TLA,PMCO,2,160.0,30.35625,17.293015594880483,2.0,15.75,29.0,41.0,98.0
2013-12-15,TLA,SO2,1,157.0,14.656050955414013,19.482639667345985,1.0,3.0,6.0,20.0,125.0
2013-12-15,TLI,CO,15,158.0,0.7892405063291139,0.44928612066410195,0.2,0.5,0.6,1.0,2.6
2013-12-15,TLI,NO,1,158.0,27.5,44.67330099350227,0.0,3.0,7.0,38.5,264.0
2013-12-15,TLI,NO2,1,158.0,28.17721518987342,13.425196857654424,5.0,17.0,28.0,37.0,70.0
2013-12-15,TLI,NOX,1,158.0,55.68987341772152,51.10485061784031,6.0,21.0,36.5,76.0,302.0
2013-12-15,TLI,O3,1,158.0,22.0,23.15469989847709,0.0,2.0,14.5,34.0,88.0
2013-12-15,TLI,PM10,2,154.0,48.44155844155844,27.343371426253903,2.0,28.25,46.0,59.0,133.0
2013-12-15,TLI,SO2,1,158.0,11.221518987341772,17.341685508528496,1.0,2.0,4.0,12.0,136.0
2013-12-15,TPN,CO,15,0.0,,,,,,,
2013-12-15,TPN,NO,1,158.0,12.259493670886076,13.679768119122237,1.0,4.0,8.0,14.75,75.0
2013-12-15,TPN,NO2,1,158.0,21.664556962025316,13.674845920483492,5.0,11.0,18.5,28.0,75.0
2013-12-15,TPN,NOX,1,158.0,33.89873417721519,23.320309038992416,6.0,17.0,29.0,42.75,112.0
2013-12-15,TPN,O3,1,158.0,24.829113924050635,18.131927373907914,2.0,12.0,18.0,33.0,81.0
2013-12-15,TPN,SO2,1,158.0,6.139240506329114,6.932309983871818,1.0,2.0,4.0,6.0,37.0
2013-12-15,UAX,CO,15,156.0,0.785897435897436,0.3891178970438581,0.2,0.5,0.7,1.1,2.0
2013-12-15,UAX,NO,1,156.0,18.762820512820515,25.450042697090048,0.0,2.0,8.0,23.0,130.0
2013-12-15,UAX,NO2,1,156.0,34.15384615384615,13.351889486271144,14.0,25.0,30.5,41.25,71.0
2013-12-15,UAX,NOX,1,156.0,53.032051282051285,30.095208036045157,14.0,30.0,45.0,67.5,157.0
2013-12-15,UAX,O3,1,156.0,23.346153846153847,25.081712614817743,1.0,2.0,12.0,41.25,89.0
2013-12-15,UAX,PM2.5,2,153.0,21.274509803921568,12.821771828313652,2.0,13.0,19.0,28.0,112.0
2013-12-15,UAX,SO2,1,156.0,7.621794871794871,10.419796882868296,1.0,2.0,3.0,8.0,47.0
2013-12-15,UIZ,CO,15,160.0,0.821875,0.7099182232115184,0.0,0.4,0.7,1.0,4.2
2013-12-15,UIZ,NO,1,160.0,30.49375,46.585688529699375,1.0,5.0,14.5,33.25,301.0
2013-12-15,UIZ,NO2,1,160.0,34.525,13.594740936556144,10.0,25.0,32.0,41.25,84.0
2013-12-15,UIZ,NOX,1,160.0,65.025,51.50208519928308,12.0,35.0,52.0,71.5,331.0
2013-12-15,UIZ,O3,1,160.0,24.78125,28.803535744481923,2.0,3.0,9.0,40.75,102.0
2013-12-15,UIZ,PM10,2,159.0,52.76729559748428,22.696454574114743,12.0,35.0,50.0,70.0,114.0
2013-12-15,UIZ,PM2.5,2,159.0,24.867924528301888,12.84134600359874,3.0,15.0,23.0,34.0,63.0
2013-12-15,UIZ,PMCO,2,159.0,27.91194968553459,14.153043975399928,6.0,19.5,25.0,34.5,88.0
2013-12-15,UIZ,SO2,1,160.0,7.34375,9.289912616117244,1.0,2.0,3.0,7.0,48.0
2013-12-15,VIF,CO,15,161.0,0.749689440993789,0.5571270303533213,0.2,0.4,0.5,0.9,3.0
2013-12-15,VIF,NO,1,161.0,22.242236024844722,34.20942421276549,1.0,3.0,6.0,30.0,173.0
2013-12-15,VIF,NO2,1,161.0,20.801242236024844,11.400010896802032,4.0,12.0,20.0,27.0,66.0
2013-12-15,VIF,NOX,1,161.0,43.0,40.688143236082915,6.0,15.0,26.0,60.0,205.0
2013-12-15,VIF,O3,1,161.0,25.88198757763975,24.015198021770402,0.0,4.0,19.0,41.0,104.0
2013-12-15,VIF,PM10,2,157.0,64.87261146496816,35.647081751067695,2.0,39.0,59.0,86.0,161.0
2013-12-15,VIF,SO2,1,161.0,14.378881987577639,26.459625871169024,2.0,3.0,4.0,9.0,158.0
2013-12-15,XAL,CO,15,156.0,1.0999999999999999,0.9404871764315862,0.1,0.5,0.8,1.325,5.6
2013-12-15,XAL,NO,1,156.0,49.92948717948718,67.32186647399024,4.0,13.0,22.0,55.75,456.0
2013-12-15,XAL,NO2,1,156.0,32.955128205128204,16.32308594666361,8.0,20.75,31.0,39.25,98.0
2013-12-15,XAL,NOX,1,156.0,82.83333333333333,74.86717988314986,12.0,38.0,53.0,102.25,494.0
2013-12-15,XAL,O3,1,156.0,21.94871794871795,19.712709138308384,2.0,3.75,18.0,32.25,80.0
2013-12-15,XAL,PM10,2,161.0,74.03726708074534,40.62186729440772,10.0,45.0,70.0,88.0,230.0
2013-12-15,XAL,PM2.5,2,161.0,32.22981366459627,21.278876981411916,5.0,16.0,26.0,42.0,103.0
2013-12-15,XAL,PMCO,2,161.0,41.77639751552795,24.682224159118928,5.0,24.0,37.0,57.0,143.0
2013-12-15,XAL,SO2,1,156.0,8.756410256410257,11.98244511364734,1.0,2.0,4.0,9.0,60.0
2013-12-22,ACO,CO,15,157.0,0.26815286624203827,0.2060116428625749,0.0,0.1,0.2,0.4,1.0
2013-12-22,ACO,NO,1,150.0,11.573333333333334,14.481344938589976,1.0,3.0,4.0,16.0,68.0
2013-12-22,ACO,NO2,1,150.0,17.846666666666668,7.663858059616049,5.0,12.0,18.0,23.0,40.0
2013-12-22,ACO,NOX,1,150.0,29.46,18.46623256017434,7.0,15.0,24.0,39.0,87.0
2013-12-22,ACO,O3,1,157.0,26.904458598726116,22.41359003941595,2.0,6.0,20.0,42.0,84.0
2013-12-22,ACO,PM10,2,160.0,43.50625,17.488539598708563,15.0,31.75,40.0,52.25,119.0
2013-12-22,ACO,SO2,1,157.0,2.961783439490446,3.1253417255587963,1.0,2.0,2.0,3.0,26.0
2013-12-22,ATI,CO,15,160.0,0.8587500000000002,0.6722147287209898,0.1,0.4,0.7,1.025,3.4
2013-12-22,ATI,NO,1,160.0,27.71875,41.309108118210595,0.0,3.0,7.0,31.5,197.0
2013-12-22,ATI,NO2,1,160.0,31.3875,17.027535044319666,7.0,19.0,27.0,40.0,90.0
2013-12-22,ATI,NOX,1,160.0,59.025,48.2027883532835,8.0,24.75,40.0,73.0,230.0
2013-12-22,ATI,O3,1,160.0,21.55625,22.121092377805887,0.0,4.0,13.0,32.25,93.0
2013-12-22,ATI,PM10,2,157.0,55.681528662420384,33.937732993309005,4.0,27.0,49.0,81.0,179.0
2013-12-22,ATI,SO2,1,160.0,9.21875,16.241368050860803,0.0,1.0,4.0,10.0,131.0
2013-12-22,CAM,CO,15,161.0,1.0565217391304345,0.6834455545886275,0.2,0.6,0.8,1.4,3.3
2013-12-22,CAM,NO,1,161.0,58.47204968944099,64.92351866925817,3.0,12.0,30.0,83.0,313.0
2013-12-22,CAM,NO2,1,161.0,43.869565217391305,18.173170621407333,10.0,33.0,42.0,53.0,107.0
2013-12-22,CAM,NOX,1,161.0,102.38509316770187,72.33965562813742,15.0,55.0,75.0,142.0,358.0
2013-12-22,CAM,O3,1,161.0,17.88198757763975,23.22885567618097,1.0,1.0,5.0,31.0,84.0
2013-12-22,CAM,PM10,2,132.0,56.68181818181818,26.093290700288133,17.0,37.0,49.0,75.25,137.0
2013-12-22,CAM,PM2.5,2,132.0,27.689393939393938,14.368717386201983,1.0,17.0,24.5,38.0,68.0
2013-12-22,CAM,PMCO,2,132.0,28.96212121212121,14.315637797263781,7.0,19.0,25.0,36.25,84.0
2013-12-22,CAM,SO2,1,161.0,10.161490683229813,16.27340645851307,0.0,2.0,5.0,10.0,99.0
2013-12-22,CHO,CO,15,0.0,,,,,,,
2013-12-22,CHO,NO,1,152.0,31.67763157894737,49.5292544463276,2.0,6.0,11.0,31.5,315.0
2013-12-22,CHO,NO2,1,152.0,21.789473684210527,10.799577854729437,4.0,13.75,20.0,30.0,55.0
2013-12-22,CHO,NOX,1,152.0,53.44078947368421,53.74451871668251,9.0,20.0,38.0,60.0,344.0
2013-12-22,CHO,O3,1,161.0,20.546583850931675,18.646698873580487,1.0,3.0,14.0,36.0,66.0
2013-12-22,CHO,PM10,2,159.0,69.62893081761007,41.05346212741481,3.0,39.0,60.0,92.0,225.0
2013-12-22,CHO,SO2,1,161.0,4.552795031055901,3.456697522777363,2.0,2.0,3.0,5.0,22.0
2013-12-22,COY,NO,1,157.0,41.37579617834395,45.7272311301481,1.0,7.0,25.0,60.0,220.0
2013-12-22,COY,NO2,1,157.0,35.40764331210191,15.576097489427939,5.0,27.0,34.0,42.0,92.0
2013-12-22,COY,NOX,1,157.0,76.78980891719745,52.40229392208501,7.0,40.0,66.0,97.0,254.0
2013-12-22,COY,O3,1,157.0,19.503184713375795,24.386215159236695,0.0,1.0,4.0,34.0,91.0
2013-12-22,COY,PM2.5,2,160.0,26.74375,12.213636504606912,5.0,17.0,24.0,35.0,61.0
2013-12-22,CUA,CO,15,153.0,0.6777777777777776,0.46357055646224327,0.3,0.4,0.5,0.7,2.9
2013-12-22,CUA,NO,1,153.0,22.30065359477124,41.42686723030563,2.0,5.0,8.0,17.0,239.0
2013-12-22,CUA,NO2,1,153.0,27.718954248366014,14.793516323545195,6.0,17.0,24.0,33.0,89.0
2013-12-22,CUA,NOX,1,153.0,49.98692810457516,50.1161790936694,10.0,24.0,33.0,50.0,283.0
2013-12-22,CUA,O3,1,152.0,28.486842105263158,21.465816608666227,2.0,11.75,23.0,39.0,92.0
2013-12-22,CUA,PM10,2,157.0,33.15923566878981,19.91955280691405,3.0,19.0,28.0,43.0,91.0
2013-12-22,CUA,SO2,1,154.0,8.142857142857142,12.835015714236096,1.0,2.0,4.0,8.0,70.0
2013-12-22,CUT,NO,1,161.0,44.49068322981366,54.42335413363714,0.0,3.0,24.0,66.0,222.0
2013-12-22,CUT,NO2,1,161.0,24.919254658385093,12.836946266187832,5.0,17.0,23.0,31.0,80.0
2013-12-22,CUT,NOX,1,161.0,69.40372670807453,60.18745497215218,7.0,23.0,55.0,102.0,256.0
2013-12-22,CUT,O3,1,161.0,19.664596273291924,23.867065199605843,0.0,1.0,8.0,36.0,97.0
2013-12-22,CUT,PM10,2,160.0,92.30625,55.62317024055766,12.0,55.0,76.0,123.0,328.0
2013-12-22,CUT,SO2,1,161.0,7.683229813664596,13.247840559997165,1.0,2.0,3.0,7.0,97.0
2013-12-22,FAC,CO,15,158.0,1.0531645569620254,0.6971891596553156,0.2,0.5,0.8,1.4,3.2
2013-12-22,FAC,NO,1,158.0,41.29113924050633,49.328394401554,2.0,10.0,21.5,50.0,210.0
2013-12-22,FAC,NO2,1,158.0,37.53164556962025,22.03722123063265,8.0,22.0,31.5,44.0,111.0
2013-12-22,FAC,NOX,1,158.0,78.86708860759494,58.849598262635794,11.0,37.5,57.0,99.0,268.0
2013-12-22,FAC,O3,1,158.0,22.848101265822784,23.600490444863375,1.0,5.25,14.0,34.75,103.0
2013-12-22,FAC,PM10,2,161.0,44.08695652173913,26.248902668575468,2.0,23.0,37.0,61.0,120.0
2013-12-22,FAC,SO2,1,158.0,8.221518987341772,13.395799045704047,0.0,1.25,5.0,9.0,102.0
2013-12-22,HGM,CO,15,157.0,1.126114649681529,0.6153117301276884,0.3,0.7,1.0,1.4,3.8
2013-12-22,HGM,NO,1,157.0,44.10191082802548,50.181233686250174,1.0,9.0,22.0,62.0,291.0
2013-12-22,HGM,NO2,1,157.0,41.044585987261144,17.993711133959174,8.0,31.0,39.0,48.0,121.0
2013-12-22,HGM,NOX,1,157.0,85.12738853503184,57.57734219988972,16.0,45.0,67.0,111.0,348.0
2013-12-22,HGM,O3,1,155.0,19.4,23.797467943448957,1.0,1.0,6.0,33.0,86.0
2013-12-22,HGM,PM10,2,158.0,51.41772151898734,22.19175700236218,14.0,35.25,47.5,64.75,132.0
2013-12-22,HGM,PM2.5,2,158.0,27.00632911392405,15.352543653409617,3.0,17.0,24.0,33.75,77.0
2013-12-22,HGM,PMCO,2,158.0,24.436708860759495,9.30682479826101,7.0,18.0,24.0,30.0,55.0
2013-12-22,HGM,SO2,1,156.0,8.75,17.131982918205278,0.0,1.0,3.0,8.0,93.0
2013-12-22,IZT,CO,15,154.0,1.00974025974026,0.5633431349094489,0.3,0.6,0.9,1.3,2.6
2013-12-22,IZT,NO,1,154.0,40.435064935064936,41.00883458534323,2.0,11.0,26.0,50.0,205.0
2013-12-22,IZT,NO2,1,154.0,38.5,15.004247764562946,10.0,30.0,36.5,45.0,110.0
2013-12-22,IZT,NOX,1,154.0,78.98051948051948,45.924984411455476,16.0,44.25,69.5,98.75,242.0
2013-12-22,IZT,O3,1,154.0,20.064935064935064,24.983046624125056,0.0,1.0,6.5,33.0,90.0
2013-12-22,IZT,PM10,2,157.0,44.394904458598724,15.361773219036953,13.0,35.0,43.0,54.0,95.0
2013-12-22,IZT,SO2,1,154.0,11.357142857142858,18.72493656330295,1.0,3.0,5.0,10.75,105.0
2013-12-22,LLA,CO,15,0.0,,,,,,,
2013-12-22,LLA,NO,1,0.0,,,,,,,
2013-12-22,LLA,NO2,1,0.0,,,,,,,
2013-12-22,LLA,NOX,1,0.0,,,,,,,
2013-12-22,LLA,O3,1,0.0,,,,,,,
2013-12-22,LLA,SO2,1,0.0,,,,,,,
2013-12-22,LPR,CO,15,0.0,,,,,,,
2013-12-22,LPR,NO,1,157.0,53.59235668789809,56.957581541454566,2.0,17.0,32.0,73.0,278.0
2013-12-22,LPR,NO2,1,157.0,41.13375796178344,20.80929758342172,17.0,27.0,36.0,46.0,118.0
2013-12-22,LPR,NOX,1,157.0,94.63057324840764,67.5791356270941,22.0,47.0,71.0,114.0,333.0
2013-12-22,LPR,O3,1,157.0,21.191082802547772,24.688348169905662,0.0,2.0,11.0,34.0,96.0
2013-12-22,LPR,SO2,1,157.0,8.19108280254777,16.82074945659558,0.0,1.0,2.0,7.0,103.0
2013-12-22,MER,CO,15,154.0,1.4435064935064932,0.7523319150581579,0.5,0.9,1.2,1.7,4.3
2013-12-22,MER,NO,1,154.0,56.36363636363637,57.49064353336094,2.0,14.25,33.0,79.75,270.0
2013-12-22,MER,NO2,1,154.0,45.0,16.874391782793705,13.0,35.25,41.0,51.0,112.0
2013-12-22,MER,NOX,1,154.0,101.32467532467533,63.94195520559888,21.0,57.25,80.0,127.75,336.0
2013-12-22,MER,O3,1,154.0,18.376623376623378,24.33563725920233,0.0,1.0,4.0,30.75,86.0
2013-12-22,MER,PM10,2,158.0,62.29746835443038,23.63563904446827,23.0,47.0,61.5,75.0,138.0
2013-12-22,MER,PM2.5,2,158.0,27.670886075949365,13.970142428216167,5.0,17.0,25.0,37.75,70.0
2013-12-22,MER,PMCO,2,158.0,34.63291139240506,12.911928238371798,13.0,26.0,33.5,42.0,84.0
2013-12-22,MER,SO2,1,154.0,10.441558441558442,18.407155120954727,1.0,2.0,4.0,9.0,107.0
2013-12-22,MON,CO,15,0.0,,,,,,,
2013-12-22,MON,NO,1,98.0,37.66326530612245,57.17777375788835,1.0,2.0,11.0,40.5,252.0
2013-12-22,MON,NO2,1,98.0,19.857142857142858,8.061618368643451,5.0,15.0,20.0,25.0,43.0
2013-12-22,MON,NOX,1,98.0,57.56122448979592,60.26728546611537,6.0,17.0,35.0,70.75,275.0
2013-12-22,MON,O3,1,98.0,26.040816326530614,27.821566346378063,0.0,1.0,16.5,49.75,103.0
2013-12-22,MON,SO2,1,0.0,,,,,,,
2013-12-22,NEZ,CO,15,155.0,1.0096774193548386,0.7236966963120927,0.3,0.6,0.8,1.1,4.1
2013-12-22,NEZ,NO,1,155.0,27.470967741935485,40.56409225196869,1.0,4.0,9.0,34.5,233.0
2013-12-22,NEZ,NO2,1,155.0,32.07096774193548,14.38980053534463,9.0,22.5,31.0,39.0,86.0
2013-12-22,NEZ,NOX,1,155.0,59.58064516129032,46.49575751736422,11.0,27.0,47.0,71.5,257.0
2013-12-22,NEZ,O3,1,155.0,21.967741935483872,24.24775243429354,1.0,3.0,12.0,38.5,103.0
2013-12-22,NEZ,PM2.5,2,158.0,20.70253164556962,11.328060809459572,2.0,13.0,18.0,27.0,59.0
2013-12-22,NEZ,SO2,1,155.0,9.058064516129033,17.65110596206715,0.0,1.0,4.0,7.0,114.0
2013-12-22,PED,CO,15,157.0,0.578343949044586,0.3801683957746141,0.0,0.3,0.5,0.8,1.5
2013-12-22,PED,NO,1,157.0,19.796178343949045,24.43561368311738,1.0,3.0,7.0,31.0,98.0
2013-12-22,PED,NO2,1,157.0,29.343949044585987,14.885767327231202,4.0,17.0,26.0,40.0,73.0
2013-12-22,PED,NOX,1,157.0,49.10191082802548,33.86306980067416,6.0,20.0,41.0,70.0,136.0
2013-12-22,PED,O3,1,157.0,22.146496815286625,21.439484089726683,1.0,4.0,15.0,33.0,86.0
2013-12-22,PED,PM10,2,129.0,43.87596899224806,19.428156014507167,10.0,31.0,41.0,55.0,94.0
2013-12-22,PED,PM2.5,2,129.0,20.48062015503876,11.369573413827062,1.0,12.0,21.0,28.0,47.0
2013-12-22,PED,PMCO,2,129.0,23.364341085271317,11.231191210541825,6.0,14.0,22.0,31.0,56.0
2013-12-22,PED,SO2,1,157.0,4.987261146496815,5.393475713406794,0.0,1.0,3.0,7.0,30.0
2013-12-22,SAG,CO,15,0.0,,,,,,,
2013-12-22,SAG,NO,1,161.0,36.79503105590062,43.56290251068309,3.0,9.0,18.0,44.0,207.0
2013-12-22,SAG,NO2,1,161.0,31.25465838509317,11.383254973372944,11.0,24.0,30.0,37.0,84.0
2013-12-22,SAG,NOX,1,161.0,68.05590062111801,47.15390339717448,16.0,34.0,54.0,81.0,232.0
2013-12-22,SAG,O3,1,161.0,21.248447204968944,22.784871915346763,2.0,3.0,11.0,34.0,85.0
2013-12-22,SAG,PM10,2,117.0,61.30769230769231,33.35944821405007,16.0,45.0,55.0,70.0,315.0
2013-12-22,SAG,PM2.5,2,117.0,26.803418803418804,14.530728033259033,2.0,17.0,24.0,36.0,73.0
2013-12-22,SAG,PMCO,2,117.0,34.51282051282051,29.67020314907132,9.0,23.0,28.0,39.0,298.0
2013-12-22,SAG,SO2,1,161.0,10.496894409937887,24.980773662859907,0.0,2.0,3.0,7.0,203.0
2013-12-22,SFE,CO,15,154.0,0.6000000000000002,0.29858051978885963,0.2,0.4,0.6,0.7,1.7
2013-12-22,SFE,NO,1,154.0,18.662337662337663,22.291069397670775,2.0,4.0,9.0,28.5,141.0
2013-12-22,SFE,NO2,1,154.0,30.83116883116883,15.51882904197526,4.0,20.0,29.0,38.0,103.0
2013-12-22,SFE,NOX,1,154.0,49.46103896103896,31.74595504404619,7.0,25.0,40.0,67.0,189.0
2013-12-22,SFE,O3,1,154.0,25.181818181818183,22.637944473956598,0.0,9.0,18.0,35.5,93.0
2013-12-22,SFE,PM10,2,152.0,37.24342105263158,20.739953032614377,5.0,23.0,33.5,48.0,106.0
2013-12-22,SFE,PM2.5,2,152.0,17.861842105263158,10.725996977144463,2.0,11.0,15.0,22.0,59.0
2013-12-22,SFE,PMCO,2,152.0,19.414473684210527,11.506660368401425,1.0,10.75,17.0,27.0,59.0
2013-12-22,SFE,SO2,1,154.0,6.720779220779221,9.784940244988565,1.0,2.0,3.0,7.0,57.0
2013-12-22,SJA,CO,15,161.0,0.9310559006211181,0.6301027718599485,0.2,0.5,0.8,1.3,3.4
2013-12-22,SJA,NO,1,161.0,55.422360248447205,64.13010601031633,2.0,9.0,31.0,88.0,340.0
2013-12-22,SJA,NO2,1,161.0,36.22981366459627,14.935799462702427,12.0,27.0,34.0,43.0,106.0
2013-12-22,SJA,NOX,1,161.0,91.74534161490683,67.68975915002815,16.0,38.0,75.0,129.0,373.0
2013-12-22,SJA,O3,1,161.0,19.267080745341616,23.73545811754409,2.0,2.0,5.0,33.0,87.0
2013-12-22,SJA,PM2.5,2,157.0,23.745222929936304,10.067658589225921,1.0,16.0,23.0,31.0,50.0
2013-12-22,SJA,SO2,1,161.0,10.91304347826087,17.62505010785354,1.0,3.0,5.0,9.0,91.0
2013-12-22,SUR,CO,15,160.0,1.1318750000000002,0.5850734378460163,0.2,0.7,1.0,1.4,3.4
2013-12-22,SUR,NO,1,160.0,35.95625,40.19830511696644,1.0,7.0,22.5,49.0,258.0
2013-12-22,SUR,NO2,1,160.0,34.425,13.744089638822938,6.0,25.0,34.5,41.0,80.0
2013-12-22,SUR,NOX,1,160.0,70.36875,45.853145660697386,11.0,38.0,59.0,91.0,290.0
2013-12-22,SUR,O3,1,148.0,23.844594594594593,26.678665541451362,1.0,2.0,10.5,40.25,96.0
2013-12-22,SUR,PM10,2,151.0,42.17218543046358,17.607483859391145,3.0,28.0,44.0,54.0,97.0
2013-12-22,SUR,SO2,1,160.0,6.73125,11.263410944320059,1.0,2.0,3.0,8.0,114.0
2013-12-22,TAH,CO,15,161.0,0.6900621118012424,0.46289914789078224,0.1,0.3,0.6,0.9,2.9
2013-12-22,TAH,NO,1,161.0,13.84472049689441,19.359932530296692,2.0,4.0,6.0,16.0,135.0
2013-12-22,TAH,NO2,1,161.0,21.049689440993788,11.293693617588106,3.0,11.0,22.0,31.0,48.0
2013-12-22,TAH,NOX,1,161.0,34.90683229813665,25.982638732968415,6.0,14.0,30.0,47.0,169.0
2013-12-22,TAH,O3,1,161.0,26.354037267080745,22.110916403975732,1.0,5.0,22.0,43.0,84.0
2013-12-22,TAH,PM10,2,158.0,44.278481012658226,23.400384725924766,1.0,29.0,41.0,59.25,122.0
2013-12-22,TAH,SO2,1,161.0,4.198757763975156,3.7430266425988723,1.0,2.0,2.0,6.0,20.0
2013-12-22,TLA,CO,15,155.0,1.2187096774193542,0.6575028612622738,0.4,0.7,1.0,1.5,3.1
2013-12-22,TLA,NO,1,153.0,54.967320261437905,61.22149372099354,5.0,14.0,31.0,62.0,280.0
2013-12-22,TLA,NO2,1,153.0,42.03921568627451,19.69901224912892,13.0,27.0,39.0,51.0,112.0
2013-12-22,TLA,NOX,1,153.0,97.00653594771242,68.49534144090099,19.0,50.0,78.0,118.0,318.0
2013-12-22,TLA,O3,1,145.0,19.910344827586208,24.415078799728143,1.0,1.0,8.0,34.0,95.0
2013-12-22,TLA,PM10,2,159.0,63.886792452830186,32.291391087729586,18.0,39.0,54.0,85.0,190.0
2013-12-22,TLA,PM2.5,2,159.0,27.90566037735849,16.908836897483482,4.0,15.0,23.0,36.5,94.0
2013-12-22,TLA,PMCO,2,159.0,35.943396226415096,18.53673918964846,7.0,21.5,31.0,48.0,98.0
2013-12-22,TLA,SO2,1,155.0,14.116129032258064,19.166378448741582,1.0,3.5,7.0,16.0,124.0
2013-12-22,TLI,CO,15,161.0,0.8260869565217395,0.5347337817936174,0.0,0.5,0.7,1.0,2.7
2013-12-22,TLI,NO,1,161.0,40.22981366459627,49.05013359400831,1.0,7.0,22.0,56.0,236.0
2013-12-22,TLI,NO2,1,161.0,37.60248447204969,16.774712927165698,8.0,27.0,36.0,45.0,117.0
2013-12-22,TLI,NOX,1,161.0,77.77639751552795,56.987605577362125,11.0,36.0,64.0,98.0,277.0
2013-12-22,TLI,O3,1,161.0,19.96894409937888,25.940658810120954,0.0,1.0,6.0,37.0,97.0
2013-12-22,TLI,PM10,2,158.0,59.75316455696203,33.77533240537786,1.0,37.25,54.0,77.0,177.0
2013-12-22,TLI,SO2,1,161.0,18.391304347826086,36.31772534056952,1.0,2.0,4.0,15.0,199.0
2013-12-22,TPN,CO,15,0.0,,,,,,,
2013-12-22,TPN,NO,1,161.0,10.51552795031056,13.625392466853073,1.0,2.0,6.0,12.0,78.0
2013-12-22,TPN,NO2,1,161.0,17.819875776397517,13.352849976108926,2.0,7.0,12.0,28.0,57.0
2013-12-22,TPN,NOX,1,161.0,28.279503105590063,24.816882152106714,3.0,10.0,19.0,39.0,130.0
2013-12-22,TPN,O3,1,161.0,26.055900621118013,15.781812493819025,6.0,14.0,20.0,35.0,74.0
2013-12-22,TPN,SO2,1,161.0,4.75776397515528,4.018358491840184,2.0,2.0,3.0,6.0,25.0
2013-12-22,UAX,CO,15,156.0,0.8064102564102567,0.45403985716468515,0.2,0.5,0.7,1.0,2.4
2013-12-22,UAX,NO,1,156.0,23.615384615384617,33.595403206767884,0.0,2.0,9.0,34.0,197.0
2013-12-22,UAX,NO2,1,156.0,30.224358974358974,14.38663076427992,8.0,19.0,31.0,38.0,79.0
2013-12-22,UAX,NOX,1,156.0,53.80769230769231,40.729653996077595,9.0,22.0,43.0,76.0,227.0
2013-12-22,UAX,O3,1,156.0,23.442307692307693,23.197118949201947,1.0,1.0,16.5,40.25,81.0
2013-12-22,UAX,PM2.5,2,157.0,19.97452229299363,10.47215419062038,1.0,12.0,19.0,26.0,57.0
2013-12-22,UAX,SO2,1,156.0,5.621794871794871,7.536871044720608,1.0,1.0,3.0,8.0,67.0
2013-12-22,UIZ,CO,15,74.0,0.8445945945945947,0.5632931283652697,0.2,0.5,0.6,1.0,2.4
2013-12-22,UIZ,NO,1,74.0,38.9054054054054,38.08827846835178,1.0,11.0,26.0,54.5,154.0
2013-12-22,UIZ,NO2,1,74.0,37.87837837837838,9.54434883030763,16.0,33.0,38.0,42.0,71.0
2013-12-22,UIZ,NOX,1,74.0,76.87837837837837,42.36499999683206,17.0,48.25,66.0,91.0,187.0
2013-12-22,UIZ,O3,1,74.0,19.756756756756758,26.414924595615965,1.0,2.0,3.5,35.25,103.0
2013-12-22,UIZ,PM10,2,62.0,57.016129032258064,14.494195486564607,35.0,48.0,53.5,66.0,101.0
2013-12-22,UIZ,PM2.5,2,62.0,26.29032258064516,9.398965929823003,9.0,20.0,24.5,31.75,52.0
2013-12-22,UIZ,PMCO,2,62.0,30.741935483870968,9.577869785871684,18.0,23.0,29.5,35.75,52.0
2013-12-22,UIZ,SO2,1,62.0,17.322580645161292,20.23774609489867,2.0,5.0,9.5,21.0,103.0
2013-12-22,VIF,CO,15,154.0,0.9759740259740263,0.5991339277433958,0.2,0.5,0.8,1.3,2.8
2013-12-22,VIF,NO,1,154.0,35.077922077922075,36.638765225136176,2.0,5.25,20.0,60.0,159.0
2013-12-22,VIF,NO2,1,154.0,29.83116883116883,12.995627819222667,6.0,21.0,29.0,36.0,82.0
2013-12-22,VIF,NOX,1,154.0,64.95454545454545,42.94765637789948,9.0,28.0,56.0,90.0,183.0
2013-12-22,VIF,O3,1,154.0,22.824675324675326,27.465756009290388,1.0,2.0,8.5,36.75,102.0
2013-12-22,VIF,PM10,2,160.0,80.5125,38.351565940165905,6.0,53.75,74.0,102.0,210.0
2013-12-22,VIF,SO2,1,154.0,15.564935064935066,40.596842229604114,2.0,3.0,5.0,9.0,334.0
2013-12-22,XAL,CO,15,148.0,1.3689189189189186,0.9532508896860566,0.4,0.7,1.0,1.8,4.3
2013-12-22,XAL,NO,1,148.0,75.61486486486487,80.50026607879704,6.0,18.0,45.0,96.25,382.0
2013-12-22,XAL,NO2,1,148.0,36.986486486486484,14.651036733527194,15.0,26.0,34.0,43.0,100.0
2013-12-22,XAL,NOX,1,148.0,112.60135135135135,84.01827950320354,25.0,48.75,85.0,148.25,410.0
2013-12-22,XAL,O3,1,147.0,20.01360544217687,21.476009678389314,1.0,2.0,9.0,33.0,75.0
2013-12-22,XAL,PM10,2,152.0,85.07894736842105,38.608156554373494,17.0,54.75,78.0,108.0,187.0
2013-12-22,XAL,PM2.5,2,152.0,38.0,20.003973115292645,8.0,21.0,33.5,51.0,85.0
2013-12-22,XAL,PMCO,2,152.0,47.05921052631579,22.991571606471737,8.0,28.0,41.5,64.25,113.0
2013-12-22,XAL,SO2,1,149.0,13.85234899328859,25.93270288466682,2.0,3.0,6.0,12.0,209.0
2013-12-29,ACO,CO,15,150.0,0.21666666666666695,0.20412414523193184,0.0,0.1,0.1,0.3,0.9
2013-12-29,ACO,NO,1,150.0,7.113333333333333,9.164079765139244,1.0,2.0,4.0,8.0,67.0
2013-12-29,ACO,NO2,1,150.0,13.793333333333333,6.852517948691302,3.0,10.0,12.0,17.0,48.0
2013-12-29,ACO,NOX,1,150.0,20.92,13.92478356440185,5.0,12.0,16.5,25.75,99.0
2013-12-29,ACO,O3,1,157.0,22.777070063694268,16.979851833379506,2.0,8.0,20.0,34.0,75.0
2013-12-29,ACO,PM10,2,138.0,34.166666666666664,24.673512892225574,6.0,17.0,26.5,41.75,116.0
2013-12-29,ACO,SO2,1,150.0,2.433333333333333,1.964164411257854,1.0,1.25,2.0,3.0,17.0
2013-12-29,ATI,CO,15,161.0,0.7472049689440995,0.3549757230785721,0.2,0.5,0.7,0.9,1.9
2013-12-29,ATI,NO,1,161.0,16.559006211180126,19.69195416931014,1.0,4.0,9.0,20.0,99.0
2013-12-29,ATI,NO2,1,161.0,25.453416149068325,9.342744718870765,10.0,20.0,25.0,28.0,72.0
2013-12-29,ATI,NOX,1,161.0,42.06832298136646,22.979916292167626,11.0,26.0,38.0,50.0,132.0
2013-12-29,ATI,O3,1,157.0,14.0828025477707,15.281949207563724,0.0,2.0,8.0,21.0,56.0
2013-12-29,ATI,PM10,2,131.0,46.10687022900763,28.62012522372135,2.0,22.5,41.0,67.0,130.0
2013-12-29,ATI,SO2,1,161.0,9.29192546583851,12.796796352775562,0.0,1.0,3.0,14.0,55.0
2013-12-29,CAM,CO,15,157.0,0.8038216560509558,0.4425864177991873,0.2,0.5,0.7,1.0,2.4
2013-12-29,CAM,NO,1,157.0,36.24203821656051,38.413305866768546,3.0,10.0,23.0,46.0,216.0
2013-12-29,CAM,NO2,1,157.0,33.43312101910828,11.236544024167543,11.0,28.0,31.0,38.0,85.0
2013-12-29,CAM,NOX,1,157.0,69.68789808917198,40.56805827994399,17.0,43.0,63.0,84.0,248.0
2013-12-29,CAM,O3,1,157.0,13.152866242038217,16.068030692083504,1.0,2.0,5.0,21.0,58.0
2013-12-29,CAM,PM10,2,64.0,63.671875,45.62199924900475,12.0,27.75,50.0,82.5,179.0
2013-12-29,CAM,PM2.5,2,64.0,45.890625,37.011417023391104,8.0,19.0,32.0,56.75,146.0
2013-12-29,CAM,PMCO,2,64.0,17.71875,9.827833409445315,4.0,9.0,16.5,26.0,39.0
2013-12-29,CAM,SO2,1,157.0,10.97452229299363,15.077130348510435,0.0,2.0,4.0,13.0,96.0
2013-12-29,CHO,CO,15,0.0,,,,,,,
2013-12-29,CHO,NO,1,144.0,26.743055555555557,33.344303993037684,2.0,6.75,14.0,31.25,167.0
2013-12-29,CHO,NO2,1,144.0,18.944444444444443,7.164186159331939,3.0,14.0,20.0,24.0,32.0
2013-12-29,CHO,NOX,1,144.0,45.729166666666664,35.71257026349651,6.0,22.0,36.0,57.25,188.0
2013-12-29,CHO,O3,1,158.0,16.21518987341772,16.023605903231093,1.0,2.0,9.5,28.0,64.0
2013-12-29,CHO,PM10,2,158.0,49.25316455696203,29.930266450441177,1.0,26.0,43.0,66.75,140.0
2013-12-29,CHO,SO2,1,158.0,3.1265822784810124,2.443590803608523,1.0,2.0,2.0,3.0,18.0
2013-12-29,COY,NO,1,161.0,25.52173913043478,22.654493747522178,1.0,6.0,16.0,45.0,86.0
2013-12-29,COY,NO2,1,161.0,30.70807453416149,11.834082004718825,7.0,24.0,30.0,36.0,67.0
2013-12-29,COY,NOX,1,161.0,56.22981366459627,28.406039949103473,9.0,35.0,50.0,80.0,123.0
2013-12-29,COY,O3,1,161.0,13.478260869565217,17.33100074884661,0.0,1.0,4.0,22.0,66.0
2013-12-29,COY,PM2.5,2,160.0,34.5625,25.54849562950464,4.0,17.0,26.0,47.25,130.0
2013-12-29,CUA,CO,15,153.0,0.8169934640522873,0.48297200115986916,0.3,0.5,0.7,1.1,3.1
2013-12-29,CUA,NO,1,153.0,17.19607843137255,17.6899684714282,2.0,5.0,10.0,25.0,92.0
2013-12-29,CUA,NO2,1,153.0,27.287581699346404,16.845143452316943,6.0,15.0,23.0,33.0,87.0
2013-12-29,CUA,NOX,1,153.0,44.509803921568626,29.327353328433407,9.0,20.0,35.0,65.0,147.0
2013-12-29,CUA,O3,1,153.0,17.22222222222222,14.050764271319446,1.0,5.0,15.0,26.0,59.0
2013-12-29,CUA,PM10,2,157.0,43.560509554140125,36.241415885416444,3.0,19.0,34.0,56.0,176.0
2013-12-29,CUA,SO2,1,153.0,6.633986928104576,6.929866363474655,0.0,2.0,3.0,10.0,32.0
2013-12-29,CUT,NO,1,161.0,11.826086956521738,14.78156166368734,0.0,2.0,5.0,18.0,91.0
2013-12-29,CUT,NO2,1,161.0,19.161490683229815,7.304879038284973,6.0,14.0,19.0,23.0,38.0
2013-12-29,CUT,NOX,1,161.0,30.96894409937888,18.007783858740243,7.0,17.0,26.0,42.0,107.0
2013-12-29,CUT,O3,1,161.0,14.788819875776397,15.705257852821221,1.0,2.0,7.0,24.0,54.0
2013-12-29,CUT,PM10,2,155.0,51.380645161290325,35.99932736885004,2.0,31.0,46.0,62.0,206.0
2013-12-29,CUT,SO2,1,161.0,12.75776397515528,19.95707155293441,1.0,2.0,4.0,15.0,100.0
2013-12-29,FAC,CO,15,160.0,0.8818749999999997,0.49903956498596747,0.2,0.5,0.8,1.2,2.5
2013-12-29,FAC,NO,1,160.0,23.5375,21.72639686544267,1.0,7.0,16.0,32.25,105.0
2013-12-29,FAC,NO2,1,160.0,28.5,14.508293009094345,8.0,21.0,25.0,33.0,100.0
2013-12-29,FAC,NOX,1,160.0,51.9875,29.70335252026942,10.0,27.75,46.0,70.0,142.0
2013-12-29,FAC,O3,1,160.0,15.53125,15.747585169772707,1.0,4.0,10.0,23.5,72.0
2013-12-29,FAC,PM10,2,136.0,40.911764705882355,33.13551760925299,1.0,16.75,30.5,54.0,151.0
2013-12-29,FAC,SO2,1,160.0,8.60625,11.956470775116973,0.0,1.0,3.0,12.0,77.0
2013-12-29,HGM,CO,15,151.0,0.9059602649006622,0.34043732425210005,0.4,0.6,0.9,1.1,2.0
2013-12-29,HGM,NO,1,151.0,29.635761589403973,26.14051349755997,1.0,9.0,21.0,45.0,143.0
2013-12-29,HGM,NO2,1,151.0,32.89403973509934,11.579379556136727,10.0,27.0,31.0,39.0,67.0
2013-12-29,HGM,NOX,1,151.0,62.52317880794702,30.2773478444609,13.0,39.0,57.0,79.5,169.0
2013-12-29,HGM,O3,1,151.0,13.42384105960265,16.758455412554273,1.0,1.0,4.0,21.0,63.0
2013-12-29,HGM,PM10,2,147.0,53.53061224489796,34.633957942650355,12.0,29.0,43.0,68.5,172.0
2013-12-29,HGM,PM2.5,2,147.0,35.40816326530612,27.357289755523706,2.0,17.0,27.0,42.0,136.0
2013-12-29,HGM,PMCO,2,147.0,18.170068027210885,9.421175616415427,4.0,10.0,16.0,27.0,45.0
2013-12-29,HGM,SO2,1,151.0,8.668874172185431,13.011134643990962,0.0,1.0,3.0,12.0,73.0
2013-12-29,IZT,CO,15,161.0,0.8111801242236024,0.4270529517547964,0.2,0.5,0.8,1.1,2.6
2013-12-29,IZT,NO,1,161.0,31.614906832298136,30.300796629750774,1.0,9.0,21.0,48.0,189.0
2013-12-29,IZT,NO2,1,161.0,31.77639751552795,10.441488851739186,10.0,25.0,31.0,36.0,64.0
2013-12-29,IZT,NOX,1,161.0,63.440993788819874,33.634774549656356,14.0,40.0,56.0,84.0,213.0
2013-12-29,IZT,O3,1,161.0,13.807453416149068,17.85830182574422,1.0,1.0,4.0,20.0,70.0
2013-12-29,IZT,PM10,2,161.0,42.52173913043478,27.261485413610938,10.0,23.0,34.0,51.0,127.0
2013-12-29,IZT,SO2,1,161.0,8.950310559006212,11.368157965473126,1.0,3.0,5.0,10.0,74.0
2013-12-29,LLA,CO,15,0.0,,,,,,,
2013-12-29,LLA,NO,1,0.0,,,,,,,
2013-12-29,LLA,NO2,1,0.0,,,,,,,
2013-12-29,LLA,NOX,1,0.0,,,,,,,
2013-12-29,LLA,O3,1,0.0,,,,,,,
2013-12-29,LLA,SO2,1,0.0,,,,,,,
2013-12-29,LPR,CO,15,0.0,,,,,,,
2013-12-29,LPR,NO,1,155.0,36.2,26.585661597887736,2.0,17.0,30.0,48.0,139.0
2013-12-29,LPR,NO2,1,155.0,32.49677419354839,11.75196816539122,12.0,25.0,30.0,37.0,81.0
2013-12-29,LPR,NOX,1,155.0,68.69677419354839,31.788745495472966,16.0,46.0,64.0,83.0,190.0
2013-12-29,LPR,O3,1,155.0,15.04516129032258,18.203161540546162,0.0,1.0,7.0,25.0,72.0
2013-12-29,LPR,SO2,1,155.0,5.180645161290323,7.484591069468527,0.0,1.0,2.0,5.0,39.0
2013-12-29,MER,CO,15,156.0,1.1737179487179488,0.5259844446966679,0.4,0.8,1.1,1.4,4.3
2013-12-29,MER,NO,1,156.0,40.19871794871795,38.65870846628511,3.0,13.0,29.0,56.0,297.0
2013-12-29,MER,NO2,1,156.0,35.63461538461539,11.008551830259224,12.0,29.0,33.0,42.0,66.0
2013-12-29,MER,NOX,1,156.0,75.8974358974359,40.73615806661353,19.0,47.75,67.5,96.0,325.0
2013-12-29,MER,O3,1,156.0,12.429487179487179,16.99339992543108,0.0,1.0,3.0,18.25,68.0
2013-12-29,MER,PM10,2,158.0,57.65822784810127,35.5091756603155,18.0,30.0,47.5,79.25,191.0
2013-12-29,MER,PM2.5,2,158.0,33.50632911392405,26.829194773068547,2.0,15.0,25.0,42.0,143.0
2013-12-29,MER,PMCO,2,158.0,24.158227848101266,12.037903065537222,6.0,15.0,21.0,34.0,74.0
2013-12-29,MER,SO2,1,156.0,8.756410256410257,12.81600400450571,1.0,2.0,4.0,9.0,74.0
2013-12-29,MON,CO,15,0.0,,,,,,,
2013-12-29,MON,NO,1,115.0,7.4,14.608216865860111,0.0,1.0,2.0,4.5,96.0
2013-12-29,MON,NO2,1,115.0,15.8,6.274705556801959,6.0,11.0,16.0,19.0,34.0
2013-12-29,MON,NOX,1,115.0,23.217391304347824,17.86881170451754,8.0,13.0,18.0,24.0,121.0
2013-12-29,MON,O3,1,115.0,20.591304347826085,19.283615284981995,0.0,4.0,19.0,34.0,97.0
2013-12-29,MON,SO2,1,0.0,,,,,,,
2013-12-29,NEZ,CO,15,158.0,0.7784810126582279,0.34333355903290846,0.3,0.5,0.75,1.0,1.7
2013-12-29,NEZ,NO,1,158.0,13.177215189873417,12.916941419505124,1.0,4.0,8.0,18.75,60.0
2013-12-29,NEZ,NO2,1,158.0,25.018987341772153,8.397354390010648,7.0,19.0,25.5,30.75,46.0
2013-12-29,NEZ,NOX,1,158.0,38.14556962025316,17.69912227460166,10.0,24.0,37.0,52.0,86.0
2013-12-29,NEZ,O3,1,158.0,18.474683544303797,20.31337276171888,0.0,4.0,9.5,28.0,83.0
2013-12-29,NEZ,PM2.5,2,156.0,23.865384615384617,22.19534578892219,1.0,9.75,17.0,26.25,112.0
2013-12-29,NEZ,SO2,1,158.0,6.215189873417722,9.777357029037674,0.0,1.0,2.0,6.0,55.0
2013-12-29,PED,CO,15,156.0,0.4999999999999997,0.2924865588309557,0.0,0.3,0.4,0.625,1.2
2013-12-29,PED,NO,1,156.0,16.346153846153847,15.900762345754956,1.0,4.0,9.0,28.25,63.0
2013-12-29,PED,NO2,1,156.0,26.602564102564102,11.983687561702762,5.0,20.0,25.0,30.0,63.0
2013-12-29,PED,NOX,1,156.0,42.90384615384615,23.57576088360023,6.0,25.75,37.0,57.25,116.0
2013-12-29,PED,O3,1,156.0,13.576923076923077,15.254418064005707,0.0,2.0,7.0,23.0,61.0
2013-12-29,PED,PM10,2,155.0,46.63225806451613,32.987604786394535,5.0,20.5,36.0,64.0,139.0
2013-12-29,PED,PM2.5,2,155.0,29.238709677419354,24.023820395103783,1.0,12.5,20.0,41.5,107.0
2013-12-29,PED,PMCO,2,155.0,17.374193548387098,11.897368685999757,2.0,8.0,14.0,25.0,53.0
2013-12-29,PED,SO2,1,156.0,5.0256410256410255,6.077933347774025,0.0,1.0,2.0,7.25,36.0
2013-12-29,SAG,CO,15,0.0,,,,,,,
2013-12-29,SAG,NO,1,161.0,20.17391304347826,19.97297086608277,3.0,7.0,13.0,26.0,140.0
2013-12-29,SAG,NO2,1,161.0,24.658385093167702,6.917464844563825,10.0,20.0,24.0,28.0,47.0
2013-12-29,SAG,NOX,1,161.0,44.83229813664596,23.028578990258158,14.0,28.0,39.0,55.0,169.0
2013-12-29,SAG,O3,1,161.0,17.950310559006212,17.557335091862612,2.0,5.0,11.0,25.0,76.0
2013-12-29,SAG,PM10,2,150.0,54.093333333333334,42.071104188103554,7.0,29.0,40.0,65.75,219.0
2013-12-29,SAG,PM2.5,2,150.0,32.16,31.971900414385477,2.0,15.0,21.0,34.75,175.0
2013-12-29,SAG,PMCO,2,150.0,21.906666666666666,19.458214278506585,3.0,10.25,17.5,27.0,179.0
2013-12-29,SAG,SO2,1,161.0,7.136645962732919,12.246171286574587,0.0,1.0,2.0,7.0,74.0
2013-12-29,SFE,CO,15,156.0,0.7544871794871792,0.4042265332176433,0.3,0.5,0.6,1.0,2.2
2013-12-29,SFE,NO,1,156.0,16.121794871794872,16.182165790180154,1.0,4.0,8.0,23.5,68.0
2013-12-29,SFE,NO2,1,156.0,29.096153846153847,15.897972622279841,5.0,19.0,25.0,34.0,83.0
2013-12-29,SFE,NOX,1,156.0,45.13461538461539,28.227437244629627,7.0,25.0,36.0,64.5,149.0
2013-12-29,SFE,O3,1,156.0,15.243589743589743,16.556207994575217,0.0,1.0,9.5,25.25,67.0
2013-12-29,SFE,PM10,2,158.0,47.0,36.633492037389814,1.0,20.0,34.5,66.0,147.0
2013-12-29,SFE,PM2.5,2,158.0,31.40506329113924,26.78863671414314,1.0,12.25,21.0,41.75,113.0
2013-12-29,SFE,PMCO,2,158.0,15.58860759493671,11.73601878416878,1.0,6.0,12.0,21.0,48.0
2013-12-29,SFE,SO2,1,156.0,6.0576923076923075,6.572906642952784,1.0,2.0,3.0,8.0,31.0
2013-12-29,SJA,CO,15,161.0,0.6850931677018632,0.4017479278297872,0.2,0.4,0.6,0.9,2.4
2013-12-29,SJA,NO,1,161.0,30.391304347826086,33.69980970143664,2.0,7.0,17.0,42.0,179.0
2013-12-29,SJA,NO2,1,161.0,29.36024844720497,8.57361708603132,10.0,23.0,28.0,34.0,57.0
2013-12-29,SJA,NOX,1,161.0,59.807453416149066,36.29368325341724,16.0,35.0,50.0,76.0,222.0
2013-12-29,SJA,O3,1,161.0,14.130434782608695,16.38792636164755,2.0,2.0,6.0,21.0,68.0
2013-12-29,SJA,PM2.5,2,158.0,24.10759493670886,21.005484707794796,1.0,11.0,18.5,28.0,123.0
2013-12-29,SJA,SO2,1,161.0,7.515527950310559,9.393552037210231,2.0,3.0,4.0,7.0,55.0
2013-12-29,SUR,CO,15,157.0,0.951592356687898,0.4481593546058058,0.3,0.6,0.8,1.2,2.3
2013-12-29,SUR,NO,1,157.0,24.866242038216562,22.265903432355728,3.0,7.0,16.0,42.0,131.0
2013-12-29,SUR,NO2,1,157.0,29.43312101910828,11.5304912861232,8.0,23.0,28.0,34.0,68.0
2013-12-29,SUR,NOX,1,157.0,54.28662420382165,28.653556398816878,11.0,33.0,48.0,71.0,153.0
2013-12-29,SUR,O3,1,157.0,14.388535031847134,17.715576834630603,0.0,2.0,6.0,21.0,73.0
2013-12-29,SUR,PM10,2,152.0,40.30263157894737,31.184569004915023,2.0,18.0,29.5,55.5,151.0
2013-12-29,SUR,SO2,1,157.0,7.191082802547771,8.54935427008423,1.0,2.0,3.0,10.0,44.0
2013-12-29,TAH,CO,15,158.0,0.7215189873417717,0.41582421753904825,0.2,0.4,0.6499999999999999,0.9,3.0
2013-12-29,TAH,NO,1,158.0,13.208860759493671,13.310143537425063,2.0,4.0,8.5,16.0,61.0
2013-12-29,TAH,NO2,1,158.0,20.025316455696203,10.306110590533821,2.0,12.0,20.0,26.0,49.0
2013-12-29,TAH,NOX,1,158.0,33.21518987341772,19.751107933819817,5.0,15.25,31.0,46.0,93.0
2013-12-29,TAH,O3,1,158.0,18.879746835443036,17.50063059644077,1.0,3.0,14.5,32.0,70.0
2013-12-29,TAH,PM10,2,143.0,38.24475524475525,27.91087848477339,1.0,17.0,31.0,52.0,113.0
2013-12-29,TAH,SO2,1,158.0,3.759493670886076,4.101313102989027,1.0,2.0,2.0,4.75,25.0
2013-12-29,TLA,CO,15,154.0,0.8915584415584417,0.40031871268485586,0.3,0.5,0.9,1.2,1.9
2013-12-29,TLA,NO,1,154.0,35.46103896103896,30.483925500928912,2.0,13.0,27.0,45.75,160.0
2013-12-29,TLA,NO2,1,154.0,32.435064935064936,10.705764939364787,12.0,27.0,31.0,36.0,79.0
2013-12-29,TLA,NOX,1,154.0,67.81818181818181,33.57548408159042,17.0,44.0,65.0,79.75,189.0
2013-12-29,TLA,O3,1,154.0,12.746753246753247,16.820296519699355,1.0,1.25,4.0,18.75,87.0
2013-12-29,TLA,PM10,2,154.0,57.12337662337662,32.64731878451907,10.0,30.25,49.5,74.0,158.0
2013-12-29,TLA,PM2.5,2,154.0,34.116883116883116,24.89768555061091,3.0,16.0,28.0,44.0,120.0
2013-12-29,TLA,PMCO,2,154.0,23.051948051948052,10.96208093395193,3.0,14.0,22.0,32.0,54.0
2013-12-29,TLA,SO2,1,154.0,12.396103896103897,15.724515155578693,1.0,3.0,6.0,15.0,88.0
2013-12-29,TLI,CO,15,161.0,0.6391304347826091,0.3532304334714588,0.1,0.4,0.6,0.7,2.0
2013-12-29,TLI,NO,1,161.0,19.26086956521739,22.354955194299325,1.0,5.0,10.0,22.0,127.0
2013-12-29,TLI,NO2,1,161.0,27.677018633540374,9.323761636587486,10.0,23.0,26.0,32.0,78.0
2013-12-29,TLI,NOX,1,161.0,46.857142857142854,26.86420879694234,11.0,30.0,39.0,53.0,157.0
2013-12-29,TLI,O3,1,161.0,14.919254658385093,17.748934881873733,0.0,3.0,7.0,21.0,81.0
2013-12-29,TLI,PM10,2,127.0,47.14173228346457,38.30117168613688,1.0,21.0,37.0,60.0,181.0
2013-12-29,TLI,SO2,1,161.0,14.211180124223603,18.608267630910817,1.0,2.0,4.0,22.0,99.0
2013-12-29,TPN,CO,15,0.0,,,,,,,
2013-12-29,TPN,NO,1,161.0,19.180124223602483,17.06380972949687,1.0,6.0,14.0,27.0,84.0
2013-12-29,TPN,NO2,1,161.0,20.46583850931677,13.947235862304677,2.0,8.0,21.0,27.0,67.0
2013-12-29,TPN,NOX,1,161.0,39.59627329192546,27.516217691115262,3.0,14.0,37.0,55.0,113.0
2013-12-29,TPN,O3,1,161.0,14.788819875776397,12.468665695398304,1.0,3.0,12.0,24.0,49.0
2013-12-29,TPN,SO2,1,161.0,4.447204968944099,4.058787720979649,2.0,2.0,3.0,5.0,27.0
2013-12-29,UAX,CO,15,155.0,0.7761290322580644,0.33807781148603533,0.3,0.5,0.7,1.0,1.5
2013-12-29,UAX,NO,1,155.0,15.96774193548387,17.007797812370562,0.0,2.0,8.0,26.0,80.0
2013-12-29,UAX,NO2,1,155.0,27.780645161290323,12.812469052350048,5.0,20.0,26.0,35.0,66.0
2013-12-29,UAX,NOX,1,155.0,43.70322580645161,25.096223701426815,6.0,22.0,38.0,64.0,107.0
2013-12-29,UAX,O3,1,155.0,15.387096774193548,16.31762137967952,0.0,2.0,10.0,26.0,63.0
2013-12-29,UAX,PM2.5,2,128.0,24.2109375,22.218901063475304,1.0,10.0,15.0,30.25,104.0
2013-12-29,UAX,SO2,1,155.0,5.903225806451613,8.355552002522751,1.0,1.0,3.0,6.0,52.0
2013-12-29,UIZ,CO,15,115.0,0.5156521739130434,0.43701365034440026,0.0,0.1,0.5,0.8,1.8
2013-12-29,UIZ,NO,1,115.0,20.982608695652175,24.159914099089065,1.0,3.5,10.0,30.0,123.0
2013-12-29,UIZ,NO2,1,115.0,25.843478260869563,10.897119613262547,6.0,20.5,25.0,34.0,55.0
2013-12-29,UIZ,NOX,1,115.0,46.8,30.48071003455342,7.0,23.5,39.0,65.5,157.0
2013-12-29,UIZ,O3,1,115.0,17.547826086956523,17.671090216598785,2.0,3.0,12.0,28.5,84.0
2013-12-29,UIZ,PM10,2,134.0,48.201492537313435,37.34129924540026,5.0,23.0,34.0,59.5,161.0
2013-12-29,UIZ,PM2.5,2,134.0,31.15671641791045,29.702751569360643,2.0,11.0,20.5,37.0,127.0
2013-12-29,UIZ,PMCO,2,134.0,17.029850746268657,9.854536223896192,1.0,9.0,15.0,24.0,41.0
2013-12-29,UIZ,SO2,1,115.0,6.269565217391304,7.400002061557833,2.0,2.0,3.0,6.0,35.0
2013-12-29,VIF,CO,15,161.0,0.7049689440993788,0.5037113809310877,0.2,0.4,0.5,0.8,2.4
2013-12-29,VIF,NO,1,161.0,15.987577639751553,20.89317698964178,2.0,4.0,7.0,17.0,97.0
2013-12-29,VIF,NO2,1,161.0,21.06832298136646,8.293916613701334,6.0,15.0,19.0,25.0,44.0
2013-12-29,VIF,NOX,1,161.0,37.01863354037267,26.121464365940856,9.0,20.0,26.0,42.0,134.0
2013-12-29,VIF,O3,1,161.0,18.869565217391305,18.632340981067905,1.0,4.0,12.0,26.0,82.0
2013-12-29,VIF,PM10,2,131.0,66.0,56.9328889672204,2.0,33.5,49.0,75.5,311.0
2013-12-29,VIF,SO2,1,161.0,12.701863354037267,15.66199409418261,2.0,3.0,4.0,18.0,82.0
2013-12-29,XAL,CO,15,156.0,0.9512820512820509,0.519116765966987,0.3,0.5,0.8,1.2,2.9
2013-12-29,XAL,NO,1,156.0,40.17948717948718,33.947680272212274,4.0,15.0,28.5,56.75,232.0
2013-12-29,XAL,NO2,1,156.0,30.05128205128205,8.774445941000874,14.0,25.0,28.0,33.0,61.0
2013-12-29,XAL,NOX,1,156.0,70.25,36.521425439446254,21.0,43.0,61.5,91.0,260.0
2013-12-29,XAL,O3,1,156.0,15.35897435897436,16.47909671731715,2.0,2.0,9.0,22.25,65.0
2013-12-29,XAL,PM10,2,161.0,67.18012422360249,43.06592159102684,16.0,41.0,52.0,74.0,233.0
2013-12-29,XAL,PM2.5,2,161.0,39.78260869565217,33.53854045202585,3.0,19.0,30.0,42.0,181.0
2013-12-29,XAL,PMCO,2,161.0,27.403726708074533,15.556903163060586,8.0,17.0,24.0,33.0,109.0
2013-12-29,XAL,SO2,1,156.0,8.673076923076923,10.856936811231655,1.0,3.0,4.0,8.0,59.0
2014-01-05,ACO,CO,15,46.0,0.1956521739130435,0.10318596316926584,0.0,0.1,0.2,0.3,0.5
2014-01-05,ACO,NO,1,46.0,5.108695652173913,5.4578313188769405,1.0,2.0,4.0,5.0,27.0
2014-01-05,ACO,NO2,1,46.0,11.673913043478262,5.094896565632392,4.0,8.0,11.0,15.75,23.0
2014-01-05,ACO,NOX,1,46.0,16.695652173913043,8.663767631072375,6.0,10.25,15.0,22.0,43.0
2014-01-05,ACO,O3,1,46.0,22.32608695652174,16.634708490684417,2.0,8.25,17.5,35.0,66.0
2014-01-05,ACO,PM10,2,46.0,26.434782608695652,9.122992135656283,11.0,19.25,24.5,33.75,46.0
2014-01-05,ACO,SO2,1,46.0,1.7391304347826086,0.7128902863600214,1.0,1.0,2.0,2.0,4.0
2014-01-05,ATI,CO,15,46.0,0.8630434782608695,0.43068869688347783,0.3,0.6,0.75,1.0,2.4
2014-01-05,ATI,NO,1,46.0,20.695652173913043,25.987064786771974,2.0,4.5,10.5,23.5,116.0
2014-01-05,ATI,NO2,1,46.0,27.543478260869566,8.780550531307833,12.0,21.25,26.5,33.0,50.0
2014-01-05,ATI,NOX,1,46.0,48.130434782608695,30.29822781443912,15.0,27.0,36.5,58.0,149.0
2014-01-05,ATI,O3,1,46.0,17.08695652173913,21.27891610330284,0.0,2.0,6.0,29.75,77.0
2014-01-05,ATI,PM10,2,46.0,43.45652173913044,16.615530247651684,7.0,33.5,42.0,50.5,92.0
2014-01-05,ATI,SO2,1,46.0,14.543478260869565,20.953606448256252,1.0,2.0,3.5,19.5,94.0
2014-01-05,CAM,CO,15,46.0,0.7891304347826086,0.41054341271028433,0.3,0.6,0.7,0.875,2.3
2014-01-05,CAM,NO,1,46.0,33.67391304347826,39.019684119585996,6.0,11.0,19.0,44.0,171.0
2014-01-05,CAM,NO2,1,46.0,33.80434782608695,9.277498621736814,17.0,29.0,33.0,38.0,64.0
2014-01-05,CAM,NOX,1,46.0,67.45652173913044,42.68734213726549,24.0,42.5,53.0,72.75,213.0
2014-01-05,CAM,O3,1,46.0,16.32608695652174,20.801767390537954,1.0,2.0,4.5,22.75,79.0
2014-01-05,CAM,PM10,2,23.0,56.82608695652174,13.782901706340372,34.0,46.0,56.0,66.0,84.0
2014-01-05,CAM,PM2.5,2,23.0,36.08695652173913,10.803673800561215,19.0,28.5,35.0,42.5,58.0
2014-01-05,CAM,PMCO,2,23.0,20.73913043478261,7.411400256020498,11.0,13.5,22.0,25.0,39.0
2014-01-05,CAM,SO2,1,46.0,14.434782608695652,24.66184833472593,0.0,2.0,4.5,14.75,127.0
2014-01-05,CHO,CO,15,0.0,,,,,,,
2014-01-05,CHO,NO,1,41.0,20.5609756097561,21.515167650390048,1.0,6.0,8.0,27.0,87.0
2014-01-05,CHO,NO2,1,41.0,19.70731707317073,10.428911502259055,4.0,11.0,18.0,24.0,42.0
2014-01-05,CHO,NOX,1,41.0,40.19512195121951,27.38906671666189,6.0,17.0,31.0,57.0,126.0
2014-01-05,CHO,O3,1,46.0,20.41304347826087,16.897831664916225,2.0,4.0,16.5,32.0,58.0
2014-01-05,CHO,PM10,2,45.0,48.46666666666667,22.655121837115452,4.0,30.0,52.0,66.0,98.0
2014-01-05,CHO,SO2,1,46.0,2.5434782608695654,0.8084696583087068,1.0,2.0,3.0,3.0,4.0
2014-01-05,COY,NO,1,46.0,19.369565217391305,21.952837018027907,1.0,5.0,11.5,27.0,107.0
2014-01-05,COY,NO2,1,46.0,26.67391304347826,9.290507336526263,7.0,20.0,27.0,34.0,42.0
2014-01-05,COY,NOX,1,46.0,46.02173913043478,24.476282515878538,10.0,31.5,45.5,54.75,127.0
2014-01-05,COY,O3,1,46.0,18.217391304347824,22.56537469810108,1.0,1.25,6.5,30.0,88.0
2014-01-05,COY,PM2.5,2,46.0,28.369565217391305,16.342662227912935,2.0,17.0,23.0,40.75,71.0
2014-01-05,CUA,CO,15,42.0,0.8333333333333334,0.40884529047637985,0.3,0.6,0.8,1.0,2.6
2014-01-05,CUA,NO,1,42.0,15.595238095238095,16.218116223666886,2.0,7.0,10.5,16.0,76.0
2014-01-05,CUA,NO2,1,42.0,24.976190476190474,10.348767088668913,9.0,17.25,24.0,29.75,62.0
2014-01-05,CUA,NOX,1,42.0,40.595238095238095,21.874430472094883,11.0,25.75,37.0,46.5,109.0
2014-01-05,CUA,O3,1,42.0,22.238095238095237,20.83829673743844,1.0,7.0,18.0,28.5,83.0
2014-01-05,CUA,PM10,2,46.0,37.95652173913044,18.920836863966937,2.0,24.5,40.5,52.5,72.0
2014-01-05,CUA,SO2,1,42.0,8.214285714285714,8.997386380081377,1.0,1.0,4.5,15.0,32.0
2014-01-05,CUT,NO,1,46.0,24.652173913043477,39.79906050890278,1.0,1.25,5.0,22.25,168.0
2014-01-05,CUT,NO2,1,46.0,20.369565217391305,9.801040071004195,5.0,13.5,19.0,27.75,46.0
2014-01-05,CUT,NOX,1,46.0,45.130434782608695,42.430391987951374,7.0,16.0,28.0,55.0,185.0
2014-01-05,CUT,O3,1,46.0,18.304347826086957,19.591233374159295,1.0,2.0,10.5,30.75,64.0
2014-01-05,CUT,PM10,2,46.0,54.17391304347826,28.61802411676645,23.0,36.0,47.0,57.75,148.0
2014-01-05,CUT,SO2,1,46.0,12.08695652173913,18.2328471439829,2.0,3.0,4.0,13.0,92.0
2014-01-05,FAC,CO,15,45.0,0.9622222222222224,0.4623501668299435,0.5,0.6,0.8,1.3,2.7
2014-01-05,FAC,NO,1,45.0,29.755555555555556,35.312987280985894,2.0,9.0,14.0,36.0,193.0
2014-01-05,FAC,NO2,1,45.0,29.77777777777778,9.607972278953103,15.0,23.0,28.0,34.0,55.0
2014-01-05,FAC,NOX,1,45.0,59.6,37.50781736700183,19.0,37.0,49.0,71.0,218.0
2014-01-05,FAC,O3,1,45.0,18.377777777777776,20.7016565969631,1.0,3.0,11.0,26.0,79.0
2014-01-05,FAC,PM10,2,45.0,38.266666666666666,13.612160338862788,11.0,29.0,38.0,44.0,82.0
2014-01-05,FAC,SO2,1,45.0,15.222222222222221,18.644873642138556,1.0,2.0,5.0,28.0,80.0
2014-01-05,HGM,CO,15,46.0,0.9065217391304347,0.32414137787428743,0.5,0.7,0.8,1.0,2.1
2014-01-05,HGM,NO,1,45.0,24.377777777777776,33.55882819013425,2.0,7.0,13.0,25.0,163.0
2014-01-05,HGM,NO2,1,45.0,31.08888888888889,8.126338273624459,11.0,26.0,32.0,37.0,50.0
2014-01-05,HGM,NOX,1,45.0,55.422222222222224,35.89029299564343,16.0,36.0,49.0,54.0,192.0
2014-01-05,HGM,O3,1,17.0,16.529411764705884,18.96746440308648,1.0,1.0,4.0,31.0,54.0
2014-01-05,HGM,PM10,2,39.0,46.51282051282051,20.9496536774186,13.0,32.0,45.0,63.0,106.0
2014-01-05,HGM,PM2.5,2,39.0,29.794871794871796,17.058998994479634,4.0,18.5,26.0,40.5,87.0
2014-01-05,HGM,PMCO,2,39.0,16.76923076923077,7.146812091899652,8.0,11.5,17.0,21.0,43.0
2014-01-05,HGM,SO2,1,46.0,12.23913043478261,23.174876034772076,0.0,0.0,3.0,9.75,110.0
2014-01-05,IZT,CO,15,46.0,0.7304347826086957,0.39545729659465345,0.3,0.5,0.7,0.8,2.4
2014-01-05,IZT,NO,1,46.0,26.543478260869566,32.94217595305051,4.0,9.0,15.0,30.75,175.0
2014-01-05,IZT,NO2,1,46.0,30.217391304347824,8.318421440736246,11.0,25.25,30.0,36.0,48.0
2014-01-05,IZT,NOX,1,46.0,56.80434782608695,34.824397300498894,15.0,39.0,49.5,63.5,201.0
2014-01-05,IZT,O3,1,45.0,17.91111111111111,23.467407013114848,1.0,2.0,6.0,29.0,92.0
2014-01-05,IZT,PM10,2,46.0,37.43478260869565,14.532189823381811,10.0,26.25,38.0,46.75,81.0
2014-01-05,IZT,SO2,1,44.0,11.863636363636363,20.6336718587924,1.0,2.0,3.0,9.25,109.0
2014-01-05,LLA,CO,15,0.0,,,,,,,
2014-01-05,LLA,NO,1,0.0,,,,,,,
2014-01-05,LLA,NO2,1,0.0,,,,,,,
2014-01-05,LLA,NOX,1,0.0,,,,,,,
2014-01-05,LLA,O3,1,0.0,,,,,,,
2014-01-05,LLA,SO2,1,0.0,,,,,,,
2014-01-05,LPR,CO,15,0.0,,,,,,,
2014-01-05,LPR,NO,1,46.0,23.869565217391305,16.370174363630102,2.0,10.25,23.0,33.75,72.0
2014-01-05,LPR,NO2,1,46.0,29.217391304347824,8.038554440191515,17.0,23.0,29.0,33.0,52.0
2014-01-05,LPR,NOX,1,46.0,53.02173913043478,21.347379886518247,19.0,33.75,55.5,62.75,103.0
2014-01-05,LPR,O3,1,46.0,22.456521739130434,22.398121470574893,1.0,7.0,13.5,31.5,86.0
2014-01-05,LPR,SO2,1,46.0,5.391304347826087,7.755938974230048,0.0,0.0,1.5,6.0,28.0
2014-01-05,MER,CO,15,42.0,1.2357142857142858,0.6966195128221713,0.5,0.9,1.05,1.3,3.7
2014-01-05,MER,NO,1,42.0,41.54761904761905,55.11194920715753,2.0,13.25,24.5,42.0,250.0
2014-01-05,MER,NO2,1,42.0,33.95238095238095,9.647323351652295,13.0,28.0,34.0,39.5,54.0
2014-01-05,MER,NOX,1,42.0,75.42857142857143,58.17096034257729,18.0,43.75,58.5,80.5,283.0
2014-01-05,MER,O3,1,42.0,17.476190476190474,22.585596635410543,0.0,1.0,6.5,31.0,89.0
2014-01-05,MER,PM10,2,46.0,50.130434782608695,19.595474189099182,17.0,34.5,53.5,63.0,90.0
2014-01-05,MER,PM2.5,2,46.0,26.782608695652176,13.690082450004553,3.0,16.25,26.5,34.0,57.0
2014-01-05,MER,PMCO,2,46.0,23.52173913043478,8.434687981938454,10.0,17.0,23.0,28.75,45.0
2014-01-05,MER,SO2,1,42.0,6.095238095238095,8.579071311982103,1.0,1.0,3.0,6.0,40.0
2014-01-05,MON,CO,15,0.0,,,,,,,
2014-01-05,MON,NO,1,46.0,10.91304347826087,18.497839017279254,0.0,1.0,2.0,15.0,85.0
2014-01-05,MON,NO2,1,46.0,13.456521739130435,5.365347754035999,5.0,9.0,13.0,17.75,26.0
2014-01-05,MON,NOX,1,46.0,24.347826086956523,21.76870066178538,6.0,10.25,15.5,30.25,103.0
2014-01-05,MON,O3,1,46.0,26.108695652173914,24.0224230999748,0.0,1.5,28.0,37.5,101.0
2014-01-05,MON,SO2,1,0.0,,,,,,,
2014-01-05,NEZ,CO,15,45.0,0.9933333333333333,0.6393889128051735,0.2,0.5,0.9,1.2,3.3
2014-01-05,NEZ,NO,1,45.0,19.711111111111112,33.91273709646182,0.0,3.0,6.0,22.0,182.0
2014-01-05,NEZ,NO2,1,45.0,25.044444444444444,11.508802077215737,9.0,16.0,21.0,31.0,57.0
2014-01-05,NEZ,NOX,1,45.0,44.6,40.90421183025712,11.0,20.0,31.0,47.0,225.0
2014-01-05,NEZ,O3,1,45.0,22.133333333333333,21.887730062131325,0.0,5.0,17.0,34.0,94.0
2014-01-05,NEZ,PM2.5,2,45.0,21.844444444444445,12.219499237536764,2.0,14.0,20.0,27.0,63.0
2014-01-05,NEZ,SO2,1,45.0,2.911111111111111,4.187764766241502,0.0,1.0,1.0,3.0,19.0
2014-01-05,PED,CO,15,45.0,0.43333333333333335,0.19656134827672414,0.1,0.3,0.4,0.6,0.8
2014-01-05,PED,NO,1,45.0,12.4,11.674369751336009,1.0,4.0,9.0,18.0,56.0
2014-01-05,PED,NO2,1,45.0,24.8,9.969498938808764,6.0,19.0,24.0,33.0,48.0
2014-01-05,PED,NOX,1,45.0,37.111111111111114,16.081076148722453,8.0,27.0,37.0,49.0,75.0
2014-01-05,PED,O3,1,45.0,14.977777777777778,18.21399173573698,0.0,3.0,7.0,22.0,80.0
2014-01-05,PED,PM10,2,41.0,42.5609756097561,22.065865925097757,7.0,25.0,42.0,54.0,87.0
2014-01-05,PED,PM2.5,2,41.0,26.463414634146343,15.231706340682267,2.0,15.0,27.0,36.0,61.0
2014-01-05,PED,PMCO,2,41.0,16.170731707317074,8.242883109156619,3.0,11.0,14.0,20.0,38.0
2014-01-05,PED,SO2,1,45.0,10.666666666666666,13.784048752090223,0.0,0.0,4.0,19.0,44.0
2014-01-05,SAG,CO,15,0.0,,,,,,,
2014-01-05,SAG,NO,1,46.0,26.717391304347824,44.15209220837459,3.0,6.0,11.0,20.0,190.0
2014-01-05,SAG,NO2,1,46.0,23.652173913043477,7.950450417161833,11.0,18.0,24.0,29.0,48.0
2014-01-05,SAG,NOX,1,46.0,50.41304347826087,47.40303604292615,16.0,23.75,37.5,49.0,214.0
2014-01-05,SAG,O3,1,46.0,21.130434782608695,20.200779628136658,2.0,6.0,13.5,29.0,80.0
2014-01-05,SAG,PM10,2,46.0,41.391304347826086,14.113001509041332,17.0,31.25,40.5,50.0,85.0
2014-01-05,SAG,PM2.5,2,46.0,21.26086956521739,9.627356352507382,1.0,14.5,22.0,27.75,43.0
2014-01-05,SAG,PMCO,2,46.0,20.0,10.364469220477343,6.0,12.25,19.5,24.5,51.0
2014-01-05,SAG,SO2,1,46.0,4.260869565217392,7.669375702852063,0.0,1.0,2.0,3.75,45.0
2014-01-05,SFE,CO,15,46.0,0.7021739130434782,0.1926299047220776,0.4,0.6,0.7,0.9,1.1
2014-01-05,SFE,NO,1,46.0,11.347826086956522,9.868507466356123,2.0,4.25,8.0,15.0,42.0
2014-01-05,SFE,NO2,1,46.0,26.52173913043478,9.28975332870645,9.0,20.25,26.5,30.75,51.0
2014-01-05,SFE,NOX,1,46.0,37.869565217391305,14.319541730178338,13.0,25.25,38.0,48.75,72.0
2014-01-05,SFE,O3,1,46.0,19.217391304347824,23.049620911298938,0.0,4.0,7.5,26.0,95.0
2014-01-05,SFE,PM10,2,46.0,43.41304347826087,23.891026755254575,7.0,19.25,47.5,57.75,91.0
2014-01-05,SFE,PM2.5,2,46.0,27.869565217391305,17.080994891206718,3.0,11.0,33.0,40.5,61.0
2014-01-05,SFE,PMCO,2,46.0,15.630434782608695,8.171382844080986,3.0,9.0,15.5,23.0,30.0
2014-01-05,SFE,SO2,1,46.0,8.956521739130435,9.672312194527521,1.0,1.0,6.0,14.5,34.0
2014-01-05,SJA,CO,15,46.0,0.7086956521739131,0.5098261520499019,0.2,0.4,0.55,0.8,2.5
2014-01-05,SJA,NO,1,46.0,32.97826086956522,52.99035095832062,2.0,7.0,15.5,28.75,257.0
2014-01-05,SJA,NO2,1,46.0,30.130434782608695,11.96960724437277,13.0,21.0,29.0,34.75,72.0
2014-01-05,SJA,NOX,1,46.0,63.06521739130435,58.183770999561965,17.0,29.75,46.5,67.75,287.0
2014-01-05,SJA,O3,1,46.0,17.608695652173914,21.4086983992432,2.0,2.0,6.5,30.25,87.0
2014-01-05,SJA,PM2.5,2,45.0,19.68888888888889,8.385111866284255,2.0,14.0,20.0,25.0,39.0
2014-01-05,SJA,SO2,1,46.0,5.021739130434782,6.6147617087668475,1.0,2.0,3.5,5.0,44.0
2014-01-05,SUR,CO,15,46.0,0.9413043478260875,0.42717474278047535,0.3,0.6,0.8500000000000001,1.1,2.7
2014-01-05,SUR,NO,1,46.0,21.17391304347826,30.56817833254131,2.0,5.0,12.5,19.5,164.0
2014-01-05,SUR,NO2,1,46.0,27.608695652173914,8.960352822590973,7.0,23.0,25.5,34.75,43.0
2014-01-05,SUR,NOX,1,46.0,48.91304347826087,32.38643480564494,11.0,28.75,45.0,56.75,188.0
2014-01-05,SUR,O3,1,46.0,19.456521739130434,22.47043145680724,1.0,3.0,9.0,32.75,97.0
2014-01-05,SUR,PM10,2,45.0,36.644444444444446,18.42571764428921,8.0,22.0,34.0,45.0,83.0
2014-01-05,SUR,SO2,1,46.0,12.543478260869565,18.392880895413047,1.0,2.0,4.0,17.75,79.0
2014-01-05,TAH,CO,15,46.0,0.6782608695652173,0.3681262123410399,0.2,0.4,0.6,0.875,2.1
2014-01-05,TAH,NO,1,46.0,8.369565217391305,9.739629688721736,2.0,3.0,5.0,9.0,62.0
2014-01-05,TAH,NO2,1,46.0,17.217391304347824,10.293283772502146,2.0,9.0,17.0,23.75,40.0
2014-01-05,TAH,NOX,1,46.0,25.5,16.746143834726052,5.0,11.25,22.5,36.75,86.0
2014-01-05,TAH,O3,1,46.0,25.32608695652174,21.10087343934799,1.0,8.25,17.0,38.75,87.0
2014-01-05,TAH,PM10,2,42.0,39.76190476190476,23.20724185102943,2.0,26.25,34.5,57.75,111.0
2014-01-05,TAH,SO2,1,46.0,3.0652173913043477,3.0287670679157253,1.0,1.0,2.0,4.0,18.0
2014-01-05,TLA,CO,15,42.0,0.8761904761904761,0.35668495616701473,0.4,0.7,0.8,1.0,1.8
2014-01-05,TLA,NO,1,42.0,31.904761904761905,33.853925465950375,4.0,11.0,18.5,32.5,135.0
2014-01-05,TLA,NO2,1,42.0,33.214285714285715,10.194536351819607,20.0,25.0,30.5,38.75,65.0
2014-01-05,TLA,NOX,1,42.0,65.11904761904762,36.91797260833634,24.0,40.25,57.5,72.5,173.0
2014-01-05,TLA,O3,1,42.0,19.595238095238095,23.769276668770594,1.0,3.0,7.5,32.5,83.0
2014-01-05,TLA,PM10,2,46.0,52.91304347826087,14.761550787180598,23.0,42.25,53.5,62.0,86.0
2014-01-05,TLA,PM2.5,2,46.0,29.630434782608695,9.798772475620888,6.0,23.25,29.0,36.75,48.0
2014-01-05,TLA,PMCO,2,46.0,23.26086956521739,8.688267395641335,10.0,16.25,22.0,28.0,53.0
2014-01-05,TLA,SO2,1,42.0,18.333333333333332,24.033174903348897,1.0,4.0,7.0,26.75,133.0
2014-01-05,TLI,CO,15,46.0,0.7369565217391301,0.43171940251982793,0.3,0.5,0.6,0.875,2.2
2014-01-05,TLI,NO,1,46.0,28.195652173913043,42.516725893186184,1.0,4.0,8.5,25.0,172.0
2014-01-05,TLI,NO2,1,46.0,28.304347826086957,12.32679027379416,12.0,20.0,27.0,31.75,74.0
2014-01-05,TLI,NOX,1,46.0,56.5,50.20081893975657,16.0,27.0,36.0,59.5,236.0
2014-01-05,TLI,O3,1,46.0,18.282608695652176,21.873030622184796,0.0,2.0,8.5,29.75,82.0
2014-01-05,TLI,PM10,2,45.0,46.37777777777778,27.16472385691086,12.0,28.0,47.0,55.0,129.0
2014-01-05,TLI,SO2,1,46.0,15.826086956521738,28.36531868934009,1.0,3.0,5.0,11.5,151.0
2014-01-05,TPN,CO,15,0.0,,,,,,,
2014-01-05,TPN,NO,1,46.0,14.043478260869565,11.081428952659952,2.0,4.25,10.5,21.0,37.0
2014-01-05,TPN,NO2,1,46.0,19.52173913043478,9.826809430068298,4.0,13.0,19.0,26.0,44.0
2014-01-05,TPN,NOX,1,46.0,33.630434782608695,18.95651010503565,6.0,19.0,28.0,53.25,66.0
2014-01-05,TPN,O3,1,46.0,17.152173913043477,17.66348070807783,1.0,2.0,11.0,29.5,69.0
2014-01-05,TPN,SO2,1,46.0,5.130434782608695,4.069445474930208,2.0,2.0,3.5,6.0,21.0
2014-01-05,UAX,CO,15,46.0,0.7760869565217392,0.3170592532135108,0.3,0.525,0.7,1.0,1.8
2014-01-05,UAX,NO,1,46.0,12.58695652173913,22.15558729325808,0.0,1.0,4.0,14.0,104.0
2014-01-05,UAX,NO2,1,46.0,25.26086956521739,11.26338173533784,5.0,16.25,24.5,33.0,48.0
2014-01-05,UAX,NOX,1,46.0,37.891304347826086,26.63934288551391,7.0,17.5,31.5,52.0,128.0
2014-01-05,UAX,O3,1,46.0,18.804347826086957,20.083845985398746,1.0,2.0,11.5,32.0,78.0
2014-01-05,UAX,PM2.5,2,46.0,19.0,9.840957496323437,1.0,11.25,17.5,26.75,36.0
2014-01-05,UAX,SO2,1,46.0,7.478260869565218,12.148596865362741,1.0,1.0,2.0,6.75,62.0
2014-01-05,UIZ,CO,15,46.0,0.6217391304347827,0.363264851942773,0.0,0.325,0.7,0.8,1.6
2014-01-05,UIZ,NO,1,46.0,21.695652173913043,26.320139787890678,1.0,4.25,12.0,29.0,117.0
2014-01-05,UIZ,NO2,1,46.0,27.97826086956522,10.638481784822039,7.0,22.25,27.0,35.75,53.0
2014-01-05,UIZ,NOX,1,46.0,49.69565217391305,31.534016599515997,10.0,27.25,42.5,67.75,152.0
2014-01-05,UIZ,O3,1,46.0,21.17391304347826,24.52328086426908,2.0,3.25,9.5,36.75,97.0
2014-01-05,UIZ,PM10,2,45.0,42.022222222222226,17.857375467460457,7.0,27.0,42.0,52.0,78.0
2014-01-05,UIZ,PM2.5,2,45.0,23.977777777777778,13.110524725801733,2.0,14.0,23.0,33.0,52.0
2014-01-05,UIZ,PMCO,2,45.0,18.022222222222222,6.847324921884355,5.0,13.0,17.0,22.0,36.0
2014-01-05,UIZ,SO2,1,46.0,5.760869565217392,7.400254598048775,2.0,2.0,3.0,5.0,37.0
2014-01-05,VIF,CO,15,46.0,0.7978260869565217,0.5161778894204693,0.3,0.42500000000000004,0.7,0.9,2.1
2014-01-05,VIF,NO,1,46.0,22.043478260869566,31.351736809404734,2.0,3.0,7.0,20.5,121.0
2014-01-05,VIF,NO2,1,46.0,22.195652173913043,9.657742007132333,6.0,16.0,20.5,28.0,52.0
2014-01-05,VIF,NOX,1,46.0,44.41304347826087,36.67307585618669,9.0,19.0,31.0,46.75,142.0
2014-01-05,VIF,O3,1,46.0,20.695652173913043,22.075496285064215,1.0,4.0,10.0,34.75,77.0
2014-01-05,VIF,PM10,2,45.0,60.93333333333333,38.560106563413676,12.0,29.0,59.0,78.0,222.0
2014-01-05,VIF,SO2,1,46.0,8.869565217391305,13.79147674898792,2.0,3.0,4.0,7.0,62.0
2014-01-05,XAL,CO,15,46.0,0.9347826086956527,0.5948734286680367,0.3,0.6,0.7,1.2,3.5
2014-01-05,XAL,NO,1,46.0,42.93478260869565,50.260831745301104,4.0,14.0,28.5,54.0,256.0
2014-01-05,XAL,NO2,1,46.0,27.956521739130434,8.458937473962422,16.0,21.5,26.5,33.5,56.0
2014-01-05,XAL,NOX,1,46.0,70.95652173913044,54.006977541688116,22.0,36.5,52.0,90.25,286.0
2014-01-05,XAL,O3,1,46.0,20.065217391304348,20.51059582417834,2.0,4.0,13.0,30.5,75.0
2014-01-05,XAL,PM10,2,46.0,55.95652173913044,16.564965065850586,21.0,47.5,55.0,65.0,96.0
2014-01-05,XAL,PM2.5,2,46.0,28.32608695652174,9.570915079496691,7.0,22.5,27.5,36.0,48.0
2014-01-05,XAL,PMCO,2,46.0,27.652173913043477,12.23513590952866,7.0,19.0,25.0,36.5,68.0
2014-01-05,XAL,SO2,1,46.0,5.565217391304348,5.604173737940692,1.0,2.0,3.0,6.0,26.0
