,,,,value,value,value,value,value,value,value,value
,,,,count,mean,std,min,25%,50%,75%,max
date,id_station,id_parameter,unit,,,,,,,,
2010-01-03,ACO,O3,1,62.0,22.338709677419356,16.671309947240317,0.0,9.0,19.5,31.0,66.0
2010-01-03,ACO,PM2.5,2,56.0,19.0,13.127348274776315,1.0,11.75,17.0,23.0,75.0
2010-01-03,ACO,SO2,1,62.0,3.1451612903225805,7.274132868593507,0.0,0.0,1.0,2.75,44.0
2010-01-03,ARA,SO2,1,0.0,,,,,,,
2010-01-03,ATI,NO,1,69.0,6.101449275362318,13.716826214475583,0.0,0.0,0.0,7.0,68.0
2010-01-03,ATI,NO2,1,69.0,21.91304347826087,9.360020001290192,6.0,16.0,21.0,26.0,54.0
2010-01-03,ATI,NOX,1,69.0,27.115942028985508,20.06206269956546,5.0,15.0,22.0,30.0,92.0
2010-01-03,ATI,SO2,1,69.0,11.014492753623188,11.056662555729476,3.0,4.0,7.0,14.0,63.0
2010-01-03,AZC,NO,1,69.0,9.043478260869565,13.470484927959104,0.0,0.0,5.0,11.0,58.0
2010-01-03,AZC,NO2,1,69.0,26.81159420289855,11.635740278680473,3.0,22.0,27.0,30.0,68.0
2010-01-03,AZC,NOX,1,69.0,35.492753623188406,22.055160252798913,3.0,25.0,32.0,40.0,106.0
2010-01-03,AZC,O3,1,69.0,20.07246376811594,21.178039986365814,1.0,5.0,12.0,26.0,82.0
2010-01-03,AZC,SO2,1,69.0,12.623188405797102,12.258372228178153,1.0,3.0,9.0,18.0,58.0
2010-01-03,CAM,PM2.5,2,0.0,,,,,,,
2010-01-03,CES,NO,1,69.0,20.55072463768116,22.372209804263896,1.0,4.0,13.0,27.0,100.0
2010-01-03,CES,NO2,1,69.0,26.463768115942027,10.434078372086862,8.0,21.0,26.0,32.0,58.0
2010-01-03,CES,NOX,1,69.0,46.89855072463768,29.446434382938673,10.0,25.0,43.0,64.0,146.0
2010-01-03,CES,O3,1,69.0,17.565217391304348,18.119276589953103,1.0,3.0,9.0,26.0,69.0
2010-01-03,CES,PM10,2,66.0,39.42424242424242,25.14576618656821,6.0,22.25,33.0,48.75,126.0
2010-01-03,CES,SO2,1,69.0,6.971014492753623,3.5103670601299948,3.0,4.0,6.0,9.0,19.0
2010-01-03,CHO,CO,15,0.0,,,,,,,
2010-01-03,CHO,O3,1,0.0,,,,,,,
2010-01-03,CHO,SO2,1,0.0,,,,,,,
2010-01-03,COY,O3,1,68.0,20.308823529411764,20.98560797019808,1.0,5.0,13.0,26.75,81.0
2010-01-03,COY,PM2.5,2,67.0,26.82089552238806,18.1608347935333,6.0,17.5,22.0,29.0,94.0
2010-01-03,CUA,O3,1,0.0,,,,,,,
2010-01-03,FAC,CO,15,69.0,0.9246376811594202,0.4212746055308014,0.4,0.7,0.8,1.0,2.3
2010-01-03,FAC,NO,1,69.0,11.36231884057971,19.03091217134156,0.0,1.0,5.0,11.0,97.0
2010-01-03,FAC,NO2,1,69.0,26.318840579710145,12.051961951121081,7.0,22.0,25.0,30.0,78.0
2010-01-03,FAC,NOX,1,69.0,37.36231884057971,27.20670927984533,6.0,23.0,31.0,40.0,128.0
2010-01-03,FAC,O3,1,69.0,21.884057971014492,19.142297046903334,1.0,7.0,18.0,30.0,79.0
2010-01-03,FAC,PM10,2,67.0,31.313432835820894,19.059085922963494,4.0,18.5,26.0,42.5,87.0
2010-01-03,FAC,SO2,1,69.0,9.072463768115941,8.070131642230669,2.0,3.0,6.0,12.0,44.0
2010-01-03,IMP,CO,15,69.0,0.6913043478260867,0.392854983884857,0.2,0.5,0.6,0.8,2.2
2010-01-03,IZT,CO,15,69.0,0.7724637681159419,0.4314421977408732,0.2,0.5,0.7,1.0,2.2
2010-01-03,IZT,NO,1,69.0,9.144927536231885,14.012888355660337,0.0,0.0,2.0,14.0,66.0
2010-01-03,IZT,NO2,1,69.0,29.536231884057973,12.021524458170026,9.0,23.0,29.0,34.0,73.0
2010-01-03,IZT,NOX,1,69.0,37.56521739130435,23.848466630242932,9.0,19.0,33.0,51.0,123.0
2010-01-03,IZT,O3,1,69.0,18.10144927536232,19.4211413970145,1.0,3.0,10.0,22.0,72.0
2010-01-03,IZT,PM10,2,69.0,42.710144927536234,28.34560939612184,3.0,26.0,36.0,51.0,160.0
2010-01-03,IZT,SO2,1,69.0,11.53623188405797,11.262352316907196,4.0,5.0,8.0,12.0,66.0
2010-01-03,LAG,CO,15,69.0,0.7695652173913042,0.5899412602429877,0.0,0.3,0.6,1.1,2.5
2010-01-03,LAG,NO,1,69.0,13.115942028985508,18.03145636338965,0.0,2.0,7.0,16.0,77.0
2010-01-03,LAG,NO2,1,69.0,30.63768115942029,12.82572210384589,8.0,24.0,29.0,37.0,78.0
2010-01-03,LAG,NOX,1,69.0,43.34782608695652,28.26493675238578,10.0,23.0,39.0,52.0,152.0
2010-01-03,LAG,O3,1,69.0,13.971014492753623,16.905421175828177,0.0,2.0,8.0,16.0,63.0
2010-01-03,LAG,SO2,1,69.0,7.434782608695652,6.397330005716919,1.0,3.0,5.0,10.0,29.0
2010-01-03,LLA,SO2,1,0.0,,,,,,,
2010-01-03,LPR,SO2,1,69.0,9.26086956521739,10.551905562382673,1.0,2.0,5.0,11.0,51.0
2010-01-03,LVI,PM10,2,66.0,38.378787878787875,25.421835043318502,4.0,20.5,31.5,47.0,122.0
2010-01-03,LVI,SO2,1,67.0,2.582089552238806,2.33646491411474,1.0,1.0,2.0,3.0,11.0
2010-01-03,MER,CO,15,69.0,1.0782608695652178,0.43719344393172205,0.5,0.7,1.0,1.4,2.4
2010-01-03,MER,NO,1,69.0,20.956521739130434,22.190641100014837,0.0,6.0,12.0,30.0,98.0
2010-01-03,MER,NO2,1,69.0,31.91304347826087,13.992370957517803,9.0,25.0,30.0,38.0,84.0
2010-01-03,MER,NOX,1,69.0,52.7536231884058,32.570469210937546,13.0,27.0,47.0,68.0,152.0
2010-01-03,MER,O3,1,69.0,16.768115942028984,19.166564735264004,0.0,2.0,10.0,24.0,72.0
2010-01-03,MER,PM10,2,68.0,36.64705882352941,25.21120617093722,8.0,19.0,30.0,46.0,122.0
2010-01-03,MER,PM2.5,2,69.0,26.52173913043478,14.06561169039811,10.0,17.0,23.0,32.0,90.0
2010-01-03,MER,SO2,1,69.0,9.057971014492754,12.248510183080628,1.0,2.0,4.0,11.0,66.0
2010-01-03,MON,O3,1,67.0,24.16417910447761,17.987029851438137,1.0,11.5,21.0,34.0,69.0
2010-01-03,PED,CO,15,69.0,0.4695652173913043,0.22511719028233665,0.1,0.3,0.5,0.6,1.0
2010-01-03,PED,NO,1,69.0,5.782608695652174,8.603811681317202,0.0,0.0,2.0,10.0,43.0
2010-01-03,PED,NO2,1,69.0,25.434782608695652,9.90020537646385,6.0,16.0,28.0,33.0,45.0
2010-01-03,PED,NOX,1,69.0,30.971014492753625,15.927197433111582,6.0,17.0,32.0,41.0,76.0
2010-01-03,PED,O3,1,69.0,19.08695652173913,19.547633473762303,0.0,5.0,13.0,27.0,76.0
2010-01-03,PED,PM10,2,61.0,32.557377049180324,18.91958825323984,3.0,21.0,27.0,44.0,83.0
2010-01-03,PED,SO2,1,69.0,5.173913043478261,4.065480659445741,1.0,2.0,5.0,7.0,20.0
2010-01-03,PER,PM2.5,2,68.0,30.073529411764707,37.25038963092653,1.0,18.0,22.0,27.25,225.0
2010-01-03,PLA,O3,1,69.0,18.52173913043478,19.349425204756745,0.0,4.0,12.0,23.0,76.0
2010-01-03,PLA,SO2,1,69.0,8.594202898550725,6.184227662510183,2.0,4.0,8.0,11.0,29.0
2010-01-03,SAG,CO,15,69.0,0.9666666666666667,0.3017920333152435,0.5,0.7,1.0,1.1,1.7
2010-01-03,SAG,NO,1,69.0,10.434782608695652,10.016865573018757,1.0,3.0,7.0,14.0,45.0
2010-01-03,SAG,NO2,1,69.0,21.347826086956523,8.322234723488572,5.0,17.0,22.0,26.0,44.0
2010-01-03,SAG,NOX,1,69.0,31.753623188405797,15.801531754773062,8.0,22.0,30.0,40.0,69.0
2010-01-03,SAG,O3,1,69.0,19.44927536231884,16.30457914016079,2.0,8.0,16.0,26.0,61.0
2010-01-03,SAG,PM10,2,64.0,40.640625,33.34445870886648,6.0,20.0,31.0,54.5,218.0
2010-01-03,SAG,PM2.5,2,69.0,24.0,23.32569903119985,1.0,14.0,20.0,24.0,148.0
2010-01-03,SAG,SO2,1,69.0,8.579710144927537,17.347152501628287,0.0,0.0,3.0,8.0,87.0
2010-01-03,SJA,PM2.5,2,67.0,22.865671641791046,19.036564117657857,5.0,13.5,19.0,26.0,119.0
2010-01-03,SUR,CO,15,58.0,0.6396551724137931,0.4064996731499578,0.1,0.3,0.5,0.8,2.0
2010-01-03,SUR,NO,1,68.0,9.426470588235293,8.653040491375892,1.0,3.0,6.0,13.0,33.0
2010-01-03,SUR,NO2,1,68.0,26.970588235294116,10.897035867316895,5.0,19.0,29.0,34.0,55.0
2010-01-03,SUR,NOX,1,68.0,36.411764705882355,17.399807250705987,7.0,21.0,36.0,48.0,84.0
2010-01-03,SUR,O3,1,68.0,19.073529411764707,19.87296684538893,1.0,4.75,12.0,24.5,77.0
2010-01-03,SUR,PM10,2,66.0,44.57575757575758,44.56975884232944,2.0,23.0,32.5,46.75,273.0
2010-01-03,SUR,SO2,1,68.0,5.661764705882353,8.732526765204009,0.0,0.0,2.0,6.0,35.0
2010-01-03,TAC,CO,15,69.0,0.6579710144927537,0.4264786723518709,0.2,0.4,0.5,0.7,2.1
2010-01-03,TAC,NO,1,69.0,9.130434782608695,11.790964940154339,0.0,2.0,4.0,11.0,50.0
2010-01-03,TAC,NO2,1,69.0,26.6231884057971,10.18519896319476,6.0,24.0,27.0,30.0,64.0
2010-01-03,TAC,NOX,1,69.0,35.594202898550726,20.074360908865895,8.0,26.0,32.0,40.0,106.0
2010-01-03,TAC,O3,1,69.0,22.768115942028984,20.5870782770737,2.0,9.0,16.0,26.0,81.0
2010-01-03,TAC,SO2,1,69.0,11.0,9.241848554584864,2.0,3.0,9.0,16.0,46.0
2010-01-03,TAH,O3,1,69.0,21.956521739130434,17.295387673672092,2.0,8.0,16.0,34.0,64.0
2010-01-03,TAH,PM10,2,66.0,41.484848484848484,27.779484640643844,4.0,20.0,36.0,57.0,115.0
2010-01-03,TAH,SO2,1,69.0,2.710144927536232,2.444089204082096,1.0,1.0,2.0,3.0,13.0
2010-01-03,TAX,CO,15,69.0,1.0681159420289854,0.6574220494215596,0.2,0.5,0.9,1.6,3.1
2010-01-03,TAX,NO,1,69.0,31.82608695652174,24.85366378585988,2.0,9.0,27.0,52.0,108.0
2010-01-03,TAX,NO2,1,69.0,28.855072463768117,10.61114198311606,10.0,20.0,29.0,35.0,53.0
2010-01-03,TAX,NOX,1,69.0,60.594202898550726,33.23946929240266,14.0,30.0,61.0,86.0,161.0
2010-01-03,TAX,O3,1,69.0,17.3768115942029,20.14002559236308,1.0,4.0,9.0,23.0,79.0
2010-01-03,TAX,PM10,2,64.0,41.609375,28.017917842660886,5.0,22.75,33.0,55.25,167.0
2010-01-03,TAX,SO2,1,69.0,6.449275362318841,8.446259582665363,0.0,2.0,4.0,7.0,44.0
2010-01-03,TLA,CO,15,69.0,0.5275362318840582,0.3226198172184454,0.1,0.3,0.5,0.6,1.6
2010-01-03,TLA,NO,1,66.0,11.818181818181818,14.855104371027686,0.0,2.0,7.0,14.0,66.0
2010-01-03,TLA,NO2,1,66.0,28.393939393939394,11.294489858577109,6.0,24.0,28.5,33.0,68.0
2010-01-03,TLA,NOX,1,66.0,39.72727272727273,22.7856536879242,8.0,26.0,35.0,46.0,98.0
2010-01-03,TLA,O3,1,69.0,19.47826086956522,19.357023877691905,1.0,5.0,13.0,22.0,73.0
2010-01-03,TLA,PM10,2,69.0,37.768115942028984,28.79856252924903,4.0,19.0,31.0,48.0,167.0
2010-01-03,TLA,PM2.5,2,69.0,29.695652173913043,24.552647124463267,11.0,17.0,23.0,30.0,154.0
2010-01-03,TLA,SO2,1,69.0,15.579710144927537,18.81676802052568,1.0,3.0,8.0,21.0,82.0
2010-01-03,TLI,CO,15,60.0,1.0366666666666666,0.48151127436918134,0.5,0.7,0.9,1.1,2.5
2010-01-03,TLI,NO,1,59.0,10.305084745762711,14.838503313883873,0.0,1.0,4.0,12.0,63.0
2010-01-03,TLI,NO2,1,59.0,24.8135593220339,11.699505701717646,6.0,16.5,23.0,31.0,55.0
2010-01-03,TLI,NOX,1,59.0,34.644067796610166,23.325110571393612,6.0,19.0,27.0,45.5,99.0
2010-01-03,TLI,PM10,2,56.0,53.392857142857146,55.37465077137687,6.0,26.75,36.0,51.75,283.0
2010-01-03,TLI,SO2,1,60.0,25.633333333333333,35.1746088442307,0.0,2.0,8.5,30.0,123.0
2010-01-03,TPN,O3,1,0.0,,,,,,,
2010-01-03,UIZ,CO,15,69.0,0.8217391304347826,0.4101181914354588,0.3,0.5,0.7,1.0,1.9
2010-01-03,UIZ,NO,1,69.0,9.869565217391305,9.98073592046531,1.0,4.0,5.0,14.0,43.0
2010-01-03,UIZ,NO2,1,69.0,23.753623188405797,10.688649555791097,7.0,15.0,23.0,27.0,51.0
2010-01-03,UIZ,NOX,1,69.0,33.608695652173914,18.3144248767952,11.0,19.0,28.0,45.0,78.0
2010-01-03,UIZ,O3,1,69.0,21.057971014492754,21.654291829709102,1.0,5.0,11.0,29.0,80.0
2010-01-03,UIZ,PM2.5,2,68.0,22.205882352941178,15.941646222534862,2.0,15.0,19.5,24.0,92.0
2010-01-03,UIZ,SO2,1,69.0,9.043478260869565,6.99881246777475,4.0,5.0,7.0,10.0,40.0
2010-01-03,VAL,CO,15,54.0,0.8185185185185183,0.46745964373250287,0.3,0.5,0.7,1.0750000000000002,2.4
2010-01-03,VAL,SO2,1,54.0,13.722222222222221,22.14822848801305,0.0,0.0,2.0,15.75,91.0
2010-01-03,VIF,CO,15,69.0,0.6826086956521744,0.27757167687937223,0.4,0.5,0.6,0.7,1.6
2010-01-03,VIF,NO,1,69.0,5.9855072463768115,10.643270110073127,0.0,0.0,1.0,5.0,43.0
2010-01-03,VIF,NO2,1,69.0,18.10144927536232,10.780080933255382,3.0,11.0,16.0,24.0,59.0
2010-01-03,VIF,NOX,1,69.0,23.71014492753623,19.59299203142269,2.0,11.0,16.0,30.0,86.0
2010-01-03,VIF,PM10,2,59.0,57.30508474576271,59.4686977172222,3.0,22.5,38.0,59.0,275.0
2010-01-03,VIF,SO2,1,69.0,14.289855072463768,30.876938590854376,0.0,0.0,1.0,13.0,141.0
2010-01-03,XAL,CO,15,69.0,0.8782608695652172,0.38876484848411874,0.4,0.6,0.8,1.0,2.1
2010-01-03,XAL,NO,1,69.0,20.347826086956523,15.901189455099148,2.0,7.0,18.0,29.0,79.0
2010-01-03,XAL,NO2,1,69.0,26.63768115942029,11.19738810733367,9.0,19.0,26.0,32.0,56.0
2010-01-03,XAL,NOX,1,69.0,46.95652173913044,24.67460875344429,13.0,25.0,47.0,61.0,113.0
2010-01-03,XAL,O3,1,0.0,,,,,,,
2010-01-03,XAL,PM10,2,68.0,55.544117647058826,41.685902203183936,5.0,26.0,45.0,74.0,248.0
2010-01-03,XAL,SO2,1,69.0,7.7101449275362315,10.733539311669643,0.0,1.0,3.0,9.0,45.0
2010-01-10,ACO,O3,1,100.0,16.12,15.893127922203208,0.0,4.0,11.0,23.25,65.0
2010-01-10,ACO,PM2.5,2,117.0,15.76923076923077,7.401519666169933,1.0,10.0,16.0,20.0,34.0
2010-01-10,ACO,SO2,1,138.0,1.6231884057971016,4.12257962355675,0.0,0.0,1.0,2.0,39.0
2010-01-10,ARA,SO2,1,0.0,,,,,,,
2010-01-10,ATI,NO,1,159.0,13.628930817610064,20.928919323259095,0.0,0.0,5.0,20.0,126.0
2010-01-10,ATI,NO2,1,159.0,24.77358490566038,11.573061544933072,7.0,17.5,24.0,29.0,76.0
2010-01-10,ATI,NOX,1,159.0,37.874213836477985,26.81010156741765,5.0,18.5,32.0,48.0,152.0
2010-01-10,ATI,SO2,1,159.0,11.540880503144654,14.308863385038874,2.0,3.0,5.0,13.5,64.0
2010-01-10,AZC,NO,1,147.0,27.6734693877551,32.33793380131822,0.0,5.5,15.0,37.0,207.0
2010-01-10,AZC,NO2,1,147.0,31.34013605442177,13.329078624108408,8.0,24.0,29.0,36.5,81.0
2010-01-10,AZC,NOX,1,147.0,58.87074829931973,37.638378859016264,8.0,32.5,53.0,73.5,247.0
2010-01-10,AZC,O3,1,111.0,12.486486486486486,15.32429139092267,0.0,2.0,6.0,15.0,63.0
2010-01-10,AZC,SO2,1,147.0,10.782312925170068,14.117664542975318,1.0,2.0,6.0,12.0,82.0
2010-01-10,CAM,PM2.5,2,0.0,,,,,,,
2010-01-10,CES,NO,1,157.0,34.5796178343949,35.3272480346144,1.0,10.0,23.0,43.0,163.0
2010-01-10,CES,NO2,1,157.0,33.88535031847134,12.277229367173302,11.0,26.0,31.0,40.0,77.0
2010-01-10,CES,NOX,1,157.0,68.4140127388535,38.70997429703047,12.0,44.0,59.0,86.0,198.0
2010-01-10,CES,O3,1,158.0,12.322784810126583,17.196603496425425,1.0,2.0,4.0,14.0,71.0
2010-01-10,CES,PM10,2,153.0,36.55555555555556,22.77807373934095,1.0,21.0,31.0,49.0,118.0
2010-01-10,CES,SO2,1,158.0,6.860759493670886,4.116872776478748,3.0,4.0,6.0,7.0,27.0
2010-01-10,CHO,CO,15,145.0,1.064827586206896,0.4394647998928102,0.3,0.8,1.0,1.2,3.0
2010-01-10,CHO,O3,1,145.0,19.868965517241378,20.587973556725146,1.0,5.0,11.0,30.0,86.0
2010-01-10,CHO,SO2,1,145.0,5.082758620689655,3.003478188043594,1.0,3.0,4.0,6.0,18.0
2010-01-10,COY,O3,1,155.0,14.838709677419354,18.97143576400145,0.0,2.0,7.0,18.5,83.0
2010-01-10,COY,PM2.5,2,150.0,25.686666666666667,14.63063654551877,2.0,14.25,22.0,35.0,61.0
2010-01-10,CUA,O3,1,0.0,,,,,,,
2010-01-10,FAC,CO,15,159.0,1.20817610062893,0.6382302026519142,0.4,0.7,1.0,1.5,3.6
2010-01-10,FAC,NO,1,159.0,27.371069182389938,35.6465691460986,0.0,3.0,14.0,37.0,203.0
2010-01-10,FAC,NO2,1,159.0,30.77358490566038,15.70653517468748,8.0,21.5,27.0,35.5,100.0
2010-01-10,FAC,NOX,1,159.0,57.9811320754717,41.979873372016584,8.0,28.0,48.0,76.0,233.0
2010-01-10,FAC,O3,1,159.0,16.30188679245283,15.925361795457482,0.0,3.0,12.0,25.0,60.0
2010-01-10,FAC,PM10,2,154.0,31.448051948051948,22.634649304141362,1.0,13.0,27.0,44.5,103.0
2010-01-10,FAC,SO2,1,159.0,9.30188679245283,10.451669793902491,2.0,3.0,5.0,11.0,72.0
2010-01-10,IMP,CO,15,160.0,1.0543749999999996,0.5583946976510255,0.2,0.6,1.0,1.4,3.1
2010-01-10,IZT,CO,15,157.0,1.109554140127389,0.6101474642574534,0.2,0.7,1.0,1.5,3.3
2010-01-10,IZT,NO,1,143.0,27.377622377622377,29.934154075613947,0.0,3.5,16.0,40.0,129.0
2010-01-10,IZT,NO2,1,143.0,37.55944055944056,14.38779920217145,15.0,27.0,34.0,43.0,86.0
2010-01-10,IZT,NOX,1,143.0,64.47552447552448,34.60925386465388,13.0,36.0,61.0,81.5,177.0
2010-01-10,IZT,O3,1,157.0,12.949044585987261,17.89921792387759,0.0,1.0,4.0,16.0,75.0
2010-01-10,IZT,PM10,2,158.0,39.234177215189874,20.705138819204635,1.0,24.0,35.5,54.5,94.0
2010-01-10,IZT,SO2,1,157.0,9.694267515923567,7.42195497466302,4.0,5.0,7.0,10.0,43.0
2010-01-10,LAG,CO,15,141.0,1.1765957446808508,0.6889576285823119,0.1,0.6,1.1,1.6,2.9
2010-01-10,LAG,NO,1,142.0,34.38732394366197,30.980169496111408,0.0,8.25,25.0,55.0,138.0
2010-01-10,LAG,NO2,1,142.0,34.985915492957744,12.160852151163313,22.0,27.0,31.0,38.0,83.0
2010-01-10,LAG,NOX,1,142.0,69.29577464788733,34.02247666161284,21.0,39.25,67.0,88.0,170.0
2010-01-10,LAG,O3,1,142.0,6.774647887323944,12.602146820485252,0.0,0.0,1.0,5.0,62.0
2010-01-10,LAG,SO2,1,142.0,7.676056338028169,5.820664210806147,1.0,4.0,7.0,9.0,35.0
2010-01-10,LLA,SO2,1,0.0,,,,,,,
2010-01-10,LPR,SO2,1,157.0,5.7834394904458595,6.862494193484614,1.0,2.0,3.0,7.0,42.0
2010-01-10,LVI,PM10,2,155.0,38.019354838709674,24.107300981653363,1.0,21.0,34.0,51.5,109.0
2010-01-10,LVI,SO2,1,161.0,1.5341614906832297,1.6432857933901102,0.0,1.0,1.0,2.0,11.0
2010-01-10,MER,CO,15,158.0,1.370886075949367,0.5360035884313235,0.5,0.925,1.3,1.8,2.7
2010-01-10,MER,NO,1,158.0,39.95569620253165,32.90525773269204,0.0,15.0,32.5,57.25,144.0
2010-01-10,MER,NO2,1,158.0,37.50632911392405,14.267127079450333,20.0,27.25,33.0,42.0,106.0
2010-01-10,MER,NOX,1,158.0,77.27215189873418,37.654759003273604,21.0,45.25,72.0,103.5,181.0
2010-01-10,MER,O3,1,158.0,10.164556962025317,14.913278296460854,0.0,1.0,3.0,10.0,73.0
2010-01-10,MER,PM10,2,156.0,34.35897435897436,19.957680619637824,2.0,19.0,32.0,47.25,94.0
2010-01-10,MER,PM2.5,2,158.0,27.49367088607595,11.91303243732583,3.0,19.0,27.0,35.0,56.0
2010-01-10,MER,SO2,1,158.0,5.474683544303797,7.664708907588822,0.0,1.0,3.0,6.0,53.0
2010-01-10,MON,O3,1,161.0,20.96273291925466,21.579761409350006,0.0,3.0,14.0,32.0,79.0
2010-01-10,PED,CO,15,159.0,0.7194968553459125,0.41772106061787156,0.1,0.4,0.7,1.0,2.3
2010-01-10,PED,NO,1,158.0,16.60126582278481,23.291271122233695,0.0,2.0,7.0,24.75,138.0
2010-01-10,PED,NO2,1,158.0,32.5126582278481,14.116321737111013,8.0,24.0,30.0,37.0,82.0
2010-01-10,PED,NOX,1,158.0,49.06962025316456,27.67650181509788,8.0,31.0,45.0,63.0,178.0
2010-01-10,PED,O3,1,158.0,15.215189873417721,18.519516911939586,0.0,1.0,9.0,20.75,79.0
2010-01-10,PED,PM10,2,152.0,30.67105263157895,22.838557010061898,1.0,17.0,25.0,40.25,158.0
2010-01-10,PED,SO2,1,159.0,4.069182389937107,5.292841471862744,0.0,2.0,3.0,5.0,48.0
2010-01-10,PER,PM2.5,2,156.0,23.737179487179485,12.973477748722917,3.0,14.0,21.5,32.0,62.0
2010-01-10,PLA,O3,1,160.0,13.5375,16.732406511705246,0.0,1.0,7.0,18.25,76.0
2010-01-10,PLA,SO2,1,160.0,6.6875,7.003312334017293,2.0,3.0,5.0,7.0,50.0
2010-01-10,SAG,CO,15,157.0,1.1299363057324845,0.43961885708733833,0.5,0.8,1.1,1.3,2.6
2010-01-10,SAG,NO,1,157.0,22.35031847133758,22.747743264242153,1.0,7.0,14.0,30.0,118.0
2010-01-10,SAG,NO2,1,157.0,25.15286624203822,8.090169410523401,9.0,20.0,25.0,30.0,53.0
2010-01-10,SAG,NOX,1,157.0,47.48407643312102,26.92120627644192,9.0,30.0,42.0,61.0,147.0
2010-01-10,SAG,O3,1,157.0,15.78343949044586,16.924159060022557,1.0,3.0,10.0,21.0,67.0
2010-01-10,SAG,PM10,2,155.0,31.664516129032258,21.332944286705317,4.0,13.5,26.0,45.0,106.0
2010-01-10,SAG,PM2.5,2,157.0,21.484076433121018,12.586421812628188,1.0,13.0,19.0,27.0,72.0
2010-01-10,SAG,SO2,1,157.0,3.9936305732484074,7.41835631743263,0.0,0.0,1.0,4.0,37.0
2010-01-10,SJA,PM2.5,2,157.0,21.961783439490446,11.732534947151628,1.0,13.0,21.0,29.0,58.0
2010-01-10,SUR,CO,15,144.0,0.797222222222222,0.5734138285770747,0.0,0.3,0.8,1.125,2.5
2010-01-10,SUR,NO,1,154.0,23.824675324675326,25.349358480720838,1.0,5.25,13.5,36.0,144.0
2010-01-10,SUR,NO2,1,154.0,35.04545454545455,14.023016052326357,9.0,26.0,34.0,41.0,82.0
2010-01-10,SUR,NOX,1,154.0,58.85064935064935,31.37372916834289,10.0,32.0,56.0,77.75,188.0
2010-01-10,SUR,O3,1,154.0,16.90909090909091,20.68764388773329,0.0,2.0,7.0,22.75,91.0
2010-01-10,SUR,PM10,2,147.0,33.863945578231295,23.757807499904064,1.0,15.0,29.0,46.5,124.0
2010-01-10,SUR,SO2,1,154.0,3.590909090909091,7.5421375208781685,0.0,0.0,1.0,4.0,49.0
2010-01-10,TAC,CO,15,157.0,1.0031847133757967,0.6569568910422493,0.1,0.5,0.9,1.3,3.5
2010-01-10,TAC,NO,1,157.0,27.955414012738853,33.48408423090921,0.0,5.0,17.0,37.0,191.0
2010-01-10,TAC,NO2,1,157.0,35.853503184713375,15.421769198543048,10.0,26.0,33.0,42.0,83.0
2010-01-10,TAC,NOX,1,157.0,63.77070063694268,38.655094302453875,10.0,37.0,60.0,78.0,225.0
2010-01-10,TAC,O3,1,152.0,16.54605263157895,18.173497484115682,0.0,4.0,9.0,21.25,79.0
2010-01-10,TAC,SO2,1,157.0,9.840764331210192,11.819426400536269,1.0,2.0,6.0,11.0,62.0
2010-01-10,TAH,O3,1,153.0,17.26143790849673,18.96214068869241,0.0,4.0,10.0,23.0,80.0
2010-01-10,TAH,PM10,2,138.0,31.152173913043477,22.415747258715555,1.0,13.0,28.0,44.75,126.0
2010-01-10,TAH,SO2,1,153.0,2.4640522875816995,3.011002070894714,0.0,1.0,1.0,3.0,18.0
2010-01-10,TAX,CO,15,161.0,1.6645962732919255,0.8693683006850579,0.2,1.0,1.5,2.2,4.3
2010-01-10,TAX,NO,1,161.0,56.12422360248447,47.260416545452586,2.0,21.0,42.0,79.0,214.0
2010-01-10,TAX,NO2,1,161.0,34.88819875776397,14.687151608131796,14.0,26.0,31.0,40.0,97.0
2010-01-10,TAX,NOX,1,161.0,90.92546583850931,49.28470259561163,17.0,53.0,80.0,125.0,245.0
2010-01-10,TAX,O3,1,161.0,11.677018633540373,15.95877598864965,1.0,2.0,4.0,14.0,68.0
2010-01-10,TAX,PM10,2,149.0,37.375838926174495,28.362155149611546,1.0,16.0,33.0,51.0,189.0
2010-01-10,TAX,SO2,1,161.0,4.22360248447205,5.628027135772694,0.0,1.0,3.0,4.0,41.0
2010-01-10,TLA,CO,15,158.0,0.8537974683544304,0.5263304132791442,0.1,0.5,0.8,1.1,2.8
2010-01-10,TLA,NO,1,136.0,36.86029411764706,34.31556666395601,0.0,14.0,29.0,47.25,197.0
2010-01-10,TLA,NO2,1,136.0,35.330882352941174,13.911388964420125,14.0,27.0,31.0,40.25,97.0
2010-01-10,TLA,NOX,1,136.0,71.98529411764706,39.78423013356249,14.0,46.75,66.0,80.0,244.0
2010-01-10,TLA,O3,1,129.0,14.4031007751938,15.188667331602122,1.0,3.0,7.0,22.0,56.0
2010-01-10,TLA,PM10,2,158.0,42.24683544303797,25.96707535824254,1.0,21.0,39.0,59.0,113.0
2010-01-10,TLA,PM2.5,2,161.0,29.664596273291924,15.710642928990397,2.0,18.0,27.0,39.0,73.0
2010-01-10,TLA,SO2,1,158.0,14.227848101265822,18.721525719773556,1.0,3.25,6.5,16.25,91.0
2010-01-10,TLI,CO,15,157.0,1.1089171974522292,0.4637328746134175,0.6,0.8,1.0,1.3,3.2
2010-01-10,TLI,NO,1,157.0,14.828025477707007,23.83790838568844,0.0,1.0,6.0,18.0,147.0
2010-01-10,TLI,NO2,1,157.0,26.318471337579616,9.761277643728572,9.0,20.0,25.0,32.0,56.0
2010-01-10,TLI,NOX,1,157.0,40.789808917197455,29.572169836003024,8.0,23.0,35.0,46.0,186.0
2010-01-10,TLI,PM10,2,140.0,39.385714285714286,27.904664449644905,2.0,16.0,35.0,54.5,138.0
2010-01-10,TLI,SO2,1,157.0,10.980891719745223,17.967731524118893,0.0,0.0,3.0,13.0,80.0
2010-01-10,TPN,O3,1,0.0,,,,,,,
2010-01-10,UIZ,CO,15,160.0,1.2131249999999996,0.539639044864378,0.3,0.875,1.1,1.5,3.0
2010-01-10,UIZ,NO,1,160.0,22.65625,23.907591193314868,0.0,5.0,13.5,29.0,95.0
2010-01-10,UIZ,NO2,1,160.0,31.725,11.469922384081556,7.0,24.75,30.0,35.0,69.0
2010-01-10,UIZ,NOX,1,160.0,54.30625,28.706933152224558,13.0,33.0,45.5,69.0,142.0
2010-01-10,UIZ,O3,1,160.0,15.00625,20.78869336953573,1.0,1.75,4.0,18.25,82.0
2010-01-10,UIZ,PM2.5,2,156.0,22.51923076923077,11.727261404506503,2.0,13.0,22.0,30.25,60.0
2010-01-10,UIZ,SO2,1,160.0,8.125,5.376106000003203,4.0,5.0,6.0,8.0,32.0
2010-01-10,VAL,CO,15,156.0,1.0237179487179495,0.6978411113627678,0.1,0.5,0.9,1.3,4.0
2010-01-10,VAL,SO2,1,158.0,6.2974683544303796,12.679041080536104,0.0,0.0,0.0,4.0,60.0
2010-01-10,VIF,CO,15,161.0,0.7298136645962728,0.2701491996325586,0.4,0.6,0.7,0.8,2.2
2010-01-10,VIF,NO,1,161.0,9.180124223602485,16.38249378099904,0.0,0.0,3.0,11.0,128.0
2010-01-10,VIF,NO2,1,161.0,18.316770186335404,8.043959193277,4.0,12.0,18.0,25.0,38.0
2010-01-10,VIF,NOX,1,161.0,27.167701863354036,21.60996183038183,3.0,12.0,21.0,35.0,154.0
2010-01-10,VIF,PM10,2,156.0,41.11538461538461,30.11246907918155,2.0,18.0,35.0,60.0,160.0
2010-01-10,VIF,SO2,1,161.0,7.509316770186335,16.3726593794435,0.0,0.0,0.0,6.0,109.0
2010-01-10,XAL,CO,15,158.0,1.2297468354430379,0.5286094597878315,0.4,0.9,1.15,1.5,3.2
2010-01-10,XAL,NO,1,158.0,46.962025316455694,40.26265454842712,3.0,19.0,35.5,63.75,228.0
2010-01-10,XAL,NO2,1,158.0,34.639240506329116,11.797235104353616,14.0,26.0,33.0,40.75,78.0
2010-01-10,XAL,NOX,1,158.0,81.51898734177215,44.950039005670554,20.0,51.0,72.0,102.5,269.0
2010-01-10,XAL,O3,1,145.0,12.255172413793103,15.293780194696076,0.0,1.0,6.0,16.0,63.0
2010-01-10,XAL,PM10,2,157.0,65.64331210191082,39.5835715629301,9.0,33.0,59.0,88.0,211.0
2010-01-10,XAL,SO2,1,158.0,5.1835443037974684,5.629583604647767,0.0,1.0,3.0,7.0,31.0
2010-01-17,ACO,O3,1,150.0,21.273333333333333,17.345249302851656,0.0,5.0,20.0,32.75,74.0
2010-01-17,ACO,PM2.5,2,132.0,16.575757575757574,9.987871432771634,1.0,9.0,13.5,23.0,48.0
2010-01-17,ACO,SO2,1,147.0,3.1904761904761907,8.701545551059818,0.0,0.0,0.0,3.0,66.0
2010-01-17,ARA,SO2,1,0.0,,,,,,,
2010-01-17,ATI,NO,1,156.0,14.634615384615385,25.862187253373133,0.0,0.0,3.0,20.0,184.0
2010-01-17,ATI,NO2,1,156.0,24.58974358974359,13.149694854731012,6.0,13.75,24.5,30.0,71.0
2010-01-17,ATI,NOX,1,156.0,38.68589743589744,33.17282301721317,5.0,14.75,30.0,55.5,213.0
2010-01-17,ATI,SO2,1,158.0,14.170886075949367,20.55943474834975,1.0,2.0,4.0,16.75,97.0
2010-01-17,AZC,NO,1,120.0,38.4,47.489653893145565,1.0,6.75,21.0,55.5,270.0
2010-01-17,AZC,NO2,1,120.0,30.716666666666665,18.422302583906202,1.0,14.75,29.5,40.0,73.0
2010-01-17,AZC,NOX,1,120.0,69.075,56.704624994777284,3.0,22.75,67.0,95.25,310.0
2010-01-17,AZC,O3,1,119.0,14.117647058823529,15.001794508809484,1.0,1.0,7.0,26.0,49.0
2010-01-17,AZC,SO2,1,120.0,14.066666666666666,22.623975285150074,1.0,2.0,6.0,15.25,153.0
2010-01-17,CAM,PM2.5,2,0.0,,,,,,,
2010-01-17,CES,NO,1,152.0,35.026315789473685,42.04301603040305,1.0,9.0,21.0,44.25,242.0
2010-01-17,CES,NO2,1,152.0,30.17763157894737,15.313545046889107,5.0,18.0,28.0,41.0,78.0
2010-01-17,CES,NOX,1,152.0,65.03947368421052,48.38229132263625,7.0,27.0,59.5,86.25,291.0
2010-01-17,CES,O3,1,153.0,16.392156862745097,14.513258590771425,1.0,3.0,13.0,26.0,57.0
2010-01-17,CES,PM10,2,152.0,37.99342105263158,23.75188991031254,1.0,17.0,34.5,53.25,100.0
2010-01-17,CES,SO2,1,153.0,8.065359477124183,7.302372724178137,3.0,4.0,6.0,8.0,43.0
2010-01-17,CHO,CO,15,159.0,0.9075471698113204,0.5926284692012046,0.4,0.5,0.7,1.0,4.2
2010-01-17,CHO,O3,1,159.0,24.47798742138365,16.946989754722686,1.0,10.5,24.0,33.0,77.0
2010-01-17,CHO,SO2,1,159.0,5.169811320754717,3.8090623903119134,2.0,3.0,4.0,5.5,24.0
2010-01-17,COY,O3,1,145.0,19.351724137931033,19.03342492479522,1.0,2.0,15.0,33.0,66.0
2010-01-17,COY,PM2.5,2,120.0,26.991666666666667,19.18529541664891,1.0,10.75,25.5,40.0,73.0
2010-01-17,CUA,O3,1,0.0,,,,,,,
2010-01-17,FAC,CO,15,160.0,1.2812499999999987,0.8538619260039914,0.4,0.6,0.9,1.625,4.5
2010-01-17,FAC,NO,1,160.0,33.33125,47.188598169153245,0.0,6.0,13.0,42.0,264.0
2010-01-17,FAC,NO2,1,160.0,30.88125,19.048554931242254,6.0,16.0,28.0,40.0,85.0
2010-01-17,FAC,NOX,1,160.0,64.2,57.60217064393567,6.0,22.0,42.0,87.0,298.0
2010-01-17,FAC,O3,1,160.0,17.4125,14.122726900083412,0.0,3.0,15.5,28.25,49.0
2010-01-17,FAC,PM10,2,152.0,35.26315789473684,25.984645706228427,1.0,13.0,29.0,52.25,96.0
2010-01-17,FAC,SO2,1,160.0,11.15,13.825143442111859,1.0,2.0,5.0,13.25,74.0
2010-01-17,IMP,CO,15,156.0,1.116025641025641,0.9263523188793418,0.2,0.4,0.8500000000000001,1.5,6.1
2010-01-17,IZT,CO,15,159.0,1.30440251572327,1.2119315011740288,0.1,0.4,1.0,1.7,7.1
2010-01-17,IZT,NO,1,159.0,47.16352201257862,66.15821793379222,0.0,5.0,14.0,66.5,404.0
2010-01-17,IZT,NO2,1,159.0,32.56603773584906,17.64614502380332,5.0,19.5,30.0,43.5,84.0
2010-01-17,IZT,NOX,1,159.0,79.59748427672956,73.49426219719173,7.0,23.5,57.0,108.0,443.0
2010-01-17,IZT,O3,1,159.0,16.40880503144654,16.671135456943894,1.0,1.0,10.0,27.5,61.0
2010-01-17,IZT,PM10,2,155.0,42.348387096774196,25.619745213101716,3.0,22.5,39.0,62.0,111.0
2010-01-17,IZT,SO2,1,159.0,11.748427672955975,13.475701786971298,4.0,4.0,7.0,11.0,88.0
2010-01-17,LAG,CO,15,145.0,1.4358620689655173,1.0153458539163562,0.1,0.7,1.1,2.0,5.3
2010-01-17,LAG,NO,1,145.0,48.44137931034483,57.11949898897012,1.0,12.0,23.0,65.0,323.0
2010-01-17,LAG,NO2,1,145.0,35.855172413793106,16.687478385481146,10.0,25.0,31.0,45.0,95.0
2010-01-17,LAG,NOX,1,145.0,84.17241379310344,64.800585648458,13.0,39.0,66.0,109.0,363.0
2010-01-17,LAG,O3,1,145.0,11.462068965517242,13.39517983872846,0.0,1.0,5.0,19.0,46.0
2010-01-17,LAG,SO2,1,145.0,13.820689655172414,9.533325295390874,6.0,8.0,11.0,15.0,63.0
2010-01-17,LLA,SO2,1,0.0,,,,,,,
2010-01-17,LPR,SO2,1,154.0,3.24025974025974,5.826528462045152,0.0,0.0,1.0,4.0,39.0
2010-01-17,LVI,PM10,2,141.0,46.4468085106383,34.3320811095551,1.0,21.0,39.0,67.0,157.0
2010-01-17,LVI,SO2,1,157.0,3.394904458598726,5.962229364694349,0.0,0.0,2.0,4.0,44.0
2010-01-17,MER,CO,15,112.0,1.49375,0.8372285091757069,0.5,0.9,1.3,1.85,4.0
2010-01-17,MER,NO,1,140.0,65.4,77.42908568072158,1.0,15.75,30.5,102.25,434.0
2010-01-17,MER,NO2,1,140.0,37.84285714285714,17.415064771244438,9.0,25.0,32.0,47.5,99.0
2010-01-17,MER,NOX,1,140.0,103.10714285714286,85.76802379352733,13.0,45.25,72.0,145.25,484.0
2010-01-17,MER,O3,1,140.0,14.092857142857143,15.38470530252796,1.0,2.0,7.0,21.0,57.0
2010-01-17,MER,PM10,2,124.0,41.82258064516129,29.49384623347471,3.0,15.75,35.0,63.5,147.0
2010-01-17,MER,PM2.5,2,103.0,33.22330097087379,19.080804458949974,4.0,17.0,32.0,44.5,101.0
2010-01-17,MER,SO2,1,140.0,7.3,13.577223839734133,0.0,0.0,2.0,6.0,85.0
2010-01-17,MON,O3,1,134.0,23.91044776119403,16.66090949081594,1.0,11.0,23.0,35.75,66.0
2010-01-17,PED,CO,15,155.0,0.6490322580645156,0.5470544195175638,0.0,0.2,0.6,0.9,2.6
2010-01-17,PED,NO,1,153.0,18.405228758169933,27.347528972491702,0.0,2.0,6.0,24.0,136.0
2010-01-17,PED,NO2,1,153.0,30.143790849673202,15.920616516698022,7.0,15.0,30.0,37.0,77.0
2010-01-17,PED,NOX,1,153.0,48.37908496732026,36.29774651116492,7.0,17.0,43.0,66.0,169.0
2010-01-17,PED,O3,1,155.0,17.92258064516129,17.453662393874904,0.0,1.0,17.0,27.0,59.0
2010-01-17,PED,PM10,2,149.0,26.87248322147651,19.578769731455342,1.0,11.0,22.0,37.0,82.0
2010-01-17,PED,SO2,1,155.0,4.870967741935484,7.250355725638796,0.0,1.0,2.0,6.0,38.0
2010-01-17,PER,PM2.5,2,153.0,20.38562091503268,16.409690727628067,1.0,9.0,15.0,27.0,81.0
2010-01-17,PLA,O3,1,161.0,16.093167701863354,15.329220969375784,0.0,2.0,14.0,25.0,55.0
2010-01-17,PLA,SO2,1,161.0,8.347826086956522,9.150997807319452,2.0,3.0,5.0,7.0,45.0
2010-01-17,SAG,CO,15,150.0,1.2586666666666668,1.015066808834871,0.4,0.7,1.0,1.475,7.5
2010-01-17,SAG,NO,1,150.0,30.84,49.163346416537614,1.0,7.0,15.0,37.0,348.0
2010-01-17,SAG,NO2,1,150.0,26.24,12.168106623133534,6.0,18.0,25.0,31.0,65.0
2010-01-17,SAG,NOX,1,150.0,57.02,54.76128427122176,7.0,26.5,43.5,71.0,405.0
2010-01-17,SAG,O3,1,150.0,16.273333333333333,15.74115141515132,1.0,3.0,10.0,25.75,65.0
2010-01-17,SAG,PM10,2,148.0,40.75675675675676,29.37827917644261,2.0,20.0,33.0,54.5,144.0
2010-01-17,SAG,PM2.5,2,149.0,22.25503355704698,17.324468855169304,1.0,9.0,17.0,32.0,89.0
2010-01-17,SAG,SO2,1,150.0,7.1866666666666665,16.25071466334178,0.0,0.0,1.0,5.0,98.0
2010-01-17,SJA,PM2.5,2,148.0,24.006756756756758,18.994627461548596,1.0,10.0,19.0,32.0,106.0
2010-01-17,SUR,CO,15,158.0,1.0170886075949366,1.0024297257942874,0.0,0.3,0.8,1.375,6.4
2010-01-17,SUR,NO,1,158.0,30.120253164556964,41.57616869983519,1.0,5.0,12.0,40.25,273.0
2010-01-17,SUR,NO2,1,158.0,31.18354430379747,18.085373830628054,5.0,18.0,29.0,41.75,83.0
2010-01-17,SUR,NOX,1,158.0,61.28481012658228,52.023401369874954,6.0,23.0,49.5,84.5,309.0
2010-01-17,SUR,O3,1,158.0,19.5126582278481,18.55126734962741,1.0,2.25,16.0,29.0,66.0
2010-01-17,SUR,PM10,2,148.0,32.0945945945946,21.74069128748342,1.0,15.0,28.0,46.0,101.0
2010-01-17,SUR,SO2,1,158.0,4.151898734177215,9.838295911159621,0.0,0.0,0.5,2.0,57.0
2010-01-17,TAC,CO,15,149.0,0.9785234899328852,0.8770777461293303,0.0,0.2,0.8,1.4,4.8
2010-01-17,TAC,NO,1,149.0,32.66442953020134,44.170525016652114,0.0,5.0,14.0,44.0,272.0
2010-01-17,TAC,NO2,1,149.0,33.22147651006711,20.579064945264257,4.0,15.0,33.0,43.0,85.0
2010-01-17,TAC,NOX,1,149.0,65.87919463087249,54.43045559835317,4.0,20.0,62.0,90.0,307.0
2010-01-17,TAC,O3,1,147.0,17.714285714285715,14.727199698479813,2.0,4.0,15.0,27.5,54.0
2010-01-17,TAC,SO2,1,149.0,12.651006711409396,21.255818336843067,1.0,1.0,6.0,12.0,119.0
2010-01-17,TAH,O3,1,110.0,26.736363636363638,11.923053971753399,1.0,20.25,28.0,33.75,57.0
2010-01-17,TAH,PM10,2,142.0,31.049295774647888,26.327001877717564,1.0,11.0,20.0,49.75,103.0
2010-01-17,TAH,SO2,1,153.0,2.0392156862745097,3.236068018894256,0.0,1.0,1.0,2.0,31.0
2010-01-17,TAX,CO,15,154.0,1.6636363636363636,1.1500393958479753,0.1,0.6,1.6,2.4,5.3
2010-01-17,TAX,NO,1,154.0,56.05844155844156,60.716445534465365,0.0,8.0,34.5,84.25,269.0
2010-01-17,TAX,NO2,1,154.0,30.357142857142858,15.889190871615263,3.0,20.0,28.0,40.0,74.0
2010-01-17,TAX,NOX,1,154.0,86.37662337662337,67.04169787440776,3.0,30.0,71.0,126.5,294.0
2010-01-17,TAX,O3,1,154.0,16.305194805194805,15.362005554864412,1.0,2.0,9.5,29.0,62.0
2010-01-17,TAX,PM10,2,130.0,40.23076923076923,24.00211181327011,1.0,23.0,36.0,55.0,131.0
2010-01-17,TAX,SO2,1,154.0,5.616883116883117,10.98614579240008,0.0,0.0,2.0,4.0,73.0
2010-01-17,TLA,CO,15,157.0,0.8140127388535033,0.6497986471884682,0.1,0.3,0.6,1.2,3.5
2010-01-17,TLA,NO,1,155.0,42.038709677419355,45.50166029095364,8.0,13.0,22.0,59.5,244.0
2010-01-17,TLA,NO2,1,155.0,30.425806451612903,18.35966371643222,5.0,15.0,28.0,39.5,90.0
2010-01-17,TLA,NOX,1,155.0,72.38709677419355,55.53954798940298,15.0,29.0,55.0,102.5,288.0
2010-01-17,TLA,O3,1,124.0,19.846774193548388,14.331184006844232,2.0,5.0,18.5,30.0,54.0
2010-01-17,TLA,PM10,2,154.0,51.22077922077922,39.14214864690027,2.0,20.0,43.5,72.0,209.0
2010-01-17,TLA,PM2.5,2,156.0,27.26923076923077,22.282742100861345,1.0,6.75,24.0,43.0,94.0
2010-01-17,TLA,SO2,1,157.0,14.496815286624203,22.727094471707485,1.0,1.0,7.0,18.0,183.0
2010-01-17,TLI,CO,15,148.0,0.7959459459459459,0.666279994500727,0.0,0.2,0.8,1.2,3.0
2010-01-17,TLI,NO,1,143.0,19.545454545454547,31.927895717820018,0.0,3.0,6.0,18.5,174.0
2010-01-17,TLI,NO2,1,143.0,24.076923076923077,12.76884242775144,7.0,14.0,22.0,31.5,67.0
2010-01-17,TLI,NOX,1,143.0,43.51048951048951,39.831664651551066,8.0,17.0,32.0,55.5,216.0
2010-01-17,TLI,PM10,2,142.0,42.20422535211268,34.05471999078813,1.0,17.25,30.5,54.75,155.0
2010-01-17,TLI,SO2,1,148.0,13.662162162162161,23.61267792010382,0.0,1.0,3.0,16.0,127.0
2010-01-17,TPN,O3,1,46.0,20.434782608695652,14.78836205175925,0.0,9.0,20.5,30.0,56.0
2010-01-17,UIZ,CO,15,157.0,1.2127388535031847,1.0158819658527418,0.2,0.5,0.9,1.6,6.9
2010-01-17,UIZ,NO,1,157.0,30.70700636942675,49.68351905794042,0.0,5.0,9.0,33.0,389.0
2010-01-17,UIZ,NO2,1,157.0,26.05095541401274,16.251941177288657,2.0,12.0,25.0,34.0,68.0
2010-01-17,UIZ,NOX,1,157.0,56.738853503184714,59.26560667515819,7.0,18.0,37.0,74.0,445.0
2010-01-17,UIZ,O3,1,157.0,19.643312101910826,18.289345623029647,1.0,2.0,16.0,31.0,70.0
2010-01-17,UIZ,PM2.5,2,151.0,21.47682119205298,15.170512818001502,1.0,8.5,19.0,35.0,60.0
2010-01-17,UIZ,SO2,1,157.0,9.496815286624203,9.749835109599559,4.0,4.0,6.0,9.0,50.0
2010-01-17,VAL,CO,15,130.0,1.211538461538462,0.9305024578638353,0.0,0.6,0.9,1.6,5.5
2010-01-17,VAL,SO2,1,143.0,10.853146853146853,19.519206158080856,0.0,0.0,1.0,11.0,97.0
2010-01-17,VIF,CO,15,132.0,0.5992424242424245,0.34453114775623817,0.1,0.3,0.6,0.8,2.2
2010-01-17,VIF,NO,1,153.0,9.777777777777779,16.05673420874533,0.0,1.0,2.0,12.0,87.0
2010-01-17,VIF,NO2,1,153.0,18.084967320261438,8.933929789246617,3.0,11.0,17.0,23.0,47.0
2010-01-17,VIF,NOX,1,153.0,27.50326797385621,21.59529803324841,1.0,12.0,20.0,39.0,111.0
2010-01-17,VIF,PM10,2,149.0,47.328859060402685,34.55321844301254,5.0,24.0,37.0,63.0,226.0
2010-01-17,VIF,SO2,1,145.0,11.986206896551725,28.184409157195898,0.0,0.0,0.0,8.0,185.0
2010-01-17,XAL,CO,15,151.0,1.1668874172185433,0.9410435239176163,0.2,0.55,0.9,1.45,7.3
2010-01-17,XAL,NO,1,151.0,54.88079470198676,73.86148542168355,3.0,10.5,27.0,72.5,541.0
2010-01-17,XAL,NO2,1,151.0,32.980132450331126,15.832654104171539,8.0,22.0,30.0,42.0,77.0
2010-01-17,XAL,NOX,1,151.0,87.82781456953643,83.2897562000197,11.0,32.0,61.0,122.5,608.0
2010-01-17,XAL,O3,1,151.0,13.463576158940397,14.554621183407503,0.0,1.0,8.0,24.0,57.0
2010-01-17,XAL,PM10,2,153.0,89.13071895424837,70.36265950608447,9.0,34.0,65.0,123.0,365.0
2010-01-17,XAL,SO2,1,151.0,5.76158940397351,7.501740783997204,0.0,1.0,4.0,7.0,50.0
2010-01-24,ACO,O3,1,147.0,32.17006802721088,32.29749855652972,0.0,3.0,23.0,54.5,130.0
2010-01-24,ACO,PM2.5,2,143.0,22.734265734265733,10.698789617568929,3.0,16.0,21.0,28.5,57.0
2010-01-24,ACO,SO2,1,118.0,3.6186440677966103,2.431697699404532,0.0,1.0,4.0,5.0,9.0
2010-01-24,ARA,SO2,1,0.0,,,,,,,
2010-01-24,ATI,NO,1,155.0,25.18064516129032,38.00571914715928,0.0,0.0,6.0,32.0,170.0
2010-01-24,ATI,NO2,1,155.0,33.86451612903226,17.84459517262126,8.0,20.5,31.0,42.5,83.0
2010-01-24,ATI,NOX,1,155.0,58.10322580645161,48.719735753227006,6.0,20.0,40.0,93.0,225.0
2010-01-24,ATI,SO2,1,157.0,3.4713375796178343,1.4830690180273365,1.0,2.0,3.0,4.0,8.0
2010-01-24,AZC,NO,1,157.0,43.77070063694268,60.1648241011419,1.0,6.0,19.0,52.0,379.0
2010-01-24,AZC,NO2,1,157.0,41.64968152866242,26.926030261944604,7.0,24.0,34.0,51.0,158.0
2010-01-24,AZC,NOX,1,157.0,85.31847133757962,72.44175717266663,10.0,34.0,65.0,114.0,420.0
2010-01-24,AZC,O3,1,158.0,24.727848101265824,32.537219987451465,1.0,1.0,7.5,42.75,134.0
2010-01-24,AZC,SO2,1,158.0,3.632911392405063,3.7286196116873027,1.0,2.0,3.0,4.0,40.0
2010-01-24,CAM,PM2.5,2,0.0,,,,,,,
2010-01-24,CES,NO,1,151.0,42.079470198675494,58.968638351676155,1.0,11.0,20.0,43.0,395.0
2010-01-24,CES,NO2,1,151.0,39.74834437086093,15.78193842891143,7.0,30.5,38.0,44.0,103.0
2010-01-24,CES,NOX,1,151.0,81.80132450331126,66.5979999567104,10.0,45.0,59.0,84.5,460.0
2010-01-24,CES,O3,1,153.0,20.54248366013072,22.14307154563387,1.0,2.0,11.0,34.0,108.0
2010-01-24,CES,PM10,2,151.0,50.05298013245033,24.14975171148286,3.0,33.0,46.0,64.0,122.0
2010-01-24,CES,SO2,1,153.0,5.42483660130719,1.8378076557964829,2.0,4.0,5.0,6.0,14.0
2010-01-24,CHO,CO,15,159.0,1.0842767295597473,0.8699290376410067,0.3,0.7,0.8,1.1,5.2
2010-01-24,CHO,O3,1,159.0,28.37735849056604,23.673325063466354,1.0,4.5,23.0,48.5,88.0
2010-01-24,CHO,SO2,1,159.0,5.440251572327044,3.1853922814849236,2.0,4.0,4.0,6.0,28.0
2010-01-24,COY,O3,1,156.0,23.647435897435898,29.120839337243396,1.0,2.0,7.0,45.0,120.0
2010-01-24,COY,PM2.5,2,146.0,13.746575342465754,9.0438103381382,1.0,7.0,11.5,19.0,44.0
2010-01-24,CUA,O3,1,0.0,,,,,,,
2010-01-24,FAC,CO,15,158.0,1.8284810126582274,1.1759312218368418,0.4,0.9,1.4,2.5,5.8
2010-01-24,FAC,NO,1,158.0,48.677215189873415,66.81253067064455,0.0,6.0,17.0,74.5,357.0
2010-01-24,FAC,NO2,1,158.0,41.46835443037975,29.583019506715765,6.0,22.25,34.0,45.75,171.0
2010-01-24,FAC,NOX,1,158.0,90.01898734177215,81.48005668373429,6.0,30.0,55.5,132.5,395.0
2010-01-24,FAC,O3,1,158.0,24.22151898734177,27.41463262118269,0.0,4.0,13.0,39.5,122.0
2010-01-24,FAC,PM10,2,139.0,40.39568345323741,29.45608834609061,1.0,18.0,32.0,56.0,133.0
2010-01-24,FAC,SO2,1,158.0,3.9936708860759493,2.1929151567319427,2.0,2.0,3.0,5.0,11.0
2010-01-24,IMP,CO,15,161.0,1.9304347826086965,1.4501311784740751,0.2,0.9,1.5,2.5,6.6
2010-01-24,IZT,CO,15,159.0,1.4037735849056607,1.0361739989049557,0.2,0.6,1.2,1.8,6.1
2010-01-24,IZT,NO,1,159.0,45.78616352201258,60.43569286354826,2.0,7.0,21.0,55.0,302.0
2010-01-24,IZT,NO2,1,159.0,40.9748427672956,18.248963794246755,12.0,28.5,40.0,50.0,110.0
2010-01-24,IZT,NOX,1,159.0,86.77987421383648,66.34973007478429,14.0,40.0,68.0,109.0,340.0
2010-01-24,IZT,O3,1,159.0,22.062893081761008,27.465441008746833,1.0,1.0,5.0,42.5,103.0
2010-01-24,IZT,PM10,2,159.0,42.20125786163522,18.743025664657186,8.0,29.0,39.0,54.0,98.0
2010-01-24,IZT,SO2,1,159.0,6.245283018867925,2.9483249505999254,4.0,5.0,5.0,7.0,36.0
2010-01-24,LAG,CO,15,161.0,1.8664596273291922,1.203377751340933,0.4,1.0,1.5,2.4,5.4
2010-01-24,LAG,NO,1,161.0,67.94409937888199,75.0310142913586,3.0,14.0,42.0,85.0,351.0
2010-01-24,LAG,NO2,1,161.0,47.50931677018634,21.378762245632455,21.0,34.0,40.0,58.0,127.0
2010-01-24,LAG,NOX,1,161.0,115.38509316770187,81.7216359136154,26.0,55.0,95.0,147.0,381.0
2010-01-24,LAG,O3,1,161.0,17.658385093167702,23.48353295132094,0.0,1.0,3.0,32.0,94.0
2010-01-24,LAG,SO2,1,156.0,9.217948717948717,2.3232204338912723,6.0,8.0,8.0,10.0,16.0
2010-01-24,LLA,SO2,1,0.0,,,,,,,
2010-01-24,LPR,SO2,1,160.0,0.3625,0.9213573525343908,0.0,0.0,0.0,0.0,5.0
2010-01-24,LVI,PM10,2,140.0,55.17857142857143,36.917420554401474,1.0,27.0,48.5,80.0,197.0
2010-01-24,LVI,SO2,1,159.0,2.761006289308176,2.422100562088946,0.0,1.0,2.0,4.0,10.0
2010-01-24,MER,CO,15,160.0,1.8987499999999997,1.0904956751909027,0.7,1.2,1.5,2.225,6.1
2010-01-24,MER,NO,1,160.0,72.50625,80.13259427408016,0.0,18.0,45.0,91.75,424.0
2010-01-24,MER,NO2,1,160.0,48.50625,20.724608431864,20.0,36.0,43.0,57.0,143.0
2010-01-24,MER,NOX,1,160.0,120.95,85.55661629117273,22.0,64.75,94.0,146.25,472.0
2010-01-24,MER,O3,1,160.0,21.0125,26.12379514840779,1.0,2.0,4.0,41.0,96.0
2010-01-24,MER,PM10,2,154.0,42.83766233766234,23.69674166929809,1.0,26.0,40.0,54.75,119.0
2010-01-24,MER,PM2.5,2,153.0,17.73856209150327,10.97471450403756,1.0,10.0,17.0,22.0,64.0
2010-01-24,MER,SO2,1,160.0,4.1625,1.8729705998558885,0.0,3.0,4.0,5.0,9.0
2010-01-24,MON,O3,1,159.0,32.81132075471698,25.62143332666853,0.0,8.0,32.0,51.5,113.0
2010-01-24,PED,CO,15,160.0,0.5831250000000006,0.4576700460694172,0.1,0.2,0.4,0.8,2.1
2010-01-24,PED,NO,1,160.0,14.5375,23.727458683927463,0.0,1.0,5.0,15.25,129.0
2010-01-24,PED,NO2,1,160.0,28.625,14.237760936256354,9.0,18.0,26.5,35.0,89.0
2010-01-24,PED,NOX,1,160.0,42.9875,32.29463173646219,10.0,19.75,34.0,56.0,169.0
2010-01-24,PED,O3,1,160.0,27.91875,26.609444550914162,0.0,6.0,21.0,41.25,130.0
2010-01-24,PED,PM10,2,145.0,24.93793103448276,16.873393211427068,1.0,11.0,22.0,37.0,71.0
2010-01-24,PED,SO2,1,160.0,1.2375,0.8936357790847324,0.0,1.0,1.0,2.0,5.0
2010-01-24,PER,PM2.5,2,161.0,26.03726708074534,15.967110022933772,1.0,15.0,23.0,33.0,94.0
2010-01-24,PLA,O3,1,158.0,20.651898734177216,26.671611668275872,0.0,2.0,6.0,36.75,121.0
2010-01-24,PLA,SO2,1,158.0,4.1455696202531644,1.1935385988068814,3.0,3.0,4.0,5.0,8.0
2010-01-24,SAG,CO,15,148.0,1.6777027027027027,1.041964454584942,0.4,0.9,1.45,2.2,6.0
2010-01-24,SAG,NO,1,148.0,50.554054054054056,59.80777413847153,1.0,6.75,24.5,77.25,293.0
2010-01-24,SAG,NO2,1,148.0,34.58783783783784,13.17900260182715,7.0,26.0,34.0,43.25,67.0
2010-01-24,SAG,NOX,1,148.0,85.14189189189189,64.47116215904514,8.0,35.5,67.5,118.25,325.0
2010-01-24,SAG,O3,1,148.0,23.60135135135135,26.50060706912531,2.0,3.0,9.5,41.5,111.0
2010-01-24,SAG,PM10,2,136.0,60.60294117647059,31.489040871215924,1.0,39.0,60.0,81.0,153.0
2010-01-24,SAG,PM2.5,2,130.0,25.79230769230769,12.874887613776762,3.0,15.0,26.5,33.0,64.0
2010-01-24,SAG,SO2,1,148.0,2.864864864864865,1.8056926183474324,0.0,2.0,3.0,4.0,8.0
2010-01-24,SJA,PM2.5,2,146.0,22.21917808219178,11.349916086996464,2.0,15.0,22.0,30.0,58.0
2010-01-24,SUR,CO,15,160.0,1.4537499999999997,0.997537061306118,0.4,0.8,1.2,1.8,6.0
2010-01-24,SUR,NO,1,160.0,39.875,55.233609082940106,1.0,4.0,17.0,53.5,272.0
2010-01-24,SUR,NO2,1,160.0,32.35625,15.601704017157667,8.0,22.0,31.0,39.0,110.0
2010-01-24,SUR,NOX,1,160.0,72.15625,61.92687378304253,11.0,27.0,53.5,93.5,304.0
2010-01-24,SUR,O3,1,160.0,26.0,30.21495318921436,1.0,2.0,11.5,47.25,132.0
2010-01-24,SUR,PM10,2,153.0,38.56209150326797,24.14643649892951,1.0,21.0,35.0,52.0,123.0
2010-01-24,SUR,SO2,1,160.0,0.58125,0.9547753201406521,0.0,0.0,0.0,1.0,4.0
2010-01-24,TAC,CO,15,156.0,1.1506410256410262,1.0302205711131707,0.0,0.3,0.8,1.8,4.7
2010-01-24,TAC,NO,1,156.0,36.455128205128204,53.764761567732,0.0,4.0,11.5,43.5,251.0
2010-01-24,TAC,NO2,1,156.0,40.88461538461539,25.91200034321165,10.0,23.0,34.0,50.25,130.0
2010-01-24,TAC,NOX,1,156.0,77.37820512820512,68.74734884729625,14.0,27.75,52.5,109.25,343.0
2010-01-24,TAC,O3,1,155.0,28.212903225806453,30.056653669832176,2.0,6.0,13.0,45.5,145.0
2010-01-24,TAC,SO2,1,156.0,2.5961538461538463,1.9269861012065383,1.0,1.0,2.0,3.0,13.0
2010-01-24,TAH,O3,1,156.0,31.615384615384617,23.071407115794425,1.0,13.0,24.5,48.0,104.0
2010-01-24,TAH,PM10,2,156.0,35.18589743589744,21.404492891998313,1.0,20.75,31.0,48.0,99.0
2010-01-24,TAH,SO2,1,160.0,0.90625,0.6122119397067464,0.0,1.0,1.0,1.0,4.0
2010-01-24,TAX,CO,15,159.0,1.7496855345911941,1.0378211239398416,0.6,1.0,1.5,2.1,6.4
2010-01-24,TAX,NO,1,154.0,48.642857142857146,67.78557875542715,0.0,9.5,21.5,58.75,374.0
2010-01-24,TAX,NO2,1,154.0,36.05194805194805,15.763692961617004,13.0,25.0,33.5,42.0,113.0
2010-01-24,TAX,NOX,1,154.0,84.18181818181819,71.98624183596529,16.0,39.0,60.5,102.0,403.0
2010-01-24,TAX,O3,1,159.0,22.062893081761008,24.479566662467022,1.0,2.0,10.0,39.0,115.0
2010-01-24,TAX,PM10,2,156.0,38.62820512820513,19.78895682550048,1.0,24.0,36.0,51.0,144.0
2010-01-24,TAX,SO2,1,159.0,0.8176100628930818,1.1015256733331378,0.0,0.0,1.0,1.0,8.0
2010-01-24,TLA,CO,15,159.0,1.2993710691823896,0.9223317214940436,0.3,0.6,1.0,1.7,5.1
2010-01-24,TLA,NO,1,156.0,59.02564102564103,71.97552888066161,5.0,16.0,28.5,71.25,362.0
2010-01-24,TLA,NO2,1,156.0,46.544871794871796,26.91164586585637,12.0,29.0,38.0,58.25,161.0
2010-01-24,TLA,NOX,1,156.0,105.53205128205128,83.02649556670254,22.0,50.0,71.5,136.0,424.0
2010-01-24,TLA,O3,1,159.0,24.540880503144653,29.069480742046498,1.0,3.0,8.0,43.5,113.0
2010-01-24,TLA,PM10,2,159.0,46.515723270440255,33.71358426320618,1.0,22.5,34.0,65.0,185.0
2010-01-24,TLA,PM2.5,2,158.0,20.765822784810126,14.660127353883697,2.0,10.0,15.0,28.0,70.0
2010-01-24,TLA,SO2,1,159.0,5.2578616352201255,3.7352474990913533,2.0,3.0,4.0,7.0,22.0
2010-01-24,TLI,CO,15,156.0,1.2807692307692309,0.9863661156710124,0.1,0.5,0.9,1.9,4.4
2010-01-24,TLI,NO,1,150.0,57.76,76.20509944359402,0.0,3.25,20.0,87.75,433.0
2010-01-24,TLI,NO2,1,150.0,39.333333333333336,19.9857891347279,7.0,25.0,36.0,48.0,104.0
2010-01-24,TLI,NOX,1,150.0,96.64,86.96464451702862,7.0,31.25,63.0,137.75,484.0
2010-01-24,TLI,PM10,2,146.0,59.76027397260274,39.58601369075221,2.0,27.25,53.0,91.0,171.0
2010-01-24,TLI,SO2,1,156.0,3.282051282051282,1.8795842772851934,1.0,2.0,3.0,5.0,10.0
2010-01-24,TPN,O3,1,154.0,38.12337662337662,20.041567236173535,7.0,23.0,32.0,47.75,110.0
2010-01-24,UIZ,CO,15,156.0,1.4448717948717944,1.1797919374684112,0.1,0.6,1.1,1.9,5.9
2010-01-24,UIZ,NO,1,156.0,38.88461538461539,61.59084154147109,0.0,4.0,11.0,46.5,344.0
2010-01-24,UIZ,NO2,1,156.0,35.81410256410256,19.44547529663375,4.0,21.0,34.0,46.0,116.0
2010-01-24,UIZ,NOX,1,156.0,74.69871794871794,70.63567771379896,9.0,26.75,47.0,95.0,392.0
2010-01-24,UIZ,O3,1,156.0,25.762820512820515,28.701379573336514,0.0,2.0,13.0,50.5,121.0
2010-01-24,UIZ,PM2.5,2,146.0,19.95205479452055,8.903569366992032,2.0,14.0,20.0,25.75,48.0
2010-01-24,UIZ,SO2,1,155.0,5.658064516129032,1.7523220575034812,4.0,5.0,5.0,6.0,14.0
2010-01-24,VAL,CO,15,0.0,,,,,,,
2010-01-24,VAL,SO2,1,155.0,3.496774193548387,1.7923871970823613,0.0,2.0,3.0,5.0,10.0
2010-01-24,VIF,CO,15,155.0,1.1406451612903228,0.6600567443329565,0.3,0.6,1.0,1.5,3.4
2010-01-24,VIF,NO,1,155.0,41.92903225806452,46.97223685084285,0.0,3.5,24.0,64.0,198.0
2010-01-24,VIF,NO2,1,155.0,35.30967741935484,17.162541414876294,7.0,23.0,34.0,44.0,99.0
2010-01-24,VIF,NOX,1,155.0,77.2,53.808993599655736,9.0,33.0,68.0,106.0,249.0
2010-01-24,VIF,PM10,2,161.0,75.7888198757764,44.76276493050447,6.0,40.0,67.0,107.0,276.0
2010-01-24,VIF,SO2,1,140.0,6.15,4.790465650756629,0.0,2.75,5.0,9.25,20.0
2010-01-24,XAL,CO,15,158.0,1.9651898734177211,1.4419964581698896,0.6,0.9,1.4,2.575,7.2
2010-01-24,XAL,NO,1,158.0,100.67088607594937,121.6784131103141,1.0,11.25,49.5,157.75,548.0
2010-01-24,XAL,NO2,1,158.0,46.96835443037975,17.3412438251194,17.0,36.0,43.5,60.0,131.0
2010-01-24,XAL,NOX,1,158.0,147.54430379746836,129.59921536567097,19.0,49.25,104.5,212.5,615.0
2010-01-24,XAL,O3,1,158.0,21.734177215189874,26.977796419225655,0.0,1.0,4.0,41.5,102.0
2010-01-24,XAL,PM10,2,159.0,108.66037735849056,69.21301097672526,16.0,60.0,89.0,135.5,359.0
2010-01-24,XAL,SO2,1,158.0,4.025316455696203,3.265237415093264,0.0,2.0,3.0,5.0,19.0
2010-01-31,ACO,O3,1,157.0,23.305732484076433,25.084641950798705,0.0,3.0,17.0,34.0,111.0
2010-01-31,ACO,PM2.5,2,156.0,19.96794871794872,9.389369329739688,2.0,12.75,19.0,26.0,66.0
2010-01-31,ACO,SO2,1,157.0,5.828025477707007,3.8996685328388434,2.0,4.0,5.0,6.0,34.0
2010-01-31,ARA,SO2,1,0.0,,,,,,,
2010-01-31,ATI,NO,1,140.0,32.67857142857143,43.265662171338114,0.0,3.0,14.0,45.25,209.0
2010-01-31,ATI,NO2,1,140.0,35.67142857142857,15.121304641452385,9.0,27.0,33.5,43.25,106.0
2010-01-31,ATI,NOX,1,140.0,68.12857142857143,49.32549982713101,11.0,36.0,51.5,84.5,246.0
2010-01-31,ATI,SO2,1,160.0,9.65,17.56576143646407,2.0,3.0,4.0,8.0,116.0
2010-01-31,AZC,NO,1,161.0,34.34782608695652,47.38964297048002,1.0,6.0,14.0,41.0,242.0
2010-01-31,AZC,NO2,1,161.0,35.4472049689441,15.20522139805847,6.0,26.0,33.0,43.0,87.0
2010-01-31,AZC,NOX,1,161.0,69.79503105590062,53.61973960357586,10.0,37.0,53.0,82.0,296.0
2010-01-31,AZC,O3,1,161.0,20.024844720496894,27.586217190509963,0.0,1.0,9.0,26.0,122.0
2010-01-31,AZC,SO2,1,161.0,6.937888198757764,13.060287822725137,1.0,2.0,3.0,6.0,104.0
2010-01-31,CAM,PM2.5,2,0.0,,,,,,,
2010-01-31,CES,NO,1,159.0,42.9559748427673,45.71545813846222,1.0,12.0,30.0,58.0,284.0
2010-01-31,CES,NO2,1,159.0,34.283018867924525,14.13861400628184,7.0,24.0,32.0,43.5,77.0
2010-01-31,CES,NOX,1,159.0,77.15094339622641,52.3372932215891,12.0,44.0,65.0,96.0,334.0
2010-01-31,CES,O3,1,160.0,17.3125,20.16510077604811,1.0,4.0,10.0,22.0,123.0
2010-01-31,CES,PM10,2,159.0,48.496855345911946,24.612920918178585,9.0,28.5,46.0,62.5,133.0
2010-01-31,CES,SO2,1,160.0,7.3625,5.121771877955056,4.0,5.0,6.0,7.0,37.0
2010-01-31,CHO,CO,15,160.0,0.9956250000000001,0.8630315789641226,0.3,0.6,0.7,0.9,5.6
2010-01-31,CHO,O3,1,159.0,24.748427672955973,20.16418951139325,1.0,9.0,20.0,35.5,101.0
2010-01-31,CHO,SO2,1,159.0,5.226415094339623,3.0912791344952435,2.0,3.0,4.0,6.0,24.0
2010-01-31,COY,O3,1,158.0,20.21518987341772,28.494348925082587,1.0,1.25,7.0,25.75,130.0
2010-01-31,COY,PM2.5,2,158.0,19.71518987341772,11.299113190021416,1.0,12.0,17.0,25.0,54.0
2010-01-31,CUA,O3,1,0.0,,,,,,,
2010-01-31,FAC,CO,15,158.0,1.7658227848101269,0.952353581497398,0.6,1.1,1.5,2.1,5.7
2010-01-31,FAC,NO,1,158.0,45.677215189873415,60.62700718193788,0.0,8.0,22.5,55.25,344.0
2010-01-31,FAC,NO2,1,158.0,38.64556962025316,18.135749946075766,7.0,29.0,36.0,46.0,119.0
2010-01-31,FAC,NOX,1,158.0,84.16455696202532,67.33090267874739,10.0,40.25,62.0,106.5,389.0
2010-01-31,FAC,O3,1,158.0,19.5126582278481,25.82245537910783,0.0,2.0,11.0,24.75,129.0
2010-01-31,FAC,PM10,2,160.0,45.93125,28.026070943243603,2.0,26.0,39.0,59.25,131.0
2010-01-31,FAC,SO2,1,158.0,8.215189873417721,13.470582136074817,2.0,3.0,4.0,7.0,108.0
2010-01-31,IMP,CO,15,161.0,1.4894409937888193,0.8944692898915007,0.4,0.8,1.3,1.9,4.3
2010-01-31,IZT,CO,15,155.0,1.3729032258064526,1.0700958615524148,0.3,0.6,1.0,1.7,5.9
2010-01-31,IZT,NO,1,146.0,42.28767123287671,58.62610444857568,0.0,4.25,14.0,58.75,302.0
2010-01-31,IZT,NO2,1,146.0,38.17123287671233,18.72279068096756,6.0,25.25,36.5,46.75,121.0
2010-01-31,IZT,NOX,1,146.0,80.22602739726027,65.7042244532735,9.0,35.0,58.5,102.0,349.0
2010-01-31,IZT,O3,1,115.0,12.565217391304348,16.36112767677813,0.0,1.0,5.0,18.0,64.0
2010-01-31,IZT,PM10,2,160.0,47.725,21.31404887029406,4.0,31.0,46.5,61.0,109.0
2010-01-31,IZT,SO2,1,155.0,7.8,18.48951967094701,0.0,1.0,2.0,6.5,143.0
2010-01-31,LAG,CO,15,159.0,1.583018867924528,0.9538202698814303,0.4,0.9,1.4,1.9,5.3
2010-01-31,LAG,NO,1,159.0,49.723270440251575,56.47760976197912,1.0,14.0,30.0,62.5,305.0
2010-01-31,LAG,NO2,1,159.0,41.119496855345915,16.297613702731784,16.0,30.0,37.0,48.5,98.0
2010-01-31,LAG,NOX,1,159.0,90.80503144654088,64.13923521146525,20.0,52.0,77.0,98.5,367.0
2010-01-31,LAG,O3,1,159.0,12.144654088050315,19.0255778794078,0.0,1.0,4.0,14.0,109.0
2010-01-31,LAG,SO2,1,154.0,6.623376623376624,8.932629414817153,0.0,2.0,3.0,7.0,49.0
2010-01-31,LLA,SO2,1,0.0,,,,,,,
2010-01-31,LPR,SO2,1,161.0,3.4285714285714284,9.73441978606985,0.0,0.0,0.0,3.0,76.0
2010-01-31,LVI,PM10,2,159.0,56.540880503144656,28.20174654308784,6.0,34.0,57.0,73.0,127.0
2010-01-31,LVI,SO2,1,160.0,7.00625,14.788018639527719,0.0,1.0,3.0,6.0,105.0
2010-01-31,MER,CO,15,156.0,1.4878205128205124,0.761606362530853,0.5,1.0,1.3,1.7,5.1
2010-01-31,MER,NO,1,156.0,50.69871794871795,57.44915506515805,1.0,9.0,30.0,73.5,304.0
2010-01-31,MER,NO2,1,156.0,42.76282051282051,16.820537438955935,10.0,33.0,40.5,50.25,100.0
2010-01-31,MER,NOX,1,156.0,93.42948717948718,65.31848645891687,15.0,47.0,76.5,120.0,352.0
2010-01-31,MER,O3,1,153.0,17.15686274509804,26.195398764070518,0.0,1.0,4.0,22.0,139.0
2010-01-31,MER,PM10,2,161.0,46.29192546583851,24.436304894447733,4.0,28.0,42.0,59.0,121.0
2010-01-31,MER,PM2.5,2,158.0,20.234177215189874,13.174559406703187,2.0,10.0,16.0,29.0,55.0
2010-01-31,MER,SO2,1,156.0,9.205128205128204,15.295252457066313,2.0,3.0,4.0,8.0,128.0
2010-01-31,MON,O3,1,159.0,26.68553459119497,23.56895038687522,1.0,7.5,23.0,38.5,127.0
2010-01-31,PED,CO,15,160.0,0.7293749999999997,0.5046447003436234,0.0,0.3,0.6,1.025,2.6
2010-01-31,PED,NO,1,160.0,21.43125,29.265993719072302,0.0,1.0,7.0,32.0,158.0
2010-01-31,PED,NO2,1,160.0,29.93125,13.275561258551729,7.0,20.0,29.0,37.0,79.0
2010-01-31,PED,NOX,1,160.0,51.29375,37.27622488696918,7.0,23.0,40.0,74.25,209.0
2010-01-31,PED,O3,1,160.0,21.96875,25.83216800982934,0.0,1.0,13.5,31.25,119.0
2010-01-31,PED,PM10,2,155.0,32.9741935483871,17.915004372051033,2.0,20.0,30.0,42.5,129.0
2010-01-31,PED,SO2,1,160.0,2.73125,3.214984325597321,0.0,1.0,2.0,3.0,26.0
2010-01-31,PER,PM2.5,2,157.0,25.394904458598727,15.923196255690113,2.0,15.0,22.0,33.0,80.0
2010-01-31,PLA,O3,1,159.0,18.60377358490566,27.25408316126358,0.0,1.0,6.0,24.0,134.0
2010-01-31,PLA,SO2,1,159.0,5.767295597484277,4.346095248121002,3.0,4.0,4.0,6.0,28.0
2010-01-31,SAG,CO,15,154.0,1.2448051948051952,0.7208421189800949,0.4,0.8,1.0,1.5,3.6
2010-01-31,SAG,NO,1,154.0,34.811688311688314,42.564486943518524,1.0,8.25,15.0,41.75,201.0
2010-01-31,SAG,NO2,1,154.0,28.896103896103895,10.590517914081515,10.0,22.0,28.5,34.0,64.0
2010-01-31,SAG,NOX,1,154.0,63.61038961038961,46.70101140782583,14.0,32.25,45.0,75.5,234.0
2010-01-31,SAG,O3,1,154.0,18.681818181818183,22.875824081146504,2.0,4.0,10.0,23.0,120.0
2010-01-31,SAG,PM10,2,154.0,61.83766233766234,33.66840818233464,1.0,37.25,54.5,80.0,174.0
2010-01-31,SAG,PM2.5,2,155.0,25.81290322580645,12.531926550813704,1.0,17.5,24.0,34.0,65.0
2010-01-31,SAG,SO2,1,154.0,8.824675324675324,28.397075500000344,1.0,3.0,3.0,5.0,242.0
2010-01-31,SJA,PM2.5,2,155.0,24.606451612903225,13.82191783551994,1.0,14.5,22.0,32.5,72.0
2010-01-31,SUR,CO,15,160.0,1.4206249999999998,0.87918607835734,0.3,0.775,1.2,1.9,4.7
2010-01-31,SUR,NO,1,160.0,36.325,45.70269661614534,0.0,3.0,15.0,53.25,224.0
2010-01-31,SUR,NO2,1,160.0,31.16875,15.026694014947797,3.0,20.0,31.0,39.0,75.0
2010-01-31,SUR,NOX,1,160.0,67.49375,52.92560304377426,6.0,24.0,55.5,95.5,279.0
2010-01-31,SUR,O3,1,160.0,20.35625,26.011450520416982,0.0,2.0,9.0,28.25,122.0
2010-01-31,SUR,PM10,2,157.0,43.63057324840764,22.013482647210175,1.0,28.0,41.0,57.0,126.0
2010-01-31,SUR,SO2,1,160.0,1.70625,4.519137329320486,0.0,0.0,0.0,1.0,38.0
2010-01-31,TAC,CO,15,161.0,1.0726708074534164,0.9862801058548071,0.1,0.4,0.7,1.3,4.8
2010-01-31,TAC,NO,1,161.0,34.037267080745345,53.72242178536325,0.0,4.0,10.0,41.0,312.0
2010-01-31,TAC,NO2,1,161.0,36.24844720496895,18.43876048433727,8.0,24.0,33.0,43.0,110.0
2010-01-31,TAC,NOX,1,161.0,70.19875776397515,63.698392824679686,13.0,30.0,47.0,86.0,351.0
2010-01-31,TAC,O3,1,161.0,25.180124223602483,28.768882537986602,0.0,5.0,15.0,30.0,137.0
2010-01-31,TAC,SO2,1,161.0,6.267080745341615,12.32414183826565,1.0,1.0,3.0,5.0,89.0
2010-01-31,TAH,O3,1,158.0,28.11392405063291,20.414798767256336,1.0,15.0,22.0,38.75,112.0
2010-01-31,TAH,PM10,2,155.0,35.483870967741936,20.908071777134012,1.0,20.0,33.0,45.5,140.0
2010-01-31,TAH,SO2,1,158.0,2.050632911392405,2.4043417954781643,0.0,1.0,1.0,2.0,15.0
2010-01-31,TAX,CO,15,157.0,1.6955414012738856,1.0225874640696424,0.5,0.9,1.4,2.0,5.5
2010-01-31,TAX,NO,1,139.0,47.48201438848921,64.8031973309854,0.0,7.0,20.0,58.5,315.0
2010-01-31,TAX,NO2,1,139.0,33.29496402877698,14.998286490250287,6.0,23.0,31.0,42.0,88.0
2010-01-31,TAX,NOX,1,139.0,80.24460431654676,69.98528227540693,10.0,34.0,55.0,105.5,357.0
2010-01-31,TAX,O3,1,157.0,18.796178343949045,23.756709943773892,0.0,2.0,10.0,24.0,124.0
2010-01-31,TAX,PM10,2,157.0,41.75796178343949,21.732169606807396,3.0,24.0,42.0,54.0,131.0
2010-01-31,TAX,SO2,1,137.0,2.8248175182481754,8.273716188149306,0.0,0.0,1.0,2.0,70.0
2010-01-31,TLA,CO,15,160.0,1.2412500000000004,0.6494688202120816,0.2,0.8,1.1,1.5,4.4
2010-01-31,TLA,NO,1,136.0,51.60294117647059,51.84582263421746,2.0,13.75,33.5,73.0,322.0
2010-01-31,TLA,NO2,1,136.0,41.38235294117647,14.702511160433035,6.0,33.0,39.5,52.0,84.0
2010-01-31,TLA,NOX,1,136.0,92.82352941176471,57.34649491732544,10.0,54.0,80.0,109.0,376.0
2010-01-31,TLA,O3,1,156.0,20.807692307692307,29.077452829078698,1.0,2.0,7.0,27.0,128.0
2010-01-31,TLA,PM10,2,157.0,52.910828025477706,26.813548000241607,2.0,32.0,50.0,71.0,160.0
2010-01-31,TLA,PM2.5,2,157.0,25.394904458598727,12.063272274618631,2.0,18.0,23.0,31.0,68.0
2010-01-31,TLA,SO2,1,160.0,11.65625,18.27809180240396,2.0,4.0,6.0,10.0,136.0
2010-01-31,TLI,CO,15,152.0,0.9644736842105259,0.6639644024943764,0.1,0.5,0.8,1.2,3.8
2010-01-31,TLI,NO,1,78.0,45.62820512820513,58.370538061762915,0.0,3.25,26.5,61.75,317.0
2010-01-31,TLI,NO2,1,78.0,35.55128205128205,15.028671676531241,6.0,26.0,32.5,43.75,86.0
2010-01-31,TLI,NOX,1,78.0,80.46153846153847,66.77266963802938,6.0,31.25,61.5,103.0,364.0
2010-01-31,TLI,PM10,2,154.0,67.84415584415585,35.68217179381415,3.0,43.0,66.0,87.0,182.0
2010-01-31,TLI,SO2,1,152.0,11.888157894736842,30.662345987951408,1.0,2.0,4.0,6.25,260.0
2010-01-31,TPN,O3,1,151.0,31.47019867549669,23.704516573013354,1.0,15.0,27.0,43.0,114.0
2010-01-31,UIZ,CO,15,157.0,1.1044585987261155,0.9100819876453355,0.2,0.5,0.8,1.3,4.8
2010-01-31,UIZ,NO,1,157.0,26.993630573248407,46.32985093193665,0.0,3.0,6.0,29.0,234.0
2010-01-31,UIZ,NO2,1,157.0,31.044585987261147,16.68038305417189,5.0,18.0,29.0,42.0,87.0
2010-01-31,UIZ,NOX,1,157.0,57.904458598726116,55.2050703077695,9.0,24.0,35.0,72.0,276.0
2010-01-31,UIZ,O3,1,157.0,22.528662420382165,24.052975856604245,1.0,4.0,16.0,29.0,127.0
2010-01-31,UIZ,PM2.5,2,155.0,21.070967741935483,10.891501320086507,1.0,13.0,20.0,29.0,51.0
2010-01-31,UIZ,SO2,1,157.0,9.019108280254777,12.539410353770673,4.0,5.0,6.0,7.0,114.0
2010-01-31,VAL,CO,15,0.0,,,,,,,
2010-01-31,VAL,SO2,1,157.0,10.681528662420382,23.95884243826369,1.0,3.0,4.0,7.0,174.0
2010-01-31,VIF,CO,15,161.0,1.0993788819875778,0.47506537634439583,0.4,0.7,1.0,1.3,2.8
2010-01-31,VIF,NO,1,161.0,31.496894409937887,35.82546653980978,0.0,7.0,18.0,42.0,179.0
2010-01-31,VIF,NO2,1,161.0,32.285714285714285,11.197337055874364,13.0,24.0,32.0,38.0,72.0
2010-01-31,VIF,NOX,1,161.0,63.67080745341615,40.42505046340628,15.0,33.0,56.0,76.0,227.0
2010-01-31,VIF,PM10,2,159.0,81.9245283018868,40.320950858069764,17.0,55.0,80.0,98.0,202.0
2010-01-31,VIF,SO2,1,161.0,16.1055900621118,37.728239172480635,2.0,5.0,7.0,11.0,310.0
2010-01-31,XAL,CO,15,148.0,1.485810810810811,1.0200046775359688,0.4,0.8,1.2,1.7,5.4
2010-01-31,XAL,NO,1,147.0,58.53741496598639,73.32786871482173,2.0,6.0,27.0,75.5,358.0
2010-01-31,XAL,NO2,1,147.0,36.904761904761905,17.40623936839235,8.0,25.5,34.0,45.0,108.0
2010-01-31,XAL,NOX,1,147.0,95.38775510204081,81.17800911641035,12.0,34.5,72.0,122.5,408.0
2010-01-31,XAL,O3,1,148.0,17.08108108108108,23.39152515684793,0.0,1.0,5.5,23.0,112.0
2010-01-31,XAL,PM10,2,147.0,97.3265306122449,58.44622434871762,14.0,59.5,85.0,121.0,334.0
2010-01-31,XAL,SO2,1,147.0,6.707482993197279,14.434173151940104,0.0,1.0,3.0,6.5,130.0
2010-02-07,ACO,O3,1,152.0,20.835526315789473,21.382187325446736,0.0,5.75,17.0,26.0,124.0
2010-02-07,ACO,PM2.5,2,92.0,15.16304347826087,8.332746435775183,2.0,8.0,13.0,22.25,33.0
2010-02-07,ACO,SO2,1,153.0,6.0588235294117645,6.587703151883633,2.0,2.0,4.0,6.0,40.0
2010-02-07,ARA,SO2,1,98.0,0.673469387755102,2.1287211697732644,0.0,0.0,0.0,0.0,16.0
2010-02-07,ATI,NO,1,158.0,27.354430379746834,33.02982168244484,0.0,6.0,15.0,34.75,170.0
2010-02-07,ATI,NO2,1,158.0,26.259493670886076,14.971386883642575,4.0,19.0,24.0,30.0,94.0
2010-02-07,ATI,NOX,1,158.0,53.537974683544306,41.4720589042468,6.0,26.0,43.0,71.0,210.0
2010-02-07,ATI,SO2,1,158.0,6.069620253164557,9.256512314961787,1.0,2.0,3.0,5.0,65.0
2010-02-07,AZC,NO,1,161.0,32.37888198757764,35.17810826696391,1.0,9.0,22.0,41.0,188.0
2010-02-07,AZC,NO2,1,161.0,25.70186335403727,15.841340189712836,2.0,17.0,22.0,28.0,91.0
2010-02-07,AZC,NOX,1,161.0,58.037267080745345,43.21962635752965,4.0,30.0,49.0,70.0,217.0
2010-02-07,AZC,O3,1,161.0,15.391304347826088,22.59789091736313,0.0,1.0,6.0,21.0,120.0
2010-02-07,AZC,SO2,1,161.0,4.46583850931677,7.56805048865015,1.0,1.0,2.0,4.0,50.0
2010-02-07,CAM,PM2.5,2,51.0,20.098039215686274,13.08167405489188,2.0,12.5,16.0,24.0,59.0
2010-02-07,CES,NO,1,160.0,41.63125,48.850384067936496,1.0,16.0,27.5,51.5,369.0
2010-02-07,CES,NO2,1,160.0,27.44375,15.828382625552129,3.0,16.0,25.5,35.0,89.0
2010-02-07,CES,NOX,1,160.0,68.78125,56.887583271775085,4.0,35.0,58.0,86.0,434.0
2010-02-07,CES,O3,1,161.0,14.329192546583851,15.135131481719743,1.0,3.0,10.0,19.0,74.0
2010-02-07,CES,PM10,2,150.0,31.22,21.006828547821872,1.0,17.0,27.0,41.5,110.0
2010-02-07,CES,SO2,1,161.0,6.527950310559007,3.7634128656733274,3.0,4.0,5.0,7.0,24.0
2010-02-07,CHO,CO,15,67.0,0.8999999999999998,0.6515715268068846,0.3,0.45,0.7,1.05,3.8
2010-02-07,CHO,O3,1,67.0,16.791044776119403,9.494076803273165,1.0,11.0,19.0,22.0,34.0
2010-02-07,CHO,SO2,1,67.0,3.955223880597015,4.490504580613632,1.0,2.0,3.0,4.0,28.0
2010-02-07,COY,O3,1,159.0,19.61635220125786,22.585365134416485,1.0,2.0,13.0,24.0,101.0
2010-02-07,COY,PM2.5,2,152.0,11.546052631578947,9.840340552840997,1.0,5.0,8.0,17.0,47.0
2010-02-07,CUA,O3,1,56.0,24.857142857142858,18.652251700706096,1.0,11.0,18.5,34.0,84.0
2010-02-07,FAC,CO,15,161.0,1.7795031055900614,0.9326788040653622,0.5,1.1,1.5,2.4,5.1
2010-02-07,FAC,NO,1,161.0,47.90683229813665,49.898872888352415,0.0,13.0,27.0,70.0,260.0
2010-02-07,FAC,NO2,1,161.0,29.950310559006212,19.498333660288775,5.0,20.0,25.0,32.0,138.0
2010-02-07,FAC,NOX,1,161.0,77.79503105590062,58.46057624720508,4.0,37.0,61.0,108.0,318.0
2010-02-07,FAC,O3,1,160.0,14.4375,20.564574626277793,0.0,1.75,5.0,19.0,108.0
2010-02-07,FAC,PM10,2,130.0,26.353846153846153,19.93472352822307,1.0,13.0,20.5,33.0,104.0
2010-02-07,FAC,SO2,1,161.0,4.341614906832298,3.4840809226790923,1.0,2.0,3.0,5.0,22.0
2010-02-07,IMP,CO,15,158.0,1.3873417721518988,0.9317290397250173,0.2,0.8,1.1,1.8,4.3
2010-02-07,IZT,CO,15,157.0,1.2038216560509551,1.2742461497061037,0.0,0.5,0.9,1.5,10.9
2010-02-07,IZT,NO,1,157.0,38.31210191082803,61.54452771015854,0.0,6.0,14.0,47.0,513.0
2010-02-07,IZT,NO2,1,157.0,28.56687898089172,19.62673277842681,2.0,14.0,24.0,37.0,109.0
2010-02-07,IZT,NOX,1,157.0,66.80891719745223,72.6798506410452,4.0,22.0,41.0,86.0,560.0
2010-02-07,IZT,O3,1,157.0,16.94904458598726,22.416739446553457,0.0,1.0,10.0,21.0,107.0
2010-02-07,IZT,PM10,2,149.0,29.7248322147651,20.8669721771818,1.0,14.0,26.0,39.0,108.0
2010-02-07,IZT,SO2,1,157.0,3.4522292993630574,6.508816367911089,0.0,0.0,1.0,3.0,30.0
2010-02-07,LAG,CO,15,145.0,1.4834482758620686,1.045427463947394,0.0,0.8,1.2,2.1,5.7
2010-02-07,LAG,NO,1,144.0,50.68055555555556,60.08114009814889,0.0,12.0,25.0,67.25,346.0
2010-02-07,LAG,NO2,1,144.0,32.611111111111114,19.13043601106838,8.0,21.0,26.0,37.0,130.0
2010-02-07,LAG,NOX,1,144.0,82.99305555555556,68.31165690363517,8.0,39.0,54.0,107.25,389.0
2010-02-07,LAG,O3,1,33.0,3.727272727272727,4.784563245955209,0.0,1.0,1.0,6.0,18.0
2010-02-07,LAG,SO2,1,145.0,4.2,6.004165220911228,0.0,1.0,3.0,4.0,44.0
2010-02-07,LLA,SO2,1,0.0,,,,,,,
2010-02-07,LPR,SO2,1,157.0,4.286624203821656,8.857888672594445,0.0,0.0,2.0,4.0,70.0
2010-02-07,LVI,PM10,2,134.0,38.52238805970149,30.60117360222055,1.0,14.25,30.5,55.75,130.0
2010-02-07,LVI,SO2,1,157.0,4.3312101910828025,7.979451603025331,0.0,0.0,0.0,5.0,47.0
2010-02-07,MER,CO,15,151.0,1.503311258278145,1.0079958477786863,0.4,0.8,1.1,2.0,5.5
2010-02-07,MER,NO,1,159.0,56.22641509433962,67.67241688226721,0.0,10.5,24.0,82.5,339.0
2010-02-07,MER,NO2,1,159.0,34.874213836477985,21.220285893385665,6.0,22.0,28.0,41.5,154.0
2010-02-07,MER,NOX,1,159.0,90.8993710691824,79.16128344759386,3.0,35.0,57.0,138.0,392.0
2010-02-07,MER,O3,1,159.0,15.761006289308176,21.981712514199668,1.0,2.0,6.0,17.0,103.0
2010-02-07,MER,PM10,2,150.0,30.026666666666667,21.343765625966675,1.0,14.0,24.0,39.75,126.0
2010-02-07,MER,PM2.5,2,139.0,16.37410071942446,14.044583968895173,1.0,6.5,13.0,23.0,98.0
2010-02-07,MER,SO2,1,159.0,6.132075471698113,7.299309146733294,1.0,2.0,3.0,6.0,35.0
2010-02-07,MON,O3,1,161.0,22.06832298136646,17.544986543027925,0.0,12.0,20.0,27.0,79.0
2010-02-07,PED,CO,15,151.0,0.5529801324503314,0.5447700367457652,0.0,0.2,0.3,0.8,2.8
2010-02-07,PED,NO,1,151.0,16.218543046357617,27.573633309071454,0.0,1.0,3.0,19.0,175.0
2010-02-07,PED,NO2,1,151.0,20.794701986754966,11.986279868135183,4.0,11.5,18.0,27.5,56.0
2010-02-07,PED,NOX,1,151.0,36.90066225165563,35.447379774700316,4.0,13.0,22.0,55.0,224.0
2010-02-07,PED,O3,1,151.0,17.304635761589402,19.305610023162853,0.0,4.0,13.0,20.0,92.0
2010-02-07,PED,PM10,2,98.0,22.010204081632654,15.56528976019226,1.0,10.25,18.5,31.0,65.0
2010-02-07,PED,SO2,1,150.0,1.94,2.45832375912897,0.0,1.0,1.0,2.0,14.0
2010-02-07,PER,PM2.5,2,92.0,13.641304347826088,10.879541766508908,1.0,5.0,12.0,19.0,54.0
2010-02-07,PLA,O3,1,161.0,14.993788819875776,20.26434581179773,0.0,2.0,8.0,17.0,90.0
2010-02-07,PLA,SO2,1,161.0,4.695652173913044,3.3746175306634187,2.0,3.0,3.0,4.0,21.0
2010-02-07,SAG,CO,15,156.0,1.2891025641025644,0.9436766612699715,0.2,0.7,1.0,1.625,6.5
2010-02-07,SAG,NO,1,156.0,35.51923076923077,46.853026363346764,0.0,8.0,18.0,42.0,255.0
2010-02-07,SAG,NO2,1,156.0,23.55128205128205,10.838577975882663,5.0,16.0,21.0,29.0,60.0
2010-02-07,SAG,NOX,1,156.0,58.98717948717949,52.59032011746933,7.0,26.0,39.5,72.25,297.0
2010-02-07,SAG,O3,1,156.0,15.98076923076923,20.486493159765327,1.0,3.0,8.0,17.75,114.0
2010-02-07,SAG,PM10,2,143.0,36.11188811188811,28.33728069868109,2.0,13.0,28.0,49.0,115.0
2010-02-07,SAG,PM2.5,2,150.0,16.493333333333332,11.053103464496662,1.0,8.25,13.0,23.0,47.0
2010-02-07,SAG,SO2,1,156.0,4.5576923076923075,4.986744215016944,1.0,2.0,3.0,5.0,35.0
2010-02-07,SJA,PM2.5,2,145.0,16.813793103448276,12.51054344615004,1.0,7.0,14.0,23.0,69.0
2010-02-07,SUR,CO,15,139.0,1.0086330935251802,0.9615417883695646,0.0,0.3,0.8,1.45,5.9
2010-02-07,SUR,NO,1,139.0,33.21582733812949,50.00300898046443,0.0,4.0,10.0,44.0,334.0
2010-02-07,SUR,NO2,1,139.0,23.223021582733814,16.6446418960384,2.0,10.0,20.0,34.5,90.0
2010-02-07,SUR,NOX,1,139.0,56.410071942446045,60.884639426629825,2.0,13.0,33.0,79.5,400.0
2010-02-07,SUR,O3,1,139.0,18.928057553956833,20.40412017492069,0.0,3.0,14.0,23.0,99.0
2010-02-07,SUR,PM10,2,109.0,27.6697247706422,16.797296434728416,1.0,14.0,27.0,39.0,82.0
2010-02-07,SUR,SO2,1,139.0,1.7697841726618706,4.838427919860921,0.0,0.0,0.0,1.0,35.0
2010-02-07,TAC,CO,15,156.0,0.9333333333333333,0.8614566308768654,0.0,0.4,0.6499999999999999,1.2,4.1
2010-02-07,TAC,NO,1,156.0,30.762820512820515,41.584909201340146,0.0,7.75,15.0,36.5,220.0
2010-02-07,TAC,NO2,1,156.0,31.083333333333332,20.24621297391061,4.0,19.0,25.0,35.0,119.0
2010-02-07,TAC,NOX,1,156.0,61.72435897435897,52.82503972707527,4.0,29.0,43.0,73.5,272.0
2010-02-07,TAC,O3,1,153.0,18.81699346405229,22.933094308999895,1.0,5.0,9.0,23.0,117.0
2010-02-07,TAC,SO2,1,156.0,3.9743589743589745,6.463743764831872,1.0,1.0,2.0,4.0,49.0
2010-02-07,TAH,O3,1,144.0,23.53472222222222,17.0145611002103,0.0,16.0,21.0,27.0,87.0
2010-02-07,TAH,PM10,2,115.0,25.678260869565218,16.92789031843911,1.0,13.0,22.0,37.0,95.0
2010-02-07,TAH,SO2,1,145.0,1.5310344827586206,2.25479480593207,0.0,0.0,1.0,2.0,16.0
2010-02-07,TAX,CO,15,160.0,1.6037499999999991,1.3158868401578563,0.3,0.7,1.3,2.1,8.9
2010-02-07,TAX,NO,1,158.0,46.48101265822785,76.3434847427222,1.0,8.0,17.0,56.75,585.0
2010-02-07,TAX,NO2,1,158.0,25.20886075949367,17.811130062628738,2.0,11.0,21.0,35.0,94.0
2010-02-07,TAX,NOX,1,158.0,71.60759493670886,85.20786389376315,5.0,19.0,49.0,94.75,628.0
2010-02-07,TAX,O3,1,161.0,16.763975155279503,17.69799265734334,0.0,2.0,13.0,23.0,74.0
2010-02-07,TAX,PM10,2,131.0,30.290076335877863,21.423742598276448,1.0,14.0,26.0,44.0,95.0
2010-02-07,TAX,SO2,1,161.0,1.8944099378881987,4.748160807712885,0.0,0.0,0.0,1.0,34.0
2010-02-07,TLA,CO,15,154.0,1.1071428571428577,0.7384055550794401,0.1,0.6,0.9,1.4,4.0
2010-02-07,TLA,NO,1,153.0,43.89542483660131,49.6376559360422,0.0,12.0,25.0,60.0,284.0
2010-02-07,TLA,NO2,1,153.0,32.01960784313726,18.803159934686818,4.0,21.0,28.0,36.0,121.0
2010-02-07,TLA,NOX,1,153.0,75.94771241830065,59.45562153600399,4.0,37.0,57.0,98.0,346.0
2010-02-07,TLA,O3,1,150.0,15.973333333333333,20.782009083964805,1.0,3.0,7.5,20.75,107.0
2010-02-07,TLA,PM10,2,145.0,33.46896551724138,27.218012615324604,1.0,17.0,25.0,44.0,136.0
2010-02-07,TLA,PM2.5,2,150.0,18.113333333333333,13.587665481746594,2.0,10.0,14.0,20.0,80.0
2010-02-07,TLA,SO2,1,154.0,9.11038961038961,11.065202884714383,1.0,3.0,6.0,9.0,68.0
2010-02-07,TLI,CO,15,160.0,1.0981250000000002,0.9057796165936162,0.1,0.5,0.7,1.4,4.7
2010-02-07,TLI,NO,1,158.0,46.61392405063291,79.54742403829273,0.0,3.0,11.5,53.25,566.0
2010-02-07,TLI,NO2,1,158.0,29.81645569620253,21.204746076001626,2.0,15.0,23.0,40.0,113.0
2010-02-07,TLI,NOX,1,158.0,76.25316455696202,92.97448021265572,0.0,18.25,39.0,90.75,628.0
2010-02-07,TLI,PM10,2,140.0,43.18571428571428,41.4323728631231,1.0,16.0,26.5,56.75,211.0
2010-02-07,TLI,SO2,1,160.0,5.9,10.089037577751556,1.0,1.0,2.0,6.25,67.0
2010-02-07,TPN,O3,1,93.0,27.56989247311828,24.68690809943707,0.0,15.0,22.0,33.0,123.0
2010-02-07,UIZ,CO,15,158.0,1.1626582278481008,1.036437072867752,0.1,0.5,0.8,1.6,6.1
2010-02-07,UIZ,NO,1,158.0,30.39873417721519,48.22174627358604,1.0,5.0,12.0,35.0,319.0
2010-02-07,UIZ,NO2,1,158.0,25.265822784810126,19.140252619488113,2.0,11.0,20.5,32.0,103.0
2010-02-07,UIZ,NOX,1,158.0,55.607594936708864,60.435029644996185,6.0,17.25,35.5,72.5,384.0
2010-02-07,UIZ,O3,1,158.0,20.639240506329113,23.2031236515732,1.0,2.0,14.0,25.0,111.0
2010-02-07,UIZ,PM2.5,2,142.0,15.17605633802817,10.540902632548136,1.0,7.25,13.0,20.0,51.0
2010-02-07,UIZ,SO2,1,158.0,6.708860759493671,4.37756846893727,4.0,4.25,5.0,7.0,28.0
2010-02-07,VAL,CO,15,125.0,1.5272000000000008,0.8424595328656022,0.4,1.0,1.2,1.8,3.8
2010-02-07,VAL,SO2,1,157.0,4.942675159235669,7.696354480195646,1.0,1.0,2.0,5.0,52.0
2010-02-07,VIF,CO,15,161.0,1.0310559006211177,0.6464553372860263,0.3,0.6,0.8,1.3,3.9
2010-02-07,VIF,NO,1,161.0,26.024844720496894,35.93621959641814,0.0,3.0,11.0,34.0,179.0
2010-02-07,VIF,NO2,1,161.0,23.161490683229815,14.22229790729948,3.0,13.0,21.0,28.0,86.0
2010-02-07,VIF,NOX,1,161.0,49.06832298136646,43.96207516479438,3.0,17.0,33.0,71.0,222.0
2010-02-07,VIF,PM10,2,155.0,48.86451612903226,44.523899523994864,1.0,15.0,33.0,69.5,189.0
2010-02-07,VIF,SO2,1,161.0,9.074534161490684,12.530239819647834,1.0,3.0,4.0,10.0,87.0
2010-02-07,XAL,CO,15,147.0,1.4653061224489798,1.208341615786575,0.3,0.7,1.0,1.9,6.8
2010-02-07,XAL,NO,1,147.0,68.68027210884354,97.84184795313485,1.0,10.0,24.0,99.5,609.0
2010-02-07,XAL,NO2,1,147.0,33.40136054421769,19.237755352767984,7.0,19.0,27.0,44.0,97.0
2010-02-07,XAL,NOX,1,147.0,102.05442176870748,111.08005149397026,9.0,29.0,57.0,135.0,680.0
2010-02-07,XAL,O3,1,147.0,14.10204081632653,20.76540019170375,0.0,1.0,5.0,15.0,110.0
2010-02-07,XAL,PM10,2,149.0,78.77181208053692,74.5206411461235,3.0,31.0,54.0,102.0,524.0
2010-02-07,XAL,SO2,1,147.0,5.204081632653061,6.669228843213694,0.0,0.0,4.0,7.0,39.0
2010-02-14,ACO,O3,1,142.0,23.964788732394368,20.82293197545293,0.0,4.0,23.0,38.75,82.0
2010-02-14,ACO,PM2.5,2,130.0,13.615384615384615,7.45985079488404,1.0,7.25,12.0,18.0,34.0
2010-02-14,ACO,SO2,1,142.0,4.47887323943662,7.560365398745039,1.0,2.0,3.0,4.0,55.0
2010-02-14,ARA,SO2,1,157.0,1.1719745222929936,3.6482843596103494,0.0,0.0,0.0,0.0,28.0
2010-02-14,ATI,NO,1,160.0,22.05625,31.372031544156446,2.0,4.0,8.5,27.0,160.0
2010-02-14,ATI,NO2,1,160.0,25.525,13.732370058419765,4.0,12.0,27.0,34.0,63.0
2010-02-14,ATI,NOX,1,160.0,47.5,38.95522344900956,7.0,17.0,37.5,60.25,202.0
2010-02-14,ATI,SO2,1,160.0,5.86875,9.71228999999615,1.0,2.0,3.0,4.0,68.0
2010-02-14,AZC,NO,1,110.0,24.672727272727272,29.76825138732342,1.0,4.0,14.0,32.0,159.0
2010-02-14,AZC,NO2,1,110.0,28.954545454545453,13.071003249111444,4.0,22.0,29.0,35.75,67.0
2010-02-14,AZC,NOX,1,110.0,53.53636363636364,36.013167131467796,6.0,27.25,50.0,67.75,197.0
2010-02-14,AZC,O3,1,149.0,19.899328859060404,25.663030767919345,1.0,1.0,10.0,31.0,138.0
2010-02-14,AZC,SO2,1,152.0,4.171052631578948,5.997545100205551,0.0,1.0,2.0,4.0,37.0
2010-02-14,CAM,PM2.5,2,146.0,17.534246575342465,11.15110285781984,1.0,9.25,14.0,23.0,63.0
2010-02-14,CES,NO,1,63.0,25.58730158730159,30.090527349142842,1.0,5.0,17.0,36.0,132.0
2010-02-14,CES,NO2,1,63.0,26.603174603174605,15.35865804216367,3.0,15.0,26.0,34.0,67.0
2010-02-14,CES,NOX,1,63.0,52.111111111111114,42.216458765284926,5.0,19.0,44.0,66.5,199.0
2010-02-14,CES,O3,1,149.0,18.06040268456376,17.073461383695264,2.0,4.0,12.0,27.0,91.0
2010-02-14,CES,PM10,2,156.0,38.94871794871795,23.551397430436822,2.0,21.75,36.0,54.25,136.0
2010-02-14,CES,SO2,1,149.0,4.4630872483221475,3.089921476158055,0.0,2.0,5.0,6.0,14.0
2010-02-14,CHO,CO,15,0.0,,,,,,,
2010-02-14,CHO,O3,1,0.0,,,,,,,
2010-02-14,CHO,SO2,1,0.0,,,,,,,
2010-02-14,COY,O3,1,158.0,22.132911392405063,26.187249396610014,1.0,2.0,10.0,37.5,140.0
2010-02-14,COY,PM2.5,2,146.0,13.424657534246576,11.10317482800387,1.0,7.0,10.0,17.75,60.0
2010-02-14,CUA,O3,1,133.0,29.082706766917294,18.543170397089174,1.0,16.0,27.0,39.0,102.0
2010-02-14,FAC,CO,15,160.0,1.4774999999999987,0.8683063830484994,0.5,0.8,1.2,1.8,5.4
2010-02-14,FAC,NO,1,160.0,31.80625,47.57377546122672,0.0,6.75,14.5,35.0,287.0
2010-02-14,FAC,NO2,1,160.0,29.18125,16.88617903650291,4.0,14.75,29.5,38.0,77.0
2010-02-14,FAC,NOX,1,160.0,60.925,55.04115669948817,5.0,23.0,50.0,76.25,322.0
2010-02-14,FAC,O3,1,160.0,22.54375,25.33991478767323,0.0,5.0,14.0,34.25,140.0
2010-02-14,FAC,PM10,2,145.0,35.11724137931034,23.206651180293793,1.0,19.0,30.0,44.0,109.0
2010-02-14,FAC,SO2,1,160.0,5.91875,7.761355547654484,2.0,2.0,3.0,5.0,59.0
2010-02-14,IMP,CO,15,161.0,1.041614906832298,0.7630988636974879,0.2,0.5,0.9,1.3,5.0
2010-02-14,IZT,CO,15,153.0,0.7496732026143789,0.5897283253872225,0.0,0.3,0.6,1.0,2.9
2010-02-14,IZT,NO,1,132.0,24.545454545454547,27.83988122845915,1.0,7.75,13.0,35.0,152.0
2010-02-14,IZT,NO2,1,132.0,25.90909090909091,13.404712937554368,5.0,14.0,25.0,34.0,66.0
2010-02-14,IZT,NOX,1,132.0,50.371212121212125,36.091995539606806,6.0,23.0,40.0,67.75,194.0
2010-02-14,IZT,O3,1,135.0,19.414814814814815,22.552553942538793,0.0,1.0,9.0,32.5,95.0
2010-02-14,IZT,PM10,2,151.0,34.66225165562914,18.3146161729618,1.0,20.0,31.0,47.5,73.0
2010-02-14,IZT,SO2,1,153.0,3.366013071895425,7.280789100151213,0.0,0.0,1.0,2.0,51.0
2010-02-14,LAG,CO,15,150.0,1.08,0.5973094034835991,0.0,0.7,1.0,1.3,2.9
2010-02-14,LAG,NO,1,150.0,33.18666666666667,36.18156797732153,2.0,11.0,22.0,41.0,200.0
2010-02-14,LAG,NO2,1,150.0,32.18,14.560252044429573,9.0,23.0,31.0,39.75,97.0
2010-02-14,LAG,NOX,1,150.0,65.32,42.36091651891101,12.0,39.0,53.5,81.5,232.0
2010-02-14,LAG,O3,1,148.0,15.641891891891891,20.429740271302016,0.0,1.0,6.0,26.0,95.0
2010-02-14,LAG,SO2,1,150.0,3.5933333333333333,4.491747341897716,0.0,1.0,2.0,4.0,31.0
2010-02-14,LLA,SO2,1,0.0,,,,,,,
2010-02-14,LPR,SO2,1,161.0,3.770186335403727,2.69547873114631,1.0,2.0,3.0,4.0,23.0
2010-02-14,LVI,PM10,2,156.0,41.98076923076923,30.616982669615947,2.0,18.0,33.5,61.25,133.0
2010-02-14,LVI,SO2,1,160.0,3.0375,4.615924718438257,0.0,0.0,1.0,4.0,24.0
2010-02-14,MER,CO,15,155.0,1.2522580645161292,0.5269780896737828,0.4,1.0,1.2,1.4,4.2
2010-02-14,MER,NO,1,132.0,38.96969696969697,42.52667584806151,1.0,15.0,29.0,48.5,265.0
2010-02-14,MER,NO2,1,132.0,33.65151515151515,12.54852252395157,9.0,26.0,33.0,41.0,73.0
2010-02-14,MER,NOX,1,132.0,72.48484848484848,48.188320913847484,10.0,43.0,61.0,83.25,315.0
2010-02-14,MER,O3,1,155.0,18.141935483870967,23.7766770776102,0.0,1.0,6.0,29.5,120.0
2010-02-14,MER,PM10,2,156.0,36.92307692307692,22.658912214171465,1.0,20.0,32.0,50.25,111.0
2010-02-14,MER,PM2.5,2,152.0,13.348684210526315,9.412025468664831,1.0,6.0,11.0,18.0,46.0
2010-02-14,MER,SO2,1,155.0,3.8645161290322583,5.281771420865413,0.0,0.0,2.0,4.0,33.0
2010-02-14,MON,O3,1,159.0,29.69182389937107,19.215285873733404,0.0,18.0,29.0,41.0,90.0
2010-02-14,PED,CO,15,159.0,0.613836477987422,0.4052625321032745,0.1,0.3,0.5,0.8,2.0
2010-02-14,PED,NO,1,159.0,13.924528301886792,20.923473333238086,0.0,2.0,5.0,16.5,110.0
2010-02-14,PED,NO2,1,159.0,25.339622641509433,13.335415011449232,5.0,15.0,25.0,33.0,82.0
2010-02-14,PED,NOX,1,159.0,39.16981132075472,28.11734172464347,5.0,18.0,33.0,53.5,141.0
2010-02-14,PED,O3,1,159.0,22.433962264150942,27.63700699641851,0.0,3.0,11.0,34.0,148.0
2010-02-14,PED,PM10,2,147.0,27.60544217687075,18.675145677350525,1.0,14.5,23.0,33.0,88.0
2010-02-14,PED,SO2,1,159.0,2.050314465408805,3.42699399987353,0.0,1.0,1.0,2.0,30.0
2010-02-14,PER,PM2.5,2,110.0,13.981818181818182,8.188133972297365,1.0,8.0,13.0,17.75,38.0
2010-02-14,PLA,O3,1,160.0,19.6625,26.590982417202092,0.0,1.0,7.5,30.75,146.0
2010-02-14,PLA,SO2,1,160.0,5.00625,4.232989450203554,2.0,3.0,4.0,6.0,41.0
2010-02-14,SAG,CO,15,93.0,0.8634408602150537,0.8580545419773431,0.2,0.4,0.6,0.8,4.4
2010-02-14,SAG,NO,1,93.0,23.78494623655914,42.71540030357791,1.0,6.0,8.0,15.0,233.0
2010-02-14,SAG,NO2,1,93.0,19.43010752688172,7.857975524022608,5.0,13.0,19.0,26.0,41.0
2010-02-14,SAG,NOX,1,93.0,43.10752688172043,46.905423429258924,6.0,20.0,28.0,39.0,265.0
2010-02-14,SAG,O3,1,93.0,20.989247311827956,18.59610444459427,1.0,6.0,18.0,31.0,90.0
2010-02-14,SAG,PM10,2,92.0,50.108695652173914,33.102722746400126,2.0,25.75,46.0,66.25,169.0
2010-02-14,SAG,PM2.5,2,92.0,14.608695652173912,9.344395419314637,1.0,7.0,14.0,18.25,52.0
2010-02-14,SAG,SO2,1,93.0,3.6344086021505375,5.7061845667214826,1.0,2.0,2.0,3.0,38.0
2010-02-14,SJA,PM2.5,2,142.0,14.295774647887324,8.939345440992605,1.0,8.0,13.0,18.75,48.0
2010-02-14,SUR,CO,15,123.0,0.6634146341463415,0.777793041363782,0.0,0.2,0.4,0.9,4.4
2010-02-14,SUR,NO,1,152.0,20.894736842105264,38.78829582033119,0.0,3.0,7.5,22.0,308.0
2010-02-14,SUR,NO2,1,152.0,25.54605263157895,16.727199096474752,0.0,14.0,23.0,36.0,90.0
2010-02-14,SUR,NOX,1,152.0,46.38815789473684,47.67175977481725,0.0,18.75,33.5,59.0,353.0
2010-02-14,SUR,O3,1,155.0,23.12258064516129,26.932897733255732,1.0,3.0,11.0,33.5,146.0
2010-02-14,SUR,PM10,2,111.0,33.072072072072075,21.044416971431772,1.0,17.0,31.0,46.5,88.0
2010-02-14,SUR,SO2,1,155.0,0.6774193548387096,2.8670440089007356,0.0,0.0,0.0,0.0,24.0
2010-02-14,TAC,CO,15,160.0,0.8,0.7443709091000706,0.0,0.3,0.6,1.025,4.3
2010-02-14,TAC,NO,1,160.0,26.01875,39.89317053120053,0.0,4.0,10.0,25.25,219.0
2010-02-14,TAC,NO2,1,160.0,29.99375,15.001256498736376,5.0,17.75,30.5,39.25,82.0
2010-02-14,TAC,NOX,1,160.0,55.9,47.37860356185793,5.0,22.0,44.0,67.25,258.0
2010-02-14,TAC,O3,1,160.0,24.9,27.187261167894803,2.0,5.0,15.0,36.25,147.0
2010-02-14,TAC,SO2,1,160.0,4.375,6.844866781600767,1.0,1.0,1.0,4.0,44.0
2010-02-14,TAH,O3,1,149.0,28.57046979865772,20.099500811858636,0.0,11.0,25.0,42.0,88.0
2010-02-14,TAH,PM10,2,129.0,29.100775193798448,18.842623291871536,2.0,15.0,25.0,37.0,95.0
2010-02-14,TAH,SO2,1,149.0,1.2416107382550337,0.9490465109170954,0.0,1.0,1.0,1.0,10.0
2010-02-14,TAX,CO,15,157.0,1.5490445859872604,0.8696166141994155,0.4,0.8,1.4,2.1,4.8
2010-02-14,TAX,NO,1,157.0,36.94267515923567,44.28162234395927,0.0,8.0,18.0,48.0,210.0
2010-02-14,TAX,NO2,1,157.0,28.10828025477707,17.25472050529436,4.0,15.0,25.0,36.0,101.0
2010-02-14,TAX,NOX,1,157.0,64.90445859872611,52.548607954371,6.0,25.0,49.0,96.0,242.0
2010-02-14,TAX,O3,1,157.0,19.29299363057325,19.473934303647532,0.0,3.0,13.0,32.0,102.0
2010-02-14,TAX,PM10,2,147.0,34.89795918367347,21.847771803844054,2.0,17.5,30.0,51.0,108.0
2010-02-14,TAX,SO2,1,157.0,1.3312101910828025,2.827040980519477,0.0,0.0,0.0,1.0,18.0
2010-02-14,TLA,CO,15,158.0,0.9879746835443037,0.5576746071929946,0.2,0.525,0.9,1.2,3.0
2010-02-14,TLA,NO,1,157.0,34.6687898089172,42.020811164968556,1.0,10.0,19.0,41.0,218.0
2010-02-14,TLA,NO2,1,157.0,32.02547770700637,14.274753150044033,7.0,20.0,33.0,40.0,77.0
2010-02-14,TLA,NOX,1,157.0,66.67515923566879,48.258281680720515,12.0,30.0,56.0,82.0,254.0
2010-02-14,TLA,O3,1,124.0,21.43548387096774,20.802298940919496,2.0,5.0,13.5,35.0,94.0
2010-02-14,TLA,PM10,2,157.0,43.45859872611465,29.050462383420186,1.0,21.0,38.0,59.0,149.0
2010-02-14,TLA,PM2.5,2,159.0,18.628930817610062,13.506001225484118,1.0,9.0,16.0,23.0,71.0
2010-02-14,TLA,SO2,1,158.0,6.784810126582278,7.11895448932238,1.0,2.0,4.0,7.0,36.0
2010-02-14,TLI,CO,15,158.0,0.8284810126582283,0.498289018037782,0.1,0.5,0.7,1.0750000000000002,2.9
2010-02-14,TLI,NO,1,158.0,31.70886075949367,41.914578555785944,0.0,6.0,11.5,37.75,229.0
2010-02-14,TLI,NO2,1,158.0,30.734177215189874,14.87203065541248,4.0,18.0,30.5,40.0,82.0
2010-02-14,TLI,NOX,1,158.0,62.36708860759494,51.77737184120016,4.0,26.0,44.0,80.5,287.0
2010-02-14,TLI,PM10,2,146.0,47.986301369863014,32.07791942289357,3.0,23.0,40.0,63.75,146.0
2010-02-14,TLI,SO2,1,158.0,5.215189873417722,8.646888746570394,1.0,1.0,2.0,4.0,49.0
2010-02-14,TPN,O3,1,112.0,32.669642857142854,29.071948150075343,1.0,15.0,26.0,41.5,152.0
2010-02-14,UIZ,CO,15,160.0,0.6899999999999997,0.647608080875381,0.0,0.3,0.5,0.9,3.7
2010-02-14,UIZ,NO,1,160.0,18.78125,29.414768009352464,0.0,5.0,8.0,19.25,186.0
2010-02-14,UIZ,NO2,1,160.0,22.225,13.091333731439452,3.0,11.0,20.0,30.0,65.0
2010-02-14,UIZ,NOX,1,160.0,40.95,37.2301696825464,7.0,18.0,27.5,52.25,235.0
2010-02-14,UIZ,O3,1,160.0,26.8875,25.20107502448927,1.0,5.0,24.0,39.25,114.0
2010-02-14,UIZ,PM2.5,2,142.0,13.147887323943662,7.938546933780651,1.0,7.0,12.0,19.0,39.0
2010-02-14,UIZ,SO2,1,160.0,5.86875,3.620559522761866,4.0,4.0,5.0,6.0,30.0
2010-02-14,VAL,CO,15,157.0,1.19171974522293,0.5964598320173712,0.3,0.9,1.1,1.3,4.3
2010-02-14,VAL,SO2,1,157.0,4.382165605095541,5.159674795763797,1.0,2.0,3.0,4.0,30.0
2010-02-14,VIF,CO,15,150.0,1.0466666666666673,0.45886739273599647,0.3,0.725,0.9,1.2,3.7
2010-02-14,VIF,NO,1,150.0,19.593333333333334,28.351366021009834,0.0,3.0,7.0,24.75,165.0
2010-02-14,VIF,NO2,1,150.0,23.0,9.836243076111376,4.0,15.0,24.0,30.75,48.0
2010-02-14,VIF,NOX,1,150.0,42.53333333333333,33.576251328042076,4.0,20.0,32.0,54.75,192.0
2010-02-14,VIF,PM10,2,149.0,67.61073825503355,37.066359668112696,3.0,40.0,61.0,89.0,184.0
2010-02-14,VIF,SO2,1,150.0,9.086666666666666,16.02679663222903,0.0,2.0,3.0,7.0,115.0
2010-02-14,XAL,CO,15,157.0,1.0917197452229297,0.8127952547117792,0.2,0.6,0.8,1.2,5.4
2010-02-14,XAL,NO,1,157.0,48.48407643312102,70.53273518015676,1.0,8.0,18.0,52.0,404.0
2010-02-14,XAL,NO2,1,157.0,30.898089171974522,14.374204420961426,9.0,19.0,30.0,39.0,89.0
2010-02-14,XAL,NOX,1,157.0,79.36305732484077,79.19467678839587,12.0,31.0,49.0,90.0,461.0
2010-02-14,XAL,O3,1,154.0,18.337662337662337,18.930979133954118,0.0,2.0,10.5,30.75,80.0
2010-02-14,XAL,PM10,2,156.0,86.86538461538461,54.71499016616353,4.0,45.0,77.5,118.25,264.0
2010-02-14,XAL,SO2,1,157.0,7.13375796178344,4.236737286931754,3.0,5.0,6.0,8.0,29.0
2010-02-21,ACO,O3,1,156.0,23.544871794871796,19.935490462575974,0.0,8.0,19.0,39.0,77.0
2010-02-21,ACO,PM2.5,2,142.0,11.345070422535212,6.3066392739061685,1.0,7.0,10.0,16.0,29.0
2010-02-21,ACO,SO2,1,156.0,2.423076923076923,1.8140614263471893,1.0,1.0,2.0,3.0,11.0
2010-02-21,ARA,SO2,1,158.0,0.6139240506329114,2.4925997058408758,0.0,0.0,0.0,0.0,27.0
2010-02-21,ATI,NO,1,154.0,22.935064935064936,30.944959639979167,2.0,4.0,9.5,29.0,203.0
2010-02-21,ATI,NO2,1,154.0,24.714285714285715,13.145597083779636,4.0,14.0,24.0,31.0,63.0
2010-02-21,ATI,NOX,1,154.0,47.5974025974026,39.174407992660434,6.0,19.0,35.0,62.75,234.0
2010-02-21,ATI,SO2,1,155.0,4.787096774193548,8.797865072177224,1.0,1.0,2.0,4.0,69.0
2010-02-21,AZC,NO,1,161.0,26.53416149068323,35.93466833294496,0.0,4.0,12.0,37.0,237.0
2010-02-21,AZC,NO2,1,161.0,28.11801242236025,12.188816022274056,6.0,20.0,28.0,35.0,65.0
2010-02-21,AZC,NOX,1,161.0,54.590062111801245,43.326301487908225,6.0,24.0,42.0,73.0,269.0
2010-02-21,AZC,O3,1,161.0,17.248447204968944,18.07554669155978,0.0,2.0,10.0,27.0,65.0
2010-02-21,AZC,SO2,1,161.0,3.111801242236025,6.354126404176143,0.0,1.0,1.0,2.0,49.0
2010-02-21,CAM,PM2.5,2,128.0,13.5,8.392910394010517,1.0,8.0,11.5,18.0,43.0
2010-02-21,CES,NO,1,158.0,30.873417721518987,29.09499796728154,1.0,11.0,22.5,43.0,160.0
2010-02-21,CES,NO2,1,158.0,26.79746835443038,9.8451446170607,9.0,19.0,26.0,33.75,57.0
2010-02-21,CES,NOX,1,158.0,57.5,36.197573554178895,10.0,31.0,49.0,76.0,212.0
2010-02-21,CES,O3,1,161.0,17.46583850931677,15.712268715839787,2.0,4.0,11.0,28.0,64.0
2010-02-21,CES,PM10,2,153.0,26.241830065359476,18.039075329242632,1.0,13.0,24.0,35.0,112.0
2010-02-21,CES,SO2,1,161.0,0.9316770186335404,2.055858165105525,0.0,0.0,0.0,1.0,11.0
2010-02-21,CHO,CO,15,0.0,,,,,,,
2010-02-21,CHO,O3,1,0.0,,,,,,,
2010-02-21,CHO,SO2,1,0.0,,,,,,,
2010-02-21,COY,O3,1,157.0,17.522292993630572,21.460932300841385,0.0,1.0,6.0,27.0,82.0
2010-02-21,COY,PM2.5,2,158.0,10.943037974683545,8.099888865232783,1.0,5.0,9.0,14.0,42.0
2010-02-21,CUA,O3,1,159.0,25.58490566037736,14.715574237836307,1.0,15.0,23.0,35.0,64.0
2010-02-21,FAC,CO,15,158.0,1.5316455696202542,0.8450747984529217,0.6,0.9,1.2,1.975,4.3
2010-02-21,FAC,NO,1,158.0,34.164556962025316,41.493589522461384,0.0,6.25,17.5,49.0,246.0
2010-02-21,FAC,NO2,1,158.0,27.917721518987342,14.333145049316876,5.0,18.0,25.5,34.0,80.0
2010-02-21,FAC,NOX,1,158.0,62.05696202531646,50.24351448097378,5.0,24.25,44.0,89.5,277.0
2010-02-21,FAC,O3,1,158.0,16.746835443037973,16.08652429231198,0.0,4.0,11.0,26.75,60.0
2010-02-21,FAC,PM10,2,148.0,25.22972972972973,17.961824443564275,2.0,12.0,22.5,35.0,97.0
2010-02-21,FAC,SO2,1,158.0,4.860759493670886,6.613505150440968,2.0,2.0,3.0,4.0,57.0
2010-02-21,IMP,CO,15,161.0,1.0745341614906834,0.7087206345861522,0.2,0.6,0.8,1.4,5.0
2010-02-21,IZT,CO,15,157.0,0.9337579617834396,0.9941208034294443,0.0,0.4,0.7,1.1,9.0
2010-02-21,IZT,NO,1,157.0,32.28025477707006,49.690688700443836,4.0,9.0,18.0,37.0,447.0
2010-02-21,IZT,NO2,1,157.0,27.312101910828027,9.319027614609546,8.0,21.0,27.0,32.0,52.0
2010-02-21,IZT,NOX,1,157.0,59.50955414012739,54.60811645252233,12.0,31.0,49.0,73.0,491.0
2010-02-21,IZT,O3,1,145.0,19.22758620689655,20.50160726341088,0.0,4.0,11.0,27.0,69.0
2010-02-21,IZT,PM10,2,158.0,25.740506329113924,14.999439641230433,1.0,14.0,24.0,35.0,69.0
2010-02-21,IZT,SO2,1,157.0,1.713375796178344,2.8668104214418015,0.0,0.0,1.0,1.0,17.0
2010-02-21,LAG,CO,15,76.0,0.9315789473684212,0.5286991649487861,0.2,0.6,0.8,1.125,2.7
2010-02-21,LAG,NO,1,156.0,32.22435897435897,35.35799835926138,0.0,9.0,23.5,41.25,256.0
2010-02-21,LAG,NO2,1,156.0,30.878205128205128,8.414536537727301,11.0,26.0,30.0,36.0,56.0
2010-02-21,LAG,NOX,1,156.0,63.02564102564103,39.57678510113313,14.0,36.0,54.0,78.0,292.0
2010-02-21,LAG,O3,1,156.0,12.64102564102564,16.172836134045664,0.0,1.0,5.0,17.25,74.0
2010-02-21,LAG,SO2,1,153.0,2.6013071895424837,3.257258835603793,0.0,1.0,2.0,3.0,20.0
2010-02-21,LLA,SO2,1,0.0,,,,,,,
2010-02-21,LPR,SO2,1,160.0,3.28125,2.89474013345785,1.0,2.0,2.0,3.0,27.0
2010-02-21,LVI,PM10,2,147.0,30.081632653061224,23.16986416739134,1.0,12.0,24.0,43.0,87.0
2010-02-21,LVI,SO2,1,161.0,1.3416149068322982,3.1861136005761583,0.0,0.0,0.0,1.0,19.0
2010-02-21,MER,CO,15,161.0,1.3751552795031061,0.6987516597386926,0.5,1.0,1.2,1.5,6.3
2010-02-21,MER,NO,1,161.0,42.72670807453416,51.03993382362967,0.0,13.0,32.0,51.0,367.0
2010-02-21,MER,NO2,1,161.0,34.03105590062112,9.016250856265351,10.0,29.0,33.0,39.0,62.0
2010-02-21,MER,NOX,1,161.0,76.65217391304348,55.69888473631734,11.0,46.0,66.0,87.0,417.0
2010-02-21,MER,O3,1,161.0,14.378881987577639,18.21192744445891,0.0,1.0,6.0,20.0,77.0
2010-02-21,MER,PM10,2,155.0,24.870967741935484,19.31546371868363,1.0,12.0,20.0,32.5,148.0
2010-02-21,MER,PM2.5,2,152.0,11.342105263157896,7.143843979034903,1.0,6.0,9.0,15.0,38.0
2010-02-21,MER,SO2,1,161.0,1.2919254658385093,3.541962294323568,0.0,0.0,0.0,1.0,22.0
2010-02-21,MON,O3,1,78.0,17.846153846153847,12.463012209200203,0.0,7.0,18.0,22.75,44.0
2010-02-21,PED,CO,15,154.0,0.6967532467532468,0.47132393578129494,0.1,0.3,0.6,0.9,2.8
2010-02-21,PED,NO,1,154.0,17.07792207792208,25.878684409473554,0.0,1.0,8.0,20.75,173.0
2010-02-21,PED,NO2,1,154.0,23.532467532467532,10.343871180349796,5.0,16.0,24.0,30.0,63.0
2010-02-21,PED,NOX,1,154.0,40.54545454545455,31.95730217353052,5.0,16.5,35.0,50.0,201.0
2010-02-21,PED,O3,1,154.0,16.642857142857142,19.317667273963572,0.0,2.0,8.0,27.0,82.0
2010-02-21,PED,PM10,2,149.0,20.08724832214765,16.01643281382628,1.0,10.0,16.0,24.0,90.0
2010-02-21,PED,SO2,1,154.0,1.7272727272727273,2.7470072301541784,0.0,1.0,1.0,1.0,21.0
2010-02-21,PER,PM2.5,2,134.0,12.619402985074627,7.268010841748964,1.0,7.0,12.0,17.0,37.0
2010-02-21,PLA,O3,1,158.0,13.50632911392405,16.962584091176375,0.0,1.0,4.5,19.75,63.0
2010-02-21,PLA,SO2,1,158.0,4.784810126582278,3.796313619483566,3.0,3.0,4.0,4.0,29.0
2010-02-21,SAG,CO,15,144.0,0.8069444444444449,0.4638924365585118,0.2,0.5,0.7,1.025,2.5
2010-02-21,SAG,NO,1,144.0,16.59722222222222,20.20292834982875,0.0,5.0,8.0,20.5,111.0
2010-02-21,SAG,NO2,1,144.0,23.63888888888889,7.010093732712434,10.0,18.0,24.0,29.0,44.0
2010-02-21,SAG,NOX,1,144.0,40.076388888888886,24.005267446757703,12.0,23.0,33.0,52.0,140.0
2010-02-21,SAG,O3,1,144.0,18.34027777777778,18.191353972776724,1.0,5.0,10.0,29.0,80.0
2010-02-21,SAG,PM10,2,135.0,28.68888888888889,22.136775192434833,1.0,11.5,23.0,38.5,102.0
2010-02-21,SAG,PM2.5,2,143.0,11.496503496503497,5.906399162658215,1.0,7.0,11.0,15.0,29.0
2010-02-21,SAG,SO2,1,144.0,3.6944444444444446,2.045899114253482,2.0,3.0,3.0,4.0,16.0
2010-02-21,SJA,PM2.5,2,152.0,11.302631578947368,6.226454428547941,1.0,7.0,11.0,15.0,28.0
2010-02-21,SUR,CO,15,145.0,1.1041379310344823,0.6318926445024068,0.1,0.6,1.0,1.4,4.7
2010-02-21,SUR,NO,1,156.0,25.057692307692307,27.263644795650936,0.0,5.0,16.0,36.25,174.0
2010-02-21,SUR,NO2,1,156.0,28.333333333333332,10.83383787079873,8.0,21.75,29.5,35.0,68.0
2010-02-21,SUR,NOX,1,156.0,53.41025641025641,33.26043310386096,8.0,26.0,51.5,69.0,204.0
2010-02-21,SUR,O3,1,156.0,17.743589743589745,21.003493348418377,1.0,2.0,8.0,25.25,85.0
2010-02-21,SUR,PM10,2,142.0,18.866197183098592,13.33593708968867,1.0,10.0,16.0,25.0,71.0
2010-02-21,SUR,SO2,1,156.0,0.5256410256410257,1.3932960130508663,0.0,0.0,0.0,0.0,9.0
2010-02-21,TAC,CO,15,161.0,0.8279503105590061,0.7990002487581142,0.0,0.3,0.5,1.1,4.5
2010-02-21,TAC,NO,1,161.0,27.52173913043478,42.1949474102827,0.0,5.0,9.0,32.0,260.0
2010-02-21,TAC,NO2,1,161.0,28.714285714285715,12.436050705222186,8.0,20.0,28.0,36.0,70.0
2010-02-21,TAC,NOX,1,161.0,56.24223602484472,49.36658490283631,9.0,24.0,42.0,73.0,296.0
2010-02-21,TAC,O3,1,161.0,19.763975155279503,18.274817211107173,2.0,5.0,13.0,29.0,67.0
2010-02-21,TAC,SO2,1,161.0,3.3167701863354035,5.711197729295124,0.0,1.0,1.0,3.0,37.0
2010-02-21,TAH,O3,1,161.0,25.546583850931675,16.90966820733002,0.0,12.0,24.0,38.0,62.0
2010-02-21,TAH,PM10,2,130.0,21.653846153846153,16.460293562454908,1.0,8.0,17.5,31.75,75.0
2010-02-21,TAH,SO2,1,161.0,0.6894409937888198,0.7519643013860479,0.0,0.0,1.0,1.0,4.0
2010-02-21,TAX,CO,15,153.0,1.7333333333333336,0.9606056203743225,0.4,1.1,1.6,2.1,5.9
2010-02-21,TAX,NO,1,153.0,46.908496732026144,58.73416466064034,0.0,9.0,26.0,66.0,371.0
2010-02-21,TAX,NO2,1,153.0,27.790849673202615,10.952441205149345,5.0,21.0,27.0,34.0,60.0
2010-02-21,TAX,NOX,1,153.0,74.49019607843137,63.36061345553168,6.0,31.0,56.0,98.0,405.0
2010-02-21,TAX,O3,1,153.0,15.254901960784315,18.57896710196375,0.0,1.0,6.0,25.0,66.0
2010-02-21,TAX,PM10,2,147.0,25.8843537414966,17.99601059550315,1.0,12.0,23.0,32.5,79.0
2010-02-21,TAX,SO2,1,153.0,0.7712418300653595,2.445448866412617,0.0,0.0,0.0,0.0,17.0
2010-02-21,TLA,CO,15,158.0,0.985443037974684,0.5610302113153502,0.2,0.6,0.8,1.375,3.5
2010-02-21,TLA,NO,1,155.0,35.55483870967742,38.42248765506582,0.0,9.0,23.0,50.0,247.0
2010-02-21,TLA,NO2,1,155.0,31.322580645161292,10.909864167539777,11.0,24.5,31.0,37.0,72.0
2010-02-21,TLA,NOX,1,155.0,66.78064516129032,44.3810640221357,12.0,35.0,55.0,87.5,285.0
2010-02-21,TLA,O3,1,144.0,20.180555555555557,19.241800643310178,1.0,4.0,13.0,29.25,75.0
2010-02-21,TLA,PM10,2,141.0,31.06382978723404,24.96689601565511,1.0,15.0,23.0,43.0,169.0
2010-02-21,TLA,PM2.5,2,150.0,15.233333333333333,9.698416577788928,1.0,7.0,14.0,21.75,55.0
2010-02-21,TLA,SO2,1,158.0,5.867088607594937,7.157112564408544,1.0,2.0,3.0,6.0,50.0
2010-02-21,TLI,CO,15,160.0,0.8956249999999997,0.4922476846251976,0.4,0.6,0.8,1.1,3.8
2010-02-21,TLI,NO,1,159.0,24.9937106918239,37.18130346401076,1.0,6.0,11.0,27.0,277.0
2010-02-21,TLI,NO2,1,159.0,29.32704402515723,11.511962328376006,8.0,20.0,29.0,37.0,58.0
2010-02-21,TLI,NOX,1,159.0,54.264150943396224,43.84631572793524,15.0,26.5,42.0,65.0,326.0
2010-02-21,TLI,PM10,2,158.0,31.18354430379747,23.95665901007017,1.0,13.0,27.5,40.0,130.0
2010-02-21,TLI,SO2,1,160.0,4.99375,7.690144697708766,1.0,2.0,2.0,4.0,52.0
2010-02-21,TPN,O3,1,0.0,,,,,,,
2010-02-21,UIZ,CO,15,161.0,0.7242236024844718,0.7464730736533238,0.0,0.3,0.5,1.0,6.3
2010-02-21,UIZ,NO,1,161.0,19.652173913043477,34.81545290341007,2.0,6.0,7.0,19.0,319.0
2010-02-21,UIZ,NO2,1,161.0,22.919254658385093,10.464209929134341,5.0,13.0,23.0,31.0,45.0
2010-02-21,UIZ,NOX,1,161.0,42.52795031055901,40.75323025721416,10.0,19.0,31.0,53.0,361.0
2010-02-21,UIZ,O3,1,161.0,22.838509316770185,20.804416784999646,1.0,6.0,16.0,35.0,72.0
2010-02-21,UIZ,PM2.5,2,145.0,11.193103448275862,6.664892005172551,1.0,6.0,11.0,15.0,32.0
2010-02-21,UIZ,SO2,1,161.0,5.118012422360248,2.351539075763936,3.0,4.0,4.0,5.0,20.0
2010-02-21,VAL,CO,15,160.0,1.1193750000000011,0.4358894434581309,0.5,0.8,1.0,1.3,2.8
2010-02-21,VAL,SO2,1,160.0,3.55625,4.308463040758844,1.0,2.0,2.0,3.0,33.0
2010-02-21,VIF,CO,15,146.0,0.9952054794520545,0.4504912554979437,0.4,0.7,0.9,1.175,3.9
2010-02-21,VIF,NO,1,146.0,15.952054794520548,28.479716240300068,0.0,2.0,7.0,19.0,216.0
2010-02-21,VIF,NO2,1,146.0,23.828767123287673,8.605819674071483,6.0,19.0,24.0,29.0,49.0
2010-02-21,VIF,NOX,1,146.0,39.582191780821915,32.09420548179678,7.0,21.0,32.0,49.75,245.0
2010-02-21,VIF,PM10,2,142.0,45.63380281690141,28.04137744950856,3.0,26.0,41.0,61.75,140.0
2010-02-21,VIF,SO2,1,105.0,2.2285714285714286,2.0766890385027206,0.0,1.0,2.0,3.0,11.0
2010-02-21,XAL,CO,15,160.0,1.2118749999999987,0.7152755439504307,0.5,0.8,1.0,1.3,5.5
2010-02-21,XAL,NO,1,160.0,48.40625,64.68679225906395,1.0,12.0,29.0,59.75,405.0
2010-02-21,XAL,NO2,1,160.0,32.225,9.329705044984811,10.0,27.75,32.0,38.0,62.0
2010-02-21,XAL,NOX,1,160.0,80.5625,70.46991306790964,13.0,41.75,63.0,95.0,461.0
2010-02-21,XAL,O3,1,160.0,13.7125,17.06973764872285,0.0,1.0,5.0,20.25,69.0
2010-02-21,XAL,PM10,2,157.0,64.5859872611465,49.44357630958637,2.0,32.0,49.0,85.0,228.0
2010-02-21,XAL,SO2,1,160.0,4.9375,3.8716637088225827,2.0,3.0,4.0,5.0,38.0
2010-02-28,ACO,O3,1,147.0,30.06122448979592,25.894735406603907,0.0,8.0,26.0,47.5,123.0
2010-02-28,ACO,PM2.5,2,145.0,17.6,7.519788708615571,3.0,13.0,17.0,22.0,50.0
2010-02-28,ACO,SO2,1,143.0,3.041958041958042,2.575272789800937,0.0,1.0,2.0,4.0,15.0
2010-02-28,ARA,SO2,1,155.0,5.012903225806451,11.644622579673468,0.0,0.0,1.0,3.5,64.0
2010-02-28,ATI,NO,1,150.0,21.4,31.916627969439343,1.0,4.0,7.0,23.5,219.0
2010-02-28,ATI,NO2,1,150.0,28.873333333333335,19.07818483151173,5.0,15.0,26.5,39.0,122.0
2010-02-28,ATI,NOX,1,150.0,50.166666666666664,44.607221955186596,7.0,18.25,35.5,65.5,247.0
2010-02-28,ATI,SO2,1,129.0,9.744186046511627,15.985481239709873,1.0,1.0,3.0,10.0,112.0
2010-02-28,AZC,NO,1,156.0,28.185897435897434,47.46337188614307,0.0,3.0,9.0,30.25,278.0
2010-02-28,AZC,NO2,1,156.0,39.27564102564103,20.76056240084402,8.0,26.75,38.0,49.0,139.0
2010-02-28,AZC,NOX,1,156.0,67.38461538461539,59.80047054928273,11.0,30.0,48.5,80.25,326.0
2010-02-28,AZC,O3,1,155.0,23.967741935483872,26.407500743489255,0.0,4.0,13.0,40.0,131.0
2010-02-28,AZC,SO2,1,156.0,9.987179487179487,16.245291994709824,0.0,1.0,3.0,10.0,90.0
2010-02-28,CAM,PM2.5,2,124.0,21.10483870967742,11.689630279497079,1.0,12.0,19.5,29.0,51.0
2010-02-28,CES,NO,1,161.0,35.484472049689444,47.90460645779045,1.0,8.0,19.0,42.0,342.0
2010-02-28,CES,NO2,1,161.0,40.54037267080745,16.231910619525,9.0,31.0,40.0,49.0,110.0
2010-02-28,CES,NOX,1,161.0,75.93167701863354,57.711797345040566,13.0,40.0,62.0,91.0,397.0
2010-02-28,CES,O3,1,158.0,26.79113924050633,22.954691955465165,2.0,7.0,18.5,46.0,102.0
2010-02-28,CES,PM10,2,159.0,52.74842767295598,27.64809800802775,5.0,31.0,48.0,72.0,128.0
2010-02-28,CES,SO2,1,161.0,4.6521739130434785,8.025164226952942,0.0,1.0,2.0,4.0,46.0
2010-02-28,CHO,CO,15,121.0,0.7355371900826447,0.671299672790554,0.0,0.4,0.6,0.8,3.9
2010-02-28,CHO,O3,1,121.0,31.41322314049587,26.887007215842992,0.0,2.0,29.0,54.0,91.0
2010-02-28,CHO,SO2,1,121.0,5.140495867768595,3.9334162105477026,1.0,2.0,4.0,7.0,21.0
2010-02-28,COY,O3,1,156.0,28.46153846153846,28.501586739164605,1.0,3.75,18.0,51.0,130.0
2010-02-28,COY,PM2.5,2,153.0,19.333333333333332,12.559856687080462,1.0,9.0,18.0,25.0,55.0
2010-02-28,CUA,O3,1,158.0,36.31012658227848,23.659985812470293,2.0,22.0,36.0,46.0,141.0
2010-02-28,FAC,CO,15,157.0,1.612101910828026,0.9916542976046961,0.5,1.0,1.2,1.8,5.4
2010-02-28,FAC,NO,1,157.0,32.66242038216561,52.06339258971078,0.0,3.0,11.0,34.0,277.0
2010-02-28,FAC,NO2,1,157.0,32.89808917197452,21.72473029940167,5.0,17.0,30.0,41.0,137.0
2010-02-28,FAC,NOX,1,157.0,65.4140127388535,64.97662741383829,5.0,22.0,42.0,79.0,318.0
2010-02-28,FAC,O3,1,157.0,28.929936305732483,26.085931626876405,1.0,9.0,26.0,44.0,140.0
2010-02-28,FAC,PM10,2,153.0,39.326797385620914,27.863112302393326,3.0,18.0,30.0,54.0,138.0
2010-02-28,FAC,SO2,1,157.0,9.40764331210191,13.4688412565831,2.0,2.0,4.0,9.0,95.0
2010-02-28,IMP,CO,15,159.0,1.3484276729559739,0.984040710405667,0.3,0.6499999999999999,1.1,1.6,5.4
2010-02-28,IZT,CO,15,159.0,1.0578616352201262,0.9731446903359005,0.2,0.45,0.7,1.3,6.7
2010-02-28,IZT,NO,1,159.0,36.496855345911946,52.22866885923916,3.0,7.0,13.0,43.5,312.0
2010-02-28,IZT,NO2,1,159.0,40.38364779874214,18.0848208056196,9.0,29.0,39.0,48.5,128.0
2010-02-28,IZT,NOX,1,159.0,76.79245283018868,61.718437377334624,13.0,36.0,57.0,95.5,365.0
2010-02-28,IZT,O3,1,110.0,21.636363636363637,24.876106687004953,0.0,1.0,10.0,39.0,90.0
2010-02-28,IZT,PM10,2,161.0,46.36645962732919,20.99454972159256,6.0,30.0,43.0,62.0,103.0
2010-02-28,IZT,SO2,1,159.0,8.69811320754717,13.052840380051503,0.0,1.0,3.0,10.0,72.0
2010-02-28,LAG,CO,15,159.0,1.4459119496855344,0.9442525768600971,0.2,0.8,1.1,1.8,5.2
2010-02-28,LAG,NO,1,159.0,40.100628930817614,54.61362501772452,1.0,10.0,19.0,42.5,348.0
2010-02-28,LAG,NO2,1,159.0,43.21383647798742,16.767344988789706,17.0,32.0,42.0,49.5,121.0
2010-02-28,LAG,NOX,1,159.0,83.21383647798743,64.09875339729325,19.0,42.5,66.0,98.5,398.0
2010-02-28,LAG,O3,1,159.0,19.87421383647799,23.799995250069934,0.0,1.5,7.0,35.0,118.0
2010-02-28,LAG,SO2,1,159.0,8.723270440251572,11.505591348318447,1.0,2.0,5.0,9.5,82.0
2010-02-28,LLA,SO2,1,0.0,,,,,,,
2010-02-28,LPR,SO2,1,157.0,9.292993630573248,10.546758614037756,2.0,3.0,5.0,10.0,53.0
2010-02-28,LVI,PM10,2,152.0,48.88815789473684,28.756928181544012,5.0,25.0,44.0,66.25,165.0
2010-02-28,LVI,SO2,1,159.0,8.264150943396226,14.113667327998993,0.0,0.0,3.0,9.5,88.0
2010-02-28,MER,CO,15,161.0,1.63416149068323,0.8558698491930672,0.7,1.1,1.4,1.7,5.8
2010-02-28,MER,NO,1,161.0,52.409937888198755,63.336252656919314,0.0,15.0,31.0,63.0,377.0
2010-02-28,MER,NO2,1,161.0,47.316770186335404,17.11338013085391,12.0,38.0,45.0,52.0,131.0
2010-02-28,MER,NOX,1,161.0,99.62732919254658,72.82108381813062,14.0,57.0,76.0,109.0,447.0
2010-02-28,MER,O3,1,160.0,22.1,26.475145577188684,0.0,1.75,9.0,37.25,136.0
2010-02-28,MER,PM10,2,155.0,45.270967741935486,21.147690204971465,4.0,30.5,41.0,60.5,106.0
2010-02-28,MER,PM2.5,2,158.0,21.60126582278481,11.419583064559692,3.0,12.0,19.0,30.75,53.0
2010-02-28,MER,SO2,1,161.0,10.161490683229813,15.000375254105315,0.0,2.0,4.0,9.0,80.0
2010-02-28,MON,O3,1,0.0,,,,,,,
2010-02-28,PED,CO,15,161.0,0.7223602484472048,0.5208136849295899,0.1,0.4,0.6,0.9,3.3
2010-02-28,PED,NO,1,161.0,14.0,28.688630152030612,0.0,0.0,2.0,13.0,196.0
2010-02-28,PED,NO2,1,161.0,28.347826086956523,15.473873492747868,7.0,15.0,27.0,38.0,88.0
2010-02-28,PED,NOX,1,161.0,42.18633540372671,38.45357671416018,7.0,15.0,30.0,54.0,240.0
2010-02-28,PED,O3,1,161.0,31.31055900621118,24.914914214392937,0.0,9.0,27.0,46.0,121.0
2010-02-28,PED,PM10,2,158.0,35.79113924050633,23.148662119645987,1.0,20.0,32.5,50.75,112.0
2010-02-28,PED,SO2,1,161.0,4.962732919254658,7.197992948348314,0.0,1.0,2.0,5.0,33.0
2010-02-28,PER,PM2.5,2,153.0,22.19607843137255,11.032284455614692,1.0,14.0,23.0,29.0,68.0
2010-02-28,PLA,O3,1,161.0,25.757763975155278,26.47068576688077,1.0,4.0,17.0,43.0,139.0
2010-02-28,PLA,SO2,1,161.0,9.167701863354038,9.692933008669716,3.0,3.0,5.0,9.0,49.0
2010-02-28,SAG,CO,15,149.0,1.0724832214765097,0.7388686622495346,0.3,0.5,0.8,1.4,3.8
2010-02-28,SAG,NO,1,147.0,31.98639455782313,46.08835861609142,0.0,5.0,11.0,37.0,199.0
2010-02-28,SAG,NO2,1,147.0,32.074829931972786,12.983175854893826,7.0,20.5,33.0,43.0,58.0
2010-02-28,SAG,NOX,1,147.0,64.05442176870748,52.96752459593417,10.0,24.5,46.0,79.5,250.0
2010-02-28,SAG,O3,1,151.0,25.264900662251655,25.763204248632057,1.0,3.0,17.0,43.0,128.0
2010-02-28,SAG,PM10,2,144.0,59.986111111111114,33.0583265245377,6.0,34.0,53.0,77.0,210.0
2010-02-28,SAG,PM2.5,2,140.0,21.114285714285714,9.301570776518652,3.0,14.0,20.0,27.0,46.0
2010-02-28,SAG,SO2,1,149.0,10.738255033557047,19.533199725828663,1.0,3.0,4.0,8.0,113.0
2010-02-28,SJA,PM2.5,2,148.0,20.5,10.935494228136442,1.0,12.0,19.5,26.25,61.0
2010-02-28,SUR,CO,15,157.0,1.288535031847134,0.9100555176687091,0.2,0.7,1.1,1.5,6.1
2010-02-28,SUR,NO,1,157.0,29.127388535031848,43.67210664607062,1.0,4.0,10.0,33.0,246.0
2010-02-28,SUR,NO2,1,157.0,38.738853503184714,15.955525727509627,9.0,29.0,40.0,48.0,99.0
2010-02-28,SUR,NOX,1,157.0,67.82165605095541,52.72698224073015,10.0,34.0,53.0,79.0,294.0
2010-02-28,SUR,O3,1,157.0,28.97452229299363,29.210541881003714,1.0,3.0,18.0,50.0,127.0
2010-02-28,SUR,PM10,2,154.0,41.98701298701299,21.77694019720796,5.0,27.0,40.0,54.0,100.0
2010-02-28,SUR,SO2,1,157.0,4.910828025477707,8.128279059175142,0.0,0.0,1.0,4.0,37.0
2010-02-28,TAC,CO,15,157.0,0.8541401273885348,0.9378433009631846,0.0,0.3,0.6,1.0,5.2
2010-02-28,TAC,NO,1,157.0,28.515923566878982,55.749853983428565,0.0,3.0,7.0,27.0,324.0
2010-02-28,TAC,NO2,1,157.0,35.853503184713375,18.660191855522964,8.0,23.0,35.0,44.0,119.0
2010-02-28,TAC,NOX,1,157.0,64.2547770700637,66.08899443452478,10.0,25.0,41.0,72.0,377.0
2010-02-28,TAC,O3,1,157.0,30.331210191082803,28.485801351800767,3.0,8.0,22.0,47.0,152.0
2010-02-28,TAC,SO2,1,157.0,9.210191082802547,13.672934075951098,0.0,1.0,3.0,9.0,63.0
2010-02-28,TAH,O3,1,151.0,37.152317880794705,27.649653004301488,0.0,14.0,30.0,57.5,97.0
2010-02-28,TAH,PM10,2,147.0,45.3469387755102,23.45606591557826,4.0,28.5,43.0,58.0,127.0
2010-02-28,TAH,SO2,1,151.0,3.622516556291391,5.47082165901285,0.0,1.0,1.0,3.5,35.0
2010-02-28,TAX,CO,15,158.0,1.9708860759493665,1.2007589848945062,0.7,1.1,1.8,2.3,7.5
2010-02-28,TAX,NO,1,155.0,51.561290322580646,79.09907348948967,0.0,5.5,28.0,57.5,500.0
2010-02-28,TAX,NO2,1,155.0,39.670967741935485,16.834222131470167,8.0,30.0,40.0,49.0,96.0
2010-02-28,TAX,NOX,1,155.0,90.58064516129032,86.4365145730039,7.0,34.0,67.0,114.5,550.0
2010-02-28,TAX,O3,1,158.0,24.620253164556964,24.270137766330173,0.0,2.25,16.5,41.75,109.0
2010-02-28,TAX,PM10,2,157.0,48.5796178343949,24.86221708365028,5.0,29.0,45.0,63.0,107.0
2010-02-28,TAX,SO2,1,158.0,4.613924050632911,8.573195290985723,0.0,0.0,0.0,3.75,40.0
2010-02-28,TLA,CO,15,160.0,1.1406249999999998,0.7202634803542902,0.3,0.7,0.9,1.4,3.9
2010-02-28,TLA,NO,1,159.0,42.522012578616355,56.84865945648883,0.0,11.0,19.0,48.0,313.0
2010-02-28,TLA,NO2,1,159.0,40.930817610062896,19.334209039955596,10.0,27.5,40.0,50.0,128.0
2010-02-28,TLA,NOX,1,159.0,83.41509433962264,68.00691531169869,13.0,39.0,63.0,95.5,365.0
2010-02-28,TLA,O3,1,151.0,25.920529801324502,27.12035476139842,2.0,6.0,16.0,40.0,130.0
2010-02-28,TLA,PM10,2,160.0,49.25625,32.46367043017073,3.0,24.75,37.5,75.0,134.0
2010-02-28,TLA,PM2.5,2,158.0,21.037974683544302,14.900043207712914,2.0,10.0,16.0,28.75,68.0
2010-02-28,TLA,SO2,1,160.0,13.88125,18.326655802221033,2.0,3.0,6.5,15.25,102.0
2010-02-28,TLI,CO,15,157.0,1.3299363057324844,0.6657813000578925,0.6,0.9,1.2,1.6,4.5
2010-02-28,TLI,NO,1,157.0,41.095541401273884,52.763233051479624,3.0,7.0,18.0,53.0,307.0
2010-02-28,TLI,NO2,1,157.0,34.267515923566876,16.461447643916337,6.0,23.0,35.0,44.0,92.0
2010-02-28,TLI,NOX,1,157.0,75.27388535031847,64.74462768178869,11.0,30.0,53.0,103.0,378.0
2010-02-28,TLI,PM10,2,156.0,54.967948717948715,32.326044602395505,2.0,31.0,55.0,69.25,192.0
2010-02-28,TLI,SO2,1,157.0,14.006369426751592,27.612821440198566,0.0,2.0,4.0,12.0,216.0
2010-02-28,TPN,O3,1,76.0,41.73684210526316,23.197338020300307,2.0,24.75,38.0,54.0,109.0
2010-02-28,UIZ,CO,15,155.0,0.9748387096774199,0.9889384015843424,0.0,0.3,0.6,1.1,5.3
2010-02-28,UIZ,NO,1,155.0,27.06451612903226,50.83186921139223,0.0,1.0,5.0,23.5,307.0
2010-02-28,UIZ,NO2,1,155.0,33.21290322580645,16.274028028419846,5.0,21.5,32.0,41.0,95.0
2010-02-28,UIZ,NOX,1,155.0,59.70322580645161,61.617501961440794,3.0,23.0,37.0,67.5,362.0
2010-02-28,UIZ,O3,1,125.0,27.528,25.06751399849049,1.0,4.0,23.0,47.0,88.0
2010-02-28,UIZ,PM2.5,2,158.0,20.20886075949367,9.834978391829324,2.0,13.0,19.0,27.0,55.0
2010-02-28,UIZ,SO2,1,155.0,7.329032258064516,9.252665237241606,1.0,2.0,5.0,7.0,56.0
2010-02-28,VAL,CO,15,159.0,1.3062893081760996,0.9335982882762287,0.5,0.8,1.0,1.4,5.6
2010-02-28,VAL,SO2,1,159.0,11.383647798742139,18.35197321234318,1.0,2.0,4.0,10.5,135.0
2010-02-28,VIF,CO,15,159.0,0.9836477987421386,0.606491697360024,0.3,0.6,0.8,1.1,3.5
2010-02-28,VIF,NO,1,159.0,26.28930817610063,43.02006389604292,0.0,2.0,6.0,31.5,210.0
2010-02-28,VIF,NO2,1,159.0,27.89308176100629,13.755363140469404,5.0,17.0,30.0,36.0,77.0
2010-02-28,VIF,NOX,1,159.0,54.0377358490566,51.19024912000093,6.0,18.5,37.0,68.5,245.0
2010-02-28,VIF,PM10,2,159.0,74.09433962264151,44.086478947464066,5.0,43.0,64.0,91.5,266.0
2010-02-28,VIF,SO2,1,159.0,13.679245283018869,23.817428135109402,0.0,3.0,5.0,12.0,136.0
2010-02-28,XAL,CO,15,154.0,1.537012987012987,1.0954422092548568,0.4,0.9,1.2,1.7,6.7
2010-02-28,XAL,NO,1,153.0,73.90849673202614,92.37917852362084,0.0,18.0,39.0,95.0,503.0
2010-02-28,XAL,NO2,1,153.0,45.1764705882353,15.66554955066876,9.0,36.0,45.0,54.0,105.0
2010-02-28,XAL,NOX,1,153.0,119.12418300653594,102.93299559610288,11.0,53.0,83.0,149.0,577.0
2010-02-28,XAL,O3,1,126.0,21.896825396825395,27.913245419357274,1.0,2.0,8.0,31.0,141.0
2010-02-28,XAL,PM10,2,149.0,120.91946308724832,76.74761346571466,15.0,68.0,95.0,155.0,433.0
2010-02-28,XAL,SO2,1,154.0,9.746753246753247,13.923489199234453,1.0,3.0,5.0,10.0,82.0
2010-03-07,ACO,O3,1,131.0,32.412213740458014,28.39931478832318,0.0,7.5,28.0,52.5,120.0
2010-03-07,ACO,PM2.5,2,129.0,20.550387596899224,8.684541978702443,1.0,14.0,22.0,26.0,41.0
2010-03-07,ACO,SO2,1,125.0,3.328,3.5486844450193917,0.0,1.0,2.0,4.0,28.0
2010-03-07,ARA,SO2,1,161.0,3.8944099378881987,9.382565270537725,0.0,0.0,0.0,2.0,48.0
2010-03-07,ATI,NO,1,99.0,28.95959595959596,42.627460535103666,1.0,4.0,9.0,31.5,211.0
2010-03-07,ATI,NO2,1,99.0,32.111111111111114,18.225844449453955,6.0,20.0,30.0,40.5,108.0
2010-03-07,ATI,NOX,1,99.0,60.93939393939394,53.89252687237969,9.0,22.0,41.0,80.5,252.0
2010-03-07,ATI,SO2,1,91.0,4.648351648351649,5.394181281454275,1.0,2.0,3.0,5.0,42.0
2010-03-07,AZC,NO,1,80.0,36.2625,53.16197931138193,0.0,4.0,12.0,42.0,226.0
2010-03-07,AZC,NO2,1,80.0,42.075,23.737368393060088,6.0,28.75,40.0,49.25,120.0
2010-03-07,AZC,NOX,1,80.0,78.3,68.56529734493974,6.0,31.75,54.5,99.0,309.0
2010-03-07,AZC,O3,1,80.0,23.475,26.189656379300267,0.0,1.0,14.0,41.25,101.0
2010-03-07,AZC,SO2,1,157.0,7.872611464968153,10.783847200522953,0.0,2.0,3.0,9.0,55.0
2010-03-07,CAM,PM2.5,2,143.0,24.90909090909091,13.24732717708549,3.0,14.0,23.0,35.0,61.0
2010-03-07,CES,NO,1,160.0,33.3875,39.79317401405936,1.0,6.75,23.0,39.0,262.0
2010-03-07,CES,NO2,1,160.0,37.9,16.36425003613924,6.0,27.0,37.0,47.0,114.0
2010-03-07,CES,NOX,1,160.0,71.175,49.5708057214548,8.0,40.5,63.0,84.0,334.0
2010-03-07,CES,O3,1,161.0,27.204968944099377,22.3176270054699,5.0,9.0,20.0,40.0,116.0
2010-03-07,CES,PM10,2,160.0,58.575,26.35642248654601,7.0,38.0,56.0,76.0,132.0
2010-03-07,CES,SO2,1,161.0,5.031055900621118,9.181109927623439,0.0,1.0,1.0,4.0,54.0
2010-03-07,CHO,CO,15,150.0,0.5933333333333333,0.5731892020071029,0.0,0.3,0.4,0.7,3.2
2010-03-07,CHO,O3,1,149.0,29.845637583892618,22.505772482408354,0.0,6.0,30.0,48.0,84.0
2010-03-07,CHO,SO2,1,150.0,3.8133333333333335,3.2612976926096513,0.0,1.0,3.0,5.0,15.0
2010-03-07,COY,O3,1,161.0,32.36024844720497,36.69682424867154,1.0,2.0,16.0,57.0,163.0
2010-03-07,COY,PM2.5,2,161.0,19.950310559006212,13.189390263691127,2.0,11.0,16.0,25.0,76.0
2010-03-07,CUA,O3,1,160.0,37.86875,26.870554334653622,1.0,18.0,34.0,49.25,134.0
2010-03-07,FAC,CO,15,159.0,1.8106918238993706,0.9083711388773795,0.7,1.1,1.5,2.5,5.0
2010-03-07,FAC,NO,1,158.0,39.77215189873418,53.327482277344345,0.0,5.0,18.5,52.0,260.0
2010-03-07,FAC,NO2,1,158.0,40.96835443037975,20.49154583671124,6.0,30.0,38.0,48.0,110.0
2010-03-07,FAC,NOX,1,158.0,80.71518987341773,62.421016770612574,6.0,38.25,58.5,113.0,300.0
2010-03-07,FAC,O3,1,159.0,30.0188679245283,33.97513455941782,1.0,3.0,15.0,46.5,132.0
2010-03-07,FAC,PM10,2,156.0,51.47435897435897,26.420043397671062,3.0,31.75,47.0,69.0,119.0
2010-03-07,FAC,SO2,1,159.0,8.465408805031446,7.498337262280842,2.0,3.0,5.0,11.0,46.0
2010-03-07,IMP,CO,15,160.0,1.655,0.8829481775714415,0.5,1.0,1.4,2.1,4.4
2010-03-07,IZT,CO,15,160.0,0.9743750000000002,0.6992580861664611,0.0,0.5,0.8,1.225,3.7
2010-03-07,IZT,NO,1,160.0,27.5,36.461058748086934,0.0,6.0,13.0,37.0,227.0
2010-03-07,IZT,NO2,1,160.0,39.41875,17.458476118057376,6.0,27.0,38.5,47.0,111.0
2010-03-07,IZT,NOX,1,160.0,66.83125,46.27035970366904,9.0,33.75,53.5,87.75,275.0
2010-03-07,IZT,O3,1,145.0,28.924137931034483,34.08447079573463,0.0,2.0,12.0,52.0,148.0
2010-03-07,IZT,PM10,2,160.0,51.525,19.591408077018144,12.0,39.0,49.0,63.0,117.0
2010-03-07,IZT,SO2,1,160.0,8.93125,16.387647547417075,0.0,1.0,3.0,7.25,106.0
2010-03-07,LAG,CO,15,153.0,1.7810457516339877,0.7731303112387815,0.5,1.3,1.6,2.1,4.7
2010-03-07,LAG,NO,1,150.0,37.68,44.88408934700655,0.0,9.0,24.5,46.75,242.0
2010-03-07,LAG,NO2,1,150.0,44.31333333333333,13.873898368101578,10.0,37.25,43.0,49.0,101.0
2010-03-07,LAG,NOX,1,150.0,81.74666666666667,50.94900551837062,9.0,51.0,71.5,97.25,301.0
2010-03-07,LAG,O3,1,153.0,23.758169934640524,31.62943876563142,0.0,1.0,7.0,40.0,142.0
2010-03-07,LAG,SO2,1,153.0,11.065359477124183,13.0321834432131,2.0,4.0,6.0,12.0,65.0
2010-03-07,LLA,SO2,1,0.0,,,,,,,
2010-03-07,LPR,SO2,1,161.0,10.211180124223603,9.99275358565408,3.0,5.0,6.0,10.0,50.0
2010-03-07,LVI,PM10,2,161.0,56.58385093167702,26.033526222500857,7.0,37.0,55.0,73.0,125.0
2010-03-07,LVI,SO2,1,161.0,9.285714285714286,16.07732431540948,0.0,1.0,3.0,7.0,90.0
2010-03-07,MER,CO,15,158.0,1.4962025316455694,0.6997621138962192,0.6,1.1,1.3,1.675,4.9
2010-03-07,MER,NO,1,158.0,38.71518987341772,48.10790575179498,0.0,6.25,24.0,51.0,288.0
2010-03-07,MER,NO2,1,158.0,45.721518987341774,17.84322148862121,8.0,34.25,45.0,52.0,126.0
2010-03-07,MER,NOX,1,158.0,84.36075949367088,57.84453338675658,7.0,47.0,69.0,103.75,350.0
2010-03-07,MER,O3,1,158.0,26.430379746835442,33.173423306430294,0.0,1.0,12.5,44.0,154.0
2010-03-07,MER,PM10,2,161.0,51.72049689440994,22.592369060183852,2.0,36.0,52.0,65.0,127.0
2010-03-07,MER,PM2.5,2,161.0,25.024844720496894,12.304953428680157,3.0,18.0,23.0,30.0,59.0
2010-03-07,MER,SO2,1,158.0,9.379746835443038,16.090748853350927,0.0,2.0,3.0,8.0,91.0
2010-03-07,MON,O3,1,0.0,,,,,,,
2010-03-07,PED,CO,15,156.0,0.6916666666666662,0.4060761621449427,0.1,0.4,0.6,0.9,2.0
2010-03-07,PED,NO,1,149.0,12.080536912751677,21.288087259527025,0.0,1.0,3.0,14.0,104.0
2010-03-07,PED,NO2,1,149.0,28.93959731543624,12.346477880471243,7.0,19.0,29.0,38.0,68.0
2010-03-07,PED,NOX,1,149.0,40.91275167785235,29.13318273543121,6.0,20.0,31.0,53.0,150.0
2010-03-07,PED,O3,1,154.0,32.51948051948052,32.658106277166915,0.0,7.25,20.0,50.25,137.0
2010-03-07,PED,PM10,2,155.0,39.86451612903226,21.445211804556063,1.0,23.0,40.0,55.0,97.0
2010-03-07,PED,SO2,1,152.0,3.6776315789473686,5.124414970561941,0.0,1.0,2.0,4.0,28.0
2010-03-07,PER,PM2.5,2,153.0,25.895424836601308,16.577236849419375,2.0,14.0,22.0,35.0,99.0
2010-03-07,PLA,O3,1,160.0,29.525,35.18968366550043,1.0,2.0,11.5,49.25,142.0
2010-03-07,PLA,SO2,1,161.0,7.428571428571429,6.368589213587934,3.0,4.0,5.0,9.0,33.0
2010-03-07,SAG,CO,15,156.0,0.9249999999999995,0.6316006292260239,0.1,0.5,0.7,1.0,3.8
2010-03-07,SAG,NO,1,156.0,25.80128205128205,39.770051931117784,0.0,4.0,9.5,23.75,219.0
2010-03-07,SAG,NO2,1,156.0,32.28846153846154,12.382094051562401,5.0,23.0,31.0,40.0,71.0
2010-03-07,SAG,NOX,1,156.0,58.02564102564103,46.585467582809734,6.0,29.0,40.5,70.0,262.0
2010-03-07,SAG,O3,1,156.0,32.07692307692308,32.15437329640196,2.0,4.0,20.0,53.25,122.0
2010-03-07,SAG,PM10,2,157.0,66.78343949044586,31.99966315354312,13.0,43.0,66.0,82.0,165.0
2010-03-07,SAG,PM2.5,2,160.0,26.35625,11.423988264246217,3.0,18.0,24.5,35.25,55.0
2010-03-07,SAG,SO2,1,156.0,14.217948717948717,29.422241942557413,2.0,3.0,4.0,8.0,216.0
2010-03-07,SJA,PM2.5,2,157.0,23.522292993630572,12.984006921367428,2.0,15.0,21.0,30.0,66.0
2010-03-07,SUR,CO,15,154.0,1.2123376623376623,0.7719195936722643,0.1,0.7,1.05,1.475,4.5
2010-03-07,SUR,NO,1,154.0,26.324675324675326,43.48177938841494,1.0,3.0,7.0,30.75,277.0
2010-03-07,SUR,NO2,1,154.0,36.746753246753244,15.31309904825247,5.0,26.25,36.5,45.0,93.0
2010-03-07,SUR,NOX,1,154.0,63.04545454545455,50.601395122606334,6.0,31.0,50.5,78.75,323.0
2010-03-07,SUR,O3,1,154.0,33.90909090909091,35.08688815977815,1.0,4.0,20.0,60.5,138.0
2010-03-07,SUR,PM10,2,154.0,52.03896103896104,26.34335453819938,10.0,31.0,51.0,65.0,142.0
2010-03-07,SUR,SO2,1,154.0,4.8441558441558445,7.669760560833771,0.0,0.0,3.0,5.0,37.0
2010-03-07,TAC,CO,15,160.0,0.9718750000000004,0.9283902261170599,0.0,0.3,0.6,1.3,4.1
2010-03-07,TAC,NO,1,160.0,30.1,51.493688933693605,0.0,3.0,7.0,30.0,271.0
2010-03-07,TAC,NO2,1,160.0,41.9875,21.471053352722855,9.0,28.75,38.0,49.0,109.0
2010-03-07,TAC,NOX,1,160.0,72.00625,63.89471458490752,12.0,32.0,46.0,85.25,315.0
2010-03-07,TAC,O3,1,160.0,35.11875,36.66358566958423,2.0,6.0,19.5,54.25,147.0
2010-03-07,TAC,SO2,1,160.0,6.49375,8.292602503997657,1.0,1.0,3.0,9.0,48.0
2010-03-07,TAH,O3,1,159.0,35.094339622641506,23.475490168331316,2.0,14.0,29.0,54.0,93.0
2010-03-07,TAH,PM10,2,160.0,46.125,23.211835519322907,4.0,27.0,44.0,64.0,120.0
2010-03-07,TAH,SO2,1,159.0,2.49685534591195,2.6905230159201254,1.0,1.0,2.0,2.0,15.0
2010-03-07,TAX,CO,15,161.0,1.8757763975155273,0.8376885159111597,0.5,1.3,1.7,2.2,5.7
2010-03-07,TAX,NO,1,161.0,34.006211180124225,36.171552512715344,0.0,12.0,23.0,44.0,234.0
2010-03-07,TAX,NO2,1,161.0,38.3416149068323,17.30899534565124,4.0,29.0,36.0,44.0,134.0
2010-03-07,TAX,NOX,1,161.0,72.21739130434783,45.917683909929245,6.0,45.0,60.0,89.0,298.0
2010-03-07,TAX,O3,1,161.0,25.81366459627329,25.736211106373077,0.0,4.0,17.0,40.0,116.0
2010-03-07,TAX,PM10,2,160.0,50.58125,23.897967565748864,1.0,33.0,48.5,67.0,131.0
2010-03-07,TAX,SO2,1,161.0,5.6894409937888195,8.845363209646003,0.0,1.0,2.0,5.0,59.0
2010-03-07,TLA,CO,15,157.0,1.275796178343949,0.7173134773981991,0.3,0.8,1.1,1.7,3.8
2010-03-07,TLA,NO,1,156.0,45.26282051282051,54.9891616510941,0.0,10.0,22.5,52.75,317.0
2010-03-07,TLA,NO2,1,156.0,46.76923076923077,20.16635529430341,11.0,35.0,43.0,55.0,122.0
2010-03-07,TLA,NOX,1,156.0,92.06410256410257,65.90958415667286,16.0,46.5,71.0,109.5,365.0
2010-03-07,TLA,O3,1,142.0,31.37323943661972,33.6927311130629,1.0,3.0,17.0,48.0,128.0
2010-03-07,TLA,PM10,2,157.0,62.35031847133758,32.34467146739665,2.0,40.0,59.0,81.0,176.0
2010-03-07,TLA,PM2.5,2,154.0,28.0,17.043197711559124,1.0,14.0,24.0,36.0,78.0
2010-03-07,TLA,SO2,1,157.0,14.503184713375797,18.63812752088828,2.0,5.0,8.0,16.0,122.0
2010-03-07,TLI,CO,15,161.0,1.4583850931677014,0.6807678574788891,0.6,1.1,1.2,1.6,3.9
2010-03-07,TLI,NO,1,161.0,31.720496894409937,49.6093755226928,0.0,4.0,10.0,37.0,258.0
2010-03-07,TLI,NO2,1,161.0,32.54037267080745,15.562372003015746,3.0,21.0,35.0,41.0,93.0
2010-03-07,TLI,NOX,1,161.0,64.21739130434783,59.21198101442118,6.0,24.0,46.0,78.0,302.0
2010-03-07,TLI,PM10,2,160.0,68.3625,38.04143512229163,4.0,41.0,63.0,87.25,192.0
2010-03-07,TLI,SO2,1,161.0,16.391304347826086,30.95282174395484,0.0,2.0,5.0,14.0,177.0
2010-03-07,TPN,O3,1,152.0,39.28947368421053,23.76419243536929,4.0,22.0,31.0,51.0,114.0
2010-03-07,UIZ,CO,15,157.0,1.2617834394904457,0.890731119451818,0.0,0.7,1.0,1.7,4.4
2010-03-07,UIZ,NO,1,148.0,17.62837837837838,35.15433037751152,0.0,0.0,1.0,19.0,198.0
2010-03-07,UIZ,NO2,1,148.0,29.45945945945946,18.524621739462916,3.0,15.75,26.0,39.25,117.0
2010-03-07,UIZ,NOX,1,148.0,45.87837837837838,47.59150232920888,2.0,15.0,26.5,60.75,238.0
2010-03-07,UIZ,O3,1,157.0,28.62420382165605,26.568347760585727,1.0,5.0,22.0,50.0,113.0
2010-03-07,UIZ,PM2.5,2,131.0,21.48854961832061,14.79520005958988,1.0,12.0,18.0,25.5,76.0
2010-03-07,UIZ,SO2,1,157.0,7.261146496815287,12.997113336713486,0.0,1.0,3.0,6.0,78.0
2010-03-07,VAL,CO,15,155.0,1.120645161290322,0.7232409716975519,0.2,0.7,0.9,1.3,4.2
2010-03-07,VAL,SO2,1,158.0,12.360759493670885,17.99122870310755,1.0,3.0,5.0,10.75,102.0
2010-03-07,VIF,CO,15,161.0,1.0285714285714285,0.358369322666675,0.3,0.8,1.0,1.2,2.8
2010-03-07,VIF,NO,1,161.0,18.82608695652174,27.74156746143577,0.0,2.0,6.0,21.0,150.0
2010-03-07,VIF,NO2,1,161.0,28.73913043478261,12.580004838597256,5.0,17.0,32.0,37.0,58.0
2010-03-07,VIF,NOX,1,161.0,47.49068322981366,34.85418160214466,5.0,20.0,42.0,63.0,193.0
2010-03-07,VIF,PM10,2,161.0,81.75776397515529,35.54007885428708,5.0,57.0,77.0,101.0,190.0
2010-03-07,VIF,SO2,1,157.0,18.414012738853504,37.13869441562628,1.0,4.0,6.0,12.0,258.0
2010-03-07,XAL,CO,15,159.0,1.327672955974843,0.9016098085067826,0.3,0.8,1.0,1.4,4.9
2010-03-07,XAL,NO,1,150.0,58.13333333333333,80.3319177054621,0.0,8.0,27.0,63.75,440.0
2010-03-07,XAL,NO2,1,150.0,45.193333333333335,15.996936227918438,8.0,36.0,45.0,53.0,102.0
2010-03-07,XAL,NOX,1,150.0,103.32666666666667,88.76320180979124,8.0,45.5,75.5,122.0,505.0
2010-03-07,XAL,O3,1,159.0,28.69811320754717,31.13278111105113,1.0,3.5,16.0,47.0,127.0
2010-03-07,XAL,PM10,2,159.0,111.38364779874213,63.968326690016966,18.0,68.0,96.0,130.0,388.0
2010-03-07,XAL,SO2,1,159.0,11.79874213836478,18.036453900194616,1.0,4.0,6.0,10.0,138.0
2010-03-14,ACO,O3,1,73.0,26.36986301369863,20.820333843861942,0.0,9.0,22.0,40.0,80.0
2010-03-14,ACO,PM2.5,2,64.0,19.78125,10.251548469950578,5.0,13.75,19.0,23.25,71.0
2010-03-14,ACO,SO2,1,71.0,5.366197183098592,6.586218157463834,1.0,2.0,3.0,5.0,34.0
2010-03-14,ARA,SO2,1,95.0,8.16842105263158,17.47317252586664,0.0,0.0,1.0,5.0,85.0
2010-03-14,ATI,NO,1,146.0,16.986301369863014,25.94556271978853,1.0,3.0,6.0,20.0,146.0
2010-03-14,ATI,NO2,1,146.0,26.164383561643834,18.43573269393464,3.0,9.25,21.0,42.0,92.0
2010-03-14,ATI,NOX,1,146.0,43.07534246575342,39.011065736299855,5.0,13.0,26.5,62.75,197.0
2010-03-14,ATI,SO2,1,146.0,7.719178082191781,15.480685697494776,1.0,2.0,2.0,4.0,105.0
2010-03-14,AZC,NO,1,0.0,,,,,,,
2010-03-14,AZC,NO2,1,0.0,,,,,,,
2010-03-14,AZC,NOX,1,0.0,,,,,,,
2010-03-14,AZC,O3,1,0.0,,,,,,,
2010-03-14,AZC,SO2,1,161.0,5.701863354037267,13.664664613747787,0.0,1.0,1.0,3.0,88.0
2010-03-14,CAM,PM2.5,2,160.0,16.01875,9.790556273183093,1.0,10.0,13.0,20.0,56.0
2010-03-14,CES,NO,1,158.0,26.89240506329114,32.86618021343733,1.0,6.0,15.0,32.0,183.0
2010-03-14,CES,NO2,1,158.0,30.79113924050633,14.435471967454466,5.0,19.25,31.0,40.0,80.0
2010-03-14,CES,NOX,1,158.0,57.56962025316456,43.230881726917396,8.0,25.25,45.5,72.0,240.0
2010-03-14,CES,O3,1,158.0,25.18354430379747,19.700573436510012,0.0,6.25,21.5,40.75,87.0
2010-03-14,CES,PM10,2,158.0,54.651898734177216,39.768906846754774,6.0,29.25,42.0,74.5,231.0
2010-03-14,CES,SO2,1,158.0,5.417721518987341,13.53373477429872,0.0,1.0,1.0,3.0,90.0
2010-03-14,CHO,CO,15,160.0,0.45499999999999996,0.5967205976821258,0.0,0.2,0.3,0.5,4.0
2010-03-14,CHO,O3,1,159.0,35.0377358490566,20.255921713450324,0.0,22.5,35.0,49.0,77.0
2010-03-14,CHO,SO2,1,160.0,3.83125,4.427219799968451,1.0,2.0,2.0,4.0,30.0
2010-03-14,COY,O3,1,145.0,24.455172413793104,25.12136632384893,1.0,3.0,15.0,44.0,95.0
2010-03-14,COY,PM2.5,2,139.0,14.81294964028777,10.130716919080653,3.0,8.0,12.0,18.0,57.0
2010-03-14,CUA,O3,1,158.0,37.9746835443038,18.121651675643648,1.0,25.0,37.0,50.75,92.0
2010-03-14,FAC,CO,15,161.0,1.4130434782608692,0.6257126371968417,0.6,1.0,1.3,1.7,4.8
2010-03-14,FAC,NO,1,161.0,20.62111801242236,30.322010178123694,0.0,3.0,9.0,24.0,220.0
2010-03-14,FAC,NO2,1,161.0,27.565217391304348,17.327284340273746,4.0,11.0,26.0,38.0,93.0
2010-03-14,FAC,NOX,1,161.0,48.06832298136646,41.963991144730635,3.0,16.0,36.0,65.0,254.0
2010-03-14,FAC,O3,1,161.0,31.96894409937888,22.269211470168976,0.0,13.0,29.0,50.0,96.0
2010-03-14,FAC,PM10,2,160.0,39.50625,19.980177873623532,7.0,25.0,35.5,48.25,112.0
2010-03-14,FAC,SO2,1,161.0,6.279503105590062,10.19142481459549,2.0,2.0,3.0,5.0,77.0
2010-03-14,IMP,CO,15,141.0,1.208510638297872,0.6186955588404331,0.5,0.7,1.1,1.5,3.4
2010-03-14,IZT,CO,15,161.0,0.8478260869565217,0.6776878850659924,0.1,0.4,0.7,1.1,3.7
2010-03-14,IZT,NO,1,161.0,24.198757763975156,34.25452887498534,0.0,3.0,8.0,28.0,191.0
2010-03-14,IZT,NO2,1,161.0,32.81366459627329,14.408419833965178,8.0,21.0,34.0,42.0,74.0
2010-03-14,IZT,NOX,1,161.0,56.75155279503105,43.29347974232099,8.0,25.0,44.0,74.0,227.0
2010-03-14,IZT,O3,1,161.0,24.981366459627328,24.90443536041558,0.0,2.0,17.0,43.0,101.0
2010-03-14,IZT,PM10,2,161.0,47.72049689440994,21.607351520988246,15.0,32.0,44.0,58.0,116.0
2010-03-14,IZT,SO2,1,161.0,8.118012422360248,21.033419503847774,1.0,1.0,2.0,4.0,155.0
2010-03-14,LAG,CO,15,156.0,1.476923076923078,0.670083880531304,0.6,0.9,1.3,1.8,3.9
2010-03-14,LAG,NO,1,156.0,27.23076923076923,32.47070066975936,0.0,5.0,14.0,34.25,168.0
2010-03-14,LAG,NO2,1,156.0,37.77564102564103,12.251964275931154,15.0,28.0,39.0,45.0,80.0
2010-03-14,LAG,NOX,1,156.0,64.71153846153847,39.215535041429774,16.0,35.0,53.5,81.25,206.0
2010-03-14,LAG,O3,1,156.0,19.243589743589745,20.65175827705307,0.0,2.0,10.0,31.0,88.0
2010-03-14,LAG,SO2,1,156.0,10.16025641025641,16.705222978833277,2.0,3.0,4.5,8.0,116.0
2010-03-14,LLA,SO2,1,0.0,,,,,,,
2010-03-14,LPR,SO2,1,159.0,10.163522012578616,17.417390630564526,3.0,4.0,4.0,7.0,123.0
2010-03-14,LVI,PM10,2,152.0,46.75,25.927880107857202,1.0,29.75,42.0,62.0,130.0
2010-03-14,LVI,SO2,1,153.0,8.50326797385621,22.331275031068973,0.0,0.0,1.0,5.0,137.0
2010-03-14,MER,CO,15,157.0,1.454140127388535,0.5454344828760278,0.7,1.1,1.3,1.7,3.9
2010-03-14,MER,NO,1,157.0,41.32484076433121,39.61549433998526,0.0,12.0,29.0,52.0,215.0
2010-03-14,MER,NO2,1,157.0,41.853503184713375,13.148469388655577,15.0,32.0,41.0,49.0,88.0
2010-03-14,MER,NOX,1,157.0,83.12738853503184,46.97254054841435,17.0,49.0,71.0,101.0,266.0
2010-03-14,MER,O3,1,157.0,20.095541401273884,22.37838455693536,0.0,1.0,10.0,34.0,96.0
2010-03-14,MER,PM10,2,156.0,46.37820512820513,26.571229395651986,2.0,27.0,39.5,64.25,120.0
2010-03-14,MER,PM2.5,2,155.0,18.683870967741935,9.586756854965582,4.0,13.0,17.0,22.0,60.0
2010-03-14,MER,SO2,1,157.0,6.802547770700637,17.83810366000837,0.0,0.0,1.0,3.0,119.0
2010-03-14,MON,O3,1,0.0,,,,,,,
2010-03-14,PED,CO,15,156.0,0.5410256410256411,0.38569113413611106,0.1,0.2,0.45,0.8,2.0
2010-03-14,PED,NO,1,156.0,12.647435897435898,21.328098833102185,0.0,1.0,3.0,15.5,141.0
2010-03-14,PED,NO2,1,156.0,28.397435897435898,13.185367983747447,7.0,17.0,27.5,39.0,62.0
2010-03-14,PED,NOX,1,156.0,40.98076923076923,30.790755033508006,8.0,18.0,31.0,54.25,181.0
2010-03-14,PED,O3,1,156.0,27.01923076923077,22.41643151764151,0.0,8.0,21.0,46.0,97.0
2010-03-14,PED,PM10,2,153.0,35.928104575163395,19.05086839268246,1.0,23.0,31.0,47.0,96.0
2010-03-14,PED,SO2,1,156.0,3.7884615384615383,8.149418831750232,0.0,1.0,1.0,2.0,54.0
2010-03-14,PER,PM2.5,2,157.0,20.445859872611464,11.108667731780901,3.0,12.0,18.0,27.0,59.0
2010-03-14,PLA,O3,1,144.0,24.770833333333332,22.78839072309082,0.0,4.0,18.0,44.0,99.0
2010-03-14,PLA,SO2,1,144.0,6.916666666666667,7.694789809331386,2.0,3.0,5.0,7.0,49.0
2010-03-14,SAG,CO,15,160.0,0.7681250000000002,0.5018671897032411,0.1,0.4,0.7,0.9,2.7
2010-03-14,SAG,NO,1,160.0,16.20625,25.43510595181143,0.0,3.0,6.0,16.25,141.0
2010-03-14,SAG,NO2,1,160.0,27.56875,11.926726962487894,6.0,17.75,28.0,35.0,62.0
2010-03-14,SAG,NOX,1,160.0,43.74375,32.16999791301314,8.0,20.0,36.0,53.25,188.0
2010-03-14,SAG,O3,1,160.0,31.0375,26.21125772347716,2.0,9.0,24.0,47.75,127.0
2010-03-14,SAG,PM10,2,157.0,58.99363057324841,36.08581240052992,2.0,35.0,52.0,76.0,214.0
2010-03-14,SAG,PM2.5,2,157.0,22.38216560509554,11.842738244436772,2.0,14.0,20.0,30.0,88.0
2010-03-14,SAG,SO2,1,160.0,11.3625,23.805418626330496,1.0,3.0,4.0,7.0,158.0
2010-03-14,SJA,PM2.5,2,156.0,16.416666666666668,10.554288737413247,1.0,10.0,14.0,19.0,58.0
2010-03-14,SUR,CO,15,155.0,1.1070967741935482,0.6705405531592293,0.3,0.6,0.9,1.45,4.2
2010-03-14,SUR,NO,1,155.0,23.44516129032258,30.130913912261313,0.0,3.0,8.0,36.5,160.0
2010-03-14,SUR,NO2,1,155.0,31.53548387096774,14.94721336117032,8.0,20.0,31.0,42.0,74.0
2010-03-14,SUR,NOX,1,155.0,55.012903225806454,40.99999795641018,8.0,25.5,40.0,81.0,206.0
2010-03-14,SUR,O3,1,155.0,27.038709677419355,25.381219120415444,1.0,3.0,20.0,46.0,92.0
2010-03-14,SUR,PM10,2,152.0,43.03947368421053,26.780906903157604,2.0,25.0,39.0,57.25,218.0
2010-03-14,SUR,SO2,1,155.0,6.219354838709678,10.257889562788376,2.0,2.0,3.0,5.0,70.0
2010-03-14,TAC,CO,15,142.0,0.6063380281690146,0.6493002003501982,0.0,0.2,0.4,0.8,4.2
2010-03-14,TAC,NO,1,153.0,17.80392156862745,30.587677864651692,0.0,2.0,4.0,19.0,214.0
2010-03-14,TAC,NO2,1,153.0,30.026143790849673,15.772622730382468,9.0,16.0,29.0,40.0,89.0
2010-03-14,TAC,NOX,1,153.0,47.673202614379086,40.84918186151015,5.0,19.0,34.0,62.0,260.0
2010-03-14,TAC,O3,1,151.0,31.509933774834437,22.82304903664097,2.0,10.0,27.0,48.0,96.0
2010-03-14,TAC,SO2,1,153.0,5.633986928104576,12.298775952137698,1.0,1.0,2.0,3.0,87.0
2010-03-14,TAH,O3,1,159.0,38.0188679245283,21.737930362198988,1.0,20.0,37.0,54.5,92.0
2010-03-14,TAH,PM10,2,148.0,49.33783783783784,29.48320265559132,1.0,30.0,48.0,64.0,192.0
2010-03-14,TAH,SO2,1,160.0,3.1125,6.837730599287138,0.0,1.0,1.0,2.0,45.0
2010-03-14,TAX,CO,15,158.0,1.4721518987341775,1.024158714419407,0.3,0.7,1.2,1.9,5.9
2010-03-14,TAX,NO,1,150.0,39.92666666666667,57.24046729540967,0.0,3.0,18.0,56.75,339.0
2010-03-14,TAX,NO2,1,150.0,34.49333333333333,15.137289689699678,8.0,24.0,33.5,44.75,80.0
2010-03-14,TAX,NOX,1,150.0,73.66,66.96356116194787,5.0,25.25,57.0,95.5,385.0
2010-03-14,TAX,O3,1,158.0,22.569620253164558,21.943287379090915,0.0,1.25,13.5,41.75,78.0
2010-03-14,TAX,PM10,2,154.0,47.285714285714285,22.13822125501808,14.0,31.0,41.5,60.75,128.0
2010-03-14,TAX,SO2,1,158.0,6.2784810126582276,14.950395013302408,0.0,0.0,2.0,4.0,108.0
2010-03-14,TLA,CO,15,159.0,1.0383647798742142,0.5756447944562714,0.3,0.6,0.8,1.3,3.5
2010-03-14,TLA,NO,1,157.0,30.343949044585987,46.88880919680967,0.0,6.0,12.0,33.0,329.0
2010-03-14,TLA,NO2,1,157.0,34.94904458598726,16.658637621806474,9.0,20.0,34.0,47.0,91.0
2010-03-14,TLA,NOX,1,157.0,65.21019108280255,56.63717541567392,11.0,27.0,48.0,84.0,388.0
2010-03-14,TLA,O3,1,145.0,29.17241379310345,22.632432734778046,2.0,9.0,26.0,46.0,101.0
2010-03-14,TLA,PM10,2,161.0,44.07453416149068,25.008386791992166,2.0,29.0,40.0,53.0,131.0
2010-03-14,TLA,PM2.5,2,161.0,17.62111801242236,11.712676946037403,3.0,9.0,14.0,23.0,73.0
2010-03-14,TLA,SO2,1,153.0,10.69281045751634,19.123656143274626,2.0,3.0,4.0,9.0,136.0
2010-03-14,TLI,CO,15,153.0,0.9928104575163397,0.5806195165922479,0.2,0.5,0.9,1.3,2.8
2010-03-14,TLI,NO,1,86.0,24.77906976744186,28.539096470627467,2.0,5.0,10.0,34.75,125.0
2010-03-14,TLI,NO2,1,86.0,36.19767441860465,16.16009592825478,10.0,22.0,34.0,50.25,72.0
2010-03-14,TLI,NOX,1,86.0,60.906976744186046,38.58485771478289,12.0,29.5,45.5,85.0,163.0
2010-03-14,TLI,PM10,2,157.0,54.59235668789809,29.82340231798975,1.0,34.0,49.0,73.0,134.0
2010-03-14,TLI,SO2,1,153.0,12.366013071895425,29.596575111690417,1.0,2.0,3.0,6.0,203.0
2010-03-14,TPN,O3,1,161.0,37.38509316770186,15.96796093424316,7.0,24.0,34.0,49.0,80.0
2010-03-14,UIZ,CO,15,149.0,1.1865771812080548,0.8321786546526948,0.3,0.6,0.9,1.6,4.2
2010-03-14,UIZ,NO,1,149.0,22.174496644295303,34.99068052442663,0.0,3.0,5.0,23.0,174.0
2010-03-14,UIZ,NO2,1,149.0,29.825503355704697,14.96876547276711,6.0,17.0,31.0,40.0,78.0
2010-03-14,UIZ,NOX,1,149.0,51.70469798657718,45.645446674384914,1.0,19.0,36.0,67.0,231.0
2010-03-14,UIZ,O3,1,104.0,28.25,24.870831357781036,1.0,4.0,23.5,45.25,93.0
2010-03-14,UIZ,PM2.5,2,151.0,17.91390728476821,11.080878663927326,3.0,11.0,15.0,21.0,61.0
2010-03-14,UIZ,SO2,1,149.0,7.691275167785235,18.41191569552654,1.0,1.0,2.0,4.0,137.0
2010-03-14,VAL,CO,15,156.0,1.0544871794871797,0.5081710340373344,0.3,0.7,0.9,1.2,3.3
2010-03-14,VAL,SO2,1,156.0,10.788461538461538,23.517737880953216,0.0,1.0,2.0,5.0,134.0
2010-03-14,VIF,CO,15,153.0,1.0058823529411764,0.44871678063786063,0.3,0.6,1.0,1.3,2.2
2010-03-14,VIF,NO,1,153.0,14.673202614379084,21.2159417672306,0.0,2.0,5.0,17.0,103.0
2010-03-14,VIF,NO2,1,153.0,28.254901960784313,13.259817322194023,6.0,17.0,30.0,38.0,60.0
2010-03-14,VIF,NOX,1,153.0,42.75816993464052,28.923907918198154,7.0,20.0,39.0,55.0,139.0
2010-03-14,VIF,PM10,2,159.0,70.18238993710692,39.02123007778837,1.0,44.0,64.0,89.5,256.0
2010-03-14,VIF,SO2,1,133.0,16.007518796992482,30.044284547123233,0.0,1.0,5.0,21.0,228.0
2010-03-14,XAL,CO,15,160.0,1.106875,0.5998030992431062,0.3,0.7,0.9,1.4,3.4
2010-03-14,XAL,NO,1,160.0,42.7375,53.73385233530585,0.0,8.0,21.5,52.25,246.0
2010-03-14,XAL,NO2,1,160.0,39.09375,13.94679777723165,13.0,29.0,39.0,49.25,73.0
2010-03-14,XAL,NOX,1,160.0,81.775,62.546179166291914,14.0,36.0,66.0,105.75,305.0
2010-03-14,XAL,O3,1,160.0,23.8375,24.414370317241886,1.0,3.0,14.5,42.0,97.0
2010-03-14,XAL,PM10,2,153.0,93.63398692810458,51.10692501665232,8.0,58.0,82.0,113.0,334.0
2010-03-14,XAL,SO2,1,160.0,8.125,14.125560043441835,0.0,2.0,3.0,7.0,79.0
2010-03-21,ACO,O3,1,73.0,26.89041095890411,21.193920540672096,0.0,4.0,27.0,48.0,75.0
2010-03-21,ACO,PM2.5,2,63.0,21.761904761904763,16.71556574719647,1.0,14.0,18.0,26.0,126.0
2010-03-21,ACO,SO2,1,73.0,4.273972602739726,4.000903627003816,1.0,2.0,3.0,4.0,27.0
2010-03-21,ARA,SO2,1,155.0,4.309677419354839,9.762483012563493,0.0,0.0,1.0,4.0,57.0
2010-03-21,ATI,NO,1,161.0,16.180124223602483,27.82532304366782,0.0,3.0,4.0,13.0,152.0
2010-03-21,ATI,NO2,1,161.0,21.59006211180124,15.05592576433339,3.0,8.0,21.0,31.0,97.0
2010-03-21,ATI,NOX,1,161.0,37.701863354037265,38.36955901500838,6.0,11.0,24.0,45.0,191.0
2010-03-21,ATI,SO2,1,161.0,15.118012422360248,28.729422827910188,1.0,2.0,3.0,13.0,179.0
2010-03-21,AZC,NO,1,78.0,12.5,32.15092250903259,0.0,1.0,2.0,10.0,233.0
2010-03-21,AZC,NO2,1,78.0,21.371794871794872,12.693294041331965,5.0,10.5,19.0,31.0,57.0
2010-03-21,AZC,NOX,1,78.0,33.756410256410255,39.775077329362624,5.0,11.25,20.5,41.75,276.0
2010-03-21,AZC,O3,1,78.0,25.358974358974358,19.9661885358394,0.0,8.0,23.5,37.0,101.0
2010-03-21,AZC,SO2,1,156.0,8.679487179487179,21.976816869949953,0.0,1.0,1.0,7.0,149.0
2010-03-21,CAM,PM2.5,2,160.0,17.9375,11.558267753392785,2.0,8.0,16.0,25.25,58.0
2010-03-21,CES,NO,1,159.0,24.0188679245283,30.39163602839514,1.0,4.0,13.0,31.0,160.0
2010-03-21,CES,NO2,1,159.0,25.930817610062892,14.209160664713355,4.0,15.0,26.0,35.0,87.0
2010-03-21,CES,NOX,1,159.0,49.9622641509434,39.512678111588876,6.0,18.5,41.0,66.0,194.0
2010-03-21,CES,O3,1,161.0,19.683229813664596,20.5260268805998,0.0,3.0,13.0,29.0,90.0
2010-03-21,CES,PM10,2,156.0,42.97435897435897,29.5900917849962,3.0,22.0,37.5,55.0,155.0
2010-03-21,CES,SO2,1,161.0,3.3229813664596275,6.6347593065536765,0.0,0.0,1.0,3.0,48.0
2010-03-21,CHO,CO,15,103.0,0.6572815533980583,0.6703235890733303,0.0,0.2,0.5,0.7,4.0
2010-03-21,CHO,O3,1,99.0,23.616161616161616,21.93622810521028,0.0,2.0,19.0,37.0,85.0
2010-03-21,CHO,SO2,1,96.0,4.270833333333333,3.391876259742316,1.0,2.0,3.0,5.0,21.0
2010-03-21,COY,O3,1,149.0,22.966442953020135,23.48732151015492,1.0,5.0,15.0,34.0,105.0
2010-03-21,COY,PM2.5,2,140.0,15.835714285714285,11.779515639225515,2.0,8.0,12.5,19.0,55.0
2010-03-21,CUA,O3,1,161.0,28.142857142857142,16.20295387531898,3.0,16.0,27.0,38.0,77.0
2010-03-21,FAC,CO,15,161.0,1.392546583850932,0.7552774982606602,0.7,0.9,1.1,1.6,4.6
2010-03-21,FAC,NO,1,161.0,23.571428571428573,40.73001262670352,0.0,3.0,7.0,22.0,213.0
2010-03-21,FAC,NO2,1,161.0,25.024844720496894,16.01091436745534,4.0,12.0,23.0,35.0,90.0
2010-03-21,FAC,NOX,1,161.0,48.43478260869565,49.621036694215654,4.0,16.0,30.0,60.0,245.0
2010-03-21,FAC,O3,1,161.0,22.73913043478261,19.59448957587644,1.0,7.0,17.0,34.0,99.0
2010-03-21,FAC,PM10,2,160.0,38.63125,23.458948990435392,3.0,22.0,32.0,49.0,119.0
2010-03-21,FAC,SO2,1,161.0,12.478260869565217,23.21208924152505,2.0,2.0,4.0,11.0,133.0
2010-03-21,IMP,CO,15,157.0,1.1152866242038226,0.685019708222526,0.4,0.7,0.9,1.4,4.8
2010-03-21,IZT,CO,15,159.0,0.6408805031446535,0.5368937660374459,0.0,0.2,0.5,0.9,2.7
2010-03-21,IZT,NO,1,154.0,15.116883116883116,24.424071500323517,0.0,1.0,5.0,15.0,125.0
2010-03-21,IZT,NO2,1,154.0,24.707792207792206,12.41753205284116,4.0,15.0,25.0,35.0,64.0
2010-03-21,IZT,NOX,1,154.0,39.34415584415584,31.98046378121851,5.0,17.0,31.5,51.0,168.0
2010-03-21,IZT,O3,1,158.0,23.189873417721518,22.934454346293464,0.0,5.0,14.5,36.0,103.0
2010-03-21,IZT,PM10,2,158.0,39.5,17.720674168711263,11.0,26.0,37.0,48.0,104.0
2010-03-21,IZT,SO2,1,159.0,7.515723270440252,16.50962716686115,1.0,1.0,2.0,6.0,104.0
2010-03-21,LAG,CO,15,131.0,1.263358778625954,0.5681557352685063,0.6,0.8,1.1,1.5,3.3
2010-03-21,LAG,NO,1,127.0,21.700787401574804,28.457240259459496,0.0,4.0,9.0,25.5,132.0
2010-03-21,LAG,NO2,1,127.0,30.944881889763778,12.300023929912305,12.0,21.0,32.0,40.0,65.0
2010-03-21,LAG,NOX,1,127.0,52.28346456692913,34.730686682317724,13.0,26.0,44.0,66.5,165.0
2010-03-21,LAG,O3,1,118.0,16.279661016949152,19.261087646340375,0.0,2.0,10.0,22.0,94.0
2010-03-21,LAG,SO2,1,131.0,12.282442748091603,23.14179529275324,3.0,3.0,5.0,9.0,149.0
2010-03-21,LLA,SO2,1,0.0,,,,,,,
2010-03-21,LPR,SO2,1,161.0,9.819875776397515,17.657819867822642,2.0,3.0,4.0,7.0,110.0
2010-03-21,LVI,PM10,2,153.0,42.745098039215684,22.656917559824706,1.0,26.0,38.0,57.0,124.0
2010-03-21,LVI,SO2,1,155.0,7.393548387096774,23.093681818293785,0.0,0.0,0.0,3.0,173.0
2010-03-21,MER,CO,15,142.0,1.2711267605633803,0.4763306834416751,0.6,1.0,1.2,1.4,3.1
2010-03-21,MER,NO,1,142.0,34.859154929577464,31.391057033686195,0.0,12.0,27.0,46.0,156.0
2010-03-21,MER,NO2,1,142.0,33.87323943661972,10.929729873395047,12.0,26.0,35.0,41.0,69.0
2010-03-21,MER,NOX,1,142.0,68.64788732394366,35.371021753719624,14.0,47.25,58.0,80.0,203.0
2010-03-21,MER,O3,1,142.0,16.908450704225352,21.903367702971966,0.0,1.0,8.5,22.75,104.0
2010-03-21,MER,PM10,2,140.0,41.1,21.733937258973093,7.0,27.0,37.0,51.0,149.0
2010-03-21,MER,PM2.5,2,75.0,10.733333333333333,7.041063596970033,1.0,4.0,9.0,15.0,29.0
2010-03-21,MER,SO2,1,142.0,8.338028169014084,20.88668764804515,0.0,2.0,3.0,5.0,149.0
2010-03-21,MON,O3,1,32.0,34.28125,20.80048754856637,2.0,11.75,39.0,47.5,66.0
2010-03-21,PED,CO,15,153.0,0.4679738562091501,0.2857707939598213,0.1,0.3,0.4,0.6,1.4
2010-03-21,PED,NO,1,152.0,8.598684210526315,13.695486697197962,0.0,1.0,4.0,9.25,84.0
2010-03-21,PED,NO2,1,152.0,21.68421052631579,10.096501953175887,7.0,14.0,21.0,27.25,55.0
2010-03-21,PED,NOX,1,152.0,30.18421052631579,20.11207704542753,8.0,16.0,24.0,37.25,114.0
2010-03-21,PED,O3,1,153.0,22.483660130718953,20.260833546253522,0.0,7.0,19.0,31.0,95.0
2010-03-21,PED,PM10,2,127.0,31.53543307086614,14.05024728675256,4.0,22.5,30.0,39.0,74.0
2010-03-21,PED,SO2,1,151.0,4.139072847682119,9.992023308686004,0.0,1.0,1.0,3.0,80.0
2010-03-21,PER,PM2.5,2,153.0,23.81699346405229,18.29129714994507,2.0,12.0,19.0,29.0,110.0
2010-03-21,PLA,O3,1,161.0,20.801242236024844,21.138477912262392,0.0,4.0,14.0,30.0,98.0
2010-03-21,PLA,SO2,1,161.0,8.347826086956522,13.543107504172204,2.0,3.0,3.0,6.0,102.0
2010-03-21,SAG,CO,15,157.0,0.6662420382165606,0.5097201519948616,0.1,0.3,0.5,0.8,3.6
2010-03-21,SAG,NO,1,157.0,14.955414012738853,24.11626325102792,0.0,3.0,6.0,14.0,167.0
2010-03-21,SAG,NO2,1,157.0,21.484076433121018,10.438835955061492,4.0,12.0,21.0,28.0,52.0
2010-03-21,SAG,NOX,1,157.0,36.42675159235669,30.916803957464776,7.0,15.0,28.0,43.0,210.0
2010-03-21,SAG,O3,1,157.0,25.936305732484076,22.184159724342944,2.0,6.0,21.0,39.0,106.0
2010-03-21,SAG,PM10,2,156.0,51.22435897435897,29.199773246567357,6.0,29.0,46.0,63.0,166.0
2010-03-21,SAG,PM2.5,2,157.0,18.923566878980893,11.151946709025614,1.0,10.0,17.0,26.0,67.0
2010-03-21,SAG,SO2,1,157.0,10.05732484076433,25.096797741947316,1.0,2.0,3.0,6.0,170.0
2010-03-21,SJA,PM2.5,2,116.0,17.612068965517242,11.048329837758196,2.0,9.0,15.0,25.0,57.0
2010-03-21,SUR,CO,15,150.0,0.9139999999999996,0.43627926528249805,0.3,0.6,0.8,1.1,2.8
2010-03-21,SUR,NO,1,150.0,14.426666666666666,20.68924652325995,0.0,4.0,6.0,17.0,125.0
2010-03-21,SUR,NO2,1,150.0,24.846666666666668,11.975218632556947,5.0,14.25,24.0,35.0,59.0
2010-03-21,SUR,NOX,1,150.0,39.22666666666667,27.471314304555705,10.0,17.25,34.0,49.0,151.0
2010-03-21,SUR,O3,1,150.0,23.58,23.907615815043787,1.0,4.0,17.0,35.0,111.0
2010-03-21,SUR,PM10,2,145.0,42.11724137931034,26.707391675619373,3.0,25.0,36.0,52.0,159.0
2010-03-21,SUR,SO2,1,150.0,5.513333333333334,6.95791439347562,2.0,3.0,3.0,5.0,46.0
2010-03-21,TAC,CO,15,159.0,0.4157232704402517,0.6150573289318495,0.0,0.0,0.1,0.6,3.3
2010-03-21,TAC,NO,1,161.0,18.70807453416149,35.3517396586704,0.0,3.0,5.0,15.0,189.0
2010-03-21,TAC,NO2,1,161.0,27.124223602484474,15.233088066760775,7.0,13.0,27.0,37.0,82.0
2010-03-21,TAC,NOX,1,161.0,45.81987577639752,43.849870039539134,9.0,17.0,31.0,53.0,240.0
2010-03-21,TAC,O3,1,161.0,23.527950310559007,20.522262945336102,2.0,9.0,17.0,32.0,106.0
2010-03-21,TAC,SO2,1,161.0,8.763975155279503,20.350219755554935,0.0,1.0,2.0,7.0,161.0
2010-03-21,TAH,O3,1,136.0,30.11764705882353,22.888800050592245,0.0,8.75,30.0,44.0,84.0
2010-03-21,TAH,PM10,2,152.0,41.723684210526315,21.775555092390544,6.0,26.75,37.5,54.5,126.0
2010-03-21,TAH,SO2,1,153.0,2.111111111111111,1.15596596400652,1.0,1.0,2.0,2.0,8.0
2010-03-21,TAX,CO,15,152.0,1.258552631578947,0.8242551587633503,0.3,0.6749999999999999,1.0,1.7,4.8
2010-03-21,TAX,NO,1,135.0,40.577777777777776,42.23397279100609,1.0,11.5,23.0,54.5,215.0
2010-03-21,TAX,NO2,1,135.0,31.6,15.620594901431469,5.0,21.0,31.0,39.0,88.0
2010-03-21,TAX,NOX,1,135.0,71.67407407407407,50.775894743563086,10.0,34.5,59.0,94.5,272.0
2010-03-21,TAX,O3,1,152.0,17.486842105263158,19.558364631219852,0.0,2.0,9.0,28.0,76.0
2010-03-21,TAX,PM10,2,153.0,43.470588235294116,22.41241984854585,3.0,29.0,39.0,53.0,111.0
2010-03-21,TAX,SO2,1,152.0,4.546052631578948,6.763594420177427,0.0,2.0,3.0,4.0,49.0
2010-03-21,TLA,CO,15,158.0,0.9145569620253159,0.5451378542847226,0.4,0.6,0.75,1.1,3.3
2010-03-21,TLA,NO,1,155.0,25.24516129032258,40.60329810919239,0.0,7.0,11.0,25.5,231.0
2010-03-21,TLA,NO2,1,155.0,28.774193548387096,15.126114164006422,4.0,17.0,30.0,37.5,91.0
2010-03-21,TLA,NOX,1,155.0,53.94838709677419,49.358981017864515,8.0,25.0,39.0,64.0,272.0
2010-03-21,TLA,O3,1,153.0,21.54901960784314,20.04302647348245,0.0,6.0,15.0,30.0,100.0
2010-03-21,TLA,PM10,2,155.0,41.225806451612904,25.62708297193825,8.0,24.0,33.0,51.5,154.0
2010-03-21,TLA,PM2.5,2,156.0,19.897435897435898,12.579132483129447,4.0,11.0,17.0,26.0,69.0
2010-03-21,TLA,SO2,1,156.0,12.634615384615385,28.04399459339452,0.0,1.75,4.0,11.0,233.0
2010-03-21,TLI,CO,15,161.0,0.9012422360248443,0.5514738862402905,0.4,0.6,0.7,1.0,4.2
2010-03-21,TLI,NO,1,161.0,19.869565217391305,36.786738513148755,1.0,4.0,8.0,16.0,255.0
2010-03-21,TLI,NO2,1,161.0,24.88198757763975,11.666393445484545,7.0,15.0,24.0,33.0,55.0
2010-03-21,TLI,NOX,1,161.0,44.745341614906835,44.079229732253935,10.0,22.0,31.0,49.0,302.0
2010-03-21,TLI,PM10,2,159.0,48.937106918238996,30.2202224050389,4.0,26.0,41.0,61.5,147.0
2010-03-21,TLI,SO2,1,161.0,15.645962732919255,41.11696881122931,1.0,2.0,3.0,8.0,344.0
2010-03-21,TPN,O3,1,81.0,23.728395061728396,18.884525639845315,1.0,12.0,19.0,29.0,94.0
2010-03-21,UIZ,CO,15,142.0,0.8352112676056341,0.6000233072421796,0.2,0.5,0.7,1.0,4.6
2010-03-21,UIZ,NO,1,142.0,15.373239436619718,26.358308245126445,0.0,4.0,8.0,15.0,201.0
2010-03-21,UIZ,NO2,1,142.0,22.591549295774648,10.13536392232554,6.0,14.0,22.0,30.0,57.0
2010-03-21,UIZ,NOX,1,142.0,37.92253521126761,31.82868012710396,10.0,20.0,30.5,42.0,240.0
2010-03-21,UIZ,O3,1,131.0,22.64885496183206,20.517506095310655,1.0,5.5,17.0,33.5,115.0
2010-03-21,UIZ,PM2.5,2,134.0,16.44776119402985,12.58628395604684,1.0,9.0,12.5,20.0,64.0
2010-03-21,UIZ,SO2,1,142.0,2.943661971830986,4.492349127043978,1.0,1.0,2.0,3.0,48.0
2010-03-21,VAL,CO,15,158.0,1.0094936708860762,0.6097705504232795,0.3,0.625,0.9,1.1,4.5
2010-03-21,VAL,SO2,1,158.0,11.930379746835444,29.65923602157573,0.0,1.0,2.5,7.0,199.0
2010-03-21,VIF,CO,15,161.0,0.9006211180124225,0.3426909858768422,0.5,0.7,0.8,1.0,3.0
2010-03-21,VIF,NO,1,161.0,12.677018633540373,22.760602607486042,0.0,1.0,3.0,11.0,154.0
2010-03-21,VIF,NO2,1,161.0,20.919254658385093,11.801469800028888,4.0,11.0,19.0,31.0,61.0
2010-03-21,VIF,NOX,1,161.0,33.41614906832298,30.54679995642162,5.0,11.0,22.0,44.0,190.0
2010-03-21,VIF,PM10,2,158.0,64.05696202531645,36.071981058205225,5.0,38.0,57.0,84.75,192.0
2010-03-21,VIF,SO2,1,161.0,12.099378881987578,36.02624129869505,0.0,0.0,1.0,7.0,220.0
2010-03-21,XAL,CO,15,160.0,1.0474999999999992,0.6728284426267571,0.4,0.6,0.8,1.2,4.2
2010-03-21,XAL,NO,1,160.0,42.125,56.10678834252774,0.0,10.0,24.0,44.25,312.0
2010-03-21,XAL,NO2,1,160.0,34.06875,14.49663672770668,9.0,22.0,34.5,44.0,72.0
2010-03-21,XAL,NOX,1,160.0,76.04375,64.65801150095679,9.0,35.0,59.5,83.0,373.0
2010-03-21,XAL,O3,1,160.0,18.16875,19.172248640275043,1.0,2.0,13.0,24.5,98.0
2010-03-21,XAL,PM10,2,158.0,78.5632911392405,49.28578218315241,1.0,44.0,69.0,98.75,238.0
2010-03-21,XAL,SO2,1,160.0,8.675,17.55872447051455,0.0,1.0,3.0,7.0,107.0
2010-03-28,ACO,O3,1,153.0,42.47712418300654,36.279993937379864,0.0,12.0,35.0,62.0,155.0
2010-03-28,ACO,PM2.5,2,148.0,21.85810810810811,9.099607627883216,1.0,15.0,21.5,28.0,57.0
2010-03-28,ACO,SO2,1,143.0,2.825174825174825,1.8663615477627589,1.0,2.0,2.0,3.0,17.0
2010-03-28,ARA,SO2,1,156.0,4.096153846153846,8.201320779668196,0.0,1.0,3.0,4.0,81.0
2010-03-28,ATI,NO,1,160.0,21.03125,33.24625516812988,0.0,2.0,4.5,29.0,191.0
2010-03-28,ATI,NO2,1,160.0,31.85,15.508650456880853,6.0,22.0,30.0,40.0,82.0
2010-03-28,ATI,NOX,1,160.0,52.88125,43.86921269326636,7.0,23.75,35.5,67.0,239.0
2010-03-28,ATI,SO2,1,159.0,12.830188679245284,27.438125454286922,2.0,3.0,4.0,8.5,199.0
2010-03-28,AZC,NO,1,155.0,21.083870967741934,34.02900879343624,0.0,1.0,6.0,26.0,181.0
2010-03-28,AZC,NO2,1,155.0,35.36129032258064,15.731878410547687,9.0,23.0,33.0,43.0,93.0
2010-03-28,AZC,NOX,1,155.0,56.33548387096774,44.34095720624045,9.0,24.0,41.0,72.5,236.0
2010-03-28,AZC,O3,1,146.0,36.102739726027394,39.613256132356156,0.0,3.0,21.0,58.0,154.0
2010-03-28,AZC,SO2,1,152.0,10.348684210526315,22.31153886376179,0.0,1.0,2.0,6.0,126.0
2010-03-28,CAM,PM2.5,2,151.0,21.2317880794702,12.805958877860611,5.0,13.0,17.0,26.0,77.0
2010-03-28,CES,NO,1,161.0,21.86335403726708,25.3334010977627,1.0,4.0,15.0,28.0,142.0
2010-03-28,CES,NO2,1,161.0,30.248447204968944,11.664599787337663,11.0,22.0,29.0,38.0,70.0
2010-03-28,CES,NOX,1,161.0,52.03105590062112,34.773629081577106,12.0,28.0,43.0,66.0,206.0
2010-03-28,CES,O3,1,161.0,28.391304347826086,24.461238192557698,0.0,7.0,23.0,46.0,102.0
2010-03-28,CES,PM10,2,157.0,51.910828025477706,28.988144304308523,6.0,33.0,45.0,64.0,216.0
2010-03-28,CES,SO2,1,161.0,3.577639751552795,6.804997934930617,0.0,1.0,2.0,3.0,59.0
2010-03-28,CHO,CO,15,129.0,0.42093023255813966,0.29729888648795305,0.1,0.2,0.4,0.5,1.8
2010-03-28,CHO,O3,1,129.0,36.06976744186046,23.76814637233505,0.0,15.0,32.0,56.0,90.0
2010-03-28,CHO,SO2,1,73.0,1.2328767123287672,1.6626664323142495,0.0,0.0,1.0,2.0,8.0
2010-03-28,COY,O3,1,152.0,34.18421052631579,33.59368062866215,1.0,4.0,23.5,61.25,135.0
2010-03-28,COY,PM2.5,2,151.0,17.08609271523179,8.645569499152725,5.0,11.0,14.0,21.0,53.0
2010-03-28,CUA,O3,1,138.0,42.68115942028985,27.447889713798087,1.0,24.0,37.0,58.75,142.0
2010-03-28,FAC,CO,15,155.0,1.4200000000000002,0.8229973726110397,0.5,0.9,1.2,1.7,5.0
2010-03-28,FAC,NO,1,155.0,28.309677419354838,44.70445048037619,0.0,2.0,10.0,32.5,242.0
2010-03-28,FAC,NO2,1,155.0,32.903225806451616,15.46666889376829,4.0,21.5,31.0,43.0,94.0
2010-03-28,FAC,NOX,1,155.0,61.038709677419355,53.1816153018735,2.0,24.0,44.0,75.0,285.0
2010-03-28,FAC,O3,1,155.0,36.38709677419355,35.58625648487709,1.0,7.0,24.0,56.0,151.0
2010-03-28,FAC,PM10,2,155.0,49.148387096774194,35.69400865516729,2.0,32.5,44.0,55.5,381.0
2010-03-28,FAC,SO2,1,155.0,10.096774193548388,21.110954315805,2.0,3.0,4.0,7.5,177.0
2010-03-28,IMP,CO,15,161.0,1.2503105590062102,0.7070293685203679,0.3,0.7,1.0,1.5,4.0
2010-03-28,IZT,CO,15,149.0,0.6496644295302014,0.5291022689007507,0.1,0.3,0.5,0.8,2.6
2010-03-28,IZT,NO,1,145.0,16.79310344827586,23.768821942867195,0.0,3.0,7.0,18.0,111.0
2010-03-28,IZT,NO2,1,145.0,29.910344827586208,10.76447168117008,10.0,22.0,28.0,36.0,69.0
2010-03-28,IZT,NOX,1,145.0,46.43448275862069,31.490036738516256,12.0,25.0,34.0,54.0,150.0
2010-03-28,IZT,O3,1,127.0,31.251968503937007,33.02956071483351,0.0,4.5,17.0,51.5,129.0
2010-03-28,IZT,PM10,2,154.0,48.9025974025974,22.95655729026392,20.0,35.0,43.5,55.75,210.0
2010-03-28,IZT,SO2,1,149.0,5.932885906040268,11.952984716893965,1.0,2.0,2.0,3.0,85.0
2010-03-28,LAG,CO,15,161.0,1.403105590062112,0.6621388034476274,0.5,1.0,1.3,1.6,4.9
2010-03-28,LAG,NO,1,161.0,24.86335403726708,37.978200473167824,0.0,2.0,10.0,29.0,280.0
2010-03-28,LAG,NO2,1,161.0,37.86335403726708,11.420101189574646,18.0,31.0,36.0,43.0,73.0
2010-03-28,LAG,NOX,1,161.0,62.006211180124225,45.21593979096447,12.0,33.0,46.0,76.0,340.0
2010-03-28,LAG,O3,1,151.0,29.70860927152318,32.756798664088755,0.0,3.5,15.0,54.5,126.0
2010-03-28,LAG,SO2,1,161.0,9.360248447204969,10.619294229744662,3.0,4.0,6.0,8.0,67.0
2010-03-28,LLA,SO2,1,0.0,,,,,,,
2010-03-28,LPR,SO2,1,155.0,8.141935483870968,9.241660831845955,2.0,4.0,5.0,7.0,56.0
2010-03-28,LVI,PM10,2,158.0,54.575949367088604,37.63828757752032,7.0,32.0,47.5,67.75,353.0
2010-03-28,LVI,SO2,1,156.0,6.583333333333333,14.988149440671922,0.0,0.0,1.5,5.0,99.0
2010-03-28,MER,CO,15,152.0,1.293421052631579,0.5068629728005744,0.6,0.9,1.15,1.6,3.1
2010-03-28,MER,NO,1,152.0,30.394736842105264,35.33981824476003,1.0,5.0,15.5,49.25,160.0
2010-03-28,MER,NO2,1,152.0,37.026315789473685,12.476705377028804,13.0,28.0,37.5,43.25,83.0
2010-03-28,MER,NOX,1,152.0,67.42105263157895,43.08770146373179,17.0,35.0,55.5,89.5,212.0
2010-03-28,MER,O3,1,151.0,29.158940397350992,32.97859764862292,0.0,2.0,14.0,50.5,126.0
2010-03-28,MER,PM10,2,152.0,49.63815789473684,36.42220219149599,6.0,30.0,43.0,59.25,387.0
2010-03-28,MER,PM2.5,2,152.0,13.427631578947368,10.328127846662696,2.0,8.0,11.0,15.0,65.0
2010-03-28,MER,SO2,1,143.0,6.545454545454546,11.88425830207865,0.0,2.0,2.0,5.0,86.0
2010-03-28,MON,O3,1,161.0,41.26086956521739,27.631395580736246,1.0,16.0,41.0,64.0,111.0
2010-03-28,PED,CO,15,158.0,0.5620253164556959,0.3197546023506489,0.2,0.3,0.45,0.7,2.0
2010-03-28,PED,NO,1,157.0,7.917197452229299,14.647114786965997,0.0,1.0,2.0,7.0,99.0
2010-03-28,PED,NO2,1,157.0,26.477707006369428,12.735769326958696,10.0,16.0,23.0,34.0,87.0
2010-03-28,PED,NOX,1,157.0,34.40127388535032,25.530740614316915,9.0,18.0,25.0,40.0,173.0
2010-03-28,PED,O3,1,158.0,36.08227848101266,29.228065473718356,1.0,12.0,27.0,58.75,118.0
2010-03-28,PED,PM10,2,155.0,44.174193548387095,28.843092847807267,14.0,29.0,41.0,51.5,277.0
2010-03-28,PED,SO2,1,158.0,4.094936708860759,11.698869222227037,0.0,1.0,1.0,2.75,114.0
2010-03-28,PER,PM2.5,2,156.0,25.955128205128204,17.03178923365324,2.0,14.0,21.0,31.0,91.0
2010-03-28,PLA,O3,1,156.0,32.78846153846154,34.42935911734007,1.0,5.75,17.0,56.0,138.0
2010-03-28,PLA,SO2,1,156.0,6.769230769230769,14.679301272747285,2.0,3.0,3.0,5.0,135.0
2010-03-28,SAG,CO,15,150.0,0.8066666666666663,0.5555898572557444,0.2,0.42500000000000004,0.7,1.0,3.5
2010-03-28,SAG,NO,1,150.0,18.666666666666668,32.466951016031736,0.0,2.0,5.0,20.75,216.0
2010-03-28,SAG,NO2,1,150.0,26.68,9.642829515957724,9.0,18.0,28.0,33.0,51.0
2010-03-28,SAG,NOX,1,150.0,45.28,38.304523363006545,9.0,22.0,34.0,54.5,253.0
2010-03-28,SAG,O3,1,150.0,36.57333333333333,33.903207400418545,2.0,9.25,26.0,55.5,146.0
2010-03-28,SAG,PM10,2,106.0,60.64150943396226,39.9900436845271,3.0,33.25,54.0,76.5,207.0
2010-03-28,SAG,PM2.5,2,76.0,26.75,16.614953104558154,7.0,16.75,22.0,32.25,114.0
2010-03-28,SAG,SO2,1,151.0,6.708609271523179,9.080080325616436,2.0,3.0,4.0,6.0,73.0
2010-03-28,SJA,PM2.5,2,0.0,,,,,,,
2010-03-28,SUR,CO,15,153.0,1.144444444444444,0.5675303016358278,0.5,0.7,0.9,1.5,3.1
2010-03-28,SUR,NO,1,153.0,18.77124183006536,29.44005880197086,0.0,2.0,4.0,24.0,154.0
2010-03-28,SUR,NO2,1,153.0,29.66013071895425,13.821304778213731,9.0,18.0,27.0,39.0,78.0
2010-03-28,SUR,NOX,1,153.0,48.37908496732026,38.92435419062475,10.0,21.0,34.0,65.0,199.0
2010-03-28,SUR,O3,1,153.0,35.254901960784316,33.92067554018001,1.0,4.0,24.0,64.0,140.0
2010-03-28,SUR,PM10,2,156.0,46.55769230769231,21.24457893193078,12.0,33.0,43.0,57.0,148.0
2010-03-28,SUR,SO2,1,153.0,6.228758169934641,14.062125659123327,2.0,2.0,3.0,4.0,118.0
2010-03-28,TAC,CO,15,152.0,0.5868421052631575,0.7119308890602987,0.0,0.1,0.3,0.725,3.3
2010-03-28,TAC,NO,1,152.0,23.723684210526315,42.03628161204519,0.0,2.0,5.0,24.25,217.0
2010-03-28,TAC,NO2,1,152.0,34.13157894736842,17.515058501518254,10.0,21.0,33.0,44.0,101.0
2010-03-28,TAC,NOX,1,152.0,57.75657894736842,54.17887918560421,10.0,22.0,37.0,64.25,274.0
2010-03-28,TAC,O3,1,149.0,38.23489932885906,35.144756492861056,2.0,10.0,28.0,61.0,151.0
2010-03-28,TAC,SO2,1,151.0,8.933774834437086,20.903801528006678,0.0,1.0,2.0,5.0,132.0
2010-03-28,TAH,O3,1,156.0,38.717948717948715,25.103346357522547,0.0,15.0,37.5,57.0,103.0
2010-03-28,TAH,PM10,2,153.0,46.45751633986928,22.96936945726926,2.0,32.0,45.0,54.0,220.0
2010-03-28,TAH,SO2,1,156.0,2.2564102564102564,3.186406196635739,0.0,1.0,1.0,2.0,32.0
2010-03-28,TAX,CO,15,157.0,1.122929936305733,0.6088948176046212,0.4,0.7,1.0,1.4,3.8
2010-03-28,TAX,NO,1,135.0,24.022222222222222,26.742962993126635,0.0,4.0,16.0,29.0,133.0
2010-03-28,TAX,NO2,1,135.0,30.488888888888887,12.951036762893958,12.0,21.5,30.0,36.0,79.0
2010-03-28,TAX,NOX,1,135.0,54.525925925925925,37.11113395099645,12.0,25.0,46.0,70.0,196.0
2010-03-28,TAX,O3,1,156.0,30.743589743589745,28.948869674267083,0.0,7.0,22.0,51.25,129.0
2010-03-28,TAX,PM10,2,155.0,46.16774193548387,29.892843115758662,3.0,28.5,40.0,56.5,288.0
2010-03-28,TAX,SO2,1,156.0,5.4743589743589745,11.512376912135952,0.0,2.0,2.0,3.0,81.0
2010-03-28,TLA,CO,15,157.0,1.181528662420382,0.5457083911867774,0.4,0.8,1.0,1.3,3.1
2010-03-28,TLA,NO,1,156.0,37.97435897435897,48.77306881386405,1.0,7.0,17.0,47.5,261.0
2010-03-28,TLA,NO2,1,156.0,40.083333333333336,15.098369206247806,12.0,29.0,39.0,50.0,91.0
2010-03-28,TLA,NOX,1,156.0,78.07051282051282,58.52676390027512,15.0,37.0,56.5,97.75,322.0
2010-03-28,TLA,O3,1,149.0,37.8255033557047,39.87170837784474,1.0,4.0,19.0,66.0,156.0
2010-03-28,TLA,PM10,2,161.0,57.099378881987576,40.63191556045323,8.0,35.0,50.0,70.0,433.0
2010-03-28,TLA,PM2.5,2,160.0,28.86875,14.167960077840968,5.0,19.0,25.0,36.0,87.0
2010-03-28,TLA,SO2,1,157.0,10.40764331210191,20.293663092653134,0.0,2.0,4.0,8.0,108.0
2010-03-28,TLI,CO,15,160.0,1.0887499999999994,0.5441498475638612,0.4,0.7,1.0,1.225,3.6
2010-03-28,TLI,NO,1,160.0,22.23125,37.29134350374716,1.0,3.0,5.5,23.5,244.0
2010-03-28,TLI,NO2,1,160.0,30.125,10.632660020874214,10.0,21.0,31.0,37.0,66.0
2010-03-28,TLI,NOX,1,160.0,52.325,43.738869204007585,12.0,24.0,37.0,66.0,284.0
2010-03-28,TLI,PM10,2,160.0,67.3625,44.70722192022113,7.0,36.75,58.0,90.25,266.0
2010-03-28,TLI,SO2,1,159.0,13.20754716981132,24.239332893778656,1.0,2.0,4.0,9.5,134.0
2010-03-28,TPN,O3,1,141.0,43.92198581560284,24.066595379721367,10.0,25.0,39.0,58.0,136.0
2010-03-28,UIZ,CO,15,157.0,0.8216560509554136,0.5119493253340079,0.2,0.5,0.6,1.0,2.6
2010-03-28,UIZ,NO,1,156.0,12.91025641025641,19.81246652012942,0.0,3.0,4.0,13.0,106.0
2010-03-28,UIZ,NO2,1,156.0,24.28846153846154,11.362649404466975,7.0,14.0,23.5,33.0,55.0
2010-03-28,UIZ,NOX,1,156.0,37.13461538461539,28.309142838281304,11.0,17.75,27.0,45.5,146.0
2010-03-28,UIZ,O3,1,125.0,39.872,31.448364232551523,1.0,12.0,33.0,66.0,110.0
2010-03-28,UIZ,PM2.5,2,153.0,19.405228758169933,10.49964780643463,1.0,13.0,17.0,23.0,70.0
2010-03-28,UIZ,SO2,1,158.0,4.2405063291139244,8.341768420361493,0.0,1.0,2.0,3.0,71.0
2010-03-28,VAL,CO,15,161.0,0.9354037267080747,0.6775332037885854,0.2,0.5,0.8,1.1,4.9
2010-03-28,VAL,SO2,1,161.0,9.652173913043478,18.45205302587126,1.0,2.0,3.0,6.0,99.0
2010-03-28,VIF,CO,15,160.0,1.0793749999999998,0.36135608929481217,0.6,0.8,1.0,1.2,2.9
2010-03-28,VIF,NO,1,160.0,15.30625,26.919165479743,0.0,1.0,3.0,17.25,156.0
2010-03-28,VIF,NO2,1,160.0,27.36875,10.819050211745793,8.0,18.75,29.5,35.0,58.0
2010-03-28,VIF,NOX,1,160.0,42.40625,33.324646077093185,8.0,19.75,32.0,54.5,194.0
2010-03-28,VIF,PM10,2,160.0,84.80625,53.43796696070203,15.0,52.0,70.5,101.5,438.0
2010-03-28,VIF,SO2,1,160.0,13.03125,21.705409543685636,0.0,3.0,4.0,9.0,120.0
2010-03-28,XAL,CO,15,155.0,1.181935483870968,0.8734519491643213,0.4,0.7,0.9,1.25,5.7
2010-03-28,XAL,NO,1,154.0,47.48051948051948,82.22909339786963,0.0,4.0,12.5,53.0,436.0
2010-03-28,XAL,NO2,1,154.0,37.175324675324674,13.479169655426825,12.0,28.0,35.0,43.0,79.0
2010-03-28,XAL,NOX,1,154.0,84.46753246753246,90.37519244548118,11.0,33.25,49.5,96.5,508.0
2010-03-28,XAL,O3,1,155.0,34.645161290322584,36.426895646415645,1.0,2.0,22.0,59.0,132.0
2010-03-28,XAL,PM10,2,158.0,106.73417721518987,78.80132380483938,18.0,57.0,83.0,133.5,629.0
2010-03-28,XAL,SO2,1,155.0,6.232258064516129,7.356258361138998,1.0,2.0,4.0,7.0,45.0
2010-04-04,ACO,O3,1,159.0,39.0440251572327,27.038497147573928,0.0,15.0,37.0,63.5,107.0
2010-04-04,ACO,PM2.5,2,158.0,27.025316455696203,13.126988471555036,5.0,19.0,25.0,32.0,86.0
2010-04-04,ACO,SO2,1,160.0,2.09375,1.2579151914699247,1.0,1.0,2.0,3.0,8.0
2010-04-04,ARA,SO2,1,105.0,6.095238095238095,0.49075705888197974,5.0,6.0,6.0,6.0,7.0
2010-04-04,ATI,NO,1,150.0,8.386666666666667,14.6391892295147,0.0,2.0,3.0,7.0,87.0
2010-04-04,ATI,NO2,1,150.0,22.66,10.60570316373768,4.0,15.25,21.5,29.0,64.0
2010-04-04,ATI,NOX,1,150.0,31.046666666666667,22.700659797840032,7.0,17.25,24.0,36.0,137.0
2010-04-04,ATI,SO2,1,150.0,11.046666666666667,17.63284635824609,2.0,3.0,4.0,9.0,95.0
2010-04-04,AZC,NO,1,124.0,6.290322580645161,15.527983757394026,0.0,0.0,1.0,3.0,99.0
2010-04-04,AZC,NO2,1,124.0,27.475806451612904,12.503959509267014,6.0,17.75,26.0,36.0,72.0
2010-04-04,AZC,NOX,1,124.0,33.41935483870968,24.906360167960216,5.0,17.75,26.0,40.0,141.0
2010-04-04,AZC,O3,1,149.0,39.25503355704698,34.6763324462744,1.0,11.0,26.0,68.0,128.0
2010-04-04,AZC,SO2,1,156.0,6.865384615384615,11.883350531357605,1.0,2.0,3.0,5.0,88.0
2010-04-04,CAM,PM2.5,2,128.0,21.546875,11.67800232013063,2.0,15.0,19.0,24.0,65.0
2010-04-04,CES,NO,1,160.0,13.94375,16.484124962707725,1.0,3.75,8.5,18.25,92.0
2010-04-04,CES,NO2,1,160.0,27.48125,10.924539266078941,7.0,20.0,27.5,34.0,59.0
2010-04-04,CES,NOX,1,160.0,41.325,23.848723974672637,8.0,24.75,36.0,52.5,134.0
2010-04-04,CES,O3,1,161.0,31.08695652173913,26.23580361460933,0.0,8.0,25.0,49.0,100.0
2010-04-04,CES,PM10,2,153.0,44.849673202614376,23.037375593469974,1.0,28.0,42.0,60.0,111.0
2010-04-04,CES,SO2,1,161.0,1.7888198757763976,1.5867023109589515,0.0,1.0,1.0,2.0,12.0
2010-04-04,CHO,CO,15,143.0,0.5139860139860138,0.5044312651010686,0.1,0.2,0.3,0.6,2.5
2010-04-04,CHO,O3,1,136.0,33.1764705882353,22.76933687056025,0.0,13.0,31.0,55.0,74.0
2010-04-04,CHO,SO2,1,127.0,1.015748031496063,1.6570400650792503,0.0,0.0,0.0,1.0,7.0
2010-04-04,COY,O3,1,156.0,36.98076923076923,33.28885721811936,1.0,7.0,26.0,61.0,127.0
2010-04-04,COY,PM2.5,2,155.0,19.858064516129033,10.565466111424275,3.0,14.0,18.0,22.0,68.0
2010-04-04,CUA,O3,1,161.0,43.41614906832298,27.51603146490494,3.0,21.0,39.0,60.0,117.0
2010-04-04,FAC,CO,15,159.0,0.8779874213836482,0.38296772490875775,0.4,0.6,0.8,1.0,2.4
2010-04-04,FAC,NO,1,154.0,10.525974025974026,16.6537981896957,0.0,1.0,4.0,13.0,98.0
2010-04-04,FAC,NO2,1,154.0,27.844155844155843,13.209785375807595,8.0,19.0,26.0,33.0,77.0
2010-04-04,FAC,NOX,1,154.0,38.16883116883117,25.917870584181266,8.0,20.25,30.0,47.0,135.0
2010-04-04,FAC,O3,1,159.0,41.62264150943396,30.89358608728835,1.0,17.0,31.0,64.0,125.0
2010-04-04,FAC,PM10,2,158.0,40.37341772151899,17.686039035912227,6.0,29.0,39.0,49.75,100.0
2010-04-04,FAC,SO2,1,159.0,7.2578616352201255,10.154635928554669,2.0,3.0,4.0,5.0,55.0
2010-04-04,IMP,CO,15,161.0,1.0701863354037264,0.4877044084915696,0.4,0.7,1.0,1.2,2.9
2010-04-04,IZT,CO,15,151.0,0.6039735099337745,0.3922381580455063,0.1,0.3,0.5,0.8,1.8
2010-04-04,IZT,NO,1,139.0,9.928057553956835,15.81901272491006,0.0,1.0,3.0,9.5,71.0
2010-04-04,IZT,NO2,1,139.0,30.503597122302157,12.7730321101056,9.0,19.0,31.0,39.0,73.0
2010-04-04,IZT,NOX,1,139.0,39.81294964028777,24.29664745326935,9.0,21.0,31.0,51.0,125.0
2010-04-04,IZT,O3,1,150.0,33.10666666666667,31.481995849053497,0.0,6.0,23.0,57.75,118.0
2010-04-04,IZT,PM10,2,156.0,44.63461538461539,13.88900077153723,21.0,36.0,44.0,50.25,119.0
2010-04-04,IZT,SO2,1,151.0,3.1788079470198674,4.048186577905772,0.0,1.0,2.0,3.0,29.0
2010-04-04,LAG,CO,15,160.0,1.2800000000000007,0.5257878186005067,0.6,0.9,1.1,1.5,3.3
2010-04-04,LAG,NO,1,134.0,16.02238805970149,24.33088523274851,0.0,3.0,7.0,20.0,153.0
2010-04-04,LAG,NO2,1,134.0,34.61940298507463,12.413789795405037,10.0,25.0,33.5,42.0,72.0
2010-04-04,LAG,NOX,1,134.0,50.42537313432836,33.08507531359632,12.0,28.25,41.0,62.5,204.0
2010-04-04,LAG,O3,1,160.0,30.91875,29.378461257340497,1.0,6.0,19.5,51.25,105.0
2010-04-04,LAG,SO2,1,160.0,8.2,7.757163457454043,4.0,5.0,6.0,8.0,56.0
2010-04-04,LLA,SO2,1,0.0,,,,,,,
2010-04-04,LPR,SO2,1,161.0,6.366459627329193,2.7786899813441543,3.0,5.0,5.0,7.0,16.0
2010-04-04,LVI,PM10,2,155.0,54.23870967741936,24.184110880978807,12.0,36.5,51.0,66.5,189.0
2010-04-04,LVI,SO2,1,158.0,3.5443037974683542,8.694822338580332,0.0,0.0,1.0,3.0,67.0
2010-04-04,MER,CO,15,159.0,1.2308176100628934,0.43848844009048454,0.7,0.9,1.1,1.4,3.2
2010-04-04,MER,NO,1,159.0,20.144654088050313,27.79509939457443,0.0,3.0,8.0,24.5,149.0
2010-04-04,MER,NO2,1,159.0,35.38993710691824,13.068907903627135,9.0,25.0,36.0,43.0,72.0
2010-04-04,MER,NOX,1,159.0,55.534591194968556,35.603438156087584,10.0,31.5,46.0,68.5,195.0
2010-04-04,MER,O3,1,159.0,33.74842767295598,32.57279453339355,0.0,4.0,22.0,59.0,114.0
2010-04-04,MER,PM10,2,155.0,42.30967741935484,18.906319888160354,9.0,28.5,40.0,49.0,111.0
2010-04-04,MER,PM2.5,2,151.0,16.91390728476821,8.348205713286331,3.0,11.0,15.0,21.0,47.0
2010-04-04,MER,SO2,1,126.0,5.261904761904762,6.122977800291056,1.0,2.25,3.0,5.75,41.0
2010-04-04,MON,O3,1,157.0,40.35668789808917,27.894262974819366,1.0,15.0,40.0,62.0,114.0
2010-04-04,PED,CO,15,158.0,0.5056962025316454,0.25494939447554926,0.2,0.3,0.4,0.6,1.4
2010-04-04,PED,NO,1,156.0,4.75,10.264014809030625,0.0,0.0,0.0,4.0,61.0
2010-04-04,PED,NO2,1,156.0,22.641025641025642,11.200200872593093,6.0,14.0,20.5,30.0,63.0
2010-04-04,PED,NOX,1,156.0,27.26923076923077,18.50696334647292,6.0,14.0,21.0,38.0,105.0
2010-04-04,PED,O3,1,158.0,40.24050632911393,30.647041477675376,0.0,16.0,29.0,63.0,127.0
2010-04-04,PED,PM10,2,56.0,48.392857142857146,30.03675237948493,19.0,27.0,38.0,54.0,132.0
2010-04-04,PED,SO2,1,157.0,2.127388535031847,2.1564634945208407,0.0,1.0,1.0,2.0,14.0
2010-04-04,PER,PM2.5,2,156.0,21.974358974358974,7.615729662751462,6.0,17.0,21.0,26.0,52.0
2010-04-04,PLA,O3,1,161.0,37.2111801242236,31.62740305848083,1.0,11.0,27.0,61.0,120.0
2010-04-04,PLA,SO2,1,161.0,4.608695652173913,3.7419478768474885,2.0,3.0,3.0,5.0,30.0
2010-04-04,SAG,CO,15,151.0,0.6920529801324502,0.4984674083371879,0.2,0.4,0.6,0.8,3.3
2010-04-04,SAG,NO,1,151.0,13.7682119205298,28.77231162271796,0.0,1.0,4.0,11.5,198.0
2010-04-04,SAG,NO2,1,151.0,26.781456953642383,11.476290945385388,8.0,16.5,27.0,35.5,53.0
2010-04-04,SAG,NOX,1,151.0,40.40397350993378,35.37535466167502,8.0,18.5,32.0,48.0,239.0
2010-04-04,SAG,O3,1,151.0,36.920529801324506,30.085771427439013,2.0,11.0,29.0,65.5,108.0
2010-04-04,SAG,PM10,2,148.0,60.939189189189186,26.100597212483816,4.0,48.75,61.0,72.0,207.0
2010-04-04,SAG,PM2.5,2,142.0,24.676056338028168,9.995423985468841,5.0,17.0,23.0,30.75,57.0
2010-04-04,SAG,SO2,1,151.0,5.046357615894039,4.109075724692629,2.0,3.0,4.0,5.0,33.0
2010-04-04,SJA,PM2.5,2,145.0,21.489655172413794,9.280443327368065,3.0,15.0,21.0,27.0,74.0
2010-04-04,SUR,CO,15,161.0,0.7360248447204966,0.3875488348310208,0.2,0.4,0.7,1.0,1.9
2010-04-04,SUR,NO,1,155.0,9.361290322580645,13.469486376967806,0.0,2.0,3.0,10.5,65.0
2010-04-04,SUR,NO2,1,155.0,26.774193548387096,13.421028463841019,6.0,15.5,25.0,36.0,68.0
2010-04-04,SUR,NOX,1,155.0,36.05161290322581,23.005869818004026,7.0,17.0,31.0,50.0,104.0
2010-04-04,SUR,O3,1,161.0,37.7639751552795,32.79967902433467,1.0,8.0,29.0,62.0,132.0
2010-04-04,SUR,PM10,2,161.0,41.95031055900621,18.281069868253073,1.0,31.0,39.0,49.0,110.0
2010-04-04,SUR,SO2,1,73.0,4.2465753424657535,4.383621099292384,1.0,2.0,3.0,5.0,31.0
2010-04-04,TAC,CO,15,160.0,0.27500000000000024,0.3704493277123275,0.0,0.0,0.15000000000000002,0.4,2.4
2010-04-04,TAC,NO,1,160.0,9.34375,19.95972261153846,0.0,1.0,2.0,7.0,160.0
2010-04-04,TAC,NO2,1,160.0,28.80625,13.349438484881492,7.0,17.0,28.5,36.25,76.0
2010-04-04,TAC,NOX,1,160.0,38.0875,28.464120082578905,7.0,19.0,31.5,46.5,206.0
2010-04-04,TAC,O3,1,160.0,42.3375,33.04292757751772,2.0,16.0,33.0,68.25,125.0
2010-04-04,TAC,SO2,1,160.0,4.8,7.859457308389046,0.0,1.0,2.0,4.0,56.0
2010-04-04,TAH,O3,1,160.0,38.49375,23.660331389195317,1.0,17.75,38.0,60.25,104.0
2010-04-04,TAH,PM10,2,153.0,44.05882352941177,22.519358717065273,5.0,32.0,41.0,53.0,178.0
2010-04-04,TAH,SO2,1,160.0,1.20625,0.7614689131280257,0.0,1.0,1.0,1.0,5.0
2010-04-04,TAX,CO,15,158.0,1.165822784810127,0.5800035308369065,0.5,0.7,1.0,1.5,2.8
2010-04-04,TAX,NO,1,158.0,22.088607594936708,28.055309282568587,0.0,3.0,11.0,30.0,136.0
2010-04-04,TAX,NO2,1,158.0,31.037974683544302,15.366389858169036,8.0,18.0,31.0,39.0,83.0
2010-04-04,TAX,NOX,1,158.0,53.03164556962025,39.27113344577182,7.0,20.25,42.5,70.0,189.0
2010-04-04,TAX,O3,1,158.0,31.89240506329114,27.98466036661654,0.0,6.25,23.0,54.0,115.0
2010-04-04,TAX,PM10,2,159.0,43.16981132075472,18.78701664096704,8.0,31.0,41.0,51.0,114.0
2010-04-04,TAX,SO2,1,158.0,3.4240506329113924,2.8693289208486914,1.0,2.0,3.0,4.0,23.0
2010-04-04,TLA,CO,15,137.0,0.736496350364964,0.3448946796633888,0.3,0.5,0.6,0.9,2.3
2010-04-04,TLA,NO,1,137.0,17.182481751824817,22.385400631721538,2.0,5.0,10.0,18.0,139.0
2010-04-04,TLA,NO2,1,137.0,31.963503649635037,12.628986708411585,7.0,22.0,32.0,39.0,72.0
2010-04-04,TLA,NOX,1,137.0,49.065693430656935,31.23704540416385,11.0,29.0,43.0,59.0,211.0
2010-04-04,TLA,O3,1,137.0,40.613138686131386,33.37316819718185,2.0,13.0,27.0,73.0,135.0
2010-04-04,TLA,PM10,2,144.0,51.72222222222222,25.877453113522964,5.0,33.75,49.0,63.25,151.0
2010-04-04,TLA,PM2.5,2,150.0,28.02,13.124325486023553,11.0,20.0,24.0,32.0,74.0
2010-04-04,TLA,SO2,1,137.0,7.54014598540146,12.601945810620904,1.0,2.0,3.0,6.0,81.0
2010-04-04,TLI,CO,15,157.0,0.6598726114649685,0.40109783201561144,0.1,0.4,0.6,0.8,2.1
2010-04-04,TLI,NO,1,157.0,12.32484076433121,22.660599648217364,1.0,2.0,3.0,10.0,121.0
2010-04-04,TLI,NO2,1,157.0,23.94267515923567,10.739480266167064,7.0,15.0,22.0,31.0,46.0
2010-04-04,TLI,NOX,1,157.0,36.261146496815286,30.50181720034519,8.0,17.0,26.0,40.0,165.0
2010-04-04,TLI,PM10,2,154.0,58.175324675324674,32.93053356299546,3.0,36.25,58.0,76.0,241.0
2010-04-04,TLI,SO2,1,157.0,10.10828025477707,16.301085231230015,0.0,2.0,3.0,10.0,94.0
2010-04-04,TPN,O3,1,159.0,44.276729559748425,24.907147047517345,2.0,24.0,40.0,62.0,119.0
2010-04-04,UIZ,CO,15,158.0,0.7911392405063296,0.4286521234159161,0.3,0.5,0.7,0.975,3.3
2010-04-04,UIZ,NO,1,158.0,9.341772151898734,16.406761132295806,1.0,3.0,4.0,7.75,157.0
2010-04-04,UIZ,NO2,1,158.0,23.39873417721519,12.659650468312444,4.0,12.0,23.5,34.0,60.0
2010-04-04,UIZ,NOX,1,158.0,32.70253164556962,24.624701360967347,7.0,15.0,27.0,41.0,207.0
2010-04-04,UIZ,O3,1,158.0,38.778481012658226,31.183374514084015,0.0,13.0,30.0,63.75,116.0
2010-04-04,UIZ,PM2.5,2,55.0,24.327272727272728,11.579123208433971,5.0,17.0,22.0,29.0,57.0
2010-04-04,UIZ,SO2,1,158.0,2.462025316455696,1.6916282283791713,1.0,1.0,2.0,3.0,12.0
2010-04-04,VAL,CO,15,161.0,0.5937888198757766,0.3594595667446112,0.0,0.4,0.5,0.7,2.4
2010-04-04,VAL,SO2,1,161.0,7.130434782608695,12.866686847622546,1.0,2.0,3.0,5.0,86.0
2010-04-04,VIF,CO,15,152.0,1.0111842105263162,0.24428550826925038,0.6,0.8,1.0,1.1,1.9
2010-04-04,VIF,NO,1,150.0,7.666666666666667,13.172406927003095,0.0,0.0,1.5,9.75,83.0
2010-04-04,VIF,NO2,1,150.0,23.346666666666668,10.868331352981945,5.0,14.0,23.0,33.0,43.0
2010-04-04,VIF,NOX,1,150.0,30.64666666666667,21.486732808896164,4.0,14.0,24.0,42.75,119.0
2010-04-04,VIF,PM10,2,155.0,66.60645161290323,34.699170388337485,3.0,45.5,63.0,87.5,218.0
2010-04-04,VIF,SO2,1,160.0,9.8875,17.647130826712154,0.0,3.0,5.0,9.25,127.0
2010-04-04,XAL,CO,15,160.0,0.9493749999999995,0.5328217131343479,0.4,0.6,0.8,1.1,3.9
2010-04-04,XAL,NO,1,156.0,28.33974358974359,48.5022775381264,0.0,2.0,8.5,29.25,313.0
2010-04-04,XAL,NO2,1,156.0,32.84615384615385,13.691133861079042,7.0,20.0,34.0,42.25,70.0
2010-04-04,XAL,NOX,1,156.0,61.06410256410256,55.635412195445745,7.0,23.75,45.0,78.25,364.0
2010-04-04,XAL,O3,1,160.0,36.15625,31.794257397510002,1.0,4.0,26.5,66.5,102.0
2010-04-04,XAL,PM10,2,158.0,74.77215189873418,34.66801582805811,15.0,50.0,69.0,98.0,201.0
2010-04-04,XAL,SO2,1,160.0,3.51875,2.992594370973522,0.0,1.0,3.0,4.25,19.0
2010-04-11,ACO,O3,1,140.0,34.44285714285714,25.64625750771653,0.0,11.0,33.5,57.0,94.0
2010-04-11,ACO,PM2.5,2,137.0,27.240875912408757,13.447898123239131,3.0,20.0,25.0,31.0,114.0
2010-04-11,ACO,SO2,1,140.0,5.585714285714285,11.635337958743738,1.0,1.0,2.0,5.0,99.0
2010-04-11,ARA,SO2,1,122.0,2.3442622950819674,5.000447073902208,0.0,0.0,0.0,2.0,30.0
2010-04-11,ATI,NO,1,159.0,16.41509433962264,30.973100188322377,0.0,2.0,4.0,15.0,187.0
2010-04-11,ATI,NO2,1,159.0,26.70440251572327,13.444472516788348,5.0,16.0,24.0,36.0,64.0
2010-04-11,ATI,NOX,1,159.0,43.069182389937104,38.29963801541855,7.0,19.0,31.0,51.0,232.0
2010-04-11,ATI,SO2,1,159.0,10.270440251572326,14.183108840703097,2.0,3.0,4.0,12.5,91.0
2010-04-11,AZC,NO,1,157.0,18.54140127388535,33.03329525584365,0.0,0.0,4.0,20.0,153.0
2010-04-11,AZC,NO2,1,157.0,35.29936305732484,15.763258549694726,10.0,24.0,33.0,42.0,99.0
2010-04-11,AZC,NOX,1,157.0,53.6687898089172,42.095646363452104,9.0,26.0,40.0,61.0,197.0
2010-04-11,AZC,O3,1,145.0,35.41379310344828,37.94066753331527,0.0,4.0,18.0,60.0,144.0
2010-04-11,AZC,SO2,1,157.0,7.159235668789809,10.13530865160677,1.0,2.0,3.0,8.0,64.0
2010-04-11,CAM,PM2.5,2,0.0,,,,,,,
2010-04-11,CES,NO,1,151.0,22.95364238410596,26.496122420294988,1.0,4.5,13.0,32.5,143.0
2010-04-11,CES,NO2,1,151.0,36.317880794701985,12.349559161323477,11.0,29.0,35.0,43.5,78.0
2010-04-11,CES,NOX,1,151.0,59.158940397350996,33.26842200750973,14.0,35.5,49.0,73.0,184.0
2010-04-11,CES,O3,1,151.0,27.178807947019866,31.593899430684445,0.0,3.0,14.0,41.5,134.0
2010-04-11,CES,PM10,2,146.0,53.32876712328767,25.197183638198908,7.0,34.0,49.0,69.0,135.0
2010-04-11,CES,SO2,1,151.0,2.980132450331126,3.4437773808721506,0.0,1.0,2.0,4.0,25.0
2010-04-11,CHO,CO,15,160.0,0.6225,0.5176081906169091,0.1,0.3,0.5,0.7,2.9
2010-04-11,CHO,O3,1,159.0,35.57861635220126,32.15909494912472,0.0,6.0,31.0,59.0,115.0
2010-04-11,CHO,SO2,1,161.0,2.906832298136646,2.9000026772315772,0.0,1.0,2.0,4.0,22.0
2010-04-11,COY,O3,1,151.0,36.75496688741722,40.06743763330638,1.0,4.0,19.0,57.5,150.0
2010-04-11,COY,PM2.5,2,154.0,25.896103896103895,13.183059455854169,5.0,18.0,24.0,30.75,90.0
2010-04-11,CUA,O3,1,161.0,42.50310559006211,31.046965275128436,1.0,21.0,34.0,59.0,142.0
2010-04-11,FAC,CO,15,157.0,1.2980891719745224,0.7237253461174143,0.5,0.8,1.1,1.5,3.8
2010-04-11,FAC,NO,1,156.0,25.756410256410255,42.82603546304768,0.0,3.0,9.0,24.0,229.0
2010-04-11,FAC,NO2,1,156.0,33.166666666666664,15.115825218723938,10.0,22.75,30.0,41.0,97.0
2010-04-11,FAC,NOX,1,156.0,58.66025641025641,49.888585131124344,10.0,27.0,43.0,69.25,269.0
2010-04-11,FAC,O3,1,157.0,34.68789808917197,35.225983544927416,0.0,5.0,22.0,53.0,138.0
2010-04-11,FAC,PM10,2,155.0,46.251612903225805,23.674358299395244,13.0,29.0,41.0,56.0,148.0
2010-04-11,FAC,SO2,1,157.0,7.656050955414012,8.602111678577549,2.0,3.0,5.0,7.0,55.0
2010-04-11,IMP,CO,15,91.0,1.668131868131868,0.8381035630622163,0.5,1.15,1.4,1.9,5.1
2010-04-11,IZT,CO,15,161.0,0.9186335403726714,0.6808271595037995,0.2,0.4,0.7,1.2,3.2
2010-04-11,IZT,NO,1,158.0,22.77848101265823,33.65630394339536,0.0,2.0,7.0,30.75,160.0
2010-04-11,IZT,NO2,1,158.0,38.63291139240506,15.772003911785358,10.0,27.0,37.0,45.0,94.0
2010-04-11,IZT,NOX,1,158.0,61.09493670886076,44.353787273888706,11.0,28.0,46.0,79.5,215.0
2010-04-11,IZT,O3,1,161.0,35.66459627329193,40.58986081821711,0.0,2.0,22.0,59.0,156.0
2010-04-11,IZT,PM10,2,161.0,53.24223602484472,18.934352509894396,13.0,40.0,52.0,65.0,121.0
2010-04-11,IZT,SO2,1,161.0,5.6645962732919255,6.92905485923124,0.0,2.0,3.0,7.0,39.0
2010-04-11,LAG,CO,15,143.0,1.2888111888111886,0.553745873364574,0.5,0.9,1.2,1.6,3.5
2010-04-11,LAG,NO,1,143.0,20.097902097902097,27.10524991643872,0.0,4.0,10.0,23.0,132.0
2010-04-11,LAG,NO2,1,143.0,40.13986013986014,12.135735496319928,14.0,32.5,41.0,46.0,84.0
2010-04-11,LAG,NOX,1,143.0,60.17482517482517,34.22035361011945,14.0,38.0,51.0,73.5,182.0
2010-04-11,LAG,O3,1,143.0,28.39160839160839,33.463251857218665,0.0,3.0,14.0,45.0,131.0
2010-04-11,LAG,SO2,1,143.0,10.573426573426573,7.1162277458523056,5.0,7.0,8.0,11.0,45.0
2010-04-11,LLA,SO2,1,0.0,,,,,,,
2010-04-11,LPR,SO2,1,160.0,7.9,4.817682315500032,3.0,5.0,6.0,9.0,34.0
2010-04-11,LVI,PM10,2,161.0,60.683229813664596,30.043389946926848,1.0,41.0,57.0,79.0,159.0
2010-04-11,LVI,SO2,1,161.0,5.571428571428571,7.241127575966921,0.0,1.0,3.0,6.0,43.0
2010-04-11,MER,CO,15,157.0,1.3662420382165612,0.7165224190068368,0.3,0.8,1.3,1.8,3.4
2010-04-11,MER,NO,1,157.0,33.261146496815286,38.97470358052694,1.0,7.0,16.0,47.0,190.0
2010-04-11,MER,NO2,1,157.0,43.99363057324841,16.25931560016368,12.0,35.0,41.0,53.0,121.0
2010-04-11,MER,NOX,1,157.0,77.18471337579618,49.28265176328448,13.0,42.0,59.0,102.0,255.0
2010-04-11,MER,O3,1,157.0,31.369426751592357,37.9679835813463,0.0,2.0,13.0,54.0,156.0
2010-04-11,MER,PM10,2,159.0,54.35220125786164,24.154339800535748,10.0,38.0,50.0,70.0,134.0
2010-04-11,MER,PM2.5,2,159.0,25.9748427672956,12.979023819631601,2.0,17.0,24.0,32.5,88.0
2010-04-11,MER,SO2,1,157.0,6.171974522292993,7.480040401602328,0.0,2.0,3.0,7.0,43.0
2010-04-11,MON,O3,1,159.0,36.528301886792455,32.03080228778897,0.0,3.0,32.0,61.5,124.0
2010-04-11,PED,CO,15,156.0,0.6717948717948722,0.3737853225159734,0.2,0.4,0.6,0.8,2.3
2010-04-11,PED,NO,1,156.0,8.897435897435898,18.206053402089523,0.0,0.0,2.0,10.0,122.0
2010-04-11,PED,NO2,1,156.0,26.71153846153846,12.858038587885146,8.0,16.75,24.0,35.0,65.0
2010-04-11,PED,NOX,1,156.0,35.46153846153846,26.533821293899155,7.0,16.75,27.0,47.0,157.0
2010-04-11,PED,O3,1,106.0,38.45283018867924,35.35348897053778,0.0,11.25,29.0,58.0,127.0
2010-04-11,PED,PM10,2,146.0,48.897260273972606,20.937585228501295,19.0,35.0,44.0,58.0,148.0
2010-04-11,PED,SO2,1,156.0,4.173076923076923,6.252909992530662,0.0,1.0,2.0,4.0,46.0
2010-04-11,PER,PM2.5,2,152.0,29.460526315789473,10.802796779732716,6.0,22.0,27.5,36.0,70.0
2010-04-11,PLA,O3,1,159.0,34.327044025157235,38.88224625865001,0.0,3.0,19.0,53.0,147.0
2010-04-11,PLA,SO2,1,161.0,6.503105590062112,7.675549022384728,2.0,3.0,4.0,7.0,74.0
2010-04-11,SAG,CO,15,151.0,0.7887417218543048,0.5874853809650774,0.1,0.4,0.6,1.0,3.3
2010-04-11,SAG,NO,1,151.0,19.4635761589404,34.720747848020586,0.0,1.5,5.0,21.0,199.0
2010-04-11,SAG,NO2,1,151.0,29.013245033112582,12.887713402031093,5.0,18.0,28.0,38.0,61.0
2010-04-11,SAG,NOX,1,151.0,48.258278145695364,42.10201318641172,6.0,19.0,34.0,60.5,253.0
2010-04-11,SAG,O3,1,151.0,34.12582781456954,30.237130515479716,1.0,6.5,26.0,56.0,122.0
2010-04-11,SAG,PM10,2,152.0,67.66447368421052,25.56019879881736,24.0,47.75,65.0,84.25,152.0
2010-04-11,SAG,PM2.5,2,152.0,28.95394736842105,11.46277523565615,4.0,20.0,27.0,36.0,67.0
2010-04-11,SAG,SO2,1,151.0,6.291390728476821,6.441106948316167,2.0,3.0,4.0,7.0,40.0
2010-04-11,SJA,PM2.5,2,161.0,28.217391304347824,10.486119189298483,3.0,21.0,27.0,35.0,61.0
2010-04-11,SUR,CO,15,154.0,1.4136363636363638,0.6970590115601032,0.4,0.9,1.2,1.7,4.0
2010-04-11,SUR,NO,1,154.0,18.772727272727273,26.393087510375928,0.0,2.0,8.0,24.75,146.0
2010-04-11,SUR,NO2,1,154.0,35.46103896103896,15.320597062071096,9.0,24.25,35.5,42.75,91.0
2010-04-11,SUR,NOX,1,154.0,54.23376623376623,34.50561992832193,10.0,26.25,48.5,71.75,189.0
2010-04-11,SUR,O3,1,154.0,35.5974025974026,39.04238010405869,1.0,3.25,18.0,59.0,146.0
2010-04-11,SUR,PM10,2,155.0,47.458064516129035,23.109631069699688,10.0,30.0,43.0,61.0,132.0
2010-04-11,SUR,SO2,1,140.0,5.25,8.594899775929525,1.0,2.0,3.0,5.0,70.0
2010-04-11,TAC,CO,15,161.0,0.6105590062111801,0.6961144378326063,0.0,0.1,0.4,0.8,3.5
2010-04-11,TAC,NO,1,161.0,19.596273291925467,38.21458800019757,0.0,1.0,4.0,18.0,228.0
2010-04-11,TAC,NO2,1,161.0,35.46583850931677,15.750012323765274,13.0,24.0,33.0,43.0,100.0
2010-04-11,TAC,NOX,1,161.0,54.993788819875775,46.76517092003538,13.0,25.0,41.0,63.0,262.0
2010-04-11,TAC,O3,1,161.0,37.98757763975155,36.17578395447012,2.0,9.0,23.0,57.0,147.0
2010-04-11,TAC,SO2,1,161.0,5.832298136645963,10.18162316679217,1.0,1.0,3.0,6.0,93.0
2010-04-11,TAH,O3,1,37.0,56.027027027027025,42.70147439978994,1.0,22.0,45.0,83.0,161.0
2010-04-11,TAH,PM10,2,145.0,51.4,34.70978888504572,2.0,33.0,45.0,63.0,277.0
2010-04-11,TAH,SO2,1,155.0,2.903225806451613,2.501361171126755,0.0,1.0,2.0,3.0,19.0
2010-04-11,TAX,CO,15,156.0,1.834615384615384,0.8933917860461275,0.5,1.2,1.6,2.3,6.0
2010-04-11,TAX,NO,1,156.0,46.80128205128205,54.78549606411264,0.0,11.0,26.0,63.75,366.0
2010-04-11,TAX,NO2,1,156.0,40.07692307692308,15.088358452596646,12.0,31.75,38.5,48.0,98.0
2010-04-11,TAX,NOX,1,156.0,86.87820512820512,60.38322165471806,12.0,46.75,70.5,118.5,397.0
2010-04-11,TAX,O3,1,155.0,28.45806451612903,34.49303312107991,0.0,1.0,12.0,47.0,123.0
2010-04-11,TAX,PM10,2,153.0,50.16339869281046,29.32541055402919,2.0,30.0,46.0,65.0,220.0
2010-04-11,TAX,SO2,1,156.0,5.455128205128205,6.1532503330253645,1.0,3.0,3.0,5.0,42.0
2010-04-11,TLA,CO,15,156.0,1.0384615384615377,0.5491884380125367,0.3,0.7,0.9,1.2,3.5
2010-04-11,TLA,NO,1,153.0,32.111111111111114,44.21531580851576,0.0,8.0,14.0,35.0,217.0
2010-04-11,TLA,NO2,1,153.0,37.31372549019608,14.323090755579592,9.0,28.0,36.0,44.0,97.0
2010-04-11,TLA,NOX,1,153.0,69.26143790849673,50.581717526383144,16.0,38.0,51.0,77.0,289.0
2010-04-11,TLA,O3,1,144.0,36.22222222222222,34.564917021938406,1.0,6.0,23.5,63.25,130.0
2010-04-11,TLA,PM10,2,157.0,56.98726114649681,30.530352123484093,1.0,35.0,52.0,73.0,173.0
2010-04-11,TLA,PM2.5,2,161.0,32.6583850931677,13.676670642951683,3.0,25.0,31.0,38.0,87.0
2010-04-11,TLA,SO2,1,156.0,10.237179487179487,14.84939976173129,1.0,3.0,5.0,12.0,97.0
2010-04-11,TLI,CO,15,160.0,0.8862500000000002,0.5714912083819499,0.1,0.5,0.8,1.1,3.0
2010-04-11,TLI,NO,1,160.0,21.14375,31.847878768851647,1.0,2.0,5.0,29.0,160.0
2010-04-11,TLI,NO2,1,160.0,27.7875,12.448327158964121,7.0,18.75,27.0,36.0,67.0
2010-04-11,TLI,NOX,1,160.0,48.94375,40.22722362331571,9.0,21.0,35.0,64.25,227.0
2010-04-11,TLI,PM10,2,153.0,65.05228758169935,37.760810729768295,5.0,39.0,59.0,88.0,184.0
2010-04-11,TLI,SO2,1,160.0,6.9125,11.41134131869799,0.0,0.0,2.0,9.0,73.0
2010-04-11,TPN,O3,1,147.0,42.7687074829932,32.26560746414494,3.0,18.5,33.0,60.5,141.0
2010-04-11,UIZ,CO,15,139.0,1.1438848920863307,0.7277237798077186,0.3,0.7,0.9,1.3,4.6
2010-04-11,UIZ,NO,1,139.0,18.769784172661872,33.80963685335849,0.0,3.0,4.0,15.0,198.0
2010-04-11,UIZ,NO2,1,139.0,31.9568345323741,13.846922173368373,4.0,20.0,33.0,41.0,69.0
2010-04-11,UIZ,NOX,1,139.0,50.618705035971225,41.838439381806765,6.0,23.0,38.0,58.0,240.0
2010-04-11,UIZ,O3,1,139.0,37.985611510791365,37.71882734654812,1.0,6.5,24.0,60.5,144.0
2010-04-11,UIZ,PM2.5,2,102.0,32.71568627450981,15.0018991873474,10.0,22.0,28.5,42.75,80.0
2010-04-11,UIZ,SO2,1,139.0,4.431654676258993,4.3639670154311965,1.0,2.0,3.0,5.0,30.0
2010-04-11,VAL,CO,15,157.0,0.870700636942674,0.7316350801981236,0.0,0.3,0.7,1.1,3.7
2010-04-11,VAL,SO2,1,157.0,7.936305732484076,9.763669923111234,1.0,3.0,4.0,8.0,61.0
2010-04-11,VIF,CO,15,160.0,1.063125,0.3165501689052817,0.6,0.8,1.0,1.2,2.2
2010-04-11,VIF,NO,1,160.0,11.6375,21.720780271378004,0.0,0.75,2.0,15.0,128.0
2010-04-11,VIF,NO2,1,160.0,23.15,11.49361321143564,4.0,14.0,23.0,30.25,57.0
2010-04-11,VIF,NOX,1,160.0,34.49375,28.6722965529907,3.0,14.0,25.0,48.25,149.0
2010-04-11,VIF,PM10,2,151.0,68.6092715231788,42.20536672192827,1.0,42.0,60.0,85.0,233.0
2010-04-11,VIF,SO2,1,160.0,5.325,12.548046027947812,0.0,0.0,0.0,3.25,77.0
2010-04-11,XAL,CO,15,157.0,1.28343949044586,0.7479756555202985,0.5,0.8,1.1,1.5,4.2
2010-04-11,XAL,NO,1,157.0,46.496815286624205,65.39570128229256,0.0,5.0,22.0,56.0,323.0
2010-04-11,XAL,NO2,1,157.0,40.43312101910828,14.32555269679302,12.0,29.0,42.0,49.0,83.0
2010-04-11,XAL,NOX,1,157.0,86.72611464968153,71.36342626671755,12.0,39.0,67.0,108.0,381.0
2010-04-11,XAL,O3,1,157.0,28.54140127388535,30.64446460364999,0.0,3.0,14.0,50.0,123.0
2010-04-11,XAL,PM10,2,154.0,96.63636363636364,53.5915096901873,5.0,63.0,86.0,122.75,297.0
2010-04-11,XAL,SO2,1,157.0,5.936305732484076,6.304944669903449,1.0,2.0,4.0,8.0,41.0
2010-04-18,ACO,O3,1,157.0,30.929936305732483,23.02844246090917,0.0,8.0,31.0,48.0,74.0
2010-04-18,ACO,PM2.5,2,158.0,16.10759493670886,6.215437369546191,4.0,11.0,16.0,21.0,39.0
2010-04-18,ACO,SO2,1,157.0,2.0764331210191083,1.3612842789537865,1.0,1.0,2.0,2.0,6.0
2010-04-18,ARA,SO2,1,153.0,3.156862745098039,4.808322892677617,0.0,0.0,2.0,3.0,27.0
2010-04-18,ATI,NO,1,160.0,14.2875,25.418358021876667,1.0,2.0,4.0,12.0,136.0
2010-04-18,ATI,NO2,1,160.0,24.4875,13.368501183729284,4.0,15.0,22.0,30.0,75.0
2010-04-18,ATI,NOX,1,160.0,38.6875,33.01080202470799,7.0,19.0,27.5,43.0,162.0
2010-04-18,ATI,SO2,1,160.0,8.1875,13.054885347889536,1.0,2.0,3.0,6.0,90.0
2010-04-18,AZC,NO,1,161.0,15.124223602484472,27.97158329536765,0.0,1.0,3.0,15.0,161.0
2010-04-18,AZC,NO2,1,161.0,30.571428571428573,12.470321911299186,7.0,23.0,29.0,36.0,79.0
2010-04-18,AZC,NOX,1,161.0,45.546583850931675,35.072772614693406,8.0,24.0,34.0,54.0,202.0
2010-04-18,AZC,O3,1,153.0,30.934640522875817,29.8012436164505,0.0,6.0,22.0,49.0,129.0
2010-04-18,AZC,SO2,1,161.0,7.3105590062111805,13.895249199296822,1.0,2.0,3.0,5.0,88.0
2010-04-18,CAM,PM2.5,2,105.0,25.39047619047619,11.62432399862067,3.0,18.0,24.0,32.0,61.0
2010-04-18,CES,NO,1,159.0,24.0251572327044,31.556649820888136,1.0,4.0,11.0,30.0,171.0
2010-04-18,CES,NO2,1,159.0,27.67924528301887,9.881782724111277,5.0,22.0,27.0,32.0,65.0
2010-04-18,CES,NOX,1,159.0,51.509433962264154,37.09018566227976,7.0,27.0,39.0,64.0,208.0
2010-04-18,CES,O3,1,160.0,21.81875,19.958407025769603,1.0,4.75,18.0,31.25,106.0
2010-04-18,CES,PM10,2,158.0,36.107594936708864,21.67436639235478,2.0,20.25,33.0,45.0,126.0
2010-04-18,CES,SO2,1,161.0,1.8881987577639752,1.799283846492389,0.0,1.0,1.0,2.0,11.0
2010-04-18,CHO,CO,15,158.0,0.541139240506329,0.5590175352280221,0.0,0.2,0.3,0.7,4.0
2010-04-18,CHO,O3,1,152.0,25.480263157894736,21.05935176160536,0.0,3.0,26.0,44.0,71.0
2010-04-18,CHO,SO2,1,158.0,2.1455696202531644,2.2054534301820476,0.0,1.0,1.5,3.0,14.0
2010-04-18,COY,O3,1,160.0,32.3625,29.739008857033916,0.0,8.0,26.0,49.25,153.0
2010-04-18,COY,PM2.5,2,155.0,17.374193548387098,8.951636567411741,1.0,11.0,17.0,22.0,46.0
2010-04-18,CUA,O3,1,155.0,33.36774193548387,27.533219452862095,0.0,12.0,28.0,46.0,143.0
2010-04-18,FAC,CO,15,159.0,1.2327044025157232,0.7527583752857046,0.3,0.7,1.0,1.45,4.2
2010-04-18,FAC,NO,1,159.0,23.67924528301887,38.21712134611606,0.0,3.0,9.0,22.5,198.0
2010-04-18,FAC,NO2,1,159.0,30.044025157232703,14.700962644769467,6.0,20.5,28.0,36.0,85.0
2010-04-18,FAC,NOX,1,159.0,53.540880503144656,44.38778229356955,6.0,24.0,40.0,62.5,221.0
2010-04-18,FAC,O3,1,159.0,31.37735849056604,27.89144400482823,1.0,9.0,25.0,45.0,122.0
2010-04-18,FAC,PM10,2,153.0,33.61437908496732,20.611099520904073,1.0,16.0,29.0,48.0,87.0
2010-04-18,FAC,SO2,1,159.0,7.2578616352201255,11.271793987748945,2.0,3.0,4.0,5.5,78.0
2010-04-18,IMP,CO,15,160.0,1.5812499999999998,0.5594457612212532,0.9,1.2,1.4,1.9,3.5
2010-04-18,IZT,CO,15,160.0,0.6712500000000003,0.5306205575556128,0.0,0.3,0.5,0.9,2.3
2010-04-18,IZT,NO,1,160.0,18.025,21.532175719024984,0.0,5.0,7.5,23.0,95.0
2010-04-18,IZT,NO2,1,160.0,29.96875,11.413564629298325,7.0,22.75,29.0,35.25,68.0
2010-04-18,IZT,NOX,1,160.0,47.89375,28.468364186127058,11.0,27.0,37.5,60.5,128.0
2010-04-18,IZT,O3,1,160.0,28.875,29.06352833441396,0.0,4.75,20.5,47.0,142.0
2010-04-18,IZT,PM10,2,158.0,36.5126582278481,15.417641207549908,2.0,26.25,35.0,45.0,97.0
2010-04-18,IZT,SO2,1,158.0,3.7721518987341773,5.752760327946272,1.0,1.0,2.0,3.0,32.0
2010-04-18,LAG,CO,15,161.0,1.308074534161491,0.6321565426458369,0.4,0.9,1.2,1.6,3.3
2010-04-18,LAG,NO,1,161.0,22.80745341614907,27.73840197450782,0.0,7.0,12.0,24.0,124.0
2010-04-18,LAG,NO2,1,161.0,34.81987577639752,10.990273085072635,14.0,28.0,33.0,40.0,76.0
2010-04-18,LAG,NOX,1,161.0,57.56521739130435,33.34999674075989,19.0,35.0,46.0,67.0,164.0
2010-04-18,LAG,O3,1,161.0,22.024844720496894,24.291189326214305,0.0,3.0,13.0,36.0,119.0
2010-04-18,LAG,SO2,1,161.0,10.20496894409938,8.170157596722321,6.0,7.0,7.0,10.0,72.0
2010-04-18,LLA,SO2,1,110.0,3.4272727272727272,9.615029415393511,0.0,0.0,0.0,1.75,62.0
2010-04-18,LPR,SO2,1,142.0,6.028169014084507,5.375203986855721,2.0,4.0,4.0,5.0,32.0
2010-04-18,LVI,PM10,2,153.0,44.08496732026144,21.163507479801392,1.0,28.0,44.0,56.0,100.0
2010-04-18,LVI,SO2,1,158.0,4.2784810126582276,7.648215659454332,0.0,1.0,2.0,3.0,43.0
2010-04-18,MER,CO,15,161.0,0.9118012422360242,0.5282493353033654,0.2,0.5,0.7,1.2,2.3
2010-04-18,MER,NO,1,161.0,27.354037267080745,31.276870435253002,0.0,6.0,15.0,36.0,139.0
2010-04-18,MER,NO2,1,161.0,34.91304347826087,13.790572551723436,10.0,27.0,33.0,40.0,82.0
2010-04-18,MER,NOX,1,161.0,62.18012422360248,38.5698859537395,10.0,34.0,50.0,83.0,176.0
2010-04-18,MER,O3,1,161.0,25.509316770186334,27.0933843429587,0.0,4.0,16.0,40.0,136.0
2010-04-18,MER,PM10,2,155.0,34.70967741935484,21.93495927069285,3.0,19.5,31.0,46.5,125.0
2010-04-18,MER,PM2.5,2,161.0,17.509316770186334,8.458810504750629,1.0,12.0,16.0,23.0,45.0
2010-04-18,MER,SO2,1,161.0,4.53416149068323,6.653975368060641,1.0,2.0,2.0,4.0,51.0
2010-04-18,MON,O3,1,156.0,31.26923076923077,23.85800633961775,0.0,7.0,32.0,49.25,99.0
2010-04-18,PED,CO,15,161.0,0.5496894409937887,0.3197898183968817,0.1,0.3,0.5,0.7,1.7
2010-04-18,PED,NO,1,161.0,7.906832298136646,13.224882439097534,0.0,0.0,2.0,8.0,66.0
2010-04-18,PED,NO2,1,161.0,20.869565217391305,8.56601601882594,6.0,14.0,21.0,26.0,47.0
2010-04-18,PED,NOX,1,161.0,28.732919254658384,19.32477611900561,6.0,14.0,23.0,37.0,94.0
2010-04-18,PED,O3,1,150.0,34.333333333333336,30.05691841355358,0.0,8.0,29.0,52.75,149.0
2010-04-18,PED,PM10,2,161.0,32.59627329192546,12.868264685840305,5.0,23.0,31.0,41.0,64.0
2010-04-18,PED,SO2,1,161.0,3.2111801242236027,5.742832421689015,1.0,1.0,1.0,2.0,41.0
2010-04-18,PER,PM2.5,2,153.0,22.0718954248366,10.99348166628238,3.0,15.0,20.0,28.0,91.0
2010-04-18,PLA,O3,1,160.0,29.24375,29.668132295433953,1.0,5.0,23.5,47.5,152.0
2010-04-18,PLA,SO2,1,161.0,5.888198757763975,7.853338294015378,3.0,3.0,3.0,4.0,59.0
2010-04-18,SAG,CO,15,142.0,0.6816901408450707,0.5073390068242044,0.1,0.3,0.5,0.8,2.4
2010-04-18,SAG,NO,1,142.0,15.23943661971831,24.32811454114686,0.0,3.0,5.0,14.75,124.0
2010-04-18,SAG,NO2,1,142.0,25.239436619718308,9.955168711655004,8.0,18.0,23.0,33.0,65.0
2010-04-18,SAG,NOX,1,142.0,40.394366197183096,28.8050324963048,11.0,21.0,30.0,46.5,152.0
2010-04-18,SAG,O3,1,142.0,32.732394366197184,27.125114764069473,2.0,8.25,28.0,52.0,115.0
2010-04-18,SAG,PM10,2,134.0,46.59701492537314,17.08057834020458,15.0,34.25,46.0,56.75,91.0
2010-04-18,SAG,PM2.5,2,129.0,21.837209302325583,9.297841397397718,2.0,14.0,21.0,28.0,49.0
2010-04-18,SAG,SO2,1,142.0,4.563380281690141,6.841119717495948,1.0,2.0,2.0,4.0,45.0
2010-04-18,SJA,PM2.5,2,158.0,20.335443037974684,9.344510810446074,1.0,13.0,20.0,25.0,61.0
2010-04-18,SUR,CO,15,159.0,1.2144654088050315,0.5397885753462713,0.6,0.8,1.0,1.5,2.9
2010-04-18,SUR,NO,1,159.0,13.874213836477987,21.97373061622652,0.0,2.0,4.0,13.0,105.0
2010-04-18,SUR,NO2,1,159.0,26.19496855345912,11.210572534426497,6.0,19.0,26.0,32.0,61.0
2010-04-18,SUR,NOX,1,159.0,40.0,28.776748701387113,8.0,21.0,30.0,50.0,143.0
2010-04-18,SUR,O3,1,159.0,32.672955974842765,28.200120489765467,0.0,7.0,30.0,52.0,138.0
2010-04-18,SUR,PM10,2,155.0,31.116129032258065,17.644010366167446,5.0,18.0,28.0,40.0,97.0
2010-04-18,SUR,SO2,1,159.0,4.540880503144654,5.32576985385803,0.0,1.0,4.0,6.0,40.0
2010-04-18,TAC,CO,15,158.0,0.6943037974683546,0.647508076912571,0.0,0.2,0.5,1.0,2.8
2010-04-18,TAC,NO,1,158.0,17.303797468354432,29.702711463600945,0.0,2.0,3.5,15.75,134.0
2010-04-18,TAC,NO2,1,158.0,31.259493670886076,13.434995836165866,7.0,23.0,30.0,36.0,87.0
2010-04-18,TAC,NOX,1,158.0,48.5253164556962,37.52819735922546,11.0,24.25,35.5,52.0,186.0
2010-04-18,TAC,O3,1,158.0,31.88607594936709,28.45042054328435,1.0,8.0,26.0,48.0,137.0
2010-04-18,TAC,SO2,1,158.0,6.2974683544303796,14.08776380733823,0.0,1.0,2.0,4.0,86.0
2010-04-18,TAH,O3,1,0.0,,,,,,,
2010-04-18,TAH,PM10,2,118.0,34.59322033898305,22.03735650772278,1.0,21.25,30.0,46.75,134.0
2010-04-18,TAH,SO2,1,149.0,1.8120805369127517,1.3424922744595196,1.0,1.0,2.0,2.0,10.0
2010-04-18,TAX,CO,15,157.0,1.3611464968152867,0.7232095204381596,0.4,0.8,1.2,1.7,3.9
2010-04-18,TAX,NO,1,156.0,28.237179487179485,31.617902682782407,0.0,7.0,18.0,38.0,175.0
2010-04-18,TAX,NO2,1,156.0,29.512820512820515,11.620053400292143,9.0,22.75,28.0,34.25,62.0
2010-04-18,TAX,NOX,1,156.0,57.705128205128204,38.384341220753015,9.0,31.75,46.5,77.25,224.0
2010-04-18,TAX,O3,1,157.0,24.59235668789809,25.309356588994543,0.0,5.0,19.0,39.0,133.0
2010-04-18,TAX,PM10,2,146.0,36.37671232876713,23.256927899522136,6.0,20.0,32.0,46.75,134.0
2010-04-18,TAX,SO2,1,157.0,3.7961783439490446,3.8443079026062486,2.0,2.0,3.0,3.0,27.0
2010-04-18,TLA,CO,15,159.0,0.9968553459119499,0.5045892405983006,0.4,0.6499999999999999,0.8,1.2,3.1
2010-04-18,TLA,NO,1,151.0,23.834437086092716,33.3039397996846,0.0,4.0,10.0,26.0,172.0
2010-04-18,TLA,NO2,1,151.0,34.0728476821192,13.071138352746658,9.0,26.0,33.0,41.0,79.0
2010-04-18,TLA,NOX,1,151.0,57.42384105960265,39.742745599852185,19.0,32.0,43.0,68.5,220.0
2010-04-18,TLA,O3,1,143.0,32.74125874125874,28.401228223469413,2.0,8.5,25.0,51.5,116.0
2010-04-18,TLA,PM10,2,149.0,44.013422818791945,27.198217990408853,4.0,24.0,37.0,60.0,147.0
2010-04-18,TLA,PM2.5,2,152.0,27.05921052631579,11.999577008346009,2.0,20.0,24.0,32.0,64.0
2010-04-18,TLA,SO2,1,159.0,9.245283018867925,15.50080315646073,1.0,2.0,4.0,8.0,101.0
2010-04-18,TLI,CO,15,159.0,0.8050314465408803,0.4519715940074846,0.2,0.5,0.7,1.0,2.7
2010-04-18,TLI,NO,1,159.0,17.47798742138365,24.122271991884876,1.0,3.0,7.0,20.0,137.0
2010-04-18,TLI,NO2,1,159.0,28.30188679245283,10.512653446843572,9.0,19.5,27.0,36.0,58.0
2010-04-18,TLI,NOX,1,159.0,45.704402515723274,30.545370582782045,10.0,23.0,36.0,58.0,181.0
2010-04-18,TLI,PM10,2,154.0,45.61038961038961,27.015442615594736,1.0,26.0,42.0,59.75,136.0
2010-04-18,TLI,SO2,1,159.0,6.8742138364779874,15.682668874183221,0.0,0.0,1.0,4.5,103.0
2010-04-18,TPN,O3,1,139.0,34.52517985611511,23.353406769832798,1.0,14.0,30.0,52.0,108.0
2010-04-18,UIZ,CO,15,156.0,0.955128205128205,0.5575632319754875,0.2,0.6,0.8,1.2,2.9
2010-04-18,UIZ,NO,1,157.0,14.464968152866241,19.99343759722444,0.0,4.0,5.0,15.0,106.0
2010-04-18,UIZ,NO2,1,157.0,25.547770700636942,12.051941996865182,4.0,17.0,26.0,33.0,66.0
2010-04-18,UIZ,NOX,1,157.0,40.00636942675159,27.274129945766305,7.0,21.0,33.0,49.0,149.0
2010-04-18,UIZ,O3,1,134.0,33.85820895522388,30.260809411542912,0.0,8.0,28.5,54.0,143.0
2010-04-18,UIZ,PM2.5,2,156.0,23.92948717948718,11.166835794924285,5.0,16.75,22.0,28.0,58.0
2010-04-18,UIZ,SO2,1,157.0,3.031847133757962,2.2572401521963146,1.0,2.0,2.0,3.0,16.0
2010-04-18,VAL,CO,15,161.0,0.7583850931677013,0.49060664057511244,0.0,0.4,0.6,1.1,2.4
2010-04-18,VAL,SO2,1,161.0,6.633540372670807,11.52426214611688,1.0,2.0,2.0,5.0,78.0
2010-04-18,VIF,CO,15,157.0,0.5038216560509553,0.2710107742958191,0.1,0.3,0.4,0.6,1.6
2010-04-18,VIF,NO,1,157.0,7.019108280254777,10.90840145377231,0.0,0.0,2.0,9.0,63.0
2010-04-18,VIF,NO2,1,157.0,19.726114649681527,8.828575011311901,5.0,13.0,19.0,26.0,46.0
2010-04-18,VIF,NOX,1,157.0,26.388535031847134,17.347744138252235,5.0,14.0,21.0,35.0,94.0
2010-04-18,VIF,PM10,2,157.0,43.66242038216561,22.137841526163534,7.0,27.0,38.0,58.0,113.0
2010-04-18,VIF,SO2,1,157.0,5.732484076433121,13.134600110846945,0.0,1.0,2.0,4.0,87.0
2010-04-18,XAL,CO,15,156.0,0.9583333333333328,0.5668200298477105,0.3,0.6,0.8,1.1,3.5
2010-04-18,XAL,NO,1,156.0,29.705128205128204,41.834422922681505,0.0,4.75,14.0,31.25,194.0
2010-04-18,XAL,NO2,1,156.0,35.62820512820513,12.785686527654953,10.0,27.0,34.0,42.25,73.0
2010-04-18,XAL,NOX,1,156.0,64.9551282051282,48.97969861848529,7.0,34.0,51.5,78.25,245.0
2010-04-18,XAL,O3,1,156.0,27.378205128205128,26.624108150737502,1.0,4.0,20.5,43.25,116.0
2010-04-18,XAL,PM10,2,154.0,65.50649350649351,33.42756225546659,7.0,41.25,58.0,80.75,173.0
2010-04-18,XAL,SO2,1,156.0,4.884615384615385,5.041711868085486,0.0,2.0,3.0,6.0,33.0
2010-04-25,ACO,O3,1,133.0,32.68421052631579,30.69655207690089,0.0,5.0,27.0,54.0,131.0
2010-04-25,ACO,PM2.5,2,90.0,24.544444444444444,11.6755396969896,2.0,16.25,23.0,33.0,53.0
2010-04-25,ACO,SO2,1,133.0,4.0,2.263009527424072,1.0,3.0,4.0,5.0,14.0
2010-04-25,ARA,SO2,1,159.0,4.591194968553459,3.891265513581631,1.0,2.0,3.0,6.0,29.0
2010-04-25,ATI,NO,1,158.0,24.126582278481013,41.91570767657654,0.0,2.0,4.0,24.5,199.0
2010-04-25,ATI,NO2,1,158.0,27.582278481012658,20.23404937255828,2.0,12.0,23.0,41.0,108.0
2010-04-25,ATI,NOX,1,158.0,51.70253164556962,53.715043083130446,4.0,14.0,29.5,65.75,241.0
2010-04-25,ATI,SO2,1,158.0,5.284810126582278,7.5747584285139276,2.0,2.25,3.0,5.0,69.0
2010-04-25,AZC,NO,1,161.0,23.403726708074533,41.018193963469976,0.0,1.0,4.0,23.0,171.0
2010-04-25,AZC,NO2,1,161.0,33.98757763975155,20.6491487650338,5.0,20.0,29.0,42.0,117.0
2010-04-25,AZC,NOX,1,161.0,57.22981366459627,52.63070021945424,5.0,20.0,35.0,77.0,215.0
2010-04-25,AZC,O3,1,148.0,33.21621621621622,34.01711064858541,0.0,6.0,22.0,49.0,138.0
2010-04-25,AZC,SO2,1,161.0,3.782608695652174,5.023315205337394,1.0,2.0,2.0,4.0,31.0
2010-04-25,CAM,PM2.5,2,85.0,20.03529411764706,10.910291186834225,2.0,13.0,18.0,25.0,65.0
2010-04-25,CES,NO,1,157.0,28.178343949044585,34.354394184791225,1.0,5.0,16.0,36.0,207.0
2010-04-25,CES,NO2,1,157.0,32.86624203821656,15.401088681715578,5.0,21.0,30.0,44.0,87.0
2010-04-25,CES,NOX,1,157.0,60.92993630573248,45.45286578786038,8.0,26.0,48.0,85.0,288.0
2010-04-25,CES,O3,1,158.0,22.5,20.32624045305511,1.0,6.0,17.5,35.75,111.0
2010-04-25,CES,PM10,2,158.0,59.51898734177215,31.589468840788555,4.0,33.25,55.0,78.75,150.0
2010-04-25,CES,SO2,1,115.0,2.782608695652174,2.2273523291498685,1.0,2.0,2.0,3.0,14.0
2010-04-25,CHO,CO,15,159.0,0.5547169811320748,0.6977085562897618,0.0,0.2,0.3,0.5,3.8
2010-04-25,CHO,O3,1,158.0,31.265822784810126,23.262122439741297,0.0,8.25,28.5,50.5,77.0
2010-04-25,CHO,SO2,1,159.0,2.641509433962264,3.1225659257017284,0.0,1.0,1.0,4.0,19.0
2010-04-25,COY,O3,1,159.0,32.9622641509434,30.388598543260482,1.0,9.5,23.0,55.0,160.0
2010-04-25,COY,PM2.5,2,151.0,18.079470198675498,10.09919018456955,2.0,11.0,17.0,23.0,57.0
2010-04-25,CUA,O3,1,161.0,32.75155279503105,20.03560301560095,0.0,19.0,30.0,42.0,110.0
2010-04-25,FAC,CO,15,155.0,1.3922580645161295,0.980560102588534,0.4,0.7,1.1,1.8,5.3
2010-04-25,FAC,NO,1,155.0,36.07741935483871,55.36485071411035,0.0,3.0,10.0,39.5,301.0
2010-04-25,FAC,NO2,1,155.0,31.967741935483872,19.374444057323885,5.0,18.0,28.0,40.0,114.0
2010-04-25,FAC,NOX,1,155.0,67.86451612903225,63.75715670746456,6.0,22.5,44.0,91.5,338.0
2010-04-25,FAC,O3,1,155.0,27.774193548387096,27.739640253450794,1.0,4.0,20.0,41.5,138.0
2010-04-25,FAC,PM10,2,155.0,43.2,23.585820085189088,7.0,25.5,37.0,54.5,113.0
2010-04-25,FAC,SO2,1,155.0,4.870967741935484,3.8590586252321493,2.0,3.0,3.0,5.0,27.0
2010-04-25,IMP,CO,15,157.0,1.5904458598726114,1.1126765742609266,0.1,0.8,1.3,1.9,5.5
2010-04-25,IZT,CO,15,155.0,0.7090322580645163,0.7259000451687799,0.0,0.2,0.4,0.9,3.3
2010-04-25,IZT,NO,1,155.0,24.806451612903224,33.82769494244911,5.0,8.0,10.0,21.0,208.0
2010-04-25,IZT,NO2,1,155.0,32.41935483870968,15.455369750559795,6.0,22.0,32.0,39.0,98.0
2010-04-25,IZT,NOX,1,155.0,57.18064516129032,43.00988575093331,12.0,29.0,42.0,66.0,250.0
2010-04-25,IZT,O3,1,155.0,34.354838709677416,34.500469022876956,0.0,5.5,21.0,58.0,145.0
2010-04-25,IZT,PM10,2,158.0,49.575949367088604,19.935339521357918,5.0,37.0,50.5,60.75,105.0
2010-04-25,IZT,SO2,1,155.0,3.07741935483871,4.062075926111313,1.0,1.0,2.0,3.0,25.0
2010-04-25,LAG,CO,15,155.0,1.3670967741935485,0.8780223999020672,0.3,0.8,1.1,1.5,4.0
2010-04-25,LAG,NO,1,155.0,32.31612903225806,44.274931319651614,0.0,7.5,12.0,35.0,208.0
2010-04-25,LAG,NO2,1,155.0,39.30967741935484,18.829573224514245,11.0,28.0,37.0,47.0,111.0
2010-04-25,LAG,NOX,1,155.0,71.6,53.51751746227281,17.0,36.0,54.0,83.5,253.0
2010-04-25,LAG,O3,1,155.0,25.883870967741935,29.147621327891446,0.0,3.0,13.0,42.5,110.0
2010-04-25,LAG,SO2,1,129.0,4.434108527131783,4.607814288725167,0.0,1.0,3.0,7.0,29.0
2010-04-25,LLA,SO2,1,147.0,3.204081632653061,7.017530666183427,0.0,0.0,0.0,3.0,37.0
2010-04-25,LPR,SO2,1,161.0,6.074534161490683,4.950445428230502,3.0,4.0,5.0,6.0,35.0
2010-04-25,LVI,PM10,2,161.0,56.66459627329193,31.158855903935827,5.0,31.0,51.0,79.0,141.0
2010-04-25,LVI,SO2,1,159.0,5.182389937106918,8.289733887341374,1.0,2.0,3.0,6.0,59.0
2010-04-25,MER,CO,15,154.0,1.077922077922078,0.7503591082102525,0.3,0.6,0.8,1.275,4.0
2010-04-25,MER,NO,1,154.0,38.64935064935065,48.86269042854127,1.0,6.25,21.0,46.75,245.0
2010-04-25,MER,NO2,1,154.0,42.077922077922075,19.99559836123825,14.0,28.25,38.5,51.0,111.0
2010-04-25,MER,NOX,1,154.0,80.62337662337663,59.78633830021223,19.0,39.0,58.5,94.0,294.0
2010-04-25,MER,O3,1,146.0,28.616438356164384,30.73900370224316,0.0,4.0,15.0,45.5,113.0
2010-04-25,MER,PM10,2,153.0,48.869281045751634,24.06971585187973,1.0,31.0,46.0,62.0,124.0
2010-04-25,MER,PM2.5,2,152.0,17.07894736842105,8.365433700880912,2.0,11.0,17.0,22.0,45.0
2010-04-25,MER,SO2,1,153.0,4.4640522875816995,4.507342173713041,1.0,2.0,3.0,4.0,26.0
2010-04-25,MON,O3,1,159.0,38.65408805031446,29.32445892782882,0.0,12.0,38.0,57.0,157.0
2010-04-25,PED,CO,15,138.0,0.496376811594203,0.4393773664121847,0.0,0.2,0.3,0.6749999999999999,2.1
2010-04-25,PED,NO,1,139.0,10.007194244604317,20.41543051077435,0.0,0.0,2.0,7.0,122.0
2010-04-25,PED,NO2,1,139.0,21.230215827338128,13.443557018713456,4.0,12.0,17.0,29.0,72.0
2010-04-25,PED,NOX,1,139.0,31.02158273381295,29.90455048158702,4.0,13.0,20.0,39.0,158.0
2010-04-25,PED,O3,1,134.0,31.582089552238806,26.25476641508579,0.0,13.0,23.5,48.75,110.0
2010-04-25,PED,PM10,2,136.0,37.43382352941177,17.880551075227316,5.0,23.75,36.0,49.25,98.0
2010-04-25,PED,SO2,1,138.0,2.0434782608695654,1.9402368928184737,1.0,1.0,2.0,2.0,15.0
2010-04-25,PER,PM2.5,2,157.0,28.579617834394906,14.909611161301909,1.0,19.0,27.0,36.0,106.0
2010-04-25,PLA,O3,1,161.0,28.304347826086957,28.957305528627156,1.0,8.0,18.0,42.0,148.0
2010-04-25,PLA,SO2,1,161.0,4.291925465838509,2.3469122042398514,3.0,3.0,4.0,4.0,19.0
2010-04-25,SAG,CO,15,142.0,0.6978873239436618,0.5410088173085109,0.1,0.4,0.6,0.8,2.9
2010-04-25,SAG,NO,1,142.0,17.654929577464788,33.74057173790452,0.0,2.0,4.0,14.0,187.0
2010-04-25,SAG,NO2,1,142.0,27.809859154929576,11.76178033189562,5.0,19.0,28.0,37.0,77.0
2010-04-25,SAG,NOX,1,142.0,45.436619718309856,39.642277165259664,7.0,21.0,34.0,51.0,224.0
2010-04-25,SAG,O3,1,142.0,39.53521126760563,33.603162205940336,2.0,13.25,30.0,59.75,143.0
2010-04-25,SAG,PM10,2,121.0,80.40495867768595,36.09999503979575,5.0,55.0,73.0,104.0,176.0
2010-04-25,SAG,PM2.5,2,118.0,25.177966101694917,11.160546624431351,7.0,17.0,25.0,31.0,68.0
2010-04-25,SAG,SO2,1,142.0,5.338028169014085,6.8083046118063955,2.0,3.0,3.0,5.0,41.0
2010-04-25,SJA,PM2.5,2,160.0,23.6875,11.921223344847451,1.0,13.75,23.0,30.0,59.0
2010-04-25,SUR,CO,15,158.0,1.208227848101266,0.6792619814727751,0.5,0.8,1.0,1.4,4.0
2010-04-25,SUR,NO,1,158.0,19.037974683544302,34.023762036745914,0.0,2.0,4.0,16.75,173.0
2010-04-25,SUR,NO2,1,158.0,28.544303797468356,13.016204959604444,5.0,18.0,28.0,38.0,66.0
2010-04-25,SUR,NOX,1,158.0,47.44303797468354,41.52606328696713,8.0,21.0,35.5,52.75,217.0
2010-04-25,SUR,O3,1,156.0,33.62179487179487,29.652904541130415,0.0,9.0,25.0,54.25,163.0
2010-04-25,SUR,PM10,2,153.0,42.55555555555556,19.961109849724007,3.0,27.0,42.0,58.0,87.0
2010-04-25,SUR,SO2,1,158.0,2.670886075949367,2.767976652948842,1.0,1.0,2.0,2.0,20.0
2010-04-25,TAC,CO,15,161.0,0.9124223602484467,0.8760534918010966,0.1,0.3,0.6,1.2,3.6
2010-04-25,TAC,NO,1,161.0,21.60248447204969,40.10521778757497,0.0,1.0,3.0,17.0,179.0
2010-04-25,TAC,NO2,1,161.0,32.29192546583851,22.197589889319296,7.0,16.0,25.0,41.0,119.0
2010-04-25,TAC,NOX,1,161.0,53.78260869565217,54.992919504716,9.0,18.0,29.0,64.0,239.0
2010-04-25,TAC,O3,1,161.0,35.26086956521739,31.313439953782318,2.0,12.0,26.0,50.0,136.0
2010-04-25,TAC,SO2,1,161.0,2.4472049689440993,3.568789397537374,1.0,1.0,1.0,3.0,30.0
2010-04-25,TAH,O3,1,147.0,41.82312925170068,24.614757985579683,2.0,24.0,35.0,63.0,101.0
2010-04-25,TAH,PM10,2,157.0,55.84076433121019,25.146878675182744,4.0,38.0,54.0,69.0,152.0
2010-04-25,TAH,SO2,1,160.0,1.84375,0.740107717810228,1.0,1.0,2.0,2.0,5.0
2010-04-25,TAX,CO,15,158.0,1.293037974683544,0.65793704697669,0.4,0.8,1.1,1.8,3.0
2010-04-25,TAX,NO,1,158.0,22.645569620253166,24.853987863737107,0.0,3.0,14.0,34.0,112.0
2010-04-25,TAX,NO2,1,158.0,29.81645569620253,14.487349459589451,4.0,21.0,27.0,36.0,92.0
2010-04-25,TAX,NOX,1,158.0,52.278481012658226,33.91707260714713,3.0,25.5,43.0,74.0,147.0
2010-04-25,TAX,O3,1,158.0,29.436708860759495,25.223190609306833,0.0,7.25,22.5,48.75,115.0
2010-04-25,TAX,PM10,2,157.0,50.038216560509554,21.78504702134085,1.0,34.0,46.0,64.0,139.0
2010-04-25,TAX,SO2,1,158.0,3.5443037974683542,2.166904912715324,2.0,3.0,3.0,4.0,19.0
2010-04-25,TLA,CO,15,152.0,1.2263157894736836,0.7135153940157049,0.3,0.7,1.1,1.6,3.7
2010-04-25,TLA,NO,1,153.0,36.93464052287582,52.16543436165044,0.0,5.0,11.0,42.0,235.0
2010-04-25,TLA,NO2,1,153.0,40.790849673202615,22.27272748014676,6.0,25.0,38.0,49.0,124.0
2010-04-25,TLA,NOX,1,153.0,77.54901960784314,64.32124773522912,11.0,33.0,54.0,107.0,294.0
2010-04-25,TLA,O3,1,147.0,30.272108843537413,32.040761244682635,1.0,5.0,20.0,44.0,146.0
2010-04-25,TLA,PM10,2,105.0,54.61904761904762,28.75840377256338,7.0,35.0,45.0,70.0,157.0
2010-04-25,TLA,PM2.5,2,103.0,23.59223300970874,15.720872158864795,2.0,11.0,23.0,30.5,79.0
2010-04-25,TLA,SO2,1,135.0,5.474074074074074,9.588417787420088,0.0,1.0,3.0,6.0,86.0
2010-04-25,TLI,CO,15,159.0,1.1937106918238996,0.7275488181968578,0.4,0.75,0.9,1.3,4.2
2010-04-25,TLI,NO,1,159.0,29.471698113207548,44.94551009253213,1.0,3.5,7.0,36.0,235.0
2010-04-25,TLI,NO2,1,159.0,33.64779874213836,15.533605205920999,9.0,21.5,34.0,45.0,83.0
2010-04-25,TLI,NOX,1,159.0,63.081761006289305,55.59675891580841,12.0,25.0,44.0,79.0,301.0
2010-04-25,TLI,PM10,2,157.0,66.38216560509554,43.26387950287244,4.0,31.0,58.0,90.0,193.0
2010-04-25,TLI,SO2,1,159.0,5.371069182389937,12.571090734989381,0.0,1.0,2.0,4.0,99.0
2010-04-25,TPN,O3,1,159.0,40.314465408805034,24.5088819768815,9.0,21.0,32.0,59.0,136.0
2010-04-25,UIZ,CO,15,159.0,1.1113207547169808,0.7704988629005707,0.3,0.6,0.8,1.3,4.2
2010-04-25,UIZ,NO,1,159.0,18.163522012578618,31.43546215960254,0.0,2.0,4.0,16.5,143.0
2010-04-25,UIZ,NO2,1,159.0,27.39622641509434,14.224252274145668,4.0,18.0,25.0,37.0,69.0
2010-04-25,UIZ,NOX,1,159.0,45.490566037735846,41.72147974919374,6.0,20.5,28.0,50.0,196.0
2010-04-25,UIZ,O3,1,159.0,37.735849056603776,33.34086572008013,1.0,9.5,30.0,61.0,152.0
2010-04-25,UIZ,PM2.5,2,159.0,28.40251572327044,11.930240003557037,5.0,20.0,26.0,36.5,68.0
2010-04-25,UIZ,SO2,1,159.0,3.358490566037736,2.5859479540611328,1.0,2.0,3.0,4.0,18.0
2010-04-25,VAL,CO,15,153.0,1.06078431372549,0.7699312421554664,0.1,0.6,0.8,1.3,4.0
2010-04-25,VAL,SO2,1,154.0,5.961038961038961,9.712792667259228,2.0,2.25,3.0,5.0,74.0
2010-04-25,VIF,CO,15,161.0,0.8142857142857141,0.43486451091937,0.3,0.5,0.7,1.0,2.7
2010-04-25,VIF,NO,1,161.0,17.459627329192546,30.41956479570752,0.0,1.0,3.0,16.0,160.0
2010-04-25,VIF,NO2,1,161.0,26.53416149068323,12.650114157538566,6.0,16.0,27.0,34.0,55.0
2010-04-25,VIF,NOX,1,161.0,43.79503105590062,37.26528512107856,5.0,18.0,32.0,57.0,197.0
2010-04-25,VIF,PM10,2,161.0,80.90683229813665,39.88746689786091,6.0,50.0,77.0,103.0,206.0
2010-04-25,VIF,SO2,1,161.0,5.3602484472049685,11.36417220645168,0.0,1.0,2.0,4.0,89.0
2010-04-25,XAL,CO,15,160.0,1.1893750000000005,0.9463997902013097,0.3,0.6,0.8,1.4,6.1
2010-04-25,XAL,NO,1,160.0,49.3625,82.50446814658548,0.0,2.0,11.0,50.0,465.0
2010-04-25,XAL,NO2,1,160.0,40.60625,16.7561485476509,11.0,28.0,38.0,51.0,104.0
2010-04-25,XAL,NOX,1,160.0,89.25625,92.96007439965798,10.0,32.0,51.0,98.0,542.0
2010-04-25,XAL,O3,1,160.0,32.41875,31.790879566078484,1.0,3.0,23.5,52.25,120.0
2010-04-25,XAL,PM10,2,155.0,107.08387096774193,68.59631155495376,22.0,57.5,89.0,133.0,419.0
2010-04-25,XAL,SO2,1,160.0,5.05625,5.120248218973313,1.0,2.0,4.0,6.0,34.0
2010-05-02,ACO,O3,1,158.0,45.822784810126585,30.103329267039015,1.0,19.25,46.5,71.0,113.0
2010-05-02,ACO,PM2.5,2,158.0,22.189873417721518,8.727401681558117,1.0,16.0,21.5,28.0,52.0
2010-05-02,ACO,SO2,1,159.0,2.5220125786163523,1.4833953440253942,1.0,1.0,2.0,3.0,8.0
2010-05-02,ARA,SO2,1,60.0,3.8666666666666667,5.215578576438635,1.0,2.0,2.0,4.0,33.0
2010-05-02,ATI,NO,1,161.0,13.79503105590062,28.07626177316486,0.0,2.0,3.0,9.0,169.0
2010-05-02,ATI,NO2,1,161.0,24.559006211180126,16.666150095514286,5.0,10.0,20.0,36.0,80.0
2010-05-02,ATI,NOX,1,161.0,38.35403726708075,41.18834937483659,7.0,12.0,24.0,46.0,246.0
2010-05-02,ATI,SO2,1,161.0,3.2422360248447206,1.6536943396359864,2.0,2.0,3.0,3.0,18.0
2010-05-02,AZC,NO,1,157.0,20.579617834394906,48.2480406654834,0.0,0.0,1.0,14.0,245.0
2010-05-02,AZC,NO2,1,157.0,29.254777070063696,18.17221902633273,6.0,15.0,24.0,40.0,108.0
2010-05-02,AZC,NOX,1,157.0,49.611464968152866,61.044398478981044,6.0,14.0,26.0,56.0,314.0
2010-05-02,AZC,O3,1,149.0,40.577181208053695,29.458440998375643,1.0,14.0,37.0,62.0,120.0
2010-05-02,AZC,SO2,1,157.0,2.5796178343949046,1.9219627672393285,1.0,2.0,2.0,3.0,12.0
2010-05-02,CAM,PM2.5,2,160.0,21.8625,9.679445576409154,5.0,15.0,20.0,26.25,50.0
2010-05-02,CES,NO,1,161.0,19.850931677018632,29.77587345069079,1.0,4.0,8.0,25.0,254.0
2010-05-02,CES,NO2,1,161.0,28.15527950310559,13.247433244883315,5.0,17.0,26.0,36.0,79.0
2010-05-02,CES,NOX,1,161.0,47.869565217391305,40.16405893874253,6.0,22.0,35.0,60.0,333.0
2010-05-02,CES,O3,1,161.0,23.74534161490683,13.573540208391474,1.0,14.0,23.0,34.0,53.0
2010-05-02,CES,PM10,2,159.0,53.81132075471698,32.27260660145321,5.0,28.5,47.0,70.5,157.0
2010-05-02,CES,SO2,1,124.0,0.13709677419354838,0.44784356697100625,0.0,0.0,0.0,0.0,3.0
2010-05-02,CHO,CO,15,156.0,0.2826923076923078,0.26031332523573475,0.0,0.1,0.2,0.3,1.6
2010-05-02,CHO,O3,1,153.0,46.10457516339869,21.86566745244002,0.0,30.0,44.0,63.0,86.0
2010-05-02,CHO,SO2,1,156.0,1.1602564102564104,1.5261031752707779,0.0,0.0,1.0,1.0,8.0
2010-05-02,COY,O3,1,156.0,39.08974358974359,31.669741699115075,1.0,9.0,34.0,62.0,119.0
2010-05-02,COY,PM2.5,2,151.0,18.05960264900662,11.589208651775708,4.0,12.0,16.0,21.0,91.0
2010-05-02,CUA,O3,1,161.0,46.69565217391305,20.431606483051226,0.0,31.0,48.0,61.0,95.0
2010-05-02,FAC,CO,15,161.0,1.2745341614906835,0.8357092424331554,0.4,0.8,1.0,1.4,5.6
2010-05-02,FAC,NO,1,161.0,22.51552795031056,47.59189867903756,0.0,1.0,5.0,17.0,325.0
2010-05-02,FAC,NO2,1,161.0,27.161490683229815,16.796167948790433,6.0,13.0,22.0,37.0,86.0
2010-05-02,FAC,NOX,1,161.0,49.484472049689444,59.05602272313786,7.0,15.0,26.0,57.0,375.0
2010-05-02,FAC,O3,1,161.0,45.37267080745342,27.796317174172643,2.0,23.0,45.0,62.0,126.0
2010-05-02,FAC,PM10,2,156.0,39.1025641025641,20.669497391451472,1.0,24.75,37.0,54.0,116.0
2010-05-02,FAC,SO2,1,161.0,3.472049689440994,1.620424758362922,2.0,3.0,3.0,4.0,13.0
2010-05-02,IMP,CO,15,160.0,1.0881250000000002,1.0435408925095473,0.1,0.4,0.7,1.3,5.5
2010-05-02,IZT,CO,15,157.0,0.6464968152866241,0.8149664663873888,0.0,0.2,0.4,0.7,4.4
2010-05-02,IZT,NO,1,157.0,25.980891719745223,47.16249478753592,1.0,7.0,8.0,18.0,257.0
2010-05-02,IZT,NO2,1,157.0,31.85987261146497,16.562801462656022,9.0,18.0,28.0,43.0,79.0
2010-05-02,IZT,NOX,1,157.0,57.70700636942675,58.24894201157569,14.0,25.0,35.0,57.0,312.0
2010-05-02,IZT,O3,1,157.0,38.28662420382165,28.645501493928172,0.0,16.0,32.0,60.0,104.0
2010-05-02,IZT,PM10,2,160.0,51.69375,23.57378270732289,17.0,34.75,47.0,63.25,148.0
2010-05-02,IZT,SO2,1,150.0,1.84,1.4975595359645608,1.0,1.0,1.0,2.0,9.0
2010-05-02,LAG,CO,15,160.0,1.2556249999999998,0.8279509354861114,0.5,0.8,1.0,1.3,4.3
2010-05-02,LAG,NO,1,160.0,29.95625,49.30221866937907,1.0,6.0,11.0,24.0,232.0
2010-05-02,LAG,NO2,1,160.0,37.39375,13.768570935194557,17.0,26.0,36.5,46.25,85.0
2010-05-02,LAG,NOX,1,160.0,67.3375,57.90437655220346,21.0,32.75,48.5,67.25,282.0
2010-05-02,LAG,O3,1,160.0,30.375,26.11217937954788,0.0,7.5,24.5,49.0,95.0
2010-05-02,LAG,SO2,1,157.0,1.78343949044586,2.6440995542993244,0.0,0.0,1.0,2.0,16.0
2010-05-02,LLA,SO2,1,158.0,2.170886075949367,2.69983023286682,0.0,1.0,1.0,3.0,14.0
2010-05-02,LPR,SO2,1,158.0,4.60126582278481,3.707351748379558,2.0,4.0,4.0,4.0,43.0
2010-05-02,LVI,PM10,2,153.0,59.10457516339869,32.264972737820095,11.0,37.0,49.0,74.0,165.0
2010-05-02,LVI,SO2,1,138.0,2.1739130434782608,3.7667640732629173,0.0,1.0,1.0,2.0,31.0
2010-05-02,MER,CO,15,78.0,1.0512820512820507,0.7858725962875521,0.3,0.5,0.8,1.175,3.6
2010-05-02,MER,NO,1,157.0,38.745222929936304,62.8499336493335,1.0,7.0,19.0,36.0,447.0
2010-05-02,MER,NO2,1,157.0,41.70063694267516,16.127880370114635,13.0,32.0,40.0,52.0,89.0
2010-05-02,MER,NOX,1,157.0,80.36942675159236,73.12706596899251,15.0,41.0,61.0,85.0,525.0
2010-05-02,MER,O3,1,157.0,33.37579617834395,28.950757045311477,0.0,7.0,27.0,54.0,98.0
2010-05-02,MER,PM10,2,154.0,51.95454545454545,29.762533122982198,2.0,29.5,45.5,67.5,158.0
2010-05-02,MER,PM2.5,2,150.0,13.92,6.53182195000577,2.0,9.0,13.0,19.0,31.0
2010-05-02,MER,SO2,1,157.0,2.8662420382165603,2.0602947928269097,1.0,2.0,2.0,3.0,20.0
2010-05-02,MON,O3,1,161.0,48.53416149068323,23.412344782160492,1.0,32.0,49.0,70.0,96.0
2010-05-02,PED,CO,15,160.0,0.5075000000000001,0.3817454122166076,0.1,0.2,0.4,0.7,1.9
2010-05-02,PED,NO,1,160.0,9.5875,18.930986046807035,0.0,0.0,2.0,8.0,96.0
2010-05-02,PED,NO2,1,160.0,22.4125,14.801150516219117,3.0,9.0,18.0,34.0,64.0
2010-05-02,PED,NOX,1,160.0,31.80625,30.481151382824134,3.0,9.0,20.0,44.25,141.0
2010-05-02,PED,O3,1,160.0,41.925,29.4388931122241,0.0,15.5,39.5,59.0,120.0
2010-05-02,PED,PM10,2,158.0,40.74683544303797,20.54199883254896,1.0,24.25,39.0,53.75,111.0
2010-05-02,PED,SO2,1,160.0,1.23125,0.5743125504987491,0.0,1.0,1.0,1.0,4.0
2010-05-02,PER,PM2.5,2,157.0,24.687898089171973,15.495182668760815,4.0,16.0,23.0,30.0,148.0
2010-05-02,PLA,O3,1,158.0,35.335443037974684,28.536848624546856,1.0,9.25,31.5,55.75,116.0
2010-05-02,PLA,SO2,1,158.0,3.9367088607594938,0.8422259277795775,3.0,3.0,4.0,4.0,7.0
2010-05-02,SAG,CO,15,70.0,0.8014285714285714,0.7100710021943932,0.1,0.4,0.6,0.8,4.3
2010-05-02,SAG,NO,1,70.0,23.9,45.00600604041804,0.0,2.0,6.0,23.0,254.0
2010-05-02,SAG,NO2,1,70.0,30.12857142857143,13.162222433118274,8.0,20.0,30.5,38.5,69.0
2010-05-02,SAG,NOX,1,70.0,54.0,53.39869183655225,9.0,25.0,34.5,58.5,317.0
2010-05-02,SAG,O3,1,70.0,34.1,28.636730240035778,2.0,9.25,23.5,59.0,95.0
2010-05-02,SAG,PM10,2,59.0,71.16949152542372,34.55687592759112,15.0,46.0,59.0,88.5,176.0
2010-05-02,SAG,PM2.5,2,58.0,21.56896551724138,10.603064881249338,8.0,14.0,19.0,25.75,64.0
2010-05-02,SAG,SO2,1,72.0,4.222222222222222,2.922579519621887,2.0,2.0,3.0,6.0,17.0
2010-05-02,SJA,PM2.5,2,154.0,17.935064935064936,9.588034021684766,1.0,11.0,18.0,24.0,54.0
2010-05-02,SUR,CO,15,161.0,1.2950310559006208,0.8452663221017996,0.5,0.8,1.0,1.5,4.5
2010-05-02,SUR,NO,1,161.0,19.850931677018632,39.82606106246953,0.0,2.0,3.0,15.0,192.0
2010-05-02,SUR,NO2,1,161.0,28.795031055900623,17.88578975486628,6.0,14.0,23.0,41.0,95.0
2010-05-02,SUR,NOX,1,161.0,48.57142857142857,52.382930698572316,6.0,16.0,28.0,59.0,245.0
2010-05-02,SUR,O3,1,161.0,41.7639751552795,29.617249097432712,2.0,15.0,38.0,60.0,111.0
2010-05-02,SUR,PM10,2,155.0,49.83870967741935,30.501965844879223,7.0,31.0,42.0,62.0,216.0
2010-05-02,SUR,SO2,1,161.0,1.9937888198757765,1.0868353969779523,0.0,1.0,2.0,3.0,6.0
2010-05-02,TAC,CO,15,149.0,0.796644295302013,0.752690319596219,0.0,0.4,0.5,0.9,4.0
2010-05-02,TAC,NO,1,149.0,21.140939597315437,42.041327822241,0.0,1.0,2.0,13.0,210.0
2010-05-02,TAC,NO2,1,149.0,28.926174496644297,17.683055700734844,6.0,15.0,24.0,40.0,94.0
2010-05-02,TAC,NOX,1,149.0,49.97986577181208,55.04230188935741,6.0,16.0,26.0,54.0,260.0
2010-05-02,TAC,O3,1,149.0,41.41610738255034,26.766028456604133,3.0,20.0,39.0,58.0,119.0
2010-05-02,TAC,SO2,1,149.0,1.604026845637584,1.1017111503174983,1.0,1.0,1.0,2.0,9.0
2010-05-02,TAH,O3,1,155.0,50.31612903225806,20.69059477615457,2.0,36.0,50.0,67.0,95.0
2010-05-02,TAH,PM10,2,139.0,54.02158273381295,30.5228514124478,8.0,33.0,48.0,73.0,201.0
2010-05-02,TAH,SO2,1,155.0,1.1225806451612903,0.4002512826129945,0.0,1.0,1.0,1.0,3.0
2010-05-02,TAX,CO,15,152.0,1.3901315789473683,1.1191742384230476,0.3,0.7,1.0,1.6,7.7
2010-05-02,TAX,NO,1,152.0,38.098684210526315,73.33518800399806,0.0,1.0,7.5,31.5,410.0
2010-05-02,TAX,NO2,1,152.0,27.30263157894737,16.33994798993247,4.0,13.0,24.0,38.0,86.0
2010-05-02,TAX,NOX,1,152.0,65.21052631578948,84.37558979564848,3.0,16.0,32.0,71.5,466.0
2010-05-02,TAX,O3,1,152.0,37.0921052631579,26.385164219742002,0.0,14.0,33.5,57.0,95.0
2010-05-02,TAX,PM10,2,152.0,51.81578947368421,26.380662457385032,6.0,31.75,46.5,66.5,147.0
2010-05-02,TAX,SO2,1,151.0,3.0596026490066226,1.2287217644336461,2.0,2.0,3.0,3.0,9.0
2010-05-02,TLA,CO,15,153.0,1.0098039215686268,0.6741236714863268,0.3,0.6,0.8,1.1,3.7
2010-05-02,TLA,NO,1,150.0,28.64,57.46014434300929,0.0,3.0,5.0,19.5,273.0
2010-05-02,TLA,NO2,1,150.0,36.6,17.889294162643314,10.0,21.25,34.5,49.0,109.0
2010-05-02,TLA,NOX,1,150.0,64.83333333333333,69.58770398469333,13.0,24.25,38.0,69.0,330.0
2010-05-02,TLA,O3,1,152.0,41.05921052631579,30.979214042384317,2.0,16.0,31.0,64.5,131.0
2010-05-02,TLA,PM10,2,155.0,59.935483870967744,26.199206248349768,22.0,40.0,56.0,70.0,162.0
2010-05-02,TLA,PM2.5,2,155.0,20.032258064516128,9.674856524214675,5.0,14.0,18.0,24.0,64.0
2010-05-02,TLA,SO2,1,152.0,3.0657894736842106,4.168108266938557,0.0,1.0,2.0,3.0,35.0
2010-05-02,TLI,CO,15,148.0,1.2155405405405417,0.6016658097686818,0.6,0.8,1.0,1.3,3.6
2010-05-02,TLI,NO,1,148.0,21.87162162162162,39.82671315016661,1.0,2.0,5.0,15.25,213.0
2010-05-02,TLI,NO2,1,148.0,31.87162162162162,15.400450742323757,10.0,18.0,29.5,43.0,73.0
2010-05-02,TLI,NOX,1,148.0,53.695945945945944,50.4156409678697,12.0,21.0,36.5,58.5,282.0
2010-05-02,TLI,PM10,2,147.0,60.17687074829932,32.842442611901696,1.0,38.0,53.0,77.5,222.0
2010-05-02,TLI,SO2,1,148.0,1.9932432432432432,4.4285662390470675,0.0,0.0,1.0,3.0,45.0
2010-05-02,TPN,O3,1,160.0,52.1125,21.185312195721554,10.0,35.0,52.0,64.0,107.0
2010-05-02,UIZ,CO,15,88.0,0.6761363636363634,0.5644638017535516,0.2,0.4,0.5,0.725,3.8
2010-05-02,UIZ,NO,1,155.0,9.806451612903226,21.545209722871423,0.0,3.0,4.0,6.0,172.0
2010-05-02,UIZ,NO2,1,155.0,20.412903225806453,12.510664072802932,5.0,11.0,17.0,27.0,58.0
2010-05-02,UIZ,NOX,1,155.0,30.258064516129032,30.054028990590243,8.0,15.0,21.0,31.0,207.0
2010-05-02,UIZ,O3,1,154.0,43.45454545454545,23.8820880479618,1.0,27.0,41.0,61.0,90.0
2010-05-02,UIZ,PM2.5,2,156.0,21.102564102564102,11.193995791050574,1.0,12.0,19.0,28.0,51.0
2010-05-02,UIZ,SO2,1,155.0,2.141935483870968,0.7246916915203958,1.0,2.0,2.0,2.0,6.0
2010-05-02,VAL,CO,15,158.0,1.3702531645569627,0.7916369796023915,0.6,1.0,1.1,1.4,5.3
2010-05-02,VAL,SO2,1,158.0,2.3860759493670884,4.28554775210781,0.0,1.0,1.0,2.0,32.0
2010-05-02,VIF,CO,15,158.0,1.0670886075949366,0.47624366695552584,0.4,0.8,1.0,1.2,3.1
2010-05-02,VIF,NO,1,158.0,16.025316455696203,31.60463349225036,0.0,1.0,2.0,11.0,166.0
2010-05-02,VIF,NO2,1,158.0,27.873417721518987,12.119224175425021,7.0,17.0,28.0,37.75,62.0
2010-05-02,VIF,NOX,1,158.0,43.82911392405063,38.66913267891854,8.0,19.0,33.0,49.0,215.0
2010-05-02,VIF,PM10,2,158.0,87.60126582278481,55.85182168603485,14.0,50.25,67.5,103.5,399.0
2010-05-02,VIF,SO2,1,158.0,3.0126582278481013,5.478373627473108,0.0,0.0,2.0,3.0,45.0
2010-05-02,XAL,CO,15,155.0,1.1109677419354842,1.0704755431877233,0.3,0.5,0.7,1.1,6.1
2010-05-02,XAL,NO,1,98.0,69.33673469387755,120.8632134630273,0.0,3.0,13.0,68.75,526.0
2010-05-02,XAL,NO2,1,98.0,43.46938775510204,17.130911399995263,18.0,31.0,44.0,52.75,90.0
2010-05-02,XAL,NOX,1,98.0,111.85714285714286,133.29140234142758,13.0,34.25,58.5,128.75,611.0
2010-05-02,XAL,O3,1,155.0,36.41935483870968,31.826614478945974,1.0,4.0,29.0,61.5,109.0
2010-05-02,XAL,PM10,2,153.0,105.00653594771242,76.31578238615437,6.0,57.0,82.0,127.0,398.0
2010-05-02,XAL,SO2,1,155.0,3.535483870967742,3.03502801577784,1.0,2.0,2.0,5.0,23.0
2010-05-09,ACO,O3,1,160.0,42.60625,27.2738492658001,0.0,17.5,41.5,65.25,107.0
2010-05-09,ACO,PM2.5,2,159.0,27.57861635220126,16.60767843148248,4.0,21.0,25.0,31.0,144.0
2010-05-09,ACO,SO2,1,156.0,2.9166666666666665,2.860088727099515,1.0,1.0,2.0,3.0,23.0
2010-05-09,ARA,SO2,1,122.0,6.237704918032787,5.914058441632954,2.0,3.0,4.0,7.0,32.0
2010-05-09,ATI,NO,1,156.0,13.987179487179487,31.312161335130693,0.0,1.0,2.0,5.0,200.0
2010-05-09,ATI,NO2,1,156.0,26.564102564102566,16.499141517131005,7.0,15.0,19.0,35.0,79.0
2010-05-09,ATI,NOX,1,156.0,40.57692307692308,42.84345675363389,7.0,16.0,21.5,38.75,245.0
2010-05-09,ATI,SO2,1,157.0,17.32484076433121,23.099621642064452,2.0,5.0,9.0,20.0,180.0
2010-05-09,AZC,NO,1,159.0,13.150943396226415,30.254445991769988,0.0,0.0,1.0,6.5,174.0
2010-05-09,AZC,NO2,1,159.0,34.15723270440252,18.40904242285618,13.0,21.0,29.0,42.0,107.0
2010-05-09,AZC,NOX,1,159.0,47.17610062893082,43.87951492744982,14.0,22.0,30.0,46.0,231.0
2010-05-09,AZC,O3,1,157.0,48.261146496815286,45.18879860308237,1.0,13.0,32.0,74.0,188.0
2010-05-09,AZC,SO2,1,158.0,13.99367088607595,20.088497464663945,2.0,3.0,6.0,14.75,115.0
2010-05-09,CAM,PM2.5,2,160.0,32.5875,12.487673167250792,10.0,22.0,32.0,41.25,74.0
2010-05-09,CES,NO,1,135.0,16.355555555555554,21.174635159297395,0.0,4.0,8.0,19.5,122.0
2010-05-09,CES,NO2,1,135.0,35.56296296296296,15.801760438203678,11.0,25.0,33.0,41.5,110.0
2010-05-09,CES,NOX,1,135.0,51.85925925925926,34.002669553443035,12.0,29.5,42.0,64.0,208.0
2010-05-09,CES,O3,1,28.0,16.535714285714285,9.837502479107949,1.0,9.5,17.5,22.0,39.0
2010-05-09,CES,PM10,2,153.0,71.13071895424837,48.794236718896464,2.0,42.0,63.0,87.0,397.0
2010-05-09,CES,SO2,1,158.0,4.322784810126582,6.095073699769977,0.0,1.0,2.0,6.0,44.0
2010-05-09,CHO,CO,15,152.0,0.6697368421052631,0.5783098774837414,0.1,0.3,0.5,0.7,3.5
2010-05-09,CHO,O3,1,144.0,48.77777777777778,39.28832714143794,0.0,8.0,44.0,82.25,141.0
2010-05-09,CHO,SO2,1,151.0,3.4701986754966887,3.222437890831245,0.0,1.0,3.0,5.0,21.0
2010-05-09,COY,O3,1,159.0,51.63522012578616,43.20460907545201,1.0,16.0,39.0,80.5,171.0
2010-05-09,COY,PM2.5,2,159.0,26.40251572327044,11.975248469637753,4.0,16.0,26.0,35.5,55.0
2010-05-09,CUA,O3,1,161.0,56.77018633540373,44.52348375397035,0.0,24.0,45.0,79.0,208.0
2010-05-09,FAC,CO,15,160.0,1.2775,0.7783186199840247,0.5,0.8,1.0,1.4,4.5
2010-05-09,FAC,NO,1,160.0,19.2375,42.181024602041006,0.0,0.0,2.0,9.0,231.0
2010-05-09,FAC,NO2,1,160.0,34.35625,21.756325437464856,8.0,21.0,29.0,40.25,143.0
2010-05-09,FAC,NOX,1,160.0,52.63125,56.34000800117378,6.0,21.75,29.0,52.5,278.0
2010-05-09,FAC,O3,1,160.0,52.2625,44.1149851891508,2.0,19.0,37.0,77.25,189.0
2010-05-09,FAC,PM10,2,151.0,64.78807947019868,37.926175529401526,1.0,42.5,57.0,78.0,264.0
2010-05-09,FAC,SO2,1,160.0,16.775,23.80078482929851,2.0,5.0,8.0,17.25,146.0
2010-05-09,IMP,CO,15,151.0,1.0245033112582782,0.7865508576408962,0.2,0.5,0.8,1.1,5.1
2010-05-09,IZT,CO,15,153.0,0.580392156862745,0.5527513507243147,0.0,0.2,0.4,0.6,3.1
2010-05-09,IZT,NO,1,153.0,17.77777777777778,27.457915698445202,1.0,5.0,7.0,14.0,160.0
2010-05-09,IZT,NO2,1,153.0,36.63398692810458,16.48274681454701,12.0,25.0,34.0,46.0,115.0
2010-05-09,IZT,NOX,1,153.0,54.42483660130719,39.22131751364325,17.0,30.0,42.0,62.0,223.0
2010-05-09,IZT,O3,1,153.0,45.071895424836605,42.69816102522872,0.0,10.0,30.0,77.0,160.0
2010-05-09,IZT,PM10,2,152.0,64.28947368421052,23.734913389950297,17.0,48.0,58.0,78.25,172.0
2010-05-09,IZT,SO2,1,150.0,8.9,10.317607287265211,1.0,2.0,4.0,11.0,46.0
2010-05-09,LAG,CO,15,152.0,1.180921052631578,0.727122019204569,0.5,0.7,1.0,1.2,3.9
2010-05-09,LAG,NO,1,151.0,19.211920529801326,33.32758802584292,0.0,3.0,6.0,14.0,171.0
2010-05-09,LAG,NO2,1,151.0,38.496688741721854,15.024812443503992,15.0,29.0,36.0,45.0,107.0
2010-05-09,LAG,NOX,1,151.0,57.64238410596027,43.89082582512522,15.0,33.0,43.0,59.0,227.0
2010-05-09,LAG,O3,1,152.0,39.0328947368421,39.59888582337163,0.0,6.0,24.0,65.25,152.0
2010-05-09,LAG,SO2,1,152.0,11.493421052631579,16.986553587718376,0.0,2.0,5.0,13.0,97.0
2010-05-09,LLA,SO2,1,160.0,5.99375,8.464128432732231,0.0,1.0,3.0,7.0,47.0
2010-05-09,LPR,SO2,1,159.0,7.89937106918239,6.303700910700219,2.0,4.0,5.0,10.0,34.0
2010-05-09,LVI,PM10,2,155.0,72.38709677419355,32.62247394744325,7.0,50.0,67.0,85.5,210.0
2010-05-09,LVI,SO2,1,152.0,8.092105263157896,11.244044936404899,0.0,1.0,4.0,9.0,63.0
2010-05-09,MER,CO,15,0.0,,,,,,,
2010-05-09,MER,NO,1,159.0,25.251572327044027,35.4416919177563,0.0,5.0,11.0,25.0,206.0
2010-05-09,MER,NO2,1,159.0,42.301886792452834,14.407608185700795,15.0,34.0,41.0,49.0,100.0
2010-05-09,MER,NOX,1,159.0,67.54716981132076,45.54406658866781,16.0,40.0,53.0,71.5,295.0
2010-05-09,MER,O3,1,159.0,40.283018867924525,39.81907374445984,0.0,6.0,29.0,65.5,166.0
2010-05-09,MER,PM10,2,150.0,68.33333333333333,39.40883058924274,1.0,45.25,62.5,80.75,253.0
2010-05-09,MER,PM2.5,2,155.0,22.703225806451613,10.592924735957837,3.0,15.0,22.0,28.0,74.0
2010-05-09,MER,SO2,1,160.0,10.15625,12.014428890809876,1.0,3.0,5.0,11.0,68.0
2010-05-09,MON,O3,1,157.0,45.69426751592356,36.44572051491167,1.0,9.0,41.0,80.0,124.0
2010-05-09,PED,CO,15,160.0,0.48562499999999964,0.2983912578600384,0.1,0.3,0.4,0.6,2.1
2010-05-09,PED,NO,1,160.0,4.7375,12.340294228065217,0.0,0.0,1.0,3.25,103.0
2010-05-09,PED,NO2,1,160.0,23.90625,12.055843268649397,6.0,15.0,21.0,31.0,71.0
2010-05-09,PED,NOX,1,160.0,28.425,22.121036403666224,6.0,15.0,22.0,34.0,160.0
2010-05-09,PED,O3,1,158.0,56.70253164556962,42.34804374273471,1.0,24.0,41.0,82.75,190.0
2010-05-09,PED,PM10,2,159.0,54.55345911949686,22.945904407933057,7.0,40.0,53.0,71.0,116.0
2010-05-09,PED,SO2,1,160.0,6.5125,9.050513380622686,0.0,2.0,3.5,7.0,64.0
2010-05-09,PER,PM2.5,2,141.0,52.340425531914896,40.89163899647004,3.0,29.0,38.0,61.0,236.0
2010-05-09,PLA,O3,1,161.0,50.52173913043478,46.0891916500661,1.0,15.0,34.0,77.0,187.0
2010-05-09,PLA,SO2,1,161.0,12.627329192546584,15.641219531967584,3.0,5.0,7.0,13.0,106.0
2010-05-09,SAG,CO,15,0.0,,,,,,,
2010-05-09,SAG,NO,1,0.0,,,,,,,
2010-05-09,SAG,NO2,1,0.0,,,,,,,
2010-05-09,SAG,NOX,1,0.0,,,,,,,
2010-05-09,SAG,O3,1,0.0,,,,,,,
2010-05-09,SAG,PM10,2,0.0,,,,,,,
2010-05-09,SAG,PM2.5,2,0.0,,,,,,,
2010-05-09,SAG,SO2,1,0.0,,,,,,,
2010-05-09,SJA,PM2.5,2,160.0,26.1125,10.382003963075158,3.0,18.75,26.0,32.25,57.0
2010-05-09,SUR,CO,15,159.0,1.293081761006289,0.4799946593657727,0.7,1.0,1.2,1.4,4.0
2010-05-09,SUR,NO,1,159.0,11.245283018867925,26.53817813067323,0.0,1.0,3.0,8.0,195.0
2010-05-09,SUR,NO2,1,159.0,30.540880503144653,11.938525097275972,9.0,20.5,29.0,40.0,61.0
2010-05-09,SUR,NOX,1,159.0,41.735849056603776,33.928340871698765,9.0,22.0,32.0,48.5,243.0
2010-05-09,SUR,O3,1,159.0,53.515723270440255,43.641789191923635,1.0,18.0,37.0,84.5,170.0
2010-05-09,SUR,PM10,2,149.0,61.0,34.562712293468536,2.0,40.0,58.0,74.0,227.0
2010-05-09,SUR,SO2,1,159.0,9.018867924528301,12.427242276910347,1.0,3.0,5.0,9.0,92.0
2010-05-09,TAC,CO,15,160.0,0.8199999999999994,0.7411363024895788,0.1,0.4,0.5,0.8,4.2
2010-05-09,TAC,NO,1,160.0,14.76875,32.73242422907215,0.0,0.0,1.0,6.0,173.0
2010-05-09,TAC,NO2,1,160.0,35.6125,20.854086518673068,10.0,20.0,29.5,43.0,117.0
2010-05-09,TAC,NOX,1,160.0,50.08125,49.39979017028236,10.0,22.0,30.0,47.75,281.0
2010-05-09,TAC,O3,1,160.0,52.54375,45.95032139347367,3.0,15.75,37.5,77.0,201.0
2010-05-09,TAC,SO2,1,160.0,12.08125,19.342972615982294,1.0,2.0,5.0,10.0,122.0
2010-05-09,TAH,O3,1,161.0,50.900621118012424,34.01749641157915,1.0,20.0,47.0,79.0,122.0
2010-05-09,TAH,PM10,2,154.0,85.38311688311688,42.164042862170845,24.0,58.0,79.5,99.75,299.0
2010-05-09,TAH,SO2,1,161.0,4.0062111801242235,3.8640925429037307,1.0,2.0,3.0,5.0,24.0
2010-05-09,TAX,CO,15,160.0,1.4918750000000005,0.4990521676515753,0.6,1.1,1.45,1.8,2.9
2010-05-09,TAX,NO,1,157.0,23.62420382165605,21.888532887294904,0.0,6.0,17.0,32.0,100.0
2010-05-09,TAX,NO2,1,157.0,38.6687898089172,11.756824823748365,13.0,31.0,37.0,46.0,83.0
2010-05-09,TAX,NOX,1,157.0,61.98726114649681,29.469016162818242,11.0,40.0,60.0,79.0,138.0
2010-05-09,TAX,O3,1,154.0,37.77272727272727,35.18327787723268,0.0,8.0,25.0,61.25,127.0
2010-05-09,TAX,PM10,2,156.0,68.58974358974359,34.011548663865256,6.0,48.0,64.0,83.25,225.0
2010-05-09,TAX,SO2,1,160.0,8.6625,10.753316001654863,2.0,4.0,5.0,9.0,86.0
2010-05-09,TLA,CO,15,154.0,1.0110389610389607,0.5777533327509202,0.4,0.7,0.8,1.0750000000000002,3.1
2010-05-09,TLA,NO,1,104.0,33.57692307692308,53.633182799799826,0.0,4.75,8.0,29.0,231.0
2010-05-09,TLA,NO2,1,104.0,43.67307692307692,19.914107946252482,14.0,28.75,41.0,53.25,104.0
2010-05-09,TLA,NOX,1,104.0,76.67307692307692,67.78670750753774,13.0,33.0,47.5,91.75,288.0
2010-05-09,TLA,O3,1,139.0,50.510791366906474,42.32301030814222,2.0,15.0,36.0,78.0,179.0
2010-05-09,TLA,PM10,2,155.0,80.51612903225806,30.4804290709117,19.0,61.0,74.0,100.0,199.0
2010-05-09,TLA,PM2.5,2,156.0,30.673076923076923,14.815494705702193,6.0,19.0,28.0,41.0,84.0
2010-05-09,TLA,SO2,1,154.0,15.175324675324676,18.419985280586793,1.0,3.0,7.0,18.75,86.0
2010-05-09,TLI,CO,15,161.0,1.1801242236024854,0.5659968944014178,0.7,0.8,1.0,1.3,3.9
2010-05-09,TLI,NO,1,161.0,17.459627329192546,33.41649925351618,1.0,2.0,3.0,13.0,222.0
2010-05-09,TLI,NO2,1,161.0,31.53416149068323,18.042668544280183,9.0,16.0,27.0,44.0,100.0
2010-05-09,TLI,NOX,1,161.0,48.98136645962733,47.540571101124975,10.0,18.0,30.0,57.0,288.0
2010-05-09,TLI,PM10,2,161.0,76.34782608695652,37.99412139883703,12.0,48.0,73.0,93.0,219.0
2010-05-09,TLI,SO2,1,161.0,9.217391304347826,13.337773264386149,0.0,0.0,4.0,12.0,75.0
2010-05-09,TPN,O3,1,157.0,58.99363057324841,39.26038925301871,2.0,30.0,42.0,83.0,182.0
2010-05-09,UIZ,CO,15,160.0,0.78875,0.524133006788383,0.2,0.5,0.6,0.9,2.9
2010-05-09,UIZ,NO,1,160.0,10.9125,19.283188330804062,0.0,2.0,3.0,7.25,97.0
2010-05-09,UIZ,NO2,1,160.0,29.3875,14.832391673876995,9.0,17.75,28.0,39.0,93.0
2010-05-09,UIZ,NOX,1,160.0,40.24375,30.84955314498547,12.0,20.0,30.0,47.25,170.0
2010-05-09,UIZ,O3,1,160.0,46.33125,40.1872538188025,1.0,11.75,34.5,80.25,135.0
2010-05-09,UIZ,PM2.5,2,160.0,31.38125,14.136740959943822,4.0,21.0,28.0,41.25,73.0
2010-05-09,UIZ,SO2,1,160.0,6.675,6.49581384310517,2.0,2.0,4.0,9.0,41.0
2010-05-09,VAL,CO,15,155.0,0.8645161290322586,0.7167515042844416,0.2,0.4,0.6,1.2,3.7
2010-05-09,VAL,SO2,1,154.0,9.590909090909092,10.385141243395601,1.0,3.0,5.0,11.75,54.0
2010-05-09,VIF,CO,15,153.0,1.1915032679738546,0.3539156367692398,0.7,1.0,1.1,1.2,2.4
2010-05-09,VIF,NO,1,156.0,10.134615384615385,19.58046641457774,0.0,1.0,2.0,7.0,95.0
2010-05-09,VIF,NO2,1,156.0,22.358974358974358,13.604528998236376,5.0,10.75,17.5,34.0,59.0
2010-05-09,VIF,NOX,1,156.0,32.26923076923077,30.26684466303152,5.0,11.0,20.0,41.0,140.0
2010-05-09,VIF,PM10,2,157.0,87.28025477707007,42.82415361998421,2.0,58.0,76.0,102.0,270.0
2010-05-09,VIF,SO2,1,152.0,8.519736842105264,10.336696280558623,1.0,3.0,5.0,9.25,58.0
2010-05-09,XAL,CO,15,153.0,0.9823529411764704,0.6555549725091133,0.3,0.6,0.7,1.1,3.5
2010-05-09,XAL,NO,1,124.0,37.24193548387097,57.08592453454078,0.0,8.0,19.0,31.0,244.0
2010-05-09,XAL,NO2,1,124.0,42.403225806451616,14.86520428560139,15.0,33.0,41.0,51.0,95.0
2010-05-09,XAL,NOX,1,124.0,79.35483870967742,67.28318911416245,17.0,42.0,59.5,82.5,327.0
2010-05-09,XAL,O3,1,154.0,38.98701298701299,34.91651799546934,0.0,9.0,29.0,62.75,160.0
2010-05-09,XAL,PM10,2,149.0,108.83892617449665,65.30418089282148,16.0,71.0,93.0,123.0,559.0
2010-05-09,XAL,SO2,1,153.0,6.339869281045751,6.2177202188295855,1.0,2.0,4.0,7.0,34.0
2010-05-16,ACO,O3,1,145.0,34.641379310344824,24.44798215431336,0.0,11.0,35.0,52.0,85.0
2010-05-16,ACO,PM2.5,2,137.0,32.1021897810219,29.219575597718343,3.0,18.0,25.0,36.0,281.0
2010-05-16,ACO,SO2,1,145.0,4.165517241379311,5.957038079615761,1.0,2.0,3.0,4.0,48.0
2010-05-16,ARA,SO2,1,160.0,4.78125,6.095334719760019,1.0,2.0,3.0,5.0,48.0
2010-05-16,ATI,NO,1,160.0,12.0375,24.36769887428175,0.0,1.0,2.0,10.25,166.0
2010-05-16,ATI,NO2,1,160.0,23.9,13.502480554774937,7.0,14.0,20.0,30.0,73.0
2010-05-16,ATI,NOX,1,160.0,35.9875,33.855591866469155,8.0,16.0,22.0,40.25,199.0
2010-05-16,ATI,SO2,1,160.0,6.8875,6.156233737966578,2.0,3.0,5.0,8.0,51.0
2010-05-16,AZC,NO,1,150.0,12.653333333333334,27.024221466330854,0.0,0.0,1.0,11.0,160.0
2010-05-16,AZC,NO2,1,150.0,31.026666666666667,14.331149097399758,11.0,20.0,30.0,40.0,100.0
2010-05-16,AZC,NOX,1,150.0,43.4,36.87581190096977,10.0,20.0,32.5,47.75,219.0
2010-05-16,AZC,O3,1,128.0,35.9609375,32.15939689364513,0.0,7.0,27.0,59.0,118.0
2010-05-16,AZC,SO2,1,149.0,4.805369127516778,3.8267865503596368,1.0,3.0,4.0,5.0,24.0
2010-05-16,CAM,PM2.5,2,157.0,27.05095541401274,9.109586510321147,1.0,21.0,26.0,31.0,60.0
2010-05-16,CES,NO,1,158.0,17.49367088607595,24.42817284360378,1.0,3.0,9.0,18.0,151.0
2010-05-16,CES,NO2,1,158.0,29.21518987341772,10.51498280262572,8.0,22.0,28.0,38.0,56.0
2010-05-16,CES,NOX,1,158.0,46.63291139240506,31.472635860860393,9.0,26.0,39.0,54.75,191.0
2010-05-16,CES,O3,1,101.0,40.118811881188115,28.362752732664326,2.0,16.0,37.0,60.0,97.0
2010-05-16,CES,PM10,2,155.0,53.44516129032258,40.74774186006625,3.0,28.0,47.0,67.0,342.0
2010-05-16,CES,SO2,1,159.0,2.4213836477987423,4.4428632115382305,0.0,0.0,1.0,3.0,30.0
2010-05-16,CHO,CO,15,158.0,0.5563291139240508,0.43675607095541036,0.0,0.3,0.5,0.7,2.9
2010-05-16,CHO,O3,1,158.0,38.30379746835443,31.355920389125334,0.0,8.0,33.0,65.75,106.0
2010-05-16,CHO,SO2,1,158.0,2.550632911392405,4.4572241059464055,0.0,0.0,1.0,3.0,38.0
2010-05-16,COY,O3,1,150.0,44.88666666666666,35.857948051704604,1.0,15.25,36.5,65.0,149.0
2010-05-16,COY,PM2.5,2,144.0,24.27777777777778,8.257604627737646,9.0,17.75,24.0,30.0,50.0
2010-05-16,CUA,O3,1,159.0,44.62264150943396,30.003940510253365,0.0,21.0,39.0,62.0,122.0
2010-05-16,FAC,CO,15,159.0,1.3125786163522013,0.7312848185686333,0.5,0.8,1.1,1.55,4.9
2010-05-16,FAC,NO,1,159.0,20.635220125786162,39.19206542398696,0.0,2.0,5.0,17.5,246.0
2010-05-16,FAC,NO2,1,159.0,31.67924528301887,14.21682046861828,8.0,22.0,29.0,39.0,98.0
2010-05-16,FAC,NOX,1,159.0,51.886792452830186,47.04871985130441,6.0,24.0,34.0,63.0,283.0
2010-05-16,FAC,O3,1,159.0,39.308176100628934,31.038552932946534,1.0,11.0,34.0,63.5,130.0
2010-05-16,FAC,PM10,2,148.0,42.391891891891895,32.05790575765148,1.0,20.75,34.0,55.25,187.0
2010-05-16,FAC,SO2,1,159.0,6.364779874213837,5.043383161833013,3.0,4.0,5.0,7.0,44.0
2010-05-16,IMP,CO,15,160.0,1.0406249999999995,0.6519729973765602,0.3,0.6,0.8,1.325,3.7
2010-05-16,IZT,CO,15,161.0,0.6186335403726708,0.49094360278754257,0.0,0.3,0.5,0.9,2.6
2010-05-16,IZT,NO,1,161.0,16.422360248447205,21.929614608889285,1.0,5.0,7.0,17.0,112.0
2010-05-16,IZT,NO2,1,161.0,34.78260869565217,13.045926400688224,9.0,25.0,34.0,43.0,74.0
2010-05-16,IZT,NOX,1,161.0,51.12422360248447,31.02715700881554,13.0,29.0,40.0,63.0,163.0
2010-05-16,IZT,O3,1,161.0,40.409937888198755,34.19347014593748,0.0,10.0,34.0,63.0,143.0
2010-05-16,IZT,PM10,2,159.0,50.735849056603776,27.506144959058105,5.0,32.0,46.0,64.5,229.0
2010-05-16,IZT,SO2,1,161.0,4.354037267080745,3.5714316770172876,1.0,2.0,3.0,5.0,26.0
2010-05-16,LAG,CO,15,155.0,1.232903225806452,0.6003364508426136,0.4,0.8,1.1,1.5,3.4
2010-05-16,LAG,NO,1,154.0,18.415584415584416,27.494432305944414,0.0,3.0,7.0,17.0,150.0
2010-05-16,LAG,NO2,1,154.0,36.31818181818182,12.218974072791978,14.0,27.25,36.0,43.75,70.0
2010-05-16,LAG,NOX,1,154.0,54.564935064935064,35.4360189941339,15.0,31.0,44.0,63.0,198.0
2010-05-16,LAG,O3,1,154.0,30.863636363636363,28.818809258583023,0.0,6.25,23.5,47.0,117.0
2010-05-16,LAG,SO2,1,154.0,4.584415584415584,4.088404292169029,0.0,2.0,3.5,5.0,28.0
2010-05-16,LLA,SO2,1,161.0,6.236024844720497,10.317167445543308,1.0,2.0,3.0,5.0,70.0
2010-05-16,LPR,SO2,1,159.0,6.572327044025157,5.925122569363904,2.0,3.0,5.0,7.0,39.0
2010-05-16,LVI,PM10,2,154.0,56.883116883116884,32.06630142304488,4.0,33.0,53.0,73.0,175.0
2010-05-16,LVI,SO2,1,161.0,3.906832298136646,4.514976802592714,0.0,1.0,3.0,5.0,29.0
2010-05-16,MER,CO,15,0.0,,,,,,,
2010-05-16,MER,NO,1,159.0,24.77987421383648,32.252101844713934,0.0,5.0,14.0,31.0,165.0
2010-05-16,MER,NO2,1,159.0,39.327044025157235,14.725117117303437,13.0,27.0,39.0,51.0,80.0
2010-05-16,MER,NOX,1,159.0,64.0251572327044,41.73756916213173,14.0,31.0,53.0,83.0,217.0
2010-05-16,MER,O3,1,159.0,33.16352201257862,31.60132872824076,0.0,6.5,26.0,50.5,128.0
2010-05-16,MER,PM10,2,146.0,52.657534246575345,42.299333712232624,2.0,24.25,44.0,71.0,264.0
2010-05-16,MER,PM2.5,2,158.0,21.620253164556964,9.477165043426238,3.0,15.0,21.0,27.0,53.0
2010-05-16,MER,SO2,1,159.0,4.578616352201258,3.8931677379002196,1.0,2.0,4.0,5.0,29.0
2010-05-16,MON,O3,1,161.0,42.40372670807454,29.065954930551392,1.0,19.0,40.0,68.0,102.0
2010-05-16,PED,CO,15,133.0,0.47669172932330817,0.33391325720936643,0.1,0.3,0.4,0.6,1.8
2010-05-16,PED,NO,1,35.0,13.371428571428572,25.95367560309954,0.0,0.0,0.0,12.0,87.0
2010-05-16,PED,NO2,1,35.0,32.08571428571429,15.31122507983532,12.0,20.5,29.0,42.0,69.0
2010-05-16,PED,NOX,1,35.0,45.05714285714286,37.4534557088904,11.0,19.5,29.0,54.5,137.0
2010-05-16,PED,O3,1,134.0,41.93283582089552,31.657280757834542,0.0,17.0,34.5,61.0,126.0
2010-05-16,PED,PM10,2,100.0,42.05,16.92847401047219,13.0,28.0,39.0,57.0,94.0
2010-05-16,PED,SO2,1,132.0,1.5075757575757576,1.3393413678224442,0.0,1.0,1.0,2.0,9.0
2010-05-16,PER,PM2.5,2,152.0,34.875,20.15940202650429,8.0,22.0,29.0,41.0,155.0
2010-05-16,PLA,O3,1,160.0,40.6,33.89072339262576,0.0,13.5,31.5,60.25,132.0
2010-05-16,PLA,SO2,1,161.0,5.801242236024844,2.7290563290641248,3.0,4.0,5.0,6.0,21.0
2010-05-16,SAG,CO,15,0.0,,,,,,,
2010-05-16,SAG,NO,1,0.0,,,,,,,
2010-05-16,SAG,NO2,1,0.0,,,,,,,
2010-05-16,SAG,NOX,1,0.0,,,,,,,
2010-05-16,SAG,O3,1,0.0,,,,,,,
2010-05-16,SAG,PM10,2,0.0,,,,,,,
2010-05-16,SAG,PM2.5,2,0.0,,,,,,,
2010-05-16,SAG,SO2,1,0.0,,,,,,,
2010-05-16,SJA,PM2.5,2,160.0,27.0875,11.213977968891877,8.0,18.75,26.0,33.0,67.0
2010-05-16,SUR,CO,15,149.0,1.0382550335570468,0.5255109888320849,0.2,0.7,0.9,1.3,3.0
2010-05-16,SUR,NO,1,149.0,10.838926174496644,19.85592263542475,0.0,1.0,2.0,13.0,113.0
2010-05-16,SUR,NO2,1,149.0,30.496644295302012,12.27314369795805,4.0,22.0,30.0,37.0,72.0
2010-05-16,SUR,NOX,1,149.0,41.1744966442953,28.8258357145733,5.0,23.0,32.0,51.0,165.0
2010-05-16,SUR,O3,1,149.0,45.33557046979866,36.15256910953443,1.0,15.0,37.0,68.0,150.0
2010-05-16,SUR,PM10,2,141.0,50.97872340425532,42.049030579127226,2.0,31.0,43.0,60.0,377.0
2010-05-16,SUR,SO2,1,149.0,2.959731543624161,2.6223550242845044,0.0,1.0,2.0,4.0,15.0
2010-05-16,TAC,CO,15,153.0,0.7294117647058822,0.5657880336938983,0.1,0.4,0.5,0.9,3.0
2010-05-16,TAC,NO,1,153.0,11.4640522875817,25.136476468678087,0.0,0.0,1.0,9.0,136.0
2010-05-16,TAC,NO2,1,153.0,30.22222222222222,12.933647581640761,11.0,20.0,27.0,38.0,88.0
2010-05-16,TAC,NOX,1,153.0,41.22222222222222,34.261229857450076,10.0,21.0,28.0,47.0,185.0
2010-05-16,TAC,O3,1,152.0,40.46052631578947,31.37571541179503,2.0,13.75,34.5,62.25,125.0
2010-05-16,TAC,SO2,1,153.0,4.0588235294117645,3.9789500303036314,1.0,2.0,3.0,4.0,27.0
2010-05-16,TAH,O3,1,150.0,45.96,29.320922735601513,1.0,21.0,41.5,67.0,118.0
2010-05-16,TAH,PM10,2,139.0,68.87050359712231,47.15589847875612,3.0,38.5,62.0,88.0,250.0
2010-05-16,TAH,SO2,1,150.0,3.2333333333333334,4.605827453611187,1.0,1.0,2.0,3.0,42.0
2010-05-16,TAX,CO,15,143.0,1.6377622377622376,0.7149120103254899,0.4,1.2,1.6,1.9,4.4
2010-05-16,TAX,NO,1,138.0,23.579710144927535,28.470963975538176,0.0,6.0,17.0,29.75,176.0
2010-05-16,TAX,NO2,1,138.0,36.68115942028985,13.202513312624234,5.0,28.0,36.0,46.0,77.0
2010-05-16,TAX,NOX,1,138.0,59.98550724637681,36.80883452889889,4.0,34.25,57.0,73.75,224.0
2010-05-16,TAX,O3,1,137.0,35.0,26.928281655931492,0.0,13.0,31.0,55.0,117.0
2010-05-16,TAX,PM10,2,133.0,61.090225563909776,45.41116179815076,1.0,34.0,51.0,77.0,324.0
2010-05-16,TAX,SO2,1,143.0,5.048951048951049,3.0078036330136384,2.0,3.0,4.0,6.0,24.0
2010-05-16,TLA,CO,15,135.0,0.9244444444444451,0.4782534559824987,0.3,0.6,0.8,1.1,2.6
2010-05-16,TLA,NO,1,45.0,13.8,12.03517571726539,0.0,5.0,11.0,17.0,47.0
2010-05-16,TLA,NO2,1,45.0,35.15555555555556,12.25293203418445,15.0,27.0,37.0,43.0,59.0
2010-05-16,TLA,NOX,1,45.0,48.84444444444444,22.51661563818994,18.0,30.0,48.0,60.0,103.0
2010-05-16,TLA,O3,1,132.0,38.515151515151516,28.49681510220457,2.0,14.0,34.5,59.25,110.0
2010-05-16,TLA,PM10,2,138.0,60.84057971014493,23.45775714906271,15.0,44.0,57.0,76.25,131.0
2010-05-16,TLA,PM2.5,2,138.0,27.23913043478261,10.097737224178298,2.0,20.0,26.0,32.0,54.0
2010-05-16,TLA,SO2,1,127.0,5.559055118110236,4.531465902673949,0.0,2.5,4.0,7.0,25.0
2010-05-16,TLI,CO,15,161.0,1.2608695652173905,0.5080814296256405,0.7,0.9,1.1,1.5,3.4
2010-05-16,TLI,NO,1,161.0,15.111801242236025,28.7145420015756,1.0,2.0,4.0,12.0,157.0
2010-05-16,TLI,NO2,1,161.0,29.403726708074533,13.516831582321531,8.0,19.0,28.0,38.0,80.0
2010-05-16,TLI,NOX,1,161.0,44.47826086956522,38.479878988330015,10.0,22.0,32.0,48.0,214.0
2010-05-16,TLI,PM10,2,155.0,56.23225806451613,37.79779065810949,1.0,32.0,48.0,70.5,174.0
2010-05-16,TLI,SO2,1,161.0,5.658385093167702,6.905709223228013,0.0,1.0,3.0,7.0,40.0
2010-05-16,TPN,O3,1,158.0,46.49367088607595,30.299512689832365,2.0,23.0,38.0,65.5,150.0
2010-05-16,UIZ,CO,15,142.0,0.8014084507042251,0.5451248689657799,0.1,0.4,0.7,1.0,3.0
2010-05-16,UIZ,NO,1,142.0,12.32394366197183,21.217064353916218,1.0,3.0,4.0,11.0,121.0
2010-05-16,UIZ,NO2,1,142.0,26.971830985915492,12.225971461769307,7.0,16.0,27.0,37.0,60.0
2010-05-16,UIZ,NOX,1,142.0,39.16197183098591,29.09330485822586,10.0,18.25,31.0,50.75,166.0
2010-05-16,UIZ,O3,1,142.0,40.21830985915493,30.136595928280308,1.0,17.0,33.0,64.0,105.0
2010-05-16,UIZ,PM2.5,2,142.0,28.028169014084508,13.152646451587279,8.0,18.0,25.5,37.0,67.0
2010-05-16,UIZ,SO2,1,133.0,4.849624060150376,4.328370539159651,2.0,3.0,4.0,5.0,30.0
2010-05-16,VAL,CO,15,157.0,1.2694267515923567,0.5558156884581215,0.7,0.9,1.1,1.5,4.4
2010-05-16,VAL,SO2,1,156.0,4.2243589743589745,4.619137914189837,0.0,1.0,3.0,5.0,32.0
2010-05-16,VIF,CO,15,148.0,1.1472972972972972,0.5005365754807594,0.5,0.7,1.05,1.4,3.0
2010-05-16,VIF,NO,1,148.0,10.513513513513514,21.194430819800903,0.0,1.0,2.0,7.0,112.0
2010-05-16,VIF,NO2,1,148.0,22.08108108108108,10.50980333642128,5.0,12.75,22.0,31.0,44.0
2010-05-16,VIF,NOX,1,148.0,32.5,27.870082464869732,7.0,13.0,23.0,37.5,150.0
2010-05-16,VIF,PM10,2,154.0,59.62987012987013,38.97945684834735,2.0,33.0,53.5,78.0,197.0
2010-05-16,VIF,SO2,1,138.0,9.181159420289855,14.862992550325862,0.0,3.0,4.5,9.75,106.0
2010-05-16,XAL,CO,15,161.0,0.9465838509316767,0.6478841578458123,0.2,0.6,0.8,1.1,4.4
2010-05-16,XAL,NO,1,161.0,35.391304347826086,57.08745198301502,0.0,10.0,17.0,32.0,382.0
2010-05-16,XAL,NO2,1,161.0,41.22360248447205,13.417793762053202,15.0,32.0,41.0,48.0,90.0
2010-05-16,XAL,NOX,1,161.0,76.59627329192547,63.8973179094776,18.0,45.0,57.0,83.0,435.0
2010-05-16,XAL,O3,1,161.0,31.40993788819876,25.045826011954922,1.0,8.0,28.0,50.0,102.0
2010-05-16,XAL,PM10,2,160.0,82.25,49.28979891143359,1.0,54.0,69.5,99.25,253.0
2010-05-16,XAL,SO2,1,161.0,5.987577639751553,6.2018017317951175,1.0,3.0,4.0,7.0,42.0
2010-05-23,ACO,O3,1,157.0,35.318471337579616,25.871486684944042,1.0,9.0,35.0,59.0,84.0
2010-05-23,ACO,PM2.5,2,150.0,20.966666666666665,6.661939039599343,3.0,17.0,21.0,24.0,46.0
2010-05-23,ACO,SO2,1,156.0,3.2564102564102564,3.8569113413611062,1.0,1.0,2.0,3.0,28.0
2010-05-23,ARA,SO2,1,160.0,4.3125,5.502643732817387,1.0,1.0,2.5,5.0,34.0
2010-05-23,ATI,NO,1,142.0,11.80281690140845,21.224313448742986,0.0,2.0,3.0,11.0,114.0
2010-05-23,ATI,NO2,1,142.0,21.485915492957748,11.78395104994152,7.0,13.0,18.5,28.0,71.0
2010-05-23,ATI,NOX,1,142.0,33.267605633802816,29.924234229573056,8.0,15.0,20.5,40.75,160.0
2010-05-23,ATI,SO2,1,142.0,7.084507042253521,8.23716965587491,2.0,3.0,4.0,8.0,50.0
2010-05-23,AZC,NO,1,157.0,13.363057324840764,28.124984983754878,0.0,0.0,1.0,11.0,151.0
2010-05-23,AZC,NO2,1,157.0,29.496815286624205,14.505800874938087,6.0,20.0,27.0,38.0,103.0
2010-05-23,AZC,NOX,1,157.0,42.71337579617835,36.980599722538855,5.0,20.0,29.0,52.0,190.0
2010-05-23,AZC,O3,1,157.0,36.87898089171974,32.968973432777226,0.0,8.0,25.0,69.0,105.0
2010-05-23,AZC,SO2,1,157.0,8.121019108280255,10.518817276836717,2.0,3.0,4.0,8.0,81.0
2010-05-23,CAM,PM2.5,2,158.0,28.930379746835442,11.06386618170705,9.0,20.0,27.0,35.0,60.0
2010-05-23,CES,NO,1,161.0,18.37888198757764,22.815001670879536,1.0,5.0,9.0,22.0,144.0
2010-05-23,CES,NO2,1,161.0,32.03105590062112,10.826716007317533,9.0,25.0,30.0,39.0,67.0
2010-05-23,CES,NOX,1,161.0,50.3416149068323,29.329615065250625,10.0,30.0,39.0,65.0,193.0
2010-05-23,CES,O3,1,161.0,38.900621118012424,34.59411166819869,2.0,10.0,25.0,66.0,123.0
2010-05-23,CES,PM10,2,159.0,55.660377358490564,28.019394320444324,10.0,35.0,52.0,73.0,177.0
2010-05-23,CES,SO2,1,161.0,3.0434782608695654,6.686131005752654,0.0,0.0,1.0,2.0,39.0
2010-05-23,CHO,CO,15,120.0,0.9841666666666667,0.5019283542789067,0.2,0.7,0.8,1.1,3.5
2010-05-23,CHO,O3,1,151.0,45.41721854304636,33.1958546841608,0.0,14.0,39.0,79.0,109.0
2010-05-23,CHO,SO2,1,151.0,3.4768211920529803,2.7732879092900844,0.0,2.0,3.0,4.0,18.0
2010-05-23,COY,O3,1,161.0,44.08695652173913,40.54648432730448,0.0,9.0,30.0,79.0,151.0
2010-05-23,COY,PM2.5,2,161.0,25.73913043478261,10.202035176332727,7.0,18.0,25.0,31.0,60.0
2010-05-23,CUA,O3,1,161.0,47.07453416149068,30.721643997968084,0.0,21.0,41.0,71.0,120.0
2010-05-23,FAC,CO,15,155.0,1.0974193548387101,0.7607197879159279,0.4,0.6,0.8,1.25,4.1
2010-05-23,FAC,NO,1,155.0,21.580645161290324,41.277154929350246,0.0,2.0,4.0,16.5,222.0
2010-05-23,FAC,NO2,1,155.0,29.07741935483871,12.807534046878837,10.0,19.0,27.0,37.0,82.0
2010-05-23,FAC,NOX,1,155.0,50.39354838709677,47.3813619960414,10.0,20.5,35.0,58.0,250.0
2010-05-23,FAC,O3,1,155.0,38.13548387096774,31.316374170079975,1.0,11.0,26.0,67.0,123.0
2010-05-23,FAC,PM10,2,151.0,46.841059602649004,23.97556887478913,6.0,29.0,42.0,61.0,147.0
2010-05-23,FAC,SO2,1,155.0,8.464516129032258,10.255994395015154,2.0,3.0,5.0,8.0,76.0
2010-05-23,IMP,CO,15,161.0,1.147826086956523,0.7913664571898513,0.3,0.5,0.9,1.5,3.9
2010-05-23,IZT,CO,15,156.0,0.7237179487179489,0.7141078060373706,0.0,0.3,0.4,0.9,3.5
2010-05-23,IZT,NO,1,156.0,23.307692307692307,38.417001509263834,1.0,4.0,7.0,20.5,213.0
2010-05-23,IZT,NO2,1,156.0,39.30128205128205,17.696152259668008,11.0,27.0,37.5,46.0,125.0
2010-05-23,IZT,NOX,1,156.0,62.6025641025641,49.245098591823776,16.0,32.0,46.0,68.5,267.0
2010-05-23,IZT,O3,1,156.0,39.90384615384615,40.08101132684442,0.0,4.0,23.0,74.0,133.0
2010-05-23,IZT,PM10,2,160.0,53.2875,19.10592370849201,20.0,39.0,48.5,66.25,120.0
2010-05-23,IZT,SO2,1,156.0,6.993589743589744,10.621643633742215,1.0,2.0,3.0,7.0,70.0
2010-05-23,LAG,CO,15,158.0,1.329746835443038,0.8402691026087054,0.4,0.8,1.1,1.5,4.4
2010-05-23,LAG,NO,1,158.0,24.265822784810126,39.74687709104564,0.0,4.0,9.0,19.0,212.0
2010-05-23,LAG,NO2,1,158.0,39.822784810126585,17.466079587144936,9.0,29.0,38.0,46.0,129.0
2010-05-23,LAG,NOX,1,158.0,64.0632911392405,50.309447966604715,9.0,34.0,47.0,71.0,261.0
2010-05-23,LAG,O3,1,157.0,34.06369426751592,34.33426962788472,0.0,4.0,21.0,62.0,122.0
2010-05-23,LAG,SO2,1,158.0,6.550632911392405,9.191901356753437,1.0,2.0,3.0,7.0,67.0
2010-05-23,LLA,SO2,1,157.0,6.75796178343949,11.871859246676111,1.0,2.0,3.0,5.0,73.0
2010-05-23,LPR,SO2,1,156.0,5.365384615384615,6.205186736252328,0.0,2.0,4.0,6.0,37.0
2010-05-23,LVI,PM10,2,160.0,57.41875,33.00628334978111,7.0,36.0,52.0,72.25,199.0
2010-05-23,LVI,SO2,1,161.0,5.298136645962733,10.412039137758327,0.0,1.0,2.0,5.0,79.0
2010-05-23,MER,CO,15,0.0,,,,,,,
2010-05-23,MER,NO,1,161.0,32.0,44.87064742122627,0.0,6.0,13.0,37.0,253.0
2010-05-23,MER,NO2,1,161.0,42.29192546583851,17.173977317278887,12.0,31.0,41.0,49.0,116.0
2010-05-23,MER,NOX,1,161.0,74.22360248447205,54.54069296810406,14.0,38.0,57.0,97.0,306.0
2010-05-23,MER,O3,1,161.0,33.81366459627329,34.80826140604843,0.0,2.0,20.0,61.0,120.0
2010-05-23,MER,PM10,2,152.0,53.86184210526316,27.971378309464754,1.0,35.0,48.0,68.0,179.0
2010-05-23,MER,PM2.5,2,152.0,22.513157894736842,9.284314795392133,5.0,16.0,22.0,27.25,71.0
2010-05-23,MER,SO2,1,161.0,6.3229813664596275,9.529298560539518,1.0,2.0,3.0,6.0,64.0
2010-05-23,MON,O3,1,133.0,38.63157894736842,30.782096745735107,0.0,5.0,38.0,66.0,100.0
2010-05-23,PED,CO,15,148.0,0.4729729729729731,0.32168658313329135,0.0,0.2,0.4,0.6,1.6
2010-05-23,PED,NO,1,100.0,4.89,11.167137032155978,0.0,0.0,1.0,5.0,79.0
2010-05-23,PED,NO2,1,100.0,25.0,12.952906151816965,8.0,15.0,22.5,31.25,67.0
2010-05-23,PED,NOX,1,100.0,29.71,21.582959514722287,7.0,15.0,23.0,38.25,130.0
2010-05-23,PED,O3,1,144.0,46.46527777777778,39.18932229243675,0.0,13.0,33.0,79.0,149.0
2010-05-23,PED,PM10,2,156.0,46.68589743589744,17.206077128652957,12.0,34.0,43.5,57.0,102.0
2010-05-23,PED,SO2,1,149.0,4.959731543624161,5.826174854993432,1.0,2.0,3.0,5.0,44.0
2010-05-23,PER,PM2.5,2,156.0,30.743589743589745,12.702995224582468,9.0,20.75,29.0,40.0,67.0
2010-05-23,PLA,O3,1,154.0,38.94805194805195,36.33770295864902,1.0,8.25,23.5,68.75,133.0
2010-05-23,PLA,SO2,1,154.0,8.948051948051948,8.27926949493932,3.0,5.0,6.0,9.75,57.0
2010-05-23,SAG,CO,15,0.0,,,,,,,
2010-05-23,SAG,NO,1,0.0,,,,,,,
2010-05-23,SAG,NO2,1,0.0,,,,,,,
2010-05-23,SAG,NOX,1,0.0,,,,,,,
2010-05-23,SAG,O3,1,0.0,,,,,,,
2010-05-23,SAG,PM10,2,0.0,,,,,,,
2010-05-23,SAG,PM2.5,2,0.0,,,,,,,
2010-05-23,SAG,SO2,1,0.0,,,,,,,
2010-05-23,SJA,PM2.5,2,157.0,26.713375796178344,9.722463386414972,2.0,19.0,27.0,33.0,53.0
2010-05-23,SUR,CO,15,160.0,1.2068749999999997,0.6349488044533431,0.3,0.8,1.0,1.4249999999999998,4.3
2010-05-23,SUR,NO,1,160.0,13.4,27.779273754266246,0.0,1.0,4.0,9.0,166.0
2010-05-23,SUR,NO2,1,160.0,31.99375,12.875063350885233,8.0,21.75,31.0,42.0,69.0
2010-05-23,SUR,NOX,1,160.0,45.25625,35.83369112736393,7.0,22.0,35.0,52.25,227.0
2010-05-23,SUR,O3,1,160.0,47.90625,41.828460245124816,1.0,11.0,35.5,84.0,159.0
2010-05-23,SUR,PM10,2,159.0,46.937106918238996,22.836425914295976,7.0,31.0,46.0,59.0,167.0
2010-05-23,SUR,SO2,1,146.0,6.308219178082192,9.659417465474789,0.0,2.0,3.0,6.0,56.0
2010-05-23,TAC,CO,15,160.0,0.7706249999999997,0.6941441384220283,0.1,0.3,0.5,1.0,3.8
2010-05-23,TAC,NO,1,160.0,15.0875,31.0054544805776,0.0,0.0,2.0,13.0,204.0
2010-05-23,TAC,NO2,1,160.0,31.86875,15.959509251057545,8.0,20.0,28.0,41.0,102.0
2010-05-23,TAC,NOX,1,160.0,46.7375,39.804314974209,9.0,21.0,30.5,56.25,239.0
2010-05-23,TAC,O3,1,160.0,42.075,32.966067936897275,2.0,14.0,30.5,73.25,117.0
2010-05-23,TAC,SO2,1,160.0,7.11875,11.23190193463166,1.0,2.0,3.0,8.0,84.0
2010-05-23,TAH,O3,1,160.0,50.7375,34.9383081639408,1.0,18.75,45.5,81.25,130.0
2010-05-23,TAH,PM10,2,155.0,62.92258064516129,30.204612936564423,2.0,41.5,58.0,79.5,195.0
2010-05-23,TAH,SO2,1,160.0,4.2375,5.209434474793767,1.0,2.0,3.0,3.0,38.0
2010-05-23,TAX,CO,15,157.0,1.8229299363057332,0.7348358103253637,0.5,1.4,1.7,2.2,4.6
2010-05-23,TAX,NO,1,157.0,34.31210191082803,34.696828626079025,0.0,11.0,23.0,53.0,204.0
2010-05-23,TAX,NO2,1,157.0,39.318471337579616,13.476493407830121,9.0,30.0,38.0,46.0,82.0
2010-05-23,TAX,NOX,1,157.0,73.26751592356688,40.55865998229035,5.0,47.0,65.0,101.0,245.0
2010-05-23,TAX,O3,1,157.0,31.006369426751593,30.72030498965661,0.0,4.0,18.0,55.0,107.0
2010-05-23,TAX,PM10,2,150.0,58.24,27.107709594561605,5.0,41.0,56.0,68.0,197.0
2010-05-23,TAX,SO2,1,157.0,7.1847133757961785,9.060920352904498,2.0,3.0,4.0,6.0,48.0
2010-05-23,TLA,CO,15,140.0,0.8078571428571427,0.5264333440958605,0.2,0.5,0.7,0.9,3.5
2010-05-23,TLA,NO,1,87.0,22.20689655172414,32.44284345459576,0.0,6.0,11.0,18.5,169.0
2010-05-23,TLA,NO2,1,87.0,32.45977011494253,12.160558239271928,10.0,23.5,33.0,42.0,56.0
2010-05-23,TLA,NOX,1,87.0,54.32183908045977,39.91779175886407,16.0,30.0,43.0,60.5,211.0
2010-05-23,TLA,O3,1,115.0,41.947826086956525,29.40367666420303,0.0,13.5,39.0,70.5,94.0
2010-05-23,TLA,PM10,2,140.0,65.31428571428572,24.13603107159508,29.0,49.0,60.0,74.25,171.0
2010-05-23,TLA,PM2.5,2,140.0,27.271428571428572,11.71842480706729,6.0,19.0,25.5,32.0,64.0
2010-05-23,TLA,SO2,1,140.0,8.178571428571429,13.667831190620287,0.0,1.0,3.0,9.0,87.0
2010-05-23,TLI,CO,15,157.0,1.0579617834394919,0.6274824942429983,0.2,0.5,1.0,1.3,3.0
2010-05-23,TLI,NO,1,157.0,16.598726114649683,28.902324427996682,1.0,2.0,4.0,17.0,174.0
2010-05-23,TLI,NO2,1,157.0,29.286624203821656,15.170421184514437,6.0,16.0,32.0,39.0,81.0
2010-05-23,TLI,NOX,1,157.0,45.88535031847134,39.27466857534782,8.0,17.0,36.0,58.0,234.0
2010-05-23,TLI,PM10,2,157.0,55.318471337579616,30.740026153284614,1.0,32.0,52.0,69.0,176.0
2010-05-23,TLI,SO2,1,157.0,7.89171974522293,16.905688474378934,0.0,1.0,3.0,6.0,135.0
2010-05-23,TPN,O3,1,157.0,53.72611464968153,37.151217577619065,0.0,25.0,46.0,83.0,159.0
2010-05-23,UIZ,CO,15,161.0,0.7919254658385091,0.7792604791787769,0.0,0.2,0.5,1.1,3.8
2010-05-23,UIZ,NO,1,161.0,17.614906832298136,30.63496003583999,0.0,3.0,4.0,16.0,182.0
2010-05-23,UIZ,NO2,1,161.0,30.248447204968944,15.756756906126265,5.0,17.0,30.0,40.0,89.0
2010-05-23,UIZ,NOX,1,161.0,47.83229813664596,41.444426046340155,8.0,20.0,36.0,58.0,242.0
2010-05-23,UIZ,O3,1,161.0,42.15527950310559,37.642821195782325,0.0,5.0,34.0,75.0,137.0
2010-05-23,UIZ,PM2.5,2,159.0,33.257861635220124,13.40659852483285,5.0,23.5,32.0,40.5,76.0
2010-05-23,UIZ,SO2,1,161.0,5.9937888198757765,6.760636891604535,1.0,3.0,4.0,6.0,41.0
2010-05-23,VAL,CO,15,156.0,1.3615384615384616,0.6766579674863655,0.6,0.9,1.2,1.5,3.8
2010-05-23,VAL,SO2,1,156.0,5.961538461538462,11.003157678966003,0.0,1.0,2.0,5.0,73.0
2010-05-23,VIF,CO,15,150.0,0.9239999999999996,0.3138160877213785,0.5,0.7,0.8,1.1,2.0
2010-05-23,VIF,NO,1,150.0,10.513333333333334,18.201606488087915,0.0,1.0,2.0,10.0,83.0
2010-05-23,VIF,NO2,1,150.0,20.68,10.552088759160815,6.0,11.25,20.0,30.75,52.0
2010-05-23,VIF,NOX,1,150.0,31.166666666666668,25.67698592638906,7.0,12.0,22.0,41.0,123.0
2010-05-23,VIF,PM10,2,152.0,65.5657894736842,42.35761830546751,4.0,34.0,59.5,87.75,263.0
2010-05-23,VIF,SO2,1,121.0,8.115702479338843,14.514469839120677,0.0,2.0,3.0,7.0,104.0
2010-05-23,XAL,CO,15,161.0,1.145341614906832,0.7904864254494667,0.3,0.7,0.9,1.2,5.5
2010-05-23,XAL,NO,1,161.0,53.69565217391305,75.4553712036344,0.0,11.0,27.0,59.0,506.0
2010-05-23,XAL,NO2,1,161.0,45.65217391304348,13.757389318819362,18.0,37.0,44.0,53.0,109.0
2010-05-23,XAL,NOX,1,161.0,99.14285714285714,82.30673249671449,22.0,50.0,75.0,116.0,577.0
2010-05-23,XAL,O3,1,161.0,28.857142857142858,25.37046933514857,1.0,4.0,19.0,51.0,92.0
2010-05-23,XAL,PM10,2,157.0,95.6624203821656,59.24022738189012,8.0,56.0,86.0,117.0,430.0
2010-05-23,XAL,SO2,1,161.0,5.850931677018633,7.787177906761394,1.0,2.0,3.0,6.0,50.0
2010-05-30,ACO,O3,1,131.0,42.25954198473283,30.460715630327613,2.0,16.5,35.0,65.0,131.0
2010-05-30,ACO,PM2.5,2,131.0,32.41984732824427,13.979630345323752,11.0,24.0,29.0,37.0,105.0
2010-05-30,ACO,SO2,1,131.0,4.755725190839694,11.055866248671533,1.0,1.0,2.0,3.0,107.0
2010-05-30,ARA,SO2,1,156.0,5.9423076923076925,11.911631823755922,0.0,1.0,2.0,5.0,70.0
2010-05-30,ATI,NO,1,161.0,6.950310559006211,12.065343572727233,0.0,2.0,3.0,6.0,93.0
2010-05-30,ATI,NO2,1,161.0,19.74534161490683,11.274018528848526,5.0,11.0,18.0,25.0,70.0
2010-05-30,ATI,NOX,1,161.0,26.658385093167702,20.50673840170046,6.0,12.0,22.0,33.0,128.0
2010-05-30,ATI,SO2,1,161.0,8.074534161490684,10.309311807191024,1.0,3.0,3.0,8.0,58.0
2010-05-30,AZC,NO,1,158.0,10.0,16.91191115319328,0.0,0.0,1.0,12.5,80.0
2010-05-30,AZC,NO2,1,158.0,27.227848101265824,13.512390508369165,6.0,16.0,25.0,36.0,80.0
2010-05-30,AZC,NOX,1,158.0,37.0253164556962,26.39821200447061,6.0,16.0,26.5,54.25,116.0
2010-05-30,AZC,O3,1,158.0,37.79746835443038,35.00787163414102,0.0,10.0,23.0,66.0,140.0
2010-05-30,AZC,SO2,1,158.0,7.556962025316456,9.010604983956009,2.0,3.0,3.0,7.0,41.0
2010-05-30,CAM,PM2.5,2,161.0,30.763975155279503,12.691786481791246,10.0,22.0,28.0,35.0,86.0
2010-05-30,CES,NO,1,161.0,16.496894409937887,22.842702396936996,1.0,3.0,8.0,20.0,169.0
2010-05-30,CES,NO2,1,161.0,27.527950310559007,11.601757470207499,6.0,20.0,26.0,33.0,78.0
2010-05-30,CES,NOX,1,161.0,43.92546583850932,30.88194310495841,8.0,24.0,36.0,56.0,245.0
2010-05-30,CES,O3,1,161.0,40.78260869565217,33.53294940282131,2.0,14.0,28.0,68.0,131.0
2010-05-30,CES,PM10,2,158.0,51.30379746835443,30.422860341316607,2.0,28.0,46.0,65.75,200.0
2010-05-30,CES,SO2,1,161.0,3.391304347826087,10.469702665932973,0.0,0.0,0.0,2.0,71.0
2010-05-30,CHO,CO,15,154.0,0.9292207792207788,0.4323405406561054,0.4,0.7,0.8,1.0,2.7
2010-05-30,CHO,O3,1,156.0,46.1025641025641,32.19200050647314,0.0,15.75,45.5,76.25,108.0
2010-05-30,CHO,SO2,1,156.0,4.089743589743589,2.4266578499917126,1.0,3.0,3.0,5.0,15.0
2010-05-30,COY,O3,1,160.0,41.98125,36.92751217805469,1.0,10.75,28.0,69.25,133.0
2010-05-30,COY,PM2.5,2,160.0,27.7125,11.551572900604805,2.0,20.0,24.5,34.25,62.0
2010-05-30,CUA,O3,1,160.0,43.78125,25.955615690040116,0.0,26.75,43.0,60.5,115.0
2010-05-30,FAC,CO,15,159.0,1.025157232704403,0.6273279231970101,0.3,0.6,0.8,1.4,3.5
2010-05-30,FAC,NO,1,159.0,17.28930817610063,27.477112664987676,0.0,1.0,5.0,22.0,164.0
2010-05-30,FAC,NO2,1,159.0,26.251572327044027,13.675705407700795,6.0,15.0,24.0,34.0,74.0
2010-05-30,FAC,NOX,1,159.0,43.264150943396224,36.402888470418524,5.0,16.0,31.0,60.0,200.0
2010-05-30,FAC,O3,1,159.0,39.15723270440252,32.557356319600885,0.0,13.0,29.0,67.5,143.0
2010-05-30,FAC,PM10,2,158.0,45.18354430379747,24.549401281527494,4.0,27.25,39.0,57.0,146.0
2010-05-30,FAC,SO2,1,159.0,6.748427672955975,6.958255777241002,2.0,3.0,4.0,7.0,40.0
2010-05-30,IMP,CO,15,157.0,1.0745222929936304,0.6030801769419634,0.3,0.6,0.9,1.4,3.0
2010-05-30,IZT,CO,15,157.0,0.6312101910828022,0.5325138138553385,0.0,0.3,0.5,0.9,2.4
2010-05-30,IZT,NO,1,157.0,16.84713375796178,22.348970493439044,2.0,5.0,7.0,15.0,115.0
2010-05-30,IZT,NO2,1,157.0,34.6687898089172,13.629901393171844,9.0,24.0,35.0,43.0,72.0
2010-05-30,IZT,NOX,1,157.0,51.439490445859875,31.707868791964458,13.0,28.0,41.0,62.0,165.0
2010-05-30,IZT,O3,1,157.0,40.56687898089172,38.893555244484574,0.0,6.0,24.0,70.0,152.0
2010-05-30,IZT,PM10,2,160.0,51.49375,18.413147092473274,14.0,39.0,49.0,61.0,111.0
2010-05-30,IZT,SO2,1,157.0,7.076433121019108,12.283792428504652,2.0,2.0,3.0,6.0,90.0
2010-05-30,LAG,CO,15,156.0,1.1814102564102567,0.6240145249735761,0.4,0.7,1.0,1.525,3.0
2010-05-30,LAG,NO,1,155.0,19.18064516129032,26.20683735700263,0.0,3.0,7.0,24.5,124.0
2010-05-30,LAG,NO2,1,155.0,36.52258064516129,14.049696342732808,13.0,26.0,35.0,44.0,83.0
2010-05-30,LAG,NOX,1,155.0,55.541935483870965,35.39705004762025,13.0,29.0,44.0,72.0,174.0
2010-05-30,LAG,O3,1,153.0,35.1764705882353,34.78186113158825,0.0,5.0,22.0,56.0,131.0
2010-05-30,LAG,SO2,1,156.0,6.846153846153846,9.256317003349722,1.0,2.0,4.0,6.25,63.0
2010-05-30,LLA,SO2,1,147.0,9.36734693877551,21.49867203055666,0.0,2.0,2.0,5.0,131.0
2010-05-30,LPR,SO2,1,158.0,6.120253164556962,11.40865555582911,0.0,1.0,3.0,5.0,65.0
2010-05-30,LVI,PM10,2,155.0,58.225806451612904,35.638434743984725,5.0,33.5,50.0,75.0,224.0
2010-05-30,LVI,SO2,1,158.0,5.829113924050633,11.019492305675298,0.0,1.0,2.0,5.0,60.0
2010-05-30,MER,CO,15,0.0,,,,,,,
2010-05-30,MER,NO,1,161.0,24.36024844720497,28.336273748287518,0.0,5.0,12.0,32.0,128.0
2010-05-30,MER,NO2,1,161.0,38.72049689440994,13.381055255530212,14.0,29.0,37.0,46.0,83.0
2010-05-30,MER,NOX,1,161.0,63.03105590062112,36.29642240639021,14.0,36.0,52.0,84.0,177.0
2010-05-30,MER,O3,1,161.0,34.577639751552795,35.55570273380081,0.0,4.0,22.0,60.0,145.0
2010-05-30,MER,PM10,2,157.0,51.197452229299365,24.722158515639023,4.0,33.0,46.0,64.0,140.0
2010-05-30,MER,PM2.5,2,137.0,31.394160583941606,15.445043781588954,6.0,21.0,28.0,37.0,82.0
2010-05-30,MER,SO2,1,161.0,6.596273291925466,11.63635406924544,1.0,2.0,3.0,5.0,85.0
2010-05-30,MON,O3,1,161.0,47.683229813664596,33.54948255194266,1.0,18.0,42.0,75.0,162.0
2010-05-30,PED,CO,15,161.0,0.4708074534161486,0.3412549910903858,0.0,0.2,0.4,0.6,1.9
2010-05-30,PED,NO,1,154.0,5.220779220779221,10.975460895675726,0.0,0.0,1.0,5.0,72.0
2010-05-30,PED,NO2,1,154.0,22.571428571428573,11.457712613693968,4.0,15.0,20.5,29.0,62.0
2010-05-30,PED,NOX,1,154.0,27.694805194805195,19.827797191444915,4.0,14.25,22.5,35.0,118.0
2010-05-30,PED,O3,1,140.0,45.72857142857143,34.2556707183171,0.0,18.0,35.0,70.0,130.0
2010-05-30,PED,PM10,2,145.0,45.3448275862069,18.130460599018633,18.0,31.0,42.0,57.0,99.0
2010-05-30,PED,SO2,1,154.0,5.012987012987013,5.557762060759099,2.0,3.0,3.0,4.0,48.0
2010-05-30,PER,PM2.5,2,154.0,31.51298701298701,10.32304168897174,5.0,24.0,31.5,37.75,61.0
2010-05-30,PLA,O3,1,159.0,37.44654088050314,32.31307447864654,0.0,10.5,26.0,58.5,130.0
2010-05-30,PLA,SO2,1,156.0,9.032051282051283,6.638518948501334,5.0,6.0,6.0,8.0,53.0
2010-05-30,SAG,CO,15,0.0,,,,,,,
2010-05-30,SAG,NO,1,0.0,,,,,,,
2010-05-30,SAG,NO2,1,0.0,,,,,,,
2010-05-30,SAG,NOX,1,0.0,,,,,,,
2010-05-30,SAG,O3,1,0.0,,,,,,,
2010-05-30,SAG,PM10,2,0.0,,,,,,,
2010-05-30,SAG,PM2.5,2,0.0,,,,,,,
2010-05-30,SAG,SO2,1,0.0,,,,,,,
2010-05-30,SJA,PM2.5,2,157.0,31.923566878980893,10.932509389650367,8.0,24.0,30.0,38.0,63.0
2010-05-30,SUR,CO,15,158.0,1.4056962025316455,0.6215087120015035,0.5,0.9,1.3,1.775,3.6
2010-05-30,SUR,NO,1,158.0,12.120253164556962,20.18082510320942,0.0,1.0,2.0,11.75,91.0
2010-05-30,SUR,NO2,1,158.0,31.246835443037973,13.93053133579582,8.0,21.0,29.0,40.75,70.0
2010-05-30,SUR,NOX,1,158.0,43.20253164556962,30.229432549686784,8.0,22.0,31.0,59.0,139.0
2010-05-30,SUR,O3,1,158.0,44.25949367088607,38.81167668209859,1.0,13.25,29.5,71.0,154.0
2010-05-30,SUR,PM10,2,154.0,46.6948051948052,27.112770529379617,5.0,30.0,40.0,60.0,146.0
2010-05-30,SUR,SO2,1,158.0,4.493670886075949,9.971134667937937,0.0,1.0,1.5,4.0,78.0
2010-05-30,TAC,CO,15,158.0,0.64873417721519,0.6164142603421343,0.0,0.2,0.4,1.0,3.0
2010-05-30,TAC,NO,1,158.0,11.145569620253164,22.313009529408024,0.0,0.0,1.0,11.0,137.0
2010-05-30,TAC,NO2,1,158.0,28.664556962025316,14.18603007065488,8.0,18.0,25.0,36.0,75.0
2010-05-30,TAC,NOX,1,158.0,39.40506329113924,31.308011220077177,8.0,17.25,27.0,53.0,176.0
2010-05-30,TAC,O3,1,155.0,42.25806451612903,32.84177706679256,1.0,16.0,34.0,65.0,135.0
2010-05-30,TAC,SO2,1,158.0,5.955696202531645,9.038731194925838,1.0,1.0,2.0,5.0,49.0
2010-05-30,TAH,O3,1,135.0,50.577777777777776,32.67055515489985,1.0,26.0,44.0,79.0,121.0
2010-05-30,TAH,PM10,2,153.0,51.77124183006536,28.55246710974334,5.0,32.0,47.0,66.0,154.0
2010-05-30,TAH,SO2,1,157.0,5.45859872611465,2.885619619414012,1.0,4.0,5.0,6.0,26.0
2010-05-30,TAX,CO,15,157.0,1.6840764331210194,0.7361986174782859,0.6,1.1,1.7,2.2,4.2
2010-05-30,TAX,NO,1,137.0,27.094890510948904,31.930504318818727,0.0,5.0,15.0,36.0,152.0
2010-05-30,TAX,NO2,1,137.0,36.481751824817515,14.188387023207012,10.0,28.0,35.0,45.0,75.0
2010-05-30,TAX,NOX,1,137.0,63.0,38.52195706958031,6.0,35.0,56.0,83.0,183.0
2010-05-30,TAX,O3,1,157.0,33.35668789808917,30.14325045402403,0.0,8.0,22.0,56.0,128.0
2010-05-30,TAX,PM10,2,155.0,54.729032258064514,34.19772713595432,6.0,30.0,49.0,71.5,250.0
2010-05-30,TAX,SO2,1,157.0,5.598726114649682,12.389956578125664,0.0,0.0,3.0,5.0,100.0
2010-05-30,TLA,CO,15,150.0,0.7826666666666671,0.38889736860894536,0.2,0.5,0.7,1.0,2.1
2010-05-30,TLA,NO,1,148.0,18.89864864864865,23.601204819028336,0.0,4.0,9.0,21.5,106.0
2010-05-30,TLA,NO2,1,148.0,31.62162162162162,14.008454883990886,9.0,21.0,30.0,42.25,76.0
2010-05-30,TLA,NOX,1,148.0,50.12837837837838,32.44844794783261,10.0,27.0,39.0,67.5,156.0
2010-05-30,TLA,O3,1,136.0,38.529411764705884,31.126014170946046,0.0,10.0,32.0,63.25,128.0
2010-05-30,TLA,PM10,2,150.0,64.94666666666667,25.698767804442816,12.0,47.0,62.5,76.75,145.0
2010-05-30,TLA,PM2.5,2,149.0,31.711409395973153,13.331681075448763,6.0,22.0,30.0,40.0,74.0
2010-05-30,TLA,SO2,1,150.0,5.8933333333333335,9.60574958324068,0.0,0.0,1.0,8.0,43.0
2010-05-30,TLI,CO,15,159.0,0.7025157232704399,0.4096849183777097,0.2,0.4,0.5,0.9,2.3
2010-05-30,TLI,NO,1,159.0,12.056603773584905,18.212613963404202,1.0,2.0,3.0,12.0,103.0
2010-05-30,TLI,NO2,1,159.0,25.62264150943396,12.10851737324872,8.0,15.5,23.0,35.0,56.0
2010-05-30,TLI,NOX,1,159.0,37.61006289308176,27.508551478156733,10.0,17.0,27.0,52.0,141.0
2010-05-30,TLI,PM10,2,155.0,52.83225806451613,29.24966851956444,6.0,33.0,49.0,69.5,164.0
2010-05-30,TLI,SO2,1,159.0,9.547169811320755,19.24811288241713,0.0,1.0,2.0,7.0,110.0
2010-05-30,TPN,O3,1,152.0,49.98684210526316,36.66674456301072,1.0,19.0,44.0,72.0,145.0
2010-05-30,UIZ,CO,15,149.0,0.5953020134228187,0.5563315619486668,0.0,0.2,0.4,0.8,2.5
2010-05-30,UIZ,NO,1,133.0,9.62406015037594,16.66542487969019,0.0,0.0,2.0,9.0,79.0
2010-05-30,UIZ,NO2,1,133.0,28.218045112781954,13.355476884639176,6.0,18.0,28.0,37.0,76.0
2010-05-30,UIZ,NOX,1,133.0,37.53383458646616,26.298274189308845,6.0,18.0,29.0,46.0,126.0
2010-05-30,UIZ,O3,1,131.0,45.38167938931298,36.584666400276156,0.0,14.5,34.0,77.0,139.0
2010-05-30,UIZ,PM2.5,2,153.0,36.111111111111114,13.014948670236425,13.0,26.0,33.0,42.0,83.0
2010-05-30,UIZ,SO2,1,147.0,3.598639455782313,8.331866425732047,0.0,0.0,1.0,4.0,78.0
2010-05-30,VAL,CO,15,157.0,0.7579617834394901,0.6100785351435936,0.0,0.3,0.7,1.0,2.5
2010-05-30,VAL,SO2,1,157.0,7.808917197452229,18.204371748102172,0.0,1.0,2.0,4.0,116.0
2010-05-30,VIF,CO,15,150.0,0.7766666666666666,0.2938786369300224,0.3,0.6,0.7,0.9,1.8
2010-05-30,VIF,NO,1,150.0,6.24,10.180702893680568,0.0,1.0,2.0,7.0,57.0
2010-05-30,VIF,NO2,1,150.0,21.153333333333332,11.621396990420235,6.0,11.0,19.0,31.0,58.0
2010-05-30,VIF,NOX,1,150.0,27.34,19.06394397105551,6.0,12.25,20.0,38.0,92.0
2010-05-30,VIF,PM10,2,145.0,65.30344827586207,34.913051550707735,4.0,40.0,61.0,86.0,217.0
2010-05-30,VIF,SO2,1,140.0,12.471428571428572,25.01638106692307,0.0,2.0,4.0,9.0,136.0
2010-05-30,XAL,CO,15,153.0,1.0026143790849675,0.5581864092070505,0.2,0.6,0.9,1.3,3.6
2010-05-30,XAL,NO,1,153.0,32.07843137254902,40.22167676432382,0.0,7.0,19.0,34.0,235.0
2010-05-30,XAL,NO2,1,153.0,38.64052287581699,12.253149100647432,12.0,31.0,39.0,45.0,73.0
2010-05-30,XAL,NOX,1,153.0,70.59477124183006,46.67855332913899,15.0,40.0,60.0,83.0,283.0
2010-05-30,XAL,O3,1,153.0,33.73202614379085,30.593688404797458,2.0,8.0,24.0,52.0,121.0
2010-05-30,XAL,PM10,2,156.0,80.7051282051282,44.07401662287862,8.0,48.75,70.0,103.25,277.0
2010-05-30,XAL,SO2,1,153.0,7.281045751633987,13.38472102040031,1.0,2.0,3.0,7.0,82.0
2010-06-06,ACO,O3,1,154.0,50.5,34.16783833476429,1.0,17.5,52.0,76.75,147.0
2010-06-06,ACO,PM2.5,2,150.0,36.66,12.244615307425775,15.0,27.0,36.0,44.0,81.0
2010-06-06,ACO,SO2,1,154.0,4.7727272727272725,7.266651130827725,1.0,2.0,3.0,5.0,64.0
2010-06-06,ARA,SO2,1,156.0,5.064102564102564,5.869197326204746,0.0,2.0,3.0,6.0,35.0
2010-06-06,ATI,NO,1,157.0,8.070063694267516,17.00079736051675,0.0,2.0,2.0,6.0,96.0
2010-06-06,ATI,NO2,1,157.0,23.318471337579616,13.135408310911593,6.0,13.0,21.0,33.0,79.0
2010-06-06,ATI,NOX,1,157.0,31.254777070063696,26.9980779132085,8.0,14.0,23.0,38.0,160.0
2010-06-06,ATI,SO2,1,157.0,7.694267515923567,10.435800327068256,2.0,3.0,4.0,8.0,80.0
2010-06-06,AZC,NO,1,157.0,12.573248407643312,27.643380025821806,0.0,0.0,0.0,9.0,144.0
2010-06-06,AZC,NO2,1,157.0,28.936305732484076,14.235960933523256,7.0,19.0,24.0,40.0,66.0
2010-06-06,AZC,NOX,1,157.0,41.17834394904459,38.04526709752431,6.0,18.0,24.0,51.0,192.0
2010-06-06,AZC,O3,1,156.0,52.87179487179487,44.11725109863019,0.0,14.0,45.0,79.25,182.0
2010-06-06,AZC,SO2,1,157.0,8.560509554140127,12.125062822791445,2.0,3.0,5.0,8.0,108.0
2010-06-06,CAM,PM2.5,2,159.0,38.132075471698116,14.235413679524012,10.0,28.0,36.0,44.5,84.0
2010-06-06,CES,NO,1,161.0,14.720496894409937,22.372195684633933,1.0,2.0,6.0,16.0,106.0
2010-06-06,CES,NO2,1,161.0,30.726708074534162,13.08194728320279,9.0,21.0,27.0,38.0,81.0
2010-06-06,CES,NOX,1,161.0,45.40372670807454,33.080088210656946,10.0,24.0,33.0,54.0,172.0
2010-06-06,CES,O3,1,161.0,51.03105590062112,36.02610552784058,3.0,22.0,43.0,77.0,163.0
2010-06-06,CES,PM10,2,160.0,64.80625,31.56295433697528,8.0,43.75,60.0,76.0,191.0
2010-06-06,CES,SO2,1,161.0,2.093167701863354,3.8919809259489275,0.0,0.0,1.0,2.0,29.0
2010-06-06,CHO,CO,15,131.0,1.006106870229007,0.7151928976147562,0.4,0.7,0.8,0.9,4.3
2010-06-06,CHO,O3,1,131.0,49.69465648854962,31.766913878768456,1.0,22.5,50.0,79.0,110.0
2010-06-06,CHO,SO2,1,131.0,3.8244274809160306,2.772060927376086,0.0,2.0,3.0,5.5,18.0
2010-06-06,COY,O3,1,157.0,55.22929936305732,45.11493479073896,1.0,14.0,45.0,88.0,174.0
2010-06-06,COY,PM2.5,2,158.0,31.9873417721519,9.666402081154583,13.0,25.0,31.5,38.0,62.0
2010-06-06,CUA,O3,1,161.0,59.962732919254655,30.029545492472447,0.0,43.0,58.0,72.0,160.0
2010-06-06,FAC,CO,15,156.0,1.0557692307692315,0.7550467094814464,0.3,0.6,0.8,1.2,3.9
2010-06-06,FAC,NO,1,156.0,20.91025641025641,41.27662336072153,0.0,1.0,4.0,16.25,236.0
2010-06-06,FAC,NO2,1,156.0,32.493589743589745,16.276044853184136,7.0,22.0,30.0,42.0,94.0
2010-06-06,FAC,NOX,1,156.0,53.27564102564103,51.83355168451797,6.0,23.0,35.0,61.5,287.0
2010-06-06,FAC,O3,1,156.0,52.51282051282051,39.995884817265434,2.0,21.75,43.5,77.25,189.0
2010-06-06,FAC,PM10,2,158.0,61.78481012658228,31.852034856285265,6.0,44.25,57.5,71.0,219.0
2010-06-06,FAC,SO2,1,156.0,8.051282051282051,11.26444298512335,3.0,4.0,5.0,8.0,94.0
2010-06-06,IMP,CO,15,158.0,1.2468354430379742,0.7511071137430448,0.4,0.725,1.0,1.5,4.5
2010-06-06,IZT,CO,15,155.0,0.8800000000000006,0.7558774036513127,0.1,0.5,0.6,0.9,3.9
2010-06-06,IZT,NO,1,155.0,16.70967741935484,34.52666346687739,0.0,2.0,4.0,11.0,181.0
2010-06-06,IZT,NO2,1,155.0,35.354838709677416,15.509838492750953,12.0,24.0,32.0,43.5,96.0
2010-06-06,IZT,NOX,1,155.0,52.012903225806454,46.27599123620338,16.0,26.5,34.0,56.0,238.0
2010-06-06,IZT,O3,1,157.0,53.29936305732484,44.10425657813144,0.0,15.0,45.0,84.0,170.0
2010-06-06,IZT,PM10,2,160.0,61.925,18.78429358625421,21.0,48.75,57.0,75.25,118.0
2010-06-06,IZT,SO2,1,155.0,5.264516129032258,4.188849483046772,2.0,3.0,4.0,6.0,27.0
2010-06-06,LAG,CO,15,158.0,1.186075949367088,0.639214122835139,0.4,0.8,1.0,1.4,3.3
2010-06-06,LAG,NO,1,152.0,17.210526315789473,29.273913432750607,0.0,2.0,5.5,13.0,153.0
2010-06-06,LAG,NO2,1,152.0,39.2828947368421,15.083615848386417,9.0,29.0,37.5,48.0,106.0
2010-06-06,LAG,NOX,1,152.0,56.43421052631579,40.20076620347073,9.0,31.0,43.0,63.5,214.0
2010-06-06,LAG,O3,1,157.0,48.0828025477707,41.21176732990656,1.0,11.0,41.0,77.0,153.0
2010-06-06,LAG,SO2,1,157.0,7.560509554140127,9.219779170013684,1.0,3.0,4.0,7.0,49.0
2010-06-06,LLA,SO2,1,161.0,10.428571428571429,16.93986211783995,2.0,3.0,4.0,9.0,107.0
2010-06-06,LPR,SO2,1,159.0,6.232704402515723,6.97935016429657,0.0,2.0,4.0,7.0,33.0
2010-06-06,LVI,PM10,2,158.0,71.98101265822785,31.720810649593343,5.0,50.25,65.0,96.0,184.0
2010-06-06,LVI,SO2,1,159.0,6.8742138364779874,12.13517856125235,0.0,1.0,3.0,7.0,88.0
2010-06-06,MER,CO,15,0.0,,,,,,,
2010-06-06,MER,NO,1,159.0,21.446540880503143,36.29147959402204,0.0,2.5,7.0,17.5,176.0
2010-06-06,MER,NO2,1,159.0,40.81761006289308,14.871966383954334,13.0,30.5,39.0,46.0,99.0
2010-06-06,MER,NOX,1,159.0,62.113207547169814,46.80284275852737,14.0,35.5,44.0,64.0,241.0
2010-06-06,MER,O3,1,160.0,46.73125,40.87882413400143,0.0,10.0,39.0,75.5,150.0
2010-06-06,MER,PM10,2,161.0,62.5527950310559,26.66385676836671,16.0,45.0,56.0,80.0,147.0
2010-06-06,MER,PM2.5,2,154.0,25.045454545454547,13.211868752596239,2.0,16.0,24.0,32.0,63.0
2010-06-06,MER,SO2,1,159.0,5.314465408805032,7.037097327356078,0.0,2.0,3.0,6.0,52.0
2010-06-06,MON,O3,1,159.0,54.20754716981132,34.84960008700281,1.0,19.5,59.0,83.5,141.0
2010-06-06,PED,CO,15,160.0,0.4350000000000002,0.3376202324856254,0.0,0.2,0.3,0.6,1.6
2010-06-06,PED,NO,1,160.0,4.025,9.516585984744287,0.0,0.0,0.0,2.0,50.0
2010-06-06,PED,NO2,1,160.0,21.875,13.10756179083772,5.0,12.0,17.0,29.0,76.0
2010-06-06,PED,NOX,1,160.0,25.63125,21.1736224519058,4.0,12.0,17.0,31.0,101.0
2010-06-06,PED,O3,1,160.0,61.7375,38.940607493331264,1.0,34.0,53.0,84.5,174.0
2010-06-06,PED,PM10,2,160.0,55.09375,19.860138920071236,19.0,40.0,53.0,70.25,109.0
2010-06-06,PED,SO2,1,161.0,4.863354037267081,3.304347315299078,2.0,3.0,4.0,5.0,21.0
2010-06-06,PER,PM2.5,2,159.0,40.911949685534594,14.941397613020138,11.0,31.0,39.0,49.5,95.0
2010-06-06,PLA,O3,1,161.0,52.11801242236025,42.21068864665494,1.0,17.0,41.0,79.0,162.0
2010-06-06,PLA,SO2,1,161.0,8.807453416149068,4.022616573746357,6.0,6.0,7.0,9.0,31.0
2010-06-06,SAG,CO,15,0.0,,,,,,,
2010-06-06,SAG,NO,1,0.0,,,,,,,
2010-06-06,SAG,NO2,1,0.0,,,,,,,
2010-06-06,SAG,NOX,1,0.0,,,,,,,
2010-06-06,SAG,O3,1,0.0,,,,,,,
2010-06-06,SAG,PM10,2,0.0,,,,,,,
2010-06-06,SAG,PM2.5,2,0.0,,,,,,,
2010-06-06,SAG,SO2,1,0.0,,,,,,,
2010-06-06,SJA,PM2.5,2,161.0,37.37267080745342,14.09734898650115,6.0,29.0,35.0,44.0,88.0
2010-06-06,SUR,CO,15,155.0,1.4019354838709674,0.7838028316659263,0.5,1.0,1.1,1.4,4.7
2010-06-06,SUR,NO,1,134.0,16.865671641791046,40.47663227186549,0.0,1.0,2.0,7.0,210.0
2010-06-06,SUR,NO2,1,134.0,29.895522388059703,14.983333425914498,9.0,18.0,25.5,43.0,69.0
2010-06-06,SUR,NOX,1,134.0,46.649253731343286,50.841972102372694,10.0,19.0,26.0,53.25,261.0
2010-06-06,SUR,O3,1,158.0,55.15822784810127,42.29838233823878,2.0,18.25,51.5,87.75,173.0
2010-06-06,SUR,PM10,2,157.0,60.98726114649681,26.891040177158832,11.0,44.0,57.0,75.0,187.0
2010-06-06,SUR,SO2,1,87.0,4.494252873563219,4.561908931368769,0.0,2.0,3.0,5.0,27.0
2010-06-06,TAC,CO,15,145.0,0.7165517241379311,0.7397459955491711,0.0,0.2,0.4,1.0,3.9
2010-06-06,TAC,NO,1,146.0,14.164383561643836,30.315132763109755,0.0,0.0,0.0,9.75,174.0
2010-06-06,TAC,NO2,1,146.0,33.17123287671233,18.37778253444429,8.0,19.25,26.5,46.0,116.0
2010-06-06,TAC,NOX,1,146.0,46.773972602739725,44.976893768635335,8.0,19.0,26.5,58.25,240.0
2010-06-06,TAC,O3,1,146.0,55.1986301369863,42.15286137676143,2.0,21.0,49.0,81.75,174.0
2010-06-06,TAC,SO2,1,146.0,6.191780821917808,11.84515909763062,1.0,2.0,3.0,5.0,86.0
2010-06-06,TAH,O3,1,158.0,58.20253164556962,29.934271838356487,6.0,34.0,58.5,83.0,148.0
2010-06-06,TAH,PM10,2,158.0,66.57594936708861,32.28777732176041,3.0,44.0,62.0,77.75,245.0
2010-06-06,TAH,SO2,1,160.0,6.03125,3.237791535160538,3.0,4.0,5.0,7.0,36.0
2010-06-06,TAX,CO,15,156.0,1.521153846153846,0.7601366273951626,0.7,1.0,1.3,1.9,4.2
2010-06-06,TAX,NO,1,156.0,23.173076923076923,35.70527447465114,0.0,1.0,10.5,25.0,179.0
2010-06-06,TAX,NO2,1,156.0,37.34615384615385,16.233638451367806,10.0,25.75,36.0,48.0,114.0
2010-06-06,TAX,NOX,1,156.0,60.42307692307692,47.37687450870308,10.0,27.0,45.5,76.25,228.0
2010-06-06,TAX,O3,1,156.0,47.82051282051282,37.667045094975684,1.0,14.0,40.5,77.5,147.0
2010-06-06,TAX,PM10,2,153.0,60.83660130718954,24.177375656511,11.0,46.0,56.0,74.0,144.0
2010-06-06,TAX,SO2,1,156.0,1.891025641025641,2.8592210036521184,0.0,0.0,1.0,2.0,20.0
2010-06-06,TLA,CO,15,159.0,0.9050314465408809,0.517882585556396,0.3,0.6,0.7,1.1,2.7
2010-06-06,TLA,NO,1,146.0,22.58219178082192,37.652450000299275,0.0,2.0,5.5,19.5,170.0
2010-06-06,TLA,NO2,1,146.0,38.486301369863014,17.662052171688497,7.0,25.0,36.0,50.0,87.0
2010-06-06,TLA,NOX,1,146.0,60.445205479452056,51.420649390595884,9.0,27.0,38.0,69.5,235.0
2010-06-06,TLA,O3,1,151.0,48.35099337748344,41.43978743116276,0.0,11.5,43.0,75.5,183.0
2010-06-06,TLA,PM10,2,161.0,80.08695652173913,28.44279155259461,30.0,59.0,79.0,98.0,177.0
2010-06-06,TLA,PM2.5,2,161.0,37.30434782608695,16.3087566502864,11.0,24.0,35.0,49.0,83.0
2010-06-06,TLA,SO2,1,159.0,7.591194968553459,14.743895469864924,0.0,0.0,2.0,7.0,103.0
2010-06-06,TLI,CO,15,159.0,0.9559748427672953,0.46979543015928865,0.5,0.6,0.8,1.2,2.9
2010-06-06,TLI,NO,1,159.0,15.59748427672956,28.98692841519322,0.0,1.0,2.0,17.0,190.0
2010-06-06,TLI,NO2,1,159.0,31.754716981132077,15.285766102187546,7.0,19.5,29.0,44.5,67.0
2010-06-06,TLI,NOX,1,159.0,47.333333333333336,40.90660351300833,9.0,21.0,31.0,61.5,249.0
2010-06-06,TLI,PM10,2,161.0,75.472049689441,38.08379939551089,8.0,51.0,69.0,94.0,304.0
2010-06-06,TLI,SO2,1,159.0,11.377358490566039,17.48369194756952,1.0,2.0,4.0,10.5,84.0
2010-06-06,TPN,O3,1,161.0,63.77018633540373,28.92690107132222,21.0,40.0,54.0,88.0,130.0
2010-06-06,UIZ,CO,15,161.0,0.5335403726708073,0.7204116964780345,0.0,0.1,0.3,0.6,4.1
2010-06-06,UIZ,NO,1,161.0,10.180124223602485,25.814455300944722,0.0,0.0,0.0,5.0,168.0
2010-06-06,UIZ,NO2,1,161.0,28.875776397515526,15.383334230578544,5.0,17.0,26.0,39.0,86.0
2010-06-06,UIZ,NOX,1,161.0,38.453416149068325,37.79896663775331,4.0,16.0,25.0,43.0,221.0
2010-06-06,UIZ,O3,1,161.0,56.70807453416149,40.82701920168077,1.0,24.0,51.0,87.0,181.0
2010-06-06,UIZ,PM2.5,2,160.0,40.6,13.748047317035486,9.0,31.0,39.5,50.0,92.0
2010-06-06,UIZ,SO2,1,148.0,2.8986486486486487,3.864613338571509,0.0,1.0,2.0,3.0,27.0
2010-06-06,VAL,CO,15,159.0,0.7647798742138362,0.6735639543540372,0.0,0.3,0.6,1.0,3.8
2010-06-06,VAL,SO2,1,160.0,10.81875,20.579916898757137,1.0,2.0,4.0,8.0,175.0
2010-06-06,VIF,CO,15,159.0,0.9723270440251572,0.3493052688498558,0.5,0.75,0.9,1.1,2.5
2010-06-06,VIF,NO,1,158.0,8.664556962025317,19.03553859023437,0.0,1.0,1.0,6.0,118.0
2010-06-06,VIF,NO2,1,158.0,26.246835443037973,12.703721661856441,7.0,15.0,26.0,37.0,55.0
2010-06-06,VIF,NOX,1,158.0,34.87341772151899,28.091691129901264,7.0,16.0,28.0,43.0,165.0
2010-06-06,VIF,PM10,2,160.0,84.48125,42.693727445698,18.0,56.0,78.5,103.25,334.0
2010-06-06,VIF,SO2,1,134.0,11.402985074626866,15.9435656067084,0.0,3.0,4.0,12.0,78.0
2010-06-06,XAL,CO,15,160.0,1.100625,0.7321457114313357,0.4,0.7,0.8,1.4,4.0
2010-06-06,XAL,NO,1,160.0,32.8,51.99453285241518,0.0,5.0,12.0,33.0,248.0
2010-06-06,XAL,NO2,1,160.0,39.8625,13.771033084023074,15.0,29.0,38.0,49.0,93.0
2010-06-06,XAL,NOX,1,160.0,72.33125,61.167644864763965,17.0,33.0,48.5,87.0,307.0
2010-06-06,XAL,O3,1,160.0,45.525,40.55711866261994,1.0,5.75,37.5,74.25,150.0
2010-06-06,XAL,PM10,2,159.0,106.9622641509434,58.19629450038339,20.0,67.0,89.0,134.0,312.0
2010-06-06,XAL,SO2,1,160.0,7.54375,8.635051339466386,1.0,3.0,5.0,8.0,75.0
2010-06-13,ACO,O3,1,134.0,34.61940298507463,21.796321265147586,1.0,17.25,33.5,49.75,79.0
2010-06-13,ACO,PM2.5,2,122.0,18.385245901639344,10.25658161708658,2.0,10.25,17.0,25.0,45.0
2010-06-13,ACO,SO2,1,131.0,2.2748091603053435,3.1133791563175133,0.0,0.0,1.0,3.0,14.0
2010-06-13,ARA,SO2,1,154.0,2.0714285714285716,2.544010376456474,0.0,0.0,1.0,3.0,14.0
2010-06-13,ATI,NO,1,159.0,8.90566037735849,17.182855914474683,0.0,1.0,3.0,6.5,106.0
2010-06-13,ATI,NO2,1,159.0,20.22641509433962,11.0011072678047,5.0,11.0,18.0,26.0,53.0
2010-06-13,ATI,NOX,1,159.0,29.062893081761008,24.62341314930583,5.0,13.0,21.0,35.5,156.0
2010-06-13,ATI,SO2,1,159.0,4.69811320754717,3.0100143340024843,1.0,3.0,3.0,6.0,17.0
2010-06-13,AZC,NO,1,152.0,7.059210526315789,15.081778643605771,0.0,0.0,1.0,5.25,92.0
2010-06-13,AZC,NO2,1,152.0,22.42763157894737,10.40287910586207,6.0,14.0,20.0,31.0,46.0
2010-06-13,AZC,NOX,1,152.0,29.20394736842105,22.172215420047063,5.0,13.0,22.5,36.0,123.0
2010-06-13,AZC,O3,1,152.0,39.21052631578947,34.767464348217885,0.0,10.0,29.0,63.25,143.0
2010-06-13,AZC,SO2,1,152.0,4.572368421052632,3.039697557463648,2.0,3.0,4.0,5.0,21.0
2010-06-13,CAM,PM2.5,2,158.0,24.28481012658228,13.379369884219152,3.0,15.0,22.0,31.0,68.0
2010-06-13,CES,NO,1,158.0,15.272151898734178,16.548576914272946,1.0,4.0,10.5,19.0,108.0
2010-06-13,CES,NO2,1,158.0,27.189873417721518,11.189822433735243,5.0,21.0,26.0,32.75,69.0
2010-06-13,CES,NOX,1,158.0,42.4746835443038,24.121164258506308,6.0,26.0,37.0,53.75,141.0
2010-06-13,CES,O3,1,158.0,34.88607594936709,24.828834347930986,2.0,14.0,29.0,53.0,95.0
2010-06-13,CES,PM10,2,146.0,44.178082191780824,34.1745388045478,1.0,18.0,36.5,62.75,187.0
2010-06-13,CES,SO2,1,158.0,0.43037974683544306,1.709348922901387,0.0,0.0,0.0,0.0,16.0
2010-06-13,CHO,CO,15,149.0,0.6724832214765096,0.3962423262796364,0.3,0.5,0.6,0.7,2.8
2010-06-13,CHO,O3,1,147.0,39.55102040816327,25.82427011618774,0.0,20.5,37.0,59.0,104.0
2010-06-13,CHO,SO2,1,149.0,1.9798657718120805,1.8175934440371984,0.0,1.0,1.0,3.0,8.0
2010-06-13,COY,O3,1,158.0,44.86708860759494,36.022304560712264,1.0,15.5,35.5,67.0,140.0
2010-06-13,COY,PM2.5,2,151.0,20.582781456953644,12.25090887289268,2.0,12.0,17.0,25.0,62.0
2010-06-13,CUA,O3,1,156.0,46.31410256410256,33.58528950005219,1.0,23.0,36.5,63.25,156.0
2010-06-13,FAC,CO,15,161.0,1.0236024844720493,0.5862503228091124,0.3,0.6,0.9,1.3,3.2
2010-06-13,FAC,NO,1,160.0,15.9125,26.39405962802615,0.0,1.0,5.0,17.0,133.0
2010-06-13,FAC,NO2,1,160.0,27.91875,12.21452474637775,6.0,18.0,26.0,38.0,56.0
2010-06-13,FAC,NOX,1,160.0,43.525,33.82603477989724,4.0,19.75,33.0,55.75,165.0
2010-06-13,FAC,O3,1,160.0,41.8375,33.95666633636531,1.0,13.0,35.0,65.5,123.0
2010-06-13,FAC,PM10,2,145.0,42.04137931034483,30.24710175787025,1.0,19.0,35.0,60.0,151.0
2010-06-13,FAC,SO2,1,161.0,5.080745341614906,2.5396238778594333,2.0,3.0,4.0,6.0,15.0
2010-06-13,IMP,CO,15,157.0,1.0847133757961778,0.5386552111979521,0.4,0.6,0.9,1.4,3.1
2010-06-13,IZT,CO,15,153.0,0.7549019607843138,0.46267829798937,0.1,0.5,0.6,0.9,2.8
2010-06-13,IZT,NO,1,153.0,13.673202614379084,16.225722782278822,3.0,5.0,7.0,13.0,115.0
2010-06-13,IZT,NO2,1,153.0,30.58823529411765,13.648081324457634,6.0,21.0,29.0,38.0,78.0
2010-06-13,IZT,NOX,1,153.0,44.209150326797385,25.571533719613022,10.0,27.0,37.0,53.0,157.0
2010-06-13,IZT,O3,1,153.0,39.470588235294116,33.38689839622907,0.0,10.0,32.0,60.0,119.0
2010-06-13,IZT,PM10,2,152.0,38.46052631578947,18.0091520438096,4.0,25.75,34.5,49.25,94.0
2010-06-13,IZT,SO2,1,152.0,4.322368421052632,2.9014770700231862,0.0,3.0,3.0,5.0,22.0
2010-06-13,LAG,CO,15,146.0,1.0390410958904106,0.8110761933400146,0.0,0.4,0.9,1.4,3.6
2010-06-13,LAG,NO,1,147.0,13.877551020408163,19.00536981046812,0.0,3.0,7.0,15.5,120.0
2010-06-13,LAG,NO2,1,147.0,33.87755102040816,13.154455445627889,9.0,24.5,33.0,41.0,72.0
2010-06-13,LAG,NOX,1,147.0,47.63945578231292,28.57888519788435,8.0,28.0,38.0,64.0,160.0
2010-06-13,LAG,O3,1,144.0,35.02777777777778,31.553472085043197,0.0,10.75,24.5,54.25,127.0
2010-06-13,LAG,SO2,1,148.0,3.6486486486486487,2.209641411684136,1.0,2.0,3.0,4.25,14.0
2010-06-13,LLA,SO2,1,160.0,4.875,5.709696045396604,1.0,2.0,3.0,5.0,46.0
2010-06-13,LPR,SO2,1,158.0,2.2721518987341773,3.0508404066700865,0.0,0.0,1.0,4.0,23.0
2010-06-13,LVI,PM10,2,106.0,46.91509433962264,26.171273937560336,6.0,27.25,43.0,59.75,147.0
2010-06-13,LVI,SO2,1,96.0,1.65625,2.2092062161018737,0.0,0.0,1.0,3.0,15.0
2010-06-13,MER,CO,15,0.0,,,,,,,
2010-06-13,MER,NO,1,159.0,14.477987421383649,20.071340004961723,0.0,3.0,8.0,18.0,157.0
2010-06-13,MER,NO2,1,159.0,32.471698113207545,13.409712765948774,8.0,21.5,32.0,41.0,79.0
2010-06-13,MER,NOX,1,159.0,46.81761006289308,29.674149203657223,8.0,25.5,40.0,59.5,199.0
2010-06-13,MER,O3,1,159.0,35.742138364779876,32.30319454290762,0.0,8.0,25.0,56.0,130.0
2010-06-13,MER,PM10,2,154.0,35.935064935064936,24.180874883396484,2.0,20.0,32.0,47.5,199.0
2010-06-13,MER,PM2.5,2,102.0,16.38235294117647,10.154298819114123,1.0,9.25,14.0,20.0,52.0
2010-06-13,MER,SO2,1,159.0,2.3459119496855347,2.525784553846831,0.0,1.0,2.0,3.0,15.0
2010-06-13,MON,O3,1,161.0,39.409937888198755,26.100639850799016,1.0,17.0,38.0,59.0,101.0
2010-06-13,PED,CO,15,158.0,0.36835443037974697,0.2654376526876378,0.0,0.2,0.3,0.5,1.0
2010-06-13,PED,NO,1,158.0,3.8860759493670884,7.201357518471412,0.0,0.0,0.5,4.0,39.0
2010-06-13,PED,NO2,1,158.0,20.0126582278481,10.32095595099216,3.0,12.25,18.0,26.0,53.0
2010-06-13,PED,NOX,1,158.0,23.70886075949367,15.65320984053107,2.0,12.25,19.0,33.0,74.0
2010-06-13,PED,O3,1,158.0,44.53164556962025,35.05094942898949,0.0,18.25,35.0,66.0,144.0
2010-06-13,PED,PM10,2,158.0,36.40506329113924,18.90743053970589,2.0,23.25,35.0,45.0,96.0
2010-06-13,PED,SO2,1,158.0,4.234177215189874,2.579111883676652,2.0,3.0,3.0,4.0,19.0
2010-06-13,PER,PM2.5,2,157.0,22.343949044585987,10.923224713940158,3.0,16.0,21.0,30.0,58.0
2010-06-13,PLA,O3,1,161.0,41.36645962732919,38.019351888379454,0.0,10.0,29.0,62.0,157.0
2010-06-13,PLA,SO2,1,161.0,7.428571428571429,2.553708787514458,5.0,6.0,7.0,8.0,25.0
2010-06-13,SAG,CO,15,141.0,0.5418439716312057,0.41784413163092216,0.0,0.3,0.4,0.7,1.9
2010-06-13,SAG,NO,1,121.0,9.661157024793388,14.25163950744398,1.0,3.0,4.0,8.0,83.0
2010-06-13,SAG,NO2,1,121.0,20.40495867768595,10.516319470547266,4.0,13.0,19.0,26.0,61.0
2010-06-13,SAG,NOX,1,121.0,30.041322314049587,21.61264934176854,6.0,17.0,25.0,38.0,110.0
2010-06-13,SAG,O3,1,141.0,34.184397163120565,24.032894967665648,2.0,15.0,28.0,54.0,83.0
2010-06-13,SAG,PM10,2,94.0,48.787234042553195,24.18649420533359,6.0,31.25,44.0,63.0,113.0
2010-06-13,SAG,PM2.5,2,93.0,23.0,11.825727296321208,3.0,14.0,21.0,30.0,53.0
2010-06-13,SAG,SO2,1,141.0,3.8156028368794326,3.9489652114363736,0.0,1.0,3.0,4.0,28.0
2010-06-13,SJA,PM2.5,2,159.0,20.50314465408805,10.29678222678222,3.0,12.5,19.0,27.0,53.0
2010-06-13,SUR,CO,15,159.0,1.4817610062893078,0.5100081093810408,0.6,1.2,1.4,1.7,3.8
2010-06-13,SUR,NO,1,159.0,6.70440251572327,14.620755776721163,0.0,0.0,1.0,4.0,108.0
2010-06-13,SUR,NO2,1,159.0,22.163522012578618,10.983228995267604,3.0,14.0,22.0,30.0,59.0
2010-06-13,SUR,NOX,1,159.0,28.80503144654088,22.22624688231659,3.0,15.0,22.0,33.5,144.0
2010-06-13,SUR,O3,1,159.0,44.0503144654088,34.22908651752974,1.0,17.0,37.0,66.5,131.0
2010-06-13,SUR,PM10,2,139.0,38.84172661870504,30.342790131087387,1.0,17.0,34.0,53.5,173.0
2010-06-13,SUR,SO2,1,159.0,2.893081761006289,2.5645864644771006,1.0,2.0,2.0,3.0,20.0
2010-06-13,TAC,CO,15,144.0,0.47569444444444436,0.5132164482614746,0.0,0.1,0.4,0.6,2.9
2010-06-13,TAC,NO,1,144.0,8.444444444444445,20.122623311088663,0.0,0.0,1.0,4.25,138.0
2010-06-13,TAC,NO2,1,144.0,28.145833333333332,11.991237330954329,7.0,19.0,27.0,37.0,57.0
2010-06-13,TAC,NOX,1,144.0,35.861111111111114,27.40364201998698,6.0,18.0,28.0,41.0,170.0
2010-06-13,TAC,O3,1,144.0,41.3125,36.363639095279616,2.0,12.0,30.0,59.5,171.0
2010-06-13,TAC,SO2,1,144.0,2.826388888888889,2.096716917879435,0.0,1.0,2.0,4.0,10.0
2010-06-13,TAH,O3,1,158.0,45.335443037974684,26.312577399796886,2.0,26.0,41.5,58.75,133.0
2010-06-13,TAH,PM10,2,137.0,37.0,25.6302899848184,2.0,15.0,35.0,54.0,134.0
2010-06-13,TAH,SO2,1,158.0,4.3924050632911396,1.8332924092486158,2.0,3.0,4.0,5.0,15.0
2010-06-13,TAX,CO,15,160.0,1.4856249999999995,0.6039541482658658,0.5,1.0,1.4,1.8,3.2
2010-06-13,TAX,NO,1,160.0,18.7125,17.69922980948766,0.0,4.0,14.0,27.25,82.0
2010-06-13,TAX,NO2,1,160.0,30.7,13.966176572359185,5.0,21.0,30.0,38.0,92.0
2010-06-13,TAX,NOX,1,160.0,49.275,28.04622195657975,5.0,28.25,46.0,68.25,122.0
2010-06-13,TAX,O3,1,160.0,33.9625,27.382886704595812,0.0,12.0,23.5,56.0,97.0
2010-06-13,TAX,PM10,2,149.0,42.43624161073826,30.167622286612456,2.0,20.0,34.0,59.0,151.0
2010-06-13,TAX,SO2,1,160.0,1.03125,1.963253220434687,0.0,0.0,0.0,1.0,15.0
2010-06-13,TLA,CO,15,157.0,0.9197452229299358,0.39490983885741854,0.2,0.6,0.9,1.1,2.2
2010-06-13,TLA,NO,1,153.0,17.62091503267974,23.087079587813783,0.0,6.0,9.0,19.0,122.0
2010-06-13,TLA,NO2,1,153.0,31.9281045751634,13.892493512289004,8.0,21.0,30.0,44.0,64.0
2010-06-13,TLA,NOX,1,153.0,49.254901960784316,32.21137618013171,9.0,27.0,39.0,61.0,158.0
2010-06-13,TLA,O3,1,109.0,43.4954128440367,30.241504424784793,0.0,19.0,35.0,69.0,112.0
2010-06-13,TLA,PM10,2,149.0,52.281879194630875,24.822908049064974,5.0,32.0,48.0,67.0,129.0
2010-06-13,TLA,PM2.5,2,149.0,25.885906040268456,14.313351450581681,2.0,17.0,23.0,33.0,67.0
2010-06-13,TLA,SO2,1,156.0,2.1794871794871793,3.662340481145161,0.0,0.0,1.0,2.0,21.0
2010-06-13,TLI,CO,15,161.0,0.8832298136645961,0.3600756908006846,0.5,0.6,0.8,1.0,2.1
2010-06-13,TLI,NO,1,161.0,8.378881987577639,13.322417244713348,0.0,2.0,2.0,7.0,81.0
2010-06-13,TLI,NO2,1,161.0,24.937888198757765,11.926697699381094,7.0,14.0,24.0,35.0,55.0
2010-06-13,TLI,NOX,1,161.0,33.26086956521739,22.45649175047453,9.0,16.0,26.0,43.0,134.0
2010-06-13,TLI,PM10,2,152.0,48.296052631578945,32.27773489180361,1.0,23.75,41.5,69.25,163.0
2010-06-13,TLI,SO2,1,161.0,4.832298136645963,5.501404394385038,1.0,2.0,3.0,6.0,32.0
2010-06-13,TPN,O3,1,156.0,46.98076923076923,30.143842500497335,3.0,24.0,40.5,64.25,144.0
2010-06-13,UIZ,CO,15,124.0,0.5443548387096774,0.5751355328928208,0.0,0.1,0.45,0.8,2.6
2010-06-13,UIZ,NO,1,124.0,6.306451612903226,14.086941089455934,0.0,0.0,0.0,4.0,72.0
2010-06-13,UIZ,NO2,1,124.0,22.241935483870968,13.315661643490865,4.0,11.75,19.0,32.25,66.0
2010-06-13,UIZ,NOX,1,124.0,28.072580645161292,23.99260502165513,2.0,10.75,20.0,38.0,114.0
2010-06-13,UIZ,O3,1,124.0,40.983870967741936,29.653002390102813,1.0,17.0,35.0,61.5,114.0
2010-06-13,UIZ,PM2.5,2,108.0,19.65740740740741,10.38255369613029,1.0,12.0,18.5,25.25,56.0
2010-06-13,UIZ,SO2,1,110.0,1.1,2.961372109452341,0.0,0.0,0.0,1.0,28.0
2010-06-13,VAL,CO,15,160.0,0.8674999999999995,0.47471275657797685,0.0,0.5,0.8,1.1,3.0
2010-06-13,VAL,SO2,1,160.0,3.575,2.5167364312042984,1.0,2.0,3.0,5.0,18.0
2010-06-13,VIF,CO,15,158.0,0.7056962025316462,0.2657146764573806,0.3,0.5,0.7,0.8,1.6
2010-06-13,VIF,NO,1,158.0,4.6645569620253164,7.872074937092887,0.0,1.0,2.0,4.0,44.0
2010-06-13,VIF,NO2,1,158.0,20.518987341772153,10.243980067845303,6.0,13.0,17.0,27.75,51.0
2010-06-13,VIF,NOX,1,158.0,25.126582278481013,16.17410613492714,6.0,14.25,19.0,33.75,85.0
2010-06-13,VIF,PM10,2,153.0,44.254901960784316,29.62452074046376,1.0,22.0,38.0,61.0,173.0
2010-06-13,VIF,SO2,1,132.0,5.4772727272727275,7.818031525434367,0.0,1.0,2.0,5.0,43.0
2010-06-13,XAL,CO,15,157.0,0.9076433121019114,0.5981318567941663,0.2,0.6,0.7,1.1,4.0
2010-06-13,XAL,NO,1,157.0,29.547770700636942,37.383913628772135,3.0,11.0,17.0,28.0,244.0
2010-06-13,XAL,NO2,1,157.0,33.13375796178344,12.062388855022045,10.0,25.0,33.0,39.0,90.0
2010-06-13,XAL,NOX,1,157.0,62.62420382165605,43.070516718745424,13.0,38.0,51.0,69.0,277.0
2010-06-13,XAL,O3,1,156.0,30.544871794871796,23.977500999416222,1.0,10.0,24.0,53.0,84.0
2010-06-13,XAL,PM10,2,156.0,72.81410256410257,44.48135593303138,4.0,39.75,63.5,99.25,228.0
2010-06-13,XAL,SO2,1,157.0,4.10828025477707,3.2925315991209843,1.0,2.0,3.0,5.0,17.0
2010-06-20,ACO,O3,1,160.0,26.7125,17.359820413237987,3.0,13.0,21.5,41.0,70.0
2010-06-20,ACO,PM2.5,2,155.0,10.129032258064516,5.940953700844338,1.0,5.0,9.0,14.0,28.0
2010-06-20,ACO,SO2,1,159.0,0.3270440251572327,1.9470745837687868,0.0,0.0,0.0,0.0,17.0
2010-06-20,ARA,SO2,1,160.0,1.80625,6.075517292984887,0.0,0.0,0.0,0.0,37.0
2010-06-20,ATI,NO,1,161.0,6.701863354037267,7.985803591762767,0.0,2.0,4.0,7.0,46.0
2010-06-20,ATI,NO2,1,161.0,15.614906832298137,7.7677716494188696,5.0,10.0,14.0,20.0,46.0
2010-06-20,ATI,NOX,1,161.0,22.26086956521739,13.493295436591104,7.0,12.0,18.0,28.0,79.0
2010-06-20,ATI,SO2,1,161.0,7.422360248447205,10.636987209469137,1.0,3.0,3.0,6.0,66.0
2010-06-20,AZC,NO,1,160.0,5.075,7.2732386183872695,0.0,0.0,2.0,7.0,33.0
2010-06-20,AZC,NO2,1,160.0,13.925,5.647451698936776,5.0,9.0,13.0,17.0,31.0
2010-06-20,AZC,NOX,1,160.0,18.7875,10.845621961108105,4.0,10.0,16.5,26.0,53.0
2010-06-20,AZC,O3,1,160.0,22.76875,23.328720624475803,0.0,5.75,14.0,33.0,88.0
2010-06-20,AZC,SO2,1,160.0,6.4875,9.159651403654946,2.0,2.0,3.0,6.0,53.0
2010-06-20,CAM,PM2.5,2,147.0,16.224489795918366,8.089224964456116,2.0,10.0,15.0,20.0,41.0
2010-06-20,CES,NO,1,158.0,22.772151898734176,22.886565673631942,1.0,6.0,13.0,32.5,90.0
2010-06-20,CES,NO2,1,158.0,27.72151898734177,9.303018767450448,5.0,21.25,28.0,33.0,49.0
2010-06-20,CES,NOX,1,158.0,50.45569620253165,27.340876035314903,7.0,29.25,45.0,65.75,128.0
2010-06-20,CES,O3,1,136.0,17.36764705882353,17.999098258700677,2.0,5.0,10.0,20.5,88.0
2010-06-20,CES,PM10,2,153.0,30.483660130718953,18.541952636330926,2.0,16.0,28.0,41.0,133.0
2010-06-20,CES,SO2,1,157.0,1.375796178343949,5.341436967826848,0.0,0.0,0.0,0.0,46.0
2010-06-20,CHO,CO,15,155.0,0.8083870967741938,0.44326926510967013,0.2,0.6,0.7,0.9,3.3
2010-06-20,CHO,O3,1,155.0,27.980645161290322,27.34043933366264,0.0,6.0,20.0,42.5,112.0
2010-06-20,CHO,SO2,1,155.0,4.0,4.943840454703048,1.0,2.0,3.0,4.0,42.0
2010-06-20,COY,O3,1,153.0,27.751633986928105,28.21003951697628,1.0,9.0,17.0,39.0,112.0
2010-06-20,COY,PM2.5,2,141.0,13.212765957446809,9.161104511261808,1.0,7.0,11.0,19.0,48.0
2010-06-20,CUA,O3,1,157.0,31.605095541401273,24.62533559885424,2.0,15.0,23.0,39.0,108.0
2010-06-20,FAC,CO,15,160.0,0.646875,0.35036761915659254,0.2,0.4,0.6,0.8,1.9
2010-06-20,FAC,NO,1,160.0,9.9,11.541121447967239,0.0,1.0,6.0,13.25,61.0
2010-06-20,FAC,NO2,1,160.0,19.33125,8.593343829738261,5.0,13.0,18.5,24.0,51.0
2010-06-20,FAC,NOX,1,160.0,29.0875,18.217894133699062,4.0,15.75,25.0,39.0,93.0
2010-06-20,FAC,O3,1,160.0,27.98125,21.075328171754986,1.0,14.0,22.0,35.0,87.0
2010-06-20,FAC,PM10,2,144.0,25.604166666666668,22.41665800122882,1.0,10.0,20.0,31.0,125.0
2010-06-20,FAC,SO2,1,160.0,7.525,9.918504401357511,2.0,3.0,4.0,6.0,53.0
2010-06-20,IMP,CO,15,157.0,0.9184713375796177,0.36247398775830064,0.4,0.6,0.8,1.1,2.4
2010-06-20,IZT,CO,15,155.0,0.6335483870967741,0.3597035971995426,0.1,0.3,0.6,0.9,2.1
2010-06-20,IZT,NO,1,155.0,14.825806451612904,15.302638931700116,0.0,5.0,10.0,18.0,84.0
2010-06-20,IZT,NO2,1,155.0,25.232258064516127,9.42559333957816,5.0,19.0,24.0,30.5,55.0
2010-06-20,IZT,NOX,1,155.0,40.012903225806454,20.508467398200228,6.0,25.0,35.0,52.5,114.0
2010-06-20,IZT,O3,1,155.0,23.270967741935483,26.86022252797246,0.0,4.0,12.0,33.0,93.0
2010-06-20,IZT,PM10,2,157.0,27.821656050955415,13.074492285437577,6.0,18.0,25.0,35.0,84.0
2010-06-20,IZT,SO2,1,155.0,5.148387096774194,5.46748778748759,2.0,3.0,3.0,4.0,33.0
2010-06-20,LAG,CO,15,160.0,0.9262500000000001,0.4215108345556478,0.2,0.6,0.9,1.2,2.3
2010-06-20,LAG,NO,1,161.0,16.428571428571427,16.168918596227417,0.0,4.0,12.0,23.0,81.0
2010-06-20,LAG,NO2,1,161.0,28.204968944099377,9.367575735230513,8.0,22.0,27.0,32.0,66.0
2010-06-20,LAG,NOX,1,161.0,44.6583850931677,21.05442518511907,9.0,28.0,40.0,59.0,114.0
2010-06-20,LAG,O3,1,161.0,19.91304347826087,22.93452400431166,0.0,4.0,9.0,26.0,81.0
2010-06-20,LAG,SO2,1,161.0,4.925465838509317,7.83785110460056,1.0,2.0,3.0,4.0,64.0
2010-06-20,LLA,SO2,1,148.0,7.412162162162162,14.65379570713971,1.0,2.0,3.0,5.0,96.0
2010-06-20,LPR,SO2,1,161.0,5.372670807453416,14.54167282148808,0.0,1.0,2.0,3.0,132.0
2010-06-20,LVI,PM10,2,139.0,32.15827338129496,18.423464478050718,3.0,18.0,30.0,45.0,99.0
2010-06-20,LVI,SO2,1,124.0,2.032258064516129,6.057898806444465,0.0,0.0,0.0,1.0,41.0
2010-06-20,MER,CO,15,77.0,0.7779220779220778,0.4002050055656924,0.2,0.5,0.7,1.0,1.9
2010-06-20,MER,NO,1,156.0,23.66025641025641,23.434327397623147,1.0,7.0,13.0,36.25,95.0
2010-06-20,MER,NO2,1,156.0,24.371794871794872,10.922139663187203,2.0,18.0,23.0,31.25,66.0
2010-06-20,MER,NOX,1,156.0,48.01282051282051,29.773117812070808,2.0,26.0,37.5,66.0,135.0
2010-06-20,MER,O3,1,156.0,21.147435897435898,24.580035036899748,0.0,3.75,10.0,30.25,86.0
2010-06-20,MER,PM10,2,155.0,30.593548387096774,17.349986629057895,2.0,17.5,28.0,42.0,75.0
2010-06-20,MER,PM2.5,2,92.0,15.380434782608695,11.257078253165773,1.0,7.75,13.0,20.0,65.0
2010-06-20,MER,SO2,1,156.0,5.108974358974359,9.00076965737624,0.0,0.0,3.0,4.0,63.0
2010-06-20,MON,O3,1,157.0,28.394904458598727,23.16710697657112,0.0,8.0,23.0,43.0,82.0
2010-06-20,PED,CO,15,158.0,0.2544303797468357,0.20707084750509663,0.0,0.1,0.2,0.4,0.9
2010-06-20,PED,NO,1,158.0,4.620253164556962,7.338587999121481,0.0,0.0,1.0,6.0,39.0
2010-06-20,PED,NO2,1,158.0,16.955696202531644,7.459739016890126,4.0,11.0,17.0,22.0,39.0
2010-06-20,PED,NOX,1,158.0,21.468354430379748,12.54376841054048,3.0,11.0,19.0,27.75,63.0
2010-06-20,PED,O3,1,158.0,29.531645569620252,29.011895404848314,0.0,11.0,18.0,37.5,121.0
2010-06-20,PED,PM10,2,156.0,24.384615384615383,14.877331333039942,1.0,13.0,21.0,34.0,70.0
2010-06-20,PED,SO2,1,158.0,5.7784810126582276,6.901143095308932,2.0,3.0,3.0,5.0,45.0
2010-06-20,PER,PM2.5,2,145.0,16.213793103448275,9.23323270620299,1.0,9.0,16.0,21.0,54.0
2010-06-20,PLA,O3,1,151.0,25.178807947019866,26.10238458907927,0.0,8.5,15.0,30.5,102.0
2010-06-20,PLA,SO2,1,153.0,4.006535947712418,6.084381138821702,1.0,1.0,2.0,3.0,39.0
2010-06-20,SAG,CO,15,160.0,0.4606250000000001,0.3829867519918382,0.0,0.2,0.4,0.7,1.9
2010-06-20,SAG,NO,1,160.0,10.45625,12.962377526213142,1.0,3.0,6.0,11.0,86.0
2010-06-20,SAG,NO2,1,160.0,16.78125,7.942934738756887,5.0,10.75,15.0,22.0,43.0
2010-06-20,SAG,NOX,1,160.0,27.25625,17.15055305597421,7.0,14.0,22.5,35.0,106.0
2010-06-20,SAG,O3,1,160.0,24.95,19.72668594480025,1.0,10.75,16.0,41.0,70.0
2010-06-20,SAG,PM10,2,158.0,35.54430379746835,17.610287575536816,2.0,22.0,34.0,46.0,90.0
2010-06-20,SAG,PM2.5,2,154.0,14.61038961038961,9.397755042945716,1.0,8.0,13.0,19.75,46.0
2010-06-20,SAG,SO2,1,160.0,5.525,13.169886557965684,0.0,1.0,2.0,3.0,93.0
2010-06-20,SJA,PM2.5,2,155.0,13.825806451612904,8.231353100092335,1.0,8.0,12.0,19.0,41.0
2010-06-20,SUR,CO,15,156.0,1.2685897435897437,0.4198009493264845,0.5,1.0,1.2,1.5,2.6
2010-06-20,SUR,NO,1,156.0,6.685897435897436,10.002454206701204,0.0,1.0,3.0,7.25,52.0
2010-06-20,SUR,NO2,1,156.0,20.006410256410255,8.062255183477326,6.0,14.0,19.0,26.0,44.0
2010-06-20,SUR,NOX,1,156.0,26.641025641025642,14.718410116606636,5.0,16.0,24.0,34.0,79.0
2010-06-20,SUR,O3,1,156.0,30.307692307692307,29.49370963762588,1.0,10.75,18.5,41.25,116.0
2010-06-20,SUR,PM10,2,133.0,28.48872180451128,21.74181021057416,1.0,14.0,24.0,37.0,160.0
2010-06-20,SUR,SO2,1,156.0,4.833333333333333,5.070895236013427,1.0,2.0,3.0,5.0,29.0
2010-06-20,TAC,CO,15,161.0,0.20062111801242244,0.25605099453281244,0.0,0.0,0.1,0.3,1.3
2010-06-20,TAC,NO,1,161.0,7.080745341614906,9.576648131835778,0.0,0.0,3.0,10.0,43.0
2010-06-20,TAC,NO2,1,161.0,22.111801242236027,8.443928135663427,6.0,15.0,21.0,27.0,49.0
2010-06-20,TAC,NOX,1,161.0,29.012422360248447,14.939455971369807,6.0,16.0,27.0,36.0,69.0
2010-06-20,TAC,O3,1,161.0,27.546583850931675,24.711826700630347,2.0,10.0,20.0,35.0,101.0
2010-06-20,TAC,SO2,1,161.0,4.975155279503106,8.26283116625213,0.0,1.0,2.0,4.0,53.0
2010-06-20,TAH,O3,1,86.0,35.81395348837209,31.84909699630688,2.0,10.0,27.5,48.5,111.0
2010-06-20,TAH,PM10,2,81.0,32.18518518518518,20.24173356651494,1.0,16.0,31.0,43.0,91.0
2010-06-20,TAH,SO2,1,73.0,3.767123287671233,2.903640186354237,0.0,1.0,2.0,6.0,13.0
2010-06-20,TAX,CO,15,161.0,1.5217391304347834,0.6373475947406868,0.5,1.0,1.5,1.9,3.2
2010-06-20,TAX,NO,1,161.0,30.906832298136646,29.878044037854114,0.0,9.0,19.0,46.0,122.0
2010-06-20,TAX,NO2,1,161.0,26.993788819875775,9.868825217832377,8.0,20.0,27.0,33.0,55.0
2010-06-20,TAX,NOX,1,161.0,57.93788819875776,34.58335752948841,9.0,31.0,49.0,79.0,156.0
2010-06-20,TAX,O3,1,161.0,20.124223602484474,22.780133275503225,0.0,3.0,10.0,29.0,84.0
2010-06-20,TAX,PM10,2,152.0,33.578947368421055,21.349046946108515,2.0,17.0,29.5,46.25,119.0
2010-06-20,TAX,SO2,1,161.0,1.906832298136646,3.547536543567989,0.0,0.0,0.0,2.0,16.0
2010-06-20,TLA,CO,15,159.0,0.9075471698113203,0.31473259089834493,0.4,0.7,0.9,1.1,2.1
2010-06-20,TLA,NO,1,156.0,20.108974358974358,15.553269013483625,2.0,9.0,16.0,27.0,83.0
2010-06-20,TLA,NO2,1,156.0,23.67948717948718,9.984495838782912,5.0,15.75,22.0,29.25,55.0
2010-06-20,TLA,NOX,1,156.0,43.73717948717949,21.94365576020584,8.0,25.0,43.0,57.0,129.0
2010-06-20,TLA,O3,1,142.0,22.3943661971831,20.633223139228036,0.0,6.25,15.0,34.0,76.0
2010-06-20,TLA,PM10,2,161.0,37.65217391304348,16.987591379285213,5.0,24.0,36.0,47.0,91.0
2010-06-20,TLA,PM2.5,2,157.0,16.961783439490446,9.266624250722753,2.0,10.0,15.0,21.0,48.0
2010-06-20,TLA,SO2,1,159.0,6.6918238993710695,10.538626772368085,0.0,2.0,3.0,5.5,65.0
2010-06-20,TLI,CO,15,158.0,0.5879746835443037,0.4055911145738237,0.0,0.3,0.6,0.8,1.6
2010-06-20,TLI,NO,1,158.0,7.518987341772152,8.709553667246174,1.0,2.0,3.5,9.0,49.0
2010-06-20,TLI,NO2,1,158.0,18.544303797468356,8.939709549926977,7.0,12.0,17.0,24.0,49.0
2010-06-20,TLI,NOX,1,158.0,26.0,15.122009100502115,8.0,14.0,21.0,34.0,79.0
2010-06-20,TLI,PM10,2,145.0,33.206896551724135,21.85523600870438,1.0,16.0,28.0,51.0,98.0
2010-06-20,TLI,SO2,1,158.0,6.620253164556962,14.672044389235717,0.0,1.0,1.0,3.0,105.0
2010-06-20,TPN,O3,1,160.0,30.26875,30.265018492305984,0.0,7.75,22.0,42.25,125.0
2010-06-20,UIZ,CO,15,154.0,0.561688311688312,0.40344886563572313,0.0,0.2,0.5,0.8,1.9
2010-06-20,UIZ,NO,1,154.0,9.7987012987013,14.96592201742889,0.0,0.0,3.0,12.0,78.0
2010-06-20,UIZ,NO2,1,154.0,23.5974025974026,10.259712108817196,2.0,17.0,24.0,29.75,50.0
2010-06-20,UIZ,NOX,1,154.0,33.24025974025974,21.138836171921476,1.0,18.0,28.0,44.0,103.0
2010-06-20,UIZ,O3,1,154.0,24.136363636363637,25.06307550981513,0.0,5.0,14.5,34.75,97.0
2010-06-20,UIZ,PM2.5,2,153.0,18.26797385620915,13.08726104992124,1.0,10.0,14.0,23.0,74.0
2010-06-20,UIZ,SO2,1,154.0,2.5844155844155843,6.681064158027318,0.0,0.0,1.0,2.0,55.0
2010-06-20,VAL,CO,15,151.0,0.882119205298013,0.496935420715842,0.0,0.5,0.8,1.2,2.4
2010-06-20,VAL,SO2,1,151.0,7.357615894039735,17.907296230256154,1.0,1.0,2.0,3.0,157.0
2010-06-20,VIF,CO,15,31.0,0.4741935483870969,0.16323345640622386,0.3,0.4,0.4,0.5,1.0
2010-06-20,VIF,NO,1,158.0,3.550632911392405,4.864465548709204,0.0,1.0,2.0,4.0,30.0
2010-06-20,VIF,NO2,1,158.0,14.594936708860759,6.233296634899053,6.0,9.0,13.0,18.75,39.0
2010-06-20,VIF,NOX,1,158.0,18.063291139240505,9.009325348744985,7.0,10.0,17.0,23.0,51.0
2010-06-20,VIF,PM10,2,147.0,30.965986394557824,16.836610047459807,3.0,19.0,29.0,42.0,91.0
2010-06-20,VIF,SO2,1,124.0,4.459677419354839,6.992910688339707,1.0,2.0,3.0,3.0,48.0
2010-06-20,XAL,CO,15,148.0,0.8290540540540536,0.4202774235008838,0.1,0.5,0.8,1.1,2.1
2010-06-20,XAL,NO,1,148.0,34.50675675675676,25.90025257188372,5.0,15.0,28.0,45.25,119.0
2010-06-20,XAL,NO2,1,148.0,27.114864864864863,9.356523897121013,5.0,21.0,26.0,31.25,55.0
2010-06-20,XAL,NOX,1,148.0,61.601351351351354,30.719653985983793,10.0,37.75,56.5,79.25,144.0
2010-06-20,XAL,O3,1,148.0,20.722972972972972,17.85116888489624,2.0,7.0,13.0,35.0,75.0
2010-06-20,XAL,PM10,2,144.0,58.013888888888886,33.42144240966887,2.0,34.0,52.0,81.0,173.0
2010-06-20,XAL,SO2,1,148.0,3.9054054054054053,6.506237549107226,0.0,1.0,2.0,3.0,38.0
2010-06-27,ACO,O3,1,157.0,32.254777070063696,17.363350903481148,2.0,20.0,30.0,43.0,76.0
2010-06-27,ACO,PM2.5,2,142.0,11.06338028169014,5.907339813313861,1.0,7.0,10.0,15.0,28.0
2010-06-27,ACO,SO2,1,157.0,0.8662420382165605,3.18871315053997,0.0,0.0,0.0,0.0,25.0
2010-06-27,ARA,SO2,1,161.0,1.204968944099379,2.9688339723331634,0.0,0.0,0.0,1.0,19.0
2010-06-27,ATI,NO,1,161.0,6.341614906832298,8.677633310746454,1.0,2.0,3.0,6.0,66.0
2010-06-27,ATI,NO2,1,161.0,14.099378881987578,5.951055546018812,5.0,9.0,13.0,18.0,34.0
2010-06-27,ATI,NOX,1,161.0,20.428571428571427,12.67660950615063,6.0,12.0,17.0,24.0,86.0
2010-06-27,ATI,SO2,1,161.0,9.937888198757763,14.298902685605718,2.0,3.0,4.0,11.0,117.0
2010-06-27,AZC,NO,1,150.0,5.513333333333334,8.874015053893775,0.0,0.0,1.5,7.0,45.0
2010-06-27,AZC,NO2,1,150.0,17.886666666666667,7.45054087191771,5.0,12.0,17.0,23.0,36.0
2010-06-27,AZC,NOX,1,150.0,23.173333333333332,14.22623848027085,4.0,13.0,19.0,30.75,66.0
2010-06-27,AZC,O3,1,150.0,29.086666666666666,26.3573625251867,0.0,10.0,19.0,42.75,98.0
2010-06-27,AZC,SO2,1,150.0,9.786666666666667,13.705231777538915,2.0,3.0,4.0,10.75,103.0
2010-06-27,CAM,PM2.5,2,158.0,17.67721518987342,8.275717674223916,2.0,12.0,17.0,22.0,54.0
2010-06-27,CES,NO,1,161.0,15.782608695652174,17.934845849690884,1.0,4.0,9.0,20.0,92.0
2010-06-27,CES,NO2,1,161.0,28.236024844720497,10.11095663621296,10.0,21.0,27.0,33.0,60.0
2010-06-27,CES,NOX,1,161.0,43.993788819875775,25.022114442631032,10.0,27.0,36.0,55.0,140.0
2010-06-27,CES,O3,1,137.0,26.423357664233578,26.036942823311094,2.0,8.0,15.0,39.0,113.0
2010-06-27,CES,PM10,2,159.0,31.729559748427672,18.274172662909056,4.0,17.0,28.0,43.5,84.0
2010-06-27,CES,SO2,1,161.0,1.7267080745341614,3.9937256691586733,0.0,0.0,0.0,1.0,22.0
2010-06-27,CHO,CO,15,160.0,0.8099999999999993,0.3997168809365706,0.3,0.6,0.7,0.9,2.6
2010-06-27,CHO,O3,1,160.0,38.8125,33.37780445428787,0.0,8.5,29.5,68.0,110.0
2010-06-27,CHO,SO2,1,160.0,4.725,1.91961080961151,2.0,3.0,4.0,6.0,12.0
2010-06-27,COY,O3,1,157.0,36.92993630573248,36.43735661443073,2.0,8.0,21.0,63.0,143.0
2010-06-27,COY,PM2.5,2,155.0,15.116129032258064,9.006458605168802,2.0,9.0,13.0,20.0,49.0
2010-06-27,CUA,O3,1,156.0,41.65384615384615,30.218911798292012,1.0,20.75,30.0,56.5,134.0
2010-06-27,FAC,CO,15,121.0,0.6479338842975209,0.33766333666185894,0.2,0.4,0.6,0.8,2.0
2010-06-27,FAC,NO,1,151.0,8.43046357615894,13.69744985208309,0.0,2.0,4.0,8.0,91.0
2010-06-27,FAC,NO2,1,151.0,17.794701986754966,6.625524261817278,6.0,14.0,17.0,22.0,44.0
2010-06-27,FAC,NOX,1,151.0,26.211920529801326,17.51631973199971,5.0,16.0,21.0,31.0,113.0
2010-06-27,FAC,O3,1,151.0,34.562913907284766,25.491848673367556,2.0,16.5,26.0,48.5,103.0
2010-06-27,FAC,PM10,2,145.0,29.882758620689657,21.43157828748785,3.0,19.0,27.0,34.0,163.0
2010-06-27,FAC,SO2,1,149.0,9.25503355704698,9.728166379833928,1.0,3.0,4.0,11.0,50.0
2010-06-27,IMP,CO,15,155.0,0.809677419354839,0.29995112016260866,0.4,0.6,0.7,1.0,1.8
2010-06-27,IZT,CO,15,144.0,0.5048611111111112,0.3032066066385201,0.1,0.3,0.5,0.625,1.6
2010-06-27,IZT,NO,1,160.0,9.2625,12.184373691911746,0.0,1.0,4.0,11.25,57.0
2010-06-27,IZT,NO2,1,160.0,24.6125,9.392883362505643,8.0,18.0,24.0,30.0,55.0
2010-06-27,IZT,NOX,1,160.0,33.8625,18.67817059039169,9.0,18.75,30.0,44.0,91.0
2010-06-27,IZT,O3,1,160.0,31.11875,33.10577138591703,0.0,6.75,16.0,54.25,130.0
2010-06-27,IZT,PM10,2,160.0,32.09375,12.229357848890775,10.0,22.75,30.0,39.0,83.0
2010-06-27,IZT,SO2,1,160.0,6.45625,6.946196529498365,2.0,3.0,4.0,7.0,47.0
2010-06-27,LAG,CO,15,84.0,0.6702380952380954,0.5797339983929818,0.0,0.1,0.6,1.2,2.3
2010-06-27,LAG,NO,1,145.0,12.889655172413793,16.28612106867692,0.0,3.0,7.0,15.0,90.0
2010-06-27,LAG,NO2,1,145.0,24.882758620689657,9.465216620368395,4.0,18.0,24.0,30.0,57.0
2010-06-27,LAG,NOX,1,145.0,37.66896551724138,22.545957746965843,5.0,22.0,31.0,46.0,131.0
2010-06-27,LAG,O3,1,145.0,25.06896551724138,27.310370225229097,0.0,4.0,13.0,39.0,110.0
2010-06-27,LAG,SO2,1,145.0,5.4206896551724135,6.370144082529365,1.0,2.0,3.0,5.0,32.0
2010-06-27,LLA,SO2,1,155.0,7.632258064516129,13.993049923684842,1.0,2.0,3.0,4.0,87.0
2010-06-27,LPR,SO2,1,161.0,3.981366459627329,2.9207705526312755,1.0,3.0,3.0,4.0,20.0
2010-06-27,LVI,PM10,2,147.0,35.63265306122449,21.715495897886786,4.0,20.0,29.0,49.0,106.0
2010-06-27,LVI,SO2,1,103.0,2.3106796116504853,5.944232871915488,0.0,0.0,0.0,1.0,34.0
2010-06-27,MER,CO,15,160.0,0.8468750000000007,0.49283187266752637,0.2,0.5,0.7,1.125,2.3
2010-06-27,MER,NO,1,160.0,23.4875,23.39864735648639,1.0,6.75,13.0,34.0,106.0
2010-06-27,MER,NO2,1,160.0,20.8875,8.796788650754195,4.0,15.0,20.0,25.0,51.0
2010-06-27,MER,NOX,1,160.0,44.3625,28.68380813379917,7.0,23.0,34.5,59.75,129.0
2010-06-27,MER,O3,1,160.0,28.21875,29.58234895164438,0.0,6.0,15.0,47.5,126.0
2010-06-27,MER,PM10,2,150.0,34.11333333333334,16.159663373905467,3.0,22.0,33.5,45.0,101.0
2010-06-27,MER,PM2.5,2,53.0,19.433962264150942,17.329953431028763,1.0,8.0,16.0,26.0,78.0
2010-06-27,MER,SO2,1,160.0,7.1125,7.3244550315661,2.0,3.0,4.0,7.25,45.0
2010-06-27,MON,O3,1,161.0,34.79503105590062,27.40303769940988,0.0,9.0,27.0,59.0,94.0
2010-06-27,PED,CO,15,161.0,0.24409937888198782,0.19197809787085582,0.0,0.1,0.2,0.3,1.1
2010-06-27,PED,NO,1,161.0,3.267080745341615,4.96960481826166,0.0,0.0,1.0,5.0,31.0
2010-06-27,PED,NO2,1,161.0,18.248447204968944,6.37086243759491,7.0,14.0,18.0,22.0,42.0
2010-06-27,PED,NOX,1,161.0,21.428571428571427,9.857556927120863,6.0,15.0,20.0,26.0,66.0
2010-06-27,PED,O3,1,161.0,40.60248447204969,35.65148655790975,0.0,16.0,24.0,65.0,145.0
2010-06-27,PED,PM10,2,125.0,27.784,13.044331360601099,3.0,19.0,25.0,35.0,69.0
2010-06-27,PED,SO2,1,161.0,6.515527950310559,6.779662224312981,2.0,3.0,3.0,7.0,44.0
2010-06-27,PER,PM2.5,2,146.0,19.08219178082192,10.195676466583388,1.0,11.0,18.0,25.0,43.0
2010-06-27,PLA,O3,1,160.0,35.10625,33.768839954709634,1.0,12.0,20.0,52.25,137.0
2010-06-27,PLA,SO2,1,160.0,5.14375,6.143818159119544,1.0,2.0,2.5,6.0,34.0
2010-06-27,SAG,CO,15,159.0,0.35471698113207584,0.37377616553895715,0.0,0.1,0.2,0.5,1.9
2010-06-27,SAG,NO,1,159.0,9.528301886792454,12.288108546685411,1.0,3.0,5.0,9.0,66.0
2010-06-27,SAG,NO2,1,159.0,15.276729559748428,6.81111521722754,3.0,9.0,15.0,20.0,33.0
2010-06-27,SAG,NOX,1,159.0,24.735849056603772,17.518689054975546,4.0,12.0,20.0,28.0,93.0
2010-06-27,SAG,O3,1,158.0,29.21518987341772,21.676645618045768,1.0,13.25,23.0,46.25,83.0
2010-06-27,SAG,PM10,2,156.0,41.67307692307692,18.125428034648063,7.0,30.0,39.0,52.25,107.0
2010-06-27,SAG,PM2.5,2,150.0,15.546666666666667,8.88297267694877,1.0,9.0,13.5,19.0,43.0
2010-06-27,SAG,SO2,1,159.0,5.584905660377358,9.93415148141001,1.0,2.0,2.0,4.0,76.0
2010-06-27,SJA,PM2.5,2,141.0,14.02836879432624,7.836675007763493,1.0,9.0,12.0,18.0,39.0
2010-06-27,SUR,CO,15,157.0,1.2210191082802555,0.34586047415287413,0.6,1.0,1.2,1.4,2.6
2010-06-27,SUR,NO,1,157.0,6.611464968152866,10.655232061105403,0.0,1.0,2.0,8.0,73.0
2010-06-27,SUR,NO2,1,157.0,21.955414012738853,7.024083067309863,8.0,17.0,23.0,26.0,41.0
2010-06-27,SUR,NOX,1,157.0,28.471337579617835,15.521102471066957,7.0,17.0,26.0,37.0,104.0
2010-06-27,SUR,O3,1,157.0,41.210191082802545,37.438330804468194,2.0,14.0,24.0,68.0,143.0
2010-06-27,SUR,PM10,2,154.0,29.12987012987013,14.628158582420248,5.0,17.0,27.0,39.0,82.0
2010-06-27,SUR,SO2,1,157.0,6.171974522292993,6.847401101549448,1.0,2.0,4.0,8.0,45.0
2010-06-27,TAC,CO,15,159.0,0.1955974842767296,0.3100318301236718,0.0,0.0,0.1,0.3,1.8
2010-06-27,TAC,NO,1,161.0,7.695652173913044,13.288173067741894,0.0,1.0,3.0,8.0,92.0
2010-06-27,TAC,NO2,1,161.0,20.993788819875775,6.965537393491204,9.0,16.0,20.0,25.0,47.0
2010-06-27,TAC,NOX,1,161.0,28.527950310559007,17.125661341901964,9.0,17.0,24.0,34.0,113.0
2010-06-27,TAC,O3,1,161.0,35.88819875776397,28.753911427147585,3.0,16.0,25.0,53.0,117.0
2010-06-27,TAC,SO2,1,161.0,7.186335403726708,10.951144328872722,0.0,1.0,2.0,7.0,65.0
2010-06-27,TAH,O3,1,160.0,44.55625,34.046905653688924,1.0,16.75,32.0,69.5,129.0
2010-06-27,TAH,PM10,2,144.0,32.80555555555556,20.717303931899107,2.0,17.0,26.0,47.25,110.0
2010-06-27,TAH,SO2,1,125.0,4.752,4.475121191366705,1.0,2.0,3.0,6.0,35.0
2010-06-27,TAX,CO,15,158.0,1.4556962025316453,0.5648396053135,0.6,1.025,1.4,1.8,3.4
2010-06-27,TAX,NO,1,158.0,29.82278481012658,29.641062709775834,0.0,9.0,20.0,38.75,162.0
2010-06-27,TAX,NO2,1,158.0,34.35443037974684,9.61161449044626,12.0,28.0,34.5,40.75,59.0
2010-06-27,TAX,NOX,1,158.0,64.10759493670886,33.6081930871993,13.0,39.25,59.0,82.0,197.0
2010-06-27,TAX,O3,1,158.0,27.0,30.06998206943348,0.0,4.0,14.0,44.75,122.0
2010-06-27,TAX,PM10,2,160.0,34.8125,19.43775341601069,4.0,19.0,34.0,45.25,107.0
2010-06-27,TAX,SO2,1,158.0,4.208860759493671,5.854992749366838,0.0,1.0,2.0,5.0,46.0
2010-06-27,TLA,CO,15,138.0,0.8702898550724631,0.26892850928826445,0.5,0.7,0.8,1.0,1.8
2010-06-27,TLA,NO,1,137.0,16.83211678832117,16.12021444859258,1.0,7.0,13.0,20.0,108.0
2010-06-27,TLA,NO2,1,137.0,23.153284671532848,7.931592183967732,8.0,18.0,23.0,29.0,49.0
2010-06-27,TLA,NOX,1,137.0,39.92700729927007,21.586227579754325,13.0,25.0,35.0,49.0,139.0
2010-06-27,TLA,O3,1,136.0,26.904411764705884,23.393217971429735,0.0,9.0,19.0,40.25,87.0
2010-06-27,TLA,PM10,2,140.0,43.614285714285714,18.620629742415026,14.0,29.0,40.5,52.25,95.0
2010-06-27,TLA,PM2.5,2,135.0,18.40740740740741,10.410454200520684,2.0,11.0,16.0,25.0,56.0
2010-06-27,TLA,SO2,1,138.0,10.065217391304348,16.20408460794973,1.0,2.0,3.5,11.0,100.0
2010-06-27,TLI,CO,15,155.0,0.19354838709677422,0.21702756403871015,0.0,0.0,0.1,0.3,1.0
2010-06-27,TLI,NO,1,155.0,5.858064516129033,7.615294512708697,1.0,2.0,3.0,7.0,52.0
2010-06-27,TLI,NO2,1,155.0,16.83225806451613,7.423916559056102,6.0,11.0,15.0,23.0,38.0
2010-06-27,TLI,NOX,1,155.0,22.65806451612903,13.457696445981176,7.0,13.0,18.0,30.0,77.0
2010-06-27,TLI,PM10,2,150.0,34.57333333333333,20.392572231995075,4.0,18.0,32.5,43.75,107.0
2010-06-27,TLI,SO2,1,155.0,5.716129032258064,12.327645438653917,0.0,0.0,1.0,5.0,112.0
2010-06-27,TPN,O3,1,160.0,41.10625,36.17160303818731,2.0,12.75,28.5,66.5,138.0
2010-06-27,UIZ,CO,15,159.0,0.5352201257861631,0.4522991007667543,0.0,0.2,0.4,0.8,1.8
2010-06-27,UIZ,NO,1,159.0,10.163522012578616,16.390748476448014,0.0,0.0,2.0,13.0,75.0
2010-06-27,UIZ,NO2,1,159.0,25.150943396226417,11.000108560595072,6.0,16.0,25.0,32.0,55.0
2010-06-27,UIZ,NOX,1,159.0,35.056603773584904,24.428465778500673,5.0,16.0,26.0,49.0,116.0
2010-06-27,UIZ,O3,1,159.0,33.477987421383645,32.719915446253324,1.0,8.0,18.0,62.5,115.0
2010-06-27,UIZ,PM2.5,2,154.0,20.727272727272727,13.022490714482913,2.0,11.0,16.0,26.0,68.0
2010-06-27,UIZ,SO2,1,152.0,3.539473684210526,5.258712831892375,0.0,1.0,1.0,4.0,29.0
2010-06-27,VAL,CO,15,138.0,0.3804347826086956,0.25768727033419425,0.0,0.2,0.3,0.5,1.3
2010-06-27,VAL,SO2,1,138.0,4.144927536231884,10.992067959392708,0.0,0.0,0.0,4.0,90.0
2010-06-27,VIF,CO,15,150.0,0.25266666666666704,0.23564752049403956,0.0,0.025,0.2,0.4,1.3
2010-06-27,VIF,NO,1,161.0,3.062111801242236,5.985074603747414,0.0,1.0,1.0,3.0,50.0
2010-06-27,VIF,NO2,1,161.0,13.683229813664596,6.285322545669838,6.0,9.0,11.0,17.0,33.0
2010-06-27,VIF,NOX,1,161.0,16.63975155279503,10.726458406104419,6.0,10.0,12.0,21.0,79.0
2010-06-27,VIF,PM10,2,161.0,36.18633540372671,22.356264493689494,1.0,22.0,34.0,46.0,166.0
2010-06-27,VIF,SO2,1,127.0,9.543307086614174,15.964124415120848,1.0,2.0,3.0,6.5,88.0
2010-06-27,XAL,CO,15,141.0,0.8184397163120567,0.4775836257182664,0.2,0.5,0.7,1.0,2.4
2010-06-27,XAL,NO,1,139.0,32.84892086330935,32.07032889141982,2.0,12.0,22.0,42.5,176.0
2010-06-27,XAL,NO2,1,139.0,22.597122302158272,8.376744399306368,6.0,17.0,22.0,27.0,59.0
2010-06-27,XAL,NOX,1,139.0,55.460431654676256,37.020414694599914,9.0,31.0,45.0,69.0,208.0
2010-06-27,XAL,O3,1,141.0,22.45390070921986,18.61392534686444,2.0,8.0,17.0,29.0,77.0
2010-06-27,XAL,PM10,2,140.0,68.5,40.30986097825606,12.0,40.25,63.0,84.0,268.0
2010-06-27,XAL,SO2,1,10.0,2.9,3.414023367751831,0.0,1.0,1.0,3.5,10.0
2010-07-04,ACO,O3,1,154.0,27.714285714285715,18.144198837293576,0.0,12.0,29.0,37.0,97.0
2010-07-04,ACO,PM2.5,2,136.0,10.669117647058824,6.157266285014414,1.0,6.0,10.0,14.25,32.0
2010-07-04,ACO,SO2,1,154.0,1.1103896103896105,3.2268515753039693,0.0,0.0,0.0,1.0,25.0
2010-07-04,ARA,SO2,1,141.0,1.6453900709219857,1.66962250555135,0.0,0.0,2.0,2.0,13.0
2010-07-04,ATI,NO,1,155.0,12.283870967741935,17.05824812441629,0.0,3.0,5.0,15.0,101.0
2010-07-04,ATI,NO2,1,155.0,19.24516129032258,9.55934433406356,5.0,12.0,18.0,26.0,48.0
2010-07-04,ATI,NOX,1,155.0,31.47741935483871,23.380349025832622,6.0,16.0,25.0,40.5,129.0
2010-07-04,ATI,SO2,1,155.0,7.670967741935484,11.329257421946012,2.0,3.0,4.0,5.0,66.0
2010-07-04,AZC,NO,1,161.0,11.857142857142858,16.760764131915774,0.0,2.0,5.0,14.0,87.0
2010-07-04,AZC,NO2,1,161.0,22.490683229813666,8.797810816065523,7.0,15.0,22.0,28.0,43.0
2010-07-04,AZC,NOX,1,161.0,34.24844720496895,22.88941651066618,6.0,18.0,27.0,43.0,127.0
2010-07-04,AZC,O3,1,161.0,21.341614906832298,21.435690328883194,0.0,3.0,16.0,33.0,95.0
2010-07-04,AZC,SO2,1,161.0,6.975155279503106,10.410901924520637,2.0,3.0,3.0,5.0,69.0
2010-07-04,CAM,PM2.5,2,157.0,16.78343949044586,9.172365457943307,1.0,10.0,16.0,22.0,54.0
2010-07-04,CES,NO,1,159.0,23.132075471698112,22.85122859272121,1.0,5.5,16.0,37.0,124.0
2010-07-04,CES,NO2,1,159.0,21.51572327044025,8.722047827355851,5.0,15.0,21.0,27.0,51.0
2010-07-04,CES,NOX,1,159.0,44.42767295597484,29.165277412977062,6.0,21.5,36.0,62.0,164.0
2010-07-04,CES,O3,1,159.0,20.767295597484278,14.700897659905193,3.0,10.0,18.0,27.0,75.0
2010-07-04,CES,PM10,2,158.0,31.575949367088608,18.59809397254011,2.0,17.0,31.0,42.75,117.0
2010-07-04,CES,SO2,1,159.0,0.6729559748427673,2.0047312877351415,0.0,0.0,0.0,1.0,18.0
2010-07-04,CHO,CO,15,158.0,0.47848101265822746,0.2978354549678575,0.2,0.3,0.4,0.5,2.1
2010-07-04,CHO,O3,1,158.0,25.525316455696203,15.176960147736084,0.0,15.0,26.0,34.0,59.0
2010-07-04,CHO,SO2,1,158.0,2.7531645569620253,2.1642336101367046,0.0,1.0,3.0,4.0,10.0
2010-07-04,COY,O3,1,159.0,23.836477987421382,19.209660746560044,1.0,8.0,19.0,35.0,76.0
2010-07-04,COY,PM2.5,2,150.0,10.32,6.952687665342952,1.0,6.0,9.0,13.0,36.0
2010-07-04,CUA,O3,1,161.0,25.440993788819874,17.17150427324907,0.0,14.0,23.0,34.0,73.0
2010-07-04,FAC,CO,15,144.0,0.9784722222222226,0.5798677440775616,0.2,0.6,0.8,1.3,3.3
2010-07-04,FAC,NO,1,159.0,17.11320754716981,24.120735638611663,0.0,4.0,8.0,18.0,143.0
2010-07-04,FAC,NO2,1,159.0,22.77358490566038,9.578406971155859,5.0,15.0,22.0,29.0,51.0
2010-07-04,FAC,NOX,1,159.0,39.698113207547166,29.3047615081644,4.0,21.0,32.0,47.0,167.0
2010-07-04,FAC,O3,1,159.0,22.735849056603772,19.645739973752896,0.0,5.0,19.0,33.0,83.0
2010-07-04,FAC,PM10,2,137.0,27.452554744525546,13.753593542672927,1.0,17.0,26.0,36.0,78.0
2010-07-04,FAC,SO2,1,149.0,7.060402684563758,8.263586836496426,2.0,3.0,4.0,6.0,59.0
2010-07-04,IMP,CO,15,158.0,1.0734177215189875,0.475035060257405,0.4,0.7,1.0,1.375,2.5
2010-07-04,IZT,CO,15,160.0,0.5618749999999999,0.3910752593690448,0.0,0.3,0.5,0.8,1.9
2010-07-04,IZT,NO,1,160.0,10.8625,13.760981892347276,0.0,2.0,6.5,13.25,83.0
2010-07-04,IZT,NO2,1,160.0,19.68125,9.05147534796636,4.0,12.0,19.0,26.0,46.0
2010-07-04,IZT,NOX,1,160.0,30.475,20.384958692146114,5.0,16.0,24.0,41.0,114.0
2010-07-04,IZT,O3,1,160.0,21.18125,19.59619776847367,0.0,5.0,16.0,30.25,92.0
2010-07-04,IZT,PM10,2,160.0,26.6125,11.89153681400105,4.0,18.0,26.0,33.25,63.0
2010-07-04,IZT,SO2,1,160.0,4.16875,3.144770791859612,2.0,3.0,3.0,4.0,27.0
2010-07-04,LAG,CO,15,128.0,0.8460937500000002,0.4420607333038456,0.1,0.5,0.8,1.1,2.2
2010-07-04,LAG,NO,1,160.0,18.30625,19.023651903906533,0.0,6.0,12.0,24.0,92.0
2010-07-04,LAG,NO2,1,160.0,21.7875,10.303194534223973,1.0,14.0,21.0,29.0,53.0
2010-07-04,LAG,NOX,1,160.0,40.05,25.711216748078378,1.0,21.0,34.5,51.25,126.0
2010-07-04,LAG,O3,1,149.0,17.959731543624162,18.800833504607834,0.0,3.0,13.0,27.0,81.0
2010-07-04,LAG,SO2,1,159.0,4.490566037735849,5.1935548233257265,2.0,2.0,3.0,4.0,35.0
2010-07-04,LLA,SO2,1,161.0,3.658385093167702,4.695883290263552,1.0,2.0,3.0,3.0,36.0
2010-07-04,LPR,SO2,1,157.0,3.6751592356687897,2.340328052036328,0.0,2.0,3.0,5.0,17.0
2010-07-04,LVI,PM10,2,153.0,35.22875816993464,26.122559501225776,1.0,16.0,30.0,46.0,140.0
2010-07-04,LVI,SO2,1,161.0,1.1677018633540373,3.3619860663838295,0.0,0.0,0.0,1.0,27.0
2010-07-04,MER,CO,15,159.0,0.7421383647798743,0.43609075350319026,0.1,0.4,0.7,1.0,2.1
2010-07-04,MER,NO,1,159.0,19.10062893081761,20.630932585532285,1.0,4.0,10.0,26.5,91.0
2010-07-04,MER,NO2,1,159.0,17.08176100628931,9.809559115668064,1.0,9.5,16.0,23.0,48.0
2010-07-04,MER,NOX,1,159.0,36.094339622641506,26.301030555164054,2.0,15.0,30.0,53.0,114.0
2010-07-04,MER,O3,1,160.0,20.71875,19.32937669608411,0.0,5.0,16.0,29.25,88.0
2010-07-04,MER,PM10,2,121.0,31.553719008264462,17.385794207351754,5.0,19.0,28.0,44.0,76.0
2010-07-04,MER,PM2.5,2,102.0,11.862745098039216,6.882377000855621,1.0,7.0,11.0,16.0,41.0
2010-07-04,MER,SO2,1,160.0,4.49375,4.439668063687109,2.0,3.0,3.0,4.0,36.0
2010-07-04,MON,O3,1,158.0,28.632911392405063,14.901098335263555,1.0,17.25,30.0,37.0,64.0
2010-07-04,PED,CO,15,159.0,0.28742138364779873,0.25476276836979245,0.0,0.1,0.2,0.4,1.3
2010-07-04,PED,NO,1,159.0,6.2075471698113205,9.593692199643217,0.0,1.0,2.0,6.5,54.0
2010-07-04,PED,NO2,1,159.0,18.836477987421382,8.281345678758653,3.0,13.5,17.0,24.0,41.0
2010-07-04,PED,NOX,1,159.0,24.930817610062892,15.366048179966603,4.0,14.0,21.0,32.0,82.0
2010-07-04,PED,O3,1,159.0,23.10691823899371,20.185090121856028,0.0,6.0,19.0,35.5,74.0
2010-07-04,PED,PM10,2,161.0,23.024844720496894,10.571749092841147,4.0,15.0,22.0,30.0,56.0
2010-07-04,PED,SO2,1,159.0,4.729559748427673,4.037303170875268,2.0,3.0,3.0,4.0,31.0
2010-07-04,PER,PM2.5,2,138.0,14.398550724637682,8.316319243961308,1.0,8.0,13.0,19.0,36.0
2010-07-04,PLA,O3,1,147.0,21.612244897959183,18.473026978484963,0.0,5.5,17.0,33.0,73.0
2010-07-04,PLA,SO2,1,161.0,4.819875776397516,5.32081783981297,2.0,3.0,3.0,4.0,34.0
2010-07-04,SAG,CO,15,156.0,0.38653846153846166,0.3020545856376205,0.0,0.1,0.3,0.6,1.2
2010-07-04,SAG,NO,1,156.0,9.705128205128204,8.960283656741222,1.0,4.0,7.0,11.0,47.0
2010-07-04,SAG,NO2,1,156.0,15.987179487179487,7.402691035969834,3.0,10.0,16.0,21.0,34.0
2010-07-04,SAG,NOX,1,156.0,25.67948717948718,13.955684322046297,4.0,14.0,24.0,35.0,71.0
2010-07-04,SAG,O3,1,156.0,23.91025641025641,16.14106036204713,1.0,12.0,22.0,33.0,82.0
2010-07-04,SAG,PM10,2,153.0,35.751633986928105,19.31841262607953,2.0,23.0,34.0,44.0,108.0
2010-07-04,SAG,PM2.5,2,143.0,12.566433566433567,7.525131078882173,1.0,7.0,12.0,17.0,36.0
2010-07-04,SAG,SO2,1,156.0,3.480769230769231,5.088216816548655,1.0,2.0,2.0,3.0,34.0
2010-07-04,SJA,PM2.5,2,150.0,12.426666666666666,7.551475847278848,1.0,7.0,11.0,17.0,50.0
2010-07-04,SUR,CO,15,160.0,1.3306249999999995,0.423670228201311,0.7,1.0,1.25,1.5,2.9
2010-07-04,SUR,NO,1,160.0,7.4125,10.37376195538138,0.0,2.0,4.0,8.0,63.0
2010-07-04,SUR,NO2,1,160.0,19.10625,8.752068488659626,5.0,12.75,17.5,25.0,47.0
2010-07-04,SUR,NOX,1,160.0,26.4375,17.14337890415925,5.0,14.0,22.5,32.0,99.0
2010-07-04,SUR,O3,1,160.0,24.8,18.845548996543766,1.0,9.75,21.0,35.25,85.0
2010-07-04,SUR,PM10,2,151.0,23.649006622516556,16.047512237310258,1.0,11.0,22.0,32.0,75.0
2010-07-04,SUR,SO2,1,160.0,3.2375,4.604465292401591,0.0,1.0,2.0,3.0,32.0
2010-07-04,TAC,CO,15,147.0,0.6659863945578233,0.5456548910140884,0.0,0.2,0.6,1.0,2.5
2010-07-04,TAC,NO,1,148.0,13.121621621621621,17.653083754968634,0.0,2.0,5.0,17.0,80.0
2010-07-04,TAC,NO2,1,148.0,24.054054054054053,9.615593757890679,8.0,16.0,23.5,31.0,50.0
2010-07-04,TAC,NOX,1,148.0,37.067567567567565,23.26881132412183,8.0,19.0,30.0,48.25,110.0
2010-07-04,TAC,O3,1,148.0,23.14864864864865,19.629689045906403,1.0,6.0,18.0,36.0,81.0
2010-07-04,TAC,SO2,1,148.0,5.574324324324325,11.016432510329395,0.0,1.0,2.0,4.0,76.0
2010-07-04,TAH,O3,1,154.0,26.92207792207792,15.379101543375999,2.0,17.25,24.0,34.0,84.0
2010-07-04,TAH,PM10,2,149.0,29.21476510067114,23.367095066998075,1.0,13.0,23.0,37.0,123.0
2010-07-04,TAH,SO2,1,154.0,2.6623376623376624,2.8815862988390997,0.0,1.0,2.0,3.0,20.0
2010-07-04,TAX,CO,15,158.0,1.3417721518987347,0.6141863438338792,0.5,0.9,1.3,1.7,3.8
2010-07-04,TAX,NO,1,158.0,27.670886075949365,28.53346298712958,0.0,6.0,22.0,38.75,157.0
2010-07-04,TAX,NO2,1,158.0,24.658227848101266,10.671571945823553,6.0,16.0,24.0,31.0,61.0
2010-07-04,TAX,NOX,1,158.0,52.20886075949367,36.16629211459294,8.0,23.5,47.5,69.0,192.0
2010-07-04,TAX,O3,1,158.0,17.911392405063292,15.044892375284414,0.0,5.0,15.0,28.0,72.0
2010-07-04,TAX,PM10,2,155.0,30.606451612903225,18.711235868237015,1.0,16.5,27.0,41.5,104.0
2010-07-04,TAX,SO2,1,158.0,2.5822784810126582,3.6715729978637572,0.0,1.0,2.0,3.0,31.0
2010-07-04,TLA,CO,15,159.0,1.1025157232704408,0.40891175203672697,0.5,0.8,1.1,1.3,2.4
2010-07-04,TLA,NO,1,158.0,25.4873417721519,24.18420217677304,3.0,10.0,16.0,31.5,144.0
2010-07-04,TLA,NO2,1,158.0,27.354430379746834,10.492384832933995,8.0,19.0,26.5,33.0,57.0
2010-07-04,TLA,NOX,1,158.0,52.79746835443038,30.81437324765001,12.0,32.0,40.0,71.5,170.0
2010-07-04,TLA,O3,1,148.0,21.35135135135135,21.400255852264458,0.0,4.0,15.0,34.0,101.0
2010-07-04,TLA,PM10,2,160.0,41.3375,17.501441989108013,12.0,28.0,39.0,50.0,93.0
2010-07-04,TLA,PM2.5,2,156.0,19.33974358974359,10.315973704998315,2.0,11.0,18.0,26.25,52.0
2010-07-04,TLA,SO2,1,159.0,7.09433962264151,12.192959398627744,1.0,2.0,3.0,5.0,97.0
2010-07-04,TLI,CO,15,161.0,0.33354037267080733,0.3230603851021668,0.0,0.0,0.3,0.5,1.3
2010-07-04,TLI,NO,1,161.0,10.378881987577639,14.29333065601702,1.0,3.0,4.0,12.0,94.0
2010-07-04,TLI,NO2,1,161.0,20.434782608695652,8.660818818604605,7.0,13.0,20.0,26.0,49.0
2010-07-04,TLI,NOX,1,161.0,30.801242236024844,19.868259824333006,8.0,17.0,26.0,39.0,119.0
2010-07-04,TLI,PM10,2,147.0,38.755102040816325,26.655229468857733,1.0,21.0,34.0,48.0,145.0
2010-07-04,TLI,SO2,1,161.0,3.658385093167702,10.06671842636797,0.0,0.0,1.0,2.0,78.0
2010-07-04,TPN,O3,1,150.0,23.473333333333333,18.70710185879303,0.0,8.0,21.0,32.0,84.0
2010-07-04,UIZ,CO,15,157.0,0.1815286624203822,0.30693306211927907,0.0,0.0,0.0,0.2,1.4
2010-07-04,UIZ,NO,1,157.0,4.961783439490445,9.907835121708214,0.0,0.0,1.0,4.0,50.0
2010-07-04,UIZ,NO2,1,157.0,15.140127388535031,8.338556259718386,4.0,9.0,14.0,19.0,52.0
2010-07-04,UIZ,NOX,1,157.0,19.8343949044586,16.792797270746295,3.0,10.0,14.0,23.0,88.0
2010-07-04,UIZ,O3,1,118.0,27.949152542372882,17.83248138757112,1.0,16.25,25.0,35.75,92.0
2010-07-04,UIZ,PM2.5,2,158.0,13.664556962025317,9.397526954459455,1.0,7.0,12.5,18.75,56.0
2010-07-04,UIZ,SO2,1,157.0,1.21656050955414,2.3920768557500653,0.0,0.0,0.0,1.0,18.0
2010-07-04,VAL,CO,15,158.0,0.7088607594936711,0.5118195027727331,0.0,0.2,0.8,1.1,2.3
2010-07-04,VAL,SO2,1,158.0,2.3417721518987342,7.003886229600066,0.0,0.0,0.0,1.0,45.0
2010-07-04,VIF,CO,15,143.0,0.08951048951048947,0.15596735244928758,0.0,0.0,0.0,0.1,0.7
2010-07-04,VIF,NO,1,143.0,6.2027972027972025,9.64624968397698,0.0,1.0,2.0,7.5,56.0
2010-07-04,VIF,NO2,1,143.0,18.685314685314687,7.304657573044113,5.0,13.0,20.0,24.0,36.0
2010-07-04,VIF,NOX,1,143.0,24.86013986013986,14.566796799378576,5.0,14.5,22.0,32.0,79.0
2010-07-04,VIF,PM10,2,137.0,32.67153284671533,22.70919400784725,1.0,14.0,29.0,50.0,105.0
2010-07-04,VIF,SO2,1,142.0,3.8380281690140845,7.155454522085968,1.0,1.25,2.0,3.0,49.0
2010-07-04,XAL,CO,15,157.0,0.763057324840764,0.44046691778969804,0.1,0.4,0.7,1.0,2.3
2010-07-04,XAL,NO,1,157.0,21.29299363057325,26.05301821840266,0.0,4.0,13.0,26.0,134.0
2010-07-04,XAL,NO2,1,157.0,18.477707006369428,9.68847186176275,1.0,11.0,18.0,25.0,48.0
2010-07-04,XAL,NOX,1,157.0,39.71337579617835,30.314177726325628,1.0,17.0,36.0,50.0,155.0
2010-07-04,XAL,O3,1,157.0,23.331210191082803,18.59914132806765,2.0,11.0,18.0,31.0,88.0
2010-07-04,XAL,PM10,2,159.0,56.83018867924528,34.627896770873924,3.0,28.5,52.0,76.5,188.0
2010-07-04,XAL,SO2,1,125.0,2.288,1.7997132388065282,0.0,1.0,2.0,3.0,10.0
2010-07-11,ACO,O3,1,142.0,28.422535211267604,19.10379411414102,1.0,14.0,25.5,39.0,97.0
2010-07-11,ACO,PM2.5,2,121.0,13.057851239669422,7.137106697466368,1.0,8.0,12.0,18.0,35.0
2010-07-11,ACO,SO2,1,142.0,1.471830985915493,3.9061574631932037,0.0,0.0,0.0,1.0,26.0
2010-07-11,ARA,SO2,1,156.0,2.1666666666666665,2.0504392395944864,0.0,1.0,2.0,3.0,18.0
2010-07-11,ATI,NO,1,160.0,9.61875,9.579112414732794,1.0,3.0,6.0,14.0,48.0
2010-07-11,ATI,NO2,1,160.0,19.70625,8.995873879470851,6.0,13.0,18.0,25.0,47.0
2010-07-11,ATI,NOX,1,160.0,29.2375,15.662914377358154,8.0,16.0,26.0,39.0,83.0
2010-07-11,ATI,SO2,1,160.0,3.88125,2.8580062430888065,1.0,2.0,3.0,4.25,27.0
2010-07-11,AZC,NO,1,157.0,13.32484076433121,15.614431424950498,0.0,2.0,7.0,23.0,65.0
2010-07-11,AZC,NO2,1,157.0,28.414012738853504,10.925766173912756,10.0,20.0,28.0,34.0,72.0
2010-07-11,AZC,NOX,1,157.0,41.59872611464968,21.21467195266336,9.0,26.0,37.0,54.0,104.0
2010-07-11,AZC,O3,1,157.0,17.78343949044586,24.85633553642208,0.0,1.0,7.0,24.0,125.0
2010-07-11,AZC,SO2,1,157.0,3.522292993630573,1.529982349743791,2.0,3.0,3.0,4.0,11.0
2010-07-11,CAM,PM2.5,2,141.0,18.382978723404257,9.641917099288092,1.0,12.0,17.0,23.0,52.0
2010-07-11,CES,NO,1,161.0,23.88198757763975,22.504826949453424,1.0,8.0,19.0,32.0,168.0
2010-07-11,CES,NO2,1,161.0,28.981366459627328,10.758991617299367,6.0,22.0,28.0,34.0,73.0
2010-07-11,CES,NOX,1,161.0,52.77639751552795,27.55425900729311,6.0,35.0,48.0,66.0,208.0
2010-07-11,CES,O3,1,161.0,17.527950310559007,16.316809626808652,2.0,4.0,12.0,27.0,73.0
2010-07-11,CES,PM10,2,153.0,23.54901960784314,15.203419445910745,1.0,12.0,21.0,32.0,78.0
2010-07-11,CES,SO2,1,161.0,1.1180124223602483,1.6784623989963916,0.0,0.0,1.0,1.0,12.0
2010-07-11,CHO,CO,15,159.0,0.6761006289308176,0.295420558298546,0.2,0.5,0.6,0.8,1.8
2010-07-11,CHO,O3,1,157.0,21.961783439490446,14.625620894257603,0.0,11.0,20.0,32.0,74.0
2010-07-11,CHO,SO2,1,160.0,1.5125,1.4097035684651587,0.0,1.0,1.0,2.0,12.0
2010-07-11,COY,O3,1,159.0,18.22012578616352,22.614448109012436,1.0,3.0,9.0,22.5,97.0
2010-07-11,COY,PM2.5,2,158.0,14.620253164556962,8.455659993327584,1.0,8.0,13.0,20.0,39.0
2010-07-11,CUA,O3,1,161.0,21.683229813664596,18.500142688722857,0.0,9.0,17.0,28.0,91.0
2010-07-11,FAC,CO,15,156.0,1.0025641025641023,0.6322462482648638,0.2,0.5,0.9,1.3,3.4
2010-07-11,FAC,NO,1,159.0,19.358490566037737,21.874869408324226,0.0,4.0,12.0,25.0,114.0
2010-07-11,FAC,NO2,1,159.0,26.572327044025158,13.415680943713015,8.0,16.0,24.0,34.5,72.0
2010-07-11,FAC,NOX,1,159.0,45.905660377358494,29.686077470852318,10.0,24.0,39.0,59.5,148.0
2010-07-11,FAC,O3,1,159.0,19.427672955974842,21.938769544064122,1.0,4.5,11.0,24.5,109.0
2010-07-11,FAC,PM10,2,145.0,20.372413793103448,13.804158405061523,1.0,10.0,16.0,28.0,73.0
2010-07-11,FAC,SO2,1,156.0,3.980769230769231,1.5217610928859138,2.0,3.0,4.0,4.0,10.0
2010-07-11,IMP,CO,15,133.0,1.3654135338345865,0.4955934784438286,0.7,1.0,1.3,1.6,2.9
2010-07-11,IZT,CO,15,153.0,0.9862745098039225,0.5344769730071847,0.1,0.6,0.9,1.2,2.9
2010-07-11,IZT,NO,1,153.0,17.45751633986928,16.499994787919665,0.0,4.0,11.0,26.0,81.0
2010-07-11,IZT,NO2,1,153.0,29.705882352941178,12.369786170630464,6.0,21.0,28.0,36.0,85.0
2010-07-11,IZT,NOX,1,153.0,46.947712418300654,22.969886135430613,5.0,29.0,46.0,61.0,135.0
2010-07-11,IZT,O3,1,153.0,17.058823529411764,23.634340340776458,0.0,0.0,7.0,23.0,112.0
2010-07-11,IZT,PM10,2,156.0,25.294871794871796,12.970546260895798,6.0,16.0,22.0,32.25,61.0
2010-07-11,IZT,SO2,1,153.0,4.503267973856209,3.067495513243694,3.0,3.0,4.0,5.0,26.0
2010-07-11,LAG,CO,15,160.0,0.9037499999999996,0.48433154349593754,0.1,0.6,0.8,1.1,2.5
2010-07-11,LAG,NO,1,160.0,21.38125,18.267361647822252,0.0,8.0,16.0,29.0,93.0
2010-07-11,LAG,NO2,1,160.0,29.3875,11.917424218345174,7.0,21.0,28.0,36.0,73.0
2010-07-11,LAG,NOX,1,160.0,50.64375,24.489593958744003,7.0,34.0,46.0,61.75,123.0
2010-07-11,LAG,O3,1,117.0,15.931623931623932,23.34698034662363,0.0,1.0,5.0,21.0,105.0
2010-07-11,LAG,SO2,1,160.0,3.1,2.0867958647486544,1.0,2.0,2.0,3.25,17.0
2010-07-11,LLA,SO2,1,54.0,4.944444444444445,3.7738757749533667,2.0,3.0,4.0,5.0,21.0
2010-07-11,LPR,SO2,1,161.0,3.2857142857142856,2.044592170301241,0.0,2.0,3.0,5.0,9.0
2010-07-11,LVI,PM10,2,146.0,29.924657534246574,23.64918475417453,1.0,12.0,24.5,41.0,123.0
2010-07-11,LVI,SO2,1,160.0,0.76875,1.64152818430699,0.0,0.0,0.0,1.0,12.0
2010-07-11,MER,CO,15,160.0,1.2618750000000003,0.518691129113834,0.4,0.9,1.2,1.6,2.6
2010-07-11,MER,NO,1,160.0,26.05,20.331776412194568,0.0,8.0,23.0,39.25,102.0
2010-07-11,MER,NO2,1,160.0,25.7125,12.387550810969033,6.0,16.0,24.0,32.0,72.0
2010-07-11,MER,NOX,1,160.0,51.73125,26.15380773052045,6.0,31.75,49.0,70.0,128.0
2010-07-11,MER,O3,1,160.0,16.8,24.34030226733861,0.0,1.0,6.0,22.0,125.0
2010-07-11,MER,PM10,2,153.0,24.470588235294116,14.012709843270958,1.0,15.0,21.0,33.0,66.0
2010-07-11,MER,PM2.5,2,159.0,17.88679245283019,8.82816345715641,3.0,12.0,16.0,22.0,50.0
2010-07-11,MER,SO2,1,160.0,3.66875,2.7511504168896717,2.0,2.0,3.0,4.0,23.0
2010-07-11,MON,O3,1,161.0,27.46583850931677,18.467211164622494,1.0,14.0,25.0,39.0,76.0
2010-07-11,PED,CO,15,156.0,0.44615384615384623,0.30530463166179417,0.0,0.2,0.4,0.6,1.9
2010-07-11,PED,NO,1,156.0,7.865384615384615,9.574890912180091,0.0,1.0,5.0,10.0,39.0
2010-07-11,PED,NO2,1,156.0,25.423076923076923,11.09084973709494,5.0,17.0,24.0,31.25,59.0
2010-07-11,PED,NOX,1,156.0,33.294871794871796,15.562244613255897,5.0,22.0,32.0,45.0,91.0
2010-07-11,PED,O3,1,142.0,18.87323943661972,20.58156551569912,0.0,4.0,12.0,23.75,88.0
2010-07-11,PED,PM10,2,158.0,23.867088607594937,14.264161330978245,2.0,14.0,21.0,31.0,76.0
2010-07-11,PED,SO2,1,155.0,3.4193548387096775,0.8891186920746645,2.0,3.0,3.0,4.0,7.0
2010-07-11,PER,PM2.5,2,156.0,17.314102564102566,10.716766777211987,1.0,9.0,16.0,24.0,67.0
2010-07-11,PLA,O3,1,161.0,15.894409937888199,21.37013175101878,0.0,2.0,7.0,19.0,90.0
2010-07-11,PLA,SO2,1,161.0,3.4161490683229814,0.6379557803169046,2.0,3.0,3.0,4.0,6.0
2010-07-11,SAG,CO,15,157.0,0.6082802547770702,0.3770604561876618,0.0,0.3,0.5,0.8,1.9
2010-07-11,SAG,NO,1,157.0,11.006369426751592,10.332607593592328,1.0,3.0,9.0,16.0,59.0
2010-07-11,SAG,NO2,1,157.0,20.745222929936304,9.58290709772214,5.0,14.0,18.0,26.0,56.0
2010-07-11,SAG,NOX,1,157.0,31.662420382165607,16.395963441686504,7.0,20.0,27.0,41.0,99.0
2010-07-11,SAG,O3,1,157.0,24.203821656050955,23.01385838161466,1.0,7.0,16.0,32.0,114.0
2010-07-11,SAG,PM10,2,157.0,30.471337579617835,16.9238719692091,4.0,19.0,27.0,40.0,82.0
2010-07-11,SAG,PM2.5,2,156.0,18.05128205128205,11.688866978837865,1.0,10.0,15.0,23.25,56.0
2010-07-11,SAG,SO2,1,157.0,3.299363057324841,3.3444653249289567,0.0,2.0,2.0,3.0,22.0
2010-07-11,SJA,PM2.5,2,158.0,15.246835443037975,8.097091330284297,2.0,9.0,14.0,19.75,41.0
2010-07-11,SUR,CO,15,142.0,1.583098591549297,0.47265236666530497,0.7,1.2,1.55,1.9,3.0
2010-07-11,SUR,NO,1,142.0,12.084507042253522,13.103782658760613,0.0,3.0,8.0,15.75,74.0
2010-07-11,SUR,NO2,1,142.0,27.781690140845072,11.489197020984296,8.0,19.0,26.0,35.75,70.0
2010-07-11,SUR,NOX,1,142.0,39.86619718309859,18.093621333324926,9.0,27.0,39.0,50.75,102.0
2010-07-11,SUR,O3,1,142.0,20.661971830985916,22.40247178736306,1.0,3.0,13.5,28.0,94.0
2010-07-11,SUR,PM10,2,138.0,20.10144927536232,13.07490483982201,2.0,11.0,17.0,26.0,60.0
2010-07-11,SUR,SO2,1,142.0,2.964788732394366,1.8234561986077282,0.0,2.0,3.0,4.0,10.0
2010-07-11,TAC,CO,15,153.0,0.8843137254901958,0.5255470391910476,0.0,0.5,0.8,1.2,2.4
2010-07-11,TAC,NO,1,151.0,13.37748344370861,14.260314032004722,0.0,3.0,9.0,17.0,61.0
2010-07-11,TAC,NO2,1,151.0,30.7682119205298,11.3522060755369,11.0,23.0,31.0,36.5,68.0
2010-07-11,TAC,NOX,1,151.0,44.019867549668874,19.82102257660639,10.0,29.0,39.0,57.5,90.0
2010-07-11,TAC,O3,1,153.0,20.594771241830067,24.926850326847607,1.0,4.0,10.0,25.0,130.0
2010-07-11,TAC,SO2,1,153.0,2.065359477124183,1.4403636356214986,1.0,1.0,2.0,3.0,9.0
2010-07-11,TAH,O3,1,158.0,25.303797468354432,17.453745554895235,0.0,10.0,26.0,36.0,90.0
2010-07-11,TAH,PM10,2,136.0,19.36764705882353,14.852763216432109,1.0,8.0,17.0,26.0,75.0
2010-07-11,TAH,SO2,1,158.0,3.1392405063291138,1.6451757478006195,0.0,2.0,3.0,4.0,10.0
2010-07-11,TAX,CO,15,154.0,1.8344155844155836,0.7481025994897906,0.4,1.3,1.7,2.2,4.2
2010-07-11,TAX,NO,1,154.0,34.357142857142854,32.668202959358474,0.0,10.25,26.5,46.5,152.0
2010-07-11,TAX,NO2,1,154.0,31.454545454545453,13.094972796349603,5.0,22.25,29.0,39.0,65.0
2010-07-11,TAX,NOX,1,154.0,65.75324675324676,38.87525074013864,5.0,36.5,57.0,87.75,188.0
2010-07-11,TAX,O3,1,153.0,14.830065359477125,18.72086889630238,0.0,1.0,7.0,21.0,90.0
2010-07-11,TAX,PM10,2,147.0,25.496598639455783,17.51413290360683,1.0,12.0,23.0,34.0,89.0
2010-07-11,TAX,SO2,1,154.0,1.0389610389610389,1.251838474843926,0.0,0.0,1.0,2.0,7.0
2010-07-11,TLA,CO,15,157.0,1.2579617834394898,0.43766973096380246,0.6,0.9,1.2,1.6,2.5
2010-07-11,TLA,NO,1,156.0,26.21153846153846,20.565555172505064,3.0,12.0,19.0,34.25,94.0
2010-07-11,TLA,NO2,1,156.0,32.30128205128205,12.775187579858818,10.0,23.0,32.0,40.0,65.0
2010-07-11,TLA,NOX,1,156.0,58.416666666666664,26.871968446171607,15.0,38.75,54.5,74.25,145.0
2010-07-11,TLA,O3,1,140.0,17.90714285714286,22.71940077629957,0.0,2.0,9.0,23.5,113.0
2010-07-11,TLA,PM10,2,150.0,40.06,20.93333297710141,4.0,26.0,35.5,52.0,142.0
2010-07-11,TLA,PM2.5,2,147.0,24.312925170068027,13.91451529537846,2.0,15.5,21.0,31.0,103.0
2010-07-11,TLA,SO2,1,157.0,3.6178343949044587,2.4717247996530003,1.0,2.0,3.0,4.0,14.0
2010-07-11,TLI,CO,15,139.0,0.3805755395683454,0.3052387276323681,0.0,0.1,0.3,0.5,1.2
2010-07-11,TLI,NO,1,139.0,9.546762589928058,10.905538429107263,0.0,2.0,6.0,11.0,55.0
2010-07-11,TLI,NO2,1,139.0,21.107913669064747,8.180651127022726,8.0,15.0,20.0,26.0,46.0
2010-07-11,TLI,NOX,1,139.0,30.60431654676259,16.612209018633923,9.0,19.0,26.0,37.5,89.0
2010-07-11,TLI,PM10,2,131.0,28.732824427480917,20.912574217986247,1.0,15.0,24.0,40.5,133.0
2010-07-11,TLI,SO2,1,139.0,1.3237410071942446,3.060301745419303,0.0,0.0,0.0,1.0,24.0
2010-07-11,TPN,O3,1,137.0,19.875912408759124,17.001490097096873,0.0,8.0,14.0,27.0,75.0
2010-07-11,UIZ,CO,15,158.0,0.6721518987341774,0.45341919942850295,0.0,0.3,0.6499999999999999,1.0,2.0
2010-07-11,UIZ,NO,1,158.0,10.860759493670885,11.554616004517504,0.0,1.0,7.5,17.75,46.0
2010-07-11,UIZ,NO2,1,158.0,26.582278481012658,12.13680783112255,5.0,19.0,25.0,34.0,78.0
2010-07-11,UIZ,NOX,1,158.0,37.25316455696203,18.066732882719858,4.0,22.5,37.5,50.0,89.0
2010-07-11,UIZ,O3,1,150.0,21.086666666666666,22.601875751185688,0.0,3.0,14.0,29.75,98.0
2010-07-11,UIZ,PM2.5,2,157.0,18.75796178343949,11.51721190992062,3.0,9.0,18.0,25.0,57.0
2010-07-11,UIZ,SO2,1,157.0,2.0573248407643314,2.4238188723279905,0.0,1.0,1.0,2.0,24.0
2010-07-11,VAL,CO,15,161.0,1.0931677018633532,0.36591054637754106,0.5,0.8,1.1,1.4,2.2
2010-07-11,VAL,SO2,1,161.0,0.5341614906832298,1.5969934873873988,0.0,0.0,0.0,0.0,11.0
2010-07-11,VIF,CO,15,109.0,0.3522935779816515,0.34576708342017487,0.0,0.0,0.3,0.6,1.3
2010-07-11,VIF,NO,1,116.0,4.767241379310345,7.7227588657002,0.0,1.0,2.0,5.0,44.0
2010-07-11,VIF,NO2,1,116.0,16.146551724137932,7.618346631474666,6.0,11.0,14.0,20.5,44.0
2010-07-11,VIF,NOX,1,116.0,20.896551724137932,13.27264549518217,6.0,12.0,17.5,24.0,70.0
2010-07-11,VIF,PM10,2,104.0,21.317307692307693,13.927178446376775,1.0,10.0,19.0,31.25,63.0
2010-07-11,VIF,SO2,1,96.0,1.3229166666666667,2.589431116823139,0.0,0.0,1.0,1.0,22.0
2010-07-11,XAL,CO,15,155.0,0.9954838709677416,0.4508782102213976,0.1,0.7,1.0,1.2,2.2
2010-07-11,XAL,NO,1,155.0,26.18064516129032,23.430048131090555,0.0,9.0,19.0,38.0,130.0
2010-07-11,XAL,NO2,1,155.0,25.72258064516129,10.60356193760182,2.0,18.0,23.0,33.0,60.0
2010-07-11,XAL,NOX,1,155.0,51.903225806451616,27.741799816505598,2.0,31.0,51.0,65.0,150.0
2010-07-11,XAL,O3,1,153.0,20.84967320261438,22.158748789559766,2.0,6.0,12.0,25.0,110.0
2010-07-11,XAL,PM10,2,152.0,52.31578947368421,37.84202454796994,1.0,25.0,42.5,75.5,189.0
2010-07-11,XAL,SO2,1,155.0,2.3096774193548386,2.8366061254341317,0.0,0.0,1.0,4.0,15.0
2010-07-18,ACO,O3,1,161.0,24.242236024844722,16.732369974661214,0.0,11.0,21.0,36.0,69.0
2010-07-18,ACO,PM2.5,2,154.0,13.37012987012987,7.158295428876613,1.0,8.0,13.0,19.0,34.0
2010-07-18,ACO,SO2,1,161.0,0.13664596273291926,0.49367112547142233,0.0,0.0,0.0,0.0,3.0
2010-07-18,ARA,SO2,1,54.0,2.5925925925925926,2.453480535188301,1.0,1.0,2.0,3.0,12.0
2010-07-18,ATI,NO,1,158.0,7.582278481012659,8.852086147929302,1.0,3.0,4.5,7.0,50.0
2010-07-18,ATI,NO2,1,158.0,12.778481012658228,4.639381984047519,4.0,9.0,13.0,16.0,29.0
2010-07-18,ATI,NOX,1,158.0,20.329113924050635,11.683971839061547,5.0,13.0,17.0,23.0,76.0
2010-07-18,ATI,SO2,1,158.0,6.7025316455696204,8.468382179298537,1.0,2.0,3.0,7.0,48.0
2010-07-18,AZC,NO,1,155.0,11.92258064516129,19.256146087111876,0.0,2.0,3.0,11.0,93.0
2010-07-18,AZC,NO2,1,155.0,19.025806451612905,6.75926337635006,7.0,14.0,18.0,23.0,50.0
2010-07-18,AZC,NOX,1,155.0,30.89032258064516,22.32858738994321,7.0,16.0,23.0,35.5,120.0
2010-07-18,AZC,O3,1,155.0,20.55483870967742,23.644867633291895,0.0,3.0,9.0,38.0,107.0
2010-07-18,AZC,SO2,1,155.0,5.909677419354839,6.341338035232324,2.0,3.0,3.0,5.0,38.0
2010-07-18,CAM,PM2.5,2,159.0,19.20754716981132,9.698019810731633,1.0,12.0,19.0,25.0,53.0
2010-07-18,CES,NO,1,158.0,22.544303797468356,23.706699028156105,1.0,8.0,14.5,29.0,120.0
2010-07-18,CES,NO2,1,158.0,25.10759493670886,9.242373645982335,9.0,18.0,23.0,32.0,55.0
2010-07-18,CES,NOX,1,158.0,47.563291139240505,27.722793754562506,10.0,27.0,42.0,61.75,144.0
2010-07-18,CES,O3,1,158.0,20.126582278481013,19.899663658526652,2.0,5.0,11.0,31.75,95.0
2010-07-18,CES,PM10,2,158.0,35.050632911392405,20.325315227255825,2.0,17.0,35.0,48.0,98.0
2010-07-18,CES,SO2,1,158.0,2.3227848101265822,3.3921396350558557,0.0,1.0,1.0,2.0,22.0
2010-07-18,CHO,CO,15,160.0,0.7468750000000004,0.38213598208626115,0.2,0.5,0.7,0.9,2.2
2010-07-18,CHO,O3,1,160.0,23.94375,22.51016454541448,0.0,3.75,17.5,41.25,84.0
2010-07-18,CHO,SO2,1,160.0,2.68125,1.7532427278882627,1.0,2.0,2.0,3.0,11.0
2010-07-18,COY,O3,1,160.0,26.48125,27.926897355630988,1.0,6.0,13.0,44.25,118.0
2010-07-18,COY,PM2.5,2,159.0,17.062893081761008,9.745940754865943,4.0,9.0,15.0,22.5,55.0
2010-07-18,CUA,O3,1,160.0,30.75,24.91368748096859,0.0,13.0,21.0,47.0,123.0
2010-07-18,FAC,CO,15,143.0,0.307692307692308,0.4491113170264771,0.0,0.0,0.1,0.4,2.1
2010-07-18,FAC,NO,1,152.0,19.875,24.009190431281997,3.0,7.0,11.0,20.25,158.0
2010-07-18,FAC,NO2,1,152.0,17.598684210526315,7.9786634911440295,4.0,12.0,16.0,21.0,44.0
2010-07-18,FAC,NOX,1,152.0,37.43421052631579,26.992437266228464,8.0,19.0,28.5,43.25,173.0
2010-07-18,FAC,O3,1,152.0,23.855263157894736,21.28999015323847,1.0,8.0,16.5,36.0,105.0
2010-07-18,FAC,PM10,2,127.0,34.031496062992126,18.193377919588894,1.0,16.0,37.0,47.0,73.0
2010-07-18,FAC,SO2,1,151.0,5.125827814569536,4.050192811478795,1.0,3.0,4.0,5.0,31.0
2010-07-18,IMP,CO,15,155.0,0.9599999999999995,0.4593332265218934,0.5,0.6499999999999999,0.8,1.1,2.9
2010-07-18,IZT,CO,15,160.0,0.5725000000000003,0.3891532494690578,0.0,0.3,0.5,0.7,1.9
2010-07-18,IZT,NO,1,160.0,14.20625,19.30786553153008,0.0,3.0,7.0,15.25,98.0
2010-07-18,IZT,NO2,1,160.0,21.96875,8.744753593372716,8.0,16.0,21.0,27.0,54.0
2010-07-18,IZT,NOX,1,160.0,36.18125,23.23272249767746,8.0,21.0,27.5,46.25,124.0
2010-07-18,IZT,O3,1,160.0,21.8625,25.709917206542986,0.0,1.0,10.0,37.5,106.0
2010-07-18,IZT,PM10,2,160.0,37.18125,15.505678357322994,2.0,25.0,35.0,48.0,78.0
2010-07-18,IZT,SO2,1,160.0,5.7625,5.423553918503818,3.0,3.0,4.0,5.0,32.0
2010-07-18,LAG,CO,15,156.0,0.7237179487179488,0.3413657917905621,0.1,0.5,0.7,0.9,2.0
2010-07-18,LAG,NO,1,156.0,19.974358974358974,22.28812752607749,0.0,7.0,12.0,22.25,118.0
2010-07-18,LAG,NO2,1,156.0,24.237179487179485,9.522883935289553,9.0,17.0,23.0,29.0,63.0
2010-07-18,LAG,NOX,1,156.0,44.12820512820513,27.254527401047056,10.0,26.75,38.0,52.0,148.0
2010-07-18,LAG,O3,1,155.0,19.53548387096774,23.25501689186597,0.0,1.0,9.0,33.5,113.0
2010-07-18,LAG,SO2,1,156.0,3.519230769230769,2.373159467056397,1.0,2.0,3.0,4.0,18.0
2010-07-18,LLA,SO2,1,0.0,,,,,,,
2010-07-18,LPR,SO2,1,56.0,4.535714285714286,5.8619397525339405,0.0,1.0,3.5,5.0,31.0
2010-07-18,LVI,PM10,2,158.0,42.5253164556962,21.553872475474712,8.0,26.25,38.5,55.0,113.0
2010-07-18,LVI,SO2,1,158.0,1.2848101265822784,3.3464341172803707,0.0,0.0,0.0,1.0,29.0
2010-07-18,MER,CO,15,156.0,0.9980769230769234,0.4898282982705273,0.4,0.6,0.9,1.3,2.5
2010-07-18,MER,NO,1,155.0,29.2,30.081361533153906,2.0,8.0,18.0,36.5,128.0
2010-07-18,MER,NO2,1,155.0,22.283870967741937,9.004151162939278,5.0,15.0,22.0,27.5,49.0
2010-07-18,MER,NOX,1,155.0,51.42580645161291,33.0554332502978,7.0,27.0,39.0,71.0,168.0
2010-07-18,MER,O3,1,156.0,20.057692307692307,23.988502725832962,0.0,1.0,9.0,32.25,115.0
2010-07-18,MER,PM10,2,154.0,44.285714285714285,20.794580203176267,13.0,27.25,42.5,58.0,114.0
2010-07-18,MER,PM2.5,2,152.0,19.526315789473685,9.238522407315877,4.0,12.0,18.0,25.25,41.0
2010-07-18,MER,SO2,1,156.0,4.730769230769231,5.445739564509719,1.0,2.0,3.0,5.0,38.0
2010-07-18,MON,O3,1,161.0,24.304347826086957,20.964864499401394,1.0,5.0,22.0,39.0,85.0
2010-07-18,PED,CO,15,161.0,0.21614906832298153,0.22273881035812215,0.0,0.0,0.2,0.3,1.2
2010-07-18,PED,NO,1,161.0,5.739130434782608,10.379379641343233,0.0,0.0,2.0,6.0,73.0
2010-07-18,PED,NO2,1,161.0,18.950310559006212,7.796474557641444,6.0,13.0,18.0,23.0,42.0
2010-07-18,PED,NOX,1,161.0,24.627329192546583,14.748228654560696,5.0,14.0,22.0,30.0,101.0
2010-07-18,PED,O3,1,161.0,28.559006211180126,28.542040203990513,0.0,7.0,18.0,46.0,124.0
2010-07-18,PED,PM10,2,157.0,31.40764331210191,15.873278389996102,2.0,18.0,29.0,43.0,69.0
2010-07-18,PED,SO2,1,161.0,4.391304347826087,3.3618705973079175,2.0,3.0,3.0,4.0,31.0
2010-07-18,PER,PM2.5,2,154.0,16.883116883116884,9.045237111571469,1.0,10.0,16.0,23.0,41.0
2010-07-18,PLA,O3,1,161.0,24.801242236024844,26.16362452809635,0.0,6.0,13.0,40.0,122.0
2010-07-18,PLA,SO2,1,161.0,5.3229813664596275,3.9601175558183326,3.0,4.0,4.0,5.0,28.0
2010-07-18,SAG,CO,15,158.0,0.4424050632911394,0.44966998568411853,0.0,0.1,0.3,0.5,2.2
2010-07-18,SAG,NO,1,158.0,15.474683544303797,21.112588500970684,1.0,4.0,7.0,14.0,118.0
2010-07-18,SAG,NO2,1,158.0,15.367088607594937,5.8509669627970045,3.0,11.0,15.0,19.0,30.0
2010-07-18,SAG,NOX,1,158.0,30.77848101265823,24.44847003086196,5.0,15.25,23.0,33.0,142.0
2010-07-18,SAG,O3,1,158.0,20.5126582278481,18.385031761974652,1.0,6.0,13.5,33.0,73.0
2010-07-18,SAG,PM10,2,160.0,44.60625,22.121760502632895,3.0,27.0,43.0,59.25,116.0
2010-07-18,SAG,PM2.5,2,153.0,16.058823529411764,9.718562877107129,1.0,11.0,15.0,20.0,79.0
2010-07-18,SAG,SO2,1,159.0,2.2327044025157234,1.4106061564181536,0.0,1.0,2.0,3.0,11.0
2010-07-18,SJA,PM2.5,2,101.0,17.14851485148515,8.16380565497962,2.0,11.0,18.0,23.0,46.0
2010-07-18,SUR,CO,15,160.0,1.2756249999999998,0.45884005722387344,0.6,1.0,1.2,1.4,3.3
2010-07-18,SUR,NO,1,160.0,11.70625,19.27868992489182,0.0,2.0,5.0,12.0,114.0
2010-07-18,SUR,NO2,1,160.0,21.16875,7.759126802813471,6.0,15.75,21.0,25.0,50.0
2010-07-18,SUR,NOX,1,160.0,32.825,22.417016784341172,6.0,19.0,26.0,39.25,139.0
2010-07-18,SUR,O3,1,160.0,27.53125,28.44301859162936,1.0,7.0,14.5,43.25,115.0
2010-07-18,SUR,PM10,2,157.0,32.59235668789809,16.85760705332361,1.0,19.0,31.0,45.0,80.0
2010-07-18,SUR,SO2,1,158.0,3.4367088607594938,5.450920034893182,0.0,1.0,1.0,3.0,28.0
2010-07-18,TAC,CO,15,149.0,0.45503355704697973,0.49897682359798834,0.0,0.1,0.3,0.6,2.4
2010-07-18,TAC,NO,1,149.0,15.664429530201343,24.582901863500037,0.0,3.0,6.0,12.0,136.0
2010-07-18,TAC,NO2,1,149.0,21.85234899328859,7.532251232807988,8.0,17.0,21.0,26.0,46.0
2010-07-18,TAC,NOX,1,149.0,37.45637583892618,27.140396544902337,8.0,21.0,28.0,42.0,160.0
2010-07-18,TAC,O3,1,149.0,23.83221476510067,25.369273467679136,3.0,6.0,12.0,39.0,130.0
2010-07-18,TAC,SO2,1,149.0,3.785234899328859,6.121035681653157,0.0,1.0,2.0,3.0,35.0
2010-07-18,TAH,O3,1,161.0,28.36024844720497,24.355839339630403,0.0,8.0,21.0,43.0,94.0
2010-07-18,TAH,PM10,2,153.0,33.98692810457516,22.176322997412942,3.0,17.0,29.0,47.0,127.0
2010-07-18,TAH,SO2,1,161.0,3.62111801242236,2.293861644091906,1.0,2.0,3.0,4.0,16.0
2010-07-18,TAX,CO,15,160.0,1.7131250000000002,0.6981666805544917,0.6,1.2,1.6,2.1,4.4
2010-07-18,TAX,NO,1,160.0,45.71875,41.309869360768666,0.0,16.0,33.0,60.25,233.0
2010-07-18,TAX,NO2,1,160.0,30.675,11.184867360037643,8.0,23.0,29.0,37.0,67.0
2010-07-18,TAX,NOX,1,160.0,76.275,44.36086297088923,8.0,44.0,68.0,96.25,258.0
2010-07-18,TAX,O3,1,160.0,17.7375,21.877729838652858,0.0,1.75,7.0,28.0,93.0
2010-07-18,TAX,PM10,2,160.0,43.23125,21.65167992814164,2.0,24.0,45.0,60.0,87.0
2010-07-18,TAX,SO2,1,160.0,2.425,4.619551014149203,0.0,0.0,1.0,2.0,23.0
2010-07-18,TLA,CO,15,154.0,1.0110389610389612,0.3212641875632548,0.5,0.8,1.0,1.2,2.3
2010-07-18,TLA,NO,1,155.0,22.89677419354839,23.935837987752844,0.0,8.0,15.0,25.5,154.0
2010-07-18,TLA,NO2,1,155.0,21.974193548387095,8.052545283741738,7.0,16.5,20.0,27.0,53.0
2010-07-18,TLA,NOX,1,155.0,44.68387096774194,28.12582000852729,8.0,24.5,39.0,50.0,176.0
2010-07-18,TLA,O3,1,140.0,19.664285714285715,19.893099455865226,0.0,4.0,12.0,35.0,86.0
2010-07-18,TLA,PM10,2,161.0,48.298136645962735,22.89810164634202,14.0,31.0,46.0,61.0,111.0
2010-07-18,TLA,PM2.5,2,161.0,18.73913043478261,10.372753816568212,2.0,12.0,17.0,25.0,58.0
2010-07-18,TLA,SO2,1,159.0,6.188679245283019,8.000134343271323,1.0,2.0,3.0,6.5,42.0
2010-07-18,TLI,CO,15,159.0,0.24465408805031463,0.3016091440758121,0.0,0.1,0.1,0.3,1.9
2010-07-18,TLI,NO,1,159.0,11.0,17.562186075396067,1.0,3.0,4.0,10.0,122.0
2010-07-18,TLI,NO2,1,159.0,16.270440251572328,6.474571032749303,5.0,12.0,16.0,21.0,42.0
2010-07-18,TLI,NOX,1,159.0,27.264150943396228,21.02724357908171,7.0,14.5,22.0,30.5,147.0
2010-07-18,TLI,PM10,2,148.0,39.236486486486484,21.011613726241222,1.0,24.75,37.0,51.0,126.0
2010-07-18,TLI,SO2,1,159.0,2.4213836477987423,5.552264503009239,0.0,0.0,0.0,2.0,32.0
2010-07-18,TPN,O3,1,159.0,28.87421383647799,24.836106356807274,2.0,9.0,23.0,39.5,108.0
2010-07-18,UIZ,CO,15,158.0,0.36518987341772163,0.4544090044621583,0.0,0.0,0.2,0.6,2.3
2010-07-18,UIZ,NO,1,158.0,13.30379746835443,19.829434744910618,0.0,1.0,3.0,19.0,105.0
2010-07-18,UIZ,NO2,1,158.0,20.329113924050635,9.640970851272785,6.0,12.0,20.0,26.0,57.0
2010-07-18,UIZ,NOX,1,158.0,33.5126582278481,25.740928113608568,5.0,13.0,24.0,49.0,126.0
2010-07-18,UIZ,O3,1,153.0,25.81045751633987,26.838883721096995,0.0,3.0,14.0,44.0,111.0
2010-07-18,UIZ,PM2.5,2,152.0,20.289473684210527,12.549574056225186,1.0,11.75,16.5,27.0,55.0
2010-07-18,UIZ,SO2,1,158.0,2.7278481012658227,4.351804273560403,0.0,1.0,2.0,2.75,29.0
2010-07-18,VAL,CO,15,56.0,0.7696428571428571,0.4747897689244416,0.3,0.5,0.6499999999999999,0.9,2.8
2010-07-18,VAL,SO2,1,56.0,4.392857142857143,8.935483039145511,0.0,0.0,0.0,4.0,42.0
2010-07-18,VIF,CO,15,15.0,0.24000000000000005,0.20976176963403032,0.0,0.1,0.2,0.35,0.8
2010-07-18,VIF,NO,1,15.0,10.333333333333334,13.134831918369171,1.0,1.5,4.0,12.5,45.0
2010-07-18,VIF,NO2,1,15.0,15.333333333333334,3.8110116142317807,10.0,11.5,17.0,19.0,20.0
2010-07-18,VIF,NOX,1,15.0,25.533333333333335,15.004126416549868,11.0,14.0,23.0,30.5,63.0
2010-07-18,VIF,PM10,2,14.0,42.642857142857146,21.93208798807089,12.0,26.75,48.5,60.0,82.0
2010-07-18,VIF,SO2,1,14.0,2.7857142857142856,2.2592909516916153,0.0,1.25,2.5,4.5,7.0
2010-07-18,XAL,CO,15,158.0,0.8468354430379748,0.5949544633943511,0.1,0.5,0.7,1.1,3.9
2010-07-18,XAL,NO,1,158.0,37.822784810126585,40.26069806592959,2.0,15.25,26.0,42.0,270.0
2010-07-18,XAL,NO2,1,158.0,14.044303797468354,8.173551362100973,0.0,9.0,13.0,18.0,45.0
2010-07-18,XAL,NOX,1,158.0,51.78481012658228,42.48241925952501,4.0,26.0,42.5,63.75,282.0
2010-07-18,XAL,O3,1,151.0,18.311258278145694,15.797968405447403,2.0,6.5,13.0,26.5,84.0
2010-07-18,XAL,PM10,2,157.0,77.93630573248407,42.077565971189145,9.0,43.0,74.0,106.0,203.0
2010-07-18,XAL,SO2,1,158.0,2.930379746835443,2.126919031897928,0.0,1.0,2.0,4.0,12.0
2010-07-25,ACO,O3,1,161.0,17.341614906832298,10.098332529471211,0.0,10.0,18.0,23.0,40.0
2010-07-25,ACO,PM2.5,2,145.0,8.668965517241379,6.14981387750632,1.0,4.0,7.0,12.0,38.0
2010-07-25,ACO,SO2,1,161.0,0.4782608695652174,2.900618374850738,0.0,0.0,0.0,0.0,33.0
2010-07-25,ARA,SO2,1,0.0,,,,,,,
2010-07-25,ATI,NO,1,159.0,14.679245283018869,15.37889428080624,2.0,5.0,8.0,20.5,67.0
2010-07-25,ATI,NO2,1,159.0,15.559748427672956,9.349467726654487,3.0,8.0,13.0,22.5,41.0
2010-07-25,ATI,NOX,1,159.0,30.238993710691823,23.18185101976311,6.0,13.5,21.0,42.0,96.0
2010-07-25,ATI,SO2,1,159.0,5.345911949685535,6.2773325599451395,2.0,2.0,3.0,4.5,39.0
2010-07-25,AZC,NO,1,159.0,19.553459119496857,20.609586008144746,0.0,3.0,11.0,29.0,92.0
2010-07-25,AZC,NO2,1,159.0,19.47798742138365,7.310332966137054,7.0,14.0,18.0,24.0,43.0
2010-07-25,AZC,NOX,1,159.0,38.9622641509434,24.411526327249284,8.0,19.0,33.0,54.0,116.0
2010-07-25,AZC,O3,1,155.0,9.212903225806452,11.090528951571208,0.0,0.0,5.0,13.0,45.0
2010-07-25,AZC,SO2,1,159.0,3.559748427672956,4.4786288517812025,1.0,2.0,2.0,3.0,27.0
2010-07-25,CAM,PM2.5,2,135.0,15.066666666666666,9.786679951730923,1.0,9.0,14.0,22.0,49.0
2010-07-25,CES,NO,1,160.0,27.7,24.85095191981092,1.0,9.0,19.5,41.5,132.0
2010-07-25,CES,NO2,1,160.0,21.85,7.470023953216967,6.0,17.0,22.0,26.25,45.0
2010-07-25,CES,NOX,1,160.0,49.475,28.547202442544137,7.0,30.0,45.5,68.0,159.0
2010-07-25,CES,O3,1,160.0,11.2375,10.545789645412206,2.0,3.0,7.0,16.25,46.0
2010-07-25,CES,PM10,2,147.0,17.92517006802721,12.179079545136785,1.0,9.0,15.0,26.0,67.0
2010-07-25,CES,SO2,1,161.0,1.5590062111801242,1.661493005164686,0.0,1.0,1.0,2.0,11.0
2010-07-25,CHO,CO,15,159.0,0.7257861635220131,0.4800070986392275,0.2,0.4,0.6,0.9,3.8
2010-07-25,CHO,O3,1,159.0,12.70440251572327,13.54764375754174,0.0,2.0,9.0,17.0,55.0
2010-07-25,CHO,SO2,1,159.0,2.6037735849056602,1.7789872952084318,1.0,1.0,2.0,3.0,12.0
2010-07-25,COY,O3,1,160.0,11.3375,13.174631378132961,0.0,2.0,7.0,15.0,59.0
2010-07-25,COY,PM2.5,2,154.0,8.805194805194805,6.1613150303307345,1.0,5.0,7.0,11.0,35.0
2010-07-25,CUA,O3,1,161.0,15.322981366459627,13.0731607140699,0.0,5.0,14.0,21.0,60.0
2010-07-25,FAC,CO,15,159.0,0.9018867924528302,0.7589526175661644,0.0,0.3,0.6,1.5,3.0
2010-07-25,FAC,NO,1,159.0,29.51572327044025,30.012835934551884,0.0,8.0,18.0,44.0,132.0
2010-07-25,FAC,NO2,1,159.0,20.40251572327044,10.484539248404458,4.0,13.0,18.0,28.0,61.0
2010-07-25,FAC,NOX,1,159.0,49.77358490566038,36.56049686120251,7.0,23.0,37.0,71.5,158.0
2010-07-25,FAC,O3,1,159.0,12.371069182389936,11.388175890608489,0.0,2.0,10.0,19.5,49.0
2010-07-25,FAC,PM10,2,155.0,17.664516129032258,10.669946517809738,1.0,9.0,18.0,24.0,63.0
2010-07-25,FAC,SO2,1,159.0,5.037735849056604,4.331057684210618,2.0,3.0,3.0,5.0,25.0
2010-07-25,IMP,CO,15,161.0,1.3000000000000005,0.6934515123640587,0.5,0.7,1.1,1.7,3.2
2010-07-25,IZT,CO,15,158.0,0.8607594936708861,0.6134205489007964,0.0,0.4,0.7,1.3,3.0
2010-07-25,IZT,NO,1,158.0,25.259493670886076,23.019288610850715,0.0,8.0,19.0,36.75,101.0
2010-07-25,IZT,NO2,1,158.0,21.253164556962027,8.356649367294754,5.0,15.0,21.0,24.75,44.0
2010-07-25,IZT,NOX,1,158.0,46.436708860759495,27.846584610140788,5.0,24.0,42.5,64.0,129.0
2010-07-25,IZT,O3,1,158.0,9.063291139240507,12.364260981108629,0.0,0.0,4.0,12.75,48.0
2010-07-25,IZT,PM10,2,156.0,19.346153846153847,9.03373880099296,4.0,13.0,17.5,24.0,52.0
2010-07-25,IZT,SO2,1,158.0,5.012658227848101,4.416222759561122,2.0,3.0,4.0,4.75,36.0
2010-07-25,LAG,CO,15,161.0,1.1254658385093168,0.58643834960565,0.3,0.6,1.1,1.6,2.4
2010-07-25,LAG,NO,1,161.0,36.80124223602485,30.363386643245267,0.0,14.0,29.0,53.0,121.0
2010-07-25,LAG,NO2,1,161.0,26.012422360248447,9.1015023331589,7.0,19.0,26.0,31.0,59.0
2010-07-25,LAG,NOX,1,161.0,62.745341614906835,35.66988917544908,7.0,34.0,58.0,91.0,146.0
2010-07-25,LAG,O3,1,161.0,7.6770186335403725,9.742049633208646,0.0,0.0,3.0,12.0,39.0
2010-07-25,LAG,SO2,1,161.0,3.3850931677018634,2.852766446366671,1.0,2.0,3.0,3.0,20.0
2010-07-25,LLA,SO2,1,0.0,,,,,,,
2010-07-25,LPR,SO2,1,0.0,,,,,,,
2010-07-25,LVI,PM10,2,158.0,24.20253164556962,15.93688167025167,1.0,13.25,19.0,32.0,122.0
2010-07-25,LVI,SO2,1,158.0,1.5,3.469154341786159,0.0,0.0,0.0,2.0,28.0
2010-07-25,MER,CO,15,155.0,1.2670967741935486,0.6096741387897366,0.3,0.7,1.3,1.7,2.7
2010-07-25,MER,NO,1,157.0,43.69426751592356,31.397505702903754,1.0,20.0,39.0,62.0,139.0
2010-07-25,MER,NO2,1,157.0,29.101910828025478,10.253320108550577,8.0,21.0,28.0,35.0,58.0
2010-07-25,MER,NOX,1,157.0,72.78343949044586,37.394692903202724,10.0,42.0,72.0,97.0,171.0
2010-07-25,MER,O3,1,158.0,8.19620253164557,10.426850970267665,0.0,0.0,3.5,13.0,44.0
2010-07-25,MER,PM10,2,106.0,24.745283018867923,13.59415933459571,1.0,15.0,21.0,33.0,62.0
2010-07-25,MER,PM2.5,2,112.0,12.75,8.218305210962935,1.0,7.0,11.0,15.25,43.0
2010-07-25,MER,SO2,1,158.0,2.7278481012658227,4.463081015971341,0.0,1.0,2.0,2.0,34.0
2010-07-25,MON,O3,1,159.0,16.943396226415093,10.618973515327465,1.0,7.5,18.0,23.0,46.0
2010-07-25,PED,CO,15,161.0,0.33105590062111806,0.266982214961203,0.0,0.1,0.3,0.5,1.2
2010-07-25,PED,NO,1,161.0,11.478260869565217,11.855424368470398,0.0,3.0,8.0,16.0,60.0
2010-07-25,PED,NO2,1,161.0,20.335403726708076,6.659527103498869,7.0,16.0,20.0,24.0,45.0
2010-07-25,PED,NOX,1,161.0,31.788819875776397,14.5646875772741,7.0,22.0,29.0,41.0,80.0
2010-07-25,PED,O3,1,161.0,12.093167701863354,13.904496234238406,0.0,1.0,7.0,17.0,61.0
2010-07-25,PED,PM10,2,159.0,18.89937106918239,15.206259107934432,1.0,10.0,16.0,24.0,151.0
2010-07-25,PED,SO2,1,113.0,4.292035398230088,3.3184586996967247,2.0,3.0,3.0,3.0,19.0
2010-07-25,PER,PM2.5,2,141.0,12.156028368794326,8.354881967143745,1.0,6.0,11.0,16.0,43.0
2010-07-25,PLA,O3,1,161.0,9.341614906832298,11.58560830840471,0.0,1.0,5.0,12.0,52.0
2010-07-25,PLA,SO2,1,161.0,4.6894409937888195,1.9243051500630055,3.0,4.0,4.0,5.0,14.0
2010-07-25,SAG,CO,15,161.0,0.5447204968944102,0.511358560737719,0.0,0.1,0.4,0.8,2.2
2010-07-25,SAG,NO,1,161.0,17.285714285714285,16.769924184171412,1.0,6.0,12.0,22.0,89.0
2010-07-25,SAG,NO2,1,161.0,16.229813664596275,7.345277774874283,4.0,11.0,15.0,21.0,38.0
2010-07-25,SAG,NOX,1,161.0,33.43478260869565,22.003915165458523,4.0,16.0,30.0,45.0,122.0
2010-07-25,SAG,O3,1,161.0,12.583850931677018,10.056440104611559,1.0,3.0,11.0,19.0,41.0
2010-07-25,SAG,PM10,2,159.0,23.31446540880503,11.435088330388881,2.0,15.0,22.0,31.5,63.0
2010-07-25,SAG,PM2.5,2,143.0,11.853146853146853,6.63851124702473,1.0,7.0,11.0,16.0,34.0
2010-07-25,SAG,SO2,1,161.0,2.6770186335403725,2.417649903501462,1.0,2.0,2.0,3.0,25.0
2010-07-25,SJA,PM2.5,2,149.0,11.731543624161073,7.248141301799683,1.0,7.0,11.0,15.0,47.0
2010-07-25,SUR,CO,15,157.0,1.5452229299363054,0.4753468180387511,0.7,1.2,1.5,1.8,3.0
2010-07-25,SUR,NO,1,157.0,17.280254777070063,16.320442739604946,0.0,5.0,12.0,26.0,71.0
2010-07-25,SUR,NO2,1,157.0,20.955414012738853,6.387431518067929,7.0,17.0,20.0,24.0,43.0
2010-07-25,SUR,NOX,1,157.0,38.18471337579618,19.34134062387761,7.0,22.0,34.0,51.0,92.0
2010-07-25,SUR,O3,1,157.0,13.254777070063694,14.245964097208649,1.0,3.0,9.0,17.0,64.0
2010-07-25,SUR,PM10,2,138.0,17.536231884057973,11.869213946688326,1.0,8.0,15.0,23.75,61.0
2010-07-25,SUR,SO2,1,157.0,2.0636942675159236,3.4523896010170274,0.0,1.0,1.0,2.0,19.0
2010-07-25,TAC,CO,15,161.0,0.5583850931677018,0.5798231418082566,0.0,0.0,0.4,1.0,2.0
2010-07-25,TAC,NO,1,161.0,21.496894409937887,21.055321246540764,0.0,5.0,13.0,31.0,91.0
2010-07-25,TAC,NO2,1,161.0,23.111801242236027,8.516156548599165,10.0,17.0,22.0,28.0,57.0
2010-07-25,TAC,NOX,1,161.0,44.52795031055901,25.83966478879932,11.0,22.0,37.0,59.0,119.0
2010-07-25,TAC,O3,1,161.0,12.888198757763975,11.862753574117963,2.0,3.0,10.0,17.0,51.0
2010-07-25,TAC,SO2,1,161.0,2.0683229813664594,4.799901331801629,0.0,0.0,0.0,1.0,22.0
2010-07-25,TAH,O3,1,157.0,14.471337579617835,13.739593035790952,0.0,4.0,11.0,19.0,63.0
2010-07-25,TAH,PM10,2,137.0,19.576642335766422,16.789668841870142,1.0,8.0,15.0,25.0,119.0
2010-07-25,TAH,SO2,1,157.0,3.4713375796178343,2.7909205115832623,1.0,2.0,3.0,4.0,18.0
2010-07-25,TAX,CO,15,160.0,1.9175,0.7488817659491181,0.5,1.5,1.9,2.4,3.8
2010-07-25,TAX,NO,1,160.0,53.6375,40.96961406615348,1.0,22.0,46.0,74.25,181.0
2010-07-25,TAX,NO2,1,160.0,26.5625,8.187801557171658,9.0,20.0,27.0,32.0,53.0
2010-07-25,TAX,NOX,1,160.0,80.20625,44.46440126168067,12.0,44.75,74.0,106.25,208.0
2010-07-25,TAX,O3,1,160.0,7.0,9.005239564977797,0.0,1.0,3.0,10.0,37.0
2010-07-25,TAX,PM10,2,146.0,25.63013698630137,17.98467305259374,1.0,12.0,21.0,35.75,94.0
2010-07-25,TAX,SO2,1,160.0,1.30625,2.360569366879324,0.0,0.0,1.0,1.0,14.0
2010-07-25,TLA,CO,15,155.0,1.2374193548387102,0.5440526601585135,0.5,0.8,1.2,1.6,2.6
2010-07-25,TLA,NO,1,154.0,31.454545454545453,22.226725628058198,2.0,14.25,24.5,45.5,89.0
2010-07-25,TLA,NO2,1,154.0,23.954545454545453,9.716464639268528,7.0,17.0,22.0,30.0,55.0
2010-07-25,TLA,NOX,1,154.0,55.34415584415584,28.83883090967787,14.0,30.25,48.5,74.5,121.0
2010-07-25,TLA,O3,1,144.0,9.375,10.631708083991809,0.0,1.0,7.0,12.0,44.0
2010-07-25,TLA,PM10,2,157.0,28.738853503184714,12.242813955497075,1.0,20.0,28.0,37.0,64.0
2010-07-25,TLA,PM2.5,2,150.0,15.206666666666667,8.304843469682522,1.0,9.0,14.0,20.0,40.0
2010-07-25,TLA,SO2,1,154.0,4.14935064935065,4.792126532111901,1.0,2.0,2.0,4.0,30.0
2010-07-25,TLI,CO,15,158.0,0.5272151898734176,0.4628420558732705,0.0,0.1,0.4,0.875,1.6
2010-07-25,TLI,NO,1,158.0,13.468354430379748,12.915043756667506,0.0,3.0,9.0,19.0,58.0
2010-07-25,TLI,NO2,1,158.0,18.20253164556962,7.727656918370327,6.0,11.0,19.0,25.0,34.0
2010-07-25,TLI,NOX,1,158.0,31.645569620253166,18.62026700410172,7.0,14.0,28.0,43.0,82.0
2010-07-25,TLI,PM10,2,153.0,21.516339869281047,11.563955214351118,1.0,12.0,20.0,31.0,51.0
2010-07-25,TLI,SO2,1,158.0,1.4367088607594938,4.132261675117001,0.0,0.0,0.0,0.0,26.0
2010-07-25,TPN,O3,1,161.0,13.540372670807454,14.283729287558224,0.0,3.0,10.0,17.0,70.0
2010-07-25,UIZ,CO,15,153.0,0.750980392156863,0.666502817842468,0.0,0.1,0.7,1.2,3.0
2010-07-25,UIZ,NO,1,153.0,17.751633986928105,19.791439219810893,0.0,4.0,13.0,24.0,102.0
2010-07-25,UIZ,NO2,1,153.0,20.575163398692812,8.213189657381914,6.0,14.0,21.0,25.0,39.0
2010-07-25,UIZ,NOX,1,153.0,38.287581699346404,24.753434956378538,5.0,18.0,37.0,51.0,127.0
2010-07-25,UIZ,O3,1,153.0,11.803921568627452,13.242703464415388,0.0,1.0,7.0,19.0,49.0
2010-07-25,UIZ,PM2.5,2,144.0,11.777777777777779,9.157093963281683,1.0,6.0,9.0,15.0,61.0
2010-07-25,UIZ,SO2,1,153.0,2.196078431372549,3.3384893044479442,0.0,1.0,1.0,2.0,27.0
2010-07-25,VAL,CO,15,0.0,,,,,,,
2010-07-25,VAL,SO2,1,0.0,,,,,,,
2010-07-25,VIF,CO,15,0.0,,,,,,,
2010-07-25,VIF,NO,1,0.0,,,,,,,
2010-07-25,VIF,NO2,1,0.0,,,,,,,
2010-07-25,VIF,NOX,1,0.0,,,,,,,
2010-07-25,VIF,PM10,2,0.0,,,,,,,
2010-07-25,VIF,SO2,1,0.0,,,,,,,
2010-07-25,XAL,CO,15,161.0,0.9906832298136642,0.565221333001067,0.0,0.6,1.0,1.3,2.4
2010-07-25,XAL,NO,1,161.0,40.08695652173913,30.550448299564245,1.0,17.0,32.0,59.0,159.0
2010-07-25,XAL,NO2,1,161.0,13.06832298136646,6.830194198925173,0.0,9.0,12.0,17.0,32.0
2010-07-25,XAL,NOX,1,161.0,53.037267080745345,33.777375600902914,1.0,31.0,46.0,73.0,177.0
2010-07-25,XAL,O3,1,160.0,10.85,8.233388078141527,2.0,4.0,8.0,16.0,38.0
2010-07-25,XAL,PM10,2,158.0,47.063291139240505,32.28706501748589,4.0,21.0,37.0,73.25,122.0
2010-07-25,XAL,SO2,1,161.0,2.391304347826087,2.3642491224580073,0.0,1.0,2.0,2.0,20.0
2010-08-01,ACO,O3,1,149.0,22.046979865771814,16.80787121369266,0.0,8.0,19.0,33.0,70.0
2010-08-01,ACO,PM2.5,2,121.0,11.462809917355372,6.507740675936169,1.0,7.0,10.0,15.0,38.0
2010-08-01,ACO,SO2,1,149.0,1.389261744966443,8.26479950983588,0.0,0.0,0.0,0.0,80.0
2010-08-01,ARA,SO2,1,0.0,,,,,,,
2010-08-01,ATI,NO,1,161.0,9.01863354037267,8.731030902540546,1.0,4.0,6.0,11.0,45.0
2010-08-01,ATI,NO2,1,161.0,13.77639751552795,7.312639020284934,4.0,9.0,12.0,16.0,44.0
2010-08-01,ATI,NOX,1,161.0,22.74534161490683,14.066484770148504,6.0,13.0,18.0,29.0,70.0
2010-08-01,ATI,SO2,1,161.0,5.118012422360248,6.923130507569875,2.0,3.0,3.0,4.0,49.0
2010-08-01,AZC,NO,1,161.0,13.968944099378882,19.37699098165413,0.0,2.0,6.0,20.0,110.0
2010-08-01,AZC,NO2,1,161.0,19.198757763975156,7.068256393708774,7.0,14.0,18.0,23.0,41.0
2010-08-01,AZC,NOX,1,161.0,33.04968944099379,22.98200416691178,6.0,17.0,27.0,40.0,139.0
2010-08-01,AZC,O3,1,161.0,18.80745341614907,22.97022951777755,0.0,2.0,9.0,31.0,97.0
2010-08-01,AZC,SO2,1,161.0,4.037267080745342,5.810430490460416,1.0,2.0,2.0,3.0,46.0
2010-08-01,CAM,PM2.5,2,155.0,18.548387096774192,11.151374936126315,1.0,11.0,17.0,24.0,60.0
2010-08-01,CES,NO,1,161.0,25.503105590062113,23.421977986391994,1.0,9.0,17.0,37.0,114.0
2010-08-01,CES,NO2,1,161.0,28.049689440993788,10.659386264131266,9.0,20.0,26.0,33.0,72.0
2010-08-01,CES,NOX,1,161.0,53.52173913043478,28.153171880918183,10.0,31.0,47.0,69.0,146.0
2010-08-01,CES,O3,1,161.0,20.981366459627328,23.234799345402536,3.0,3.0,11.0,31.0,97.0
2010-08-01,CES,PM10,2,148.0,31.243243243243242,20.028762182917998,2.0,16.0,25.5,41.25,90.0
2010-08-01,CES,SO2,1,161.0,2.248447204968944,2.1214118409110863,1.0,1.0,2.0,2.0,18.0
2010-08-01,CHO,CO,15,142.0,0.9288732394366191,0.508171661664156,0.3,0.6,0.8,1.1,3.2
2010-08-01,CHO,O3,1,140.0,25.978571428571428,28.300155796185773,0.0,1.0,16.5,46.0,101.0
2010-08-01,CHO,SO2,1,142.0,2.5140845070422535,1.966874308642879,0.0,1.0,2.0,3.0,10.0
2010-08-01,COY,O3,1,157.0,24.24203821656051,31.75919032623497,1.0,2.0,9.0,32.0,126.0
2010-08-01,COY,PM2.5,2,157.0,14.235668789808917,9.670958459771306,1.0,7.0,11.0,19.0,46.0
2010-08-01,CUA,O3,1,17.0,13.529411764705882,16.834182661547693,0.0,1.0,6.0,29.0,47.0
2010-08-01,FAC,CO,15,155.0,0.6664516129032252,0.4831279870430451,0.0,0.3,0.6,0.8,2.7
2010-08-01,FAC,NO,1,155.0,17.825806451612902,21.909539044241143,0.0,5.0,11.0,20.0,134.0
2010-08-01,FAC,NO2,1,155.0,20.045161290322582,7.8635621414050325,5.0,15.0,19.0,24.0,46.0
2010-08-01,FAC,NOX,1,155.0,37.806451612903224,25.677848550031555,5.0,22.5,32.0,45.5,148.0
2010-08-01,FAC,O3,1,155.0,21.761290322580646,22.010647916426265,1.0,5.0,15.0,33.0,88.0
2010-08-01,FAC,PM10,2,147.0,22.523809523809526,12.241481988653938,3.0,13.5,20.0,31.5,57.0
2010-08-01,FAC,SO2,1,148.0,4.986486486486487,5.946457799426509,1.0,3.0,3.0,4.0,45.0
2010-08-01,IMP,CO,15,157.0,1.2140127388535018,0.6135707384798693,0.5,0.8,1.0,1.4,3.4
2010-08-01,IZT,CO,15,157.0,0.8802547770700644,0.5704743292327636,0.0,0.4,0.8,1.3,2.5
2010-08-01,IZT,NO,1,157.0,23.280254777070063,25.523200706291668,0.0,4.0,14.0,33.0,119.0
2010-08-01,IZT,NO2,1,157.0,25.35031847133758,10.859160284175431,7.0,18.0,23.0,31.0,59.0
2010-08-01,IZT,NOX,1,157.0,48.52866242038217,30.54474660222744,5.0,23.0,41.0,70.0,143.0
2010-08-01,IZT,O3,1,156.0,19.724358974358974,27.729237793684366,0.0,0.0,6.0,31.0,109.0
2010-08-01,IZT,PM10,2,161.0,30.503105590062113,15.566038442552788,3.0,21.0,27.0,38.0,81.0
2010-08-01,IZT,SO2,1,157.0,5.082802547770701,2.511414412594691,3.0,4.0,4.0,6.0,16.0
2010-08-01,LAG,CO,15,154.0,1.0246753246753249,0.48578643042849196,0.3,0.7,0.9,1.3,2.7
2010-08-01,LAG,NO,1,154.0,26.7987012987013,27.201590656615362,0.0,8.0,17.0,35.0,138.0
2010-08-01,LAG,NO2,1,154.0,28.675324675324674,10.516642967490228,11.0,22.0,26.0,36.0,68.0
2010-08-01,LAG,NOX,1,154.0,55.37012987012987,32.45992024335928,12.0,33.0,47.0,70.0,177.0
2010-08-01,LAG,O3,1,154.0,18.292207792207794,25.155185103223854,0.0,1.0,6.0,25.75,110.0
2010-08-01,LAG,SO2,1,154.0,3.5974025974025974,2.2155702153936834,1.0,2.0,3.0,4.0,15.0
2010-08-01,LLA,SO2,1,0.0,,,,,,,
2010-08-01,LPR,SO2,1,0.0,,,,,,,
2010-08-01,LVI,PM10,2,152.0,34.30263157894737,20.23636470824463,1.0,18.75,31.0,44.5,102.0
2010-08-01,LVI,SO2,1,159.0,1.2893081761006289,2.16223604359558,0.0,0.0,0.0,2.0,15.0
2010-08-01,MER,CO,15,161.0,1.187577639751553,0.5903132393034176,0.3,0.7,1.0,1.6,3.3
2010-08-01,MER,NO,1,161.0,37.96894409937888,33.84162052123253,2.0,13.0,24.0,54.0,160.0
2010-08-01,MER,NO2,1,161.0,33.4472049689441,12.666836928135416,12.0,25.0,30.0,41.0,82.0
2010-08-01,MER,NOX,1,161.0,71.44099378881988,40.44623664824963,14.0,39.0,61.0,98.0,212.0
2010-08-01,MER,O3,1,160.0,18.68125,25.662142509465202,0.0,1.0,6.0,28.25,103.0
2010-08-01,MER,PM10,2,156.0,38.87179487179487,21.203078884374452,1.0,24.0,36.0,48.0,106.0
2010-08-01,MER,PM2.5,2,153.0,22.326797385620914,15.843324206511227,1.0,10.0,18.0,31.0,76.0
2010-08-01,MER,SO2,1,160.0,1.55625,2.5021924348722817,0.0,0.0,1.0,2.0,15.0
2010-08-01,MON,O3,1,148.0,20.75,21.29861386055328,0.0,2.0,13.0,33.25,97.0
2010-08-01,PED,CO,15,155.0,0.31032258064516133,0.28516893911759184,0.0,0.1,0.2,0.5,1.1
2010-08-01,PED,NO,1,153.0,9.287581699346406,12.377118746115846,0.0,1.0,4.0,13.0,64.0
2010-08-01,PED,NO2,1,153.0,21.11764705882353,8.58313920647748,7.0,14.0,20.0,26.0,44.0
2010-08-01,PED,NOX,1,153.0,30.405228758169933,17.239580342193864,7.0,17.0,27.0,38.0,90.0
2010-08-01,PED,O3,1,136.0,25.88235294117647,32.83156990719156,0.0,4.0,12.0,31.0,139.0
2010-08-01,PED,PM10,2,157.0,25.59235668789809,14.704331916232285,1.0,15.0,21.0,35.0,83.0
2010-08-01,PED,SO2,1,155.0,3.5806451612903225,1.5283934683356608,2.0,3.0,3.0,4.0,13.0
2010-08-01,PER,PM2.5,2,149.0,19.892617449664428,11.26831298651781,1.0,11.0,18.0,27.0,54.0
2010-08-01,PLA,O3,1,158.0,22.40506329113924,30.191751937040948,0.0,1.0,8.0,32.75,127.0
2010-08-01,PLA,SO2,1,158.0,5.037974683544304,2.0869203713361144,4.0,4.0,4.0,5.0,19.0
2010-08-01,SAG,CO,15,149.0,0.5838926174496645,0.5668866031434403,0.0,0.2,0.4,0.8,3.2
2010-08-01,SAG,NO,1,149.0,20.348993288590606,24.03261471262814,0.0,6.0,11.0,25.0,142.0
2010-08-01,SAG,NO2,1,149.0,17.825503355704697,7.7142650800092945,5.0,13.0,17.0,21.0,45.0
2010-08-01,SAG,NOX,1,149.0,38.12751677852349,28.587771102864664,5.0,17.0,30.0,48.0,174.0
2010-08-01,SAG,O3,1,149.0,17.85234899328859,19.136556158491807,1.0,2.0,12.0,23.0,81.0
2010-08-01,SAG,PM10,2,150.0,38.61333333333334,17.015502866727335,3.0,27.25,36.5,45.75,92.0
2010-08-01,SAG,PM2.5,2,142.0,17.056338028169016,10.07614600974744,1.0,10.0,14.5,23.0,56.0
2010-08-01,SAG,SO2,1,149.0,5.785234899328859,10.439376960795345,2.0,3.0,4.0,4.0,86.0
2010-08-01,SJA,PM2.5,2,150.0,16.226666666666667,10.852981322172186,1.0,9.0,14.0,22.0,65.0
2010-08-01,SUR,CO,15,148.0,1.2040540540540536,0.6510983267309851,0.1,0.775,1.1,1.6,3.8
2010-08-01,SUR,NO,1,148.0,19.22972972972973,22.96791450099675,0.0,3.0,9.5,27.75,140.0
2010-08-01,SUR,NO2,1,148.0,24.12837837837838,9.002101346073117,8.0,17.0,22.0,30.0,47.0
2010-08-01,SUR,NOX,1,148.0,43.391891891891895,26.32518649535923,9.0,24.75,37.5,54.25,163.0
2010-08-01,SUR,O3,1,148.0,24.513513513513512,31.367144838610145,1.0,2.0,10.0,33.0,125.0
2010-08-01,SUR,PM10,2,144.0,24.07638888888889,16.177373416130024,1.0,13.0,21.0,31.0,98.0
2010-08-01,SUR,SO2,1,148.0,2.3445945945945947,1.7407201490330066,0.0,1.0,2.0,3.0,12.0
2010-08-01,TAC,CO,15,157.0,0.577707006369427,0.4225379251852157,0.0,0.3,0.5,0.8,2.0
2010-08-01,TAC,NO,1,157.0,16.573248407643312,20.83057535231349,0.0,3.0,9.0,22.0,109.0
2010-08-01,TAC,NO2,1,157.0,22.770700636942674,8.059770795450195,9.0,17.0,22.0,28.0,47.0
2010-08-01,TAC,NOX,1,157.0,39.28025477707006,24.475218863091115,9.0,21.0,34.0,48.0,145.0
2010-08-01,TAC,O3,1,132.0,23.416666666666668,25.608038357100448,1.0,3.0,12.0,38.25,102.0
2010-08-01,TAC,SO2,1,157.0,3.0127388535031847,5.3011697561886715,0.0,1.0,2.0,2.0,34.0
2010-08-01,TAH,O3,1,161.0,28.714285714285715,28.118372234943777,1.0,6.0,18.0,44.0,109.0
2010-08-01,TAH,PM10,2,146.0,28.34931506849315,22.06122904812514,1.0,12.0,23.0,38.75,139.0
2010-08-01,TAH,SO2,1,161.0,3.7763975155279503,1.8939877087757957,1.0,3.0,3.0,5.0,10.0
2010-08-01,TAX,CO,15,153.0,2.0908496732026145,0.7129774002770448,0.7,1.6,2.0,2.5,4.7
2010-08-01,TAX,NO,1,153.0,52.35294117647059,40.266623012025356,2.0,22.0,43.0,67.0,223.0
2010-08-01,TAX,NO2,1,153.0,33.411764705882355,12.142535833613515,12.0,26.0,32.0,39.0,72.0
2010-08-01,TAX,NOX,1,153.0,85.70588235294117,41.36453514548251,14.0,58.0,77.0,104.0,257.0
2010-08-01,TAX,O3,1,78.0,12.435897435897436,17.147632257582735,0.0,1.0,3.5,19.0,71.0
2010-08-01,TAX,PM10,2,143.0,36.95804195804196,24.199253313435204,1.0,17.0,34.0,53.5,132.0
2010-08-01,TAX,SO2,1,153.0,1.0392156862745099,1.5554756970016754,0.0,0.0,1.0,1.0,10.0
2010-08-01,TLA,CO,15,160.0,1.1481249999999998,0.3928563158530871,0.5,0.9,1.1,1.3,2.7
2010-08-01,TLA,NO,1,160.0,28.025,26.760984930779532,1.0,11.0,17.5,36.0,128.0
2010-08-01,TLA,NO2,1,160.0,23.7625,8.6282317799071,9.0,17.75,22.0,28.25,56.0
2010-08-01,TLA,NOX,1,160.0,51.7,32.44187836266751,10.0,30.75,42.5,61.5,168.0
2010-08-01,TLA,O3,1,141.0,19.141843971631207,20.557786693083923,0.0,3.0,10.0,31.0,79.0
2010-08-01,TLA,PM10,2,159.0,39.61006289308176,19.014954790696237,5.0,25.5,37.0,51.5,99.0
2010-08-01,TLA,PM2.5,2,146.0,19.205479452054796,11.087064726576594,1.0,11.0,16.0,26.0,55.0
2010-08-01,TLA,SO2,1,160.0,5.36875,7.181056381530296,1.0,2.0,3.0,5.0,58.0
2010-08-01,TLI,CO,15,160.0,0.3962500000000004,0.37899030040192594,0.0,0.1,0.3,0.6,1.8
2010-08-01,TLI,NO,1,160.0,13.0,14.968730510025258,1.0,3.0,6.0,18.25,81.0
2010-08-01,TLI,NO2,1,160.0,16.79375,7.66770313611891,6.0,10.0,16.0,22.0,38.0
2010-08-01,TLI,NOX,1,160.0,29.775,21.116016753213962,8.0,13.0,22.0,40.75,109.0
2010-08-01,TLI,PM10,2,148.0,29.493243243243242,18.026245650910255,1.0,15.0,27.0,39.0,89.0
2010-08-01,TLI,SO2,1,160.0,2.90625,9.730194769457203,0.0,0.0,0.0,1.25,80.0
2010-08-01,TPN,O3,1,152.0,27.269736842105264,29.809543428246055,0.0,5.0,16.5,36.5,126.0
2010-08-01,UIZ,CO,15,154.0,1.0337662337662343,0.681522783532073,0.1,0.42500000000000004,0.9,1.4,3.5
2010-08-01,UIZ,NO,1,154.0,19.785714285714285,23.617032815934873,0.0,2.0,11.0,30.75,119.0
2010-08-01,UIZ,NO2,1,154.0,24.525974025974026,11.162611527052984,5.0,17.25,23.0,31.0,63.0
2010-08-01,UIZ,NOX,1,154.0,44.201298701298704,29.637544611352904,5.0,20.0,39.5,59.75,150.0
2010-08-01,UIZ,O3,1,154.0,22.31168831168831,27.529549063520406,0.0,1.0,9.5,39.5,103.0
2010-08-01,UIZ,PM2.5,2,148.0,21.054054054054053,15.26847438297136,1.0,10.0,17.5,28.0,75.0
2010-08-01,UIZ,SO2,1,152.0,2.776315789473684,2.7649589973872093,1.0,1.0,2.0,3.0,24.0
2010-08-01,VAL,CO,15,0.0,,,,,,,
2010-08-01,VAL,SO2,1,0.0,,,,,,,
2010-08-01,VIF,CO,15,0.0,,,,,,,
2010-08-01,VIF,NO,1,0.0,,,,,,,
2010-08-01,VIF,NO2,1,0.0,,,,,,,
2010-08-01,VIF,NOX,1,0.0,,,,,,,
2010-08-01,VIF,PM10,2,0.0,,,,,,,
2010-08-01,VIF,SO2,1,0.0,,,,,,,
2010-08-01,XAL,CO,15,160.0,1.0043750000000005,0.5482214668631277,0.1,0.7,0.9,1.225,3.7
2010-08-01,XAL,NO,1,160.0,41.3,36.1660739597261,2.0,19.0,30.5,50.0,250.0
2010-08-01,XAL,NO2,1,160.0,15.7375,8.105815522390015,0.0,11.0,14.0,19.0,48.0
2010-08-01,XAL,NOX,1,160.0,57.0125,38.87085333503385,1.0,32.75,47.0,73.25,270.0
2010-08-01,XAL,O3,1,159.0,16.528301886792452,16.0485068987878,2.0,4.0,11.0,23.5,74.0
2010-08-01,XAL,PM10,2,157.0,66.78980891719745,35.691166731497596,6.0,37.0,65.0,90.0,175.0
2010-08-01,XAL,SO2,1,160.0,3.175,3.6815877078122767,1.0,2.0,2.0,4.0,34.0
2010-08-08,ACO,O3,1,161.0,23.757763975155278,15.929444590723936,1.0,12.0,21.0,34.0,75.0
2010-08-08,ACO,PM2.5,2,141.0,10.25531914893617,5.896008644255087,1.0,6.0,9.0,14.0,27.0
2010-08-08,ACO,SO2,1,161.0,0.13664596273291926,0.41074466536307436,0.0,0.0,0.0,0.0,2.0
2010-08-08,ARA,SO2,1,0.0,,,,,,,
2010-08-08,ATI,NO,1,161.0,7.472049689440993,7.881197649946073,1.0,3.0,5.0,9.0,44.0
2010-08-08,ATI,NO2,1,161.0,13.24223602484472,5.669850524391636,4.0,9.0,12.0,17.0,29.0
2010-08-08,ATI,NOX,1,161.0,20.683229813664596,11.601412823579103,6.0,12.0,18.0,26.0,73.0
2010-08-08,ATI,SO2,1,161.0,4.236024844720497,4.154087637421586,2.0,3.0,3.0,4.0,34.0
2010-08-08,AZC,NO,1,161.0,7.472049689440993,9.516473947713802,0.0,1.0,3.0,10.0,36.0
2010-08-08,AZC,NO2,1,161.0,17.62111801242236,5.563209616959981,7.0,13.0,17.0,21.0,37.0
2010-08-08,AZC,NOX,1,161.0,24.975155279503106,12.797924788104815,7.0,14.0,22.0,32.0,56.0
2010-08-08,AZC,O3,1,161.0,22.86335403726708,26.932902019279773,0.0,4.0,11.0,34.0,131.0
2010-08-08,AZC,SO2,1,161.0,3.012422360248447,2.26381198876958,1.0,2.0,2.0,3.0,17.0
2010-08-08,CAM,PM2.5,2,151.0,15.450331125827814,7.955449907010796,1.0,10.0,14.0,19.0,41.0
2010-08-08,CES,NO,1,158.0,18.582278481012658,19.23876632758205,0.0,6.0,11.0,25.0,95.0
2010-08-08,CES,NO2,1,158.0,23.61392405063291,8.308329550382666,7.0,19.0,22.0,27.0,53.0
2010-08-08,CES,NOX,1,158.0,42.14556962025316,23.684988379018264,8.0,24.25,35.5,54.75,123.0
2010-08-08,CES,O3,1,159.0,21.452830188679247,21.50940274615495,3.0,5.0,12.0,30.0,80.0
2010-08-08,CES,PM10,2,144.0,27.854166666666668,21.545193597015263,2.0,14.0,24.0,36.25,131.0
2010-08-08,CES,SO2,1,159.0,1.8679245283018868,1.044050095475744,1.0,1.0,2.0,2.0,9.0
2010-08-08,CHO,CO,15,160.0,0.6187500000000001,0.29972471646558857,0.2,0.4,0.6,0.725,1.7
2010-08-08,CHO,O3,1,160.0,22.9625,21.841305136435725,0.0,5.0,15.0,33.25,93.0
2010-08-08,CHO,SO2,1,160.0,0.9,1.4887418182001413,0.0,0.0,0.0,1.0,7.0
2010-08-08,COY,O3,1,134.0,26.597014925373134,28.033041568723153,1.0,8.0,14.5,37.25,114.0
2010-08-08,COY,PM2.5,2,153.0,9.372549019607844,6.281638188257373,1.0,5.0,8.0,12.0,38.0
2010-08-08,CUA,O3,1,0.0,,,,,,,
2010-08-08,FAC,CO,15,149.0,0.4134228187919464,0.3500304461894254,0.0,0.2,0.4,0.6,1.7
2010-08-08,FAC,NO,1,128.0,11.34375,13.731644871104908,0.0,2.75,7.0,15.0,73.0
2010-08-08,FAC,NO2,1,128.0,17.7734375,7.695192121795179,6.0,13.75,17.0,21.0,45.0
2010-08-08,FAC,NOX,1,128.0,29.15625,18.28447019723844,6.0,17.0,26.0,37.25,104.0
2010-08-08,FAC,O3,1,149.0,27.436241610738254,25.073492557326574,1.0,11.0,20.0,36.0,127.0
2010-08-08,FAC,PM10,2,144.0,24.88888888888889,16.991199330855217,1.0,11.0,21.5,33.25,92.0
2010-08-08,FAC,SO2,1,145.0,3.9586206896551723,2.750948982899063,2.0,3.0,3.0,4.0,22.0
2010-08-08,IMP,CO,15,160.0,0.9625000000000004,0.34363026788437806,0.5,0.7,0.9,1.125,2.3
2010-08-08,IZT,CO,15,160.0,0.5093750000000001,0.31359086332313385,0.0,0.3,0.5,0.7,1.5
2010-08-08,IZT,NO,1,160.0,11.5375,12.369005440919015,0.0,3.0,7.0,15.0,53.0
2010-08-08,IZT,NO2,1,160.0,19.79375,7.630703352103182,3.0,15.0,20.0,23.25,47.0
2010-08-08,IZT,NOX,1,160.0,31.2625,17.05392391078126,3.0,19.0,27.5,43.0,79.0
2010-08-08,IZT,O3,1,160.0,22.55,26.717671348082547,0.0,2.0,12.0,33.25,107.0
2010-08-08,IZT,PM10,2,160.0,26.26875,12.961831667965736,3.0,17.0,24.0,34.0,89.0
2010-08-08,IZT,SO2,1,160.0,4.28125,1.664168725571362,3.0,3.0,4.0,5.0,19.0
2010-08-08,LAG,CO,15,160.0,0.865,0.3041019359053534,0.3,0.7,0.8500000000000001,1.0,1.6
2010-08-08,LAG,NO,1,159.0,14.748427672955975,12.622046491703436,0.0,5.5,11.0,21.0,63.0
2010-08-08,LAG,NO2,1,159.0,23.88679245283019,8.061457866767288,7.0,19.0,23.0,28.0,48.0
2010-08-08,LAG,NOX,1,159.0,38.528301886792455,17.378806866721874,7.0,25.5,38.0,48.5,89.0
2010-08-08,LAG,O3,1,160.0,20.76875,24.72165090735053,0.0,3.75,10.5,32.25,119.0
2010-08-08,LAG,SO2,1,159.0,2.6792452830188678,1.2134309278531872,1.0,2.0,2.0,3.0,10.0
2010-08-08,LLA,SO2,1,0.0,,,,,,,
2010-08-08,LPR,SO2,1,0.0,,,,,,,
2010-08-08,LVI,PM10,2,110.0,32.41818181818182,22.19735574721624,1.0,17.0,29.0,45.0,124.0
2010-08-08,LVI,SO2,1,114.0,0.3508771929824561,1.7396086231610046,0.0,0.0,0.0,0.0,18.0
2010-08-08,MER,CO,15,128.0,0.8781249999999999,0.4123941047563546,0.1,0.6,0.8,1.2,1.9
2010-08-08,MER,NO,1,128.0,26.8515625,23.551615235829058,1.0,8.0,20.0,38.25,102.0
2010-08-08,MER,NO2,1,128.0,27.5078125,9.248107781561052,7.0,21.0,28.0,32.0,54.0
2010-08-08,MER,NOX,1,128.0,54.2890625,28.787615541461438,8.0,31.0,51.0,75.5,131.0
2010-08-08,MER,O3,1,128.0,21.8671875,25.600618562208933,0.0,3.0,11.5,31.25,133.0
2010-08-08,MER,PM10,2,40.0,31.575,14.813174143482154,3.0,19.75,36.0,42.25,59.0
2010-08-08,MER,PM2.5,2,40.0,14.65,9.149891410312629,1.0,6.75,13.0,23.0,33.0
2010-08-08,MER,SO2,1,129.0,0.6201550387596899,1.8548660600634197,0.0,0.0,0.0,1.0,16.0
2010-08-08,MON,O3,1,161.0,23.47826086956522,19.170643884766147,1.0,8.0,16.0,35.0,77.0
2010-08-08,PED,CO,15,114.0,0.17017543859649117,0.14690302897616606,0.0,0.0,0.2,0.275,0.6
2010-08-08,PED,NO,1,159.0,5.138364779874214,7.674120563494911,0.0,0.0,2.0,7.0,40.0
2010-08-08,PED,NO2,1,159.0,16.81761006289308,5.872975380645675,4.0,13.0,17.0,21.0,31.0
2010-08-08,PED,NOX,1,159.0,21.88050314465409,11.242080070085123,5.0,14.0,21.0,28.0,59.0
2010-08-08,PED,O3,1,159.0,26.29559748427673,28.959935978651423,0.0,6.0,16.0,32.5,131.0
2010-08-08,PED,PM10,2,158.0,23.050632911392405,13.135160898373915,1.0,14.0,19.0,31.0,63.0
2010-08-08,PED,SO2,1,159.0,3.3333333333333335,0.8008434372400544,2.0,3.0,3.0,3.0,8.0
2010-08-08,PER,PM2.5,2,149.0,13.288590604026846,6.678217214372677,1.0,9.0,12.0,18.0,32.0
2010-08-08,PLA,O3,1,161.0,25.217391304347824,28.087518502925356,1.0,6.0,14.0,35.0,134.0
2010-08-08,PLA,SO2,1,161.0,5.031055900621118,0.8833343099334419,4.0,5.0,5.0,5.0,9.0
2010-08-08,SAG,CO,15,153.0,0.2908496732026144,0.3175480645600183,0.0,0.1,0.2,0.4,1.6
2010-08-08,SAG,NO,1,153.0,10.07843137254902,10.375533855488,0.0,4.0,6.0,12.0,46.0
2010-08-08,SAG,NO2,1,153.0,12.88888888888889,6.109263410199686,3.0,7.0,12.0,17.0,33.0
2010-08-08,SAG,NOX,1,153.0,22.92156862745098,15.314049883652896,4.0,11.0,18.0,30.0,75.0
2010-08-08,SAG,O3,1,153.0,21.18954248366013,16.2904361811927,1.0,9.0,18.0,31.0,65.0
2010-08-08,SAG,PM10,2,152.0,33.901315789473685,18.89418420924093,1.0,19.0,32.0,46.0,125.0
2010-08-08,SAG,PM2.5,2,147.0,11.204081632653061,6.479619022614061,1.0,7.0,10.0,15.0,42.0
2010-08-08,SAG,SO2,1,153.0,3.9411764705882355,2.186186580488011,3.0,3.0,4.0,4.0,20.0
2010-08-08,SJA,PM2.5,2,159.0,10.70440251572327,6.766965046327748,1.0,6.0,10.0,15.0,33.0
2010-08-08,SUR,CO,15,156.0,0.6852564102564104,0.34618743518681355,0.0,0.5,0.7,0.925,1.6
2010-08-08,SUR,NO,1,155.0,8.2,9.584484214726306,0.0,2.0,5.0,10.5,54.0
2010-08-08,SUR,NO2,1,155.0,18.767741935483873,6.2009837456237324,5.0,15.0,19.0,24.0,35.0
2010-08-08,SUR,NOX,1,155.0,26.89032258064516,13.673639319249588,7.0,17.0,24.0,36.0,79.0
2010-08-08,SUR,O3,1,155.0,27.12258064516129,27.83166828508115,1.0,8.0,15.0,34.5,111.0
2010-08-08,SUR,PM10,2,143.0,21.552447552447553,17.37072100382285,1.0,8.5,19.0,30.5,127.0
2010-08-08,SUR,SO2,1,155.0,2.0838709677419356,1.268780162252579,1.0,1.0,2.0,2.0,11.0
2010-08-08,TAC,CO,15,161.0,0.6279503105590061,0.3775266845079006,0.1,0.4,0.6,0.8,2.1
2010-08-08,TAC,NO,1,161.0,9.627329192546584,11.434498172075807,0.0,2.0,4.0,13.0,53.0
2010-08-08,TAC,NO2,1,161.0,20.577639751552795,6.9395963062998085,8.0,15.0,19.0,24.0,43.0
2010-08-08,TAC,NOX,1,161.0,30.229813664596275,15.774682424380602,9.0,17.0,25.0,41.0,86.0
2010-08-08,TAC,O3,1,161.0,26.149068322981368,27.263806406141327,1.0,7.0,16.0,35.0,132.0
2010-08-08,TAC,SO2,1,161.0,2.7888198757763973,2.1863495199996006,1.0,2.0,2.0,3.0,19.0
2010-08-08,TAH,O3,1,156.0,28.205128205128204,26.701146030429037,1.0,9.0,16.0,39.0,113.0
2010-08-08,TAH,PM10,2,109.0,26.28440366972477,21.354629883591326,1.0,10.0,23.0,36.0,117.0
2010-08-08,TAH,SO2,1,156.0,2.5576923076923075,1.406163321012108,0.0,2.0,2.0,3.0,11.0
2010-08-08,TAX,CO,15,157.0,1.2707006369426752,0.5864125119455232,0.2,0.8,1.3,1.7,2.5
2010-08-08,TAX,NO,1,157.0,39.445859872611464,35.09317175610258,0.0,14.0,27.0,56.0,138.0
2010-08-08,TAX,NO2,1,157.0,29.840764331210192,9.7254026046385,8.0,23.0,29.0,36.0,56.0
2010-08-08,TAX,NOX,1,157.0,69.27388535031847,38.53713019150528,8.0,40.0,62.0,90.0,169.0
2010-08-08,TAX,O3,1,141.0,19.680851063829788,22.262177774658895,0.0,2.0,9.0,34.0,80.0
2010-08-08,TAX,PM10,2,157.0,38.18471337579618,22.250848919573354,4.0,20.0,39.0,53.0,127.0
2010-08-08,TAX,SO2,1,157.0,0.9872611464968153,1.0740962876816482,0.0,0.0,1.0,1.0,6.0
2010-08-08,TLA,CO,15,131.0,0.9748091603053436,0.30441457345342043,0.5,0.7,0.9,1.2,2.1
2010-08-08,TLA,NO,1,131.0,19.870229007633586,15.56198373085706,3.0,10.0,15.0,21.5,84.0
2010-08-08,TLA,NO2,1,131.0,21.64885496183206,7.715043909463902,10.0,15.0,21.0,25.0,52.0
2010-08-08,TLA,NOX,1,131.0,41.45038167938932,20.034667546514317,14.0,27.0,37.0,51.0,120.0
2010-08-08,TLA,O3,1,123.0,23.130081300813007,22.63790501428873,0.0,7.0,15.0,34.0,117.0
2010-08-08,TLA,PM10,2,131.0,38.20610687022901,18.248168530758157,6.0,25.0,36.0,48.0,108.0
2010-08-08,TLA,PM2.5,2,119.0,16.18487394957983,11.17728203412696,1.0,9.0,14.0,20.0,65.0
2010-08-08,TLA,SO2,1,131.0,3.687022900763359,2.9222856425056403,1.0,2.0,3.0,4.0,20.0
2010-08-08,TLI,CO,15,114.0,0.2473684210526316,0.25179375121959846,0.0,0.1,0.1,0.4,1.0
2010-08-08,TLI,NO,1,134.0,8.634328358208956,11.673207575872848,1.0,2.0,3.0,9.0,58.0
2010-08-08,TLI,NO2,1,134.0,16.67910447761194,7.978920297685767,6.0,11.0,15.0,20.0,45.0
2010-08-08,TLI,NOX,1,134.0,25.261194029850746,17.321345475738564,8.0,14.0,17.5,34.0,88.0
2010-08-08,TLI,PM10,2,155.0,32.0258064516129,20.391285504051748,1.0,16.0,27.0,44.0,104.0
2010-08-08,TLI,SO2,1,158.0,1.1518987341772151,3.939312260435992,0.0,0.0,0.0,1.0,28.0
2010-08-08,TPN,O3,1,150.0,28.133333333333333,26.921129314711497,0.0,10.0,18.5,37.75,121.0
2010-08-08,UIZ,CO,15,145.0,0.5186206896551726,0.3802386324724528,0.0,0.2,0.4,0.8,1.7
2010-08-08,UIZ,NO,1,145.0,10.620689655172415,15.391677479475197,0.0,1.0,4.0,15.0,73.0
2010-08-08,UIZ,NO2,1,145.0,19.46896551724138,8.069193106788067,4.0,14.0,20.0,24.0,41.0
2010-08-08,UIZ,NOX,1,145.0,29.90344827586207,20.909302866431325,4.0,15.0,25.0,43.0,99.0
2010-08-08,UIZ,O3,1,145.0,23.220689655172414,25.770749182163144,0.0,4.0,12.0,36.0,92.0
2010-08-08,UIZ,PM2.5,2,125.0,13.784,9.730716248543958,1.0,6.0,12.0,20.0,46.0
2010-08-08,UIZ,SO2,1,139.0,1.8848920863309353,1.167675361194119,1.0,1.0,2.0,2.0,7.0
2010-08-08,VAL,CO,15,0.0,,,,,,,
2010-08-08,VAL,SO2,1,0.0,,,,,,,
2010-08-08,VIF,CO,15,0.0,,,,,,,
2010-08-08,VIF,NO,1,0.0,,,,,,,
2010-08-08,VIF,NO2,1,0.0,,,,,,,
2010-08-08,VIF,NOX,1,0.0,,,,,,,
2010-08-08,VIF,PM10,2,0.0,,,,,,,
2010-08-08,VIF,SO2,1,0.0,,,,,,,
2010-08-08,XAL,CO,15,157.0,0.7904458598726115,0.4302330077531402,0.1,0.5,0.8,1.0,2.3
2010-08-08,XAL,NO,1,157.0,29.45859872611465,24.921798317079332,1.0,9.0,26.0,41.0,130.0
2010-08-08,XAL,NO2,1,157.0,12.656050955414013,7.2348102377929795,0.0,9.0,12.0,16.0,36.0
2010-08-08,XAL,NOX,1,157.0,41.89808917197452,29.413102067758977,0.0,20.0,39.0,57.0,147.0
2010-08-08,XAL,O3,1,156.0,20.634615384615383,18.795362001151833,2.0,8.0,14.5,28.25,100.0
2010-08-08,XAL,PM10,2,155.0,66.00645161290322,46.07905358061982,1.0,29.5,64.0,93.5,326.0
2010-08-08,XAL,SO2,1,157.0,2.0063694267515926,1.6270817643183255,0.0,1.0,2.0,3.0,8.0
2010-08-15,ACO,O3,1,161.0,22.149068322981368,17.708123552526747,1.0,7.0,17.0,32.0,68.0
2010-08-15,ACO,PM2.5,2,148.0,11.175675675675675,5.284705458703887,1.0,8.0,11.0,14.25,29.0
2010-08-15,ACO,SO2,1,161.0,0.09937888198757763,0.32025319951757286,0.0,0.0,0.0,0.0,2.0
2010-08-15,ARA,SO2,1,0.0,,,,,,,
2010-08-15,ATI,NO,1,134.0,14.059701492537313,13.881215301841834,1.0,5.0,8.0,20.0,65.0
2010-08-15,ATI,NO2,1,134.0,16.059701492537314,6.80862035866436,4.0,10.0,15.0,21.0,35.0
2010-08-15,ATI,NOX,1,134.0,30.097014925373134,17.832077796519652,6.0,16.0,25.0,41.0,81.0
2010-08-15,ATI,SO2,1,158.0,4.227848101265823,3.7635508612293362,2.0,3.0,3.0,4.0,31.0
2010-08-15,AZC,NO,1,88.0,14.261363636363637,15.865450294953845,0.0,2.75,7.5,18.0,68.0
2010-08-15,AZC,NO2,1,88.0,20.375,6.310568584689415,7.0,16.0,20.5,24.0,36.0
2010-08-15,AZC,NOX,1,88.0,34.51136363636363,18.46711542559126,6.0,21.75,32.0,44.0,91.0
2010-08-15,AZC,O3,1,156.0,19.83974358974359,27.45612260172448,0.0,0.0,7.0,27.5,105.0
2010-08-15,AZC,SO2,1,151.0,3.1059602649006623,1.1840738596376768,1.0,2.0,3.0,3.0,10.0
2010-08-15,CAM,PM2.5,2,125.0,17.92,11.734014520793535,1.0,10.0,15.0,24.0,60.0
2010-08-15,CES,NO,1,161.0,25.403726708074533,24.680047326227815,0.0,8.0,18.0,37.0,136.0
2010-08-15,CES,NO2,1,161.0,23.204968944099377,11.318744416024218,4.0,15.0,21.0,30.0,56.0
2010-08-15,CES,NOX,1,161.0,48.40372670807454,29.507282762478223,4.0,28.0,45.0,61.0,166.0
2010-08-15,CES,O3,1,161.0,20.006211180124225,22.719896812708555,3.0,5.0,11.0,23.0,111.0
2010-08-15,CES,PM10,2,130.0,25.876923076923077,16.11779092362235,2.0,14.0,22.0,37.0,68.0
2010-08-15,CES,SO2,1,161.0,2.1801242236024843,1.5885850573614386,1.0,2.0,2.0,2.0,18.0
2010-08-15,CHO,CO,15,158.0,0.6689873417721517,0.4246995039184271,0.1,0.3,0.6,0.9,2.2
2010-08-15,CHO,O3,1,158.0,18.639240506329113,20.960447543001916,0.0,3.0,13.0,25.0,89.0
2010-08-15,CHO,SO2,1,158.0,1.4936708860759493,1.3532072562084725,0.0,0.0,1.0,2.0,7.0
2010-08-15,COY,O3,1,158.0,25.0,31.131731615440156,1.0,3.0,12.0,28.0,140.0
2010-08-15,COY,PM2.5,2,150.0,11.1,10.245149449779738,1.0,4.0,7.0,16.0,46.0
2010-08-15,CUA,O3,1,0.0,,,,,,,
2010-08-15,FAC,CO,15,158.0,0.8018987341772155,0.5476610973750144,0.0,0.4,0.7,1.1,3.5
2010-08-15,FAC,NO,1,158.0,25.341772151898734,29.949590801815006,0.0,6.0,13.5,33.75,211.0
2010-08-15,FAC,NO2,1,158.0,21.265822784810126,8.938158177818675,5.0,15.0,20.5,26.0,55.0
2010-08-15,FAC,NOX,1,158.0,46.5,32.19125766514403,6.0,25.0,38.0,61.5,227.0
2010-08-15,FAC,O3,1,158.0,23.227848101265824,27.885776739843962,0.0,2.0,13.0,33.0,115.0
2010-08-15,FAC,PM10,2,146.0,25.184931506849313,19.273352489958068,1.0,11.0,23.0,34.75,97.0
2010-08-15,FAC,SO2,1,157.0,4.140127388535032,3.4277498762945564,2.0,3.0,3.0,4.0,34.0
2010-08-15,IMP,CO,15,34.0,1.626470588235294,0.6598020013056313,0.7,1.2,1.5,2.075,3.3
2010-08-15,IZT,CO,15,157.0,0.7375796178343946,0.4842935659736175,0.0,0.3,0.6,1.0,2.1
2010-08-15,IZT,NO,1,157.0,19.777070063694268,22.398087923804912,0.0,4.0,10.0,25.0,105.0
2010-08-15,IZT,NO2,1,157.0,22.67515923566879,10.407847483380126,4.0,16.0,21.0,29.0,62.0
2010-08-15,IZT,NOX,1,157.0,42.382165605095544,27.715943535252816,9.0,21.0,33.0,59.0,124.0
2010-08-15,IZT,O3,1,157.0,20.796178343949045,29.55736249412345,0.0,0.0,7.0,25.0,127.0
2010-08-15,IZT,PM10,2,160.0,26.3125,13.440849918843693,5.0,16.75,23.0,33.0,71.0
2010-08-15,IZT,SO2,1,157.0,4.726114649681529,1.2015559622260341,3.0,4.0,4.0,5.0,10.0
2010-08-15,LAG,CO,15,159.0,1.077987421383648,0.4368540872095204,0.3,0.8,1.1,1.4,2.8
2010-08-15,LAG,NO,1,159.0,26.270440251572328,24.968001175831933,0.0,8.0,19.0,35.0,153.0
2010-08-15,LAG,NO2,1,159.0,27.37735849056604,10.246752647239472,10.0,20.0,25.0,33.0,62.0
2010-08-15,LAG,NOX,1,159.0,53.540880503144656,29.256340249413075,10.0,34.0,47.0,67.5,188.0
2010-08-15,LAG,O3,1,158.0,17.803797468354432,26.161541000590912,0.0,1.0,5.0,22.75,108.0
2010-08-15,LAG,SO2,1,159.0,2.9371069182389937,0.9525816659312166,2.0,2.0,3.0,3.0,7.0
2010-08-15,LLA,SO2,1,0.0,,,,,,,
2010-08-15,LPR,SO2,1,0.0,,,,,,,
2010-08-15,LVI,PM10,2,150.0,35.346666666666664,21.395598451775534,3.0,20.25,33.0,47.0,116.0
2010-08-15,LVI,SO2,1,156.0,0.6410256410256411,0.9899411383525851,0.0,0.0,0.0,1.0,4.0
2010-08-15,MER,CO,15,143.0,0.983916083916084,0.4805587050141094,0.3,0.6,0.8,1.35,2.2
2010-08-15,MER,NO,1,143.0,30.524475524475523,27.925663941779167,1.0,9.0,21.0,48.0,130.0
2010-08-15,MER,NO2,1,143.0,28.51048951048951,12.121373936015678,8.0,20.5,27.0,37.0,60.0
2010-08-15,MER,NOX,1,143.0,58.98601398601399,35.340394239251474,12.0,31.0,51.0,83.0,159.0
2010-08-15,MER,O3,1,143.0,17.706293706293707,25.167840022097987,0.0,1.0,6.0,24.0,105.0
2010-08-15,MER,PM10,2,0.0,,,,,,,
2010-08-15,MER,PM2.5,2,0.0,,,,,,,
2010-08-15,MER,SO2,1,143.0,3.2587412587412588,2.815233427174895,0.0,0.0,5.0,6.0,8.0
2010-08-15,MON,O3,1,161.0,23.180124223602483,21.47757208076536,0.0,6.0,18.0,32.0,85.0
2010-08-15,PED,CO,15,153.0,0.2326797385620916,0.23698491661959065,0.0,0.0,0.2,0.4,1.0
2010-08-15,PED,NO,1,156.0,7.67948717948718,11.221515727351163,0.0,1.0,3.0,11.0,64.0
2010-08-15,PED,NO2,1,156.0,17.05128205128205,7.8844844549237205,3.0,12.0,17.0,22.0,52.0
2010-08-15,PED,NOX,1,156.0,24.653846153846153,15.084559012299087,3.0,13.0,23.0,32.25,82.0
2010-08-15,PED,O3,1,156.0,22.435897435897434,29.574439593235407,0.0,3.75,10.0,25.5,144.0
2010-08-15,PED,PM10,2,140.0,21.62142857142857,16.30750714583342,1.0,9.0,17.5,30.25,74.0
2010-08-15,PED,SO2,1,151.0,3.7549668874172184,2.24489609979977,2.0,3.0,3.0,4.0,23.0
2010-08-15,PER,PM2.5,2,146.0,14.876712328767123,8.560446661694067,1.0,9.0,13.0,20.0,39.0
2010-08-15,PLA,O3,1,161.0,22.062111801242235,30.50608329517939,0.0,2.0,10.0,24.0,145.0
2010-08-15,PLA,SO2,1,161.0,5.6397515527950315,1.6068322681251468,4.0,5.0,5.0,6.0,17.0
2010-08-15,SAG,CO,15,154.0,0.4402597402597404,0.41499972131961327,0.0,0.2,0.3,0.6,1.9
2010-08-15,SAG,NO,1,154.0,15.116883116883116,17.48610953937011,1.0,4.0,9.0,18.0,97.0
2010-08-15,SAG,NO2,1,154.0,14.967532467532468,6.105198504016783,4.0,11.0,14.0,18.0,37.0
2010-08-15,SAG,NOX,1,154.0,30.038961038961038,20.79431895673165,4.0,17.0,24.0,38.75,123.0
2010-08-15,SAG,O3,1,155.0,21.509677419354837,20.824987408030204,1.0,5.0,14.0,30.5,78.0
2010-08-15,SAG,PM10,2,149.0,31.885906040268456,16.007823341299314,5.0,20.0,28.0,44.0,74.0
2010-08-15,SAG,PM2.5,2,146.0,13.431506849315069,8.645435338749834,1.0,7.0,11.0,17.0,43.0
2010-08-15,SAG,SO2,1,154.0,3.25974025974026,0.9414576016763485,2.0,3.0,3.0,4.0,8.0
2010-08-15,SJA,PM2.5,2,153.0,12.803921568627452,7.287388911791576,1.0,7.0,12.0,17.0,40.0
2010-08-15,SUR,CO,15,159.0,0.7194968553459122,0.470587834309574,0.0,0.35,0.6,1.0,2.2
2010-08-15,SUR,NO,1,159.0,10.867924528301886,15.106421305275978,0.0,2.0,4.0,14.0,85.0
2010-08-15,SUR,NO2,1,159.0,18.559748427672957,9.05300229588075,3.0,12.5,17.0,24.0,52.0
2010-08-15,SUR,NOX,1,159.0,29.40880503144654,20.095094758998755,6.0,15.0,25.0,38.5,105.0
2010-08-15,SUR,O3,1,159.0,24.88679245283019,30.12421145185201,0.0,5.0,14.0,28.5,141.0
2010-08-15,SUR,PM10,2,128.0,24.0234375,20.048156529130935,1.0,10.0,19.0,34.25,110.0
2010-08-15,SUR,SO2,1,159.0,2.1761006289308176,1.7193411720072034,1.0,1.0,2.0,3.0,14.0
2010-08-15,TAC,CO,15,161.0,0.8192546583850931,0.4566885601739861,0.1,0.5,0.8,1.1,2.5
2010-08-15,TAC,NO,1,161.0,16.316770186335404,20.84329099502056,0.0,3.0,8.0,23.0,111.0
2010-08-15,TAC,NO2,1,161.0,22.751552795031056,8.622667116313705,7.0,16.0,22.0,27.0,48.0
2010-08-15,TAC,NOX,1,161.0,39.037267080745345,23.845043562226348,7.0,22.0,33.0,48.0,134.0
2010-08-15,TAC,O3,1,161.0,24.25465838509317,30.0909619950712,1.0,3.0,10.0,34.0,129.0
2010-08-15,TAC,SO2,1,161.0,2.515527950310559,1.072995748256441,1.0,2.0,2.0,3.0,7.0
2010-08-15,TAH,O3,1,154.0,24.0974025974026,24.54308456053054,0.0,8.0,15.0,29.0,113.0
2010-08-15,TAH,PM10,2,125.0,22.632,19.769859757689474,1.0,8.0,18.0,30.0,95.0
2010-08-15,TAH,SO2,1,154.0,1.7727272727272727,2.0179674212853347,0.0,0.0,1.0,3.0,10.0
2010-08-15,TAX,CO,15,157.0,1.2356687898089178,0.6759620626258722,0.2,0.6,1.2,1.7,3.0
2010-08-15,TAX,NO,1,157.0,32.40764331210191,33.3285808305672,0.0,9.0,23.0,43.0,168.0
2010-08-15,TAX,NO2,1,157.0,28.11464968152866,14.632668120298428,4.0,17.0,26.0,38.0,75.0
2010-08-15,TAX,NOX,1,157.0,60.382165605095544,39.99367498580039,6.0,28.0,52.0,83.0,198.0
2010-08-15,TAX,O3,1,147.0,20.163265306122447,24.361164022936528,0.0,3.0,9.0,26.5,111.0
2010-08-15,TAX,PM10,2,147.0,32.59863945578231,25.888237098227624,1.0,13.5,25.0,45.0,159.0
2010-08-15,TAX,SO2,1,157.0,0.8089171974522293,0.8330801509888371,0.0,0.0,1.0,1.0,4.0
2010-08-15,TLA,CO,15,148.0,1.269594594594594,0.3802360140296296,0.6,1.0,1.2,1.5,2.5
2010-08-15,TLA,NO,1,148.0,28.074324324324323,25.142611258596453,3.0,12.0,19.0,37.25,190.0
2010-08-15,TLA,NO2,1,148.0,24.4527027027027,9.027798685631618,6.0,18.0,23.0,29.25,49.0
2010-08-15,TLA,NOX,1,148.0,52.486486486486484,29.274094439594872,16.0,31.75,47.0,67.0,227.0
2010-08-15,TLA,O3,1,64.0,22.921875,26.196028226455816,0.0,3.0,11.0,31.75,99.0
2010-08-15,TLA,PM10,2,147.0,36.8843537414966,19.447687824958106,8.0,22.0,31.0,50.0,86.0
2010-08-15,TLA,PM2.5,2,141.0,17.851063829787233,10.54712971802062,1.0,11.0,15.0,22.0,52.0
2010-08-15,TLA,SO2,1,148.0,3.0337837837837838,1.6263792285655256,1.0,2.0,3.0,4.0,8.0
2010-08-15,TLI,CO,15,160.0,0.25187500000000007,0.30405475239310126,0.0,0.0,0.15000000000000002,0.4,1.7
2010-08-15,TLI,NO,1,160.0,11.15625,14.344611713815253,1.0,3.0,6.5,13.0,84.0
2010-08-15,TLI,NO2,1,160.0,16.94375,6.95651079585378,6.0,12.0,16.0,20.0,39.0
2010-08-15,TLI,NOX,1,160.0,28.03125,18.724558210774408,7.0,15.0,24.0,34.0,108.0
2010-08-15,TLI,PM10,2,146.0,30.91780821917808,22.222854607072968,1.0,15.0,27.0,42.0,116.0
2010-08-15,TLI,SO2,1,160.0,1.1,1.8126043669799992,0.0,0.0,1.0,1.0,10.0
2010-08-15,TPN,O3,1,161.0,23.906832298136646,25.269745062583247,1.0,7.0,17.0,30.0,125.0
2010-08-15,UIZ,CO,15,157.0,0.6407643312101908,0.5563105817211877,0.0,0.2,0.5,1.0,3.2
2010-08-15,UIZ,NO,1,157.0,12.388535031847134,20.75271056794833,0.0,0.0,3.0,15.0,139.0
2010-08-15,UIZ,NO2,1,157.0,20.235668789808916,11.42317714089039,3.0,11.0,19.0,27.0,56.0
2010-08-15,UIZ,NOX,1,157.0,32.503184713375795,28.455683989864784,2.0,13.0,23.0,48.0,179.0
2010-08-15,UIZ,O3,1,157.0,24.484076433121018,29.359968624559972,1.0,3.0,12.0,29.0,125.0
2010-08-15,UIZ,PM2.5,2,137.0,15.262773722627736,12.828776289008323,1.0,6.0,11.0,20.0,55.0
2010-08-15,UIZ,SO2,1,152.0,2.2302631578947367,1.5417818655756006,1.0,1.0,2.0,3.0,12.0
2010-08-15,VAL,CO,15,0.0,,,,,,,
2010-08-15,VAL,SO2,1,0.0,,,,,,,
2010-08-15,VIF,CO,15,0.0,,,,,,,
2010-08-15,VIF,NO,1,0.0,,,,,,,
2010-08-15,VIF,NO2,1,0.0,,,,,,,
2010-08-15,VIF,NOX,1,0.0,,,,,,,
2010-08-15,VIF,PM10,2,0.0,,,,,,,
2010-08-15,VIF,SO2,1,0.0,,,,,,,
2010-08-15,XAL,CO,15,138.0,0.928985507246377,0.5828701823077447,0.1,0.5,0.9,1.2,2.7
2010-08-15,XAL,NO,1,138.0,35.47826086956522,37.75511129728181,1.0,9.0,22.5,45.75,186.0
2010-08-15,XAL,NO2,1,138.0,23.28985507246377,10.488229689639635,4.0,15.0,23.0,31.0,51.0
2010-08-15,XAL,NOX,1,138.0,58.710144927536234,42.57791533684331,5.0,25.25,53.0,74.75,215.0
2010-08-15,XAL,O3,1,137.0,17.437956204379564,17.930364204278384,2.0,4.0,9.0,29.0,70.0
2010-08-15,XAL,PM10,2,69.0,59.492753623188406,42.663396347387625,6.0,27.0,45.0,94.0,164.0
2010-08-15,XAL,SO2,1,138.0,2.420289855072464,1.6993411956733069,0.0,1.0,2.0,3.0,8.0
2010-08-22,ACO,O3,1,161.0,22.385093167701864,11.635109642694198,1.0,15.0,22.0,31.0,52.0
2010-08-22,ACO,PM2.5,2,149.0,7.355704697986577,5.039135792358559,1.0,3.0,6.0,11.0,26.0
2010-08-22,ACO,SO2,1,161.0,0.0,0.0,0.0,0.0,0.0,0.0,0.0
2010-08-22,ARA,SO2,1,0.0,,,,,,,
2010-08-22,ATI,NO,1,161.0,8.354037267080745,7.167121055458913,3.0,5.0,7.0,9.0,51.0
2010-08-22,ATI,NO2,1,161.0,11.614906832298137,5.123551151058759,4.0,7.0,11.0,16.0,28.0
2010-08-22,ATI,NOX,1,161.0,20.006211180124225,10.428624606347865,7.0,12.0,17.0,26.0,67.0
2010-08-22,ATI,SO2,1,161.0,4.919254658385094,9.349448616950294,2.0,3.0,3.0,3.0,67.0
2010-08-22,AZC,NO,1,161.0,13.726708074534162,17.012858217257232,0.0,3.0,7.0,19.0,102.0
2010-08-22,AZC,NO2,1,161.0,23.714285714285715,6.743912598993045,11.0,19.0,23.0,27.0,47.0
2010-08-22,AZC,NOX,1,161.0,37.37267080745342,20.651216633583722,14.0,23.0,31.0,44.0,129.0
2010-08-22,AZC,O3,1,160.0,16.8625,20.63229668909078,0.0,3.0,9.0,24.0,110.0
2010-08-22,AZC,SO2,1,161.0,4.086956521739131,3.649300111575893,2.0,3.0,3.0,4.0,35.0
2010-08-22,CAM,PM2.5,2,132.0,15.901515151515152,9.013865357279194,1.0,9.0,15.5,22.25,38.0
2010-08-22,CES,NO,1,133.0,18.796992481203006,19.302519618266917,0.0,6.0,14.0,24.0,116.0
2010-08-22,CES,NO2,1,133.0,20.37593984962406,8.75041254764198,3.0,15.0,20.0,26.0,46.0
2010-08-22,CES,NOX,1,133.0,38.8796992481203,24.734357650719605,4.0,22.0,35.0,48.0,141.0
2010-08-22,CES,O3,1,155.0,18.051612903225806,19.229574607604874,3.0,5.0,11.0,23.0,91.0
2010-08-22,CES,PM10,2,136.0,23.522058823529413,17.099260071392173,1.0,9.75,20.0,34.0,82.0
2010-08-22,CES,SO2,1,155.0,1.9096774193548387,1.6955546996254263,0.0,1.0,2.0,2.0,11.0
2010-08-22,CHO,CO,15,161.0,0.8987577639751554,0.4620589217891687,0.2,0.6,0.8,1.1,2.8
2010-08-22,CHO,O3,1,161.0,11.453416149068323,10.932720561780934,1.0,5.0,8.0,14.0,72.0
2010-08-22,CHO,SO2,1,161.0,1.8012422360248448,0.940876425044739,0.0,1.0,2.0,2.0,8.0
2010-08-22,COY,O3,1,160.0,21.925,24.72478704336242,1.0,4.0,12.0,26.5,108.0
2010-08-22,COY,PM2.5,2,155.0,10.903225806451612,8.238154970550758,1.0,5.0,8.0,15.0,44.0
2010-08-22,CUA,O3,1,126.0,27.857142857142858,22.859471309971898,0.0,13.25,21.0,32.75,106.0
2010-08-22,FAC,CO,15,159.0,0.5503144654088055,0.3246954198560607,0.1,0.4,0.5,0.7,2.1
2010-08-22,FAC,NO,1,159.0,10.264150943396226,11.520181977173724,0.0,4.0,8.0,11.0,73.0
2010-08-22,FAC,NO2,1,159.0,15.918238993710691,6.7373590527603335,4.0,11.5,15.0,19.5,41.0
2010-08-22,FAC,NOX,1,159.0,26.11949685534591,15.93434503341688,4.0,16.5,24.0,31.0,99.0
2010-08-22,FAC,O3,1,159.0,22.49685534591195,18.846439483037727,1.0,9.5,17.0,27.5,92.0
2010-08-22,FAC,PM10,2,141.0,20.28368794326241,13.806999384957285,1.0,10.0,19.0,28.0,77.0
2010-08-22,FAC,SO2,1,159.0,4.861635220125786,8.69269880411169,2.0,3.0,3.0,3.0,59.0
2010-08-22,IMP,CO,15,0.0,,,,,,,
2010-08-22,IZT,CO,15,157.0,0.6121019108280252,0.5374858756011033,0.0,0.3,0.5,0.7,3.9
2010-08-22,IZT,NO,1,157.0,17.929936305732483,23.71954583214224,1.0,4.0,9.0,20.0,149.0
2010-08-22,IZT,NO2,1,157.0,22.369426751592357,9.247512918731191,6.0,16.0,21.0,28.0,61.0
2010-08-22,IZT,NOX,1,157.0,40.24203821656051,30.156089930917904,7.0,21.0,30.0,45.0,189.0
2010-08-22,IZT,O3,1,157.0,18.726114649681527,23.78202603588236,0.0,2.0,9.0,26.0,102.0
2010-08-22,IZT,PM10,2,157.0,25.43949044585987,12.788886190560163,5.0,15.0,24.0,34.0,64.0
2010-08-22,IZT,SO2,1,156.0,4.987179487179487,3.8604482097911577,3.0,4.0,4.0,5.0,37.0
2010-08-22,LAG,CO,15,109.0,0.8825688073394499,0.44945317324937734,0.2,0.6,0.8,1.1,2.7
2010-08-22,LAG,NO,1,158.0,19.544303797468356,20.530417060338795,0.0,5.0,12.0,25.0,91.0
2010-08-22,LAG,NO2,1,158.0,23.879746835443036,9.05141548203888,7.0,18.0,23.0,29.0,55.0
2010-08-22,LAG,NOX,1,158.0,43.41139240506329,26.850880910915592,8.0,24.0,38.5,54.0,134.0
2010-08-22,LAG,O3,1,158.0,16.265822784810126,19.613597818411787,0.0,3.0,9.0,21.75,88.0
2010-08-22,LAG,SO2,1,158.0,3.050632911392405,2.331718341673625,1.0,2.0,2.5,3.0,20.0
2010-08-22,LLA,SO2,1,0.0,,,,,,,
2010-08-22,LPR,SO2,1,0.0,,,,,,,
2010-08-22,LVI,PM10,2,145.0,26.406896551724138,14.76693780400255,2.0,15.0,25.0,35.0,79.0
2010-08-22,LVI,SO2,1,161.0,1.204968944099379,2.9370861674931352,0.0,0.0,1.0,1.0,33.0
2010-08-22,MER,CO,15,161.0,0.9813664596273292,0.5138342350583623,0.2,0.6,0.9,1.3,2.8
2010-08-22,MER,NO,1,161.0,30.32919254658385,26.32555232030173,2.0,10.0,21.0,46.0,122.0
2010-08-22,MER,NO2,1,161.0,26.527950310559007,8.99448588844941,9.0,19.0,27.0,32.0,55.0
2010-08-22,MER,NOX,1,161.0,56.78260869565217,32.16941397744407,11.0,32.0,50.0,77.0,155.0
2010-08-22,MER,O3,1,161.0,16.84472049689441,20.809720987501006,0.0,3.0,9.0,21.0,95.0
2010-08-22,MER,PM10,2,0.0,,,,,,,
2010-08-22,MER,PM2.5,2,0.0,,,,,,,
2010-08-22,MER,SO2,1,161.0,6.236024844720497,3.4973481524404852,5.0,5.0,5.0,6.0,42.0
2010-08-22,MON,O3,1,158.0,21.49367088607595,16.85598301816979,1.0,7.25,19.0,33.0,78.0
2010-08-22,PED,CO,15,155.0,0.2445161290322581,0.2819555863256534,0.0,0.0,0.1,0.4,1.4
2010-08-22,PED,NO,1,156.0,8.711538461538462,11.47733228270156,0.0,1.0,4.0,11.0,48.0
2010-08-22,PED,NO2,1,156.0,18.865384615384617,7.765171654178585,4.0,13.0,19.0,23.0,47.0
2010-08-22,PED,NOX,1,156.0,27.46153846153846,16.366127338789678,3.0,15.0,23.0,35.25,79.0
2010-08-22,PED,O3,1,157.0,20.89171974522293,22.905205885101815,0.0,4.0,15.0,28.0,104.0
2010-08-22,PED,PM10,2,141.0,21.134751773049647,14.025089690650839,1.0,10.0,19.0,30.0,64.0
2010-08-22,PED,SO2,1,155.0,3.9741935483870967,3.422515948369154,2.0,3.0,3.0,4.0,31.0
2010-08-22,PER,PM2.5,2,143.0,13.601398601398602,9.046935408394376,1.0,7.0,12.0,17.0,54.0
2010-08-22,PLA,O3,1,161.0,18.29813664596273,21.14764901841837,0.0,4.0,11.0,23.0,92.0
2010-08-22,PLA,SO2,1,161.0,6.24223602484472,3.558047915493002,4.0,5.0,6.0,6.0,32.0
2010-08-22,SAG,CO,15,134.0,0.8208955223880593,0.35563659471235143,0.0,0.6,0.7,1.0750000000000002,1.7
2010-08-22,SAG,NO,1,134.0,12.216417910447761,13.473093175055867,0.0,4.0,7.0,15.0,63.0
2010-08-22,SAG,NO2,1,134.0,14.955223880597014,7.018627922851121,3.0,9.25,13.5,19.0,35.0
2010-08-22,SAG,NOX,1,134.0,27.082089552238806,18.159298662992736,4.0,14.0,20.0,34.75,83.0
2010-08-22,SAG,O3,1,157.0,19.089171974522294,15.286736246799357,1.0,6.0,16.0,28.0,65.0
2010-08-22,SAG,PM10,2,158.0,27.658227848101266,13.055380398480484,5.0,17.25,27.0,38.0,68.0
2010-08-22,SAG,PM2.5,2,153.0,10.006535947712418,5.82247995186052,1.0,5.0,9.0,15.0,27.0
2010-08-22,SAG,SO2,1,157.0,1.267515923566879,1.8410635360179923,0.0,0.0,1.0,1.0,20.0
2010-08-22,SJA,PM2.5,2,149.0,9.912751677852349,6.125856681298655,1.0,5.0,9.0,13.0,28.0
2010-08-22,SUR,CO,15,153.0,0.7137254901960779,0.47142823636619785,0.1,0.3,0.6,1.0,2.2
2010-08-22,SUR,NO,1,151.0,11.867549668874172,14.379928371026399,0.0,3.0,5.0,15.0,63.0
2010-08-22,SUR,NO2,1,151.0,20.37748344370861,7.582208756340336,4.0,15.0,19.0,25.0,44.0
2010-08-22,SUR,NOX,1,151.0,32.21854304635762,19.199963208206107,4.0,19.0,26.0,41.5,90.0
2010-08-22,SUR,O3,1,153.0,23.11764705882353,25.218764206666737,1.0,5.0,15.0,27.0,105.0
2010-08-22,SUR,PM10,2,125.0,25.44,19.26948113535511,1.0,12.0,21.0,35.0,135.0
2010-08-22,SUR,SO2,1,152.0,2.1710526315789473,2.7591540977190645,0.0,1.0,2.0,2.0,26.0
2010-08-22,TAC,CO,15,101.0,0.5435643564356436,0.33835361431028294,0.1,0.3,0.5,0.7,1.4
2010-08-22,TAC,NO,1,134.0,10.029850746268657,11.222922500455933,0.0,3.0,6.0,12.0,65.0
2010-08-22,TAC,NO2,1,134.0,20.044776119402986,6.312495868104702,9.0,16.0,19.0,23.75,42.0
2010-08-22,TAC,NOX,1,134.0,29.96268656716418,15.133693284434472,12.0,19.0,25.5,36.0,90.0
2010-08-22,TAC,O3,1,157.0,19.56687898089172,20.856123089515087,2.0,5.0,13.0,26.0,104.0
2010-08-22,TAC,SO2,1,157.0,3.0573248407643314,4.74914572374238,1.0,2.0,2.0,3.0,38.0
2010-08-22,TAH,O3,1,157.0,23.866242038216562,23.488430196479456,0.0,8.0,15.0,30.0,111.0
2010-08-22,TAH,PM10,2,141.0,21.078014184397162,14.791441020297524,1.0,10.0,17.0,30.0,68.0
2010-08-22,TAH,SO2,1,157.0,0.42038216560509556,1.3162075889143743,0.0,0.0,0.0,0.0,10.0
2010-08-22,TAX,CO,15,154.0,1.5311688311688305,0.7104743403552299,0.3,1.0,1.5,2.0,4.1
2010-08-22,TAX,NO,1,154.0,48.14935064935065,38.96869574339897,1.0,21.0,39.0,62.75,222.0
2010-08-22,TAX,NO2,1,154.0,30.064935064935064,10.681775650214128,10.0,23.0,28.0,36.0,65.0
2010-08-22,TAX,NOX,1,154.0,78.18831168831169,41.225788217139495,12.0,52.0,74.0,100.75,248.0
2010-08-22,TAX,O3,1,158.0,14.689873417721518,18.212441292102213,1.0,2.0,7.0,20.0,77.0
2010-08-22,TAX,PM10,2,144.0,38.11805555555556,21.777481321222453,1.0,20.75,38.0,50.0,135.0
2010-08-22,TAX,SO2,1,154.0,1.474025974025974,2.7799422854498372,0.0,1.0,1.0,1.0,22.0
2010-08-22,TLA,CO,15,159.0,0.5603773584905662,0.32119611658129116,0.0,0.3,0.5,0.8,1.6
2010-08-22,TLA,NO,1,159.0,19.07547169811321,17.282663871751392,1.0,8.0,13.0,24.0,90.0
2010-08-22,TLA,NO2,1,159.0,21.937106918238992,6.878406437642918,8.0,17.0,21.0,26.5,47.0
2010-08-22,TLA,NOX,1,159.0,40.937106918238996,21.884820915735467,13.0,26.0,34.0,51.5,122.0
2010-08-22,TLA,O3,1,125.0,17.664,18.79599476896179,0.0,5.0,11.0,26.0,87.0
2010-08-22,TLA,PM10,2,161.0,34.2360248447205,14.558723985960407,7.0,23.0,33.0,44.0,71.0
2010-08-22,TLA,PM2.5,2,161.0,13.614906832298137,7.123957916601944,2.0,8.0,12.0,18.0,36.0
2010-08-22,TLA,SO2,1,159.0,3.691823899371069,3.9183916965739436,1.0,2.0,3.0,4.0,39.0
2010-08-22,TLI,CO,15,161.0,0.13105590062111808,0.20863725243970688,0.0,0.0,0.0,0.2,1.0
2010-08-22,TLI,NO,1,161.0,7.385093167701863,7.441490200055062,1.0,3.0,4.0,8.0,37.0
2010-08-22,TLI,NO2,1,161.0,13.869565217391305,6.532735295018666,5.0,9.0,12.0,18.0,38.0
2010-08-22,TLI,NOX,1,161.0,21.236024844720497,12.762501482835521,7.0,12.0,17.0,26.0,62.0
2010-08-22,TLI,PM10,2,141.0,28.18439716312057,21.420485134188553,1.0,14.0,24.0,36.0,126.0
2010-08-22,TLI,SO2,1,161.0,0.5403726708074534,3.041368501225795,0.0,0.0,0.0,0.0,36.0
2010-08-22,TPN,O3,1,150.0,23.313333333333333,23.584529301458712,0.0,8.0,16.0,29.0,109.0
2010-08-22,UIZ,CO,15,154.0,0.905194805194805,0.6589546294191795,0.0,0.5,0.7,1.2,3.3
2010-08-22,UIZ,NO,1,154.0,14.954545454545455,21.45624546373109,0.0,2.0,4.5,21.0,105.0
2010-08-22,UIZ,NO2,1,154.0,22.142857142857142,9.313303838310398,5.0,15.0,21.0,28.0,48.0
2010-08-22,UIZ,NOX,1,154.0,36.95454545454545,28.153487091530113,4.0,18.0,25.5,51.75,145.0
2010-08-22,UIZ,O3,1,154.0,20.376623376623378,23.06061292035527,0.0,3.0,13.0,28.0,104.0
2010-08-22,UIZ,PM2.5,2,144.0,14.61111111111111,11.111080031036565,1.0,6.0,11.0,22.25,48.0
2010-08-22,UIZ,SO2,1,154.0,1.5389610389610389,1.8154497340973692,0.0,1.0,1.0,2.0,16.0
2010-08-22,VAL,CO,15,0.0,,,,,,,
2010-08-22,VAL,SO2,1,0.0,,,,,,,
2010-08-22,VIF,CO,15,0.0,,,,,,,
2010-08-22,VIF,NO,1,0.0,,,,,,,
2010-08-22,VIF,NO2,1,0.0,,,,,,,
2010-08-22,VIF,NOX,1,0.0,,,,,,,
2010-08-22,VIF,PM10,2,0.0,,,,,,,
2010-08-22,VIF,SO2,1,0.0,,,,,,,
2010-08-22,XAL,CO,15,159.0,0.8421383647798745,0.5217283409463935,0.1,0.5,0.8,1.05,3.2
2010-08-22,XAL,NO,1,159.0,36.44025157232704,31.026446700726456,3.0,16.0,29.0,44.5,168.0
2010-08-22,XAL,NO2,1,159.0,21.88050314465409,9.372978114376716,4.0,15.0,21.0,27.0,56.0
2010-08-22,XAL,NOX,1,159.0,58.257861635220124,36.73893768515767,7.0,30.5,55.0,70.5,204.0
2010-08-22,XAL,O3,1,158.0,16.196202531645568,12.619597973125202,2.0,6.0,13.0,22.0,61.0
2010-08-22,XAL,PM10,2,120.0,61.025,38.04982635590187,1.0,29.0,56.0,90.25,148.0
2010-08-22,XAL,SO2,1,159.0,1.5660377358490567,1.7629387931633955,0.0,1.0,1.0,2.0,14.0
2010-08-29,ACO,O3,1,161.0,28.03726708074534,15.73129373206387,2.0,16.0,26.0,41.0,60.0
2010-08-29,ACO,PM2.5,2,158.0,12.405063291139241,5.127716585820996,3.0,8.0,12.0,15.75,26.0
2010-08-29,ACO,SO2,1,161.0,0.043478260869565216,0.204567412084517,0.0,0.0,0.0,0.0,1.0
2010-08-29,ARA,SO2,1,0.0,,,,,,,
2010-08-29,ATI,NO,1,154.0,8.714285714285714,9.107717251800743,3.0,4.0,6.0,8.75,54.0
2010-08-29,ATI,NO2,1,154.0,12.772727272727273,5.496906708599136,3.0,8.25,12.5,16.0,29.0
2010-08-29,ATI,NOX,1,154.0,21.461038961038962,12.170430853047025,6.0,13.25,18.0,24.0,70.0
2010-08-29,ATI,SO2,1,154.0,7.616883116883117,12.977203769399765,0.0,3.0,3.0,6.0,83.0
2010-08-29,AZC,NO,1,155.0,12.69032258064516,22.980106513021433,0.0,1.0,5.0,14.0,157.0
2010-08-29,AZC,NO2,1,155.0,27.412903225806453,9.643507402550249,10.0,21.0,27.0,32.0,68.0
2010-08-29,AZC,NOX,1,155.0,39.909677419354836,28.034850237112806,10.0,22.5,32.0,46.0,189.0
2010-08-29,AZC,O3,1,155.0,21.948387096774194,21.93046672458828,0.0,4.0,15.0,34.0,96.0
2010-08-29,AZC,SO2,1,155.0,7.516129032258065,11.013778170711095,2.0,3.0,4.0,6.0,74.0
2010-08-29,CAM,PM2.5,2,151.0,20.894039735099337,10.446787268744902,2.0,13.5,21.0,28.0,47.0
2010-08-29,CES,NO,1,160.0,17.70625,21.185789967355007,0.0,4.0,11.5,21.0,115.0
2010-08-29,CES,NO2,1,160.0,22.00625,11.371097022023713,3.0,14.0,20.0,28.0,68.0
2010-08-29,CES,NOX,1,160.0,39.59375,27.016486202494203,3.0,20.75,34.5,50.0,136.0
2010-08-29,CES,O3,1,160.0,22.9875,21.8887948417139,3.0,7.0,14.0,33.0,103.0
2010-08-29,CES,PM10,2,157.0,31.777070063694268,18.508694674123607,1.0,19.0,28.0,43.0,98.0
2010-08-29,CES,SO2,1,160.0,1.0625,1.3064306358507167,0.0,0.0,1.0,1.0,9.0
2010-08-29,CHO,CO,15,160.0,0.9518749999999988,0.4840827252708573,0.4,0.6,0.8,1.1,3.0
2010-08-29,CHO,O3,1,160.0,9.05,8.674983914218496,1.0,4.0,6.0,11.0,51.0
2010-08-29,CHO,SO2,1,160.0,1.4625,0.6431790149585249,0.0,1.0,1.0,2.0,3.0
2010-08-29,COY,O3,1,160.0,26.525,28.652757339297285,1.0,6.0,16.0,34.75,119.0
2010-08-29,COY,PM2.5,2,158.0,18.164556962025316,10.59435059133634,2.0,10.0,15.5,26.0,43.0
2010-08-29,CUA,O3,1,161.0,31.46583850931677,23.953087237321988,2.0,16.0,23.0,40.0,115.0
2010-08-29,FAC,CO,15,157.0,0.7477707006369424,0.5536112200653072,0.2,0.5,0.6,0.9,4.8
2010-08-29,FAC,NO,1,157.0,11.86624203821656,22.38506127933321,0.0,2.0,6.0,12.0,213.0
2010-08-29,FAC,NO2,1,157.0,17.611464968152866,9.255386291463672,3.0,12.0,16.0,21.0,63.0
2010-08-29,FAC,NOX,1,157.0,29.369426751592357,26.458067119404628,4.0,16.0,22.0,33.0,233.0
2010-08-29,FAC,O3,1,157.0,27.171974522292995,19.944531524779826,1.0,14.0,22.0,37.0,106.0
2010-08-29,FAC,PM10,2,157.0,30.0828025477707,15.286143290927331,2.0,18.0,29.0,40.0,95.0
2010-08-29,FAC,SO2,1,157.0,8.662420382165605,10.640726153724486,2.0,3.0,4.0,8.0,56.0
2010-08-29,IMP,CO,15,148.0,0.825,0.4487132017391129,0.2,0.5,0.7,1.0,2.4
2010-08-29,IZT,CO,15,155.0,0.6006451612903225,0.4493135853134357,0.0,0.3,0.5,0.9,2.6
2010-08-29,IZT,NO,1,155.0,15.870967741935484,20.965868886080134,0.0,4.0,7.0,20.0,132.0
2010-08-29,IZT,NO2,1,155.0,26.26451612903226,11.572514133421688,7.0,19.0,24.0,31.0,65.0
2010-08-29,IZT,NOX,1,155.0,42.019354838709674,26.64764577885052,8.0,23.0,33.0,55.5,158.0
2010-08-29,IZT,O3,1,155.0,22.335483870967742,25.760454294250454,0.0,3.0,14.0,33.0,103.0
2010-08-29,IZT,PM10,2,154.0,35.883116883116884,15.841101521393192,4.0,25.0,32.0,44.0,85.0
2010-08-29,IZT,SO2,1,138.0,6.340579710144928,4.000905694566119,3.0,4.0,5.0,7.0,23.0
2010-08-29,LAG,CO,15,149.0,0.8442953020134233,0.3738735424191221,0.2,0.6,0.8,1.1,2.0
2010-08-29,LAG,NO,1,157.0,16.687898089171973,20.712888810142882,0.0,3.0,9.0,20.0,117.0
2010-08-29,LAG,NO2,1,157.0,27.11464968152866,10.909868593574094,10.0,20.0,25.0,31.0,70.0
2010-08-29,LAG,NOX,1,157.0,43.70063694267516,26.025250304999133,9.0,26.0,36.0,54.0,148.0
2010-08-29,LAG,O3,1,157.0,20.611464968152866,22.86713285805204,0.0,3.0,10.0,28.0,96.0
2010-08-29,LAG,SO2,1,157.0,4.751592356687898,5.1647921135658,2.0,2.0,3.0,4.0,32.0
2010-08-29,LLA,SO2,1,0.0,,,,,,,
2010-08-29,LPR,SO2,1,0.0,,,,,,,
2010-08-29,LVI,PM10,2,157.0,37.45859872611465,19.704382711058077,2.0,23.0,33.0,51.0,88.0
2010-08-29,LVI,SO2,1,159.0,2.2452830188679247,4.76633365072424,0.0,1.0,1.0,2.0,44.0
2010-08-29,MER,CO,15,158.0,0.9905063291139236,0.4797541799798047,0.3,0.625,0.9,1.275,2.5
2010-08-29,MER,NO,1,158.0,29.22151898734177,28.995194729872125,2.0,7.25,19.0,40.5,142.0
2010-08-29,MER,NO2,1,158.0,30.620253164556964,11.34553285919469,10.0,23.25,29.5,36.0,88.0
2010-08-29,MER,NOX,1,158.0,59.734177215189874,34.64348317344515,13.0,33.25,50.0,76.0,180.0
2010-08-29,MER,O3,1,158.0,20.582278481012658,23.838686961519983,0.0,3.0,10.5,27.0,98.0
2010-08-29,MER,PM10,2,0.0,,,,,,,
2010-08-29,MER,PM2.5,2,0.0,,,,,,,
2010-08-29,MER,SO2,1,158.0,7.569620253164557,4.274598485420792,5.0,5.0,6.0,7.75,29.0
2010-08-29,MON,O3,1,159.0,26.18867924528302,20.83271824583602,0.0,7.0,23.0,44.0,90.0
2010-08-29,PED,CO,15,142.0,0.27323943661971817,0.2660228468185912,0.0,0.1,0.2,0.4,1.3
2010-08-29,PED,NO,1,154.0,7.188311688311688,11.085390185390239,0.0,0.0,3.0,9.0,69.0
2010-08-29,PED,NO2,1,154.0,19.954545454545453,8.507083483772872,4.0,14.0,19.0,24.0,48.0
2010-08-29,PED,NOX,1,154.0,27.0974025974026,15.485506392820504,3.0,16.0,24.0,32.75,86.0
2010-08-29,PED,O3,1,155.0,24.651612903225807,26.895080791071702,0.0,6.5,16.0,33.5,127.0
2010-08-29,PED,PM10,2,159.0,34.075471698113205,16.743994642255775,3.0,22.0,32.0,43.5,81.0
2010-08-29,PED,SO2,1,154.0,6.058441558441558,5.110845846609355,3.0,3.0,4.0,6.0,28.0
2010-08-29,PER,PM2.5,2,156.0,17.25,8.481954278767175,1.0,11.75,16.5,21.0,40.0
2010-08-29,PLA,O3,1,152.0,22.486842105263158,26.144272882051926,0.0,5.0,13.0,28.25,117.0
2010-08-29,PLA,SO2,1,152.0,4.559210526315789,6.213351947134598,1.0,1.0,2.0,5.0,34.0
2010-08-29,SAG,CO,15,154.0,0.8675324675324669,0.38329208932138825,0.4,0.6,0.8,1.0,2.5
2010-08-29,SAG,NO,1,154.0,12.896103896103897,19.143137759605995,0.0,3.0,6.0,12.0,113.0
2010-08-29,SAG,NO2,1,154.0,16.5,8.007553623465768,5.0,10.0,16.0,21.0,41.0
2010-08-29,SAG,NOX,1,154.0,29.344155844155843,23.321952370130575,6.0,14.0,22.0,34.75,135.0
2010-08-29,SAG,O3,1,154.0,24.538961038961038,19.128780327611107,1.0,9.0,19.0,36.75,73.0
2010-08-29,SAG,PM10,2,151.0,42.80132450331126,19.884003576593816,11.0,29.0,39.0,52.0,112.0
2010-08-29,SAG,PM2.5,2,148.0,16.22972972972973,8.975472696774176,3.0,10.0,14.0,20.0,50.0
2010-08-29,SAG,SO2,1,154.0,1.655844155844156,3.7370777268258912,0.0,0.0,1.0,1.0,30.0
2010-08-29,SJA,PM2.5,2,157.0,14.605095541401274,7.22509689561806,1.0,9.0,14.0,20.0,41.0
2010-08-29,SUR,CO,15,149.0,0.7409395973154362,0.518575677036004,0.0,0.4,0.7,1.0,3.2
2010-08-29,SUR,NO,1,149.0,10.778523489932885,15.287711739747715,0.0,2.0,6.0,14.0,99.0
2010-08-29,SUR,NO2,1,149.0,24.006711409395972,9.311063344139871,4.0,18.0,24.0,29.0,61.0
2010-08-29,SUR,NOX,1,149.0,34.79865771812081,19.304802604313544,5.0,22.0,31.0,43.0,120.0
2010-08-29,SUR,O3,1,149.0,28.885906040268456,29.367091851286926,1.0,7.0,19.0,39.0,124.0
2010-08-29,SUR,PM10,2,151.0,32.81456953642384,16.611804627436854,1.0,20.0,32.0,42.0,80.0
2010-08-29,SUR,SO2,1,149.0,5.268456375838926,5.512431739459975,0.0,2.0,4.0,6.0,36.0
2010-08-29,TAC,CO,15,151.0,0.5635761589403973,0.4128734178427429,0.0,0.3,0.4,0.75,2.4
2010-08-29,TAC,NO,1,161.0,10.73913043478261,15.952868762048112,0.0,2.0,6.0,13.0,111.0
2010-08-29,TAC,NO2,1,161.0,22.41614906832298,8.841351004096587,6.0,16.0,22.0,25.0,61.0
2010-08-29,TAC,NOX,1,161.0,33.03105590062112,20.23345693407594,6.0,20.0,27.0,39.0,135.0
2010-08-29,TAC,O3,1,161.0,25.906832298136646,22.320338606928665,2.0,9.0,20.0,36.0,97.0
2010-08-29,TAC,SO2,1,161.0,6.739130434782608,10.888940340507446,1.0,2.0,2.0,5.0,71.0
2010-08-29,TAH,O3,1,160.0,29.075,25.891051366843,1.0,9.0,21.5,45.25,126.0
2010-08-29,TAH,PM10,2,153.0,31.254901960784313,17.279638691613126,1.0,19.0,30.0,43.0,74.0
2010-08-29,TAH,SO2,1,160.0,0.425,1.2516655570345716,0.0,0.0,0.0,0.0,8.0
2010-08-29,TAX,CO,15,161.0,1.4751552795031053,0.7278419347547769,0.2,1.0,1.4,1.8,4.8
2010-08-29,TAX,NO,1,161.0,41.07453416149068,38.471507767929864,0.0,13.0,34.0,52.0,219.0
2010-08-29,TAX,NO2,1,161.0,32.58385093167702,11.496498926962062,10.0,24.0,31.0,39.0,65.0
2010-08-29,TAX,NOX,1,161.0,73.63975155279503,41.19550230228889,11.0,47.0,68.0,90.0,250.0
2010-08-29,TAX,O3,1,126.0,14.952380952380953,16.146260071165525,1.0,3.0,10.0,21.75,81.0
2010-08-29,TAX,PM10,2,156.0,46.09615384615385,23.898381331649908,2.0,29.75,45.5,58.25,143.0
2010-08-29,TAX,SO2,1,161.0,2.62111801242236,2.8678042545187816,0.0,1.0,1.0,3.0,14.0
2010-08-29,TLA,CO,15,160.0,0.6025000000000003,0.3706105789880553,0.0,0.4,0.5,0.8,1.8
2010-08-29,TLA,NO,1,160.0,16.8375,20.093769959740477,0.0,4.0,11.0,19.0,111.0
2010-08-29,TLA,NO2,1,160.0,24.33125,8.793738391927546,9.0,18.0,23.0,29.0,58.0
2010-08-29,TLA,NOX,1,160.0,40.94375,24.604608372104902,11.0,25.0,35.0,46.25,134.0
2010-08-29,TLA,O3,1,147.0,23.163265306122447,19.37483214821734,1.0,8.0,18.0,33.5,86.0
2010-08-29,TLA,PM10,2,159.0,45.15094339622642,17.723326786907414,8.0,33.5,43.0,56.0,93.0
2010-08-29,TLA,PM2.5,2,158.0,19.063291139240505,9.988326654359506,3.0,12.0,16.5,26.0,48.0
2010-08-29,TLA,SO2,1,160.0,7.69375,12.472357801133546,1.0,2.0,3.0,5.0,72.0
2010-08-29,TLI,CO,15,155.0,0.47612903225806413,0.3072889141330312,0.0,0.3,0.4,0.6,1.5
2010-08-29,TLI,NO,1,155.0,8.109677419354838,12.471040605794292,1.0,2.0,4.0,7.0,87.0
2010-08-29,TLI,NO2,1,155.0,16.12258064516129,6.964040739893449,6.0,11.0,15.0,19.0,37.0
2010-08-29,TLI,NOX,1,155.0,24.24516129032258,16.647741524405856,7.0,14.0,18.0,28.0,106.0
2010-08-29,TLI,PM10,2,153.0,36.02614379084967,19.272952042345683,3.0,24.0,34.0,45.0,100.0
2010-08-29,TLI,SO2,1,155.0,3.2193548387096773,8.776644751131126,0.0,0.0,0.0,1.0,46.0
2010-08-29,TPN,O3,1,161.0,26.919254658385093,27.638961439261678,0.0,7.0,16.0,36.0,127.0
2010-08-29,UIZ,CO,15,160.0,1.0400000000000007,0.5354361062716736,0.3,0.6,0.9,1.3,2.7
2010-08-29,UIZ,NO,1,160.0,13.9625,20.571057246199466,0.0,1.0,4.5,16.0,99.0
2010-08-29,UIZ,NO2,1,160.0,24.89375,11.075837418827616,7.0,17.0,23.0,30.0,69.0
2010-08-29,UIZ,NOX,1,160.0,38.79375,26.900023818698383,7.0,19.0,28.0,49.75,130.0
2010-08-29,UIZ,O3,1,160.0,25.85625,26.154078262260114,0.0,4.75,17.0,36.25,107.0
2010-08-29,UIZ,PM2.5,2,157.0,18.980891719745223,12.398547959637488,1.0,10.0,16.0,26.0,60.0
2010-08-29,UIZ,SO2,1,160.0,1.4375,1.7435866309485861,0.0,0.0,1.0,2.0,11.0
2010-08-29,VAL,CO,15,0.0,,,,,,,
2010-08-29,VAL,SO2,1,0.0,,,,,,,
2010-08-29,VIF,CO,15,0.0,,,,,,,
2010-08-29,VIF,NO,1,0.0,,,,,,,
2010-08-29,VIF,NO2,1,0.0,,,,,,,
2010-08-29,VIF,NOX,1,0.0,,,,,,,
2010-08-29,VIF,PM10,2,0.0,,,,,,,
2010-08-29,VIF,SO2,1,0.0,,,,,,,
2010-08-29,XAL,CO,15,159.0,0.8113207547169818,0.5182713638547202,0.0,0.6,0.8,0.9,3.8
2010-08-29,XAL,NO,1,159.0,30.264150943396228,29.57664423031184,0.0,11.0,27.0,36.0,227.0
2010-08-29,XAL,NO2,1,159.0,24.87421383647799,10.161818671550789,3.0,19.0,24.0,28.5,68.0
2010-08-29,XAL,NOX,1,159.0,55.094339622641506,34.94675741514931,5.0,33.5,52.0,64.5,264.0
2010-08-29,XAL,O3,1,159.0,20.38364779874214,16.064269157710587,3.0,7.0,17.0,28.0,95.0
2010-08-29,XAL,PM10,2,159.0,73.23270440251572,40.72898929782318,3.0,39.0,73.0,96.0,254.0
2010-08-29,XAL,SO2,1,159.0,2.188679245283019,3.2494786559855644,0.0,1.0,1.0,2.0,23.0
2010-09-05,ACO,O3,1,161.0,20.801242236024844,12.480394562961742,2.0,12.0,18.0,27.0,73.0
2010-09-05,ACO,PM2.5,2,149.0,7.926174496644295,4.99877547131179,1.0,4.0,7.0,11.0,28.0
2010-09-05,ACO,SO2,1,160.0,0.0375,0.19058004805587866,0.0,0.0,0.0,0.0,1.0
2010-09-05,ARA,SO2,1,0.0,,,,,,,
2010-09-05,ATI,NO,1,161.0,10.180124223602485,9.449132366755801,3.0,4.0,7.0,11.0,56.0
2010-09-05,ATI,NO2,1,161.0,11.819875776397515,4.948343408098518,4.0,8.0,11.0,15.0,28.0
2010-09-05,ATI,NOX,1,161.0,21.944099378881987,12.893917387282356,7.0,13.0,19.0,26.0,76.0
2010-09-05,ATI,SO2,1,161.0,2.8074534161490683,7.748802752643695,0.0,0.0,1.0,2.0,62.0
2010-09-05,AZC,NO,1,157.0,10.490445859872612,13.173213806031612,0.0,2.0,6.0,14.0,63.0
2010-09-05,AZC,NO2,1,157.0,20.8343949044586,7.232270216472589,10.0,16.0,20.0,24.0,50.0
2010-09-05,AZC,NOX,1,157.0,31.178343949044585,16.966975156399076,9.0,17.0,28.0,41.0,86.0
2010-09-05,AZC,O3,1,157.0,15.203821656050955,19.061889369287712,0.0,3.0,8.0,21.0,118.0
2010-09-05,AZC,SO2,1,157.0,3.656050955414013,1.943804674542047,2.0,3.0,3.0,4.0,19.0
2010-09-05,CAM,PM2.5,2,155.0,13.32258064516129,6.739046412051098,1.0,8.5,12.0,17.5,34.0
2010-09-05,CES,NO,1,158.0,18.158227848101266,19.37906222938639,0.0,5.25,12.0,22.75,116.0
2010-09-05,CES,NO2,1,158.0,18.348101265822784,8.19035257804798,2.0,12.0,17.0,22.0,55.0
2010-09-05,CES,NOX,1,158.0,36.449367088607595,23.390494957865744,2.0,22.0,29.0,46.75,130.0
2010-09-05,CES,O3,1,158.0,13.58860759493671,13.60363839811591,0.0,3.0,8.0,19.75,61.0
2010-09-05,CES,PM10,2,142.0,20.08450704225352,15.295432479005237,1.0,9.0,16.0,28.75,69.0
2010-09-05,CES,SO2,1,156.0,0.08333333333333333,0.32044995247777897,0.0,0.0,0.0,0.0,2.0
2010-09-05,CHO,CO,15,157.0,0.9305732484076417,0.40361545871105337,0.4,0.6,0.8,1.1,2.5
2010-09-05,CHO,O3,1,58.0,5.982758620689655,7.9283886535959045,0.0,2.0,3.0,5.75,35.0
2010-09-05,CHO,SO2,1,157.0,0.6305732484076433,0.6820653420444607,0.0,0.0,1.0,1.0,3.0
2010-09-05,COY,O3,1,161.0,17.5527950310559,19.01443551000069,1.0,4.0,10.0,24.0,88.0
2010-09-05,COY,PM2.5,2,157.0,9.382165605095542,7.590087185613855,1.0,4.0,7.0,12.0,39.0
2010-09-05,CUA,O3,1,161.0,23.36024844720497,19.348951132758803,0.0,13.0,17.0,29.0,122.0
2010-09-05,FAC,CO,15,161.0,0.703726708074534,0.35670159075159796,0.0,0.5,0.7,0.9,1.8
2010-09-05,FAC,NO,1,161.0,12.20496894409938,11.658214921474025,0.0,4.0,9.0,18.0,57.0
2010-09-05,FAC,NO2,1,161.0,16.770186335403725,8.219069630442496,5.0,11.0,15.0,21.0,43.0
2010-09-05,FAC,NOX,1,161.0,28.84472049689441,17.32323548236991,5.0,17.0,25.0,41.0,76.0
2010-09-05,FAC,O3,1,161.0,19.77639751552795,18.671494033445583,1.0,9.0,15.0,24.0,120.0
2010-09-05,FAC,PM10,2,156.0,20.28205128205128,14.477477445482346,1.0,8.75,17.0,30.0,64.0
2010-09-05,FAC,SO2,1,161.0,4.857142857142857,5.369889597162533,2.0,3.0,3.0,5.0,45.0
2010-09-05,IMP,CO,15,160.0,0.6868750000000002,0.4011182286226014,0.2,0.4,0.6,0.9,2.4
2010-09-05,IZT,CO,15,155.0,0.4903225806451614,0.4371950430364401,0.0,0.2,0.4,0.7,2.4
2010-09-05,IZT,NO,1,156.0,15.679487179487179,18.139241787862698,0.0,4.0,10.0,18.0,93.0
2010-09-05,IZT,NO2,1,156.0,21.108974358974358,8.388604957608988,5.0,15.75,19.0,25.0,47.0
2010-09-05,IZT,NOX,1,156.0,36.743589743589745,23.009078655587036,4.0,21.0,31.0,48.25,135.0
2010-09-05,IZT,O3,1,156.0,11.775641025641026,15.786712958625934,0.0,0.0,4.5,17.5,76.0
2010-09-05,IZT,PM10,2,159.0,23.528301886792452,12.087136860229053,2.0,15.0,23.0,29.0,75.0
2010-09-05,IZT,SO2,1,146.0,4.801369863013699,1.183914390041597,3.0,4.0,4.0,5.0,10.0
2010-09-05,LAG,CO,15,161.0,0.8807453416149069,0.3515173409574396,0.3,0.7,0.8,1.1,2.0
2010-09-05,LAG,NO,1,161.0,17.838509316770185,18.40546814845999,0.0,6.0,12.0,23.0,95.0
2010-09-05,LAG,NO2,1,161.0,22.46583850931677,8.058404817254951,8.0,17.0,21.0,25.0,47.0
2010-09-05,LAG,NOX,1,161.0,40.2360248447205,22.830767488180918,8.0,25.0,33.0,52.0,118.0
2010-09-05,LAG,O3,1,161.0,13.602484472049689,17.104926009451777,0.0,2.0,7.0,19.0,84.0
2010-09-05,LAG,SO2,1,161.0,3.0559006211180124,1.2260120676657738,2.0,2.0,3.0,3.0,11.0
2010-09-05,LLA,SO2,1,0.0,,,,,,,
2010-09-05,LPR,SO2,1,0.0,,,,,,,
2010-09-05,LVI,PM10,2,150.0,27.233333333333334,18.242739354326368,1.0,15.0,23.0,34.0,120.0
2010-09-05,LVI,SO2,1,161.0,1.1925465838509317,0.8839932688538321,0.0,1.0,1.0,1.0,5.0
2010-09-05,MER,CO,15,153.0,0.8065359477124181,0.44657662786415875,0.1,0.5,0.7,1.1,1.9
2010-09-05,MER,NO,1,153.0,22.96078431372549,21.145449414939197,1.0,8.0,15.0,30.0,106.0
2010-09-05,MER,NO2,1,153.0,22.875816993464053,8.497925645831327,7.0,17.0,20.0,27.0,49.0
2010-09-05,MER,NOX,1,153.0,45.790849673202615,26.109499580655566,8.0,27.0,38.0,62.0,133.0
2010-09-05,MER,O3,1,153.0,13.215686274509803,16.246433283254657,0.0,2.0,6.0,20.0,75.0
2010-09-05,MER,PM10,2,73.0,21.15068493150685,12.015812767715612,1.0,14.0,21.0,28.0,64.0
2010-09-05,MER,PM2.5,2,0.0,,,,,,,
2010-09-05,MER,SO2,1,153.0,5.810457516339869,1.1282942061437136,3.0,5.0,6.0,6.0,9.0
2010-09-05,MON,O3,1,157.0,17.43312101910828,14.456510327109536,1.0,3.0,16.0,28.0,57.0
2010-09-05,PED,CO,15,0.0,,,,,,,
2010-09-05,PED,NO,1,161.0,8.031055900621118,10.047650446900795,0.0,1.0,4.0,12.0,51.0
2010-09-05,PED,NO2,1,161.0,17.024844720496894,6.860166097259422,6.0,12.0,16.0,21.0,37.0
2010-09-05,PED,NOX,1,161.0,25.012422360248447,14.144781536683308,5.0,14.0,23.0,33.0,69.0
2010-09-05,PED,O3,1,161.0,17.22360248447205,18.753324756986263,0.0,5.0,11.0,21.0,95.0
2010-09-05,PED,PM10,2,159.0,21.38993710691824,14.24332486326758,1.0,11.0,17.0,27.5,75.0
2010-09-05,PED,SO2,1,161.0,3.9627329192546585,2.318103208330475,2.0,3.0,3.0,4.0,21.0
2010-09-05,PER,PM2.5,2,142.0,11.901408450704226,7.9093354116942,1.0,6.0,11.0,16.75,46.0
2010-09-05,PLA,O3,1,159.0,15.075471698113208,17.524141456718503,0.0,4.0,9.0,19.5,79.0
2010-09-05,PLA,SO2,1,159.0,2.5849056603773586,2.473407649870135,1.0,2.0,2.0,2.5,21.0
2010-09-05,SAG,CO,15,160.0,0.7475000000000003,0.3132202391912015,0.3,0.5,0.7,0.9,1.8
2010-09-05,SAG,NO,1,160.0,12.0625,13.999859612952907,1.0,4.0,8.0,13.0,75.0
2010-09-05,SAG,NO2,1,160.0,13.36875,6.067359703658991,4.0,8.0,13.0,17.0,41.0
2010-09-05,SAG,NOX,1,160.0,25.4125,17.27410811940099,4.0,12.0,21.0,31.25,92.0
2010-09-05,SAG,O3,1,160.0,17.76875,15.947327559478667,1.0,7.0,13.0,24.0,96.0
2010-09-05,SAG,PM10,2,160.0,27.78125,17.925657755709906,1.0,13.0,25.0,39.0,104.0
2010-09-05,SAG,PM2.5,2,155.0,10.55483870967742,7.79788677291272,1.0,6.0,9.0,13.0,53.0
2010-09-05,SAG,SO2,1,160.0,0.8125,0.528287847971601,0.0,0.75,1.0,1.0,2.0
2010-09-05,SJA,PM2.5,2,151.0,10.013245033112582,6.8029275609518685,1.0,5.0,9.0,13.0,32.0
2010-09-05,SUR,CO,15,161.0,0.7298136645962731,0.4702186619670808,0.0,0.4,0.7,1.0,1.9
2010-09-05,SUR,NO,1,161.0,12.111801242236025,13.541599697238446,0.0,3.0,7.0,17.0,63.0
2010-09-05,SUR,NO2,1,161.0,19.167701863354036,8.025923642208355,6.0,13.0,18.0,23.0,45.0
2010-09-05,SUR,NOX,1,161.0,31.248447204968944,18.551290742122443,6.0,17.0,27.0,44.0,86.0
2010-09-05,SUR,O3,1,161.0,18.93167701863354,19.40235946463809,1.0,6.0,12.0,25.0,90.0
2010-09-05,SUR,PM10,2,152.0,20.651315789473685,13.28857492069016,1.0,10.0,19.0,28.0,62.0
2010-09-05,SUR,SO2,1,161.0,4.490683229813665,1.8911570942889664,2.0,4.0,4.0,5.0,17.0
2010-09-05,TAC,CO,15,158.0,0.46898734177215207,0.3462081952935693,0.0,0.2,0.4,0.7,1.4
2010-09-05,TAC,NO,1,158.0,10.582278481012658,11.39237379841088,0.0,3.0,6.0,14.0,62.0
2010-09-05,TAC,NO2,1,158.0,18.77848101265823,7.136185190930448,7.0,13.25,18.0,23.0,41.0
2010-09-05,TAC,NOX,1,158.0,29.303797468354432,15.44239711960173,8.0,16.0,26.5,39.0,84.0
2010-09-05,TAC,O3,1,158.0,18.955696202531644,19.12891063609425,2.0,7.0,13.0,24.0,108.0
2010-09-05,TAC,SO2,1,158.0,3.0,2.511121758114575,1.0,2.0,2.0,3.0,22.0
2010-09-05,TAH,O3,1,157.0,19.121019108280255,18.3318240585528,1.0,6.0,12.0,28.0,84.0
2010-09-05,TAH,PM10,2,144.0,24.444444444444443,14.448257221967522,1.0,12.75,23.5,34.0,63.0
2010-09-05,TAH,SO2,1,157.0,0.18471337579617833,0.6078720349791417,0.0,0.0,0.0,0.0,4.0
2010-09-05,TAX,CO,15,161.0,1.498757763975155,0.8167762528409899,0.3,0.9,1.4,1.9,4.1
2010-09-05,TAX,NO,1,161.0,48.27329192546584,40.71593477645449,0.0,17.0,40.0,59.0,187.0
2010-09-05,TAX,NO2,1,161.0,27.46583850931677,9.758349665735379,8.0,21.0,27.0,33.0,67.0
2010-09-05,TAX,NOX,1,161.0,75.75776397515529,44.22651585835069,10.0,41.0,73.0,91.0,217.0
2010-09-05,TAX,O3,1,148.0,11.993243243243244,13.413617114846224,0.0,2.0,5.5,19.25,59.0
2010-09-05,TAX,PM10,2,141.0,40.60283687943262,24.84778789597178,2.0,20.0,39.0,56.0,126.0
2010-09-05,TAX,SO2,1,161.0,4.055900621118012,1.0562223203767795,2.0,3.0,4.0,5.0,8.0
2010-09-05,TLA,CO,15,156.0,0.5705128205128204,0.33393411533259243,0.1,0.3,0.5,0.8,1.6
2010-09-05,TLA,NO,1,156.0,17.134615384615383,14.88497252089808,0.0,7.0,13.0,21.25,71.0
2010-09-05,TLA,NO2,1,156.0,20.32051282051282,6.684587163151518,10.0,15.75,19.0,23.25,45.0
2010-09-05,TLA,NOX,1,156.0,37.333333333333336,18.454943680124295,12.0,24.0,33.0,46.0,97.0
2010-09-05,TLA,O3,1,148.0,15.905405405405405,16.66653245027775,1.0,5.0,11.0,21.0,102.0
2010-09-05,TLA,PM10,2,160.0,30.34375,16.262410597069334,3.0,17.75,28.0,42.0,84.0
2010-09-05,TLA,PM2.5,2,145.0,13.441379310344828,8.026757216810815,1.0,7.0,12.0,16.0,53.0
2010-09-05,TLA,SO2,1,156.0,3.576923076923077,2.382837726903437,1.0,2.0,3.0,4.0,20.0
2010-09-05,TLI,CO,15,157.0,0.49872611464968114,0.23342139212341484,0.2,0.3,0.4,0.6,1.5
2010-09-05,TLI,NO,1,159.0,8.433962264150944,9.806693853061828,1.0,3.0,5.0,9.0,56.0
2010-09-05,TLI,NO2,1,159.0,14.540880503144654,4.866238817861858,6.0,11.0,15.0,18.0,35.0
2010-09-05,TLI,NOX,1,159.0,22.937106918238992,12.704870756689827,8.0,15.0,20.0,26.0,76.0
2010-09-05,TLI,PM10,2,151.0,25.417218543046356,15.888930157353386,2.0,13.0,23.0,35.5,83.0
2010-09-05,TLI,SO2,1,159.0,0.5974842767295597,1.6347472876170979,0.0,0.0,0.0,0.0,10.0
2010-09-05,TPN,O3,1,158.0,18.61392405063291,18.899575260129623,0.0,5.25,13.0,24.75,103.0
2010-09-05,UIZ,CO,15,161.0,0.879503105590062,0.4958727170885638,0.2,0.5,0.7,1.2,2.5
2010-09-05,UIZ,NO,1,161.0,14.198757763975156,17.938722040524645,0.0,3.0,6.0,17.0,95.0
2010-09-05,UIZ,NO2,1,161.0,19.80745341614907,8.490815278839772,6.0,13.0,19.0,24.0,44.0
2010-09-05,UIZ,NOX,1,161.0,33.975155279503106,23.095440651392384,7.0,16.0,27.0,44.0,119.0
2010-09-05,UIZ,O3,1,161.0,16.167701863354036,17.5232830916629,0.0,2.0,10.0,26.0,71.0
2010-09-05,UIZ,PM2.5,2,152.0,12.046052631578947,8.611050051566828,1.0,6.0,9.0,15.0,48.0
2010-09-05,UIZ,SO2,1,161.0,1.204968944099379,0.9295026386619366,0.0,1.0,1.0,2.0,4.0
2010-09-05,VAL,CO,15,0.0,,,,,,,
2010-09-05,VAL,SO2,1,0.0,,,,,,,
2010-09-05,VIF,CO,15,0.0,,,,,,,
2010-09-05,VIF,NO,1,0.0,,,,,,,
2010-09-05,VIF,NO2,1,0.0,,,,,,,
2010-09-05,VIF,NOX,1,0.0,,,,,,,
2010-09-05,VIF,PM10,2,0.0,,,,,,,
2010-09-05,VIF,SO2,1,0.0,,,,,,,
2010-09-05,XAL,CO,15,160.0,0.8712500000000007,0.4589278591175455,0.1,0.6,0.8,1.1,2.3
2010-09-05,XAL,NO,1,160.0,39.9125,30.63281988469311,4.0,19.0,35.0,48.0,169.0
2010-09-05,XAL,NO2,1,160.0,22.90625,9.700416171452185,4.0,18.0,22.0,26.0,62.0
2010-09-05,XAL,NOX,1,160.0,62.74375,34.75832950712368,8.0,42.75,58.0,77.0,202.0
2010-09-05,XAL,O3,1,160.0,14.2125,13.432986480532296,2.0,5.0,10.0,19.0,83.0
2010-09-05,XAL,PM10,2,157.0,62.47770700636943,40.71785124602096,2.0,25.0,60.0,91.0,252.0
2010-09-05,XAL,SO2,1,160.0,1.58125,1.146347083225723,0.0,1.0,1.0,2.0,9.0
2010-09-12,ACO,O3,1,161.0,23.285714285714285,18.759140629113503,1.0,8.0,19.0,31.0,71.0
2010-09-12,ACO,PM2.5,2,157.0,13.165605095541402,7.283496566050276,1.0,8.0,12.0,16.0,39.0
2010-09-12,ACO,SO2,1,161.0,0.7950310559006211,2.449790839088004,0.0,0.0,0.0,1.0,24.0
2010-09-12,ARA,SO2,1,0.0,,,,,,,
2010-09-12,ATI,NO,1,159.0,16.88050314465409,22.834396877471953,3.0,4.0,7.0,15.0,131.0
2010-09-12,ATI,NO2,1,159.0,17.88679245283019,10.471771054297053,2.0,9.5,16.0,25.0,52.0
2010-09-12,ATI,NOX,1,159.0,34.80503144654088,28.03873405551174,6.0,14.0,24.0,45.5,161.0
2010-09-12,ATI,SO2,1,159.0,1.2327044025157232,2.7193515807383264,0.0,0.0,1.0,1.0,24.0
2010-09-12,AZC,NO,1,158.0,17.518987341772153,26.415282567258643,0.0,1.0,5.5,20.5,110.0
2010-09-12,AZC,NO2,1,158.0,28.227848101265824,12.094057462782521,9.0,19.25,25.5,35.75,66.0
2010-09-12,AZC,NOX,1,158.0,45.49367088607595,32.49002724706764,8.0,22.0,34.5,59.0,154.0
2010-09-12,AZC,O3,1,158.0,21.265822784810126,26.564767078889588,0.0,1.0,11.0,31.0,116.0
2010-09-12,AZC,SO2,1,159.0,3.849056603773585,1.9942597346335784,2.0,3.0,3.0,4.0,18.0
2010-09-12,CAM,PM2.5,2,155.0,19.419354838709676,11.071708984651119,1.0,11.0,17.0,25.0,57.0
2010-09-12,CES,NO,1,159.0,23.50314465408805,23.078258225151902,0.0,6.0,16.0,35.5,115.0
2010-09-12,CES,NO2,1,159.0,24.044025157232703,8.546481926255899,7.0,18.0,23.0,30.5,49.0
2010-09-12,CES,NOX,1,159.0,47.55345911949686,28.14758748093229,8.0,27.0,43.0,62.5,146.0
2010-09-12,CES,O3,1,161.0,17.453416149068325,20.94783709316997,0.0,3.0,10.0,22.0,103.0
2010-09-12,CES,PM10,2,152.0,29.61842105263158,20.914817527112245,1.0,13.0,24.5,40.0,113.0
2010-09-12,CES,SO2,1,161.0,0.2670807453416149,0.5449514195682412,0.0,0.0,0.0,0.0,3.0
2010-09-12,CHO,CO,15,161.0,0.6751552795031057,0.3501840687232611,0.2,0.5,0.6,0.8,2.1
2010-09-12,CHO,O3,1,0.0,,,,,,,
2010-09-12,CHO,SO2,1,161.0,0.515527950310559,0.7754481773635153,0.0,0.0,0.0,1.0,3.0
2010-09-12,COY,O3,1,157.0,24.076433121019107,28.63822562036619,1.0,3.0,13.0,35.0,122.0
2010-09-12,COY,PM2.5,2,152.0,13.006578947368421,9.643648502035532,1.0,7.0,10.0,17.0,44.0
2010-09-12,CUA,O3,1,161.0,28.80745341614907,28.551382525183946,0.0,10.0,19.0,32.0,119.0
2010-09-12,FAC,CO,15,154.0,1.0805194805194804,0.8496118238654728,0.0,0.4,0.8,1.5,5.0
2010-09-12,FAC,NO,1,154.0,25.24025974025974,35.27799128653928,0.0,4.0,9.0,29.5,179.0
2010-09-12,FAC,NO2,1,154.0,23.2987012987013,12.503662140741094,4.0,13.25,20.0,32.0,64.0
2010-09-12,FAC,NOX,1,154.0,48.55844155844156,40.025316663656454,5.0,18.25,39.5,63.0,194.0
2010-09-12,FAC,O3,1,154.0,23.506493506493506,24.445550206101775,1.0,5.25,18.0,28.0,112.0
2010-09-12,FAC,PM10,2,149.0,35.84563758389262,24.992627245880946,3.0,16.0,29.0,51.0,151.0
2010-09-12,FAC,SO2,1,154.0,4.084415584415584,2.3513347584770217,2.0,3.0,4.0,4.0,25.0
2010-09-12,IMP,CO,15,159.0,1.093710691823899,0.6984327423008406,0.2,0.6,0.8,1.4,3.3
2010-09-12,IZT,CO,15,157.0,0.6936305732484074,0.6173435157958507,0.0,0.3,0.5,0.9,2.8
2010-09-12,IZT,NO,1,157.0,19.248407643312103,25.285208012650777,0.0,4.0,8.0,24.0,130.0
2010-09-12,IZT,NO2,1,157.0,24.37579617834395,9.59528063267192,5.0,18.0,24.0,29.0,51.0
2010-09-12,IZT,NOX,1,157.0,43.51592356687898,30.99681644024138,5.0,23.0,33.0,52.0,156.0
2010-09-12,IZT,O3,1,157.0,20.05732484076433,25.97860116400947,0.0,1.0,9.0,29.0,111.0
2010-09-12,IZT,PM10,2,160.0,29.5375,14.004441119487144,5.0,19.0,28.0,37.0,85.0
2010-09-12,IZT,SO2,1,157.0,5.464968152866242,1.529742153655827,4.0,5.0,5.0,6.0,14.0
2010-09-12,LAG,CO,15,29.0,1.4931034482758623,0.8271858637585451,0.4,0.7,1.4,1.9,3.2
2010-09-12,LAG,NO,1,149.0,25.34228187919463,29.484254114760834,0.0,5.0,14.0,33.0,138.0
2010-09-12,LAG,NO2,1,149.0,30.624161073825505,13.611638754958989,8.0,21.0,27.0,36.0,74.0
2010-09-12,LAG,NOX,1,149.0,55.852348993288594,37.468793472833006,10.0,28.0,46.0,71.0,174.0
2010-09-12,LAG,O3,1,149.0,18.19463087248322,24.73963824932408,0.0,1.0,7.0,26.0,102.0
2010-09-12,LAG,SO2,1,149.0,3.4093959731543624,1.8121713973095683,2.0,2.0,3.0,4.0,17.0
2010-09-12,LLA,SO2,1,0.0,,,,,,,
2010-09-12,LPR,SO2,1,0.0,,,,,,,
2010-09-12,LVI,PM10,2,154.0,35.77922077922078,22.52152108111588,1.0,17.0,32.0,52.0,94.0
2010-09-12,LVI,SO2,1,161.0,2.0434782608695654,2.0042075306931038,1.0,1.0,2.0,2.0,16.0
2010-09-12,MER,CO,15,161.0,0.8906832298136641,0.622073271632453,0.2,0.4,0.7,1.2,3.2
2010-09-12,MER,NO,1,161.0,24.08695652173913,27.757744708537608,1.0,5.0,13.0,31.0,138.0
2010-09-12,MER,NO2,1,161.0,28.285714285714285,11.484461552151979,8.0,20.0,27.0,33.0,64.0
2010-09-12,MER,NOX,1,161.0,52.37888198757764,33.8548268529354,11.0,27.0,42.0,66.0,170.0
2010-09-12,MER,O3,1,161.0,20.571428571428573,25.28505346190567,0.0,1.0,9.0,30.0,109.0
2010-09-12,MER,PM10,2,160.0,32.60625,19.41570941306494,2.0,18.75,29.0,45.0,89.0
2010-09-12,MER,PM2.5,2,0.0,,,,,,,
2010-09-12,MER,SO2,1,161.0,6.173913043478261,1.5023532265720019,5.0,5.0,6.0,6.0,17.0
2010-09-12,MON,O3,1,108.0,24.194444444444443,20.861115432105997,1.0,6.75,17.0,34.25,74.0
2010-09-12,PED,CO,15,54.0,0.28703703703703703,0.26779765403758926,0.0,0.1,0.2,0.4,1.0
2010-09-12,PED,NO,1,156.0,9.66025641025641,15.158728687383404,0.0,1.0,4.0,11.0,85.0
2010-09-12,PED,NO2,1,156.0,19.705128205128204,8.003400848685997,6.0,13.0,19.0,25.0,46.0
2010-09-12,PED,NOX,1,156.0,29.256410256410255,18.342572301711325,5.0,16.0,25.0,35.25,103.0
2010-09-12,PED,O3,1,157.0,22.70700636942675,28.144831730891838,0.0,2.0,12.0,30.0,126.0
2010-09-12,PED,PM10,2,160.0,25.68125,16.06487315141546,1.0,14.0,23.0,34.0,79.0
2010-09-12,PED,SO2,1,157.0,3.4140127388535033,0.6409586768877596,2.0,3.0,3.0,4.0,6.0
2010-09-12,PER,PM2.5,2,111.0,14.0990990990991,6.772880352693988,2.0,9.0,14.0,19.0,38.0
2010-09-12,PLA,O3,1,156.0,21.141025641025642,26.700839353231576,0.0,2.0,10.5,29.0,115.0
2010-09-12,PLA,SO2,1,156.0,2.4743589743589745,0.8831667211816868,2.0,2.0,2.0,3.0,8.0
2010-09-12,SAG,CO,15,154.0,0.6844155844155849,0.39159968056792155,0.2,0.4,0.5,0.8,2.2
2010-09-12,SAG,NO,1,154.0,13.688311688311689,17.703261942520186,0.0,4.0,6.0,13.0,82.0
2010-09-12,SAG,NO2,1,154.0,15.844155844155845,8.191442904912588,2.0,10.0,15.0,19.0,50.0
2010-09-12,SAG,NOX,1,154.0,29.506493506493506,22.684896577286388,6.0,13.25,21.0,35.75,120.0
2010-09-12,SAG,O3,1,154.0,22.01948051948052,19.364569350584702,1.0,7.25,16.0,31.0,76.0
2010-09-12,SAG,PM10,2,142.0,29.338028169014084,17.971169710543563,1.0,18.0,26.0,38.5,148.0
2010-09-12,SAG,PM2.5,2,123.0,13.975609756097562,7.940829760741907,1.0,8.0,12.0,18.0,46.0
2010-09-12,SAG,SO2,1,154.0,1.5454545454545454,2.3124864503144016,0.0,1.0,1.0,1.0,23.0
2010-09-12,SJA,PM2.5,2,150.0,14.173333333333334,8.07577092683044,1.0,9.0,13.0,18.0,42.0
2010-09-12,SUR,CO,15,156.0,0.799358974358974,0.5868996501432725,0.0,0.4,0.6,1.1,4.0
2010-09-12,SUR,NO,1,156.0,12.179487179487179,18.295596924727334,0.0,2.75,6.0,13.0,149.0
2010-09-12,SUR,NO2,1,156.0,20.08974358974359,8.726948840394437,3.0,14.0,19.0,27.0,44.0
2010-09-12,SUR,NOX,1,156.0,32.22435897435897,21.75926164483461,5.0,17.75,26.5,40.5,165.0
2010-09-12,SUR,O3,1,155.0,25.974193548387095,29.46623610104106,1.0,4.0,14.0,36.0,127.0
2010-09-12,SUR,PM10,2,141.0,22.354609929078013,13.674342372159751,2.0,13.0,20.0,29.0,70.0
2010-09-12,SUR,SO2,1,98.0,4.0,0.75981549578096,3.0,4.0,4.0,4.0,6.0
2010-09-12,TAC,CO,15,161.0,0.8099378881987572,0.69571949887725,0.0,0.2,0.6,1.3,3.3
2010-09-12,TAC,NO,1,161.0,16.782608695652176,24.11345466025499,0.0,3.0,7.0,21.0,147.0
2010-09-12,TAC,NO2,1,161.0,25.981366459627328,11.77256983929668,7.0,17.0,23.0,33.0,60.0
2010-09-12,TAC,NOX,1,161.0,42.67080745341615,29.776201990330193,8.0,21.0,32.0,59.0,169.0
2010-09-12,TAC,O3,1,161.0,24.496894409937887,26.245267245639376,2.0,4.0,14.0,33.0,128.0
2010-09-12,TAC,SO2,1,161.0,2.770186335403727,1.854886948054278,1.0,2.0,2.0,3.0,18.0
2010-09-12,TAH,O3,1,157.0,27.019108280254777,23.149866073041085,0.0,10.0,21.0,36.0,110.0
2010-09-12,TAH,PM10,2,142.0,22.528169014084508,16.041477117556095,1.0,10.0,19.0,32.75,68.0
2010-09-12,TAH,SO2,1,150.0,0.22666666666666666,0.6770114615098176,0.0,0.0,0.0,0.0,4.0
2010-09-12,TAX,CO,15,152.0,1.4144736842105254,0.6635653143852615,0.3,0.9,1.3,1.9,3.5
2010-09-12,TAX,NO,1,152.0,30.42105263157895,25.526385859411626,0.0,11.0,25.0,43.0,124.0
2010-09-12,TAX,NO2,1,152.0,26.914473684210527,11.736592507822154,7.0,19.0,23.5,34.0,68.0
2010-09-12,TAX,NOX,1,152.0,57.23684210526316,31.322661081817866,6.0,34.0,53.5,75.25,145.0
2010-09-12,TAX,O3,1,152.0,18.217105263157894,20.492259163028862,0.0,3.75,10.0,24.0,89.0
2010-09-12,TAX,PM10,2,139.0,38.48201438848921,29.034799839329636,1.0,18.0,34.0,52.0,188.0
2010-09-12,TAX,SO2,1,152.0,1.0723684210526316,0.970437012802664,0.0,0.0,1.0,2.0,4.0
2010-09-12,TLA,CO,15,159.0,0.8943396226415092,0.5644808618723132,0.1,0.4,0.8,1.2,2.8
2010-09-12,TLA,NO,1,157.0,27.019108280254777,29.919436984277443,0.0,9.0,15.0,33.0,159.0
2010-09-12,TLA,NO2,1,157.0,29.343949044585987,11.354832573253454,9.0,21.0,28.0,38.0,57.0
2010-09-12,TLA,NOX,1,157.0,56.36305732484077,35.70124483684762,12.0,29.0,46.0,70.0,192.0
2010-09-12,TLA,O3,1,148.0,22.5472972972973,25.314708816054456,0.0,3.75,13.0,32.25,109.0
2010-09-12,TLA,PM10,2,160.0,46.88125,24.72499610495293,7.0,25.75,43.5,61.0,125.0
2010-09-12,TLA,PM2.5,2,159.0,20.47798742138365,11.977212793619328,1.0,10.0,19.0,28.0,56.0
2010-09-12,TLA,SO2,1,158.0,3.829113924050633,2.7303275228153683,1.0,2.25,3.0,4.0,22.0
2010-09-12,TLI,CO,15,151.0,0.8185430463576161,0.4478696199431162,0.2,0.4,0.7,1.1,2.1
2010-09-12,TLI,NO,1,161.0,14.024844720496894,18.30845102355707,1.0,3.0,5.0,16.0,97.0
2010-09-12,TLI,NO2,1,161.0,22.36024844720497,10.755552516625455,6.0,14.0,21.0,29.0,63.0
2010-09-12,TLI,NOX,1,161.0,36.36024844720497,24.27899112273588,9.0,16.0,28.0,51.0,121.0
2010-09-12,TLI,PM10,2,149.0,38.65771812080537,26.246691377607174,3.0,22.0,32.0,50.0,133.0
2010-09-12,TLI,SO2,1,161.0,0.8881987577639752,2.9622495438852656,0.0,0.0,0.0,1.0,24.0
2010-09-12,TPN,O3,1,159.0,24.855345911949687,25.522845680293837,0.0,7.0,17.0,28.5,121.0
2010-09-12,UIZ,CO,15,154.0,0.9448051948051948,0.6524005153210243,0.2,0.5,0.7,1.2,3.6
2010-09-12,UIZ,NO,1,154.0,13.253246753246753,22.18094385808337,0.0,1.0,3.0,15.75,122.0
2010-09-12,UIZ,NO2,1,154.0,21.0,9.842551345736737,4.0,14.0,20.0,26.75,51.0
2010-09-12,UIZ,NOX,1,154.0,34.24025974025974,28.464645011283185,5.0,15.0,23.0,44.0,149.0
2010-09-12,UIZ,O3,1,154.0,23.857142857142858,25.876637600019173,0.0,4.0,14.0,35.5,109.0
2010-09-12,UIZ,PM2.5,2,151.0,15.874172185430464,10.951593269633774,1.0,8.0,14.0,20.0,60.0
2010-09-12,UIZ,SO2,1,154.0,1.2597402597402598,1.0149548095493628,0.0,1.0,1.0,2.0,7.0
2010-09-12,VAL,CO,15,0.0,,,,,,,
2010-09-12,VAL,SO2,1,0.0,,,,,,,
2010-09-12,VIF,CO,15,0.0,,,,,,,
2010-09-12,VIF,NO,1,0.0,,,,,,,
2010-09-12,VIF,NO2,1,0.0,,,,,,,
2010-09-12,VIF,NOX,1,0.0,,,,,,,
2010-09-12,VIF,PM10,2,0.0,,,,,,,
2010-09-12,VIF,SO2,1,0.0,,,,,,,
2010-09-12,XAL,CO,15,158.0,0.9379746835443037,0.5665413668692718,0.2,0.5,0.8,1.175,2.8
2010-09-12,XAL,NO,1,158.0,35.0126582278481,36.785656880426714,1.0,14.0,23.5,41.0,190.0
2010-09-12,XAL,NO2,1,158.0,28.151898734177216,11.885964111869969,6.0,20.0,27.0,36.0,74.0
2010-09-12,XAL,NOX,1,158.0,63.063291139240505,42.18063726166366,12.0,34.0,51.0,77.25,219.0
2010-09-12,XAL,O3,1,158.0,19.132911392405063,18.08370643987464,2.0,4.25,13.0,26.0,74.0
2010-09-12,XAL,PM10,2,154.0,73.51298701298701,49.3638269579504,1.0,34.0,69.0,94.75,268.0
2010-09-12,XAL,SO2,1,158.0,2.9556962025316458,2.3764903113862843,0.0,2.0,3.0,4.0,21.0
2010-09-19,ACO,O3,1,161.0,20.832298136645964,11.16368892035957,2.0,12.0,20.0,29.0,48.0
2010-09-19,ACO,PM2.5,2,141.0,9.01418439716312,9.132348951160091,1.0,4.0,7.0,11.0,83.0
2010-09-19,ACO,SO2,1,161.0,0.09316770186335403,0.36744459167377946,0.0,0.0,0.0,0.0,3.0
2010-09-19,ARA,SO2,1,0.0,,,,,,,
2010-09-19,ATI,NO,1,161.0,7.708074534161491,5.244806659392694,3.0,5.0,7.0,9.0,35.0
2010-09-19,ATI,NO2,1,161.0,10.540372670807454,4.8554013593366765,3.0,7.0,10.0,14.0,32.0
2010-09-19,ATI,NOX,1,161.0,18.236024844720497,8.966267010265696,7.0,11.0,17.0,22.0,54.0
2010-09-19,ATI,SO2,1,161.0,3.1677018633540373,8.239566148199739,0.0,0.0,0.0,1.0,45.0
2010-09-19,AZC,NO,1,160.0,8.01875,10.52906840354554,0.0,2.0,4.0,10.0,57.0
2010-09-19,AZC,NO2,1,160.0,18.04375,5.829168549188019,8.0,13.0,18.0,22.0,37.0
2010-09-19,AZC,NOX,1,160.0,25.91875,14.155458477809235,8.0,15.0,21.5,32.25,83.0
2010-09-19,AZC,O3,1,160.0,14.8625,13.735821735234422,0.0,2.0,10.0,25.0,51.0
2010-09-19,AZC,SO2,1,160.0,5.0375,5.316270859263719,2.0,3.0,3.0,4.0,28.0
2010-09-19,CAM,PM2.5,2,152.0,13.486842105263158,9.439235322397302,1.0,7.0,12.0,16.25,60.0
2010-09-19,CES,NO,1,160.0,16.175,13.859832919391891,0.0,6.0,14.5,23.25,74.0
2010-09-19,CES,NO2,1,160.0,18.45625,6.567354822991458,4.0,13.0,18.5,22.0,38.0
2010-09-19,CES,NOX,1,160.0,34.4875,17.725363804801823,6.0,21.0,32.5,46.0,96.0
2010-09-19,CES,O3,1,160.0,12.9125,13.646658540030078,0.0,2.0,9.0,19.25,55.0
2010-09-19,CES,PM10,2,152.0,19.92763157894737,13.449489501961294,1.0,10.0,19.0,29.0,69.0
2010-09-19,CES,SO2,1,160.0,0.54375,2.021416388039951,0.0,0.0,0.0,0.0,14.0
2010-09-19,CHO,CO,15,161.0,0.663354037267081,0.3797514715234471,0.1,0.4,0.6,0.9,2.1
2010-09-19,CHO,O3,1,0.0,,,,,,,
2010-09-19,CHO,SO2,1,161.0,0.6024844720496895,0.5621332482782666,0.0,0.0,1.0,1.0,2.0
2010-09-19,COY,O3,1,160.0,17.61875,16.54111396665478,1.0,4.0,11.0,25.25,70.0
2010-09-19,COY,PM2.5,2,154.0,9.2987012987013,6.275931688903981,1.0,5.0,8.0,11.0,37.0
2010-09-19,CUA,O3,1,159.0,22.352201257861637,13.39428291264781,2.0,13.0,19.0,27.5,64.0
2010-09-19,FAC,CO,15,161.0,0.6229813664596275,0.2779947048068023,0.1,0.4,0.6,0.8,1.7
2010-09-19,FAC,NO,1,161.0,9.751552795031056,10.018751828384502,1.0,2.0,7.0,13.0,58.0
2010-09-19,FAC,NO2,1,161.0,14.031055900621118,5.541234474655047,5.0,10.0,14.0,17.0,38.0
2010-09-19,FAC,NOX,1,161.0,23.664596273291924,13.790823080666218,5.0,14.0,21.0,31.0,77.0
2010-09-19,FAC,O3,1,161.0,19.341614906832298,12.407208383668603,1.0,9.0,17.0,28.0,54.0
2010-09-19,FAC,PM10,2,154.0,19.181818181818183,11.154561507483937,1.0,11.0,19.0,26.0,48.0
2010-09-19,FAC,SO2,1,161.0,5.22360248447205,6.3659005208213735,2.0,3.0,3.0,4.0,43.0
2010-09-19,IMP,CO,15,161.0,0.6018633540372668,0.2594397930371902,0.2,0.4,0.5,0.8,1.5
2010-09-19,IZT,CO,15,159.0,0.3157232704402517,0.31951993087632463,0.0,0.1,0.2,0.45,1.5
2010-09-19,IZT,NO,1,159.0,12.08805031446541,11.187347989377425,1.0,5.0,8.0,16.0,57.0
2010-09-19,IZT,NO2,1,159.0,16.433962264150942,7.572040761228521,3.0,12.0,16.0,19.5,51.0
2010-09-19,IZT,NOX,1,159.0,28.49056603773585,15.999552179068575,6.0,17.0,25.0,37.0,76.0
2010-09-19,IZT,O3,1,159.0,14.220125786163521,15.093232534434366,0.0,2.0,8.0,23.0,61.0
2010-09-19,IZT,PM10,2,159.0,23.754716981132077,17.060101124966323,3.0,14.0,19.0,28.5,138.0
2010-09-19,IZT,SO2,1,159.0,6.056603773584905,3.5954353674140047,4.0,4.0,5.0,6.0,26.0
2010-09-19,LAG,CO,15,0.0,,,,,,,
2010-09-19,LAG,NO,1,160.0,13.40625,10.874525580629879,0.0,4.75,11.5,19.25,58.0
2010-09-19,LAG,NO2,1,160.0,19.31875,8.220523384613726,6.0,14.0,19.0,21.25,54.0
2010-09-19,LAG,NOX,1,160.0,32.625,16.22124936056437,8.0,20.0,30.0,43.25,94.0
2010-09-19,LAG,O3,1,160.0,13.5625,13.310367406767728,0.0,2.75,8.0,20.5,56.0
2010-09-19,LAG,SO2,1,160.0,3.69375,3.0591585865825337,2.0,2.0,3.0,3.0,21.0
2010-09-19,LLA,SO2,1,0.0,,,,,,,
2010-09-19,LPR,SO2,1,0.0,,,,,,,
2010-09-19,LVI,PM10,2,151.0,23.880794701986755,13.72973762911143,1.0,14.0,22.0,33.0,63.0
2010-09-19,LVI,SO2,1,157.0,2.261146496815287,4.56175081213243,0.0,1.0,1.0,2.0,37.0
2010-09-19,MER,CO,15,161.0,0.6037267080745341,0.37830017822454226,0.1,0.3,0.5,0.9,2.1
2010-09-19,MER,NO,1,161.0,17.527950310559007,14.600540277589575,1.0,6.0,14.0,22.0,68.0
2010-09-19,MER,NO2,1,161.0,19.19254658385093,8.511400830614127,7.0,14.0,19.0,22.0,58.0
2010-09-19,MER,NOX,1,161.0,36.63354037267081,20.014585132158555,8.0,19.0,35.0,49.0,104.0
2010-09-19,MER,O3,1,161.0,14.658385093167702,13.503289224325172,0.0,3.0,10.0,23.0,57.0
2010-09-19,MER,PM10,2,154.0,24.9025974025974,14.813776259469227,1.0,14.0,22.0,35.0,74.0
2010-09-19,MER,PM2.5,2,0.0,,,,,,,
2010-09-19,MER,SO2,1,161.0,6.608695652173913,3.3506975263433567,5.0,5.0,6.0,6.0,25.0
2010-09-19,MON,O3,1,155.0,19.006451612903227,12.524001255871035,1.0,9.0,18.0,27.0,49.0
2010-09-19,PED,CO,15,148.0,0.48445945945945945,0.2275910038027661,0.2,0.3,0.5,0.6,1.3
2010-09-19,PED,NO,1,161.0,4.801242236024844,6.182454888408407,0.0,0.0,3.0,6.0,35.0
2010-09-19,PED,NO2,1,161.0,14.751552795031056,6.81178304108093,2.0,10.0,14.0,18.0,45.0
2010-09-19,PED,NOX,1,161.0,19.52173913043478,10.829985547382865,2.0,12.0,18.0,26.0,55.0
2010-09-19,PED,O3,1,161.0,16.757763975155278,15.247859029022532,0.0,5.0,13.0,22.0,67.0
2010-09-19,PED,PM10,2,118.0,19.652542372881356,27.05340622459379,1.0,8.0,14.5,24.0,279.0
2010-09-19,PED,SO2,1,161.0,4.273291925465839,3.5053309002855837,3.0,3.0,3.0,4.0,26.0
2010-09-19,PER,PM2.5,2,132.0,16.242424242424242,19.20683768675923,1.0,7.0,11.0,18.25,151.0
2010-09-19,PLA,O3,1,161.0,14.565217391304348,14.05604078710273,0.0,3.0,10.0,21.0,60.0
2010-09-19,PLA,SO2,1,161.0,3.608695652173913,3.8668040955087797,2.0,2.0,2.0,3.0,23.0
2010-09-19,SAG,CO,15,158.0,0.4765822784810129,0.20877797963264422,0.2,0.3,0.4,0.6,1.0
2010-09-19,SAG,NO,1,158.0,8.417721518987342,6.491753897122712,0.0,3.0,7.0,12.0,33.0
2010-09-19,SAG,NO2,1,158.0,11.050632911392405,4.9607343153196775,1.0,7.0,11.0,14.0,28.0
2010-09-19,SAG,NOX,1,158.0,19.379746835443036,10.090424037687425,1.0,12.25,17.0,26.0,50.0
2010-09-19,SAG,O3,1,158.0,17.848101265822784,12.06678718879817,2.0,7.25,15.0,26.0,49.0
2010-09-19,SAG,PM10,2,155.0,27.15483870967742,22.235207233587232,3.0,13.5,25.0,34.5,214.0
2010-09-19,SAG,PM2.5,2,138.0,12.528985507246377,16.56757541608523,1.0,5.0,9.0,14.0,159.0
2010-09-19,SAG,SO2,1,158.0,1.3924050632911393,2.8077133136129073,0.0,0.0,1.0,1.0,27.0
2010-09-19,SJA,PM2.5,2,140.0,10.871428571428572,9.775054771520628,1.0,5.0,9.0,14.0,68.0
2010-09-19,SUR,CO,15,161.0,0.646583850931677,0.3995358331709157,0.0,0.4,0.6,0.9,2.1
2010-09-19,SUR,NO,1,161.0,8.77639751552795,9.489451482619733,0.0,2.0,5.0,12.0,42.0
2010-09-19,SUR,NO2,1,161.0,14.236024844720497,7.159360592914629,0.0,10.0,14.0,18.0,50.0
2010-09-19,SUR,NOX,1,161.0,22.981366459627328,14.441031840596363,3.0,11.0,20.0,32.0,62.0
2010-09-19,SUR,O3,1,161.0,17.645962732919255,16.52967405073682,1.0,5.0,13.0,24.0,73.0
2010-09-19,SUR,PM10,2,149.0,18.496644295302012,12.428511337588475,1.0,10.0,16.0,24.0,70.0
2010-09-19,SUR,SO2,1,146.0,2.3424657534246576,3.2809551934730425,0.0,1.0,1.0,2.0,16.0
2010-09-19,TAC,CO,15,158.0,0.2556962025316455,0.26958181129133674,0.0,0.1,0.2,0.4,1.5
2010-09-19,TAC,NO,1,159.0,7.937106918238993,7.670992158190997,0.0,3.0,5.0,9.0,38.0
2010-09-19,TAC,NO2,1,159.0,16.07547169811321,5.46860680405517,6.0,12.0,16.0,20.0,33.0
2010-09-19,TAC,NOX,1,159.0,23.90566037735849,11.120623134365477,8.0,16.0,21.0,31.0,56.0
2010-09-19,TAC,O3,1,160.0,17.91875,13.72505026282167,2.0,6.0,13.5,27.25,55.0
2010-09-19,TAC,SO2,1,160.0,4.01875,5.787072858030296,1.0,2.0,2.0,3.0,38.0
2010-09-19,TAH,O3,1,158.0,19.10759493670886,16.670117221890397,0.0,6.0,15.0,27.0,74.0
2010-09-19,TAH,PM10,2,139.0,22.755395683453237,16.40114953845857,1.0,10.0,20.0,32.5,85.0
2010-09-19,TAH,SO2,1,158.0,0.5569620253164557,1.668340152604012,0.0,0.0,0.0,0.0,12.0
2010-09-19,TAX,CO,15,161.0,1.2720496894409945,0.6861314724712224,0.3,0.7,1.3,1.7,3.4
2010-09-19,TAX,NO,1,161.0,40.17391304347826,31.630792990650615,1.0,12.0,36.0,61.0,140.0
2010-09-19,TAX,NO2,1,161.0,21.782608695652176,9.833422377390994,1.0,16.0,22.0,27.0,67.0
2010-09-19,TAX,NOX,1,161.0,61.93788819875776,38.05435084208404,3.0,30.0,58.0,86.0,161.0
2010-09-19,TAX,O3,1,161.0,12.422360248447205,12.274281929889419,1.0,3.0,8.0,19.0,57.0
2010-09-19,TAX,PM10,2,155.0,35.903225806451616,23.67632775622327,1.0,18.0,35.0,50.5,156.0
2010-09-19,TAX,SO2,1,161.0,1.4161490683229814,2.8930066674032666,0.0,0.0,0.0,1.0,20.0
2010-09-19,TLA,CO,15,159.0,0.4779874213836479,0.2843263855354671,0.1,0.3,0.4,0.6,1.5
2010-09-19,TLA,NO,1,158.0,15.278481012658228,12.792251544931766,2.0,8.0,12.5,17.75,105.0
2010-09-19,TLA,NO2,1,158.0,17.734177215189874,6.423898177123514,6.0,13.0,18.0,21.0,46.0
2010-09-19,TLA,NOX,1,158.0,33.04430379746835,16.883770874391974,11.0,23.0,28.5,39.0,136.0
2010-09-19,TLA,O3,1,159.0,15.572327044025156,12.673334469503661,1.0,4.0,12.0,26.0,49.0
2010-09-19,TLA,PM10,2,115.0,30.05217391304348,12.473722188370516,2.0,20.5,30.0,37.5,73.0
2010-09-19,TLA,PM2.5,2,107.0,12.037383177570094,6.521264540014185,2.0,7.0,11.0,16.0,40.0
2010-09-19,TLA,SO2,1,160.0,4.7375,5.5246588443008795,1.0,2.0,3.0,4.0,34.0
2010-09-19,TLI,CO,15,157.0,0.49363057324840776,0.218878706799117,0.2,0.3,0.4,0.6,1.4
2010-09-19,TLI,NO,1,161.0,7.341614906832298,7.049916302749728,1.0,3.0,5.0,8.0,42.0
2010-09-19,TLI,NO2,1,161.0,13.763975155279503,5.132635200301975,5.0,10.0,14.0,18.0,28.0
2010-09-19,TLI,NOX,1,161.0,21.049689440993788,10.799769234939712,7.0,13.0,18.0,27.0,63.0
2010-09-19,TLI,PM10,2,143.0,29.482517482517483,17.956070473716867,1.0,16.0,26.0,40.5,97.0
2010-09-19,TLI,SO2,1,161.0,1.3726708074534162,4.160558670083261,0.0,0.0,0.0,0.0,25.0
2010-09-19,TPN,O3,1,161.0,17.82608695652174,14.89318855105888,0.0,8.0,13.0,22.0,70.0
2010-09-19,UIZ,CO,15,160.0,0.7462499999999997,0.33135655993403956,0.3,0.5,0.7,0.9,1.7
2010-09-19,UIZ,NO,1,161.0,8.714285714285714,9.519341213700514,0.0,2.0,5.0,12.0,48.0
2010-09-19,UIZ,NO2,1,161.0,16.279503105590063,7.35969698775383,4.0,11.0,17.0,21.0,44.0
2010-09-19,UIZ,NOX,1,161.0,24.987577639751553,15.205668177377042,5.0,12.0,22.0,33.0,74.0
2010-09-19,UIZ,O3,1,161.0,16.86335403726708,15.314411878362296,0.0,4.0,12.0,26.0,61.0
2010-09-19,UIZ,PM2.5,2,151.0,10.933774834437086,7.982204268807113,1.0,6.0,8.0,14.5,41.0
2010-09-19,UIZ,SO2,1,161.0,2.0248447204968945,3.0982864428563737,0.0,1.0,1.0,2.0,21.0
2010-09-19,VAL,CO,15,0.0,,,,,,,
2010-09-19,VAL,SO2,1,0.0,,,,,,,
2010-09-19,VIF,CO,15,0.0,,,,,,,
2010-09-19,VIF,NO,1,0.0,,,,,,,
2010-09-19,VIF,NO2,1,0.0,,,,,,,
2010-09-19,VIF,NOX,1,0.0,,,,,,,
2010-09-19,VIF,PM10,2,0.0,,,,,,,
2010-09-19,VIF,SO2,1,0.0,,,,,,,
2010-09-19,XAL,CO,15,154.0,0.6383116883116886,0.3781962785264403,0.0,0.3,0.6,0.9,1.7
2010-09-19,XAL,NO,1,154.0,31.396103896103895,25.720320501151342,2.0,9.0,27.0,47.0,114.0
2010-09-19,XAL,NO2,1,154.0,19.363636363636363,8.098913169899463,4.0,13.25,20.0,24.0,41.0
2010-09-19,XAL,NOX,1,154.0,50.72727272727273,31.939336438335907,7.0,23.25,49.0,70.0,143.0
2010-09-19,XAL,O3,1,154.0,15.694805194805195,10.95524342306162,2.0,7.0,13.5,20.75,53.0
2010-09-19,XAL,PM10,2,147.0,63.925170068027214,53.598978782360895,1.0,26.0,54.0,91.0,418.0
2010-09-19,XAL,SO2,1,154.0,2.051948051948052,1.7481725576731297,0.0,1.0,2.0,2.0,12.0
2010-09-26,ACO,O3,1,158.0,22.20886075949367,17.036511483711354,2.0,7.5,19.0,30.0,79.0
2010-09-26,ACO,PM2.5,2,148.0,10.297297297297296,5.714832663656749,2.0,6.0,10.0,14.0,37.0
2010-09-26,ACO,SO2,1,158.0,0.0379746835443038,0.1917427931319761,0.0,0.0,0.0,0.0,1.0
2010-09-26,ARA,SO2,1,0.0,,,,,,,
2010-09-26,ATI,NO,1,154.0,12.935064935064934,19.263455640106994,3.0,5.0,7.0,11.0,134.0
2010-09-26,ATI,NO2,1,154.0,14.032467532467532,6.759567251462442,4.0,9.0,13.0,18.0,37.0
2010-09-26,ATI,NOX,1,154.0,26.974025974025974,21.45094664088674,7.0,15.0,20.0,29.0,149.0
2010-09-26,ATI,SO2,1,154.0,0.8441558441558441,1.1666939499883746,0.0,0.0,1.0,1.0,7.0
2010-09-26,AZC,NO,1,150.0,14.54,25.8307942751652,0.0,1.25,3.0,14.75,155.0
2010-09-26,AZC,NO2,1,150.0,22.34,7.296068629725493,8.0,17.0,21.0,26.0,44.0
2010-09-26,AZC,NOX,1,150.0,36.63333333333333,27.856876939835946,8.0,20.0,28.0,42.75,176.0
2010-09-26,AZC,O3,1,149.0,18.046979865771814,23.12402972996476,0.0,2.0,7.0,26.0,95.0
2010-09-26,AZC,SO2,1,150.0,3.2466666666666666,1.846224759149749,1.0,2.0,3.0,4.0,16.0
2010-09-26,CAM,PM2.5,2,156.0,15.961538461538462,9.126271623554619,1.0,9.0,14.5,22.0,45.0
2010-09-26,CES,NO,1,157.0,27.97452229299363,30.57356597567663,0.0,6.0,16.0,41.0,152.0
2010-09-26,CES,NO2,1,157.0,25.49044585987261,11.531238416376588,3.0,16.0,23.0,32.0,60.0
2010-09-26,CES,NOX,1,157.0,53.254777070063696,36.06065126952139,4.0,26.0,47.0,67.0,193.0
2010-09-26,CES,O3,1,156.0,13.782051282051283,17.919999593820144,0.0,2.0,6.0,18.0,81.0
2010-09-26,CES,PM10,2,146.0,30.71917808219178,21.39827358511057,1.0,14.0,26.0,42.75,104.0
2010-09-26,CES,SO2,1,157.0,1.484076433121019,1.3087726465182459,0.0,0.0,2.0,3.0,4.0
2010-09-26,CHO,CO,15,159.0,0.8069182389937107,0.5097926479518314,0.1,0.45,0.7,1.1,3.2
2010-09-26,CHO,O3,1,101.0,16.742574257425744,18.506568274721563,0.0,2.0,7.0,29.0,67.0
2010-09-26,CHO,SO2,1,159.0,1.6729559748427674,1.5323385592207854,0.0,1.0,1.0,2.0,9.0
2010-09-26,COY,O3,1,157.0,20.388535031847134,25.199625984589293,1.0,3.0,10.0,28.0,110.0
2010-09-26,COY,PM2.5,2,150.0,12.046666666666667,8.540732774832394,1.0,5.0,11.0,16.75,46.0
2010-09-26,CUA,O3,1,160.0,25.25625,25.42129223813385,0.0,9.75,16.0,34.5,128.0
2010-09-26,FAC,CO,15,158.0,0.7860759493670886,0.6344131502028999,0.1,0.4,0.6,0.9,3.0
2010-09-26,FAC,NO,1,158.0,20.341772151898734,31.369134115933505,0.0,4.0,8.0,18.75,156.0
2010-09-26,FAC,NO2,1,158.0,19.50632911392405,9.116197410574976,5.0,12.0,16.5,25.0,48.0
2010-09-26,FAC,NOX,1,158.0,39.79113924050633,34.20843822549667,6.0,18.0,28.0,45.75,172.0
2010-09-26,FAC,O3,1,98.0,16.744897959183675,15.389989532957191,1.0,4.25,13.5,23.0,64.0
2010-09-26,FAC,PM10,2,94.0,28.03191489361702,26.247560922079415,1.0,11.5,22.0,31.0,174.0
2010-09-26,FAC,SO2,1,98.0,3.8979591836734695,1.1708644785724907,2.0,3.0,4.0,4.0,8.0
2010-09-26,IMP,CO,15,159.0,0.844025157232705,0.512204369191443,0.2,0.5,0.7,1.0,3.1
2010-09-26,IZT,CO,15,161.0,0.507453416149068,0.5148486179246106,0.0,0.1,0.4,0.7,2.7
2010-09-26,IZT,NO,1,161.0,18.242236024844722,22.194530969789486,1.0,5.0,10.0,19.0,126.0
2010-09-26,IZT,NO2,1,161.0,22.267080745341616,9.657094389602365,5.0,16.0,21.0,27.0,49.0
2010-09-26,IZT,NOX,1,161.0,40.440993788819874,26.824159986963455,9.0,22.0,32.0,51.0,152.0
2010-09-26,IZT,O3,1,160.0,17.2875,23.9893549505483,0.0,0.0,6.0,27.25,104.0
2010-09-26,IZT,PM10,2,161.0,27.720496894409937,13.210417849241285,3.0,17.0,27.0,36.0,72.0
2010-09-26,IZT,SO2,1,161.0,5.645962732919255,1.1147305609888363,4.0,5.0,5.0,6.0,10.0
2010-09-26,LAG,CO,15,77.0,0.7376623376623376,0.44338380695894936,0.1,0.4,0.7,1.0,2.2
2010-09-26,LAG,NO,1,149.0,22.86577181208054,22.378699367479125,1.0,9.0,16.0,29.0,120.0
2010-09-26,LAG,NO2,1,149.0,25.120805369127517,9.493890461963145,8.0,20.0,24.0,28.0,53.0
2010-09-26,LAG,NOX,1,149.0,47.90604026845637,26.708218767920936,11.0,30.0,42.0,60.0,143.0
2010-09-26,LAG,O3,1,149.0,13.020134228187919,18.0275576581243,0.0,1.0,5.0,17.0,89.0
2010-09-26,LAG,SO2,1,149.0,3.348993288590604,1.0838256472968497,2.0,3.0,3.0,4.0,7.0
2010-09-26,LLA,SO2,1,0.0,,,,,,,
2010-09-26,LPR,SO2,1,0.0,,,,,,,
2010-09-26,LVI,PM10,2,133.0,33.75187969924812,18.071158175490567,3.0,20.0,32.0,46.0,80.0
2010-09-26,LVI,SO2,1,139.0,1.6402877697841727,0.8427628325636967,0.0,1.0,2.0,2.0,6.0
2010-09-26,MER,CO,15,155.0,0.7812903225806453,0.4805012394775957,0.2,0.4,0.7,1.1,2.0
2010-09-26,MER,NO,1,155.0,22.690322580645162,23.072603572409236,0.0,6.0,14.0,33.0,109.0
2010-09-26,MER,NO2,1,155.0,25.651612903225807,10.078003273419453,8.0,19.0,25.0,29.0,58.0
2010-09-26,MER,NOX,1,155.0,48.32258064516129,28.602954956753408,12.0,27.0,41.0,68.5,138.0
2010-09-26,MER,O3,1,155.0,15.948387096774194,21.77923279520845,0.0,1.0,7.0,20.5,101.0
2010-09-26,MER,PM10,2,155.0,34.019354838709674,17.120455968462903,1.0,22.0,33.0,45.0,80.0
2010-09-26,MER,PM2.5,2,0.0,,,,,,,
2010-09-26,MER,SO2,1,155.0,4.787096774193548,2.8897200169373205,0.0,1.0,6.0,7.0,11.0
2010-09-26,MON,O3,1,161.0,22.149068322981368,18.876642703392804,1.0,6.0,19.0,33.0,78.0
2010-09-26,PED,CO,15,158.0,0.6424050632911394,0.304592095158096,0.2,0.4,0.6,0.8,1.5
2010-09-26,PED,NO,1,158.0,8.715189873417721,11.818204554030872,0.0,1.0,4.0,10.0,57.0
2010-09-26,PED,NO2,1,158.0,19.49367088607595,9.06504930614509,4.0,13.0,18.0,23.0,47.0
2010-09-26,PED,NOX,1,158.0,28.151898734177216,17.02720835596144,5.0,16.0,23.0,36.0,87.0
2010-09-26,PED,O3,1,158.0,19.170886075949365,24.671909047034752,0.0,3.0,8.0,28.75,120.0
2010-09-26,PED,PM10,2,159.0,22.245283018867923,14.518742570798443,2.0,12.0,18.0,30.0,70.0
2010-09-26,PED,SO2,1,158.0,3.651898734177215,0.8054528748654146,3.0,3.0,3.0,4.0,7.0
2010-09-26,PER,PM2.5,2,148.0,14.621621621621621,9.448323758331444,1.0,8.0,13.0,20.0,54.0
2010-09-26,PLA,O3,1,157.0,17.94904458598726,24.176911050162857,0.0,2.0,7.0,26.0,114.0
2010-09-26,PLA,SO2,1,157.0,3.210191082802548,0.8245577457484823,2.0,3.0,3.0,3.0,7.0
2010-09-26,SAG,CO,15,149.0,0.5590604026845637,0.29706069604993945,0.1,0.4,0.5,0.7,1.6
2010-09-26,SAG,NO,1,149.0,12.563758389261745,16.421525979908125,1.0,5.0,7.0,10.0,84.0
2010-09-26,SAG,NO2,1,149.0,13.791946308724832,6.143855607582874,3.0,9.0,13.0,17.0,38.0
2010-09-26,SAG,NOX,1,149.0,26.348993288590606,18.905857155667267,6.0,14.0,19.0,32.0,99.0
2010-09-26,SAG,O3,1,149.0,20.80536912751678,18.1505259593024,2.0,7.0,15.0,32.0,81.0
2010-09-26,SAG,PM10,2,146.0,29.82191780821918,15.596500461368688,3.0,19.0,28.0,38.75,72.0
2010-09-26,SAG,PM2.5,2,132.0,12.81060606060606,7.952274220544814,1.0,7.0,11.0,17.0,39.0
2010-09-26,SAG,SO2,1,149.0,0.46308724832214765,0.6208482637977022,0.0,0.0,0.0,1.0,2.0
2010-09-26,SJA,PM2.5,2,150.0,12.92,7.124511051161391,1.0,8.0,12.5,17.0,33.0
2010-09-26,SUR,CO,15,161.0,1.1012422360248442,0.6757391857846995,0.2,0.6,1.0,1.4,4.1
2010-09-26,SUR,NO,1,161.0,15.24223602484472,25.739263877759686,0.0,2.0,6.0,17.0,166.0
2010-09-26,SUR,NO2,1,161.0,18.149068322981368,10.105822072031193,1.0,12.0,16.0,22.0,52.0
2010-09-26,SUR,NOX,1,161.0,33.30434782608695,29.613561816813956,2.0,14.0,24.0,45.0,185.0
2010-09-26,SUR,O3,1,161.0,20.888198757763973,24.347226173842646,1.0,4.0,11.0,31.0,112.0
2010-09-26,SUR,PM10,2,149.0,21.19463087248322,14.254765847114694,1.0,9.0,18.0,32.0,64.0
2010-09-26,SUR,SO2,1,161.0,0.2608695652173913,0.6848516183308861,0.0,0.0,0.0,0.0,4.0
2010-09-26,TAC,CO,15,158.0,0.5360759493670884,0.5065454820696198,0.0,0.2,0.4,0.8,2.6
2010-09-26,TAC,NO,1,158.0,15.075949367088608,20.439921068751296,0.0,3.0,6.0,17.0,112.0
2010-09-26,TAC,NO2,1,158.0,22.50632911392405,8.82580671359686,8.0,16.0,20.0,27.75,45.0
2010-09-26,TAC,NOX,1,158.0,37.45569620253165,23.065013330975447,10.0,20.0,32.0,47.0,130.0
2010-09-26,TAC,O3,1,158.0,20.61392405063291,22.88596061826871,2.0,5.0,11.0,29.0,104.0
2010-09-26,TAC,SO2,1,158.0,2.670886075949367,1.4648451059381256,1.0,2.0,2.0,3.0,11.0
2010-09-26,TAH,O3,1,152.0,22.467105263157894,21.682512794909844,1.0,8.0,15.0,30.0,113.0
2010-09-26,TAH,PM10,2,134.0,20.94776119402985,17.128140308824637,1.0,7.0,16.0,31.0,77.0
2010-09-26,TAH,SO2,1,153.0,0.13071895424836602,0.4086693821595734,0.0,0.0,0.0,0.0,3.0
2010-09-26,TAX,CO,15,158.0,1.4455696202531643,0.7663791063257099,0.2,0.8250000000000001,1.4,2.0,4.4
2010-09-26,TAX,NO,1,158.0,39.765822784810126,33.74221641248532,0.0,17.0,32.0,53.0,187.0
2010-09-26,TAX,NO2,1,158.0,29.10126582278481,12.231935789749588,2.0,20.25,27.0,37.0,62.0
2010-09-26,TAX,NOX,1,158.0,68.83544303797468,37.852186662764744,3.0,41.0,65.0,89.0,216.0
2010-09-26,TAX,O3,1,144.0,16.354166666666668,19.10020274120789,1.0,2.0,8.0,24.0,75.0
2010-09-26,TAX,PM10,2,159.0,35.81132075471698,20.517103026475176,2.0,19.0,35.0,50.5,110.0
2010-09-26,TAX,SO2,1,158.0,0.9050632911392406,0.8122311387285703,0.0,0.0,1.0,1.0,3.0
2010-09-26,TLA,CO,15,102.0,0.8627450980392157,0.45050501225274037,0.2,0.5,0.8500000000000001,1.2,2.6
2010-09-26,TLA,NO,1,101.0,26.26732673267327,24.51566482439704,2.0,10.0,18.0,31.0,142.0
2010-09-26,TLA,NO2,1,101.0,27.217821782178216,7.70013501231769,15.0,21.0,26.0,34.0,51.0
2010-09-26,TLA,NOX,1,101.0,53.53465346534654,27.173724204251286,18.0,33.0,49.0,67.0,172.0
2010-09-26,TLA,O3,1,95.0,19.442105263157895,23.62099489386583,1.0,3.0,7.0,31.0,90.0
2010-09-26,TLA,PM10,2,73.0,46.10958904109589,18.222819671313534,14.0,31.0,43.0,60.0,85.0
2010-09-26,TLA,PM2.5,2,74.0,21.675675675675677,9.475430532898425,2.0,15.25,19.0,27.75,45.0
2010-09-26,TLA,SO2,1,81.0,4.345679012345679,1.8382090048955297,2.0,3.0,4.0,5.0,10.0
2010-09-26,TLI,CO,15,161.0,0.5434782608695651,0.3361143050912238,0.1,0.3,0.4,0.7,1.9
2010-09-26,TLI,NO,1,161.0,11.31055900621118,15.611388481187667,1.0,3.0,5.0,12.0,92.0
2010-09-26,TLI,NO2,1,161.0,16.25465838509317,6.124009616976439,6.0,12.0,15.0,20.0,34.0
2010-09-26,TLI,NOX,1,161.0,27.540372670807454,18.770653221458446,8.0,14.0,22.0,33.0,106.0
2010-09-26,TLI,PM10,2,147.0,32.42857142857143,21.82589890505541,2.0,15.0,30.0,43.0,105.0
2010-09-26,TLI,SO2,1,161.0,0.4472049689440994,0.8580546392713913,0.0,0.0,0.0,1.0,5.0
2010-09-26,TPN,O3,1,53.0,15.754716981132075,15.774743275220967,0.0,5.0,9.0,26.0,68.0
2010-09-26,UIZ,CO,15,141.0,1.0290780141843971,0.6842659264905924,0.3,0.5,0.8,1.4,3.9
2010-09-26,UIZ,NO,1,141.0,16.19148936170213,22.930614250578085,0.0,2.0,5.0,22.0,134.0
2010-09-26,UIZ,NO2,1,141.0,21.73049645390071,11.186011310448752,2.0,13.0,20.0,27.0,56.0
2010-09-26,UIZ,NOX,1,141.0,37.90780141843972,29.16306389675128,3.0,15.0,28.0,54.0,158.0
2010-09-26,UIZ,O3,1,141.0,20.411347517730498,23.257585835282036,0.0,2.0,11.0,33.0,100.0
2010-09-26,UIZ,PM2.5,2,136.0,15.566176470588236,11.951570301836437,1.0,6.75,12.0,20.25,51.0
2010-09-26,UIZ,SO2,1,141.0,1.6453900709219857,0.8794052517229203,0.0,1.0,1.0,2.0,5.0
2010-09-26,VAL,CO,15,0.0,,,,,,,
2010-09-26,VAL,SO2,1,0.0,,,,,,,
2010-09-26,VIF,CO,15,0.0,,,,,,,
2010-09-26,VIF,NO,1,0.0,,,,,,,
2010-09-26,VIF,NO2,1,0.0,,,,,,,
2010-09-26,VIF,NOX,1,0.0,,,,,,,
2010-09-26,VIF,PM10,2,0.0,,,,,,,
2010-09-26,VIF,SO2,1,0.0,,,,,,,
2010-09-26,XAL,CO,15,159.0,0.8106918238993708,0.5539948355753151,0.1,0.4,0.7,1.0,3.1
2010-09-26,XAL,NO,1,159.0,39.861635220125784,39.96936769916629,3.0,15.0,27.0,46.5,227.0
2010-09-26,XAL,NO2,1,159.0,24.044025157232703,9.0220166091382,6.0,18.0,24.0,29.5,55.0
2010-09-26,XAL,NOX,1,159.0,63.855345911949684,44.37538895932046,9.0,33.5,53.0,77.0,258.0
2010-09-26,XAL,O3,1,159.0,17.132075471698112,16.14770164605367,2.0,5.0,11.0,23.0,65.0
2010-09-26,XAL,PM10,2,156.0,70.87179487179488,42.76669158370468,1.0,38.0,64.0,97.0,215.0
2010-09-26,XAL,SO2,1,159.0,2.490566037735849,1.1073284335967892,1.0,2.0,2.0,3.0,6.0
2010-10-03,ACO,O3,1,157.0,30.248407643312103,19.5568389411792,2.0,13.0,29.0,47.0,80.0
2010-10-03,ACO,PM2.5,2,139.0,11.302158273381295,6.2294935196209895,1.0,6.0,12.0,16.0,41.0
2010-10-03,ACO,SO2,1,156.0,0.391025641025641,1.5722337425694,0.0,0.0,0.0,0.0,16.0
2010-10-03,ARA,SO2,1,0.0,,,,,,,
2010-10-03,ATI,NO,1,161.0,11.4472049689441,18.595328923253135,3.0,5.0,6.0,9.0,161.0
2010-10-03,ATI,NO2,1,161.0,14.173913043478262,8.563414343437513,3.0,8.0,12.0,18.0,44.0
2010-10-03,ATI,NOX,1,161.0,25.540372670807454,25.28685275711963,7.0,13.0,17.0,26.0,200.0
2010-10-03,ATI,SO2,1,161.0,4.496894409937888,8.645175116504632,0.0,0.0,1.0,4.0,44.0
2010-10-03,AZC,NO,1,161.0,12.84472049689441,28.909678095365212,0.0,0.0,2.0,8.0,164.0
2010-10-03,AZC,NO2,1,161.0,21.645962732919255,10.058211780610035,8.0,14.0,20.0,27.0,61.0
2010-10-03,AZC,NOX,1,161.0,34.21739130434783,35.86410037422066,8.0,15.0,23.0,34.0,207.0
2010-10-03,AZC,O3,1,159.0,23.78616352201258,19.20949289978167,0.0,6.0,20.0,39.0,65.0
2010-10-03,AZC,SO2,1,161.0,4.770186335403727,7.552523127409951,1.0,1.0,2.0,4.0,58.0
2010-10-03,CAM,PM2.5,2,154.0,15.441558441558442,6.708678422971007,1.0,11.0,15.0,20.0,42.0
2010-10-03,CES,NO,1,160.0,23.075,30.73370100327149,0.0,5.75,13.0,25.25,198.0
2010-10-03,CES,NO2,1,160.0,27.025,12.278707858185506,8.0,20.0,24.0,30.0,76.0
2010-10-03,CES,NOX,1,160.0,50.00625,38.76254057575163,8.0,26.0,38.0,57.25,250.0
2010-10-03,CES,O3,1,160.0,19.93125,17.776078150214012,0.0,4.0,15.0,32.25,66.0
2010-10-03,CES,PM10,2,154.0,31.727272727272727,19.20180844127266,1.0,18.25,28.5,42.0,131.0
2010-10-03,CES,SO2,1,161.0,3.3850931677018634,3.2114290273203174,2.0,2.0,2.0,3.0,24.0
2010-10-03,CHO,CO,15,157.0,0.6872611464968154,0.6135986864653559,0.2,0.3,0.5,0.7,3.6
2010-10-03,CHO,O3,1,157.0,24.019108280254777,20.422609183608383,0.0,5.0,19.0,40.0,74.0
2010-10-03,CHO,SO2,1,157.0,2.356687898089172,4.275770644069435,0.0,0.0,1.0,2.0,24.0
2010-10-03,COY,O3,1,160.0,27.7,22.129635214277272,1.0,9.0,21.5,43.0,93.0
2010-10-03,COY,PM2.5,2,158.0,10.99367088607595,6.765872430874426,2.0,7.0,9.0,12.0,46.0
2010-10-03,CUA,O3,1,160.0,33.51875,19.427974343891798,1.0,17.0,33.0,46.25,76.0
2010-10-03,FAC,CO,15,161.0,0.9124223602484466,0.7338049608015024,0.2,0.6,0.7,0.9,4.1
2010-10-03,FAC,NO,1,161.0,19.614906832298136,39.040373671335615,0.0,4.0,7.0,14.0,227.0
2010-10-03,FAC,NO2,1,161.0,18.652173913043477,8.853855706389458,4.0,12.0,17.0,22.0,58.0
2010-10-03,FAC,NOX,1,161.0,38.21739130434783,45.43989101716876,5.0,17.0,24.0,36.0,262.0
2010-10-03,FAC,O3,1,161.0,28.03105590062112,18.073953067967878,2.0,13.0,25.0,43.0,68.0
2010-10-03,FAC,PM10,2,140.0,30.928571428571427,17.76936287370223,1.0,18.0,29.0,39.0,107.0
2010-10-03,FAC,SO2,1,161.0,7.416149068322981,9.116988953467029,3.0,3.0,4.0,7.0,58.0
2010-10-03,IMP,CO,15,161.0,0.7298136645962735,0.7493200851853047,0.1,0.3,0.5,0.8,4.5
2010-10-03,IZT,CO,15,153.0,0.441830065359477,0.6687197488568583,0.0,0.1,0.2,0.4,3.2
2010-10-03,IZT,NO,1,153.0,20.81699346405229,37.76858864545633,1.0,4.0,7.0,15.0,209.0
2010-10-03,IZT,NO2,1,153.0,22.895424836601308,12.739372969931082,3.0,14.0,20.0,27.0,74.0
2010-10-03,IZT,NOX,1,153.0,43.66013071895425,46.56986310891198,4.0,19.0,29.0,43.0,250.0
2010-10-03,IZT,O3,1,153.0,23.15686274509804,20.899545968078517,0.0,5.0,18.0,38.0,86.0
2010-10-03,IZT,PM10,2,155.0,32.458064516129035,14.081044968268799,9.0,24.0,29.0,37.5,78.0
2010-10-03,IZT,SO2,1,153.0,6.69281045751634,3.858144232371914,4.0,5.0,5.0,7.0,35.0
2010-10-03,LAG,CO,15,157.0,0.6324840764331208,0.700111397776166,0.0,0.2,0.4,0.8,4.4
2010-10-03,LAG,NO,1,157.0,19.70063694267516,33.4743424454582,0.0,3.0,9.0,19.0,211.0
2010-10-03,LAG,NO2,1,157.0,26.719745222929937,11.887741151213813,8.0,18.0,24.0,33.0,86.0
2010-10-03,LAG,NOX,1,157.0,46.12738853503185,41.26551396136377,7.0,23.0,32.0,51.0,252.0
2010-10-03,LAG,O3,1,157.0,21.764331210191084,19.029039928686505,1.0,5.0,16.0,34.0,75.0
2010-10-03,LAG,SO2,1,157.0,6.789808917197452,8.36125975597237,2.0,3.0,4.0,6.0,53.0
2010-10-03,LLA,SO2,1,0.0,,,,,,,
2010-10-03,LPR,SO2,1,0.0,,,,,,,
2010-10-03,LVI,PM10,2,158.0,34.75316455696203,23.578216954692678,1.0,19.0,28.0,44.0,156.0
2010-10-03,LVI,SO2,1,157.0,3.9872611464968153,8.330502540591478,0.0,0.0,1.0,3.0,62.0
2010-10-03,MER,CO,15,157.0,0.7566878980891726,0.6607371451983851,0.1,0.4,0.5,0.8,3.5
2010-10-03,MER,NO,1,111.0,28.36936936936937,45.64884304576482,0.0,4.0,10.0,25.5,198.0
2010-10-03,MER,NO2,1,111.0,28.504504504504503,14.417081960377837,7.0,19.5,24.0,36.0,95.0
2010-10-03,MER,NOX,1,111.0,56.72072072072072,55.445004885458964,7.0,24.0,35.0,59.0,250.0
2010-10-03,MER,O3,1,158.0,22.955696202531644,18.729160797053783,1.0,5.0,20.0,36.0,73.0
2010-10-03,MER,PM10,2,86.0,37.5,21.92433512305984,3.0,25.0,35.5,44.0,107.0
2010-10-03,MER,PM2.5,2,73.0,14.438356164383562,8.344969045561825,2.0,10.0,13.0,17.0,51.0
2010-10-03,MER,SO2,1,157.0,4.2993630573248405,7.046061791610301,0.0,1.0,1.0,5.0,43.0
2010-10-03,MON,O3,1,161.0,29.19254658385093,21.717652822056504,1.0,7.0,28.0,48.0,80.0
2010-10-03,PED,CO,15,161.0,0.5975155279503114,0.3807804995267951,0.2,0.4,0.5,0.7,2.7
2010-10-03,PED,NO,1,161.0,8.819875776397515,19.899399550852596,0.0,0.0,3.0,8.0,162.0
2010-10-03,PED,NO2,1,161.0,20.36024844720497,11.116740076924007,5.0,13.0,18.0,26.0,83.0
2010-10-03,PED,NOX,1,161.0,29.049689440993788,28.16953168811918,5.0,13.0,22.0,34.0,205.0
2010-10-03,PED,O3,1,161.0,28.13664596273292,20.615678770783276,0.0,10.0,26.0,43.0,85.0
2010-10-03,PED,PM10,2,161.0,24.043478260869566,13.051507492473311,1.0,15.0,24.0,30.0,79.0
2010-10-03,PED,SO2,1,161.0,5.478260869565218,4.404666497763675,3.0,3.0,4.0,6.0,28.0
2010-10-03,PER,PM2.5,2,148.0,14.405405405405405,8.48996032765411,1.0,9.75,13.0,18.0,48.0
2010-10-03,PLA,O3,1,159.0,24.641509433962263,19.96398117968037,0.0,6.5,19.0,39.5,77.0
2010-10-03,PLA,SO2,1,159.0,5.779874213836478,6.161998482678601,2.0,3.0,4.0,6.0,47.0
2010-10-03,SAG,CO,15,156.0,0.581410256410256,0.4896087295209917,0.0,0.3,0.45,0.6,2.9
2010-10-03,SAG,NO,1,156.0,17.506410256410255,30.067772221856472,0.0,4.0,6.0,11.5,188.0
2010-10-03,SAG,NO2,1,156.0,16.557692307692307,8.789466118041448,4.0,10.0,14.5,22.0,46.0
2010-10-03,SAG,NOX,1,156.0,34.07051282051282,35.61987704955817,5.0,14.0,22.0,35.5,222.0
2010-10-03,SAG,O3,1,156.0,25.262820512820515,18.2113442771389,2.0,8.0,23.0,40.0,65.0
2010-10-03,SAG,PM10,2,156.0,41.42307692307692,23.08582541274176,3.0,27.0,37.0,50.0,144.0
2010-10-03,SAG,PM2.5,2,136.0,13.301470588235293,9.839692748094645,1.0,8.0,12.0,16.0,67.0
2010-10-03,SAG,SO2,1,156.0,1.4166666666666667,4.861910328565382,0.0,0.0,0.0,1.0,48.0
2010-10-03,SJA,PM2.5,2,152.0,13.473684210526315,8.48133702475212,1.0,8.0,13.0,17.0,51.0
2010-10-03,SUR,CO,15,156.0,0.9006410256410258,0.7333965872411777,0.0,0.4,0.6,1.1,3.8
2010-10-03,SUR,NO,1,155.0,17.045161290322582,31.489710118036516,0.0,2.0,4.0,13.0,165.0
2010-10-03,SUR,NO2,1,155.0,18.98709677419355,11.438705707806044,5.0,11.0,17.0,23.0,75.0
2010-10-03,SUR,NOX,1,155.0,35.92258064516129,39.0476790609925,5.0,13.0,21.0,39.5,188.0
2010-10-03,SUR,O3,1,156.0,28.615384615384617,22.66743053254804,1.0,9.75,23.0,44.0,103.0
2010-10-03,SUR,PM10,2,152.0,27.80921052631579,14.412436476891001,2.0,17.75,27.0,36.25,79.0
2010-10-03,SUR,SO2,1,156.0,1.9743589743589745,5.429844313040156,0.0,0.0,0.0,1.0,43.0
2010-10-03,TAC,CO,15,159.0,0.3037735849056604,0.4945125195139696,0.0,0.0,0.1,0.3,2.5
2010-10-03,TAC,NO,1,159.0,14.345911949685535,25.273438155898894,0.0,2.0,5.0,11.5,136.0
2010-10-03,TAC,NO2,1,159.0,21.72327044025157,10.931844060037694,7.0,14.0,19.0,27.0,68.0
2010-10-03,TAC,NOX,1,159.0,36.0314465408805,33.78195559531216,9.0,17.0,24.0,37.5,177.0
2010-10-03,TAC,O3,1,149.0,29.395973154362416,19.158590900600487,3.0,12.0,29.0,43.0,72.0
2010-10-03,TAC,SO2,1,159.0,5.081761006289308,7.923661531710121,1.0,2.0,3.0,5.0,69.0
2010-10-03,TAH,O3,1,153.0,28.836601307189543,20.95404040812952,1.0,10.0,26.0,45.0,78.0
2010-10-03,TAH,PM10,2,150.0,31.32,17.971386653651226,2.0,18.0,26.0,44.75,81.0
2010-10-03,TAH,SO2,1,153.0,0.8823529411764706,3.0628099767305836,0.0,0.0,0.0,0.0,25.0
2010-10-03,TAX,CO,15,158.0,1.6044303797468344,0.9792981326959459,0.3,1.0,1.3,1.975,6.0
2010-10-03,TAX,NO,1,158.0,56.563291139240505,51.64312047392301,1.0,29.0,40.0,68.75,338.0
2010-10-03,TAX,NO2,1,158.0,34.563291139240505,12.490217086078736,8.0,27.0,32.0,38.75,85.0
2010-10-03,TAX,NOX,1,158.0,91.03164556962025,56.63475794479865,11.0,60.0,75.5,107.75,370.0
2010-10-03,TAX,O3,1,158.0,17.753164556962027,16.180780731504544,1.0,3.0,14.0,28.75,76.0
2010-10-03,TAX,PM10,2,155.0,49.8,23.895986730373398,2.0,33.5,48.0,63.5,136.0
2010-10-03,TAX,SO2,1,158.0,2.8544303797468356,4.353526938842124,0.0,1.0,1.0,3.0,37.0
2010-10-03,TLA,CO,15,107.0,0.7523364485981314,0.5700621936265929,0.3,0.4,0.6,0.7,3.7
2010-10-03,TLA,NO,1,107.0,27.626168224299064,45.7743693967437,2.0,8.0,14.0,19.0,305.0
2010-10-03,TLA,NO2,1,107.0,24.934579439252335,11.848310944059515,8.0,16.0,23.0,32.0,69.0
2010-10-03,TLA,NOX,1,107.0,52.532710280373834,55.0266346755565,15.0,24.0,36.0,48.0,362.0
2010-10-03,TLA,O3,1,93.0,31.247311827956988,17.821369630902993,1.0,17.0,32.0,46.0,66.0
2010-10-03,TLA,PM10,2,108.0,42.620370370370374,23.466308157721205,15.0,28.0,39.0,48.25,172.0
2010-10-03,TLA,PM2.5,2,108.0,13.898148148148149,7.80838252521545,2.0,9.0,13.0,17.0,43.0
2010-10-03,TLA,SO2,1,107.0,7.94392523364486,10.16081241709979,2.0,3.0,4.0,8.0,61.0
2010-10-03,TLI,CO,15,158.0,0.556962025316456,0.48511172639276656,0.1,0.3,0.4,0.6,2.4
2010-10-03,TLI,NO,1,158.0,16.430379746835442,28.315863323911593,1.0,3.0,4.0,12.0,148.0
2010-10-03,TLI,NO2,1,158.0,19.40506329113924,10.890326435354456,6.0,10.0,17.0,25.75,55.0
2010-10-03,TLI,NOX,1,158.0,35.71518987341772,36.35109961139207,9.0,13.0,21.5,39.0,182.0
2010-10-03,TLI,PM10,2,149.0,40.12080536912752,25.09600828377753,1.0,24.0,36.0,48.0,149.0
2010-10-03,TLI,SO2,1,158.0,3.0443037974683542,6.4317533708190995,0.0,0.0,1.0,3.0,40.0
2010-10-03,TPN,O3,1,143.0,32.18881118881119,19.63001117466876,2.0,17.5,28.0,43.5,97.0
2010-10-03,UIZ,CO,15,154.0,0.7902597402597403,0.5749418249081294,0.2,0.4,0.6,0.9,3.9
2010-10-03,UIZ,NO,1,154.0,13.720779220779221,22.784439350421355,0.0,1.25,4.0,17.0,158.0
2010-10-03,UIZ,NO2,1,154.0,22.77922077922078,12.473892607140213,4.0,13.0,22.0,29.75,72.0
2010-10-03,UIZ,NOX,1,154.0,36.506493506493506,31.747213711975004,5.0,15.0,25.0,47.75,197.0
2010-10-03,UIZ,O3,1,154.0,25.935064935064936,21.59662141474225,1.0,6.0,20.5,42.0,77.0
2010-10-03,UIZ,PM2.5,2,149.0,13.865771812080537,8.561113938413468,1.0,8.0,12.0,18.0,42.0
2010-10-03,UIZ,SO2,1,154.0,2.7337662337662336,3.6836366795364386,1.0,1.0,1.0,3.0,27.0
2010-10-03,VAL,CO,15,0.0,,,,,,,
2010-10-03,VAL,SO2,1,0.0,,,,,,,
2010-10-03,VIF,CO,15,0.0,,,,,,,
2010-10-03,VIF,NO,1,0.0,,,,,,,
2010-10-03,VIF,NO2,1,0.0,,,,,,,
2010-10-03,VIF,NOX,1,0.0,,,,,,,
2010-10-03,VIF,PM10,2,0.0,,,,,,,
2010-10-03,VIF,SO2,1,0.0,,,,,,,
2010-10-03,XAL,CO,15,154.0,0.890909090909091,0.7310448817497471,0.0,0.5,0.7,1.0,4.7
2010-10-03,XAL,NO,1,153.0,45.18300653594771,44.53553251832459,1.0,18.0,32.0,46.0,225.0
2010-10-03,XAL,NO2,1,153.0,30.627450980392158,13.116322872535369,6.0,24.0,29.0,36.0,76.0
2010-10-03,XAL,NOX,1,153.0,75.7516339869281,53.465837721236305,8.0,44.0,63.0,86.0,283.0
2010-10-03,XAL,O3,1,9.0,9.222222222222221,5.309844107357997,3.0,5.0,9.0,14.0,17.0
2010-10-03,XAL,PM10,2,8.0,55.75,43.15338093028501,3.0,13.75,61.5,89.75,116.0
2010-10-03,XAL,SO2,1,9.0,1.8888888888888888,1.0540925533894598,1.0,1.0,1.0,3.0,3.0
2010-10-10,ACO,O3,1,159.0,37.20125786163522,20.53517509370906,2.0,22.5,36.0,49.0,90.0
2010-10-10,ACO,PM2.5,2,133.0,14.563909774436091,10.733940353241639,1.0,6.0,12.0,21.0,44.0
2010-10-10,ACO,SO2,1,158.0,0.6329113924050633,1.7606977133961863,0.0,0.0,0.0,1.0,13.0
2010-10-10,ARA,SO2,1,0.0,,,,,,,
2010-10-10,ATI,NO,1,161.0,8.875776397515528,9.104777429991875,3.0,4.0,5.0,9.0,61.0
2010-10-10,ATI,NO2,1,161.0,15.124223602484472,7.3991196807248265,6.0,9.0,14.0,19.0,42.0
2010-10-10,ATI,NOX,1,161.0,23.925465838509318,14.70525110081049,9.0,13.0,19.0,28.0,78.0
2010-10-10,ATI,SO2,1,161.0,7.782608695652174,12.137594310742715,0.0,0.0,2.0,9.0,69.0
2010-10-10,AZC,NO,1,156.0,7.551282051282051,12.360861684022948,0.0,0.0,2.0,8.0,54.0
2010-10-10,AZC,NO2,1,156.0,24.58974358974359,8.910212911450435,9.0,18.0,23.0,31.0,53.0
2010-10-10,AZC,NOX,1,156.0,31.78846153846154,19.128768948597656,8.0,18.0,25.0,39.25,91.0
2010-10-10,AZC,O3,1,146.0,31.828767123287673,32.130844476069946,0.0,8.25,20.5,48.25,149.0
2010-10-10,AZC,SO2,1,155.0,9.4,16.271878378786703,1.0,2.0,3.0,8.0,108.0
2010-10-10,CAM,PM2.5,2,151.0,19.827814569536425,12.36811038620639,1.0,11.0,17.0,26.0,70.0
2010-10-10,CES,NO,1,157.0,17.044585987261147,19.2501561595546,0.0,4.0,10.0,22.0,89.0
2010-10-10,CES,NO2,1,157.0,27.133757961783438,10.84334579208295,6.0,20.0,26.0,33.0,60.0
2010-10-10,CES,NOX,1,157.0,44.140127388535035,27.457533317490558,7.0,25.0,37.0,58.0,138.0
2010-10-10,CES,O3,1,157.0,28.59235668789809,26.080239944530145,0.0,9.0,22.0,40.0,119.0
2010-10-10,CES,PM10,2,118.0,34.61864406779661,24.52485900585047,2.0,18.25,30.0,43.0,154.0
2010-10-10,CES,SO2,1,157.0,5.089171974522293,4.353565877351609,1.0,3.0,4.0,5.0,26.0
2010-10-10,CHO,CO,15,161.0,0.6577639751552793,0.41692921334933974,0.2,0.4,0.5,0.8,2.4
2010-10-10,CHO,O3,1,161.0,36.12422360248447,27.248568256877075,0.0,14.0,33.0,56.0,108.0
2010-10-10,CHO,SO2,1,161.0,1.0807453416149069,2.258249198160776,0.0,0.0,0.0,1.0,13.0
2010-10-10,COY,O3,1,159.0,37.855345911949684,33.42568490119184,1.0,14.5,27.0,55.5,142.0
2010-10-10,COY,PM2.5,2,158.0,18.49367088607595,12.516357112033925,2.0,10.0,15.5,25.0,74.0
2010-10-10,CUA,O3,1,159.0,42.57232704402516,32.73647350762067,0.0,21.5,34.0,57.5,172.0
2010-10-10,FAC,CO,15,157.0,1.2630573248407642,0.46702641228277497,0.5,1.0,1.2,1.4,3.4
2010-10-10,FAC,NO,1,157.0,12.789808917197453,19.10498386014986,0.0,2.0,6.0,13.0,148.0
2010-10-10,FAC,NO2,1,157.0,21.62420382165605,9.255223066435109,7.0,16.0,19.0,26.0,54.0
2010-10-10,FAC,NOX,1,157.0,34.29936305732484,25.521600948536094,7.0,19.0,26.0,40.0,182.0
2010-10-10,FAC,O3,1,157.0,35.210191082802545,28.915001839417364,1.0,17.0,28.0,45.0,134.0
2010-10-10,FAC,PM10,2,161.0,39.29192546583851,21.017147686934354,5.0,23.0,36.0,54.0,92.0
2010-10-10,FAC,SO2,1,157.0,9.477707006369426,12.491836301987627,2.0,3.0,5.0,9.0,97.0
2010-10-10,IMP,CO,15,158.0,0.5670886075949365,0.39639185366607355,0.1,0.3,0.4,0.7,1.8
2010-10-10,IZT,CO,15,135.0,0.30296296296296316,0.3405309157597443,0.0,0.1,0.2,0.45,1.8
2010-10-10,IZT,NO,1,135.0,11.85925925925926,16.65594016352096,0.0,3.0,5.0,12.5,94.0
2010-10-10,IZT,NO2,1,135.0,23.08888888888889,9.821136714665933,4.0,16.0,22.0,30.5,48.0
2010-10-10,IZT,NOX,1,135.0,34.91111111111111,24.207889014684113,5.0,20.0,27.0,45.0,140.0
2010-10-10,IZT,O3,1,135.0,34.55555555555556,30.887293109333665,0.0,11.0,27.0,48.5,124.0
2010-10-10,IZT,PM10,2,135.0,36.11851851851852,19.829892952440552,5.0,22.0,34.0,46.0,121.0
2010-10-10,IZT,SO2,1,127.0,9.472440944881889,7.8273297882195,2.0,5.0,6.0,10.0,39.0
2010-10-10,LAG,CO,15,154.0,0.5435064935064934,0.4435338371121659,0.0,0.3,0.5,0.7,2.3
2010-10-10,LAG,NO,1,154.0,13.909090909090908,16.079607365366893,0.0,2.25,8.0,18.0,79.0
2010-10-10,LAG,NO2,1,154.0,27.77922077922078,9.846698629421455,5.0,21.0,28.0,33.0,62.0
2010-10-10,LAG,NOX,1,154.0,41.47402597402598,23.219385086955135,2.0,26.0,37.0,51.0,121.0
2010-10-10,LAG,O3,1,154.0,31.461038961038962,30.93491652407378,1.0,10.0,20.5,44.0,139.0
2010-10-10,LAG,SO2,1,153.0,7.248366013071895,7.215919029763322,2.0,3.0,4.0,8.0,50.0
2010-10-10,LLA,SO2,1,0.0,,,,,,,
2010-10-10,LPR,SO2,1,0.0,,,,,,,
2010-10-10,LVI,PM10,2,147.0,41.5578231292517,23.241474870000957,4.0,25.5,39.0,54.5,122.0
2010-10-10,LVI,SO2,1,159.0,4.540880503144654,9.084513278007156,0.0,0.0,1.0,4.0,67.0
2010-10-10,MER,CO,15,157.0,0.615923566878981,0.3142980689915405,0.1,0.4,0.5,0.8,1.8
2010-10-10,MER,NO,1,144.0,14.430555555555555,17.584422849838628,0.0,4.0,8.0,17.0,99.0
2010-10-10,MER,NO2,1,144.0,27.77777777777778,9.049548491186062,9.0,22.0,27.0,33.0,53.0
2010-10-10,MER,NOX,1,144.0,42.083333333333336,24.022570971565806,9.0,28.0,34.5,49.25,151.0
2010-10-10,MER,O3,1,157.0,31.987261146496817,28.83907322321009,0.0,10.0,24.0,45.0,129.0
2010-10-10,MER,PM10,2,123.0,50.90243902439025,23.848708469050123,9.0,33.0,51.0,63.5,130.0
2010-10-10,MER,PM2.5,2,123.0,21.5609756097561,15.163667935888467,2.0,9.5,18.0,32.5,75.0
2010-10-10,MER,SO2,1,157.0,5.159235668789809,7.459729109452426,0.0,1.0,2.0,6.0,41.0
2010-10-10,MON,O3,1,157.0,36.12101910828026,23.314557551593285,1.0,19.0,34.0,52.0,101.0
2010-10-10,PED,CO,15,157.0,0.41210191082802533,0.22683731843501156,0.0,0.3,0.4,0.6,0.9
2010-10-10,PED,NO,1,157.0,4.885350318471337,6.669840417175874,0.0,0.0,2.0,7.0,25.0
2010-10-10,PED,NO2,1,157.0,23.0,7.815992808961865,8.0,18.0,23.0,27.0,54.0
2010-10-10,PED,NOX,1,157.0,27.713375796178344,12.871679783696681,7.0,19.0,25.0,36.0,63.0
2010-10-10,PED,O3,1,157.0,35.77707006369427,33.09903529582533,0.0,11.0,26.0,48.0,141.0
2010-10-10,PED,PM10,2,157.0,37.503184713375795,19.575502811049475,1.0,22.0,35.0,49.0,104.0
2010-10-10,PED,SO2,1,157.0,8.254777070063694,9.115993594381482,2.0,4.0,5.0,8.0,68.0
2010-10-10,PER,PM2.5,2,152.0,17.960526315789473,13.368878349750542,1.0,8.75,15.0,24.25,66.0
2010-10-10,PLA,O3,1,160.0,34.6625,32.94838492524922,0.0,10.0,25.0,47.25,143.0
2010-10-10,PLA,SO2,1,161.0,8.869565217391305,10.248859957809104,2.0,3.0,5.0,9.0,74.0
2010-10-10,SAG,CO,15,154.0,0.5103896103896101,0.3384255802320546,0.1,0.3,0.4,0.6,1.7
2010-10-10,SAG,NO,1,95.0,9.673684210526316,13.195294217018587,0.0,2.0,4.0,13.5,69.0
2010-10-10,SAG,NO2,1,95.0,16.778947368421054,8.34008386529651,3.0,10.0,16.0,22.0,39.0
2010-10-10,SAG,NOX,1,95.0,26.431578947368422,19.449691039267343,3.0,13.0,19.0,38.0,98.0
2010-10-10,SAG,O3,1,95.0,35.38947368421053,28.066143280761164,2.0,12.0,30.0,50.0,120.0
2010-10-10,SAG,PM10,2,95.0,49.96842105263158,24.778359051148584,7.0,34.5,46.0,60.5,140.0
2010-10-10,SAG,PM2.5,2,94.0,20.904255319148938,13.303786467984372,2.0,10.0,17.0,30.0,62.0
2010-10-10,SAG,SO2,1,95.0,5.778947368421052,11.755649567442864,0.0,0.0,1.0,4.0,68.0
2010-10-10,SJA,PM2.5,2,153.0,15.836601307189543,11.324436500643364,1.0,6.0,14.0,22.0,51.0
2010-10-10,SUR,CO,15,158.0,0.8284810126582279,0.38359542317625583,0.1,0.6,0.8,1.1,1.8
2010-10-10,SUR,NO,1,158.0,7.025316455696203,9.64394755385527,0.0,1.0,3.0,8.75,41.0
2010-10-10,SUR,NO2,1,158.0,21.28481012658228,8.66804055330743,2.0,15.0,22.0,27.75,48.0
2010-10-10,SUR,NOX,1,158.0,28.17721518987342,16.498800955213916,1.0,17.0,25.0,36.0,81.0
2010-10-10,SUR,O3,1,158.0,38.38607594936709,32.98730207033527,1.0,14.0,27.0,57.75,139.0
2010-10-10,SUR,PM10,2,157.0,36.89171974522293,20.425154055168445,1.0,21.0,36.0,50.0,98.0
2010-10-10,SUR,SO2,1,158.0,3.949367088607595,8.089308402137801,0.0,0.0,0.0,3.0,47.0
2010-10-10,TAC,CO,15,161.0,0.2583850931677018,0.367008005057652,0.0,0.0,0.1,0.4,1.6
2010-10-10,TAC,NO,1,161.0,9.84472049689441,14.254191930012725,0.0,2.0,4.0,11.0,69.0
2010-10-10,TAC,NO2,1,161.0,23.801242236024844,9.78316147506546,9.0,17.0,21.0,29.0,55.0
2010-10-10,TAC,NOX,1,161.0,33.559006211180126,21.84658002997749,10.0,19.0,24.0,41.0,107.0
2010-10-10,TAC,O3,1,161.0,34.88819875776397,29.311898989322557,3.0,14.0,27.0,51.0,147.0
2010-10-10,TAC,SO2,1,161.0,10.70807453416149,17.851694510449416,1.0,2.0,4.0,8.0,126.0
2010-10-10,TAH,O3,1,161.0,39.06832298136646,27.28784624691056,1.0,18.0,33.0,56.0,117.0
2010-10-10,TAH,PM10,2,160.0,36.6625,21.07843617771758,1.0,22.0,34.0,52.0,94.0
2010-10-10,TAH,SO2,1,161.0,0.4161490683229814,1.262730207779853,0.0,0.0,0.0,0.0,7.0
2010-10-10,TAX,CO,15,156.0,1.6006410256410253,0.7715503282454852,0.3,1.1,1.5,1.9249999999999998,4.1
2010-10-10,TAX,NO,1,156.0,40.77564102564103,37.41563822063448,0.0,16.0,31.0,50.5,172.0
2010-10-10,TAX,NO2,1,156.0,34.17307692307692,11.62542456334028,7.0,27.0,34.0,42.0,80.0
2010-10-10,TAX,NOX,1,156.0,74.87179487179488,43.5274800777502,9.0,49.75,68.0,93.25,214.0
2010-10-10,TAX,O3,1,156.0,27.01923076923077,25.76506040103501,1.0,8.0,19.5,39.25,119.0
2010-10-10,TAX,PM10,2,151.0,48.63576158940398,26.023190540671884,3.0,30.0,45.0,63.0,129.0
2010-10-10,TAX,SO2,1,156.0,3.673076923076923,5.857626362315739,0.0,0.0,1.0,4.0,27.0
2010-10-10,TLA,CO,15,157.0,0.6802547770700638,0.3352074540290664,0.2,0.5,0.6,0.8,1.8
2010-10-10,TLA,NO,1,155.0,17.858064516129033,17.903942361215666,2.0,7.0,13.0,18.0,86.0
2010-10-10,TLA,NO2,1,155.0,25.316129032258065,9.995294242603844,8.0,18.0,24.0,31.0,59.0
2010-10-10,TLA,NOX,1,155.0,43.15483870967742,25.46939643977227,10.0,27.5,36.0,47.5,134.0
2010-10-10,TLA,O3,1,155.0,31.038709677419355,27.008869123146745,1.0,12.0,23.0,43.5,122.0
2010-10-10,TLA,PM10,2,157.0,47.94267515923567,22.730089071710744,13.0,30.0,46.0,59.0,116.0
2010-10-10,TLA,PM2.5,2,156.0,20.737179487179485,13.34655310315433,2.0,11.0,17.0,27.25,66.0
2010-10-10,TLA,SO2,1,157.0,12.305732484076433,17.671018726304727,2.0,4.0,6.0,11.0,116.0
2010-10-10,TLI,CO,15,161.0,0.3683229813664596,0.280049629585643,0.0,0.2,0.3,0.5,1.7
2010-10-10,TLI,NO,1,161.0,7.142857142857143,12.154658131174005,1.0,2.0,3.0,5.0,77.0
2010-10-10,TLI,NO2,1,161.0,17.1055900621118,7.9777835929473895,6.0,11.0,16.0,23.0,42.0
2010-10-10,TLI,NOX,1,161.0,24.18633540372671,18.032333795485297,7.0,13.0,19.0,28.0,107.0
2010-10-10,TLI,PM10,2,159.0,39.19496855345912,23.453557120678497,1.0,22.0,37.0,49.0,121.0
2010-10-10,TLI,SO2,1,161.0,7.6397515527950315,15.375123086918306,0.0,0.0,1.0,5.0,68.0
2010-10-10,TPN,O3,1,154.0,38.383116883116884,33.202330426900744,1.0,13.0,27.5,55.75,148.0
2010-10-10,UIZ,CO,15,159.0,0.6635220125786163,0.34318341843625655,0.2,0.4,0.6,0.9,1.8
2010-10-10,UIZ,NO,1,159.0,6.547169811320755,9.487965804317229,0.0,1.0,3.0,7.0,51.0
2010-10-10,UIZ,NO2,1,159.0,20.761006289308177,9.634759802368066,5.0,13.0,20.0,27.0,55.0
2010-10-10,UIZ,NOX,1,159.0,27.28930817610063,17.434995330557967,5.0,14.5,23.0,36.5,106.0
2010-10-10,UIZ,O3,1,159.0,35.80503144654088,28.1983207120569,2.0,16.0,29.0,50.0,128.0
2010-10-10,UIZ,PM2.5,2,103.0,20.0,13.811759695359347,1.0,8.0,18.0,27.5,61.0
2010-10-10,UIZ,SO2,1,159.0,3.7044025157232703,5.3468948271545305,0.0,1.0,1.0,4.0,27.0
2010-10-10,VAL,CO,15,0.0,,,,,,,
2010-10-10,VAL,SO2,1,0.0,,,,,,,
2010-10-10,VIF,CO,15,0.0,,,,,,,
2010-10-10,VIF,NO,1,0.0,,,,,,,
2010-10-10,VIF,NO2,1,0.0,,,,,,,
2010-10-10,VIF,NOX,1,0.0,,,,,,,
2010-10-10,VIF,PM10,2,0.0,,,,,,,
2010-10-10,VIF,SO2,1,0.0,,,,,,,
2010-10-10,XAL,CO,15,155.0,0.6529032258064521,0.422009675124419,0.0,0.4,0.6,0.8,2.5
2010-10-10,XAL,NO,1,155.0,30.251612903225805,29.59654980514896,1.0,11.0,24.0,39.0,183.0
2010-10-10,XAL,NO2,1,155.0,33.24516129032258,10.075907961074787,12.0,27.0,32.0,39.0,65.0
2010-10-10,XAL,NOX,1,155.0,63.44516129032258,36.254716116949126,15.0,39.0,57.0,75.5,240.0
2010-10-10,XAL,O3,1,147.0,30.01360544217687,24.09995918673229,2.0,15.0,23.0,38.0,129.0
2010-10-10,XAL,PM10,2,146.0,75.21232876712328,43.08167206182801,9.0,43.25,65.0,106.0,209.0
2010-10-10,XAL,SO2,1,147.0,5.755102040816326,7.637857976934221,1.0,2.0,2.0,5.0,43.0
2010-10-17,ACO,O3,1,133.0,35.3984962406015,23.514321828513587,0.0,15.0,35.0,51.0,86.0
2010-10-17,ACO,PM2.5,2,156.0,17.237179487179485,9.081787645177165,1.0,10.0,16.0,24.0,41.0
2010-10-17,ACO,SO2,1,156.0,2.076923076923077,4.833403211040465,0.0,0.0,1.0,2.0,33.0
2010-10-17,ARA,SO2,1,0.0,,,,,,,
2010-10-17,ATI,NO,1,102.0,16.568627450980394,28.70005685436862,3.0,4.0,6.0,14.0,160.0
2010-10-17,ATI,NO2,1,102.0,17.107843137254903,10.313796261400798,3.0,8.25,15.0,22.75,50.0
2010-10-17,ATI,NOX,1,102.0,33.64705882352941,34.61146352157644,5.0,14.0,20.5,34.0,185.0
2010-10-17,ATI,SO2,1,158.0,3.759493670886076,7.88486446554962,0.0,0.0,1.0,3.0,54.0
2010-10-17,AZC,NO,1,158.0,15.056962025316455,30.27248728223907,0.0,0.0,2.0,12.75,168.0
2010-10-17,AZC,NO2,1,158.0,28.329113924050635,12.983793444271171,9.0,19.0,27.0,35.0,88.0
2010-10-17,AZC,NOX,1,158.0,43.11392405063291,37.751276973980225,8.0,19.0,30.5,49.75,204.0
2010-10-17,AZC,O3,1,158.0,27.79746835443038,26.82753588103158,0.0,5.0,20.5,43.75,114.0
2010-10-17,AZC,SO2,1,158.0,4.493670886075949,6.37945232104385,0.0,1.0,2.0,5.0,47.0
2010-10-17,CAM,PM2.5,2,150.0,22.69333333333333,11.28695075167308,2.0,14.25,20.0,29.0,62.0
2010-10-17,CES,NO,1,78.0,24.974358974358974,35.674201948308315,0.0,6.25,13.0,22.75,173.0
2010-10-17,CES,NO2,1,78.0,30.628205128205128,12.319458765264985,8.0,21.0,30.0,36.0,68.0
2010-10-17,CES,NOX,1,78.0,55.57692307692308,42.71759248006267,9.0,32.0,42.5,63.75,211.0
2010-10-17,CES,O3,1,78.0,23.487179487179485,22.152214623387273,0.0,9.0,18.5,31.5,108.0
2010-10-17,CES,PM10,2,60.0,42.25,28.121784185266623,1.0,23.0,38.0,60.25,136.0
2010-10-17,CES,SO2,1,78.0,4.871794871794871,4.97358992445062,3.0,3.0,4.0,5.0,44.0
2010-10-17,CHO,CO,15,158.0,0.886075949367089,0.7761958806579478,0.1,0.5,0.6,1.0,5.0
2010-10-17,CHO,O3,1,158.0,34.70886075949367,30.218377965184203,0.0,4.5,29.5,59.75,113.0
2010-10-17,CHO,SO2,1,157.0,1.8152866242038217,3.1921812654394306,0.0,0.0,1.0,2.0,29.0
2010-10-17,COY,O3,1,161.0,36.37888198757764,32.72497977451225,1.0,12.0,28.0,50.0,138.0
2010-10-17,COY,PM2.5,2,161.0,19.496894409937887,10.628454863950408,5.0,11.0,16.0,27.0,59.0
2010-10-17,CUA,O3,1,161.0,43.20496894409938,31.106293176064547,0.0,24.0,36.0,54.0,141.0
2010-10-17,FAC,CO,15,161.0,1.2627329192546592,0.7631202293689043,0.4,0.8,1.0,1.4,4.5
2010-10-17,FAC,NO,1,161.0,24.577639751552795,40.544518703450045,0.0,4.0,8.0,20.0,203.0
2010-10-17,FAC,NO2,1,161.0,26.285714285714285,12.691251204781077,6.0,18.0,25.0,32.0,94.0
2010-10-17,FAC,NOX,1,161.0,50.79503105590062,46.80613181149751,7.0,24.0,34.0,49.0,227.0
2010-10-17,FAC,O3,1,161.0,30.944099378881987,25.679819033436775,1.0,9.0,25.0,43.0,112.0
2010-10-17,FAC,PM10,2,161.0,42.453416149068325,21.343017098854318,3.0,27.0,40.0,57.0,98.0
2010-10-17,FAC,SO2,1,161.0,6.633540372670807,7.209966574986484,2.0,3.0,4.0,7.0,53.0
2010-10-17,IMP,CO,15,161.0,0.9136645962732917,0.7414088695188659,0.2,0.4,0.6,1.1,3.9
2010-10-17,IZT,CO,15,153.0,0.4862745098039217,0.4584095536585694,0.0,0.1,0.4,0.7,2.0
2010-10-17,IZT,NO,1,153.0,16.875816993464053,24.1462975971576,0.0,4.0,7.0,20.0,139.0
2010-10-17,IZT,NO2,1,153.0,30.45098039215686,11.189128403376404,4.0,23.0,32.0,38.0,60.0
2010-10-17,IZT,NOX,1,153.0,47.22222222222222,29.9537411384143,4.0,28.0,41.0,58.0,184.0
2010-10-17,IZT,O3,1,153.0,30.673202614379086,32.73896561104284,0.0,4.0,20.0,44.0,123.0
2010-10-17,IZT,PM10,2,152.0,42.73684210526316,16.184669731956845,14.0,30.0,41.0,52.0,89.0
2010-10-17,IZT,SO2,1,153.0,8.352941176470589,5.986245845175875,4.0,5.0,7.0,9.0,47.0
2010-10-17,LAG,CO,15,160.0,0.7887499999999997,0.8189568069027372,0.0,0.3,0.5,1.025,4.6
2010-10-17,LAG,NO,1,160.0,27.6625,39.165009331989715,1.0,6.75,13.5,27.25,245.0
2010-10-17,LAG,NO2,1,160.0,35.55,14.559269454338196,9.0,26.0,35.0,42.0,106.0
2010-10-17,LAG,NOX,1,160.0,63.20625,46.54058847700753,10.0,34.0,50.0,75.25,284.0
2010-10-17,LAG,O3,1,160.0,26.98125,27.770957155286414,1.0,4.0,19.0,37.25,105.0
2010-10-17,LAG,SO2,1,160.0,5.98125,6.415852884768606,2.0,3.0,4.0,7.0,56.0
2010-10-17,LLA,SO2,1,0.0,,,,,,,
2010-10-17,LPR,SO2,1,0.0,,,,,,,
2010-10-17,LVI,PM10,2,156.0,48.81410256410256,27.23749893477137,3.0,29.0,43.0,65.0,163.0
2010-10-17,LVI,SO2,1,160.0,3.48125,8.224041971695026,0.0,0.0,2.0,3.0,76.0
2010-10-17,MER,CO,15,158.0,0.8411392405063292,0.5823442354089796,0.1,0.5,0.7,1.1,3.9
2010-10-17,MER,NO,1,156.0,24.96794871794872,34.90584937981579,0.0,5.0,11.0,29.0,180.0
2010-10-17,MER,NO2,1,156.0,35.05769230769231,12.859157843601192,7.0,26.0,36.0,42.0,84.0
2010-10-17,MER,NOX,1,156.0,59.96153846153846,42.58227476391413,7.0,32.0,44.0,75.25,232.0
2010-10-17,MER,O3,1,158.0,29.430379746835442,29.72085996488537,0.0,4.25,21.5,40.0,111.0
2010-10-17,MER,PM10,2,160.0,64.275,25.320573582383176,14.0,44.75,64.0,83.0,126.0
2010-10-17,MER,PM2.5,2,160.0,25.16875,13.014371289574196,6.0,14.0,21.5,34.0,63.0
2010-10-17,MER,SO2,1,158.0,4.2405063291139244,6.66431735863829,1.0,1.0,3.0,5.0,52.0
2010-10-17,MON,O3,1,161.0,36.267080745341616,29.303745017483507,1.0,5.0,36.0,53.0,98.0
2010-10-17,PED,CO,15,160.0,0.28937500000000005,0.34724375195306284,0.0,0.0,0.2,0.4,2.1
2010-10-17,PED,NO,1,160.0,7.7125,16.240483425279944,0.0,0.0,3.0,7.0,121.0
2010-10-17,PED,NO2,1,160.0,25.1875,10.26086630643293,5.0,17.0,25.0,32.0,55.0
2010-10-17,PED,NOX,1,160.0,32.74375,22.44216798992581,5.0,19.0,27.0,39.25,158.0
2010-10-17,PED,O3,1,160.0,34.5375,32.02080445958523,0.0,11.0,24.5,47.25,140.0
2010-10-17,PED,PM10,2,160.0,39.3625,19.528559154261973,2.0,24.75,37.5,53.0,142.0
2010-10-17,PED,SO2,1,160.0,5.40625,5.001002258038448,2.0,3.0,4.0,5.25,36.0
2010-10-17,PER,PM2.5,2,159.0,24.80503144654088,12.102138103501384,2.0,16.0,24.0,32.0,58.0
2010-10-17,PLA,O3,1,157.0,31.53503184713376,30.03769611637598,1.0,9.0,23.0,45.0,128.0
2010-10-17,PLA,SO2,1,157.0,4.6687898089171975,5.693438120205879,1.0,2.0,3.0,5.0,41.0
2010-10-17,SAG,CO,15,153.0,0.7339869281045753,0.42768707797887284,0.2,0.4,0.6,0.9,2.1
2010-10-17,SAG,NO,1,153.0,17.26143790849673,25.376836527221894,0.0,4.0,6.0,20.0,116.0
2010-10-17,SAG,NO2,1,153.0,20.627450980392158,9.091553593815854,4.0,12.0,21.0,27.0,46.0
2010-10-17,SAG,NOX,1,153.0,37.83660130718954,31.13160889808651,5.0,16.0,27.0,45.0,148.0
2010-10-17,SAG,O3,1,153.0,29.359477124183005,23.39523522651032,2.0,11.0,24.0,42.0,94.0
2010-10-17,SAG,PM10,2,154.0,53.922077922077925,23.2799199478478,8.0,37.0,50.5,66.0,121.0
2010-10-17,SAG,PM2.5,2,153.0,19.80392156862745,11.341620384282681,2.0,12.0,18.0,26.0,57.0
2010-10-17,SAG,SO2,1,153.0,3.9607843137254903,10.529333932638645,0.0,0.0,1.0,3.0,65.0
2010-10-17,SJA,PM2.5,2,143.0,20.72027972027972,11.569389915626372,3.0,11.0,19.0,26.0,62.0
2010-10-17,SUR,CO,15,161.0,1.1565217391304352,0.6510359637431384,0.2,0.7,1.0,1.4,4.5
2010-10-17,SUR,NO,1,161.0,14.124223602484472,26.84463581518086,0.0,1.0,3.0,11.0,183.0
2010-10-17,SUR,NO2,1,161.0,26.53416149068323,10.485723065137556,5.0,19.0,27.0,34.0,56.0
2010-10-17,SUR,NOX,1,161.0,40.484472049689444,32.155696538494965,4.0,20.0,30.0,47.0,216.0
2010-10-17,SUR,O3,1,161.0,37.16770186335404,34.28980096633048,1.0,12.0,27.0,50.0,142.0
2010-10-17,SUR,PM10,2,161.0,41.06211180124224,24.424805383307,2.0,25.0,37.0,55.0,124.0
2010-10-17,SUR,SO2,1,161.0,0.968944099378882,2.4145971720155686,0.0,0.0,0.0,1.0,20.0
2010-10-17,TAC,CO,15,159.0,0.8591194968553457,0.7130975252844692,0.0,0.5,0.6,1.0,4.1
2010-10-17,TAC,NO,1,159.0,18.59119496855346,31.652226877180865,0.0,2.0,4.0,16.5,133.0
2010-10-17,TAC,NO2,1,159.0,28.49685534591195,15.060584071682234,7.0,19.0,27.0,33.5,112.0
2010-10-17,TAC,NOX,1,159.0,47.0503144654088,41.37476127005024,7.0,22.0,31.0,54.0,210.0
2010-10-17,TAC,O3,1,157.0,28.15286624203822,25.054086519914847,0.0,8.0,22.0,41.0,121.0
2010-10-17,TAC,SO2,1,159.0,4.484276729559748,5.80250420176872,1.0,1.0,2.0,5.0,47.0
2010-10-17,TAH,O3,1,157.0,41.22292993630573,32.56897979990466,2.0,15.0,33.0,60.0,133.0
2010-10-17,TAH,PM10,2,148.0,44.75675675675676,25.99178876659644,1.0,26.0,41.5,61.75,137.0
2010-10-17,TAH,SO2,1,136.0,0.6323529411764706,2.1458273843435554,0.0,0.0,0.0,0.0,16.0
2010-10-17,TAX,CO,15,148.0,1.6229729729729736,0.7829904817446163,0.4,1.1,1.5,1.9,4.1
2010-10-17,TAX,NO,1,147.0,43.08843537414966,43.75021333334572,0.0,15.0,34.0,48.0,244.0
2010-10-17,TAX,NO2,1,147.0,37.64625850340136,12.96454740166345,8.0,30.0,36.0,43.0,81.0
2010-10-17,TAX,NOX,1,147.0,80.56462585034014,47.84980325566272,8.0,54.0,74.0,95.0,286.0
2010-10-17,TAX,O3,1,145.0,25.83448275862069,25.97167629069519,1.0,5.0,19.0,35.0,108.0
2010-10-17,TAX,PM10,2,147.0,53.08843537414966,27.345562653751468,1.0,32.5,51.0,68.5,137.0
2010-10-17,TAX,SO2,1,145.0,3.0965517241379312,4.216904041294581,0.0,0.0,2.0,4.0,35.0
2010-10-17,TLA,CO,15,158.0,0.9689873417721518,0.5579651267250462,0.3,0.6,0.8,1.1,3.7
2010-10-17,TLA,NO,1,156.0,29.294871794871796,39.029388091823414,2.0,9.0,14.0,27.25,219.0
2010-10-17,TLA,NO2,1,156.0,31.185897435897434,14.1803155191156,9.0,21.0,29.0,37.25,82.0
2010-10-17,TLA,NOX,1,156.0,60.38461538461539,47.223212107888216,12.0,32.0,42.5,65.25,265.0
2010-10-17,TLA,O3,1,151.0,26.6158940397351,22.91545648018743,1.0,7.5,21.0,40.5,95.0
2010-10-17,TLA,PM10,2,160.0,51.8125,24.721642162181876,2.0,35.0,45.0,64.25,121.0
2010-10-17,TLA,PM2.5,2,160.0,21.8625,13.509599428908317,2.0,12.75,18.0,27.0,66.0
2010-10-17,TLA,SO2,1,158.0,7.170886075949367,7.004268978504778,2.0,3.0,4.0,8.75,52.0
2010-10-17,TLI,CO,15,157.0,0.5656050955414013,0.6121330272504433,0.0,0.2,0.3,0.7,3.3
2010-10-17,TLI,NO,1,157.0,18.076433121019107,32.22070153967229,1.0,2.0,4.0,14.0,181.0
2010-10-17,TLI,NO2,1,157.0,23.363057324840764,11.042547589189436,7.0,13.0,25.0,31.0,55.0
2010-10-17,TLI,NOX,1,157.0,41.42675159235669,39.32673844457356,8.0,15.0,28.0,49.0,218.0
2010-10-17,TLI,PM10,2,158.0,45.24683544303797,28.861339205757908,1.0,25.0,39.5,59.75,134.0
2010-10-17,TLI,SO2,1,157.0,4.057324840764331,7.3582694089768195,0.0,1.0,1.0,4.0,50.0
2010-10-17,TPN,O3,1,158.0,40.0253164556962,31.20916682400001,5.0,18.25,30.5,50.75,141.0
2010-10-17,UIZ,CO,15,157.0,0.5082802547770703,0.6028736508610231,0.0,0.1,0.3,0.7,3.0
2010-10-17,UIZ,NO,1,157.0,13.97452229299363,25.342765377556404,0.0,1.0,3.0,13.0,136.0
2010-10-17,UIZ,NO2,1,157.0,26.26751592356688,11.674200222760062,5.0,16.0,28.0,35.0,55.0
2010-10-17,UIZ,NOX,1,157.0,40.22929936305732,32.88048922905282,6.0,18.0,31.0,51.0,174.0
2010-10-17,UIZ,O3,1,157.0,35.53503184713376,34.2252209939149,1.0,6.0,28.0,49.0,155.0
2010-10-17,UIZ,PM2.5,2,145.0,20.682758620689654,10.515665198140674,2.0,13.0,19.0,26.0,55.0
2010-10-17,UIZ,SO2,1,156.0,3.4743589743589745,4.849274928107348,0.0,1.0,2.0,4.0,45.0
2010-10-17,VAL,CO,15,0.0,,,,,,,
2010-10-17,VAL,SO2,1,0.0,,,,,,,
2010-10-17,VIF,CO,15,0.0,,,,,,,
2010-10-17,VIF,NO,1,0.0,,,,,,,
2010-10-17,VIF,NO2,1,0.0,,,,,,,
2010-10-17,VIF,NOX,1,0.0,,,,,,,
2010-10-17,VIF,PM10,2,0.0,,,,,,,
2010-10-17,VIF,SO2,1,0.0,,,,,,,
2010-10-17,XAL,CO,15,161.0,0.901242236024845,0.5489749058062389,0.1,0.6,0.8,1.1,3.0
2010-10-17,XAL,NO,1,161.0,42.17391304347826,39.00810255853766,3.0,18.0,32.0,46.0,196.0
2010-10-17,XAL,NO2,1,161.0,40.31055900621118,9.638617655585213,16.0,34.0,39.0,46.0,69.0
2010-10-17,XAL,NOX,1,161.0,82.44099378881988,42.97656988413816,20.0,56.0,71.0,93.0,242.0
2010-10-17,XAL,O3,1,161.0,25.509316770186334,21.656441885851876,2.0,8.0,20.0,33.0,101.0
2010-10-17,XAL,PM10,2,160.0,79.2,40.08619643535777,5.0,47.75,71.0,105.0,193.0
2010-10-17,XAL,SO2,1,161.0,5.714285714285714,6.523446722619658,1.0,2.0,4.0,6.0,56.0
2010-10-24,ACO,O3,1,157.0,26.75796178343949,22.24035408138091,0.0,7.0,21.0,43.0,74.0
2010-10-24,ACO,PM2.5,2,151.0,18.834437086092716,7.464074368668593,1.0,15.0,20.0,23.5,36.0
2010-10-24,ACO,SO2,1,160.0,2.31875,2.3455346978605807,0.0,1.0,1.0,3.0,14.0
2010-10-24,ARA,SO2,1,0.0,,,,,,,
2010-10-24,ATI,NO,1,145.0,20.813793103448276,36.03624452603557,2.0,3.0,5.0,13.0,175.0
2010-10-24,ATI,NO2,1,145.0,21.33103448275862,12.997892549485446,4.0,11.0,20.0,30.0,86.0
2010-10-24,ATI,NOX,1,145.0,42.06896551724138,45.142468175213814,7.0,14.0,26.0,43.0,213.0
2010-10-24,ATI,SO2,1,154.0,3.5259740259740258,4.956276870557334,0.0,1.0,2.0,3.0,29.0
2010-10-24,AZC,NO,1,161.0,22.59006211180124,40.53878884008646,0.0,0.0,4.0,20.0,198.0
2010-10-24,AZC,NO2,1,161.0,33.8944099378882,14.70187168546578,11.0,25.0,32.0,39.0,94.0
2010-10-24,AZC,NOX,1,161.0,56.37888198757764,48.371988808009895,11.0,25.0,38.0,62.0,241.0
2010-10-24,AZC,O3,1,156.0,29.596153846153847,33.08011367265133,0.0,1.0,13.0,61.25,111.0
2010-10-24,AZC,SO2,1,161.0,4.341614906832298,3.2884372999612435,1.0,2.0,3.0,5.0,25.0
2010-10-24,CAM,PM2.5,2,158.0,27.639240506329113,10.046527653415026,1.0,21.0,26.0,34.0,57.0
2010-10-24,CES,NO,1,100.0,26.06,33.02579952618005,0.0,5.0,14.0,30.25,154.0
2010-10-24,CES,NO2,1,100.0,40.32,18.23133056420771,11.0,28.75,36.5,47.0,122.0
2010-10-24,CES,NOX,1,100.0,66.27,45.36381662278714,14.0,35.0,52.5,85.75,236.0
2010-10-24,CES,O3,1,100.0,28.67,30.235792222350177,0.0,4.75,15.5,54.25,119.0
2010-10-24,CES,PM10,2,98.0,68.4795918367347,36.77466339578001,8.0,44.0,60.0,84.75,189.0
2010-10-24,CES,SO2,1,75.0,3.5733333333333333,1.543717287285163,1.0,2.0,3.0,5.0,7.0
2010-10-24,CHO,CO,15,158.0,0.935443037974684,0.7887808822316573,0.2,0.5,0.6,0.9,4.4
2010-10-24,CHO,O3,1,158.0,38.0253164556962,32.355499314436166,0.0,7.0,32.0,64.75,107.0
2010-10-24,CHO,SO2,1,156.0,2.75,3.0535542484762077,0.0,1.0,2.0,3.0,19.0
2010-10-24,COY,O3,1,157.0,35.36942675159236,39.26247745886321,1.0,3.0,17.0,67.0,144.0
2010-10-24,COY,PM2.5,2,153.0,26.398692810457515,13.247810081829535,9.0,17.0,24.0,33.0,110.0
2010-10-24,CUA,O3,1,100.0,40.64,35.76311513333821,1.0,12.5,28.0,67.25,136.0
2010-10-24,FAC,CO,15,161.0,1.5788819875776392,1.0056347459371244,0.5,0.9,1.2,1.8,4.9
2010-10-24,FAC,NO,1,161.0,35.0,57.1797604052343,0.0,3.0,9.0,34.0,257.0
2010-10-24,FAC,NO2,1,161.0,31.17391304347826,15.475208083169392,10.0,21.0,29.0,36.0,105.0
2010-10-24,FAC,NOX,1,161.0,66.18012422360249,64.54890473497183,13.0,26.0,39.0,78.0,291.0
2010-10-24,FAC,O3,1,161.0,32.27950310559006,30.772798698713657,1.0,7.0,18.0,59.0,105.0
2010-10-24,FAC,PM10,2,159.0,55.144654088050316,27.379618326802145,10.0,34.0,52.0,70.0,140.0
2010-10-24,FAC,SO2,1,161.0,6.403726708074534,3.7705750257546544,3.0,4.0,5.0,8.0,24.0
2010-10-24,IMP,CO,15,161.0,1.3006211180124219,1.0286822209998778,0.2,0.6,1.0,1.5,4.8
2010-10-24,IZT,CO,15,158.0,0.8708860759493676,0.8038366438499606,0.0,0.3,0.6,1.1,4.2
2010-10-24,IZT,NO,1,158.0,28.10759493670886,42.22710595081523,0.0,3.0,9.0,33.75,237.0
2010-10-24,IZT,NO2,1,158.0,41.96835443037975,19.72596364847204,9.0,32.0,39.5,48.75,120.0
2010-10-24,IZT,NOX,1,158.0,70.0,53.376800227699775,11.0,35.0,54.0,78.75,289.0
2010-10-24,IZT,O3,1,158.0,31.924050632911392,38.03008267915554,0.0,1.0,13.0,62.0,148.0
2010-10-24,IZT,PM10,2,158.0,59.12658227848101,20.477962110371827,23.0,44.0,57.5,71.0,129.0
2010-10-24,IZT,SO2,1,136.0,8.036764705882353,2.4325206808463307,5.0,6.0,7.0,9.0,20.0
2010-10-24,LAG,CO,15,156.0,1.1871794871794872,1.1909182116885058,0.0,0.4,0.7,1.5,5.2
2010-10-24,LAG,NO,1,156.0,46.217948717948715,63.78909754877925,2.0,7.0,18.5,48.75,304.0
2010-10-24,LAG,NO2,1,156.0,45.044871794871796,19.347198829910816,11.0,35.0,41.0,50.5,113.0
2010-10-24,LAG,NOX,1,156.0,91.25,74.0847487678807,13.0,43.75,68.0,103.5,362.0
2010-10-24,LAG,O3,1,156.0,27.224358974358974,33.55757185224658,1.0,2.0,9.0,53.25,120.0
2010-10-24,LAG,SO2,1,156.0,6.403846153846154,2.7375026201875134,3.0,4.0,6.0,8.0,18.0
2010-10-24,LLA,SO2,1,0.0,,,,,,,
2010-10-24,LPR,SO2,1,0.0,,,,,,,
2010-10-24,LVI,PM10,2,157.0,70.20382165605096,40.062569469279055,5.0,43.0,61.0,88.0,238.0
2010-10-24,LVI,SO2,1,161.0,3.9937888198757765,2.425120858869557,0.0,2.0,4.0,6.0,14.0
2010-10-24,MER,CO,15,152.0,1.2592105263157896,0.7832987862225591,0.4,0.7,1.0,1.525,3.5
2010-10-24,MER,NO,1,150.0,45.88666666666666,58.398025233995924,1.0,7.0,17.5,59.25,237.0
2010-10-24,MER,NO2,1,150.0,46.67333333333333,19.402655552928643,10.0,36.0,42.0,54.0,127.0
2010-10-24,MER,NOX,1,150.0,92.54666666666667,68.5619874985689,13.0,46.0,65.5,116.5,304.0
2010-10-24,MER,O3,1,152.0,26.986842105263158,34.37868330024214,0.0,1.0,8.5,52.0,124.0
2010-10-24,MER,PM10,2,147.0,88.75510204081633,35.770882747816124,35.0,62.5,79.0,111.0,212.0
2010-10-24,MER,PM2.5,2,153.0,32.15686274509804,14.971515782636086,8.0,21.0,30.0,40.0,84.0
2010-10-24,MER,SO2,1,152.0,4.572368421052632,2.3546543275903304,1.0,3.0,4.0,6.0,15.0
2010-10-24,MON,O3,1,159.0,36.37735849056604,31.12483628044645,1.0,3.0,33.0,62.0,92.0
2010-10-24,PED,CO,15,144.0,0.3902777777777779,0.4949139141707192,0.0,0.0,0.3,0.5,2.4
2010-10-24,PED,NO,1,144.0,12.770833333333334,28.945745910128252,0.0,0.0,2.0,8.0,173.0
2010-10-24,PED,NO2,1,144.0,31.15972222222222,15.09024748481844,8.0,18.75,30.0,40.0,78.0
2010-10-24,PED,NOX,1,144.0,43.71527777777778,37.77549862577324,7.0,19.0,32.0,52.25,216.0
2010-10-24,PED,O3,1,122.0,38.25409836065574,37.23713632796701,0.0,12.0,23.0,62.5,145.0
2010-10-24,PED,PM10,2,144.0,45.270833333333336,19.320708390927937,13.0,29.0,44.5,58.0,97.0
2010-10-24,PED,SO2,1,144.0,5.111111111111111,2.9306938750006957,2.0,4.0,4.0,5.0,25.0
2010-10-24,PER,PM2.5,2,154.0,32.75974025974026,14.884327501128572,1.0,22.0,33.0,41.0,81.0
2010-10-24,PLA,O3,1,159.0,31.056603773584907,36.748244646447745,1.0,2.0,11.0,61.5,138.0
2010-10-24,PLA,SO2,1,159.0,4.459119496855346,2.8898384571485902,2.0,3.0,3.0,5.0,21.0
2010-10-24,SAG,CO,15,160.0,1.0512500000000011,0.7727259190113596,0.2,0.5,0.8,1.3,4.2
2010-10-24,SAG,NO,1,160.0,37.725,53.72079578125278,1.0,3.0,13.5,48.0,265.0
2010-10-24,SAG,NO2,1,160.0,26.35625,11.318903248756792,6.0,17.5,28.0,33.0,64.0
2010-10-24,SAG,NOX,1,160.0,64.05625,58.81655169375925,9.0,21.0,46.0,82.5,300.0
2010-10-24,SAG,O3,1,160.0,28.00625,28.880473017215525,2.0,3.0,12.0,54.0,93.0
2010-10-24,SAG,PM10,2,154.0,79.05194805194805,30.027828532485813,35.0,58.25,71.0,89.0,199.0
2010-10-24,SAG,PM2.5,2,153.0,24.33986928104575,10.435367115003933,4.0,17.0,24.0,31.0,66.0
2010-10-24,SAG,SO2,1,160.0,2.825,2.899902405644741,0.0,1.0,2.0,4.0,19.0
2010-10-24,SJA,PM2.5,2,161.0,26.391304347826086,12.996717813088173,1.0,17.0,26.0,35.0,73.0
2010-10-24,SUR,CO,15,161.0,1.607453416149069,0.8626668530660503,0.6,1.0,1.4,1.8,4.9
2010-10-24,SUR,NO,1,161.0,23.546583850931675,42.274689577594614,0.0,1.0,5.0,25.0,219.0
2010-10-24,SUR,NO2,1,161.0,36.54037267080745,15.219639363672464,10.0,28.0,36.0,42.0,113.0
2010-10-24,SUR,NOX,1,161.0,59.91304347826087,48.246812239818986,12.0,29.0,44.0,73.0,262.0
2010-10-24,SUR,O3,1,161.0,38.56521739130435,39.87320256273249,1.0,4.0,20.0,69.0,147.0
2010-10-24,SUR,PM10,2,156.0,54.82051282051282,33.96705940903052,2.0,32.0,50.0,68.0,220.0
2010-10-24,SUR,SO2,1,161.0,0.4658385093167702,1.134851619709715,0.0,0.0,0.0,0.0,8.0
2010-10-24,TAC,CO,15,161.0,1.2173913043478264,0.88787423218264,0.3,0.6,1.0,1.5,4.5
2010-10-24,TAC,NO,1,161.0,25.987577639751553,43.24248310077139,0.0,2.0,6.0,22.0,188.0
2010-10-24,TAC,NO2,1,161.0,37.17391304347826,18.695442364849015,11.0,25.0,34.0,43.0,118.0
2010-10-24,TAC,NOX,1,161.0,63.130434782608695,55.28699332062454,13.0,26.0,44.0,73.0,261.0
2010-10-24,TAC,O3,1,159.0,27.830188679245282,29.589856187630936,0.0,4.0,13.0,53.5,103.0
2010-10-24,TAC,SO2,1,161.0,3.9316770186335406,3.1187421815583054,1.0,2.0,3.0,5.0,20.0
2010-10-24,TAH,O3,1,159.0,46.0440251572327,35.963474070782844,1.0,16.0,33.0,74.0,123.0
2010-10-24,TAH,PM10,2,144.0,54.041666666666664,36.562978524750946,3.0,30.0,47.5,67.0,244.0
2010-10-24,TAH,SO2,1,142.0,0.4014084507042254,0.808289141044784,0.0,0.0,0.0,0.0,3.0
2010-10-24,TAX,CO,15,159.0,1.766037735849056,0.7301664617456299,0.6,1.2,1.6,2.3,4.1
2010-10-24,TAX,NO,1,159.0,33.9874213836478,31.37542927668074,0.0,12.0,24.0,52.0,138.0
2010-10-24,TAX,NO2,1,159.0,45.540880503144656,17.976335406941136,16.0,34.0,40.0,52.0,115.0
2010-10-24,TAX,NOX,1,159.0,79.23270440251572,41.303323029422565,14.0,50.5,69.0,101.5,208.0
2010-10-24,TAX,O3,1,159.0,28.07547169811321,28.108187727766868,1.0,4.5,19.0,47.0,128.0
2010-10-24,TAX,PM10,2,156.0,62.506410256410255,31.567745236058087,3.0,39.75,57.0,78.25,180.0
2010-10-24,TAX,SO2,1,159.0,3.352201257861635,1.5308571470939194,1.0,2.0,3.0,4.0,10.0
2010-10-24,TLA,CO,15,157.0,1.2458598726114645,0.7482021567851384,0.5,0.8,1.0,1.3,4.1
2010-10-24,TLA,NO,1,155.0,40.39354838709677,58.14686921636326,1.0,10.0,16.0,34.5,283.0
2010-10-24,TLA,NO2,1,155.0,36.41935483870968,14.064725595423843,12.0,27.0,35.0,42.0,80.0
2010-10-24,TLA,NOX,1,155.0,76.76774193548387,66.46079005697952,16.0,35.0,54.0,79.0,334.0
2010-10-24,TLA,O3,1,144.0,28.72222222222222,28.4716628709246,1.0,4.0,16.5,58.25,96.0
2010-10-24,TLA,PM10,2,157.0,62.732484076433124,26.115714437569586,18.0,45.0,59.0,76.0,167.0
2010-10-24,TLA,PM2.5,2,157.0,21.821656050955415,9.915348879074353,2.0,15.0,19.0,28.0,52.0
2010-10-24,TLA,SO2,1,157.0,6.89171974522293,5.080858520522804,2.0,4.0,5.0,9.0,40.0
2010-10-24,TLI,CO,15,161.0,0.7540372670807449,0.821811549932516,0.0,0.2,0.5,0.8,3.3
2010-10-24,TLI,NO,1,161.0,35.16770186335404,51.73505050070561,1.0,3.0,11.0,47.0,252.0
2010-10-24,TLI,NO2,1,161.0,29.869565217391305,13.218420118712471,7.0,19.0,31.0,38.0,70.0
2010-10-24,TLI,NOX,1,161.0,64.9751552795031,59.203351922690885,9.0,21.0,47.0,82.0,294.0
2010-10-24,TLI,PM10,2,160.0,66.70625,36.1606473050748,3.0,39.75,62.0,85.75,164.0
2010-10-24,TLI,SO2,1,161.0,4.3105590062111805,5.461497075945298,0.0,2.0,3.0,5.0,41.0
2010-10-24,TPN,O3,1,160.0,47.55,32.22245788968977,12.0,23.0,32.0,67.0,139.0
2010-10-24,UIZ,CO,15,161.0,0.8559006211180121,0.9040080696886019,0.0,0.2,0.5,1.2,4.1
2010-10-24,UIZ,NO,1,161.0,20.74534161490683,33.011793253151495,0.0,1.0,4.0,25.0,147.0
2010-10-24,UIZ,NO2,1,161.0,34.06832298136646,15.938994723477103,7.0,22.0,35.0,41.0,94.0
2010-10-24,UIZ,NOX,1,161.0,54.69565217391305,43.33720161106692,9.0,23.0,40.0,73.0,218.0
2010-10-24,UIZ,O3,1,160.0,36.28125,35.23223436074292,1.0,3.75,24.0,66.25,119.0
2010-10-24,UIZ,PM2.5,2,152.0,29.17763157894737,15.65569188484394,1.0,18.0,28.0,39.0,97.0
2010-10-24,UIZ,SO2,1,161.0,3.5093167701863353,1.7179857843647894,1.0,2.0,3.0,5.0,9.0
2010-10-24,VAL,CO,15,0.0,,,,,,,
2010-10-24,VAL,SO2,1,0.0,,,,,,,
2010-10-24,VIF,CO,15,0.0,,,,,,,
2010-10-24,VIF,NO,1,0.0,,,,,,,
2010-10-24,VIF,NO2,1,0.0,,,,,,,
2010-10-24,VIF,NOX,1,0.0,,,,,,,
2010-10-24,VIF,PM10,2,0.0,,,,,,,
2010-10-24,VIF,SO2,1,0.0,,,,,,,
2010-10-24,XAL,CO,15,156.0,1.2423076923076921,0.9579574010017332,0.3,0.6,0.8,1.5,4.6
2010-10-24,XAL,NO,1,156.0,68.90384615384616,76.35805121342256,4.0,18.75,36.0,88.5,365.0
2010-10-24,XAL,NO2,1,156.0,46.59615384615385,14.26060617005704,20.0,39.0,44.0,52.0,128.0
2010-10-24,XAL,NOX,1,156.0,115.50641025641026,82.0393687394024,24.0,60.0,82.0,133.5,420.0
2010-10-24,XAL,O3,1,156.0,23.942307692307693,23.896346160061555,3.0,4.0,11.5,43.0,87.0
2010-10-24,XAL,PM10,2,154.0,112.74025974025975,65.50196376787827,25.0,67.25,92.5,139.75,312.0
2010-10-24,XAL,SO2,1,156.0,6.967948717948718,6.053972166346787,2.0,3.0,5.0,8.0,45.0
2010-10-31,ACO,O3,1,157.0,20.356687898089174,17.894280972527557,0.0,5.0,15.0,33.0,65.0
2010-10-31,ACO,PM2.5,2,156.0,21.224358974358974,12.12545906969923,3.0,12.0,18.0,29.25,64.0
2010-10-31,ACO,SO2,1,158.0,2.7721518987341773,3.1801508880943583,0.0,1.0,2.0,3.0,24.0
2010-10-31,ARA,SO2,1,0.0,,,,,,,
2010-10-31,ATI,NO,1,161.0,15.925465838509316,30.128797021087447,2.0,3.0,5.0,10.0,164.0
2010-10-31,ATI,NO2,1,161.0,22.17391304347826,14.05549946524104,5.0,12.0,18.0,27.0,83.0
2010-10-31,ATI,NOX,1,161.0,38.037267080745345,39.634563230651,7.0,16.0,24.0,41.0,212.0
2010-10-31,ATI,SO2,1,161.0,6.521739130434782,10.928796226324367,0.0,1.0,3.0,6.0,64.0
2010-10-31,AZC,NO,1,157.0,22.14012738853503,39.721055999649074,0.0,1.0,6.0,22.0,223.0
2010-10-31,AZC,NO2,1,157.0,35.43312101910828,17.623656117287037,12.0,25.0,32.0,41.0,101.0
2010-10-31,AZC,NOX,1,157.0,57.36305732484077,49.25537233047134,11.0,26.0,40.0,68.0,262.0
2010-10-31,AZC,O3,1,111.0,21.135135135135137,25.498123455546683,0.0,2.0,9.0,29.5,101.0
2010-10-31,AZC,SO2,1,157.0,9.94267515923567,16.207881130683496,1.0,3.0,5.0,7.0,95.0
2010-10-31,CAM,PM2.5,2,160.0,29.7125,14.153421481134565,5.0,21.0,28.0,38.0,85.0
2010-10-31,CES,NO,1,140.0,25.442857142857143,32.25578335931914,0.0,6.0,13.0,29.5,181.0
2010-10-31,CES,NO2,1,140.0,35.99285714285714,15.059353282077186,8.0,25.0,33.5,43.25,93.0
2010-10-31,CES,NOX,1,140.0,61.35,41.77447587382002,9.0,34.75,48.5,75.5,228.0
2010-10-31,CES,O3,1,140.0,24.564285714285713,27.540737834947684,0.0,3.0,14.5,35.25,118.0
2010-10-31,CES,PM10,2,127.0,61.75590551181102,51.59145317051042,1.0,31.0,48.0,70.0,337.0
2010-10-31,CES,SO2,1,139.0,6.287769784172662,7.1659870971870605,2.0,3.0,4.0,6.0,53.0
2010-10-31,CHO,CO,15,157.0,0.7910828025477709,0.7354900508468221,0.1,0.4,0.6,0.8,4.6
2010-10-31,CHO,O3,1,157.0,32.29299363057325,29.589339111538987,0.0,7.0,23.0,55.0,121.0
2010-10-31,CHO,SO2,1,157.0,3.554140127388535,3.8186366617678402,0.0,1.0,3.0,5.0,23.0
2010-10-31,COY,O3,1,160.0,32.1875,35.20884456850376,1.0,4.0,17.0,48.75,143.0
2010-10-31,COY,PM2.5,2,160.0,25.575,12.428689675264454,3.0,16.75,24.0,34.25,69.0
2010-10-31,CUA,O3,1,0.0,,,,,,,
2010-10-31,FAC,CO,15,157.0,1.677070063694268,1.0474555624540942,0.6,1.1,1.3,1.8,5.6
2010-10-31,FAC,NO,1,157.0,30.178343949044585,55.3613425230807,0.0,2.0,8.0,23.0,292.0
2010-10-31,FAC,NO2,1,157.0,32.40127388535032,17.928583349805308,7.0,21.0,27.0,39.0,104.0
2010-10-31,FAC,NOX,1,157.0,62.4203821656051,66.0841661655932,7.0,25.0,38.0,59.0,342.0
2010-10-31,FAC,O3,1,157.0,30.94904458598726,32.833456236593605,1.0,8.0,18.0,46.0,153.0
2010-10-31,FAC,PM10,2,158.0,58.99367088607595,40.091376018100846,3.0,27.25,47.0,82.75,229.0
2010-10-31,FAC,SO2,1,157.0,10.140127388535031,10.503637098232232,3.0,4.0,6.0,10.0,57.0
2010-10-31,IMP,CO,15,161.0,1.2844720496894413,1.0222254525183752,0.2,0.7,1.0,1.5,5.5
2010-10-31,IZT,CO,15,158.0,0.7860759493670882,0.8272791990469989,0.0,0.3,0.5,0.9,4.8
2010-10-31,IZT,NO,1,158.0,23.132911392405063,44.91706503765798,0.0,1.25,6.0,21.0,245.0
2010-10-31,IZT,NO2,1,158.0,35.01898734177215,16.134573993411887,6.0,24.0,32.0,45.0,88.0
2010-10-31,IZT,NOX,1,158.0,57.79746835443038,53.7932772885984,4.0,29.0,42.0,65.75,311.0
2010-10-31,IZT,O3,1,158.0,29.189873417721518,35.29442169141812,0.0,1.25,14.0,43.75,133.0
2010-10-31,IZT,PM10,2,157.0,56.92356687898089,31.387271101448412,4.0,36.0,52.0,72.0,209.0
2010-10-31,IZT,SO2,1,155.0,11.683870967741935,10.889500983587547,5.0,6.0,8.0,11.0,90.0
2010-10-31,LAG,CO,15,161.0,1.0043478260869558,1.0195800499523662,0.0,0.4,0.6,1.2,5.6
2010-10-31,LAG,NO,1,161.0,33.95031055900621,53.0392309100344,1.0,6.0,15.0,31.0,268.0
2010-10-31,LAG,NO2,1,161.0,41.37888198757764,19.09481084594022,7.0,28.0,36.0,51.0,117.0
2010-10-31,LAG,NOX,1,161.0,75.28571428571429,63.63690247916582,8.0,40.0,52.0,80.0,334.0
2010-10-31,LAG,O3,1,161.0,25.70186335403727,32.02105649422284,0.0,3.0,12.0,36.0,129.0
2010-10-31,LAG,SO2,1,161.0,8.341614906832298,6.004275133251007,2.0,4.0,6.0,10.0,32.0
2010-10-31,LLA,SO2,1,0.0,,,,,,,
2010-10-31,LPR,SO2,1,0.0,,,,,,,
2010-10-31,LVI,PM10,2,154.0,70.48051948051948,48.75900731659347,2.0,38.25,58.5,85.0,280.0
2010-10-31,LVI,SO2,1,157.0,5.452229299363057,6.328046909645543,0.0,2.0,4.0,6.0,35.0
2010-10-31,MER,CO,15,153.0,1.038562091503268,0.6406333403058153,0.2,0.6,0.9,1.2,4.4
2010-10-31,MER,NO,1,151.0,29.741721854304636,45.722272264351126,0.0,4.0,13.0,35.0,247.0
2010-10-31,MER,NO2,1,151.0,37.76158940397351,15.393378927002578,8.0,26.0,35.0,49.0,86.0
2010-10-31,MER,NOX,1,151.0,67.42384105960265,54.68216492740484,7.0,35.0,54.0,74.0,324.0
2010-10-31,MER,O3,1,153.0,26.333333333333332,31.90899889570833,0.0,1.0,13.0,45.0,126.0
2010-10-31,MER,PM10,2,142.0,81.76760563380282,50.89088110891729,11.0,47.75,73.5,101.75,381.0
2010-10-31,MER,PM2.5,2,153.0,31.359477124183005,15.080753846108204,2.0,20.0,30.0,40.0,81.0
2010-10-31,MER,SO2,1,153.0,6.4640522875816995,6.921577763349201,1.0,3.0,4.0,7.0,41.0
2010-10-31,MON,O3,1,161.0,32.88819875776397,29.904220811789234,0.0,5.0,25.0,58.0,116.0
2010-10-31,PED,CO,15,161.0,0.31801242236024874,0.41711632052069136,0.0,0.0,0.2,0.5,2.1
2010-10-31,PED,NO,1,161.0,10.372670807453416,19.473963347177296,0.0,0.0,3.0,10.0,117.0
2010-10-31,PED,NO2,1,161.0,29.509316770186334,14.487976917267623,6.0,20.0,27.0,35.0,79.0
2010-10-31,PED,NOX,1,161.0,39.77639751552795,28.82533069092173,6.0,20.0,32.0,50.0,166.0
2010-10-31,PED,O3,1,161.0,33.745341614906835,32.668463290899076,0.0,8.0,22.0,50.0,138.0
2010-10-31,PED,PM10,2,161.0,45.08695652173913,23.65940386620821,7.0,27.0,43.0,59.0,150.0
2010-10-31,PED,SO2,1,161.0,7.031055900621118,5.652900096685381,3.0,4.0,5.0,7.0,31.0
2010-10-31,PER,PM2.5,2,152.0,31.894736842105264,19.824781433112612,1.0,19.0,29.0,40.0,125.0
2010-10-31,PLA,O3,1,161.0,29.15527950310559,33.86693797168028,0.0,4.0,15.0,46.0,130.0
2010-10-31,PLA,SO2,1,161.0,6.850931677018633,7.346947648619306,2.0,3.0,5.0,7.0,50.0
2010-10-31,SAG,CO,15,153.0,0.9954248366013079,0.6546734691593896,0.3,0.6,0.8,1.1,3.6
2010-10-31,SAG,NO,1,153.0,26.77777777777778,44.90329114391902,0.0,3.0,8.0,28.0,229.0
2010-10-31,SAG,NO2,1,153.0,22.705882352941178,11.15906661875704,4.0,13.0,22.0,31.0,57.0
2010-10-31,SAG,NOX,1,153.0,49.40522875816993,51.00405529652272,4.0,17.0,33.0,55.0,257.0
2010-10-31,SAG,O3,1,153.0,27.81045751633987,26.2454887436787,2.0,4.0,21.0,42.0,102.0
2010-10-31,SAG,PM10,2,150.0,76.23333333333333,64.53357865521805,4.0,44.0,60.0,90.0,589.0
2010-10-31,SAG,PM2.5,2,150.0,24.94,12.08372914571963,2.0,16.25,23.5,31.0,55.0
2010-10-31,SAG,SO2,1,153.0,5.516339869281046,14.816910935589872,0.0,1.0,2.0,4.0,129.0
2010-10-31,SJA,PM2.5,2,159.0,25.60377358490566,14.668928182534714,1.0,14.0,24.0,34.5,72.0
2010-10-31,SUR,CO,15,161.0,1.4434782608695653,0.9288960254446974,0.4,0.9,1.3,1.5,5.7
2010-10-31,SUR,NO,1,161.0,21.77639751552795,43.87467594684882,0.0,1.0,5.0,22.0,235.0
2010-10-31,SUR,NO2,1,161.0,31.440993788819874,13.254171381350522,5.0,24.0,30.0,39.0,69.0
2010-10-31,SUR,NOX,1,161.0,53.06832298136646,50.81401433458125,5.0,26.0,39.0,60.0,274.0
2010-10-31,SUR,O3,1,161.0,34.05590062111801,35.26954218004626,1.0,6.0,20.0,49.0,150.0
2010-10-31,SUR,PM10,2,154.0,54.79220779220779,45.1762959599658,2.0,27.0,46.5,64.75,309.0
2010-10-31,SUR,SO2,1,161.0,3.1552795031055902,7.51628149936122,0.0,0.0,0.0,2.0,43.0
2010-10-31,TAC,CO,15,158.0,1.2094936708860764,0.9606783679834155,0.2,0.6,0.9,1.4,5.1
2010-10-31,TAC,NO,1,158.0,22.955696202531644,39.42360910175218,0.0,2.0,6.0,23.75,184.0
2010-10-31,TAC,NO2,1,158.0,38.11392405063291,24.537758420960248,11.0,23.25,30.0,44.0,130.0
2010-10-31,TAC,NOX,1,158.0,60.99367088607595,57.07515403478833,10.0,26.25,41.0,70.25,294.0
2010-10-31,TAC,O3,1,86.0,32.53488372093023,35.772713121930906,1.0,5.0,17.0,45.75,137.0
2010-10-31,TAC,SO2,1,158.0,8.727848101265822,13.904427528452127,1.0,3.0,4.0,8.0,91.0
2010-10-31,TAH,O3,1,154.0,41.0974025974026,34.32310326945986,1.0,16.0,30.0,65.75,149.0
2010-10-31,TAH,PM10,2,153.0,50.35947712418301,33.64141682570148,1.0,29.0,43.0,66.0,237.0
2010-10-31,TAH,SO2,1,148.0,1.3581081081081081,3.3032866237802287,0.0,0.0,0.0,1.0,23.0
2010-10-31,TAX,CO,15,161.0,1.7074534161490684,0.8115997162264673,0.3,1.2,1.6,2.1,5.6
2010-10-31,TAX,NO,1,161.0,39.27950310559006,38.7468081233997,0.0,10.0,27.0,61.0,217.0
2010-10-31,TAX,NO2,1,161.0,38.66459627329193,14.003099701217446,9.0,28.0,37.0,47.0,84.0
2010-10-31,TAX,NOX,1,161.0,77.7639751552795,43.30783929151138,12.0,46.0,68.0,102.0,270.0
2010-10-31,TAX,O3,1,154.0,27.064935064935064,27.977739826739928,1.0,3.25,17.5,42.75,124.0
2010-10-31,TAX,PM10,2,155.0,64.36129032258064,50.0484030481983,5.0,38.5,55.0,72.0,391.0
2010-10-31,TAX,SO2,1,161.0,6.739130434782608,8.774623737752544,1.0,3.0,4.0,6.0,68.0
2010-10-31,TLA,CO,15,159.0,1.1981132075471703,0.7378957164591494,0.3,0.75,0.9,1.4,4.2
2010-10-31,TLA,NO,1,157.0,33.560509554140125,47.058792684996256,0.0,8.0,16.0,35.0,267.0
2010-10-31,TLA,NO2,1,157.0,37.53503184713376,20.00561737216042,9.0,23.0,31.0,47.0,99.0
2010-10-31,TLA,NOX,1,157.0,71.07643312101911,58.88303719448497,10.0,33.0,50.0,90.0,338.0
2010-10-31,TLA,O3,1,154.0,25.66883116883117,29.273793226480485,1.0,4.0,14.5,40.5,132.0
2010-10-31,TLA,PM10,2,159.0,63.61006289308176,30.964845716540932,6.0,40.0,56.0,83.5,158.0
2010-10-31,TLA,PM2.5,2,159.0,26.12578616352201,13.341541737320618,2.0,16.0,24.0,33.5,72.0
2010-10-31,TLA,SO2,1,159.0,13.81132075471698,18.967383667266166,2.0,5.0,7.0,11.0,118.0
2010-10-31,TLI,CO,15,159.0,0.5911949685534592,0.8320619231915117,0.0,0.1,0.2,0.8,3.8
2010-10-31,TLI,NO,1,158.0,28.981012658227847,54.05570039750488,0.0,2.0,7.5,30.0,306.0
2010-10-31,TLI,NO2,1,158.0,28.71518987341772,16.933775758190684,6.0,16.0,24.0,40.0,87.0
2010-10-31,TLI,NOX,1,158.0,57.65822784810127,64.18819584636613,6.0,19.0,32.5,72.0,352.0
2010-10-31,TLI,PM10,2,156.0,70.51923076923077,45.4854065436017,1.0,36.0,57.0,97.0,230.0
2010-10-31,TLI,SO2,1,159.0,11.238993710691824,22.0386481929098,0.0,2.0,3.0,8.0,123.0
2010-10-31,TPN,O3,1,161.0,41.06211180124224,30.474720966932956,1.0,18.0,31.0,63.0,141.0
2010-10-31,UIZ,CO,15,161.0,0.6807453416149069,0.9102551515887128,0.0,0.1,0.4,0.8,5.1
2010-10-31,UIZ,NO,1,161.0,17.180124223602483,34.025888709693845,0.0,0.0,4.0,16.0,191.0
2010-10-31,UIZ,NO2,1,161.0,29.62111801242236,15.122394031443438,6.0,19.0,28.0,37.0,92.0
2010-10-31,UIZ,NOX,1,161.0,46.62732919254658,43.79209687200656,6.0,21.0,34.0,51.0,248.0
2010-10-31,UIZ,O3,1,161.0,33.52173913043478,33.16984454224231,1.0,7.0,22.0,55.0,127.0
2010-10-31,UIZ,PM2.5,2,154.0,26.551948051948052,15.108341723840596,1.0,15.0,24.0,38.75,70.0
2010-10-31,UIZ,SO2,1,161.0,5.944099378881988,8.584323245897846,1.0,2.0,4.0,6.0,82.0
2010-10-31,VAL,CO,15,0.0,,,,,,,
2010-10-31,VAL,SO2,1,0.0,,,,,,,
2010-10-31,VIF,CO,15,0.0,,,,,,,
2010-10-31,VIF,NO,1,0.0,,,,,,,
2010-10-31,VIF,NO2,1,0.0,,,,,,,
2010-10-31,VIF,NOX,1,0.0,,,,,,,
2010-10-31,VIF,PM10,2,0.0,,,,,,,
2010-10-31,VIF,SO2,1,0.0,,,,,,,
2010-10-31,XAL,CO,15,161.0,1.0826086956521739,0.9023279072343454,0.1,0.6,0.8,1.2,5.2
2010-10-31,XAL,NO,1,161.0,54.40372670807454,62.398154908817965,1.0,16.0,37.0,63.0,338.0
2010-10-31,XAL,NO2,1,161.0,41.98757763975155,16.643312312172025,16.0,31.0,38.0,51.0,97.0
2010-10-31,XAL,NOX,1,161.0,96.37888198757764,70.32904308493211,21.0,56.0,76.0,106.0,387.0
2010-10-31,XAL,O3,1,161.0,22.385093167701864,22.45747707106735,2.0,4.0,14.0,33.0,98.0
2010-10-31,XAL,PM10,2,160.0,100.0375,72.24607560450308,7.0,51.0,78.0,131.75,378.0
2010-10-31,XAL,SO2,1,161.0,7.596273291925466,8.696535863482927,1.0,3.0,4.0,9.0,61.0
2010-11-07,ACO,O3,1,98.0,17.612244897959183,13.327463817834788,0.0,7.25,15.5,27.75,51.0
2010-11-07,ACO,PM2.5,2,150.0,17.873333333333335,8.707241965158717,1.0,12.25,17.0,23.0,43.0
2010-11-07,ACO,SO2,1,158.0,2.9050632911392404,4.692843141163051,0.0,1.0,1.0,3.0,32.0
2010-11-07,ARA,SO2,1,0.0,,,,,,,
2010-11-07,ATI,NO,1,116.0,12.10344827586207,16.277687748595614,1.0,4.0,6.0,9.25,87.0
2010-11-07,ATI,NO2,1,116.0,17.413793103448278,8.917075915262846,4.0,11.75,15.0,22.25,44.0
2010-11-07,ATI,NOX,1,116.0,29.413793103448278,22.463910753847408,6.0,16.0,21.0,34.0,130.0
2010-11-07,ATI,SO2,1,145.0,11.2,21.63863571382344,0.0,2.0,4.0,10.0,177.0
2010-11-07,AZC,NO,1,151.0,14.57615894039735,21.52841133203367,0.0,2.0,5.0,16.5,96.0
2010-11-07,AZC,NO2,1,151.0,27.3841059602649,9.180312941036608,10.0,21.0,27.0,33.5,62.0
2010-11-07,AZC,NOX,1,151.0,41.7682119205298,27.16822745012006,10.0,24.5,34.0,49.0,138.0
2010-11-07,AZC,O3,1,151.0,21.019867549668874,20.24696527010916,1.0,4.0,13.0,37.0,68.0
2010-11-07,AZC,SO2,1,150.0,11.326666666666666,16.74622933283815,0.0,2.0,4.5,13.75,115.0
2010-11-07,CAM,PM2.5,2,161.0,21.018633540372672,9.66725920936839,4.0,15.0,19.0,25.0,50.0
2010-11-07,CES,NO,1,161.0,23.0,21.62868465718616,0.0,8.0,15.0,32.0,101.0
2010-11-07,CES,NO2,1,161.0,32.77639751552795,11.232750751307256,10.0,25.0,31.0,38.0,68.0
2010-11-07,CES,NOX,1,161.0,55.65217391304348,28.918692239960738,11.0,35.0,48.0,70.0,155.0
2010-11-07,CES,O3,1,161.0,19.48447204968944,21.62524727895098,0.0,2.0,10.0,34.0,95.0
2010-11-07,CES,PM10,2,155.0,46.561290322580646,27.225867157541572,5.0,26.0,43.0,61.5,153.0
2010-11-07,CES,SO2,1,161.0,9.944099378881987,13.979560278852196,2.0,3.0,4.0,9.0,88.0
2010-11-07,CHO,CO,15,153.0,0.750326797385621,0.511335221053991,0.1,0.4,0.6,0.9,3.1
2010-11-07,CHO,O3,1,153.0,25.69281045751634,24.32382442817168,0.0,2.0,20.0,48.0,89.0
2010-11-07,CHO,SO2,1,154.0,4.363636363636363,8.922922073201171,0.0,1.0,2.0,4.0,66.0
2010-11-07,COY,O3,1,161.0,24.720496894409937,23.760053445890065,0.0,4.0,16.0,43.0,100.0
2010-11-07,COY,PM2.5,2,159.0,20.654088050314467,12.990740334865224,2.0,12.0,18.0,25.0,66.0
2010-11-07,CUA,O3,1,101.0,32.42574257425743,18.3865964956288,3.0,19.0,28.0,48.0,72.0
2010-11-07,FAC,CO,15,161.0,1.334782608695652,0.5343525135111207,0.7,1.0,1.2,1.5,4.0
2010-11-07,FAC,NO,1,161.0,20.180124223602483,27.304278098577743,0.0,4.0,9.0,25.0,158.0
2010-11-07,FAC,NO2,1,161.0,23.15527950310559,8.604910666453181,9.0,17.0,22.0,28.0,52.0
2010-11-07,FAC,NOX,1,161.0,43.3416149068323,32.69271814755966,9.0,22.0,32.0,52.0,193.0
2010-11-07,FAC,O3,1,161.0,23.59006211180124,19.486364479325488,1.0,5.0,18.0,39.0,77.0
2010-11-07,FAC,PM10,2,160.0,38.7625,19.863840761829536,1.0,26.75,38.0,52.25,92.0
2010-11-07,FAC,SO2,1,161.0,14.950310559006212,21.822236721471754,3.0,5.0,7.0,14.0,191.0
2010-11-07,IMP,CO,15,160.0,0.898125,0.5790332297304492,0.2,0.5,0.7,1.1,3.2
2010-11-07,IZT,CO,15,156.0,0.6064102564102566,0.4793381845001856,0.0,0.3,0.5,0.7,2.9
2010-11-07,IZT,NO,1,156.0,20.41025641025641,27.92729542242229,0.0,4.0,9.5,28.0,197.0
2010-11-07,IZT,NO2,1,156.0,31.192307692307693,11.408042089579519,9.0,24.0,30.0,38.0,66.0
2010-11-07,IZT,NOX,1,156.0,51.43589743589744,34.910240569333915,9.0,28.75,42.0,67.0,247.0
2010-11-07,IZT,O3,1,156.0,20.794871794871796,23.232268423735327,0.0,0.0,10.5,37.25,108.0
2010-11-07,IZT,PM10,2,158.0,45.96835443037975,16.60267067998321,18.0,34.0,42.0,55.0,104.0
2010-11-07,IZT,SO2,1,156.0,16.44871794871795,17.474883310993444,6.0,7.0,9.0,17.25,113.0
2010-11-07,LAG,CO,15,159.0,0.5742138364779872,0.5193976351040155,0.0,0.2,0.4,0.75,2.9
2010-11-07,LAG,NO,1,159.0,26.81132075471698,26.40151746006152,1.0,9.0,17.0,33.0,130.0
2010-11-07,LAG,NO2,1,159.0,34.35220125786164,11.048877808175744,14.0,27.0,32.0,41.0,70.0
2010-11-07,LAG,NOX,1,159.0,61.106918238993714,33.65660376733666,19.0,38.0,51.0,72.0,179.0
2010-11-07,LAG,O3,1,159.0,19.21383647798742,20.496175864333786,0.0,2.0,11.0,33.5,87.0
2010-11-07,LAG,SO2,1,159.0,12.754716981132075,11.99985072751676,3.0,5.0,8.0,16.5,66.0
2010-11-07,LLA,SO2,1,0.0,,,,,,,
2010-11-07,LPR,SO2,1,0.0,,,,,,,
2010-11-07,LVI,PM10,2,161.0,48.36645962732919,20.989190503981387,7.0,33.0,48.0,61.0,119.0
2010-11-07,LVI,SO2,1,161.0,9.813664596273291,15.39163935751489,0.0,1.0,4.0,11.0,87.0
2010-11-07,MER,CO,15,156.0,0.8833333333333329,0.4007788117078773,0.3,0.6,0.8,1.1,2.3
2010-11-07,MER,NO,1,154.0,27.467532467532468,27.102846685295827,0.0,9.0,16.5,37.0,127.0
2010-11-07,MER,NO2,1,154.0,35.26623376623377,11.425257084558938,13.0,27.0,35.0,42.0,70.0
2010-11-07,MER,NOX,1,154.0,62.66883116883117,34.2966785477722,15.0,38.0,53.0,81.5,183.0
2010-11-07,MER,O3,1,156.0,18.826923076923077,20.80823765585235,0.0,1.0,10.0,31.5,91.0
2010-11-07,MER,PM10,2,127.0,59.511811023622045,21.58404251150854,23.0,43.0,54.0,77.5,113.0
2010-11-07,MER,PM2.5,2,127.0,24.330708661417322,13.034176758795608,5.0,15.0,21.0,31.0,67.0
2010-11-07,MER,SO2,1,156.0,12.717948717948717,16.452392657367252,1.0,3.0,6.0,15.0,83.0
2010-11-07,MON,O3,1,159.0,28.566037735849058,22.915510280512816,0.0,3.5,28.0,50.5,84.0
2010-11-07,PED,CO,15,154.0,0.17662337662337665,0.22045473140826113,0.0,0.0,0.1,0.3,1.1
2010-11-07,PED,NO,1,154.0,8.941558441558442,13.519406053486447,0.0,1.0,4.0,9.0,73.0
2010-11-07,PED,NO2,1,154.0,24.7012987012987,9.812710091921748,8.0,18.0,24.5,31.0,61.0
2010-11-07,PED,NOX,1,154.0,33.58441558441559,20.802432392561116,7.0,20.25,29.0,42.0,134.0
2010-11-07,PED,O3,1,154.0,22.772727272727273,21.148254374808435,0.0,6.0,15.0,36.0,85.0
2010-11-07,PED,PM10,2,151.0,35.17880794701987,19.4648695835053,2.0,21.5,33.0,46.5,94.0
2010-11-07,PED,SO2,1,154.0,9.344155844155845,10.402601402986178,1.0,3.0,5.0,10.75,57.0
2010-11-07,PER,PM2.5,2,159.0,26.855345911949687,13.958272570023887,4.0,18.0,25.0,33.0,66.0
2010-11-07,PLA,O3,1,157.0,20.1656050955414,20.27024063895146,0.0,3.0,12.0,33.0,75.0
2010-11-07,PLA,SO2,1,157.0,10.114649681528663,13.592969597282417,2.0,3.0,5.0,11.0,101.0
2010-11-07,SAG,CO,15,160.0,0.7918750000000002,0.39652133191880923,0.3,0.5,0.7,0.9,2.2
2010-11-07,SAG,NO,1,160.0,18.70625,23.519721919750452,0.0,5.0,9.0,22.25,147.0
2010-11-07,SAG,NO2,1,160.0,20.96875,10.338559365232067,3.0,13.0,20.0,27.25,63.0
2010-11-07,SAG,NOX,1,160.0,39.6375,29.74640985683935,4.0,18.0,32.0,49.0,182.0
2010-11-07,SAG,O3,1,160.0,23.14375,19.4386138682648,2.0,4.0,18.0,41.25,67.0
2010-11-07,SAG,PM10,2,137.0,56.737226277372265,18.683222291432205,18.0,44.0,53.0,66.0,111.0
2010-11-07,SAG,PM2.5,2,139.0,19.755395683453237,10.953684924684326,2.0,12.0,18.0,25.5,58.0
2010-11-07,SAG,SO2,1,160.0,10.2375,23.304516122376643,1.0,2.0,2.5,10.0,178.0
2010-11-07,SJA,PM2.5,2,153.0,20.437908496732025,12.28222403214428,1.0,12.0,18.0,27.0,68.0
2010-11-07,SUR,CO,15,161.0,1.183850931677019,0.5152548666822577,0.4,0.9,1.1,1.4,3.6
2010-11-07,SUR,NO,1,161.0,20.46583850931677,24.9982577032632,0.0,4.0,10.0,27.0,131.0
2010-11-07,SUR,NO2,1,161.0,30.06832298136646,10.204854374023718,10.0,23.0,29.0,37.0,60.0
2010-11-07,SUR,NOX,1,161.0,50.49068322981366,30.644558654927298,9.0,30.0,45.0,62.0,166.0
2010-11-07,SUR,O3,1,161.0,25.049689440993788,24.605589111580944,1.0,3.0,16.0,43.0,106.0
2010-11-07,SUR,PM10,2,151.0,41.88741721854305,24.813851789234597,1.0,24.0,39.0,55.5,138.0
2010-11-07,SUR,SO2,1,161.0,7.403726708074534,14.454401960124287,0.0,0.0,0.0,9.0,111.0
2010-11-07,TAC,CO,15,157.0,0.8261146496815286,0.445942749116004,0.3,0.5,0.7,0.9,2.7
2010-11-07,TAC,NO,1,157.0,14.13375796178344,20.593157794925073,0.0,3.0,6.0,14.0,113.0
2010-11-07,TAC,NO2,1,157.0,26.471337579617835,10.587583747468942,11.0,20.0,25.0,32.0,80.0
2010-11-07,TAC,NOX,1,157.0,40.52229299363057,27.96966900862551,10.0,22.0,32.0,47.0,141.0
2010-11-07,TAC,O3,1,78.0,24.44871794871795,20.32696848242865,2.0,6.0,17.0,43.25,67.0
2010-11-07,TAC,SO2,1,157.0,11.337579617834395,15.225044372857486,1.0,3.0,5.0,14.0,105.0
2010-11-07,TAH,O3,1,83.0,31.03614457831325,24.5572729195881,1.0,8.5,28.0,50.0,88.0
2010-11-07,TAH,PM10,2,81.0,38.44444444444444,23.817010727629107,7.0,20.0,32.0,50.0,131.0
2010-11-07,TAH,SO2,1,83.0,1.4337349397590362,2.7238457886058445,0.0,0.0,0.0,2.0,14.0
2010-11-07,TAX,CO,15,161.0,1.5745341614906831,0.6092289700007694,0.4,1.2,1.5,1.9,4.1
2010-11-07,TAX,NO,1,161.0,45.41614906832298,32.330821016139375,0.0,25.0,40.0,59.0,170.0
2010-11-07,TAX,NO2,1,161.0,36.24844720496895,10.341682077822636,15.0,29.0,35.0,42.0,66.0
2010-11-07,TAX,NOX,1,161.0,81.64596273291926,36.90823247222227,16.0,59.0,76.0,98.0,223.0
2010-11-07,TAX,O3,1,90.0,19.18888888888889,18.552624481621326,1.0,3.25,13.5,30.0,79.0
2010-11-07,TAX,PM10,2,161.0,50.06211180124224,20.88351306682912,3.0,35.0,47.0,63.0,110.0
2010-11-07,TAX,SO2,1,161.0,11.968944099378882,14.94298429039881,3.0,4.0,5.0,13.0,79.0
2010-11-07,TLA,CO,15,159.0,0.9937106918238997,0.3972509226142497,0.4,0.8,0.9,1.1,2.5
2010-11-07,TLA,NO,1,157.0,24.019108280254777,28.488970276316884,0.0,8.0,13.0,24.0,145.0
2010-11-07,TLA,NO2,1,157.0,28.0,10.215624031794356,11.0,20.0,27.0,35.0,58.0
2010-11-07,TLA,NOX,1,157.0,51.78343949044586,35.53768647350223,10.0,29.0,41.0,60.0,188.0
2010-11-07,TLA,O3,1,153.0,20.555555555555557,18.34819971410105,0.0,4.0,15.0,35.0,62.0
2010-11-07,TLA,PM10,2,161.0,47.453416149068325,18.75165003091694,6.0,35.0,44.0,60.0,102.0
2010-11-07,TLA,PM2.5,2,160.0,18.09375,9.161580206863468,5.0,11.75,16.0,22.0,48.0
2010-11-07,TLA,SO2,1,159.0,15.163522012578616,19.573255524329998,3.0,5.0,8.0,18.0,133.0
2010-11-07,TLI,CO,15,161.0,0.2645962732919256,0.34157904244263115,0.0,0.0,0.1,0.4,1.6
2010-11-07,TLI,NO,1,161.0,15.993788819875776,22.198112784201363,0.0,2.0,6.0,20.0,99.0
2010-11-07,TLI,NO2,1,161.0,21.559006211180126,10.259656865909852,5.0,13.0,22.0,30.0,52.0
2010-11-07,TLI,NOX,1,161.0,37.56521739130435,29.064536511162466,6.0,15.0,27.0,51.0,134.0
2010-11-07,TLI,PM10,2,157.0,45.4203821656051,23.482707054814696,4.0,28.0,44.0,57.0,144.0
2010-11-07,TLI,SO2,1,161.0,9.372670807453416,16.8169631160684,0.0,1.0,4.0,12.0,166.0
2010-11-07,TPN,O3,1,158.0,29.962025316455698,20.33035635453889,4.0,15.0,22.5,42.75,97.0
2010-11-07,UIZ,CO,15,160.0,0.43750000000000017,0.5280496927254303,0.0,0.0,0.2,0.7,2.9
2010-11-07,UIZ,NO,1,160.0,15.1625,16.966073249559955,0.0,3.0,6.5,24.0,78.0
2010-11-07,UIZ,NO2,1,160.0,28.225,12.226864946301413,8.0,19.75,27.0,35.0,65.0
2010-11-07,UIZ,NOX,1,160.0,43.31875,25.86184189790437,8.0,23.0,36.5,60.0,116.0
2010-11-07,UIZ,O3,1,160.0,24.425,24.053020574184394,1.0,2.75,17.0,44.25,107.0
2010-11-07,UIZ,PM2.5,2,158.0,22.639240506329113,13.894607098650349,1.0,14.0,19.0,30.0,67.0
2010-11-07,UIZ,SO2,1,160.0,10.86875,17.165535851501474,1.0,2.0,4.0,9.25,107.0
2010-11-07,VAL,CO,15,0.0,,,,,,,
2010-11-07,VAL,SO2,1,0.0,,,,,,,
2010-11-07,VIF,CO,15,0.0,,,,,,,
2010-11-07,VIF,NO,1,0.0,,,,,,,
2010-11-07,VIF,NO2,1,0.0,,,,,,,
2010-11-07,VIF,NOX,1,0.0,,,,,,,
2010-11-07,VIF,PM10,2,0.0,,,,,,,
2010-11-07,VIF,SO2,1,0.0,,,,,,,
2010-11-07,XAL,CO,15,159.0,0.8220125786163521,0.48282499368230825,0.0,0.5,0.7,1.0,3.3
2010-11-07,XAL,NO,1,159.0,47.81132075471698,40.42435814937413,4.0,24.5,37.0,60.0,339.0
2010-11-07,XAL,NO2,1,159.0,39.0188679245283,12.758949055027015,17.0,30.0,38.0,45.0,112.0
2010-11-07,XAL,NOX,1,159.0,86.86163522012579,47.46317399749754,23.0,58.0,75.0,104.5,402.0
2010-11-07,XAL,O3,1,159.0,18.264150943396228,15.40074502151043,2.0,4.0,14.0,31.0,69.0
2010-11-07,XAL,PM10,2,157.0,74.46496815286625,37.83932438655625,1.0,47.0,70.0,100.0,218.0
2010-11-07,XAL,SO2,1,159.0,9.40251572327044,11.913251581803076,2.0,3.0,4.0,12.0,88.0
2010-11-14,ACO,O3,1,0.0,,,,,,,
2010-11-14,ACO,PM2.5,2,147.0,28.98639455782313,12.084171915541157,4.0,22.0,28.0,35.0,84.0
2010-11-14,ACO,SO2,1,150.0,5.38,6.978076887436813,0.0,2.0,3.0,5.0,49.0
2010-11-14,ARA,SO2,1,0.0,,,,,,,
2010-11-14,ATI,NO,1,158.0,27.29746835443038,37.926094657508926,2.0,4.25,8.0,33.75,190.0
2010-11-14,ATI,NO2,1,158.0,33.80379746835443,16.28623695485862,10.0,23.0,30.0,41.75,104.0
2010-11-14,ATI,NOX,1,158.0,61.04430379746835,47.70254769421216,13.0,27.0,41.0,76.25,234.0
2010-11-14,ATI,SO2,1,144.0,22.8125,23.31480179022508,3.0,9.0,14.0,27.0,123.0
2010-11-14,AZC,NO,1,161.0,31.987577639751553,42.58021658846392,0.0,3.0,16.0,43.0,217.0
2010-11-14,AZC,NO2,1,161.0,43.732919254658384,17.66025118874841,17.0,33.0,39.0,52.0,106.0
2010-11-14,AZC,NOX,1,161.0,75.59627329192547,52.65469813819889,18.0,39.0,58.0,96.0,263.0
2010-11-14,AZC,O3,1,161.0,25.683229813664596,34.35357011291704,1.0,1.0,6.0,46.0,165.0
2010-11-14,AZC,SO2,1,161.0,13.472049689440993,18.158008602198528,1.0,3.0,7.0,16.0,116.0
2010-11-14,CAM,PM2.5,2,158.0,34.88607594936709,13.533621583529271,10.0,26.0,32.5,43.0,87.0
2010-11-14,CES,NO,1,160.0,37.475,42.88157599422423,1.0,10.75,23.0,48.5,290.0
2010-11-14,CES,NO2,1,160.0,51.29375,18.88515335642253,21.0,39.0,47.0,59.0,137.0
2010-11-14,CES,NOX,1,160.0,88.64375,53.788819169136474,22.0,57.0,69.5,102.25,361.0
2010-11-14,CES,O3,1,161.0,24.58385093167702,30.776524943171214,0.0,1.0,9.0,43.0,113.0
2010-11-14,CES,PM10,2,159.0,83.28930817610063,38.18067406821361,7.0,57.0,77.0,106.5,207.0
2010-11-14,CES,SO2,1,161.0,9.472049689440993,7.986756312641289,4.0,5.0,7.0,11.0,62.0
2010-11-14,CHO,CO,15,37.0,1.108108108108108,1.0242553876348899,0.2,0.6,0.9,1.1,5.3
2010-11-14,CHO,O3,1,37.0,24.64864864864865,26.25856073763396,0.0,1.0,12.0,50.0,69.0
2010-11-14,CHO,SO2,1,37.0,5.45945945945946,6.296359594570831,0.0,2.0,3.0,6.0,24.0
2010-11-14,COY,O3,1,158.0,29.734177215189874,36.34099257966685,1.0,2.0,9.0,52.0,148.0
2010-11-14,COY,PM2.5,2,161.0,35.77639751552795,12.191685258445355,13.0,28.0,34.0,42.0,80.0
2010-11-14,CUA,O3,1,161.0,38.67701863354037,28.61546838784751,0.0,15.0,32.0,57.0,132.0
2010-11-14,FAC,CO,15,161.0,2.065217391304347,0.9847119419889506,0.6,1.3,1.8,2.6,5.6
2010-11-14,FAC,NO,1,161.0,44.77018633540373,55.89188765456094,0.0,8.0,20.0,63.0,287.0
2010-11-14,FAC,NO2,1,161.0,40.95031055900621,18.205013472336418,15.0,30.0,35.0,47.0,114.0
2010-11-14,FAC,NOX,1,161.0,85.63975155279503,64.33385119777836,16.0,38.0,61.0,114.0,325.0
2010-11-14,FAC,O3,1,161.0,26.304347826086957,30.643523679209295,1.0,4.0,12.0,43.0,152.0
2010-11-14,FAC,PM10,2,160.0,65.7875,30.400551861094872,10.0,44.0,65.5,87.0,144.0
2010-11-14,FAC,SO2,1,161.0,17.39751552795031,15.964522974045288,5.0,7.0,11.0,22.0,86.0
2010-11-14,IMP,CO,15,158.0,1.5759493670886073,0.9264981243856041,0.3,0.8250000000000001,1.4,2.0,4.5
2010-11-14,IZT,CO,15,154.0,1.2279220779220776,0.7416195625708715,0.0,0.7,1.0,1.6,3.8
2010-11-14,IZT,NO,1,154.0,39.577922077922075,49.81597277346331,0.0,4.0,17.0,56.75,233.0
2010-11-14,IZT,NO2,1,154.0,48.26623376623377,15.818018272294518,20.0,38.25,47.0,55.0,101.0
2010-11-14,IZT,NOX,1,154.0,87.5,56.602991906881186,16.0,49.0,65.0,113.5,295.0
2010-11-14,IZT,O3,1,154.0,26.837662337662337,37.81092811206433,0.0,0.0,4.0,46.5,148.0
2010-11-14,IZT,PM10,2,158.0,73.22151898734177,19.219358412948385,26.0,60.25,72.5,85.0,129.0
2010-11-14,IZT,SO2,1,154.0,14.337662337662337,11.870885336933572,2.0,8.0,10.0,17.0,90.0
2010-11-14,LAG,CO,15,155.0,1.3361290322580646,0.9377289414634428,0.0,0.7,1.1,1.8,4.9
2010-11-14,LAG,NO,1,155.0,56.561290322580646,54.63647084481395,1.0,16.0,42.0,77.0,267.0
2010-11-14,LAG,NO2,1,155.0,52.27741935483871,16.478453260802542,28.0,40.0,49.0,59.5,111.0
2010-11-14,LAG,NOX,1,155.0,108.8,62.28447514554363,31.0,64.5,94.0,139.5,326.0
2010-11-14,LAG,O3,1,155.0,23.24516129032258,33.315949523743456,0.0,1.0,4.0,39.0,145.0
2010-11-14,LAG,SO2,1,133.0,17.30075187969925,15.49192603124824,4.0,8.0,12.0,19.0,88.0
2010-11-14,LLA,SO2,1,0.0,,,,,,,
2010-11-14,LPR,SO2,1,0.0,,,,,,,
2010-11-14,LVI,PM10,2,160.0,86.99375,35.24746244044478,29.0,61.75,80.0,104.25,216.0
2010-11-14,LVI,SO2,1,159.0,11.672955974842766,13.080808657378983,2.0,5.0,7.0,13.0,84.0
2010-11-14,MER,CO,15,152.0,1.507894736842106,0.7364247187117848,0.4,1.0,1.3,1.8,4.9
2010-11-14,MER,NO,1,140.0,56.121428571428574,61.10875643516576,0.0,10.0,33.0,81.75,314.0
2010-11-14,MER,NO2,1,140.0,55.042857142857144,16.6292069610101,27.0,43.0,52.0,63.5,113.0
2010-11-14,MER,NOX,1,140.0,111.07857142857142,66.41942897004681,36.0,62.0,90.0,143.25,379.0
2010-11-14,MER,O3,1,152.0,25.99342105263158,35.81492099254633,0.0,0.75,7.0,46.5,149.0
2010-11-14,MER,PM10,2,139.0,108.97122302158273,34.50917593707068,57.0,86.5,101.0,122.0,296.0
2010-11-14,MER,PM2.5,2,139.0,46.66187050359712,18.602459692760803,14.0,35.0,43.0,56.5,140.0
2010-11-14,MER,SO2,1,152.0,12.171052631578947,11.935131688467145,3.0,5.0,8.0,13.0,86.0
2010-11-14,MON,O3,1,161.0,37.0,33.68605052540295,0.0,3.0,33.0,64.0,127.0
2010-11-14,PED,CO,15,156.0,0.5442307692307693,0.46728320964366804,0.0,0.1,0.5,0.8,2.0
2010-11-14,PED,NO,1,161.0,18.981366459627328,29.20241258220146,0.0,1.0,6.0,26.0,164.0
2010-11-14,PED,NO2,1,161.0,41.484472049689444,17.33749750903447,12.0,28.0,40.0,52.0,93.0
2010-11-14,PED,NOX,1,161.0,60.316770186335404,39.20497773884211,11.0,33.0,48.0,87.0,211.0
2010-11-14,PED,O3,1,161.0,30.58385093167702,33.4199713880434,0.0,3.0,17.0,52.0,132.0
2010-11-14,PED,PM10,2,161.0,58.82608695652174,22.906212371699333,6.0,45.0,62.0,77.0,102.0
2010-11-14,PED,SO2,1,161.0,8.527950310559007,8.144831268818004,1.0,3.0,5.0,11.0,40.0
2010-11-14,PER,PM2.5,2,160.0,44.95,17.573135586446217,4.0,33.0,44.5,57.25,99.0
2010-11-14,PLA,O3,1,160.0,25.825,33.49336740874764,1.0,2.0,7.0,44.0,152.0
2010-11-14,PLA,SO2,1,161.0,12.714285714285714,11.969455173183826,3.0,5.0,8.0,15.0,66.0
2010-11-14,SAG,CO,15,160.0,1.1625,0.7140767888521222,0.3,0.6749999999999999,1.0,1.4,4.0
2010-11-14,SAG,NO,1,160.0,39.55625,50.008143597824436,0.0,5.0,17.5,56.25,239.0
2010-11-14,SAG,NO2,1,160.0,31.425,11.912970575155818,12.0,22.75,31.0,38.25,72.0
2010-11-14,SAG,NOX,1,160.0,70.8375,54.605605662892515,12.0,29.0,58.0,94.0,274.0
2010-11-14,SAG,O3,1,160.0,26.9875,31.40584160299565,1.0,2.0,10.0,50.0,146.0
2010-11-14,SAG,PM10,2,160.0,100.15,34.442039545449596,39.0,79.0,91.0,114.25,257.0
2010-11-14,SAG,PM2.5,2,160.0,38.28125,17.933550257625157,15.0,27.0,35.0,45.0,184.0
2010-11-14,SAG,SO2,1,160.0,8.31875,9.705974218726896,1.0,3.0,4.0,9.25,83.0
2010-11-14,SJA,PM2.5,2,158.0,41.38607594936709,19.365319544594623,15.0,28.0,37.5,48.75,134.0
2010-11-14,SUR,CO,15,146.0,1.6541095890410964,0.6408105548582681,0.5,1.2,1.5,2.0,4.6
2010-11-14,SUR,NO,1,135.0,28.985185185185184,36.361777780534524,0.0,5.0,15.0,43.0,209.0
2010-11-14,SUR,NO2,1,135.0,44.614814814814814,11.703415233900419,12.0,37.5,44.0,52.0,75.0
2010-11-14,SUR,NOX,1,135.0,73.4962962962963,39.521555439900965,13.0,48.0,62.0,92.5,254.0
2010-11-14,SUR,O3,1,145.0,34.41379310344828,38.195510608595626,1.0,2.0,16.0,65.0,135.0
2010-11-14,SUR,PM10,2,143.0,69.95104895104895,32.17914832496538,2.0,53.0,66.0,83.0,239.0
2010-11-14,SUR,SO2,1,146.0,7.205479452054795,9.955707292783115,0.0,1.0,3.0,8.0,55.0
2010-11-14,TAC,CO,15,161.0,1.534782608695652,1.0547666133774105,0.5,0.8,1.1,1.9,4.9
2010-11-14,TAC,NO,1,161.0,36.54037267080745,51.758573418905655,0.0,3.0,10.0,50.0,225.0
2010-11-14,TAC,NO2,1,161.0,45.52795031055901,23.79628702965056,18.0,32.0,38.0,51.0,154.0
2010-11-14,TAC,NOX,1,161.0,82.07453416149069,67.20570593288853,17.0,36.0,53.0,109.0,293.0
2010-11-14,TAC,O3,1,161.0,29.062111801242235,34.18290681045752,0.0,4.0,12.0,49.0,160.0
2010-11-14,TAC,SO2,1,161.0,13.813664596273291,16.85756690960476,2.0,5.0,8.0,16.0,110.0
2010-11-14,TAH,O3,1,100.0,41.63,34.34779189527047,3.0,10.0,32.0,72.0,134.0
2010-11-14,TAH,PM10,2,101.0,78.79207920792079,25.750851182701968,32.0,62.0,74.0,94.0,164.0
2010-11-14,TAH,SO2,1,100.0,2.74,3.3139436057697496,0.0,0.0,2.0,4.0,17.0
2010-11-14,TAX,CO,15,154.0,2.1090909090909085,0.7528042247701906,0.6,1.6,2.1,2.6,4.4
2010-11-14,TAX,NO,1,134.0,54.24626865671642,43.36459117675713,4.0,22.0,41.0,80.25,196.0
2010-11-14,TAX,NO2,1,134.0,51.85820895522388,20.331520395191045,21.0,35.25,46.0,66.0,131.0
2010-11-14,TAX,NOX,1,134.0,106.09701492537313,51.42537763309611,27.0,62.25,101.0,137.75,286.0
2010-11-14,TAX,O3,1,78.0,29.512820512820515,32.86522797917595,1.0,3.0,13.0,57.25,110.0
2010-11-14,TAX,PM10,2,160.0,75.40625,25.75826102450026,15.0,59.75,74.0,90.25,156.0
2010-11-14,TAX,SO2,1,142.0,9.295774647887324,10.399664978506204,2.0,3.0,5.0,11.0,64.0
2010-11-14,TLA,CO,15,159.0,1.5559748427672953,0.6605129570657307,0.6,1.1,1.3,1.9,4.2
2010-11-14,TLA,NO,1,157.0,47.53503184713376,51.578484962789204,0.0,13.0,26.0,69.0,303.0
2010-11-14,TLA,NO2,1,157.0,45.92356687898089,17.60009520708292,21.0,34.0,42.0,52.0,122.0
2010-11-14,TLA,NOX,1,157.0,93.38853503184713,61.225586414623,29.0,49.0,68.0,123.0,361.0
2010-11-14,TLA,O3,1,153.0,22.0718954248366,27.308689713783956,1.0,2.0,7.0,39.0,126.0
2010-11-14,TLA,PM10,2,159.0,73.35849056603773,28.037109906058507,21.0,54.5,72.0,92.0,171.0
2010-11-14,TLA,PM2.5,2,159.0,29.89308176100629,14.326478625598421,3.0,20.0,27.0,37.0,83.0
2010-11-14,TLA,SO2,1,159.0,20.836477987421382,23.846522505769755,4.0,8.0,14.0,25.0,166.0
2010-11-14,TLI,CO,15,159.0,0.7962264150943393,0.7365577475665829,0.0,0.2,0.6,1.2,3.0
2010-11-14,TLI,NO,1,159.0,43.60377358490566,51.97528853773994,0.0,3.0,28.0,67.5,236.0
2010-11-14,TLI,NO2,1,159.0,34.75471698113208,15.004943059434172,9.0,24.0,35.0,44.5,83.0
2010-11-14,TLI,NOX,1,159.0,78.32075471698113,62.013404099713725,10.0,26.5,66.0,116.0,280.0
2010-11-14,TLI,PM10,2,158.0,86.98101265822785,34.12033249272128,8.0,61.25,85.0,106.0,199.0
2010-11-14,TLI,SO2,1,159.0,18.232704402515722,27.733860620519433,0.0,4.0,10.0,21.0,248.0
2010-11-14,TPN,O3,1,153.0,41.81699346405229,28.87938572491876,4.0,21.0,31.0,60.0,115.0
2010-11-14,UIZ,CO,15,160.0,0.986874999999999,0.8954898785812765,0.0,0.3,0.7,1.3,4.3
2010-11-14,UIZ,NO,1,160.0,31.375,41.39755864341785,0.0,2.0,13.0,43.25,196.0
2010-11-14,UIZ,NO2,1,160.0,41.90625,14.950146451818377,12.0,31.75,40.5,50.0,101.0
2010-11-14,UIZ,NOX,1,160.0,73.21875,50.00423527659917,11.0,38.75,57.5,95.0,246.0
2010-11-14,UIZ,O3,1,160.0,30.91875,36.37020894986175,1.0,2.0,11.5,56.75,126.0
2010-11-14,UIZ,PM2.5,2,160.0,38.95625,16.782870450731536,8.0,27.75,38.0,47.0,111.0
2010-11-14,UIZ,SO2,1,160.0,9.51875,8.65551184044745,2.0,5.0,6.5,12.0,64.0
2010-11-14,VAL,CO,15,0.0,,,,,,,
2010-11-14,VAL,SO2,1,0.0,,,,,,,
2010-11-14,VIF,CO,15,0.0,,,,,,,
2010-11-14,VIF,NO,1,0.0,,,,,,,
2010-11-14,VIF,NO2,1,0.0,,,,,,,
2010-11-14,VIF,NOX,1,0.0,,,,,,,
2010-11-14,VIF,PM10,2,0.0,,,,,,,
2010-11-14,VIF,SO2,1,0.0,,,,,,,
2010-11-14,XAL,CO,15,153.0,1.4784313725490192,0.8942757416855172,0.3,0.8,1.2,1.8,4.5
2010-11-14,XAL,NO,1,135.0,78.62222222222222,70.9725474219588,2.0,26.0,58.0,105.0,348.0
2010-11-14,XAL,NO2,1,135.0,49.837037037037035,18.688414244558842,16.0,38.0,47.0,57.0,111.0
2010-11-14,XAL,NOX,1,135.0,128.43703703703704,77.67206295888927,20.0,73.5,110.0,165.0,398.0
2010-11-14,XAL,O3,1,157.0,22.611464968152866,26.916454237836504,2.0,4.0,8.0,37.0,132.0
2010-11-14,XAL,PM10,2,159.0,119.06918238993711,48.66718795558768,34.0,83.0,109.0,151.0,258.0
2010-11-14,XAL,SO2,1,153.0,10.993464052287582,10.682312441864225,2.0,4.0,7.0,13.0,86.0
2010-11-21,ACO,O3,1,0.0,,,,,,,
2010-11-21,ACO,PM2.5,2,33.0,39.21212121212121,12.139186483650727,15.0,31.0,38.0,49.0,60.0
2010-11-21,ACO,SO2,1,34.0,3.2941176470588234,2.5646715397788995,1.0,2.0,3.0,3.0,14.0
2010-11-21,ARA,SO2,1,0.0,,,,,,,
2010-11-21,ATI,NO,1,161.0,14.055900621118013,26.34180338530494,0.0,3.0,4.0,9.0,182.0
2010-11-21,ATI,NO2,1,161.0,24.62111801242236,11.903226505541936,5.0,16.0,23.0,31.0,66.0
2010-11-21,ATI,NOX,1,161.0,38.66459627329193,34.049402362482596,8.0,19.0,26.0,44.0,217.0
2010-11-21,ATI,SO2,1,161.0,11.06832298136646,13.786825334174324,3.0,5.0,6.0,9.0,86.0
2010-11-21,AZC,NO,1,156.0,14.185897435897436,22.627361252561663,0.0,1.0,6.0,15.25,122.0
2010-11-21,AZC,NO2,1,156.0,35.19230769230769,12.202123233863523,11.0,28.0,34.0,40.25,77.0
2010-11-21,AZC,NOX,1,156.0,49.23076923076923,29.45457873466746,11.0,30.75,41.5,57.0,164.0
2010-11-21,AZC,O3,1,156.0,27.26923076923077,31.51309940712237,1.0,3.0,14.0,41.5,128.0
2010-11-21,AZC,SO2,1,156.0,7.493589743589744,11.512403854733149,0.0,3.0,5.0,7.0,74.0
2010-11-21,CAM,PM2.5,2,158.0,26.348101265822784,12.371596406516456,3.0,17.0,25.0,35.0,59.0
2010-11-21,CES,NO,1,156.0,23.294871794871796,29.032844126057885,0.0,4.0,15.5,33.25,217.0
2010-11-21,CES,NO2,1,156.0,36.98076923076923,13.173517498201996,15.0,27.0,35.0,44.0,88.0
2010-11-21,CES,NOX,1,156.0,60.16025641025641,37.85481548518895,15.0,35.75,53.0,73.5,301.0
2010-11-21,CES,O3,1,158.0,24.436708860759495,26.61387826845134,0.0,3.0,14.0,36.0,100.0
2010-11-21,CES,PM10,2,155.0,61.94838709677419,42.92242981411799,1.0,34.0,51.0,83.5,233.0
2010-11-21,CES,SO2,1,158.0,5.531645569620253,2.9054547558940107,3.0,4.0,5.0,6.0,20.0
2010-11-21,CHO,CO,15,120.0,1.1441666666666672,0.5989901632633663,0.4,0.7,1.0,1.325,4.0
2010-11-21,CHO,O3,1,120.0,29.975,29.654441899481906,0.0,2.0,25.0,49.0,114.0
2010-11-21,CHO,SO2,1,120.0,3.925,3.004653253949711,1.0,2.0,3.0,4.0,21.0
2010-11-21,COY,O3,1,160.0,31.325,32.79525774891258,1.0,4.75,19.5,46.25,114.0
2010-11-21,COY,PM2.5,2,157.0,24.62420382165605,11.5266769805786,3.0,16.0,24.0,33.0,62.0
2010-11-21,CUA,O3,1,158.0,42.265822784810126,25.723522091835697,3.0,27.0,36.0,48.0,136.0
2010-11-21,FAC,CO,15,153.0,1.1745098039215682,0.7446766705445056,0.3,0.6,0.9,1.6,4.2
2010-11-21,FAC,NO,1,155.0,20.019354838709678,29.304374693967475,0.0,3.0,9.0,20.0,188.0
2010-11-21,FAC,NO2,1,155.0,31.490322580645163,14.183568205431355,7.0,23.0,29.0,37.0,106.0
2010-11-21,FAC,NOX,1,155.0,51.4,37.75959497911771,9.0,28.0,38.0,60.5,226.0
2010-11-21,FAC,O3,1,155.0,28.051612903225806,24.978638548673672,1.0,9.0,21.0,38.0,100.0
2010-11-21,FAC,PM10,2,153.0,49.13725490196079,25.956456154472853,1.0,31.0,46.0,62.0,142.0
2010-11-21,FAC,SO2,1,155.0,8.780645161290323,12.440127242710586,3.0,4.0,5.0,8.0,95.0
2010-11-21,IMP,CO,15,157.0,1.3433121019108276,0.7069502834358585,0.3,0.9,1.2,1.6,3.7
2010-11-21,IZT,CO,15,151.0,1.044370860927152,0.6207131126469944,0.1,0.6,0.9,1.3,3.1
2010-11-21,IZT,NO,1,147.0,20.639455782312925,32.08719831322469,0.0,2.0,7.0,26.0,162.0
2010-11-21,IZT,NO2,1,147.0,34.97959183673469,14.07682900729972,6.0,25.0,33.0,42.0,88.0
2010-11-21,IZT,NOX,1,147.0,55.27210884353742,40.65568046093309,4.0,28.5,40.0,70.0,203.0
2010-11-21,IZT,O3,1,151.0,28.397350993377483,32.121867830747036,0.0,2.5,15.0,52.0,107.0
2010-11-21,IZT,PM10,2,149.0,50.52348993288591,18.05494013874733,2.0,42.0,49.0,62.0,94.0
2010-11-21,IZT,SO2,1,149.0,4.597315436241611,5.773798533130426,0.0,2.0,3.0,5.0,39.0
2010-11-21,LAG,CO,15,159.0,1.0194968553459116,0.7140079412583041,0.0,0.6,0.9,1.2,4.3
2010-11-21,LAG,NO,1,159.0,28.836477987421382,36.477819550549995,1.0,8.0,17.0,35.0,256.0
2010-11-21,LAG,NO2,1,159.0,41.0125786163522,12.476807558544676,14.0,32.0,39.0,48.0,79.0
2010-11-21,LAG,NOX,1,159.0,69.84276729559748,42.60319334783306,19.0,43.5,59.0,81.0,311.0
2010-11-21,LAG,O3,1,159.0,24.30817610062893,29.480083318659762,0.0,2.0,11.0,35.0,109.0
2010-11-21,LAG,SO2,1,159.0,6.081761006289308,2.9638508850991108,3.0,4.0,6.0,7.0,22.0
2010-11-21,LLA,SO2,1,0.0,,,,,,,
2010-11-21,LPR,SO2,1,0.0,,,,,,,
2010-11-21,LVI,PM10,2,150.0,58.54666666666667,30.231897166138644,4.0,39.25,55.0,72.75,160.0
2010-11-21,LVI,SO2,1,153.0,5.065359477124183,3.7163812382590606,1.0,3.0,4.0,6.0,29.0
2010-11-21,MER,CO,15,155.0,1.1490322580645158,0.601768793450476,0.3,0.8,1.0,1.3,4.0
2010-11-21,MER,NO,1,148.0,31.405405405405407,41.63509081183032,1.0,5.0,18.0,36.0,248.0
2010-11-21,MER,NO2,1,148.0,44.37837837837838,12.5862495996666,18.0,36.75,43.0,51.0,92.0
2010-11-21,MER,NOX,1,148.0,75.74324324324324,47.374771784724366,18.0,48.5,63.5,85.25,300.0
2010-11-21,MER,O3,1,155.0,24.283870967741937,29.927999060669755,0.0,1.0,12.0,34.0,111.0
2010-11-21,MER,PM10,2,159.0,72.81132075471699,28.494096615184212,8.0,56.0,69.0,88.5,194.0
2010-11-21,MER,PM2.5,2,159.0,30.050314465408807,13.180729480848964,2.0,20.5,29.0,37.5,72.0
2010-11-21,MER,SO2,1,155.0,5.380645161290323,5.012025755966017,1.0,3.0,4.0,5.5,31.0
2010-11-21,MON,O3,1,159.0,33.471698113207545,28.47579725620762,0.0,4.0,32.0,53.0,94.0
2010-11-21,PED,CO,15,161.0,0.2540372670807454,0.3098374147879568,0.0,0.0,0.1,0.4,1.7
2010-11-21,PED,NO,1,161.0,6.173913043478261,12.41902030022461,0.0,0.0,2.0,6.0,96.0
2010-11-21,PED,NO2,1,161.0,29.490683229813666,13.183852819084391,9.0,19.0,28.0,37.0,64.0
2010-11-21,PED,NOX,1,161.0,35.484472049689444,21.85580746336719,8.0,20.0,32.0,45.0,136.0
2010-11-21,PED,O3,1,161.0,34.857142857142854,31.210146015129666,0.0,12.0,25.0,48.0,113.0
2010-11-21,PED,PM10,2,160.0,42.3625,19.7797582512524,2.0,27.75,43.5,57.0,95.0
2010-11-21,PED,SO2,1,161.0,3.329192546583851,5.2782293403132945,0.0,1.0,2.0,3.0,35.0
2010-11-21,PER,PM2.5,2,157.0,34.961783439490446,15.002514896150277,1.0,24.0,34.0,42.0,89.0
2010-11-21,PLA,O3,1,160.0,28.99375,31.27449920165734,0.0,5.0,16.0,40.25,116.0
2010-11-21,PLA,SO2,1,160.0,5.6125,6.0240477208764025,2.0,3.0,4.0,6.0,47.0
2010-11-21,SAG,CO,15,131.0,0.986259541984733,0.6675746410331646,0.2,0.6,0.8,1.15,3.7
2010-11-21,SAG,NO,1,111.0,26.18918918918919,41.279647970995775,0.0,3.0,8.0,31.5,207.0
2010-11-21,SAG,NO2,1,111.0,27.504504504504503,9.625603994152899,6.0,22.0,28.0,33.5,56.0
2010-11-21,SAG,NOX,1,111.0,53.54054054054054,45.03408482548297,8.0,26.0,40.0,62.0,238.0
2010-11-21,SAG,O3,1,135.0,29.074074074074073,28.81791255494268,1.0,4.0,19.0,46.0,112.0
2010-11-21,SAG,PM10,2,138.0,77.3623188405797,26.46687560088612,38.0,59.0,72.0,89.0,166.0
2010-11-21,SAG,PM2.5,2,136.0,32.4264705882353,13.737018034785326,11.0,23.0,30.0,39.0,89.0
2010-11-21,SAG,SO2,1,131.0,3.9389312977099236,4.0908071898433995,1.0,2.0,3.0,4.0,34.0
2010-11-21,SJA,PM2.5,2,138.0,27.717391304347824,14.296132461753823,3.0,16.0,29.0,35.0,98.0
2010-11-21,SUR,CO,15,159.0,1.7119496855345915,0.6230147995757463,0.8,1.3,1.6,2.0,4.0
2010-11-21,SUR,NO,1,159.0,16.465408805031448,24.8832158047853,0.0,2.0,8.0,16.5,157.0
2010-11-21,SUR,NO2,1,159.0,31.572327044025158,11.760510580223768,9.0,23.0,32.0,37.5,74.0
2010-11-21,SUR,NOX,1,159.0,47.9622641509434,30.744122993486798,9.0,26.5,41.0,58.5,189.0
2010-11-21,SUR,O3,1,159.0,35.22641509433962,34.991305344690126,1.0,6.0,22.0,58.5,126.0
2010-11-21,SUR,PM10,2,156.0,50.68589743589744,24.173780647683476,2.0,35.75,50.0,63.0,141.0
2010-11-21,SUR,SO2,1,159.0,3.591194968553459,5.674965941433507,0.0,1.0,2.0,3.0,41.0
2010-11-21,TAC,CO,15,158.0,1.0734177215189873,0.6731821685403105,0.2,0.625,0.9,1.2,4.4
2010-11-21,TAC,NO,1,158.0,14.177215189873417,29.428856021220565,0.0,1.0,4.0,12.0,203.0
2010-11-21,TAC,NO2,1,158.0,34.848101265822784,15.403770410800748,8.0,25.0,32.0,40.75,92.0
2010-11-21,TAC,NOX,1,158.0,48.74050632911393,38.49744476254472,8.0,27.0,36.0,58.75,250.0
2010-11-21,TAC,O3,1,158.0,32.89873417721519,32.363026374158714,1.0,9.0,21.0,46.5,136.0
2010-11-21,TAC,SO2,1,155.0,6.006451612903226,11.440697902489175,1.0,2.0,3.0,5.0,82.0
2010-11-21,TAH,O3,1,158.0,38.5,29.57377690209313,2.0,15.0,28.0,62.0,123.0
2010-11-21,TAH,PM10,2,158.0,56.98101265822785,31.28428748675569,5.0,39.25,55.0,68.0,301.0
2010-11-21,TAH,SO2,1,158.0,1.1139240506329113,3.408447137962409,0.0,0.0,0.0,0.75,21.0
2010-11-21,TAX,CO,15,159.0,1.762893081761006,0.7863997002136631,0.4,1.3,1.7,2.1,4.5
2010-11-21,TAX,NO,1,159.0,41.522012578616355,36.29761586444596,4.0,17.0,28.0,56.0,215.0
2010-11-21,TAX,NO2,1,159.0,36.9622641509434,14.140742282834006,12.0,28.0,34.0,43.0,88.0
2010-11-21,TAX,NOX,1,159.0,78.45283018867924,42.36530376922043,17.0,50.0,68.0,100.0,244.0
2010-11-21,TAX,O3,1,153.0,24.084967320261438,23.934655482336396,2.0,5.0,15.0,36.0,92.0
2010-11-21,TAX,PM10,2,160.0,54.45625,27.0647597172681,2.0,35.75,52.0,69.0,128.0
2010-11-21,TAX,SO2,1,148.0,4.486486486486487,5.484035564677355,0.0,1.0,3.0,5.0,42.0
2010-11-21,TLA,CO,15,158.0,1.3373417721518983,0.5324482783069154,0.6,1.1,1.2,1.5,4.3
2010-11-21,TLA,NO,1,157.0,26.006369426751593,34.50817383946075,0.0,8.0,16.0,26.0,225.0
2010-11-21,TLA,NO2,1,157.0,35.968152866242036,13.099432548957498,8.0,27.0,34.0,42.0,88.0
2010-11-21,TLA,NOX,1,157.0,61.87261146496815,42.80122903139668,12.0,39.0,51.0,67.0,298.0
2010-11-21,TLA,O3,1,159.0,23.12578616352201,23.735286485236763,1.0,3.5,13.0,35.5,86.0
2010-11-21,TLA,PM10,2,160.0,58.6625,25.427882358896156,6.0,44.0,55.0,70.25,142.0
2010-11-21,TLA,PM2.5,2,160.0,24.0375,11.358031264873164,2.0,16.0,24.0,31.0,58.0
2010-11-21,TLA,SO2,1,159.0,10.220125786163521,13.147482696314931,3.0,4.5,6.0,8.0,81.0
2010-11-21,TLI,CO,15,161.0,0.5465838509316772,0.5807356386408338,0.0,0.1,0.4,0.8,3.0
2010-11-21,TLI,NO,1,161.0,21.832298136645964,31.811797344861848,0.0,2.0,7.0,27.0,188.0
2010-11-21,TLI,NO2,1,161.0,30.509316770186334,13.263256581823317,10.0,20.0,32.0,38.0,80.0
2010-11-21,TLI,NOX,1,161.0,52.254658385093165,40.478741257465245,10.0,22.0,40.0,68.0,224.0
2010-11-21,TLI,PM10,2,160.0,68.96875,36.08156759954107,4.0,43.75,62.0,88.0,216.0
2010-11-21,TLI,SO2,1,161.0,6.049689440993789,14.02399784397981,0.0,1.0,2.0,4.0,110.0
2010-11-21,TPN,O3,1,158.0,42.44303797468354,26.315695752558458,6.0,22.25,32.0,59.0,116.0
2010-11-21,UIZ,CO,15,160.0,0.6806249999999999,0.7614531684043064,0.0,0.2,0.4,0.925,4.3
2010-11-21,UIZ,NO,1,160.0,19.13125,30.744866498941512,0.0,1.0,5.0,26.25,190.0
2010-11-21,UIZ,NO2,1,160.0,30.70625,12.083877129381424,10.0,21.0,30.0,38.0,70.0
2010-11-21,UIZ,NOX,1,160.0,49.80625,38.4837622990765,11.0,22.0,38.0,70.5,233.0
2010-11-21,UIZ,O3,1,160.0,29.95,31.434027950734336,1.0,3.0,18.5,53.25,111.0
2010-11-21,UIZ,PM2.5,2,158.0,26.955696202531644,13.704499673306366,1.0,18.0,27.0,35.0,73.0
2010-11-21,UIZ,SO2,1,160.0,4.51875,3.5323694098718983,1.0,3.0,3.0,5.0,21.0
2010-11-21,VAL,CO,15,0.0,,,,,,,
2010-11-21,VAL,SO2,1,0.0,,,,,,,
2010-11-21,VIF,CO,15,0.0,,,,,,,
2010-11-21,VIF,NO,1,0.0,,,,,,,
2010-11-21,VIF,NO2,1,0.0,,,,,,,
2010-11-21,VIF,NOX,1,0.0,,,,,,,
2010-11-21,VIF,PM10,2,0.0,,,,,,,
2010-11-21,VIF,SO2,1,0.0,,,,,,,
2010-11-21,XAL,CO,15,160.0,1.0818750000000001,0.7255335815711228,0.1,0.7,0.9,1.4,4.8
2010-11-21,XAL,NO,1,160.0,47.74375,46.121557583188476,4.0,16.75,34.0,58.5,288.0
2010-11-21,XAL,NO2,1,160.0,36.96875,13.08771658738445,12.0,29.0,35.5,43.0,83.0
2010-11-21,XAL,NOX,1,160.0,84.6625,52.16976250182527,16.0,50.0,73.0,107.0,335.0
2010-11-21,XAL,O3,1,160.0,23.9,22.70378019670129,2.0,4.0,15.0,35.75,87.0
2010-11-21,XAL,PM10,2,160.0,86.3375,49.77103392144935,3.0,56.0,80.0,107.0,328.0
2010-11-21,XAL,SO2,1,160.0,4.275,4.19486058718427,0.0,2.0,3.0,5.0,26.0
2010-11-28,ACO,O3,1,55.0,36.27272727272727,29.359492468021273,1.0,6.0,30.0,62.5,87.0
2010-11-28,ACO,PM2.5,2,69.0,35.17391304347826,12.792411033544493,13.0,26.0,36.0,42.0,97.0
2010-11-28,ACO,SO2,1,55.0,2.8545454545454545,5.495513934171523,0.0,0.0,1.0,2.0,23.0
2010-11-28,ARA,SO2,1,0.0,,,,,,,
2010-11-28,ATI,NO,1,157.0,19.987261146496817,34.31023381403388,0.0,2.0,5.0,18.0,196.0
2010-11-28,ATI,NO2,1,157.0,30.764331210191084,13.007956208033196,9.0,22.0,30.0,39.0,73.0
2010-11-28,ATI,NOX,1,157.0,50.68789808917197,42.23436647541065,9.0,25.0,38.0,59.0,230.0
2010-11-28,ATI,SO2,1,158.0,9.544303797468354,9.742280914154755,1.0,4.0,6.5,10.75,59.0
2010-11-28,AZC,NO,1,161.0,24.782608695652176,40.152318683385836,0.0,1.0,9.0,26.0,191.0
2010-11-28,AZC,NO2,1,161.0,41.03105590062112,15.675387698653763,15.0,31.0,38.0,48.0,102.0
2010-11-28,AZC,NOX,1,161.0,65.64596273291926,48.55195798547781,14.0,33.0,48.0,84.0,238.0
2010-11-28,AZC,O3,1,161.0,29.900621118012424,35.45969630597252,0.0,2.0,11.0,52.0,120.0
2010-11-28,AZC,SO2,1,161.0,9.378881987577639,7.6345793101018975,4.0,5.0,7.0,10.0,61.0
2010-11-28,CAM,PM2.5,2,147.0,36.82312925170068,15.179158693216978,8.0,26.5,35.0,45.5,87.0
2010-11-28,CES,NO,1,155.0,32.44516129032258,41.16219768965996,0.0,6.5,17.0,40.5,209.0
2010-11-28,CES,NO2,1,155.0,36.95483870967742,14.834735447102009,7.0,27.5,34.0,45.0,88.0
2010-11-28,CES,NOX,1,155.0,69.14193548387097,49.136232394149985,9.0,36.0,52.0,88.5,265.0
2010-11-28,CES,O3,1,156.0,22.82051282051282,26.150306771650847,0.0,1.75,12.5,37.75,92.0
2010-11-28,CES,PM10,2,158.0,77.5632911392405,35.20032453967061,25.0,53.25,68.5,94.0,194.0
2010-11-28,CES,SO2,1,156.0,5.141025641025641,2.0742623032211016,2.0,4.0,5.0,6.0,14.0
2010-11-28,CHO,CO,15,159.0,1.3440251572327047,0.8481246023640989,0.4,0.9,1.1,1.4,5.2
2010-11-28,CHO,O3,1,159.0,34.42767295597484,30.90009608757681,0.0,2.0,29.0,65.0,99.0
2010-11-28,CHO,SO2,1,159.0,4.459119496855346,2.874466683313315,1.0,3.0,4.0,5.0,24.0
2010-11-28,COY,O3,1,158.0,32.575949367088604,36.17742800232849,1.0,3.0,14.0,64.25,121.0
2010-11-28,COY,PM2.5,2,155.0,34.16774193548387,13.11924300696604,9.0,24.0,32.0,42.0,68.0
2010-11-28,CUA,O3,1,157.0,41.254777070063696,27.827284263276837,0.0,21.0,36.0,59.0,123.0
2010-11-28,FAC,CO,15,160.0,1.1981250000000003,0.9508997311715569,0.2,0.5,0.9,1.5,4.9
2010-11-28,FAC,NO,1,160.0,37.54375,55.3671390490604,0.0,5.0,14.0,46.25,271.0
2010-11-28,FAC,NO2,1,160.0,40.20625,17.34630509112719,9.0,27.75,37.5,49.0,119.0
2010-11-28,FAC,NOX,1,160.0,77.69375,63.49496061566546,9.0,33.75,55.5,90.75,317.0
2010-11-28,FAC,O3,1,160.0,29.075,29.323086403487856,1.0,4.75,19.0,50.25,107.0
2010-11-28,FAC,PM10,2,158.0,68.81012658227849,29.19845382407018,18.0,49.25,63.5,87.5,176.0
2010-11-28,FAC,SO2,1,160.0,10.68125,8.486298149918383,4.0,6.0,8.0,11.25,54.0
2010-11-28,IMP,CO,15,160.0,1.845000000000001,0.9992953492179139,0.6,1.1,1.6,2.2,5.4
2010-11-28,IZT,CO,15,154.0,1.3896103896103895,0.8011567479546755,0.4,0.8,1.15,1.6,4.9
2010-11-28,IZT,NO,1,130.0,25.015384615384615,37.24463118593749,0.0,6.0,11.0,24.75,201.0
2010-11-28,IZT,NO2,1,130.0,42.60769230769231,15.043346235166668,15.0,32.25,41.0,51.75,86.0
2010-11-28,IZT,NOX,1,130.0,67.52307692307693,44.857952443640336,17.0,40.25,56.0,77.75,262.0
2010-11-28,IZT,O3,1,151.0,26.933774834437084,33.986402942779364,0.0,0.5,8.0,51.5,119.0
2010-11-28,IZT,PM10,2,157.0,67.97452229299363,23.47228290290868,27.0,52.0,65.0,80.0,237.0
2010-11-28,IZT,SO2,1,154.0,5.201298701298701,5.849283370585669,1.0,2.0,4.0,6.0,53.0
2010-11-28,LAG,CO,15,156.0,1.548076923076923,1.0047931036494229,0.2,0.875,1.3,1.9,4.9
2010-11-28,LAG,NO,1,156.0,43.59615384615385,55.52759021814509,2.0,11.0,23.5,48.5,282.0
2010-11-28,LAG,NO2,1,156.0,49.80128205128205,17.147714931675246,20.0,39.0,47.0,56.25,110.0
2010-11-28,LAG,NOX,1,156.0,93.33333333333333,64.75146861787805,24.0,53.0,74.0,104.0,340.0
2010-11-28,LAG,O3,1,156.0,23.955128205128204,30.258742900506313,0.0,2.0,7.0,42.25,100.0
2010-11-28,LAG,SO2,1,156.0,7.07051282051282,5.359480210096425,3.0,5.0,6.0,7.0,57.0
2010-11-28,LLA,SO2,1,0.0,,,,,,,
2010-11-28,LPR,SO2,1,0.0,,,,,,,
2010-11-28,LVI,PM10,2,161.0,86.98757763975155,41.23120595762992,21.0,57.0,77.0,111.0,222.0
2010-11-28,LVI,SO2,1,158.0,6.677215189873418,5.678509030273842,2.0,4.0,5.0,7.0,58.0
2010-11-28,MER,CO,15,158.0,1.3202531645569617,0.6713195954191593,0.5,0.8,1.15,1.6,4.1
2010-11-28,MER,NO,1,156.0,37.205128205128204,50.64865924394508,0.0,6.0,19.5,42.25,260.0
2010-11-28,MER,NO2,1,156.0,51.032051282051285,18.46825344862135,18.0,37.75,48.5,59.25,132.0
2010-11-28,MER,NOX,1,156.0,88.16666666666667,61.91157412594747,18.0,47.0,69.0,100.5,334.0
2010-11-28,MER,O3,1,159.0,26.10062893081761,32.48801044057259,0.0,1.0,9.0,51.0,107.0
2010-11-28,MER,PM10,2,157.0,95.26114649681529,39.594765663000054,41.0,70.0,88.0,110.0,296.0
2010-11-28,MER,PM2.5,2,160.0,41.39375,22.311149277333776,15.0,28.0,36.0,50.25,175.0
2010-11-28,MER,SO2,1,159.0,6.415094339622642,6.622078421283311,2.0,4.0,5.0,7.0,64.0
2010-11-28,MON,O3,1,157.0,34.72611464968153,31.962640745048386,0.0,2.0,30.0,63.0,103.0
2010-11-28,PED,CO,15,147.0,0.3394557823129252,0.38223528276124497,0.0,0.0,0.2,0.5,2.1
2010-11-28,PED,NO,1,148.0,10.85135135135135,21.31664893858672,0.0,0.0,1.5,9.75,126.0
2010-11-28,PED,NO2,1,148.0,31.64189189189189,13.980555075029038,10.0,21.0,31.5,39.5,78.0
2010-11-28,PED,NOX,1,148.0,42.229729729729726,30.69226111650076,9.0,20.75,35.0,56.0,177.0
2010-11-28,PED,O3,1,148.0,34.92567567567568,34.15333396066615,0.0,7.0,22.0,55.25,121.0
2010-11-28,PED,PM10,2,31.0,44.03225806451613,20.418102868072314,17.0,23.5,45.0,63.5,77.0
2010-11-28,PED,SO2,1,148.0,3.668918918918919,3.031329636897117,1.0,2.0,3.0,5.0,19.0
2010-11-28,PER,PM2.5,2,152.0,51.71052631578947,42.246302644591,7.0,32.0,42.0,58.0,378.0
2010-11-28,PLA,O3,1,161.0,30.093167701863354,33.73273655557685,0.0,3.0,13.0,55.0,110.0
2010-11-28,PLA,SO2,1,161.0,6.838509316770186,3.5300506744202926,3.0,5.0,6.0,8.0,23.0
2010-11-28,SAG,CO,15,158.0,1.0987341772151895,0.7241060679748375,0.2,0.6,0.9,1.3,3.5
2010-11-28,SAG,NO,1,158.0,31.39873417721519,47.70756724996339,0.0,1.0,8.5,36.5,210.0
2010-11-28,SAG,NO2,1,158.0,31.27848101265823,12.451625334636418,10.0,22.0,31.0,38.0,71.0
2010-11-28,SAG,NOX,1,158.0,62.4746835443038,53.276313658444636,10.0,26.0,46.5,79.75,245.0
2010-11-28,SAG,O3,1,158.0,28.670886075949365,30.039770461855266,2.0,3.0,15.5,50.75,111.0
2010-11-28,SAG,PM10,2,154.0,98.6948051948052,36.113533378763385,37.0,76.0,91.5,114.75,263.0
2010-11-28,SAG,PM2.5,2,155.0,38.42580645161291,13.302157029993577,14.0,28.0,39.0,48.5,79.0
2010-11-28,SAG,SO2,1,158.0,4.265822784810126,3.0773835389989577,1.0,2.0,4.0,5.0,24.0
2010-11-28,SJA,PM2.5,2,148.0,35.817567567567565,17.492870136362658,2.0,25.0,33.0,43.0,172.0
2010-11-28,SUR,CO,15,159.0,1.6974842767295606,0.8926528295582237,0.2,1.1,1.6,1.95,5.0
2010-11-28,SUR,NO,1,159.0,24.144654088050313,41.65847224572621,0.0,2.0,6.0,25.5,208.0
2010-11-28,SUR,NO2,1,159.0,36.270440251572325,13.202744984335927,11.0,29.0,36.0,43.0,96.0
2010-11-28,SUR,NOX,1,159.0,60.283018867924525,48.119857223221125,10.0,32.0,43.0,70.0,257.0
2010-11-28,SUR,O3,1,159.0,35.57861635220126,37.32959318271933,1.0,3.0,18.0,70.5,122.0
2010-11-28,SUR,PM10,2,158.0,66.51898734177215,30.53591839692705,2.0,45.0,63.5,81.0,174.0
2010-11-28,SUR,SO2,1,159.0,3.4779874213836477,3.135820967319607,1.0,2.0,3.0,4.0,25.0
2010-11-28,TAC,CO,15,161.0,1.2863354037267083,0.8915924583582129,0.1,0.7,1.0,1.5,4.4
2010-11-28,TAC,NO,1,161.0,23.571428571428573,38.228051592664606,0.0,0.0,6.0,31.0,201.0
2010-11-28,TAC,NO2,1,161.0,40.900621118012424,21.59895974605724,13.0,28.0,36.0,47.0,124.0
2010-11-28,TAC,NOX,1,161.0,64.03726708074534,53.80530738212052,11.0,28.0,41.0,78.0,254.0
2010-11-28,TAC,O3,1,161.0,33.56521739130435,34.68749461417897,0.0,5.0,20.0,55.0,116.0
2010-11-28,TAC,SO2,1,160.0,6.8375,7.175155861388667,1.0,3.0,5.0,7.0,44.0
2010-11-28,TAH,O3,1,161.0,40.409937888198755,30.69231826729806,2.0,12.0,30.0,70.0,108.0
2010-11-28,TAH,PM10,2,161.0,67.57142857142857,35.23434302738492,5.0,43.0,65.0,86.0,195.0
2010-11-28,TAH,SO2,1,161.0,1.0683229813664596,1.8611966030033107,0.0,0.0,0.0,2.0,8.0
2010-11-28,TAX,CO,15,159.0,1.9383647798742147,0.8580076083385757,0.5,1.3,1.7,2.5,4.4
2010-11-28,TAX,NO,1,159.0,39.62893081761006,38.25870521592413,1.0,12.0,26.0,56.5,167.0
2010-11-28,TAX,NO2,1,159.0,39.465408805031444,15.803692836439511,14.0,29.0,38.0,45.5,99.0
2010-11-28,TAX,NOX,1,159.0,79.11949685534591,45.165429366627585,20.0,44.0,69.0,103.0,196.0
2010-11-28,TAX,O3,1,158.0,27.354430379746834,25.00498700561897,3.0,5.25,17.5,44.0,94.0
2010-11-28,TAX,PM10,2,157.0,68.10191082802548,29.479498463485843,20.0,49.0,62.0,84.0,197.0
2010-11-28,TAX,SO2,1,159.0,2.811320754716981,3.1706123102299553,0.0,0.0,2.0,5.0,14.0
2010-11-28,TLA,CO,15,155.0,1.471612903225806,0.7304823916479782,0.4,1.0,1.3,1.8,4.4
2010-11-28,TLA,NO,1,152.0,41.01973684210526,50.302327095161026,1.0,9.0,21.5,48.0,244.0
2010-11-28,TLA,NO2,1,152.0,44.151315789473685,14.469772040118466,19.0,33.0,41.5,52.25,87.0
2010-11-28,TLA,NOX,1,152.0,85.10526315789474,57.74930496353483,19.0,45.0,66.5,104.0,316.0
2010-11-28,TLA,O3,1,97.0,22.649484536082475,27.92028878384312,1.0,2.0,6.0,36.0,96.0
2010-11-28,TLA,PM10,2,149.0,80.70469798657719,28.922660935979454,32.0,64.0,77.0,92.0,176.0
2010-11-28,TLA,PM2.5,2,149.0,33.77852348993289,14.51366813283439,12.0,23.0,32.0,40.0,88.0
2010-11-28,TLA,SO2,1,155.0,12.154838709677419,9.451270742214914,4.0,7.0,9.0,14.0,57.0
2010-11-28,TLI,CO,15,158.0,0.7158227848101262,0.7278379248348249,0.0,0.2,0.5,1.1,3.1
2010-11-28,TLI,NO,1,161.0,32.01242236024845,44.285718292927115,0.0,1.0,12.0,45.0,206.0
2010-11-28,TLI,NO2,1,161.0,34.80124223602485,15.022824250027186,10.0,23.0,34.0,44.0,78.0
2010-11-28,TLI,NOX,1,161.0,66.77639751552795,54.77693117947549,10.0,24.0,49.0,93.0,265.0
2010-11-28,TLI,PM10,2,161.0,92.73913043478261,50.05853095866007,13.0,55.0,85.0,119.0,326.0
2010-11-28,TLI,SO2,1,161.0,5.366459627329193,5.682967359788579,0.0,1.0,4.0,8.0,30.0
2010-11-28,TPN,O3,1,142.0,48.61971830985915,29.14325886905479,7.0,26.0,37.5,69.75,122.0
2010-11-28,UIZ,CO,15,156.0,1.3878205128205126,0.9037800866338364,0.2,0.8,1.1,1.7,4.5
2010-11-28,UIZ,NO,1,156.0,26.557692307692307,46.33110017766095,0.0,0.0,4.5,27.0,233.0
2010-11-28,UIZ,NO2,1,156.0,30.564102564102566,14.881111425358286,3.0,20.0,31.0,40.0,73.0
2010-11-28,UIZ,NOX,1,156.0,56.98076923076923,53.696695537644885,4.0,22.5,39.0,73.25,264.0
2010-11-28,UIZ,O3,1,155.0,32.34193548387097,32.08560763035038,1.0,5.0,17.0,61.0,110.0
2010-11-28,UIZ,PM2.5,2,159.0,35.64779874213836,20.7843473129435,1.0,25.5,33.0,45.0,173.0
2010-11-28,UIZ,SO2,1,156.0,6.987179487179487,2.612592778379559,2.0,5.0,6.0,8.0,17.0
2010-11-28,VAL,CO,15,0.0,,,,,,,
2010-11-28,VAL,SO2,1,0.0,,,,,,,
2010-11-28,VIF,CO,15,0.0,,,,,,,
2010-11-28,VIF,NO,1,0.0,,,,,,,
2010-11-28,VIF,NO2,1,0.0,,,,,,,
2010-11-28,VIF,NOX,1,0.0,,,,,,,
2010-11-28,VIF,PM10,2,0.0,,,,,,,
2010-11-28,VIF,SO2,1,0.0,,,,,,,
2010-11-28,XAL,CO,15,154.0,1.508441558441558,0.9954111246212689,0.4,0.8,1.2,1.8,5.2
2010-11-28,XAL,NO,1,154.0,68.6038961038961,73.96390382942535,0.0,15.25,41.5,100.5,332.0
2010-11-28,XAL,NO2,1,154.0,45.05844155844156,16.648710724774336,15.0,34.25,43.0,52.0,122.0
2010-11-28,XAL,NOX,1,154.0,113.63636363636364,81.49829126736887,17.0,53.0,86.0,156.5,388.0
2010-11-28,XAL,O3,1,154.0,21.551948051948052,25.67036953371111,0.0,2.0,8.0,36.75,96.0
2010-11-28,XAL,PM10,2,156.0,121.12179487179488,61.451721721723175,20.0,79.0,103.0,149.0,402.0
2010-11-28,XAL,SO2,1,154.0,6.525974025974026,4.991755362003649,1.0,3.0,5.0,8.0,27.0
2010-12-05,ACO,O3,1,160.0,29.63125,25.660488158172747,1.0,6.0,23.5,52.0,103.0
2010-12-05,ACO,PM2.5,2,160.0,29.01875,11.785542723845927,4.0,21.0,28.0,35.0,68.0
2010-12-05,ACO,SO2,1,160.0,2.7375,6.1291011170598715,0.0,0.0,0.0,2.0,34.0
2010-12-05,ARA,SO2,1,0.0,,,,,,,
2010-12-05,ATI,NO,1,160.0,19.54375,31.04183561222018,0.0,3.0,6.5,23.25,189.0
2010-12-05,ATI,NO2,1,160.0,30.325,11.673519999656916,9.0,22.0,30.5,37.0,67.0
2010-12-05,ATI,NOX,1,160.0,49.80625,37.91309109549225,9.0,26.0,37.5,61.25,226.0
2010-12-05,ATI,SO2,1,160.0,21.6,28.329196886364706,1.0,3.0,10.5,24.0,134.0
2010-12-05,AZC,NO,1,158.0,30.10126582278481,39.458143569216354,0.0,3.0,15.0,44.0,189.0
2010-12-05,AZC,NO2,1,158.0,41.68354430379747,13.822850373690615,17.0,34.0,39.0,46.0,93.0
2010-12-05,AZC,NOX,1,158.0,71.74683544303798,46.2358860142951,18.0,40.0,57.0,88.5,232.0
2010-12-05,AZC,O3,1,158.0,21.664556962025316,27.748554965415938,0.0,2.0,8.0,34.75,117.0
2010-12-05,AZC,SO2,1,158.0,21.462025316455698,25.23636948763733,3.0,6.0,11.0,23.0,145.0
2010-12-05,CAM,PM2.5,2,158.0,35.24683544303797,14.278256913749715,5.0,26.0,35.5,44.75,83.0
2010-12-05,CES,NO,1,161.0,42.577639751552795,46.59689363996714,0.0,10.0,24.0,58.0,235.0
2010-12-05,CES,NO2,1,161.0,38.50310559006211,16.151673374453534,4.0,29.0,35.0,47.0,98.0
2010-12-05,CES,NOX,1,161.0,80.8695652173913,52.49572963998865,3.0,48.0,70.0,102.0,284.0
2010-12-05,CES,O3,1,161.0,21.018633540372672,25.43925904229756,0.0,1.0,8.0,39.0,101.0
2010-12-05,CES,PM10,2,161.0,81.31055900621118,38.193297190875775,17.0,52.0,74.0,107.0,241.0
2010-12-05,CES,SO2,1,161.0,10.372670807453416,8.160744356197231,2.0,5.0,8.0,12.0,43.0
2010-12-05,CHO,CO,15,158.0,1.615189873417721,0.8795031323973774,0.5,1.0,1.4,1.975,4.9
2010-12-05,CHO,O3,1,158.0,29.70886075949367,31.967599799021887,0.0,1.0,14.0,60.0,107.0
2010-12-05,CHO,SO2,1,158.0,7.462025316455696,5.425389798963074,2.0,4.0,6.0,8.75,34.0
2010-12-05,COY,O3,1,158.0,26.018987341772153,31.533517001904386,1.0,3.0,8.0,47.75,131.0
2010-12-05,COY,PM2.5,2,157.0,35.05732484076433,14.324643477111964,7.0,24.0,33.0,43.0,96.0
2010-12-05,CUA,O3,1,159.0,35.698113207547166,28.72716588368268,0.0,14.0,28.0,52.0,135.0
2010-12-05,FAC,CO,15,158.0,1.2500000000000004,0.9682047212060083,0.1,0.6,0.9,1.5750000000000002,5.2
2010-12-05,FAC,NO,1,158.0,40.10126582278481,54.35120398099441,0.0,7.0,15.5,53.5,323.0
2010-12-05,FAC,NO2,1,158.0,40.9873417721519,18.277753468895156,18.0,31.0,37.0,46.0,148.0
2010-12-05,FAC,NOX,1,158.0,80.98101265822785,63.07335447578371,19.0,40.0,55.5,106.0,362.0
2010-12-05,FAC,O3,1,158.0,22.525316455696203,23.720694119630075,1.0,3.0,13.0,38.75,101.0
2010-12-05,FAC,PM10,2,160.0,66.2125,33.73544643119384,9.0,41.0,60.0,91.0,213.0
2010-12-05,FAC,SO2,1,158.0,24.89873417721519,29.591096499083328,3.0,7.25,12.0,29.75,181.0
2010-12-05,IMP,CO,15,161.0,1.725465838509317,0.9832522249596987,0.5,1.0,1.5,2.1,6.1
2010-12-05,IZT,CO,15,161.0,1.5093167701863357,0.8300452730300338,0.4,0.9,1.3,2.0,4.6
2010-12-05,IZT,NO,1,161.0,46.24844720496895,54.18418023924289,1.0,7.0,22.0,62.0,261.0
2010-12-05,IZT,NO2,1,161.0,50.29192546583851,17.2400840164545,18.0,38.0,49.0,59.0,123.0
2010-12-05,IZT,NOX,1,161.0,96.5776397515528,62.69864828602295,20.0,49.0,79.0,125.0,321.0
2010-12-05,IZT,O3,1,161.0,24.372670807453417,31.005205183117305,0.0,1.0,9.0,44.0,125.0
2010-12-05,IZT,PM10,2,160.0,74.28125,23.399772045065017,27.0,57.0,72.0,88.25,171.0
2010-12-05,IZT,SO2,1,161.0,13.888198757763975,14.071688681897724,1.0,5.0,8.0,18.0,76.0
2010-12-05,LAG,CO,15,161.0,1.4068322981366457,0.8713584382734302,0.1,0.7,1.2,1.9,3.9
2010-12-05,LAG,NO,1,161.0,49.79503105590062,48.316420347075365,2.0,11.0,30.0,71.0,191.0
2010-12-05,LAG,NO2,1,161.0,48.149068322981364,15.336317672490773,20.0,38.0,45.0,57.0,100.0
2010-12-05,LAG,NOX,1,161.0,97.83229813664596,54.71234276020869,22.0,52.0,85.0,130.0,252.0
2010-12-05,LAG,O3,1,161.0,21.124223602484474,27.05590456905277,0.0,2.0,7.0,34.0,110.0
2010-12-05,LAG,SO2,1,152.0,16.875,15.885064208263756,3.0,7.0,11.0,22.0,103.0
2010-12-05,LLA,SO2,1,54.0,11.38888888888889,8.959903694450988,3.0,6.0,9.0,14.0,56.0
2010-12-05,LPR,SO2,1,0.0,,,,,,,
2010-12-05,LVI,PM10,2,159.0,83.36477987421384,37.18963061270529,11.0,58.5,78.0,102.5,218.0
2010-12-05,LVI,SO2,1,160.0,15.33125,17.716396795308146,2.0,5.0,9.0,18.25,147.0
2010-12-05,MER,CO,15,146.0,1.4335616438356167,0.677243642529219,0.4,1.0,1.3,1.7,3.9
2010-12-05,MER,NO,1,144.0,46.208333333333336,46.32295795355078,1.0,12.0,31.5,60.25,209.0
2010-12-05,MER,NO2,1,144.0,53.19444444444444,16.698175344302136,17.0,43.0,52.0,60.25,127.0
2010-12-05,MER,NOX,1,144.0,99.375,56.47313551561517,20.0,58.5,85.5,124.25,276.0
2010-12-05,MER,O3,1,146.0,19.910958904109588,27.737170686550794,0.0,1.0,5.0,34.0,113.0
2010-12-05,MER,PM10,2,147.0,102.50340136054422,32.629588671091994,38.0,81.0,100.0,117.5,246.0
2010-12-05,MER,PM2.5,2,147.0,41.53741496598639,14.639163138015041,10.0,32.0,40.0,50.5,81.0
2010-12-05,MER,SO2,1,143.0,15.286713286713287,14.998414177966827,2.0,6.0,10.0,19.5,116.0
2010-12-05,MON,O3,1,161.0,31.267080745341616,31.391829702164376,0.0,3.0,23.0,56.0,126.0
2010-12-05,PED,CO,15,112.0,0.3276785714285717,0.3634692252927033,0.0,0.0,0.2,0.5,1.6
2010-12-05,PED,NO,1,112.0,11.6875,17.686983685521167,0.0,1.0,3.5,14.25,95.0
2010-12-05,PED,NO2,1,112.0,33.973214285714285,12.639463312124168,11.0,26.0,31.0,41.25,76.0
2010-12-05,PED,NOX,1,112.0,45.375,25.420473057172845,10.0,25.75,38.5,61.5,131.0
2010-12-05,PED,O3,1,112.0,30.633928571428573,33.024968860107464,0.0,4.0,18.0,49.25,133.0
2010-12-05,PED,PM10,2,49.0,51.30612244897959,28.81203747396842,3.0,28.0,47.0,71.0,114.0
2010-12-05,PED,SO2,1,112.0,11.366071428571429,16.456327973555656,1.0,2.0,4.0,16.25,97.0
2010-12-05,PER,PM2.5,2,160.0,52.33125,24.652993458766566,9.0,36.0,50.0,62.0,156.0
2010-12-05,PLA,O3,1,152.0,19.861842105263158,25.299281287622943,1.0,2.0,7.0,33.5,108.0
2010-12-05,PLA,SO2,1,152.0,18.30263157894737,20.950916929367263,3.0,6.0,9.0,21.0,101.0
2010-12-05,SAG,CO,15,159.0,1.1044025157232702,0.8073511864247677,0.2,0.6,0.9,1.4,3.7
2010-12-05,SAG,NO,1,155.0,36.10322580645161,53.870958635723184,0.0,1.0,11.0,43.0,238.0
2010-12-05,SAG,NO2,1,155.0,31.058064516129033,12.683581118746025,9.0,22.5,31.0,37.0,84.0
2010-12-05,SAG,NOX,1,155.0,66.56129032258065,59.96136027140298,8.0,21.0,46.0,89.0,270.0
2010-12-05,SAG,O3,1,159.0,23.937106918238992,27.005082863006812,2.0,3.0,15.0,42.0,129.0
2010-12-05,SAG,PM10,2,159.0,100.39622641509433,35.98153866791186,42.0,78.0,96.0,118.0,308.0
2010-12-05,SAG,PM2.5,2,159.0,37.18238993710692,16.12799097799311,7.0,25.0,33.0,48.0,92.0
2010-12-05,SAG,SO2,1,159.0,11.628930817610064,15.819613470897478,1.0,3.0,6.0,11.0,81.0
2010-12-05,SJA,PM2.5,2,143.0,35.95104895104895,15.076018019174965,2.0,26.0,34.0,45.5,74.0
2010-12-05,SUR,CO,15,151.0,1.6033112582781461,0.8253821109880399,0.4,1.0,1.5,2.0,4.6
2010-12-05,SUR,NO,1,151.0,34.28476821192053,44.66085198223663,0.0,5.0,14.0,43.0,236.0
2010-12-05,SUR,NO2,1,151.0,38.47019867549669,11.443663718127963,19.0,31.0,37.0,45.0,72.0
2010-12-05,SUR,NOX,1,151.0,72.62913907284768,49.24802749268777,18.0,37.0,56.0,92.0,279.0
2010-12-05,SUR,O3,1,151.0,29.0,34.20448313696125,1.0,3.0,10.0,54.5,131.0
2010-12-05,SUR,PM10,2,148.0,65.98648648648648,37.01020019107556,3.0,43.75,58.5,79.0,277.0
2010-12-05,SUR,SO2,1,151.0,13.602649006622517,18.020018301951,1.0,3.0,6.0,17.5,102.0
2010-12-05,TAC,CO,15,161.0,1.1863354037267082,0.8297964279275019,0.3,0.6,0.9,1.6,4.2
2010-12-05,TAC,NO,1,161.0,27.857142857142858,40.30227306599114,0.0,2.0,10.0,35.0,182.0
2010-12-05,TAC,NO2,1,161.0,42.732919254658384,16.538877593406674,18.0,32.0,39.0,48.0,117.0
2010-12-05,TAC,NOX,1,161.0,70.26708074534162,51.27216078974719,16.0,34.0,54.0,80.0,262.0
2010-12-05,TAC,O3,1,161.0,25.832298136645964,29.404981726070826,1.0,4.0,11.0,42.0,122.0
2010-12-05,TAC,SO2,1,161.0,20.049689440993788,26.135656018702697,1.0,4.0,8.0,23.0,141.0
2010-12-05,TAH,O3,1,159.0,34.0,32.28276963319401,1.0,7.0,22.0,61.0,122.0
2010-12-05,TAH,PM10,2,158.0,75.4873417721519,42.62601958610562,17.0,46.0,68.5,95.5,261.0
2010-12-05,TAH,SO2,1,159.0,4.710691823899371,7.410517595778166,0.0,0.0,3.0,6.0,52.0
2010-12-05,TAX,CO,15,158.0,2.1525316455696193,0.9466467381039669,0.5,1.5,2.0,2.7,5.4
2010-12-05,TAX,NO,1,158.0,55.79746835443038,43.11335370201788,3.0,25.5,45.0,81.0,257.0
2010-12-05,TAX,NO2,1,158.0,42.89873417721519,15.667805391184233,12.0,32.0,40.0,51.75,83.0
2010-12-05,TAX,NOX,1,158.0,98.67088607594937,48.80031364600768,16.0,65.5,93.0,120.75,299.0
2010-12-05,TAX,O3,1,42.0,34.57142857142857,32.269552860426295,2.0,9.75,19.0,54.25,110.0
2010-12-05,TAX,PM10,2,158.0,73.35443037974683,36.90167274778061,17.0,49.0,66.0,86.75,312.0
2010-12-05,TAX,SO2,1,158.0,8.651898734177216,11.26175378361086,0.0,1.25,4.0,11.0,57.0
2010-12-05,TLA,CO,15,157.0,0.9968152866242042,0.6274102634952508,0.1,0.6,0.9,1.3,3.6
2010-12-05,TLA,NO,1,155.0,45.193548387096776,48.85216192084211,0.0,12.0,29.0,62.0,274.0
2010-12-05,TLA,NO2,1,155.0,43.193548387096776,13.821260102960307,20.0,33.0,41.0,51.0,88.0
2010-12-05,TLA,NOX,1,155.0,88.2516129032258,56.07260987817922,19.0,45.5,78.0,113.0,328.0
2010-12-05,TLA,O3,1,145.0,20.041379310344826,24.49117637653435,0.0,1.0,10.0,33.0,103.0
2010-12-05,TLA,PM10,2,134.0,69.44029850746269,28.694006917698513,18.0,50.0,64.5,87.25,170.0
2010-12-05,TLA,PM2.5,2,134.0,30.01492537313433,14.808545122361123,2.0,18.25,29.5,38.0,81.0
2010-12-05,TLA,SO2,1,156.0,24.608974358974358,29.074669990737746,4.0,8.0,13.0,25.0,140.0
2010-12-05,TLI,CO,15,158.0,0.9050632911392407,0.7572828959535194,0.0,0.3,0.7,1.275,3.4
2010-12-05,TLI,NO,1,136.0,40.338235294117645,44.052194730415515,0.0,4.0,23.0,70.0,170.0
2010-12-05,TLI,NO2,1,136.0,36.463235294117645,14.892159551992597,9.0,23.75,39.0,46.0,91.0
2010-12-05,TLI,NOX,1,136.0,76.68382352941177,53.41891774849505,10.0,27.75,67.0,113.75,228.0
2010-12-05,TLI,PM10,2,158.0,82.73417721518987,38.36423123810365,4.0,55.25,78.5,107.0,177.0
2010-12-05,TLI,SO2,1,158.0,20.765822784810126,29.95222687116341,0.0,2.0,9.0,25.75,136.0
2010-12-05,TPN,O3,1,161.0,38.08074534161491,26.434110339502514,2.0,21.0,27.0,54.0,126.0
2010-12-05,UIZ,CO,15,160.0,1.5837499999999998,0.921912661793319,0.3,0.9,1.3,2.2,5.0
2010-12-05,UIZ,NO,1,160.0,38.8125,47.77715402303574,0.0,3.0,16.0,64.0,222.0
2010-12-05,UIZ,NO2,1,160.0,35.3,15.595838825765197,7.0,24.0,34.0,43.0,85.0
2010-12-05,UIZ,NOX,1,160.0,74.025,54.08378661708854,6.0,30.0,55.0,112.25,255.0
2010-12-05,UIZ,O3,1,154.0,29.2012987012987,32.0258024793469,3.0,4.0,13.0,52.75,125.0
2010-12-05,UIZ,PM2.5,2,160.0,38.85,14.846044302996702,10.0,29.0,37.5,48.25,77.0
2010-12-05,UIZ,SO2,1,160.0,13.2375,9.391878935394505,4.0,7.0,10.0,15.25,56.0
2010-12-05,VAL,CO,15,98.0,1.2316326530612243,0.8175392974287604,0.3,0.6,1.0,1.6,4.3
2010-12-05,VAL,SO2,1,98.0,19.857142857142858,25.522983376015638,0.0,7.25,11.0,21.0,151.0
2010-12-05,VIF,CO,15,77.0,0.8363636363636361,0.5119388046562975,0.2,0.4,0.8,1.2,2.3
2010-12-05,VIF,NO,1,77.0,29.61038961038961,30.95971739473724,0.0,1.0,20.0,55.0,120.0
2010-12-05,VIF,NO2,1,77.0,27.2987012987013,13.04452389143967,5.0,14.0,29.0,38.0,55.0
2010-12-05,VIF,NOX,1,77.0,56.87012987012987,40.835146964526665,5.0,16.0,58.0,92.0,163.0
2010-12-05,VIF,PM10,2,80.0,101.975,40.4656363043878,25.0,70.75,102.0,123.25,240.0
2010-12-05,VIF,SO2,1,77.0,11.74025974025974,12.560802226101098,0.0,3.0,9.0,15.0,75.0
2010-12-05,XAL,CO,15,161.0,1.7385093167701848,1.225717244708238,0.3,1.0,1.3,2.3,6.6
2010-12-05,XAL,NO,1,161.0,84.24844720496894,84.09585535684121,1.0,24.0,54.0,119.0,418.0
2010-12-05,XAL,NO2,1,161.0,47.01242236024845,18.8954318479493,15.0,36.0,43.0,51.0,117.0
2010-12-05,XAL,NOX,1,161.0,131.1552795031056,89.21228607976391,17.0,65.0,105.0,169.0,464.0
2010-12-05,XAL,O3,1,161.0,18.242236024844722,23.548560571061355,1.0,2.0,7.0,26.0,122.0
2010-12-05,XAL,PM10,2,157.0,130.7324840764331,67.97929380876596,21.0,87.0,118.0,160.0,476.0
2010-12-05,XAL,SO2,1,161.0,13.130434782608695,11.767078245460198,1.0,5.0,9.0,15.0,60.0
2010-12-12,ACO,O3,1,114.0,26.859649122807017,22.05579296728229,1.0,6.0,22.0,44.25,73.0
2010-12-12,ACO,PM2.5,2,104.0,33.05769230769231,30.015797433913466,2.0,13.0,29.0,45.0,261.0
2010-12-12,ACO,SO2,1,114.0,1.6929824561403508,3.1147016305702686,0.0,0.0,0.0,2.0,19.0
2010-12-12,ARA,SO2,1,0.0,,,,,,,
2010-12-12,ATI,NO,1,132.0,18.106060606060606,30.695067006950556,0.0,2.0,5.0,13.0,161.0
2010-12-12,ATI,NO2,1,132.0,26.78030303030303,15.360956948730577,8.0,14.0,23.0,35.0,84.0
2010-12-12,ATI,NOX,1,132.0,44.85606060606061,41.02691958857741,8.0,19.0,29.5,52.5,202.0
2010-12-12,ATI,SO2,1,132.0,16.454545454545453,30.652537754387936,0.0,2.0,5.0,19.25,272.0
2010-12-12,AZC,NO,1,161.0,36.50931677018634,43.2328171087113,0.0,4.0,16.0,58.0,190.0
2010-12-12,AZC,NO2,1,161.0,39.8944099378882,21.025758751015392,12.0,25.0,36.0,48.0,122.0
2010-12-12,AZC,NOX,1,161.0,76.2360248447205,57.92187794002693,11.0,30.0,55.0,107.0,263.0
2010-12-12,AZC,O3,1,161.0,18.453416149068325,20.66124098117022,1.0,2.0,8.0,37.0,74.0
2010-12-12,AZC,SO2,1,161.0,15.46583850931677,27.46225388053132,3.0,5.0,8.0,14.0,257.0
2010-12-12,CAM,PM2.5,2,159.0,33.471698113207545,19.964782702648773,1.0,19.0,30.0,44.0,88.0
2010-12-12,CES,NO,1,161.0,48.850931677018636,64.49469078731639,0.0,7.0,22.0,70.0,351.0
2010-12-12,CES,NO2,1,161.0,39.67701863354037,20.64206944702737,9.0,24.0,36.0,53.0,111.0
2010-12-12,CES,NOX,1,161.0,88.18012422360249,73.71031883314895,8.0,35.0,68.0,118.0,404.0
2010-12-12,CES,O3,1,161.0,16.919254658385093,21.17958189957946,0.0,1.0,4.0,35.0,81.0
2010-12-12,CES,PM10,2,159.0,82.68553459119497,53.162890164977064,5.0,44.0,73.0,109.5,288.0
2010-12-12,CES,SO2,1,161.0,7.204968944099379,5.5318600086480405,2.0,3.0,6.0,9.0,38.0
2010-12-12,CHO,CO,15,103.0,1.4834951456310685,0.9378842571864423,0.4,0.9,1.2,1.7,5.4
2010-12-12,CHO,O3,1,139.0,20.60431654676259,25.21145895008509,0.0,1.0,5.0,37.0,86.0
2010-12-12,CHO,SO2,1,151.0,5.867549668874172,4.514680493218748,1.0,3.0,4.0,7.0,24.0
2010-12-12,COY,O3,1,160.0,21.23125,24.593096611516735,1.0,3.0,7.0,42.0,91.0
2010-12-12,COY,PM2.5,2,159.0,39.22012578616352,20.94255186134417,4.0,21.0,40.0,54.5,99.0
2010-12-12,CUA,O3,1,158.0,29.367088607594937,19.420048223381638,2.0,15.0,23.5,43.0,78.0
2010-12-12,FAC,CO,15,154.0,1.4727272727272724,1.0458303594847322,0.4,0.8,1.0,1.9,4.8
2010-12-12,FAC,NO,1,134.0,50.73880597014925,58.29661374817084,1.0,9.0,22.0,69.0,251.0
2010-12-12,FAC,NO2,1,134.0,41.559701492537314,23.547907077482968,12.0,26.25,38.0,50.0,143.0
2010-12-12,FAC,NOX,1,134.0,92.24626865671642,74.54477753775137,12.0,34.0,64.0,126.0,303.0
2010-12-12,FAC,O3,1,154.0,19.844155844155843,19.38772938200688,1.0,4.0,12.0,30.75,72.0
2010-12-12,FAC,PM10,2,156.0,57.955128205128204,32.70421556110662,3.0,34.75,52.5,79.0,158.0
2010-12-12,FAC,SO2,1,154.0,17.915584415584416,31.039075372552954,3.0,5.0,8.0,16.0,274.0
2010-12-12,IMP,CO,15,147.0,2.2489795918367346,1.4102543900963869,0.6,1.1,1.7,3.3,6.2
2010-12-12,IZT,CO,15,153.0,1.932679738562091,1.5525797744297565,0.4,0.8,1.4,2.4,8.6
2010-12-12,IZT,NO,1,153.0,64.26143790849673,82.18918894537019,2.0,10.0,26.0,88.0,437.0
2010-12-12,IZT,NO2,1,153.0,52.052287581699346,24.95015843470243,18.0,33.0,48.0,67.0,166.0
2010-12-12,IZT,NOX,1,153.0,116.27450980392157,95.61093276606125,23.0,46.0,84.0,143.0,504.0
2010-12-12,IZT,O3,1,148.0,19.20945945945946,24.916528235243085,0.0,1.0,5.0,36.25,91.0
2010-12-12,IZT,PM10,2,153.0,79.0,44.78736311435227,16.0,44.0,71.0,107.0,284.0
2010-12-12,IZT,SO2,1,153.0,9.052287581699346,13.874811923653326,1.0,3.0,5.0,11.0,124.0
2010-12-12,LAG,CO,15,156.0,1.6737179487179492,1.3512294129367677,0.0,0.575,1.35,2.6,5.2
2010-12-12,LAG,NO,1,156.0,69.32051282051282,72.73770705846053,1.0,13.0,42.5,105.25,317.0
2010-12-12,LAG,NO2,1,156.0,51.27564102564103,22.481124331299334,22.0,32.0,50.0,64.5,123.0
2010-12-12,LAG,NOX,1,156.0,120.52564102564102,85.2341328507086,27.0,48.75,100.0,159.5,372.0
2010-12-12,LAG,O3,1,156.0,16.262820512820515,21.106217454086583,1.0,2.0,5.0,23.0,80.0
2010-12-12,LAG,SO2,1,146.0,12.698630136986301,15.720125411017559,2.0,5.0,7.0,13.0,118.0
2010-12-12,LLA,SO2,1,159.0,7.30188679245283,8.46717766928895,1.0,3.0,5.0,8.0,76.0
2010-12-12,LPR,SO2,1,123.0,8.983739837398375,12.012960036968149,0.0,3.0,6.0,11.5,116.0
2010-12-12,LVI,PM10,2,159.0,83.39622641509433,48.46374331445804,7.0,48.5,75.0,119.0,204.0
2010-12-12,LVI,SO2,1,161.0,10.341614906832298,13.668899731718582,1.0,3.0,6.0,11.0,100.0
2010-12-12,MER,CO,15,157.0,1.8808917197452226,1.327091177956694,0.4,0.9,1.5,2.4,8.8
2010-12-12,MER,NO,1,155.0,70.72903225806452,79.2786725285468,1.0,12.5,34.0,103.0,424.0
2010-12-12,MER,NO2,1,155.0,56.58709677419355,25.007216386208963,18.0,34.5,55.0,72.0,134.0
2010-12-12,MER,NOX,1,155.0,127.34838709677419,96.94995318568404,23.0,51.5,96.0,174.5,537.0
2010-12-12,MER,O3,1,157.0,16.630573248407643,21.41210016891474,0.0,1.0,5.0,30.0,79.0
2010-12-12,MER,PM10,2,156.0,97.82692307692308,46.084237520987784,19.0,61.75,94.0,126.25,232.0
2010-12-12,MER,PM2.5,2,156.0,42.62179487179487,25.905870040670372,6.0,23.0,39.0,57.25,175.0
2010-12-12,MER,SO2,1,155.0,11.92258064516129,16.683663167111973,2.0,4.0,7.0,13.0,131.0
2010-12-12,MON,O3,1,161.0,26.204968944099377,27.075615877672654,0.0,3.0,14.0,49.0,89.0
2010-12-12,PED,CO,15,156.0,0.40448717948717966,0.5280937048714903,0.0,0.0,0.2,0.625,2.0
2010-12-12,PED,NO,1,156.0,18.416666666666668,32.02518330301013,0.0,1.0,5.0,17.25,208.0
2010-12-12,PED,NO2,1,156.0,37.67948717948718,21.20255224426537,12.0,20.75,32.0,49.25,115.0
2010-12-12,PED,NOX,1,156.0,56.006410256410255,43.98658106152621,11.0,24.0,41.5,76.0,246.0
2010-12-12,PED,O3,1,156.0,23.724358974358974,20.648072226801446,0.0,8.0,17.5,39.25,70.0
2010-12-12,PED,PM10,2,157.0,53.63694267515923,27.828723600975906,8.0,31.0,51.0,73.0,136.0
2010-12-12,PED,SO2,1,156.0,5.762820512820513,6.0770453129229205,0.0,2.0,3.0,8.0,33.0
2010-12-12,PER,PM2.5,2,158.0,55.120253164556964,36.060698580325706,1.0,28.5,50.0,71.75,205.0
2010-12-12,PLA,O3,1,155.0,16.8,19.929551249012434,1.0,2.0,7.0,30.5,71.0
2010-12-12,PLA,SO2,1,146.0,10.0,9.270643321054203,3.0,5.0,7.0,11.0,59.0
2010-12-12,SAG,CO,15,161.0,1.2074534161490693,0.9664078328422643,0.1,0.5,0.9,1.7,4.9
2010-12-12,SAG,NO,1,158.0,38.91139240506329,61.289474969181356,0.0,1.0,6.0,52.75,330.0
2010-12-12,SAG,NO2,1,158.0,29.639240506329113,15.221598112584108,5.0,18.25,26.0,39.0,72.0
2010-12-12,SAG,NOX,1,158.0,67.9746835443038,68.3660948268492,5.0,20.0,44.5,94.5,361.0
2010-12-12,SAG,O3,1,161.0,19.372670807453417,19.633141583740613,1.0,3.0,9.0,34.0,67.0
2010-12-12,SAG,PM10,2,144.0,91.79166666666667,56.31105854701467,7.0,46.75,79.5,125.0,244.0
2010-12-12,SAG,PM2.5,2,127.0,36.58267716535433,25.69029244888497,4.0,16.5,27.0,55.0,108.0
2010-12-12,SAG,SO2,1,161.0,6.012422360248447,7.647701924140148,1.0,2.0,4.0,7.0,70.0
2010-12-12,SJA,PM2.5,2,130.0,43.44615384615385,28.44280580650739,1.0,23.25,40.0,57.75,215.0
2010-12-12,SUR,CO,15,104.0,1.8663461538461539,1.2223334819721303,0.1,0.9,1.65,2.425,5.7
2010-12-12,SUR,NO,1,159.0,51.081761006289305,68.12897007857846,0.0,5.0,20.0,73.0,406.0
2010-12-12,SUR,NO2,1,159.0,44.459119496855344,21.082640930085017,14.0,27.0,44.0,57.5,122.0
2010-12-12,SUR,NOX,1,159.0,95.40880503144655,78.59986905619893,13.0,31.5,71.0,126.5,462.0
2010-12-12,SUR,O3,1,159.0,22.61006289308176,25.95100348043575,1.0,3.0,9.0,44.0,90.0
2010-12-12,SUR,PM10,2,152.0,71.01315789473684,42.35985648721308,8.0,36.0,69.0,99.0,205.0
2010-12-12,SUR,SO2,1,158.0,6.981012658227848,7.464115016579692,0.0,2.0,4.0,9.75,45.0
2010-12-12,TAC,CO,15,157.0,1.1197452229299367,1.0499352538307538,0.1,0.4,0.7,1.6,4.9
2010-12-12,TAC,NO,1,157.0,30.97452229299363,49.28982173038,0.0,2.0,8.0,45.0,250.0
2010-12-12,TAC,NO2,1,157.0,39.93630573248408,21.52419078221073,12.0,25.0,35.0,48.0,127.0
2010-12-12,TAC,NOX,1,157.0,70.5732484076433,64.86259676617952,10.0,28.0,45.0,90.0,326.0
2010-12-12,TAC,O3,1,157.0,20.363057324840764,20.702766093596768,1.0,4.0,11.0,37.0,77.0
2010-12-12,TAC,SO2,1,157.0,12.764331210191083,24.76534492643892,1.0,3.0,5.0,13.0,214.0
2010-12-12,TAH,O3,1,151.0,29.503311258278146,27.759892932595022,1.0,7.5,17.0,52.0,104.0
2010-12-12,TAH,PM10,2,150.0,73.67333333333333,49.36584378331316,3.0,38.5,61.5,101.0,260.0
2010-12-12,TAH,SO2,1,151.0,4.158940397350993,5.945410235615131,0.0,0.0,2.0,6.0,33.0
2010-12-12,TAX,CO,15,161.0,2.2937888198757777,1.2028450357898242,0.3,1.4,2.1,2.9,6.3
2010-12-12,TAX,NO,1,160.0,68.6625,52.4826281531483,4.0,31.0,52.5,93.25,226.0
2010-12-12,TAX,NO2,1,160.0,46.7,20.940706949555675,19.0,30.0,43.5,58.0,117.0
2010-12-12,TAX,NOX,1,160.0,115.3,60.74700603435828,26.0,70.0,105.5,150.0,329.0
2010-12-12,TAX,O3,1,102.0,14.372549019607844,17.933828628593268,1.0,1.0,4.0,25.75,69.0
2010-12-12,TAX,PM10,2,159.0,72.12578616352201,37.34982455322268,8.0,47.0,66.0,93.0,183.0
2010-12-12,TAX,SO2,1,161.0,5.540372670807454,12.904937906098132,0.0,1.0,2.0,5.0,120.0
2010-12-12,TLA,CO,15,155.0,1.0812903225806454,0.8303329872472449,0.1,0.4,0.8,1.5,4.5
2010-12-12,TLA,NO,1,153.0,54.3202614379085,55.89801022665854,1.0,14.0,31.0,82.0,276.0
2010-12-12,TLA,NO2,1,153.0,42.83660130718954,20.009687626227677,14.0,29.0,40.0,50.0,120.0
2010-12-12,TLA,NOX,1,153.0,97.09150326797386,69.43156034590773,22.0,45.0,76.0,139.0,361.0
2010-12-12,TLA,O3,1,148.0,16.236486486486488,18.63737795289348,0.0,1.0,6.5,30.25,65.0
2010-12-12,TLA,PM10,2,157.0,60.7515923566879,27.5088927465366,16.0,39.0,57.0,72.0,172.0
2010-12-12,TLA,PM2.5,2,156.0,26.102564102564102,13.370250793690706,3.0,17.0,24.0,33.0,76.0
2010-12-12,TLA,SO2,1,155.0,18.348387096774193,31.69591590479739,3.0,6.0,9.0,19.0,283.0
2010-12-12,TLI,CO,15,161.0,1.1826086956521735,1.0419672030222031,0.1,0.4,0.7,1.8,4.7
2010-12-12,TLI,NO,1,161.0,52.391304347826086,70.71378701436545,0.0,3.0,17.0,84.0,326.0
2010-12-12,TLI,NO2,1,161.0,33.714285714285715,19.135512983530305,7.0,16.0,31.0,49.0,94.0
2010-12-12,TLI,NOX,1,161.0,86.0807453416149,83.11227159355589,7.0,20.0,51.0,125.0,370.0
2010-12-12,TLI,PM10,2,161.0,84.70186335403727,51.71385751426992,10.0,43.0,72.0,117.0,246.0
2010-12-12,TLI,SO2,1,161.0,9.459627329192546,17.881203045663575,0.0,0.0,4.0,12.0,138.0
2010-12-12,TPN,O3,1,158.0,33.59493670886076,20.151666326347627,1.0,18.0,29.0,47.75,84.0
2010-12-12,UIZ,CO,15,156.0,1.744871794871795,1.3663842028906126,0.2,0.7,1.3,2.375,6.5
2010-12-12,UIZ,NO,1,91.0,67.13186813186813,71.94785284283007,0.0,7.0,38.0,109.5,265.0
2010-12-12,UIZ,NO2,1,91.0,53.54945054945055,26.326692722306568,9.0,34.5,52.0,67.0,147.0
2010-12-12,UIZ,NOX,1,91.0,120.63736263736264,85.81304180646521,12.0,44.5,92.0,177.5,339.0
2010-12-12,UIZ,O3,1,142.0,20.732394366197184,25.313331640962605,0.0,2.0,8.0,38.75,94.0
2010-12-12,UIZ,PM2.5,2,153.0,39.97385620915033,26.75545879186897,1.0,19.0,33.0,58.0,150.0
2010-12-12,UIZ,SO2,1,156.0,8.929487179487179,12.79572114948269,1.0,5.0,6.0,9.0,121.0
2010-12-12,VAL,CO,15,159.0,1.6314465408805041,1.2000072976982672,0.4,0.7,1.1,2.3,5.6
2010-12-12,VAL,SO2,1,159.0,8.528301886792454,13.460590071495549,0.0,1.0,4.0,12.0,128.0
2010-12-12,VIF,CO,15,84.0,0.9773809523809527,0.7619491793564541,0.1,0.4,0.7,1.325,3.4
2010-12-12,VIF,NO,1,155.0,38.66451612903226,52.13161134618861,0.0,1.0,8.0,60.5,264.0
2010-12-12,VIF,NO2,1,155.0,27.98709677419355,16.711838519784497,3.0,14.0,26.0,39.5,68.0
2010-12-12,VIF,NOX,1,155.0,66.41935483870968,63.778316447925405,4.0,14.5,44.0,102.0,320.0
2010-12-12,VIF,PM10,2,159.0,104.76729559748428,62.31008563430034,11.0,50.0,101.0,158.0,283.0
2010-12-12,VIF,SO2,1,149.0,6.033557046979865,10.51152270411969,0.0,0.0,3.0,7.0,93.0
2010-12-12,XAL,CO,15,158.0,2.059493670886075,1.9144784583472363,0.1,0.8,1.3,2.875,11.3
2010-12-12,XAL,NO,1,157.0,100.30573248407643,112.51026519664899,3.0,25.0,48.0,151.0,650.0
2010-12-12,XAL,NO2,1,157.0,45.92993630573248,21.768630290845277,16.0,29.0,41.0,57.0,133.0
2010-12-12,XAL,NOX,1,157.0,146.15286624203821,122.58299990917169,19.0,60.0,92.0,201.0,716.0
2010-12-12,XAL,O3,1,158.0,14.537974683544304,16.52854549723393,0.0,2.0,7.5,23.25,65.0
2010-12-12,XAL,PM10,2,156.0,141.37820512820514,86.80265663756089,12.0,72.75,129.0,208.25,411.0
2010-12-12,XAL,SO2,1,158.0,9.987341772151899,11.296799243307548,1.0,3.0,7.0,12.75,101.0
2010-12-19,ACO,O3,1,155.0,29.89032258064516,30.165252165479313,1.0,5.0,16.0,52.5,110.0
2010-12-19,ACO,PM2.5,2,153.0,37.28104575163399,20.089751745977306,4.0,21.0,35.0,47.0,110.0
2010-12-19,ACO,SO2,1,153.0,3.849673202614379,6.145999171294566,0.0,0.0,2.0,4.0,32.0
2010-12-19,ARA,SO2,1,0.0,,,,,,,
2010-12-19,ATI,NO,1,161.0,30.70186335403727,39.021283410546744,0.0,4.0,12.0,43.0,194.0
2010-12-19,ATI,NO2,1,161.0,39.45962732919255,15.68199357097969,13.0,28.0,36.0,49.0,89.0
2010-12-19,ATI,NOX,1,161.0,70.12422360248448,47.74420878022473,17.0,34.0,54.0,97.0,231.0
2010-12-19,ATI,SO2,1,161.0,16.0,18.712963421115322,0.0,3.0,7.0,23.0,107.0
2010-12-19,AZC,NO,1,158.0,53.4873417721519,56.03305863867098,0.0,12.0,35.0,75.75,284.0
2010-12-19,AZC,NO2,1,158.0,51.949367088607595,20.15032596608668,19.0,37.0,47.0,61.75,126.0
2010-12-19,AZC,NOX,1,158.0,105.29113924050633,65.13536163252337,21.0,58.0,85.0,136.25,343.0
2010-12-19,AZC,O3,1,158.0,20.78481012658228,30.245564347562954,0.0,1.0,2.0,35.75,100.0
2010-12-19,AZC,SO2,1,158.0,18.329113924050635,17.26505363203008,5.0,7.0,11.0,23.75,126.0
2010-12-19,CAM,PM2.5,2,159.0,44.0503144654088,18.726816466334498,4.0,31.5,41.0,54.5,117.0
2010-12-19,CES,NO,1,152.0,41.69736842105263,43.53746038304357,0.0,10.0,29.0,61.0,237.0
2010-12-19,CES,NO2,1,152.0,53.776315789473685,18.98873746659091,14.0,42.0,54.0,66.0,115.0
2010-12-19,CES,NOX,1,152.0,95.25657894736842,48.91829878921397,11.0,60.0,84.0,120.25,320.0
2010-12-19,CES,O3,1,152.0,19.164473684210527,25.88447182849909,0.0,0.0,7.0,26.5,94.0
2010-12-19,CES,PM10,2,149.0,100.93288590604027,38.22261684182409,13.0,75.0,99.0,129.0,201.0
2010-12-19,CES,SO2,1,152.0,7.315789473684211,3.836770600925584,3.0,5.0,6.0,8.0,26.0
2010-12-19,CHO,CO,15,145.0,1.6917241379310344,0.8879989558517903,0.6,1.1,1.5,1.9,5.6
2010-12-19,CHO,O3,1,101.0,37.51485148514851,32.534478284240585,1.0,3.0,33.0,71.0,100.0
2010-12-19,CHO,SO2,1,155.0,6.135483870967742,4.678046849838469,1.0,3.0,5.0,7.0,28.0
2010-12-19,COY,O3,1,131.0,26.374045801526716,34.542133887552154,0.0,2.0,5.0,46.5,131.0
2010-12-19,COY,PM2.5,2,104.0,46.13461538461539,17.145328380860136,13.0,32.0,47.0,58.5,96.0
2010-12-19,CUA,O3,1,156.0,37.58974358974359,28.870762483617266,0.0,12.0,31.0,53.0,115.0
2010-12-19,FAC,CO,15,160.0,2.066875,1.1523408974887406,0.5,1.1,1.7,2.9,4.9
2010-12-19,FAC,NO,1,160.0,61.68125,64.95159028221465,2.0,12.0,34.5,92.25,279.0
2010-12-19,FAC,NO2,1,160.0,52.19375,23.61523249885216,20.0,35.75,45.0,64.25,151.0
2010-12-19,FAC,NOX,1,160.0,113.775,76.31340131409287,25.0,54.75,90.5,160.25,328.0
2010-12-19,FAC,O3,1,160.0,22.00625,26.807137150416835,1.0,2.75,9.0,35.0,102.0
2010-12-19,FAC,PM10,2,160.0,75.0375,33.722114032823725,20.0,50.75,69.0,96.0,158.0
2010-12-19,FAC,SO2,1,160.0,18.4625,14.415176968876414,4.0,8.0,13.0,25.0,84.0
2010-12-19,IMP,CO,15,155.0,2.6025806451612907,1.2835598017069647,0.7,1.5,2.4,3.45,6.6
2010-12-19,IZT,CO,15,160.0,2.0493749999999986,0.9833198085627837,0.5,1.3,1.9,2.6,5.6
2010-12-19,IZT,NO,1,160.0,51.475,48.45109704672791,2.0,12.0,39.5,69.25,236.0
2010-12-19,IZT,NO2,1,160.0,57.8375,20.783062618966905,22.0,44.0,52.5,69.25,150.0
2010-12-19,IZT,NOX,1,160.0,109.2625,56.66002412047963,27.0,63.0,102.0,141.0,308.0
2010-12-19,IZT,O3,1,157.0,23.681528662420384,33.7690189937768,0.0,0.0,3.0,43.0,129.0
2010-12-19,IZT,PM10,2,160.0,94.6375,29.194314838131152,35.0,74.0,93.0,110.5,179.0
2010-12-19,IZT,SO2,1,160.0,10.71875,13.193848325935793,3.0,5.0,7.0,11.0,147.0
2010-12-19,LAG,CO,15,160.0,2.143749999999999,1.1776582402452802,0.2,1.3,1.9,2.9,4.9
2010-12-19,LAG,NO,1,160.0,75.19375,67.24642534512981,2.0,23.5,59.0,108.25,312.0
2010-12-19,LAG,NO2,1,160.0,60.3125,18.143795827886322,24.0,46.0,59.0,72.25,100.0
2010-12-19,LAG,NOX,1,160.0,135.4375,71.67727177640187,32.0,79.0,118.5,172.0,367.0
2010-12-19,LAG,O3,1,160.0,20.35625,29.206776777803263,0.0,1.0,3.0,37.25,106.0
2010-12-19,LAG,SO2,1,160.0,14.225,11.10042777803386,5.0,8.0,10.0,15.25,76.0
2010-12-19,LLA,SO2,1,159.0,9.062893081761006,15.073946647327334,1.0,3.0,4.0,7.0,99.0
2010-12-19,LPR,SO2,1,161.0,8.459627329192546,8.100149527030249,1.0,3.0,5.0,10.0,44.0
2010-12-19,LVI,PM10,2,159.0,107.42138364779875,39.25998762675746,24.0,80.0,109.0,138.0,195.0
2010-12-19,LVI,SO2,1,159.0,12.11320754716981,8.9002781439082,4.0,6.5,9.0,13.0,55.0
2010-12-19,MER,CO,15,156.0,2.0173076923076922,0.8381364475517339,0.7,1.4,1.9,2.5,4.7
2010-12-19,MER,NO,1,155.0,71.31612903225806,64.40161678606034,0.0,15.5,61.0,100.5,302.0
2010-12-19,MER,NO2,1,155.0,62.83225806451613,16.8668657566381,28.0,51.0,60.0,73.0,107.0
2010-12-19,MER,NOX,1,155.0,134.1032258064516,71.15979586794892,31.0,77.5,120.0,170.0,370.0
2010-12-19,MER,O3,1,157.0,21.235668789808916,31.576959331252034,0.0,0.0,2.0,39.0,118.0
2010-12-19,MER,PM10,2,161.0,121.3913043478261,38.172171459232494,51.0,94.0,120.0,143.0,229.0
2010-12-19,MER,PM2.5,2,161.0,52.91925465838509,20.7104970833873,15.0,38.0,50.0,65.0,135.0
2010-12-19,MER,SO2,1,157.0,12.203821656050955,13.375608710568866,4.0,6.0,9.0,13.0,142.0
2010-12-19,MON,O3,1,144.0,30.13888888888889,32.90410119848096,0.0,2.0,11.5,58.0,115.0
2010-12-19,PED,CO,15,158.0,0.7601265822784811,0.5719493845827185,0.0,0.225,0.7,1.2,2.1
2010-12-19,PED,NO,1,158.0,19.746835443037973,26.53514355387923,0.0,2.0,7.0,29.75,125.0
2010-12-19,PED,NO2,1,158.0,41.99367088607595,17.42189004329906,11.0,29.0,40.5,53.0,90.0
2010-12-19,PED,NOX,1,158.0,61.639240506329116,36.275523560805816,10.0,32.0,55.5,81.75,160.0
2010-12-19,PED,O3,1,158.0,28.77848101265823,30.278668242580007,0.0,4.0,17.5,44.0,112.0
2010-12-19,PED,PM10,2,160.0,66.6,26.398541983752136,10.0,50.0,64.0,85.25,138.0
2010-12-19,PED,SO2,1,158.0,9.60126582278481,10.26275181521057,1.0,3.0,6.0,12.0,70.0
2010-12-19,PER,PM2.5,2,160.0,61.31875,36.6845077021065,5.0,34.75,58.5,74.0,250.0
2010-12-19,PLA,O3,1,160.0,22.69375,30.430247463532467,0.0,1.0,4.0,37.5,110.0
2010-12-19,PLA,SO2,1,160.0,12.85,11.601995057238053,3.0,6.0,8.0,15.0,62.0
2010-12-19,SAG,CO,15,157.0,1.3668789808917203,0.7470788012388606,0.2,0.8,1.2,1.9,4.1
2010-12-19,SAG,NO,1,138.0,40.15942028985507,46.23949813722734,0.0,3.0,25.0,61.5,228.0
2010-12-19,SAG,NO2,1,138.0,38.41304347826087,16.109900053095412,10.0,27.0,37.0,49.0,79.0
2010-12-19,SAG,NOX,1,138.0,77.82608695652173,52.92053166935841,10.0,38.25,70.5,106.0,277.0
2010-12-19,SAG,O3,1,157.0,22.280254777070063,27.872151894260416,1.0,2.0,7.0,35.0,105.0
2010-12-19,SAG,PM10,2,160.0,122.56875,46.10319595942297,50.0,87.75,115.5,146.75,317.0
2010-12-19,SAG,PM2.5,2,160.0,47.39375,21.241675209909175,10.0,30.0,48.0,58.25,134.0
2010-12-19,SAG,SO2,1,157.0,8.78343949044586,10.481557962671438,2.0,4.0,5.0,8.0,59.0
2010-12-19,SJA,PM2.5,2,146.0,46.26027397260274,22.872375988792623,1.0,31.0,43.0,58.75,130.0
2010-12-19,SUR,CO,15,143.0,2.4419580419580407,0.903546423307732,0.6,1.8,2.3,3.1,6.0
2010-12-19,SUR,NO,1,150.0,39.53333333333333,42.73135476543525,0.0,5.0,25.5,66.0,201.0
2010-12-19,SUR,NO2,1,150.0,46.35333333333333,16.217538218277692,2.0,35.0,46.0,55.0,108.0
2010-12-19,SUR,NOX,1,150.0,85.78666666666666,47.29453430779817,16.0,51.25,74.5,117.0,255.0
2010-12-19,SUR,O3,1,151.0,27.8476821192053,35.69701170394534,1.0,2.0,7.0,46.0,125.0
2010-12-19,SUR,PM10,2,146.0,85.62328767123287,34.15888644130218,7.0,66.75,85.5,105.0,177.0
2010-12-19,SUR,SO2,1,151.0,8.887417218543046,10.76818960107818,2.0,3.0,5.0,9.0,95.0
2010-12-19,TAC,CO,15,160.0,1.6293749999999996,1.2272891267459884,0.1,0.7,1.3,2.425,5.6
2010-12-19,TAC,NO,1,160.0,43.1625,57.13537796404551,0.0,3.0,17.0,62.5,310.0
2010-12-19,TAC,NO2,1,160.0,55.2,24.904799870783407,21.0,37.0,48.0,68.25,131.0
2010-12-19,TAC,NOX,1,160.0,98.04375,73.49969810189141,20.0,43.75,70.5,137.5,373.0
2010-12-19,TAC,O3,1,159.0,23.92452830188679,30.273551804477307,1.0,3.0,7.0,41.0,108.0
2010-12-19,TAC,SO2,1,160.0,14.5375,15.473201625825835,2.0,4.0,8.0,19.0,99.0
2010-12-19,TAH,O3,1,136.0,39.088235294117645,31.049177382372047,1.0,11.75,30.5,67.0,110.0
2010-12-19,TAH,PM10,2,142.0,90.85211267605634,32.276497648745654,16.0,65.25,87.0,115.5,159.0
2010-12-19,TAH,SO2,1,148.0,2.391891891891892,3.5121463390070318,0.0,0.0,1.0,3.0,20.0
2010-12-19,TAX,CO,15,158.0,2.3018987341772164,0.8329573986084023,0.5,1.7,2.2,2.875,4.4
2010-12-19,TAX,NO,1,158.0,43.639240506329116,44.31261532708833,0.0,12.0,29.0,61.75,266.0
2010-12-19,TAX,NO2,1,158.0,46.40506329113924,16.485870412094606,21.0,36.0,43.0,54.0,110.0
2010-12-19,TAX,NOX,1,158.0,89.79113924050633,47.66056386299317,25.0,54.5,78.5,116.5,305.0
2010-12-19,TAX,O3,1,158.0,20.272151898734176,24.666604653838238,1.0,1.0,7.0,34.0,98.0
2010-12-19,TAX,PM10,2,155.0,81.70967741935483,31.533937138481566,13.0,63.0,78.0,95.0,174.0
2010-12-19,TAX,SO2,1,158.0,5.3924050632911396,7.909387668277991,0.0,1.0,3.0,6.0,68.0
2010-12-19,TLA,CO,15,154.0,1.3980519480519478,0.7872738417214975,0.2,0.8,1.3,1.875,4.3
2010-12-19,TLA,NO,1,152.0,60.0921052631579,59.21040664563253,1.0,20.0,38.5,81.5,304.0
2010-12-19,TLA,NO2,1,152.0,54.71052631578947,19.732526541086095,21.0,41.0,51.5,65.5,113.0
2010-12-19,TLA,NOX,1,152.0,114.75657894736842,65.30083178587773,26.0,68.75,100.0,147.5,350.0
2010-12-19,TLA,O3,1,148.0,18.527027027027028,24.78930149585353,0.0,1.0,3.0,34.25,79.0
2010-12-19,TLA,PM10,2,151.0,76.56291390728477,27.59095894405518,30.0,54.5,73.0,93.0,151.0
2010-12-19,TLA,PM2.5,2,151.0,35.549668874172184,14.668191773004082,9.0,25.0,34.0,44.0,77.0
2010-12-19,TLA,SO2,1,154.0,21.571428571428573,19.382242780461386,5.0,8.0,12.0,31.75,116.0
2010-12-19,TLI,CO,15,161.0,1.537888198757764,1.1456408741060005,0.2,0.6,1.3,2.2,4.4
2010-12-19,TLI,NO,1,161.0,62.42857142857143,73.10896954937492,0.0,6.0,34.0,85.0,315.0
2010-12-19,TLI,NO2,1,161.0,43.17391304347826,17.74984690687194,10.0,33.0,43.0,52.0,107.0
2010-12-19,TLI,NOX,1,161.0,105.55900621118012,82.76894380748259,11.0,41.0,82.0,139.0,394.0
2010-12-19,TLI,PM10,2,160.0,107.01875,54.128134940512844,11.0,59.0,105.5,145.5,269.0
2010-12-19,TLI,SO2,1,161.0,14.118012422360248,20.41763296821757,0.0,2.0,5.0,15.0,101.0
2010-12-19,TPN,O3,1,159.0,44.39622641509434,27.677624026384205,5.0,24.5,35.0,60.0,125.0
2010-12-19,UIZ,CO,15,160.0,1.82375,1.1221883102998291,0.3,0.9,1.5,2.5,5.3
2010-12-19,UIZ,NO,1,160.0,41.5375,52.01473998878228,0.0,4.0,20.0,58.0,271.0
2010-12-19,UIZ,NO2,1,160.0,52.64375,20.73563665187279,17.0,37.75,50.0,65.25,125.0
2010-12-19,UIZ,NOX,1,160.0,94.1,63.100518791037786,17.0,45.75,77.0,123.75,336.0
2010-12-19,UIZ,O3,1,160.0,25.99375,34.162301646311604,0.0,0.0,6.5,48.75,120.0
2010-12-19,UIZ,PM2.5,2,157.0,44.35668789808917,17.696882507891647,5.0,32.0,43.0,55.0,91.0
2010-12-19,UIZ,SO2,1,160.0,6.99375,5.210652942583139,1.0,4.0,6.0,8.0,34.0
2010-12-19,VAL,CO,15,161.0,2.160248447204968,1.0950616137406142,0.7,1.3,1.9,2.8,6.0
2010-12-19,VAL,SO2,1,161.0,12.577639751552795,14.770595685158069,1.0,3.0,6.0,15.0,70.0
2010-12-19,VIF,CO,15,146.0,1.2479452054794515,1.0187361458728597,0.0,0.4,1.1,1.9,5.4
2010-12-19,VIF,NO,1,82.0,38.90243902439025,45.358546843516685,0.0,2.0,16.5,65.5,152.0
2010-12-19,VIF,NO2,1,82.0,31.170731707317074,16.467554990320487,5.0,23.0,30.0,40.5,77.0
2010-12-19,VIF,NOX,1,82.0,69.82926829268293,53.28349636278741,5.0,25.0,62.5,109.75,190.0
2010-12-19,VIF,PM10,2,158.0,122.80379746835443,62.288772629411014,24.0,70.5,118.0,158.75,294.0
2010-12-19,VIF,SO2,1,154.0,10.435064935064934,22.2901031189759,0.0,2.0,3.5,10.0,160.0
2010-12-19,XAL,CO,15,150.0,1.9526666666666666,1.0966511969968942,0.4,1.2,1.6,2.5,5.4
2010-12-19,XAL,NO,1,150.0,83.82,73.48104535759978,2.0,20.25,63.5,117.75,315.0
2010-12-19,XAL,NO2,1,150.0,54.67333333333333,16.79625104649851,26.0,41.0,53.5,67.75,94.0
2010-12-19,XAL,NOX,1,150.0,138.56,77.42946389582346,30.0,77.25,121.5,176.25,379.0
2010-12-19,XAL,O3,1,111.0,20.00900900900901,27.08219659934127,0.0,1.0,3.0,34.0,103.0
2010-12-19,XAL,PM10,2,156.0,146.46153846153845,57.53623089849529,15.0,108.0,140.0,181.0,314.0
2010-12-19,XAL,SO2,1,150.0,10.72,8.009323426168182,3.0,6.0,8.0,12.0,51.0
2010-12-26,ACO,O3,1,100.0,33.15,25.345441683691654,1.0,13.0,26.5,57.0,86.0
2010-12-26,ACO,PM2.5,2,96.0,39.427083333333336,20.296094927306726,5.0,24.75,38.5,49.25,106.0
2010-12-26,ACO,SO2,1,100.0,2.91,6.697044425745141,0.0,0.0,1.0,3.0,46.0
2010-12-26,ARA,SO2,1,0.0,,,,,,,
2010-12-26,ATI,NO,1,161.0,18.229813664596275,33.79224179586286,0.0,1.0,3.0,16.0,161.0
2010-12-26,ATI,NO2,1,161.0,28.1055900621118,14.20017714875067,8.0,17.0,25.0,39.0,82.0
2010-12-26,ATI,NOX,1,161.0,46.22981366459627,42.72532159726902,8.0,18.0,31.0,52.0,206.0
2010-12-26,ATI,SO2,1,161.0,15.403726708074535,16.33683678148389,1.0,4.0,8.0,21.0,82.0
2010-12-26,AZC,NO,1,161.0,31.925465838509318,44.04650281166355,0.0,2.0,13.0,42.0,209.0
2010-12-26,AZC,NO2,1,161.0,40.98757763975155,21.599475565867266,8.0,26.0,36.0,49.0,121.0
2010-12-26,AZC,NOX,1,161.0,72.74534161490683,58.09596366176244,9.0,30.0,54.0,95.0,269.0
2010-12-26,AZC,O3,1,161.0,22.63975155279503,27.210648833460183,1.0,1.0,9.0,43.0,93.0
2010-12-26,AZC,SO2,1,161.0,16.0,14.742370908371557,4.0,7.0,10.0,19.0,81.0
2010-12-26,CAM,PM2.5,2,160.0,38.58125,21.172389720529605,6.0,25.75,36.5,45.25,144.0
2010-12-26,CES,NO,1,159.0,38.65408805031446,48.351559007942306,0.0,5.0,21.0,51.0,267.0
2010-12-26,CES,NO2,1,159.0,48.905660377358494,22.526157074997737,11.0,34.0,46.0,61.0,131.0
2010-12-26,CES,NOX,1,159.0,87.22641509433963,60.807740651524476,10.0,43.5,75.0,111.5,345.0
2010-12-26,CES,O3,1,160.0,21.91875,27.210794166697706,0.0,1.0,9.0,39.5,96.0
2010-12-26,CES,PM10,2,160.0,95.1875,50.44720604239918,12.0,58.0,86.5,132.5,292.0
2010-12-26,CES,SO2,1,160.0,6.7625,3.9755344563764607,2.0,4.0,6.0,8.0,25.0
2010-12-26,CHO,CO,15,158.0,1.8151898734177216,0.8893694334730432,0.5,1.3,1.6,2.1,4.9
2010-12-26,CHO,O3,1,156.0,33.42948717948718,32.21702859278338,1.0,3.0,24.5,62.5,105.0
2010-12-26,CHO,SO2,1,141.0,6.397163120567376,3.9890554424827975,1.0,4.0,6.0,8.0,31.0
2010-12-26,COY,O3,1,147.0,29.625850340136054,32.63228313381387,1.0,3.0,14.0,54.0,108.0
2010-12-26,COY,PM2.5,2,156.0,46.53846153846154,21.43237966869352,12.0,32.75,46.0,55.0,137.0
2010-12-26,CUA,O3,1,161.0,35.559006211180126,24.945652106253128,1.0,16.0,29.0,54.0,96.0
2010-12-26,FAC,CO,15,159.0,1.2408805031446544,0.9154243559425921,0.1,0.7,0.9,1.6,4.1
2010-12-26,FAC,NO,1,159.0,31.842767295597483,43.58369434257237,0.0,4.0,14.0,38.5,201.0
2010-12-26,FAC,NO2,1,159.0,39.20125786163522,21.617439008676442,11.0,27.0,34.0,47.0,136.0
2010-12-26,FAC,NOX,1,159.0,71.0377358490566,57.62129603598388,12.0,33.0,48.0,90.0,248.0
2010-12-26,FAC,O3,1,159.0,25.20125786163522,23.34300639966623,1.0,5.0,17.0,43.0,92.0
2010-12-26,FAC,PM10,2,159.0,60.880503144654085,29.458051010979936,14.0,36.5,59.0,80.0,141.0
2010-12-26,FAC,SO2,1,159.0,18.08805031446541,18.829139700763545,5.0,7.0,11.0,20.0,132.0
2010-12-26,IMP,CO,15,161.0,1.920496894409939,1.133033429141786,0.6,1.1,1.6,2.4,5.5
2010-12-26,IZT,CO,15,158.0,1.9044303797468336,1.1385735257180796,0.4,1.0,1.65,2.6,5.3
2010-12-26,IZT,NO,1,158.0,53.09493670886076,57.44028058838506,0.0,6.0,28.0,89.0,231.0
2010-12-26,IZT,NO2,1,158.0,48.462025316455694,23.63863729029298,12.0,34.0,45.0,61.0,133.0
2010-12-26,IZT,NOX,1,158.0,101.4493670886076,70.93906485966497,12.0,41.5,85.5,150.0,299.0
2010-12-26,IZT,O3,1,158.0,21.88607594936709,29.323579061266507,0.0,0.0,6.0,42.0,96.0
2010-12-26,IZT,PM10,2,161.0,89.50931677018633,56.15304065814495,22.0,60.0,79.0,104.0,569.0
2010-12-26,IZT,SO2,1,158.0,11.10126582278481,9.7079584355421,2.0,5.0,8.0,13.0,57.0
2010-12-26,LAG,CO,15,156.0,1.648717948717949,1.198627558151253,0.0,0.7,1.4,2.2,4.8
2010-12-26,LAG,NO,1,156.0,60.256410256410255,66.13572279495592,1.0,9.0,40.0,88.5,304.0
2010-12-26,LAG,NO2,1,156.0,49.57051282051282,22.166557833523264,15.0,35.0,48.0,58.25,131.0
2010-12-26,LAG,NOX,1,156.0,109.83333333333333,78.46123623419308,16.0,44.0,91.0,151.5,365.0
2010-12-26,LAG,O3,1,156.0,21.19871794871795,26.381425496909095,0.0,1.0,5.5,40.25,83.0
2010-12-26,LAG,SO2,1,156.0,11.775641025641026,9.727628572830646,3.0,7.0,9.0,13.0,79.0
2010-12-26,LLA,SO2,1,161.0,6.447204968944099,6.313577255722393,1.0,3.0,5.0,7.0,53.0
2010-12-26,LPR,SO2,1,95.0,6.094736842105263,7.393317402712078,0.0,2.0,4.0,8.0,54.0
2010-12-26,LVI,PM10,2,159.0,91.01886792452831,40.84634246026418,13.0,61.0,86.0,114.5,198.0
2010-12-26,LVI,SO2,1,161.0,10.416149068322982,9.429713016716878,3.0,5.0,8.0,12.0,85.0
2010-12-26,MER,CO,15,38.0,2.097368421052632,0.9922638168446238,0.7,1.4249999999999998,1.85,2.7,4.6
2010-12-26,MER,NO,1,37.0,83.72972972972973,81.22624392831852,7.0,18.0,62.0,108.0,323.0
2010-12-26,MER,NO2,1,37.0,60.810810810810814,25.530850442637522,22.0,43.0,55.0,80.0,120.0
2010-12-26,MER,NOX,1,37.0,144.75675675675674,94.02553004530365,31.0,72.0,130.0,182.0,397.0
2010-12-26,MER,O3,1,39.0,17.256410256410255,22.81472048886761,0.0,1.0,2.0,37.0,71.0
2010-12-26,MER,PM10,2,40.0,114.025,34.62805110133868,52.0,90.25,110.0,146.25,170.0
2010-12-26,MER,PM2.5,2,40.0,47.05,20.011471069338565,11.0,35.75,47.0,59.5,90.0
2010-12-26,MER,SO2,1,36.0,8.13888888888889,4.421717686780478,2.0,5.0,7.0,12.0,20.0
2010-12-26,MON,O3,1,158.0,31.556962025316455,30.914406937818157,0.0,2.0,15.0,61.0,95.0
2010-12-26,PED,CO,15,159.0,0.8559748427672954,0.5036061343983154,0.1,0.5,0.8,1.15,2.8
2010-12-26,PED,NO,1,120.0,17.375,30.52153462115318,0.0,0.0,3.0,18.0,175.0
2010-12-26,PED,NO2,1,120.0,39.958333333333336,18.098421786124316,12.0,25.0,39.5,51.0,85.0
2010-12-26,PED,NOX,1,120.0,56.675,40.89218505190604,11.0,25.0,47.0,75.0,233.0
2010-12-26,PED,O3,1,157.0,30.656050955414013,27.576168031099577,0.0,9.0,20.0,50.0,101.0
2010-12-26,PED,PM10,2,146.0,65.35616438356165,26.44832038889202,12.0,45.0,68.0,85.5,119.0
2010-12-26,PED,SO2,1,159.0,9.855345911949685,8.966771625966944,1.0,4.0,7.0,12.0,54.0
2010-12-26,PER,PM2.5,2,161.0,74.4968944099379,45.46181422683251,9.0,45.0,65.0,90.0,363.0
2010-12-26,PLA,O3,1,156.0,23.057692307692307,27.39701900068818,0.0,2.0,9.5,37.75,99.0
2010-12-26,PLA,SO2,1,156.0,12.737179487179487,11.92401327735525,3.0,6.0,8.0,14.25,80.0
2010-12-26,SAG,CO,15,157.0,1.3394904458598722,0.7886826050514217,0.3,0.7,1.2,1.8,4.2
2010-12-26,SAG,NO,1,141.0,48.702127659574465,57.04330994714844,0.0,4.0,28.0,80.0,262.0
2010-12-26,SAG,NO2,1,141.0,32.36879432624114,16.540172458730268,6.0,19.0,32.0,42.0,87.0
2010-12-26,SAG,NOX,1,141.0,80.8936170212766,64.23535988041607,5.0,24.0,72.0,126.0,293.0
2010-12-26,SAG,O3,1,157.0,22.764331210191084,23.281207378866796,2.0,3.0,15.0,37.0,76.0
2010-12-26,SAG,PM10,2,158.0,105.15822784810126,43.86190287969743,22.0,77.25,101.0,129.75,355.0
2010-12-26,SAG,PM2.5,2,158.0,42.107594936708864,23.60707694901927,4.0,28.0,38.0,51.75,221.0
2010-12-26,SAG,SO2,1,157.0,5.8789808917197455,5.240804301249141,1.0,3.0,5.0,6.0,46.0
2010-12-26,SJA,PM2.5,2,143.0,48.86713286713287,32.85440304537792,1.0,31.0,42.0,55.0,213.0
2010-12-26,SUR,CO,15,159.0,2.39811320754717,1.015666626390617,0.8,1.6,2.2,3.0,6.6
2010-12-26,SUR,NO,1,159.0,39.0377358490566,51.66688418536048,0.0,2.0,15.0,56.0,246.0
2010-12-26,SUR,NO2,1,159.0,40.76729559748428,17.142439366964194,12.0,29.5,40.0,51.0,96.0
2010-12-26,SUR,NOX,1,159.0,79.63522012578616,58.47691542624057,12.0,36.0,67.0,109.0,288.0
2010-12-26,SUR,O3,1,159.0,29.60377358490566,33.40810537365555,2.0,3.0,14.0,53.5,113.0
2010-12-26,SUR,PM10,2,159.0,77.93081761006289,39.291690669356505,13.0,53.0,73.0,92.0,259.0
2010-12-26,SUR,SO2,1,159.0,8.050314465408805,8.39514532872177,1.0,3.0,5.0,8.0,41.0
2010-12-26,TAC,CO,15,159.0,1.0899371069182378,1.0493635785894504,0.0,0.4,0.7,1.5,4.5
2010-12-26,TAC,NO,1,114.0,34.578947368421055,47.19305009896289,0.0,1.0,11.5,52.75,208.0
2010-12-26,TAC,NO2,1,114.0,48.57017543859649,24.502110907164752,19.0,32.0,40.0,57.0,121.0
2010-12-26,TAC,NOX,1,114.0,82.52631578947368,66.27112593889686,18.0,34.0,60.0,109.75,302.0
2010-12-26,TAC,O3,1,159.0,25.427672955974842,27.777930206837038,1.0,3.0,11.0,48.5,96.0
2010-12-26,TAC,SO2,1,159.0,13.880503144654089,16.25561822250621,2.0,5.0,8.0,15.5,117.0
2010-12-26,TAH,O3,1,159.0,35.44025157232704,30.164232150050392,1.0,10.5,25.0,57.5,102.0
2010-12-26,TAH,PM10,2,153.0,89.06535947712419,49.75382466158207,13.0,58.0,79.0,110.0,334.0
2010-12-26,TAH,SO2,1,159.0,2.9182389937106916,4.858723791205812,0.0,0.0,1.0,4.0,26.0
2010-12-26,TAX,CO,15,160.0,2.260625,1.031826668382295,0.5,1.5,2.1,2.9,5.6
2010-12-26,TAX,NO,1,160.0,48.025,43.86298707589493,0.0,14.0,33.5,69.5,222.0
2010-12-26,TAX,NO2,1,160.0,44.3375,18.97230271844332,13.0,32.0,41.0,55.0,95.0
2010-12-26,TAX,NOX,1,160.0,92.125,53.40726989827716,18.0,49.75,83.0,121.25,285.0
2010-12-26,TAX,O3,1,160.0,17.64375,21.19461984507763,1.0,2.0,6.5,28.25,85.0
2010-12-26,TAX,PM10,2,159.0,77.55974842767296,41.24219775770537,8.0,50.0,69.0,94.5,266.0
2010-12-26,TAX,SO2,1,160.0,4.65,6.550433275793975,0.0,1.0,2.0,5.0,31.0
2010-12-26,TLA,CO,15,155.0,1.122580645161291,0.6764641059479389,0.2,0.6,0.9,1.5,3.2
2010-12-26,TLA,NO,1,152.0,40.7828947368421,47.267299333333966,0.0,7.0,25.0,54.75,234.0
2010-12-26,TLA,NO2,1,152.0,42.50657894736842,21.00929996234128,9.0,29.75,37.5,50.0,120.0
2010-12-26,TLA,NOX,1,152.0,82.94736842105263,60.965714984940156,7.0,36.0,66.5,111.0,284.0
2010-12-26,TLA,O3,1,150.0,19.5,22.660834556979403,0.0,1.0,9.5,37.0,88.0
2010-12-26,TLA,PM10,2,157.0,69.61783439490446,33.65292973717854,22.0,46.0,63.0,84.0,260.0
2010-12-26,TLA,PM2.5,2,158.0,34.348101265822784,23.499810872037397,5.0,21.0,28.0,41.75,190.0
2010-12-26,TLA,SO2,1,155.0,18.858064516129033,16.285775288547285,4.0,8.0,14.0,22.0,92.0
2010-12-26,TLI,CO,15,159.0,1.0201257861635216,0.9561115788266078,0.0,0.3,0.7,1.4,3.7
2010-12-26,TLI,NO,1,159.0,45.283018867924525,67.90137412858645,0.0,1.0,11.0,64.0,308.0
2010-12-26,TLI,NO2,1,159.0,35.77987421383648,19.75759677602072,7.0,17.0,36.0,47.0,92.0
2010-12-26,TLI,NOX,1,159.0,80.83018867924528,79.9488133355439,6.0,19.5,54.0,107.5,349.0
2010-12-26,TLI,PM10,2,158.0,92.11392405063292,52.16069910383262,4.0,55.25,83.5,124.75,272.0
2010-12-26,TLI,SO2,1,159.0,10.49685534591195,13.894664404343217,0.0,2.0,5.0,13.5,78.0
2010-12-26,TPN,O3,1,121.0,42.95867768595041,25.23799935752135,8.0,25.0,32.0,60.0,112.0
2010-12-26,UIZ,CO,15,161.0,1.5894409937888196,1.1978419388880182,0.1,0.6,1.4,2.4,4.8
2010-12-26,UIZ,NO,1,161.0,42.70807453416149,53.74193424965658,0.0,2.0,12.0,80.0,242.0
2010-12-26,UIZ,NO2,1,161.0,47.01242236024845,23.73209524505784,7.0,32.0,46.0,61.0,122.0
2010-12-26,UIZ,NOX,1,161.0,89.62732919254658,68.80777752875906,7.0,34.0,74.0,137.0,314.0
2010-12-26,UIZ,O3,1,160.0,24.425,29.64433828664135,0.0,0.0,8.5,48.0,102.0
2010-12-26,UIZ,PM2.5,2,158.0,47.20886075949367,31.707270519384124,3.0,30.0,43.0,56.0,219.0
2010-12-26,UIZ,SO2,1,161.0,6.906832298136646,5.065571589460593,1.0,4.0,6.0,8.0,37.0
2010-12-26,VAL,CO,15,161.0,1.83664596273292,0.857954649223503,0.9,1.2,1.6,2.2,6.0
2010-12-26,VAL,SO2,1,161.0,9.48447204968944,12.19636502716184,0.0,3.0,5.0,11.0,75.0
2010-12-26,VIF,CO,15,160.0,0.9649999999999993,0.865204378370915,0.0,0.2,0.75,1.5,4.3
2010-12-26,VIF,NO,1,126.0,30.682539682539684,43.21919032904727,0.0,1.0,4.5,58.75,202.0
2010-12-26,VIF,NO2,1,126.0,24.03174603174603,13.622297314586262,4.0,11.0,25.0,33.0,55.0
2010-12-26,VIF,NOX,1,126.0,54.72222222222222,50.853615625855184,4.0,12.0,35.0,94.25,242.0
2010-12-26,VIF,PM10,2,160.0,107.4875,61.147824544630204,16.0,59.75,105.0,145.0,381.0
2010-12-26,VIF,SO2,1,160.0,6.55625,9.118194455361547,0.0,1.0,3.0,8.0,55.0
2010-12-26,XAL,CO,15,161.0,1.8155279503105595,1.1997686759439914,0.2,0.9,1.6,2.4,6.9
2010-12-26,XAL,NO,1,161.0,88.1304347826087,85.16081335000729,0.0,17.0,57.0,147.0,366.0
2010-12-26,XAL,NO2,1,161.0,47.41614906832298,20.294875894610435,13.0,36.0,46.0,56.0,119.0
2010-12-26,XAL,NOX,1,161.0,135.38509316770185,93.77806660620337,10.0,65.0,116.0,199.0,419.0
2010-12-26,XAL,O3,1,161.0,18.496894409937887,21.417318991765317,1.0,1.0,9.0,30.0,79.0
2010-12-26,XAL,PM10,2,161.0,135.52173913043478,69.31414781238041,18.0,86.0,125.0,177.0,433.0
2010-12-26,XAL,SO2,1,161.0,9.111801242236025,6.819085155667766,2.0,5.0,8.0,12.0,52.0
2011-01-02,ACO,O3,1,115.0,29.73913043478261,24.94277202778805,1.0,9.0,23.0,44.0,97.0
2011-01-02,ACO,PM2.5,2,115.0,30.582608695652173,15.820252736406687,3.0,16.0,30.0,43.0,68.0
2011-01-02,ACO,SO2,1,115.0,0.5478260869565217,1.831706510721295,0.0,0.0,0.0,0.0,14.0
2011-01-02,ARA,SO2,1,0.0,,,,,,,
2011-01-02,ATI,NO,1,110.0,18.545454545454547,29.355035316199935,0.0,3.0,5.5,20.0,162.0
2011-01-02,ATI,NO2,1,110.0,25.71818181818182,14.96487129282025,4.0,13.25,25.0,35.0,64.0
2011-01-02,ATI,NOX,1,110.0,44.21818181818182,39.53430326031515,6.0,16.5,32.0,55.75,218.0
2011-01-02,ATI,SO2,1,109.0,3.18348623853211,5.440188479875314,0.0,0.0,0.0,5.0,24.0
2011-01-02,AZC,NO,1,111.0,24.153153153153152,36.053545582343894,0.0,2.0,8.0,30.0,173.0
2011-01-02,AZC,NO2,1,111.0,32.57657657657658,16.540061311060132,8.0,21.0,30.0,43.0,78.0
2011-01-02,AZC,NOX,1,111.0,56.648648648648646,45.348077767951274,10.0,24.5,41.0,71.0,208.0
2011-01-02,AZC,O3,1,111.0,20.09009009009009,23.82571168432409,1.0,2.0,9.0,32.5,101.0
2011-01-02,AZC,SO2,1,111.0,6.261261261261262,4.337388639831599,3.0,3.0,5.0,8.0,34.0
2011-01-02,CAM,PM2.5,2,111.0,28.045045045045047,18.795738098828966,1.0,11.0,24.0,44.0,69.0
2011-01-02,CES,NO,1,111.0,28.26126126126126,34.24184354417631,0.0,5.0,15.0,37.5,184.0
2011-01-02,CES,NO2,1,111.0,35.13513513513514,16.74975521475761,5.0,22.0,33.0,47.5,75.0
2011-01-02,CES,NOX,1,111.0,63.03603603603604,42.7714705101273,8.0,31.5,52.0,88.0,246.0
2011-01-02,CES,O3,1,111.0,18.765765765765767,19.390698311282684,0.0,3.0,14.0,29.0,95.0
2011-01-02,CES,PM10,2,110.0,107.72727272727273,124.00176893462348,8.0,51.0,75.5,122.25,830.0
2011-01-02,CES,SO2,1,111.0,3.5765765765765765,2.5496864318776327,2.0,2.0,3.0,4.0,17.0
2011-01-02,CHO,CO,15,108.0,1.3490740740740734,0.5369514797986994,0.6,1.0,1.3,1.6,3.7
2011-01-02,CHO,O3,1,108.0,30.0,20.589898621257095,1.0,17.0,27.0,41.25,76.0
2011-01-02,CHO,SO2,1,81.0,4.54320987654321,2.6601192770064355,2.0,3.0,4.0,5.0,15.0
2011-01-02,COY,O3,1,113.0,23.61061946902655,26.05469303363825,1.0,3.0,14.0,35.0,115.0
2011-01-02,COY,PM2.5,2,113.0,30.539823008849556,20.4677601007004,3.0,11.0,27.0,51.0,65.0
2011-01-02,CUA,O3,1,115.0,33.017391304347825,17.92527501499159,3.0,23.0,28.0,39.0,94.0
2011-01-02,FAC,CO,15,110.0,1.0827272727272728,0.6874843238792065,0.3,0.6,0.8,1.4,3.4
2011-01-02,FAC,NO,1,110.0,26.472727272727273,35.3622690881475,0.0,5.0,9.0,33.75,175.0
2011-01-02,FAC,NO2,1,110.0,30.136363636363637,17.899555257007513,8.0,20.0,25.5,37.0,93.0
2011-01-02,FAC,NOX,1,110.0,56.57272727272727,46.54630900943705,11.0,24.0,39.5,66.75,229.0
2011-01-02,FAC,O3,1,110.0,21.827272727272728,20.101512604963492,1.0,7.0,17.0,29.5,96.0
2011-01-02,FAC,PM10,2,112.0,53.5625,32.02948564136568,6.0,31.5,48.0,70.25,163.0
2011-01-02,FAC,SO2,1,91.0,6.4945054945054945,6.330479403249761,0.0,1.0,5.0,10.0,41.0
2011-01-02,IMP,CO,15,115.0,2.011304347826087,1.0849662633118091,0.7,1.2,1.8,2.6,5.0
2011-01-02,IZT,CO,15,110.0,1.5527272727272734,0.9857432431679205,0.3,0.9,1.4,2.0,6.0
2011-01-02,IZT,NO,1,110.0,43.92727272727273,58.22019402658964,1.0,7.0,19.0,62.0,311.0
2011-01-02,IZT,NO2,1,110.0,35.77272727272727,17.790657836494205,7.0,24.0,33.0,47.0,94.0
2011-01-02,IZT,NOX,1,110.0,79.53636363636363,64.36074894688664,11.0,31.25,65.5,102.0,354.0
2011-01-02,IZT,O3,1,110.0,16.445454545454545,22.44609704886958,0.0,0.0,4.5,28.0,107.0
2011-01-02,IZT,PM10,2,109.0,68.41284403669725,31.472566245792866,20.0,42.0,66.0,88.0,207.0
2011-01-02,IZT,SO2,1,110.0,4.672727272727273,3.109939941333099,2.0,3.0,4.0,6.0,17.0
2011-01-02,LAG,CO,15,105.0,1.531428571428571,0.9283271022604094,0.1,0.8,1.4,2.1,4.0
2011-01-02,LAG,NO,1,105.0,59.285714285714285,60.84370176079069,5.0,13.0,33.0,90.0,279.0
2011-01-02,LAG,NO2,1,105.0,42.04761904761905,16.991163400415925,14.0,31.0,39.0,52.0,95.0
2011-01-02,LAG,NOX,1,105.0,101.28571428571429,65.11553552749885,22.0,49.0,85.0,144.0,320.0
2011-01-02,LAG,O3,1,105.0,13.790476190476191,19.971949193274927,0.0,1.0,2.0,22.0,89.0
2011-01-02,LAG,SO2,1,105.0,6.495238095238095,3.6085470374669817,3.0,4.0,6.0,8.0,33.0
2011-01-02,LLA,SO2,1,115.0,2.878260869565217,2.4607366821887764,1.0,1.0,2.0,3.0,18.0
2011-01-02,LPR,SO2,1,57.0,2.9298245614035086,0.7035534582899008,2.0,3.0,3.0,3.0,6.0
2011-01-02,LVI,PM10,2,112.0,72.61607142857143,36.21886560714907,9.0,43.0,67.5,99.25,157.0
2011-01-02,LVI,SO2,1,113.0,4.823008849557522,2.446681748875021,2.0,3.0,5.0,6.0,13.0
2011-01-02,MER,CO,15,78.0,1.634615384615385,0.7820763112659509,0.7,1.025,1.4,2.0,3.9
2011-01-02,MER,NO,1,78.0,56.1025641025641,65.87760980681884,1.0,14.0,21.0,77.5,265.0
2011-01-02,MER,NO2,1,78.0,34.91025641025641,14.458346708520633,12.0,23.0,35.0,42.0,72.0
2011-01-02,MER,NOX,1,78.0,90.97435897435898,71.02532461451155,18.0,37.0,59.0,115.25,307.0
2011-01-02,MER,O3,1,78.0,13.705128205128204,16.53497589672957,0.0,0.0,5.0,26.0,65.0
2011-01-02,MER,PM10,2,78.0,69.02564102564102,28.534770022432287,21.0,47.0,63.5,90.75,126.0
2011-01-02,MER,PM2.5,2,78.0,21.55128205128205,14.220569915604955,4.0,11.0,16.0,32.0,71.0
2011-01-02,MER,SO2,1,78.0,4.358974358974359,2.119632159795772,2.0,3.0,4.0,5.0,13.0
2011-01-02,MON,O3,1,115.0,32.03478260869565,23.48531845784429,0.0,15.0,28.0,45.5,99.0
2011-01-02,PED,CO,15,109.0,0.6192660550458713,0.3539400096218921,0.0,0.4,0.6,0.9,1.5
2011-01-02,PED,NO,1,94.0,12.712765957446809,19.22678594158576,0.0,1.0,4.0,17.0,102.0
2011-01-02,PED,NO2,1,94.0,24.54255319148936,14.643186160737027,1.0,14.0,26.5,31.5,72.0
2011-01-02,PED,NOX,1,94.0,36.851063829787236,27.312983814984445,3.0,14.0,34.0,50.75,134.0
2011-01-02,PED,O3,1,110.0,21.172727272727272,22.37989722570671,0.0,1.25,17.0,32.0,106.0
2011-01-02,PED,PM10,2,114.0,49.70175438596491,29.195383870960974,7.0,24.25,44.0,69.75,163.0
2011-01-02,PED,SO2,1,109.0,2.9541284403669725,2.829688247129521,0.0,1.0,2.0,3.0,14.0
2011-01-02,PER,PM2.5,2,114.0,40.0,36.478384919999975,1.0,17.0,32.5,45.0,205.0
2011-01-02,PLA,O3,1,115.0,18.008695652173913,23.12911723506168,0.0,1.0,8.0,28.0,98.0
2011-01-02,PLA,SO2,1,115.0,5.904347826086957,3.5540288802237554,3.0,4.0,5.0,6.5,25.0
2011-01-02,SAG,CO,15,113.0,1.111504424778761,0.5929273944333592,0.2,0.7,1.0,1.4,3.8
2011-01-02,SAG,NO,1,110.0,23.845454545454544,33.852130247128564,0.0,4.0,9.0,29.75,196.0
2011-01-02,SAG,NO2,1,110.0,29.163636363636364,12.986603734764653,6.0,19.0,29.5,39.0,57.0
2011-01-02,SAG,NOX,1,110.0,52.845454545454544,39.03472609785564,10.0,23.0,42.5,69.75,226.0
2011-01-02,SAG,O3,1,113.0,21.876106194690266,22.024391001537868,2.0,3.0,13.0,35.0,86.0
2011-01-02,SAG,PM10,2,112.0,99.35714285714286,70.69613406646343,15.0,57.75,83.0,120.75,501.0
2011-01-02,SAG,PM2.5,2,112.0,31.75,18.705638211536673,3.0,13.0,31.5,49.0,70.0
2011-01-02,SAG,SO2,1,113.0,3.5132743362831858,2.642763178703394,1.0,2.0,3.0,4.0,20.0
2011-01-02,SJA,PM2.5,2,92.0,33.31521739130435,17.18990845523834,1.0,20.0,31.0,44.5,80.0
2011-01-02,SUR,CO,15,115.0,1.9060869565217373,0.6609784024554703,0.9,1.5,1.8,2.2,4.1
2011-01-02,SUR,NO,1,115.0,18.62608695652174,26.627535171146015,0.0,2.0,5.0,29.5,129.0
2011-01-02,SUR,NO2,1,115.0,27.504347826086956,12.919707449463019,5.0,19.0,26.0,37.0,58.0
2011-01-02,SUR,NOX,1,115.0,45.89565217391304,33.890270278165055,6.0,22.0,39.0,60.5,161.0
2011-01-02,SUR,O3,1,115.0,25.57391304347826,26.71423198772756,1.0,3.5,18.0,37.0,118.0
2011-01-02,SUR,PM10,2,111.0,58.765765765765764,32.265645945369016,6.0,34.5,59.0,78.0,181.0
2011-01-02,SUR,SO2,1,115.0,2.2869565217391306,2.621654818873213,0.0,1.0,1.0,3.0,15.0
2011-01-02,TAC,CO,15,111.0,0.8729729729729733,0.7253771365103745,0.1,0.4,0.7,1.15,3.3
2011-01-02,TAC,NO,1,102.0,18.91176470588235,31.538473421614288,0.0,2.0,5.0,22.75,148.0
2011-01-02,TAC,NO2,1,102.0,26.568627450980394,16.823198153658502,5.0,13.0,24.0,34.0,88.0
2011-01-02,TAC,NOX,1,102.0,45.11764705882353,42.28598862522683,7.0,17.0,31.0,57.75,194.0
2011-01-02,TAC,O3,1,111.0,21.73873873873874,23.397246035188026,0.0,3.5,14.0,32.5,104.0
2011-01-02,TAC,SO2,1,111.0,3.315315315315315,3.05400476865134,1.0,1.0,2.0,4.0,18.0
2011-01-02,TAH,O3,1,111.0,32.693693693693696,18.817686454644836,6.0,19.0,28.0,41.0,92.0
2011-01-02,TAH,PM10,2,102.0,61.1078431372549,44.55031794460338,1.0,35.25,53.5,82.25,301.0
2011-01-02,TAH,SO2,1,19.0,3.0,2.848001248439177,0.0,1.0,3.0,4.5,11.0
2011-01-02,TAX,CO,15,108.0,1.6037037037037036,0.9962477196283357,0.3,0.975,1.5,2.0,6.0
2011-01-02,TAX,NO,1,107.0,42.0,75.37916733371713,0.0,4.0,13.0,33.5,448.0
2011-01-02,TAX,NO2,1,107.0,26.850467289719628,12.587657730414776,3.0,22.0,29.0,35.0,56.0
2011-01-02,TAX,NOX,1,107.0,68.69158878504673,79.14703432088642,4.0,26.5,47.0,67.5,487.0
2011-01-02,TAX,O3,1,108.0,18.685185185185187,18.146675578320824,1.0,3.0,13.5,30.0,78.0
2011-01-02,TAX,PM10,2,109.0,55.87155963302752,30.490162626484405,7.0,35.0,51.0,69.0,171.0
2011-01-02,TAX,SO2,1,73.0,1.2602739726027397,2.5001522023684117,0.0,0.0,0.0,1.0,13.0
2011-01-02,TLA,CO,15,110.0,1.0000000000000004,0.6344831024853613,0.3,0.5,0.9,1.3,3.2
2011-01-02,TLA,NO,1,112.0,32.142857142857146,49.9462516774588,0.0,5.0,10.0,38.25,279.0
2011-01-02,TLA,NO2,1,112.0,34.05357142857143,17.82388279642788,7.0,20.0,31.0,48.0,76.0
2011-01-02,TLA,NOX,1,112.0,65.96428571428571,59.75594939228633,8.0,25.0,41.5,90.0,317.0
2011-01-02,TLA,O3,1,113.0,19.283185840707965,19.921932021620876,0.0,3.0,13.0,31.0,82.0
2011-01-02,TLA,PM10,2,114.0,53.95614035087719,25.293809921985023,8.0,33.5,52.0,73.75,117.0
2011-01-02,TLA,PM2.5,2,113.0,24.876106194690266,18.01394932870617,2.0,9.0,20.0,39.0,68.0
2011-01-02,TLA,SO2,1,113.0,7.247787610619469,7.144592077542841,3.0,3.0,4.0,10.0,61.0
2011-01-02,TLI,CO,15,115.0,0.660869565217391,0.5902267854614233,0.0,0.2,0.5,0.9,2.2
2011-01-02,TLI,NO,1,115.0,25.4,36.3566157497082,0.0,3.0,8.0,30.5,189.0
2011-01-02,TLI,NO2,1,115.0,31.078260869565216,15.129933051467098,8.0,19.0,29.0,43.0,79.0
2011-01-02,TLI,NOX,1,115.0,56.3304347826087,45.45765751776358,10.0,22.0,40.0,74.0,237.0
2011-01-02,TLI,PM10,2,111.0,77.92792792792793,45.29593835126976,3.0,41.5,78.0,110.5,215.0
2011-01-02,TLI,SO2,1,115.0,5.130434782608695,14.809030992340917,0.0,0.0,0.0,3.0,111.0
2011-01-02,TPN,O3,1,115.0,36.76521739130435,20.051394681677294,8.0,24.0,32.0,42.0,101.0
2011-01-02,UIZ,CO,15,115.0,1.0147826086956517,0.9786531631430907,0.0,0.3,0.8,1.35,5.2
2011-01-02,UIZ,NO,1,115.0,22.765217391304347,45.38690019578503,0.0,2.0,4.0,16.5,244.0
2011-01-02,UIZ,NO2,1,115.0,31.469565217391306,18.355324166244035,4.0,15.5,29.0,42.0,89.0
2011-01-02,UIZ,NOX,1,115.0,54.07826086956522,55.848345375305605,6.0,19.0,38.0,63.0,300.0
2011-01-02,UIZ,O3,1,115.0,21.6,23.053256420274934,0.0,3.0,14.0,34.0,98.0
2011-01-02,UIZ,PM2.5,2,109.0,31.63302752293578,18.3281106452168,1.0,14.0,32.0,46.0,75.0
2011-01-02,UIZ,SO2,1,115.0,3.034782608695652,3.0634530304658383,0.0,1.0,2.0,3.0,18.0
2011-01-02,VAL,CO,15,113.0,1.995575221238937,0.7718703375256495,0.5,1.6,1.9,2.3,5.1
2011-01-02,VAL,SO2,1,113.0,3.0353982300884956,4.6289639452115345,0.0,0.0,1.0,4.0,29.0
2011-01-02,VIF,CO,15,115.0,0.8886956521739136,0.5998194490612637,0.1,0.4,0.8,1.3,3.5
2011-01-02,VIF,NO,1,115.0,24.008695652173913,29.256426989869716,0.0,3.0,10.0,34.0,155.0
2011-01-02,VIF,NO2,1,115.0,26.530434782608694,12.065116993005903,7.0,17.0,25.0,35.5,59.0
2011-01-02,VIF,NOX,1,115.0,50.53913043478261,34.464903825898766,9.0,23.0,46.0,72.5,191.0
2011-01-02,VIF,PM10,2,110.0,84.0,43.84773486978557,13.0,55.0,80.0,108.75,210.0
2011-01-02,VIF,SO2,1,115.0,1.8347826086956522,5.269792157395881,0.0,0.0,0.0,1.5,43.0
2011-01-02,XAL,CO,15,114.0,1.5789473684210513,1.1658468519326008,0.4,0.8,1.2,2.0,6.7
2011-01-02,XAL,NO,1,114.0,69.58771929824562,99.85758100924463,0.0,8.25,19.5,93.25,490.0
2011-01-02,XAL,NO2,1,114.0,39.57017543859649,14.838940220635834,13.0,28.5,39.5,50.75,72.0
2011-01-02,XAL,NOX,1,114.0,109.02631578947368,105.67377254553558,17.0,39.25,66.0,140.0,544.0
2011-01-02,XAL,O3,1,114.0,17.04385964912281,19.46559949583724,1.0,1.0,9.0,30.75,71.0
2011-01-02,XAL,PM10,2,113.0,111.57522123893806,54.47981364520889,15.0,74.0,104.0,141.0,318.0
2011-01-02,XAL,SO2,1,114.0,5.657894736842105,3.6936418639210413,2.0,3.0,5.0,7.0,22.0
